seconds,travel,recoveries,x,y,z,safeStation,speed
0.01,0.00,0,-604.21,8.62,531.23,3739.30,0.00
0.02,0.00,0,-604.21,8.62,531.23,3739.30,0.00
0.03,0.00,0,-604.21,8.63,531.23,3739.30,0.00
0.03,0.00,0,-604.21,8.63,531.23,3739.30,0.00
0.04,0.00,0,-604.21,8.63,531.23,3739.30,0.00
0.05,0.00,0,-604.21,8.64,531.23,3739.30,0.00
0.06,0.00,0,-604.21,8.64,531.23,3739.30,0.00
0.07,0.00,0,-604.21,8.65,531.23,3739.30,0.00
0.08,0.00,0,-604.21,8.65,531.23,3739.30,0.00
0.09,0.00,0,-604.21,8.65,531.23,3739.30,0.00
0.09,0.00,0,-604.21,8.65,531.23,3739.30,0.00
0.10,0.00,0,-604.21,8.66,531.23,3739.30,0.00
0.11,0.00,0,-604.21,8.66,531.23,3739.30,0.00
0.12,0.00,0,-604.21,8.66,531.23,3739.30,0.00
0.13,0.00,0,-604.21,8.67,531.22,3739.30,0.00
0.14,0.00,0,-604.21,8.67,531.22,3739.30,0.00
0.15,0.00,0,-604.21,8.67,531.22,3739.30,0.00
0.16,0.00,0,-604.21,8.67,531.22,3739.30,0.00
0.17,0.00,0,-604.21,8.68,531.22,3739.30,-0.01
0.18,0.00,0,-604.21,8.68,531.22,3739.30,-0.01
0.19,0.00,0,-604.21,8.68,531.22,3739.29,-0.01
0.20,0.00,0,-604.21,8.68,531.22,3739.29,-0.01
0.20,0.00,0,-604.21,8.69,531.22,3739.29,-0.01
0.21,0.00,0,-604.21,8.69,531.22,3739.29,-0.01
0.22,0.00,0,-604.21,8.69,531.22,3739.29,-0.01
0.23,0.00,0,-604.21,8.69,531.22,3739.29,-0.01
0.24,0.00,0,-604.21,8.69,531.22,3739.29,-0.01
0.25,0.00,0,-604.21,8.70,531.22,3739.29,-0.01
0.25,0.00,0,-604.21,8.70,531.22,3739.29,-0.01
0.26,0.00,0,-604.21,8.70,531.22,3739.29,-0.01
0.27,0.00,0,-604.21,8.70,531.22,3739.29,-0.01
0.28,0.00,0,-604.21,8.70,531.22,3739.29,-0.01
0.29,0.00,0,-604.21,8.70,531.22,3739.29,-0.01
0.30,0.00,0,-604.21,8.70,531.22,3739.29,-0.01
0.30,0.00,0,-604.21,8.70,531.22,3739.29,-0.01
0.32,0.00,0,-604.21,8.70,531.22,3739.29,-0.01
0.33,0.00,0,-604.21,8.71,531.22,3739.29,-0.01
0.34,0.00,0,-604.21,8.71,531.22,3739.29,-0.01
0.34,0.00,0,-604.21,8.71,531.22,3739.29,-0.01
0.35,0.00,0,-604.21,8.71,531.22,3739.29,-0.01
0.36,0.00,0,-604.21,8.71,531.22,3739.29,-0.01
0.37,0.00,0,-604.21,8.71,531.22,3739.29,-0.01
0.38,0.00,0,-604.21,8.71,531.22,3739.29,-0.01
0.39,0.00,0,-604.21,8.71,531.22,3739.29,-0.01
0.39,0.00,0,-604.21,8.71,531.22,3739.29,-0.01
0.40,0.00,0,-604.21,8.71,531.22,3739.29,-0.01
0.41,-0.01,0,-604.21,8.71,531.22,3739.29,-0.02
0.42,-0.01,0,-604.21,8.71,531.22,3739.29,-0.02
0.43,-0.01,0,-604.21,8.71,531.22,3739.29,-0.02
0.44,-0.01,0,-604.21,8.71,531.22,3739.29,-0.02
0.44,-0.01,0,-604.21,8.71,531.22,3739.29,-0.02
0.45,-0.01,0,-604.21,8.71,531.22,3739.29,-0.02
0.46,-0.01,0,-604.21,8.71,531.22,3739.29,-0.02
0.48,-0.01,0,-604.21,8.71,531.22,3739.29,-0.02
0.49,-0.01,0,-604.21,8.71,531.22,3739.29,-0.02
0.50,-0.01,0,-604.21,8.71,531.22,3739.29,-0.02
0.51,-0.01,0,-604.21,8.71,531.22,3739.29,-0.02
0.52,-0.01,0,-604.21,8.71,531.22,3739.29,-0.02
0.52,-0.01,0,-604.21,8.72,531.22,3739.29,-0.02
0.53,-0.01,0,-604.21,8.72,531.22,3739.29,-0.02
0.54,-0.01,0,-604.21,8.72,531.22,3739.29,-0.02
0.55,-0.01,0,-604.21,8.72,531.22,3739.29,-0.02
0.56,-0.01,0,-604.21,8.72,531.22,3739.29,-0.02
0.57,-0.01,0,-604.21,8.72,531.22,3739.29,-0.02
0.57,-0.01,0,-604.21,8.72,531.22,3739.29,-0.02
0.58,-0.01,0,-604.21,8.72,531.22,3739.29,-0.02
0.59,-0.01,0,-604.21,8.72,531.22,3739.29,-0.02
0.60,-0.01,0,-604.21,8.72,531.22,3739.29,-0.02
0.61,-0.01,0,-604.21,8.72,531.22,3739.29,-0.02
0.62,-0.01,0,-604.21,8.72,531.22,3739.29,-0.02
0.62,-0.01,0,-604.21,8.72,531.22,3739.29,-0.02
0.63,-0.01,0,-604.21,8.72,531.22,3739.29,-0.02
0.64,-0.01,0,-604.21,8.72,531.22,3739.29,-0.02
0.65,-0.01,0,-604.21,8.72,531.21,3739.29,-0.02
0.66,-0.01,0,-604.21,8.72,531.21,3739.29,-0.02
0.67,-0.01,0,-604.21,8.72,531.21,3739.29,-0.02
0.67,-0.01,0,-604.21,8.72,531.21,3739.29,-0.02
0.68,-0.01,0,-604.21,8.72,531.21,3739.29,-0.02
0.69,-0.01,0,-604.21,8.72,531.21,3739.29,-0.02
0.70,-0.01,0,-604.21,8.72,531.21,3739.29,-0.02
0.71,-0.01,0,-604.21,8.72,531.21,3739.28,-0.02
0.72,-0.01,0,-604.21,8.72,531.21,3739.28,-0.02
0.72,-0.01,0,-604.21,8.72,531.21,3739.28,-0.02
0.73,-0.01,0,-604.21,8.72,531.21,3739.28,-0.02
0.74,-0.01,0,-604.21,8.72,531.21,3739.28,-0.02
0.75,-0.01,0,-604.21,8.72,531.21,3739.28,-0.02
0.76,-0.01,0,-604.21,8.72,531.21,3739.28,-0.02
0.77,-0.01,0,-604.21,8.72,531.21,3739.28,-0.02
0.78,-0.01,0,-604.21,8.72,531.21,3739.28,-0.02
0.79,-0.01,0,-604.21,8.72,531.21,3739.28,-0.02
0.80,-0.01,0,-604.21,8.72,531.21,3739.28,-0.02
0.81,-0.01,0,-604.21,8.72,531.21,3739.28,-0.02
0.82,-0.01,0,-604.21,8.72,531.21,3739.28,-0.02
0.83,-0.01,0,-604.21,8.72,531.21,3739.28,-0.02
0.84,-0.01,0,-604.21,8.72,531.21,3739.28,-0.02
0.84,-0.01,0,-604.21,8.72,531.21,3739.28,-0.02
0.85,-0.01,0,-604.21,8.72,531.21,3739.28,-0.02
0.86,-0.01,0,-604.21,8.72,531.21,3739.28,-0.02
0.87,-0.01,0,-604.21,8.72,531.21,3739.28,-0.02
0.88,-0.01,0,-604.21,8.72,531.21,3739.28,-0.02
0.89,-0.01,0,-604.21,8.72,531.21,3739.28,-0.02
0.90,-0.01,0,-604.21,8.72,531.21,3739.28,-0.02
0.90,-0.01,0,-604.21,8.72,531.21,3739.28,-0.02
0.91,-0.01,0,-604.21,8.72,531.21,3739.28,-0.02
0.92,-0.01,0,-604.21,8.72,531.21,3739.28,-0.02
0.93,-0.01,0,-604.21,8.72,531.21,3739.28,-0.02
0.94,-0.01,0,-604.21,8.72,531.21,3739.28,-0.02
0.95,-0.01,0,-604.21,8.72,531.21,3739.28,-0.02
0.96,-0.01,0,-604.21,8.72,531.21,3739.28,-0.02
0.97,-0.01,0,-604.21,8.72,531.21,3739.28,-0.02
0.98,-0.01,0,-604.21,8.72,531.21,3739.28,-0.02
0.98,-0.02,0,-604.21,8.72,531.21,3739.28,-0.02
0.99,-0.02,0,-604.21,8.72,531.21,3739.28,-0.02
1.00,-0.02,0,-604.21,8.72,531.21,3739.28,-0.02
1.01,-0.02,0,-604.21,8.72,531.21,3739.28,-0.02
1.02,-0.02,0,-604.21,8.72,531.21,3739.28,-0.02
1.03,-0.02,0,-604.21,8.72,531.21,3739.28,-0.02
1.04,-0.02,0,-604.21,8.72,531.21,3739.28,-0.02
1.06,-0.02,0,-604.21,8.72,531.21,3739.28,-0.02
1.06,-0.02,0,-604.21,8.72,531.21,3739.28,-0.02
1.07,-0.02,0,-604.21,8.72,531.21,3739.28,-0.02
1.08,-0.02,0,-604.21,8.72,531.21,3739.28,-0.02
1.09,-0.02,0,-604.21,8.72,531.21,3739.28,-0.02
1.10,-0.02,0,-604.21,8.72,531.21,3739.28,-0.02
1.11,-0.02,0,-604.21,8.72,531.21,3739.28,-0.02
1.11,-0.02,0,-604.21,8.72,531.21,3739.28,-0.02
1.12,-0.02,0,-604.21,8.72,531.21,3739.28,-0.02
1.13,-0.02,0,-604.21,8.72,531.21,3739.28,-0.02
1.14,-0.02,0,-604.21,8.72,531.21,3739.28,-0.02
1.15,-0.02,0,-604.21,8.72,531.21,3739.28,-0.02
1.16,-0.02,0,-604.21,8.72,531.21,3739.28,-0.02
1.16,-0.02,0,-604.21,8.72,531.21,3739.28,-0.02
1.17,-0.02,0,-604.21,8.72,531.21,3739.28,-0.02
1.18,-0.02,0,-604.21,8.72,531.21,3739.28,-0.02
1.19,-0.02,0,-604.21,8.72,531.20,3739.28,-0.02
1.20,-0.02,0,-604.21,8.72,531.20,3739.28,-0.02
1.22,-0.02,0,-604.21,8.72,531.20,3739.28,-0.02
1.22,-0.02,0,-604.21,8.72,531.20,3739.28,-0.02
1.23,-0.02,0,-604.21,8.72,531.20,3739.28,-0.02
1.24,-0.02,0,-604.21,8.72,531.20,3739.28,-0.02
1.25,-0.02,0,-604.21,8.72,531.20,3739.28,-0.02
1.26,-0.02,0,-604.21,8.72,531.20,3739.28,-0.02
1.27,-0.02,0,-604.21,8.72,531.20,3739.28,-0.02
1.28,-0.02,0,-604.21,8.72,531.20,3739.28,-0.02
1.28,-0.02,0,-604.21,8.72,531.20,3739.28,-0.02
1.29,-0.02,0,-604.21,8.72,531.20,3739.28,-0.02
1.30,-0.02,0,-604.21,8.72,531.20,3739.28,-0.02
1.31,-0.02,0,-604.21,8.72,531.20,3739.28,-0.02
1.32,-0.02,0,-604.21,8.72,531.20,3739.28,-0.02
1.33,-0.02,0,-604.21,8.72,531.20,3739.28,-0.02
1.34,-0.02,0,-604.21,8.72,531.20,3739.28,-0.02
1.35,-0.02,0,-604.21,8.72,531.20,3739.28,-0.02
1.35,-0.02,0,-604.21,8.72,531.20,3739.28,-0.02
1.36,-0.02,0,-604.21,8.72,531.20,3739.28,-0.02
1.38,-0.02,0,-604.21,8.72,531.20,3739.28,-0.02
1.39,-0.02,0,-604.21,8.72,531.20,3739.28,-0.02
1.40,-0.02,0,-604.21,8.72,531.20,3739.28,-0.02
1.41,-0.02,0,-604.21,8.72,531.20,3739.28,-0.02
1.41,-0.02,0,-604.21,8.72,531.20,3739.28,-0.02
1.42,-0.02,0,-604.21,8.72,531.20,3739.28,-0.02
1.43,-0.02,0,-604.21,8.72,531.20,3739.28,-0.02
1.44,-0.02,0,-604.21,8.72,531.20,3739.28,-0.02
1.45,-0.02,0,-604.21,8.72,531.20,3739.28,-0.02
1.46,-0.02,0,-604.21,8.72,531.20,3739.28,-0.02
1.46,-0.02,0,-604.21,8.72,531.20,3739.28,-0.02
1.47,-0.02,0,-604.21,8.72,531.20,3739.28,-0.02
1.48,-0.02,0,-604.21,8.72,531.20,3739.28,-0.02
1.49,-0.02,0,-604.21,8.72,531.20,3739.27,-0.02
1.50,-0.02,0,-604.21,8.72,531.20,3739.27,-0.02
1.51,-0.03,0,-604.21,8.72,531.20,3739.27,-0.02
1.51,-0.03,0,-604.21,8.72,531.20,3739.27,-0.02
1.52,-0.03,0,-604.21,8.72,531.20,3739.27,-0.02
1.54,-0.03,0,-604.21,8.72,531.20,3739.27,-0.02
1.55,-0.03,0,-604.21,8.72,531.20,3739.27,-0.02
1.55,-0.03,0,-604.21,8.72,531.20,3739.27,-0.02
1.56,-0.03,0,-604.21,8.72,531.20,3739.27,-0.02
1.57,-0.03,0,-604.22,8.72,531.20,3739.27,-0.02
1.58,-0.03,0,-604.22,8.72,531.20,3739.27,-0.02
1.59,-0.03,0,-604.22,8.72,531.20,3739.27,-0.02
1.60,-0.03,0,-604.22,8.72,531.20,3739.27,-0.02
1.60,-0.03,0,-604.22,8.72,531.20,3739.27,-0.02
1.61,-0.03,0,-604.22,8.72,531.20,3739.27,-0.02
1.62,-0.03,0,-604.22,8.72,531.20,3739.27,-0.02
1.63,-0.03,0,-604.22,8.72,531.20,3739.27,-0.02
1.64,-0.03,0,-604.22,8.72,531.20,3739.27,-0.02
1.65,-0.03,0,-604.22,8.72,531.20,3739.27,-0.02
1.65,-0.03,0,-604.22,8.72,531.20,3739.27,-0.02
1.66,-0.03,0,-604.22,8.72,531.20,3739.27,-0.02
1.67,-0.03,0,-604.22,8.72,531.20,3739.27,-0.02
1.68,-0.03,0,-604.22,8.72,531.20,3739.27,-0.02
1.69,-0.03,0,-604.22,8.72,531.20,3739.27,-0.02
1.70,-0.03,0,-604.22,8.72,531.20,3739.27,-0.02
1.71,-0.03,0,-604.22,8.72,531.20,3739.27,-0.02
1.71,-0.03,0,-604.22,8.72,531.20,3739.27,-0.02
1.72,-0.03,0,-604.22,8.72,531.19,3739.27,-0.02
1.73,-0.03,0,-604.22,8.72,531.19,3739.27,-0.02
1.74,-0.03,0,-604.22,8.72,531.19,3739.27,-0.02
1.75,-0.03,0,-604.22,8.72,531.19,3739.27,-0.02
1.76,-0.03,0,-604.22,8.72,531.19,3739.27,-0.02
1.76,-0.03,0,-604.22,8.72,531.19,3739.27,-0.02
1.77,-0.03,0,-604.22,8.72,531.19,3739.27,-0.02
1.78,-0.03,0,-604.22,8.72,531.19,3739.27,-0.02
1.79,-0.03,0,-604.22,8.72,531.19,3739.27,-0.02
1.80,-0.03,0,-604.22,8.72,531.19,3739.27,-0.02
1.81,-0.03,0,-604.22,8.72,531.19,3739.27,-0.02
1.82,-0.03,0,-604.22,8.72,531.19,3739.27,-0.02
1.82,-0.03,0,-604.22,8.72,531.19,3739.27,-0.02
1.83,-0.03,0,-604.22,8.72,531.19,3739.27,-0.02
1.84,-0.03,0,-604.22,8.72,531.19,3739.27,-0.02
1.86,-0.03,0,-604.22,8.72,531.19,3739.27,-0.02
1.87,-0.03,0,-604.22,8.72,531.19,3739.27,-0.02
1.87,-0.03,0,-604.22,8.72,531.19,3739.27,-0.02
1.88,-0.03,0,-604.22,8.72,531.19,3739.27,-0.02
1.89,-0.03,0,-604.22,8.72,531.19,3739.27,-0.02
1.90,-0.03,0,-604.22,8.72,531.19,3739.27,-0.02
1.91,-0.03,0,-604.22,8.72,531.19,3739.27,-0.02
1.92,-0.03,0,-604.22,8.72,531.19,3739.27,-0.02
1.93,-0.03,0,-604.22,8.72,531.19,3739.27,-0.02
1.94,-0.03,0,-604.22,8.72,531.19,3739.27,-0.02
1.95,-0.03,0,-604.22,8.72,531.19,3739.27,-0.02
1.96,-0.03,0,-604.22,8.72,531.19,3739.27,-0.02
1.97,-0.03,0,-604.22,8.72,531.19,3739.27,-0.02
1.98,-0.03,0,-604.22,8.72,531.19,3739.27,-0.02
1.99,-0.03,0,-604.22,8.72,531.19,3739.27,-0.02
2.00,-0.03,0,-604.22,8.72,531.19,3739.27,-0.02
2.00,-0.03,0,-604.22,8.72,531.19,3739.26,-0.02
2.01,-0.03,0,-604.22,8.72,531.19,3739.26,-0.02
2.02,-0.03,0,-604.22,8.72,531.19,3739.26,-0.02
2.03,-0.03,0,-604.22,8.72,531.19,3739.26,-0.02
2.04,-0.03,0,-604.22,8.72,531.19,3739.26,-0.02
2.05,-0.04,0,-604.22,8.72,531.19,3739.26,-0.02
2.05,-0.04,0,-604.22,8.72,531.19,3739.26,-0.02
2.06,-0.04,0,-604.22,8.72,531.19,3739.26,-0.02
2.07,-0.04,0,-604.22,8.72,531.19,3739.26,-0.02
2.08,-0.04,0,-604.22,8.72,531.19,3739.26,-0.02
2.12,-0.04,0,-604.22,8.72,531.19,3739.26,-0.02
2.13,-0.04,0,-604.22,8.72,531.19,3739.26,-0.02
2.13,-0.04,0,-604.22,8.72,531.19,3739.26,-0.02
2.14,-0.04,0,-604.22,8.72,531.19,3739.26,-0.02
2.15,-0.04,0,-604.22,8.72,531.19,3739.26,-0.02
2.16,-0.04,0,-604.22,8.72,531.19,3739.26,-0.02
2.17,-0.04,0,-604.22,8.72,531.19,3739.26,-0.02
2.18,-0.04,0,-604.22,8.72,531.19,3739.26,-0.02
2.19,-0.04,0,-604.22,8.72,531.19,3739.26,-0.02
2.19,-0.04,0,-604.22,8.72,531.19,3739.26,-0.02
2.20,-0.04,0,-604.22,8.72,531.19,3739.26,-0.02
2.21,-0.04,0,-604.22,8.72,531.19,3739.26,-0.02
2.22,-0.04,0,-604.22,8.72,531.19,3739.26,-0.02
2.23,-0.04,0,-604.22,8.72,531.19,3739.26,-0.02
2.24,-0.04,0,-604.22,8.72,531.19,3739.26,-0.02
2.24,-0.04,0,-604.22,8.72,531.19,3739.26,-0.02
2.25,-0.04,0,-604.22,8.72,531.19,3739.26,-0.02
2.26,-0.04,0,-604.22,8.72,531.19,3739.26,-0.02
2.27,-0.04,0,-604.22,8.72,531.19,3739.26,-0.02
2.29,-0.04,0,-604.22,8.72,531.18,3739.26,-0.02
2.29,-0.04,0,-604.22,8.72,531.18,3739.26,-0.02
2.30,-0.04,0,-604.22,8.72,531.18,3739.26,-0.02
2.31,-0.04,0,-604.22,8.72,531.18,3739.26,-0.02
2.32,-0.04,0,-604.22,8.72,531.18,3739.26,-0.02
2.33,-0.04,0,-604.22,8.72,531.18,3739.26,-0.02
2.34,-0.04,0,-604.22,8.72,531.18,3739.26,-0.02
2.34,-0.04,0,-604.22,8.72,531.18,3739.26,-0.02
2.35,-0.04,0,-604.22,8.72,531.18,3739.26,-0.02
2.36,-0.04,0,-604.22,8.72,531.18,3739.26,-0.02
2.37,-0.04,0,-604.22,8.72,531.18,3739.26,-0.02
2.38,-0.04,0,-604.22,8.72,531.18,3739.26,-0.02
2.39,-0.04,0,-604.22,8.72,531.18,3739.26,-0.02
2.39,-0.04,0,-604.22,8.72,531.18,3739.26,-0.02
2.40,-0.04,0,-604.22,8.72,531.18,3739.26,-0.02
2.41,-0.04,0,-604.22,8.72,531.18,3739.26,-0.02
2.42,-0.04,0,-604.22,8.72,531.18,3739.26,-0.02
2.43,-0.04,0,-604.22,8.72,531.18,3739.26,-0.02
2.44,-0.04,0,-604.22,8.72,531.18,3739.26,-0.02
2.46,-0.04,0,-604.22,8.72,531.18,3739.26,-0.02
2.46,-0.04,0,-604.22,8.72,531.18,3739.26,-0.02
2.47,-0.04,0,-604.22,8.72,531.18,3739.26,-0.02
2.48,-0.04,0,-604.22,8.72,531.18,3739.26,-0.02
2.49,-0.04,0,-604.22,8.72,531.18,3739.26,-0.02
2.50,-0.04,0,-604.22,8.72,531.18,3739.26,-0.02
2.51,-0.04,0,-604.22,8.72,531.18,3739.26,-0.02
2.51,-0.04,0,-604.22,8.72,531.18,3739.26,-0.02
2.52,-0.04,0,-604.22,8.72,531.18,3739.26,-0.02
2.53,-0.04,0,-604.22,8.72,531.18,3739.25,-0.02
2.54,-0.04,0,-604.22,8.72,531.18,3739.25,-0.02
2.55,-0.04,0,-604.22,8.72,531.18,3739.25,-0.02
2.56,-0.04,0,-604.22,8.72,531.18,3739.25,-0.02
2.57,-0.05,0,-604.22,8.72,531.18,3739.25,-0.02
2.57,-0.05,0,-604.22,8.72,531.18,3739.25,-0.02
2.58,-0.05,0,-604.22,8.72,531.18,3739.25,-0.02
2.59,-0.05,0,-604.22,8.72,531.18,3739.25,-0.02
2.60,-0.05,0,-604.22,8.72,531.18,3739.25,-0.02
2.61,-0.05,0,-604.22,8.72,531.18,3739.25,-0.02
2.62,-0.05,0,-604.22,8.72,531.18,3739.25,-0.02
2.64,-0.05,0,-604.22,8.72,531.18,3739.25,-0.02
2.65,-0.05,0,-604.22,8.72,531.18,3739.25,-0.02
2.66,-0.05,0,-604.22,8.72,531.18,3739.25,-0.02
2.66,-0.05,0,-604.22,8.72,531.18,3739.25,-0.02
2.67,-0.05,0,-604.22,8.72,531.18,3739.25,-0.02
2.68,-0.05,0,-604.22,8.72,531.18,3739.25,-0.02
2.69,-0.05,0,-604.22,8.72,531.18,3739.25,-0.02
2.70,-0.05,0,-604.22,8.72,531.18,3739.25,-0.02
2.71,-0.05,0,-604.22,8.72,531.18,3739.25,-0.02
2.71,-0.05,0,-604.22,8.72,531.18,3739.25,-0.02
2.72,-0.05,0,-604.22,8.72,531.18,3739.25,-0.02
2.73,-0.05,0,-604.22,8.72,531.18,3739.25,-0.02
2.74,-0.05,0,-604.22,8.72,531.18,3739.25,-0.02
2.75,-0.05,0,-604.22,8.72,531.18,3739.25,-0.02
2.76,-0.05,0,-604.22,8.72,531.18,3739.25,-0.02
2.76,-0.05,0,-604.22,8.72,531.18,3739.25,-0.02
2.77,-0.05,0,-604.22,8.72,531.18,3739.25,-0.02
2.78,-0.05,0,-604.22,8.72,531.18,3739.25,-0.02
2.79,-0.05,0,-604.22,8.72,531.18,3739.25,-0.02
2.80,-0.05,0,-604.22,8.72,531.18,3739.25,-0.02
2.81,-0.05,0,-604.22,8.72,531.18,3739.25,-0.02
2.82,-0.05,0,-604.22,8.72,531.18,3739.25,-0.02
2.83,-0.05,0,-604.22,8.72,531.17,3739.25,-0.02
2.85,-0.05,0,-604.22,8.72,531.17,3739.25,-0.02
2.85,-0.05,0,-604.22,8.72,531.17,3739.25,-0.02
2.86,-0.05,0,-604.22,8.72,531.17,3739.25,-0.02
2.87,-0.05,0,-604.22,8.72,531.17,3739.25,-0.02
2.88,-0.05,0,-604.22,8.72,531.17,3739.25,-0.02
2.89,-0.05,0,-604.22,8.72,531.17,3739.25,-0.02
2.90,-0.05,0,-604.22,8.72,531.17,3739.25,-0.02
2.90,-0.05,0,-604.22,8.72,531.17,3739.25,-0.02
2.91,-0.05,0,-604.22,8.72,531.17,3739.25,-0.02
2.92,-0.05,0,-604.22,8.72,531.17,3739.25,-0.02
2.93,-0.05,0,-604.22,8.72,531.17,3739.25,-0.02
2.94,-0.05,0,-604.22,8.72,531.17,3739.25,-0.02
2.95,-0.05,0,-604.22,8.72,531.17,3739.25,-0.02
2.95,-0.05,0,-604.22,8.72,531.17,3739.25,-0.02
2.96,-0.05,0,-604.22,8.72,531.17,3739.25,-0.02
2.97,-0.05,0,-604.22,8.72,531.17,3739.25,-0.02
2.98,-0.05,0,-604.22,8.72,531.17,3739.25,-0.02
2.99,-0.05,0,-604.22,8.72,531.17,3739.25,-0.02
3.00,-0.05,0,-604.22,8.72,531.17,3739.25,-0.02
3.00,-0.05,0,-604.22,8.72,531.17,3739.25,-0.02
3.01,-0.05,0,-604.22,8.72,531.17,3739.25,-0.02
3.02,-0.05,0,-604.22,8.72,531.17,3739.25,-0.02
3.03,-0.05,0,-604.22,8.72,531.17,3739.25,-0.02
3.04,-0.05,0,-604.22,8.72,531.17,3739.25,-0.02
3.05,-0.05,0,-604.22,8.72,531.17,3739.24,-0.02
3.05,-0.05,0,-604.22,8.72,531.17,3739.24,-0.02
3.06,-0.05,0,-604.22,8.72,531.17,3739.24,-0.02
3.07,-0.05,0,-604.22,8.72,531.17,3739.24,-0.02
3.08,-0.05,0,-604.22,8.72,531.17,3739.24,-0.02
3.09,-0.05,0,-604.22,8.72,531.17,3739.24,-0.02
3.10,-0.05,0,-604.22,8.72,531.17,3739.24,-0.02
3.10,-0.06,0,-604.22,8.72,531.17,3739.24,-0.02
3.11,-0.06,0,-604.22,8.72,531.17,3739.24,-0.02
3.12,-0.06,0,-604.22,8.72,531.17,3739.24,-0.02
3.13,-0.06,0,-604.22,8.72,531.17,3739.24,-0.02
3.14,-0.06,0,-604.22,8.72,531.17,3739.24,-0.02
3.15,-0.06,0,-604.22,8.72,531.17,3739.24,-0.02
3.19,-0.06,0,-604.22,8.72,531.17,3739.24,-0.02
3.20,-0.06,0,-604.23,8.72,531.17,3739.24,-0.02
3.21,-0.06,0,-604.23,8.72,531.17,3739.24,-0.02
3.22,-0.06,0,-604.23,8.72,531.17,3739.24,-0.02
3.23,-0.06,0,-604.23,8.72,531.17,3739.24,-0.02
3.24,-0.06,0,-604.23,8.72,531.17,3739.24,-0.02
3.24,-0.06,0,-604.23,8.72,531.17,3739.24,-0.02
3.25,-0.06,0,-604.23,8.72,531.17,3739.24,-0.02
3.26,-0.06,0,-604.23,8.72,531.17,3739.24,-0.02
3.27,-0.06,0,-604.23,8.72,531.17,3739.24,-0.02
3.28,-0.06,0,-604.23,8.72,531.17,3739.24,-0.02
3.29,-0.06,0,-604.23,8.72,531.17,3739.24,-0.02
3.29,-0.06,0,-604.23,8.72,531.17,3739.24,-0.02
3.30,-0.06,0,-604.23,8.72,531.17,3739.24,-0.02
3.31,-0.06,0,-604.23,8.72,531.17,3739.24,-0.02
3.32,-0.06,0,-604.23,8.72,531.17,3739.24,-0.02
3.33,-0.06,0,-604.23,8.72,531.17,3739.24,-0.02
3.34,-0.06,0,-604.23,8.72,531.17,3739.24,-0.02
3.36,-0.06,0,-604.23,8.72,531.17,3739.24,-0.02
3.38,-0.06,0,-604.23,8.72,531.16,3739.24,-0.02
3.39,-0.06,0,-604.23,8.72,531.16,3739.24,-0.02
3.40,-0.06,0,-604.23,8.72,531.16,3739.24,-0.02
3.40,-0.06,0,-604.23,8.72,531.16,3739.24,-0.02
3.41,-0.06,0,-604.23,8.72,531.16,3739.24,-0.02
3.42,-0.06,0,-604.23,8.72,531.16,3739.24,-0.02
3.43,-0.06,0,-604.23,8.72,531.16,3739.24,-0.02
3.44,-0.06,0,-604.23,8.72,531.16,3739.24,-0.02
3.45,-0.06,0,-604.23,8.72,531.16,3739.24,-0.02
3.45,-0.06,0,-604.23,8.72,531.16,3739.24,-0.02
3.46,-0.06,0,-604.23,8.72,531.16,3739.24,-0.02
3.47,-0.06,0,-604.23,8.72,531.16,3739.24,-0.02
3.48,-0.06,0,-604.23,8.72,531.16,3739.24,-0.02
3.49,-0.06,0,-604.23,8.72,531.16,3739.24,-0.02
3.50,-0.06,0,-604.23,8.72,531.16,3739.24,-0.02
3.51,-0.06,0,-604.23,8.72,531.16,3739.24,-0.02
3.51,-0.06,0,-604.23,8.72,531.16,3739.24,-0.02
3.52,-0.06,0,-604.23,8.72,531.16,3739.24,-0.02
3.53,-0.06,0,-604.23,8.72,531.16,3739.24,-0.02
3.54,-0.06,0,-604.23,8.72,531.16,3739.24,-0.02
3.55,-0.06,0,-604.23,8.72,531.16,3739.24,-0.02
3.56,-0.06,0,-604.23,8.72,531.16,3739.24,-0.02
3.57,-0.06,0,-604.23,8.72,531.16,3739.23,-0.02
3.57,-0.06,0,-604.23,8.72,531.16,3739.23,-0.02
3.58,-0.06,0,-604.23,8.72,531.16,3739.23,-0.02
3.59,-0.06,0,-604.23,8.72,531.16,3739.23,-0.02
3.60,-0.06,0,-604.23,8.72,531.16,3739.23,-0.02
3.61,-0.06,0,-604.23,8.72,531.16,3739.23,-0.02
3.62,-0.06,0,-604.23,8.72,531.16,3739.23,-0.02
3.62,-0.07,0,-604.23,8.72,531.16,3739.23,-0.02
3.63,-0.07,0,-604.23,8.72,531.16,3739.23,-0.02
3.64,-0.07,0,-604.23,8.72,531.16,3739.23,-0.02
3.65,-0.07,0,-604.23,8.72,531.16,3739.23,-0.02
3.66,-0.07,0,-604.23,8.72,531.16,3739.23,-0.02
3.67,-0.07,0,-604.23,8.72,531.16,3739.23,-0.02
3.67,-0.07,0,-604.23,8.72,531.16,3739.23,-0.02
3.69,-0.07,0,-604.23,8.72,531.16,3739.23,-0.02
3.70,-0.07,0,-604.23,8.72,531.16,3739.23,-0.02
3.72,-0.07,0,-604.23,8.72,531.16,3739.23,-0.02
3.73,-0.07,0,-604.23,8.72,531.16,3739.23,-0.02
3.73,-0.07,0,-604.23,8.72,531.16,3739.23,-0.02
3.74,-0.07,0,-604.23,8.72,531.16,3739.23,-0.02
3.75,-0.07,0,-604.23,8.72,531.16,3739.23,-0.02
3.79,-0.07,0,-604.23,8.72,531.16,3739.23,-0.02
3.80,-0.07,0,-604.23,8.72,531.16,3739.23,-0.02
3.81,-0.07,0,-604.23,8.72,531.16,3739.23,-0.02
3.82,-0.07,0,-604.23,8.72,531.16,3739.23,-0.02
3.83,-0.07,0,-604.23,8.72,531.16,3739.23,-0.02
3.84,-0.07,0,-604.23,8.72,531.16,3739.23,-0.02
3.84,-0.07,0,-604.23,8.72,531.16,3739.23,-0.02
3.85,-0.07,0,-604.23,8.72,531.16,3739.23,-0.02
3.86,-0.07,0,-604.23,8.72,531.16,3739.23,-0.02
3.87,-0.07,0,-604.23,8.72,531.16,3739.23,-0.02
3.88,-0.07,0,-604.23,8.72,531.16,3739.23,-0.02
3.89,-0.07,0,-604.23,8.72,531.16,3739.23,-0.02
3.89,-0.07,0,-604.23,8.72,531.16,3739.23,-0.02
3.90,-0.07,0,-604.23,8.72,531.16,3739.23,-0.02
3.91,-0.07,0,-604.23,8.72,531.15,3739.23,-0.02
3.92,-0.07,0,-604.23,8.72,531.15,3739.23,-0.02
3.93,-0.07,0,-604.23,8.72,531.15,3739.23,-0.02
3.94,-0.07,0,-604.23,8.72,531.15,3739.23,-0.02
3.95,-0.07,0,-604.23,8.72,531.15,3739.23,-0.02
3.95,-0.07,0,-604.23,8.72,531.15,3739.23,-0.02
3.96,-0.07,0,-604.23,8.72,531.15,3739.23,-0.02
3.97,-0.07,0,-604.23,8.72,531.15,3739.23,-0.02
3.98,-0.07,0,-604.23,8.72,531.15,3739.23,-0.02
3.99,-0.07,0,-604.23,8.72,531.15,3739.23,-0.02
4.00,-0.07,0,-604.23,8.72,531.15,3739.23,-0.02
4.00,-0.07,0,-604.23,8.72,531.15,3739.23,-0.02
4.01,-0.07,0,-604.23,8.72,531.15,3739.23,-0.02
4.02,-0.07,0,-604.23,8.72,531.15,3739.23,-0.02
4.03,-0.07,0,-604.23,8.72,531.15,3739.23,-0.02
4.04,-0.07,0,-604.23,8.72,531.15,3739.23,-0.02
4.05,-0.07,0,-604.23,8.72,531.15,3739.23,-0.02
4.05,-0.07,0,-604.23,8.72,531.15,3739.23,-0.02
4.06,-0.07,0,-604.23,8.72,531.15,3739.23,-0.02
4.07,-0.07,0,-604.23,8.72,531.15,3739.23,-0.02
4.08,-0.07,0,-604.23,8.72,531.15,3739.23,-0.02
4.09,-0.07,0,-604.23,8.72,531.15,3739.22,-0.02
4.10,-0.07,0,-604.23,8.72,531.15,3739.22,-0.02
4.10,-0.07,0,-604.23,8.72,531.15,3739.22,-0.02
4.11,-0.07,0,-604.23,8.72,531.15,3739.22,-0.02
4.12,-0.07,0,-604.23,8.72,531.15,3739.22,-0.02
4.13,-0.07,0,-604.23,8.72,531.15,3739.22,-0.02
4.14,-0.07,0,-604.23,8.72,531.15,3739.22,-0.02
4.15,-0.07,0,-604.23,8.72,531.15,3739.22,-0.02
4.16,-0.07,0,-604.23,8.72,531.15,3739.22,-0.02
4.16,-0.08,0,-604.23,8.72,531.15,3739.22,-0.02
4.17,-0.08,0,-604.23,8.72,531.15,3739.22,-0.02
4.18,-0.08,0,-604.23,8.72,531.15,3739.22,-0.02
4.19,-0.08,0,-604.23,8.72,531.15,3739.22,-0.02
4.20,-0.08,0,-604.23,8.72,531.15,3739.22,-0.02
4.21,-0.08,0,-604.23,8.72,531.15,3739.22,-0.02
4.21,-0.08,0,-604.23,8.72,531.15,3739.22,-0.02
4.22,-0.08,0,-604.23,8.72,531.15,3739.22,-0.02
4.23,-0.08,0,-604.23,8.72,531.15,3739.22,-0.02
4.24,-0.08,0,-604.23,8.72,531.15,3739.22,-0.02
4.25,-0.08,0,-604.23,8.72,531.15,3739.22,-0.02
4.26,-0.08,0,-604.23,8.72,531.15,3739.22,-0.02
4.26,-0.08,0,-604.23,8.72,531.15,3739.22,-0.02
4.27,-0.08,0,-604.23,8.72,531.15,3739.22,-0.02
4.28,-0.08,0,-604.23,8.72,531.15,3739.22,-0.02
4.29,-0.08,0,-604.23,8.72,531.15,3739.22,-0.02
4.30,-0.08,0,-604.23,8.72,531.15,3739.22,-0.02
4.31,-0.08,0,-604.23,8.72,531.15,3739.22,-0.02
4.31,-0.08,0,-604.23,8.72,531.15,3739.22,-0.02
4.32,-0.08,0,-604.23,8.72,531.15,3739.22,-0.02
4.33,-0.08,0,-604.23,8.72,531.15,3739.22,-0.02
4.34,-0.08,0,-604.23,8.72,531.15,3739.22,-0.02
4.35,-0.08,0,-604.23,8.72,531.15,3739.22,-0.02
4.36,-0.08,0,-604.23,8.72,531.15,3739.22,-0.02
4.36,-0.08,0,-604.23,8.72,531.15,3739.22,-0.02
4.37,-0.08,0,-604.23,8.72,531.15,3739.22,-0.02
4.38,-0.08,0,-604.23,8.72,531.15,3739.22,-0.02
4.39,-0.08,0,-604.23,8.72,531.15,3739.22,-0.02
4.40,-0.08,0,-604.23,8.72,531.15,3739.22,-0.02
4.41,-0.08,0,-604.23,8.72,531.15,3739.22,-0.02
4.41,-0.08,0,-604.23,8.72,531.15,3739.22,-0.02
4.42,-0.08,0,-604.23,8.72,531.15,3739.22,-0.02
4.43,-0.08,0,-604.23,8.72,531.15,3739.22,-0.02
4.44,-0.08,0,-604.23,8.72,531.15,3739.22,-0.02
4.45,-0.08,0,-604.23,8.72,531.15,3739.22,-0.02
4.46,-0.08,0,-604.23,8.72,531.15,3739.22,-0.02
4.46,-0.08,0,-604.23,8.72,531.14,3739.22,-0.02
4.47,-0.08,0,-604.23,8.72,531.14,3739.22,-0.02
4.48,-0.08,0,-604.23,8.72,531.14,3739.22,-0.02
4.49,-0.08,0,-604.23,8.72,531.14,3739.22,-0.02
4.50,-0.08,0,-604.23,8.72,531.14,3739.22,-0.02
4.51,-0.08,0,-604.23,8.72,531.14,3739.22,-0.02
4.51,-0.08,0,-604.23,8.72,531.14,3739.22,-0.02
4.52,-0.08,0,-604.23,8.72,531.14,3739.22,-0.02
4.53,-0.08,0,-604.23,8.72,531.14,3739.22,-0.02
4.54,-0.08,0,-604.23,8.72,531.14,3739.22,-0.02
4.55,-0.08,0,-604.23,8.72,531.14,3739.22,-0.02
4.56,-0.08,0,-604.23,8.72,531.14,3739.22,-0.02
4.56,-0.08,0,-604.23,8.72,531.14,3739.22,-0.02
4.57,-0.08,0,-604.23,8.72,531.14,3739.22,-0.02
4.58,-0.08,0,-604.23,8.72,531.14,3739.22,-0.02
4.59,-0.08,0,-604.23,8.72,531.14,3739.22,-0.02
4.60,-0.08,0,-604.23,8.72,531.14,3739.22,-0.02
4.61,-0.08,0,-604.23,8.72,531.14,3739.21,-0.02
4.61,-0.08,0,-604.23,8.72,531.14,3739.21,-0.02
4.62,-0.08,0,-604.23,8.72,531.14,3739.21,-0.02
4.63,-0.08,0,-604.23,8.72,531.14,3739.21,-0.02
4.64,-0.08,0,-604.23,8.72,531.14,3739.21,-0.02
4.65,-0.08,0,-604.23,8.72,531.14,3739.21,-0.02
4.66,-0.08,0,-604.23,8.72,531.14,3739.21,-0.02
4.67,-0.08,0,-604.23,8.72,531.14,3739.21,-0.02
4.67,-0.08,0,-604.23,8.72,531.14,3739.21,-0.02
4.68,-0.08,0,-604.23,8.72,531.14,3739.21,-0.02
4.69,-0.09,0,-604.23,8.72,531.14,3739.21,-0.02
4.70,-0.09,0,-604.23,8.72,531.14,3739.21,-0.02
4.71,-0.09,0,-604.23,8.72,531.14,3739.21,-0.02
4.72,-0.09,0,-604.23,8.72,531.14,3739.21,-0.02
4.72,-0.09,0,-604.23,8.72,531.14,3739.21,-0.02
4.73,-0.09,0,-604.23,8.72,531.14,3739.21,-0.02
4.74,-0.09,0,-604.23,8.72,531.14,3739.21,-0.02
4.75,-0.09,0,-604.23,8.72,531.14,3739.21,-0.02
4.76,-0.09,0,-604.23,8.72,531.14,3739.21,-0.02
4.77,-0.09,0,-604.23,8.72,531.14,3739.21,-0.02
4.83,-0.09,0,-604.24,8.72,531.14,3739.21,-0.02
4.84,-0.09,0,-604.24,8.72,531.14,3739.21,-0.02
4.84,-0.09,0,-604.24,8.72,531.14,3739.21,-0.02
4.85,-0.09,0,-604.24,8.72,531.14,3739.21,-0.02
4.86,-0.09,0,-604.24,8.72,531.14,3739.21,-0.02
4.87,-0.09,0,-604.24,8.72,531.14,3739.21,-0.02
4.88,-0.09,0,-604.24,8.72,531.14,3739.21,-0.02
4.89,-0.09,0,-604.24,8.72,531.14,3739.21,-0.02
4.89,-0.09,0,-604.24,8.72,531.14,3739.21,-0.02
4.90,-0.09,0,-604.24,8.72,531.14,3739.21,-0.02
4.91,-0.09,0,-604.24,8.72,531.14,3739.21,-0.02
4.92,-0.09,0,-604.24,8.72,531.14,3739.21,-0.02
4.93,-0.09,0,-604.24,8.72,531.14,3739.21,-0.02
4.94,-0.09,0,-604.24,8.72,531.14,3739.21,-0.02
4.94,-0.09,0,-604.24,8.72,531.14,3739.21,-0.02
4.95,-0.09,0,-604.24,8.72,531.14,3739.21,-0.02
4.96,-0.09,0,-604.24,8.72,531.14,3739.21,-0.02
4.97,-0.09,0,-604.24,8.72,531.14,3739.21,-0.02
4.99,-0.09,0,-604.24,8.72,531.14,3739.21,-0.02
4.99,-0.09,0,-604.24,8.72,531.14,3739.21,-0.02
5.00,-0.09,0,-604.24,8.72,531.14,3739.21,-0.02
5.01,-0.09,0,-604.24,8.72,531.13,3739.21,-0.08
5.02,-0.09,0,-604.24,8.72,531.13,3739.21,-0.08
5.03,-0.10,0,-604.24,8.72,531.13,3739.21,-0.13
5.04,-0.10,0,-604.24,8.72,531.13,3739.21,-0.13
5.04,-0.10,0,-604.24,8.72,531.13,3739.21,-0.18
5.05,-0.10,0,-604.24,8.72,531.13,3739.21,-0.18
5.06,-0.10,0,-604.24,8.72,531.13,3739.21,-0.18
5.07,-0.10,0,-604.24,8.72,531.12,3739.21,-0.22
5.08,-0.10,0,-604.24,8.72,531.12,3739.21,-0.22
5.09,-0.11,0,-604.24,8.72,531.12,3739.21,-0.25
5.09,-0.11,0,-604.24,8.72,531.12,3739.21,-0.25
5.10,-0.11,0,-604.24,8.72,531.12,3739.21,-0.25
5.11,-0.11,0,-604.25,8.72,531.12,3739.21,-0.28
5.12,-0.11,0,-604.25,8.72,531.12,3739.21,-0.28
5.13,-0.12,0,-604.25,8.72,531.11,3739.18,-0.30
5.14,-0.12,0,-604.25,8.72,531.11,3739.18,-0.30
5.14,-0.13,0,-604.25,8.72,531.10,3739.18,-0.32
5.15,-0.13,0,-604.25,8.72,531.10,3739.18,-0.32
5.16,-0.13,0,-604.25,8.72,531.10,3739.18,-0.32
5.17,-0.13,0,-604.26,8.72,531.10,3739.18,-0.34
5.18,-0.13,0,-604.26,8.72,531.10,3739.18,-0.34
5.19,-0.14,0,-604.26,8.72,531.09,3739.18,-0.35
5.19,-0.14,0,-604.26,8.72,531.09,3739.18,-0.35
5.20,-0.14,0,-604.26,8.72,531.09,3739.18,-0.35
5.21,-0.15,0,-604.26,8.72,531.09,3739.18,-0.36
5.22,-0.15,0,-604.26,8.72,531.09,3739.18,-0.36
5.23,-0.15,0,-604.27,8.72,531.08,3739.18,-0.37
5.24,-0.15,0,-604.27,8.72,531.08,3739.18,-0.37
5.24,-0.16,0,-604.27,8.72,531.07,3739.18,-0.38
5.25,-0.16,0,-604.27,8.72,531.07,3739.18,-0.38
5.26,-0.16,0,-604.27,8.72,531.07,3739.18,-0.38
5.27,-0.17,0,-604.27,8.71,531.07,3739.18,-0.39
5.28,-0.17,0,-604.27,8.71,531.07,3739.18,-0.39
5.29,-0.18,0,-604.28,8.71,531.06,3739.18,-0.39
5.30,-0.18,0,-604.28,8.71,531.06,3739.18,-0.39
5.31,-0.19,0,-604.28,8.71,531.05,3739.18,-0.40
5.32,-0.19,0,-604.28,8.71,531.05,3739.18,-0.40
5.33,-0.19,0,-604.29,8.71,531.05,3739.18,-0.40
5.33,-0.19,0,-604.29,8.71,531.05,3739.18,-0.40
5.34,-0.20,0,-604.29,8.71,531.04,3739.18,-0.41
5.35,-0.20,0,-604.29,8.71,531.04,3739.18,-0.41
5.36,-0.20,0,-604.29,8.71,531.04,3739.18,-0.41
5.37,-0.21,0,-604.30,8.71,531.03,3739.18,-0.41
5.38,-0.21,0,-604.30,8.71,531.03,3739.18,-0.41
5.38,-0.22,0,-604.30,8.71,531.02,3739.08,-0.41
5.39,-0.22,0,-604.30,8.71,531.02,3739.08,-0.41
5.40,-0.22,0,-604.30,8.71,531.02,3739.08,-0.41
5.41,-0.23,0,-604.30,8.71,531.02,3739.08,-0.41
5.42,-0.23,0,-604.30,8.71,531.02,3739.08,-0.41
5.43,-0.23,0,-604.31,8.71,531.01,3739.08,-0.42
5.43,-0.23,0,-604.31,8.71,531.01,3739.08,-0.42
5.44,-0.24,0,-604.31,8.71,531.00,3739.08,-0.42
5.45,-0.24,0,-604.31,8.71,531.00,3739.08,-0.42
5.46,-0.24,0,-604.31,8.71,531.00,3739.08,-0.42
5.47,-0.25,0,-604.32,8.71,531.00,3739.08,-0.42
5.48,-0.25,0,-604.32,8.71,531.00,3739.08,-0.42
5.48,-0.26,0,-604.32,8.71,530.99,3739.08,-0.42
5.49,-0.26,0,-604.32,8.71,530.99,3739.08,-0.42
5.50,-0.26,0,-604.32,8.71,530.99,3739.08,-0.42
5.51,-0.27,0,-604.32,8.71,530.98,3739.08,-0.42
5.52,-0.27,0,-604.32,8.71,530.98,3739.08,-0.42
5.53,-0.28,0,-604.33,8.71,530.97,3739.08,-0.42
5.53,-0.28,0,-604.33,8.71,530.97,3739.08,-0.42
5.54,-0.29,0,-604.33,8.71,530.97,3739.08,-0.42
5.55,-0.29,0,-604.33,8.71,530.97,3739.08,-0.42
5.56,-0.29,0,-604.33,8.71,530.97,3739.08,-0.42
5.57,-0.29,0,-604.34,8.71,530.96,3739.08,-0.42
5.58,-0.29,0,-604.34,8.71,530.96,3739.08,-0.42
5.58,-0.30,0,-604.34,8.71,530.95,3739.08,-0.42
5.59,-0.30,0,-604.34,8.71,530.95,3739.08,-0.42
5.60,-0.30,0,-604.34,8.71,530.95,3739.08,-0.42
5.61,-0.31,0,-604.35,8.71,530.94,3739.08,-0.42
5.62,-0.31,0,-604.35,8.71,530.94,3739.08,-0.42
5.63,-0.32,0,-604.35,8.71,530.94,3739.08,-0.42
5.63,-0.32,0,-604.35,8.71,530.94,3739.08,-0.42
5.64,-0.33,0,-604.35,8.71,530.93,3738.98,-0.42
5.65,-0.33,0,-604.35,8.71,530.93,3738.98,-0.42
5.66,-0.33,0,-604.35,8.71,530.93,3738.98,-0.42
5.67,-0.34,0,-604.36,8.71,530.92,3738.98,-0.42
5.68,-0.34,0,-604.36,8.71,530.92,3738.98,-0.42
5.72,-0.35,0,-604.37,8.71,530.91,3738.98,-0.42
5.73,-0.36,0,-604.37,8.71,530.90,3738.98,-0.43
5.73,-0.36,0,-604.37,8.71,530.90,3738.98,-0.43
5.74,-0.36,0,-604.37,8.71,530.90,3738.98,-0.43
5.75,-0.37,0,-604.38,8.71,530.89,3738.98,-0.43
5.76,-0.37,0,-604.38,8.71,530.89,3738.98,-0.43
5.77,-0.38,0,-604.38,8.71,530.89,3738.98,-0.43
5.78,-0.38,0,-604.38,8.71,530.89,3738.98,-0.43
5.78,-0.39,0,-604.39,8.71,530.88,3738.98,-0.43
5.79,-0.39,0,-604.39,8.71,530.88,3738.98,-0.43
5.80,-0.39,0,-604.39,8.71,530.88,3738.98,-0.43
5.81,-0.40,0,-604.39,8.71,530.87,3738.98,-0.43
5.82,-0.40,0,-604.39,8.71,530.87,3738.98,-0.43
5.83,-0.40,0,-604.39,8.71,530.86,3738.98,-0.43
5.83,-0.40,0,-604.39,8.71,530.86,3738.98,-0.43
5.84,-0.40,0,-604.39,8.71,530.86,3738.98,-0.43
5.85,-0.41,0,-604.40,8.71,530.86,3738.98,-0.43
5.86,-0.41,0,-604.40,8.71,530.86,3738.98,-0.43
5.87,-0.42,0,-604.40,8.71,530.85,3738.98,-0.43
5.88,-0.42,0,-604.40,8.71,530.85,3738.98,-0.43
5.88,-0.43,0,-604.41,8.71,530.84,3738.98,-0.43
5.89,-0.43,0,-604.41,8.71,530.84,3738.98,-0.43
5.90,-0.43,0,-604.41,8.71,530.84,3738.98,-0.43
5.91,-0.44,0,-604.41,8.71,530.83,3738.86,-0.43
5.92,-0.44,0,-604.41,8.71,530.83,3738.86,-0.43
5.93,-0.45,0,-604.42,8.71,530.83,3738.86,-0.43
5.93,-0.45,0,-604.42,8.71,530.83,3738.86,-0.43
5.94,-0.45,0,-604.42,8.71,530.83,3738.86,-0.43
5.95,-0.46,0,-604.42,8.71,530.82,3738.86,-0.43
5.96,-0.46,0,-604.42,8.71,530.82,3738.86,-0.43
5.97,-0.46,0,-604.42,8.71,530.81,3738.86,-0.43
5.98,-0.46,0,-604.42,8.71,530.81,3738.86,-0.43
5.98,-0.47,0,-604.43,8.71,530.81,3738.86,-0.43
5.99,-0.47,0,-604.43,8.71,530.81,3738.86,-0.43
6.00,-0.47,0,-604.43,8.71,530.81,3738.86,-0.43
6.01,-0.48,0,-604.43,8.71,530.80,3738.86,-0.43
6.02,-0.48,0,-604.43,8.71,530.80,3738.86,-0.43
6.03,-0.49,0,-604.44,8.71,530.79,3738.86,-0.43
6.03,-0.49,0,-604.44,8.71,530.79,3738.86,-0.43
6.04,-0.50,0,-604.44,8.71,530.78,3738.86,-0.43
6.05,-0.50,0,-604.44,8.71,530.78,3738.86,-0.43
6.06,-0.50,0,-604.44,8.71,530.78,3738.86,-0.43
6.07,-0.51,0,-604.45,8.71,530.78,3738.86,-0.43
6.08,-0.51,0,-604.45,8.71,530.78,3738.86,-0.43
6.08,-0.52,0,-604.45,8.71,530.77,3738.86,-0.43
6.09,-0.52,0,-604.45,8.71,530.77,3738.86,-0.43
6.10,-0.52,0,-604.45,8.71,530.77,3738.86,-0.43
6.11,-0.52,0,-604.46,8.71,530.76,3738.86,-0.43
6.12,-0.52,0,-604.46,8.71,530.76,3738.86,-0.43
6.13,-0.53,0,-604.46,8.71,530.75,3738.86,-0.43
6.13,-0.53,0,-604.46,8.71,530.75,3738.86,-0.43
6.14,-0.54,0,-604.47,8.71,530.75,3738.86,-0.43
6.15,-0.54,0,-604.47,8.71,530.75,3738.86,-0.43
6.16,-0.54,0,-604.47,8.71,530.75,3738.86,-0.43
6.17,-0.55,0,-604.47,8.71,530.74,3738.75,-0.43
6.18,-0.55,0,-604.47,8.71,530.74,3738.75,-0.43
6.19,-0.56,0,-604.47,8.71,530.73,3738.75,-0.43
6.19,-0.56,0,-604.47,8.71,530.73,3738.75,-0.43
6.20,-0.56,0,-604.47,8.71,530.73,3738.75,-0.43
6.21,-0.57,0,-604.48,8.71,530.73,3738.75,-0.43
6.22,-0.57,0,-604.48,8.71,530.73,3738.75,-0.43
6.23,-0.58,0,-604.48,8.71,530.72,3738.75,-0.43
6.24,-0.58,0,-604.48,8.71,530.72,3738.75,-0.43
6.24,-0.58,0,-604.49,8.71,530.71,3738.75,-0.43
6.25,-0.58,0,-604.49,8.71,530.71,3738.75,-0.43
6.26,-0.58,0,-604.49,8.71,530.71,3738.75,-0.43
6.27,-0.59,0,-604.49,8.71,530.70,3738.75,-0.43
6.28,-0.59,0,-604.49,8.71,530.70,3738.75,-0.43
6.29,-0.60,0,-604.50,8.71,530.70,3738.75,-0.43
6.29,-0.60,0,-604.50,8.71,530.70,3738.75,-0.43
6.30,-0.60,0,-604.50,8.71,530.70,3738.75,-0.43
6.31,-0.61,0,-604.50,8.71,530.69,3738.75,-0.43
6.32,-0.61,0,-604.50,8.71,530.69,3738.75,-0.43
6.33,-0.62,0,-604.51,8.71,530.68,3738.75,-0.43
6.34,-0.62,0,-604.51,8.71,530.68,3738.75,-0.43
6.34,-0.63,0,-604.51,8.71,530.67,3738.75,-0.43
6.35,-0.63,0,-604.51,8.71,530.67,3738.75,-0.43
6.36,-0.63,0,-604.51,8.71,530.67,3738.75,-0.43
6.37,-0.64,0,-604.52,8.71,530.67,3738.75,-0.43
6.38,-0.64,0,-604.52,8.71,530.67,3738.75,-0.43
6.39,-0.64,0,-604.52,8.71,530.66,3738.75,-0.43
6.39,-0.64,0,-604.52,8.71,530.66,3738.75,-0.43
6.40,-0.64,0,-604.52,8.71,530.66,3738.75,-0.43
6.41,-0.65,0,-604.52,8.71,530.65,3738.75,-0.43
6.42,-0.65,0,-604.52,8.71,530.65,3738.75,-0.43
6.43,-0.66,0,-604.53,8.71,530.65,3738.64,-0.43
6.44,-0.66,0,-604.53,8.71,530.65,3738.64,-0.43
6.44,-0.67,0,-604.53,8.71,530.64,3738.64,-0.43
6.45,-0.67,0,-604.53,8.71,530.64,3738.64,-0.43
6.46,-0.67,0,-604.53,8.71,530.64,3738.64,-0.43
6.47,-0.68,0,-604.54,8.71,530.63,3738.64,-0.43
6.48,-0.68,0,-604.54,8.71,530.63,3738.64,-0.43
6.49,-0.69,0,-604.54,8.71,530.62,3738.64,-0.43
6.49,-0.69,0,-604.54,8.71,530.62,3738.64,-0.43
6.50,-0.69,0,-604.54,8.71,530.62,3738.64,-0.43
6.51,-0.70,0,-604.55,8.71,530.62,3738.64,-0.43
6.52,-0.70,0,-604.55,8.71,530.62,3738.64,-0.43
6.53,-0.70,0,-604.55,8.71,530.61,3738.64,-0.43
6.54,-0.70,0,-604.55,8.71,530.61,3738.64,-0.43
6.54,-0.71,0,-604.56,8.71,530.60,3738.64,-0.43
6.55,-0.71,0,-604.56,8.71,530.60,3738.64,-0.43
6.56,-0.71,0,-604.56,8.71,530.60,3738.64,-0.43
6.57,-0.72,0,-604.56,8.71,530.60,3738.64,-0.43
6.58,-0.72,0,-604.56,8.71,530.60,3738.64,-0.43
6.59,-0.73,0,-604.57,8.71,530.59,3738.64,-0.43
6.59,-0.73,0,-604.57,8.71,530.59,3738.64,-0.43
6.60,-0.73,0,-604.57,8.71,530.59,3738.64,-0.43
6.61,-0.74,0,-604.57,8.71,530.58,3738.64,-0.43
6.62,-0.74,0,-604.57,8.71,530.58,3738.64,-0.43
6.63,-0.75,0,-604.58,8.71,530.57,3738.64,-0.43
6.64,-0.75,0,-604.58,8.71,530.57,3738.64,-0.43
6.64,-0.76,0,-604.58,8.71,530.57,3738.64,-0.43
6.65,-0.76,0,-604.58,8.71,530.57,3738.64,-0.43
6.66,-0.76,0,-604.58,8.71,530.57,3738.64,-0.43
6.67,-0.76,0,-604.59,8.71,530.56,3738.64,-0.43
6.69,-0.77,0,-604.59,8.71,530.55,3738.53,-0.43
6.69,-0.77,0,-604.59,8.71,530.55,3738.53,-0.43
6.70,-0.77,0,-604.59,8.71,530.55,3738.53,-0.43
6.71,-0.78,0,-604.59,8.71,530.54,3738.53,-0.43
6.72,-0.78,0,-604.59,8.71,530.54,3738.53,-0.43
6.73,-0.79,0,-604.60,8.71,530.54,3738.53,-0.43
6.74,-0.79,0,-604.60,8.71,530.54,3738.53,-0.43
6.74,-0.80,0,-604.60,8.71,530.53,3738.53,-0.43
6.75,-0.80,0,-604.60,8.71,530.53,3738.53,-0.43
6.76,-0.80,0,-604.60,8.71,530.53,3738.53,-0.43
6.77,-0.81,0,-604.61,8.71,530.52,3738.53,-0.43
6.78,-0.81,0,-604.61,8.71,530.52,3738.53,-0.43
6.79,-0.82,0,-604.61,8.71,530.52,3738.53,-0.43
6.80,-0.82,0,-604.61,8.71,530.52,3738.53,-0.43
6.80,-0.82,0,-604.62,8.71,530.51,3738.53,-0.43
6.81,-0.82,0,-604.62,8.71,530.51,3738.53,-0.43
6.82,-0.82,0,-604.62,8.71,530.51,3738.53,-0.43
6.83,-0.83,0,-604.62,8.71,530.50,3738.53,-0.43
6.84,-0.83,0,-604.62,8.71,530.50,3738.53,-0.43
6.85,-0.84,0,-604.63,8.71,530.49,3738.53,-0.43
6.87,-0.85,0,-604.63,8.71,530.49,3738.53,-0.43
6.87,-0.85,0,-604.63,8.71,530.49,3738.53,-0.43
6.88,-0.85,0,-604.63,8.71,530.49,3738.53,-0.43
6.89,-0.86,0,-604.64,8.71,530.48,3738.53,-0.43
6.90,-0.86,0,-604.64,8.71,530.48,3738.53,-0.43
6.91,-0.87,0,-604.64,8.71,530.47,3738.53,-0.43
6.92,-0.87,0,-604.64,8.71,530.47,3738.53,-0.43
6.92,-0.88,0,-604.65,8.71,530.47,3738.53,-0.43
6.93,-0.88,0,-604.65,8.71,530.47,3738.53,-0.43
6.94,-0.88,0,-604.65,8.71,530.47,3738.53,-0.43
6.95,-0.89,0,-604.65,8.71,530.46,3738.42,-0.43
6.96,-0.89,0,-604.65,8.71,530.46,3738.42,-0.43
6.97,-0.90,0,-604.66,8.71,530.45,3738.42,-0.43
6.97,-0.90,0,-604.66,8.71,530.45,3738.42,-0.43
6.98,-0.90,0,-604.66,8.71,530.45,3738.42,-0.43
6.99,-0.90,0,-604.66,8.71,530.44,3738.42,-0.43
7.00,-0.90,0,-604.66,8.71,530.44,3738.42,-0.43
7.01,-0.91,0,-604.67,8.71,530.44,3738.42,-0.43
7.02,-0.91,0,-604.67,8.71,530.44,3738.42,-0.43
7.02,-0.92,0,-604.67,8.71,530.43,3738.42,-0.43
7.03,-0.92,0,-604.67,8.71,530.43,3738.42,-0.43
7.04,-0.92,0,-604.67,8.71,530.43,3738.42,-0.43
7.05,-0.93,0,-604.68,8.71,530.42,3738.42,-0.43
7.06,-0.93,0,-604.68,8.71,530.42,3738.42,-0.43
7.07,-0.94,0,-604.68,8.71,530.42,3738.42,-0.43
7.07,-0.94,0,-604.68,8.71,530.42,3738.42,-0.43
7.08,-0.94,0,-604.68,8.71,530.42,3738.42,-0.43
7.09,-0.95,0,-604.69,8.71,530.41,3738.42,-0.43
7.10,-0.95,0,-604.69,8.71,530.41,3738.42,-0.43
7.11,-0.96,0,-604.69,8.71,530.40,3738.42,-0.43
7.12,-0.96,0,-604.69,8.71,530.40,3738.42,-0.43
7.12,-0.96,0,-604.69,8.71,530.39,3738.42,-0.43
7.13,-0.96,0,-604.69,8.71,530.39,3738.42,-0.43
7.14,-0.96,0,-604.69,8.71,530.39,3738.42,-0.43
7.15,-0.97,0,-604.70,8.71,530.39,3738.42,-0.43
7.16,-0.97,0,-604.70,8.71,530.39,3738.42,-0.43
7.17,-0.98,0,-604.70,8.71,530.38,3738.42,-0.43
7.18,-0.98,0,-604.70,8.71,530.38,3738.42,-0.43
7.18,-0.99,0,-604.71,8.71,530.37,3738.42,-0.43
7.19,-0.99,0,-604.71,8.71,530.37,3738.42,-0.43
7.20,-0.99,0,-604.71,8.71,530.37,3738.42,-0.43
7.21,-1.00,0,-604.71,8.71,530.37,3738.31,-0.43
7.22,-1.00,0,-604.71,8.71,530.37,3738.31,-0.43
7.23,-1.01,0,-604.72,8.71,530.36,3738.31,-0.43
7.24,-1.01,0,-604.72,8.71,530.36,3738.31,-0.43
7.24,-1.01,0,-604.72,8.71,530.35,3738.31,-0.43
7.25,-1.01,0,-604.72,8.71,530.35,3738.31,-0.43
7.26,-1.01,0,-604.72,8.71,530.35,3738.31,-0.43
7.27,-1.02,0,-604.73,8.70,530.34,3738.31,-0.43
7.28,-1.02,0,-604.73,8.70,530.34,3738.31,-0.43
7.29,-1.03,0,-604.73,8.70,530.34,3738.31,-0.43
7.30,-1.03,0,-604.73,8.70,530.34,3738.31,-0.43
7.30,-1.04,0,-604.74,8.70,530.33,3738.31,-0.43
7.31,-1.04,0,-604.74,8.70,530.33,3738.31,-0.43
7.32,-1.04,0,-604.74,8.70,530.33,3738.31,-0.43
7.33,-1.05,0,-604.74,8.70,530.32,3738.31,-0.43
7.34,-1.05,0,-604.74,8.70,530.32,3738.31,-0.43
7.35,-1.06,0,-604.75,8.70,530.31,3738.31,-0.43
7.35,-1.06,0,-604.75,8.70,530.31,3738.31,-0.43
7.36,-1.07,0,-604.75,8.70,530.31,3738.31,-0.43
7.37,-1.07,0,-604.75,8.70,530.31,3738.31,-0.43
7.38,-1.07,0,-604.75,8.70,530.31,3738.31,-0.43
7.39,-1.07,0,-604.76,8.70,530.30,3738.31,-0.43
7.40,-1.07,0,-604.76,8.70,530.30,3738.31,-0.43
7.40,-1.08,0,-604.76,8.70,530.29,3738.31,-0.43
7.41,-1.08,0,-604.76,8.70,530.29,3738.31,-0.43
7.42,-1.08,0,-604.76,8.70,530.29,3738.31,-0.43
7.43,-1.09,0,-604.77,8.70,530.29,3738.31,-0.43
7.44,-1.09,0,-604.77,8.70,530.29,3738.31,-0.43
7.45,-1.10,0,-604.77,8.70,530.28,3738.31,-0.43
7.45,-1.10,0,-604.77,8.70,530.28,3738.31,-0.43
7.46,-1.11,0,-604.78,8.70,530.27,3738.20,-0.43
7.47,-1.11,0,-604.78,8.70,530.27,3738.20,-0.43
7.48,-1.11,0,-604.78,8.70,530.27,3738.20,-0.43
7.49,-1.12,0,-604.78,8.70,530.27,3738.20,-0.43
7.50,-1.12,0,-604.78,8.70,530.27,3738.20,-0.43
7.50,-1.13,0,-604.79,8.70,530.26,3738.20,-0.43
7.51,-1.13,0,-604.79,8.70,530.26,3738.20,-0.43
7.52,-1.13,0,-604.79,8.70,530.26,3738.20,-0.43
7.53,-1.13,0,-604.79,8.70,530.25,3738.20,-0.43
7.54,-1.13,0,-604.79,8.70,530.25,3738.20,-0.43
7.56,-1.14,0,-604.80,8.70,530.24,3738.20,-0.43
7.56,-1.15,0,-604.80,8.70,530.24,3738.20,-0.43
7.57,-1.15,0,-604.80,8.70,530.24,3738.20,-0.43
7.58,-1.15,0,-604.80,8.70,530.24,3738.20,-0.43
7.59,-1.16,0,-604.81,8.70,530.23,3738.20,-0.43
7.60,-1.16,0,-604.81,8.70,530.23,3738.20,-0.43
7.61,-1.17,0,-604.81,8.70,530.22,3738.20,-0.43
7.61,-1.17,0,-604.81,8.70,530.22,3738.20,-0.43
7.62,-1.18,0,-604.82,8.70,530.22,3738.20,-0.43
7.63,-1.18,0,-604.82,8.70,530.22,3738.20,-0.43
7.64,-1.18,0,-604.82,8.70,530.22,3738.20,-0.43
7.65,-1.18,0,-604.82,8.70,530.21,3738.20,-0.43
7.66,-1.18,0,-604.82,8.70,530.21,3738.20,-0.43
7.66,-1.19,0,-604.83,8.70,530.20,3738.20,-0.43
7.67,-1.19,0,-604.83,8.70,530.20,3738.20,-0.43
7.68,-1.19,0,-604.83,8.70,530.20,3738.20,-0.43
7.69,-1.20,0,-604.83,8.70,530.19,3738.20,-0.43
7.70,-1.20,0,-604.83,8.70,530.19,3738.20,-0.43
7.71,-1.21,0,-604.84,8.70,530.19,3738.20,-0.43
7.71,-1.21,0,-604.84,8.70,530.19,3738.20,-0.43
7.72,-1.22,0,-604.84,8.70,530.18,3738.08,-0.43
7.73,-1.22,0,-604.84,8.70,530.18,3738.08,-0.43
7.74,-1.22,0,-604.84,8.70,530.18,3738.08,-0.43
7.75,-1.23,0,-604.85,8.70,530.17,3738.08,-0.43
7.76,-1.23,0,-604.85,8.70,530.17,3738.08,-0.43
7.76,-1.24,0,-604.85,8.70,530.17,3738.08,-0.43
7.77,-1.24,0,-604.85,8.70,530.17,3738.08,-0.43
7.78,-1.24,0,-604.85,8.70,530.17,3738.08,-0.43
7.79,-1.24,0,-604.86,8.70,530.16,3738.08,-0.43
7.80,-1.24,0,-604.86,8.70,530.16,3738.08,-0.43
7.81,-1.25,0,-604.86,8.70,530.15,3738.08,-0.43
7.81,-1.25,0,-604.86,8.70,530.15,3738.08,-0.43
7.82,-1.26,0,-604.87,8.70,530.14,3738.08,-0.43
7.83,-1.26,0,-604.87,8.70,530.14,3738.08,-0.43
7.84,-1.26,0,-604.87,8.70,530.14,3738.08,-0.43
7.85,-1.27,0,-604.87,8.70,530.14,3738.08,-0.43
7.86,-1.27,0,-604.87,8.70,530.14,3738.08,-0.43
7.87,-1.28,0,-604.88,8.70,530.13,3738.08,-0.43
7.88,-1.28,0,-604.88,8.70,530.13,3738.08,-0.43
7.89,-1.29,0,-604.88,8.70,530.12,3738.08,-0.43
7.90,-1.29,0,-604.88,8.70,530.12,3738.08,-0.43
7.91,-1.30,0,-604.89,8.70,530.12,3738.08,-0.43
7.92,-1.30,0,-604.89,8.70,530.12,3738.08,-0.43
7.92,-1.30,0,-604.89,8.70,530.11,3738.08,-0.43
7.93,-1.30,0,-604.89,8.70,530.11,3738.08,-0.43
7.94,-1.30,0,-604.89,8.70,530.11,3738.08,-0.43
7.95,-1.31,0,-604.90,8.70,530.10,3738.08,-0.43
7.96,-1.31,0,-604.90,8.70,530.10,3738.08,-0.43
7.97,-1.32,0,-604.90,8.70,530.10,3738.08,-0.43
7.97,-1.32,0,-604.90,8.70,530.10,3738.08,-0.43
7.98,-1.32,0,-604.90,8.70,530.10,3738.08,-0.43
7.99,-1.33,0,-604.91,8.70,530.09,3737.97,-0.43
8.00,-1.33,0,-604.91,8.70,530.09,3737.97,-0.43
8.01,-1.34,0,-604.91,8.70,530.08,3737.97,-0.37
8.02,-1.34,0,-604.91,8.70,530.08,3737.97,-0.37
8.02,-1.34,0,-604.92,8.70,530.08,3737.97,-0.38
8.03,-1.34,0,-604.92,8.70,530.08,3737.97,-0.38
8.04,-1.34,0,-604.92,8.70,530.08,3737.97,-0.38
8.05,-1.35,0,-604.92,8.70,530.07,3737.97,-0.39
8.06,-1.35,0,-604.92,8.70,530.07,3737.97,-0.39
8.07,-1.36,0,-604.93,8.70,530.06,3737.97,-0.40
8.07,-1.36,0,-604.93,8.70,530.06,3737.97,-0.40
8.09,-1.37,0,-604.93,8.70,530.06,3737.97,-0.40
8.10,-1.37,0,-604.93,8.70,530.06,3737.97,-0.40
8.10,-1.38,0,-604.94,8.70,530.05,3737.97,-0.41
8.11,-1.38,0,-604.94,8.70,530.05,3737.97,-0.41
8.12,-1.38,0,-604.94,8.70,530.05,3737.97,-0.41
8.13,-1.38,0,-604.94,8.70,530.04,3737.97,-0.41
8.14,-1.38,0,-604.94,8.70,530.04,3737.97,-0.41
8.15,-1.39,0,-604.95,8.70,530.04,3737.97,-0.41
8.15,-1.39,0,-604.95,8.70,530.04,3737.97,-0.41
8.16,-1.40,0,-604.95,8.70,530.03,3737.97,-0.42
8.17,-1.40,0,-604.95,8.70,530.03,3737.97,-0.42
8.18,-1.40,0,-604.95,8.70,530.03,3737.97,-0.42
8.19,-1.41,0,-604.95,8.70,530.02,3737.97,-0.42
8.20,-1.41,0,-604.95,8.70,530.02,3737.97,-0.42
8.20,-1.42,0,-604.96,8.70,530.02,3737.97,-0.42
8.21,-1.42,0,-604.96,8.70,530.02,3737.97,-0.42
8.22,-1.42,0,-604.96,8.70,530.02,3737.97,-0.42
8.23,-1.42,0,-604.96,8.70,530.01,3737.97,-0.42
8.24,-1.42,0,-604.96,8.70,530.01,3737.97,-0.42
8.25,-1.43,0,-604.97,8.70,530.00,3737.87,-0.43
8.25,-1.43,0,-604.97,8.70,530.00,3737.87,-0.43
8.26,-1.44,0,-604.97,8.70,530.00,3737.87,-0.43
8.27,-1.44,0,-604.97,8.70,530.00,3737.87,-0.43
8.28,-1.44,0,-604.97,8.70,530.00,3737.87,-0.43
8.29,-1.45,0,-604.98,8.70,529.99,3737.87,-0.43
8.30,-1.45,0,-604.98,8.70,529.99,3737.87,-0.43
8.30,-1.46,0,-604.98,8.70,529.98,3737.87,-0.43
8.31,-1.46,0,-604.98,8.70,529.98,3737.87,-0.43
8.32,-1.46,0,-604.98,8.70,529.98,3737.87,-0.43
8.33,-1.47,0,-604.99,8.70,529.97,3737.87,-0.43
8.34,-1.47,0,-604.99,8.70,529.97,3737.87,-0.43
8.35,-1.47,0,-604.99,8.70,529.97,3737.87,-0.43
8.35,-1.47,0,-604.99,8.70,529.97,3737.87,-0.43
8.36,-1.48,0,-605.00,8.70,529.96,3737.87,-0.43
8.37,-1.48,0,-605.00,8.70,529.96,3737.87,-0.43
8.38,-1.48,0,-605.00,8.70,529.96,3737.87,-0.43
8.39,-1.49,0,-605.00,8.70,529.95,3737.87,-0.43
8.40,-1.49,0,-605.00,8.70,529.95,3737.87,-0.43
8.40,-1.50,0,-605.01,8.70,529.95,3737.87,-0.43
8.41,-1.50,0,-605.01,8.70,529.95,3737.87,-0.43
8.42,-1.50,0,-605.01,8.70,529.95,3737.87,-0.43
8.43,-1.51,0,-605.01,8.69,529.94,3737.87,-0.43
8.44,-1.51,0,-605.01,8.69,529.94,3737.87,-0.43
8.45,-1.52,0,-605.02,8.69,529.93,3737.87,-0.43
8.45,-1.52,0,-605.02,8.69,529.93,3737.87,-0.43
8.46,-1.52,0,-605.02,8.69,529.93,3737.87,-0.43
8.47,-1.52,0,-605.02,8.69,529.93,3737.87,-0.43
8.48,-1.52,0,-605.02,8.69,529.93,3737.87,-0.43
8.49,-1.53,0,-605.03,8.69,529.92,3737.87,-0.43
8.50,-1.53,0,-605.03,8.69,529.92,3737.87,-0.43
8.50,-1.54,0,-605.03,8.69,529.91,3737.76,-0.43
8.51,-1.54,0,-605.03,8.69,529.91,3737.76,-0.43
8.52,-1.54,0,-605.03,8.69,529.91,3737.76,-0.43
8.53,-1.55,0,-605.04,8.69,529.90,3737.76,-0.43
8.54,-1.55,0,-605.04,8.69,529.90,3737.76,-0.43
8.55,-1.56,0,-605.04,8.69,529.90,3737.76,-0.43
8.55,-1.56,0,-605.04,8.69,529.90,3737.76,-0.43
8.56,-1.57,0,-605.05,8.69,529.89,3737.76,-0.43
8.57,-1.57,0,-605.05,8.69,529.89,3737.76,-0.43
8.58,-1.57,0,-605.05,8.69,529.89,3737.76,-0.43
8.59,-1.57,0,-605.05,8.69,529.88,3737.76,-0.43
8.60,-1.57,0,-605.05,8.69,529.88,3737.76,-0.43
8.60,-1.58,0,-605.06,8.69,529.88,3737.76,-0.43
8.61,-1.58,0,-605.06,8.69,529.88,3737.76,-0.43
8.62,-1.58,0,-605.06,8.69,529.88,3737.76,-0.43
8.63,-1.59,0,-605.06,8.69,529.87,3737.76,-0.43
8.64,-1.59,0,-605.06,8.69,529.87,3737.76,-0.43
8.65,-1.60,0,-605.07,8.69,529.86,3737.76,-0.43
8.65,-1.60,0,-605.07,8.69,529.86,3737.76,-0.43
8.66,-1.61,0,-605.08,8.69,529.86,3737.76,-0.43
8.67,-1.61,0,-605.08,8.69,529.86,3737.76,-0.43
8.68,-1.61,0,-605.08,8.69,529.86,3737.76,-0.43
8.69,-1.62,0,-605.08,8.69,529.85,3737.76,-0.43
8.70,-1.62,0,-605.08,8.69,529.85,3737.76,-0.43
8.70,-1.63,0,-605.09,8.69,529.84,3737.76,-0.43
8.71,-1.63,0,-605.09,8.69,529.84,3737.76,-0.43
8.72,-1.63,0,-605.09,8.69,529.84,3737.76,-0.43
8.73,-1.63,0,-605.09,8.69,529.83,3737.76,-0.43
8.74,-1.63,0,-605.09,8.69,529.83,3737.76,-0.43
8.75,-1.64,0,-605.10,8.69,529.83,3737.76,-0.43
8.76,-1.64,0,-605.10,8.69,529.83,3737.76,-0.43
8.76,-1.65,0,-605.10,8.69,529.82,3737.65,-0.43
8.77,-1.65,0,-605.10,8.69,529.82,3737.65,-0.43
8.78,-1.65,0,-605.10,8.69,529.82,3737.65,-0.43
8.79,-1.66,0,-605.11,8.69,529.81,3737.65,-0.43
8.80,-1.66,0,-605.11,8.69,529.81,3737.65,-0.43
8.81,-1.67,0,-605.11,8.69,529.81,3737.65,-0.43
8.81,-1.67,0,-605.11,8.69,529.81,3737.65,-0.43
8.82,-1.67,0,-605.11,8.69,529.81,3737.65,-0.43
8.83,-1.68,0,-605.12,8.69,529.80,3737.65,-0.43
8.84,-1.68,0,-605.12,8.69,529.80,3737.65,-0.43
8.85,-1.68,0,-605.12,8.69,529.79,3737.65,-0.43
8.86,-1.68,0,-605.12,8.69,529.79,3737.65,-0.43
8.86,-1.69,0,-605.13,8.69,529.79,3737.65,-0.43
8.87,-1.69,0,-605.13,8.69,529.79,3737.65,-0.43
8.88,-1.69,0,-605.13,8.69,529.79,3737.65,-0.43
8.89,-1.70,0,-605.13,8.69,529.78,3737.65,-0.43
8.90,-1.70,0,-605.13,8.69,529.78,3737.65,-0.43
8.91,-1.71,0,-605.14,8.69,529.77,3737.65,-0.43
8.91,-1.71,0,-605.14,8.69,529.77,3737.65,-0.43
8.92,-1.71,0,-605.14,8.69,529.77,3737.65,-0.43
8.93,-1.72,0,-605.14,8.69,529.77,3737.65,-0.43
8.94,-1.72,0,-605.14,8.69,529.77,3737.65,-0.43
8.95,-1.73,0,-605.15,8.69,529.76,3737.65,-0.43
8.96,-1.73,0,-605.15,8.69,529.76,3737.65,-0.43
8.96,-1.74,0,-605.15,8.69,529.75,3737.65,-0.43
8.97,-1.74,0,-605.15,8.69,529.75,3737.65,-0.43
8.98,-1.74,0,-605.15,8.69,529.75,3737.65,-0.43
8.99,-1.74,0,-605.16,8.69,529.74,3737.65,-0.43
9.00,-1.74,0,-605.16,8.69,529.74,3737.65,-0.43
9.01,-1.75,0,-605.16,8.69,529.74,3737.65,-0.43
9.01,-1.75,0,-605.16,8.69,529.74,3737.65,-0.43
9.02,-1.75,0,-605.16,8.69,529.74,3737.65,-0.43
9.03,-1.76,0,-605.17,8.69,529.73,3737.54,-0.43
9.04,-1.76,0,-605.17,8.69,529.73,3737.54,-0.43
9.05,-1.77,0,-605.17,8.69,529.72,3737.54,-0.43
9.06,-1.77,0,-605.17,8.69,529.72,3737.54,-0.43
9.06,-1.78,0,-605.18,8.69,529.72,3737.54,-0.43
9.08,-1.78,0,-605.18,8.69,529.72,3737.54,-0.43
9.09,-1.79,0,-605.18,8.69,529.71,3737.54,-0.43
9.10,-1.79,0,-605.18,8.69,529.71,3737.54,-0.43
9.11,-1.79,0,-605.19,8.69,529.70,3737.54,-0.43
9.12,-1.79,0,-605.19,8.69,529.70,3737.54,-0.43
9.12,-1.80,0,-605.19,8.69,529.70,3737.54,-0.43
9.13,-1.80,0,-605.19,8.69,529.70,3737.54,-0.43
9.14,-1.80,0,-605.19,8.69,529.70,3737.54,-0.43
9.15,-1.81,0,-605.20,8.69,529.69,3737.54,-0.43
9.16,-1.81,0,-605.20,8.69,529.69,3737.54,-0.43
9.17,-1.82,0,-605.20,8.69,529.68,3737.54,-0.43
9.17,-1.82,0,-605.20,8.69,529.68,3737.54,-0.43
9.18,-1.82,0,-605.20,8.69,529.68,3737.54,-0.43
9.19,-1.83,0,-605.21,8.69,529.67,3737.54,-0.43
9.20,-1.83,0,-605.21,8.69,529.67,3737.54,-0.43
9.21,-1.84,0,-605.21,8.69,529.67,3737.54,-0.43
9.22,-1.84,0,-605.21,8.69,529.67,3737.54,-0.43
9.22,-1.84,0,-605.22,8.69,529.66,3737.54,-0.43
9.23,-1.84,0,-605.22,8.69,529.66,3737.54,-0.43
9.25,-1.85,0,-605.23,8.69,529.65,3737.54,-0.43
9.26,-1.85,0,-605.23,8.69,529.65,3737.54,-0.43
9.27,-1.86,0,-605.23,8.69,529.65,3737.54,-0.43
9.27,-1.86,0,-605.23,8.69,529.65,3737.54,-0.43
9.28,-1.87,0,-605.24,8.69,529.64,3737.43,-0.43
9.29,-1.87,0,-605.24,8.69,529.64,3737.43,-0.43
9.30,-1.87,0,-605.24,8.69,529.64,3737.43,-0.43
9.31,-1.88,0,-605.24,8.69,529.63,3737.43,-0.43
9.32,-1.88,0,-605.24,8.69,529.63,3737.43,-0.43
9.32,-1.89,0,-605.25,8.69,529.63,3737.43,-0.43
9.33,-1.89,0,-605.25,8.69,529.63,3737.43,-0.43
9.34,-1.89,0,-605.25,8.69,529.63,3737.43,-0.43
9.35,-1.90,0,-605.25,8.69,529.62,3737.43,-0.43
9.36,-1.90,0,-605.25,8.69,529.62,3737.43,-0.43
9.37,-1.90,0,-605.26,8.69,529.61,3737.43,-0.43
9.37,-1.90,0,-605.26,8.69,529.61,3737.43,-0.43
9.38,-1.91,0,-605.26,8.69,529.61,3737.43,-0.43
9.39,-1.91,0,-605.26,8.69,529.61,3737.43,-0.43
9.40,-1.91,0,-605.26,8.69,529.61,3737.43,-0.43
9.41,-1.92,0,-605.27,8.69,529.60,3737.43,-0.43
9.42,-1.92,0,-605.27,8.69,529.60,3737.43,-0.43
9.43,-1.93,0,-605.27,8.69,529.59,3737.43,-0.43
9.43,-1.93,0,-605.27,8.69,529.59,3737.43,-0.43
9.44,-1.94,0,-605.28,8.69,529.59,3737.43,-0.43
9.45,-1.94,0,-605.28,8.69,529.59,3737.43,-0.43
9.46,-1.94,0,-605.28,8.69,529.59,3737.43,-0.43
9.47,-1.95,0,-605.28,8.69,529.58,3737.43,-0.43
9.48,-1.95,0,-605.28,8.69,529.58,3737.43,-0.43
9.48,-1.95,0,-605.29,8.69,529.57,3737.43,-0.43
9.49,-1.95,0,-605.29,8.69,529.57,3737.43,-0.43
9.50,-1.95,0,-605.29,8.69,529.57,3737.43,-0.43
9.51,-1.96,0,-605.29,8.69,529.56,3737.43,-0.43
9.52,-1.96,0,-605.29,8.69,529.56,3737.43,-0.43
9.53,-1.97,0,-605.30,8.69,529.56,3737.43,-0.43
9.53,-1.97,0,-605.30,8.69,529.56,3737.43,-0.43
9.54,-1.98,0,-605.30,8.69,529.55,3737.32,-0.43
9.55,-1.98,0,-605.30,8.69,529.55,3737.32,-0.43
9.56,-1.98,0,-605.30,8.69,529.55,3737.32,-0.43
9.57,-1.99,0,-605.31,8.69,529.54,3737.32,-0.43
9.58,-1.99,0,-605.31,8.69,529.54,3737.32,-0.43
9.58,-2.00,0,-605.31,8.68,529.54,3737.32,-0.43
9.59,-2.00,0,-605.31,8.68,529.54,3737.32,-0.43
9.60,-2.00,0,-605.31,8.68,529.54,3737.32,-0.43
9.61,-2.01,0,-605.32,8.68,529.53,3737.32,-0.43
9.62,-2.01,0,-605.32,8.68,529.53,3737.32,-0.43
9.63,-2.01,0,-605.33,8.68,529.52,3737.32,-0.43
9.63,-2.01,0,-605.33,8.68,529.52,3737.32,-0.43
9.64,-2.02,0,-605.33,8.68,529.52,3737.32,-0.43
9.65,-2.02,0,-605.33,8.68,529.52,3737.32,-0.43
9.66,-2.02,0,-605.33,8.68,529.52,3737.32,-0.43
9.67,-2.03,0,-605.34,8.68,529.51,3737.32,-0.43
9.68,-2.03,0,-605.34,8.68,529.51,3737.32,-0.43
9.68,-2.04,0,-605.34,8.68,529.50,3737.32,-0.43
9.69,-2.04,0,-605.34,8.68,529.50,3737.32,-0.43
9.70,-2.04,0,-605.34,8.68,529.50,3737.32,-0.43
9.71,-2.05,0,-605.35,8.68,529.50,3737.32,-0.43
9.72,-2.05,0,-605.35,8.68,529.50,3737.32,-0.43
9.73,-2.06,0,-605.35,8.68,529.49,3737.32,-0.43
9.74,-2.06,0,-605.35,8.68,529.49,3737.32,-0.43
9.76,-2.06,0,-605.36,8.68,529.48,3737.32,-0.43
9.77,-2.07,0,-605.36,8.68,529.47,3737.32,-0.43
9.78,-2.08,0,-605.37,8.68,529.47,3737.32,-0.43
9.79,-2.08,0,-605.37,8.68,529.47,3737.32,-0.43
9.80,-2.08,0,-605.37,8.68,529.47,3737.32,-0.43
9.81,-2.09,0,-605.37,8.68,529.46,3737.21,-0.43
9.82,-2.09,0,-605.37,8.68,529.46,3737.21,-0.43
9.83,-2.10,0,-605.38,8.68,529.45,3737.21,-0.43
9.83,-2.10,0,-605.38,8.68,529.45,3737.21,-0.43
9.84,-2.11,0,-605.38,8.68,529.45,3737.21,-0.43
9.85,-2.11,0,-605.38,8.68,529.45,3737.21,-0.43
9.86,-2.11,0,-605.38,8.68,529.45,3737.21,-0.43
9.87,-2.11,0,-605.39,8.68,529.44,3737.21,-0.43
9.88,-2.11,0,-605.39,8.68,529.44,3737.21,-0.43
9.88,-2.12,0,-605.39,8.68,529.43,3737.21,-0.43
9.89,-2.12,0,-605.39,8.68,529.43,3737.21,-0.43
9.90,-2.12,0,-605.39,8.68,529.43,3737.21,-0.43
9.91,-2.13,0,-605.40,8.68,529.43,3737.21,-0.43
9.92,-2.13,0,-605.40,8.68,529.43,3737.21,-0.43
9.93,-2.14,0,-605.41,8.68,529.42,3737.21,-0.43
9.94,-2.14,0,-605.41,8.68,529.42,3737.21,-0.43
9.95,-2.15,0,-605.41,8.68,529.41,3737.21,-0.43
9.96,-2.15,0,-605.41,8.68,529.41,3737.21,-0.43
9.96,-2.16,0,-605.42,8.68,529.41,3737.21,-0.43
9.97,-2.16,0,-605.42,8.68,529.41,3737.21,-0.43
9.98,-2.16,0,-605.42,8.68,529.41,3737.21,-0.43
9.99,-2.17,0,-605.42,8.68,529.40,3737.21,-0.43
10.00,-2.17,0,-605.42,8.68,529.40,3737.21,-0.43
10.01,-2.17,0,-605.43,8.68,529.39,3737.21,-0.43
10.01,-2.17,0,-605.43,8.68,529.39,3737.21,-0.43
10.02,-2.17,0,-605.43,8.68,529.39,3737.21,-0.43
10.03,-2.18,0,-605.43,8.68,529.39,3737.21,-0.43
10.04,-2.18,0,-605.43,8.68,529.39,3737.21,-0.43
10.05,-2.19,0,-605.44,8.68,529.38,3737.21,-0.43
10.06,-2.19,0,-605.44,8.68,529.38,3737.21,-0.43
10.07,-2.20,0,-605.44,8.68,529.37,3737.10,-0.43
10.08,-2.20,0,-605.44,8.68,529.37,3737.10,-0.43
10.09,-2.21,0,-605.45,8.68,529.37,3737.10,-0.43
10.10,-2.21,0,-605.45,8.68,529.37,3737.10,-0.43
10.10,-2.22,0,-605.45,8.68,529.36,3737.10,-0.43
10.11,-2.22,0,-605.45,8.68,529.36,3737.10,-0.43
10.12,-2.22,0,-605.45,8.68,529.36,3737.10,-0.43
10.13,-2.22,0,-605.46,8.68,529.35,3737.10,-0.43
10.14,-2.22,0,-605.46,8.68,529.35,3737.10,-0.43
10.15,-2.23,0,-605.46,8.68,529.34,3737.10,-0.43
10.15,-2.23,0,-605.46,8.68,529.34,3737.10,-0.43
10.16,-2.23,0,-605.46,8.68,529.34,3737.10,-0.43
10.17,-2.24,0,-605.47,8.68,529.34,3737.10,-0.43
10.18,-2.24,0,-605.47,8.68,529.34,3737.10,-0.43
10.19,-2.25,0,-605.48,8.68,529.33,3737.10,-0.43
10.20,-2.25,0,-605.48,8.68,529.33,3737.10,-0.43
10.20,-2.26,0,-605.48,8.68,529.32,3737.10,-0.43
10.21,-2.26,0,-605.48,8.68,529.32,3737.10,-0.43
10.22,-2.26,0,-605.48,8.68,529.32,3737.10,-0.43
10.23,-2.27,0,-605.49,8.68,529.32,3737.10,-0.43
10.24,-2.27,0,-605.49,8.68,529.32,3737.10,-0.43
10.25,-2.28,0,-605.49,8.68,529.31,3737.10,-0.50
10.25,-2.28,0,-605.49,8.68,529.31,3737.10,-0.50
10.26,-2.29,0,-605.50,8.68,529.30,3737.10,-0.56
10.27,-2.29,0,-605.50,8.68,529.30,3737.10,-0.56
10.28,-2.29,0,-605.50,8.68,529.30,3737.10,-0.56
10.29,-2.30,0,-605.51,8.68,529.29,3737.10,-0.63
10.30,-2.30,0,-605.51,8.68,529.29,3737.10,-0.63
10.30,-2.31,0,-605.52,8.68,529.28,3737.10,-0.69
10.31,-2.31,0,-605.52,8.68,529.28,3737.10,-0.69
10.32,-2.31,0,-605.52,8.68,529.28,3737.10,-0.69
10.33,-2.33,0,-605.53,8.68,529.27,3736.98,-0.75
10.34,-2.33,0,-605.53,8.68,529.27,3736.98,-0.75
10.35,-2.34,0,-605.54,8.68,529.26,3736.98,-0.82
10.35,-2.34,0,-605.54,8.68,529.26,3736.98,-0.82
10.36,-2.36,0,-605.55,8.68,529.24,3736.98,-0.88
10.37,-2.36,0,-605.55,8.68,529.24,3736.98,-0.88
10.38,-2.36,0,-605.55,8.68,529.24,3736.98,-0.88
10.39,-2.38,0,-605.56,8.68,529.23,3736.98,-0.94
10.40,-2.38,0,-605.56,8.68,529.23,3736.98,-0.94
10.40,-2.38,0,-605.57,8.68,529.21,3736.98,-1.00
10.42,-2.38,0,-605.57,8.68,529.21,3736.98,-1.00
10.42,-2.38,0,-605.58,8.68,529.19,3736.98,-1.07
10.43,-2.38,0,-605.58,8.68,529.19,3736.98,-1.07
10.44,-2.38,0,-605.58,8.68,529.19,3736.98,-1.07
10.45,-2.40,0,-605.60,8.68,529.18,3736.98,-1.13
10.46,-2.40,0,-605.60,8.68,529.18,3736.98,-1.13
10.47,-2.42,0,-605.61,8.68,529.16,3736.98,-1.19
10.47,-2.42,0,-605.61,8.68,529.16,3736.98,-1.19
10.48,-2.42,0,-605.61,8.68,529.16,3736.98,-1.19
10.49,-2.44,0,-605.63,8.68,529.14,3736.98,-1.25
10.50,-2.44,0,-605.63,8.68,529.14,3736.98,-1.25
10.51,-2.47,0,-605.65,8.68,529.12,3736.98,-1.31
10.52,-2.47,0,-605.65,8.68,529.12,3736.98,-1.31
10.52,-2.49,0,-605.66,8.67,529.10,3736.98,-1.37
10.53,-2.49,0,-605.66,8.67,529.10,3736.98,-1.37
10.54,-2.49,0,-605.66,8.67,529.10,3736.98,-1.37
10.55,-2.52,0,-605.68,8.67,529.08,3736.98,-1.43
10.56,-2.52,0,-605.68,8.67,529.08,3736.98,-1.43
10.57,-2.55,0,-605.70,8.67,529.05,3736.98,-1.48
10.57,-2.55,0,-605.70,8.67,529.05,3736.98,-1.48
10.58,-2.55,0,-605.70,8.67,529.05,3736.98,-1.48
10.59,-2.58,0,-605.72,8.67,529.03,3736.75,-1.54
10.60,-2.58,0,-605.72,8.67,529.03,3736.75,-1.54
10.61,-2.61,0,-605.74,8.67,529.01,3736.75,-1.60
10.62,-2.61,0,-605.74,8.67,529.01,3736.75,-1.60
10.62,-2.64,0,-605.76,8.67,528.98,3736.75,-1.66
10.63,-2.64,0,-605.76,8.67,528.98,3736.75,-1.66
10.64,-2.64,0,-605.76,8.67,528.98,3736.75,-1.66
10.65,-2.67,0,-605.78,8.67,528.95,3736.75,-1.72
10.66,-2.67,0,-605.78,8.67,528.95,3736.75,-1.72
10.67,-2.70,0,-605.81,8.67,528.93,3736.75,-1.77
10.68,-2.70,0,-605.81,8.67,528.93,3736.75,-1.77
10.69,-2.73,0,-605.83,8.67,528.90,3736.75,-1.83
10.69,-2.73,0,-605.83,8.67,528.90,3736.75,-1.83
10.70,-2.73,0,-605.83,8.67,528.90,3736.75,-1.83
10.71,-2.77,0,-605.86,8.67,528.87,3736.75,-1.89
10.72,-2.77,0,-605.86,8.67,528.87,3736.75,-1.89
10.73,-2.80,0,-605.88,8.67,528.84,3736.75,-1.94
10.74,-2.80,0,-605.88,8.67,528.84,3736.75,-1.94
10.74,-2.84,0,-605.91,8.67,528.81,3736.75,-2.00
10.75,-2.84,0,-605.91,8.67,528.81,3736.75,-2.00
10.76,-2.84,0,-605.91,8.67,528.81,3736.75,-2.00
10.77,-2.88,0,-605.93,8.66,528.78,3736.75,-2.05
10.78,-2.88,0,-605.93,8.66,528.78,3736.75,-2.05
10.79,-2.92,0,-605.96,8.66,528.75,3736.75,-2.11
10.83,-2.99,0,-606.02,8.66,528.68,3736.75,-2.22
10.84,-2.99,0,-606.02,8.66,528.68,3736.75,-2.22
10.85,-3.04,0,-606.05,8.66,528.65,3736.30,-2.27
10.86,-3.04,0,-606.05,8.66,528.65,3736.30,-2.27
10.86,-3.08,0,-606.08,8.66,528.61,3736.30,-2.32
10.87,-3.08,0,-606.08,8.66,528.61,3736.30,-2.32
10.88,-3.08,0,-606.08,8.66,528.61,3736.30,-2.32
10.89,-3.12,0,-606.11,8.66,528.58,3736.30,-2.38
10.90,-3.12,0,-606.11,8.66,528.58,3736.30,-2.38
10.91,-3.17,0,-606.14,8.66,528.54,3736.30,-2.43
10.91,-3.17,0,-606.14,8.66,528.54,3736.30,-2.43
10.92,-3.17,0,-606.14,8.66,528.54,3736.30,-2.43
10.93,-3.21,0,-606.18,8.65,528.50,3736.30,-2.48
10.94,-3.21,0,-606.18,8.65,528.50,3736.30,-2.48
10.95,-3.26,0,-606.21,8.65,528.47,3736.30,-2.53
10.96,-3.26,0,-606.21,8.65,528.47,3736.30,-2.53
10.96,-3.30,0,-606.24,8.65,528.43,3736.30,-2.58
10.97,-3.30,0,-606.24,8.65,528.43,3736.30,-2.58
10.98,-3.30,0,-606.24,8.65,528.43,3736.30,-2.58
10.99,-3.35,0,-606.28,8.65,528.39,3736.30,-2.63
11.00,-3.35,0,-606.28,8.65,528.39,3736.30,-2.63
11.01,-3.39,0,-606.31,8.65,528.36,3736.30,-2.16
11.02,-3.39,0,-606.31,8.65,528.36,3736.30,-2.16
11.02,-3.42,0,-606.33,8.65,528.33,3736.30,-1.68
11.03,-3.42,0,-606.33,8.65,528.33,3736.30,-1.68
11.04,-3.42,0,-606.33,8.65,528.33,3736.30,-1.68
11.05,-3.44,0,-606.35,8.65,528.31,3736.30,-1.20
11.06,-3.44,0,-606.35,8.65,528.31,3736.30,-1.20
11.07,-3.46,0,-606.36,8.65,528.30,3736.30,-0.73
11.07,-3.46,0,-606.36,8.65,528.30,3736.30,-0.73
11.08,-3.46,0,-606.36,8.65,528.30,3736.30,-0.73
11.09,-3.46,0,-606.36,8.65,528.30,3736.30,-0.25
11.10,-3.46,0,-606.36,8.65,528.30,3736.30,-0.25
11.11,-3.46,0,-606.36,8.65,528.30,3735.83,0.01
11.12,-3.46,0,-606.36,8.65,528.30,3735.83,0.01
11.12,-3.46,0,-606.35,8.65,528.30,3735.83,0.28
11.13,-3.46,0,-606.35,8.65,528.30,3735.83,0.28
11.14,-3.46,0,-606.35,8.65,528.30,3735.83,0.28
11.15,-3.45,0,-606.35,8.65,528.31,3735.83,0.54
11.16,-3.45,0,-606.35,8.65,528.31,3735.83,0.54
11.17,-3.43,0,-606.33,8.65,528.32,3735.83,0.81
11.17,-3.43,0,-606.33,8.65,528.32,3735.83,0.81
11.18,-3.41,0,-606.32,8.65,528.33,3735.83,1.07
11.19,-3.41,0,-606.32,8.65,528.33,3735.83,1.07
11.20,-3.41,0,-606.32,8.65,528.33,3735.83,1.07
11.21,-3.39,0,-606.30,8.65,528.35,3735.83,1.33
11.22,-3.39,0,-606.30,8.65,528.35,3735.83,1.33
11.22,-3.36,0,-606.28,8.65,528.38,3735.83,1.59
11.23,-3.36,0,-606.28,8.65,528.38,3735.83,1.59
11.24,-3.36,0,-606.28,8.65,528.38,3735.83,1.59
11.25,-3.33,0,-606.25,8.65,528.40,3735.83,1.84
11.26,-3.33,0,-606.25,8.65,528.40,3735.83,1.84
11.27,-3.29,0,-606.22,8.65,528.43,3735.83,2.10
11.27,-3.29,0,-606.22,8.65,528.43,3735.83,2.10
11.28,-3.25,0,-606.19,8.65,528.47,3735.83,2.35
11.29,-3.25,0,-606.19,8.65,528.47,3735.83,2.35
11.30,-3.25,0,-606.19,8.65,528.47,3735.83,2.35
11.31,-3.20,0,-606.15,8.65,528.50,3735.83,2.60
11.32,-3.20,0,-606.15,8.65,528.50,3735.83,2.60
11.32,-3.15,0,-606.11,8.66,528.54,3735.83,2.86
11.33,-3.15,0,-606.11,8.66,528.54,3735.83,2.86
11.34,-3.15,0,-606.11,8.66,528.54,3735.83,2.86
11.35,-3.10,0,-606.07,8.66,528.59,3735.83,3.11
11.36,-3.10,0,-606.07,8.66,528.59,3735.83,3.11
11.37,-3.04,0,-606.02,8.66,528.64,3736.20,3.35
11.37,-3.04,0,-606.02,8.66,528.64,3736.20,3.35
11.38,-2.98,0,-605.97,8.66,528.69,3736.20,3.60
11.39,-2.98,0,-605.97,8.66,528.69,3736.20,3.60
11.40,-2.98,0,-605.97,8.66,528.69,3736.20,3.60
11.41,-2.91,0,-605.92,8.66,528.74,3736.20,3.85
11.42,-2.91,0,-605.92,8.66,528.74,3736.20,3.85
11.42,-2.84,0,-605.86,8.66,528.80,3736.20,4.09
11.43,-2.84,0,-605.86,8.66,528.80,3736.20,4.09
11.44,-2.84,0,-605.86,8.66,528.80,3736.20,4.09
11.45,-2.76,0,-605.80,8.66,528.86,3736.20,4.29
11.46,-2.76,0,-605.80,8.66,528.86,3736.20,4.29
11.47,-2.68,0,-605.74,8.67,528.93,3736.20,4.38
11.48,-2.68,0,-605.74,8.67,528.93,3736.20,4.38
11.48,-2.60,0,-605.68,8.67,528.99,3736.20,4.34
11.52,-2.53,0,-605.62,8.67,529.05,3736.20,4.29
11.53,-2.46,0,-605.56,8.67,529.11,3736.20,4.18
11.53,-2.46,0,-605.56,8.67,529.11,3736.20,4.18
11.54,-2.46,0,-605.56,8.67,529.11,3736.20,4.18
11.55,-2.38,0,-605.50,8.67,529.16,3736.20,4.02
11.56,-2.38,0,-605.50,8.67,529.16,3736.20,4.02
11.57,-2.34,0,-605.45,8.68,529.22,3736.20,3.80
11.58,-2.34,0,-605.45,8.68,529.22,3736.20,3.80
11.58,-2.28,0,-605.40,8.68,529.27,3736.20,3.49
11.59,-2.28,0,-605.40,8.68,529.27,3736.20,3.49
11.60,-2.28,0,-605.40,8.68,529.27,3736.20,3.49
11.61,-2.22,0,-605.36,8.68,529.31,3736.20,3.06
11.62,-2.22,0,-605.36,8.68,529.31,3736.20,3.06
11.63,-2.17,0,-605.32,8.68,529.35,3737.07,2.69
11.63,-2.17,0,-605.32,8.68,529.35,3737.07,2.69
11.64,-2.17,0,-605.32,8.68,529.35,3737.07,2.69
11.65,-2.13,0,-605.29,8.68,529.38,3737.07,2.36
11.66,-2.13,0,-605.29,8.68,529.38,3737.07,2.36
11.67,-2.09,0,-605.26,8.68,529.41,3737.07,2.07
11.68,-2.09,0,-605.26,8.68,529.41,3737.07,2.07
11.69,-2.06,0,-605.23,8.68,529.44,3737.07,1.82
11.70,-2.06,0,-605.23,8.68,529.44,3737.07,1.82
11.71,-2.03,0,-605.21,8.69,529.46,3737.07,1.60
11.71,-2.03,0,-605.21,8.69,529.46,3737.07,1.60
11.72,-2.03,0,-605.21,8.69,529.46,3737.07,1.60
11.73,-2.00,0,-605.19,8.69,529.48,3737.07,1.40
11.74,-2.00,0,-605.19,8.69,529.48,3737.07,1.40
11.75,-1.98,0,-605.17,8.69,529.49,3737.07,1.23
11.76,-1.98,0,-605.17,8.69,529.49,3737.07,1.23
11.76,-1.96,0,-605.15,8.69,529.51,3737.07,1.08
11.77,-1.96,0,-605.15,8.69,529.51,3737.07,1.08
11.78,-1.96,0,-605.15,8.69,529.51,3737.07,1.08
11.79,-1.94,0,-605.14,8.69,529.52,3737.07,0.94
11.80,-1.94,0,-605.14,8.69,529.52,3737.07,0.94
11.81,-1.93,0,-605.13,8.69,529.53,3737.07,0.82
11.81,-1.93,0,-605.13,8.69,529.53,3737.07,0.82
11.82,-1.93,0,-605.13,8.69,529.53,3737.07,0.82
11.83,-1.91,0,-605.12,8.69,529.54,3737.07,0.72
11.84,-1.91,0,-605.12,8.69,529.54,3737.07,0.72
11.85,-1.90,0,-605.11,8.69,529.55,3737.07,0.63
11.86,-1.90,0,-605.11,8.69,529.55,3737.07,0.63
11.86,-1.89,0,-605.10,8.69,529.56,3737.07,0.53
11.87,-1.89,0,-605.10,8.69,529.56,3737.07,0.53
11.88,-1.89,0,-605.10,8.69,529.56,3737.07,0.53
11.89,-1.88,0,-605.09,8.69,529.56,3737.40,0.44
11.90,-1.88,0,-605.09,8.69,529.56,3737.40,0.44
11.91,-1.88,0,-605.09,8.69,529.57,3737.40,0.37
11.92,-1.88,0,-605.09,8.69,529.57,3737.40,0.37
11.92,-1.87,0,-605.08,8.69,529.57,3737.40,0.30
11.93,-1.87,0,-605.08,8.69,529.57,3737.40,0.30
11.94,-1.87,0,-605.08,8.69,529.57,3737.40,0.30
11.95,-1.87,0,-605.08,8.69,529.58,3737.40,0.25
11.96,-1.87,0,-605.08,8.69,529.58,3737.40,0.25
11.97,-1.86,0,-605.08,8.69,529.58,3737.40,0.21
11.97,-1.86,0,-605.08,8.69,529.58,3737.40,0.21
11.98,-1.86,0,-605.08,8.69,529.58,3737.40,0.21
11.99,-1.86,0,-605.07,8.69,529.58,3737.40,0.17
12.00,-1.86,0,-605.07,8.69,529.58,3737.40,0.17
12.01,-1.86,0,-605.07,8.69,529.58,3737.40,0.14
12.02,-1.86,0,-605.07,8.69,529.58,3737.40,0.14
12.02,-1.86,0,-605.07,8.69,529.58,3737.40,0.11
12.03,-1.86,0,-605.07,8.69,529.58,3737.40,0.11
12.04,-1.86,0,-605.07,8.69,529.58,3737.40,0.11
12.05,-1.85,0,-605.07,8.69,529.59,3737.40,0.09
12.06,-1.85,0,-605.07,8.69,529.59,3737.40,0.09
12.07,-1.85,0,-605.07,8.69,529.59,3737.40,0.07
12.07,-1.85,0,-605.07,8.69,529.59,3737.40,0.07
12.08,-1.85,0,-605.07,8.69,529.59,3737.40,0.07
12.09,-1.85,0,-605.06,8.69,529.59,3737.40,0.06
12.10,-1.85,0,-605.06,8.69,529.59,3737.40,0.06
12.11,-1.85,0,-605.06,8.69,529.59,3737.40,0.05
12.12,-1.85,0,-605.06,8.69,529.59,3737.40,0.05
12.12,-1.85,0,-605.06,8.69,529.59,3737.40,0.03
12.13,-1.85,0,-605.06,8.69,529.59,3737.40,0.03
12.14,-1.85,0,-605.06,8.69,529.59,3737.40,0.03
12.15,-1.85,0,-605.06,8.69,529.59,3737.44,0.02
12.16,-1.85,0,-605.06,8.69,529.59,3737.44,0.02
12.17,-1.85,0,-605.06,8.69,529.59,3737.44,0.02
12.17,-1.85,0,-605.06,8.69,529.59,3737.44,0.02
12.18,-1.85,0,-605.06,8.69,529.59,3737.44,0.02
12.19,-1.85,0,-605.06,8.69,529.59,3737.44,0.01
12.20,-1.85,0,-605.06,8.69,529.59,3737.44,0.01
12.21,-1.85,0,-605.06,8.69,529.59,3737.44,0.01
12.22,-1.85,0,-605.06,8.69,529.59,3737.44,0.01
12.22,-1.85,0,-605.06,8.69,529.59,3737.44,0.00
12.23,-1.85,0,-605.06,8.69,529.59,3737.44,0.00
12.24,-1.85,0,-605.06,8.69,529.59,3737.44,0.00
12.25,-1.85,0,-605.06,8.69,529.59,3737.44,0.00
12.26,-1.85,0,-605.06,8.69,529.59,3737.44,0.00
12.27,-1.85,0,-605.06,8.69,529.59,3737.44,-0.01
12.27,-1.85,0,-605.06,8.69,529.59,3737.44,-0.01
12.28,-1.85,0,-605.06,8.69,529.59,3737.44,-0.01
12.29,-1.85,0,-605.06,8.69,529.59,3737.44,-0.01
12.30,-1.85,0,-605.06,8.69,529.59,3737.44,-0.01
12.31,-1.85,0,-605.06,8.69,529.59,3737.44,-0.01
12.32,-1.85,0,-605.06,8.69,529.59,3737.44,-0.01
12.33,-1.85,0,-605.06,8.69,529.59,3737.44,-0.01
12.34,-1.85,0,-605.06,8.69,529.59,3737.44,-0.01
12.34,-1.85,0,-605.06,8.69,529.59,3737.44,-0.02
12.35,-1.85,0,-605.06,8.69,529.59,3737.44,-0.02
12.36,-1.85,0,-605.06,8.69,529.59,3737.44,-0.02
12.37,-1.85,0,-605.06,8.69,529.58,3737.44,-0.02
12.38,-1.85,0,-605.06,8.69,529.58,3737.44,-0.02
12.39,-1.85,0,-605.06,8.69,529.58,3737.44,-0.02
12.39,-1.85,0,-605.06,8.69,529.58,3737.44,-0.02
12.40,-1.85,0,-605.06,8.69,529.58,3737.44,-0.02
12.41,-1.85,0,-605.06,8.69,529.58,3737.44,-0.02
12.42,-1.85,0,-605.06,8.69,529.58,3737.44,-0.02
12.43,-1.85,0,-605.06,8.69,529.58,3737.44,-0.02
12.44,-1.85,0,-605.06,8.69,529.58,3737.44,-0.02
12.44,-1.85,0,-605.06,8.69,529.58,3737.44,-0.02
12.45,-1.85,0,-605.06,8.69,529.58,3737.44,-0.02
12.46,-1.85,0,-605.06,8.69,529.58,3737.44,-0.02
12.47,-1.85,0,-605.06,8.69,529.58,3737.44,-0.02
12.48,-1.85,0,-605.06,8.69,529.58,3737.44,-0.02
12.49,-1.85,0,-605.06,8.69,529.58,3737.44,-0.02
12.49,-1.85,0,-605.06,8.69,529.58,3737.44,-0.02
12.50,-1.85,0,-605.06,8.69,529.58,3737.44,-0.02
12.52,-1.86,0,-605.06,8.69,529.58,3737.44,-0.02
12.53,-1.86,0,-605.06,8.69,529.58,3737.44,-0.02
12.54,-1.86,0,-605.06,8.69,529.58,3737.44,-0.02
12.55,-1.86,0,-605.06,8.69,529.58,3737.44,-0.02
12.55,-1.86,0,-605.06,8.69,529.58,3737.44,-0.02
12.56,-1.86,0,-605.06,8.69,529.58,3737.44,-0.02
12.57,-1.86,0,-605.06,8.69,529.58,3737.44,-0.02
12.58,-1.86,0,-605.06,8.69,529.58,3737.44,-0.02
12.59,-1.86,0,-605.06,8.69,529.58,3737.44,-0.02
12.60,-1.86,0,-605.06,8.69,529.58,3737.44,-0.02
12.60,-1.86,0,-605.06,8.69,529.58,3737.44,-0.02
12.61,-1.86,0,-605.06,8.69,529.58,3737.44,-0.02
12.62,-1.86,0,-605.06,8.69,529.58,3737.44,-0.02
12.63,-1.86,0,-605.06,8.69,529.58,3737.44,-0.02
12.64,-1.86,0,-605.06,8.69,529.58,3737.44,-0.02
12.65,-1.86,0,-605.06,8.69,529.58,3737.44,-0.02
12.66,-1.86,0,-605.06,8.69,529.58,3737.44,-0.02
12.66,-1.86,0,-605.06,8.69,529.58,3737.44,-0.02
12.69,-1.86,0,-605.06,8.69,529.58,3737.44,-0.02
12.70,-1.86,0,-605.06,8.69,529.58,3737.44,-0.02
12.71,-1.86,0,-605.06,8.69,529.58,3737.44,-0.02
12.72,-1.86,0,-605.06,8.69,529.58,3737.44,-0.02
12.73,-1.86,0,-605.06,8.69,529.58,3737.44,-0.02
12.74,-1.86,0,-605.06,8.69,529.58,3737.44,-0.02
12.74,-1.86,0,-605.06,8.69,529.57,3737.44,-0.02
12.75,-1.86,0,-605.06,8.69,529.57,3737.44,-0.02
12.76,-1.86,0,-605.06,8.69,529.57,3737.44,-0.02
12.77,-1.86,0,-605.06,8.69,529.57,3737.44,-0.02
12.78,-1.86,0,-605.06,8.69,529.57,3737.44,-0.02
12.79,-1.86,0,-605.06,8.69,529.57,3737.44,-0.02
12.79,-1.86,0,-605.06,8.69,529.57,3737.44,-0.02
12.80,-1.86,0,-605.06,8.69,529.57,3737.44,-0.02
12.81,-1.86,0,-605.06,8.69,529.57,3737.44,-0.02
12.82,-1.86,0,-605.06,8.69,529.57,3737.44,-0.02
12.83,-1.86,0,-605.06,8.69,529.57,3737.44,-0.02
12.84,-1.86,0,-605.06,8.69,529.57,3737.44,-0.02
12.84,-1.87,0,-605.07,8.69,529.57,3737.44,-0.02
12.86,-1.87,0,-605.07,8.69,529.57,3737.44,-0.02
12.88,-1.87,0,-605.07,8.69,529.57,3737.44,-0.02
12.89,-1.87,0,-605.07,8.69,529.57,3737.44,-0.02
12.90,-1.87,0,-605.07,8.69,529.57,3737.44,-0.02
12.91,-1.87,0,-605.07,8.69,529.57,3737.44,-0.02
12.91,-1.87,0,-605.07,8.69,529.57,3737.44,-0.02
12.92,-1.87,0,-605.07,8.69,529.57,3737.44,-0.02
12.93,-1.87,0,-605.07,8.69,529.57,3737.43,-0.02
12.94,-1.87,0,-605.07,8.69,529.57,3737.43,-0.02
12.95,-1.87,0,-605.07,8.69,529.57,3737.43,-0.02
12.96,-1.87,0,-605.07,8.69,529.57,3737.43,-0.02
12.97,-1.87,0,-605.07,8.69,529.57,3737.43,-0.02
12.97,-1.87,0,-605.07,8.69,529.57,3737.43,-0.02
12.98,-1.87,0,-605.07,8.69,529.57,3737.43,-0.02
12.99,-1.87,0,-605.07,8.69,529.57,3737.43,-0.02
13.00,-1.87,0,-605.07,8.69,529.57,3737.43,-0.02
13.01,-1.87,0,-605.07,8.69,529.57,3737.43,-0.02
13.02,-1.87,0,-605.07,8.69,529.57,3737.43,-0.02
13.02,-1.87,0,-605.07,8.69,529.57,3737.43,-0.02
13.03,-1.87,0,-605.07,8.69,529.57,3737.43,-0.02
13.04,-1.87,0,-605.07,8.69,529.57,3737.43,-0.02
13.05,-1.87,0,-605.07,8.69,529.57,3737.43,-0.02
13.06,-1.87,0,-605.07,8.69,529.57,3737.43,-0.02
13.07,-1.87,0,-605.07,8.69,529.57,3737.43,-0.02
13.07,-1.87,0,-605.07,8.69,529.57,3737.43,-0.02
13.08,-1.87,0,-605.07,8.69,529.57,3737.43,-0.02
13.09,-1.87,0,-605.07,8.69,529.57,3737.43,-0.02
13.10,-1.87,0,-605.07,8.69,529.57,3737.43,-0.02
13.11,-1.87,0,-605.07,8.69,529.56,3737.43,-0.02
13.12,-1.87,0,-605.07,8.69,529.56,3737.43,-0.02
13.12,-1.87,0,-605.07,8.69,529.56,3737.43,-0.02
13.13,-1.87,0,-605.07,8.69,529.56,3737.43,-0.02
13.14,-1.87,0,-605.07,8.69,529.56,3737.43,-0.02
13.15,-1.87,0,-605.07,8.69,529.56,3737.43,-0.02
13.16,-1.87,0,-605.07,8.69,529.56,3737.43,-0.02
13.17,-1.87,0,-605.07,8.69,529.56,3737.43,-0.02
13.17,-1.87,0,-605.07,8.69,529.56,3737.43,-0.02
13.18,-1.87,0,-605.07,8.69,529.56,3737.43,-0.02
13.19,-1.88,0,-605.07,8.69,529.56,3737.42,-0.02
13.20,-1.88,0,-605.07,8.69,529.56,3737.42,-0.02
13.21,-1.88,0,-605.07,8.69,529.56,3737.42,-0.02
13.22,-1.88,0,-605.07,8.69,529.56,3737.42,-0.02
13.23,-1.88,0,-605.07,8.69,529.56,3737.42,-0.02
13.24,-1.88,0,-605.07,8.69,529.56,3737.42,-0.02
13.25,-1.88,0,-605.07,8.69,529.56,3737.42,-0.02
13.26,-1.88,0,-605.07,8.69,529.56,3737.42,-0.02
13.26,-1.88,0,-605.07,8.69,529.56,3737.42,-0.02
13.27,-1.88,0,-605.07,8.69,529.56,3737.42,-0.02
13.28,-1.88,0,-605.07,8.69,529.56,3737.42,-0.02
13.29,-1.88,0,-605.07,8.69,529.56,3737.42,-0.02
13.30,-1.88,0,-605.07,8.69,529.56,3737.42,-0.02
13.31,-1.88,0,-605.07,8.69,529.56,3737.42,-0.02
13.31,-1.88,0,-605.07,8.69,529.56,3737.42,-0.02
13.32,-1.88,0,-605.07,8.69,529.56,3737.42,-0.02
13.33,-1.88,0,-605.07,8.69,529.56,3737.42,-0.02
13.34,-1.88,0,-605.07,8.69,529.56,3737.42,-0.02
13.35,-1.88,0,-605.07,8.69,529.56,3737.42,-0.02
13.36,-1.88,0,-605.07,8.69,529.56,3737.42,-0.02
13.36,-1.88,0,-605.07,8.69,529.56,3737.42,-0.02
13.37,-1.88,0,-605.07,8.69,529.56,3737.42,-0.02
13.38,-1.88,0,-605.07,8.69,529.56,3737.42,-0.02
13.39,-1.88,0,-605.07,8.69,529.56,3737.42,-0.02
13.40,-1.88,0,-605.07,8.69,529.56,3737.42,-0.02
13.41,-1.88,0,-605.07,8.69,529.56,3737.42,-0.02
13.42,-1.88,0,-605.07,8.69,529.56,3737.42,-0.02
13.43,-1.88,0,-605.07,8.69,529.56,3737.42,-0.02
13.44,-1.88,0,-605.07,8.69,529.56,3737.42,-0.02
13.44,-1.88,0,-605.07,8.69,529.56,3737.41,-0.02
13.45,-1.88,0,-605.07,8.69,529.56,3737.41,-0.02
13.46,-1.88,0,-605.07,8.69,529.56,3737.41,-0.02
13.47,-1.88,0,-605.07,8.69,529.55,3737.41,-0.02
13.48,-1.88,0,-605.07,8.69,529.55,3737.41,-0.02
13.49,-1.88,0,-605.07,8.69,529.55,3737.41,-0.02
13.49,-1.88,0,-605.07,8.69,529.55,3737.41,-0.02
13.50,-1.88,0,-605.07,8.69,529.55,3737.41,-0.02
13.51,-1.88,0,-605.07,8.69,529.55,3737.41,-0.02
13.52,-1.88,0,-605.07,8.69,529.55,3737.41,-0.02
13.53,-1.88,0,-605.07,8.69,529.55,3737.41,-0.02
13.54,-1.88,0,-605.07,8.69,529.55,3737.41,-0.02
13.54,-1.89,0,-605.07,8.69,529.55,3737.41,-0.02
13.55,-1.89,0,-605.07,8.69,529.55,3737.41,-0.02
13.56,-1.89,0,-605.07,8.69,529.55,3737.41,-0.02
13.57,-1.89,0,-605.07,8.69,529.55,3737.41,-0.02
13.58,-1.89,0,-605.07,8.69,529.55,3737.41,-0.02
13.59,-1.89,0,-605.07,8.69,529.55,3737.41,-0.02
13.59,-1.89,0,-605.07,8.69,529.55,3737.41,-0.02
13.60,-1.89,0,-605.07,8.69,529.55,3737.41,-0.02
13.61,-1.89,0,-605.07,8.69,529.55,3737.41,-0.02
13.62,-1.89,0,-605.07,8.69,529.55,3737.41,-0.02
13.63,-1.89,0,-605.07,8.69,529.55,3737.41,-0.02
13.64,-1.89,0,-605.07,8.69,529.55,3737.41,-0.02
13.64,-1.89,0,-605.07,8.69,529.55,3737.41,-0.02
13.65,-1.89,0,-605.07,8.69,529.55,3737.41,-0.02
13.66,-1.89,0,-605.07,8.69,529.55,3737.41,-0.02
13.67,-1.89,0,-605.07,8.69,529.55,3737.41,-0.02
13.68,-1.89,0,-605.07,8.69,529.55,3737.41,-0.02
13.69,-1.89,0,-605.07,8.69,529.55,3737.41,-0.02
13.69,-1.89,0,-605.07,8.69,529.55,3737.41,-0.02
13.70,-1.89,0,-605.07,8.69,529.55,3737.41,-0.02
13.71,-1.89,0,-605.07,8.69,529.55,3737.41,-0.02
13.72,-1.89,0,-605.07,8.69,529.55,3737.41,-0.02
13.73,-1.89,0,-605.07,8.69,529.55,3737.41,-0.02
13.74,-1.89,0,-605.07,8.69,529.55,3737.41,-0.02
13.74,-1.89,0,-605.07,8.69,529.55,3737.41,-0.02
13.75,-1.89,0,-605.07,8.69,529.55,3737.41,-0.02
13.76,-1.89,0,-605.07,8.69,529.55,3737.41,-0.02
13.77,-1.89,0,-605.07,8.69,529.55,3737.41,-0.02
13.78,-1.89,0,-605.07,8.69,529.55,3737.41,-0.02
13.79,-1.89,0,-605.07,8.69,529.55,3737.41,-0.02
13.79,-1.89,0,-605.07,8.69,529.55,3737.41,-0.02
13.80,-1.89,0,-605.07,8.69,529.55,3737.41,-0.02
13.81,-1.89,0,-605.07,8.69,529.55,3737.41,-0.02
13.82,-1.89,0,-605.07,8.69,529.55,3737.41,-0.02
13.83,-1.89,0,-605.07,8.69,529.54,3737.41,-0.02
13.84,-1.89,0,-605.07,8.69,529.54,3737.41,-0.02
13.84,-1.89,0,-605.07,8.69,529.54,3737.41,-0.02
13.85,-1.89,0,-605.07,8.69,529.54,3737.41,-0.02
13.86,-1.89,0,-605.07,8.69,529.54,3737.41,-0.02
13.87,-1.89,0,-605.07,8.69,529.54,3737.41,-0.02
13.88,-1.90,0,-605.07,8.69,529.54,3737.41,-0.02
13.89,-1.90,0,-605.07,8.69,529.54,3737.41,-0.02
13.90,-1.90,0,-605.07,8.69,529.54,3737.41,-0.02
13.91,-1.90,0,-605.07,8.69,529.54,3737.41,-0.02
13.92,-1.90,0,-605.07,8.69,529.54,3737.41,-0.02
13.93,-1.90,0,-605.08,8.69,529.54,3737.41,-0.02
13.93,-1.90,0,-605.08,8.69,529.54,3737.41,-0.02
13.94,-1.90,0,-605.08,8.69,529.54,3737.41,-0.02
13.95,-1.90,0,-605.08,8.69,529.54,3737.41,-0.02
13.96,-1.90,0,-605.08,8.69,529.54,3737.41,-0.02
13.97,-1.90,0,-605.08,8.69,529.54,3737.40,-0.02
13.98,-1.90,0,-605.08,8.69,529.54,3737.40,-0.02
13.98,-1.90,0,-605.08,8.69,529.54,3737.40,-0.02
13.99,-1.90,0,-605.08,8.69,529.54,3737.40,-0.02
14.00,-1.90,0,-605.08,8.69,529.54,3737.40,-0.02
14.01,-1.90,0,-605.08,8.69,529.54,3737.40,-0.02
14.02,-1.90,0,-605.08,8.69,529.54,3737.40,-0.02
14.03,-1.90,0,-605.08,8.69,529.54,3737.40,-0.02
14.03,-1.90,0,-605.08,8.69,529.54,3737.40,-0.02
14.04,-1.90,0,-605.08,8.69,529.54,3737.40,-0.02
14.05,-1.90,0,-605.08,8.69,529.54,3737.40,-0.02
14.06,-1.90,0,-605.08,8.69,529.54,3737.40,-0.02
14.07,-1.90,0,-605.08,8.69,529.54,3737.40,-0.02
14.08,-1.90,0,-605.08,8.69,529.54,3737.40,-0.02
14.09,-1.90,0,-605.08,8.69,529.54,3737.40,-0.02
14.09,-1.90,0,-605.08,8.69,529.54,3737.40,-0.02
14.10,-1.90,0,-605.08,8.69,529.54,3737.40,-0.02
14.11,-1.90,0,-605.08,8.69,529.54,3737.40,-0.02
14.12,-1.90,0,-605.08,8.69,529.54,3737.40,-0.02
14.13,-1.90,0,-605.08,8.69,529.54,3737.40,-0.02
14.14,-1.90,0,-605.08,8.69,529.54,3737.40,-0.02
14.14,-1.90,0,-605.08,8.69,529.54,3737.40,-0.02
14.15,-1.90,0,-605.08,8.69,529.54,3737.40,-0.02
14.16,-1.90,0,-605.08,8.69,529.54,3737.40,-0.02
14.17,-1.90,0,-605.08,8.69,529.54,3737.40,-0.02
14.18,-1.90,0,-605.08,8.69,529.54,3737.40,-0.02
14.19,-1.90,0,-605.08,8.69,529.54,3737.40,-0.02
14.19,-1.90,0,-605.08,8.69,529.54,3737.40,-0.02
14.20,-1.90,0,-605.08,8.69,529.53,3737.40,-0.02
14.21,-1.90,0,-605.08,8.69,529.53,3737.40,-0.02
14.22,-1.90,0,-605.08,8.69,529.53,3737.40,-0.02
14.23,-1.91,0,-605.08,8.69,529.53,3737.39,-0.02
14.24,-1.91,0,-605.08,8.69,529.53,3737.39,-0.02
14.25,-1.91,0,-605.08,8.69,529.53,3737.39,-0.02
14.26,-1.91,0,-605.08,8.69,529.53,3737.39,-0.02
14.27,-1.91,0,-605.08,8.69,529.53,3737.39,-0.02
14.27,-1.91,0,-605.08,8.69,529.53,3737.39,-0.02
14.28,-1.91,0,-605.08,8.69,529.53,3737.39,-0.02
14.29,-1.91,0,-605.08,8.69,529.53,3737.39,-0.02
14.30,-1.91,0,-605.08,8.69,529.53,3737.39,-0.02
14.31,-1.91,0,-605.08,8.69,529.53,3737.39,-0.02
14.32,-1.91,0,-605.08,8.69,529.53,3737.39,-0.02
14.32,-1.91,0,-605.08,8.69,529.53,3737.39,-0.02
14.33,-1.91,0,-605.08,8.69,529.53,3737.39,-0.02
14.34,-1.91,0,-605.08,8.69,529.53,3737.39,-0.02
14.35,-1.91,0,-605.08,8.69,529.53,3737.39,-0.02
14.36,-1.91,0,-605.08,8.69,529.53,3737.39,-0.02
14.37,-1.91,0,-605.08,8.69,529.53,3737.39,-0.02
14.37,-1.91,0,-605.08,8.69,529.53,3737.39,-0.02
14.38,-1.91,0,-605.08,8.69,529.53,3737.39,-0.02
14.39,-1.91,0,-605.08,8.69,529.53,3737.39,-0.02
14.40,-1.91,0,-605.08,8.69,529.53,3737.39,-0.02
14.41,-1.91,0,-605.08,8.69,529.53,3737.39,-0.02
14.42,-1.91,0,-605.08,8.69,529.53,3737.39,-0.02
14.42,-1.91,0,-605.08,8.69,529.53,3737.39,-0.02
14.43,-1.91,0,-605.08,8.69,529.53,3737.39,-0.02
14.44,-1.91,0,-605.08,8.69,529.53,3737.39,-0.02
14.45,-1.91,0,-605.08,8.69,529.53,3737.39,-0.02
14.46,-1.91,0,-605.08,8.69,529.53,3737.39,-0.02
14.47,-1.91,0,-605.08,8.69,529.53,3737.39,-0.02
14.47,-1.91,0,-605.08,8.69,529.53,3737.39,-0.02
14.48,-1.91,0,-605.08,8.69,529.53,3737.39,-0.02
14.49,-1.91,0,-605.08,8.69,529.53,3737.38,-0.02
14.50,-1.91,0,-605.08,8.69,529.53,3737.38,-0.02
14.51,-1.91,0,-605.08,8.69,529.53,3737.38,-0.02
14.52,-1.91,0,-605.08,8.69,529.53,3737.38,-0.02
14.52,-1.91,0,-605.08,8.69,529.53,3737.38,-0.02
14.53,-1.91,0,-605.08,8.69,529.53,3737.38,-0.02
14.54,-1.91,0,-605.08,8.69,529.53,3737.38,-0.02
14.55,-1.91,0,-605.08,8.69,529.53,3737.38,-0.02
14.56,-1.91,0,-605.08,8.69,529.53,3737.38,-0.02
14.57,-1.91,0,-605.08,8.69,529.52,3737.38,-0.02
14.57,-1.91,0,-605.08,8.69,529.52,3737.38,-0.02
14.58,-1.91,0,-605.08,8.69,529.52,3737.38,-0.02
14.59,-1.92,0,-605.08,8.69,529.52,3737.38,-0.02
14.60,-1.92,0,-605.08,8.69,529.52,3737.38,-0.02
14.61,-1.92,0,-605.08,8.69,529.52,3737.38,-0.02
14.62,-1.92,0,-605.08,8.69,529.52,3737.38,-0.02
14.63,-1.92,0,-605.08,8.69,529.52,3737.38,-0.02
14.64,-1.92,0,-605.08,8.69,529.52,3737.38,-0.02
14.64,-1.92,0,-605.08,8.69,529.52,3737.38,-0.02
14.65,-1.92,0,-605.08,8.69,529.52,3737.38,-0.02
14.66,-1.92,0,-605.08,8.69,529.52,3737.38,-0.02
14.67,-1.92,0,-605.08,8.69,529.52,3737.38,-0.02
14.68,-1.92,0,-605.08,8.69,529.52,3737.38,-0.02
14.69,-1.92,0,-605.08,8.69,529.52,3737.38,-0.02
14.69,-1.92,0,-605.08,8.69,529.52,3737.38,-0.02
14.70,-1.92,0,-605.08,8.69,529.52,3737.38,-0.02
14.71,-1.92,0,-605.08,8.69,529.52,3737.38,-0.02
14.72,-1.92,0,-605.08,8.69,529.52,3737.38,-0.02
14.73,-1.92,0,-605.08,8.69,529.52,3737.38,-0.02
14.74,-1.92,0,-605.08,8.69,529.52,3737.38,-0.02
14.74,-1.92,0,-605.08,8.69,529.52,3737.38,-0.02
14.75,-1.92,0,-605.08,8.69,529.52,3737.38,-0.02
14.76,-1.92,0,-605.08,8.69,529.52,3737.38,-0.02
14.77,-1.92,0,-605.08,8.69,529.52,3737.38,-0.02
14.78,-1.92,0,-605.08,8.69,529.52,3737.38,-0.02
14.79,-1.92,0,-605.08,8.69,529.52,3737.38,-0.02
14.80,-1.92,0,-605.08,8.69,529.52,3737.38,-0.02
14.80,-1.92,0,-605.08,8.69,529.52,3737.38,-0.02
14.81,-1.92,0,-605.08,8.69,529.52,3737.38,-0.02
14.82,-1.92,0,-605.08,8.69,529.52,3737.38,-0.02
14.83,-1.92,0,-605.08,8.69,529.52,3737.38,-0.02
14.84,-1.92,0,-605.08,8.69,529.52,3737.38,-0.02
14.85,-1.92,0,-605.08,8.69,529.52,3737.38,-0.02
14.85,-1.92,0,-605.08,8.69,529.52,3737.38,-0.02
14.86,-1.92,0,-605.08,8.69,529.52,3737.38,-0.02
14.87,-1.92,0,-605.08,8.69,529.52,3737.38,-0.02
14.88,-1.92,0,-605.08,8.69,529.52,3737.38,-0.02
14.89,-1.92,0,-605.08,8.69,529.52,3737.38,-0.02
14.90,-1.92,0,-605.08,8.69,529.52,3737.38,-0.02
14.90,-1.92,0,-605.08,8.69,529.52,3737.38,-0.02
14.91,-1.92,0,-605.08,8.69,529.52,3737.38,-0.02
14.93,-1.93,0,-605.08,8.69,529.51,3737.38,-0.02
14.94,-1.93,0,-605.08,8.69,529.51,3737.38,-0.02
14.95,-1.93,0,-605.08,8.69,529.51,3737.38,-0.02
14.95,-1.93,0,-605.08,8.69,529.51,3737.38,-0.02
14.96,-1.93,0,-605.08,8.69,529.51,3737.38,-0.02
14.97,-1.93,0,-605.08,8.69,529.51,3737.38,-0.02
14.98,-1.93,0,-605.08,8.69,529.51,3737.38,-0.02
14.99,-1.93,0,-605.08,8.69,529.51,3737.38,-0.02
15.00,-1.93,0,-605.08,8.69,529.51,3737.38,-0.02
15.00,-1.93,0,-605.08,8.69,529.51,3737.37,-0.02
15.01,-1.93,0,-605.08,8.69,529.51,3737.37,-0.02
15.02,-1.93,0,-605.08,8.69,529.51,3737.37,-0.02
15.03,-1.93,0,-605.09,8.69,529.51,3737.37,-0.02
15.04,-1.93,0,-605.09,8.69,529.51,3737.37,-0.02
15.05,-1.93,0,-605.09,8.68,529.51,3737.37,-0.02
15.05,-1.93,0,-605.09,8.68,529.51,3737.37,-0.02
15.06,-1.93,0,-605.09,8.68,529.51,3737.37,-0.02
15.07,-1.93,0,-605.09,8.68,529.51,3737.37,-0.02
15.08,-1.93,0,-605.09,8.68,529.51,3737.37,-0.02
15.09,-1.93,0,-605.09,8.68,529.51,3737.37,-0.02
15.10,-1.93,0,-605.09,8.68,529.51,3737.37,-0.02
15.11,-1.93,0,-605.09,8.68,529.51,3737.37,-0.02
15.11,-1.93,0,-605.09,8.68,529.51,3737.37,-0.02
15.12,-1.93,0,-605.09,8.68,529.51,3737.37,-0.02
15.13,-1.93,0,-605.09,8.68,529.51,3737.37,-0.02
15.14,-1.93,0,-605.09,8.68,529.51,3737.37,-0.02
15.15,-1.93,0,-605.09,8.68,529.51,3737.37,-0.02
15.16,-1.93,0,-605.09,8.68,529.51,3737.37,-0.02
15.16,-1.93,0,-605.09,8.68,529.51,3737.37,-0.02
15.17,-1.93,0,-605.09,8.68,529.51,3737.37,-0.02
15.18,-1.93,0,-605.09,8.68,529.51,3737.37,-0.02
15.19,-1.93,0,-605.09,8.68,529.51,3737.37,-0.02
15.20,-1.93,0,-605.09,8.68,529.51,3737.37,-0.02
15.21,-1.93,0,-605.09,8.68,529.51,3737.37,-0.02
15.21,-1.93,0,-605.09,8.68,529.51,3737.37,-0.02
15.22,-1.93,0,-605.09,8.68,529.51,3737.37,-0.02
15.23,-1.93,0,-605.09,8.68,529.51,3737.37,-0.02
15.24,-1.93,0,-605.09,8.68,529.51,3737.37,-0.02
15.25,-1.93,0,-605.09,8.68,529.51,3737.37,-0.02
15.26,-1.93,0,-605.09,8.68,529.51,3737.37,-0.02
15.26,-1.94,0,-605.09,8.68,529.51,3737.36,-0.02
15.27,-1.94,0,-605.09,8.68,529.51,3737.36,-0.02
15.28,-1.94,0,-605.09,8.68,529.51,3737.36,-0.02
15.29,-1.94,0,-605.09,8.68,529.50,3737.36,-0.02
15.30,-1.94,0,-605.09,8.68,529.50,3737.36,-0.02
15.31,-1.94,0,-605.09,8.68,529.50,3737.36,-0.02
15.31,-1.94,0,-605.09,8.68,529.50,3737.36,-0.02
15.32,-1.94,0,-605.09,8.68,529.50,3737.36,-0.02
15.33,-1.94,0,-605.09,8.68,529.50,3737.36,-0.02
15.34,-1.94,0,-605.09,8.68,529.50,3737.36,-0.02
15.35,-1.94,0,-605.09,8.68,529.50,3737.36,-0.02
15.36,-1.94,0,-605.09,8.68,529.50,3737.36,-0.02
15.36,-1.94,0,-605.09,8.68,529.50,3737.36,-0.02
15.37,-1.94,0,-605.09,8.68,529.50,3737.36,-0.02
15.38,-1.94,0,-605.09,8.68,529.50,3737.36,-0.02
15.39,-1.94,0,-605.09,8.68,529.50,3737.36,-0.02
15.40,-1.94,0,-605.09,8.68,529.50,3737.36,-0.02
15.41,-1.94,0,-605.09,8.68,529.50,3737.36,-0.02
15.41,-1.94,0,-605.09,8.68,529.50,3737.36,-0.02
15.42,-1.94,0,-605.09,8.68,529.50,3737.36,-0.02
15.43,-1.94,0,-605.09,8.68,529.50,3737.36,-0.02
15.44,-1.94,0,-605.09,8.68,529.50,3737.36,-0.02
15.45,-1.94,0,-605.09,8.68,529.50,3737.36,-0.02
15.46,-1.94,0,-605.09,8.68,529.50,3737.36,-0.02
15.46,-1.94,0,-605.09,8.68,529.50,3737.36,-0.02
15.47,-1.94,0,-605.09,8.68,529.50,3737.36,-0.02
15.48,-1.94,0,-605.09,8.68,529.50,3737.36,-0.02
15.49,-1.94,0,-605.09,8.68,529.50,3737.36,-0.02
15.50,-1.94,0,-605.09,8.68,529.50,3737.36,-0.02
15.51,-1.94,0,-605.09,8.68,529.50,3737.36,-0.02
15.51,-1.94,0,-605.09,8.68,529.50,3737.36,-0.02
15.52,-1.94,0,-605.09,8.68,529.50,3737.36,-0.02
15.53,-1.94,0,-605.09,8.68,529.50,3737.35,-0.02
15.54,-1.94,0,-605.09,8.68,529.50,3737.35,-0.02
15.55,-1.94,0,-605.09,8.68,529.50,3737.35,-0.02
15.56,-1.94,0,-605.09,8.68,529.50,3737.35,-0.02
15.57,-1.94,0,-605.09,8.68,529.50,3737.35,-0.02
15.57,-1.94,0,-605.09,8.68,529.50,3737.35,-0.02
15.58,-1.94,0,-605.09,8.68,529.50,3737.35,-0.02
15.59,-1.94,0,-605.09,8.68,529.50,3737.35,-0.02
15.60,-1.94,0,-605.09,8.68,529.50,3737.35,-0.02
15.61,-1.94,0,-605.09,8.68,529.50,3737.35,-0.02
15.62,-1.94,0,-605.09,8.68,529.50,3737.35,-0.02
15.62,-1.95,0,-605.09,8.68,529.50,3737.35,-0.02
15.63,-1.95,0,-605.09,8.68,529.50,3737.35,-0.02
15.64,-1.95,0,-605.09,8.68,529.50,3737.35,-0.02
15.65,-1.95,0,-605.09,8.68,529.49,3737.35,-0.02
15.66,-1.95,0,-605.09,8.68,529.49,3737.35,-0.02
15.67,-1.95,0,-605.09,8.68,529.49,3737.35,-0.02
15.67,-1.95,0,-605.09,8.68,529.49,3737.35,-0.02
15.68,-1.95,0,-605.09,8.68,529.49,3737.35,-0.02
15.69,-1.95,0,-605.09,8.68,529.49,3737.35,-0.02
15.70,-1.95,0,-605.09,8.68,529.49,3737.35,-0.02
15.71,-1.95,0,-605.09,8.68,529.49,3737.35,-0.02
15.72,-1.95,0,-605.09,8.68,529.49,3737.35,-0.02
15.73,-1.95,0,-605.09,8.68,529.49,3737.35,-0.03
15.73,-1.95,0,-605.09,8.68,529.49,3737.35,-0.03
15.75,-1.95,0,-605.09,8.68,529.49,3737.35,-0.03
15.75,-1.95,0,-605.09,8.68,529.49,3737.35,-0.03
15.76,-1.95,0,-605.09,8.68,529.49,3737.35,-0.03
15.77,-1.95,0,-605.09,8.68,529.49,3737.35,-0.03
15.78,-1.95,0,-605.09,8.68,529.49,3737.35,-0.03
15.79,-1.95,0,-605.09,8.68,529.49,3737.35,-0.03
15.80,-1.95,0,-605.09,8.68,529.49,3737.35,-0.03
15.80,-1.95,0,-605.09,8.68,529.49,3737.35,-0.03
15.81,-1.95,0,-605.09,8.68,529.49,3737.35,-0.03
15.82,-1.95,0,-605.09,8.68,529.49,3737.35,-0.03
15.83,-1.95,0,-605.09,8.68,529.49,3737.35,-0.03
15.84,-1.95,0,-605.09,8.68,529.49,3737.35,-0.03
15.85,-1.95,0,-605.09,8.68,529.49,3737.35,-0.03
15.85,-1.95,0,-605.09,8.68,529.49,3737.35,-0.03
15.86,-1.95,0,-605.09,8.68,529.49,3737.35,-0.03
15.87,-1.95,0,-605.09,8.68,529.49,3737.35,-0.03
15.88,-1.95,0,-605.09,8.68,529.49,3737.35,-0.03
15.89,-1.95,0,-605.09,8.68,529.49,3737.35,-0.03
15.90,-1.95,0,-605.09,8.68,529.49,3737.35,-0.03
15.90,-1.95,0,-605.09,8.68,529.49,3737.35,-0.03
15.91,-1.95,0,-605.09,8.68,529.49,3737.35,-0.03
15.92,-1.95,0,-605.09,8.68,529.49,3737.35,-0.03
15.93,-1.95,0,-605.09,8.68,529.49,3737.35,-0.03
15.94,-1.95,0,-605.09,8.68,529.49,3737.35,-0.03
15.95,-1.95,0,-605.09,8.68,529.49,3737.35,-0.03
15.95,-1.95,0,-605.09,8.68,529.49,3737.35,-0.03
15.96,-1.95,0,-605.09,8.68,529.49,3737.35,-0.03
15.97,-1.96,0,-605.09,8.68,529.49,3737.35,-0.03
15.98,-1.96,0,-605.09,8.68,529.49,3737.35,-0.03
15.99,-1.96,0,-605.09,8.68,529.49,3737.35,-0.03
16.00,-1.96,0,-605.09,8.68,529.49,3737.35,-0.03
16.00,-30.95,1,-611.98,8.69,501.63,3708.35,0.00
16.01,-30.95,1,-611.98,8.69,501.63,3708.35,0.00
16.02,-30.95,1,-611.98,8.69,501.63,3708.35,0.00
16.03,-30.95,1,-611.97,8.69,501.64,3708.35,0.27
16.04,-30.95,1,-611.97,8.69,501.64,3708.35,0.27
16.05,-30.94,1,-611.97,8.68,501.65,3708.35,0.54
16.05,-30.94,1,-611.97,8.68,501.65,3708.35,0.54
16.06,-30.94,1,-611.97,8.68,501.65,3708.35,0.54
16.07,-30.92,1,-611.97,8.68,501.66,3708.35,0.81
16.08,-30.92,1,-611.97,8.68,501.66,3708.35,0.81
16.09,-30.90,1,-611.96,8.68,501.68,3708.35,1.08
16.10,-30.90,1,-611.96,8.68,501.68,3708.35,1.08
16.10,-30.87,1,-611.95,8.67,501.71,3708.35,1.34
16.11,-30.87,1,-611.95,8.67,501.71,3708.35,1.34
16.12,-30.87,1,-611.95,8.67,501.71,3708.35,1.34
16.13,-30.84,1,-611.95,8.67,501.74,3708.35,1.61
16.14,-30.84,1,-611.95,8.67,501.74,3708.35,1.61
16.15,-30.80,1,-611.94,8.66,501.78,3708.35,1.87
16.16,-30.80,1,-611.94,8.66,501.78,3708.35,1.87
16.16,-30.76,1,-611.92,8.66,501.82,3708.35,2.13
16.17,-30.76,1,-611.92,8.66,501.82,3708.35,2.13
16.18,-30.76,1,-611.92,8.66,501.82,3708.35,2.13
16.19,-30.71,1,-611.91,8.66,501.86,3708.35,2.39
16.20,-30.71,1,-611.91,8.66,501.86,3708.35,2.39
16.21,-30.66,1,-611.90,8.65,501.91,3708.35,2.65
16.21,-30.66,1,-611.90,8.65,501.91,3708.35,2.65
16.22,-30.66,1,-611.90,8.65,501.91,3708.35,2.65
16.23,-30.60,1,-611.88,8.65,501.97,3708.35,2.90
16.24,-30.60,1,-611.88,8.65,501.97,3708.35,2.90
16.25,-30.54,1,-611.87,8.65,502.03,3708.35,3.16
16.26,-30.54,1,-611.87,8.65,502.03,3708.35,3.16
16.26,-30.47,1,-611.85,8.64,502.10,3708.35,3.41
16.27,-30.47,1,-611.85,8.64,502.10,3708.35,3.41
16.28,-30.47,1,-611.85,8.64,502.10,3708.35,3.41
16.29,-30.40,1,-611.83,8.64,502.17,3708.35,3.66
16.30,-30.40,1,-611.83,8.64,502.17,3708.35,3.66
16.31,-30.32,1,-611.81,8.64,502.24,3708.90,3.92
16.31,-30.32,1,-611.81,8.64,502.24,3708.90,3.92
16.32,-30.32,1,-611.81,8.64,502.24,3708.90,3.92
16.33,-30.24,1,-611.79,8.64,502.32,3708.90,4.16
16.34,-30.24,1,-611.79,8.64,502.32,3708.90,4.16
16.35,-30.15,1,-611.76,8.64,502.41,3708.90,4.41
16.36,-30.15,1,-611.76,8.64,502.41,3708.90,4.41
16.36,-30.05,1,-611.74,8.63,502.50,3708.90,4.66
16.37,-30.05,1,-611.74,8.63,502.50,3708.90,4.66
16.38,-30.05,1,-611.74,8.63,502.50,3708.90,4.66
16.39,-29.96,1,-611.72,8.63,502.59,3708.90,4.90
16.40,-29.96,1,-611.72,8.63,502.59,3708.90,4.90
16.41,-29.85,1,-611.69,8.63,502.69,3708.90,5.15
16.42,-29.85,1,-611.69,8.63,502.69,3708.90,5.15
16.43,-29.75,1,-611.66,8.63,502.80,3708.90,5.39
16.44,-29.75,1,-611.66,8.63,502.80,3708.90,5.39
16.45,-29.63,1,-611.63,8.63,502.91,3708.90,5.63
16.46,-29.63,1,-611.63,8.63,502.91,3708.90,5.63
16.46,-29.52,1,-611.60,8.63,503.02,3708.90,5.87
16.47,-29.52,1,-611.60,8.63,503.02,3708.90,5.87
16.48,-29.52,1,-611.60,8.63,503.02,3708.90,5.87
16.49,-29.39,1,-611.57,8.63,503.14,3708.90,6.11
16.50,-29.39,1,-611.57,8.63,503.14,3708.90,6.11
16.51,-29.27,1,-611.54,8.63,503.26,3708.90,6.35
16.51,-29.27,1,-611.54,8.63,503.26,3708.90,6.35
16.52,-29.27,1,-611.54,8.63,503.26,3708.90,6.35
16.53,-29.14,1,-611.50,8.63,503.39,3708.90,6.58
16.54,-29.14,1,-611.50,8.63,503.39,3708.90,6.58
16.55,-29.00,1,-611.47,8.63,503.52,3708.90,6.82
16.56,-29.00,1,-611.47,8.63,503.52,3708.90,6.82
16.59,-28.71,1,-611.40,8.63,503.80,3710.30,7.28
16.60,-28.71,1,-611.40,8.63,503.80,3710.30,7.28
16.61,-28.56,1,-611.36,8.63,503.94,3710.30,7.51
16.62,-28.56,1,-611.36,8.63,503.94,3710.30,7.51
16.63,-28.41,1,-611.32,8.63,504.09,3710.30,7.74
16.64,-28.41,1,-611.32,8.63,504.09,3710.30,7.74
16.64,-28.11,1,-611.28,8.63,504.25,3710.30,7.97
16.65,-28.11,1,-611.28,8.63,504.25,3710.30,7.97
16.66,-28.11,1,-611.28,8.63,504.25,3710.30,7.97
16.67,-27.95,1,-611.24,8.63,504.41,3710.30,8.20
16.68,-27.95,1,-611.24,8.63,504.41,3710.30,8.20
16.69,-27.78,1,-611.20,8.63,504.57,3710.30,8.42
16.69,-27.78,1,-611.20,8.63,504.57,3710.30,8.42
16.70,-27.61,1,-611.16,8.63,504.74,3710.30,8.65
16.71,-27.61,1,-611.16,8.63,504.74,3710.30,8.65
16.72,-27.61,1,-611.16,8.63,504.74,3710.30,8.64
16.73,-27.43,1,-611.12,8.62,504.91,3710.30,8.87
16.74,-27.43,1,-611.12,8.62,504.91,3710.30,8.87
16.75,-27.25,1,-611.08,8.62,505.09,3710.30,9.09
16.75,-27.25,1,-611.08,8.62,505.09,3710.30,9.09
16.76,-27.25,1,-611.08,8.62,505.09,3710.30,9.09
16.77,-27.06,1,-611.03,8.62,505.27,3710.30,9.31
16.78,-27.06,1,-611.03,8.62,505.27,3710.30,9.31
16.79,-26.87,1,-610.99,8.62,505.45,3710.30,9.53
16.80,-26.87,1,-610.99,8.62,505.45,3710.30,9.53
16.80,-26.68,1,-610.94,8.62,505.64,3710.30,9.75
16.81,-26.68,1,-610.94,8.62,505.64,3710.30,9.75
16.82,-26.68,1,-610.94,8.62,505.64,3710.30,9.75
16.83,-26.48,1,-610.90,8.62,505.84,3712.62,9.96
16.84,-26.48,1,-610.90,8.62,505.84,3712.62,9.96
16.85,-26.27,1,-610.85,8.62,506.03,3712.62,10.18
16.85,-26.27,1,-610.85,8.62,506.03,3712.62,10.18
16.86,-26.07,1,-610.80,8.62,506.24,3712.62,10.39
16.87,-26.07,1,-610.80,8.62,506.24,3712.62,10.39
16.88,-26.07,1,-610.80,8.62,506.24,3712.62,10.39
16.89,-25.85,1,-610.75,8.62,506.44,3712.62,10.60
16.90,-25.85,1,-610.75,8.62,506.44,3712.62,10.60
16.90,-25.64,1,-610.71,8.61,506.65,3712.62,10.82
16.91,-25.64,1,-610.71,8.61,506.65,3712.62,10.82
16.92,-25.64,1,-610.71,8.61,506.65,3712.62,10.82
16.93,-25.42,1,-610.66,8.61,506.87,3712.62,11.03
16.94,-25.42,1,-610.66,8.61,506.87,3712.62,11.03
16.95,-25.07,1,-610.61,8.61,507.09,3712.62,11.23
16.95,-25.07,1,-610.61,8.61,507.09,3712.62,11.23
16.96,-24.84,1,-610.56,8.61,507.31,3712.62,11.44
16.97,-24.84,1,-610.56,8.61,507.31,3712.62,11.44
16.98,-24.84,1,-610.56,8.61,507.31,3712.62,11.44
16.99,-24.61,1,-610.51,8.61,507.54,3712.62,11.65
17.00,-24.61,1,-610.51,8.61,507.54,3712.62,11.65
17.00,-24.37,1,-610.46,8.61,507.77,3712.62,11.85
17.01,-24.37,1,-610.46,8.61,507.77,3712.62,11.85
17.02,-24.37,1,-610.46,8.61,507.77,3712.62,11.85
17.03,-24.13,1,-610.41,8.61,508.01,3712.62,12.06
17.04,-24.13,1,-610.41,8.61,508.01,3712.62,12.06
17.05,-23.88,1,-610.36,8.60,508.25,3712.62,12.26
17.06,-23.88,1,-610.36,8.60,508.25,3712.62,12.26
17.07,-23.63,1,-610.31,8.60,508.49,3712.62,12.46
17.07,-23.63,1,-610.31,8.60,508.49,3712.62,12.46
17.08,-23.38,1,-610.26,8.60,508.74,3715.66,12.66
17.09,-23.38,1,-610.26,8.60,508.74,3715.66,12.66
17.10,-23.38,1,-610.26,8.60,508.74,3715.66,12.66
17.11,-23.12,1,-610.21,8.60,508.99,3715.66,12.86
17.12,-23.12,1,-610.21,8.60,508.99,3715.66,12.86
17.12,-22.86,1,-610.17,8.60,509.25,3715.66,13.06
17.13,-22.86,1,-610.17,8.60,509.25,3715.66,13.06
17.14,-22.86,1,-610.17,8.60,509.25,3715.66,13.06
17.15,-22.49,1,-610.12,8.60,509.51,3715.66,13.26
17.16,-22.49,1,-610.12,8.60,509.51,3715.66,13.26
17.17,-22.22,1,-610.07,8.60,509.77,3715.66,13.45
17.17,-22.22,1,-610.07,8.60,509.77,3715.66,13.45
17.18,-21.95,1,-610.02,8.59,510.04,3715.66,13.65
17.19,-21.95,1,-610.02,8.59,510.04,3715.66,13.65
17.20,-21.95,1,-610.02,8.59,510.04,3715.66,13.65
17.21,-21.67,1,-609.97,8.59,510.32,3715.66,13.84
17.22,-21.67,1,-609.97,8.59,510.32,3715.66,13.84
17.22,-21.39,1,-609.92,8.59,510.59,3715.66,14.04
17.23,-21.39,1,-609.92,8.59,510.59,3715.66,14.04
17.24,-21.39,1,-609.92,8.59,510.59,3715.66,14.03
17.25,-21.11,1,-609.87,8.59,510.87,3715.66,14.23
17.26,-21.11,1,-609.87,8.59,510.87,3715.66,14.23
17.27,-20.82,1,-609.82,8.59,511.16,3715.66,14.42
17.27,-20.82,1,-609.82,8.59,511.16,3715.66,14.42
17.28,-20.53,1,-609.78,8.59,511.45,3715.66,14.61
17.29,-20.53,1,-609.78,8.59,511.45,3715.66,14.61
17.30,-20.53,1,-609.78,8.59,511.45,3715.66,14.61
17.31,-20.23,1,-609.73,8.59,511.74,3715.66,14.79
17.32,-20.23,1,-609.73,8.59,511.74,3715.66,14.79
17.32,-19.84,1,-609.68,8.59,512.03,3715.66,14.98
17.33,-19.84,1,-609.68,8.59,512.03,3715.66,14.98
17.34,-19.84,1,-609.68,8.59,512.03,3715.66,14.98
17.35,-19.54,1,-609.64,8.59,512.33,3719.45,15.17
17.36,-19.54,1,-609.64,8.59,512.33,3719.45,15.17
17.37,-19.23,1,-609.59,8.58,512.64,3719.45,15.35
17.37,-19.23,1,-609.59,8.58,512.64,3719.45,15.35
17.38,-18.92,1,-609.55,8.58,512.94,3719.45,15.54
17.39,-18.92,1,-609.55,8.58,512.94,3719.45,15.54
17.40,-18.92,1,-609.55,8.58,512.94,3719.45,15.54
17.41,-18.61,1,-609.50,8.58,513.26,3719.45,15.72
17.42,-18.61,1,-609.50,8.58,513.26,3719.45,15.72
17.42,-18.29,1,-609.46,8.58,513.57,3719.45,15.90
17.44,-18.29,1,-609.46,8.58,513.57,3719.45,15.90
17.45,-17.97,1,-609.41,8.58,513.89,3719.45,16.08
17.45,-17.97,1,-609.41,8.58,513.89,3719.45,16.08
17.46,-17.97,1,-609.41,8.58,513.89,3719.45,16.08
17.48,-17.64,1,-609.37,8.58,514.21,3719.45,16.26
17.48,-17.25,1,-609.33,8.58,514.54,3719.45,16.44
17.49,-17.25,1,-609.33,8.58,514.54,3719.45,16.44
17.50,-17.25,1,-609.33,8.58,514.54,3719.45,16.44
17.51,-16.92,1,-609.29,8.58,514.87,3719.45,16.62
17.52,-16.92,1,-609.29,8.58,514.87,3719.45,16.62
17.53,-16.58,1,-609.25,8.58,515.20,3719.45,16.80
17.53,-16.58,1,-609.25,8.58,515.20,3719.45,16.80
17.54,-16.24,1,-609.20,8.58,515.54,3719.45,16.95
17.55,-16.24,1,-609.20,8.58,515.54,3719.45,16.94
17.56,-16.24,1,-609.20,8.58,515.54,3719.45,16.94
17.57,-15.90,1,-609.16,8.58,515.88,3719.45,17.07
17.58,-15.90,1,-609.16,8.58,515.88,3719.45,17.07
17.59,-15.56,1,-609.12,8.57,516.22,3719.45,17.18
17.59,-15.56,1,-609.12,8.57,516.22,3719.45,17.18
17.60,-15.56,1,-609.12,8.57,516.22,3719.45,17.18
17.61,-15.17,1,-609.08,8.57,516.56,3723.74,17.27
17.62,-15.17,1,-609.08,8.57,516.56,3723.74,17.27
17.63,-14.83,1,-609.05,8.57,516.90,3723.74,17.14
17.64,-14.83,1,-609.05,8.57,516.90,3723.74,17.14
17.64,-14.49,1,-609.01,8.57,517.24,3723.74,17.03
17.65,-14.49,1,-609.01,8.57,517.24,3723.74,17.03
17.66,-14.49,1,-609.01,8.57,517.24,3723.74,17.03
17.67,-14.15,1,-608.97,8.57,517.58,3723.74,16.92
17.68,-14.15,1,-608.97,8.57,517.58,3723.74,16.92
17.69,-13.82,1,-608.93,8.57,517.91,3723.74,16.83
17.69,-13.82,1,-608.93,8.57,517.91,3723.74,16.83
17.70,-13.82,1,-608.93,8.57,517.91,3723.74,16.83
17.71,-13.48,1,-608.90,8.57,518.24,3723.74,16.76
17.72,-13.48,1,-608.90,8.57,518.24,3723.74,16.76
17.73,-13.15,1,-608.86,8.57,518.57,3723.74,16.57
17.74,-13.15,1,-608.86,8.57,518.57,3723.74,16.57
17.74,-12.81,1,-608.82,8.57,518.90,3723.74,16.41
17.75,-12.81,1,-608.82,8.57,518.90,3723.74,16.41
17.76,-12.81,1,-608.82,8.57,518.90,3723.74,16.41
17.77,-12.49,1,-608.79,8.57,519.22,3723.74,16.27
17.78,-12.49,1,-608.79,8.57,519.22,3723.74,16.27
17.79,-12.17,1,-608.75,8.57,519.54,3723.74,16.15
17.80,-12.17,1,-608.75,8.57,519.54,3723.74,16.15
17.81,-11.85,1,-608.72,8.57,519.86,3723.74,16.04
17.82,-11.85,1,-608.72,8.57,519.86,3723.74,16.03
17.82,-11.53,1,-608.68,8.57,520.18,3723.74,15.89
17.83,-11.53,1,-608.68,8.57,520.18,3723.74,15.89
17.84,-11.53,1,-608.68,8.57,520.18,3723.74,15.89
17.85,-11.22,1,-608.64,8.57,520.49,3723.74,15.76
17.86,-11.22,1,-608.64,8.57,520.49,3723.74,15.76
17.87,-10.92,1,-608.61,8.57,520.80,3728.08,15.65
17.87,-10.92,1,-608.61,8.57,520.80,3728.08,15.65
17.88,-10.92,1,-608.61,8.57,520.80,3728.08,15.65
17.89,-10.61,1,-608.57,8.57,521.11,3728.08,15.55
17.90,-10.61,1,-608.57,8.57,521.11,3728.08,15.55
17.91,-10.30,1,-608.53,8.57,521.42,3728.08,15.46
17.92,-10.30,1,-608.53,8.57,521.42,3728.08,15.46
17.92,-9.99,1,-608.49,8.57,521.73,3728.08,15.59
17.95,-9.68,1,-608.45,8.57,522.03,3728.08,15.51
17.96,-9.68,1,-608.45,8.57,522.03,3728.08,15.51
17.96,-9.38,1,-608.40,8.57,522.34,3728.08,15.43
17.97,-9.38,1,-608.40,8.57,522.34,3728.08,15.43
17.98,-9.38,1,-608.40,8.57,522.34,3728.08,15.43
17.99,-9.09,1,-608.36,8.57,522.64,3728.08,15.28
18.00,-9.09,1,-608.36,8.57,522.64,3728.08,15.28
18.01,-8.82,1,-608.32,8.58,522.94,3728.08,15.14
18.01,-8.82,1,-608.32,8.58,522.94,3728.08,15.13
18.02,-8.82,1,-608.32,8.58,522.94,3728.08,15.13
18.03,-8.51,1,-608.27,8.58,523.24,3728.08,15.32
18.04,-8.51,1,-608.27,8.58,523.24,3728.08,15.32
18.05,-8.20,1,-608.22,8.58,523.55,3728.08,15.50
18.06,-8.20,1,-608.22,8.58,523.55,3728.08,15.50
18.06,-7.89,1,-608.17,8.58,523.86,3728.08,15.68
18.07,-7.89,1,-608.17,8.58,523.86,3728.08,15.67
18.08,-7.89,1,-608.17,8.58,523.86,3728.08,15.67
18.09,-7.58,1,-608.11,8.58,524.16,3728.08,15.52
18.10,-7.58,1,-608.11,8.58,524.16,3728.08,15.52
18.11,-7.28,1,-608.06,8.58,524.47,3728.08,15.37
18.12,-7.28,1,-608.06,8.58,524.47,3728.08,15.37
18.13,-7.05,1,-608.00,8.58,524.77,3732.01,15.49
18.14,-7.05,1,-608.00,8.58,524.77,3732.01,15.49
18.14,-6.74,1,-607.94,8.58,525.08,3732.01,15.59
18.15,-6.74,1,-607.94,8.58,525.08,3732.01,15.59
18.16,-6.74,1,-607.94,8.58,525.08,3732.01,15.59
18.17,-6.43,1,-607.87,8.58,525.38,3732.01,15.67
18.18,-6.43,1,-607.87,8.58,525.38,3732.01,15.67
18.19,-6.11,1,-607.81,8.58,525.69,3732.01,15.75
18.19,-6.11,1,-607.81,8.58,525.69,3732.01,15.74
18.20,-6.11,1,-607.81,8.58,525.69,3732.01,15.74
18.21,-5.80,1,-607.74,8.58,526.00,3732.01,15.80
18.22,-5.80,1,-607.74,8.58,526.00,3732.01,15.80
18.23,-5.57,1,-607.66,8.59,526.31,3732.01,15.85
18.24,-5.57,1,-607.66,8.59,526.31,3732.01,15.85
18.25,-5.28,1,-607.59,8.59,526.62,3732.01,15.77
18.25,-5.28,1,-607.59,8.59,526.62,3732.01,15.77
18.26,-5.28,1,-607.59,8.59,526.62,3732.01,15.76
18.27,-4.97,1,-607.51,8.59,526.92,3732.01,15.61
18.28,-4.97,1,-607.51,8.59,526.92,3732.01,15.60
18.29,-4.66,1,-607.43,8.60,527.22,3732.01,15.45
18.30,-4.66,1,-607.43,8.60,527.22,3732.01,15.45
18.30,-4.36,1,-607.35,8.60,527.51,3732.01,15.29
18.31,-4.36,1,-607.35,8.60,527.51,3732.01,15.29
18.32,-4.36,1,-607.35,8.60,527.51,3732.01,15.28
18.33,-4.05,1,-607.27,8.60,527.80,3732.01,15.13
18.34,-4.05,1,-607.27,8.60,527.80,3732.01,15.13
18.35,-3.90,1,-607.18,8.61,528.09,3732.01,15.14
18.35,-3.90,1,-607.18,8.61,528.09,3732.01,15.13
18.36,-3.90,1,-607.18,8.61,528.09,3732.01,15.13
18.37,-3.60,1,-607.09,8.62,528.38,3732.01,14.98
18.38,-3.60,1,-607.09,8.62,528.38,3732.01,14.97
18.39,-3.30,1,-607.00,8.62,528.66,3735.70,14.82
18.40,-3.30,1,-607.00,8.62,528.66,3735.70,14.81
18.40,-3.00,1,-606.90,8.63,528.94,3735.70,14.81
18.41,-3.00,1,-606.90,8.63,528.94,3735.70,14.80
18.42,-3.00,1,-606.90,8.63,528.94,3735.70,14.80
18.43,-2.71,1,-606.80,8.64,529.22,3735.70,14.79
18.44,-2.71,1,-606.80,8.64,529.22,3735.70,14.79
18.45,-2.41,1,-606.70,8.65,529.50,3735.70,14.79
18.45,-2.41,1,-606.70,8.65,529.50,3735.70,14.78
18.46,-2.41,1,-606.70,8.65,529.50,3735.70,14.77
18.47,-2.29,1,-606.59,8.66,529.77,3735.70,14.77
18.48,-2.29,1,-606.59,8.66,529.77,3735.70,14.77
18.49,-1.99,1,-606.48,8.67,530.05,3735.70,14.94
18.50,-1.99,1,-606.48,8.67,530.05,3735.70,14.94
18.50,-1.69,1,-606.37,8.68,530.32,3735.70,14.79
18.51,-1.69,1,-606.37,8.68,530.32,3735.70,14.78
18.52,-1.69,1,-606.37,8.68,530.32,3735.70,14.78
18.53,-1.40,1,-606.25,8.69,530.59,3735.70,14.79
18.54,-1.40,1,-606.25,8.69,530.59,3735.70,14.78
18.55,-1.10,1,-606.13,8.70,530.87,3735.70,14.79
18.55,-1.10,1,-606.13,8.70,530.87,3735.70,14.78
18.56,-1.10,1,-606.13,8.70,530.87,3735.70,14.78
18.57,-0.86,1,-606.00,8.71,531.13,3735.70,14.78
18.58,-0.86,1,-606.00,8.71,531.13,3735.70,14.78
18.59,-0.72,1,-605.88,8.72,531.39,3735.70,14.28
18.60,-0.72,1,-605.88,8.72,531.39,3735.70,14.27
18.60,-0.44,1,-605.76,8.73,531.64,3735.70,13.78
18.61,-0.44,1,-605.76,8.73,531.64,3735.70,13.77
18.62,-0.44,1,-605.76,8.73,531.64,3735.70,13.76
18.63,-0.18,1,-605.64,8.74,531.88,3735.70,13.27
18.64,-0.18,1,-605.64,8.74,531.88,3735.70,13.26
18.65,0.08,1,-605.52,8.74,532.11,3739.12,12.77
18.65,0.08,1,-605.52,8.74,532.11,3739.12,12.76
18.66,0.08,1,-605.52,8.74,532.11,3739.12,12.75
18.67,0.32,1,-605.40,8.75,532.32,3739.12,12.26
18.68,0.32,1,-605.40,8.75,532.32,3739.12,12.25
18.69,0.56,1,-605.29,8.76,532.53,3739.12,11.76
18.70,0.56,1,-605.29,8.76,532.53,3739.12,11.75
18.70,0.57,1,-605.37,8.74,532.59,3739.12,1.63
18.71,0.57,1,-605.37,8.74,532.59,3739.12,1.56
18.72,0.57,1,-605.37,8.74,532.59,3739.12,1.49
18.73,0.60,1,-605.42,8.74,532.65,3739.12,1.26
18.74,0.60,1,-605.42,8.74,532.65,3739.12,1.21
18.75,0.63,1,-605.46,8.74,532.71,3739.12,1.02
18.75,0.63,1,-605.46,8.74,532.71,3739.12,0.98
18.76,0.63,1,-605.46,8.74,532.71,3739.12,0.95
18.77,0.66,1,-605.49,8.73,532.76,3739.12,0.80
18.78,0.66,1,-605.49,8.73,532.76,3739.12,0.78
18.79,0.68,1,-605.52,8.73,532.81,3739.12,0.66
18.80,0.68,1,-605.52,8.73,532.81,3739.12,0.64
18.80,0.68,1,-605.54,8.73,532.84,3739.12,0.52
18.81,0.68,1,-605.54,8.73,532.84,3739.12,0.51
18.82,0.68,1,-605.54,8.73,532.84,3739.12,0.50
18.83,0.68,1,-605.55,8.73,532.86,3739.12,0.41
18.84,0.68,1,-605.55,8.73,532.86,3739.12,0.41
18.85,0.68,1,-605.56,8.73,532.88,3739.12,0.34
18.85,0.68,1,-605.56,8.73,532.88,3739.12,0.33
18.86,0.68,1,-605.56,8.73,532.88,3739.12,0.33
18.87,0.68,1,-605.56,8.73,532.89,3739.12,0.27
18.88,0.68,1,-605.56,8.73,532.89,3739.12,0.27
18.89,0.68,1,-605.57,8.73,532.90,3739.12,0.22
18.90,0.68,1,-605.57,8.73,532.90,3739.12,0.22
18.90,0.68,1,-605.57,8.73,532.91,3739.97,0.19
18.91,0.68,1,-605.57,8.73,532.91,3739.97,0.18
18.92,0.68,1,-605.57,8.73,532.91,3739.97,0.18
18.93,0.68,1,-605.57,8.73,532.92,3739.97,0.15
18.94,0.68,1,-605.57,8.73,532.92,3739.97,0.15
18.95,0.68,1,-605.57,8.73,532.92,3739.97,0.13
18.95,0.68,1,-605.57,8.73,532.92,3739.97,0.13
18.96,0.68,1,-605.57,8.73,532.92,3739.97,0.13
18.97,0.68,1,-605.57,8.73,532.92,3739.97,0.11
18.98,0.68,1,-605.57,8.73,532.92,3739.97,0.11
18.99,0.68,1,-605.57,8.73,532.93,3739.97,0.09
19.00,0.68,1,-605.57,8.73,532.93,3739.97,0.09
19.00,0.68,1,-605.57,8.73,532.93,3739.97,0.07
19.01,0.68,1,-605.57,8.73,532.93,3739.97,0.07
19.02,0.68,1,-605.57,8.73,532.93,3739.97,0.07
19.03,0.68,1,-605.57,8.73,532.93,3739.97,0.06
19.04,0.68,1,-605.57,8.73,532.93,3739.97,0.06
19.05,0.68,1,-605.57,8.73,532.93,3739.97,0.05
19.05,0.68,1,-605.57,8.73,532.93,3739.97,0.05
19.06,0.68,1,-605.57,8.73,532.93,3739.97,0.05
19.07,0.68,1,-605.57,8.73,532.93,3739.97,0.04
19.08,0.68,1,-605.57,8.73,532.93,3739.97,0.04
19.09,0.68,1,-605.57,8.73,532.93,3739.97,0.04
19.10,0.68,1,-605.57,8.73,532.93,3739.97,0.04
19.10,0.68,1,-605.56,8.74,532.93,3739.97,0.03
19.11,0.68,1,-605.56,8.74,532.93,3739.97,0.03
19.12,0.68,1,-605.56,8.74,532.93,3739.97,0.03
19.13,0.68,1,-605.56,8.74,532.93,3739.97,0.03
19.14,0.68,1,-605.56,8.74,532.93,3739.97,0.03
19.15,0.68,1,-605.56,8.74,532.93,3739.97,0.02
19.15,0.68,1,-605.56,8.74,532.93,3739.97,0.02
19.16,0.68,1,-605.56,8.74,532.93,3739.97,0.02
19.17,0.68,1,-605.56,8.74,532.93,3739.97,0.02
19.18,0.68,1,-605.56,8.74,532.93,3739.97,0.02
19.19,0.68,1,-605.56,8.74,532.93,3739.97,0.02
19.20,0.68,1,-605.56,8.74,532.93,3739.97,0.02
19.20,0.68,1,-605.56,8.74,532.93,3739.97,0.01
19.21,0.68,1,-605.56,8.74,532.93,3739.97,0.01
19.22,0.68,1,-605.56,8.74,532.93,3739.97,0.01
19.23,0.68,1,-605.56,8.74,532.93,3739.97,0.01
19.24,0.68,1,-605.56,8.74,532.93,3739.97,0.01
19.25,0.68,1,-605.56,8.74,532.93,3739.97,0.01
19.25,0.68,1,-605.56,8.74,532.93,3739.97,0.01
19.26,0.68,1,-605.56,8.74,532.93,3739.97,0.01
19.27,0.68,1,-605.56,8.74,532.93,3739.97,0.01
19.28,0.68,1,-605.56,8.74,532.93,3739.97,0.01
19.29,0.68,1,-605.56,8.74,532.93,3739.97,0.01
19.30,0.68,1,-605.56,8.74,532.93,3739.97,0.01
19.30,0.68,1,-605.56,8.74,532.93,3739.97,0.01
19.31,0.68,1,-605.56,8.74,532.93,3739.97,0.01
19.32,0.68,1,-605.56,8.74,532.93,3739.97,0.01
19.33,0.68,1,-605.56,8.74,532.93,3739.97,0.00
19.34,0.68,1,-605.56,8.74,532.93,3739.97,0.00
19.35,0.68,1,-605.56,8.74,532.93,3739.97,0.00
19.35,0.68,1,-605.56,8.74,532.93,3739.97,0.00
19.36,0.68,1,-605.56,8.74,532.93,3739.97,0.00
19.37,0.68,1,-605.56,8.74,532.93,3739.97,0.00
19.38,0.68,1,-605.56,8.74,532.93,3739.97,0.00
19.39,0.68,1,-605.56,8.74,532.93,3739.97,0.00
19.40,0.68,1,-605.56,8.74,532.93,3739.97,0.00
19.40,0.68,1,-605.56,8.74,532.93,3739.97,0.00
19.41,0.68,1,-605.56,8.74,532.93,3739.97,0.00
19.42,0.68,1,-605.56,8.74,532.93,3739.97,0.00
19.43,0.68,1,-605.56,8.74,532.93,3739.97,0.00
19.44,0.68,1,-605.56,8.74,532.93,3739.97,0.00
19.45,0.68,1,-605.56,8.74,532.93,3739.97,0.00
19.45,0.68,1,-605.56,8.74,532.93,3739.97,0.00
19.46,0.68,1,-605.56,8.74,532.93,3739.97,0.00
19.47,0.68,1,-605.56,8.74,532.93,3739.97,0.00
19.48,0.68,1,-605.56,8.74,532.93,3739.97,0.00
19.49,0.68,1,-605.56,8.74,532.93,3739.97,0.00
19.50,0.68,1,-605.56,8.74,532.93,3739.97,0.00
19.50,0.68,1,-605.56,8.74,532.93,3739.97,0.00
19.51,0.68,1,-605.56,8.74,532.93,3739.97,0.00
19.52,0.68,1,-605.56,8.74,532.93,3739.97,0.00
19.53,0.68,1,-605.56,8.74,532.93,3739.97,0.00
19.54,0.68,1,-605.56,8.74,532.93,3739.97,0.00
19.55,0.68,1,-605.56,8.74,532.93,3739.97,0.00
19.55,0.68,1,-605.56,8.74,532.93,3739.97,0.00
19.56,0.68,1,-605.56,8.74,532.93,3739.97,0.00
19.57,0.68,1,-605.56,8.74,532.93,3739.97,0.00
19.58,0.68,1,-605.56,8.74,532.93,3739.97,0.00
19.59,0.68,1,-605.56,8.74,532.93,3739.97,0.00
19.60,0.68,1,-605.56,8.74,532.93,3739.97,0.00
19.60,0.68,1,-605.56,8.74,532.93,3739.97,0.00
19.61,0.68,1,-605.56,8.74,532.93,3739.97,0.00
19.62,0.68,1,-605.56,8.74,532.93,3739.97,0.00
19.63,0.68,1,-605.56,8.74,532.93,3739.97,0.00
19.64,0.68,1,-605.56,8.74,532.93,3739.97,0.00
19.65,0.68,1,-605.56,8.74,532.93,3739.97,0.00
19.65,0.68,1,-605.56,8.74,532.93,3739.97,0.00
19.66,0.68,1,-605.56,8.74,532.93,3739.97,0.00
19.67,0.68,1,-605.56,8.74,532.93,3739.97,0.00
19.68,0.68,1,-605.56,8.74,532.93,3739.97,0.00
19.69,0.68,1,-605.56,8.74,532.93,3739.97,0.00
19.70,0.68,1,-605.56,8.74,532.93,3739.97,0.00
19.70,0.68,1,-605.56,8.74,532.93,3739.97,0.00
19.71,0.68,1,-605.56,8.74,532.93,3739.97,0.00
19.72,0.68,1,-605.56,8.74,532.93,3739.97,0.00
19.73,0.68,1,-605.56,8.74,532.93,3739.97,0.00
19.74,0.68,1,-605.56,8.74,532.93,3739.97,0.00
19.75,0.68,1,-605.56,8.74,532.93,3739.97,0.00
19.75,0.68,1,-605.56,8.74,532.93,3739.97,0.00
19.76,0.68,1,-605.56,8.74,532.93,3739.97,0.00
19.77,0.68,1,-605.56,8.74,532.93,3739.97,0.00
19.78,0.68,1,-605.56,8.74,532.93,3739.97,0.00
19.79,0.68,1,-605.56,8.74,532.93,3739.97,0.00
19.80,0.68,1,-605.56,8.74,532.93,3739.97,0.00
19.80,0.68,1,-605.56,8.74,532.93,3739.97,0.00
19.81,0.68,1,-605.56,8.74,532.93,3739.97,0.00
19.82,0.68,1,-605.56,8.74,532.93,3739.97,0.00
19.83,0.68,1,-605.56,8.74,532.93,3739.97,0.00
19.84,0.68,1,-605.56,8.74,532.93,3739.97,0.00
19.85,0.68,1,-605.56,8.74,532.93,3739.97,0.00
19.85,0.68,1,-605.56,8.74,532.93,3739.97,0.00
19.86,0.68,1,-605.56,8.74,532.93,3739.97,0.00
19.87,0.68,1,-605.56,8.74,532.93,3739.97,0.00
19.88,0.68,1,-605.56,8.74,532.93,3739.97,0.00
19.89,0.68,1,-605.56,8.74,532.93,3739.97,0.00
19.90,0.68,1,-605.56,8.74,532.93,3739.97,0.00
19.90,0.68,1,-605.56,8.74,532.93,3739.97,0.00
19.91,0.68,1,-605.56,8.74,532.93,3739.97,0.00
19.92,0.68,1,-605.56,8.74,532.93,3739.97,0.00
19.93,0.68,1,-605.56,8.74,532.93,3739.97,0.00
19.94,0.68,1,-605.56,8.74,532.93,3739.97,0.00
19.95,0.68,1,-605.56,8.74,532.93,3739.97,0.00
19.95,0.68,1,-605.56,8.74,532.93,3739.97,0.00
19.96,0.68,1,-605.56,8.74,532.93,3739.97,0.00
19.97,0.68,1,-605.56,8.74,532.93,3739.97,0.00
19.98,0.68,1,-605.56,8.74,532.93,3739.97,0.00
19.99,0.68,1,-605.56,8.74,532.93,3739.97,0.00
20.00,0.68,1,-605.56,8.74,532.93,3739.97,0.00
20.00,0.68,1,-605.56,8.74,532.93,3739.97,0.00
20.01,0.68,1,-605.56,8.74,532.93,3739.97,0.00
20.02,0.68,1,-605.56,8.74,532.93,3739.97,0.00
20.03,0.68,1,-605.56,8.74,532.93,3739.97,0.00
20.04,0.68,1,-605.56,8.74,532.93,3739.97,0.00
20.05,0.68,1,-605.56,8.74,532.93,3739.97,0.00
20.05,0.68,1,-605.56,8.74,532.93,3739.97,0.00
20.06,0.68,1,-605.56,8.74,532.93,3739.97,0.00
20.07,0.68,1,-605.56,8.74,532.93,3739.97,0.00
20.08,0.68,1,-605.56,8.74,532.93,3739.97,0.00
20.09,0.68,1,-605.56,8.74,532.93,3739.97,0.00
20.10,0.68,1,-605.56,8.74,532.93,3739.97,0.00
20.10,0.68,1,-605.56,8.74,532.93,3739.97,0.00
20.11,0.68,1,-605.56,8.74,532.93,3739.97,0.00
20.12,0.68,1,-605.56,8.74,532.93,3739.97,0.00
20.13,0.68,1,-605.56,8.74,532.93,3739.97,0.00
20.14,0.68,1,-605.56,8.74,532.93,3739.97,0.00
20.15,0.68,1,-605.56,8.74,532.93,3739.97,0.00
20.15,0.68,1,-605.56,8.74,532.93,3739.97,0.00
20.16,0.68,1,-605.56,8.74,532.93,3739.97,0.00
20.17,0.68,1,-605.56,8.74,532.93,3739.97,0.00
20.18,0.68,1,-605.56,8.74,532.93,3739.97,0.00
20.19,0.68,1,-605.56,8.74,532.93,3739.97,0.00
20.20,0.68,1,-605.56,8.74,532.93,3739.97,0.00
20.20,0.68,1,-605.56,8.74,532.93,3739.97,0.00
20.21,0.68,1,-605.56,8.74,532.93,3739.97,0.00
20.22,0.68,1,-605.56,8.74,532.93,3739.97,0.00
20.23,0.68,1,-605.56,8.74,532.93,3739.97,0.00
20.24,0.68,1,-605.56,8.74,532.93,3739.97,0.00
20.25,0.68,1,-605.56,8.74,532.93,3739.97,0.00
20.25,0.68,1,-605.56,8.74,532.93,3739.97,0.00
20.26,0.68,1,-605.56,8.74,532.93,3739.97,0.00
20.27,0.68,1,-605.56,8.74,532.93,3739.97,0.00
20.28,0.68,1,-605.56,8.74,532.93,3739.97,0.00
20.29,0.68,1,-605.56,8.74,532.93,3739.97,0.00
20.30,0.68,1,-605.56,8.74,532.93,3739.97,0.00
20.30,0.68,1,-605.56,8.74,532.93,3739.97,0.00
20.31,0.68,1,-605.56,8.74,532.93,3739.97,0.00
20.32,0.68,1,-605.56,8.74,532.93,3739.97,0.00
20.33,0.68,1,-605.56,8.74,532.93,3739.97,0.00
20.34,0.68,1,-605.56,8.74,532.93,3739.97,0.00
20.35,0.68,1,-605.56,8.74,532.93,3739.97,0.00
20.35,0.68,1,-605.56,8.74,532.93,3739.97,0.00
20.36,0.68,1,-605.56,8.74,532.93,3739.97,0.00
20.37,0.68,1,-605.56,8.74,532.93,3739.97,0.00
20.38,0.68,1,-605.56,8.74,532.93,3739.97,0.00
20.39,0.68,1,-605.56,8.74,532.93,3739.97,0.00
20.40,0.68,1,-605.56,8.74,532.93,3739.97,0.00
20.40,0.68,1,-605.56,8.74,532.93,3739.97,0.00
20.41,0.68,1,-605.56,8.74,532.93,3739.97,0.00
20.42,0.68,1,-605.56,8.74,532.93,3739.97,0.00
20.43,0.68,1,-605.56,8.74,532.93,3739.97,0.00
20.44,0.68,1,-605.56,8.74,532.93,3739.97,0.00
20.45,0.68,1,-605.56,8.74,532.93,3739.97,0.00
20.45,0.68,1,-605.56,8.74,532.93,3739.97,0.00
20.46,0.68,1,-605.56,8.74,532.93,3739.97,0.00
20.47,0.68,1,-605.56,8.74,532.93,3739.97,0.00
20.48,0.68,1,-605.56,8.74,532.93,3739.97,0.00
20.49,0.68,1,-605.56,8.74,532.93,3739.97,0.00
20.50,0.68,1,-605.56,8.74,532.93,3739.97,0.00
20.50,0.68,1,-605.56,8.74,532.93,3739.97,0.00
20.51,0.68,1,-605.56,8.74,532.93,3739.97,0.00
20.52,0.68,1,-605.56,8.74,532.93,3739.97,0.00
20.53,0.68,1,-605.56,8.74,532.93,3739.97,0.00
20.54,0.68,1,-605.56,8.74,532.93,3739.97,0.00
20.55,0.68,1,-605.56,8.74,532.93,3739.97,0.00
20.55,0.68,1,-605.56,8.74,532.93,3739.97,0.00
20.56,0.68,1,-605.56,8.74,532.93,3739.97,0.00
20.57,0.68,1,-605.56,8.74,532.93,3739.97,0.00
20.58,0.68,1,-605.56,8.74,532.93,3739.97,0.00
20.59,0.68,1,-605.56,8.74,532.93,3739.97,0.00
20.60,0.68,1,-605.56,8.74,532.93,3739.97,0.00
20.60,0.68,1,-605.56,8.74,532.93,3739.97,0.00
20.61,0.68,1,-605.56,8.74,532.93,3739.97,0.00
20.62,0.68,1,-605.56,8.74,532.93,3739.97,0.00
20.63,0.68,1,-605.56,8.74,532.93,3739.97,0.00
20.64,0.68,1,-605.56,8.74,532.93,3739.97,0.00
20.65,0.68,1,-605.56,8.74,532.93,3739.97,0.00
20.65,0.68,1,-605.56,8.74,532.93,3739.97,0.00
20.66,0.68,1,-605.56,8.74,532.93,3739.97,0.00
20.67,0.68,1,-605.56,8.74,532.93,3739.97,0.00
20.68,0.68,1,-605.56,8.74,532.93,3739.97,0.00
20.69,0.68,1,-605.56,8.74,532.93,3739.97,0.00
20.70,0.68,1,-605.56,8.74,532.93,3739.97,0.00
20.70,0.68,1,-605.56,8.74,532.93,3739.97,0.00
20.71,0.68,1,-605.56,8.74,532.93,3739.97,0.00
20.72,0.68,1,-605.56,8.74,532.93,3739.97,0.00
20.73,0.68,1,-605.56,8.74,532.93,3739.97,0.00
20.74,0.68,1,-605.56,8.74,532.93,3739.97,0.00
20.75,0.68,1,-605.56,8.74,532.93,3739.97,0.00
20.75,0.68,1,-605.56,8.74,532.93,3739.97,0.00
20.76,0.68,1,-605.56,8.74,532.93,3739.97,0.00
20.77,0.68,1,-605.56,8.74,532.93,3739.97,0.00
20.78,0.68,1,-605.56,8.74,532.93,3739.97,0.00
20.79,0.68,1,-605.56,8.74,532.93,3739.97,0.00
20.80,0.68,1,-605.56,8.74,532.93,3739.97,0.00
20.81,0.68,1,-605.56,8.74,532.93,3739.97,0.00
20.82,0.68,1,-605.56,8.74,532.93,3739.97,0.00
20.83,0.68,1,-605.56,8.74,532.93,3739.97,0.00
20.84,0.68,1,-605.56,8.74,532.93,3739.97,0.00
20.84,0.68,1,-605.56,8.74,532.93,3739.97,0.00
20.85,0.68,1,-605.56,8.74,532.93,3739.97,0.00
20.86,0.68,1,-605.56,8.74,532.93,3739.97,0.00
20.87,0.68,1,-605.56,8.74,532.93,3739.97,0.00
20.88,0.68,1,-605.56,8.74,532.93,3739.97,0.00
20.89,0.68,1,-605.56,8.74,532.93,3739.97,0.00
20.89,0.68,1,-605.56,8.74,532.93,3739.97,0.00
20.90,0.68,1,-605.56,8.74,532.93,3739.97,0.00
20.91,0.68,1,-605.56,8.74,532.93,3739.97,0.00
20.92,0.68,1,-605.56,8.74,532.93,3739.97,0.00
20.93,0.68,1,-605.56,8.74,532.93,3739.97,0.00
20.94,0.68,1,-605.56,8.74,532.93,3739.97,0.00
20.95,0.68,1,-605.56,8.74,532.93,3739.97,0.00
20.95,0.68,1,-605.56,8.74,532.93,3739.97,0.00
20.97,0.68,1,-605.56,8.74,532.93,3739.97,0.00
20.98,0.68,1,-605.56,8.74,532.93,3739.97,0.00
20.98,0.68,1,-605.56,8.74,532.93,3739.97,0.00
20.99,0.68,1,-605.56,8.74,532.93,3739.97,0.00
21.00,0.68,1,-605.56,8.74,532.93,3739.97,0.00
21.01,0.68,1,-605.56,8.74,532.93,3739.97,0.00
21.02,0.68,1,-605.56,8.74,532.93,3739.97,0.00
21.03,0.68,1,-605.56,8.74,532.93,3739.97,0.00
21.03,0.68,1,-605.56,8.74,532.93,3739.97,0.00
21.04,0.68,1,-605.56,8.74,532.93,3739.97,0.00
21.05,0.68,1,-605.56,8.74,532.93,3739.97,0.00
21.06,0.68,1,-605.56,8.74,532.93,3739.97,0.00
21.07,0.68,1,-605.56,8.74,532.93,3739.97,0.00
21.08,0.68,1,-605.56,8.74,532.93,3739.97,0.00
21.08,0.68,1,-605.56,8.74,532.93,3739.97,0.00
21.09,0.68,1,-605.56,8.74,532.93,3739.97,0.00
21.10,0.68,1,-605.56,8.74,532.93,3739.97,0.00
21.11,0.68,1,-605.56,8.74,532.93,3739.97,0.00
21.12,0.68,1,-605.56,8.74,532.93,3739.97,0.00
21.13,0.68,1,-605.56,8.74,532.93,3739.97,0.00
21.14,0.68,1,-605.56,8.74,532.93,3739.97,0.00
21.14,0.68,1,-605.56,8.74,532.93,3739.97,0.00
21.15,0.68,1,-605.56,8.74,532.93,3739.97,0.00
21.16,0.68,1,-605.56,8.74,532.93,3739.97,0.00
21.17,0.68,1,-605.56,8.74,532.93,3739.97,0.00
21.18,0.68,1,-605.56,8.74,532.93,3739.97,0.00
21.19,0.68,1,-605.56,8.74,532.93,3739.97,0.00
21.19,0.68,1,-605.56,8.74,532.93,3739.97,0.00
21.20,0.68,1,-605.56,8.74,532.93,3739.97,0.00
21.21,0.68,1,-605.56,8.74,532.93,3739.97,0.00
21.22,0.68,1,-605.56,8.74,532.93,3739.97,0.00
21.23,0.68,1,-605.56,8.74,532.93,3739.97,0.00
21.24,0.68,1,-605.56,8.74,532.93,3739.97,0.00
21.24,0.68,1,-605.56,8.74,532.93,3739.97,0.00
21.25,0.68,1,-605.56,8.74,532.93,3739.97,0.00
21.26,0.68,1,-605.56,8.74,532.93,3739.97,0.00
21.27,0.68,1,-605.56,8.74,532.93,3739.97,0.00
21.28,0.68,1,-605.56,8.74,532.93,3739.97,0.00
21.29,0.68,1,-605.56,8.74,532.93,3739.97,0.00
21.29,0.68,1,-605.56,8.74,532.93,3739.97,0.00
21.30,0.68,1,-605.56,8.74,532.93,3739.97,0.00
21.31,0.68,1,-605.56,8.74,532.93,3739.97,0.00
21.32,0.68,1,-605.56,8.74,532.93,3739.97,0.00
21.33,0.68,1,-605.56,8.74,532.93,3739.97,0.00
21.34,0.68,1,-605.56,8.74,532.93,3739.97,0.00
21.35,0.68,1,-605.56,8.74,532.93,3739.97,0.00
21.35,0.68,1,-605.56,8.74,532.93,3739.97,0.00
21.36,0.68,1,-605.56,8.74,532.93,3739.97,0.00
21.37,0.68,1,-605.56,8.74,532.93,3739.97,0.00
21.38,0.68,1,-605.56,8.74,532.93,3739.97,0.00
21.39,0.68,1,-605.56,8.74,532.93,3739.97,0.00
21.40,0.68,1,-605.56,8.74,532.93,3739.97,0.00
21.40,0.68,1,-605.56,8.74,532.93,3739.97,0.00
21.41,0.68,1,-605.56,8.74,532.93,3739.97,0.00
21.42,0.68,1,-605.56,8.74,532.93,3739.97,0.00
21.43,0.68,1,-605.56,8.74,532.93,3739.97,0.00
21.44,0.68,1,-605.56,8.74,532.93,3739.97,0.00
21.45,0.68,1,-605.56,8.74,532.93,3739.97,0.00
21.45,0.68,1,-605.56,8.74,532.93,3739.97,0.00
21.46,0.68,1,-605.56,8.74,532.93,3739.97,0.00
21.47,0.68,1,-605.56,8.74,532.93,3739.97,0.00
21.48,0.68,1,-605.56,8.74,532.93,3739.97,0.00
21.49,0.68,1,-605.56,8.74,532.93,3739.97,0.00
21.50,0.68,1,-605.56,8.74,532.93,3739.97,0.00
21.51,0.68,1,-605.56,8.74,532.93,3739.97,0.00
21.52,0.68,1,-605.56,8.74,532.93,3739.97,0.00
21.53,0.68,1,-605.56,8.74,532.93,3739.97,0.00
21.53,0.68,1,-605.56,8.74,532.93,3739.97,0.00
21.54,0.68,1,-605.56,8.74,532.93,3739.97,0.00
21.55,0.68,1,-605.56,8.74,532.93,3739.97,0.00
21.56,0.68,1,-605.56,8.74,532.93,3739.97,0.00
21.57,0.68,1,-605.56,8.74,532.93,3739.97,0.00
21.58,0.68,1,-605.56,8.74,532.93,3739.97,0.00
21.59,0.68,1,-605.56,8.74,532.93,3739.97,0.00
21.59,0.68,1,-605.56,8.74,532.93,3739.97,0.00
21.60,0.68,1,-605.56,8.74,532.93,3739.97,0.00
21.61,0.68,1,-605.56,8.74,532.93,3739.97,0.00
21.62,0.68,1,-605.56,8.74,532.93,3739.97,0.00
21.63,0.68,1,-605.56,8.74,532.93,3739.97,0.00
21.64,0.68,1,-605.56,8.74,532.93,3739.97,0.00
21.64,0.68,1,-605.56,8.74,532.93,3739.97,0.00
21.65,0.68,1,-605.56,8.74,532.93,3739.97,0.00
21.66,0.68,1,-605.56,8.74,532.93,3739.97,0.00
21.67,0.68,1,-605.56,8.74,532.93,3739.97,0.00
21.68,0.68,1,-605.56,8.74,532.93,3739.97,0.00
21.69,0.68,1,-605.56,8.74,532.93,3739.97,0.00
21.69,0.68,1,-605.56,8.74,532.93,3739.97,0.00
21.70,0.68,1,-605.56,8.74,532.93,3739.97,0.00
21.71,0.68,1,-605.56,8.74,532.93,3739.97,0.00
21.72,0.68,1,-605.56,8.74,532.93,3739.97,0.00
21.73,0.68,1,-605.56,8.74,532.93,3739.97,0.00
21.74,0.68,1,-605.56,8.74,532.93,3739.97,0.00
21.74,0.68,1,-605.56,8.74,532.93,3739.97,0.00
21.75,0.68,1,-605.56,8.74,532.93,3739.97,0.00
21.76,0.68,1,-605.56,8.74,532.93,3739.97,0.00
21.77,0.68,1,-605.56,8.74,532.93,3739.97,0.00
21.78,0.68,1,-605.56,8.74,532.93,3739.97,0.00
21.79,0.68,1,-605.56,8.74,532.93,3739.97,0.00
21.79,0.68,1,-605.56,8.74,532.93,3739.97,0.00
21.80,0.68,1,-605.56,8.74,532.93,3739.97,0.00
21.83,0.68,1,-605.56,8.74,532.93,3739.97,0.00
21.83,0.68,1,-605.56,8.74,532.93,3739.97,0.00
21.84,0.68,1,-605.56,8.74,532.93,3739.97,0.00
21.85,0.68,1,-605.56,8.74,532.93,3739.97,0.00
21.86,0.68,1,-605.56,8.74,532.93,3739.97,0.00
21.87,0.68,1,-605.56,8.74,532.93,3739.97,0.00
21.88,0.68,1,-605.56,8.74,532.93,3739.97,0.00
21.89,0.68,1,-605.56,8.74,532.93,3739.97,0.00
21.89,0.68,1,-605.56,8.74,532.93,3739.97,0.00
21.90,0.68,1,-605.56,8.74,532.93,3739.97,0.00
21.91,0.68,1,-605.56,8.74,532.93,3739.97,0.00
21.92,0.68,1,-605.56,8.74,532.93,3739.97,0.00
21.93,0.68,1,-605.56,8.74,532.93,3739.97,0.00
21.94,0.68,1,-605.56,8.74,532.93,3739.97,0.00
21.94,0.68,1,-605.56,8.74,532.93,3739.97,0.00
21.95,0.68,1,-605.56,8.74,532.93,3739.97,0.00
21.96,0.68,1,-605.56,8.74,532.93,3739.97,0.00
21.97,0.68,1,-605.56,8.74,532.93,3739.97,0.00
22.01,0.68,1,-605.56,8.74,532.93,3739.97,0.00
22.02,0.68,1,-605.56,8.74,532.93,3739.97,0.00
22.03,0.68,1,-605.56,8.74,532.93,3739.97,0.00
22.04,0.68,1,-605.56,8.74,532.93,3739.97,0.00
22.04,0.68,1,-605.56,8.74,532.93,3739.97,0.00
22.05,0.68,1,-605.56,8.74,532.93,3739.97,0.00
22.06,0.68,1,-605.56,8.74,532.93,3739.97,0.00
22.07,0.68,1,-605.56,8.74,532.93,3739.97,0.00
22.08,0.68,1,-605.56,8.74,532.93,3739.97,0.00
22.09,0.68,1,-605.56,8.74,532.93,3739.97,0.00
22.09,0.68,1,-605.56,8.74,532.93,3739.97,0.00
22.10,0.68,1,-605.56,8.74,532.93,3739.97,0.00
22.11,0.68,1,-605.56,8.74,532.93,3739.97,0.00
22.12,0.68,1,-605.56,8.74,532.93,3739.97,0.00
22.13,0.68,1,-605.56,8.74,532.93,3739.97,0.00
22.14,0.68,1,-605.56,8.74,532.93,3739.97,0.00
22.14,0.68,1,-605.56,8.74,532.93,3739.97,0.00
22.15,0.68,1,-605.56,8.74,532.93,3739.97,0.00
22.16,0.68,1,-605.56,8.74,532.93,3739.97,0.00
22.17,0.68,1,-605.56,8.74,532.93,3739.97,0.00
22.18,0.68,1,-605.56,8.74,532.93,3739.97,0.00
22.19,0.68,1,-605.56,8.74,532.93,3739.97,0.00
22.20,0.68,1,-605.56,8.74,532.93,3739.97,0.00
22.21,0.68,1,-605.56,8.74,532.93,3739.97,0.00
22.21,0.68,1,-605.56,8.74,532.93,3739.97,0.00
22.22,0.68,1,-605.56,8.74,532.93,3739.97,0.00
22.23,0.68,1,-605.56,8.74,532.93,3739.97,0.00
22.24,0.68,1,-605.56,8.74,532.93,3739.97,0.00
22.25,0.68,1,-605.56,8.74,532.93,3739.97,0.00
22.26,0.68,1,-605.56,8.74,532.93,3739.97,0.00
22.26,0.68,1,-605.56,8.74,532.93,3739.97,0.00
22.27,0.68,1,-605.56,8.74,532.93,3739.97,0.00
22.28,0.68,1,-605.56,8.74,532.93,3739.97,0.00
22.29,0.68,1,-605.56,8.74,532.93,3739.97,0.00
22.30,0.68,1,-605.56,8.74,532.93,3739.97,0.00
22.31,0.68,1,-605.56,8.74,532.93,3739.97,0.00
22.32,0.68,1,-605.56,8.74,532.93,3739.97,0.00
22.32,0.68,1,-605.56,8.74,532.93,3739.97,0.00
22.33,0.68,1,-605.56,8.74,532.93,3739.97,0.00
22.34,0.68,1,-605.56,8.74,532.93,3739.97,0.00
22.35,0.68,1,-605.56,8.74,532.93,3739.97,0.00
22.36,0.68,1,-605.56,8.74,532.93,3739.97,0.00
22.37,0.68,1,-605.56,8.74,532.93,3739.97,0.00
22.38,0.68,1,-605.56,8.74,532.93,3739.97,0.00
22.38,0.68,1,-605.56,8.74,532.93,3739.97,0.00
22.39,0.68,1,-605.56,8.74,532.93,3739.97,0.00
22.40,0.68,1,-605.56,8.74,532.93,3739.97,0.00
22.41,0.68,1,-605.56,8.74,532.93,3739.97,0.00
22.42,0.68,1,-605.56,8.74,532.93,3739.97,0.00
22.43,0.68,1,-605.56,8.74,532.93,3739.97,0.00
22.43,0.68,1,-605.56,8.74,532.93,3739.97,0.00
22.44,0.68,1,-605.56,8.74,532.93,3739.97,0.00
22.45,0.68,1,-605.56,8.74,532.93,3739.97,0.00
22.46,0.68,1,-605.56,8.74,532.93,3739.97,0.00
22.47,0.68,1,-605.56,8.74,532.93,3739.97,0.00
22.48,0.68,1,-605.56,8.74,532.93,3739.97,0.00
22.49,0.68,1,-605.56,8.74,532.93,3739.97,0.00
22.50,0.68,1,-605.56,8.74,532.93,3739.97,0.00
22.51,0.68,1,-605.56,8.74,532.93,3739.97,0.00
22.52,0.68,1,-605.56,8.74,532.93,3739.97,0.00
22.53,0.68,1,-605.56,8.74,532.93,3739.97,0.00
22.53,0.68,1,-605.56,8.74,532.93,3739.97,0.00
22.55,0.68,1,-605.56,8.74,532.93,3739.97,0.00
22.56,0.68,1,-605.56,8.74,532.93,3739.97,0.00
22.57,0.68,1,-605.56,8.74,532.93,3739.97,0.00
22.57,0.68,1,-605.56,8.74,532.93,3739.97,0.00
22.58,0.68,1,-605.56,8.74,532.93,3739.97,0.00
22.59,0.68,1,-605.56,8.74,532.93,3739.97,0.00
22.60,0.68,1,-605.56,8.74,532.93,3739.97,0.00
22.61,0.68,1,-605.56,8.74,532.93,3739.97,0.00
22.62,0.68,1,-605.56,8.74,532.93,3739.97,0.00
22.62,0.68,1,-605.56,8.74,532.93,3739.97,0.00
22.63,0.68,1,-605.56,8.74,532.93,3739.97,0.00
22.64,0.68,1,-605.56,8.74,532.93,3739.97,0.00
22.65,0.68,1,-605.56,8.74,532.93,3739.97,0.00
22.66,0.68,1,-605.56,8.74,532.93,3739.97,0.00
22.67,0.68,1,-605.56,8.74,532.93,3739.97,0.00
22.68,0.68,1,-605.56,8.74,532.93,3739.97,0.00
22.69,0.68,1,-605.56,8.74,532.93,3739.97,0.00
22.70,0.68,1,-605.56,8.74,532.93,3739.97,0.00
22.71,0.68,1,-605.56,8.74,532.93,3739.97,0.00
22.72,0.68,1,-605.56,8.74,532.93,3739.97,0.00
22.73,0.68,1,-605.56,8.74,532.93,3739.97,0.00
22.74,0.68,1,-605.56,8.74,532.93,3739.97,0.00
22.75,0.68,1,-605.56,8.74,532.93,3739.97,0.00
22.76,0.68,1,-605.56,8.74,532.93,3739.97,0.00
22.76,0.68,1,-605.56,8.74,532.93,3739.97,0.00
22.77,0.68,1,-605.56,8.74,532.93,3739.97,0.00
22.78,0.68,1,-605.56,8.74,532.93,3739.97,0.00
22.79,0.68,1,-605.56,8.74,532.93,3739.97,0.00
22.80,0.68,1,-605.56,8.74,532.93,3739.97,0.00
22.81,0.68,1,-605.56,8.74,532.93,3739.97,0.00
22.81,0.68,1,-605.56,8.74,532.93,3739.97,0.00
22.82,0.68,1,-605.56,8.74,532.93,3739.97,0.00
22.83,0.68,1,-605.56,8.74,532.93,3739.97,0.00
22.84,0.68,1,-605.56,8.74,532.93,3739.97,0.00
22.85,0.68,1,-605.56,8.74,532.93,3739.97,0.00
22.86,0.68,1,-605.56,8.74,532.93,3739.97,0.00
22.87,0.68,1,-605.56,8.74,532.93,3739.97,0.00
22.88,0.68,1,-605.56,8.74,532.93,3739.97,0.00
22.88,0.68,1,-605.56,8.74,532.93,3739.97,0.00
22.89,0.68,1,-605.56,8.74,532.93,3739.97,0.00
22.90,0.68,1,-605.56,8.74,532.93,3739.97,0.00
22.91,0.68,1,-605.56,8.74,532.93,3739.97,0.00
22.92,0.68,1,-605.56,8.74,532.93,3739.97,0.00
22.93,0.68,1,-605.56,8.74,532.93,3739.97,0.00
22.93,0.68,1,-605.56,8.74,532.93,3739.97,0.00
22.94,0.68,1,-605.56,8.74,532.93,3739.97,0.00
22.95,0.68,1,-605.56,8.74,532.93,3739.97,0.00
22.96,0.68,1,-605.56,8.74,532.93,3739.97,0.00
22.97,0.68,1,-605.56,8.74,532.93,3739.97,0.00
22.98,0.68,1,-605.56,8.74,532.93,3739.97,0.00
22.98,0.68,1,-605.56,8.74,532.93,3739.97,0.00
22.99,0.68,1,-605.56,8.74,532.93,3739.97,0.00
23.00,0.68,1,-605.56,8.74,532.93,3739.97,0.00
23.01,0.68,1,-605.56,8.74,532.93,3739.97,0.00
23.02,0.68,1,-605.56,8.74,532.93,3739.97,0.00
23.03,0.68,1,-605.56,8.74,532.93,3739.97,0.00
23.03,0.68,1,-605.56,8.74,532.93,3739.97,0.00
23.04,0.68,1,-605.56,8.74,532.93,3739.97,0.00
23.05,0.68,1,-605.56,8.74,532.93,3739.97,0.00
23.06,0.68,1,-605.56,8.74,532.93,3739.97,0.00
23.07,0.68,1,-605.56,8.74,532.93,3739.97,0.00
23.08,0.68,1,-605.56,8.74,532.93,3739.97,0.00
23.09,0.68,1,-605.56,8.74,532.93,3739.97,0.00
23.09,0.68,1,-605.56,8.74,532.93,3739.97,0.00
23.10,0.68,1,-605.56,8.74,532.93,3739.97,0.00
23.11,0.68,1,-605.56,8.74,532.93,3739.97,0.00
23.12,0.68,1,-605.56,8.74,532.93,3739.97,0.00
23.13,0.68,1,-605.56,8.74,532.93,3739.97,0.00
23.14,0.68,1,-605.56,8.74,532.93,3739.97,0.00
23.15,0.68,1,-605.56,8.74,532.93,3739.97,0.00
23.15,0.68,1,-605.56,8.74,532.93,3739.97,0.00
23.16,0.68,1,-605.56,8.74,532.93,3739.97,0.00
23.17,0.68,1,-605.56,8.74,532.93,3739.97,0.00
23.18,0.68,1,-605.56,8.74,532.93,3739.97,0.00
23.19,0.68,1,-605.56,8.74,532.93,3739.97,0.00
23.20,0.68,1,-605.56,8.74,532.93,3739.97,0.00
23.20,0.68,1,-605.56,8.74,532.93,3739.97,0.00
23.21,0.68,1,-605.56,8.74,532.93,3739.97,0.00
23.22,0.68,1,-605.56,8.74,532.93,3739.97,0.00
23.23,0.68,1,-605.56,8.74,532.93,3739.97,0.00
23.24,0.68,1,-605.56,8.74,532.93,3739.97,0.00
23.25,0.68,1,-605.56,8.74,532.93,3739.97,0.00
23.25,0.68,1,-605.56,8.74,532.93,3739.97,0.00
23.26,0.68,1,-605.56,8.74,532.93,3739.97,0.00
23.27,0.68,1,-605.56,8.74,532.93,3739.97,0.00
23.28,0.68,1,-605.56,8.74,532.93,3739.97,0.00
23.29,0.68,1,-605.56,8.74,532.93,3739.97,0.00
23.30,0.68,1,-605.56,8.74,532.93,3739.97,0.00
23.30,0.68,1,-605.56,8.74,532.93,3739.97,0.00
23.31,0.68,1,-605.56,8.74,532.93,3739.97,0.00
23.32,0.68,1,-605.56,8.74,532.93,3739.97,0.00
23.33,0.68,1,-605.56,8.74,532.93,3739.97,0.00
23.34,0.68,1,-605.56,8.74,532.93,3739.97,0.00
23.35,0.68,1,-605.56,8.74,532.93,3739.97,0.00
23.35,0.68,1,-605.56,8.74,532.93,3739.97,0.00
23.36,0.68,1,-605.56,8.74,532.93,3739.97,0.00
23.37,0.68,1,-605.56,8.74,532.93,3739.97,0.00
23.38,0.68,1,-605.56,8.74,532.93,3739.97,0.00
23.39,0.68,1,-605.56,8.74,532.93,3739.97,0.00
23.40,0.68,1,-605.56,8.74,532.93,3739.97,0.00
23.41,0.68,1,-605.56,8.74,532.93,3739.97,0.00
23.41,0.68,1,-605.56,8.74,532.93,3739.97,0.00
23.42,0.68,1,-605.56,8.74,532.93,3739.97,0.00
23.43,0.68,1,-605.56,8.74,532.93,3739.97,0.00
23.44,0.68,1,-605.56,8.74,532.93,3739.97,0.00
23.45,0.68,1,-605.56,8.74,532.93,3739.97,0.00
23.46,0.68,1,-605.56,8.74,532.93,3739.97,0.00
23.46,0.68,1,-605.56,8.74,532.93,3739.97,0.00
23.47,0.68,1,-605.56,8.74,532.93,3739.97,0.00
23.48,0.68,1,-605.56,8.74,532.93,3739.97,0.00
23.49,0.68,1,-605.56,8.74,532.93,3739.97,0.00
23.50,0.68,1,-605.56,8.74,532.93,3739.97,0.00
23.51,0.68,1,-605.56,8.74,532.93,3739.97,0.00
23.51,0.68,1,-605.56,8.74,532.93,3739.97,0.00
23.52,0.68,1,-605.56,8.74,532.93,3739.97,0.00
23.53,0.68,1,-605.56,8.74,532.93,3739.97,0.00
23.54,0.68,1,-605.56,8.74,532.93,3739.97,0.00
23.55,0.68,1,-605.56,8.74,532.93,3739.97,0.00
23.56,0.68,1,-605.56,8.74,532.93,3739.97,0.00
23.57,0.68,1,-605.56,8.74,532.93,3739.97,0.00
23.57,0.68,1,-605.56,8.74,532.93,3739.97,0.00
23.58,0.68,1,-605.56,8.74,532.93,3739.97,0.00
23.59,0.68,1,-605.56,8.74,532.93,3739.97,0.00
23.60,0.68,1,-605.56,8.74,532.93,3739.97,0.00
23.61,0.68,1,-605.56,8.74,532.93,3739.97,0.00
23.62,0.68,1,-605.56,8.74,532.93,3739.97,0.00
23.62,0.68,1,-605.56,8.74,532.93,3739.97,0.00
23.63,0.68,1,-605.56,8.74,532.93,3739.97,0.00
23.64,0.68,1,-605.56,8.74,532.93,3739.97,0.00
23.65,0.68,1,-605.56,8.74,532.93,3739.97,0.00
23.66,0.68,1,-605.56,8.74,532.93,3739.97,0.00
23.67,0.68,1,-605.56,8.74,532.93,3739.97,0.00
23.68,0.68,1,-605.56,8.74,532.93,3739.97,0.00
23.68,0.68,1,-605.56,8.74,532.93,3739.97,0.00
23.69,0.68,1,-605.56,8.74,532.93,3739.97,0.00
23.71,0.68,1,-605.56,8.74,532.93,3739.97,0.00
23.72,0.68,1,-605.56,8.74,532.93,3739.97,0.00
23.73,0.68,1,-605.56,8.74,532.93,3739.97,-0.06
23.74,0.68,1,-605.56,8.74,532.93,3739.97,-0.06
23.75,0.68,1,-605.56,8.74,532.93,3739.97,-0.12
23.75,0.68,1,-605.56,8.74,532.93,3739.97,-0.12
23.76,0.68,1,-605.57,8.74,532.93,3739.97,-0.16
23.77,0.68,1,-605.57,8.74,532.93,3739.97,-0.16
23.78,0.68,1,-605.57,8.74,532.93,3739.97,-0.16
23.79,0.68,1,-605.57,8.74,532.93,3739.97,-0.20
23.80,0.68,1,-605.57,8.74,532.93,3739.97,-0.20
23.80,0.68,1,-605.57,8.74,532.92,3739.97,-0.23
23.81,0.68,1,-605.57,8.74,532.92,3739.97,-0.23
23.82,0.68,1,-605.57,8.74,532.92,3739.97,-0.23
23.83,0.68,1,-605.58,8.74,532.92,3739.97,-0.26
23.84,0.68,1,-605.58,8.74,532.92,3739.97,-0.26
23.85,0.68,1,-605.58,8.74,532.92,3739.97,-0.28
23.85,0.68,1,-605.58,8.74,532.92,3739.97,-0.28
23.87,0.68,1,-605.59,8.74,532.91,3739.97,-0.30
23.87,0.68,1,-605.59,8.74,532.91,3739.97,-0.30
23.88,0.68,1,-605.59,8.74,532.91,3739.97,-0.30
23.89,0.68,1,-605.59,8.74,532.91,3739.97,-0.32
23.90,0.68,1,-605.59,8.74,532.91,3739.97,-0.32
23.91,0.68,1,-605.60,8.74,532.90,3739.97,-0.33
23.92,0.68,1,-605.60,8.74,532.90,3739.97,-0.33
23.92,0.68,1,-605.60,8.74,532.90,3739.97,-0.34
23.93,0.68,1,-605.60,8.74,532.90,3739.97,-0.34
23.94,0.68,1,-605.60,8.74,532.90,3739.97,-0.34
23.95,0.68,1,-605.61,8.74,532.89,3739.97,-0.35
23.96,0.68,1,-605.61,8.74,532.89,3739.97,-0.35
23.97,0.68,1,-605.61,8.74,532.89,3739.97,-0.36
23.97,0.68,1,-605.61,8.74,532.89,3739.97,-0.36
23.98,0.68,1,-605.61,8.74,532.89,3739.97,-0.36
23.99,0.68,1,-605.62,8.74,532.88,3739.97,-0.37
24.00,0.68,1,-605.62,8.74,532.88,3739.97,-0.37
24.01,0.68,1,-605.62,8.74,532.88,3739.97,-0.37
24.02,0.68,1,-605.62,8.74,532.88,3739.97,-0.37
24.02,0.68,1,-605.63,8.74,532.87,3739.97,-0.38
24.03,0.68,1,-605.63,8.74,532.87,3739.97,-0.38
24.05,0.67,1,-605.63,8.74,532.87,3739.97,-0.38
24.06,0.67,1,-605.63,8.74,532.87,3739.97,-0.38
24.07,0.66,1,-605.64,8.74,532.86,3739.97,-0.39
24.08,0.66,1,-605.64,8.74,532.86,3739.97,-0.39
24.08,0.66,1,-605.65,8.74,532.86,3739.97,-0.39
24.09,0.66,1,-605.65,8.74,532.86,3739.97,-0.39
24.10,0.66,1,-605.65,8.74,532.86,3739.97,-0.39
24.11,0.65,1,-605.65,8.74,532.85,3739.95,-0.39
24.12,0.65,1,-605.65,8.74,532.85,3739.95,-0.39
24.13,0.64,1,-605.66,8.74,532.85,3739.95,-0.39
24.13,0.64,1,-605.66,8.74,532.85,3739.95,-0.39
24.14,0.63,1,-605.66,8.74,532.84,3739.95,-0.40
24.15,0.63,1,-605.66,8.74,532.84,3739.95,-0.40
24.16,0.63,1,-605.66,8.74,532.84,3739.95,-0.40
24.17,0.63,1,-605.67,8.74,532.84,3739.95,-0.40
24.18,0.63,1,-605.67,8.74,532.84,3739.95,-0.40
24.19,0.62,1,-605.67,8.74,532.83,3739.95,-0.40
24.19,0.62,1,-605.67,8.74,532.83,3739.95,-0.40
24.23,0.60,1,-605.69,8.74,532.82,3739.95,-0.40
24.24,0.60,1,-605.69,8.74,532.82,3739.95,-0.40
24.25,0.60,1,-605.69,8.74,532.82,3739.95,-0.40
24.26,0.60,1,-605.69,8.74,532.82,3739.95,-0.40
24.27,0.59,1,-605.70,8.74,532.81,3739.95,-0.40
24.28,0.59,1,-605.70,8.74,532.81,3739.95,-0.40
24.28,0.58,1,-605.70,8.74,532.81,3739.95,-0.40
24.29,0.58,1,-605.70,8.74,532.81,3739.95,-0.40
24.30,0.58,1,-605.70,8.74,532.81,3739.95,-0.40
24.31,0.57,1,-605.71,8.74,532.80,3739.95,-0.40
24.32,0.57,1,-605.71,8.74,532.80,3739.95,-0.40
24.33,0.57,1,-605.72,8.74,532.79,3739.95,-0.40
24.33,0.57,1,-605.72,8.74,532.79,3739.95,-0.40
24.34,0.57,1,-605.72,8.74,532.79,3739.95,-0.40
24.35,0.56,1,-605.72,8.74,532.79,3739.95,-0.40
24.36,0.56,1,-605.72,8.74,532.79,3739.95,-0.40
24.37,0.55,1,-605.73,8.74,532.78,3739.85,-0.40
24.38,0.55,1,-605.73,8.74,532.78,3739.85,-0.40
24.38,0.54,1,-605.73,8.74,532.78,3739.85,-0.40
24.39,0.54,1,-605.73,8.74,532.78,3739.85,-0.40
24.40,0.54,1,-605.73,8.74,532.78,3739.85,-0.40
24.41,0.53,1,-605.74,8.74,532.77,3739.85,-0.40
24.42,0.53,1,-605.74,8.74,532.77,3739.85,-0.40
24.43,0.53,1,-605.75,8.74,532.77,3739.85,-0.40
24.43,0.53,1,-605.75,8.74,532.77,3739.85,-0.40
24.44,0.53,1,-605.75,8.74,532.77,3739.85,-0.40
24.45,0.52,1,-605.75,8.74,532.76,3739.85,-0.40
24.46,0.52,1,-605.75,8.74,532.76,3739.85,-0.40
24.47,0.51,1,-605.76,8.74,532.76,3739.85,-0.41
24.48,0.51,1,-605.76,8.74,532.76,3739.85,-0.41
24.48,0.50,1,-605.76,8.74,532.75,3739.85,-0.41
24.49,0.50,1,-605.76,8.74,532.75,3739.85,-0.41
24.50,0.50,1,-605.76,8.74,532.75,3739.85,-0.41
24.51,0.50,1,-605.77,8.74,532.75,3739.85,-0.41
24.52,0.50,1,-605.77,8.74,532.75,3739.85,-0.41
24.53,0.49,1,-605.78,8.74,532.74,3739.85,-0.41
24.53,0.49,1,-605.78,8.74,532.74,3739.85,-0.41
24.54,0.49,1,-605.78,8.74,532.74,3739.85,-0.41
24.55,0.48,1,-605.78,8.74,532.73,3739.85,-0.41
24.56,0.48,1,-605.78,8.74,532.73,3739.85,-0.41
24.57,0.47,1,-605.79,8.74,532.73,3739.85,-0.41
24.58,0.47,1,-605.79,8.74,532.73,3739.85,-0.41
24.58,0.47,1,-605.79,8.74,532.72,3739.85,-0.41
24.59,0.47,1,-605.79,8.74,532.72,3739.85,-0.41
24.60,0.47,1,-605.79,8.74,532.72,3739.85,-0.41
24.62,0.46,1,-605.80,8.74,532.72,3739.85,-0.41
24.62,0.45,1,-605.81,8.74,532.71,3739.75,-0.41
24.63,0.45,1,-605.81,8.74,532.71,3739.75,-0.41
24.64,0.44,1,-605.81,8.74,532.71,3739.75,-0.41
24.65,0.44,1,-605.81,8.74,532.71,3739.75,-0.41
24.66,0.44,1,-605.81,8.74,532.71,3739.75,-0.41
24.67,0.43,1,-605.82,8.74,532.70,3739.75,-0.41
24.68,0.43,1,-605.82,8.74,532.70,3739.75,-0.41
24.69,0.43,1,-605.83,8.74,532.70,3739.75,-0.41
24.69,0.43,1,-605.83,8.74,532.70,3739.75,-0.41
24.70,0.43,1,-605.83,8.74,532.70,3739.75,-0.41
24.71,0.42,1,-605.83,8.74,532.69,3739.75,-0.41
24.72,0.42,1,-605.83,8.74,532.69,3739.75,-0.41
24.73,0.41,1,-605.84,8.74,532.69,3739.75,-0.41
24.74,0.41,1,-605.84,8.74,532.69,3739.75,-0.41
24.74,0.40,1,-605.84,8.74,532.68,3739.75,-0.41
24.75,0.40,1,-605.84,8.74,532.68,3739.75,-0.41
24.76,0.40,1,-605.84,8.74,532.68,3739.75,-0.41
24.77,0.40,1,-605.85,8.74,532.68,3739.75,-0.41
24.78,0.40,1,-605.85,8.74,532.68,3739.75,-0.41
24.79,0.39,1,-605.86,8.74,532.67,3739.75,-0.41
24.79,0.39,1,-605.86,8.74,532.67,3739.75,-0.41
24.80,0.39,1,-605.86,8.74,532.67,3739.75,-0.41
24.81,0.38,1,-605.86,8.74,532.67,3739.75,-0.41
24.82,0.38,1,-605.86,8.74,532.67,3739.75,-0.41
24.83,0.37,1,-605.87,8.74,532.66,3739.75,-0.41
24.84,0.37,1,-605.87,8.74,532.66,3739.75,-0.41
24.84,0.36,1,-605.87,8.74,532.65,3739.75,-0.41
24.85,0.36,1,-605.87,8.74,532.65,3739.75,-0.41
24.86,0.36,1,-605.87,8.74,532.65,3739.75,-0.41
24.87,0.36,1,-605.88,8.74,532.65,3739.75,-0.41
24.88,0.36,1,-605.88,8.74,532.65,3739.75,-0.41
24.89,0.35,1,-605.89,8.74,532.64,3739.65,-0.41
24.89,0.35,1,-605.89,8.74,532.64,3739.65,-0.41
24.90,0.35,1,-605.89,8.74,532.64,3739.65,-0.41
24.91,0.34,1,-605.89,8.74,532.64,3739.65,-0.41
24.92,0.34,1,-605.89,8.74,532.64,3739.65,-0.41
24.93,0.33,1,-605.90,8.74,532.63,3739.65,-0.41
24.95,0.33,1,-605.90,8.74,532.63,3739.65,-0.41
24.96,0.33,1,-605.90,8.74,532.63,3739.65,-0.41
24.97,0.32,1,-605.91,8.74,532.62,3739.65,-0.41
24.98,0.32,1,-605.91,8.74,532.62,3739.65,-0.41
24.99,0.31,1,-605.92,8.74,532.62,3739.65,-0.41
24.99,0.31,1,-605.92,8.74,532.62,3739.65,-0.41
25.00,0.31,1,-605.92,8.74,532.62,3739.65,-0.41
25.01,0.30,1,-605.92,8.74,532.61,3739.65,-0.41
25.02,0.30,1,-605.92,8.74,532.61,3739.65,-0.41
25.03,0.29,1,-605.93,8.74,532.61,3739.65,-0.41
25.04,0.29,1,-605.93,8.74,532.61,3739.65,-0.41
25.04,0.29,1,-605.93,8.74,532.60,3739.65,-0.41
25.05,0.29,1,-605.93,8.74,532.60,3739.65,-0.41
25.06,0.29,1,-605.93,8.74,532.60,3739.65,-0.41
25.07,0.28,1,-605.94,8.74,532.60,3739.65,-0.41
25.08,0.28,1,-605.94,8.74,532.60,3739.65,-0.41
25.09,0.27,1,-605.95,8.74,532.59,3739.65,-0.41
25.09,0.27,1,-605.95,8.74,532.59,3739.65,-0.41
25.10,0.27,1,-605.95,8.74,532.59,3739.65,-0.41
25.11,0.26,1,-605.95,8.74,532.58,3739.65,-0.41
25.12,0.26,1,-605.95,8.74,532.58,3739.65,-0.41
25.13,0.26,1,-605.96,8.74,532.58,3739.65,-0.41
25.14,0.26,1,-605.96,8.74,532.58,3739.65,-0.41
25.15,0.25,1,-605.97,8.74,532.57,3739.55,-0.41
25.16,0.25,1,-605.97,8.74,532.57,3739.55,-0.41
25.17,0.24,1,-605.97,8.74,532.57,3739.55,-0.41
25.18,0.24,1,-605.97,8.74,532.57,3739.55,-0.41
25.19,0.23,1,-605.98,8.74,532.56,3739.55,-0.41
25.19,0.23,1,-605.98,8.74,532.56,3739.55,-0.41
25.20,0.23,1,-605.98,8.74,532.56,3739.55,-0.41
25.21,0.23,1,-605.98,8.74,532.56,3739.55,-0.41
25.22,0.23,1,-605.98,8.74,532.56,3739.55,-0.41
25.23,0.22,1,-605.99,8.74,532.55,3739.55,-0.41
25.24,0.22,1,-605.99,8.74,532.55,3739.55,-0.41
25.24,0.21,1,-606.00,8.74,532.55,3739.55,-0.41
25.25,0.21,1,-606.00,8.74,532.55,3739.55,-0.41
25.26,0.21,1,-606.00,8.74,532.55,3739.55,-0.41
25.27,0.20,1,-606.00,8.74,532.54,3739.55,-0.41
25.28,0.20,1,-606.00,8.74,532.54,3739.55,-0.41
25.29,0.19,1,-606.01,8.74,532.54,3739.55,-0.41
25.29,0.19,1,-606.01,8.74,532.54,3739.55,-0.41
25.30,0.19,1,-606.01,8.74,532.54,3739.55,-0.41
25.31,0.19,1,-606.01,8.74,532.53,3739.55,-0.41
25.32,0.19,1,-606.01,8.74,532.53,3739.55,-0.41
25.33,0.18,1,-606.02,8.74,532.53,3739.55,-0.41
25.34,0.18,1,-606.02,8.74,532.53,3739.55,-0.41
25.35,0.17,1,-606.03,8.74,532.52,3739.55,-0.41
25.35,0.17,1,-606.03,8.74,532.52,3739.55,-0.41
25.36,0.17,1,-606.03,8.74,532.52,3739.55,-0.41
25.37,0.16,1,-606.03,8.74,532.51,3739.55,-0.41
25.38,0.16,1,-606.03,8.74,532.51,3739.55,-0.41
25.39,0.16,1,-606.04,8.74,532.51,3739.55,-0.41
25.40,0.16,1,-606.04,8.74,532.51,3739.55,-0.41
25.40,0.15,1,-606.04,8.74,532.50,3739.45,-0.41
25.41,0.15,1,-606.04,8.74,532.50,3739.45,-0.41
25.42,0.15,1,-606.04,8.74,532.50,3739.45,-0.41
25.43,0.14,1,-606.05,8.74,532.50,3739.45,-0.41
25.44,0.14,1,-606.05,8.74,532.50,3739.45,-0.41
25.45,0.13,1,-606.06,8.74,532.49,3739.45,-0.41
25.45,0.13,1,-606.06,8.74,532.49,3739.45,-0.41
25.46,0.13,1,-606.06,8.74,532.49,3739.45,-0.41
25.48,0.12,1,-606.06,8.74,532.49,3739.45,-0.41
25.49,0.12,1,-606.07,8.74,532.48,3739.45,-0.41
25.50,0.12,1,-606.07,8.74,532.48,3739.45,-0.41
25.50,0.11,1,-606.08,8.74,532.48,3739.45,-0.41
25.51,0.11,1,-606.08,8.74,532.48,3739.45,-0.41
25.52,0.11,1,-606.08,8.74,532.48,3739.45,-0.41
25.53,0.10,1,-606.08,8.74,532.47,3739.45,-0.41
25.54,0.10,1,-606.08,8.74,532.47,3739.45,-0.41
25.55,0.09,1,-606.09,8.74,532.47,3739.45,-0.41
25.55,0.09,1,-606.09,8.74,532.47,3739.45,-0.41
25.56,0.09,1,-606.09,8.74,532.47,3739.45,-0.41
25.57,0.09,1,-606.09,8.74,532.46,3739.45,-0.41
25.58,0.09,1,-606.09,8.74,532.46,3739.45,-0.41
25.59,0.08,1,-606.10,8.74,532.46,3739.45,-0.41
25.60,0.08,1,-606.10,8.74,532.46,3739.45,-0.41
25.60,0.07,1,-606.11,8.74,532.45,3739.45,-0.41
25.61,0.07,1,-606.11,8.74,532.45,3739.45,-0.41
25.62,0.07,1,-606.11,8.74,532.45,3739.45,-0.41
25.63,0.06,1,-606.11,8.74,532.45,3739.45,-0.41
25.64,0.06,1,-606.11,8.74,532.45,3739.45,-0.41
25.65,0.06,1,-606.12,8.74,532.44,3739.45,-0.41
25.65,0.06,1,-606.12,8.74,532.44,3739.45,-0.41
25.66,0.05,1,-606.12,8.74,532.44,3739.35,-0.41
25.67,0.05,1,-606.12,8.74,532.44,3739.35,-0.41
25.68,0.05,1,-606.12,8.74,532.44,3739.35,-0.41
25.69,0.04,1,-606.13,8.74,532.43,3739.35,-0.41
25.70,0.04,1,-606.13,8.74,532.43,3739.35,-0.41
25.70,0.03,1,-606.14,8.74,532.42,3739.35,-0.41
25.71,0.03,1,-606.14,8.74,532.42,3739.35,-0.41
25.72,0.03,1,-606.14,8.74,532.42,3739.35,-0.41
25.73,0.02,1,-606.14,8.74,532.42,3739.35,-0.41
25.74,0.02,1,-606.14,8.74,532.42,3739.35,-0.41
25.75,0.02,1,-606.15,8.74,532.41,3739.35,-0.41
25.75,0.02,1,-606.15,8.74,532.41,3739.35,-0.41
25.76,0.01,1,-606.15,8.74,532.41,3739.35,-0.41
25.77,0.01,1,-606.15,8.74,532.41,3739.35,-0.41
25.78,0.01,1,-606.15,8.74,532.41,3739.35,-0.41
25.79,0.00,1,-606.16,8.74,532.40,3739.35,-0.41
25.90,-0.04,1,-606.19,8.74,532.38,3739.35,-0.41
25.91,-0.05,1,-606.20,8.74,532.37,3739.35,-0.41
25.91,-0.05,1,-606.20,8.74,532.37,3739.35,-0.41
25.92,-0.05,1,-606.20,8.74,532.37,3739.35,-0.41
25.93,-0.05,1,-606.20,8.74,532.37,3739.25,-0.41
25.94,-0.05,1,-606.20,8.74,532.37,3739.25,-0.41
25.95,-0.06,1,-606.21,8.74,532.36,3739.25,-0.41
25.96,-0.06,1,-606.21,8.74,532.36,3739.25,-0.41
25.96,-0.07,1,-606.22,8.74,532.35,3739.25,-0.41
25.97,-0.07,1,-606.22,8.74,532.35,3739.25,-0.41
25.98,-0.07,1,-606.22,8.74,532.35,3739.25,-0.41
25.99,-0.08,1,-606.22,8.74,532.35,3739.25,-0.41
26.00,-0.08,1,-606.22,8.74,532.35,3739.25,-0.41
26.01,-0.08,1,-606.23,8.74,532.34,3739.25,-0.41
26.01,-0.08,1,-606.23,8.74,532.34,3739.25,-0.41
26.05,-0.10,1,-606.24,8.74,532.33,3739.25,-0.41
26.06,-0.10,1,-606.24,8.74,532.33,3739.25,-0.41
26.07,-0.11,1,-606.25,8.74,532.33,3739.25,-0.41
26.08,-0.11,1,-606.25,8.74,532.33,3739.25,-0.41
26.09,-0.12,1,-606.25,8.74,532.32,3739.25,-0.41
26.09,-0.12,1,-606.25,8.74,532.32,3739.25,-0.41
26.10,-0.12,1,-606.26,8.74,532.32,3739.25,-0.41
26.11,-0.12,1,-606.26,8.74,532.32,3739.25,-0.41
26.12,-0.12,1,-606.26,8.74,532.32,3739.25,-0.41
26.14,-0.13,1,-606.27,8.73,532.31,3739.25,-0.41
26.15,-0.14,1,-606.27,8.73,532.31,3739.25,-0.41
26.16,-0.14,1,-606.27,8.73,532.31,3739.25,-0.41
26.16,-0.15,1,-606.28,8.73,532.30,3739.25,-0.41
26.17,-0.15,1,-606.28,8.73,532.30,3739.25,-0.41
26.18,-0.15,1,-606.28,8.73,532.30,3739.25,-0.41
26.19,-0.16,1,-606.28,8.73,532.29,3739.15,-0.41
26.20,-0.16,1,-606.28,8.73,532.29,3739.15,-0.41
26.21,-0.16,1,-606.29,8.73,532.29,3739.15,-0.41
26.21,-0.16,1,-606.29,8.73,532.29,3739.15,-0.41
26.22,-0.16,1,-606.29,8.73,532.29,3739.15,-0.41
26.23,-0.17,1,-606.30,8.73,532.28,3739.15,-0.41
26.24,-0.17,1,-606.30,8.73,532.28,3739.15,-0.41
26.25,-0.18,1,-606.30,8.73,532.28,3739.15,-0.41
26.26,-0.18,1,-606.30,8.73,532.28,3739.15,-0.41
26.26,-0.19,1,-606.31,8.73,532.27,3739.15,-0.41
26.28,-0.19,1,-606.31,8.73,532.27,3739.15,-0.41
26.28,-0.19,1,-606.31,8.73,532.27,3739.15,-0.41
26.29,-0.19,1,-606.31,8.73,532.27,3739.15,-0.41
26.30,-0.19,1,-606.31,8.73,532.27,3739.15,-0.41
26.31,-0.20,1,-606.32,8.73,532.26,3739.15,-0.41
26.32,-0.20,1,-606.32,8.73,532.26,3739.15,-0.41
26.33,-0.21,1,-606.33,8.73,532.26,3739.15,-0.41
26.33,-0.21,1,-606.33,8.73,532.26,3739.15,-0.41
26.34,-0.22,1,-606.33,8.73,532.25,3739.15,-0.41
26.35,-0.22,1,-606.33,8.73,532.25,3739.15,-0.41
26.36,-0.22,1,-606.33,8.73,532.25,3739.15,-0.41
26.37,-0.23,1,-606.34,8.73,532.25,3739.15,-0.41
26.38,-0.23,1,-606.34,8.73,532.25,3739.15,-0.41
26.39,-0.23,1,-606.35,8.73,532.24,3739.15,-0.41
26.40,-0.23,1,-606.35,8.73,532.24,3739.15,-0.41
26.41,-0.24,1,-606.35,8.73,532.24,3739.15,-0.41
26.41,-0.24,1,-606.35,8.73,532.24,3739.15,-0.41
26.42,-0.25,1,-606.36,8.73,532.23,3739.15,-0.41
26.43,-0.25,1,-606.36,8.73,532.23,3739.15,-0.41
26.44,-0.25,1,-606.36,8.73,532.23,3739.15,-0.41
26.45,-0.26,1,-606.36,8.73,532.22,3739.05,-0.41
26.46,-0.26,1,-606.36,8.73,532.22,3739.05,-0.41
26.47,-0.26,1,-606.37,8.73,532.22,3739.05,-0.41
26.48,-0.26,1,-606.37,8.73,532.22,3739.05,-0.41
26.49,-0.27,1,-606.38,8.73,532.21,3739.05,-0.41
26.50,-0.27,1,-606.38,8.73,532.21,3739.05,-0.41
26.51,-0.28,1,-606.38,8.73,532.21,3739.05,-0.41
26.51,-0.28,1,-606.38,8.73,532.21,3739.05,-0.41
26.52,-0.28,1,-606.38,8.73,532.21,3739.05,-0.41
26.53,-0.29,1,-606.39,8.73,532.20,3739.05,-0.41
26.54,-0.29,1,-606.39,8.73,532.20,3739.05,-0.41
26.55,-0.30,1,-606.40,8.73,532.20,3739.05,-0.41
26.56,-0.30,1,-606.40,8.73,532.20,3739.05,-0.41
26.56,-0.30,1,-606.40,8.73,532.19,3739.05,-0.41
26.57,-0.30,1,-606.40,8.73,532.19,3739.05,-0.41
26.58,-0.30,1,-606.40,8.73,532.19,3739.05,-0.41
26.59,-0.31,1,-606.41,8.73,532.19,3739.05,-0.41
26.60,-0.31,1,-606.41,8.73,532.19,3739.05,-0.41
26.61,-0.32,1,-606.41,8.73,532.18,3739.05,-0.41
26.62,-0.32,1,-606.41,8.73,532.18,3739.05,-0.41
26.62,-0.33,1,-606.42,8.73,532.18,3739.05,-0.41
26.63,-0.33,1,-606.42,8.73,532.18,3739.05,-0.41
26.67,-0.34,1,-606.43,8.73,532.17,3739.05,-0.41
26.68,-0.34,1,-606.43,8.73,532.17,3739.05,-0.41
26.68,-0.35,1,-606.44,8.73,532.16,3739.05,-0.41
26.69,-0.35,1,-606.44,8.73,532.16,3739.05,-0.41
26.70,-0.35,1,-606.44,8.73,532.16,3739.05,-0.41
26.71,-0.36,1,-606.45,8.73,532.15,3738.94,-0.41
26.72,-0.36,1,-606.45,8.73,532.15,3738.94,-0.41
26.73,-0.37,1,-606.45,8.73,532.15,3738.94,-0.41
26.74,-0.37,1,-606.45,8.73,532.15,3738.94,-0.41
26.74,-0.37,1,-606.46,8.73,532.14,3738.94,-0.41
26.75,-0.37,1,-606.46,8.73,532.14,3738.94,-0.41
26.76,-0.37,1,-606.46,8.73,532.14,3738.94,-0.41
26.77,-0.38,1,-606.46,8.73,532.14,3738.94,-0.41
26.78,-0.38,1,-606.46,8.73,532.14,3738.94,-0.41
26.79,-0.39,1,-606.47,8.73,532.13,3738.94,-0.41
26.80,-0.39,1,-606.47,8.73,532.13,3738.94,-0.41
26.81,-0.40,1,-606.48,8.73,532.13,3738.94,-0.41
26.81,-0.40,1,-606.48,8.73,532.13,3738.94,-0.41
26.83,-0.41,1,-606.48,8.73,532.12,3738.94,-0.41
26.92,-0.44,1,-606.51,8.73,532.10,3738.94,-0.41
26.93,-0.44,1,-606.51,8.73,532.10,3738.94,-0.41
26.94,-0.44,1,-606.51,8.73,532.10,3738.94,-0.41
26.95,-0.45,1,-606.52,8.73,532.09,3738.94,-0.41
26.95,-0.45,1,-606.52,8.73,532.09,3738.94,-0.41
26.96,-0.45,1,-606.52,8.73,532.09,3738.94,-0.41
26.97,-0.46,1,-606.53,8.73,532.08,3738.84,-0.41
26.98,-0.46,1,-606.53,8.73,532.08,3738.84,-0.41
26.99,-0.47,1,-606.53,8.73,532.08,3738.84,-0.41
27.00,-0.47,1,-606.53,8.73,532.08,3738.84,-0.41
27.01,-0.48,1,-606.54,8.73,532.07,3738.84,-0.41
27.01,-0.48,1,-606.54,8.73,532.07,3738.84,-0.41
27.02,-0.48,1,-606.54,8.73,532.07,3738.84,-0.41
27.03,-0.48,1,-606.54,8.73,532.07,3738.84,-0.41
27.04,-0.48,1,-606.54,8.73,532.07,3738.84,-0.41
27.05,-0.49,1,-606.55,8.73,532.06,3738.84,-0.41
27.13,-0.52,1,-606.58,8.73,532.04,3738.84,-0.41
27.15,-0.53,1,-606.58,8.73,532.04,3738.84,-0.41
27.15,-0.53,1,-606.58,8.73,532.04,3738.84,-0.41
27.16,-0.54,1,-606.59,8.73,532.03,3738.84,-0.41
27.17,-0.54,1,-606.59,8.73,532.03,3738.84,-0.41
27.26,-0.58,1,-606.62,8.73,532.00,3738.74,-0.41
27.28,-0.58,1,-606.62,8.73,532.00,3738.74,-0.41
27.29,-0.59,1,-606.63,8.73,532.00,3738.74,-0.41
27.30,-0.59,1,-606.63,8.73,532.00,3738.74,-0.41
27.31,-0.59,1,-606.63,8.73,531.99,3738.74,-0.41
27.32,-0.59,1,-606.63,8.73,531.99,3738.74,-0.41
27.33,-0.60,1,-606.64,8.73,531.99,3738.74,-0.41
27.35,-0.61,1,-606.64,8.73,531.98,3738.74,-0.41
27.36,-0.61,1,-606.64,8.73,531.98,3738.74,-0.41
27.36,-0.62,1,-606.65,8.73,531.98,3738.74,-0.41
27.37,-0.62,1,-606.65,8.73,531.98,3738.74,-0.41
27.38,-0.62,1,-606.65,8.73,531.98,3738.74,-0.41
27.39,-0.62,1,-606.66,8.73,531.97,3738.74,-0.41
27.40,-0.62,1,-606.66,8.73,531.97,3738.74,-0.41
27.41,-0.63,1,-606.66,8.73,531.97,3738.74,-0.41
27.41,-0.63,1,-606.66,8.73,531.97,3738.74,-0.41
27.42,-0.63,1,-606.66,8.73,531.97,3738.74,-0.41
27.43,-0.64,1,-606.67,8.73,531.96,3738.74,-0.41
27.49,-0.66,1,-606.69,8.73,531.94,3738.64,-0.41
27.50,-0.66,1,-606.69,8.73,531.94,3738.64,-0.41
27.51,-0.67,1,-606.69,8.73,531.94,3738.64,-0.41
27.52,-0.67,1,-606.69,8.73,531.94,3738.64,-0.41
27.53,-0.68,1,-606.70,8.73,531.93,3738.64,-0.41
27.53,-0.68,1,-606.70,8.73,531.93,3738.64,-0.41
27.54,-0.68,1,-606.70,8.73,531.93,3738.64,-0.41
27.55,-0.69,1,-606.71,8.73,531.93,3738.64,-0.41
27.56,-0.69,1,-606.71,8.73,531.93,3738.64,-0.41
27.57,-0.70,1,-606.71,8.73,531.92,3738.64,-0.41
27.58,-0.70,1,-606.71,8.73,531.92,3738.64,-0.41
27.58,-0.70,1,-606.72,8.73,531.92,3738.64,-0.41
27.59,-0.70,1,-606.72,8.73,531.92,3738.64,-0.41
27.60,-0.70,1,-606.72,8.73,531.92,3738.64,-0.41
27.61,-0.71,1,-606.73,8.73,531.91,3738.64,-0.41
27.62,-0.71,1,-606.73,8.73,531.91,3738.64,-0.41
27.63,-0.72,1,-606.73,8.73,531.91,3738.64,-0.41
27.64,-0.72,1,-606.73,8.73,531.91,3738.64,-0.41
27.65,-0.73,1,-606.74,8.73,531.90,3738.64,-0.41
27.66,-0.73,1,-606.74,8.73,531.90,3738.64,-0.41
27.66,-0.73,1,-606.75,8.73,531.90,3738.64,-0.41
27.67,-0.73,1,-606.75,8.73,531.90,3738.64,-0.41
27.68,-0.73,1,-606.75,8.73,531.90,3738.64,-0.41
27.69,-0.74,1,-606.75,8.73,531.89,3738.64,-0.41
27.70,-0.74,1,-606.75,8.73,531.89,3738.64,-0.41
27.71,-38.66,2,-608.92,8.76,492.68,3700.64,-0.06
27.72,-38.66,2,-608.92,8.76,492.68,3700.64,-0.06
27.72,-38.66,2,-608.92,8.76,492.69,3700.64,0.21
27.73,-38.66,2,-608.92,8.76,492.69,3700.64,0.21
27.74,-38.66,2,-608.92,8.76,492.69,3700.64,0.21
27.75,-38.65,2,-608.92,8.75,492.70,3700.63,0.48
27.76,-38.65,2,-608.92,8.75,492.70,3700.63,0.48
27.77,-38.64,2,-608.91,8.75,492.71,3700.63,0.75
27.78,-38.64,2,-608.91,8.75,492.71,3700.63,0.75
27.78,-38.62,2,-608.90,8.75,492.73,3700.63,1.02
27.82,-38.59,2,-608.90,8.74,492.76,3700.63,1.28
27.83,-38.56,2,-608.89,8.74,492.78,3700.63,1.55
27.84,-38.56,2,-608.89,8.74,492.78,3700.63,1.55
27.84,-38.52,2,-608.88,8.73,492.82,3700.63,1.81
27.85,-38.52,2,-608.88,8.73,492.82,3700.63,1.81
27.86,-38.52,2,-608.88,8.73,492.82,3700.63,1.81
27.87,-38.49,2,-608.86,8.73,492.86,3700.63,2.07
27.88,-38.49,2,-608.86,8.73,492.86,3700.63,2.07
27.89,-38.44,2,-608.85,8.72,492.90,3700.63,2.33
27.89,-38.44,2,-608.85,8.72,492.90,3700.63,2.33
27.90,-38.44,2,-608.85,8.72,492.90,3700.63,2.33
27.91,-38.39,2,-608.83,8.72,492.95,3700.63,2.59
27.92,-38.39,2,-608.83,8.72,492.95,3700.63,2.59
27.93,-38.33,2,-608.82,8.72,493.01,3700.63,2.85
27.94,-38.33,2,-608.82,8.72,493.01,3700.63,2.85
27.94,-38.27,2,-608.80,8.71,493.07,3700.63,3.11
27.96,-38.27,2,-608.80,8.71,493.07,3700.63,3.11
27.98,-38.20,2,-608.78,8.71,493.13,3700.63,3.36
27.99,-38.13,2,-608.75,8.71,493.20,3700.63,3.61
28.00,-38.13,2,-608.75,8.71,493.20,3700.63,3.61
28.01,-38.05,2,-608.73,8.70,493.27,3701.16,3.87
28.02,-38.05,2,-608.73,8.70,493.27,3701.16,3.87
28.03,-37.97,2,-608.71,8.70,493.35,3701.16,4.12
28.03,-37.97,2,-608.71,8.70,493.35,3701.16,4.12
28.04,-37.97,2,-608.71,8.70,493.35,3701.16,4.12
28.05,-37.88,2,-608.68,8.70,493.43,3701.16,4.37
28.06,-37.88,2,-608.68,8.70,493.43,3701.16,4.37
28.07,-37.79,2,-608.65,8.70,493.52,3701.16,4.61
28.08,-37.79,2,-608.65,8.70,493.52,3701.16,4.61
28.08,-37.69,2,-608.62,8.70,493.61,3701.16,4.86
28.09,-37.69,2,-608.62,8.70,493.61,3701.16,4.86
28.10,-37.69,2,-608.62,8.70,493.61,3701.16,4.86
28.11,-37.59,2,-608.59,8.70,493.71,3701.16,5.10
28.12,-37.59,2,-608.59,8.70,493.71,3701.16,5.10
28.13,-37.49,2,-608.56,8.69,493.81,3701.16,5.35
28.14,-37.49,2,-608.56,8.69,493.81,3701.16,5.35
28.15,-37.37,2,-608.52,8.69,493.92,3701.16,5.59
28.15,-37.37,2,-608.52,8.69,493.92,3701.16,5.59
28.16,-37.26,2,-608.49,8.69,494.03,3701.16,5.83
28.17,-37.26,2,-608.49,8.69,494.03,3701.16,5.83
28.18,-37.26,2,-608.49,8.69,494.03,3701.16,5.83
28.19,-37.14,2,-608.45,8.69,494.15,3701.16,6.07
28.20,-37.14,2,-608.45,8.69,494.15,3701.16,6.07
28.20,-37.02,2,-608.41,8.69,494.27,3701.16,6.31
28.21,-37.02,2,-608.41,8.69,494.27,3701.16,6.31
28.22,-37.02,2,-608.41,8.69,494.27,3701.16,6.31
28.29,-36.47,2,-608.24,8.69,494.79,3702.54,7.25
28.30,-36.47,2,-608.24,8.69,494.79,3702.54,7.25
28.31,-36.32,2,-608.20,8.69,494.93,3702.54,7.48
28.31,-36.32,2,-608.20,8.69,494.93,3702.54,7.48
28.32,-36.32,2,-608.20,8.69,494.93,3702.54,7.48
28.33,-36.16,2,-608.15,8.69,495.08,3702.54,7.71
28.34,-36.16,2,-608.15,8.69,495.08,3702.54,7.71
28.35,-36.00,2,-608.10,8.69,495.23,3702.54,7.94
28.36,-36.00,2,-608.10,8.69,495.23,3702.54,7.94
28.36,-35.84,2,-608.06,8.69,495.39,3702.54,8.16
28.37,-35.84,2,-608.06,8.69,495.39,3702.54,8.16
28.38,-35.84,2,-608.06,8.69,495.39,3702.54,8.16
28.39,-35.67,2,-608.01,8.68,495.55,3702.54,8.39
28.40,-35.67,2,-608.01,8.68,495.55,3702.54,8.39
28.41,-35.51,2,-607.95,8.68,495.71,3702.54,8.61
28.42,-35.51,2,-607.95,8.68,495.71,3702.54,8.61
28.43,-35.33,2,-607.90,8.68,495.88,3702.54,8.84
28.43,-35.33,2,-607.90,8.68,495.88,3702.54,8.84
28.44,-35.15,2,-607.85,8.68,496.05,3702.54,9.06
28.45,-35.15,2,-607.85,8.68,496.05,3702.54,9.06
28.46,-35.15,2,-607.85,8.68,496.05,3702.54,9.06
28.47,-34.97,2,-607.79,8.68,496.23,3702.54,9.28
28.48,-34.97,2,-607.79,8.68,496.23,3702.54,9.28
28.48,-34.78,2,-607.74,8.68,496.41,3702.54,9.50
28.49,-34.78,2,-607.74,8.68,496.41,3702.54,9.50
28.50,-34.78,2,-607.74,8.68,496.41,3702.54,9.50
28.51,-34.58,2,-607.68,8.68,496.60,3702.54,9.72
28.52,-34.58,2,-607.68,8.68,496.60,3702.54,9.72
28.53,-34.38,2,-607.62,8.67,496.79,3704.71,9.94
28.53,-34.38,2,-607.62,8.67,496.79,3704.71,9.94
28.54,-34.18,2,-607.56,8.67,496.98,3704.71,10.15
28.55,-34.18,2,-607.56,8.67,496.98,3704.71,10.15
28.56,-34.18,2,-607.56,8.67,496.98,3704.71,10.15
28.57,-33.99,2,-607.50,8.67,497.18,3704.71,10.37
28.58,-33.99,2,-607.50,8.67,497.18,3704.71,10.37
28.58,-33.77,2,-607.44,8.67,497.38,3704.71,10.58
28.59,-33.77,2,-607.44,8.67,497.38,3704.71,10.58
28.60,-33.77,2,-607.44,8.67,497.38,3704.71,10.58
28.61,-33.56,2,-607.37,8.67,497.59,3704.71,10.79
28.62,-33.56,2,-607.37,8.67,497.59,3704.71,10.79
28.63,-33.34,2,-607.31,8.66,497.80,3704.71,11.00
28.64,-33.34,2,-607.31,8.66,497.80,3704.71,11.00
28.64,-33.11,2,-607.25,8.66,498.01,3704.71,11.21
28.65,-33.11,2,-607.25,8.66,498.01,3704.71,11.21
28.66,-33.11,2,-607.25,8.66,498.01,3704.71,11.21
28.67,-32.89,2,-607.18,8.66,498.23,3704.71,11.42
28.68,-32.89,2,-607.18,8.66,498.23,3704.71,11.42
28.69,-32.67,2,-607.11,8.66,498.46,3704.71,11.63
28.69,-32.67,2,-607.11,8.66,498.46,3704.71,11.63
28.70,-32.67,2,-607.11,8.66,498.46,3704.71,11.63
28.71,-32.43,2,-607.05,8.66,498.68,3704.71,11.84
28.72,-32.43,2,-607.05,8.66,498.68,3704.71,11.84
28.73,-32.19,2,-606.98,8.65,498.91,3704.71,12.04
28.75,-31.94,2,-606.91,8.65,499.15,3704.71,12.25
28.76,-31.94,2,-606.91,8.65,499.15,3704.71,12.25
28.77,-31.70,2,-606.84,8.65,499.39,3704.71,12.45
28.78,-31.70,2,-606.84,8.65,499.39,3704.71,12.45
28.79,-31.44,2,-606.77,8.65,499.63,3707.60,12.65
28.79,-31.44,2,-606.77,8.65,499.63,3707.60,12.65
28.80,-31.44,2,-606.77,8.65,499.63,3707.60,12.65
28.81,-31.26,2,-606.70,8.65,499.88,3707.60,12.85
28.82,-31.26,2,-606.70,8.65,499.88,3707.60,12.85
28.83,-31.00,2,-606.63,8.65,500.13,3707.60,13.05
28.84,-31.00,2,-606.63,8.65,500.13,3707.60,13.05
28.84,-30.74,2,-606.56,8.64,500.39,3707.60,13.25
28.85,-30.74,2,-606.56,8.64,500.39,3707.60,13.25
28.86,-30.74,2,-606.56,8.64,500.39,3707.60,13.25
28.87,-30.47,2,-606.49,8.64,500.64,3707.60,13.44
28.88,-30.47,2,-606.49,8.64,500.64,3707.60,13.44
28.89,-30.19,2,-606.41,8.64,500.91,3707.60,13.64
28.89,-30.19,2,-606.41,8.64,500.91,3707.60,13.64
28.90,-29.92,2,-606.34,8.64,501.17,3707.60,13.83
28.92,-29.92,2,-606.34,8.64,501.17,3707.60,13.83
28.92,-29.64,2,-606.27,8.64,501.44,3707.60,14.03
28.93,-29.64,2,-606.27,8.64,501.44,3707.60,14.03
28.94,-29.64,2,-606.27,8.64,501.44,3707.60,14.03
28.95,-29.35,2,-606.19,8.63,501.72,3707.60,14.22
28.96,-29.35,2,-606.19,8.63,501.72,3707.60,14.22
28.97,-29.06,2,-606.12,8.63,502.00,3707.60,14.41
28.98,-29.06,2,-606.12,8.63,502.00,3707.60,14.41
28.98,-28.77,2,-606.05,8.63,502.28,3707.60,14.60
28.99,-28.77,2,-606.05,8.63,502.28,3707.60,14.60
29.00,-28.77,2,-606.05,8.63,502.28,3707.60,14.60
29.01,-28.48,2,-605.97,8.63,502.57,3707.60,14.79
29.02,-28.48,2,-605.97,8.63,502.57,3707.60,14.79
29.03,-28.24,2,-605.90,8.63,502.86,3707.60,14.98
29.03,-28.24,2,-605.90,8.63,502.86,3707.60,14.98
29.04,-28.24,2,-605.90,8.63,502.86,3707.60,14.98
29.05,-28.01,2,-605.82,8.62,503.15,3711.06,15.16
29.06,-28.01,2,-605.82,8.62,503.15,3711.06,15.16
29.07,-27.70,2,-605.75,8.62,503.45,3711.06,15.35
29.08,-27.70,2,-605.75,8.62,503.45,3711.06,15.35
29.10,-27.39,2,-605.68,8.62,503.75,3711.06,15.53
29.10,-27.07,2,-605.60,8.62,504.06,3711.06,15.72
29.11,-27.07,2,-605.60,8.62,504.06,3711.06,15.72
29.12,-27.07,2,-605.60,8.62,504.06,3711.06,15.72
29.13,-26.76,2,-605.53,8.62,504.37,3711.06,15.90
29.14,-26.76,2,-605.53,8.62,504.37,3711.06,15.90
29.15,-26.44,2,-605.45,8.62,504.68,3711.06,16.08
29.16,-26.44,2,-605.45,8.62,504.68,3711.06,16.08
29.16,-26.11,2,-605.38,8.61,505.00,3711.06,16.26
29.17,-26.11,2,-605.38,8.61,505.00,3711.06,16.26
29.18,-26.11,2,-605.38,8.61,505.00,3711.06,16.26
29.19,-25.78,2,-605.31,8.61,505.32,3711.06,16.44
29.20,-25.78,2,-605.31,8.61,505.32,3711.06,16.44
29.21,-25.45,2,-605.24,8.61,505.64,3711.06,16.62
29.21,-25.45,2,-605.24,8.61,505.64,3711.06,16.62
29.22,-25.24,2,-605.16,8.61,505.97,3711.06,16.79
29.23,-25.24,2,-605.16,8.61,505.97,3711.06,16.79
29.24,-25.24,2,-605.16,8.61,505.97,3711.06,16.79
29.25,-24.90,2,-605.09,8.61,506.30,3711.06,16.97
29.26,-24.90,2,-605.09,8.61,506.30,3711.06,16.97
29.26,-24.56,2,-605.02,8.61,506.64,3711.06,17.14
29.27,-24.56,2,-605.02,8.61,506.64,3711.06,17.14
29.28,-24.56,2,-605.02,8.61,506.64,3711.06,17.14
29.29,-24.21,2,-604.95,8.60,506.98,3711.06,17.32
29.30,-24.21,2,-604.95,8.60,506.98,3711.06,17.32
29.31,-23.86,2,-604.88,8.60,507.32,3715.08,17.49
29.32,-23.86,2,-604.88,8.60,507.32,3715.08,17.49
29.33,-23.51,2,-604.81,8.60,507.66,3715.08,17.66
29.33,-23.51,2,-604.81,8.60,507.66,3715.08,17.66
29.34,-23.51,2,-604.81,8.60,507.66,3715.08,17.66
29.35,-23.15,2,-604.74,8.60,508.01,3715.08,17.83
29.36,-23.15,2,-604.74,8.60,508.01,3715.08,17.83
29.37,-22.79,2,-604.68,8.60,508.37,3715.08,18.00
29.38,-22.79,2,-604.68,8.60,508.37,3715.08,18.00
29.38,-22.54,2,-604.61,8.60,508.73,3715.08,18.17
29.39,-22.54,2,-604.61,8.60,508.73,3715.08,18.17
29.40,-22.54,2,-604.61,8.60,508.73,3715.08,18.17
29.41,-22.18,2,-604.54,8.59,509.09,3715.08,18.34
29.42,-22.18,2,-604.54,8.59,509.09,3715.08,18.34
29.43,-21.81,2,-604.48,8.59,509.45,3715.08,18.51
29.43,-21.81,2,-604.48,8.59,509.45,3715.08,18.51
29.44,-21.81,2,-604.48,8.59,509.45,3715.08,18.50
29.45,-21.44,2,-604.41,8.59,509.82,3715.08,18.67
29.46,-21.44,2,-604.41,8.59,509.82,3715.08,18.67
29.47,-21.06,2,-604.35,8.59,510.19,3715.08,18.84
29.48,-21.06,2,-604.35,8.59,510.19,3715.08,18.84
29.48,-20.68,2,-604.29,8.59,510.56,3715.08,19.00
29.49,-20.68,2,-604.29,8.59,510.56,3715.08,19.00
29.50,-20.68,2,-604.29,8.59,510.56,3715.08,19.00
29.51,-20.30,2,-604.23,8.59,510.94,3715.08,19.13
29.52,-20.30,2,-604.23,8.59,510.94,3715.08,19.13
29.53,-19.96,2,-604.17,8.59,511.32,3715.08,19.25
29.53,-19.96,2,-604.17,8.59,511.32,3715.08,19.25
29.54,-19.63,2,-604.11,8.58,511.70,3715.08,19.07
29.55,-19.63,2,-604.11,8.58,511.70,3715.08,19.07
29.56,-19.63,2,-604.11,8.58,511.70,3715.08,19.07
29.57,-19.25,2,-604.05,8.58,512.08,3719.66,19.16
29.58,-19.25,2,-604.05,8.58,512.08,3719.66,19.16
29.58,-18.87,2,-603.99,8.58,512.46,3719.66,19.23
29.59,-18.87,2,-603.99,8.58,512.46,3719.66,19.23
29.60,-18.87,2,-603.99,8.58,512.46,3719.66,19.23
29.61,-18.48,2,-603.94,8.58,512.84,3719.66,19.29
29.62,-18.48,2,-603.94,8.58,512.84,3719.66,19.29
29.63,-18.09,2,-603.89,8.58,513.22,3719.66,19.35
29.63,-18.09,2,-603.89,8.58,513.22,3719.66,19.35
29.64,-17.71,2,-603.83,8.58,513.61,3719.66,19.40
29.65,-17.71,2,-603.83,8.58,513.61,3719.66,19.40
29.66,-17.71,2,-603.83,8.58,513.61,3719.66,19.40
29.67,-17.40,2,-603.78,8.58,513.99,3719.66,19.45
29.68,-17.40,2,-603.78,8.58,513.99,3719.66,19.45
29.68,-17.01,2,-603.73,8.58,514.38,3719.66,19.49
29.69,-17.01,2,-603.73,8.58,514.38,3719.66,19.49
29.70,-17.01,2,-603.73,8.58,514.38,3719.66,19.49
29.71,-16.62,2,-603.68,8.58,514.77,3719.66,19.53
29.72,-16.62,2,-603.68,8.58,514.77,3719.66,19.53
29.73,-16.23,2,-603.63,8.58,515.15,3719.66,19.32
29.74,-16.23,2,-603.63,8.58,515.15,3719.66,19.32
29.74,-15.85,2,-603.59,8.57,515.53,3719.66,19.14
29.75,-15.85,2,-603.59,8.57,515.53,3719.66,19.14
29.76,-15.85,2,-603.59,8.57,515.53,3719.66,19.14
29.77,-15.47,2,-603.54,8.57,515.91,3719.66,18.98
29.78,-15.47,2,-603.54,8.57,515.91,3719.66,18.98
29.79,-15.15,2,-603.50,8.57,516.28,3719.66,18.83
29.79,-15.15,2,-603.50,8.57,516.28,3719.66,18.83
29.80,-15.15,2,-603.50,8.57,516.28,3719.66,18.83
29.81,-14.78,2,-603.45,8.57,516.65,3719.66,18.52
29.82,-14.78,2,-603.45,8.57,516.65,3719.66,18.52
29.83,-14.42,2,-603.41,8.57,517.01,3724.51,18.23
29.84,-14.42,2,-603.41,8.57,517.01,3724.51,18.23
29.84,-14.06,2,-603.37,8.57,517.37,3724.51,17.99
29.85,-14.06,2,-603.37,8.57,517.37,3724.51,17.99
29.86,-14.06,2,-603.37,8.57,517.37,3724.51,17.99
29.87,-13.70,2,-603.33,8.57,517.72,3724.51,17.77
29.88,-13.70,2,-603.33,8.57,517.72,3724.51,17.77
29.89,-13.36,2,-603.29,8.57,518.07,3724.51,17.37
29.89,-13.36,2,-603.29,8.57,518.07,3724.51,17.37
29.90,-13.03,2,-603.25,8.57,518.41,3724.51,17.12
29.91,-13.03,2,-603.25,8.57,518.41,3724.51,17.12
29.92,-13.03,2,-603.25,8.57,518.41,3724.51,17.12
29.93,-12.69,2,-603.22,8.57,518.74,3724.51,16.89
29.96,-12.36,2,-603.18,8.57,519.08,3724.51,16.69
29.97,-12.03,2,-603.14,8.57,519.40,3724.51,16.51
29.97,-12.03,2,-603.14,8.57,519.40,3724.51,16.51
29.98,-12.03,2,-603.14,8.57,519.40,3724.51,16.51
29.99,-11.70,2,-603.10,8.57,519.73,3724.51,16.36
30.00,-11.70,2,-603.10,8.57,519.73,3724.51,16.36
30.01,-11.38,2,-603.07,8.57,520.05,3724.51,16.18
30.02,-11.38,2,-603.07,8.57,520.05,3724.51,16.18
30.03,-11.06,2,-603.03,8.57,520.37,3724.51,16.01
30.04,-11.06,2,-603.03,8.57,520.37,3724.51,16.01
30.04,-10.71,2,-602.99,8.57,520.68,3724.51,15.87
30.05,-10.71,2,-602.99,8.57,520.68,3724.51,15.87
30.06,-10.71,2,-602.99,8.57,520.68,3724.51,15.87
30.07,-10.40,2,-602.96,8.57,521.00,3724.51,15.74
30.08,-10.40,2,-602.96,8.57,521.00,3724.51,15.74
30.09,-10.08,2,-602.92,8.57,521.31,3728.90,15.63
30.09,-10.08,2,-602.92,8.57,521.31,3728.90,15.63
30.10,-10.08,2,-602.92,8.57,521.31,3728.90,15.63
30.11,-9.77,2,-602.88,8.57,521.61,3728.90,15.54
30.12,-9.77,2,-602.88,8.57,521.61,3728.90,15.54
30.13,-9.47,2,-602.84,8.57,521.92,3728.90,15.46
30.14,-9.47,2,-602.84,8.57,521.92,3728.90,15.46
30.14,-9.16,2,-602.80,8.57,522.23,3728.90,15.39
30.15,-9.16,2,-602.80,8.57,522.23,3728.90,15.39
30.16,-9.16,2,-602.80,8.57,522.23,3728.90,15.39
30.20,-8.46,2,-602.72,8.58,522.83,3728.90,15.10
30.21,-8.16,2,-602.67,8.58,523.12,3728.90,14.96
30.22,-8.16,2,-602.67,8.58,523.12,3728.90,14.96
30.22,-7.86,2,-602.63,8.58,523.42,3728.90,14.81
30.23,-7.86,2,-602.63,8.58,523.42,3728.90,14.81
30.24,-7.86,2,-602.63,8.58,523.42,3728.90,14.81
30.25,-7.57,2,-602.58,8.58,523.71,3728.90,14.73
30.26,-7.57,2,-602.58,8.58,523.71,3728.90,14.73
30.27,-7.10,2,-602.54,8.58,524.00,3728.90,14.62
30.27,-7.10,2,-602.54,8.58,524.00,3728.90,14.62
30.28,-6.81,2,-602.49,8.58,524.28,3728.90,14.49
30.29,-6.81,2,-602.49,8.58,524.28,3728.90,14.48
30.30,-6.81,2,-602.49,8.58,524.28,3728.90,14.48
30.31,-6.53,2,-602.44,8.58,524.57,3728.90,14.33
30.32,-6.53,2,-602.44,8.58,524.57,3728.90,14.32
30.32,-6.24,2,-602.39,8.58,524.84,3728.90,14.15
30.33,-6.24,2,-602.39,8.58,524.84,3728.90,14.14
30.34,-6.24,2,-602.39,8.58,524.84,3728.90,14.14
30.35,-5.97,2,-602.34,8.58,525.12,3733.05,13.95
30.36,-5.97,2,-602.34,8.58,525.12,3733.05,13.94
30.37,-5.43,2,-602.29,8.58,525.39,3733.05,13.74
30.38,-5.43,2,-602.29,8.58,525.39,3733.05,13.73
30.38,-5.16,2,-602.23,8.58,525.65,3733.05,13.53
30.39,-5.16,2,-602.23,8.58,525.65,3733.05,13.52
30.40,-5.16,2,-602.23,8.58,525.65,3733.05,13.52
30.41,-4.89,2,-602.18,8.59,525.92,3733.05,13.71
30.42,-4.89,2,-602.18,8.59,525.92,3733.05,13.71
30.43,-4.61,2,-602.12,8.59,526.19,3733.05,13.90
30.44,-4.61,2,-602.12,8.59,526.19,3733.05,13.89
30.44,-4.33,2,-602.05,8.59,526.47,3733.05,14.08
30.45,-4.33,2,-602.05,8.59,526.47,3733.05,14.08
30.46,-4.33,2,-602.05,8.59,526.47,3733.05,14.07
30.47,-3.69,2,-601.99,8.59,526.74,3733.05,14.25
30.48,-3.69,2,-601.99,8.59,526.74,3733.05,14.25
30.49,-3.40,2,-601.91,8.60,527.02,3733.05,14.34
30.50,-3.40,2,-601.91,8.60,527.02,3733.05,14.33
30.51,-3.11,2,-601.84,8.60,527.30,3733.05,14.40
30.51,-3.11,2,-601.84,8.60,527.30,3733.05,14.40
30.52,-2.82,2,-601.76,8.60,527.58,3733.05,14.46
30.55,-2.09,2,-601.68,8.61,527.86,3733.05,14.50
30.56,-2.09,2,-601.68,8.61,527.86,3733.05,14.50
30.57,-1.80,2,-601.60,8.61,528.14,3733.05,14.55
30.57,-1.80,2,-601.60,8.61,528.14,3733.05,14.55
30.58,-1.80,2,-601.60,8.61,528.14,3733.05,14.54
30.59,-1.51,2,-601.51,8.62,528.41,3733.05,14.59
30.60,-1.51,2,-601.51,8.62,528.41,3733.05,14.58
30.61,-1.22,2,-601.41,8.62,528.69,3737.78,14.62
30.62,-1.22,2,-601.41,8.62,528.69,3737.78,14.61
30.63,-0.44,2,-601.32,8.63,528.97,3737.78,14.65
30.63,-0.44,2,-601.32,8.63,528.97,3737.78,14.64
30.64,-0.44,2,-601.32,8.63,528.97,3737.78,14.63
30.65,-0.15,2,-601.22,8.64,529.25,3737.78,14.81
30.66,-0.15,2,-601.22,8.64,529.25,3737.78,14.80
30.67,0.15,2,-601.11,8.65,529.53,3737.78,14.98
30.68,0.15,2,-601.11,8.65,529.53,3737.78,14.97
30.68,0.94,2,-601.00,8.65,529.81,3737.78,15.02
30.69,0.94,2,-601.00,8.65,529.81,3737.78,15.02
30.70,0.94,2,-601.00,8.65,529.81,3737.78,15.01
30.74,1.53,2,-600.76,8.67,530.37,3737.78,15.32
30.74,1.83,2,-600.63,8.68,530.65,3737.78,15.49
30.75,1.83,2,-600.63,8.68,530.65,3737.78,15.48
30.76,1.83,2,-600.63,8.68,530.65,3737.78,15.47
30.77,2.57,2,-600.49,8.69,530.93,3737.78,15.64
30.78,2.57,2,-600.49,8.69,530.93,3737.78,15.62
30.79,2.87,2,-600.35,8.70,531.22,3737.78,15.79
30.79,2.87,2,-600.35,8.70,531.22,3737.78,15.78
30.80,2.87,2,-600.35,8.70,531.22,3737.78,15.76
30.81,3.17,2,-600.20,8.71,531.50,3737.78,15.93
30.82,3.17,2,-600.20,8.71,531.50,3737.78,15.91
30.83,3.48,2,-600.04,8.72,531.78,3737.78,16.07
30.84,3.48,2,-600.04,8.72,531.78,3737.78,16.06
30.84,3.79,2,-599.88,8.73,532.07,3737.78,16.22
30.85,3.79,2,-599.88,8.73,532.07,3737.78,16.21
30.86,3.79,2,-599.88,8.73,532.07,3737.78,16.19
30.87,4.44,2,-599.71,8.74,532.35,3743.09,16.35
30.88,4.44,2,-599.71,8.74,532.35,3743.09,16.34
30.93,5.38,2,-599.16,8.76,533.19,3743.09,16.76
30.95,5.70,2,-598.96,8.77,533.46,3743.09,16.90
30.95,5.70,2,-598.96,8.77,533.46,3743.09,16.88
30.96,5.70,2,-598.96,8.77,533.46,3743.09,16.86
30.99,6.56,2,-598.54,8.77,534.01,3743.09,17.14
31.00,6.89,2,-598.32,8.78,534.28,3743.09,17.29
31.01,6.89,2,-598.32,8.78,534.28,3743.09,17.27
31.02,6.89,2,-598.32,8.78,534.28,3743.09,17.26
31.03,7.22,2,-598.10,8.78,534.55,3743.09,17.41
31.04,7.22,2,-598.10,8.78,534.55,3743.09,17.39
31.04,7.55,2,-597.86,8.78,534.81,3743.09,17.54
31.05,7.55,2,-597.86,8.78,534.81,3743.09,17.52
31.06,7.55,2,-597.86,8.78,534.81,3743.09,17.50
31.07,8.01,2,-597.62,8.78,535.07,3743.09,17.66
31.08,8.01,2,-597.62,8.78,535.07,3743.09,17.64
31.09,8.35,2,-597.37,8.78,535.33,3743.09,17.79
31.09,8.35,2,-597.37,8.78,535.33,3743.09,17.77
31.10,8.68,2,-597.11,8.77,535.58,3743.09,17.92
31.11,8.68,2,-597.11,8.77,535.58,3743.09,17.90
31.12,8.68,2,-597.11,8.77,535.58,3743.09,17.88
31.13,9.03,2,-596.85,8.77,535.83,3747.98,18.03
31.14,9.03,2,-596.85,8.77,535.83,3747.98,18.01
31.16,9.73,2,-596.30,8.77,536.31,3747.98,18.28
31.17,9.73,2,-596.30,8.77,536.31,3747.98,18.26
31.18,9.73,2,-596.30,8.77,536.31,3747.98,18.24
31.19,10.08,2,-596.01,8.76,536.55,3747.98,18.39
31.20,10.08,2,-596.01,8.76,536.55,3747.98,18.37
31.20,10.49,2,-595.72,8.76,536.78,3747.98,18.52
31.21,10.49,2,-595.72,8.76,536.78,3747.98,18.50
31.22,10.49,2,-595.72,8.76,536.78,3747.98,18.48
31.23,10.85,2,-595.42,8.76,537.01,3747.98,18.63
31.24,10.85,2,-595.42,8.76,537.01,3747.98,18.61
31.25,11.21,2,-595.11,8.75,537.23,3747.98,18.75
31.25,11.21,2,-595.11,8.75,537.23,3747.98,18.73
31.26,11.58,2,-594.80,8.75,537.44,3747.98,18.88
31.27,11.58,2,-594.80,8.75,537.44,3747.98,18.86
31.28,11.58,2,-594.80,8.75,537.44,3747.98,18.84
31.29,11.95,2,-594.48,8.75,537.65,3747.98,18.99
31.30,11.95,2,-594.48,8.75,537.65,3747.98,18.97
31.30,12.32,2,-594.15,8.74,537.85,3747.98,19.11
31.32,12.32,2,-594.15,8.74,537.85,3747.98,19.08
31.35,13.08,2,-593.48,8.74,538.25,3747.98,19.34
31.36,13.08,2,-593.48,8.74,538.25,3747.98,19.32
31.36,13.46,2,-593.14,8.74,538.43,3747.98,19.47
31.37,13.46,2,-593.14,8.74,538.43,3747.98,19.45
31.38,13.46,2,-593.14,8.74,538.43,3747.98,19.43
31.39,13.85,2,-592.79,8.74,538.61,3752.76,19.58
31.40,13.85,2,-592.79,8.74,538.61,3752.76,19.56
31.41,14.24,2,-592.43,8.74,538.79,3752.76,19.70
31.41,14.24,2,-592.43,8.74,538.79,3752.76,19.69
31.42,14.24,2,-592.43,8.74,538.79,3752.76,19.67
31.43,14.63,2,-592.07,8.73,538.96,3752.76,19.81
31.44,14.63,2,-592.07,8.73,538.96,3752.76,19.80
31.45,15.03,2,-591.71,8.73,539.12,3752.76,19.94
31.46,15.03,2,-591.71,8.73,539.12,3752.76,19.92
31.46,15.43,2,-591.33,8.73,539.28,3752.76,20.07
31.47,15.43,2,-591.33,8.73,539.28,3752.76,20.05
31.48,15.43,2,-591.33,8.73,539.28,3752.76,20.03
31.49,15.84,2,-590.96,8.73,539.43,3752.76,20.18
31.50,15.84,2,-590.96,8.73,539.43,3752.76,20.16
31.51,16.22,2,-590.58,8.73,539.57,3752.76,20.30
31.52,16.22,2,-590.58,8.73,539.57,3752.76,20.28
31.53,16.63,2,-590.19,8.73,539.71,3752.76,20.43
31.53,16.63,2,-590.19,8.73,539.71,3752.76,20.41
31.54,16.63,2,-590.19,8.73,539.71,3752.76,20.40
31.55,17.04,2,-589.80,8.73,539.84,3752.76,20.54
31.56,17.04,2,-589.80,8.73,539.84,3752.76,20.53
31.57,17.44,2,-589.40,8.73,539.96,3752.76,20.67
31.58,17.44,2,-589.40,8.73,539.96,3752.76,20.65
31.58,17.86,2,-589.00,8.73,540.08,3752.76,20.80
31.59,17.86,2,-589.00,8.73,540.08,3752.76,20.78
31.60,17.86,2,-589.00,8.73,540.08,3752.76,20.77
31.61,18.28,2,-588.60,8.74,540.20,3752.76,20.91
31.62,18.28,2,-588.60,8.74,540.20,3752.76,20.90
31.63,18.69,2,-588.19,8.74,540.30,3752.76,21.04
31.63,18.69,2,-588.19,8.74,540.30,3752.76,21.03
31.64,19.11,2,-587.78,8.74,540.40,3757.98,21.17
31.65,19.11,2,-587.78,8.74,540.40,3757.98,21.16
31.67,19.54,2,-587.36,8.74,540.50,3757.98,21.29
31.68,19.54,2,-587.36,8.74,540.50,3757.98,21.28
31.69,19.95,2,-586.94,8.74,540.58,3757.98,21.42
31.69,19.95,2,-586.94,8.74,540.58,3757.98,21.41
31.70,19.95,2,-586.94,8.74,540.58,3757.98,21.40
31.71,20.39,2,-586.51,8.74,540.67,3757.98,21.54
31.72,20.39,2,-586.51,8.74,540.67,3757.98,21.53
31.73,20.82,2,-586.09,8.74,540.74,3757.98,21.67
31.74,20.82,2,-586.09,8.74,540.74,3757.98,21.66
31.74,21.24,2,-585.66,8.74,540.81,3757.98,21.80
31.75,21.24,2,-585.66,8.74,540.81,3757.98,21.79
31.76,21.24,2,-585.66,8.74,540.81,3757.98,21.78
31.77,21.68,2,-585.22,8.74,540.88,3757.98,21.92
31.78,21.68,2,-585.22,8.74,540.88,3757.98,21.91
31.79,22.12,2,-584.78,8.74,540.94,3757.98,22.05
31.79,22.12,2,-584.78,8.74,540.94,3757.98,22.04
31.80,22.12,2,-584.78,8.74,540.94,3757.98,22.04
31.81,22.56,2,-584.34,8.74,540.99,3757.98,22.18
31.82,22.56,2,-584.34,8.74,540.99,3757.98,22.17
31.83,23.00,2,-583.90,8.74,541.04,3757.98,22.31
31.85,23.45,2,-583.45,8.74,541.09,3757.98,22.43
31.86,23.45,2,-583.45,8.74,541.09,3757.98,22.43
31.87,23.89,2,-583.00,8.74,541.12,3757.98,22.57
31.88,23.89,2,-583.00,8.74,541.12,3757.98,22.56
31.89,24.35,2,-582.54,8.74,541.16,3757.98,22.70
31.92,24.80,2,-582.09,8.74,541.19,3763.64,22.83
31.93,25.25,2,-581.63,8.74,541.21,3763.64,22.97
31.93,25.25,2,-581.63,8.74,541.21,3763.64,22.97
31.94,25.25,2,-581.63,8.74,541.21,3763.64,22.96
31.95,25.72,2,-581.17,8.74,541.23,3763.64,23.10
31.96,25.72,2,-581.17,8.74,541.23,3763.64,23.10
31.97,26.18,2,-580.70,8.74,541.25,3763.64,23.23
31.98,26.18,2,-580.70,8.74,541.25,3763.64,23.23
31.98,26.64,2,-580.23,8.74,541.26,3763.64,23.37
31.99,26.64,2,-580.23,8.74,541.26,3763.64,23.37
32.00,26.64,2,-580.23,8.74,541.26,3763.64,23.36
32.01,27.11,2,-579.76,8.74,541.27,3763.64,23.50
32.02,27.11,2,-579.76,8.74,541.27,3763.64,23.50
32.03,27.58,2,-579.29,8.74,541.27,3763.64,23.63
32.03,27.58,2,-579.29,8.74,541.27,3763.64,23.63
32.04,28.05,2,-578.81,8.74,541.27,3763.64,23.77
32.05,28.05,2,-578.81,8.74,541.27,3763.64,23.77
32.07,28.52,2,-578.34,8.74,541.27,3763.64,23.90
32.08,28.52,2,-578.34,8.74,541.27,3763.64,23.90
32.08,29.00,2,-577.86,8.74,541.27,3763.64,24.03
32.09,29.00,2,-577.86,8.74,541.27,3763.64,24.03
32.10,29.00,2,-577.86,8.74,541.27,3763.64,24.03
32.11,29.48,2,-577.37,8.74,541.26,3763.64,24.16
32.12,29.48,2,-577.37,8.74,541.26,3763.64,24.16
32.13,29.97,2,-576.89,8.74,541.25,3763.64,24.30
32.13,29.97,2,-576.89,8.74,541.25,3763.64,24.29
32.15,30.45,2,-576.40,8.74,541.24,3763.64,24.43
32.15,30.45,2,-576.40,8.74,541.24,3763.64,24.43
32.16,30.94,2,-575.91,8.74,541.22,3769.75,24.56
32.17,30.94,2,-575.91,8.74,541.22,3769.75,24.56
32.18,30.94,2,-575.91,8.74,541.22,3769.75,24.56
32.19,31.43,2,-575.41,8.74,541.20,3769.75,24.69
32.20,31.43,2,-575.41,8.74,541.20,3769.75,24.69
32.20,31.93,2,-574.92,8.74,541.18,3769.75,24.82
32.21,31.93,2,-574.92,8.74,541.18,3769.75,24.82
32.22,31.93,2,-574.92,8.74,541.18,3769.75,24.82
32.23,32.42,2,-574.42,8.74,541.16,3769.75,24.95
32.25,32.92,2,-573.92,8.74,541.13,3769.75,25.08
32.26,32.92,2,-573.92,8.74,541.13,3769.75,25.08
32.27,33.43,2,-573.41,8.74,541.11,3769.75,25.21
32.27,33.43,2,-573.41,8.74,541.11,3769.75,25.21
32.28,33.43,2,-573.41,8.74,541.11,3769.75,25.20
32.29,33.93,2,-572.91,8.74,541.08,3769.75,25.33
32.30,33.93,2,-572.91,8.74,541.08,3769.75,25.33
32.31,34.44,2,-572.40,8.74,541.05,3769.75,25.46
32.32,34.44,2,-572.40,8.74,541.05,3769.75,25.46
32.32,34.95,2,-571.89,8.74,541.01,3769.75,25.59
32.33,34.95,2,-571.89,8.74,541.01,3769.75,25.59
32.34,35.46,2,-571.38,8.74,540.98,3769.75,25.71
32.35,35.46,2,-571.38,8.74,540.98,3769.75,25.71
32.36,35.46,2,-571.38,8.74,540.98,3769.75,25.71
32.37,35.98,2,-570.86,8.74,540.94,3769.75,25.84
32.38,35.98,2,-570.86,8.74,540.94,3769.75,25.84
32.39,36.49,2,-570.34,8.74,540.91,3769.75,25.96
32.39,36.49,2,-570.34,8.74,540.91,3769.75,25.96
32.40,36.49,2,-570.34,8.74,540.91,3769.75,25.96
32.42,37.01,2,-569.82,8.74,540.87,3769.75,26.09
32.43,37.54,2,-569.30,8.74,540.83,3776.31,26.21
32.44,37.54,2,-569.30,8.74,540.83,3776.31,26.21
32.45,38.07,2,-568.77,8.74,540.79,3776.31,26.34
32.46,38.07,2,-568.77,8.74,540.79,3776.31,26.34
32.46,38.59,2,-568.25,8.74,540.75,3776.31,26.46
32.47,38.59,2,-568.25,8.74,540.75,3776.31,26.46
32.48,38.59,2,-568.25,8.74,540.75,3776.31,26.46
32.49,39.13,2,-567.72,8.74,540.70,3776.31,26.58
32.50,39.13,2,-567.72,8.74,540.70,3776.31,26.58
32.51,39.66,2,-567.18,8.74,540.66,3776.31,26.70
32.51,39.66,2,-567.18,8.74,540.66,3776.31,26.70
32.52,39.66,2,-567.18,8.74,540.66,3776.31,26.70
32.53,40.19,2,-566.65,8.74,540.62,3776.31,26.82
32.54,40.19,2,-566.65,8.74,540.62,3776.31,26.82
32.55,40.74,2,-566.11,8.74,540.57,3776.31,26.94
32.56,40.74,2,-566.11,8.74,540.57,3776.31,26.94
32.56,41.28,2,-565.57,8.74,540.52,3776.31,27.06
32.59,41.82,2,-565.03,8.74,540.48,3776.31,27.18
32.60,41.82,2,-565.03,8.74,540.48,3776.31,27.18
32.61,42.37,2,-564.49,8.74,540.43,3776.31,27.30
32.62,42.37,2,-564.49,8.74,540.43,3776.31,27.30
32.63,42.92,2,-563.94,8.74,540.38,3776.31,27.41
32.63,42.92,2,-563.94,8.74,540.38,3776.31,27.41
32.64,43.46,2,-563.39,8.74,540.33,3776.31,27.53
32.65,43.46,2,-563.39,8.74,540.33,3776.31,27.53
32.66,43.46,2,-563.39,8.74,540.33,3776.31,27.53
32.67,44.02,2,-562.84,8.74,540.28,3776.31,27.65
32.68,44.02,2,-562.84,8.74,540.28,3776.31,27.65
32.69,44.58,2,-562.29,8.74,540.24,3783.32,27.76
32.69,44.58,2,-562.29,8.74,540.24,3783.32,27.76
32.70,45.13,2,-561.73,8.74,540.19,3783.32,27.88
32.71,45.13,2,-561.73,8.74,540.19,3783.32,27.88
32.72,45.13,2,-561.73,8.74,540.19,3783.32,27.88
32.73,45.70,2,-561.18,8.74,540.14,3783.32,27.99
32.74,45.70,2,-561.18,8.74,540.14,3783.32,27.99
32.74,46.26,2,-560.62,8.74,540.09,3783.32,28.10
32.77,46.82,2,-560.05,8.74,540.04,3783.32,28.22
32.78,46.82,2,-560.05,8.74,540.04,3783.32,28.22
32.79,47.39,2,-559.49,8.74,539.98,3783.32,28.33
32.79,47.39,2,-559.49,8.74,539.98,3783.32,28.33
32.80,47.39,2,-559.49,8.74,539.98,3783.32,28.33
32.81,47.96,2,-558.92,8.74,539.93,3783.32,28.44
32.83,48.53,2,-558.36,8.74,539.88,3783.32,28.55
32.83,48.53,2,-558.36,8.74,539.88,3783.32,28.55
32.84,49.11,2,-557.78,8.74,539.83,3783.32,28.66
32.85,49.11,2,-557.78,8.74,539.83,3783.32,28.66
32.86,49.11,2,-557.78,8.74,539.83,3783.32,28.66
32.87,49.69,2,-557.21,8.74,539.78,3783.32,28.77
32.88,49.69,2,-557.21,8.74,539.78,3783.32,28.77
32.89,50.27,2,-556.64,8.74,539.73,3783.32,28.88
32.89,50.27,2,-556.64,8.74,539.73,3783.32,28.88
32.90,50.27,2,-556.64,8.74,539.73,3783.32,28.88
32.91,50.84,2,-556.06,8.74,539.68,3783.32,28.99
32.92,50.84,2,-556.06,8.74,539.68,3783.32,28.99
32.93,51.43,2,-555.48,8.74,539.63,3783.32,29.10
32.94,51.43,2,-555.48,8.74,539.63,3783.32,29.10
32.94,52.02,2,-554.90,8.74,539.58,3790.73,29.20
32.95,52.02,2,-554.90,8.74,539.58,3790.73,29.20
32.96,52.02,2,-554.90,8.74,539.58,3790.73,29.20
32.98,52.60,2,-554.31,8.74,539.53,3790.73,29.31
32.99,53.20,2,-553.73,8.74,539.48,3790.73,29.42
33.03,54.38,2,-552.55,8.74,539.38,3790.73,29.63
33.04,54.38,2,-552.55,8.74,539.38,3790.73,29.63
33.05,54.98,2,-551.95,8.74,539.33,3790.73,29.73
33.06,54.98,2,-551.95,8.74,539.33,3790.73,29.73
33.07,55.58,2,-551.36,8.74,539.28,3790.73,29.83
33.07,55.58,2,-551.36,8.74,539.28,3790.73,29.83
33.08,56.18,2,-550.76,8.74,539.23,3790.73,29.94
33.09,56.18,2,-550.76,8.74,539.23,3790.73,29.94
33.10,56.18,2,-550.76,8.74,539.23,3790.73,29.94
33.11,56.78,2,-550.16,8.74,539.18,3790.73,30.04
33.12,56.78,2,-550.16,8.74,539.18,3790.73,30.04
33.13,57.38,2,-549.56,8.74,539.13,3790.73,30.14
33.14,57.38,2,-549.56,8.74,539.13,3790.73,30.14
33.14,57.99,2,-548.96,8.74,539.08,3790.73,30.24
33.15,57.99,2,-548.96,8.74,539.08,3790.73,30.24
33.16,57.99,2,-548.96,8.74,539.08,3790.73,30.24
33.19,59.21,2,-547.75,8.74,538.97,3790.73,30.44
33.21,59.82,2,-547.14,8.74,538.91,3798.51,30.54
33.29,62.29,2,-544.69,8.74,538.66,3798.51,30.91
