t,station,x,y,z,speed,vx,vy,vz,throttle,brake,steering,grounded,suspension,alignment,up,contacts
0.020,148.030,837.341,100.271,-134.104,22.683,20.154,2.693,10.207,0.000,0.000,-0.074,3,10.689,6.480,0.999,"Mountain trunk:(0.866, 0.000, 0.500);Mountain trunk:(0.866, 0.000, 0.500);Mountain trunk:(0.866, 0.000, 0.500);Mountain trunk:(0.866, 0.000, 0.500);Ground_Mountain_0_1:(-0.081, 0.990, -0.115);Ground_Mountain_0_1:(-0.081, 0.990, -0.115);Ground_Mountain_0_1:(-0.081, 0.990, -0.115);Ground_Mountain_0_1:(-0.081, 0.990, -0.115);Ground_Mountain_0_1:(-0.081, 0.990, -0.115);Ground_Mountain_0_1:(0.000, 1.000, 0.000);Ground_Mountain_0_1:(0.000, 1.000, 0.000);Ground_Mountain_0_1:(0.000, 1.000, 0.000);Ground_Mountain_0_1:(0.098, 0.729, -0.677);Ground_Mountain_0_1:(0.098, 0.729, -0.677);Ground_Mountain_0_1:(0.098, 0.729, -0.677);Ground_Mountain_0_1:(0.098, 0.729, -0.677);Ground_Mountain_0_1:(-0.056, 0.878, -0.475);Ground_Mountain_0_1:(-0.056, 0.878, -0.475);Ground_Mountain_0_1:(-0.056, 0.878, -0.475);Ground_Mountain_0_1:(0.194, 0.947, -0.257);Ground_Mountain_0_1:(0.194, 0.947, -0.257);Ground_Mountain_0_1:(-0.134, 0.956, -0.260);Ground_Mountain_0_1:(-0.134, 0.956, -0.260);Ground_Mountain_0_1:(-0.134, 0.956, -0.260);Ground_Mountain_0_1:(-0.134, 0.956, -0.260);"
0.040,148.336,837.736,100.322,-133.906,22.849,20.235,2.616,10.303,0.658,0.000,-0.088,3,4.186,13.974,0.996,"Mountain trunk:(1.000, 0.000, 0.000);Mountain trunk:(1.000, 0.000, 0.000);Mountain trunk:(1.000, 0.000, 0.000);Mountain trunk:(1.000, 0.000, 0.000);Ground_Mountain_0_1:(-0.043, 0.998, -0.040);Ground_Mountain_0_1:(-0.043, 0.998, -0.040);Ground_Mountain_0_1:(-0.043, 0.998, -0.040);Ground_Mountain_0_1:(-0.043, 0.998, -0.040);Ground_Mountain_0_1:(-0.043, 0.998, -0.040);Ground_Mountain_0_1:(-0.043, 0.998, -0.040);Ground_Mountain_0_1:(0.098, 0.729, -0.677);Ground_Mountain_0_1:(0.098, 0.729, -0.677);Ground_Mountain_0_1:(0.098, 0.729, -0.677);Ground_Mountain_0_1:(0.416, 0.800, -0.433);Ground_Mountain_0_1:(0.416, 0.800, -0.433);Ground_Mountain_0_1:(0.416, 0.800, -0.433);Ground_Mountain_0_1:(0.194, 0.947, -0.257);Ground_Mountain_0_1:(0.194, 0.947, -0.257);Ground_Mountain_0_1:(-0.056, 0.878, -0.475);Ground_Mountain_0_1:(-0.056, 0.878, -0.475);Ground_Mountain_0_1:(-0.056, 0.878, -0.475);Ground_Mountain_0_1:(-0.056, 0.878, -0.475);Ground_Mountain_0_1:(-0.137, 0.982, -0.132);"
0.060,148.336,838.092,100.498,-133.719,22.573,20.020,3.930,9.711,0.575,0.000,-0.101,3,6.157,14.278,0.980,"Mountain trunk:(0.885, 0.000, 0.465);Ground_Mountain_0_1:(0.132, 0.983, -0.126);Ground_Mountain_0_1:(-0.070, 0.995, -0.070);Ground_Mountain_0_1:(-0.056, 0.878, -0.475);Ground_Mountain_0_1:(0.132, 0.983, -0.126);Ground_Mountain_0_1:(0.132, 0.983, -0.126);Ground_Mountain_0_1:(-0.070, 0.995, -0.070);Ground_Mountain_0_1:(0.098, 0.729, -0.677);Ground_Mountain_0_1:(0.098, 0.729, -0.677);Ground_Mountain_0_1:(0.098, 0.729, -0.677);Ground_Mountain_0_1:(0.416, 0.800, -0.433);Ground_Mountain_0_1:(0.416, 0.800, -0.433);Ground_Mountain_0_1:(0.416, 0.800, -0.433);"
0.080,148.709,838.499,100.685,-133.560,22.029,19.898,5.123,9.172,0.713,0.000,-0.119,2,8.784,25.915,0.984,"Ground_Mountain_0_1:(-0.064, 0.993, -0.098);Ground_Mountain_0_1:(-0.064, 0.993, -0.098);Ground_Mountain_0_1:(-0.064, 0.993, -0.098);Ground_Mountain_0_1:(-0.064, 0.993, -0.098);Ground_Mountain_0_1:(0.132, 0.983, -0.126);Ground_Mountain_0_1:(-0.056, 0.878, -0.475);Ground_Mountain_0_1:(0.132, 0.983, -0.126);Ground_Mountain_0_1:(0.132, 0.983, -0.126);Ground_Mountain_0_1:(0.132, 0.983, -0.126);Ground_Mountain_0_1:(-0.092, 0.988, -0.126);Ground_Mountain_0_1:(-0.131, 0.919, -0.371);Ground_Mountain_0_1:(-0.131, 0.919, -0.371);"
0.100,149.166,838.914,100.838,-133.385,21.430,19.993,5.086,9.300,0.985,0.000,-0.095,2,0.000,21.101,0.979,"Ground_Mountain_0_1:(-0.131, 0.919, -0.371);Ground_Mountain_0_1:(-0.131, 0.919, -0.371);Ground_Mountain_0_1:(0.132, 0.983, -0.126);Ground_Mountain_0_1:(-0.056, 0.878, -0.475);Ground_Mountain_0_1:(0.132, 0.983, -0.126);Ground_Mountain_0_1:(-0.092, 0.988, -0.126);Ground_Mountain_0_1:(0.132, 0.983, -0.126);Ground_Mountain_0_1:(0.132, 0.983, -0.126);Ground_Mountain_0_1:(-0.064, 0.993, -0.098);Ground_Mountain_0_1:(-0.064, 0.993, -0.098);Ground_Mountain_0_1:(-0.064, 0.993, -0.098);Ground_Mountain_0_1:(-0.064, 0.993, -0.098);Ground_Mountain_0_1:(-0.139, 0.979, -0.148);"
0.120,149.632,839.311,100.946,-133.202,21.133,19.839,5.419,9.090,1.000,0.000,-0.067,1,0.000,2.760,0.977,"Ground_Mountain_0_1:(-0.131, 0.919, -0.371);Ground_Mountain_0_1:(-0.131, 0.919, -0.371);Ground_Mountain_0_1:(-0.131, 0.919, -0.371);Ground_Mountain_0_1:(-0.139, 0.979, -0.148);Ground_Mountain_0_1:(0.323, 0.877, -0.354);Ground_Mountain_0_1:(0.323, 0.877, -0.354);Ground_Mountain_0_1:(0.049, 0.993, -0.105);Ground_Mountain_0_1:(0.132, 0.983, -0.126);Ground_Mountain_0_1:(0.132, 0.983, -0.126);Ground_Mountain_0_1:(-0.092, 0.988, -0.126);"
0.140,150.042,839.705,101.057,-133.026,21.023,19.771,5.521,8.914,1.000,0.000,-0.069,1,0.000,1.175,0.979,"Ground_Mountain_0_1:(-0.131, 0.919, -0.371);Ground_Mountain_0_1:(-0.131, 0.919, -0.371);Ground_Mountain_0_1:(0.323, 0.877, -0.354);Ground_Mountain_0_1:(0.323, 0.877, -0.354);Ground_Mountain_0_1:(0.323, 0.877, -0.354);Ground_Mountain_0_1:(0.323, 0.877, -0.354);Ground_Mountain_0_1:(0.049, 0.993, -0.105);Ground_Mountain_0_1:(-0.139, 0.979, -0.148);Ground_Mountain_0_1:(-0.139, 0.979, -0.148);Ground_Mountain_0_1:(-0.139, 0.979, -0.148);"
0.160,150.042,840.100,101.164,-132.851,21.075,19.763,5.323,8.911,1.000,0.000,-0.076,1,0.000,0.366,0.981,"Ground_Mountain_0_1:(0.049, 0.993, -0.105);Ground_Mountain_0_1:(0.049, 0.993, -0.105);Ground_Mountain_0_1:(0.049, 0.993, -0.105);Ground_Mountain_0_1:(0.323, 0.877, -0.354);Ground_Mountain_0_1:(0.323, 0.877, -0.354);Ground_Mountain_0_1:(0.040, 0.809, -0.586);Ground_Mountain_0_1:(0.040, 0.809, -0.586);"
0.180,150.366,840.494,101.267,-132.675,21.123,19.755,5.125,8.907,1.000,0.000,-0.082,1,0.000,0.339,0.983,"Ground_Mountain_0_1:(0.049, 0.993, -0.105);Ground_Mountain_0_1:(0.049, 0.993, -0.105);Ground_Mountain_0_1:(0.049, 0.993, -0.105);Ground_Mountain_0_1:(0.323, 0.877, -0.354);Ground_Mountain_0_1:(0.040, 0.809, -0.586);Ground_Mountain_0_1:(0.040, 0.809, -0.586);Ground_Mountain_0_1:(0.040, 0.809, -0.586);"
0.200,150.803,840.889,101.366,-132.500,21.167,19.748,4.927,8.904,1.000,0.000,-0.087,0,0.000,0.315,0.985,"Ground_Mountain_0_1:(0.049, 0.993, -0.105);Ground_Mountain_0_1:(0.049, 0.993, -0.105);Ground_Mountain_0_1:(0.040, 0.809, -0.586);"
0.220,151.238,841.283,101.461,-132.325,21.207,19.740,4.728,8.900,1.000,0.000,-0.092,0,0.000,0.294,0.986,"Ground_Mountain_0_1:(-0.085, 0.968, -0.235);Ground_Mountain_0_1:(-0.085, 0.968, -0.235);Ground_Mountain_0_1:(0.048, 0.993, -0.105);"
0.240,151.672,841.677,101.552,-132.149,21.243,19.732,4.530,8.897,1.000,0.000,-0.097,0,0.000,0.278,0.988,"Ground_Mountain_0_1:(-0.085, 0.968, -0.235);Ground_Mountain_0_1:(-0.085, 0.968, -0.235);"
0.260,151.747,842.071,101.639,-131.974,21.275,19.724,4.333,8.893,1.000,0.000,-0.105,0,0.000,0.266,0.989,""
0.280,151.980,842.465,101.722,-131.799,21.303,19.716,4.135,8.889,1.000,0.000,-0.111,0,0.000,0.259,0.990,""
0.300,152.409,842.858,101.801,-131.624,21.328,19.708,3.937,8.886,1.000,0.000,-0.117,0,0.000,0.258,0.991,""
0.320,152.837,843.252,101.876,-131.449,21.348,19.700,3.739,8.882,1.000,0.000,-0.122,0,0.000,0.261,0.992,""
0.340,153.263,843.645,101.948,-131.274,21.365,19.692,3.542,8.879,1.000,0.000,-0.127,0,0.000,0.268,0.993,""
0.360,153.452,844.039,102.015,-131.099,21.379,19.684,3.344,8.875,1.000,0.000,-0.134,0,0.000,0.279,0.994,""
0.380,153.602,844.432,102.078,-130.925,21.388,19.677,3.147,8.872,1.000,0.000,-0.142,0,0.000,0.292,0.995,""
0.400,154.023,844.825,102.137,-130.750,21.395,19.669,2.949,8.868,1.000,0.000,-0.147,0,0.000,0.308,0.996,""
0.420,154.443,845.218,102.192,-130.575,21.398,19.661,2.752,8.865,1.000,0.000,-0.152,0,0.000,0.325,0.996,""
0.440,154.861,845.611,102.244,-130.400,21.398,19.653,2.555,8.861,1.000,0.000,-0.157,0,0.000,0.343,0.997,""
0.460,155.161,846.003,102.291,-130.226,21.395,19.645,2.358,8.858,1.000,0.000,-0.163,0,0.000,0.361,0.997,""
0.480,155.238,846.396,102.334,-130.051,21.390,19.637,2.160,8.854,1.000,0.000,-0.173,0,0.000,0.380,0.998,""
0.500,155.651,846.788,102.373,-129.877,21.381,19.629,1.964,8.850,1.000,0.000,-0.179,0,0.000,0.399,0.998,""
0.520,156.063,847.181,102.409,-129.702,21.370,19.622,1.767,8.847,1.000,0.000,-0.184,0,0.000,0.417,0.998,""
0.540,156.474,847.573,102.440,-129.527,21.357,19.614,1.570,8.843,1.000,0.000,-0.189,0,0.000,0.436,0.998,""
0.560,156.881,847.965,102.468,-129.353,21.341,19.606,1.373,8.840,1.000,0.000,-0.194,0,0.000,0.453,0.998,""
0.580,156.886,848.357,102.491,-129.178,21.323,19.598,1.176,8.836,1.000,0.000,-0.206,0,0.000,0.470,0.998,""
0.600,157.291,848.749,102.511,-129.004,21.303,19.590,0.980,8.833,1.000,0.000,-0.213,0,0.000,0.486,0.998,""
0.620,157.696,849.140,102.526,-128.829,21.282,19.582,0.783,8.829,1.000,0.000,-0.217,0,0.000,0.501,0.998,""
0.640,158.100,849.532,102.538,-128.655,21.258,19.575,0.587,8.826,1.000,0.000,-0.222,0,0.000,0.516,0.998,""
0.660,158.502,849.923,102.546,-128.481,21.234,19.567,0.390,8.822,1.000,0.000,-0.227,0,0.000,0.529,0.998,""
0.680,158.612,850.315,102.550,-128.306,21.207,19.559,0.194,8.819,1.000,0.000,-0.238,0,0.000,0.542,0.998,""
0.700,158.954,850.706,102.550,-128.132,21.180,19.551,-0.002,8.815,1.000,0.000,-0.244,0,0.000,0.553,0.998,""
0.720,159.352,851.097,102.546,-127.957,21.151,19.543,-0.198,8.812,1.000,0.000,-0.253,0,0.000,0.564,0.997,""
0.740,159.749,851.488,102.538,-127.783,21.122,19.535,-0.394,8.808,1.000,0.000,-0.257,0,0.000,0.573,0.997,""
0.760,160.145,851.878,102.526,-127.608,21.091,19.528,-0.590,8.805,1.000,0.000,-0.262,0,0.000,0.582,0.997,""
0.780,160.357,852.269,102.510,-127.434,21.060,19.520,-0.786,8.801,1.000,0.000,-0.271,0,0.000,0.590,0.996,""
0.800,160.646,852.659,102.490,-127.259,21.029,19.512,-0.982,8.798,1.000,0.000,-0.279,0,0.000,0.596,0.996,""
0.820,161.037,853.050,102.467,-127.085,20.997,19.504,-1.178,8.794,1.000,0.000,-0.283,0,0.000,0.602,0.996,""
0.840,161.427,853.440,102.439,-126.910,20.964,19.496,-1.373,8.790,1.000,0.000,-0.294,0,0.000,0.606,0.995,""
0.860,161.816,853.830,102.408,-126.736,20.932,19.489,-1.569,8.787,1.000,0.000,-0.298,0,0.000,0.610,0.995,""
0.880,162.119,854.220,102.372,-126.562,20.899,19.481,-1.764,8.783,1.000,0.000,-0.305,0,0.000,0.613,0.995,""
0.900,162.371,854.610,102.333,-126.387,20.867,19.473,-1.960,8.780,1.000,0.000,-0.314,0,0.000,0.614,0.994,""
0.920,162.756,854.999,102.290,-126.213,20.834,19.465,-2.155,8.776,1.000,0.000,-0.318,0,0.000,0.615,0.994,""
0.940,163.140,855.389,102.243,-126.038,20.802,19.457,-2.350,8.773,1.000,0.000,-0.330,0,0.000,0.615,0.994,""
0.960,163.523,855.778,102.192,-125.864,20.771,19.450,-2.545,8.769,1.000,0.000,-0.334,0,0.000,0.614,0.993,""
0.980,163.900,856.167,102.137,-125.689,20.739,19.442,-2.741,8.766,1.000,0.000,-0.338,0,0.000,0.612,0.993,""
1.000,164.137,856.556,102.078,-125.515,20.708,19.434,-2.936,8.762,1.000,0.000,-0.348,0,0.000,0.609,0.993,""
1.020,164.517,856.945,102.015,-125.340,20.678,19.426,-3.131,8.759,1.000,0.000,-0.351,0,0.000,0.606,0.993,""
1.040,164.896,857.334,101.949,-125.166,20.648,19.419,-3.325,8.755,1.000,0.000,-0.355,0,0.000,0.602,0.992,""
1.060,165.274,857.723,101.878,-124.991,20.620,19.411,-3.520,8.752,1.000,0.000,-0.369,0,0.000,0.596,0.992,""
1.080,165.651,858.111,101.804,-124.817,20.591,19.403,-3.715,8.748,1.000,0.000,-0.373,0,0.000,0.591,0.992,""
1.100,165.948,858.499,101.726,-124.642,20.564,19.395,-3.910,8.745,1.000,0.000,-0.379,0,0.000,0.584,0.992,""
1.120,166.323,858.887,101.644,-124.468,20.538,19.387,-4.104,8.741,1.000,0.000,-0.383,0,0.000,0.577,0.992,""
1.140,166.696,859.275,101.558,-124.294,20.513,19.380,-4.299,8.738,1.000,0.000,-0.386,0,0.000,0.569,0.992,""
1.160,167.069,859.663,101.468,-124.119,20.488,19.372,-4.493,8.734,1.000,0.000,-0.389,0,0.000,0.560,0.992,""
1.180,167.441,860.051,101.374,-123.945,20.465,19.364,-4.687,8.731,1.000,0.000,-0.405,0,0.000,0.551,0.991,""
1.200,167.811,860.439,101.276,-123.770,20.443,19.356,-4.882,8.727,1.000,0.000,-0.408,0,0.000,0.541,0.991,""
1.220,168.181,860.826,101.175,-123.596,20.422,19.349,-5.076,8.724,1.000,0.000,-0.411,0,0.000,0.531,0.991,""
1.240,168.551,861.213,101.069,-123.422,20.402,19.341,-5.270,8.720,1.000,0.000,-0.413,0,0.000,0.520,0.991,""
1.260,168.919,861.600,100.960,-123.247,20.384,19.333,-5.464,8.717,1.000,0.000,-0.416,0,0.000,0.509,0.992,""
1.280,169.287,861.987,100.847,-123.073,20.366,19.326,-5.658,8.713,1.000,0.000,-0.419,0,0.000,0.497,0.992,""
1.300,169.729,862.374,100.730,-122.898,20.350,19.318,-5.852,8.710,1.000,0.000,-0.433,0,0.000,0.485,0.992,""
1.320,170.096,862.761,100.609,-122.724,20.335,19.310,-6.045,8.706,1.000,0.000,-0.435,0,0.000,0.473,0.992,""
1.340,170.461,863.147,100.484,-122.550,20.321,19.302,-6.239,8.703,1.000,0.000,-0.438,0,0.000,0.460,0.992,""
1.360,170.825,863.533,100.356,-122.375,20.309,19.295,-6.433,8.699,1.000,0.000,-0.440,0,0.000,0.446,0.992,""
1.380,171.345,863.920,100.223,-122.201,20.298,19.287,-6.626,8.696,1.000,0.000,-0.435,0,0.000,0.433,0.992,""
1.400,171.709,864.305,100.087,-122.027,20.288,19.279,-6.820,8.693,1.000,0.000,-0.454,0,0.000,0.419,0.993,""
1.420,172.072,864.691,99.947,-121.853,20.279,19.271,-7.013,8.689,1.000,0.000,-0.456,0,0.000,0.405,0.993,""
1.440,172.434,865.077,99.803,-121.679,20.271,19.264,-7.206,8.686,1.000,0.000,-0.458,0,0.000,0.391,0.993,""
1.460,172.795,865.463,99.655,-121.504,20.265,19.256,-7.400,8.682,1.000,0.000,-0.460,0,0.000,0.377,0.993,""
1.480,173.386,865.848,99.503,-121.330,20.260,19.248,-7.593,8.679,1.000,0.000,-0.452,0,0.000,0.362,0.993,""
1.500,173.746,866.233,99.347,-121.156,20.256,19.241,-7.786,8.675,1.000,0.000,-0.471,0,0.000,0.347,0.994,""
1.520,174.106,866.618,99.188,-120.982,20.254,19.233,-7.979,8.672,1.000,0.000,-0.473,0,0.000,0.333,0.994,""
1.540,174.464,867.003,99.024,-120.808,20.252,19.225,-8.172,8.668,1.000,0.000,-0.475,0,0.000,0.318,0.994,""
1.560,174.822,867.388,98.857,-120.634,20.252,19.218,-8.365,8.665,1.000,0.000,-0.477,0,0.000,0.303,0.994,""
1.580,175.495,867.772,98.686,-120.460,20.253,19.210,-8.558,8.661,1.000,0.000,-0.466,0,0.000,0.289,0.995,""
1.600,175.853,868.156,98.511,-120.286,20.255,19.202,-8.750,8.658,1.000,0.000,-0.486,0,0.000,0.274,0.995,""
1.620,176.209,868.541,98.332,-120.112,20.258,19.195,-8.943,8.654,1.000,0.000,-0.488,0,0.000,0.259,0.995,""
1.640,176.565,868.925,98.150,-119.938,20.262,19.187,-9.135,8.651,1.000,0.000,-0.490,0,0.000,0.245,0.996,""
1.660,177.318,869.309,97.963,-119.765,20.267,19.179,-9.328,8.647,1.000,0.000,-0.476,0,0.000,0.231,0.996,""
1.680,177.674,869.692,97.773,-119.591,20.273,19.171,-9.520,8.644,1.000,0.000,-0.478,0,0.000,0.217,0.996,""
1.700,178.029,870.076,97.579,-119.417,20.280,19.164,-9.713,8.641,1.000,0.000,-0.481,0,0.000,0.203,0.996,""
1.720,178.384,870.459,97.381,-119.244,20.287,19.156,-9.905,8.637,1.000,0.000,-0.501,0,0.000,0.190,0.997,""
1.740,178.737,870.843,97.179,-119.070,20.296,19.148,-10.097,8.634,1.000,0.000,-0.503,0,0.000,0.177,0.997,""
1.760,179.536,871.226,96.973,-118.897,20.306,19.141,-10.289,8.630,1.000,0.000,-0.489,0,0.000,0.164,0.997,""
1.780,179.889,871.609,96.764,-118.723,20.316,19.133,-10.481,8.627,1.000,0.000,-0.491,0,0.000,0.152,0.997,""
1.800,180.241,871.991,96.550,-118.550,20.327,19.126,-10.673,8.623,1.000,0.000,-0.494,0,0.000,0.141,0.998,""
1.820,180.592,872.374,96.333,-118.376,20.338,19.118,-10.865,8.620,1.000,0.000,-0.514,0,0.000,0.131,0.998,""
1.840,181.506,872.756,96.112,-118.203,20.350,19.110,-11.057,8.616,1.000,0.000,-0.497,0,0.000,0.121,0.998,""
1.860,181.858,873.139,95.887,-118.030,20.363,19.103,-11.248,8.613,1.000,0.000,-0.500,0,0.000,0.112,0.998,""
1.880,182.209,873.521,95.658,-117.857,20.377,19.095,-11.440,8.609,1.000,0.000,-0.503,0,0.000,0.105,0.998,""
1.900,182.559,873.903,95.426,-117.684,20.390,19.087,-11.631,8.606,1.000,0.000,-0.506,0,0.000,0.099,0.999,""
1.920,183.513,874.284,95.189,-117.511,20.405,19.080,-11.823,8.603,1.000,0.000,-0.506,0,0.000,0.095,0.999,""
1.940,183.864,874.666,94.949,-117.338,20.419,19.072,-12.014,8.599,1.000,0.000,-0.509,0,0.000,0.092,0.999,""
1.960,184.213,875.047,94.705,-117.165,20.434,19.064,-12.206,8.596,1.000,0.000,-0.513,0,0.000,0.091,0.999,""
1.980,184.562,875.429,94.457,-116.992,20.450,19.057,-12.397,8.592,1.000,0.000,-0.516,0,0.000,0.092,0.999,""
2.000,185.559,875.810,94.205,-116.820,20.465,19.049,-12.588,8.589,1.000,0.000,-0.515,0,0.000,0.094,0.999,""
2.020,185.908,876.191,93.950,-116.647,20.481,19.042,-12.779,8.585,1.000,0.000,-0.519,0,0.000,0.097,0.999,""
2.040,186.256,876.571,93.690,-116.474,20.497,19.034,-12.970,8.582,1.000,0.000,-0.524,0,0.000,0.102,0.999,""
2.060,186.602,876.952,93.427,-116.302,20.513,19.026,-13.161,8.579,1.000,0.000,-0.528,0,0.000,0.107,0.999,""
2.080,186.948,877.333,93.160,-116.130,20.528,19.019,-13.352,8.575,1.000,0.000,-0.532,0,0.000,0.112,1.000,""
2.100,187.935,877.713,92.889,-115.957,20.544,19.011,-13.543,8.572,1.000,0.000,-0.533,0,0.000,0.118,1.000,""
2.120,188.279,878.093,92.615,-115.785,20.560,19.003,-13.733,8.568,1.000,0.000,-0.538,0,0.000,0.124,1.000,""
2.140,188.622,878.473,92.336,-115.613,20.576,18.996,-13.924,8.565,1.000,0.000,-0.543,0,0.000,0.131,1.000,""
2.160,188.964,878.853,92.054,-115.441,20.592,18.988,-14.115,8.561,1.000,0.000,-0.548,0,0.000,0.137,1.000,"Mountain trunk:(-0.127, 0.000, -0.992);"
2.180,189.806,879.232,91.768,-115.269,20.607,18.981,-14.305,8.558,1.000,0.000,-0.537,0,0.000,0.143,1.000,"Mountain trunk:(0.000, 0.000, -1.000);Mountain trunk:(0.000, 0.000, -1.000);Mountain trunk:(0.000, 0.000, -1.000);Mountain trunk:(0.000, 0.000, -1.000);"
2.200,190.142,879.612,91.478,-115.097,20.622,18.973,-14.495,8.555,1.000,0.000,-0.542,0,0.000,0.149,1.000,"Mountain trunk:(0.000, 0.000, -1.000);Mountain trunk:(0.000, 0.000, -1.000);Mountain trunk:(0.000, 0.000, -1.000);Mountain trunk:(0.000, 0.000, -1.000);"
2.220,190.478,879.991,91.184,-114.925,20.637,18.966,-14.686,8.551,1.000,0.000,-0.565,0,0.000,0.155,1.000,"Mountain trunk:(0.577, -0.015, -0.817);Mountain trunk:(0.577, -0.015, -0.817);"
2.240,190.812,880.370,90.887,-114.753,20.652,18.958,-14.876,8.548,1.000,0.000,-0.571,0,0.000,0.161,1.000,"Mountain trunk:(0.577, -0.013, -0.817);Mountain trunk:(0.577, -0.013, -0.817);"
2.260,191.145,880.749,90.585,-114.582,20.666,18.950,-15.066,8.544,1.000,0.000,-0.578,0,0.000,0.166,1.000,"Mountain trunk:(0.578, -0.011, -0.816);Mountain trunk:(0.578, -0.011, -0.816);"
2.280,191.477,881.128,90.280,-114.410,20.680,18.943,-15.256,8.541,1.000,0.000,-0.584,0,0.000,0.172,1.000,"Mountain trunk:(0.578, -0.009, -0.816);Mountain trunk:(0.578, -0.009, -0.816);"
2.300,192.285,881.507,89.971,-114.239,20.693,18.935,-15.446,8.537,1.000,0.000,-0.575,0,0.000,0.177,1.000,""
2.320,192.610,881.885,89.658,-114.067,20.706,18.928,-15.636,8.534,1.000,0.000,-0.582,0,0.000,0.181,1.000,""
2.340,192.934,882.264,89.342,-113.896,20.718,18.920,-15.826,8.531,1.000,0.000,-0.589,0,0.000,0.185,1.000,""
2.360,193.256,882.642,89.022,-113.725,20.730,18.912,-16.016,8.527,1.000,0.000,-0.612,0,0.000,0.189,1.000,""
2.380,193.578,883.020,88.698,-113.554,20.741,18.905,-16.206,8.524,1.000,0.000,-0.620,0,0.000,0.193,1.000,""
2.400,194.402,883.398,88.370,-113.383,20.751,18.897,-16.395,8.520,1.000,0.000,-0.613,0,0.000,0.196,1.000,"Ground_Mountain_0_1:(0.004, 0.986, -0.165);Ground_Mountain_0_1:(0.003, 0.713, -0.701);"
2.420,194.716,883.689,88.383,-113.280,13.850,13.933,0.664,4.516,1.000,0.000,-0.621,2,22.500,4.824,0.996,"Ground_Mountain_0_1:(0.004, 0.986, -0.165);Ground_Mountain_0_1:(0.004, 0.986, -0.165);Ground_Mountain_0_1:(0.004, 0.986, -0.165);Ground_Mountain_0_1:(0.004, 0.986, -0.165);Ground_Mountain_0_1:(0.004, 0.986, -0.165);Ground_Mountain_0_1:(-0.086, 0.983, -0.161);Ground_Mountain_0_1:(-0.086, 0.983, -0.161);Ground_Mountain_0_1:(-0.086, 0.983, -0.161);Ground_Mountain_0_1:(-0.086, 0.983, -0.161);Ground_Mountain_0_1:(0.003, 0.713, -0.701);Ground_Mountain_0_1:(0.003, 0.713, -0.701);Ground_Mountain_0_1:(0.003, 0.713, -0.701);Ground_Mountain_0_1:(-0.084, 0.965, -0.249);Ground_Mountain_0_1:(-0.084, 0.965, -0.249);Ground_Mountain_0_1:(-0.084, 0.965, -0.249);Ground_Mountain_0_1:(-0.084, 0.965, -0.249);"
2.440,195.013,883.981,88.426,-113.194,13.636,13.750,1.234,4.899,1.000,0.000,-0.649,2,8.190,23.910,0.990,"Ground_Mountain_0_1:(-0.084, 0.983, -0.162);Ground_Mountain_0_1:(-0.084, 0.983, -0.162);Ground_Mountain_0_1:(-0.084, 0.983, -0.162);Ground_Mountain_0_1:(-0.084, 0.983, -0.162);Ground_Mountain_0_1:(-0.084, 0.983, -0.162);Ground_Mountain_0_1:(-0.084, 0.983, -0.162);Ground_Mountain_0_1:(-0.072, 0.871, -0.486);Ground_Mountain_0_1:(-0.072, 0.871, -0.486);Ground_Mountain_0_1:(-0.072, 0.871, -0.486);Ground_Mountain_0_1:(-0.084, 0.965, -0.249);Ground_Mountain_0_1:(0.004, 0.986, -0.165);"
2.460,195.310,884.257,88.463,-113.103,13.315,13.474,1.886,4.962,1.000,0.000,-0.599,2,0.000,17.164,0.988,"Ground_Mountain_0_1:(-0.072, 0.871, -0.486);Ground_Mountain_0_1:(-0.072, 0.871, -0.486);Ground_Mountain_0_1:(-0.072, 0.871, -0.486);Ground_Mountain_0_1:(-0.082, 0.984, -0.161);Ground_Mountain_0_1:(-0.082, 0.984, -0.161);Ground_Mountain_0_1:(-0.082, 0.984, -0.161);Ground_Mountain_0_1:(-0.082, 0.984, -0.161);Ground_Mountain_0_1:(-0.082, 0.984, -0.161);Ground_Mountain_0_1:(-0.082, 0.984, -0.161);Ground_Mountain_0_1:(0.004, 0.986, -0.165);"
2.480,195.594,884.528,88.502,-113.005,13.423,13.281,1.961,5.449,1.000,0.000,-0.553,2,0.000,14.390,0.985,"Ground_Mountain_0_1:(-0.072, 0.871, -0.486);Ground_Mountain_0_1:(-0.072, 0.871, -0.486);Ground_Mountain_0_1:(-0.072, 0.871, -0.486);Ground_Mountain_0_1:(-0.082, 0.984, -0.161);Ground_Mountain_0_1:(-0.082, 0.984, -0.161);Ground_Mountain_0_1:(-0.082, 0.984, -0.161);Ground_Mountain_0_1:(-0.082, 0.984, -0.161);Ground_Mountain_0_1:(-0.082, 0.984, -0.161);Ground_Mountain_0_1:(-0.082, 0.984, -0.161);Ground_Mountain_0_1:(0.004, 0.986, -0.165);"
2.500,195.878,884.793,88.540,-112.897,13.591,13.086,1.970,5.981,1.000,0.000,-0.513,2,0.000,14.921,0.981,"Ground_Mountain_0_1:(-0.072, 0.871, -0.486);Ground_Mountain_0_1:(-0.072, 0.871, -0.486);Ground_Mountain_0_1:(-0.072, 0.871, -0.486);Ground_Mountain_0_1:(-0.082, 0.984, -0.160);Ground_Mountain_0_1:(-0.082, 0.984, -0.160);Ground_Mountain_0_1:(-0.082, 0.984, -0.160);Ground_Mountain_0_1:(-0.082, 0.984, -0.160);Ground_Mountain_0_1:(-0.082, 0.984, -0.160);"
2.520,196.162,885.053,88.579,-112.778,13.798,12.904,2.035,6.527,1.000,0.000,-0.483,2,0.000,13.122,0.977,"Ground_Mountain_0_1:(-0.072, 0.871, -0.486);Ground_Mountain_0_1:(-0.072, 0.871, -0.486);Ground_Mountain_0_1:(-0.082, 0.984, -0.160);Ground_Mountain_0_1:(-0.082, 0.984, -0.160);Ground_Mountain_0_1:(-0.082, 0.984, -0.160);Ground_Mountain_0_1:(-0.082, 0.984, -0.160);Ground_Mountain_0_1:(-0.082, 0.984, -0.160);Ground_Mountain_0_1:(-0.082, 0.984, -0.160);Ground_Mountain_0_1:(0.118, 0.938, -0.327);Ground_Mountain_0_1:(0.118, 0.938, -0.327);"
2.540,196.932,885.309,88.620,-112.648,14.010,12.705,2.100,7.065,1.000,0.000,-0.456,2,0.000,12.883,0.971,"Ground_Mountain_0_1:(-0.072, 0.871, -0.486);Ground_Mountain_0_1:(-0.072, 0.871, -0.486);Ground_Mountain_0_1:(0.118, 0.938, -0.327);Ground_Mountain_0_1:(0.118, 0.938, -0.327);Ground_Mountain_0_1:(0.118, 0.938, -0.327);Ground_Mountain_0_1:(-0.083, 0.984, -0.160);Ground_Mountain_0_1:(-0.083, 0.984, -0.160);Ground_Mountain_0_1:(-0.083, 0.984, -0.160);Ground_Mountain_0_1:(-0.083, 0.984, -0.160);Ground_Mountain_0_1:(-0.083, 0.984, -0.160);"
2.560,197.219,885.557,88.664,-112.507,14.198,12.481,2.259,7.557,1.000,0.000,-0.432,2,0.000,12.903,0.965,"Ground_Mountain_0_1:(-0.086, 0.983, -0.161);Ground_Mountain_0_1:(-0.086, 0.983, -0.161);Ground_Mountain_0_1:(-0.086, 0.983, -0.161);Ground_Mountain_0_1:(-0.086, 0.983, -0.161);Ground_Mountain_0_1:(-0.086, 0.983, -0.161);Ground_Mountain_0_1:(-0.086, 0.983, -0.161);Ground_Mountain_0_1:(0.118, 0.938, -0.327);Ground_Mountain_0_1:(0.118, 0.938, -0.327);Ground_Mountain_0_1:(0.118, 0.938, -0.327);Ground_Mountain_0_1:(0.118, 0.938, -0.327);Ground_Mountain_0_1:(-0.085, 0.941, -0.328);Ground_Mountain_0_1:(-0.085, 0.941, -0.328);Ground_Mountain_0_1:(-0.085, 0.941, -0.328);Ground_Mountain_0_1:(-0.072, 0.871, -0.486);Ground_Mountain_0_1:(-0.072, 0.871, -0.486);"
2.580,197.506,885.799,88.713,-112.358,14.325,12.235,2.563,7.942,1.000,0.000,-0.411,2,0.000,11.685,0.960,"Ground_Mountain_0_1:(-0.086, 0.983, -0.162);Ground_Mountain_0_1:(-0.086, 0.983, -0.162);Ground_Mountain_0_1:(-0.086, 0.983, -0.162);Ground_Mountain_0_1:(-0.086, 0.983, -0.162);Ground_Mountain_0_1:(-0.086, 0.983, -0.162);Ground_Mountain_0_1:(-0.085, 0.941, -0.328);Ground_Mountain_0_1:(-0.085, 0.941, -0.328);Ground_Mountain_0_1:(-0.085, 0.941, -0.328);Ground_Mountain_0_1:(0.118, 0.938, -0.327);Ground_Mountain_0_1:(0.118, 0.938, -0.327);Ground_Mountain_0_1:(0.118, 0.938, -0.327);Ground_Mountain_0_1:(0.118, 0.938, -0.327);Ground_Mountain_0_1:(-0.072, 0.871, -0.486);Ground_Mountain_0_1:(-0.072, 0.871, -0.486);"
2.600,197.792,886.035,88.771,-112.202,14.423,11.982,2.936,8.262,1.000,0.000,-0.392,2,0.000,11.376,0.955,"Ground_Mountain_0_1:(-0.085, 0.941, -0.328);Ground_Mountain_0_1:(-0.085, 0.941, -0.328);Ground_Mountain_0_1:(-0.085, 0.941, -0.328);Ground_Mountain_0_1:(-0.085, 0.941, -0.328);Ground_Mountain_0_1:(-0.085, 0.941, -0.328);Ground_Mountain_0_1:(-0.086, 0.983, -0.161);Ground_Mountain_0_1:(-0.086, 0.983, -0.161);Ground_Mountain_0_1:(-0.086, 0.983, -0.161);Ground_Mountain_0_1:(-0.086, 0.983, -0.161);Ground_Mountain_0_1:(0.118, 0.938, -0.327);Ground_Mountain_0_1:(0.118, 0.938, -0.327);Ground_Mountain_0_1:(0.118, 0.938, -0.327);Ground_Mountain_0_1:(-0.072, 0.871, -0.486);Ground_Mountain_0_1:(-0.072, 0.871, -0.486);"
2.620,198.078,886.266,88.827,-112.033,14.666,11.758,2.906,8.796,1.000,0.000,-0.374,2,0.000,9.855,0.950,"Ground_Mountain_0_1:(-0.085, 0.941, -0.328);Ground_Mountain_0_1:(-0.085, 0.941, -0.328);Ground_Mountain_0_1:(-0.085, 0.941, -0.328);Ground_Mountain_0_1:(-0.085, 0.941, -0.328);Ground_Mountain_0_1:(-0.084, 0.983, -0.161);Ground_Mountain_0_1:(-0.084, 0.983, -0.161);Ground_Mountain_0_1:(-0.084, 0.983, -0.161);Ground_Mountain_0_1:(-0.084, 0.983, -0.161);Ground_Mountain_0_1:(0.033, 0.975, -0.220);Ground_Mountain_0_1:(0.033, 0.975, -0.220);Ground_Mountain_0_1:(0.118, 0.938, -0.327);Ground_Mountain_0_1:(0.118, 0.938, -0.327);Ground_Mountain_0_1:(-0.072, 0.871, -0.486);"
2.640,198.366,886.492,88.883,-111.854,14.881,11.529,2.839,9.322,1.000,0.000,-0.363,3,0.000,10.380,0.945,"Ground_Mountain_0_1:(-0.084, 0.983, -0.161);Ground_Mountain_0_1:(-0.084, 0.983, -0.161);Ground_Mountain_0_1:(-0.084, 0.983, -0.161);Ground_Mountain_0_1:(-0.084, 0.983, -0.161);Ground_Mountain_0_1:(-0.085, 0.941, -0.328);Ground_Mountain_0_1:(-0.085, 0.941, -0.328);"
2.660,198.655,886.715,88.937,-111.663,15.070,11.311,2.771,9.819,1.000,0.000,-0.349,3,0.259,9.608,0.941,"Ground_Mountain_0_1:(0.033, 0.975, -0.220);Ground_Mountain_0_1:(0.033, 0.975, -0.220);Ground_Mountain_0_1:(0.033, 0.975, -0.220);Ground_Mountain_0_1:(0.033, 0.975, -0.220);Ground_Mountain_0_1:(-0.085, 0.941, -0.328);Ground_Mountain_0_1:(-0.085, 0.941, -0.328);Ground_Mountain_0_1:(-0.085, 0.941, -0.328);Ground_Mountain_0_1:(-0.085, 0.983, -0.161);Ground_Mountain_0_1:(-0.085, 0.983, -0.161);Ground_Mountain_0_1:(-0.085, 0.983, -0.161);Ground_Mountain_0_1:(-0.085, 0.983, -0.161);"
2.680,199.421,886.933,88.990,-111.461,15.238,11.106,2.699,10.291,1.000,0.000,-0.330,3,1.465,10.113,0.937,"Ground_Mountain_0_1:(-0.085, 0.941, -0.328);Ground_Mountain_0_1:(-0.085, 0.941, -0.328);Ground_Mountain_0_1:(-0.085, 0.941, -0.328);Ground_Mountain_0_1:(0.124, 0.941, -0.316);Ground_Mountain_0_1:(0.124, 0.941, -0.316);Ground_Mountain_0_1:(-0.086, 0.983, -0.161);Ground_Mountain_0_1:(-0.086, 0.983, -0.161);Ground_Mountain_0_1:(-0.086, 0.983, -0.161);"
2.700,199.710,887.148,89.042,-111.250,15.389,10.903,2.636,10.741,1.000,0.000,-0.318,2,2.521,9.372,0.934,"Ground_Mountain_0_1:(0.111, 0.937, -0.331);Ground_Mountain_0_1:(0.111, 0.937, -0.331);Ground_Mountain_0_1:(0.111, 0.937, -0.331);Ground_Mountain_0_1:(0.111, 0.937, -0.331);Ground_Mountain_0_1:(0.111, 0.937, -0.331);Ground_Mountain_0_1:(-0.088, 0.977, -0.196);Ground_Mountain_0_1:(-0.088, 0.977, -0.196);Ground_Mountain_0_1:(-0.088, 0.977, -0.196);Ground_Mountain_0_1:(-0.088, 0.977, -0.196);Ground_Mountain_0_1:(-0.088, 0.977, -0.196);Ground_Mountain_0_1:(0.022, 0.661, -0.750);"
2.720,199.999,887.359,89.093,-111.029,15.528,10.707,2.587,11.165,1.000,0.000,-0.307,2,4.157,8.486,0.932,"Ground_Mountain_0_1:(0.100, 0.934, -0.343);Ground_Mountain_0_1:(0.100, 0.934, -0.343);Ground_Mountain_0_1:(0.100, 0.934, -0.343);Ground_Mountain_0_1:(0.100, 0.934, -0.343);Ground_Mountain_0_1:(0.100, 0.934, -0.343);Ground_Mountain_0_1:(0.100, 0.934, -0.343);Ground_Mountain_0_1:(-0.088, 0.978, -0.191);Ground_Mountain_0_1:(-0.088, 0.978, -0.191);Ground_Mountain_0_1:(-0.088, 0.978, -0.191);Ground_Mountain_0_1:(-0.088, 0.978, -0.191);Ground_Mountain_0_1:(-0.088, 0.978, -0.191);Ground_Mountain_0_1:(-0.088, 0.978, -0.191);Ground_Mountain_0_1:(0.022, 0.661, -0.750);"
2.740,200.289,887.568,89.151,-110.813,15.455,10.494,3.053,11.171,1.000,0.000,-0.297,3,7.594,1.237,0.922,"Ground_Mountain_0_1:(0.022, 0.661, -0.750);Ground_Mountain_0_1:(0.022, 0.661, -0.750);Ground_Mountain_0_1:(0.022, 0.661, -0.750);Ground_Mountain_0_1:(0.089, 0.932, -0.350);Ground_Mountain_0_1:(0.089, 0.932, -0.350);Ground_Mountain_0_1:(0.089, 0.932, -0.350);Ground_Mountain_0_1:(0.089, 0.932, -0.350);Ground_Mountain_0_1:(0.089, 0.932, -0.350);Ground_Mountain_0_1:(0.089, 0.932, -0.350);Ground_Mountain_0_1:(-0.072, 0.982, -0.176);Ground_Mountain_0_1:(-0.072, 0.982, -0.176);Ground_Mountain_0_1:(-0.072, 0.982, -0.176);Ground_Mountain_0_1:(-0.072, 0.982, -0.176);Ground_Mountain_0_1:(-0.072, 0.982, -0.176);Ground_Mountain_0_1:(-0.072, 0.982, -0.176);Ground_Mountain_0_1:(-0.032, 0.792, -0.610);Ground_Mountain_0_1:(-0.032, 0.792, -0.610);Ground_Mountain_0_1:(-0.032, 0.792, -0.610);"
2.760,200.576,887.775,89.219,-110.606,15.329,10.265,3.687,11.040,1.000,0.000,-0.281,4,12.948,9.751,0.900,"Ground_Mountain_0_1:(0.301, 0.755, -0.582);Ground_Mountain_0_1:(0.301, 0.755, -0.582);Ground_Mountain_0_1:(0.301, 0.755, -0.582);Ground_Mountain_0_1:(0.301, 0.755, -0.582);Ground_Mountain_0_1:(0.084, 0.922, -0.379);Ground_Mountain_0_1:(0.022, 0.661, -0.750);Ground_Mountain_0_1:(0.084, 0.922, -0.379);Ground_Mountain_0_1:(0.084, 0.922, -0.379);Ground_Mountain_0_1:(0.084, 0.922, -0.379);Ground_Mountain_0_1:(0.084, 0.922, -0.379);Ground_Mountain_0_1:(-0.055, 0.981, -0.188);Ground_Mountain_0_1:(-0.055, 0.981, -0.188);Ground_Mountain_0_1:(-0.055, 0.981, -0.188);Ground_Mountain_0_1:(-0.055, 0.981, -0.188);Ground_Mountain_0_1:(-0.055, 0.981, -0.188);Ground_Mountain_0_1:(-0.055, 0.981, -0.188);Ground_Mountain_0_1:(-0.032, 0.792, -0.610);Ground_Mountain_0_1:(-0.032, 0.792, -0.610);Ground_Mountain_0_1:(-0.032, 0.792, -0.610);Ground_Mountain_0_1:(-0.032, 0.792, -0.610);"
2.780,200.862,887.981,89.319,-110.420,14.826,9.963,5.371,9.951,1.000,0.000,-0.261,4,14.364,16.082,0.873,"Ground_Mountain_0_1:(0.033, 0.975, -0.220);Ground_Mountain_0_1:(0.022, 0.661, -0.750);Ground_Mountain_0_1:(-0.085, 0.941, -0.328);Ground_Mountain_0_1:(0.033, 0.975, -0.220);Ground_Mountain_0_1:(-0.085, 0.941, -0.328);Ground_Mountain_0_1:(0.033, 0.975, -0.220);Ground_Mountain_0_1:(-0.058, 0.980, -0.191);Ground_Mountain_0_1:(-0.058, 0.980, -0.191);Ground_Mountain_0_1:(-0.058, 0.980, -0.191);Ground_Mountain_0_1:(-0.058, 0.980, -0.191);Ground_Mountain_0_1:(-0.058, 0.980, -0.191);Ground_Mountain_0_1:(0.301, 0.755, -0.582);Ground_Mountain_0_1:(0.301, 0.755, -0.582);Ground_Mountain_0_1:(0.301, 0.755, -0.582);Ground_Mountain_0_1:(0.301, 0.755, -0.582);Ground_Mountain_0_1:(-0.032, 0.792, -0.610);Ground_Mountain_0_1:(-0.032, 0.792, -0.610);Ground_Mountain_0_1:(-0.032, 0.792, -0.610);Ground_Mountain_0_1:(-0.032, 0.792, -0.610);"
2.800,201.147,888.175,89.457,-110.275,13.289,9.657,7.036,7.452,1.000,0.000,-0.251,3,7.518,18.644,0.864,"Ground_Mountain_0_1:(-0.058, 0.980, -0.191);Ground_Mountain_0_1:(-0.058, 0.980, -0.191);Ground_Mountain_0_1:(-0.058, 0.980, -0.191);Ground_Mountain_0_1:(-0.058, 0.980, -0.191);Ground_Mountain_0_1:(-0.058, 0.980, -0.191);Ground_Mountain_0_1:(-0.032, 0.792, -0.610);Ground_Mountain_0_1:(-0.032, 0.792, -0.610);Ground_Mountain_0_1:(-0.032, 0.792, -0.610);Ground_Mountain_0_1:(-0.032, 0.792, -0.610);Ground_Mountain_0_1:(0.301, 0.755, -0.582);Ground_Mountain_0_1:(0.301, 0.755, -0.582);Ground_Mountain_0_1:(0.301, 0.755, -0.582);Ground_Mountain_0_1:(0.301, 0.755, -0.582);Ground_Mountain_0_1:(0.022, 0.661, -0.750);Ground_Mountain_0_1:(0.022, 0.661, -0.750);Ground_Mountain_0_1:(-0.085, 0.941, -0.328);Ground_Mountain_0_1:(-0.085, 0.941, -0.328);Ground_Mountain_0_1:(0.033, 0.975, -0.220);Ground_Mountain_0_1:(0.033, 0.975, -0.220);Ground_Mountain_0_1:(0.033, 0.975, -0.220);Ground_Mountain_0_1:(0.033, 0.975, -0.220);Ground_Mountain_0_1:(0.033, 0.975, -0.220);"
2.820,201.809,888.361,89.596,-110.121,13.444,9.263,7.076,7.914,1.000,0.000,-0.238,3,0.000,8.218,0.856,"Ground_Mountain_0_1:(-0.075, 0.975, -0.207);Ground_Mountain_0_1:(-0.075, 0.975, -0.207);Ground_Mountain_0_1:(-0.075, 0.975, -0.207);Ground_Mountain_0_1:(-0.075, 0.975, -0.207);Ground_Mountain_0_1:(0.033, 0.975, -0.220);Ground_Mountain_0_1:(-0.032, 0.792, -0.610);Ground_Mountain_0_1:(-0.032, 0.792, -0.610);Ground_Mountain_0_1:(-0.032, 0.792, -0.610);Ground_Mountain_0_1:(0.301, 0.755, -0.582);Ground_Mountain_0_1:(0.301, 0.755, -0.582);Ground_Mountain_0_1:(0.022, 0.661, -0.750);"
2.840,202.074,888.538,89.736,-109.956,13.596,8.860,7.075,8.388,1.000,0.000,-0.230,2,0.000,8.801,0.850,"Ground_Mountain_0_1:(-0.075, 0.975, -0.207);Ground_Mountain_0_1:(-0.075, 0.975, -0.207);Ground_Mountain_0_1:(-0.075, 0.975, -0.207);Ground_Mountain_0_1:(-0.075, 0.975, -0.207);Ground_Mountain_0_1:(0.117, 0.855, -0.506);Ground_Mountain_0_1:(0.117, 0.855, -0.506);Ground_Mountain_0_1:(0.117, 0.855, -0.506);Ground_Mountain_0_1:(0.117, 0.855, -0.506);Ground_Mountain_0_1:(0.117, 0.855, -0.506);Ground_Mountain_0_1:(0.033, 0.975, -0.220);"
2.860,202.335,888.707,89.876,-109.781,13.742,8.445,7.067,8.856,1.000,0.000,-0.223,2,0.000,8.402,0.845,"Ground_Mountain_0_1:(-0.071, 0.976, -0.204);Ground_Mountain_0_1:(-0.071, 0.976, -0.204);Ground_Mountain_0_1:(-0.071, 0.976, -0.204);Ground_Mountain_0_1:(0.117, 0.851, -0.512);Ground_Mountain_0_1:(0.117, 0.851, -0.512);Ground_Mountain_0_1:(0.117, 0.851, -0.512);Ground_Mountain_0_1:(0.117, 0.851, -0.512);Ground_Mountain_0_1:(0.117, 0.851, -0.512);"
2.880,202.594,888.876,90.012,-109.606,13.616,8.442,6.868,8.852,1.000,0.000,-0.216,0,0.000,2.695,0.840,"Ground_Mountain_0_1:(-0.055, 0.981, -0.188);Ground_Mountain_0_1:(-0.055, 0.981, -0.188);Ground_Mountain_0_1:(-0.055, 0.981, -0.188);"
2.900,202.851,889.045,90.144,-109.430,13.479,8.438,6.669,8.849,1.000,0.000,-0.210,0,0.000,2.661,0.837,""
2.920,203.108,889.214,90.272,-109.255,13.330,8.435,6.470,8.845,1.000,0.000,-0.204,0,0.000,2.625,0.833,""
2.940,203.363,889.383,90.397,-109.079,13.170,8.431,6.272,8.841,1.000,0.000,-0.203,0,0.000,2.586,0.831,"Ground_Mountain_0_1:(0.057, 0.431, -0.901);"
2.960,203.617,889.552,90.518,-108.903,13.001,8.428,6.073,8.838,1.000,0.000,-0.198,0,0.000,2.544,0.829,"Ground_Mountain_0_1:(0.057, 0.431, -0.901);Ground_Mountain_0_1:(0.057, 0.431, -0.901);"
2.980,203.870,889.722,90.635,-108.735,12.693,8.440,5.991,8.591,1.000,0.000,-0.193,1,0.000,2.500,0.819,"Ground_Mountain_0_1:(0.057, 0.431, -0.901);Ground_Mountain_0_1:(0.057, 0.431, -0.901);Ground_Mountain_0_1:(0.123, 0.829, -0.546);Ground_Mountain_0_1:(0.123, 0.829, -0.546);"
3.000,204.535,889.899,90.746,-108.589,11.924,8.486,5.938,7.742,1.000,0.000,-0.181,1,0.000,3.167,0.791,"Ground_Mountain_0_1:(0.057, 0.431, -0.901);Ground_Mountain_0_1:(0.057, 0.431, -0.901);Ground_Mountain_0_1:(0.131, 0.819, -0.558);Ground_Mountain_0_1:(0.131, 0.819, -0.558);Ground_Mountain_0_1:(0.044, 0.540, -0.841);Ground_Mountain_0_1:(0.044, 0.540, -0.841);"
3.020,204.778,890.066,90.861,-108.439,11.992,8.027,6.164,7.950,1.000,0.000,-0.173,2,0.000,13.315,0.762,"Ground_Mountain_0_1:(0.338, 0.509, -0.792);Ground_Mountain_0_1:(0.338, 0.509, -0.792);Ground_Mountain_0_1:(0.338, 0.509, -0.792);Ground_Mountain_0_1:(0.157, 0.791, -0.592);Ground_Mountain_0_1:(0.044, 0.540, -0.841);Ground_Mountain_0_1:(0.044, 0.540, -0.841);"
3.040,205.016,890.223,90.982,-108.284,12.073,7.577,6.410,8.128,1.000,0.000,-0.164,2,0.000,10.048,0.734,"Ground_Mountain_0_1:(0.338, 0.509, -0.792);Ground_Mountain_0_1:(0.338, 0.509, -0.792);Ground_Mountain_0_1:(0.338, 0.509, -0.792);Ground_Mountain_0_1:(0.044, 0.540, -0.841);Ground_Mountain_0_1:(0.044, 0.540, -0.841);Ground_Mountain_0_1:(0.179, 0.762, -0.623);"
3.060,205.249,890.370,91.107,-108.125,12.155,7.114,6.648,8.297,1.000,0.000,-0.156,2,0.000,9.627,0.706,"Ground_Mountain_0_1:(0.044, 0.540, -0.841);Ground_Mountain_0_1:(0.044, 0.540, -0.841);Ground_Mountain_0_1:(0.338, 0.509, -0.792);Ground_Mountain_0_1:(0.338, 0.509, -0.792);Ground_Mountain_0_1:(0.338, 0.509, -0.792);Ground_Mountain_0_1:(0.198, 0.734, -0.650);Ground_Mountain_0_1:(-0.076, 0.855, -0.513);"
3.080,205.476,890.508,91.237,-107.962,12.237,6.646,6.893,8.443,1.000,0.000,-0.152,2,1.116,9.215,0.680,"Ground_Mountain_0_1:(0.216, 0.706, -0.674);Ground_Mountain_0_1:(0.216, 0.706, -0.674);Ground_Mountain_0_1:(0.216, 0.706, -0.674);Ground_Mountain_0_1:(0.216, 0.706, -0.674);Ground_Mountain_0_1:(0.338, 0.509, -0.792);Ground_Mountain_0_1:(0.338, 0.509, -0.792);Ground_Mountain_0_1:(0.338, 0.509, -0.792);Ground_Mountain_0_1:(-0.076, 0.855, -0.513);Ground_Mountain_0_1:(0.074, 0.916, -0.394);"
3.100,226.624,890.634,91.372,-107.796,12.325,6.160,7.109,8.606,1.000,0.000,0.050,2,2.359,10.728,0.655,"Ground_Mountain_0_1:(0.176, 0.589, -0.789);Ground_Mountain_0_1:(0.176, 0.589, -0.789);Ground_Mountain_0_1:(0.176, 0.589, -0.789);Ground_Mountain_0_1:(0.231, 0.680, -0.696);Ground_Mountain_0_1:(0.231, 0.680, -0.696);Ground_Mountain_0_1:(0.231, 0.680, -0.696);Ground_Mountain_0_1:(0.231, 0.680, -0.696);Ground_Mountain_0_1:(0.338, 0.509, -0.792);Ground_Mountain_0_1:(0.074, 0.916, -0.394);"
3.120,226.624,890.750,91.512,-107.626,12.415,5.673,7.330,8.750,1.000,0.000,0.051,2,3.258,10.035,0.631,"Ground_Mountain_0_1:(0.176, 0.589, -0.789);Ground_Mountain_0_1:(0.176, 0.589, -0.789);Ground_Mountain_0_1:(0.176, 0.589, -0.789);Ground_Mountain_0_1:(0.243, 0.655, -0.715);Ground_Mountain_0_1:(0.243, 0.655, -0.715);Ground_Mountain_0_1:(0.243, 0.655, -0.715);Ground_Mountain_0_1:(0.243, 0.655, -0.715);Ground_Mountain_0_1:(0.338, 0.509, -0.792);"
3.140,226.624,890.855,91.659,-107.454,12.505,5.210,7.613,8.813,1.000,0.000,0.052,3,8.876,9.553,0.610,"Ground_Mountain_0_1:(0.176, 0.589, -0.789);Ground_Mountain_0_1:(0.176, 0.589, -0.789);Ground_Mountain_0_1:(0.176, 0.589, -0.789);Ground_Mountain_0_1:(0.252, 0.631, -0.734);Ground_Mountain_0_1:(0.252, 0.631, -0.734);Ground_Mountain_0_1:(0.252, 0.631, -0.734);Ground_Mountain_0_1:(0.252, 0.631, -0.734);Ground_Mountain_0_1:(0.338, 0.509, -0.792);"
3.160,226.624,890.953,91.812,-107.282,12.595,4.849,7.913,8.806,1.000,0.000,0.054,3,12.700,8.358,0.591,"Ground_Mountain_0_1:(0.176, 0.589, -0.789);Ground_Mountain_0_1:(0.176, 0.589, -0.789);Ground_Mountain_0_1:(0.176, 0.589, -0.789);Ground_Mountain_0_1:(0.257, 0.610, -0.750);Ground_Mountain_0_1:(0.257, 0.610, -0.750);Ground_Mountain_0_1:(0.257, 0.610, -0.750);"
3.180,226.624,891.043,91.971,-107.111,12.687,4.578,8.227,8.736,1.000,0.000,0.055,3,15.769,7.202,0.574,"Ground_Mountain_0_1:(0.217, 0.590, -0.778);Ground_Mountain_0_1:(0.217, 0.590, -0.778);Ground_Mountain_0_1:(0.217, 0.590, -0.778);Ground_Mountain_0_1:(0.217, 0.590, -0.778);Ground_Mountain_0_1:(0.217, 0.590, -0.778);Ground_Mountain_0_1:(0.217, 0.590, -0.778);"
3.200,226.624,891.124,92.143,-106.952,12.764,4.409,8.586,8.559,1.000,0.000,0.056,4,22.226,6.302,0.557,"Ground_Mountain_0_1:(0.202, 0.584, -0.786);Ground_Mountain_0_1:(0.202, 0.584, -0.786);Ground_Mountain_0_1:(0.202, 0.584, -0.786);Ground_Mountain_0_1:(0.202, 0.584, -0.786);Ground_Mountain_0_1:(0.202, 0.584, -0.786);Ground_Mountain_0_1:(0.202, 0.584, -0.786);Ground_Mountain_0_1:(0.165, 0.658, -0.735);"
3.220,226.624,891.203,92.320,-106.800,12.707,4.334,9.097,7.870,1.000,0.000,0.059,4,24.691,5.604,0.540,"Ground_Mountain_0_1:(0.192, 0.579, -0.793);Ground_Mountain_0_1:(0.192, 0.579, -0.793);Ground_Mountain_0_1:(0.192, 0.579, -0.793);Ground_Mountain_0_1:(0.192, 0.579, -0.793);Ground_Mountain_0_1:(0.192, 0.579, -0.793);Ground_Mountain_0_1:(0.192, 0.579, -0.793);Ground_Mountain_0_1:(0.109, 0.297, -0.949);Ground_Mountain_0_1:(0.109, 0.297, -0.949);Ground_Mountain_0_1:(0.109, 0.297, -0.949);Ground_Mountain_0_1:(0.109, 0.297, -0.949);Ground_Mountain_0_1:(0.109, 0.297, -0.949);Ground_Mountain_0_1:(0.109, 0.297, -0.949);"
3.240,226.624,891.280,92.506,-106.677,12.321,4.267,9.640,6.459,1.000,0.000,0.060,2,17.153,10.692,0.516,"Ground_Mountain_0_1:(0.082, 0.298, -0.951);Ground_Mountain_0_1:(0.082, 0.298, -0.951);Ground_Mountain_0_1:(0.082, 0.298, -0.951);Ground_Mountain_0_1:(0.082, 0.298, -0.951);Ground_Mountain_0_1:(0.082, 0.298, -0.951);Ground_Mountain_0_1:(0.082, 0.298, -0.951);Ground_Mountain_0_1:(0.186, 0.565, -0.804);Ground_Mountain_0_1:(0.186, 0.565, -0.804);Ground_Mountain_0_1:(0.186, 0.565, -0.804);Ground_Mountain_0_1:(0.186, 0.565, -0.804);Ground_Mountain_0_1:(0.186, 0.565, -0.804);Ground_Mountain_0_1:(0.186, 0.565, -0.804);Ground_Mountain_0_1:(0.017, 0.598, -0.801);Ground_Mountain_0_1:(0.017, 0.598, -0.801);Ground_Mountain_0_1:(0.017, 0.598, -0.801);"
3.260,226.624,891.361,92.700,-106.570,12.210,4.223,10.062,5.596,1.000,0.000,0.060,2,15.059,12.947,0.490,"Ground_Mountain_0_1:(0.082, 0.298, -0.951);Ground_Mountain_0_1:(0.082, 0.298, -0.951);Ground_Mountain_0_1:(0.082, 0.298, -0.951);Ground_Mountain_0_1:(0.082, 0.298, -0.951);Ground_Mountain_0_1:(0.082, 0.298, -0.951);Ground_Mountain_0_1:(0.082, 0.298, -0.951);Ground_Mountain_0_1:(0.168, 0.516, -0.840);Ground_Mountain_0_1:(0.168, 0.516, -0.840);Ground_Mountain_0_1:(0.168, 0.516, -0.840);Ground_Mountain_0_1:(0.168, 0.516, -0.840);Ground_Mountain_0_1:(0.168, 0.516, -0.840);Ground_Mountain_0_1:(0.168, 0.516, -0.840);Ground_Mountain_0_1:(0.017, 0.598, -0.801);Ground_Mountain_0_1:(0.017, 0.598, -0.801);Ground_Mountain_0_1:(0.017, 0.598, -0.801);Ground_Mountain_0_1:(0.176, 0.589, -0.789);Ground_Mountain_0_1:(0.176, 0.589, -0.789);Ground_Mountain_0_1:(0.176, 0.589, -0.789);Ground_Mountain_0_1:(0.176, 0.589, -0.789);Ground_Mountain_0_1:(0.176, 0.589, -0.789);"
3.280,226.624,891.441,92.899,-106.466,12.282,4.150,10.253,5.424,1.000,0.000,0.060,2,11.871,11.408,0.466,"Ground_Mountain_0_1:(0.094, 0.301, -0.949);Ground_Mountain_0_1:(0.094, 0.301, -0.949);Ground_Mountain_0_1:(0.094, 0.301, -0.949);Ground_Mountain_0_1:(0.094, 0.301, -0.949);Ground_Mountain_0_1:(0.094, 0.301, -0.949);Ground_Mountain_0_1:(0.094, 0.301, -0.949);Ground_Mountain_0_1:(0.165, 0.658, -0.735);Ground_Mountain_0_1:(0.165, 0.658, -0.735);Ground_Mountain_0_1:(0.165, 0.658, -0.735);Ground_Mountain_0_1:(0.155, 0.490, -0.858);Ground_Mountain_0_1:(0.155, 0.490, -0.858);Ground_Mountain_0_1:(0.155, 0.490, -0.858);Ground_Mountain_0_1:(0.017, 0.598, -0.801);Ground_Mountain_0_1:(0.017, 0.598, -0.801);Ground_Mountain_0_1:(0.017, 0.598, -0.801);Ground_Mountain_0_1:(0.176, 0.589, -0.789);Ground_Mountain_0_1:(0.176, 0.589, -0.789);Ground_Mountain_0_1:(0.176, 0.589, -0.789);Ground_Mountain_0_1:(0.176, 0.589, -0.789);Ground_Mountain_0_1:(0.176, 0.589, -0.789);"
3.300,226.624,891.521,93.101,-106.365,12.347,4.094,10.426,5.255,1.000,0.000,0.060,2,11.259,12.048,0.443,"Ground_Mountain_0_1:(0.094, 0.301, -0.949);Ground_Mountain_0_1:(0.094, 0.301, -0.949);Ground_Mountain_0_1:(0.094, 0.301, -0.949);Ground_Mountain_0_1:(0.094, 0.301, -0.949);Ground_Mountain_0_1:(0.094, 0.301, -0.949);Ground_Mountain_0_1:(0.094, 0.301, -0.949);Ground_Mountain_0_1:(0.165, 0.658, -0.735);Ground_Mountain_0_1:(0.165, 0.658, -0.735);Ground_Mountain_0_1:(0.165, 0.658, -0.735);Ground_Mountain_0_1:(0.146, 0.466, -0.873);Ground_Mountain_0_1:(0.146, 0.466, -0.873);Ground_Mountain_0_1:(0.146, 0.466, -0.873);Ground_Mountain_0_1:(0.017, 0.598, -0.801);Ground_Mountain_0_1:(0.017, 0.598, -0.801);Ground_Mountain_0_1:(0.017, 0.598, -0.801);Ground_Mountain_0_1:(0.176, 0.589, -0.789);Ground_Mountain_0_1:(0.176, 0.589, -0.789);Ground_Mountain_0_1:(0.176, 0.589, -0.789);Ground_Mountain_0_1:(0.176, 0.589, -0.789);Ground_Mountain_0_1:(0.176, 0.589, -0.789);"
3.320,226.624,891.601,93.307,-106.267,12.409,4.054,10.574,5.116,1.000,0.000,0.061,2,10.024,11.558,0.422,"Ground_Mountain_0_1:(0.094, 0.301, -0.949);Ground_Mountain_0_1:(0.094, 0.301, -0.949);Ground_Mountain_0_1:(0.094, 0.301, -0.949);Ground_Mountain_0_1:(0.094, 0.301, -0.949);Ground_Mountain_0_1:(0.094, 0.301, -0.949);Ground_Mountain_0_1:(0.094, 0.301, -0.949);Ground_Mountain_0_1:(0.165, 0.658, -0.735);Ground_Mountain_0_1:(0.165, 0.658, -0.735);Ground_Mountain_0_1:(0.165, 0.658, -0.735);Ground_Mountain_0_1:(0.139, 0.443, -0.886);Ground_Mountain_0_1:(0.139, 0.443, -0.886);Ground_Mountain_0_1:(0.139, 0.443, -0.886);Ground_Mountain_0_1:(0.017, 0.598, -0.801);Ground_Mountain_0_1:(0.017, 0.598, -0.801);Ground_Mountain_0_1:(0.017, 0.598, -0.801);Ground_Mountain_0_1:(0.176, 0.589, -0.789);Ground_Mountain_0_1:(0.176, 0.589, -0.789);Ground_Mountain_0_1:(0.176, 0.589, -0.789);Ground_Mountain_0_1:(0.176, 0.589, -0.789);Ground_Mountain_0_1:(0.176, 0.589, -0.789);"
3.340,226.662,891.681,93.515,-106.170,12.472,4.027,10.698,5.018,1.000,0.000,0.062,2,8.592,11.085,0.403,"Ground_Mountain_0_1:(0.094, 0.301, -0.949);Ground_Mountain_0_1:(0.094, 0.301, -0.949);Ground_Mountain_0_1:(0.094, 0.301, -0.949);Ground_Mountain_0_1:(0.094, 0.301, -0.949);Ground_Mountain_0_1:(0.094, 0.301, -0.949);Ground_Mountain_0_1:(0.094, 0.301, -0.949);Ground_Mountain_0_1:(0.176, 0.589, -0.789);Ground_Mountain_0_1:(0.176, 0.589, -0.789);Ground_Mountain_0_1:(0.176, 0.589, -0.789);Ground_Mountain_0_1:(0.176, 0.589, -0.789);Ground_Mountain_0_1:(0.176, 0.589, -0.789);Ground_Mountain_0_1:(0.017, 0.598, -0.801);Ground_Mountain_0_1:(0.017, 0.598, -0.801);Ground_Mountain_0_1:(0.017, 0.598, -0.801);Ground_Mountain_0_1:(0.165, 0.658, -0.735);Ground_Mountain_0_1:(0.165, 0.658, -0.735);Ground_Mountain_0_1:(0.165, 0.658, -0.735);"
3.360,226.703,891.762,93.727,-106.073,12.536,4.007,10.799,4.963,1.000,0.000,0.064,2,6.981,10.621,0.387,"Ground_Mountain_0_1:(0.094, 0.301, -0.949);Ground_Mountain_0_1:(0.094, 0.301, -0.949);Ground_Mountain_0_1:(0.094, 0.301, -0.949);Ground_Mountain_0_1:(0.094, 0.301, -0.949);Ground_Mountain_0_1:(0.094, 0.301, -0.949);Ground_Mountain_0_1:(0.094, 0.301, -0.949);Ground_Mountain_0_1:(0.176, 0.589, -0.789);Ground_Mountain_0_1:(0.176, 0.589, -0.789);Ground_Mountain_0_1:(0.176, 0.589, -0.789);Ground_Mountain_0_1:(0.176, 0.589, -0.789);Ground_Mountain_0_1:(0.176, 0.589, -0.789);Ground_Mountain_0_1:(0.017, 0.598, -0.801);Ground_Mountain_0_1:(0.017, 0.598, -0.801);Ground_Mountain_0_1:(0.017, 0.598, -0.801);Ground_Mountain_0_1:(0.165, 0.658, -0.735);Ground_Mountain_0_1:(0.165, 0.658, -0.735);Ground_Mountain_0_1:(0.165, 0.658, -0.735);"
3.380,226.744,891.842,93.935,-105.976,12.358,4.004,10.601,4.949,1.000,0.000,0.065,0,0.000,4.558,0.372,"Ground_Mountain_0_1:(0.107, 0.304, -0.947);Ground_Mountain_0_1:(0.107, 0.304, -0.947);Ground_Mountain_0_1:(0.107, 0.304, -0.947);Ground_Mountain_0_1:(0.107, 0.304, -0.947);Ground_Mountain_0_1:(0.107, 0.304, -0.947);Ground_Mountain_0_1:(0.107, 0.304, -0.947);Ground_Mountain_0_1:(0.017, 0.598, -0.801);Ground_Mountain_0_1:(0.017, 0.598, -0.801);Ground_Mountain_0_1:(0.017, 0.598, -0.801);Ground_Mountain_0_1:(0.017, 0.598, -0.801);Ground_Mountain_0_1:(0.176, 0.589, -0.789);Ground_Mountain_0_1:(0.176, 0.589, -0.789);Ground_Mountain_0_1:(0.176, 0.589, -0.789);Ground_Mountain_0_1:(0.176, 0.589, -0.789);Ground_Mountain_0_1:(0.165, 0.658, -0.735);Ground_Mountain_0_1:(0.165, 0.658, -0.735);Ground_Mountain_0_1:(0.165, 0.658, -0.735);"
3.400,226.785,891.921,94.139,-105.881,12.149,4.002,10.416,4.832,1.000,0.000,0.066,0,0.000,4.508,0.357,"Ground_Mountain_0_1:(0.108, 0.300, -0.948);Ground_Mountain_0_1:(0.108, 0.300, -0.948);Ground_Mountain_0_1:(0.108, 0.300, -0.948);Ground_Mountain_0_1:(0.108, 0.300, -0.948);Ground_Mountain_0_1:(0.108, 0.300, -0.948);Ground_Mountain_0_1:(0.108, 0.300, -0.948);Ground_Mountain_0_1:(0.165, 0.658, -0.735);Ground_Mountain_0_1:(0.165, 0.658, -0.735);Ground_Mountain_0_1:(0.165, 0.658, -0.735);Ground_Mountain_0_1:(0.165, 0.658, -0.735);"
3.420,226.826,891.999,94.339,-105.787,11.959,3.998,10.221,4.805,1.000,0.000,0.066,0,0.000,4.557,0.344,"Ground_Mountain_0_1:(0.107, 0.304, -0.947);Ground_Mountain_0_1:(0.107, 0.304, -0.947);Ground_Mountain_0_1:(0.107, 0.304, -0.947);Ground_Mountain_0_1:(0.107, 0.304, -0.947);Ground_Mountain_0_1:(0.107, 0.304, -0.947);Ground_Mountain_0_1:(0.107, 0.304, -0.947);"
3.440,226.866,892.076,94.536,-105.693,11.765,3.995,10.025,4.775,1.000,0.000,0.067,0,0.000,4.505,0.331,"Ground_Mountain_0_1:(0.107, 0.304, -0.947);Ground_Mountain_0_1:(0.107, 0.304, -0.947);Ground_Mountain_0_1:(0.107, 0.304, -0.947);Ground_Mountain_0_1:(0.107, 0.304, -0.947);Ground_Mountain_0_1:(0.107, 0.304, -0.947);Ground_Mountain_0_1:(0.107, 0.304, -0.947);"
3.460,226.906,892.154,94.730,-105.599,11.575,3.993,9.825,4.773,1.000,0.000,0.068,0,0.000,4.457,0.320,"Ground_Mountain_0_1:(0.117, 0.319, -0.940);Ground_Mountain_0_1:(0.117, 0.319, -0.940);Ground_Mountain_0_1:(0.117, 0.319, -0.940);Ground_Mountain_0_1:(0.117, 0.319, -0.940);Ground_Mountain_0_1:(0.117, 0.319, -0.940);Ground_Mountain_0_1:(0.117, 0.319, -0.940);"
3.480,226.948,892.231,94.921,-105.510,11.333,4.000,9.661,4.514,1.000,0.000,0.068,0,0.000,4.374,0.311,"Ground_Mountain_0_1:(0.112, 0.312, -0.943);Ground_Mountain_0_1:(0.112, 0.312, -0.943);Ground_Mountain_0_1:(0.112, 0.312, -0.943);Ground_Mountain_0_1:(0.112, 0.312, -0.943);Ground_Mountain_0_1:(0.112, 0.312, -0.943);Ground_Mountain_0_1:(0.112, 0.312, -0.943);"
3.500,226.989,892.315,95.110,-105.448,10.942,4.046,9.584,3.481,1.000,0.000,0.069,0,0.000,4.265,0.300,"Ground_Mountain_0_1:(0.104, 0.302, -0.948);Ground_Mountain_0_1:(0.104, 0.302, -0.948);Ground_Mountain_0_1:(0.104, 0.302, -0.948);Ground_Mountain_0_1:(0.104, 0.302, -0.948);Ground_Mountain_0_1:(0.104, 0.302, -0.948);Ground_Mountain_0_1:(0.104, 0.302, -0.948);"
3.520,227.033,892.397,95.297,-105.381,10.744,4.050,9.395,3.389,1.000,0.000,0.069,0,0.000,4.321,0.297,"Ground_Mountain_0_1:(0.122, 0.300, -0.946);Ground_Mountain_0_1:(0.122, 0.300, -0.946);Ground_Mountain_0_1:(0.122, 0.300, -0.946);Ground_Mountain_0_1:(0.122, 0.300, -0.946);Ground_Mountain_0_1:(0.122, 0.300, -0.946);Ground_Mountain_0_1:(0.122, 0.300, -0.946);"
3.540,227.075,892.478,95.482,-105.315,10.554,4.050,9.201,3.338,1.000,0.000,0.070,0,0.000,3.978,0.297,"Ground_Mountain_0_1:(0.114, 0.297, -0.948);Ground_Mountain_0_1:(0.114, 0.297, -0.948);Ground_Mountain_0_1:(0.114, 0.297, -0.948);Ground_Mountain_0_1:(0.114, 0.297, -0.948);Ground_Mountain_0_1:(0.114, 0.297, -0.948);Ground_Mountain_0_1:(0.114, 0.297, -0.948);"
3.560,227.118,892.559,95.662,-105.250,10.370,4.050,9.003,3.319,1.000,0.000,0.070,0,0.000,3.855,0.298,"Ground_Mountain_0_1:(0.114, 0.297, -0.948);Ground_Mountain_0_1:(0.114, 0.297, -0.948);Ground_Mountain_0_1:(0.114, 0.297, -0.948);Ground_Mountain_0_1:(0.114, 0.297, -0.948);Ground_Mountain_0_1:(0.114, 0.297, -0.948);Ground_Mountain_0_1:(0.114, 0.297, -0.948);"
3.580,227.161,892.640,95.839,-105.183,10.190,4.048,8.803,3.318,1.000,0.000,0.071,0,0.000,3.753,0.300,"Ground_Mountain_0_1:(0.118, 0.299, -0.947);Ground_Mountain_0_1:(0.118, 0.299, -0.947);Ground_Mountain_0_1:(0.118, 0.299, -0.947);Ground_Mountain_0_1:(0.118, 0.299, -0.947);Ground_Mountain_0_1:(0.118, 0.299, -0.947);Ground_Mountain_0_1:(0.118, 0.299, -0.947);"
3.600,227.205,892.720,96.012,-105.117,10.010,4.046,8.604,3.316,1.000,0.000,0.071,0,0.000,3.670,0.303,"Ground_Mountain_0_1:(0.118, 0.301, -0.946);Ground_Mountain_0_1:(0.118, 0.301, -0.946);Ground_Mountain_0_1:(0.118, 0.301, -0.946);Ground_Mountain_0_1:(0.118, 0.301, -0.946);Ground_Mountain_0_1:(0.118, 0.301, -0.946);Ground_Mountain_0_1:(0.118, 0.301, -0.946);"
3.620,227.251,892.801,96.181,-105.050,9.830,4.045,8.404,3.315,1.000,0.000,0.072,0,0.000,3.587,0.308,"Ground_Mountain_0_1:(0.117, 0.304, -0.946);Ground_Mountain_0_1:(0.117, 0.304, -0.946);Ground_Mountain_0_1:(0.117, 0.304, -0.946);Ground_Mountain_0_1:(0.117, 0.304, -0.946);Ground_Mountain_0_1:(0.117, 0.304, -0.946);Ground_Mountain_0_1:(0.117, 0.304, -0.946);"
3.640,227.297,892.882,96.347,-104.983,9.651,4.043,8.205,3.314,1.000,0.000,0.072,0,0.000,3.505,0.314,"Ground_Mountain_0_1:(0.117, 0.307, -0.944);Ground_Mountain_0_1:(0.117, 0.307, -0.944);Ground_Mountain_0_1:(0.117, 0.307, -0.944);Ground_Mountain_0_1:(0.117, 0.307, -0.944);Ground_Mountain_0_1:(0.117, 0.307, -0.944);Ground_Mountain_0_1:(0.117, 0.307, -0.944);"
3.660,227.344,892.963,96.509,-104.917,9.467,4.041,8.010,3.281,1.000,0.000,0.073,0,0.000,3.423,0.320,"Ground_Mountain_0_1:(0.117, 0.312, -0.943);Ground_Mountain_0_1:(0.117, 0.312, -0.943);Ground_Mountain_0_1:(0.117, 0.312, -0.943);Ground_Mountain_0_1:(0.117, 0.312, -0.943);Ground_Mountain_0_1:(0.117, 0.312, -0.943);Ground_Mountain_0_1:(0.117, 0.312, -0.943);"
3.680,227.392,893.045,96.666,-104.853,9.269,4.045,7.824,3.184,1.000,0.000,0.073,0,0.000,3.415,0.324,"Ground_Mountain_0_1:(0.117, 0.317, -0.941);Ground_Mountain_0_1:(0.117, 0.317, -0.941);Ground_Mountain_0_1:(0.117, 0.317, -0.941);Ground_Mountain_0_1:(0.117, 0.317, -0.941);Ground_Mountain_0_1:(0.117, 0.317, -0.941);Ground_Mountain_0_1:(0.117, 0.317, -0.941);"
3.700,227.442,893.127,96.820,-104.789,9.087,4.045,7.627,3.164,1.000,0.000,0.074,0,0.000,3.518,0.329,"Ground_Mountain_0_1:(0.121, 0.321, -0.939);Ground_Mountain_0_1:(0.121, 0.321, -0.939);Ground_Mountain_0_1:(0.121, 0.321, -0.939);Ground_Mountain_0_1:(0.121, 0.321, -0.939);Ground_Mountain_0_1:(0.121, 0.321, -0.939);Ground_Mountain_0_1:(0.121, 0.321, -0.939);Ground_Mountain_0_1:(0.064, 0.343, -0.937);Ground_Mountain_0_1:(0.064, 0.343, -0.937);Ground_Mountain_0_1:(0.064, 0.343, -0.937);"
3.720,227.493,893.209,96.970,-104.725,8.907,4.044,7.429,3.156,1.000,0.000,0.074,0,0.000,3.465,0.335,"Ground_Mountain_0_1:(0.119, 0.320, -0.940);Ground_Mountain_0_1:(0.119, 0.320, -0.940);Ground_Mountain_0_1:(0.119, 0.320, -0.940);Ground_Mountain_0_1:(0.119, 0.320, -0.940);Ground_Mountain_0_1:(0.119, 0.320, -0.940);Ground_Mountain_0_1:(0.119, 0.320, -0.940);"
3.740,227.545,893.292,97.117,-104.661,8.730,4.042,7.230,3.154,1.000,0.000,0.075,0,0.000,3.392,0.342,"Ground_Mountain_0_1:(0.123, 0.325, -0.938);Ground_Mountain_0_1:(0.123, 0.325, -0.938);Ground_Mountain_0_1:(0.123, 0.325, -0.938);Ground_Mountain_0_1:(0.123, 0.325, -0.938);Ground_Mountain_0_1:(0.123, 0.325, -0.938);Ground_Mountain_0_1:(0.123, 0.325, -0.938);"
3.760,227.597,893.374,97.260,-104.597,8.553,4.041,7.031,3.153,1.000,0.000,0.075,0,0.000,3.311,0.350,"Ground_Mountain_0_1:(0.132, 0.319, -0.939);Ground_Mountain_0_1:(0.132, 0.319, -0.939);Ground_Mountain_0_1:(0.132, 0.319, -0.939);Ground_Mountain_0_1:(0.132, 0.319, -0.939);Ground_Mountain_0_1:(0.132, 0.319, -0.939);Ground_Mountain_0_1:(0.132, 0.319, -0.939);"
3.780,227.651,893.458,97.397,-104.537,8.321,4.073,6.836,2.970,1.000,0.000,0.075,0,0.000,3.230,0.351,"Ground_Mountain_0_1:(0.143, 0.272, -0.951);Ground_Mountain_0_1:(0.143, 0.272, -0.951);Ground_Mountain_0_1:(0.143, 0.272, -0.951);Ground_Mountain_0_1:(0.143, 0.272, -0.951);Ground_Mountain_0_1:(0.143, 0.272, -0.951);Ground_Mountain_0_1:(0.143, 0.272, -0.951);Ground_Mountain_0_1:(0.132, 0.350, -0.927);Ground_Mountain_0_1:(0.132, 0.350, -0.927);Ground_Mountain_0_1:(0.132, 0.350, -0.927);Ground_Mountain_0_1:(0.132, 0.350, -0.927);Ground_Mountain_0_1:(0.132, 0.350, -0.927);Ground_Mountain_0_1:(0.132, 0.350, -0.927);"
3.800,227.707,893.543,97.529,-104.479,8.119,4.088,6.638,2.889,1.000,0.000,0.076,0,0.000,3.658,0.350,"Ground_Mountain_0_1:(0.143, 0.272, -0.951);Ground_Mountain_0_1:(0.143, 0.272, -0.951);Ground_Mountain_0_1:(0.143, 0.272, -0.951);Ground_Mountain_0_1:(0.143, 0.272, -0.951);Ground_Mountain_0_1:(0.143, 0.272, -0.951);Ground_Mountain_0_1:(0.143, 0.272, -0.951);Ground_Mountain_0_1:(0.142, 0.351, -0.926);Ground_Mountain_0_1:(0.142, 0.351, -0.926);Ground_Mountain_0_1:(0.142, 0.351, -0.926);Ground_Mountain_0_1:(0.142, 0.351, -0.926);Ground_Mountain_0_1:(0.142, 0.351, -0.926);Ground_Mountain_0_1:(0.142, 0.351, -0.926);"
3.820,227.765,893.628,97.658,-104.420,7.942,4.087,6.439,2.887,1.000,0.000,0.076,0,0.000,3.804,0.349,"Ground_Mountain_0_1:(0.147, 0.298, -0.943);Ground_Mountain_0_1:(0.147, 0.298, -0.943);Ground_Mountain_0_1:(0.147, 0.298, -0.943);Ground_Mountain_0_1:(0.147, 0.298, -0.943);Ground_Mountain_0_1:(0.147, 0.298, -0.943);Ground_Mountain_0_1:(0.147, 0.298, -0.943);"
3.840,227.824,893.714,97.782,-104.364,7.749,4.097,6.243,2.825,1.000,0.000,0.077,0,0.000,3.724,0.348,"Ground_Mountain_0_1:(0.151, 0.298, -0.942);Ground_Mountain_0_1:(0.151, 0.298, -0.942);Ground_Mountain_0_1:(0.151, 0.298, -0.942);Ground_Mountain_0_1:(0.151, 0.298, -0.942);Ground_Mountain_0_1:(0.151, 0.298, -0.942);Ground_Mountain_0_1:(0.151, 0.298, -0.942);"
3.860,227.884,893.796,97.903,-104.311,7.533,4.112,6.063,2.661,1.000,0.000,0.077,0,0.000,3.753,0.345,"Ground_Mountain_0_1:(0.172, 0.296, -0.940);Ground_Mountain_0_1:(0.172, 0.296, -0.940);Ground_Mountain_0_1:(0.172, 0.296, -0.940);Ground_Mountain_0_1:(0.172, 0.296, -0.940);Ground_Mountain_0_1:(0.172, 0.296, -0.940);Ground_Mountain_0_1:(0.172, 0.296, -0.940);"
3.880,227.942,893.878,98.020,-104.260,7.353,4.114,5.865,2.640,1.000,0.000,0.077,0,0.000,3.841,0.342,"Ground_Mountain_0_1:(0.168, 0.297, -0.940);Ground_Mountain_0_1:(0.168, 0.297, -0.940);Ground_Mountain_0_1:(0.168, 0.297, -0.940);Ground_Mountain_0_1:(0.168, 0.297, -0.940);Ground_Mountain_0_1:(0.168, 0.297, -0.940);Ground_Mountain_0_1:(0.168, 0.297, -0.940);"
3.900,228.000,893.960,98.132,-104.211,7.169,4.117,5.671,2.601,1.000,0.000,0.077,0,0.000,3.783,0.339,"Ground_Mountain_0_1:(0.168, 0.297, -0.940);Ground_Mountain_0_1:(0.168, 0.297, -0.940);Ground_Mountain_0_1:(0.168, 0.297, -0.940);Ground_Mountain_0_1:(0.168, 0.297, -0.940);Ground_Mountain_0_1:(0.168, 0.297, -0.940);Ground_Mountain_0_1:(0.168, 0.297, -0.940);"
3.920,228.058,894.042,98.242,-104.163,6.984,4.134,5.503,2.483,1.000,0.000,0.077,1,3.828,3.785,0.336,"Ground_Mountain_0_1:(0.167, 0.296, -0.940);Ground_Mountain_0_1:(0.167, 0.296, -0.940);Ground_Mountain_0_1:(0.167, 0.296, -0.940);Ground_Mountain_0_1:(0.167, 0.296, -0.940);Ground_Mountain_0_1:(0.167, 0.296, -0.940);Ground_Mountain_0_1:(0.167, 0.296, -0.940);"
3.940,228.117,894.124,98.349,-104.116,6.801,4.146,5.334,2.382,1.000,0.000,0.078,1,3.533,3.738,0.337,"Ground_Mountain_0_1:(0.176, 0.297, -0.939);Ground_Mountain_0_1:(0.176, 0.297, -0.939);Ground_Mountain_0_1:(0.176, 0.297, -0.939);Ground_Mountain_0_1:(0.176, 0.297, -0.939);Ground_Mountain_0_1:(0.176, 0.297, -0.939);Ground_Mountain_0_1:(0.176, 0.297, -0.939);Ground_Mountain_0_1:(0.167, 0.370, -0.914);Ground_Mountain_0_1:(0.167, 0.370, -0.914);Ground_Mountain_0_1:(0.167, 0.370, -0.914);Ground_Mountain_0_1:(0.167, 0.370, -0.914);"
3.960,228.176,894.206,98.453,-104.072,6.609,4.158,5.166,2.255,1.000,0.000,0.078,1,3.094,3.651,0.338,"Ground_Mountain_0_1:(0.168, 0.288, -0.943);Ground_Mountain_0_1:(0.168, 0.288, -0.943);Ground_Mountain_0_1:(0.168, 0.288, -0.943);Ground_Mountain_0_1:(0.168, 0.288, -0.943);Ground_Mountain_0_1:(0.168, 0.288, -0.943);Ground_Mountain_0_1:(0.168, 0.288, -0.943);Ground_Mountain_0_1:(0.167, 0.370, -0.914);Ground_Mountain_0_1:(0.167, 0.370, -0.914);Ground_Mountain_0_1:(0.167, 0.370, -0.914);Ground_Mountain_0_1:(0.167, 0.370, -0.914);"
3.980,228.236,894.288,98.553,-104.029,6.428,4.158,4.972,2.226,1.000,0.000,0.078,0,0.000,3.658,0.340,"Ground_Mountain_0_1:(0.168, 0.288, -0.943);Ground_Mountain_0_1:(0.168, 0.288, -0.943);Ground_Mountain_0_1:(0.168, 0.288, -0.943);Ground_Mountain_0_1:(0.168, 0.288, -0.943);Ground_Mountain_0_1:(0.168, 0.288, -0.943);Ground_Mountain_0_1:(0.168, 0.288, -0.943);Ground_Mountain_0_1:(0.167, 0.370, -0.914);Ground_Mountain_0_1:(0.167, 0.370, -0.914);Ground_Mountain_0_1:(0.167, 0.370, -0.914);Ground_Mountain_0_1:(0.167, 0.370, -0.914);"
4.000,228.296,894.369,98.649,-103.985,6.245,4.158,4.779,2.190,1.000,0.000,0.077,0,0.000,3.626,0.341,"Ground_Mountain_0_1:(0.168, 0.288, -0.943);Ground_Mountain_0_1:(0.168, 0.288, -0.943);Ground_Mountain_0_1:(0.168, 0.288, -0.943);Ground_Mountain_0_1:(0.168, 0.288, -0.943);Ground_Mountain_0_1:(0.168, 0.288, -0.943);Ground_Mountain_0_1:(0.168, 0.288, -0.943);Ground_Mountain_0_1:(0.167, 0.370, -0.914);Ground_Mountain_0_1:(0.167, 0.370, -0.914);Ground_Mountain_0_1:(0.167, 0.370, -0.914);"
4.020,228.358,894.451,98.741,-103.943,6.064,4.156,4.586,2.161,1.000,0.000,0.077,0,0.000,3.610,0.343,"Ground_Mountain_0_1:(0.170, 0.292, -0.941);Ground_Mountain_0_1:(0.170, 0.292, -0.941);Ground_Mountain_0_1:(0.170, 0.292, -0.941);Ground_Mountain_0_1:(0.170, 0.292, -0.941);Ground_Mountain_0_1:(0.170, 0.292, -0.941);Ground_Mountain_0_1:(0.170, 0.292, -0.941);"
4.040,228.420,894.534,98.829,-103.902,5.882,4.156,4.395,2.123,1.000,0.000,0.077,0,0.000,3.585,0.343,"Ground_Mountain_0_1:(0.178, 0.300, -0.937);Ground_Mountain_0_1:(0.178, 0.300, -0.937);Ground_Mountain_0_1:(0.178, 0.300, -0.937);Ground_Mountain_0_1:(0.178, 0.300, -0.937);Ground_Mountain_0_1:(0.178, 0.300, -0.937);Ground_Mountain_0_1:(0.178, 0.300, -0.937);"
4.060,228.458,894.617,98.913,-103.864,5.686,4.158,4.208,2.034,1.000,0.000,0.077,0,0.000,3.616,0.339,"Ground_Mountain_0_1:(0.163, 0.280, -0.946);Ground_Mountain_0_1:(0.163, 0.280, -0.946);Ground_Mountain_0_1:(0.163, 0.280, -0.946);Ground_Mountain_0_1:(0.163, 0.280, -0.946);Ground_Mountain_0_1:(0.163, 0.280, -0.946);Ground_Mountain_0_1:(0.163, 0.280, -0.946);"
4.080,228.458,894.700,98.992,-103.826,5.494,4.161,4.017,1.966,1.000,0.000,0.076,0,0.000,3.718,0.335,"Ground_Mountain_0_1:(0.149, 0.280, -0.948);Ground_Mountain_0_1:(0.149, 0.280, -0.948);Ground_Mountain_0_1:(0.149, 0.280, -0.948);Ground_Mountain_0_1:(0.149, 0.280, -0.948);Ground_Mountain_0_1:(0.149, 0.280, -0.948);Ground_Mountain_0_1:(0.149, 0.280, -0.948);"
4.100,228.458,894.783,99.068,-103.789,5.306,4.163,3.823,1.918,1.000,0.000,0.075,0,0.000,3.793,0.332,"Ground_Mountain_0_1:(0.149, 0.280, -0.948);Ground_Mountain_0_1:(0.149, 0.280, -0.948);Ground_Mountain_0_1:(0.149, 0.280, -0.948);Ground_Mountain_0_1:(0.149, 0.280, -0.948);Ground_Mountain_0_1:(0.149, 0.280, -0.948);Ground_Mountain_0_1:(0.149, 0.280, -0.948);"
4.120,228.458,894.866,99.139,-103.753,5.118,4.164,3.629,1.872,1.000,0.000,0.074,0,0.000,3.822,0.329,"Ground_Mountain_0_1:(0.149, 0.280, -0.948);Ground_Mountain_0_1:(0.149, 0.280, -0.948);Ground_Mountain_0_1:(0.149, 0.280, -0.948);Ground_Mountain_0_1:(0.149, 0.280, -0.948);Ground_Mountain_0_1:(0.149, 0.280, -0.948);Ground_Mountain_0_1:(0.149, 0.280, -0.948);"
4.140,228.458,894.949,99.207,-103.717,4.930,4.166,3.435,1.826,1.000,0.000,0.073,0,0.000,3.842,0.325,"Ground_Mountain_0_1:(0.149, 0.280, -0.948);Ground_Mountain_0_1:(0.149, 0.280, -0.948);Ground_Mountain_0_1:(0.149, 0.280, -0.948);Ground_Mountain_0_1:(0.149, 0.280, -0.948);Ground_Mountain_0_1:(0.149, 0.280, -0.948);Ground_Mountain_0_1:(0.149, 0.280, -0.948);"
4.160,228.458,895.032,99.271,-103.682,4.746,4.167,3.240,1.794,1.000,0.000,0.073,0,0.000,3.862,0.322,"Ground_Mountain_0_1:(0.158, 0.282, -0.946);Ground_Mountain_0_1:(0.158, 0.282, -0.946);Ground_Mountain_0_1:(0.158, 0.282, -0.946);Ground_Mountain_0_1:(0.158, 0.282, -0.946);Ground_Mountain_0_1:(0.158, 0.282, -0.946);Ground_Mountain_0_1:(0.158, 0.282, -0.946);"
4.180,228.458,895.116,99.331,-103.649,4.549,4.167,3.051,1.713,1.000,0.000,0.072,0,0.000,3.852,0.317,"Ground_Mountain_0_1:(0.127, 0.283, -0.951);Ground_Mountain_0_1:(0.127, 0.283, -0.951);Ground_Mountain_0_1:(0.127, 0.283, -0.951);Ground_Mountain_0_1:(0.127, 0.283, -0.951);Ground_Mountain_0_1:(0.127, 0.283, -0.951);Ground_Mountain_0_1:(0.127, 0.283, -0.951);Ground_Mountain_0_1:(0.212, 0.275, -0.938);Ground_Mountain_0_1:(0.212, 0.275, -0.938);Ground_Mountain_0_1:(0.212, 0.275, -0.938);"
4.200,228.458,895.199,99.387,-103.616,4.362,4.167,2.857,1.672,1.000,0.000,0.072,0,0.000,3.961,0.313,"Ground_Mountain_0_1:(0.127, 0.283, -0.951);Ground_Mountain_0_1:(0.127, 0.283, -0.951);Ground_Mountain_0_1:(0.127, 0.283, -0.951);Ground_Mountain_0_1:(0.127, 0.283, -0.951);Ground_Mountain_0_1:(0.127, 0.283, -0.951);Ground_Mountain_0_1:(0.127, 0.283, -0.951);"
4.220,228.458,895.282,99.439,-103.584,4.175,4.166,2.662,1.634,1.000,0.000,0.071,0,0.000,3.978,0.309,"Ground_Mountain_0_1:(0.127, 0.283, -0.951);Ground_Mountain_0_1:(0.127, 0.283, -0.951);Ground_Mountain_0_1:(0.127, 0.283, -0.951);Ground_Mountain_0_1:(0.127, 0.283, -0.951);Ground_Mountain_0_1:(0.127, 0.283, -0.951);Ground_Mountain_0_1:(0.127, 0.283, -0.951);"
4.240,228.458,895.366,99.487,-103.553,3.988,4.165,2.468,1.596,1.000,0.000,0.071,0,0.000,3.991,0.304,"Ground_Mountain_0_1:(0.121, 0.282, -0.952);Ground_Mountain_0_1:(0.121, 0.282, -0.952);Ground_Mountain_0_1:(0.121, 0.282, -0.952);Ground_Mountain_0_1:(0.121, 0.282, -0.952);Ground_Mountain_0_1:(0.121, 0.282, -0.952);Ground_Mountain_0_1:(0.121, 0.282, -0.952);"
4.260,228.458,895.449,99.532,-103.521,3.811,4.164,2.271,1.595,1.000,0.000,0.070,0,0.000,4.011,0.302,"Ground_Mountain_0_1:(0.146, 0.285, -0.947);Ground_Mountain_0_1:(0.146, 0.285, -0.947);Ground_Mountain_0_1:(0.146, 0.285, -0.947);Ground_Mountain_0_1:(0.146, 0.285, -0.947);Ground_Mountain_0_1:(0.146, 0.285, -0.947);Ground_Mountain_0_1:(0.146, 0.285, -0.947);"
4.280,228.458,895.533,99.572,-103.489,3.628,4.163,2.075,1.576,1.000,0.000,0.069,0,0.000,3.927,0.300,"Ground_Mountain_0_1:(0.146, 0.285, -0.947);Ground_Mountain_0_1:(0.146, 0.285, -0.947);Ground_Mountain_0_1:(0.146, 0.285, -0.947);Ground_Mountain_0_1:(0.146, 0.285, -0.947);Ground_Mountain_0_1:(0.146, 0.285, -0.947);Ground_Mountain_0_1:(0.146, 0.285, -0.947);"
4.300,228.458,895.616,99.609,-103.460,3.436,4.160,1.893,1.492,1.000,0.000,0.069,0,0.000,3.895,0.297,"Ground_Mountain_0_1:(0.146, 0.285, -0.947);Ground_Mountain_0_1:(0.146, 0.285, -0.947);Ground_Mountain_0_1:(0.146, 0.285, -0.947);Ground_Mountain_0_1:(0.146, 0.285, -0.947);Ground_Mountain_0_1:(0.146, 0.285, -0.947);Ground_Mountain_0_1:(0.146, 0.285, -0.947);"
4.320,228.458,895.698,99.643,-103.432,3.248,4.157,1.709,1.428,1.000,0.000,0.068,0,0.000,3.946,0.293,"Ground_Mountain_0_1:(0.146, 0.285, -0.947);Ground_Mountain_0_1:(0.146, 0.285, -0.947);Ground_Mountain_0_1:(0.146, 0.285, -0.947);Ground_Mountain_0_1:(0.146, 0.285, -0.947);Ground_Mountain_0_1:(0.146, 0.285, -0.947);Ground_Mountain_0_1:(0.146, 0.285, -0.947);"
4.340,228.458,895.781,99.672,-103.407,3.054,4.152,1.534,1.321,1.000,0.000,0.067,0,0.000,3.957,0.289,"Ground_Mountain_0_1:(0.146, 0.285, -0.947);Ground_Mountain_0_1:(0.146, 0.285, -0.947);Ground_Mountain_0_1:(0.146, 0.285, -0.947);Ground_Mountain_0_1:(0.146, 0.285, -0.947);Ground_Mountain_0_1:(0.146, 0.285, -0.947);Ground_Mountain_0_1:(0.146, 0.285, -0.947);"
4.360,228.458,895.863,99.698,-103.382,2.869,4.148,1.347,1.277,1.000,0.000,0.066,0,0.000,4.022,0.285,"Ground_Mountain_0_1:(0.128, 0.288, -0.949);Ground_Mountain_0_1:(0.128, 0.288, -0.949);Ground_Mountain_0_1:(0.128, 0.288, -0.949);Ground_Mountain_0_1:(0.128, 0.288, -0.949);Ground_Mountain_0_1:(0.128, 0.288, -0.949);Ground_Mountain_0_1:(0.128, 0.288, -0.949);"
4.380,228.458,895.946,99.721,-103.363,2.669,4.136,1.201,1.069,1.000,0.000,0.065,0,0.000,3.985,0.280,"Ground_Mountain_0_1:(0.142, 0.289, -0.947);Ground_Mountain_0_1:(0.142, 0.289, -0.947);Ground_Mountain_0_1:(0.142, 0.289, -0.947);Ground_Mountain_0_1:(0.142, 0.289, -0.947);Ground_Mountain_0_1:(0.142, 0.289, -0.947);Ground_Mountain_0_1:(0.142, 0.289, -0.947);"
4.400,228.458,896.028,99.743,-103.346,2.478,4.127,1.042,0.926,1.000,0.000,0.064,0,0.000,4.021,0.281,"Ground_Mountain_0_1:(0.142, 0.289, -0.947);Ground_Mountain_0_1:(0.142, 0.289, -0.947);Ground_Mountain_0_1:(0.142, 0.289, -0.947);Ground_Mountain_0_1:(0.142, 0.289, -0.947);Ground_Mountain_0_1:(0.142, 0.289, -0.947);Ground_Mountain_0_1:(0.142, 0.289, -0.947);"
4.420,228.458,896.110,99.761,-103.329,2.299,4.124,0.853,0.900,1.000,0.000,0.063,0,0.000,3.784,0.283,"Ground_Mountain_0_1:(0.142, 0.289, -0.947);Ground_Mountain_0_1:(0.142, 0.289, -0.947);Ground_Mountain_0_1:(0.142, 0.289, -0.947);Ground_Mountain_0_1:(0.142, 0.289, -0.947);Ground_Mountain_0_1:(0.142, 0.289, -0.947);Ground_Mountain_0_1:(0.142, 0.289, -0.947);"
4.440,228.458,896.192,99.776,-103.315,2.115,4.116,0.686,0.802,1.000,0.000,0.061,0,0.000,3.706,0.286,"Ground_Mountain_0_1:(0.142, 0.289, -0.947);Ground_Mountain_0_1:(0.142, 0.289, -0.947);Ground_Mountain_0_1:(0.142, 0.289, -0.947);Ground_Mountain_0_1:(0.142, 0.289, -0.947);Ground_Mountain_0_1:(0.142, 0.289, -0.947);Ground_Mountain_0_1:(0.142, 0.289, -0.947);"
4.460,228.458,896.274,99.787,-103.300,1.938,4.112,0.500,0.770,1.000,0.000,0.060,0,0.000,3.624,0.291,"Ground_Mountain_0_1:(0.137, 0.287, -0.948);Ground_Mountain_0_1:(0.137, 0.287, -0.948);Ground_Mountain_0_1:(0.137, 0.287, -0.948);Ground_Mountain_0_1:(0.137, 0.287, -0.948);Ground_Mountain_0_1:(0.137, 0.287, -0.948);Ground_Mountain_0_1:(0.137, 0.287, -0.948);"
4.480,228.458,896.355,99.794,-103.286,1.751,4.103,0.334,0.661,1.000,0.000,0.058,0,0.000,3.531,0.293,"Ground_Mountain_0_1:(0.134, 0.289, -0.948);Ground_Mountain_0_1:(0.134, 0.289, -0.948);Ground_Mountain_0_1:(0.134, 0.289, -0.948);Ground_Mountain_0_1:(0.134, 0.289, -0.948);Ground_Mountain_0_1:(0.134, 0.289, -0.948);Ground_Mountain_0_1:(0.134, 0.289, -0.948);"
4.500,228.458,896.436,99.798,-103.274,1.571,4.099,0.155,0.605,1.000,0.000,0.057,0,0.000,3.664,0.295,"Ground_Mountain_0_1:(0.142, 0.289, -0.947);Ground_Mountain_0_1:(0.142, 0.289, -0.947);Ground_Mountain_0_1:(0.142, 0.289, -0.947);Ground_Mountain_0_1:(0.142, 0.289, -0.947);Ground_Mountain_0_1:(0.142, 0.289, -0.947);Ground_Mountain_0_1:(0.142, 0.289, -0.947);"
4.520,228.458,896.517,99.798,-103.264,1.389,4.092,-0.018,0.529,1.000,0.000,0.055,0,0.000,3.671,0.296,"Ground_Mountain_0_1:(0.134, 0.289, -0.948);Ground_Mountain_0_1:(0.134, 0.289, -0.948);Ground_Mountain_0_1:(0.134, 0.289, -0.948);Ground_Mountain_0_1:(0.134, 0.289, -0.948);Ground_Mountain_0_1:(0.134, 0.289, -0.948);Ground_Mountain_0_1:(0.134, 0.289, -0.948);"
4.540,228.458,896.598,99.794,-103.255,1.212,4.088,-0.200,0.489,1.000,0.000,0.054,0,0.000,3.708,0.296,"Ground_Mountain_0_1:(0.138, 0.292, -0.947);Ground_Mountain_0_1:(0.138, 0.292, -0.947);Ground_Mountain_0_1:(0.138, 0.292, -0.947);Ground_Mountain_0_1:(0.138, 0.292, -0.947);Ground_Mountain_0_1:(0.138, 0.292, -0.947);Ground_Mountain_0_1:(0.138, 0.292, -0.947);"
4.560,228.458,896.679,99.787,-103.247,1.034,4.084,-0.382,0.448,1.000,0.000,0.052,0,0.000,3.719,0.296,"Ground_Mountain_0_1:(0.140, 0.290, -0.947);Ground_Mountain_0_1:(0.140, 0.290, -0.947);Ground_Mountain_0_1:(0.140, 0.290, -0.947);Ground_Mountain_0_1:(0.140, 0.290, -0.947);Ground_Mountain_0_1:(0.140, 0.290, -0.947);Ground_Mountain_0_1:(0.140, 0.290, -0.947);"
4.580,228.458,896.760,99.775,-103.239,0.857,4.080,-0.564,0.408,1.000,0.000,0.050,0,0.000,3.738,0.295,"Ground_Mountain_0_1:(0.140, 0.290, -0.947);Ground_Mountain_0_1:(0.140, 0.290, -0.947);Ground_Mountain_0_1:(0.140, 0.290, -0.947);Ground_Mountain_0_1:(0.140, 0.290, -0.947);Ground_Mountain_0_1:(0.140, 0.290, -0.947);Ground_Mountain_0_1:(0.140, 0.290, -0.947);"
4.600,228.458,896.841,99.760,-103.232,0.680,4.076,-0.746,0.372,1.000,0.000,0.049,0,0.000,3.764,0.294,"Ground_Mountain_0_1:(0.140, 0.290, -0.947);Ground_Mountain_0_1:(0.140, 0.290, -0.947);Ground_Mountain_0_1:(0.140, 0.290, -0.947);Ground_Mountain_0_1:(0.140, 0.290, -0.947);Ground_Mountain_0_1:(0.140, 0.290, -0.947);Ground_Mountain_0_1:(0.140, 0.290, -0.947);"
4.620,228.458,896.923,99.741,-103.226,0.504,4.073,-0.929,0.337,1.000,0.000,0.047,0,0.000,3.786,0.293,"Ground_Mountain_0_1:(0.140, 0.290, -0.947);Ground_Mountain_0_1:(0.140, 0.290, -0.947);Ground_Mountain_0_1:(0.140, 0.290, -0.947);Ground_Mountain_0_1:(0.140, 0.290, -0.947);Ground_Mountain_0_1:(0.140, 0.290, -0.947);Ground_Mountain_0_1:(0.140, 0.290, -0.947);"
4.640,228.458,897.005,99.719,-103.220,0.327,4.069,-1.111,0.299,1.000,0.000,0.045,0,0.000,3.803,0.291,"Ground_Mountain_0_1:(0.132, 0.290, -0.948);Ground_Mountain_0_1:(0.132, 0.290, -0.948);Ground_Mountain_0_1:(0.132, 0.290, -0.948);Ground_Mountain_0_1:(0.132, 0.290, -0.948);Ground_Mountain_0_1:(0.132, 0.290, -0.948);Ground_Mountain_0_1:(0.132, 0.290, -0.948);"
4.660,228.458,897.087,99.693,-103.217,0.151,4.061,-1.268,0.197,1.000,0.000,0.044,0,0.000,3.836,0.290,"Ground_Mountain_0_1:(0.129, 0.292, -0.948);Ground_Mountain_0_1:(0.129, 0.292, -0.948);Ground_Mountain_0_1:(0.129, 0.292, -0.948);Ground_Mountain_0_1:(0.129, 0.292, -0.948);Ground_Mountain_0_1:(0.129, 0.292, -0.948);Ground_Mountain_0_1:(0.129, 0.292, -0.948);"
4.680,228.458,897.168,99.665,-103.215,-0.023,4.056,-1.434,0.125,1.000,0.000,0.042,0,0.000,3.816,0.290,"Ground_Mountain_0_1:(0.133, 0.295, -0.946);Ground_Mountain_0_1:(0.133, 0.295, -0.946);Ground_Mountain_0_1:(0.133, 0.295, -0.946);Ground_Mountain_0_1:(0.133, 0.295, -0.946);Ground_Mountain_0_1:(0.133, 0.295, -0.946);Ground_Mountain_0_1:(0.133, 0.295, -0.946);"
4.700,228.458,897.250,99.633,-103.213,-0.196,4.052,-1.611,0.082,1.000,0.000,0.040,0,0.000,3.766,0.291,"Ground_Mountain_0_1:(0.133, 0.295, -0.946);Ground_Mountain_0_1:(0.133, 0.295, -0.946);Ground_Mountain_0_1:(0.133, 0.295, -0.946);Ground_Mountain_0_1:(0.133, 0.295, -0.946);Ground_Mountain_0_1:(0.133, 0.295, -0.946);Ground_Mountain_0_1:(0.133, 0.295, -0.946);"
4.720,228.458,897.333,99.597,-103.212,-0.369,4.050,-1.794,0.056,1.000,0.000,0.039,0,0.000,3.756,0.292,"Ground_Mountain_0_1:(0.133, 0.295, -0.946);Ground_Mountain_0_1:(0.133, 0.295, -0.946);Ground_Mountain_0_1:(0.133, 0.295, -0.946);Ground_Mountain_0_1:(0.133, 0.295, -0.946);Ground_Mountain_0_1:(0.133, 0.295, -0.946);Ground_Mountain_0_1:(0.133, 0.295, -0.946);"
4.740,228.458,897.415,99.558,-103.212,-0.541,4.044,-1.958,-0.019,1.000,0.000,0.037,0,0.000,3.734,0.293,"Ground_Mountain_0_1:(0.120, 0.292, -0.949);Ground_Mountain_0_1:(0.120, 0.292, -0.949);Ground_Mountain_0_1:(0.120, 0.292, -0.949);Ground_Mountain_0_1:(0.120, 0.292, -0.949);Ground_Mountain_0_1:(0.120, 0.292, -0.949);Ground_Mountain_0_1:(0.120, 0.292, -0.949);"
4.760,228.458,897.495,99.516,-103.214,-0.714,4.039,-2.119,-0.101,1.000,0.000,0.035,0,0.000,3.735,0.294,"Ground_Mountain_0_1:(0.133, 0.295, -0.946);Ground_Mountain_0_1:(0.133, 0.295, -0.946);Ground_Mountain_0_1:(0.133, 0.295, -0.946);Ground_Mountain_0_1:(0.133, 0.295, -0.946);Ground_Mountain_0_1:(0.133, 0.295, -0.946);Ground_Mountain_0_1:(0.133, 0.295, -0.946);"
4.780,228.458,897.575,99.471,-103.218,-0.887,4.036,-2.292,-0.152,1.000,0.000,0.033,0,0.000,3.751,0.294,"Ground_Mountain_0_1:(0.133, 0.295, -0.946);Ground_Mountain_0_1:(0.133, 0.295, -0.946);Ground_Mountain_0_1:(0.133, 0.295, -0.946);Ground_Mountain_0_1:(0.133, 0.295, -0.946);Ground_Mountain_0_1:(0.133, 0.295, -0.946);Ground_Mountain_0_1:(0.133, 0.295, -0.946);"
4.800,228.458,897.655,99.422,-103.222,-1.060,4.033,-2.475,-0.179,1.000,0.000,0.031,0,0.000,3.740,0.295,"Ground_Mountain_0_1:(0.127, 0.294, -0.947);Ground_Mountain_0_1:(0.127, 0.294, -0.947);Ground_Mountain_0_1:(0.127, 0.294, -0.947);Ground_Mountain_0_1:(0.127, 0.294, -0.947);Ground_Mountain_0_1:(0.127, 0.294, -0.947);Ground_Mountain_0_1:(0.127, 0.294, -0.947);"
4.820,228.458,897.735,99.370,-103.229,-1.228,4.028,-2.619,-0.294,1.000,0.000,0.029,0,0.000,3.691,0.295,"Ground_Mountain_0_1:(0.129, 0.293, -0.947);Ground_Mountain_0_1:(0.129, 0.293, -0.947);Ground_Mountain_0_1:(0.129, 0.293, -0.947);Ground_Mountain_0_1:(0.129, 0.293, -0.947);Ground_Mountain_0_1:(0.129, 0.293, -0.947);Ground_Mountain_0_1:(0.129, 0.293, -0.947);"
4.840,228.458,897.815,99.315,-103.238,-1.398,4.023,-2.777,-0.378,1.000,0.000,0.027,0,0.000,3.729,0.296,"Ground_Mountain_0_1:(0.120, 0.293, -0.949);Ground_Mountain_0_1:(0.120, 0.293, -0.949);Ground_Mountain_0_1:(0.120, 0.293, -0.949);Ground_Mountain_0_1:(0.120, 0.293, -0.949);Ground_Mountain_0_1:(0.120, 0.293, -0.949);Ground_Mountain_0_1:(0.120, 0.293, -0.949);"
4.860,228.458,897.895,99.256,-103.246,-1.571,4.021,-2.961,-0.401,1.000,0.000,0.025,0,0.000,3.714,0.298,"Ground_Mountain_0_1:(0.125, 0.295, -0.947);Ground_Mountain_0_1:(0.125, 0.295, -0.947);Ground_Mountain_0_1:(0.125, 0.295, -0.947);Ground_Mountain_0_1:(0.125, 0.295, -0.947);Ground_Mountain_0_1:(0.125, 0.295, -0.947);Ground_Mountain_0_1:(0.125, 0.295, -0.947);"
4.880,228.458,897.975,99.195,-103.256,-1.740,4.016,-3.121,-0.477,1.000,0.000,0.023,0,0.000,3.645,0.301,"Ground_Mountain_0_1:(0.119, 0.296, -0.948);Ground_Mountain_0_1:(0.119, 0.296, -0.948);Ground_Mountain_0_1:(0.119, 0.296, -0.948);Ground_Mountain_0_1:(0.119, 0.296, -0.948);Ground_Mountain_0_1:(0.119, 0.296, -0.948);Ground_Mountain_0_1:(0.119, 0.296, -0.948);"
4.900,228.458,898.054,99.130,-103.266,-1.912,4.013,-3.294,-0.523,1.000,0.000,0.021,0,0.000,3.591,0.304,"Ground_Mountain_0_1:(0.118, 0.299, -0.947);Ground_Mountain_0_1:(0.118, 0.299, -0.947);Ground_Mountain_0_1:(0.118, 0.299, -0.947);Ground_Mountain_0_1:(0.118, 0.299, -0.947);Ground_Mountain_0_1:(0.118, 0.299, -0.947);Ground_Mountain_0_1:(0.118, 0.299, -0.947);"
4.920,228.458,898.133,99.061,-103.278,-2.082,4.009,-3.461,-0.584,1.000,0.000,0.019,0,0.000,3.592,0.306,"Ground_Mountain_0_1:(0.118, 0.299, -0.947);Ground_Mountain_0_1:(0.118, 0.299, -0.947);Ground_Mountain_0_1:(0.118, 0.299, -0.947);Ground_Mountain_0_1:(0.118, 0.299, -0.947);Ground_Mountain_0_1:(0.118, 0.299, -0.947);Ground_Mountain_0_1:(0.118, 0.299, -0.947);"
4.940,228.458,898.212,98.989,-103.291,-2.250,4.005,-3.620,-0.663,1.000,0.000,0.017,0,0.000,3.646,0.308,"Ground_Mountain_0_1:(0.121, 0.297, -0.947);Ground_Mountain_0_1:(0.121, 0.297, -0.947);Ground_Mountain_0_1:(0.121, 0.297, -0.947);Ground_Mountain_0_1:(0.121, 0.297, -0.947);Ground_Mountain_0_1:(0.121, 0.297, -0.947);Ground_Mountain_0_1:(0.121, 0.297, -0.947);"
4.960,228.458,898.291,98.914,-103.305,-2.421,4.003,-3.797,-0.698,1.000,0.000,0.014,0,0.000,3.645,0.310,"Ground_Mountain_0_1:(0.127, 0.299, -0.946);Ground_Mountain_0_1:(0.127, 0.299, -0.946);Ground_Mountain_0_1:(0.127, 0.299, -0.946);Ground_Mountain_0_1:(0.127, 0.299, -0.946);Ground_Mountain_0_1:(0.127, 0.299, -0.946);Ground_Mountain_0_1:(0.127, 0.299, -0.946);"
4.980,228.458,898.370,98.836,-103.322,-2.589,3.999,-3.956,-0.775,1.000,0.000,0.012,0,0.000,3.636,0.311,"Ground_Mountain_0_1:(0.116, 0.298, -0.948);Ground_Mountain_0_1:(0.116, 0.298, -0.948);Ground_Mountain_0_1:(0.116, 0.298, -0.948);Ground_Mountain_0_1:(0.116, 0.298, -0.948);Ground_Mountain_0_1:(0.116, 0.298, -0.948);Ground_Mountain_0_1:(0.116, 0.298, -0.948);"
5.000,228.458,898.449,98.754,-103.339,-2.756,3.994,-4.113,-0.852,1.000,0.000,0.010,0,0.000,3.668,0.311,"Ground_Mountain_0_1:(0.108, 0.300, -0.948);Ground_Mountain_0_1:(0.108, 0.300, -0.948);Ground_Mountain_0_1:(0.108, 0.300, -0.948);Ground_Mountain_0_1:(0.108, 0.300, -0.948);Ground_Mountain_0_1:(0.108, 0.300, -0.948);Ground_Mountain_0_1:(0.108, 0.300, -0.948);"
5.020,228.458,898.528,98.668,-103.357,-2.925,3.991,-4.287,-0.895,1.000,0.000,0.007,0,0.000,3.702,0.311,"Ground_Mountain_0_1:(0.107, 0.300, -0.948);Ground_Mountain_0_1:(0.107, 0.300, -0.948);Ground_Mountain_0_1:(0.107, 0.300, -0.948);Ground_Mountain_0_1:(0.107, 0.300, -0.948);Ground_Mountain_0_1:(0.107, 0.300, -0.948);Ground_Mountain_0_1:(0.107, 0.300, -0.948);"
5.040,228.458,898.607,98.579,-103.377,-3.094,3.988,-4.457,-0.945,1.000,0.000,0.005,0,0.000,3.726,0.310,"Ground_Mountain_0_1:(0.106, 0.300, -0.948);Ground_Mountain_0_1:(0.106, 0.300, -0.948);Ground_Mountain_0_1:(0.106, 0.300, -0.948);Ground_Mountain_0_1:(0.106, 0.300, -0.948);Ground_Mountain_0_1:(0.106, 0.300, -0.948);Ground_Mountain_0_1:(0.106, 0.300, -0.948);"
5.060,228.458,898.687,98.486,-103.396,-3.264,3.985,-4.639,-0.971,1.000,0.000,0.003,0,0.000,3.799,0.309,"Ground_Mountain_0_1:(0.112, 0.301, -0.947);Ground_Mountain_0_1:(0.112, 0.301, -0.947);Ground_Mountain_0_1:(0.112, 0.301, -0.947);Ground_Mountain_0_1:(0.112, 0.301, -0.947);Ground_Mountain_0_1:(0.112, 0.301, -0.947);Ground_Mountain_0_1:(0.112, 0.301, -0.947);"
5.080,228.458,898.767,98.389,-103.417,-3.434,3.983,-4.816,-1.005,1.000,0.000,0.001,0,0.000,3.801,0.308,"Ground_Mountain_0_1:(0.112, 0.301, -0.947);Ground_Mountain_0_1:(0.112, 0.301, -0.947);Ground_Mountain_0_1:(0.112, 0.301, -0.947);Ground_Mountain_0_1:(0.112, 0.301, -0.947);Ground_Mountain_0_1:(0.112, 0.301, -0.947);Ground_Mountain_0_1:(0.112, 0.301, -0.947);"
5.100,228.458,898.846,98.289,-103.438,-3.604,3.981,-4.998,-1.030,1.000,0.000,-0.002,0,0.000,3.813,0.307,"Ground_Mountain_0_1:(0.124, 0.300, -0.946);Ground_Mountain_0_1:(0.124, 0.300, -0.946);Ground_Mountain_0_1:(0.124, 0.300, -0.946);Ground_Mountain_0_1:(0.124, 0.300, -0.946);Ground_Mountain_0_1:(0.124, 0.300, -0.946);Ground_Mountain_0_1:(0.124, 0.300, -0.946);"
5.120,228.490,898.926,98.185,-103.460,-3.771,3.979,-5.169,-1.076,1.000,0.000,-0.003,0,0.000,3.798,0.304,"Ground_Mountain_0_1:(0.115, 0.301, -0.947);Ground_Mountain_0_1:(0.115, 0.301, -0.947);Ground_Mountain_0_1:(0.115, 0.301, -0.947);Ground_Mountain_0_1:(0.115, 0.301, -0.947);Ground_Mountain_0_1:(0.115, 0.301, -0.947);Ground_Mountain_0_1:(0.115, 0.301, -0.947);"
5.140,228.559,899.006,98.078,-103.483,-3.939,3.978,-5.345,-1.111,1.000,0.000,-0.004,0,0.000,3.842,0.302,"Ground_Mountain_0_1:(0.115, 0.301, -0.947);Ground_Mountain_0_1:(0.115, 0.301, -0.947);Ground_Mountain_0_1:(0.115, 0.301, -0.947);Ground_Mountain_0_1:(0.115, 0.301, -0.947);Ground_Mountain_0_1:(0.115, 0.301, -0.947);Ground_Mountain_0_1:(0.115, 0.301, -0.947);"
5.160,228.627,899.086,97.967,-103.507,-4.103,3.977,-5.505,-1.177,1.000,0.000,-0.005,0,0.000,3.859,0.300,"Ground_Mountain_1_1:(0.098, 0.302, -0.948);Ground_Mountain_1_1:(0.098, 0.302, -0.948);Ground_Mountain_1_1:(0.098, 0.302, -0.948);Ground_Mountain_0_1:(0.115, 0.301, -0.947);Ground_Mountain_0_1:(0.115, 0.301, -0.947);Ground_Mountain_0_1:(0.115, 0.301, -0.947);Ground_Mountain_0_1:(0.115, 0.301, -0.947);Ground_Mountain_0_1:(0.115, 0.301, -0.947);Ground_Mountain_0_1:(0.115, 0.301, -0.947);"
5.180,228.695,899.165,97.855,-103.534,-4.254,3.975,-5.619,-1.333,1.000,0.000,-0.006,0,0.000,3.855,0.300,"Ground_Mountain_0_1:(0.112, 0.303, -0.947);Ground_Mountain_0_1:(0.112, 0.303, -0.947);Ground_Mountain_0_1:(0.112, 0.303, -0.947);Ground_Mountain_0_1:(0.112, 0.303, -0.947);Ground_Mountain_0_1:(0.112, 0.303, -0.947);Ground_Mountain_0_1:(0.112, 0.303, -0.947);Ground_Mountain_1_1:(0.099, 0.300, -0.949);Ground_Mountain_1_1:(0.099, 0.300, -0.949);Ground_Mountain_1_1:(0.099, 0.300, -0.949);"
5.200,228.762,899.245,97.740,-103.562,-4.419,3.973,-5.782,-1.393,1.000,0.000,-0.007,0,0.000,3.790,0.300,"Ground_Mountain_0_1:(0.112, 0.303, -0.947);Ground_Mountain_0_1:(0.112, 0.303, -0.947);Ground_Mountain_0_1:(0.112, 0.303, -0.947);Ground_Mountain_0_1:(0.112, 0.303, -0.947);Ground_Mountain_0_1:(0.112, 0.303, -0.947);Ground_Mountain_0_1:(0.112, 0.303, -0.947);Ground_Mountain_1_1:(0.099, 0.300, -0.949);Ground_Mountain_1_1:(0.099, 0.300, -0.949);Ground_Mountain_1_1:(0.099, 0.300, -0.949);"
5.220,228.828,899.325,97.621,-103.591,-4.584,3.972,-5.947,-1.449,1.000,0.000,-0.008,0,0.000,3.786,0.300,"Ground_Mountain_0_1:(0.112, 0.303, -0.947);Ground_Mountain_0_1:(0.112, 0.303, -0.947);Ground_Mountain_0_1:(0.112, 0.303, -0.947);Ground_Mountain_0_1:(0.112, 0.303, -0.947);Ground_Mountain_0_1:(0.112, 0.303, -0.947);Ground_Mountain_0_1:(0.112, 0.303, -0.947);Ground_Mountain_1_1:(0.099, 0.300, -0.949);Ground_Mountain_1_1:(0.099, 0.300, -0.949);Ground_Mountain_1_1:(0.099, 0.300, -0.949);"
5.240,228.895,899.404,97.499,-103.621,-4.752,3.971,-6.120,-1.487,1.000,0.000,-0.009,0,0.000,3.778,0.300,"Ground_Mountain_0_1:(0.119, 0.304, -0.945);Ground_Mountain_0_1:(0.119, 0.304, -0.945);Ground_Mountain_0_1:(0.119, 0.304, -0.945);Ground_Mountain_0_1:(0.119, 0.304, -0.945);Ground_Mountain_0_1:(0.119, 0.304, -0.945);Ground_Mountain_0_1:(0.119, 0.304, -0.945);Ground_Mountain_1_1:(0.099, 0.300, -0.949);Ground_Mountain_1_1:(0.099, 0.300, -0.949);Ground_Mountain_1_1:(0.099, 0.300, -0.949);"
5.260,228.961,899.485,97.373,-103.652,-4.918,3.970,-6.286,-1.541,1.000,0.000,-0.010,0,0.000,3.768,0.301,"Ground_Mountain_0_1:(0.119, 0.304, -0.945);Ground_Mountain_0_1:(0.119, 0.304, -0.945);Ground_Mountain_0_1:(0.119, 0.304, -0.945);Ground_Mountain_0_1:(0.119, 0.304, -0.945);Ground_Mountain_0_1:(0.119, 0.304, -0.945);Ground_Mountain_0_1:(0.119, 0.304, -0.945);Ground_Mountain_1_1:(0.101, 0.300, -0.949);Ground_Mountain_1_1:(0.101, 0.300, -0.949);Ground_Mountain_1_1:(0.101, 0.300, -0.949);"
5.280,229.027,899.565,97.245,-103.684,-5.087,3.969,-6.463,-1.574,1.000,0.000,-0.011,0,0.000,3.759,0.301,"Ground_Mountain_0_1:(0.125, 0.306, -0.944);Ground_Mountain_0_1:(0.125, 0.306, -0.944);Ground_Mountain_0_1:(0.125, 0.306, -0.944);Ground_Mountain_0_1:(0.125, 0.306, -0.944);Ground_Mountain_0_1:(0.125, 0.306, -0.944);Ground_Mountain_0_1:(0.125, 0.306, -0.944);Ground_Mountain_1_1:(0.103, 0.301, -0.948);Ground_Mountain_1_1:(0.103, 0.301, -0.948);Ground_Mountain_1_1:(0.103, 0.301, -0.948);"
5.300,229.093,899.645,97.112,-103.717,-5.255,3.967,-6.634,-1.617,1.000,0.000,-0.012,0,0.000,3.745,0.302,"Ground_Mountain_0_1:(0.125, 0.306, -0.944);Ground_Mountain_0_1:(0.125, 0.306, -0.944);Ground_Mountain_0_1:(0.125, 0.306, -0.944);Ground_Mountain_0_1:(0.125, 0.306, -0.944);Ground_Mountain_0_1:(0.125, 0.306, -0.944);Ground_Mountain_0_1:(0.125, 0.306, -0.944);Ground_Mountain_1_1:(0.106, 0.301, -0.948);Ground_Mountain_1_1:(0.106, 0.301, -0.948);Ground_Mountain_1_1:(0.106, 0.301, -0.948);"
5.320,229.159,899.724,96.977,-103.751,-5.416,3.964,-6.780,-1.706,1.000,0.000,-0.013,0,0.000,3.734,0.302,"Ground_Mountain_0_1:(0.125, 0.306, -0.944);Ground_Mountain_0_1:(0.125, 0.306, -0.944);Ground_Mountain_0_1:(0.125, 0.306, -0.944);Ground_Mountain_0_1:(0.125, 0.306, -0.944);Ground_Mountain_0_1:(0.125, 0.306, -0.944);Ground_Mountain_0_1:(0.125, 0.306, -0.944);Ground_Mountain_1_1:(0.089, 0.309, -0.947);Ground_Mountain_1_1:(0.089, 0.309, -0.947);Ground_Mountain_1_1:(0.089, 0.309, -0.947);"
5.340,229.222,899.803,96.838,-103.787,-5.579,3.962,-6.934,-1.782,1.000,0.000,-0.013,0,0.000,3.766,0.302,"Ground_Mountain_0_1:(0.125, 0.306, -0.944);Ground_Mountain_0_1:(0.125, 0.306, -0.944);Ground_Mountain_0_1:(0.125, 0.306, -0.944);Ground_Mountain_0_1:(0.125, 0.306, -0.944);Ground_Mountain_0_1:(0.125, 0.306, -0.944);Ground_Mountain_0_1:(0.125, 0.306, -0.944);Ground_Mountain_1_1:(0.089, 0.309, -0.947);Ground_Mountain_1_1:(0.089, 0.309, -0.947);Ground_Mountain_1_1:(0.089, 0.309, -0.947);Ground_Mountain_1_1:(0.089, 0.309, -0.947);"
5.360,229.286,899.882,96.697,-103.824,-5.741,3.960,-7.086,-1.861,1.000,0.000,-0.013,0,0.000,3.764,0.303,"Ground_Mountain_0_1:(0.119, 0.304, -0.945);Ground_Mountain_0_1:(0.119, 0.304, -0.945);Ground_Mountain_0_1:(0.119, 0.304, -0.945);Ground_Mountain_0_1:(0.119, 0.304, -0.945);Ground_Mountain_0_1:(0.119, 0.304, -0.945);Ground_Mountain_0_1:(0.119, 0.304, -0.945);Ground_Mountain_1_1:(0.089, 0.309, -0.947);Ground_Mountain_1_1:(0.089, 0.309, -0.947);Ground_Mountain_1_1:(0.089, 0.309, -0.947);Ground_Mountain_1_1:(0.089, 0.309, -0.947);"
5.380,229.348,899.961,96.552,-103.863,-5.907,3.958,-7.250,-1.917,1.000,0.000,-0.013,0,0.000,3.745,0.303,"Ground_Mountain_0_1:(0.119, 0.304, -0.945);Ground_Mountain_0_1:(0.119, 0.304, -0.945);Ground_Mountain_0_1:(0.119, 0.304, -0.945);Ground_Mountain_0_1:(0.119, 0.304, -0.945);Ground_Mountain_0_1:(0.119, 0.304, -0.945);Ground_Mountain_0_1:(0.119, 0.304, -0.945);Ground_Mountain_1_1:(0.089, 0.309, -0.947);Ground_Mountain_1_1:(0.089, 0.309, -0.947);Ground_Mountain_1_1:(0.089, 0.309, -0.947);Ground_Mountain_1_1:(0.089, 0.309, -0.947);"
5.400,229.411,900.039,96.404,-103.902,-6.072,3.957,-7.414,-1.971,1.000,0.000,-0.013,0,0.000,3.738,0.304,"Ground_Mountain_0_1:(0.119, 0.304, -0.945);Ground_Mountain_0_1:(0.119, 0.304, -0.945);Ground_Mountain_0_1:(0.119, 0.304, -0.945);Ground_Mountain_0_1:(0.119, 0.304, -0.945);Ground_Mountain_0_1:(0.119, 0.304, -0.945);Ground_Mountain_0_1:(0.119, 0.304, -0.945);Ground_Mountain_1_1:(0.089, 0.309, -0.947);Ground_Mountain_1_1:(0.089, 0.309, -0.947);Ground_Mountain_1_1:(0.089, 0.309, -0.947);Ground_Mountain_1_1:(0.089, 0.309, -0.947);"
5.420,229.473,900.118,96.267,-103.954,-6.017,4.031,-7.129,-2.601,1.000,0.000,-0.013,0,0.000,3.736,0.319,"Ground_Mountain_0_1:(0.123, 0.306, -0.944);Ground_Mountain_0_1:(0.123, 0.306, -0.944);Ground_Mountain_0_1:(0.123, 0.306, -0.944);Ground_Mountain_0_1:(0.123, 0.306, -0.944);Ground_Mountain_0_1:(0.123, 0.306, -0.944);Ground_Mountain_0_1:(0.123, 0.306, -0.944);Ground_Mountain_1_1:(0.143, 0.497, -0.856);Ground_Mountain_1_1:(0.143, 0.497, -0.856);Ground_Mountain_1_1:(0.143, 0.497, -0.856);Ground_Mountain_1_1:(0.143, 0.497, -0.856);Ground_Mountain_1_1:(0.093, 0.307, -0.947);Ground_Mountain_1_1:(0.093, 0.307, -0.947);Ground_Mountain_1_1:(0.093, 0.307, -0.947);Ground_Mountain_1_1:(0.093, 0.307, -0.947);Ground_Mountain_1_1:(0.093, 0.307, -0.947);Ground_Mountain_1_1:(0.093, 0.307, -0.947);"
5.440,229.533,900.198,96.125,-104.007,-6.182,4.036,-7.270,-2.683,1.000,0.000,-0.014,0,0.000,3.082,0.331,"Ground_Mountain_0_1:(0.120, 0.311, -0.943);Ground_Mountain_0_1:(0.120, 0.311, -0.943);Ground_Mountain_0_1:(0.120, 0.311, -0.943);Ground_Mountain_0_1:(0.120, 0.311, -0.943);Ground_Mountain_0_1:(0.120, 0.311, -0.943);Ground_Mountain_0_1:(0.120, 0.311, -0.943);Ground_Mountain_1_1:(0.143, 0.497, -0.856);Ground_Mountain_1_1:(0.143, 0.497, -0.856);Ground_Mountain_1_1:(0.143, 0.497, -0.856);Ground_Mountain_1_1:(0.143, 0.497, -0.856);Ground_Mountain_1_1:(0.091, 0.312, -0.946);Ground_Mountain_1_1:(0.091, 0.312, -0.946);Ground_Mountain_1_1:(0.091, 0.312, -0.946);Ground_Mountain_1_1:(0.091, 0.312, -0.946);Ground_Mountain_1_1:(0.091, 0.312, -0.946);Ground_Mountain_1_1:(0.091, 0.312, -0.946);"
5.460,229.594,900.278,95.979,-104.060,-6.355,4.040,-7.447,-2.700,1.000,0.000,-0.014,0,0.000,3.152,0.342,"Ground_Mountain_0_1:(0.124, 0.305, -0.944);Ground_Mountain_0_1:(0.124, 0.305, -0.944);Ground_Mountain_0_1:(0.124, 0.305, -0.944);Ground_Mountain_0_1:(0.124, 0.305, -0.944);Ground_Mountain_0_1:(0.124, 0.305, -0.944);Ground_Mountain_0_1:(0.138, 0.448, -0.883);Ground_Mountain_0_1:(0.138, 0.448, -0.883);Ground_Mountain_0_1:(0.138, 0.448, -0.883);Ground_Mountain_0_1:(0.138, 0.448, -0.883);Ground_Mountain_1_1:(0.143, 0.497, -0.856);Ground_Mountain_1_1:(0.143, 0.497, -0.856);Ground_Mountain_1_1:(0.143, 0.497, -0.856);Ground_Mountain_1_1:(0.143, 0.497, -0.856);Ground_Mountain_1_1:(0.094, 0.331, -0.939);Ground_Mountain_1_1:(0.094, 0.331, -0.939);Ground_Mountain_1_1:(0.094, 0.331, -0.939);Ground_Mountain_1_1:(0.094, 0.331, -0.939);Ground_Mountain_1_1:(0.094, 0.331, -0.939);Ground_Mountain_1_1:(0.094, 0.331, -0.939);"
5.480,229.656,900.352,95.844,-104.112,-5.975,3.638,-6.896,-2.651,1.000,0.000,-0.015,2,6.941,1.908,0.352,"Ground_Mountain_0_1:(0.124, 0.305, -0.944);Ground_Mountain_0_1:(0.124, 0.305, -0.944);Ground_Mountain_0_1:(0.124, 0.305, -0.944);Ground_Mountain_0_1:(0.124, 0.305, -0.944);Ground_Mountain_0_1:(0.124, 0.305, -0.944);Ground_Mountain_0_1:(0.138, 0.448, -0.883);Ground_Mountain_0_1:(0.138, 0.448, -0.883);Ground_Mountain_0_1:(0.138, 0.448, -0.883);Ground_Mountain_0_1:(0.138, 0.448, -0.883);Ground_Mountain_1_1:(0.143, 0.497, -0.856);Ground_Mountain_1_1:(0.143, 0.497, -0.856);Ground_Mountain_1_1:(0.143, 0.497, -0.856);Ground_Mountain_1_1:(0.143, 0.497, -0.856);Ground_Mountain_1_1:(0.091, 0.342, -0.935);Ground_Mountain_1_1:(0.091, 0.342, -0.935);Ground_Mountain_1_1:(0.091, 0.342, -0.935);Ground_Mountain_1_1:(0.091, 0.342, -0.935);Ground_Mountain_1_1:(0.091, 0.342, -0.935);Ground_Mountain_1_1:(0.091, 0.342, -0.935);"
5.500,229.711,900.417,95.719,-104.161,-5.610,3.230,-6.388,-2.539,1.000,0.000,-0.018,2,6.905,0.664,0.361,"Ground_Mountain_0_1:(0.124, 0.305, -0.944);Ground_Mountain_0_1:(0.124, 0.305, -0.944);Ground_Mountain_0_1:(0.124, 0.305, -0.944);Ground_Mountain_0_1:(0.124, 0.305, -0.944);Ground_Mountain_0_1:(0.124, 0.305, -0.944);Ground_Mountain_0_1:(0.138, 0.448, -0.883);Ground_Mountain_0_1:(0.138, 0.448, -0.883);Ground_Mountain_0_1:(0.138, 0.448, -0.883);Ground_Mountain_0_1:(0.138, 0.448, -0.883);Ground_Mountain_1_1:(0.093, 0.352, -0.932);Ground_Mountain_1_1:(0.093, 0.352, -0.932);Ground_Mountain_1_1:(0.093, 0.352, -0.932);Ground_Mountain_1_1:(0.093, 0.352, -0.932);Ground_Mountain_1_1:(0.093, 0.352, -0.932);Ground_Mountain_1_1:(0.093, 0.352, -0.932);"
5.520,229.759,900.475,95.604,-104.208,-5.249,2.823,-5.900,-2.389,1.000,0.000,-0.019,2,6.835,0.370,0.373,"Ground_Mountain_0_1:(0.094, 0.330, -0.939);Ground_Mountain_0_1:(0.094, 0.330, -0.939);Ground_Mountain_0_1:(0.094, 0.330, -0.939);Ground_Mountain_0_1:(0.094, 0.330, -0.939);Ground_Mountain_0_1:(0.138, 0.448, -0.883);Ground_Mountain_0_1:(0.138, 0.448, -0.883);Ground_Mountain_0_1:(0.138, 0.448, -0.883);Ground_Mountain_0_1:(0.138, 0.448, -0.883);Ground_Mountain_1_1:(0.092, 0.335, -0.938);Ground_Mountain_1_1:(0.092, 0.335, -0.938);Ground_Mountain_1_1:(0.092, 0.335, -0.938);Ground_Mountain_1_1:(0.092, 0.335, -0.938);Ground_Mountain_1_1:(0.092, 0.335, -0.938);Ground_Mountain_1_1:(0.092, 0.335, -0.938);"
5.540,229.801,900.525,95.499,-104.251,-4.884,2.416,-5.404,-2.251,1.000,0.000,-0.021,2,6.634,1.271,0.384,"Ground_Mountain_0_1:(0.096, 0.335, -0.937);Ground_Mountain_0_1:(0.096, 0.335, -0.937);Ground_Mountain_0_1:(0.096, 0.335, -0.937);Ground_Mountain_0_1:(0.096, 0.335, -0.937);Ground_Mountain_0_1:(0.138, 0.448, -0.883);Ground_Mountain_0_1:(0.138, 0.448, -0.883);Ground_Mountain_0_1:(0.138, 0.448, -0.883);Ground_Mountain_0_1:(0.138, 0.448, -0.883);Ground_Mountain_1_1:(0.093, 0.330, -0.939);Ground_Mountain_1_1:(0.093, 0.330, -0.939);Ground_Mountain_1_1:(0.093, 0.330, -0.939);Ground_Mountain_1_1:(0.093, 0.330, -0.939);Ground_Mountain_1_1:(0.093, 0.330, -0.939);Ground_Mountain_1_1:(0.093, 0.330, -0.939);Ground_Mountain_1_1:(0.143, 0.497, -0.856);Ground_Mountain_1_1:(0.143, 0.497, -0.856);Ground_Mountain_1_1:(0.143, 0.497, -0.856);Ground_Mountain_1_1:(0.143, 0.497, -0.856);"
5.560,229.837,900.567,95.404,-104.292,-4.514,2.011,-4.894,-2.130,1.000,0.000,-0.022,2,6.472,1.860,0.395,"Ground_Mountain_0_1:(0.127, 0.427, -0.895);Ground_Mountain_0_1:(0.127, 0.427, -0.895);Ground_Mountain_0_1:(0.127, 0.427, -0.895);Ground_Mountain_0_1:(0.127, 0.427, -0.895);Ground_Mountain_0_1:(0.127, 0.427, -0.895);Ground_Mountain_0_1:(0.127, 0.427, -0.895);Ground_Mountain_0_1:(0.092, 0.298, -0.950);Ground_Mountain_0_1:(0.092, 0.298, -0.950);Ground_Mountain_0_1:(0.092, 0.298, -0.950);Ground_Mountain_1_1:(0.094, 0.334, -0.938);Ground_Mountain_1_1:(0.094, 0.334, -0.938);Ground_Mountain_1_1:(0.094, 0.334, -0.938);Ground_Mountain_1_1:(0.094, 0.334, -0.938);Ground_Mountain_1_1:(0.094, 0.334, -0.938);Ground_Mountain_1_1:(0.094, 0.334, -0.938);Ground_Mountain_1_1:(0.143, 0.497, -0.856);Ground_Mountain_1_1:(0.143, 0.497, -0.856);Ground_Mountain_1_1:(0.143, 0.497, -0.856);Ground_Mountain_1_1:(0.143, 0.497, -0.856);"
5.580,229.866,900.601,95.320,-104.330,-4.146,1.606,-4.405,-1.969,1.000,0.000,-0.022,2,6.319,2.194,0.407,"Ground_Mountain_0_1:(0.129, 0.431, -0.893);Ground_Mountain_0_1:(0.129, 0.431, -0.893);Ground_Mountain_0_1:(0.129, 0.431, -0.893);Ground_Mountain_0_1:(0.129, 0.431, -0.893);Ground_Mountain_0_1:(0.129, 0.431, -0.893);Ground_Mountain_0_1:(0.129, 0.431, -0.893);Ground_Mountain_0_1:(0.092, 0.298, -0.950);Ground_Mountain_0_1:(0.092, 0.298, -0.950);Ground_Mountain_0_1:(0.092, 0.298, -0.950);Ground_Mountain_1_1:(0.104, 0.313, -0.944);Ground_Mountain_1_1:(0.104, 0.313, -0.944);Ground_Mountain_1_1:(0.104, 0.313, -0.944);Ground_Mountain_1_1:(0.104, 0.313, -0.944);Ground_Mountain_1_1:(0.104, 0.313, -0.944);Ground_Mountain_1_1:(0.104, 0.313, -0.944);Ground_Mountain_1_1:(0.143, 0.497, -0.856);Ground_Mountain_1_1:(0.143, 0.497, -0.856);Ground_Mountain_1_1:(0.143, 0.497, -0.856);Ground_Mountain_1_1:(0.143, 0.497, -0.856);Ground_Mountain_1_1:(0.112, 0.395, -0.912);Ground_Mountain_1_1:(0.112, 0.395, -0.912);Ground_Mountain_1_1:(0.112, 0.395, -0.912);"
5.600,229.888,900.627,95.245,-104.366,-3.769,1.210,-3.887,-1.852,1.000,0.000,-0.023,2,6.043,2.809,0.418,"Ground_Mountain_0_1:(0.131, 0.434, -0.891);Ground_Mountain_0_1:(0.131, 0.434, -0.891);Ground_Mountain_0_1:(0.131, 0.434, -0.891);Ground_Mountain_0_1:(0.131, 0.434, -0.891);Ground_Mountain_0_1:(0.131, 0.434, -0.891);Ground_Mountain_0_1:(0.131, 0.434, -0.891);Ground_Mountain_0_1:(0.092, 0.298, -0.950);Ground_Mountain_0_1:(0.092, 0.298, -0.950);Ground_Mountain_0_1:(0.092, 0.298, -0.950);Ground_Mountain_1_1:(0.104, 0.313, -0.944);Ground_Mountain_1_1:(0.104, 0.313, -0.944);Ground_Mountain_1_1:(0.104, 0.313, -0.944);Ground_Mountain_1_1:(0.104, 0.313, -0.944);Ground_Mountain_1_1:(0.104, 0.313, -0.944);Ground_Mountain_1_1:(0.104, 0.313, -0.944);Ground_Mountain_1_1:(0.143, 0.497, -0.856);Ground_Mountain_1_1:(0.143, 0.497, -0.856);Ground_Mountain_1_1:(0.143, 0.497, -0.856);Ground_Mountain_1_1:(0.143, 0.497, -0.856);Ground_Mountain_1_1:(0.118, 0.407, -0.906);Ground_Mountain_1_1:(0.118, 0.407, -0.906);Ground_Mountain_1_1:(0.118, 0.407, -0.906);"
5.620,229.903,900.645,95.180,-104.399,-3.393,0.883,-3.393,-1.733,1.000,0.000,-0.023,2,5.914,2.703,0.428,"Ground_Mountain_0_1:(0.131, 0.433, -0.892);Ground_Mountain_0_1:(0.131, 0.433, -0.892);Ground_Mountain_0_1:(0.131, 0.433, -0.892);Ground_Mountain_0_1:(0.131, 0.433, -0.892);Ground_Mountain_0_1:(0.092, 0.298, -0.950);Ground_Mountain_1_1:(0.107, 0.313, -0.944);Ground_Mountain_1_1:(0.107, 0.313, -0.944);Ground_Mountain_1_1:(0.107, 0.313, -0.944);Ground_Mountain_1_1:(0.107, 0.313, -0.944);Ground_Mountain_1_1:(0.107, 0.313, -0.944);Ground_Mountain_1_1:(0.143, 0.497, -0.856);Ground_Mountain_1_1:(0.143, 0.497, -0.856);Ground_Mountain_1_1:(0.125, 0.418, -0.900);Ground_Mountain_1_1:(0.125, 0.418, -0.900);"
5.640,229.912,900.659,95.123,-104.429,-3.016,0.654,-2.943,-1.590,1.000,0.000,-0.023,2,5.737,2.418,0.437,"Ground_Mountain_0_1:(0.129, 0.428, -0.895);Ground_Mountain_1_1:(0.089, 0.309, -0.947);Ground_Mountain_1_1:(0.089, 0.309, -0.947);Ground_Mountain_1_1:(0.089, 0.309, -0.947);Ground_Mountain_1_1:(0.138, 0.475, -0.869);Ground_Mountain_1_1:(0.138, 0.475, -0.869);Ground_Mountain_1_1:(0.138, 0.475, -0.869);"
5.660,229.917,900.670,95.076,-104.457,-2.639,0.499,-2.521,-1.442,1.000,0.000,-0.024,2,5.451,2.516,0.446,"Ground_Mountain_1_1:(0.089, 0.309, -0.947);Ground_Mountain_1_1:(0.089, 0.309, -0.947);Ground_Mountain_1_1:(0.139, 0.478, -0.867);Ground_Mountain_1_1:(0.139, 0.478, -0.867);Ground_Mountain_1_1:(0.139, 0.478, -0.867);"
5.680,229.920,900.679,95.036,-104.481,-2.262,0.402,-2.121,-1.286,1.000,0.000,-0.024,2,5.145,2.605,0.455,"Ground_Mountain_1_1:(0.089, 0.309, -0.947);Ground_Mountain_1_1:(0.089, 0.309, -0.947);Ground_Mountain_1_1:(0.140, 0.481, -0.866);Ground_Mountain_1_1:(0.140, 0.481, -0.866);Ground_Mountain_1_1:(0.140, 0.481, -0.866);"
5.700,229.923,900.687,95.003,-104.502,-1.884,0.351,-1.739,-1.125,1.000,0.000,-0.024,2,4.832,2.661,0.463,"Ground_Mountain_1_1:(0.089, 0.309, -0.947);Ground_Mountain_1_1:(0.089, 0.309, -0.947);"
5.720,229.925,900.694,94.978,-104.520,-1.505,0.335,-1.371,-0.959,1.000,0.000,-0.024,2,4.521,2.673,0.470,"Ground_Mountain_1_1:(0.089, 0.309, -0.947);Ground_Mountain_1_1:(0.089, 0.309, -0.947);"
5.740,229.928,900.702,94.959,-104.535,-1.125,0.346,-1.014,-0.788,1.000,0.000,-0.025,2,4.220,2.642,0.477,"Ground_Mountain_1_1:(0.089, 0.309, -0.947);Ground_Mountain_1_1:(0.089, 0.309, -0.947);"
5.760,229.931,900.710,94.948,-104.546,-0.745,0.378,-0.665,-0.612,1.000,0.000,-0.025,2,3.935,2.560,0.483,"Ground_Mountain_1_1:(0.089, 0.309, -0.947);Ground_Mountain_1_1:(0.089, 0.309, -0.947);"
5.780,229.937,900.719,94.942,-104.554,-0.364,0.425,-0.324,-0.433,1.000,0.000,-0.025,2,3.672,2.429,0.488,"Ground_Mountain_1_1:(0.089, 0.309, -0.947);Ground_Mountain_1_1:(0.089, 0.309, -0.947);"
5.800,229.944,900.728,94.940,-104.560,-0.185,0.425,-0.159,-0.341,1.000,0.000,-0.025,2,3.434,2.253,0.492,"Ground_Mountain_1_1:(0.089, 0.309, -0.947);Ground_Mountain_1_1:(0.089, 0.309, -0.947);"
5.820,229.952,900.737,94.942,-104.564,-0.006,0.434,0.000,-0.245,1.000,0.000,-0.025,2,3.213,2.171,0.496,"Ground_Mountain_1_1:(0.089, 0.309, -0.947);Ground_Mountain_1_1:(0.089, 0.309, -0.947);"
5.840,229.960,900.746,94.946,-104.566,0.171,0.449,0.153,-0.149,1.000,0.000,-0.025,2,3.027,2.081,0.499,"Ground_Mountain_1_1:(0.089, 0.309, -0.947);Ground_Mountain_1_1:(0.089, 0.309, -0.947);"
5.860,229.969,900.756,94.952,-104.567,0.342,0.473,0.296,-0.054,1.000,0.000,-0.026,2,2.885,1.938,0.502,"Ground_Mountain_1_1:(0.089, 0.309, -0.947);Ground_Mountain_1_1:(0.089, 0.309, -0.947);"
5.880,229.979,900.766,94.961,-104.566,0.510,0.501,0.435,0.040,1.000,0.000,-0.026,2,2.773,1.792,0.504,"Ground_Mountain_1_1:(0.089, 0.309, -0.947);Ground_Mountain_1_1:(0.089, 0.309, -0.947);"
5.900,229.990,900.777,94.973,-104.563,0.680,0.535,0.570,0.142,1.000,0.000,-0.026,2,2.698,1.610,0.505,"Ground_Mountain_1_1:(0.124, 0.317, -0.940);Ground_Mountain_1_1:(0.124, 0.317, -0.940);Ground_Mountain_1_1:(0.124, 0.317, -0.940);Ground_Mountain_1_1:(0.124, 0.317, -0.940);"
5.920,230.001,900.789,94.988,-104.558,0.846,0.572,0.702,0.236,1.000,0.000,-0.026,2,2.631,1.503,0.506,"Ground_Mountain_1_1:(0.124, 0.317, -0.940);Ground_Mountain_1_1:(0.124, 0.317, -0.940);Ground_Mountain_1_1:(0.124, 0.317, -0.940);Ground_Mountain_1_1:(0.124, 0.317, -0.940);"
5.940,230.014,900.801,95.004,-104.552,1.010,0.612,0.832,0.329,1.000,0.000,-0.026,2,2.612,1.310,0.506,"Ground_Mountain_1_1:(0.124, 0.317, -0.940);Ground_Mountain_1_1:(0.124, 0.317, -0.940);Ground_Mountain_1_1:(0.124, 0.317, -0.940);Ground_Mountain_1_1:(0.124, 0.317, -0.940);"
5.960,230.029,900.814,95.023,-104.543,1.173,0.653,0.961,0.420,1.000,0.000,-0.026,2,2.616,1.106,0.506,"Ground_Mountain_1_1:(0.124, 0.317, -0.940);Ground_Mountain_1_1:(0.124, 0.317, -0.940);Ground_Mountain_1_1:(0.124, 0.317, -0.940);Ground_Mountain_1_1:(0.124, 0.317, -0.940);"
5.980,230.044,900.828,95.045,-104.534,1.335,0.694,1.089,0.508,1.000,0.000,-0.026,2,2.639,0.894,0.505,"Ground_Mountain_1_1:(0.124, 0.317, -0.940);Ground_Mountain_1_1:(0.124, 0.317, -0.940);Ground_Mountain_1_1:(0.124, 0.317, -0.940);Ground_Mountain_1_1:(0.124, 0.317, -0.940);"
6.000,230.060,900.842,95.069,-104.522,1.493,0.736,1.217,0.591,1.000,0.000,-0.026,2,2.678,0.678,0.503,"Ground_Mountain_1_1:(0.117, 0.316, -0.942);Ground_Mountain_1_1:(0.117, 0.316, -0.942);Ground_Mountain_1_1:(0.117, 0.316, -0.942);Ground_Mountain_1_1:(0.117, 0.316, -0.942);Ground_Mountain_1_1:(0.117, 0.316, -0.942);"
6.020,230.078,900.858,95.095,-104.510,1.651,0.779,1.345,0.672,1.000,0.000,-0.026,2,2.735,0.430,0.501,"Ground_Mountain_1_1:(0.117, 0.316, -0.942);Ground_Mountain_1_1:(0.117, 0.316, -0.942);Ground_Mountain_1_1:(0.117, 0.316, -0.942);Ground_Mountain_1_1:(0.117, 0.316, -0.942);Ground_Mountain_1_1:(0.117, 0.316, -0.942);"
6.040,230.097,900.874,95.124,-104.495,1.807,0.821,1.472,0.751,1.000,0.000,-0.026,2,2.790,0.216,0.499,"Ground_Mountain_1_1:(0.117, 0.316, -0.942);Ground_Mountain_1_1:(0.117, 0.316, -0.942);Ground_Mountain_1_1:(0.117, 0.316, -0.942);Ground_Mountain_1_1:(0.117, 0.316, -0.942);Ground_Mountain_1_1:(0.117, 0.316, -0.942);"
6.060,230.117,900.891,95.155,-104.479,1.963,0.864,1.599,0.828,1.000,0.000,-0.026,2,2.848,0.050,0.496,"Ground_Mountain_1_1:(0.120, 0.316, -0.941);Ground_Mountain_1_1:(0.120, 0.316, -0.941);Ground_Mountain_1_1:(0.120, 0.316, -0.941);"
6.080,230.138,900.909,95.189,-104.462,2.117,0.906,1.727,0.902,1.000,0.000,-0.026,2,2.911,1.350,0.493,"Ground_Mountain_1_1:(0.120, 0.316, -0.941);Ground_Mountain_1_1:(0.120, 0.316, -0.941);Ground_Mountain_1_1:(0.120, 0.316, -0.941);"
6.100,230.161,900.928,95.225,-104.444,2.270,0.948,1.855,0.973,1.000,0.000,-0.026,2,3.017,1.325,0.490,"Ground_Mountain_1_1:(0.120, 0.316, -0.941);Ground_Mountain_1_1:(0.120, 0.316, -0.941);Ground_Mountain_1_1:(0.120, 0.316, -0.941);"
6.120,230.185,900.947,95.264,-104.424,2.421,0.991,1.982,1.040,1.000,0.000,-0.026,2,3.116,1.338,0.486,"Ground_Mountain_1_1:(0.120, 0.316, -0.941);Ground_Mountain_1_1:(0.120, 0.316, -0.941);Ground_Mountain_1_1:(0.120, 0.316, -0.941);"
6.140,230.209,900.967,95.305,-104.403,2.570,1.034,2.110,1.103,1.000,0.000,-0.025,2,3.205,1.366,0.482,"Ground_Mountain_1_1:(0.120, 0.316, -0.941);Ground_Mountain_1_1:(0.120, 0.316, -0.941);Ground_Mountain_1_1:(0.120, 0.316, -0.941);"
6.160,230.235,900.989,95.349,-104.381,2.718,1.077,2.237,1.163,1.000,0.000,-0.025,2,3.281,1.423,0.478,"Ground_Mountain_1_1:(0.120, 0.316, -0.941);Ground_Mountain_1_1:(0.120, 0.316, -0.941);Ground_Mountain_1_1:(0.120, 0.316, -0.941);"
6.180,230.263,901.011,95.395,-104.358,2.864,1.121,2.364,1.221,1.000,0.000,-0.025,2,3.345,1.492,0.474,"Ground_Mountain_1_1:(0.120, 0.316, -0.941);Ground_Mountain_1_1:(0.120, 0.316, -0.941);Ground_Mountain_1_1:(0.120, 0.316, -0.941);"
6.200,230.272,901.033,95.443,-104.333,3.009,1.165,2.491,1.275,1.000,0.000,-0.025,2,3.396,1.567,0.469,"Ground_Mountain_1_1:(0.120, 0.316, -0.941);Ground_Mountain_1_1:(0.120, 0.316, -0.941);Ground_Mountain_1_1:(0.120, 0.316, -0.941);"
6.220,230.272,901.057,95.495,-104.308,3.153,1.202,2.619,1.329,1.000,0.000,-0.026,2,3.432,1.653,0.465,"Ground_Mountain_1_1:(0.144, 0.469, -0.871);Ground_Mountain_1_1:(0.144, 0.469, -0.871);Ground_Mountain_1_1:(0.103, 0.321, -0.941);Ground_Mountain_1_1:(0.103, 0.321, -0.941);Ground_Mountain_1_1:(0.103, 0.321, -0.941);Ground_Mountain_1_1:(0.103, 0.321, -0.941);Ground_Mountain_1_1:(0.103, 0.321, -0.941);"
6.240,230.272,901.082,95.548,-104.282,3.291,1.248,2.745,1.371,1.000,0.000,-0.026,2,3.453,1.496,0.460,"Ground_Mountain_1_1:(0.100, 0.319, -0.942);Ground_Mountain_1_1:(0.100, 0.319, -0.942);Ground_Mountain_1_1:(0.100, 0.319, -0.942);Ground_Mountain_1_1:(0.100, 0.319, -0.942);Ground_Mountain_1_1:(0.100, 0.319, -0.942);Ground_Mountain_1_1:(0.100, 0.319, -0.942);"
6.260,230.272,901.107,95.604,-104.254,3.428,1.291,2.865,1.419,1.000,0.000,-0.026,2,3.468,2.461,0.455,"Ground_Mountain_1_1:(0.100, 0.319, -0.942);Ground_Mountain_1_1:(0.100, 0.319, -0.942);Ground_Mountain_1_1:(0.100, 0.319, -0.942);Ground_Mountain_1_1:(0.100, 0.319, -0.942);Ground_Mountain_1_1:(0.100, 0.319, -0.942);Ground_Mountain_1_1:(0.100, 0.319, -0.942);"
6.280,230.272,901.133,95.663,-104.226,3.564,1.331,2.985,1.470,1.000,0.000,-0.027,2,3.347,2.569,0.451,"Ground_Mountain_1_1:(0.139, 0.455, -0.880);Ground_Mountain_1_1:(0.139, 0.455, -0.880);Ground_Mountain_1_1:(0.103, 0.321, -0.941);Ground_Mountain_1_1:(0.103, 0.321, -0.941);Ground_Mountain_1_1:(0.103, 0.321, -0.941);Ground_Mountain_1_1:(0.103, 0.321, -0.941);Ground_Mountain_1_1:(0.103, 0.321, -0.941);"
6.300,230.272,901.160,95.723,-104.197,3.696,1.373,3.102,1.515,1.000,0.000,-0.027,2,3.220,2.662,0.445,"Ground_Mountain_1_1:(0.100, 0.319, -0.942);Ground_Mountain_1_1:(0.100, 0.319, -0.942);Ground_Mountain_1_1:(0.100, 0.319, -0.942);Ground_Mountain_1_1:(0.100, 0.319, -0.942);Ground_Mountain_1_1:(0.100, 0.319, -0.942);Ground_Mountain_1_1:(0.100, 0.319, -0.942);"
6.320,230.272,901.188,95.786,-104.167,3.830,1.412,3.217,1.567,1.000,0.000,-0.027,2,3.121,2.862,0.441,"Ground_Mountain_1_1:(0.136, 0.445, -0.885);Ground_Mountain_1_1:(0.136, 0.445, -0.885);Ground_Mountain_1_1:(0.103, 0.321, -0.941);Ground_Mountain_1_1:(0.103, 0.321, -0.941);Ground_Mountain_1_1:(0.103, 0.321, -0.941);Ground_Mountain_1_1:(0.103, 0.321, -0.941);Ground_Mountain_1_1:(0.103, 0.321, -0.941);"
6.340,230.272,901.217,95.852,-104.135,3.961,1.451,3.330,1.617,1.000,0.000,-0.028,2,3.001,2.974,0.435,"Ground_Mountain_1_1:(0.134, 0.441, -0.888);Ground_Mountain_1_1:(0.134, 0.441, -0.888);Ground_Mountain_1_1:(0.103, 0.321, -0.941);Ground_Mountain_1_1:(0.103, 0.321, -0.941);Ground_Mountain_1_1:(0.103, 0.321, -0.941);Ground_Mountain_1_1:(0.103, 0.321, -0.941);Ground_Mountain_1_1:(0.103, 0.321, -0.941);"
6.360,230.272,901.246,95.913,-104.106,3.779,1.456,3.154,1.540,1.000,0.000,-0.028,1,1.573,3.834,0.430,"Ground_Mountain_1_1:(0.133, 0.435, -0.890);Ground_Mountain_1_1:(0.133, 0.435, -0.890);Ground_Mountain_1_1:(0.099, 0.321, -0.942);Ground_Mountain_1_1:(0.099, 0.321, -0.942);Ground_Mountain_1_1:(0.099, 0.321, -0.942);"
6.380,230.272,901.274,95.971,-104.077,3.598,1.456,2.963,1.493,1.000,0.000,-0.028,0,0.000,3.829,0.425,"Ground_Mountain_1_1:(0.131, 0.430, -0.893);Ground_Mountain_1_1:(0.131, 0.430, -0.893);Ground_Mountain_1_1:(0.099, 0.321, -0.942);Ground_Mountain_1_1:(0.099, 0.321, -0.942);Ground_Mountain_1_1:(0.099, 0.321, -0.942);"
6.400,230.272,901.303,96.025,-104.049,3.417,1.456,2.773,1.448,1.000,0.000,-0.028,0,0.000,3.855,0.420,"Ground_Mountain_1_1:(0.130, 0.425, -0.896);Ground_Mountain_1_1:(0.130, 0.425, -0.896);Ground_Mountain_1_1:(0.099, 0.321, -0.942);Ground_Mountain_1_1:(0.099, 0.321, -0.942);Ground_Mountain_1_1:(0.099, 0.321, -0.942);"
6.420,230.272,901.332,96.075,-104.022,3.236,1.457,2.582,1.403,1.000,0.000,-0.029,0,0.000,3.882,0.414,"Ground_Mountain_1_1:(0.129, 0.420, -0.898);Ground_Mountain_1_1:(0.129, 0.420, -0.898);Ground_Mountain_1_1:(0.099, 0.321, -0.942);Ground_Mountain_1_1:(0.099, 0.321, -0.942);Ground_Mountain_1_1:(0.099, 0.321, -0.942);"
6.440,230.272,901.361,96.121,-103.996,3.054,1.458,2.390,1.359,1.000,0.000,-0.029,0,0.000,3.909,0.408,"Ground_Mountain_1_1:(0.128, 0.414, -0.901);Ground_Mountain_1_1:(0.128, 0.414, -0.901);Ground_Mountain_1_1:(0.099, 0.321, -0.942);Ground_Mountain_1_1:(0.099, 0.321, -0.942);Ground_Mountain_1_1:(0.099, 0.321, -0.942);"
6.460,230.272,901.390,96.164,-103.971,2.872,1.460,2.199,1.317,1.000,0.000,-0.029,0,0.000,3.936,0.402,"Ground_Mountain_1_1:(0.128, 0.408, -0.904);Ground_Mountain_1_1:(0.128, 0.408, -0.904);Ground_Mountain_1_1:(0.099, 0.321, -0.942);Ground_Mountain_1_1:(0.099, 0.321, -0.942);Ground_Mountain_1_1:(0.099, 0.321, -0.942);"
6.480,230.272,901.420,96.202,-103.945,2.702,1.459,2.002,1.317,1.000,0.000,-0.030,0,0.000,3.962,0.398,"Ground_Mountain_1_1:(0.130, 0.375, -0.918);Ground_Mountain_1_1:(0.130, 0.375, -0.918);Ground_Mountain_1_1:(0.130, 0.375, -0.918);Ground_Mountain_1_1:(0.081, 0.322, -0.943);Ground_Mountain_1_1:(0.081, 0.322, -0.943);"
6.500,230.272,901.449,96.237,-103.921,2.522,1.461,1.811,1.280,1.000,0.000,-0.030,0,0.000,3.883,0.391,"Ground_Mountain_1_1:(0.130, 0.372, -0.919);Ground_Mountain_1_1:(0.130, 0.372, -0.919);Ground_Mountain_1_1:(0.130, 0.372, -0.919);Ground_Mountain_1_1:(0.081, 0.322, -0.943);Ground_Mountain_1_1:(0.081, 0.322, -0.943);"
6.520,230.272,901.479,96.268,-103.898,2.340,1.464,1.622,1.238,1.000,0.000,-0.030,0,0.000,3.903,0.385,"Ground_Mountain_1_1:(0.132, 0.368, -0.921);Ground_Mountain_1_1:(0.132, 0.368, -0.921);Ground_Mountain_1_1:(0.132, 0.368, -0.921);Ground_Mountain_1_1:(0.081, 0.322, -0.943);Ground_Mountain_1_1:(0.081, 0.322, -0.943);"
6.540,230.272,901.509,96.295,-103.876,2.149,1.467,1.438,1.162,1.000,0.000,-0.031,0,0.000,3.938,0.378,"Ground_Mountain_1_1:(0.120, 0.353, -0.928);Ground_Mountain_1_1:(0.120, 0.353, -0.928);Ground_Mountain_1_1:(0.120, 0.353, -0.928);Ground_Mountain_1_1:(0.120, 0.353, -0.928);"
6.560,230.272,901.538,96.318,-103.855,1.959,1.469,1.251,1.098,1.000,0.000,-0.031,0,0.000,4.005,0.371,"Ground_Mountain_1_1:(0.121, 0.350, -0.929);Ground_Mountain_1_1:(0.121, 0.350, -0.929);Ground_Mountain_1_1:(0.121, 0.350, -0.929);Ground_Mountain_1_1:(0.121, 0.350, -0.929);"
6.580,230.272,901.567,96.337,-103.836,1.766,1.474,1.058,1.036,1.000,0.000,-0.031,0,0.000,4.018,0.363,"Ground_Mountain_1_1:(0.122, 0.321, -0.939);Ground_Mountain_1_1:(0.122, 0.321, -0.939);Ground_Mountain_1_1:(0.122, 0.321, -0.939);Ground_Mountain_1_1:(0.122, 0.321, -0.939);"
6.600,230.272,901.595,96.352,-103.817,1.577,1.476,0.866,0.988,1.000,0.000,-0.032,0,0.000,4.063,0.356,"Ground_Mountain_1_1:(0.122, 0.321, -0.939);Ground_Mountain_1_1:(0.122, 0.321, -0.939);Ground_Mountain_1_1:(0.122, 0.321, -0.939);Ground_Mountain_1_1:(0.122, 0.321, -0.939);"
6.620,230.272,901.624,96.364,-103.800,1.387,1.477,0.673,0.941,1.000,0.000,-0.032,0,0.000,4.087,0.349,"Ground_Mountain_1_1:(0.122, 0.321, -0.939);Ground_Mountain_1_1:(0.122, 0.321, -0.939);Ground_Mountain_1_1:(0.122, 0.321, -0.939);Ground_Mountain_1_1:(0.122, 0.321, -0.939);"
6.640,230.272,901.652,96.371,-103.783,1.197,1.478,0.482,0.892,1.000,0.000,-0.033,0,0.000,4.104,0.342,"Ground_Mountain_1_1:(0.122, 0.321, -0.939);Ground_Mountain_1_1:(0.122, 0.321, -0.939);Ground_Mountain_1_1:(0.122, 0.321, -0.939);Ground_Mountain_1_1:(0.122, 0.321, -0.939);"
6.660,230.272,901.681,96.375,-103.767,1.005,1.476,0.292,0.836,1.000,0.000,-0.033,0,0.000,4.127,0.334,"Ground_Mountain_1_1:(0.117, 0.321, -0.940);Ground_Mountain_1_1:(0.117, 0.321, -0.940);Ground_Mountain_1_1:(0.117, 0.321, -0.940);Ground_Mountain_1_1:(0.117, 0.321, -0.940);Ground_Mountain_1_1:(0.117, 0.321, -0.940);Ground_Mountain_1_1:(0.117, 0.321, -0.940);"
6.680,230.272,901.709,96.375,-103.753,0.815,1.472,0.110,0.775,1.000,0.000,-0.033,0,0.000,4.168,0.326,"Ground_Mountain_1_1:(0.123, 0.323, -0.938);Ground_Mountain_1_1:(0.123, 0.323, -0.938);Ground_Mountain_1_1:(0.123, 0.323, -0.938);Ground_Mountain_1_1:(0.123, 0.323, -0.938);Ground_Mountain_1_1:(0.123, 0.323, -0.938);Ground_Mountain_1_1:(0.123, 0.323, -0.938);"
6.700,230.272,901.738,96.371,-103.740,0.626,1.464,-0.061,0.686,1.000,0.000,-0.034,0,0.000,4.207,0.316,"Ground_Mountain_1_1:(0.113, 0.322, -0.940);Ground_Mountain_1_1:(0.113, 0.322, -0.940);Ground_Mountain_1_1:(0.113, 0.322, -0.940);Ground_Mountain_1_1:(0.113, 0.322, -0.940);Ground_Mountain_1_1:(0.113, 0.322, -0.940);Ground_Mountain_1_1:(0.113, 0.322, -0.940);"
6.720,230.272,901.766,96.369,-103.736,0.419,1.414,-0.105,0.235,1.000,0.000,-0.034,0,0.000,4.302,0.314,"Ground_Mountain_1_1:(0.094, 0.315, -0.944);Ground_Mountain_1_1:(0.094, 0.315, -0.944);Ground_Mountain_1_1:(0.094, 0.315, -0.944);Ground_Mountain_1_1:(0.094, 0.315, -0.944);Ground_Mountain_1_1:(0.094, 0.315, -0.944);Ground_Mountain_1_1:(0.094, 0.315, -0.944);"
6.740,230.272,901.794,96.363,-103.734,0.239,1.399,-0.250,0.095,1.000,0.000,-0.035,0,0.000,3.869,0.314,"Ground_Mountain_1_1:(0.102, 0.317, -0.943);Ground_Mountain_1_1:(0.102, 0.317, -0.943);Ground_Mountain_1_1:(0.102, 0.317, -0.943);Ground_Mountain_1_1:(0.102, 0.317, -0.943);Ground_Mountain_1_1:(0.102, 0.317, -0.943);Ground_Mountain_1_1:(0.102, 0.317, -0.943);"
6.760,230.272,901.821,96.355,-103.734,0.064,1.390,-0.413,0.012,1.000,0.000,-0.035,0,0.000,3.794,0.313,"Ground_Mountain_1_1:(0.094, 0.315, -0.944);Ground_Mountain_1_1:(0.094, 0.315, -0.944);Ground_Mountain_1_1:(0.094, 0.315, -0.944);Ground_Mountain_1_1:(0.094, 0.315, -0.944);Ground_Mountain_1_1:(0.094, 0.315, -0.944);Ground_Mountain_1_1:(0.094, 0.315, -0.944);"
6.780,230.272,901.849,96.343,-103.735,-0.111,1.384,-0.586,-0.043,1.000,0.000,-0.036,0,0.000,3.769,0.313,"Ground_Mountain_1_1:(0.094, 0.315, -0.944);Ground_Mountain_1_1:(0.094, 0.315, -0.944);Ground_Mountain_1_1:(0.094, 0.315, -0.944);Ground_Mountain_1_1:(0.094, 0.315, -0.944);Ground_Mountain_1_1:(0.094, 0.315, -0.944);Ground_Mountain_1_1:(0.094, 0.315, -0.944);"
6.800,230.272,901.876,96.328,-103.737,-0.283,1.379,-0.755,-0.105,1.000,0.000,-0.036,0,0.000,3.765,0.313,"Ground_Mountain_1_1:(0.094, 0.315, -0.944);Ground_Mountain_1_1:(0.094, 0.315, -0.944);Ground_Mountain_1_1:(0.094, 0.315, -0.944);Ground_Mountain_1_1:(0.094, 0.315, -0.944);Ground_Mountain_1_1:(0.094, 0.315, -0.944);Ground_Mountain_1_1:(0.094, 0.315, -0.944);"
6.820,230.272,901.904,96.310,-103.741,-0.455,1.374,-0.924,-0.162,1.000,0.000,-0.037,0,0.000,3.756,0.313,"Ground_Mountain_1_1:(0.094, 0.315, -0.944);Ground_Mountain_1_1:(0.094, 0.315, -0.944);Ground_Mountain_1_1:(0.094, 0.315, -0.944);Ground_Mountain_1_1:(0.094, 0.315, -0.944);Ground_Mountain_1_1:(0.094, 0.315, -0.944);Ground_Mountain_1_1:(0.094, 0.315, -0.944);"
6.840,230.272,901.931,96.288,-103.745,-0.625,1.369,-1.092,-0.219,1.000,0.000,-0.037,0,0.000,3.754,0.314,"Ground_Mountain_1_1:(0.094, 0.315, -0.944);Ground_Mountain_1_1:(0.094, 0.315, -0.944);Ground_Mountain_1_1:(0.094, 0.315, -0.944);Ground_Mountain_1_1:(0.094, 0.315, -0.944);Ground_Mountain_1_1:(0.094, 0.315, -0.944);Ground_Mountain_1_1:(0.094, 0.315, -0.944);"
6.860,230.272,901.958,96.263,-103.751,-0.795,1.366,-1.260,-0.276,1.000,0.000,-0.038,0,0.000,3.753,0.314,"Ground_Mountain_1_1:(0.094, 0.315, -0.944);Ground_Mountain_1_1:(0.094, 0.315, -0.944);Ground_Mountain_1_1:(0.094, 0.315, -0.944);Ground_Mountain_1_1:(0.094, 0.315, -0.944);Ground_Mountain_1_1:(0.094, 0.315, -0.944);Ground_Mountain_1_1:(0.094, 0.315, -0.944);"
6.880,230.272,901.985,96.235,-103.758,-0.963,1.362,-1.428,-0.331,1.000,0.000,-0.038,0,0.000,3.753,0.314,"Ground_Mountain_1_1:(0.094, 0.315, -0.944);Ground_Mountain_1_1:(0.094, 0.315, -0.944);Ground_Mountain_1_1:(0.094, 0.315, -0.944);Ground_Mountain_1_1:(0.094, 0.315, -0.944);Ground_Mountain_1_1:(0.094, 0.315, -0.944);Ground_Mountain_1_1:(0.094, 0.315, -0.944);"
6.900,230.272,902.012,96.203,-103.766,-1.132,1.360,-1.594,-0.388,1.000,0.000,-0.039,0,0.000,3.752,0.314,"Ground_Mountain_1_1:(0.094, 0.315, -0.944);Ground_Mountain_1_1:(0.094, 0.315, -0.944);Ground_Mountain_1_1:(0.094, 0.315, -0.944);Ground_Mountain_1_1:(0.094, 0.315, -0.944);Ground_Mountain_1_1:(0.094, 0.315, -0.944);Ground_Mountain_1_1:(0.094, 0.315, -0.944);"
6.920,230.272,902.039,96.168,-103.775,-1.299,1.358,-1.761,-0.443,1.000,0.000,-0.039,0,0.000,3.752,0.314,"Ground_Mountain_1_1:(0.094, 0.315, -0.944);Ground_Mountain_1_1:(0.094, 0.315, -0.944);Ground_Mountain_1_1:(0.094, 0.315, -0.944);Ground_Mountain_1_1:(0.094, 0.315, -0.944);Ground_Mountain_1_1:(0.094, 0.315, -0.944);Ground_Mountain_1_1:(0.094, 0.315, -0.944);"
6.940,230.272,902.066,96.130,-103.785,-1.466,1.356,-1.926,-0.500,1.000,0.000,-0.040,0,0.000,3.750,0.315,"Ground_Mountain_1_1:(0.094, 0.315, -0.944);Ground_Mountain_1_1:(0.094, 0.315, -0.944);Ground_Mountain_1_1:(0.094, 0.315, -0.944);Ground_Mountain_1_1:(0.094, 0.315, -0.944);Ground_Mountain_1_1:(0.094, 0.315, -0.944);Ground_Mountain_1_1:(0.094, 0.315, -0.944);"
6.960,230.272,902.093,96.088,-103.797,-1.632,1.355,-2.092,-0.556,1.000,0.000,-0.040,0,0.000,3.749,0.315,"Ground_Mountain_1_1:(0.101, 0.318, -0.943);Ground_Mountain_1_1:(0.101, 0.318, -0.943);Ground_Mountain_1_1:(0.101, 0.318, -0.943);Ground_Mountain_1_1:(0.101, 0.318, -0.943);Ground_Mountain_1_1:(0.101, 0.318, -0.943);Ground_Mountain_1_1:(0.101, 0.318, -0.943);"
6.980,230.272,902.120,96.043,-103.809,-1.798,1.354,-2.255,-0.614,1.000,0.000,-0.041,0,0.000,3.744,0.315,"Ground_Mountain_1_1:(0.100, 0.318, -0.943);Ground_Mountain_1_1:(0.100, 0.318, -0.943);Ground_Mountain_1_1:(0.100, 0.318, -0.943);Ground_Mountain_1_1:(0.100, 0.318, -0.943);Ground_Mountain_1_1:(0.100, 0.318, -0.943);Ground_Mountain_1_1:(0.100, 0.318, -0.943);"
7.000,230.272,902.147,95.995,-103.823,-1.963,1.354,-2.419,-0.672,1.000,0.000,-0.042,0,0.000,3.741,0.315,"Ground_Mountain_1_1:(0.100, 0.318, -0.943);Ground_Mountain_1_1:(0.100, 0.318, -0.943);Ground_Mountain_1_1:(0.100, 0.318, -0.943);Ground_Mountain_1_1:(0.100, 0.318, -0.943);Ground_Mountain_1_1:(0.100, 0.318, -0.943);Ground_Mountain_1_1:(0.100, 0.318, -0.943);"
7.020,230.272,902.174,95.943,-103.837,-2.128,1.354,-2.583,-0.729,1.000,0.000,-0.042,0,0.000,3.736,0.316,"Ground_Mountain_1_1:(0.100, 0.318, -0.943);Ground_Mountain_1_1:(0.100, 0.318, -0.943);Ground_Mountain_1_1:(0.100, 0.318, -0.943);Ground_Mountain_1_1:(0.100, 0.318, -0.943);Ground_Mountain_1_1:(0.100, 0.318, -0.943);Ground_Mountain_1_1:(0.100, 0.318, -0.943);"
7.040,230.272,902.200,95.889,-103.853,-2.292,1.355,-2.745,-0.788,1.000,0.000,-0.043,0,0.000,3.729,0.316,"Ground_Mountain_1_1:(0.099, 0.319, -0.943);Ground_Mountain_1_1:(0.099, 0.319, -0.943);Ground_Mountain_1_1:(0.099, 0.319, -0.943);Ground_Mountain_1_1:(0.099, 0.319, -0.943);Ground_Mountain_1_1:(0.099, 0.319, -0.943);Ground_Mountain_1_1:(0.099, 0.319, -0.943);"
7.060,230.272,902.227,95.831,-103.869,-2.461,1.355,-2.927,-0.811,1.000,0.000,-0.043,0,0.000,3.724,0.318,"Ground_Mountain_1_1:(0.128, 0.329, -0.936);Ground_Mountain_1_1:(0.128, 0.329, -0.936);Ground_Mountain_1_1:(0.128, 0.329, -0.936);Ground_Mountain_1_1:(0.128, 0.329, -0.936);Ground_Mountain_1_1:(0.128, 0.329, -0.936);Ground_Mountain_1_1:(0.128, 0.329, -0.936);"
7.080,230.272,902.254,95.776,-103.891,-2.535,1.376,-2.912,-1.077,1.000,0.000,-0.044,0,0.000,3.671,0.327,"Ground_Mountain_1_1:(0.141, 0.559, -0.817);Ground_Mountain_1_1:(0.141, 0.559, -0.817);Ground_Mountain_1_1:(0.141, 0.559, -0.817);Ground_Mountain_1_1:(0.125, 0.326, -0.937);Ground_Mountain_1_1:(0.125, 0.326, -0.937);Ground_Mountain_1_1:(0.125, 0.326, -0.937);Ground_Mountain_1_1:(0.125, 0.326, -0.937);Ground_Mountain_1_1:(0.125, 0.326, -0.937);Ground_Mountain_1_1:(0.125, 0.326, -0.937);"
7.100,230.272,902.281,95.717,-103.914,-2.692,1.380,-3.055,-1.151,1.000,0.000,-0.044,0,0.000,3.294,0.334,"Ground_Mountain_1_1:(0.141, 0.559, -0.817);Ground_Mountain_1_1:(0.141, 0.559, -0.817);Ground_Mountain_1_1:(0.141, 0.559, -0.817);Ground_Mountain_1_1:(0.141, 0.559, -0.817);Ground_Mountain_1_1:(0.126, 0.328, -0.936);Ground_Mountain_1_1:(0.126, 0.328, -0.936);Ground_Mountain_1_1:(0.126, 0.328, -0.936);Ground_Mountain_1_1:(0.126, 0.328, -0.936);Ground_Mountain_1_1:(0.126, 0.328, -0.936);Ground_Mountain_1_1:(0.126, 0.328, -0.936);"
7.120,230.272,902.308,95.657,-103.940,-2.810,1.397,-3.121,-1.326,1.000,0.000,-0.044,0,0.000,3.284,0.341,"Ground_Mountain_1_1:(0.126, 0.332, -0.935);Ground_Mountain_1_1:(0.126, 0.332, -0.935);Ground_Mountain_1_1:(0.126, 0.332, -0.935);Ground_Mountain_1_1:(0.126, 0.332, -0.935);Ground_Mountain_1_1:(0.126, 0.332, -0.935);Ground_Mountain_1_1:(0.126, 0.332, -0.935);Ground_Mountain_1_1:(0.141, 0.559, -0.817);Ground_Mountain_1_1:(0.141, 0.559, -0.817);Ground_Mountain_1_1:(0.141, 0.559, -0.817);Ground_Mountain_1_1:(0.141, 0.559, -0.817);"
7.140,230.272,902.336,95.593,-103.968,-2.958,1.405,-3.250,-1.413,1.000,0.000,-0.044,0,0.000,3.354,0.348,"Ground_Mountain_1_1:(0.141, 0.559, -0.817);Ground_Mountain_1_1:(0.141, 0.559, -0.817);Ground_Mountain_1_1:(0.141, 0.559, -0.817);Ground_Mountain_1_1:(0.141, 0.559, -0.817);Ground_Mountain_1_1:(0.115, 0.331, -0.937);Ground_Mountain_1_1:(0.115, 0.331, -0.937);Ground_Mountain_1_1:(0.115, 0.331, -0.937);Ground_Mountain_1_1:(0.115, 0.331, -0.937);Ground_Mountain_1_1:(0.115, 0.331, -0.937);Ground_Mountain_1_1:(0.115, 0.331, -0.937);"
7.160,230.272,902.365,95.527,-103.996,-3.127,1.410,-3.430,-1.435,1.000,0.000,-0.045,0,0.000,3.337,0.354,"Ground_Mountain_1_1:(0.103, 0.322, -0.941);Ground_Mountain_1_1:(0.103, 0.322, -0.941);Ground_Mountain_1_1:(0.103, 0.322, -0.941);Ground_Mountain_1_1:(0.103, 0.322, -0.941);Ground_Mountain_1_1:(0.103, 0.322, -0.941);Ground_Mountain_1_1:(0.103, 0.322, -0.941);Ground_Mountain_1_1:(0.142, 0.529, -0.837);Ground_Mountain_1_1:(0.142, 0.529, -0.837);Ground_Mountain_1_1:(0.142, 0.529, -0.837);Ground_Mountain_1_1:(0.142, 0.529, -0.837);Ground_Mountain_1_1:(0.142, 0.529, -0.837);Ground_Mountain_1_1:(0.142, 0.529, -0.837);"
7.180,230.272,902.394,95.458,-104.026,-3.271,1.425,-3.556,-1.527,1.000,0.000,-0.045,0,0.000,3.332,0.361,"Ground_Mountain_1_1:(0.103, 0.330, -0.938);Ground_Mountain_1_1:(0.103, 0.330, -0.938);Ground_Mountain_1_1:(0.103, 0.330, -0.938);Ground_Mountain_1_1:(0.103, 0.330, -0.938);Ground_Mountain_1_1:(0.103, 0.330, -0.938);Ground_Mountain_1_1:(0.103, 0.330, -0.938);Ground_Mountain_1_1:(0.142, 0.529, -0.837);Ground_Mountain_1_1:(0.142, 0.529, -0.837);Ground_Mountain_1_1:(0.142, 0.529, -0.837);Ground_Mountain_1_1:(0.142, 0.529, -0.837);Ground_Mountain_1_1:(0.142, 0.529, -0.837);Ground_Mountain_1_1:(0.142, 0.529, -0.837);"
7.200,230.272,902.423,95.386,-104.058,-3.435,1.442,-3.698,-1.635,1.000,0.000,-0.045,1,3.665,3.349,0.368,"Ground_Mountain_1_1:(0.103, 0.331, -0.938);Ground_Mountain_1_1:(0.103, 0.331, -0.938);Ground_Mountain_1_1:(0.103, 0.331, -0.938);Ground_Mountain_1_1:(0.103, 0.331, -0.938);Ground_Mountain_1_1:(0.103, 0.331, -0.938);Ground_Mountain_1_1:(0.103, 0.331, -0.938);Ground_Mountain_1_1:(0.142, 0.529, -0.837);Ground_Mountain_1_1:(0.142, 0.529, -0.837);Ground_Mountain_1_1:(0.142, 0.529, -0.837);Ground_Mountain_1_1:(0.142, 0.529, -0.837);Ground_Mountain_1_1:(0.142, 0.529, -0.837);Ground_Mountain_1_1:(0.142, 0.529, -0.837);"
7.220,230.272,902.446,95.324,-104.087,-3.071,1.068,-3.214,-1.497,1.000,0.000,-0.045,2,7.088,2.015,0.375,"Ground_Mountain_1_1:(0.097, 0.340, -0.935);Ground_Mountain_1_1:(0.097, 0.340, -0.935);Ground_Mountain_1_1:(0.097, 0.340, -0.935);Ground_Mountain_1_1:(0.097, 0.340, -0.935);Ground_Mountain_1_1:(0.097, 0.340, -0.935);Ground_Mountain_1_1:(0.097, 0.340, -0.935);Ground_Mountain_1_1:(0.142, 0.529, -0.837);Ground_Mountain_1_1:(0.142, 0.529, -0.837);Ground_Mountain_1_1:(0.142, 0.529, -0.837);Ground_Mountain_1_1:(0.142, 0.529, -0.837);Ground_Mountain_1_1:(0.142, 0.529, -0.837);Ground_Mountain_1_1:(0.142, 0.529, -0.837);"
7.240,230.272,902.463,95.271,-104.114,-2.704,0.804,-2.756,-1.373,1.000,0.000,-0.045,2,6.893,1.749,0.382,"Ground_Mountain_1_1:(0.142, 0.529, -0.837);Ground_Mountain_1_1:(0.142, 0.529, -0.837);Ground_Mountain_1_1:(0.142, 0.529, -0.837);Ground_Mountain_1_1:(0.142, 0.529, -0.837);Ground_Mountain_1_1:(0.110, 0.345, -0.932);Ground_Mountain_1_1:(0.110, 0.345, -0.932);Ground_Mountain_1_1:(0.110, 0.345, -0.932);Ground_Mountain_1_1:(0.110, 0.345, -0.932);Ground_Mountain_1_1:(0.110, 0.345, -0.932);Ground_Mountain_1_1:(0.110, 0.345, -0.932);"
7.260,230.272,902.476,95.226,-104.138,-2.334,0.624,-2.322,-1.251,1.000,0.000,-0.045,2,6.724,1.333,0.389,"Ground_Mountain_1_1:(0.142, 0.529, -0.837);Ground_Mountain_1_1:(0.142, 0.529, -0.837);Ground_Mountain_1_1:(0.142, 0.529, -0.837);Ground_Mountain_1_1:(0.142, 0.529, -0.837);Ground_Mountain_1_1:(0.111, 0.348, -0.931);Ground_Mountain_1_1:(0.111, 0.348, -0.931);Ground_Mountain_1_1:(0.111, 0.348, -0.931);Ground_Mountain_1_1:(0.111, 0.348, -0.931);Ground_Mountain_1_1:(0.111, 0.348, -0.931);Ground_Mountain_1_1:(0.111, 0.348, -0.931);"
7.280,230.272,902.487,95.190,-104.159,-1.964,0.509,-1.913,-1.122,1.000,0.000,-0.045,2,6.521,1.129,0.396,"Ground_Mountain_1_1:(0.112, 0.350, -0.930);Ground_Mountain_1_1:(0.112, 0.350, -0.930);Ground_Mountain_1_1:(0.112, 0.350, -0.930);Ground_Mountain_1_1:(0.112, 0.350, -0.930);Ground_Mountain_1_1:(0.112, 0.350, -0.930);Ground_Mountain_1_1:(0.112, 0.350, -0.930);Ground_Mountain_1_1:(0.142, 0.529, -0.837);Ground_Mountain_1_1:(0.142, 0.529, -0.837);Ground_Mountain_1_1:(0.142, 0.529, -0.837);Ground_Mountain_1_1:(0.142, 0.529, -0.837);"
7.300,230.272,902.496,95.162,-104.178,-1.593,0.444,-1.523,-0.986,1.000,0.000,-0.045,2,6.251,0.942,0.404,"Ground_Mountain_1_1:(0.112, 0.353, -0.929);Ground_Mountain_1_1:(0.112, 0.353, -0.929);Ground_Mountain_1_1:(0.112, 0.353, -0.929);Ground_Mountain_1_1:(0.112, 0.353, -0.929);Ground_Mountain_1_1:(0.112, 0.353, -0.929);Ground_Mountain_1_1:(0.112, 0.353, -0.929);Ground_Mountain_1_1:(0.142, 0.529, -0.837);Ground_Mountain_1_1:(0.142, 0.529, -0.837);Ground_Mountain_1_1:(0.142, 0.529, -0.837);Ground_Mountain_1_1:(0.142, 0.529, -0.837);"
7.320,230.272,902.505,95.141,-104.194,-1.223,0.419,-1.155,-0.835,1.000,0.000,-0.045,2,5.941,0.775,0.411,"Ground_Mountain_1_1:(0.113, 0.327, -0.938);Ground_Mountain_1_1:(0.113, 0.327, -0.938);Ground_Mountain_1_1:(0.113, 0.327, -0.938);Ground_Mountain_1_1:(0.113, 0.327, -0.938);Ground_Mountain_1_1:(0.113, 0.327, -0.938);Ground_Mountain_1_1:(0.113, 0.327, -0.938);Ground_Mountain_1_1:(0.141, 0.559, -0.817);Ground_Mountain_1_1:(0.141, 0.559, -0.817);Ground_Mountain_1_1:(0.109, 0.404, -0.909);"
7.340,230.272,902.515,95.127,-104.207,-0.849,0.427,-0.787,-0.696,1.000,0.000,-0.045,2,5.584,0.527,0.417,"Ground_Mountain_1_1:(0.113, 0.327, -0.938);Ground_Mountain_1_1:(0.113, 0.327, -0.938);Ground_Mountain_1_1:(0.113, 0.327, -0.938);Ground_Mountain_1_1:(0.113, 0.327, -0.938);Ground_Mountain_1_1:(0.113, 0.327, -0.938);Ground_Mountain_1_1:(0.113, 0.327, -0.938);Ground_Mountain_1_1:(0.141, 0.559, -0.817);Ground_Mountain_1_1:(0.141, 0.559, -0.817);Ground_Mountain_1_1:(0.111, 0.411, -0.905);"
7.360,230.272,902.524,95.120,-104.217,-0.472,0.456,-0.430,-0.543,1.000,0.000,-0.045,2,5.284,0.596,0.424,"Ground_Mountain_1_1:(0.125, 0.330, -0.936);Ground_Mountain_1_1:(0.125, 0.330, -0.936);Ground_Mountain_1_1:(0.125, 0.330, -0.936);Ground_Mountain_1_1:(0.125, 0.330, -0.936);Ground_Mountain_1_1:(0.125, 0.330, -0.936);Ground_Mountain_1_1:(0.125, 0.330, -0.936);Ground_Mountain_1_1:(0.141, 0.559, -0.817);Ground_Mountain_1_1:(0.141, 0.559, -0.817);Ground_Mountain_1_1:(0.113, 0.417, -0.902);"
7.380,230.272,902.534,95.117,-104.225,-0.296,0.445,-0.249,-0.480,1.000,0.000,-0.045,2,4.943,0.588,0.430,"Ground_Mountain_1_1:(0.133, 0.335, -0.933);Ground_Mountain_1_1:(0.133, 0.335, -0.933);Ground_Mountain_1_1:(0.133, 0.335, -0.933);Ground_Mountain_1_1:(0.133, 0.335, -0.933);"
7.400,230.272,902.543,95.117,-104.233,-0.121,0.443,-0.076,-0.409,1.000,0.000,-0.045,2,4.466,0.438,0.436,"Ground_Mountain_1_1:(0.133, 0.335, -0.933);Ground_Mountain_1_1:(0.133, 0.335, -0.933);Ground_Mountain_1_1:(0.133, 0.335, -0.933);Ground_Mountain_1_1:(0.133, 0.335, -0.933);"
7.420,230.272,902.553,95.120,-104.239,0.051,0.448,0.086,-0.329,1.000,0.000,-0.045,2,4.040,0.364,0.441,"Ground_Mountain_1_1:(0.133, 0.335, -0.933);Ground_Mountain_1_1:(0.133, 0.335, -0.933);Ground_Mountain_1_1:(0.133, 0.335, -0.933);Ground_Mountain_1_1:(0.133, 0.335, -0.933);"
7.440,230.272,902.562,95.126,-104.243,0.216,0.459,0.237,-0.247,1.000,0.000,-0.045,2,3.652,0.271,0.446,"Ground_Mountain_1_1:(0.133, 0.335, -0.933);Ground_Mountain_1_1:(0.133, 0.335, -0.933);Ground_Mountain_1_1:(0.133, 0.335, -0.933);Ground_Mountain_1_1:(0.133, 0.335, -0.933);"
7.460,230.272,902.572,95.135,-104.245,0.375,0.480,0.375,-0.160,1.000,0.000,-0.045,2,3.319,0.304,0.451,"Ground_Mountain_1_1:(0.133, 0.335, -0.933);Ground_Mountain_1_1:(0.133, 0.335, -0.933);Ground_Mountain_1_1:(0.133, 0.335, -0.933);Ground_Mountain_1_1:(0.133, 0.335, -0.933);"
7.480,230.272,902.583,95.146,-104.246,0.532,0.506,0.506,-0.071,1.000,0.000,-0.045,2,3.030,0.281,0.455,"Ground_Mountain_1_1:(0.133, 0.335, -0.933);Ground_Mountain_1_1:(0.133, 0.335, -0.933);Ground_Mountain_1_1:(0.133, 0.335, -0.933);Ground_Mountain_1_1:(0.133, 0.335, -0.933);"
7.500,230.272,902.594,95.160,-104.246,0.688,0.535,0.634,0.019,1.000,0.000,-0.045,2,2.793,0.365,0.458,"Ground_Mountain_1_1:(0.122, 0.332, -0.935);Ground_Mountain_1_1:(0.122, 0.332, -0.935);Ground_Mountain_1_1:(0.122, 0.332, -0.935);Ground_Mountain_1_1:(0.122, 0.332, -0.935);Ground_Mountain_1_1:(0.122, 0.332, -0.935);"
7.520,230.272,902.605,95.176,-104.243,0.842,0.567,0.756,0.112,1.000,0.000,-0.046,2,2.605,0.496,0.461,"Ground_Mountain_1_1:(0.122, 0.332, -0.935);Ground_Mountain_1_1:(0.122, 0.332, -0.935);Ground_Mountain_1_1:(0.122, 0.332, -0.935);Ground_Mountain_1_1:(0.122, 0.332, -0.935);Ground_Mountain_1_1:(0.122, 0.332, -0.935);"
7.540,230.272,902.618,95.194,-104.239,0.996,0.602,0.876,0.206,1.000,0.000,-0.046,2,2.451,0.637,0.464,"Ground_Mountain_1_1:(0.122, 0.332, -0.935);Ground_Mountain_1_1:(0.122, 0.332, -0.935);Ground_Mountain_1_1:(0.122, 0.332, -0.935);Ground_Mountain_1_1:(0.122, 0.332, -0.935);Ground_Mountain_1_1:(0.122, 0.332, -0.935);"
7.560,230.272,902.631,95.215,-104.233,1.148,0.638,0.993,0.300,1.000,0.000,-0.046,2,2.336,0.801,0.465,"Ground_Mountain_1_1:(0.122, 0.332, -0.935);Ground_Mountain_1_1:(0.122, 0.332, -0.935);Ground_Mountain_1_1:(0.122, 0.332, -0.935);Ground_Mountain_1_1:(0.122, 0.332, -0.935);Ground_Mountain_1_1:(0.122, 0.332, -0.935);"
7.580,230.272,902.644,95.237,-104.225,1.299,0.676,1.109,0.393,1.000,0.000,-0.046,2,2.255,0.985,0.466,"Ground_Mountain_1_1:(0.122, 0.332, -0.935);Ground_Mountain_1_1:(0.122, 0.332, -0.935);Ground_Mountain_1_1:(0.122, 0.332, -0.935);Ground_Mountain_1_1:(0.122, 0.332, -0.935);Ground_Mountain_1_1:(0.122, 0.332, -0.935);"
7.600,230.272,902.658,95.262,-104.216,1.450,0.713,1.223,0.490,1.000,0.000,-0.046,2,2.204,1.190,0.466,"Ground_Mountain_1_1:(0.133, 0.335, -0.933);Ground_Mountain_1_1:(0.133, 0.335, -0.933);Ground_Mountain_1_1:(0.133, 0.335, -0.933);Ground_Mountain_1_1:(0.133, 0.335, -0.933);"
7.620,230.272,902.674,95.288,-104.205,1.599,0.751,1.336,0.579,1.000,0.000,-0.047,2,2.170,1.363,0.466,"Ground_Mountain_1_1:(0.127, 0.333, -0.934);Ground_Mountain_1_1:(0.127, 0.333, -0.934);Ground_Mountain_1_1:(0.127, 0.333, -0.934);"
7.640,230.272,902.689,95.317,-104.192,1.746,0.790,1.449,0.668,1.000,0.000,-0.047,2,2.178,1.612,0.465,"Ground_Mountain_1_1:(0.127, 0.333, -0.934);Ground_Mountain_1_1:(0.127, 0.333, -0.934);Ground_Mountain_1_1:(0.127, 0.333, -0.934);"
7.660,230.272,902.706,95.348,-104.177,1.892,0.829,1.561,0.754,1.000,0.000,-0.047,2,2.197,1.849,0.463,"Ground_Mountain_1_1:(0.127, 0.333, -0.934);Ground_Mountain_1_1:(0.127, 0.333, -0.934);Ground_Mountain_1_1:(0.127, 0.333, -0.934);"
7.680,230.272,902.723,95.381,-104.161,2.036,0.868,1.673,0.837,1.000,0.000,-0.048,2,2.231,2.087,0.461,"Ground_Mountain_1_1:(0.127, 0.333, -0.934);Ground_Mountain_1_1:(0.127, 0.333, -0.934);Ground_Mountain_1_1:(0.127, 0.333, -0.934);"
7.700,230.272,902.741,95.416,-104.144,2.179,0.907,1.784,0.918,1.000,0.000,-0.048,2,2.275,2.327,0.458,"Ground_Mountain_1_1:(0.127, 0.333, -0.934);Ground_Mountain_1_1:(0.127, 0.333, -0.934);Ground_Mountain_1_1:(0.127, 0.333, -0.934);"
7.720,230.272,902.759,95.453,-104.125,2.320,0.946,1.895,0.995,1.000,0.000,-0.048,2,2.326,2.566,0.455,"Ground_Mountain_1_1:(0.127, 0.333, -0.934);Ground_Mountain_1_1:(0.127, 0.333, -0.934);Ground_Mountain_1_1:(0.127, 0.333, -0.934);"
7.740,230.272,902.778,95.486,-104.108,2.140,0.953,1.717,0.925,1.000,0.000,-0.049,1,1.311,3.668,0.452,"Ground_Mountain_1_1:(0.127, 0.333, -0.934);Ground_Mountain_1_1:(0.127, 0.333, -0.934);Ground_Mountain_1_1:(0.127, 0.333, -0.934);"
7.760,230.272,902.797,95.516,-104.091,1.960,0.959,1.539,0.856,1.000,0.000,-0.049,1,1.284,3.668,0.448,"Ground_Mountain_1_1:(0.127, 0.333, -0.934);Ground_Mountain_1_1:(0.127, 0.333, -0.934);Ground_Mountain_1_1:(0.127, 0.333, -0.934);"
7.780,230.272,902.816,95.542,-104.076,1.780,0.962,1.349,0.810,1.000,0.000,-0.049,0,0.000,3.669,0.445,"Ground_Mountain_1_1:(0.127, 0.333, -0.934);Ground_Mountain_1_1:(0.127, 0.333, -0.934);Ground_Mountain_1_1:(0.127, 0.333, -0.934);"
7.800,230.272,902.835,95.565,-104.062,1.599,0.965,1.158,0.763,1.000,0.000,-0.049,0,0.000,3.693,0.442,"Ground_Mountain_1_1:(0.127, 0.333, -0.934);Ground_Mountain_1_1:(0.127, 0.333, -0.934);Ground_Mountain_1_1:(0.127, 0.333, -0.934);"
7.820,230.272,902.854,95.583,-104.049,1.418,0.968,0.968,0.715,1.000,0.000,-0.050,0,0.000,3.717,0.438,"Ground_Mountain_1_1:(0.127, 0.333, -0.934);Ground_Mountain_1_1:(0.127, 0.333, -0.934);Ground_Mountain_1_1:(0.127, 0.333, -0.934);"
7.840,230.272,902.873,95.597,-104.036,1.235,0.971,0.776,0.668,1.000,0.000,-0.050,0,0.000,3.742,0.434,"Ground_Mountain_1_1:(0.127, 0.333, -0.934);Ground_Mountain_1_1:(0.127, 0.333, -0.934);Ground_Mountain_1_1:(0.127, 0.333, -0.934);"
7.860,230.295,902.893,95.608,-104.025,1.051,0.974,0.585,0.619,1.000,0.000,-0.050,0,0.000,3.767,0.429,"Ground_Mountain_1_1:(0.127, 0.333, -0.934);Ground_Mountain_1_1:(0.127, 0.333, -0.934);Ground_Mountain_1_1:(0.127, 0.333, -0.934);"
7.880,230.317,902.912,95.614,-104.015,0.866,0.976,0.393,0.571,1.000,0.000,-0.050,0,0.000,3.792,0.425,"Ground_Mountain_1_1:(0.127, 0.333, -0.934);Ground_Mountain_1_1:(0.127, 0.333, -0.934);Ground_Mountain_1_1:(0.127, 0.333, -0.934);"
7.900,230.338,902.931,95.617,-104.005,0.680,0.976,0.201,0.522,1.000,0.000,-0.050,0,0.000,3.818,0.420,"Ground_Mountain_1_1:(0.127, 0.333, -0.934);Ground_Mountain_1_1:(0.127, 0.333, -0.934);Ground_Mountain_1_1:(0.127, 0.333, -0.934);"
7.920,230.359,902.950,95.616,-103.997,0.494,0.974,0.010,0.473,1.000,0.000,-0.050,0,0.000,3.843,0.414,"Ground_Mountain_1_1:(0.127, 0.333, -0.934);Ground_Mountain_1_1:(0.127, 0.333, -0.934);Ground_Mountain_1_1:(0.127, 0.333, -0.934);"
7.940,230.378,902.969,95.611,-103.989,0.308,0.970,-0.178,0.425,1.000,0.000,-0.050,0,0.000,3.869,0.409,"Ground_Mountain_1_1:(0.127, 0.333, -0.934);Ground_Mountain_1_1:(0.127, 0.333, -0.934);Ground_Mountain_1_1:(0.127, 0.333, -0.934);"
7.960,230.397,902.987,95.602,-103.983,0.126,0.965,-0.363,0.378,1.000,0.000,-0.049,0,0.000,3.896,0.403,"Ground_Mountain_1_1:(0.127, 0.333, -0.934);Ground_Mountain_1_1:(0.127, 0.333, -0.934);Ground_Mountain_1_1:(0.127, 0.333, -0.934);"
7.980,230.414,903.006,95.590,-103.977,-0.049,0.962,-0.539,0.334,1.000,0.000,-0.049,0,0.000,3.923,0.398,"Ground_Mountain_1_1:(0.127, 0.333, -0.934);Ground_Mountain_1_1:(0.127, 0.333, -0.934);Ground_Mountain_1_1:(0.127, 0.333, -0.934);"
8.000,230.431,903.024,95.574,-103.973,-0.225,0.957,-0.710,0.281,1.000,0.000,-0.049,0,0.000,3.950,0.391,"Ground_Mountain_1_1:(0.092, 0.337, -0.937);Ground_Mountain_1_1:(0.092, 0.337, -0.937);Ground_Mountain_1_1:(0.092, 0.337, -0.937);Ground_Mountain_1_1:(0.092, 0.337, -0.937);Ground_Mountain_1_1:(0.092, 0.337, -0.937);"
8.020,230.447,903.043,95.554,-103.969,-0.394,0.957,-0.882,0.242,1.000,0.000,-0.049,0,0.000,4.001,0.385,"Ground_Mountain_1_1:(0.102, 0.338, -0.936);Ground_Mountain_1_1:(0.102, 0.338, -0.936);Ground_Mountain_1_1:(0.102, 0.338, -0.936);Ground_Mountain_1_1:(0.102, 0.338, -0.936);Ground_Mountain_1_1:(0.102, 0.338, -0.936);Ground_Mountain_1_1:(0.102, 0.338, -0.936);"
8.040,230.462,903.062,95.532,-103.966,-0.559,0.961,-1.049,0.202,1.000,0.000,-0.049,0,0.000,4.025,0.378,"Ground_Mountain_1_1:(0.102, 0.338, -0.936);Ground_Mountain_1_1:(0.102, 0.338, -0.936);Ground_Mountain_1_1:(0.102, 0.338, -0.936);Ground_Mountain_1_1:(0.102, 0.338, -0.936);Ground_Mountain_1_1:(0.102, 0.338, -0.936);Ground_Mountain_1_1:(0.102, 0.338, -0.936);"
8.060,230.477,903.080,95.505,-103.963,-0.725,0.966,-1.216,0.162,1.000,0.000,-0.049,0,0.000,4.054,0.371,"Ground_Mountain_1_1:(0.102, 0.338, -0.936);Ground_Mountain_1_1:(0.102, 0.338, -0.936);Ground_Mountain_1_1:(0.102, 0.338, -0.936);Ground_Mountain_1_1:(0.102, 0.338, -0.936);Ground_Mountain_1_1:(0.102, 0.338, -0.936);Ground_Mountain_1_1:(0.102, 0.338, -0.936);"
8.080,230.491,903.099,95.476,-103.962,-0.890,0.972,-1.383,0.122,1.000,0.000,-0.048,0,0.000,4.082,0.364,"Ground_Mountain_1_1:(0.102, 0.338, -0.936);Ground_Mountain_1_1:(0.102, 0.338, -0.936);Ground_Mountain_1_1:(0.102, 0.338, -0.936);Ground_Mountain_1_1:(0.102, 0.338, -0.936);Ground_Mountain_1_1:(0.102, 0.338, -0.936);Ground_Mountain_1_1:(0.102, 0.338, -0.936);"
8.100,230.504,903.118,95.442,-103.961,-1.056,0.978,-1.550,0.082,1.000,0.000,-0.048,0,0.000,4.109,0.356,"Ground_Mountain_1_1:(0.091, 0.332, -0.939);Ground_Mountain_1_1:(0.091, 0.332, -0.939);Ground_Mountain_1_1:(0.091, 0.332, -0.939);Ground_Mountain_1_1:(0.091, 0.332, -0.939);Ground_Mountain_1_1:(0.091, 0.332, -0.939);Ground_Mountain_1_1:(0.091, 0.332, -0.939);Ground_Mountain_1_1:(0.141, 0.559, -0.817);"
8.120,230.516,903.137,95.407,-103.962,-1.214,0.983,-1.692,0.000,1.000,0.000,-0.049,0,0.000,4.135,0.349,"Ground_Mountain_1_1:(0.081, 0.334, -0.939);Ground_Mountain_1_1:(0.081, 0.334, -0.939);Ground_Mountain_1_1:(0.081, 0.334, -0.939);Ground_Mountain_1_1:(0.081, 0.334, -0.939);Ground_Mountain_1_1:(0.081, 0.334, -0.939);Ground_Mountain_1_1:(0.081, 0.334, -0.939);Ground_Mountain_1_1:(0.141, 0.559, -0.817);Ground_Mountain_1_1:(0.141, 0.559, -0.817);Ground_Mountain_1_1:(0.141, 0.559, -0.817);"
8.140,230.528,903.154,95.376,-103.972,-1.247,0.965,-1.525,-0.484,1.000,0.000,-0.049,0,0.000,4.131,0.348,"Ground_Mountain_1_1:(0.083, 0.334, -0.939);Ground_Mountain_1_1:(0.083, 0.334, -0.939);Ground_Mountain_1_1:(0.083, 0.334, -0.939);Ground_Mountain_1_1:(0.083, 0.334, -0.939);Ground_Mountain_1_1:(0.083, 0.334, -0.939);Ground_Mountain_1_1:(0.083, 0.334, -0.939);Ground_Mountain_1_1:(0.141, 0.559, -0.817);Ground_Mountain_1_1:(0.141, 0.559, -0.817);Ground_Mountain_1_1:(0.141, 0.559, -0.817);Ground_Mountain_1_1:(0.141, 0.559, -0.817);Ground_Mountain_1_1:(0.141, 0.559, -0.817);"
8.160,230.538,903.172,95.344,-103.984,-1.364,0.977,-1.597,-0.640,1.000,0.000,-0.049,0,0.000,3.743,0.350,"Ground_Mountain_1_1:(0.092, 0.328, -0.940);Ground_Mountain_1_1:(0.092, 0.328, -0.940);Ground_Mountain_1_1:(0.092, 0.328, -0.940);Ground_Mountain_1_1:(0.092, 0.328, -0.940);Ground_Mountain_1_1:(0.092, 0.328, -0.940);Ground_Mountain_1_1:(0.092, 0.328, -0.940);Ground_Mountain_1_1:(0.141, 0.559, -0.817);Ground_Mountain_1_1:(0.141, 0.559, -0.817);Ground_Mountain_1_1:(0.141, 0.559, -0.817);Ground_Mountain_1_1:(0.141, 0.559, -0.817);Ground_Mountain_1_1:(0.141, 0.559, -0.817);"
8.180,230.548,903.190,95.310,-103.999,-1.503,0.987,-1.719,-0.731,1.000,0.000,-0.049,0,0.000,3.643,0.352,"Ground_Mountain_1_1:(0.092, 0.328, -0.940);Ground_Mountain_1_1:(0.092, 0.328, -0.940);Ground_Mountain_1_1:(0.092, 0.328, -0.940);Ground_Mountain_1_1:(0.092, 0.328, -0.940);Ground_Mountain_1_1:(0.092, 0.328, -0.940);Ground_Mountain_1_1:(0.092, 0.328, -0.940);Ground_Mountain_1_1:(0.141, 0.559, -0.817);Ground_Mountain_1_1:(0.141, 0.559, -0.817);Ground_Mountain_1_1:(0.141, 0.559, -0.817);"
8.200,230.557,903.210,95.274,-104.015,-1.639,0.998,-1.845,-0.805,1.000,0.000,-0.049,0,0.000,3.594,0.355,"Ground_Mountain_1_1:(0.092, 0.328, -0.940);Ground_Mountain_1_1:(0.092, 0.328, -0.940);Ground_Mountain_1_1:(0.092, 0.328, -0.940);Ground_Mountain_1_1:(0.092, 0.328, -0.940);Ground_Mountain_1_1:(0.092, 0.328, -0.940);Ground_Mountain_1_1:(0.092, 0.328, -0.940);Ground_Mountain_1_1:(0.141, 0.559, -0.817);Ground_Mountain_1_1:(0.141, 0.559, -0.817);Ground_Mountain_1_1:(0.141, 0.559, -0.817);"
8.220,230.568,903.231,95.236,-104.032,-1.784,1.010,-1.984,-0.874,1.000,0.000,-0.049,0,0.000,3.506,0.359,"Ground_Mountain_1_1:(0.079, 0.329, -0.941);Ground_Mountain_1_1:(0.079, 0.329, -0.941);Ground_Mountain_1_1:(0.079, 0.329, -0.941);Ground_Mountain_1_1:(0.079, 0.329, -0.941);Ground_Mountain_1_1:(0.079, 0.329, -0.941);Ground_Mountain_1_1:(0.079, 0.329, -0.941);Ground_Mountain_1_1:(0.141, 0.559, -0.817);Ground_Mountain_1_1:(0.141, 0.559, -0.817);Ground_Mountain_1_1:(0.141, 0.559, -0.817);"
8.240,230.578,903.252,95.195,-104.051,-1.949,1.022,-2.130,-0.979,1.000,0.000,-0.049,1,3.994,3.477,0.364,"Ground_Mountain_1_1:(0.141, 0.559, -0.817);Ground_Mountain_1_1:(0.141, 0.559, -0.817);Ground_Mountain_1_1:(0.141, 0.559, -0.817);Ground_Mountain_1_1:(0.079, 0.330, -0.941);Ground_Mountain_1_1:(0.079, 0.330, -0.941);Ground_Mountain_1_1:(0.079, 0.330, -0.941);Ground_Mountain_1_1:(0.079, 0.330, -0.941);Ground_Mountain_1_1:(0.079, 0.330, -0.941);"
8.260,230.588,903.273,95.151,-104.072,-2.119,1.026,-2.276,-1.086,1.000,0.000,-0.049,1,3.855,3.414,0.369,"Ground_Mountain_1_1:(0.078, 0.338, -0.938);Ground_Mountain_1_1:(0.078, 0.338, -0.938);Ground_Mountain_1_1:(0.078, 0.338, -0.938);Ground_Mountain_1_1:(0.078, 0.338, -0.938);Ground_Mountain_1_1:(0.078, 0.338, -0.938);Ground_Mountain_1_1:(0.141, 0.559, -0.817);Ground_Mountain_1_1:(0.141, 0.559, -0.817);"
8.280,230.598,903.291,95.115,-104.090,-1.760,0.823,-1.860,-0.948,1.000,0.000,-0.050,2,7.379,3.074,0.375,"Ground_Mountain_1_1:(0.079, 0.349, -0.934);Ground_Mountain_1_1:(0.079, 0.349, -0.934);Ground_Mountain_1_1:(0.079, 0.349, -0.934);Ground_Mountain_1_1:(0.079, 0.349, -0.934);Ground_Mountain_1_1:(0.079, 0.349, -0.934);Ground_Mountain_1_1:(0.079, 0.349, -0.934);Ground_Mountain_1_1:(0.141, 0.559, -0.817);Ground_Mountain_1_1:(0.141, 0.559, -0.817);Ground_Mountain_1_1:(0.141, 0.559, -0.817);"
8.300,230.606,903.307,95.087,-104.105,-1.400,0.688,-1.467,-0.802,1.000,0.000,-0.049,2,7.040,2.671,0.381,"Ground_Mountain_1_1:(0.082, 0.352, -0.932);Ground_Mountain_1_1:(0.082, 0.352, -0.932);Ground_Mountain_1_1:(0.082, 0.352, -0.932);Ground_Mountain_1_1:(0.082, 0.352, -0.932);Ground_Mountain_1_1:(0.082, 0.352, -0.932);Ground_Mountain_1_1:(0.082, 0.352, -0.932);Ground_Mountain_1_1:(0.141, 0.559, -0.817);Ground_Mountain_1_1:(0.141, 0.559, -0.817);Ground_Mountain_1_1:(0.141, 0.559, -0.817);"
8.320,230.614,903.322,95.067,-104.117,-1.039,0.607,-1.090,-0.655,1.000,0.000,-0.049,2,6.674,2.548,0.388,"Ground_Mountain_1_1:(0.085, 0.355, -0.931);Ground_Mountain_1_1:(0.085, 0.355, -0.931);Ground_Mountain_1_1:(0.085, 0.355, -0.931);Ground_Mountain_1_1:(0.085, 0.355, -0.931);Ground_Mountain_1_1:(0.085, 0.355, -0.931);Ground_Mountain_1_1:(0.085, 0.355, -0.931);Ground_Mountain_1_1:(0.141, 0.559, -0.817);Ground_Mountain_1_1:(0.141, 0.559, -0.817);Ground_Mountain_1_1:(0.141, 0.559, -0.817);"
8.340,230.623,903.336,95.055,-104.127,-0.663,0.575,-0.699,-0.541,1.000,0.000,-0.049,2,6.311,2.756,0.393,"Ground_Mountain_1_1:(0.086, 0.351, -0.933);Ground_Mountain_1_1:(0.086, 0.351, -0.933);Ground_Mountain_1_1:(0.086, 0.351, -0.933);Ground_Mountain_1_1:(0.086, 0.351, -0.933);Ground_Mountain_1_1:(0.086, 0.351, -0.933);Ground_Mountain_1_1:(0.086, 0.351, -0.933);Ground_Mountain_1_1:(0.141, 0.559, -0.817);Ground_Mountain_1_1:(0.141, 0.559, -0.817);Ground_Mountain_1_1:(0.141, 0.559, -0.817);"
8.360,230.633,903.350,95.050,-104.134,-0.288,0.573,-0.326,-0.405,1.000,0.000,-0.049,2,6.079,3.125,0.397,"Ground_Mountain_1_1:(0.089, 0.352, -0.932);Ground_Mountain_1_1:(0.089, 0.352, -0.932);Ground_Mountain_1_1:(0.089, 0.352, -0.932);Ground_Mountain_1_1:(0.089, 0.352, -0.932);Ground_Mountain_1_1:(0.089, 0.352, -0.932);Ground_Mountain_1_1:(0.089, 0.352, -0.932);Ground_Mountain_1_1:(0.141, 0.559, -0.817);Ground_Mountain_1_1:(0.141, 0.559, -0.817);"
8.380,230.644,903.363,95.048,-104.141,-0.117,0.536,-0.134,-0.362,1.000,0.000,-0.049,2,5.740,3.251,0.402,"Ground_Mountain_1_1:(0.079, 0.332, -0.940);Ground_Mountain_1_1:(0.079, 0.332, -0.940);Ground_Mountain_1_1:(0.079, 0.332, -0.940);Ground_Mountain_1_1:(0.079, 0.332, -0.940);Ground_Mountain_1_1:(0.141, 0.559, -0.817);"
8.400,230.656,903.375,95.050,-104.146,0.050,0.514,0.044,-0.308,1.000,0.000,-0.048,2,5.183,3.141,0.406,"Ground_Mountain_1_1:(0.079, 0.332, -0.940);Ground_Mountain_1_1:(0.079, 0.332, -0.940);Ground_Mountain_1_1:(0.079, 0.332, -0.940);Ground_Mountain_1_1:(0.079, 0.332, -0.940);Ground_Mountain_1_1:(0.141, 0.559, -0.817);"
8.420,230.667,903.387,95.056,-104.150,0.204,0.506,0.199,-0.247,1.000,0.000,-0.048,2,4.667,3.045,0.411,"Ground_Mountain_1_1:(0.097, 0.331, -0.939);Ground_Mountain_1_1:(0.097, 0.331, -0.939);Ground_Mountain_1_1:(0.097, 0.331, -0.939);Ground_Mountain_1_1:(0.097, 0.331, -0.939);"
8.440,230.679,903.399,95.064,-104.153,0.350,0.509,0.346,-0.194,1.000,0.000,-0.048,2,4.187,2.961,0.416,"Ground_Mountain_1_1:(0.097, 0.331, -0.939);Ground_Mountain_1_1:(0.097, 0.331, -0.939);Ground_Mountain_1_1:(0.097, 0.331, -0.939);Ground_Mountain_1_1:(0.097, 0.331, -0.939);"
8.460,230.691,903.410,95.075,-104.155,0.498,0.522,0.483,-0.128,1.000,0.000,-0.048,2,3.808,2.287,0.421,"Ground_Mountain_1_1:(0.114, 0.336, -0.935);Ground_Mountain_1_1:(0.114, 0.336, -0.935);Ground_Mountain_1_1:(0.114, 0.336, -0.935);Ground_Mountain_1_1:(0.114, 0.336, -0.935);"
8.480,230.704,903.421,95.089,-104.155,0.641,0.543,0.610,-0.057,1.000,0.000,-0.048,2,3.451,1.861,0.426,"Ground_Mountain_1_1:(0.097, 0.331, -0.939);Ground_Mountain_1_1:(0.097, 0.331, -0.939);Ground_Mountain_1_1:(0.097, 0.331, -0.939);Ground_Mountain_1_1:(0.097, 0.331, -0.939);"
8.500,230.717,903.433,95.104,-104.154,0.789,0.569,0.731,0.030,1.000,0.000,-0.048,2,3.137,1.873,0.430,"Ground_Mountain_1_1:(0.114, 0.336, -0.935);Ground_Mountain_1_1:(0.114, 0.336, -0.935);Ground_Mountain_1_1:(0.114, 0.336, -0.935);Ground_Mountain_1_1:(0.114, 0.336, -0.935);"
8.520,230.731,903.445,95.122,-104.152,0.931,0.599,0.848,0.110,1.000,0.000,-0.048,2,2.836,1.859,0.433,"Ground_Mountain_1_1:(0.097, 0.331, -0.939);Ground_Mountain_1_1:(0.097, 0.331, -0.939);Ground_Mountain_1_1:(0.097, 0.331, -0.939);Ground_Mountain_1_1:(0.097, 0.331, -0.939);"
8.540,230.747,903.458,95.142,-104.147,1.077,0.629,0.962,0.204,1.000,0.000,-0.048,2,2.616,2.014,0.437,"Ground_Mountain_1_1:(0.114, 0.336, -0.935);Ground_Mountain_1_1:(0.114, 0.336, -0.935);Ground_Mountain_1_1:(0.114, 0.336, -0.935);Ground_Mountain_1_1:(0.114, 0.336, -0.935);"
8.560,230.764,903.471,95.165,-104.141,1.218,0.660,1.074,0.288,1.000,0.000,-0.048,2,2.406,2.068,0.439,"Ground_Mountain_1_1:(0.097, 0.331, -0.939);Ground_Mountain_1_1:(0.097, 0.331, -0.939);Ground_Mountain_1_1:(0.097, 0.331, -0.939);Ground_Mountain_1_1:(0.097, 0.331, -0.939);"
8.580,230.781,903.485,95.189,-104.133,1.363,0.692,1.183,0.385,1.000,0.000,-0.048,2,2.274,2.290,0.441,"Ground_Mountain_1_1:(0.114, 0.336, -0.935);Ground_Mountain_1_1:(0.114, 0.336, -0.935);Ground_Mountain_1_1:(0.114, 0.336, -0.935);Ground_Mountain_1_1:(0.114, 0.336, -0.935);"
8.600,230.801,903.499,95.215,-104.123,1.505,0.725,1.291,0.476,1.000,0.000,-0.048,2,2.139,2.380,0.442,"Ground_Mountain_1_1:(0.114, 0.336, -0.935);Ground_Mountain_1_1:(0.114, 0.336, -0.935);Ground_Mountain_1_1:(0.114, 0.336, -0.935);Ground_Mountain_1_1:(0.114, 0.336, -0.935);"
8.620,230.821,903.514,95.243,-104.112,1.643,0.758,1.397,0.560,1.000,0.000,-0.048,2,2.064,2.596,0.442,"Ground_Mountain_1_1:(0.097, 0.331, -0.939);Ground_Mountain_1_1:(0.097, 0.331, -0.939);Ground_Mountain_1_1:(0.097, 0.331, -0.939);Ground_Mountain_1_1:(0.097, 0.331, -0.939);"
8.640,230.842,903.530,95.267,-104.102,1.464,0.766,1.218,0.497,1.000,0.000,-0.048,1,1.470,3.536,0.443,"Ground_Mountain_1_1:(0.114, 0.336, -0.935);Ground_Mountain_1_1:(0.114, 0.336, -0.935);Ground_Mountain_1_1:(0.114, 0.336, -0.935);Ground_Mountain_1_1:(0.114, 0.336, -0.935);"
8.660,230.863,903.545,95.288,-104.094,1.280,0.773,1.039,0.420,1.000,0.000,-0.048,1,1.334,3.511,0.443,"Ground_Mountain_1_1:(0.097, 0.331, -0.939);Ground_Mountain_1_1:(0.097, 0.331, -0.939);Ground_Mountain_1_1:(0.097, 0.331, -0.939);Ground_Mountain_1_1:(0.097, 0.331, -0.939);"
8.680,230.883,903.561,95.305,-104.086,1.102,0.776,0.848,0.382,1.000,0.000,-0.047,0,0.000,3.522,0.443,"Ground_Mountain_1_1:(0.114, 0.336, -0.935);Ground_Mountain_1_1:(0.114, 0.336, -0.935);Ground_Mountain_1_1:(0.114, 0.336, -0.935);Ground_Mountain_1_1:(0.114, 0.336, -0.935);"
8.700,230.902,903.576,95.318,-104.080,0.918,0.777,0.658,0.330,1.000,0.000,-0.047,0,0.000,3.524,0.443,"Ground_Mountain_1_1:(0.097, 0.331, -0.939);Ground_Mountain_1_1:(0.097, 0.331, -0.939);Ground_Mountain_1_1:(0.097, 0.331, -0.939);Ground_Mountain_1_1:(0.097, 0.331, -0.939);"
8.720,230.921,903.591,95.328,-104.074,0.737,0.776,0.468,0.285,1.000,0.000,-0.047,0,0.000,3.558,0.443,"Ground_Mountain_1_1:(0.097, 0.331, -0.939);Ground_Mountain_1_1:(0.097, 0.331, -0.939);Ground_Mountain_1_1:(0.097, 0.331, -0.939);Ground_Mountain_1_1:(0.097, 0.331, -0.939);"
8.740,230.938,903.607,95.333,-104.070,0.555,0.774,0.278,0.240,1.000,0.000,-0.047,0,0.000,3.571,0.442,"Ground_Mountain_1_1:(0.097, 0.331, -0.939);Ground_Mountain_1_1:(0.097, 0.331, -0.939);Ground_Mountain_1_1:(0.097, 0.331, -0.939);Ground_Mountain_1_1:(0.097, 0.331, -0.939);"
8.760,230.955,903.622,95.335,-104.066,0.375,0.771,0.091,0.195,1.000,0.000,-0.047,0,0.000,3.588,0.441,"Ground_Mountain_1_1:(0.097, 0.331, -0.939);Ground_Mountain_1_1:(0.097, 0.331, -0.939);Ground_Mountain_1_1:(0.097, 0.331, -0.939);Ground_Mountain_1_1:(0.097, 0.331, -0.939);"
8.780,230.970,903.637,95.333,-104.063,0.201,0.766,-0.089,0.152,1.000,0.000,-0.046,0,0.000,3.607,0.440,"Ground_Mountain_1_1:(0.097, 0.331, -0.939);Ground_Mountain_1_1:(0.097, 0.331, -0.939);Ground_Mountain_1_1:(0.097, 0.331, -0.939);Ground_Mountain_1_1:(0.097, 0.331, -0.939);"
8.800,230.985,903.652,95.327,-104.061,0.029,0.761,-0.268,0.110,1.000,0.000,-0.046,0,0.000,3.626,0.438,"Ground_Mountain_1_1:(0.097, 0.331, -0.939);Ground_Mountain_1_1:(0.097, 0.331, -0.939);Ground_Mountain_1_1:(0.097, 0.331, -0.939);Ground_Mountain_1_1:(0.097, 0.331, -0.939);"
8.820,230.999,903.667,95.317,-104.060,-0.142,0.757,-0.445,0.069,1.000,0.000,-0.046,0,0.000,3.647,0.437,"Ground_Mountain_1_1:(0.097, 0.331, -0.939);Ground_Mountain_1_1:(0.097, 0.331, -0.939);Ground_Mountain_1_1:(0.097, 0.331, -0.939);Ground_Mountain_1_1:(0.097, 0.331, -0.939);"
8.840,231.012,903.681,95.304,-104.060,-0.312,0.754,-0.621,0.028,1.000,0.000,-0.046,0,0.000,3.668,0.435,"Ground_Mountain_1_1:(0.097, 0.331, -0.939);Ground_Mountain_1_1:(0.097, 0.331, -0.939);Ground_Mountain_1_1:(0.097, 0.331, -0.939);Ground_Mountain_1_1:(0.097, 0.331, -0.939);"
8.860,231.024,903.696,95.288,-104.061,-0.481,0.752,-0.796,-0.012,1.000,0.000,-0.045,0,0.000,3.690,0.432,"Ground_Mountain_1_1:(0.097, 0.331, -0.939);Ground_Mountain_1_1:(0.097, 0.331, -0.939);Ground_Mountain_1_1:(0.097, 0.331, -0.939);Ground_Mountain_1_1:(0.097, 0.331, -0.939);"
8.880,231.035,903.711,95.268,-104.062,-0.650,0.750,-0.970,-0.052,1.000,0.000,-0.045,0,0.000,3.713,0.429,"Ground_Mountain_1_1:(0.097, 0.331, -0.939);Ground_Mountain_1_1:(0.097, 0.331, -0.939);Ground_Mountain_1_1:(0.097, 0.331, -0.939);Ground_Mountain_1_1:(0.097, 0.331, -0.939);"
8.900,231.045,903.725,95.244,-104.065,-0.818,0.751,-1.146,-0.088,1.000,0.000,-0.045,0,0.000,3.734,0.427,"Ground_Mountain_1_1:(0.131, 0.340, -0.931);Ground_Mountain_1_1:(0.131, 0.340, -0.931);Ground_Mountain_1_1:(0.131, 0.340, -0.931);Ground_Mountain_1_1:(0.131, 0.340, -0.931);"
8.920,231.055,903.740,95.217,-104.068,-0.983,0.755,-1.317,-0.127,1.000,0.000,-0.045,0,0.000,3.747,0.423,"Ground_Mountain_1_1:(0.131, 0.340, -0.931);Ground_Mountain_1_1:(0.131, 0.340, -0.931);Ground_Mountain_1_1:(0.131, 0.340, -0.931);Ground_Mountain_1_1:(0.131, 0.340, -0.931);"
8.940,231.063,903.754,95.186,-104.072,-1.145,0.764,-1.486,-0.164,1.000,0.000,-0.044,0,0.000,3.771,0.420,"Ground_Mountain_1_1:(0.131, 0.340, -0.931);Ground_Mountain_1_1:(0.131, 0.340, -0.931);Ground_Mountain_1_1:(0.131, 0.340, -0.931);Ground_Mountain_1_1:(0.131, 0.340, -0.931);"
8.960,231.072,903.770,95.153,-104.078,-1.307,0.784,-1.621,-0.273,1.000,0.000,-0.044,1,3.821,3.795,0.417,"Ground_Mountain_1_1:(0.113, 0.341, -0.933);Ground_Mountain_1_1:(0.113, 0.341, -0.933);Ground_Mountain_1_1:(0.113, 0.341, -0.933);Ground_Mountain_1_1:(0.113, 0.341, -0.933);"
8.980,231.079,903.785,95.118,-104.086,-1.469,0.803,-1.758,-0.380,1.000,0.000,-0.044,1,3.934,3.762,0.415,"Ground_Mountain_1_1:(0.113, 0.341, -0.933);Ground_Mountain_1_1:(0.113, 0.341, -0.933);Ground_Mountain_1_1:(0.113, 0.341, -0.933);Ground_Mountain_1_1:(0.113, 0.341, -0.933);"
9.000,231.087,903.799,95.090,-104.092,-1.096,0.695,-1.351,-0.262,1.000,0.000,-0.044,2,7.287,5.303,0.413,"Ground_Mountain_1_1:(0.113, 0.341, -0.933);Ground_Mountain_1_1:(0.113, 0.341, -0.933);Ground_Mountain_1_1:(0.113, 0.341, -0.933);Ground_Mountain_1_1:(0.113, 0.341, -0.933);"
9.020,231.094,903.811,95.071,-104.095,-0.731,0.625,-0.960,-0.150,1.000,0.000,-0.043,2,7.430,5.259,0.412,"Ground_Mountain_1_1:(0.113, 0.341, -0.933);Ground_Mountain_1_1:(0.113, 0.341, -0.933);Ground_Mountain_1_1:(0.113, 0.341, -0.933);Ground_Mountain_1_1:(0.113, 0.341, -0.933);"
9.040,231.102,903.822,95.059,-104.096,-0.371,0.585,-0.585,-0.043,1.000,0.000,-0.043,2,7.453,5.201,0.411,"Ground_Mountain_1_1:(0.113, 0.341, -0.933);Ground_Mountain_1_1:(0.113, 0.341, -0.933);Ground_Mountain_1_1:(0.113, 0.341, -0.933);Ground_Mountain_1_1:(0.113, 0.341, -0.933);"
9.060,231.111,903.833,95.051,-104.097,-0.210,0.527,-0.380,-0.042,1.000,0.000,-0.043,2,7.373,5.123,0.411,"Ground_Mountain_1_1:(0.113, 0.341, -0.933);Ground_Mountain_1_1:(0.113, 0.341, -0.933);Ground_Mountain_1_1:(0.113, 0.341, -0.933);Ground_Mountain_1_1:(0.113, 0.341, -0.933);"
9.080,231.119,903.842,95.047,-104.098,-0.053,0.489,-0.190,-0.035,1.000,0.000,-0.042,2,6.991,4.829,0.411,"Ground_Mountain_1_1:(0.113, 0.341, -0.933);Ground_Mountain_1_1:(0.113, 0.341, -0.933);Ground_Mountain_1_1:(0.113, 0.341, -0.933);Ground_Mountain_1_1:(0.113, 0.341, -0.933);"
9.100,231.128,903.851,95.047,-104.098,0.098,0.467,-0.015,-0.020,1.000,0.000,-0.042,2,6.580,4.558,0.412,"Ground_Mountain_1_1:(0.113, 0.341, -0.933);Ground_Mountain_1_1:(0.113, 0.341, -0.933);Ground_Mountain_1_1:(0.113, 0.341, -0.933);Ground_Mountain_1_1:(0.113, 0.341, -0.933);"
9.120,231.137,903.861,95.051,-104.098,0.245,0.459,0.147,0.000,1.000,0.000,-0.041,2,6.151,4.310,0.414,"Ground_Mountain_1_1:(0.113, 0.341, -0.933);Ground_Mountain_1_1:(0.113, 0.341, -0.933);Ground_Mountain_1_1:(0.113, 0.341, -0.933);Ground_Mountain_1_1:(0.113, 0.341, -0.933);"
9.140,231.147,903.870,95.057,-104.097,0.385,0.465,0.295,0.028,1.000,0.000,-0.041,2,5.721,4.107,0.416,"Ground_Mountain_1_1:(0.113, 0.341, -0.933);Ground_Mountain_1_1:(0.113, 0.341, -0.933);Ground_Mountain_1_1:(0.113, 0.341, -0.933);Ground_Mountain_1_1:(0.113, 0.341, -0.933);"
9.160,231.157,903.880,95.067,-104.096,0.521,0.481,0.431,0.062,1.000,0.000,-0.041,2,5.292,3.923,0.418,"Ground_Mountain_1_1:(0.113, 0.341, -0.933);Ground_Mountain_1_1:(0.113, 0.341, -0.933);Ground_Mountain_1_1:(0.113, 0.341, -0.933);Ground_Mountain_1_1:(0.113, 0.341, -0.933);"
9.180,231.168,903.890,95.078,-104.093,0.658,0.501,0.563,0.105,1.000,0.000,-0.041,2,4.883,3.797,0.421,"Ground_Mountain_1_1:(0.113, 0.341, -0.933);Ground_Mountain_1_1:(0.113, 0.341, -0.933);Ground_Mountain_1_1:(0.113, 0.341, -0.933);Ground_Mountain_1_1:(0.113, 0.341, -0.933);"
9.200,231.180,903.900,95.093,-104.090,0.795,0.523,0.690,0.155,1.000,0.000,-0.041,2,4.490,3.691,0.423,"Ground_Mountain_1_1:(0.113, 0.341, -0.933);Ground_Mountain_1_1:(0.113, 0.341, -0.933);Ground_Mountain_1_1:(0.113, 0.341, -0.933);Ground_Mountain_1_1:(0.113, 0.341, -0.933);"
9.220,231.194,903.911,95.110,-104.085,0.931,0.548,0.813,0.212,1.000,0.000,-0.041,2,4.130,3.640,0.425,"Ground_Mountain_1_1:(0.113, 0.341, -0.933);Ground_Mountain_1_1:(0.113, 0.341, -0.933);Ground_Mountain_1_1:(0.113, 0.341, -0.933);Ground_Mountain_1_1:(0.113, 0.341, -0.933);"
9.240,231.208,903.922,95.123,-104.083,0.749,0.553,0.644,0.127,1.000,0.000,-0.041,1,2.205,3.444,0.428,"Ground_Mountain_1_1:(0.107, 0.337, -0.935);Ground_Mountain_1_1:(0.107, 0.337, -0.935);Ground_Mountain_1_1:(0.107, 0.337, -0.935);Ground_Mountain_1_1:(0.107, 0.337, -0.935);Ground_Mountain_1_1:(0.107, 0.337, -0.935);"
9.260,231.222,903.934,95.134,-104.081,0.568,0.556,0.474,0.049,1.000,0.000,-0.041,1,1.992,3.423,0.431,"Ground_Mountain_1_1:(0.107, 0.337, -0.935);Ground_Mountain_1_1:(0.107, 0.337, -0.935);Ground_Mountain_1_1:(0.107, 0.337, -0.935);Ground_Mountain_1_1:(0.107, 0.337, -0.935);Ground_Mountain_1_1:(0.107, 0.337, -0.935);"
9.280,231.235,903.945,95.141,-104.082,0.388,0.557,0.304,-0.026,1.000,0.000,-0.040,1,1.804,3.401,0.434,"Ground_Mountain_1_1:(0.107, 0.337, -0.935);Ground_Mountain_1_1:(0.107, 0.337, -0.935);Ground_Mountain_1_1:(0.107, 0.337, -0.935);Ground_Mountain_1_1:(0.107, 0.337, -0.935);Ground_Mountain_1_1:(0.107, 0.337, -0.935);"
9.300,231.247,903.956,95.144,-104.083,0.211,0.558,0.136,-0.097,1.000,0.000,-0.040,1,1.651,3.385,0.437,"Ground_Mountain_1_1:(0.107, 0.337, -0.935);Ground_Mountain_1_1:(0.107, 0.337, -0.935);Ground_Mountain_1_1:(0.107, 0.337, -0.935);Ground_Mountain_1_1:(0.107, 0.337, -0.935);Ground_Mountain_1_1:(0.107, 0.337, -0.935);"
9.320,231.258,903.967,95.145,-104.086,0.036,0.558,-0.031,-0.165,1.000,0.000,-0.040,1,1.524,3.370,0.440,"Ground_Mountain_1_1:(0.107, 0.337, -0.935);Ground_Mountain_1_1:(0.107, 0.337, -0.935);Ground_Mountain_1_1:(0.107, 0.337, -0.935);Ground_Mountain_1_1:(0.107, 0.337, -0.935);Ground_Mountain_1_1:(0.107, 0.337, -0.935);"
9.340,231.269,903.979,95.142,-104.090,-0.131,0.560,-0.193,-0.227,1.000,0.000,-0.040,1,1.428,3.358,0.443,"Ground_Mountain_1_1:(0.107, 0.337, -0.935);Ground_Mountain_1_1:(0.107, 0.337, -0.935);Ground_Mountain_1_1:(0.107, 0.337, -0.935);Ground_Mountain_1_1:(0.107, 0.337, -0.935);Ground_Mountain_1_1:(0.107, 0.337, -0.935);"
9.360,231.279,903.990,95.136,-104.095,-0.293,0.566,-0.352,-0.286,1.000,0.000,-0.040,1,1.358,3.349,0.447,"Ground_Mountain_1_1:(0.107, 0.337, -0.935);Ground_Mountain_1_1:(0.107, 0.337, -0.935);Ground_Mountain_1_1:(0.107, 0.337, -0.935);Ground_Mountain_1_1:(0.107, 0.337, -0.935);Ground_Mountain_1_1:(0.107, 0.337, -0.935);"
9.380,231.288,904.002,95.126,-104.102,-0.455,0.575,-0.511,-0.344,1.000,0.000,-0.040,1,1.310,3.339,0.450,"Ground_Mountain_1_1:(0.113, 0.341, -0.933);Ground_Mountain_1_1:(0.113, 0.341, -0.933);Ground_Mountain_1_1:(0.113, 0.341, -0.933);Ground_Mountain_1_1:(0.113, 0.341, -0.933);"
9.400,231.296,904.013,95.114,-104.109,-0.615,0.585,-0.670,-0.402,1.000,0.000,-0.039,1,1.289,3.331,0.453,"Ground_Mountain_1_1:(0.113, 0.341, -0.933);Ground_Mountain_1_1:(0.113, 0.341, -0.933);Ground_Mountain_1_1:(0.113, 0.341, -0.933);Ground_Mountain_1_1:(0.113, 0.341, -0.933);"
9.420,231.304,904.025,95.098,-104.118,-0.776,0.595,-0.830,-0.459,1.000,0.000,-0.039,1,1.290,3.325,0.457,"Ground_Mountain_1_1:(0.113, 0.341, -0.933);Ground_Mountain_1_1:(0.113, 0.341, -0.933);Ground_Mountain_1_1:(0.113, 0.341, -0.933);Ground_Mountain_1_1:(0.113, 0.341, -0.933);"
9.440,231.312,904.036,95.089,-104.123,-0.404,0.555,-0.503,-0.235,1.000,0.000,-0.039,2,2.107,2.487,0.458,"Ground_Mountain_1_1:(0.113, 0.341, -0.933);Ground_Mountain_1_1:(0.113, 0.341, -0.933);Ground_Mountain_1_1:(0.113, 0.341, -0.933);Ground_Mountain_1_1:(0.113, 0.341, -0.933);"
9.460,231.320,904.046,95.082,-104.125,-0.239,0.489,-0.345,-0.136,1.000,0.000,-0.039,2,2.588,2.961,0.460,"Ground_Mountain_1_1:(0.101, 0.341, -0.935);Ground_Mountain_1_1:(0.101, 0.341, -0.935);Ground_Mountain_1_1:(0.101, 0.341, -0.935);"
9.480,231.328,904.055,95.079,-104.126,-0.077,0.445,-0.193,-0.042,1.000,0.000,-0.038,2,2.820,3.203,0.460,"Ground_Mountain_1_1:(0.101, 0.341, -0.935);Ground_Mountain_1_1:(0.101, 0.341, -0.935);Ground_Mountain_1_1:(0.101, 0.341, -0.935);"
9.500,231.336,904.063,95.078,-104.125,0.079,0.418,-0.049,0.044,1.000,0.000,-0.038,2,3.010,3.403,0.460,"Ground_Mountain_1_1:(0.101, 0.341, -0.935);Ground_Mountain_1_1:(0.101, 0.341, -0.935);Ground_Mountain_1_1:(0.101, 0.341, -0.935);"
9.520,231.344,904.071,95.079,-104.123,0.227,0.405,0.087,0.121,1.000,0.000,-0.038,2,3.162,3.570,0.460,"Ground_Mountain_1_1:(0.101, 0.341, -0.935);Ground_Mountain_1_1:(0.101, 0.341, -0.935);Ground_Mountain_1_1:(0.101, 0.341, -0.935);"
9.540,231.352,904.079,95.083,-104.119,0.363,0.413,0.205,0.192,1.000,0.000,-0.037,2,3.288,3.750,0.459,"Ground_Mountain_1_1:(0.101, 0.341, -0.935);Ground_Mountain_1_1:(0.101, 0.341, -0.935);Ground_Mountain_1_1:(0.101, 0.341, -0.935);"
9.560,231.361,904.087,95.089,-104.115,0.496,0.429,0.322,0.256,1.000,0.000,-0.037,2,3.377,3.866,0.458,"Ground_Mountain_1_1:(0.101, 0.341, -0.935);Ground_Mountain_1_1:(0.101, 0.341, -0.935);Ground_Mountain_1_1:(0.101, 0.341, -0.935);"
9.580,231.371,904.096,95.098,-104.108,0.632,0.448,0.441,0.322,1.000,0.000,-0.037,2,3.449,4.015,0.457,"Ground_Mountain_1_1:(0.101, 0.341, -0.935);Ground_Mountain_1_1:(0.101, 0.341, -0.935);Ground_Mountain_1_1:(0.101, 0.341, -0.935);"
9.600,231.382,904.105,95.103,-104.104,0.446,0.455,0.266,0.238,1.000,0.000,-0.037,1,1.954,3.598,0.455,"Ground_Mountain_1_1:(0.101, 0.341, -0.935);Ground_Mountain_1_1:(0.101, 0.341, -0.935);Ground_Mountain_1_1:(0.101, 0.341, -0.935);"
9.620,231.392,904.114,95.104,-104.101,0.265,0.457,0.096,0.160,1.000,0.000,-0.037,1,1.942,3.587,0.455,"Ground_Mountain_1_1:(0.101, 0.341, -0.935);Ground_Mountain_1_1:(0.101, 0.341, -0.935);Ground_Mountain_1_1:(0.101, 0.341, -0.935);"
9.640,231.402,904.123,95.103,-104.099,0.091,0.458,-0.065,0.082,1.000,0.000,-0.037,1,1.929,3.569,0.454,"Ground_Mountain_1_1:(0.101, 0.341, -0.935);Ground_Mountain_1_1:(0.101, 0.341, -0.935);Ground_Mountain_1_1:(0.101, 0.341, -0.935);"
9.660,231.410,904.132,95.098,-104.099,-0.081,0.459,-0.226,0.008,1.000,0.000,-0.036,1,1.943,3.560,0.454,"Ground_Mountain_1_1:(0.101, 0.341, -0.935);Ground_Mountain_1_1:(0.101, 0.341, -0.935);Ground_Mountain_1_1:(0.101, 0.341, -0.935);"
9.680,231.418,904.141,95.091,-104.101,-0.250,0.461,-0.383,-0.067,1.000,0.000,-0.036,1,1.949,3.541,0.454,"Ground_Mountain_1_1:(0.101, 0.341, -0.935);Ground_Mountain_1_1:(0.101, 0.341, -0.935);Ground_Mountain_1_1:(0.101, 0.341, -0.935);"
9.700,231.426,904.150,95.080,-104.104,-0.415,0.467,-0.538,-0.140,1.000,0.000,-0.036,1,1.980,3.530,0.454,"Ground_Mountain_1_1:(0.101, 0.341, -0.935);Ground_Mountain_1_1:(0.101, 0.341, -0.935);Ground_Mountain_1_1:(0.101, 0.341, -0.935);"
9.720,231.432,904.158,95.073,-104.105,-0.250,0.419,-0.373,-0.064,1.000,0.000,-0.036,2,3.681,3.694,0.454,"Ground_Mountain_1_1:(0.101, 0.341, -0.935);Ground_Mountain_1_1:(0.101, 0.341, -0.935);Ground_Mountain_1_1:(0.101, 0.341, -0.935);"
9.740,231.439,904.166,95.068,-104.105,-0.089,0.387,-0.213,0.007,1.000,0.000,-0.036,2,3.811,3.801,0.453,"Ground_Mountain_1_1:(0.101, 0.341, -0.935);Ground_Mountain_1_1:(0.101, 0.341, -0.935);Ground_Mountain_1_1:(0.101, 0.341, -0.935);"
9.760,231.445,904.173,95.067,-104.104,0.066,0.370,-0.063,0.074,1.000,0.000,-0.035,2,3.904,3.910,0.453,"Ground_Mountain_1_1:(0.101, 0.341, -0.935);Ground_Mountain_1_1:(0.101, 0.341, -0.935);Ground_Mountain_1_1:(0.101, 0.341, -0.935);"
9.780,231.452,904.180,95.068,-104.101,0.211,0.365,0.076,0.133,1.000,0.000,-0.035,2,3.954,3.979,0.452,"Ground_Mountain_1_1:(0.101, 0.341, -0.935);Ground_Mountain_1_1:(0.101, 0.341, -0.935);Ground_Mountain_1_1:(0.101, 0.341, -0.935);"
9.800,231.460,904.188,95.072,-104.098,0.344,0.379,0.198,0.187,1.000,0.000,-0.035,2,3.977,4.059,0.451,"Ground_Mountain_1_1:(0.101, 0.341, -0.935);Ground_Mountain_1_1:(0.101, 0.341, -0.935);Ground_Mountain_1_1:(0.101, 0.341, -0.935);"
9.820,231.468,904.195,95.072,-104.096,0.167,0.380,0.036,0.105,1.000,0.000,-0.035,1,2.140,3.581,0.451,"Ground_Mountain_1_1:(0.101, 0.341, -0.935);Ground_Mountain_1_1:(0.101, 0.341, -0.935);Ground_Mountain_1_1:(0.101, 0.341, -0.935);"
9.840,231.476,904.203,95.070,-104.095,-0.006,0.381,-0.124,0.027,1.000,0.000,-0.034,1,2.120,3.565,0.451,"Ground_Mountain_1_1:(0.101, 0.341, -0.935);Ground_Mountain_1_1:(0.101, 0.341, -0.935);Ground_Mountain_1_1:(0.101, 0.341, -0.935);"
9.860,231.483,904.210,95.064,-104.096,-0.177,0.383,-0.280,-0.051,1.000,0.000,-0.034,1,2.104,3.546,0.451,"Ground_Mountain_1_1:(0.101, 0.341, -0.935);Ground_Mountain_1_1:(0.101, 0.341, -0.935);Ground_Mountain_1_1:(0.101, 0.341, -0.935);"
9.880,231.489,904.218,95.056,-104.099,-0.341,0.391,-0.433,-0.125,1.000,0.000,-0.034,1,2.109,3.531,0.451,"Ground_Mountain_1_1:(0.101, 0.341, -0.935);Ground_Mountain_1_1:(0.101, 0.341, -0.935);Ground_Mountain_1_1:(0.101, 0.341, -0.935);"
9.900,231.494,904.225,95.050,-104.100,-0.177,0.361,-0.272,-0.056,1.000,0.000,-0.034,2,3.951,3.731,0.451,"Ground_Mountain_1_1:(0.101, 0.341, -0.935);Ground_Mountain_1_1:(0.101, 0.341, -0.935);Ground_Mountain_1_1:(0.101, 0.341, -0.935);"
9.920,231.500,904.232,95.048,-104.100,-0.019,0.344,-0.118,0.011,1.000,0.000,-0.033,2,4.008,3.812,0.451,"Ground_Mountain_1_1:(0.101, 0.341, -0.935);Ground_Mountain_1_1:(0.101, 0.341, -0.935);Ground_Mountain_1_1:(0.101, 0.341, -0.935);"
9.940,231.506,904.238,95.049,-104.098,0.132,0.337,0.027,0.073,1.000,0.000,-0.033,2,4.026,3.864,0.451,"Ground_Mountain_1_1:(0.101, 0.341, -0.935);Ground_Mountain_1_1:(0.101, 0.341, -0.935);Ground_Mountain_1_1:(0.101, 0.341, -0.935);"
9.960,231.513,904.245,95.052,-104.096,0.268,0.347,0.153,0.128,1.000,0.000,-0.033,2,4.021,3.927,0.451,"Ground_Mountain_1_1:(0.101, 0.341, -0.935);Ground_Mountain_1_1:(0.101, 0.341, -0.935);Ground_Mountain_1_1:(0.101, 0.341, -0.935);"
9.980,231.520,904.252,95.057,-104.092,0.401,0.367,0.274,0.182,1.000,0.000,-0.032,2,3.992,3.976,0.450,"Ground_Mountain_1_1:(0.101, 0.341, -0.935);Ground_Mountain_1_1:(0.101, 0.341, -0.935);Ground_Mountain_1_1:(0.101, 0.341, -0.935);"
10.000,231.529,904.259,95.059,-104.090,0.221,0.369,0.108,0.102,1.000,0.000,-0.032,1,2.087,3.561,0.450,"Ground_Mountain_1_1:(0.101, 0.341, -0.935);Ground_Mountain_1_1:(0.101, 0.341, -0.935);Ground_Mountain_1_1:(0.101, 0.341, -0.935);"
10.020,231.537,904.267,95.058,-104.090,0.046,0.369,-0.053,0.022,1.000,0.000,-0.032,1,2.038,3.539,0.450,"Ground_Mountain_1_1:(0.101, 0.341, -0.935);Ground_Mountain_1_1:(0.101, 0.341, -0.935);Ground_Mountain_1_1:(0.101, 0.341, -0.935);"
10.040,231.544,904.274,95.054,-104.091,-0.125,0.370,-0.212,-0.053,1.000,0.000,-0.032,1,2.017,3.526,0.451,"Ground_Mountain_1_1:(0.101, 0.341, -0.935);Ground_Mountain_1_1:(0.101, 0.341, -0.935);Ground_Mountain_1_1:(0.101, 0.341, -0.935);"
10.060,231.550,904.281,95.047,-104.094,-0.291,0.376,-0.366,-0.127,1.000,0.000,-0.031,1,2.000,3.508,0.451,"Ground_Mountain_1_1:(0.101, 0.341, -0.935);Ground_Mountain_1_1:(0.101, 0.341, -0.935);Ground_Mountain_1_1:(0.101, 0.341, -0.935);"
10.080,231.555,904.288,95.043,-104.095,-0.129,0.349,-0.210,-0.055,1.000,0.000,-0.031,2,3.815,3.644,0.452,"Ground_Mountain_1_1:(0.101, 0.341, -0.935);Ground_Mountain_1_1:(0.101, 0.341, -0.935);Ground_Mountain_1_1:(0.101, 0.341, -0.935);"
10.100,231.561,904.295,95.042,-104.094,0.027,0.334,-0.061,0.013,1.000,0.000,-0.031,2,3.856,3.711,0.452,"Ground_Mountain_1_1:(0.101, 0.341, -0.935);Ground_Mountain_1_1:(0.101, 0.341, -0.935);Ground_Mountain_1_1:(0.101, 0.341, -0.935);"
10.120,231.567,904.301,95.043,-104.093,0.175,0.330,0.079,0.077,1.000,0.000,-0.031,2,3.874,3.786,0.452,"Ground_Mountain_1_1:(0.101, 0.341, -0.935);Ground_Mountain_1_1:(0.101, 0.341, -0.935);Ground_Mountain_1_1:(0.101, 0.341, -0.935);"
10.140,231.574,904.308,95.047,-104.090,0.310,0.343,0.202,0.135,1.000,0.000,-0.030,2,3.868,3.864,0.452,"Ground_Mountain_1_1:(0.101, 0.341, -0.935);Ground_Mountain_1_1:(0.101, 0.341, -0.935);Ground_Mountain_1_1:(0.101, 0.341, -0.935);"
10.160,231.582,904.315,95.048,-104.089,0.132,0.343,0.038,0.056,1.000,0.000,-0.030,1,1.995,3.542,0.452,"Ground_Mountain_1_1:(0.101, 0.341, -0.935);Ground_Mountain_1_1:(0.101, 0.341, -0.935);Ground_Mountain_1_1:(0.101, 0.341, -0.935);"
10.180,231.589,904.322,95.046,-104.090,-0.041,0.344,-0.122,-0.020,1.000,0.000,-0.030,1,1.961,3.525,0.452,"Ground_Mountain_1_1:(0.101, 0.341, -0.935);Ground_Mountain_1_1:(0.101, 0.341, -0.935);Ground_Mountain_1_1:(0.101, 0.341, -0.935);"
10.200,231.595,904.328,95.040,-104.091,-0.211,0.346,-0.280,-0.094,1.000,0.000,-0.030,1,1.947,3.512,0.453,"Ground_Mountain_1_1:(0.101, 0.341, -0.935);Ground_Mountain_1_1:(0.101, 0.341, -0.935);Ground_Mountain_1_1:(0.101, 0.341, -0.935);"
10.220,231.600,904.335,95.038,-104.092,-0.052,0.326,-0.129,-0.023,1.000,0.000,-0.029,2,3.756,3.644,0.453,"Ground_Mountain_1_1:(0.101, 0.341, -0.935);Ground_Mountain_1_1:(0.101, 0.341, -0.935);Ground_Mountain_1_1:(0.101, 0.341, -0.935);"
10.240,231.606,904.341,95.038,-104.091,0.100,0.318,0.014,0.045,1.000,0.000,-0.029,2,3.797,3.739,0.453,"Ground_Mountain_1_1:(0.101, 0.341, -0.935);Ground_Mountain_1_1:(0.101, 0.341, -0.935);Ground_Mountain_1_1:(0.101, 0.341, -0.935);"
10.260,231.612,904.347,95.041,-104.089,0.239,0.323,0.141,0.106,1.000,0.000,-0.029,2,3.808,3.809,0.453,"Ground_Mountain_1_1:(0.101, 0.341, -0.935);Ground_Mountain_1_1:(0.101, 0.341, -0.935);Ground_Mountain_1_1:(0.101, 0.341, -0.935);"
10.280,231.619,904.354,95.040,-104.088,0.062,0.323,-0.021,0.028,1.000,0.000,-0.029,1,1.942,3.534,0.453,"Ground_Mountain_1_1:(0.101, 0.341, -0.935);Ground_Mountain_1_1:(0.101, 0.341, -0.935);Ground_Mountain_1_1:(0.101, 0.341, -0.935);"
10.300,231.625,904.360,95.037,-104.089,-0.109,0.324,-0.181,-0.046,1.000,0.000,-0.028,1,1.925,3.522,0.453,"Ground_Mountain_1_1:(0.101, 0.341, -0.935);Ground_Mountain_1_1:(0.101, 0.341, -0.935);Ground_Mountain_1_1:(0.101, 0.341, -0.935);"
10.320,231.631,904.367,95.030,-104.092,-0.273,0.332,-0.334,-0.117,1.000,0.000,-0.028,1,1.915,3.507,0.454,"Ground_Mountain_1_1:(0.101, 0.341, -0.935);Ground_Mountain_1_1:(0.101, 0.341, -0.935);Ground_Mountain_1_1:(0.101, 0.341, -0.935);"
10.340,231.636,904.373,95.027,-104.092,-0.112,0.312,-0.181,-0.045,1.000,0.000,-0.028,2,3.765,3.626,0.454,"Ground_Mountain_1_1:(0.101, 0.341, -0.935);Ground_Mountain_1_1:(0.101, 0.341, -0.935);Ground_Mountain_1_1:(0.101, 0.341, -0.935);"
10.360,231.641,904.379,95.026,-104.092,0.042,0.301,-0.036,0.023,1.000,0.000,-0.027,2,3.814,3.712,0.454,"Ground_Mountain_1_1:(0.101, 0.341, -0.935);Ground_Mountain_1_1:(0.101, 0.341, -0.935);Ground_Mountain_1_1:(0.101, 0.341, -0.935);"
10.380,231.646,904.385,95.028,-104.090,0.186,0.302,0.098,0.085,1.000,0.000,-0.027,2,3.833,3.788,0.454,"Ground_Mountain_1_1:(0.101, 0.341, -0.935);Ground_Mountain_1_1:(0.101, 0.341, -0.935);Ground_Mountain_1_1:(0.101, 0.341, -0.935);"
10.400,231.653,904.391,95.032,-104.087,0.325,0.321,0.220,0.150,1.000,0.000,-0.027,2,3.831,3.863,0.454,"Ground_Mountain_1_1:(0.141, 0.355, -0.924);Ground_Mountain_1_1:(0.141, 0.355, -0.924);Ground_Mountain_1_1:(0.141, 0.355, -0.924);Ground_Mountain_1_1:(0.141, 0.355, -0.924);Ground_Mountain_1_1:(0.141, 0.355, -0.924);"
10.420,231.660,904.398,95.034,-104.086,0.147,0.323,0.056,0.071,1.000,0.000,-0.027,1,1.914,3.533,0.454,"Ground_Mountain_1_1:(0.141, 0.355, -0.924);Ground_Mountain_1_1:(0.141, 0.355, -0.924);Ground_Mountain_1_1:(0.141, 0.355, -0.924);Ground_Mountain_1_1:(0.141, 0.355, -0.924);Ground_Mountain_1_1:(0.141, 0.355, -0.924);"
10.440,231.667,904.404,95.031,-104.086,-0.026,0.321,-0.122,0.030,1.000,0.000,-0.027,0,0.000,3.527,0.454,"Ground_Mountain_1_1:(0.141, 0.355, -0.924);Ground_Mountain_1_1:(0.141, 0.355, -0.924);Ground_Mountain_1_1:(0.141, 0.355, -0.924);Ground_Mountain_1_1:(0.141, 0.355, -0.924);Ground_Mountain_1_1:(0.141, 0.355, -0.924);"
10.460,231.673,904.410,95.025,-104.086,-0.195,0.320,-0.295,-0.012,1.000,0.000,-0.026,0,0.000,3.543,0.453,"Ground_Mountain_1_1:(0.141, 0.355, -0.924);Ground_Mountain_1_1:(0.141, 0.355, -0.924);Ground_Mountain_1_1:(0.141, 0.355, -0.924);Ground_Mountain_1_1:(0.141, 0.355, -0.924);Ground_Mountain_1_1:(0.141, 0.355, -0.924);"
10.480,231.677,904.416,95.022,-104.085,-0.035,0.306,-0.138,0.048,1.000,0.000,-0.026,2,4.394,4.094,0.452,"Ground_Mountain_1_1:(0.141, 0.355, -0.924);Ground_Mountain_1_1:(0.141, 0.355, -0.924);Ground_Mountain_1_1:(0.141, 0.355, -0.924);Ground_Mountain_1_1:(0.141, 0.355, -0.924);Ground_Mountain_1_1:(0.141, 0.355, -0.924);"
10.500,231.683,904.422,95.022,-104.083,0.117,0.302,0.011,0.101,1.000,0.000,-0.026,2,4.384,4.082,0.452,"Ground_Mountain_1_1:(0.141, 0.355, -0.924);Ground_Mountain_1_1:(0.141, 0.355, -0.924);Ground_Mountain_1_1:(0.141, 0.355, -0.924);Ground_Mountain_1_1:(0.141, 0.355, -0.924);Ground_Mountain_1_1:(0.141, 0.355, -0.924);"
10.520,231.689,904.428,95.019,-104.083,-0.055,0.304,-0.147,0.022,1.000,0.000,-0.026,1,2.190,3.573,0.451,"Ground_Mountain_1_1:(0.141, 0.355, -0.924);Ground_Mountain_1_1:(0.141, 0.355, -0.924);Ground_Mountain_1_1:(0.141, 0.355, -0.924);Ground_Mountain_1_1:(0.141, 0.355, -0.924);Ground_Mountain_1_1:(0.141, 0.355, -0.924);"
10.540,231.694,904.434,95.013,-104.084,-0.224,0.309,-0.300,-0.058,1.000,0.000,-0.026,1,2.172,3.551,0.451,"Ground_Mountain_1_1:(0.141, 0.355, -0.924);Ground_Mountain_1_1:(0.141, 0.355, -0.924);Ground_Mountain_1_1:(0.141, 0.355, -0.924);Ground_Mountain_1_1:(0.141, 0.355, -0.924);Ground_Mountain_1_1:(0.141, 0.355, -0.924);"
10.560,231.699,904.440,95.010,-104.084,-0.063,0.297,-0.144,0.004,1.000,0.000,-0.026,2,4.363,3.947,0.451,"Ground_Mountain_1_1:(0.141, 0.355, -0.924);Ground_Mountain_1_1:(0.141, 0.355, -0.924);Ground_Mountain_1_1:(0.141, 0.355, -0.924);Ground_Mountain_1_1:(0.141, 0.355, -0.924);Ground_Mountain_1_1:(0.141, 0.355, -0.924);"
10.580,231.704,904.445,95.010,-104.083,0.090,0.293,0.004,0.059,1.000,0.000,-0.026,2,4.331,3.937,0.451,"Ground_Mountain_1_1:(0.141, 0.355, -0.924);Ground_Mountain_1_1:(0.141, 0.355, -0.924);Ground_Mountain_1_1:(0.141, 0.355, -0.924);Ground_Mountain_1_1:(0.141, 0.355, -0.924);Ground_Mountain_1_1:(0.141, 0.355, -0.924);"
10.600,231.710,904.451,95.013,-104.081,0.235,0.300,0.141,0.116,1.000,0.000,-0.025,2,4.286,3.973,0.451,"Ground_Mountain_1_1:(0.141, 0.355, -0.924);Ground_Mountain_1_1:(0.141, 0.355, -0.924);Ground_Mountain_1_1:(0.141, 0.355, -0.924);Ground_Mountain_1_1:(0.141, 0.355, -0.924);Ground_Mountain_1_1:(0.141, 0.355, -0.924);"
10.620,231.716,904.457,95.012,-104.080,0.059,0.297,-0.038,0.070,1.000,0.000,-0.025,0,0.000,3.539,0.450,"Ground_Mountain_1_1:(0.141, 0.355, -0.924);Ground_Mountain_1_1:(0.141, 0.355, -0.924);Ground_Mountain_1_1:(0.141, 0.355, -0.924);Ground_Mountain_1_1:(0.141, 0.355, -0.924);Ground_Mountain_1_1:(0.141, 0.355, -0.924);"
10.640,231.722,904.463,95.008,-104.079,-0.112,0.296,-0.214,0.031,1.000,0.000,-0.025,0,0.000,3.569,0.449,"Ground_Mountain_1_1:(0.141, 0.355, -0.924);Ground_Mountain_1_1:(0.141, 0.355, -0.924);Ground_Mountain_1_1:(0.141, 0.355, -0.924);Ground_Mountain_1_1:(0.141, 0.355, -0.924);Ground_Mountain_1_1:(0.141, 0.355, -0.924);"
10.660,231.727,904.469,95.000,-104.080,-0.280,0.296,-0.386,-0.011,1.000,0.000,-0.025,0,0.000,3.583,0.448,"Ground_Mountain_1_1:(0.141, 0.355, -0.924);Ground_Mountain_1_1:(0.141, 0.355, -0.924);Ground_Mountain_1_1:(0.141, 0.355, -0.924);Ground_Mountain_1_1:(0.141, 0.355, -0.924);Ground_Mountain_1_1:(0.141, 0.355, -0.924);"
10.680,231.731,904.474,94.995,-104.080,-0.118,0.284,-0.218,0.032,1.000,0.000,-0.025,2,5.215,4.421,0.447,"Ground_Mountain_1_1:(0.131, 0.353, -0.927);Ground_Mountain_1_1:(0.131, 0.353, -0.927);Ground_Mountain_1_1:(0.131, 0.353, -0.927);Ground_Mountain_1_1:(0.131, 0.353, -0.927);Ground_Mountain_1_1:(0.131, 0.353, -0.927);Ground_Mountain_1_1:(0.131, 0.353, -0.927);"
10.700,231.735,904.480,94.994,-104.078,0.037,0.279,-0.060,0.072,1.000,0.000,-0.025,2,5.118,4.339,0.446,"Ground_Mountain_1_1:(0.131, 0.353, -0.927);Ground_Mountain_1_1:(0.131, 0.353, -0.927);Ground_Mountain_1_1:(0.131, 0.353, -0.927);Ground_Mountain_1_1:(0.131, 0.353, -0.927);Ground_Mountain_1_1:(0.131, 0.353, -0.927);Ground_Mountain_1_1:(0.131, 0.353, -0.927);"
10.720,231.741,904.485,94.995,-104.076,0.183,0.285,0.085,0.113,1.000,0.000,-0.025,2,4.999,4.289,0.446,"Ground_Mountain_1_1:(0.131, 0.353, -0.927);Ground_Mountain_1_1:(0.131, 0.353, -0.927);Ground_Mountain_1_1:(0.131, 0.353, -0.927);Ground_Mountain_1_1:(0.131, 0.353, -0.927);Ground_Mountain_1_1:(0.131, 0.353, -0.927);Ground_Mountain_1_1:(0.131, 0.353, -0.927);"
10.740,231.747,904.491,94.999,-104.073,0.321,0.302,0.220,0.153,1.000,0.000,-0.025,2,4.849,4.216,0.445,"Ground_Mountain_1_1:(0.131, 0.353, -0.927);Ground_Mountain_1_1:(0.131, 0.353, -0.927);Ground_Mountain_1_1:(0.131, 0.353, -0.927);Ground_Mountain_1_1:(0.131, 0.353, -0.927);Ground_Mountain_1_1:(0.131, 0.353, -0.927);Ground_Mountain_1_1:(0.131, 0.353, -0.927);"
10.760,231.754,904.497,95.000,-104.071,0.141,0.299,0.037,0.109,1.000,0.000,-0.025,0,0.000,3.563,0.445,"Ground_Mountain_1_1:(0.131, 0.353, -0.927);Ground_Mountain_1_1:(0.131, 0.353, -0.927);Ground_Mountain_1_1:(0.131, 0.353, -0.927);Ground_Mountain_1_1:(0.131, 0.353, -0.927);Ground_Mountain_1_1:(0.131, 0.353, -0.927);Ground_Mountain_1_1:(0.131, 0.353, -0.927);"
10.780,231.760,904.503,94.997,-104.070,-0.032,0.296,-0.139,0.065,1.000,0.000,-0.025,0,0.000,3.580,0.444,"Ground_Mountain_1_1:(0.131, 0.353, -0.927);Ground_Mountain_1_1:(0.131, 0.353, -0.927);Ground_Mountain_1_1:(0.131, 0.353, -0.927);Ground_Mountain_1_1:(0.131, 0.353, -0.927);Ground_Mountain_1_1:(0.131, 0.353, -0.927);Ground_Mountain_1_1:(0.131, 0.353, -0.927);"
10.800,231.765,904.508,94.990,-104.070,-0.202,0.295,-0.314,0.025,1.000,0.000,-0.025,0,0.000,3.609,0.442,"Ground_Mountain_1_1:(0.131, 0.353, -0.927);Ground_Mountain_1_1:(0.131, 0.353, -0.927);Ground_Mountain_1_1:(0.131, 0.353, -0.927);Ground_Mountain_1_1:(0.131, 0.353, -0.927);Ground_Mountain_1_1:(0.131, 0.353, -0.927);Ground_Mountain_1_1:(0.131, 0.353, -0.927);"
10.820,231.769,904.514,94.980,-104.071,-0.371,0.296,-0.485,-0.017,1.000,0.000,-0.025,0,0.000,3.628,0.440,"Ground_Mountain_1_1:(0.131, 0.353, -0.927);Ground_Mountain_1_1:(0.131, 0.353, -0.927);Ground_Mountain_1_1:(0.131, 0.353, -0.927);Ground_Mountain_1_1:(0.131, 0.353, -0.927);Ground_Mountain_1_1:(0.131, 0.353, -0.927);Ground_Mountain_1_1:(0.131, 0.353, -0.927);"
10.840,231.773,904.520,94.974,-104.071,-0.207,0.280,-0.306,0.008,1.000,0.000,-0.025,2,6.086,4.791,0.439,"Ground_Mountain_1_1:(0.116, 0.349, -0.930);Ground_Mountain_1_1:(0.116, 0.349, -0.930);Ground_Mountain_1_1:(0.116, 0.349, -0.930);Ground_Mountain_1_1:(0.116, 0.349, -0.930);Ground_Mountain_1_1:(0.116, 0.349, -0.930);Ground_Mountain_1_1:(0.116, 0.349, -0.930);"
10.860,231.777,904.525,94.971,-104.070,-0.049,0.273,-0.136,0.034,1.000,0.000,-0.025,2,5.890,4.630,0.438,"Ground_Mountain_1_1:(0.116, 0.349, -0.930);Ground_Mountain_1_1:(0.116, 0.349, -0.930);Ground_Mountain_1_1:(0.116, 0.349, -0.930);Ground_Mountain_1_1:(0.116, 0.349, -0.930);Ground_Mountain_1_1:(0.116, 0.349, -0.930);Ground_Mountain_1_1:(0.116, 0.349, -0.930);"
10.880,231.782,904.531,94.971,-104.069,0.101,0.273,0.021,0.063,1.000,0.000,-0.025,2,5.669,4.491,0.438,"Ground_Mountain_1_1:(0.116, 0.349, -0.930);Ground_Mountain_1_1:(0.116, 0.349, -0.930);Ground_Mountain_1_1:(0.116, 0.349, -0.930);Ground_Mountain_1_1:(0.116, 0.349, -0.930);Ground_Mountain_1_1:(0.116, 0.349, -0.930);Ground_Mountain_1_1:(0.116, 0.349, -0.930);"
10.900,231.788,904.536,94.974,-104.067,0.242,0.285,0.165,0.092,1.000,0.000,-0.025,2,5.420,4.347,0.438,"Ground_Mountain_1_1:(0.116, 0.349, -0.930);Ground_Mountain_1_1:(0.116, 0.349, -0.930);Ground_Mountain_1_1:(0.116, 0.349, -0.930);Ground_Mountain_1_1:(0.116, 0.349, -0.930);Ground_Mountain_1_1:(0.116, 0.349, -0.930);Ground_Mountain_1_1:(0.116, 0.349, -0.930);"
10.920,231.794,904.542,94.981,-104.065,0.381,0.303,0.302,0.129,1.000,0.000,-0.025,2,5.159,4.226,0.438,"Ground_Mountain_1_1:(0.125, 0.350, -0.928);Ground_Mountain_1_1:(0.125, 0.350, -0.928);Ground_Mountain_1_1:(0.125, 0.350, -0.928);Ground_Mountain_1_1:(0.125, 0.350, -0.928);Ground_Mountain_1_1:(0.125, 0.350, -0.928);"
10.940,231.801,904.549,94.983,-104.063,0.200,0.301,0.119,0.083,1.000,0.000,-0.025,0,0.000,3.533,0.438,"Ground_Mountain_1_1:(0.125, 0.350, -0.928);Ground_Mountain_1_1:(0.125, 0.350, -0.928);Ground_Mountain_1_1:(0.125, 0.350, -0.928);Ground_Mountain_1_1:(0.125, 0.350, -0.928);Ground_Mountain_1_1:(0.125, 0.350, -0.928);"
10.960,231.808,904.554,94.982,-104.063,0.025,0.297,-0.061,0.042,1.000,0.000,-0.025,0,0.000,3.559,0.437,"Ground_Mountain_1_1:(0.125, 0.350, -0.928);Ground_Mountain_1_1:(0.125, 0.350, -0.928);Ground_Mountain_1_1:(0.125, 0.350, -0.928);Ground_Mountain_1_1:(0.125, 0.350, -0.928);Ground_Mountain_1_1:(0.125, 0.350, -0.928);"
10.980,231.814,904.560,94.977,-104.063,-0.146,0.295,-0.234,-0.002,1.000,0.000,-0.025,0,0.000,3.572,0.437,"Ground_Mountain_1_1:(0.125, 0.350, -0.928);Ground_Mountain_1_1:(0.125, 0.350, -0.928);Ground_Mountain_1_1:(0.125, 0.350, -0.928);Ground_Mountain_1_1:(0.125, 0.350, -0.928);Ground_Mountain_1_1:(0.125, 0.350, -0.928);"
11.000,231.818,904.566,94.968,-104.064,-0.315,0.296,-0.408,-0.040,1.000,0.000,-0.025,0,0.000,3.603,0.435,"Ground_Mountain_1_1:(0.132, 0.357, -0.925);Ground_Mountain_1_1:(0.132, 0.357, -0.925);Ground_Mountain_1_1:(0.132, 0.357, -0.925);"
11.020,231.822,904.572,94.956,-104.066,-0.482,0.299,-0.579,-0.081,1.000,0.000,-0.025,0,0.000,3.620,0.434,"Ground_Mountain_1_1:(0.132, 0.357, -0.925);Ground_Mountain_1_1:(0.132, 0.357, -0.925);Ground_Mountain_1_1:(0.132, 0.357, -0.925);"
11.040,231.826,904.577,94.948,-104.067,-0.316,0.280,-0.394,-0.062,1.000,0.000,-0.025,2,6.437,4.823,0.433,"Ground_Mountain_1_1:(0.118, 0.353, -0.928);Ground_Mountain_1_1:(0.118, 0.353, -0.928);Ground_Mountain_1_1:(0.118, 0.353, -0.928);Ground_Mountain_1_1:(0.118, 0.353, -0.928);Ground_Mountain_1_1:(0.118, 0.353, -0.928);Ground_Mountain_1_1:(0.118, 0.353, -0.928);"
11.060,231.829,904.583,94.944,-104.068,-0.153,0.271,-0.218,-0.038,1.000,0.000,-0.025,2,6.182,4.612,0.433,"Ground_Mountain_1_1:(0.118, 0.353, -0.928);Ground_Mountain_1_1:(0.118, 0.353, -0.928);Ground_Mountain_1_1:(0.118, 0.353, -0.928);Ground_Mountain_1_1:(0.118, 0.353, -0.928);Ground_Mountain_1_1:(0.118, 0.353, -0.928);Ground_Mountain_1_1:(0.118, 0.353, -0.928);"
11.080,231.834,904.588,94.943,-104.068,0.002,0.270,-0.054,-0.010,1.000,0.000,-0.025,2,5.905,4.427,0.433,"Ground_Mountain_1_1:(0.132, 0.357, -0.925);Ground_Mountain_1_1:(0.132, 0.357, -0.925);Ground_Mountain_1_1:(0.132, 0.357, -0.925);"
11.100,231.839,904.594,94.945,-104.068,0.150,0.276,0.099,0.020,1.000,0.000,-0.024,2,5.601,4.232,0.434,"Ground_Mountain_1_1:(0.132, 0.357, -0.925);Ground_Mountain_1_1:(0.132, 0.357, -0.925);Ground_Mountain_1_1:(0.132, 0.357, -0.925);"
11.120,231.845,904.600,94.950,-104.067,0.293,0.291,0.240,0.057,1.000,0.000,-0.024,2,5.296,4.090,0.435,"Ground_Mountain_1_1:(0.132, 0.357, -0.925);Ground_Mountain_1_1:(0.132, 0.357, -0.925);Ground_Mountain_1_1:(0.132, 0.357, -0.925);"
11.140,231.851,904.606,94.958,-104.065,0.432,0.312,0.376,0.095,1.000,0.000,-0.024,2,4.984,3.949,0.436,"Ground_Mountain_1_1:(0.132, 0.357, -0.925);Ground_Mountain_1_1:(0.132, 0.357, -0.925);Ground_Mountain_1_1:(0.132, 0.357, -0.925);"
11.160,231.859,904.612,94.962,-104.064,0.251,0.310,0.191,0.053,1.000,0.000,-0.024,0,0.000,3.488,0.437,"Ground_Mountain_1_1:(0.132, 0.357, -0.925);Ground_Mountain_1_1:(0.132, 0.357, -0.925);Ground_Mountain_1_1:(0.132, 0.357, -0.925);"
11.180,231.866,904.618,94.962,-104.064,0.074,0.307,0.012,0.007,1.000,0.000,-0.024,0,0.000,3.499,0.437,"Ground_Mountain_1_1:(0.132, 0.357, -0.925);Ground_Mountain_1_1:(0.132, 0.357, -0.925);Ground_Mountain_1_1:(0.132, 0.357, -0.925);"
11.200,231.872,904.624,94.959,-104.065,-0.098,0.305,-0.165,-0.033,1.000,0.000,-0.024,0,0.000,3.529,0.437,"Ground_Mountain_1_1:(0.132, 0.357, -0.925);Ground_Mountain_1_1:(0.132, 0.357, -0.925);Ground_Mountain_1_1:(0.132, 0.357, -0.925);"
11.220,231.877,904.631,94.952,-104.066,-0.267,0.305,-0.336,-0.074,1.000,0.000,-0.024,0,0.000,3.543,0.437,"Ground_Mountain_1_1:(0.132, 0.357, -0.925);Ground_Mountain_1_1:(0.132, 0.357, -0.925);Ground_Mountain_1_1:(0.132, 0.357, -0.925);"
11.240,231.882,904.637,94.943,-104.069,-0.432,0.315,-0.484,-0.161,1.000,0.000,-0.024,1,2.782,3.573,0.437,"Ground_Mountain_1_1:(0.132, 0.357, -0.925);Ground_Mountain_1_1:(0.132, 0.357, -0.925);Ground_Mountain_1_1:(0.132, 0.357, -0.925);"
11.260,231.886,904.643,94.937,-104.072,-0.264,0.298,-0.308,-0.120,1.000,0.000,-0.024,2,5.456,4.176,0.437,"Ground_Mountain_1_1:(0.132, 0.357, -0.925);Ground_Mountain_1_1:(0.132, 0.357, -0.925);Ground_Mountain_1_1:(0.132, 0.357, -0.925);"
11.280,231.890,904.649,94.934,-104.073,-0.102,0.287,-0.143,-0.076,1.000,0.000,-0.024,2,5.267,4.069,0.438,"Ground_Mountain_1_1:(0.132, 0.357, -0.925);Ground_Mountain_1_1:(0.132, 0.357, -0.925);Ground_Mountain_1_1:(0.132, 0.357, -0.925);"
11.300,231.895,904.654,94.935,-104.074,0.051,0.283,0.011,-0.032,1.000,0.000,-0.024,2,5.051,3.951,0.439,"Ground_Mountain_1_1:(0.132, 0.357, -0.925);Ground_Mountain_1_1:(0.132, 0.357, -0.925);Ground_Mountain_1_1:(0.132, 0.357, -0.925);"
11.320,231.901,904.660,94.938,-104.074,0.197,0.289,0.154,0.015,1.000,0.000,-0.024,2,4.830,3.872,0.440,"Ground_Mountain_1_1:(0.132, 0.357, -0.925);Ground_Mountain_1_1:(0.132, 0.357, -0.925);Ground_Mountain_1_1:(0.132, 0.357, -0.925);"
11.340,231.907,904.666,94.944,-104.072,0.339,0.303,0.289,0.063,1.000,0.000,-0.024,2,4.598,3.786,0.441,"Ground_Mountain_1_1:(0.132, 0.357, -0.925);Ground_Mountain_1_1:(0.132, 0.357, -0.925);Ground_Mountain_1_1:(0.132, 0.357, -0.925);"
11.360,231.914,904.673,94.953,-104.070,0.480,0.321,0.418,0.118,1.000,0.000,-0.024,2,4.372,3.741,0.442,"Ground_Mountain_1_1:(0.132, 0.357, -0.925);Ground_Mountain_1_1:(0.132, 0.357, -0.925);Ground_Mountain_1_1:(0.132, 0.357, -0.925);"
11.380,231.922,904.679,94.958,-104.068,0.298,0.320,0.234,0.070,1.000,0.000,-0.024,0,0.000,3.469,0.443,"Ground_Mountain_1_1:(0.132, 0.357, -0.925);Ground_Mountain_1_1:(0.132, 0.357, -0.925);Ground_Mountain_1_1:(0.132, 0.357, -0.925);"
11.400,231.930,904.686,94.959,-104.068,0.120,0.317,0.052,0.029,1.000,0.000,-0.024,0,0.000,3.499,0.443,"Ground_Mountain_1_1:(0.132, 0.357, -0.925);Ground_Mountain_1_1:(0.132, 0.357, -0.925);Ground_Mountain_1_1:(0.132, 0.357, -0.925);"
11.420,231.936,904.692,94.957,-104.068,-0.053,0.315,-0.123,-0.016,1.000,0.000,-0.024,0,0.000,3.508,0.443,"Ground_Mountain_1_1:(0.132, 0.357, -0.925);Ground_Mountain_1_1:(0.132, 0.357, -0.925);Ground_Mountain_1_1:(0.132, 0.357, -0.925);"
11.440,231.942,904.698,94.951,-104.070,-0.223,0.314,-0.298,-0.054,1.000,0.000,-0.024,0,0.000,3.542,0.443,"Ground_Mountain_1_1:(0.132, 0.357, -0.925);Ground_Mountain_1_1:(0.132, 0.357, -0.925);Ground_Mountain_1_1:(0.132, 0.357, -0.925);"
11.460,231.947,904.705,94.941,-104.072,-0.389,0.317,-0.468,-0.095,1.000,0.000,-0.024,0,0.000,3.555,0.442,"Ground_Mountain_1_1:(0.132, 0.357, -0.925);Ground_Mountain_1_1:(0.132, 0.357, -0.925);Ground_Mountain_1_1:(0.132, 0.357, -0.925);"
11.480,231.951,904.711,94.935,-104.074,-0.220,0.309,-0.279,-0.081,1.000,0.000,-0.024,2,8.275,1.450,0.441,"Ground_Mountain_1_1:(0.132, 0.357, -0.925);Ground_Mountain_1_1:(0.132, 0.357, -0.925);Ground_Mountain_1_1:(0.132, 0.357, -0.925);"
11.500,231.955,904.716,94.934,-104.075,-0.053,0.313,-0.085,-0.088,1.000,0.000,-0.024,3,10.596,2.778,0.441,"Ground_Mountain_1_1:(0.132, 0.357, -0.925);Ground_Mountain_1_1:(0.132, 0.357, -0.925);Ground_Mountain_1_1:(0.132, 0.357, -0.925);"
11.520,231.961,904.722,94.936,-104.077,0.114,0.324,0.101,-0.080,1.000,0.000,-0.023,3,9.818,2.603,0.442,"Ground_Mountain_1_1:(0.076, 0.342, -0.937);Ground_Mountain_1_1:(0.076, 0.342, -0.937);"
11.540,231.966,904.729,94.942,-104.078,0.281,0.340,0.278,-0.059,1.000,0.000,-0.023,3,9.063,2.514,0.444,"Ground_Mountain_1_1:(0.076, 0.342, -0.937);Ground_Mountain_1_1:(0.076, 0.342, -0.937);"
11.560,231.973,904.734,94.945,-104.081,0.110,0.348,0.124,-0.145,1.000,0.000,-0.025,1,4.776,3.456,0.445,"Ground_Mountain_1_1:(0.076, 0.342, -0.937);Ground_Mountain_1_1:(0.076, 0.342, -0.937);"
11.580,231.979,904.740,94.945,-104.085,-0.061,0.356,-0.032,-0.226,1.000,0.000,-0.025,1,4.552,3.447,0.447,"Ground_Mountain_1_1:(0.076, 0.342, -0.937);Ground_Mountain_1_1:(0.076, 0.342, -0.937);"
11.600,231.984,904.746,94.941,-104.091,-0.232,0.364,-0.189,-0.303,1.000,0.000,-0.024,1,4.327,3.436,0.449,"Ground_Mountain_1_1:(0.076, 0.342, -0.937);Ground_Mountain_1_1:(0.076, 0.342, -0.937);"
11.620,231.988,904.751,94.942,-104.096,-0.064,0.352,-0.021,-0.249,1.000,0.000,-0.024,3,7.253,3.755,0.451,"Ground_Mountain_1_1:(0.076, 0.342, -0.937);Ground_Mountain_1_1:(0.076, 0.342, -0.937);"
11.640,231.992,904.757,94.945,-104.099,0.103,0.350,0.140,-0.187,1.000,0.000,-0.024,3,6.780,3.624,0.454,"Ground_Mountain_1_1:(0.076, 0.342, -0.937);Ground_Mountain_1_1:(0.076, 0.342, -0.937);"
11.660,231.998,904.763,94.952,-104.101,0.270,0.354,0.295,-0.119,1.000,0.000,-0.024,3,6.344,3.501,0.456,"Ground_Mountain_1_1:(0.076, 0.342, -0.937);Ground_Mountain_1_1:(0.076, 0.342, -0.937);"
11.680,232.004,904.768,94.955,-104.105,0.098,0.358,0.139,-0.197,1.000,0.000,-0.024,1,3.825,3.381,0.458,"Ground_Mountain_1_1:(0.076, 0.342, -0.937);"
11.700,232.010,904.774,94.955,-104.110,-0.072,0.362,-0.019,-0.271,1.000,0.000,-0.024,1,3.629,3.391,0.460,"Ground_Mountain_1_1:(0.076, 0.342, -0.937);"
11.720,232.015,904.779,94.952,-104.117,-0.242,0.366,-0.180,-0.339,1.000,0.000,-0.024,1,3.438,3.397,0.462,"Ground_Mountain_1_1:(0.076, 0.342, -0.937);"
11.740,232.019,904.785,94.952,-104.122,-0.075,0.347,-0.032,-0.246,1.000,0.000,-0.024,3,5.111,4.554,0.464,"Ground_Mountain_1_1:(0.076, 0.342, -0.937);"
11.760,232.023,904.791,94.955,-104.125,0.092,0.337,0.111,-0.149,1.000,0.000,-0.023,3,5.019,4.208,0.466,"Ground_Mountain_1_1:(0.076, 0.342, -0.937);"
11.780,232.029,904.797,94.960,-104.125,0.258,0.335,0.253,-0.053,1.000,0.000,-0.023,3,4.949,3.906,0.467,"Ground_Mountain_1_1:(0.076, 0.342, -0.937);"
11.800,232.036,904.803,94.963,-104.128,0.087,0.337,0.092,-0.122,1.000,0.000,-0.023,1,3.364,3.409,0.469,"Ground_Mountain_1_1:(0.076, 0.342, -0.937);"
11.820,232.042,904.809,94.962,-104.131,-0.083,0.339,-0.068,-0.190,1.000,0.000,-0.023,1,3.261,3.409,0.470,"Ground_Mountain_1_1:(0.076, 0.342, -0.937);"
11.840,232.046,904.814,94.957,-104.136,-0.252,0.342,-0.229,-0.255,1.000,0.000,-0.023,1,3.156,3.411,0.472,"Ground_Mountain_1_1:(0.076, 0.342, -0.937);"
11.860,232.050,904.820,94.956,-104.139,-0.084,0.322,-0.084,-0.155,1.000,0.000,-0.023,3,4.733,4.261,0.473,"Ground_Mountain_1_1:(0.076, 0.342, -0.937);"
11.880,232.055,904.826,94.957,-104.140,0.083,0.312,0.058,-0.056,1.000,0.000,-0.023,3,4.725,3.903,0.474,"Ground_Mountain_1_1:(0.076, 0.342, -0.937);"
11.900,232.061,904.832,94.962,-104.139,0.250,0.311,0.198,0.043,1.000,0.000,-0.023,3,4.727,3.592,0.475,"Ground_Mountain_1_1:(0.076, 0.342, -0.937);"
11.920,232.068,904.838,94.963,-104.140,0.080,0.311,0.038,-0.025,1.000,0.000,-0.023,1,3.303,3.441,0.475,"Ground_Mountain_1_1:(0.076, 0.342, -0.937);"
11.940,232.231,904.844,94.960,-104.141,-0.090,0.313,-0.122,-0.093,1.000,0.000,-0.020,1,3.261,3.442,0.476,"Ground_Mountain_1_1:(0.076, 0.342, -0.937);"
11.960,232.236,904.850,94.955,-104.144,-0.259,0.315,-0.282,-0.159,1.000,0.000,-0.020,1,3.214,3.446,0.476,"Ground_Mountain_1_1:(0.076, 0.342, -0.937);"
11.980,232.240,904.856,94.952,-104.146,-0.088,0.299,-0.130,-0.069,1.000,0.000,-0.020,2,4.817,3.509,0.477,"Ground_Mountain_1_1:(0.076, 0.342, -0.937);"
12.000,232.245,904.862,94.953,-104.145,0.082,0.294,0.019,0.022,1.000,0.000,-0.020,2,4.822,3.246,0.477,"Ground_Mountain_1_1:(0.076, 0.342, -0.937);"
12.020,232.251,904.868,94.956,-104.143,0.251,0.296,0.166,0.111,1.000,0.000,-0.020,2,4.833,3.017,0.477,"Ground_Mountain_1_1:(0.076, 0.342, -0.937);"
12.040,232.258,904.875,94.962,-104.139,0.419,0.304,0.311,0.199,1.000,0.000,-0.020,2,4.847,2.813,0.477,"Ground_Mountain_1_1:(0.076, 0.342, -0.937);"
12.060,232.266,904.881,94.965,-104.137,0.247,0.306,0.149,0.128,1.000,0.000,-0.020,1,3.398,3.499,0.476,"Ground_Mountain_1_1:(0.076, 0.342, -0.937);"
12.080,232.273,904.887,94.965,-104.136,0.075,0.307,-0.011,0.058,1.000,0.000,-0.020,1,3.388,3.503,0.476,"Ground_Mountain_1_1:(0.076, 0.342, -0.937);"
12.100,232.279,904.893,94.961,-104.136,-0.094,0.309,-0.170,-0.011,1.000,0.000,-0.020,1,3.369,3.506,0.475,"Ground_Mountain_1_1:(0.076, 0.342, -0.937);"
12.120,232.285,904.899,94.955,-104.138,-0.263,0.311,-0.329,-0.080,1.000,0.000,-0.020,1,3.343,3.510,0.475,"Ground_Mountain_1_1:(0.076, 0.342, -0.937);"
12.140,232.289,904.905,94.945,-104.141,-0.432,0.313,-0.488,-0.148,1.000,0.000,-0.020,1,3.308,3.514,0.474,"Ground_Mountain_1_1:(0.076, 0.342, -0.937);"
12.160,232.292,904.911,94.938,-104.142,-0.262,0.287,-0.330,-0.066,1.000,0.000,-0.020,2,5.250,3.549,0.474,"Ground_Mountain_1_1:(0.076, 0.342, -0.937);"
12.180,232.296,904.917,94.934,-104.142,-0.095,0.272,-0.178,0.016,1.000,0.000,-0.020,3,5.511,3.751,0.473,"Ground_Mountain_1_1:(0.076, 0.342, -0.937);"
12.200,232.301,904.922,94.933,-104.140,0.070,0.266,-0.029,0.096,1.000,0.000,-0.020,3,5.653,3.456,0.473,"Ground_Mountain_1_1:(0.076, 0.342, -0.937);"
12.220,232.307,904.928,94.936,-104.137,0.234,0.269,0.119,0.173,1.000,0.000,-0.020,3,5.767,3.214,0.472,"Ground_Mountain_1_1:(0.076, 0.342, -0.937);"
12.240,232.314,904.935,94.941,-104.132,0.401,0.280,0.268,0.251,1.000,0.000,-0.020,2,5.385,2.356,0.472,"Ground_Mountain_1_1:(0.076, 0.342, -0.937);"
12.260,232.322,904.941,94.943,-104.128,0.229,0.282,0.109,0.176,1.000,0.000,-0.020,1,3.714,3.537,0.471,"Ground_Mountain_1_1:(0.076, 0.342, -0.937);"
12.280,232.329,904.947,94.942,-104.126,0.057,0.284,-0.050,0.102,1.000,0.000,-0.020,1,3.711,3.541,0.470,"Ground_Mountain_1_1:(0.076, 0.342, -0.937);"
12.300,232.335,904.953,94.937,-104.126,-0.113,0.287,-0.207,0.028,1.000,0.000,-0.020,1,3.696,3.543,0.469,"Ground_Mountain_1_1:(0.076, 0.342, -0.937);"
12.320,232.340,904.959,94.930,-104.127,-0.282,0.290,-0.364,-0.045,1.000,0.000,-0.020,1,3.666,3.548,0.468,"Ground_Mountain_1_1:(0.076, 0.342, -0.937);"
12.340,232.344,904.965,94.919,-104.129,-0.452,0.293,-0.522,-0.118,1.000,0.000,-0.020,1,3.626,3.553,0.467,"Ground_Mountain_1_1:(0.076, 0.342, -0.937);"
12.360,232.347,904.970,94.912,-104.130,-0.283,0.270,-0.359,-0.047,1.000,0.000,-0.020,2,5.857,3.293,0.467,"Ground_Mountain_1_1:(0.076, 0.342, -0.937);"
12.380,232.351,904.975,94.907,-104.130,-0.117,0.258,-0.197,0.014,1.000,0.000,-0.020,3,6.675,3.658,0.466,"Ground_Mountain_1_1:(0.076, 0.342, -0.937);"
12.400,232.355,904.981,94.907,-104.129,0.048,0.256,-0.040,0.076,1.000,0.000,-0.020,3,6.658,3.374,0.466,"Ground_Mountain_1_1:(0.076, 0.342, -0.937);"
12.420,232.361,904.987,94.909,-104.126,0.211,0.262,0.115,0.137,1.000,0.000,-0.020,3,6.616,3.136,0.466,"Ground_Mountain_1_1:(0.076, 0.342, -0.937);"
12.440,232.367,904.993,94.914,-104.122,0.378,0.275,0.266,0.210,1.000,0.000,-0.020,2,5.728,2.228,0.465,"Ground_Mountain_1_1:(0.076, 0.342, -0.937);"
12.460,232.375,904.999,94.916,-104.119,0.206,0.278,0.107,0.133,1.000,0.000,-0.020,1,3.872,3.526,0.465,"Ground_Mountain_1_1:(0.076, 0.342, -0.937);"
12.480,232.382,905.005,94.915,-104.118,0.035,0.281,-0.050,0.057,1.000,0.000,-0.020,1,3.843,3.529,0.464,"Ground_Mountain_1_1:(0.076, 0.342, -0.937);"
12.500,232.387,905.011,94.911,-104.119,-0.135,0.284,-0.207,-0.018,1.000,0.000,-0.020,1,3.801,3.532,0.464,"Ground_Mountain_1_1:(0.076, 0.342, -0.937);"
12.520,232.392,905.016,94.903,-104.120,-0.305,0.288,-0.364,-0.092,1.000,0.000,-0.020,1,3.748,3.534,0.464,"Ground_Mountain_1_1:(0.076, 0.342, -0.937);"
12.540,232.396,905.022,94.899,-104.121,-0.136,0.274,-0.204,-0.022,1.000,0.000,-0.020,2,5.905,3.048,0.463,"Ground_Mountain_1_1:(0.076, 0.342, -0.937);"
12.560,232.400,905.027,94.898,-104.120,0.032,0.271,-0.046,0.049,1.000,0.000,-0.020,2,5.887,2.856,0.463,"Ground_Mountain_1_1:(0.076, 0.342, -0.937);"
12.580,232.406,905.033,94.900,-104.118,0.200,0.275,0.109,0.119,1.000,0.000,-0.020,2,5.860,2.686,0.462,"Ground_Mountain_1_1:(0.076, 0.342, -0.937);"
12.600,232.412,905.039,94.905,-104.114,0.367,0.286,0.261,0.190,1.000,0.000,-0.020,2,5.826,2.540,0.462,"Ground_Mountain_1_1:(0.076, 0.342, -0.937);"
12.620,232.419,905.045,94.907,-104.112,0.194,0.289,0.102,0.113,1.000,0.000,-0.020,1,3.818,3.541,0.461,"Ground_Mountain_1_1:(0.076, 0.342, -0.937);"
12.640,232.426,905.051,94.906,-104.111,0.024,0.292,-0.055,0.039,1.000,0.000,-0.020,1,3.771,3.543,0.461,"Ground_Mountain_1_1:(0.076, 0.342, -0.937);"
12.660,232.431,905.057,94.901,-104.112,-0.147,0.296,-0.213,-0.035,1.000,0.000,-0.020,1,3.715,3.544,0.460,"Ground_Mountain_1_1:(0.076, 0.342, -0.937);"
12.680,232.436,905.062,94.894,-104.114,-0.317,0.299,-0.371,-0.108,1.000,0.000,-0.020,1,3.646,3.549,0.460,"Ground_Mountain_1_1:(0.076, 0.342, -0.937);"
12.700,232.440,905.067,94.883,-104.118,-0.487,0.303,-0.529,-0.181,1.000,0.000,-0.020,1,3.572,3.552,0.459,"Ground_Mountain_1_1:(0.076, 0.342, -0.937);"
12.720,232.442,905.073,94.876,-104.120,-0.319,0.279,-0.366,-0.113,1.000,0.000,-0.020,2,6.030,3.599,0.459,"Ground_Mountain_1_1:(0.076, 0.342, -0.937);"
12.740,232.446,905.078,94.872,-104.121,-0.152,0.266,-0.200,-0.058,1.000,0.000,-0.020,3,7.015,3.881,0.459,"Ground_Mountain_1_1:(0.076, 0.342, -0.937);"
12.760,232.450,905.083,94.871,-104.121,0.014,0.262,-0.039,0.000,1.000,0.000,-0.020,3,6.882,3.526,0.459,"Ground_Mountain_1_1:(0.076, 0.342, -0.937);"
12.780,232.455,905.089,94.874,-104.120,0.178,0.267,0.117,0.059,1.000,0.000,-0.019,3,6.736,3.225,0.460,"Ground_Mountain_1_1:(0.076, 0.342, -0.937);"
12.800,232.461,905.095,94.879,-104.118,0.340,0.278,0.268,0.121,1.000,0.000,-0.020,3,6.580,2.978,0.460,"Ground_Mountain_1_1:(0.076, 0.342, -0.937);"
12.820,232.469,905.102,94.888,-104.113,0.506,0.295,0.416,0.196,1.000,0.000,-0.020,2,5.583,2.099,0.461,"Ground_Mountain_1_1:(0.076, 0.342, -0.937);"
12.840,232.477,905.108,94.893,-104.111,0.333,0.299,0.256,0.121,1.000,0.000,-0.020,1,3.775,3.484,0.461,"Ground_Mountain_1_1:(0.076, 0.342, -0.937);"
12.860,232.485,905.114,94.895,-104.110,0.162,0.302,0.098,0.046,1.000,0.000,-0.020,1,3.733,3.486,0.462,"Ground_Mountain_1_1:(0.076, 0.342, -0.937);"
12.880,232.491,905.121,94.894,-104.110,-0.009,0.305,-0.060,-0.027,1.000,0.000,-0.019,1,3.682,3.488,0.462,"Ground_Mountain_1_1:(0.076, 0.342, -0.937);"
12.900,232.497,905.127,94.890,-104.112,-0.179,0.308,-0.218,-0.100,1.000,0.000,-0.019,1,3.623,3.489,0.462,"Ground_Mountain_1_1:(0.076, 0.342, -0.937);"
12.920,232.502,905.132,94.882,-104.116,-0.349,0.312,-0.377,-0.171,1.000,0.000,-0.019,1,3.555,3.491,0.463,"Ground_Mountain_1_1:(0.076, 0.342, -0.937);"
12.940,232.505,905.138,94.871,-104.121,-0.519,0.316,-0.536,-0.242,1.000,0.000,-0.019,1,3.481,3.494,0.463,"Ground_Mountain_1_1:(0.076, 0.342, -0.937);"
12.960,232.508,905.143,94.864,-104.124,-0.350,0.289,-0.376,-0.166,1.000,0.000,-0.019,2,5.608,3.334,0.463,"Ground_Mountain_1_1:(0.076, 0.342, -0.937);"
12.980,232.512,905.149,94.860,-104.126,-0.183,0.274,-0.216,-0.098,1.000,0.000,-0.019,3,6.312,3.596,0.464,"Ground_Mountain_1_1:(0.076, 0.342, -0.937);"
13.000,232.516,905.154,94.859,-104.126,-0.016,0.268,-0.060,-0.028,1.000,0.000,-0.019,3,6.252,3.296,0.464,"Ground_Mountain_1_1:(0.076, 0.342, -0.937);"
13.020,232.521,905.160,94.861,-104.125,0.150,0.269,0.094,0.043,1.000,0.000,-0.019,3,6.180,3.043,0.465,"Ground_Mountain_1_1:(0.076, 0.342, -0.937);"
13.040,232.527,905.166,94.866,-104.123,0.313,0.279,0.242,0.113,1.000,0.000,-0.019,3,6.099,2.839,0.465,"Ground_Mountain_1_1:(0.076, 0.342, -0.937);"
13.060,232.535,905.173,94.874,-104.119,0.480,0.294,0.388,0.194,1.000,0.000,-0.019,2,5.324,2.022,0.466,"Ground_Mountain_1_1:(0.076, 0.342, -0.937);"
13.080,232.543,905.180,94.884,-104.114,0.645,0.313,0.533,0.273,1.000,0.000,-0.019,2,5.281,1.963,0.466,"Ground_Mountain_1_1:(0.076, 0.342, -0.937);"
13.100,232.552,905.187,94.892,-104.110,0.472,0.317,0.372,0.197,1.000,0.000,-0.019,1,3.704,3.499,0.466,"Ground_Mountain_1_1:(0.076, 0.342, -0.937);Ground_Mountain_1_1:(0.076, 0.342, -0.937);"
13.120,232.561,905.193,94.896,-104.107,0.298,0.321,0.211,0.122,1.000,0.000,-0.019,1,3.675,3.501,0.466,"Ground_Mountain_1_1:(0.076, 0.342, -0.937);Ground_Mountain_1_1:(0.076, 0.342, -0.937);"
13.140,232.568,905.200,94.897,-104.106,0.127,0.324,0.052,0.050,1.000,0.000,-0.019,1,3.636,3.503,0.466,"Ground_Mountain_1_1:(0.076, 0.342, -0.937);"
13.160,232.575,905.206,94.895,-104.107,-0.043,0.328,-0.106,-0.023,1.000,0.000,-0.019,1,3.587,3.505,0.466,"Ground_Mountain_1_1:(0.076, 0.342, -0.937);"
13.180,232.581,905.212,94.890,-104.109,-0.213,0.332,-0.264,-0.094,1.000,0.000,-0.019,1,3.528,3.508,0.466,"Ground_Mountain_1_1:(0.076, 0.342, -0.937);"
13.200,232.586,905.218,94.881,-104.112,-0.383,0.336,-0.423,-0.165,1.000,0.000,-0.019,1,3.463,3.511,0.466,"Ground_Mountain_1_1:(0.076, 0.342, -0.937);"
13.220,232.590,905.225,94.869,-104.117,-0.551,0.340,-0.582,-0.233,1.000,0.000,-0.019,1,3.392,3.515,0.465,"Ground_Mountain_1_1:(0.076, 0.342, -0.937);Ground_Mountain_1_1:(0.076, 0.342, -0.937);"
13.240,232.593,905.231,94.855,-104.123,-0.720,0.343,-0.741,-0.302,1.000,0.000,-0.019,1,3.318,3.516,0.465,"Ground_Mountain_1_1:(0.076, 0.342, -0.937);Ground_Mountain_1_1:(0.076, 0.342, -0.937);"
13.260,232.595,905.237,94.846,-104.125,-0.352,0.334,-0.406,-0.129,1.000,0.000,-0.019,2,5.552,3.645,0.465,"Ground_Mountain_1_1:(0.076, 0.342, -0.937);Ground_Mountain_1_1:(0.076, 0.342, -0.937);"
13.280,232.599,905.243,94.841,-104.127,-0.183,0.307,-0.242,-0.062,1.000,0.000,-0.019,3,6.367,3.840,0.465,"Ground_Mountain_1_1:(0.076, 0.342, -0.937);Ground_Mountain_1_1:(0.076, 0.342, -0.937);"
13.300,232.604,905.249,94.840,-104.127,-0.016,0.292,-0.082,0.005,1.000,0.000,-0.019,3,6.325,3.495,0.465,"Ground_Mountain_1_1:(0.076, 0.342, -0.937);"
13.320,232.609,905.255,94.841,-104.125,0.147,0.287,0.072,0.071,1.000,0.000,-0.019,3,6.268,3.201,0.465,"Ground_Mountain_1_1:(0.076, 0.342, -0.937);"
13.340,232.616,905.261,94.846,-104.122,0.310,0.291,0.223,0.139,1.000,0.000,-0.019,3,6.199,2.960,0.465,"Ground_Mountain_1_1:(0.076, 0.342, -0.937);"
13.360,232.623,905.268,94.853,-104.118,0.476,0.302,0.370,0.217,1.000,0.000,-0.019,2,5.335,2.068,0.465,"Ground_Mountain_1_1:(0.076, 0.342, -0.937);"
13.380,232.632,905.275,94.864,-104.112,0.641,0.317,0.515,0.294,1.000,0.000,-0.019,2,5.302,1.984,0.465,"Ground_Mountain_1_1:(0.076, 0.342, -0.937);Ground_Mountain_1_1:(0.076, 0.342, -0.937);"
13.400,232.642,905.282,94.871,-104.108,0.466,0.321,0.354,0.220,1.000,0.000,-0.019,1,3.646,3.518,0.465,"Ground_Mountain_1_1:(0.076, 0.342, -0.937);Ground_Mountain_1_1:(0.076, 0.342, -0.937);"
13.420,232.650,905.289,94.874,-104.105,0.292,0.325,0.192,0.145,1.000,0.000,-0.019,1,3.630,3.521,0.464,"Ground_Mountain_1_1:(0.076, 0.342, -0.937);Ground_Mountain_1_1:(0.076, 0.342, -0.937);"
13.440,232.658,905.296,94.875,-104.103,0.120,0.327,0.032,0.072,1.000,0.000,-0.019,1,3.611,3.523,0.464,"Ground_Mountain_1_1:(0.076, 0.342, -0.937);Ground_Mountain_1_1:(0.076, 0.342, -0.937);"
13.460,232.665,905.302,94.872,-104.103,-0.049,0.330,-0.125,0.000,1.000,0.000,-0.019,1,3.585,3.525,0.464,"Ground_Mountain_1_1:(0.076, 0.342, -0.937);Ground_Mountain_1_1:(0.076, 0.342, -0.937);"
13.480,232.671,905.308,94.866,-104.105,-0.218,0.334,-0.282,-0.071,1.000,0.000,-0.018,1,3.545,3.529,0.463,"Ground_Mountain_1_1:(0.076, 0.342, -0.937);Ground_Mountain_1_1:(0.076, 0.342, -0.937);"
13.500,232.676,905.315,94.858,-104.108,-0.387,0.339,-0.439,-0.142,1.000,0.000,-0.018,1,3.501,3.531,0.463,"Ground_Mountain_1_1:(0.076, 0.342, -0.937);Ground_Mountain_1_1:(0.076, 0.342, -0.937);"
13.520,232.680,905.321,94.846,-104.112,-0.555,0.344,-0.597,-0.211,1.000,0.000,-0.018,1,3.445,3.536,0.463,"Ground_Mountain_1_1:(0.076, 0.342, -0.937);Ground_Mountain_1_1:(0.076, 0.342, -0.937);"
13.540,232.683,905.327,94.830,-104.118,-0.724,0.348,-0.756,-0.280,1.000,0.000,-0.018,1,3.386,3.539,0.462,"Ground_Mountain_1_1:(0.076, 0.342, -0.937);Ground_Mountain_1_1:(0.076, 0.342, -0.937);"
13.560,232.685,905.333,94.822,-104.120,-0.355,0.339,-0.418,-0.114,1.000,0.000,-0.018,2,5.783,2.573,0.461,"Ground_Mountain_1_1:(0.076, 0.342, -0.937);Ground_Mountain_1_1:(0.076, 0.342, -0.937);"
13.580,232.689,905.339,94.816,-104.121,-0.187,0.312,-0.255,-0.045,1.000,0.000,-0.018,2,5.804,2.394,0.461,"Ground_Mountain_1_1:(0.076, 0.342, -0.937);Ground_Mountain_1_1:(0.076, 0.342, -0.937);"
13.600,232.694,905.345,94.815,-104.121,-0.021,0.295,-0.090,0.010,1.000,0.000,-0.018,3,6.823,3.294,0.460,"Ground_Mountain_1_1:(0.076, 0.342, -0.937);Ground_Mountain_1_1:(0.076, 0.342, -0.937);"
13.620,232.699,905.351,94.816,-104.120,0.141,0.289,0.068,0.067,1.000,0.000,-0.018,3,6.699,3.032,0.460,"Ground_Mountain_1_1:(0.076, 0.342, -0.937);Ground_Mountain_1_1:(0.076, 0.342, -0.937);"
13.640,232.706,905.357,94.820,-104.117,0.307,0.293,0.220,0.138,1.000,0.000,-0.018,2,5.611,1.709,0.460,"Ground_Mountain_1_1:(0.076, 0.342, -0.937);"
13.660,232.713,905.364,94.828,-104.113,0.472,0.304,0.371,0.209,1.000,0.000,-0.018,2,5.564,1.670,0.460,"Ground_Mountain_1_1:(0.076, 0.342, -0.937);"
13.680,232.721,905.370,94.838,-104.107,0.636,0.318,0.518,0.279,1.000,0.000,-0.018,2,5.509,1.650,0.459,"Ground_Mountain_1_1:(0.076, 0.342, -0.937);Ground_Mountain_1_1:(0.076, 0.342, -0.937);"
13.700,232.730,905.377,94.845,-104.103,0.460,0.322,0.355,0.205,1.000,0.000,-0.018,1,3.514,3.541,0.459,"Ground_Mountain_1_1:(0.076, 0.342, -0.937);Ground_Mountain_1_1:(0.076, 0.342, -0.937);"
13.720,232.739,905.384,94.848,-104.101,0.285,0.326,0.191,0.132,1.000,0.000,-0.018,1,3.494,3.545,0.459,"Ground_Mountain_1_1:(0.076, 0.342, -0.937);Ground_Mountain_1_1:(0.076, 0.342, -0.937);"
13.740,232.746,905.390,94.849,-104.100,0.112,0.327,0.030,0.060,1.000,0.000,-0.018,1,3.466,3.548,0.458,"Ground_Mountain_1_1:(0.076, 0.342, -0.937);Ground_Mountain_1_1:(0.076, 0.342, -0.937);"
13.760,232.752,905.396,94.846,-104.100,-0.058,0.330,-0.128,-0.010,1.000,0.000,-0.018,1,3.429,3.552,0.457,"Ground_Mountain_1_1:(0.076, 0.342, -0.937);Ground_Mountain_1_1:(0.076, 0.342, -0.937);"
13.780,232.758,905.402,94.840,-104.102,-0.227,0.333,-0.286,-0.079,1.000,0.000,-0.018,1,3.384,3.556,0.457,"Ground_Mountain_1_1:(0.076, 0.342, -0.937);Ground_Mountain_1_1:(0.076, 0.342, -0.937);"
13.800,232.762,905.408,94.831,-104.105,-0.397,0.337,-0.445,-0.148,1.000,0.000,-0.018,1,3.334,3.559,0.456,"Ground_Mountain_1_1:(0.076, 0.342, -0.937);Ground_Mountain_1_1:(0.076, 0.342, -0.937);"
13.820,232.766,905.414,94.819,-104.109,-0.566,0.341,-0.604,-0.216,1.000,0.000,-0.018,1,3.277,3.564,0.456,"Ground_Mountain_1_1:(0.076, 0.342, -0.937);Ground_Mountain_1_1:(0.076, 0.342, -0.937);"
13.840,232.769,905.420,94.803,-104.115,-0.736,0.344,-0.764,-0.284,1.000,0.000,-0.018,1,3.217,3.568,0.455,"Ground_Mountain_1_1:(0.076, 0.342, -0.937);Ground_Mountain_1_1:(0.076, 0.342, -0.937);"
13.860,232.771,905.426,94.795,-104.117,-0.369,0.333,-0.426,-0.121,1.000,0.000,-0.018,2,5.982,3.057,0.454,"Ground_Mountain_1_1:(0.076, 0.342, -0.937);Ground_Mountain_1_1:(0.076, 0.342, -0.937);"
13.880,232.775,905.432,94.789,-104.119,-0.201,0.305,-0.261,-0.057,1.000,0.000,-0.017,2,5.995,2.756,0.453,"Ground_Mountain_1_1:(0.076, 0.342, -0.937);Ground_Mountain_1_1:(0.076, 0.342, -0.937);"
13.900,232.780,905.438,94.787,-104.119,-0.034,0.289,-0.101,0.008,1.000,0.000,-0.017,2,5.963,2.499,0.453,"Ground_Mountain_1_1:(0.076, 0.342, -0.937);Ground_Mountain_1_1:(0.076, 0.342, -0.937);"
13.920,232.785,905.444,94.788,-104.117,0.131,0.284,0.056,0.072,1.000,0.000,-0.017,2,5.924,2.277,0.453,"Ground_Mountain_1_1:(0.076, 0.342, -0.937);Ground_Mountain_1_1:(0.076, 0.342, -0.937);"
13.940,232.791,905.450,94.792,-104.115,0.295,0.287,0.209,0.136,1.000,0.000,-0.017,2,5.871,2.092,0.453,"Ground_Mountain_1_1:(0.076, 0.342, -0.937);Ground_Mountain_1_1:(0.076, 0.342, -0.937);"
13.960,232.798,905.456,94.800,-104.110,0.458,0.296,0.360,0.201,1.000,0.000,-0.017,2,5.810,1.943,0.453,"Ground_Mountain_1_1:(0.076, 0.342, -0.937);Ground_Mountain_1_1:(0.076, 0.342, -0.937);"
13.980,232.806,905.463,94.810,-104.105,0.620,0.309,0.509,0.267,1.000,0.000,-0.017,2,5.740,1.831,0.453,"Ground_Mountain_1_1:(0.076, 0.342, -0.937);Ground_Mountain_1_1:(0.076, 0.342, -0.937);"
14.000,232.815,905.469,94.817,-104.101,0.444,0.313,0.345,0.194,1.000,0.000,-0.017,1,3.480,3.539,0.452,"Ground_Mountain_1_1:(0.076, 0.342, -0.937);Ground_Mountain_1_1:(0.076, 0.342, -0.937);"
14.020,232.823,905.476,94.820,-104.099,0.267,0.315,0.181,0.120,1.000,0.000,-0.017,1,3.467,3.542,0.452,"Ground_Mountain_1_1:(0.076, 0.342, -0.937);Ground_Mountain_1_1:(0.076, 0.342, -0.937);"
14.040,232.831,905.482,94.820,-104.098,0.094,0.316,0.019,0.049,1.000,0.000,-0.017,1,3.446,3.545,0.452,"Ground_Mountain_1_1:(0.076, 0.342, -0.937);Ground_Mountain_1_1:(0.076, 0.342, -0.937);"
14.060,232.837,905.488,94.818,-104.098,-0.076,0.318,-0.139,-0.021,1.000,0.000,-0.017,1,3.419,3.545,0.452,"Ground_Mountain_1_1:(0.076, 0.342, -0.937);Ground_Mountain_1_1:(0.076, 0.342, -0.937);"
14.080,232.842,905.494,94.812,-104.100,-0.246,0.321,-0.298,-0.091,1.000,0.000,-0.017,1,3.379,3.551,0.451,"Ground_Mountain_1_1:(0.076, 0.342, -0.937);Ground_Mountain_1_1:(0.076, 0.342, -0.937);"
14.100,232.847,905.500,94.802,-104.104,-0.416,0.324,-0.457,-0.160,1.000,0.000,-0.017,1,3.335,3.554,0.451,"Ground_Mountain_1_1:(0.076, 0.342, -0.937);Ground_Mountain_1_1:(0.076, 0.342, -0.937);"
14.120,232.850,905.506,94.790,-104.108,-0.586,0.328,-0.617,-0.228,1.000,0.000,-0.017,1,3.285,3.558,0.451,"Ground_Mountain_1_1:(0.076, 0.342, -0.937);Ground_Mountain_1_1:(0.076, 0.342, -0.937);"
14.140,232.853,905.512,94.781,-104.112,-0.419,0.293,-0.452,-0.164,1.000,0.000,-0.017,2,6.029,2.848,0.450,"Ground_Mountain_1_1:(0.076, 0.342, -0.937);Ground_Mountain_1_1:(0.076, 0.342, -0.937);"
14.160,232.856,905.517,94.775,-104.114,-0.251,0.272,-0.290,-0.099,1.000,0.000,-0.017,2,6.003,2.578,0.450,"Ground_Mountain_1_1:(0.076, 0.342, -0.937);Ground_Mountain_1_1:(0.076, 0.342, -0.937);"
14.180,232.860,905.522,94.772,-104.114,-0.084,0.261,-0.130,-0.033,1.000,0.000,-0.017,2,5.966,2.341,0.451,"Ground_Mountain_1_1:(0.076, 0.342, -0.937);Ground_Mountain_1_1:(0.076, 0.342, -0.937);"
14.200,232.865,905.528,94.773,-104.114,0.083,0.259,0.027,0.032,1.000,0.000,-0.017,2,5.923,2.136,0.451,"Ground_Mountain_1_1:(0.076, 0.342, -0.937);Ground_Mountain_1_1:(0.076, 0.342, -0.937);"
14.220,232.870,905.533,94.777,-104.112,0.247,0.265,0.180,0.097,1.000,0.000,-0.017,2,5.864,1.967,0.451,"Ground_Mountain_1_1:(0.076, 0.342, -0.937);Ground_Mountain_1_1:(0.076, 0.342, -0.937);"
14.240,232.877,905.539,94.783,-104.108,0.410,0.277,0.330,0.163,1.000,0.000,-0.017,2,5.797,1.832,0.451,"Ground_Mountain_1_1:(0.076, 0.342, -0.937);Ground_Mountain_1_1:(0.076, 0.342, -0.937);"
14.260,232.884,905.546,94.793,-104.104,0.573,0.292,0.478,0.230,1.000,0.000,-0.017,2,5.723,1.731,0.452,"Ground_Mountain_1_1:(0.076, 0.342, -0.937);Ground_Mountain_1_1:(0.076, 0.342, -0.937);"
14.280,232.893,905.552,94.799,-104.100,0.397,0.296,0.314,0.156,1.000,0.000,-0.017,1,3.507,3.519,0.452,"Ground_Mountain_1_1:(0.076, 0.342, -0.937);Ground_Mountain_1_1:(0.076, 0.342, -0.937);"
14.300,232.901,905.558,94.802,-104.099,0.221,0.298,0.150,0.083,1.000,0.000,-0.017,1,3.490,3.521,0.452,"Ground_Mountain_1_1:(0.076, 0.342, -0.937);Ground_Mountain_1_1:(0.076, 0.342, -0.937);"
14.320,232.907,905.564,94.808,-104.096,0.386,0.306,0.315,0.128,1.000,0.000,-0.017,2,4.601,2.562,0.451,"Ground_Mountain_1_1:(0.076, 0.342, -0.937);Ground_Mountain_1_1:(0.076, 0.342, -0.937);"
14.340,232.915,905.570,94.817,-104.093,0.551,0.319,0.475,0.176,1.000,0.000,-0.017,2,4.406,2.352,0.449,"Ground_Mountain_1_1:(0.076, 0.342, -0.937);Ground_Mountain_1_1:(0.076, 0.342, -0.937);"
14.360,232.923,905.577,94.829,-104.089,0.715,0.336,0.632,0.228,1.000,0.000,-0.017,2,4.229,2.228,0.446,"Ground_Mountain_1_1:(0.076, 0.342, -0.937);Ground_Mountain_1_1:(0.076, 0.342, -0.937);"
14.380,232.932,905.583,94.844,-104.084,0.877,0.354,0.786,0.280,1.000,0.000,-0.017,2,4.081,1.249,0.443,"Ground_Mountain_1_1:(0.076, 0.342, -0.937);Ground_Mountain_1_1:(0.076, 0.342, -0.937);"
14.400,232.942,905.590,94.862,-104.078,1.038,0.373,0.937,0.335,1.000,0.000,-0.017,2,3.890,1.265,0.439,"Ground_Mountain_1_1:(0.076, 0.342, -0.937);Ground_Mountain_1_1:(0.076, 0.342, -0.937);"
14.420,232.953,905.597,94.882,-104.070,1.198,0.394,1.084,0.393,1.000,0.000,-0.017,2,3.727,1.365,0.434,"Ground_Mountain_1_1:(0.076, 0.342, -0.937);Ground_Mountain_1_1:(0.076, 0.342, -0.937);"
14.440,232.964,905.605,94.905,-104.062,1.356,0.416,1.229,0.452,1.000,0.000,-0.017,2,3.589,1.501,0.430,"Ground_Mountain_1_1:(0.076, 0.342, -0.937);Ground_Mountain_1_1:(0.076, 0.342, -0.937);"
14.460,232.977,905.613,94.932,-104.052,1.513,0.439,1.372,0.514,1.000,0.000,-0.017,2,3.477,1.641,0.426,"Ground_Mountain_1_1:(0.076, 0.342, -0.937);Ground_Mountain_1_1:(0.076, 0.342, -0.937);"
14.480,232.991,905.621,94.961,-104.041,1.669,0.462,1.512,0.576,1.000,0.000,-0.016,2,3.389,1.770,0.421,"Ground_Mountain_1_1:(0.076, 0.342, -0.937);Ground_Mountain_1_1:(0.076, 0.342, -0.937);"
14.500,233.006,905.630,94.992,-104.029,1.824,0.486,1.650,0.638,1.000,0.000,-0.016,2,3.323,1.881,0.417,"Ground_Mountain_1_1:(0.076, 0.342, -0.937);Ground_Mountain_1_1:(0.076, 0.342, -0.937);"
14.520,233.022,905.639,95.027,-104.016,1.976,0.509,1.787,0.701,1.000,0.000,-0.016,2,3.276,1.975,0.412,"Ground_Mountain_1_1:(0.104, 0.349, -0.931);Ground_Mountain_1_1:(0.104, 0.349, -0.931);Ground_Mountain_1_1:(0.104, 0.349, -0.931);"
14.540,233.039,905.649,95.064,-104.001,2.128,0.533,1.922,0.765,1.000,0.000,-0.016,2,3.247,2.050,0.408,"Ground_Mountain_1_1:(0.104, 0.349, -0.931);Ground_Mountain_1_1:(0.104, 0.349, -0.931);Ground_Mountain_1_1:(0.104, 0.349, -0.931);"
14.560,233.058,905.659,95.104,-103.985,2.278,0.557,2.056,0.827,1.000,0.000,-0.016,2,3.233,2.109,0.405,"Ground_Mountain_1_1:(0.104, 0.349, -0.931);Ground_Mountain_1_1:(0.104, 0.349, -0.931);Ground_Mountain_1_1:(0.104, 0.349, -0.931);"
14.580,233.078,905.670,95.147,-103.968,2.427,0.580,2.189,0.890,1.000,0.000,-0.016,2,3.231,2.155,0.401,"Ground_Mountain_1_1:(0.104, 0.349, -0.931);Ground_Mountain_1_1:(0.104, 0.349, -0.931);Ground_Mountain_1_1:(0.104, 0.349, -0.931);"
14.600,233.098,905.682,95.193,-103.949,2.574,0.604,2.320,0.952,1.000,0.000,-0.016,2,3.240,2.190,0.398,"Ground_Mountain_1_1:(0.132, 0.357, -0.925);Ground_Mountain_1_1:(0.132, 0.357, -0.925);Ground_Mountain_1_1:(0.132, 0.357, -0.925);"
14.620,233.120,905.693,95.241,-103.929,2.720,0.627,2.451,1.013,1.000,0.000,-0.016,2,3.257,2.215,0.395,"Ground_Mountain_1_1:(0.132, 0.357, -0.925);Ground_Mountain_1_1:(0.132, 0.357, -0.925);Ground_Mountain_1_1:(0.132, 0.357, -0.925);"
14.640,233.143,905.706,95.292,-103.910,2.866,0.650,2.615,0.993,1.000,0.000,-0.015,3,7.684,2.971,0.391,"Ground_Mountain_1_1:(0.132, 0.357, -0.925);Ground_Mountain_1_1:(0.132, 0.357, -0.925);Ground_Mountain_1_1:(0.132, 0.357, -0.925);"
14.660,233.168,905.719,95.346,-103.891,3.010,0.675,2.773,0.983,1.000,0.000,-0.015,3,7.096,2.745,0.386,"Ground_Mountain_1_1:(0.132, 0.357, -0.925);Ground_Mountain_1_1:(0.132, 0.357, -0.925);Ground_Mountain_1_1:(0.132, 0.357, -0.925);"
14.680,233.193,905.733,95.403,-103.872,3.153,0.700,2.924,0.983,1.000,0.000,-0.015,3,6.554,2.599,0.381,"Ground_Mountain_1_1:(0.132, 0.357, -0.925);Ground_Mountain_1_1:(0.132, 0.357, -0.925);Ground_Mountain_1_1:(0.132, 0.357, -0.925);"
14.700,233.220,905.748,95.463,-103.852,3.295,0.726,3.071,0.991,1.000,0.000,-0.015,3,6.056,2.496,0.375,""
14.720,233.248,905.764,95.525,-103.833,3.436,0.751,3.212,1.007,1.000,0.000,-0.015,3,5.600,2.410,0.370,""
14.740,233.278,905.780,95.591,-103.813,3.576,0.777,3.349,1.030,1.000,0.000,-0.014,3,5.182,2.324,0.364,""
14.760,233.308,905.797,95.659,-103.792,3.714,0.803,3.481,1.060,1.000,0.000,-0.014,3,4.800,2.231,0.359,""
14.780,233.340,905.814,95.730,-103.771,3.851,0.828,3.610,1.096,1.000,0.000,-0.014,3,4.450,2.125,0.355,""
14.800,233.373,905.832,95.804,-103.748,3.986,0.852,3.736,1.137,1.000,0.000,-0.013,3,4.132,2.007,0.351,""
14.820,233.407,905.851,95.880,-103.725,4.120,0.877,3.858,1.184,1.000,0.000,-0.013,3,3.843,1.878,0.347,""
14.840,233.443,905.870,95.959,-103.701,4.252,0.900,3.978,1.234,1.000,0.000,-0.013,3,3.580,1.742,0.344,""
14.860,233.479,905.890,96.040,-103.675,4.384,0.923,4.095,1.289,1.000,0.000,-0.012,3,3.344,1.600,0.342,""
14.880,233.516,905.910,96.124,-103.648,4.514,0.946,4.210,1.348,1.000,0.000,-0.012,3,3.133,1.457,0.340,""
14.900,233.555,905.930,96.210,-103.620,4.643,0.968,4.323,1.409,1.000,0.000,-0.011,3,2.946,1.315,0.338,""
14.920,233.595,905.951,96.298,-103.591,4.772,0.990,4.434,1.473,1.000,0.000,-0.011,3,2.782,1.176,0.337,""
14.940,233.635,905.972,96.389,-103.560,4.899,1.011,4.544,1.540,1.000,0.000,-0.010,3,2.641,1.043,0.337,""
14.960,233.677,905.994,96.482,-103.528,5.025,1.031,4.652,1.608,1.000,0.000,-0.009,3,2.523,0.917,0.336,""
14.980,233.720,906.016,96.577,-103.494,5.151,1.051,4.756,1.683,1.000,0.000,-0.009,3,2.368,1.295,0.337,""
15.000,233.763,906.039,96.674,-103.459,5.275,1.070,4.860,1.759,1.000,0.000,-0.008,3,2.272,1.100,0.337,""
15.020,233.808,906.062,96.774,-103.423,5.399,1.091,4.975,1.800,1.000,0.000,-0.007,3,3.973,0.739,0.339,""
15.040,233.854,906.085,96.876,-103.385,5.523,1.112,5.086,1.851,1.000,0.000,-0.006,3,3.407,0.301,0.341,""
15.060,233.901,906.110,96.981,-103.347,5.646,1.132,5.193,1.911,1.000,0.000,-0.004,3,2.904,0.061,0.343,""
15.080,233.949,906.134,97.088,-103.307,5.768,1.152,5.297,1.980,1.000,0.000,-0.004,3,2.471,0.352,0.346,""
15.100,234.193,906.159,97.196,-103.265,5.890,1.171,5.397,2.054,1.000,0.000,0.000,3,2.114,0.583,0.349,""
15.120,234.243,906.185,97.307,-103.222,6.011,1.189,5.495,2.134,1.000,0.000,0.002,3,1.832,0.761,0.351,""
15.140,234.293,906.210,97.420,-103.177,6.132,1.207,5.591,2.217,1.000,0.000,0.003,3,1.625,0.895,0.354,""
15.160,234.345,906.236,97.534,-103.131,6.253,1.224,5.686,2.302,1.000,0.000,0.005,3,1.489,0.992,0.357,""
15.180,234.397,906.262,97.650,-103.083,6.373,1.241,5.779,2.389,1.000,0.000,0.007,3,1.421,1.059,0.360,""
15.200,234.451,906.289,97.769,-103.033,6.493,1.258,5.872,2.475,1.000,0.000,0.008,3,1.412,1.102,0.362,""
15.220,234.505,906.316,97.889,-102.981,6.612,1.274,5.964,2.560,1.000,0.000,0.010,3,1.458,1.127,0.365,""
15.240,234.560,906.343,98.010,-102.928,6.731,1.291,6.057,2.643,1.000,0.000,0.012,3,1.548,1.138,0.367,""
15.260,234.615,906.370,98.134,-102.873,6.849,1.307,6.148,2.729,1.000,0.000,0.013,3,1.583,0.552,0.369,""
15.280,234.672,906.397,98.259,-102.816,6.967,1.323,6.238,2.814,1.000,0.000,0.015,3,1.632,0.602,0.371,""
15.300,234.729,906.425,98.386,-102.758,7.085,1.337,6.323,2.911,1.000,0.000,0.017,2,1.018,0.535,0.373,""
15.320,234.787,906.453,98.515,-102.697,7.202,1.352,6.408,3.007,1.000,0.000,0.019,2,1.074,0.639,0.376,""
15.340,234.846,906.481,98.646,-102.635,7.319,1.367,6.492,3.101,1.000,0.000,0.020,2,1.155,0.738,0.378,""
15.360,234.906,906.510,98.778,-102.571,7.435,1.383,6.577,3.193,1.000,0.000,0.022,2,1.257,0.834,0.381,""
15.380,234.967,906.539,98.912,-102.504,7.551,1.399,6.662,3.283,1.000,0.000,0.024,2,1.376,0.931,0.383,""
15.400,235.028,906.568,99.048,-102.437,7.667,1.416,6.747,3.370,1.000,0.000,0.026,2,1.509,1.030,0.386,""
15.420,235.090,906.597,99.185,-102.367,7.782,1.435,6.832,3.454,1.000,0.000,0.028,2,1.651,1.132,0.389,""
15.440,235.154,906.627,99.324,-102.296,7.897,1.454,6.918,3.536,1.000,0.000,0.028,2,1.800,1.238,0.392,""
15.460,235.218,906.657,99.465,-102.223,8.012,1.474,7.005,3.614,1.000,0.000,0.030,2,1.951,1.347,0.395,""
15.480,235.283,906.688,99.603,-102.150,7.836,1.476,6.814,3.594,1.000,0.000,0.032,1,1.024,3.460,0.400,"Ground_Mountain_1_1:(0.146, 0.325, -0.934);Ground_Mountain_1_1:(0.146, 0.325, -0.934);Ground_Mountain_1_1:(0.146, 0.325, -0.934);Ground_Mountain_1_1:(0.146, 0.325, -0.934);"
15.500,235.347,906.718,99.737,-102.078,7.660,1.479,6.623,3.574,1.000,0.000,0.032,1,1.017,3.365,0.406,"Ground_Mountain_1_1:(0.146, 0.325, -0.934);Ground_Mountain_1_1:(0.146, 0.325, -0.934);Ground_Mountain_1_1:(0.146, 0.325, -0.934);Ground_Mountain_1_1:(0.146, 0.325, -0.934);Ground_Mountain_1_1:(0.146, 0.325, -0.934);Ground_Mountain_1_1:(0.146, 0.325, -0.934);"
15.520,235.411,906.748,99.867,-102.006,7.486,1.478,6.425,3.573,1.000,0.000,0.032,0,0.000,3.269,0.413,"Ground_Mountain_1_1:(0.142, 0.324, -0.935);Ground_Mountain_1_1:(0.142, 0.324, -0.935);Ground_Mountain_1_1:(0.142, 0.324, -0.935);Ground_Mountain_1_1:(0.142, 0.324, -0.935);Ground_Mountain_1_1:(0.142, 0.324, -0.935);"
15.540,235.474,906.779,99.994,-101.933,7.314,1.477,6.226,3.571,1.000,0.000,0.032,0,0.000,3.188,0.421,"Ground_Mountain_1_1:(0.142, 0.324, -0.935);Ground_Mountain_1_1:(0.142, 0.324, -0.935);Ground_Mountain_1_1:(0.142, 0.324, -0.935);Ground_Mountain_1_1:(0.142, 0.324, -0.935);Ground_Mountain_1_1:(0.142, 0.324, -0.935);"
15.560,235.537,906.809,100.117,-101.862,7.136,1.485,6.046,3.517,1.000,0.000,0.032,0,0.000,3.107,0.428,"Ground_Mountain_1_1:(0.145, 0.323, -0.935);Ground_Mountain_1_1:(0.145, 0.323, -0.935);Ground_Mountain_1_1:(0.145, 0.323, -0.935);Ground_Mountain_1_1:(0.145, 0.323, -0.935);Ground_Mountain_1_1:(0.145, 0.323, -0.935);Ground_Mountain_1_1:(0.145, 0.323, -0.935);"
15.580,235.598,906.838,100.234,-101.801,6.823,1.512,5.915,3.069,1.000,0.000,0.032,0,0.000,3.133,0.423,"Ground_Mountain_1_1:(0.142, 0.324, -0.935);Ground_Mountain_1_1:(0.142, 0.324, -0.935);Ground_Mountain_1_1:(0.142, 0.324, -0.935);Ground_Mountain_1_1:(0.142, 0.324, -0.935);Ground_Mountain_1_1:(0.142, 0.324, -0.935);"
15.600,235.656,906.867,100.346,-101.744,6.607,1.521,5.737,2.931,1.000,0.000,0.031,0,0.000,3.913,0.415,"Ground_Mountain_1_1:(0.142, 0.324, -0.935);Ground_Mountain_1_1:(0.142, 0.324, -0.935);Ground_Mountain_1_1:(0.142, 0.324, -0.935);Ground_Mountain_1_1:(0.142, 0.324, -0.935);Ground_Mountain_1_1:(0.142, 0.324, -0.935);"
15.620,235.712,906.896,100.455,-101.688,6.410,1.530,5.547,2.863,1.000,0.000,0.031,0,0.000,4.110,0.405,"Ground_Mountain_1_1:(0.149, 0.326, -0.934);Ground_Mountain_1_1:(0.149, 0.326, -0.934);Ground_Mountain_1_1:(0.149, 0.326, -0.934);Ground_Mountain_1_1:(0.149, 0.326, -0.934);Ground_Mountain_1_1:(0.149, 0.326, -0.934);"
15.640,235.768,906.926,100.559,-101.633,6.220,1.535,5.354,2.822,1.000,0.000,0.030,0,0.000,4.207,0.394,"Ground_Mountain_1_1:(0.149, 0.326, -0.934);Ground_Mountain_1_1:(0.149, 0.326, -0.934);Ground_Mountain_1_1:(0.149, 0.326, -0.934);Ground_Mountain_1_1:(0.149, 0.326, -0.934);Ground_Mountain_1_1:(0.149, 0.326, -0.934);"
15.660,235.824,906.957,100.659,-101.580,6.025,1.540,5.163,2.770,1.000,0.000,0.030,0,0.000,4.227,0.383,"Ground_Mountain_1_1:(0.151, 0.325, -0.934);Ground_Mountain_1_1:(0.151, 0.325, -0.934);Ground_Mountain_1_1:(0.151, 0.325, -0.934);Ground_Mountain_1_1:(0.151, 0.325, -0.934);Ground_Mountain_1_1:(0.151, 0.325, -0.934);Ground_Mountain_1_1:(0.151, 0.325, -0.934);"
15.680,235.879,906.987,100.755,-101.527,5.829,1.545,4.971,2.720,1.000,0.000,0.029,0,0.000,4.263,0.371,"Ground_Mountain_1_1:(0.151, 0.325, -0.934);Ground_Mountain_1_1:(0.151, 0.325, -0.934);Ground_Mountain_1_1:(0.151, 0.325, -0.934);Ground_Mountain_1_1:(0.151, 0.325, -0.934);Ground_Mountain_1_1:(0.151, 0.325, -0.934);Ground_Mountain_1_1:(0.151, 0.325, -0.934);"
15.700,236.072,907.018,100.848,-101.476,5.632,1.549,4.781,2.669,1.000,0.000,0.032,0,0.000,4.295,0.360,"Ground_Mountain_1_1:(0.146, 0.325, -0.934);Ground_Mountain_1_1:(0.146, 0.325, -0.934);Ground_Mountain_1_1:(0.146, 0.325, -0.934);Ground_Mountain_1_1:(0.146, 0.325, -0.934);Ground_Mountain_1_1:(0.146, 0.325, -0.934);Ground_Mountain_1_1:(0.146, 0.325, -0.934);"
15.720,236.126,907.049,100.936,-101.425,5.434,1.552,4.589,2.622,1.000,0.000,0.031,0,0.000,4.332,0.348,"Ground_Mountain_1_1:(0.146, 0.325, -0.934);Ground_Mountain_1_1:(0.146, 0.325, -0.934);Ground_Mountain_1_1:(0.146, 0.325, -0.934);Ground_Mountain_1_1:(0.146, 0.325, -0.934);Ground_Mountain_1_1:(0.146, 0.325, -0.934);Ground_Mountain_1_1:(0.146, 0.325, -0.934);"
15.740,236.179,907.080,101.021,-101.375,5.235,1.555,4.398,2.578,1.000,0.000,0.031,0,0.000,4.359,0.336,"Ground_Mountain_1_1:(0.146, 0.325, -0.934);Ground_Mountain_1_1:(0.146, 0.325, -0.934);Ground_Mountain_1_1:(0.146, 0.325, -0.934);Ground_Mountain_1_1:(0.146, 0.325, -0.934);Ground_Mountain_1_1:(0.146, 0.325, -0.934);Ground_Mountain_1_1:(0.146, 0.325, -0.934);"
15.760,236.231,907.112,101.102,-101.328,5.014,1.569,4.223,2.416,1.000,0.000,0.030,0,0.000,4.383,0.326,"Ground_Mountain_1_1:(0.146, 0.325, -0.934);Ground_Mountain_1_1:(0.146, 0.325, -0.934);Ground_Mountain_1_1:(0.146, 0.325, -0.934);Ground_Mountain_1_1:(0.146, 0.325, -0.934);Ground_Mountain_1_1:(0.146, 0.325, -0.934);Ground_Mountain_1_1:(0.146, 0.325, -0.934);"
15.780,236.283,907.143,101.184,-101.292,4.713,1.615,4.116,1.809,1.000,0.000,0.031,0,0.000,4.321,0.323,"Ground_Mountain_1_1:(0.146, 0.325, -0.934);Ground_Mountain_1_1:(0.146, 0.325, -0.934);Ground_Mountain_1_1:(0.146, 0.325, -0.934);Ground_Mountain_1_1:(0.146, 0.325, -0.934);Ground_Mountain_1_1:(0.146, 0.325, -0.934);Ground_Mountain_1_1:(0.146, 0.325, -0.934);"
15.800,236.333,907.175,101.263,-101.260,4.493,1.626,3.949,1.611,1.000,0.000,0.032,0,0.000,3.896,0.322,"Ground_Mountain_1_1:(0.137, 0.326, -0.936);Ground_Mountain_1_1:(0.137, 0.326, -0.936);Ground_Mountain_1_1:(0.137, 0.326, -0.936);Ground_Mountain_1_1:(0.137, 0.326, -0.936);Ground_Mountain_1_1:(0.137, 0.326, -0.936);Ground_Mountain_1_1:(0.137, 0.326, -0.936);"
15.820,236.383,907.207,101.338,-101.229,4.302,1.628,3.759,1.565,1.000,0.000,0.033,0,0.000,3.795,0.322,"Ground_Mountain_1_1:(0.149, 0.328, -0.933);Ground_Mountain_1_1:(0.149, 0.328, -0.933);Ground_Mountain_1_1:(0.149, 0.328, -0.933);Ground_Mountain_1_1:(0.149, 0.328, -0.933);Ground_Mountain_1_1:(0.149, 0.328, -0.933);Ground_Mountain_1_1:(0.149, 0.328, -0.933);"
15.840,236.432,907.240,101.409,-101.200,4.108,1.631,3.572,1.498,1.000,0.000,0.034,0,0.000,3.776,0.322,"Ground_Mountain_1_1:(0.149, 0.328, -0.933);Ground_Mountain_1_1:(0.149, 0.328, -0.933);Ground_Mountain_1_1:(0.149, 0.328, -0.933);Ground_Mountain_1_1:(0.149, 0.328, -0.933);Ground_Mountain_1_1:(0.149, 0.328, -0.933);Ground_Mountain_1_1:(0.149, 0.328, -0.933);"
15.860,236.481,907.273,101.477,-101.172,3.917,1.632,3.383,1.449,1.000,0.000,0.035,0,0.000,3.767,0.322,"Ground_Mountain_1_1:(0.149, 0.328, -0.933);Ground_Mountain_1_1:(0.149, 0.328, -0.933);Ground_Mountain_1_1:(0.149, 0.328, -0.933);Ground_Mountain_1_1:(0.149, 0.328, -0.933);Ground_Mountain_1_1:(0.149, 0.328, -0.933);Ground_Mountain_1_1:(0.149, 0.328, -0.933);"
15.880,236.529,907.307,101.541,-101.144,3.728,1.636,3.191,1.410,1.000,0.000,0.035,0,0.000,3.748,0.323,"Ground_Mountain_1_1:(0.149, 0.328, -0.933);Ground_Mountain_1_1:(0.149, 0.328, -0.933);Ground_Mountain_1_1:(0.149, 0.328, -0.933);Ground_Mountain_1_1:(0.149, 0.328, -0.933);Ground_Mountain_1_1:(0.149, 0.328, -0.933);Ground_Mountain_1_1:(0.149, 0.328, -0.933);"
15.900,236.577,907.341,101.602,-101.117,3.540,1.639,2.997,1.378,1.000,0.000,0.036,0,0.000,3.727,0.324,"Ground_Mountain_1_1:(0.149, 0.328, -0.933);Ground_Mountain_1_1:(0.149, 0.328, -0.933);Ground_Mountain_1_1:(0.149, 0.328, -0.933);Ground_Mountain_1_1:(0.149, 0.328, -0.933);Ground_Mountain_1_1:(0.149, 0.328, -0.933);Ground_Mountain_1_1:(0.149, 0.328, -0.933);"
15.920,236.625,907.375,101.658,-101.090,3.351,1.643,2.805,1.343,1.000,0.000,0.037,0,0.000,3.691,0.325,"Ground_Mountain_1_1:(0.149, 0.328, -0.933);Ground_Mountain_1_1:(0.149, 0.328, -0.933);Ground_Mountain_1_1:(0.149, 0.328, -0.933);Ground_Mountain_1_1:(0.149, 0.328, -0.933);Ground_Mountain_1_1:(0.149, 0.328, -0.933);Ground_Mountain_1_1:(0.149, 0.328, -0.933);"
15.940,236.672,907.410,101.711,-101.063,3.162,1.646,2.612,1.305,1.000,0.000,0.038,0,0.000,3.666,0.327,"Ground_Mountain_1_1:(0.143, 0.327, -0.934);Ground_Mountain_1_1:(0.143, 0.327, -0.934);Ground_Mountain_1_1:(0.143, 0.327, -0.934);Ground_Mountain_1_1:(0.143, 0.327, -0.934);Ground_Mountain_1_1:(0.143, 0.327, -0.934);Ground_Mountain_1_1:(0.143, 0.327, -0.934);"
15.960,236.719,907.444,101.760,-101.039,2.962,1.650,2.432,1.203,1.000,0.000,0.038,0,0.000,3.638,0.327,"Ground_Mountain_1_1:(0.149, 0.328, -0.933);Ground_Mountain_1_1:(0.149, 0.328, -0.933);Ground_Mountain_1_1:(0.149, 0.328, -0.933);Ground_Mountain_1_1:(0.149, 0.328, -0.933);Ground_Mountain_1_1:(0.149, 0.328, -0.933);Ground_Mountain_1_1:(0.149, 0.328, -0.933);"
15.980,236.764,907.477,101.805,-101.017,2.761,1.654,2.255,1.091,1.000,0.000,0.039,0,0.000,3.699,0.327,"Ground_Mountain_1_1:(0.149, 0.331, -0.932);Ground_Mountain_1_1:(0.149, 0.331, -0.932);Ground_Mountain_1_1:(0.149, 0.331, -0.932);Ground_Mountain_1_1:(0.149, 0.331, -0.932);Ground_Mountain_1_1:(0.149, 0.331, -0.932);Ground_Mountain_1_1:(0.149, 0.331, -0.932);"
16.000,236.807,907.509,101.846,-100.997,2.570,1.655,2.069,1.033,1.000,0.000,0.039,0,0.000,3.766,0.328,"Ground_Mountain_1_1:(0.150, 0.331, -0.932);Ground_Mountain_1_1:(0.150, 0.331, -0.932);Ground_Mountain_1_1:(0.150, 0.331, -0.932);Ground_Mountain_1_1:(0.150, 0.331, -0.932);Ground_Mountain_1_1:(0.150, 0.331, -0.932);Ground_Mountain_1_1:(0.150, 0.331, -0.932);"
16.020,236.849,907.543,101.885,-100.979,2.370,1.657,1.893,0.919,1.000,0.000,0.040,0,0.000,3.690,0.328,"Ground_Mountain_1_1:(0.150, 0.331, -0.932);Ground_Mountain_1_1:(0.150, 0.331, -0.932);Ground_Mountain_1_1:(0.150, 0.331, -0.932);Ground_Mountain_1_1:(0.150, 0.331, -0.932);Ground_Mountain_1_1:(0.150, 0.331, -0.932);Ground_Mountain_1_1:(0.150, 0.331, -0.932);"
16.040,236.891,907.576,101.919,-100.963,2.177,1.658,1.711,0.849,1.000,0.000,0.040,0,0.000,3.704,0.329,"Ground_Mountain_1_1:(0.150, 0.331, -0.932);Ground_Mountain_1_1:(0.150, 0.331, -0.932);Ground_Mountain_1_1:(0.150, 0.331, -0.932);Ground_Mountain_1_1:(0.150, 0.331, -0.932);Ground_Mountain_1_1:(0.150, 0.331, -0.932);Ground_Mountain_1_1:(0.150, 0.331, -0.932);"
16.060,236.932,907.608,101.950,-100.947,1.986,1.657,1.528,0.781,1.000,0.000,0.041,0,0.000,3.673,0.331,"Ground_Mountain_1_1:(0.148, 0.333, -0.931);Ground_Mountain_1_1:(0.148, 0.333, -0.931);Ground_Mountain_1_1:(0.148, 0.333, -0.931);Ground_Mountain_1_1:(0.148, 0.333, -0.931);Ground_Mountain_1_1:(0.148, 0.333, -0.931);Ground_Mountain_1_1:(0.148, 0.333, -0.931);"
16.080,236.971,907.641,101.977,-100.933,1.797,1.656,1.343,0.728,1.000,0.000,0.041,0,0.000,3.630,0.332,"Ground_Mountain_1_1:(0.148, 0.333, -0.931);Ground_Mountain_1_1:(0.148, 0.333, -0.931);Ground_Mountain_1_1:(0.148, 0.333, -0.931);Ground_Mountain_1_1:(0.148, 0.333, -0.931);Ground_Mountain_1_1:(0.148, 0.333, -0.931);Ground_Mountain_1_1:(0.148, 0.333, -0.931);"
16.100,237.010,907.674,102.001,-100.919,1.607,1.655,1.161,0.664,1.000,0.000,0.041,0,0.000,3.647,0.333,"Ground_Mountain_1_1:(0.148, 0.333, -0.931);Ground_Mountain_1_1:(0.148, 0.333, -0.931);Ground_Mountain_1_1:(0.148, 0.333, -0.931);Ground_Mountain_1_1:(0.148, 0.333, -0.931);Ground_Mountain_1_1:(0.148, 0.333, -0.931);Ground_Mountain_1_1:(0.148, 0.333, -0.931);"
16.120,237.048,907.707,102.021,-100.907,1.419,1.653,0.978,0.607,1.000,0.000,0.041,0,0.000,3.691,0.333,"Ground_Mountain_1_1:(0.148, 0.333, -0.931);Ground_Mountain_1_1:(0.148, 0.333, -0.931);Ground_Mountain_1_1:(0.148, 0.333, -0.931);Ground_Mountain_1_1:(0.148, 0.333, -0.931);Ground_Mountain_1_1:(0.148, 0.333, -0.931);Ground_Mountain_1_1:(0.148, 0.333, -0.931);"
16.140,237.086,907.740,102.037,-100.897,1.230,1.651,0.798,0.541,1.000,0.000,0.041,0,0.000,3.707,0.333,"Ground_Mountain_1_1:(0.140, 0.331, -0.933);Ground_Mountain_1_1:(0.140, 0.331, -0.933);Ground_Mountain_1_1:(0.140, 0.331, -0.933);Ground_Mountain_1_1:(0.140, 0.331, -0.933);Ground_Mountain_1_1:(0.140, 0.331, -0.933);Ground_Mountain_1_1:(0.140, 0.331, -0.933);"
16.160,237.122,907.773,102.049,-100.887,1.045,1.648,0.615,0.492,1.000,0.000,0.041,0,0.000,3.724,0.334,"Ground_Mountain_1_1:(0.148, 0.333, -0.931);Ground_Mountain_1_1:(0.148, 0.333, -0.931);Ground_Mountain_1_1:(0.148, 0.333, -0.931);Ground_Mountain_1_1:(0.148, 0.333, -0.931);Ground_Mountain_1_1:(0.148, 0.333, -0.931);Ground_Mountain_1_1:(0.148, 0.333, -0.931);"
16.180,237.158,907.806,102.058,-100.878,0.859,1.645,0.437,0.430,1.000,0.000,0.041,0,0.000,3.717,0.334,"Ground_Mountain_1_1:(0.148, 0.333, -0.931);Ground_Mountain_1_1:(0.148, 0.333, -0.931);Ground_Mountain_1_1:(0.148, 0.333, -0.931);Ground_Mountain_1_1:(0.148, 0.333, -0.931);Ground_Mountain_1_1:(0.148, 0.333, -0.931);Ground_Mountain_1_1:(0.148, 0.333, -0.931);"
16.200,237.192,907.838,102.063,-100.871,0.674,1.641,0.259,0.369,1.000,0.000,0.041,0,0.000,3.728,0.334,"Ground_Mountain_1_1:(0.148, 0.333, -0.931);Ground_Mountain_1_1:(0.148, 0.333, -0.931);Ground_Mountain_1_1:(0.148, 0.333, -0.931);Ground_Mountain_1_1:(0.148, 0.333, -0.931);Ground_Mountain_1_1:(0.148, 0.333, -0.931);Ground_Mountain_1_1:(0.148, 0.333, -0.931);"
16.220,237.226,907.871,102.065,-100.865,0.490,1.637,0.087,0.298,1.000,0.000,0.041,0,0.000,3.731,0.334,"Ground_Mountain_1_1:(0.140, 0.331, -0.933);Ground_Mountain_1_1:(0.140, 0.331, -0.933);Ground_Mountain_1_1:(0.140, 0.331, -0.933);Ground_Mountain_1_1:(0.140, 0.331, -0.933);Ground_Mountain_1_1:(0.140, 0.331, -0.933);Ground_Mountain_1_1:(0.140, 0.331, -0.933);"
16.240,237.259,907.903,102.063,-100.861,0.309,1.633,-0.091,0.247,1.000,0.000,0.041,0,0.000,3.740,0.334,"Ground_Mountain_1_1:(0.148, 0.333, -0.931);Ground_Mountain_1_1:(0.148, 0.333, -0.931);Ground_Mountain_1_1:(0.148, 0.333, -0.931);Ground_Mountain_1_1:(0.148, 0.333, -0.931);Ground_Mountain_1_1:(0.148, 0.333, -0.931);Ground_Mountain_1_1:(0.148, 0.333, -0.931);"
16.260,237.290,907.935,102.058,-100.857,0.128,1.629,-0.262,0.182,1.000,0.000,0.041,0,0.000,3.729,0.334,"Ground_Mountain_1_1:(0.148, 0.333, -0.931);Ground_Mountain_1_1:(0.148, 0.333, -0.931);Ground_Mountain_1_1:(0.148, 0.333, -0.931);Ground_Mountain_1_1:(0.148, 0.333, -0.931);Ground_Mountain_1_1:(0.148, 0.333, -0.931);Ground_Mountain_1_1:(0.148, 0.333, -0.931);"
16.280,237.322,907.968,102.049,-100.855,-0.051,1.626,-0.431,0.116,1.000,0.000,0.040,0,0.000,3.731,0.334,"Ground_Mountain_1_1:(0.148, 0.333, -0.931);Ground_Mountain_1_1:(0.148, 0.333, -0.931);Ground_Mountain_1_1:(0.148, 0.333, -0.931);Ground_Mountain_1_1:(0.148, 0.333, -0.931);Ground_Mountain_1_1:(0.148, 0.333, -0.931);Ground_Mountain_1_1:(0.148, 0.333, -0.931);"
16.300,237.352,908.000,102.038,-100.854,-0.228,1.622,-0.599,0.053,1.000,0.000,0.040,0,0.000,3.733,0.334,"Ground_Mountain_1_1:(0.148, 0.333, -0.931);Ground_Mountain_1_1:(0.148, 0.333, -0.931);Ground_Mountain_1_1:(0.148, 0.333, -0.931);Ground_Mountain_1_1:(0.148, 0.333, -0.931);Ground_Mountain_1_1:(0.148, 0.333, -0.931);Ground_Mountain_1_1:(0.148, 0.333, -0.931);"
16.320,237.381,908.032,102.022,-100.855,-0.404,1.620,-0.766,-0.010,1.000,0.000,0.040,0,0.000,3.728,0.335,"Ground_Mountain_1_1:(0.148, 0.333, -0.931);Ground_Mountain_1_1:(0.148, 0.333, -0.931);Ground_Mountain_1_1:(0.148, 0.333, -0.931);Ground_Mountain_1_1:(0.148, 0.333, -0.931);Ground_Mountain_1_1:(0.148, 0.333, -0.931);Ground_Mountain_1_1:(0.148, 0.333, -0.931);"
16.340,237.410,908.065,102.004,-100.856,-0.579,1.618,-0.934,-0.069,1.000,0.000,0.040,0,0.000,3.723,0.335,"Ground_Mountain_1_1:(0.153, 0.337, -0.929);Ground_Mountain_1_1:(0.153, 0.337, -0.929);Ground_Mountain_1_1:(0.153, 0.337, -0.929);Ground_Mountain_1_1:(0.153, 0.337, -0.929);Ground_Mountain_1_1:(0.153, 0.337, -0.929);Ground_Mountain_1_1:(0.153, 0.337, -0.929);"
16.360,237.438,908.097,101.982,-100.859,-0.752,1.616,-1.098,-0.134,1.000,0.000,0.039,0,0.000,3.714,0.336,"Ground_Mountain_1_1:(0.153, 0.337, -0.929);Ground_Mountain_1_1:(0.153, 0.337, -0.929);Ground_Mountain_1_1:(0.153, 0.337, -0.929);Ground_Mountain_1_1:(0.153, 0.337, -0.929);Ground_Mountain_1_1:(0.153, 0.337, -0.929);Ground_Mountain_1_1:(0.153, 0.337, -0.929);"
16.380,237.465,908.129,101.957,-100.863,-0.925,1.616,-1.261,-0.198,1.000,0.000,0.039,0,0.000,3.710,0.336,"Ground_Mountain_1_1:(0.153, 0.337, -0.929);Ground_Mountain_1_1:(0.153, 0.337, -0.929);Ground_Mountain_1_1:(0.153, 0.337, -0.929);Ground_Mountain_1_1:(0.153, 0.337, -0.929);Ground_Mountain_1_1:(0.153, 0.337, -0.929);Ground_Mountain_1_1:(0.153, 0.337, -0.929);"
16.400,237.491,908.162,101.929,-100.868,-1.096,1.615,-1.421,-0.267,1.000,0.000,0.038,0,0.000,3.703,0.337,"Ground_Mountain_1_1:(0.146, 0.335, -0.931);Ground_Mountain_1_1:(0.146, 0.335, -0.931);Ground_Mountain_1_1:(0.146, 0.335, -0.931);Ground_Mountain_1_1:(0.146, 0.335, -0.931);Ground_Mountain_1_1:(0.146, 0.335, -0.931);Ground_Mountain_1_1:(0.146, 0.335, -0.931);"
16.420,237.517,908.194,101.898,-100.875,-1.267,1.615,-1.585,-0.326,1.000,0.000,0.038,0,0.000,3.695,0.338,"Ground_Mountain_1_1:(0.146, 0.335, -0.931);Ground_Mountain_1_1:(0.146, 0.335, -0.931);Ground_Mountain_1_1:(0.146, 0.335, -0.931);Ground_Mountain_1_1:(0.146, 0.335, -0.931);Ground_Mountain_1_1:(0.146, 0.335, -0.931);Ground_Mountain_1_1:(0.146, 0.335, -0.931);"
16.440,237.542,908.227,101.863,-100.882,-1.438,1.615,-1.749,-0.384,1.000,0.000,0.038,0,0.000,3.680,0.339,"Ground_Mountain_1_1:(0.146, 0.335, -0.931);Ground_Mountain_1_1:(0.146, 0.335, -0.931);Ground_Mountain_1_1:(0.146, 0.335, -0.931);Ground_Mountain_1_1:(0.146, 0.335, -0.931);Ground_Mountain_1_1:(0.146, 0.335, -0.931);Ground_Mountain_1_1:(0.146, 0.335, -0.931);"
16.460,237.567,908.260,101.825,-100.891,-1.607,1.617,-1.908,-0.450,1.000,0.000,0.037,0,0.000,3.666,0.340,"Ground_Mountain_1_1:(0.146, 0.335, -0.931);Ground_Mountain_1_1:(0.146, 0.335, -0.931);Ground_Mountain_1_1:(0.146, 0.335, -0.931);Ground_Mountain_1_1:(0.146, 0.335, -0.931);Ground_Mountain_1_1:(0.146, 0.335, -0.931);Ground_Mountain_1_1:(0.146, 0.335, -0.931);"
16.480,237.590,908.292,101.784,-100.902,-1.776,1.617,-2.068,-0.514,1.000,0.000,0.036,0,0.000,3.698,0.340,"Ground_Mountain_1_1:(0.138, 0.333, -0.933);Ground_Mountain_1_1:(0.138, 0.333, -0.933);Ground_Mountain_1_1:(0.138, 0.333, -0.933);Ground_Mountain_1_1:(0.138, 0.333, -0.933);Ground_Mountain_1_1:(0.138, 0.333, -0.933);Ground_Mountain_1_1:(0.138, 0.333, -0.933);"
16.500,237.613,908.325,101.739,-100.913,-1.946,1.618,-2.234,-0.568,1.000,0.000,0.036,0,0.000,3.713,0.340,"Ground_Mountain_1_1:(0.138, 0.333, -0.933);Ground_Mountain_1_1:(0.138, 0.333, -0.933);Ground_Mountain_1_1:(0.138, 0.333, -0.933);Ground_Mountain_1_1:(0.138, 0.333, -0.933);Ground_Mountain_1_1:(0.138, 0.333, -0.933);Ground_Mountain_1_1:(0.138, 0.333, -0.933);"
16.520,237.635,908.357,101.691,-100.926,-2.116,1.620,-2.399,-0.622,1.000,0.000,0.035,0,0.000,3.717,0.340,"Ground_Mountain_1_1:(0.138, 0.333, -0.933);Ground_Mountain_1_1:(0.138, 0.333, -0.933);Ground_Mountain_1_1:(0.138, 0.333, -0.933);Ground_Mountain_1_1:(0.138, 0.333, -0.933);Ground_Mountain_1_1:(0.138, 0.333, -0.933);Ground_Mountain_1_1:(0.138, 0.333, -0.933);"
16.540,237.657,908.389,101.640,-100.939,-2.286,1.621,-2.563,-0.677,1.000,0.000,0.034,0,0.000,3.720,0.340,"Ground_Mountain_1_1:(0.138, 0.333, -0.933);Ground_Mountain_1_1:(0.138, 0.333, -0.933);Ground_Mountain_1_1:(0.138, 0.333, -0.933);Ground_Mountain_1_1:(0.138, 0.333, -0.933);Ground_Mountain_1_1:(0.138, 0.333, -0.933);Ground_Mountain_1_1:(0.138, 0.333, -0.933);"
16.560,237.677,908.422,101.586,-100.954,-2.455,1.623,-2.726,-0.733,1.000,0.000,0.034,0,0.000,3.722,0.340,"Ground_Mountain_1_1:(0.138, 0.333, -0.933);Ground_Mountain_1_1:(0.138, 0.333, -0.933);Ground_Mountain_1_1:(0.138, 0.333, -0.933);Ground_Mountain_1_1:(0.138, 0.333, -0.933);Ground_Mountain_1_1:(0.138, 0.333, -0.933);Ground_Mountain_1_1:(0.138, 0.333, -0.933);"
16.580,237.697,908.454,101.528,-100.970,-2.624,1.625,-2.889,-0.790,1.000,0.000,0.033,0,0.000,3.724,0.340,"Ground_Mountain_1_1:(0.138, 0.333, -0.933);Ground_Mountain_1_1:(0.138, 0.333, -0.933);Ground_Mountain_1_1:(0.138, 0.333, -0.933);Ground_Mountain_1_1:(0.138, 0.333, -0.933);Ground_Mountain_1_1:(0.138, 0.333, -0.933);Ground_Mountain_1_1:(0.138, 0.333, -0.933);"
16.600,237.716,908.487,101.467,-100.987,-2.792,1.627,-3.051,-0.847,1.000,0.000,0.032,0,0.000,3.728,0.340,"Ground_Mountain_1_1:(0.138, 0.333, -0.933);Ground_Mountain_1_1:(0.138, 0.333, -0.933);Ground_Mountain_1_1:(0.138, 0.333, -0.933);Ground_Mountain_1_1:(0.138, 0.333, -0.933);Ground_Mountain_1_1:(0.138, 0.333, -0.933);Ground_Mountain_1_1:(0.138, 0.333, -0.933);"
16.620,237.734,908.519,101.403,-101.005,-2.960,1.630,-3.213,-0.905,1.000,0.000,0.031,0,0.000,3.726,0.340,"Ground_Mountain_1_1:(0.138, 0.333, -0.933);Ground_Mountain_1_1:(0.138, 0.333, -0.933);Ground_Mountain_1_1:(0.138, 0.333, -0.933);Ground_Mountain_1_1:(0.138, 0.333, -0.933);Ground_Mountain_1_1:(0.138, 0.333, -0.933);Ground_Mountain_1_1:(0.138, 0.333, -0.933);"
16.640,237.752,908.552,101.335,-101.024,-3.129,1.632,-3.374,-0.963,1.000,0.000,0.030,0,0.000,3.730,0.340,"Ground_Mountain_1_1:(0.138, 0.333, -0.933);Ground_Mountain_1_1:(0.138, 0.333, -0.933);Ground_Mountain_1_1:(0.138, 0.333, -0.933);Ground_Mountain_1_1:(0.138, 0.333, -0.933);Ground_Mountain_1_1:(0.138, 0.333, -0.933);Ground_Mountain_1_1:(0.138, 0.333, -0.933);"
16.660,237.769,908.584,101.265,-101.045,-3.295,1.635,-3.529,-1.032,1.000,0.000,0.029,0,0.000,3.725,0.340,"Ground_Mountain_1_1:(0.129, 0.333, -0.934);Ground_Mountain_1_1:(0.129, 0.333, -0.934);Ground_Mountain_1_1:(0.129, 0.333, -0.934);Ground_Mountain_1_1:(0.129, 0.333, -0.934);Ground_Mountain_1_1:(0.129, 0.333, -0.934);Ground_Mountain_1_1:(0.129, 0.333, -0.934);"
16.680,237.785,908.617,101.191,-101.067,-3.463,1.637,-3.691,-1.089,1.000,0.000,0.028,0,0.000,3.732,0.340,"Ground_Mountain_1_1:(0.129, 0.333, -0.934);Ground_Mountain_1_1:(0.129, 0.333, -0.934);Ground_Mountain_1_1:(0.129, 0.333, -0.934);Ground_Mountain_1_1:(0.129, 0.333, -0.934);Ground_Mountain_1_1:(0.129, 0.333, -0.934);Ground_Mountain_1_1:(0.129, 0.333, -0.934);"
16.700,237.800,908.650,101.114,-101.090,-3.630,1.640,-3.852,-1.147,1.000,0.000,0.027,0,0.000,3.728,0.340,"Ground_Mountain_1_1:(0.129, 0.333, -0.934);Ground_Mountain_1_1:(0.129, 0.333, -0.934);Ground_Mountain_1_1:(0.129, 0.333, -0.934);Ground_Mountain_1_1:(0.129, 0.333, -0.934);Ground_Mountain_1_1:(0.129, 0.333, -0.934);Ground_Mountain_1_1:(0.129, 0.333, -0.934);"
16.720,237.815,908.683,101.034,-101.114,-3.797,1.643,-4.013,-1.205,1.000,0.000,0.026,0,0.000,3.726,0.340,"Ground_Mountain_1_1:(0.129, 0.333, -0.934);Ground_Mountain_1_1:(0.129, 0.333, -0.934);Ground_Mountain_1_1:(0.129, 0.333, -0.934);Ground_Mountain_1_1:(0.129, 0.333, -0.934);Ground_Mountain_1_1:(0.129, 0.333, -0.934);Ground_Mountain_1_1:(0.129, 0.333, -0.934);"
16.740,237.830,908.716,100.950,-101.140,-3.964,1.646,-4.172,-1.264,1.000,0.000,0.025,0,0.000,3.725,0.340,"Ground_Mountain_1_1:(0.129, 0.333, -0.934);Ground_Mountain_1_1:(0.129, 0.333, -0.934);Ground_Mountain_1_1:(0.129, 0.333, -0.934);Ground_Mountain_1_1:(0.129, 0.333, -0.934);Ground_Mountain_1_1:(0.129, 0.333, -0.934);Ground_Mountain_1_1:(0.129, 0.333, -0.934);"
16.760,237.843,908.749,100.864,-101.166,-4.131,1.650,-4.333,-1.322,1.000,0.000,0.024,0,0.000,3.721,0.340,"Ground_Mountain_1_1:(0.129, 0.333, -0.934);Ground_Mountain_1_1:(0.129, 0.333, -0.934);Ground_Mountain_1_1:(0.129, 0.333, -0.934);Ground_Mountain_1_1:(0.129, 0.333, -0.934);Ground_Mountain_1_1:(0.129, 0.333, -0.934);Ground_Mountain_1_1:(0.129, 0.333, -0.934);"
16.780,237.856,908.782,100.774,-101.194,-4.297,1.654,-4.492,-1.381,1.000,0.000,0.023,0,0.000,3.721,0.340,"Ground_Mountain_1_1:(0.129, 0.333, -0.934);Ground_Mountain_1_1:(0.129, 0.333, -0.934);Ground_Mountain_1_1:(0.129, 0.333, -0.934);Ground_Mountain_1_1:(0.129, 0.333, -0.934);Ground_Mountain_1_1:(0.129, 0.333, -0.934);Ground_Mountain_1_1:(0.129, 0.333, -0.934);"
16.800,237.869,908.815,100.681,-101.222,-4.463,1.658,-4.652,-1.440,1.000,0.000,0.022,0,0.000,3.716,0.340,"Ground_Mountain_1_1:(0.129, 0.333, -0.934);Ground_Mountain_1_1:(0.129, 0.333, -0.934);Ground_Mountain_1_1:(0.129, 0.333, -0.934);Ground_Mountain_1_1:(0.129, 0.333, -0.934);Ground_Mountain_1_1:(0.129, 0.333, -0.934);Ground_Mountain_1_1:(0.129, 0.333, -0.934);"
16.820,237.880,908.849,100.585,-101.252,-4.629,1.662,-4.811,-1.498,1.000,0.000,0.021,0,0.000,3.712,0.340,"Ground_Mountain_1_1:(0.129, 0.333, -0.934);Ground_Mountain_1_1:(0.129, 0.333, -0.934);Ground_Mountain_1_1:(0.129, 0.333, -0.934);Ground_Mountain_1_1:(0.129, 0.333, -0.934);Ground_Mountain_1_1:(0.129, 0.333, -0.934);Ground_Mountain_1_1:(0.129, 0.333, -0.934);"
16.840,237.892,908.882,100.485,-101.284,-4.795,1.666,-4.971,-1.556,1.000,0.000,0.020,0,0.000,3.714,0.341,"Ground_Mountain_1_1:(0.129, 0.333, -0.934);Ground_Mountain_1_1:(0.129, 0.333, -0.934);Ground_Mountain_1_1:(0.129, 0.333, -0.934);Ground_Mountain_1_1:(0.129, 0.333, -0.934);Ground_Mountain_1_1:(0.129, 0.333, -0.934);Ground_Mountain_1_1:(0.129, 0.333, -0.934);"
16.860,237.902,908.916,100.383,-101.316,-4.961,1.670,-5.130,-1.616,1.000,0.000,0.019,0,0.000,3.711,0.341,"Ground_Mountain_1_1:(0.129, 0.333, -0.934);Ground_Mountain_1_1:(0.129, 0.333, -0.934);Ground_Mountain_1_1:(0.129, 0.333, -0.934);Ground_Mountain_1_1:(0.129, 0.333, -0.934);Ground_Mountain_1_1:(0.129, 0.333, -0.934);Ground_Mountain_1_1:(0.129, 0.333, -0.934);"
16.880,237.912,908.950,100.277,-101.349,-5.127,1.674,-5.289,-1.673,1.000,0.000,0.018,0,0.000,3.702,0.341,"Ground_Mountain_1_1:(0.129, 0.333, -0.934);Ground_Mountain_1_1:(0.129, 0.333, -0.934);Ground_Mountain_1_1:(0.129, 0.333, -0.934);Ground_Mountain_1_1:(0.129, 0.333, -0.934);Ground_Mountain_1_1:(0.129, 0.333, -0.934);Ground_Mountain_1_1:(0.129, 0.333, -0.934);"
16.900,237.922,908.984,100.169,-101.384,-5.293,1.679,-5.448,-1.732,1.000,0.000,0.016,0,0.000,3.705,0.342,"Ground_Mountain_1_1:(0.129, 0.333, -0.934);Ground_Mountain_1_1:(0.129, 0.333, -0.934);Ground_Mountain_1_1:(0.129, 0.333, -0.934);Ground_Mountain_1_1:(0.129, 0.333, -0.934);Ground_Mountain_1_1:(0.129, 0.333, -0.934);Ground_Mountain_1_1:(0.129, 0.333, -0.934);"
16.920,237.930,909.018,100.057,-101.420,-5.456,1.684,-5.600,-1.803,1.000,0.000,0.015,0,0.000,3.695,0.342,"Ground_Mountain_1_1:(0.121, 0.334, -0.935);Ground_Mountain_1_1:(0.121, 0.334, -0.935);Ground_Mountain_1_1:(0.121, 0.334, -0.935);Ground_Mountain_1_1:(0.121, 0.334, -0.935);Ground_Mountain_1_1:(0.121, 0.334, -0.935);Ground_Mountain_1_1:(0.121, 0.334, -0.935);"
16.940,237.939,909.053,99.942,-101.457,-5.622,1.687,-5.761,-1.858,1.000,0.000,0.015,0,0.000,3.701,0.342,"Ground_Mountain_1_1:(0.121, 0.334, -0.935);Ground_Mountain_1_1:(0.121, 0.334, -0.935);Ground_Mountain_1_1:(0.121, 0.334, -0.935);Ground_Mountain_1_1:(0.121, 0.334, -0.935);Ground_Mountain_1_1:(0.121, 0.334, -0.935);Ground_Mountain_1_1:(0.121, 0.334, -0.935);"
16.960,237.946,909.087,99.823,-101.495,-5.788,1.691,-5.921,-1.914,1.000,0.000,0.015,0,0.000,3.695,0.343,"Ground_Mountain_1_1:(0.121, 0.334, -0.935);Ground_Mountain_1_1:(0.121, 0.334, -0.935);Ground_Mountain_1_1:(0.121, 0.334, -0.935);Ground_Mountain_1_1:(0.121, 0.334, -0.935);Ground_Mountain_1_1:(0.121, 0.334, -0.935);Ground_Mountain_1_1:(0.121, 0.334, -0.935);"
16.980,237.953,909.121,99.702,-101.535,-5.955,1.695,-6.086,-1.963,1.000,0.000,0.015,0,0.000,3.697,0.343,"Ground_Mountain_1_1:(0.121, 0.334, -0.935);Ground_Mountain_1_1:(0.121, 0.334, -0.935);Ground_Mountain_1_1:(0.121, 0.334, -0.935);Ground_Mountain_1_1:(0.121, 0.334, -0.935);Ground_Mountain_1_1:(0.121, 0.334, -0.935);Ground_Mountain_1_1:(0.121, 0.334, -0.935);"
17.000,237.979,909.155,99.577,-101.575,-6.122,1.698,-6.249,-2.014,1.000,0.000,0.014,0,0.000,3.719,0.343,"Ground_Mountain_1_1:(0.121, 0.334, -0.935);Ground_Mountain_1_1:(0.121, 0.334, -0.935);Ground_Mountain_1_1:(0.121, 0.334, -0.935);Ground_Mountain_1_1:(0.121, 0.334, -0.935);Ground_Mountain_1_1:(0.121, 0.334, -0.935);Ground_Mountain_1_1:(0.121, 0.334, -0.935);"
17.020,237.984,909.189,99.449,-101.617,-6.287,1.702,-6.406,-2.075,1.000,0.000,0.014,0,0.000,3.721,0.343,"Ground_Mountain_1_1:(0.110, 0.334, -0.936);Ground_Mountain_1_1:(0.110, 0.334, -0.936);Ground_Mountain_1_1:(0.110, 0.334, -0.936);Ground_Mountain_1_1:(0.110, 0.334, -0.936);Ground_Mountain_1_1:(0.110, 0.334, -0.936);Ground_Mountain_1_1:(0.110, 0.334, -0.936);"
17.040,237.987,909.222,99.317,-101.659,-6.453,1.706,-6.567,-2.127,1.000,0.000,0.014,0,0.000,3.724,0.342,"Ground_Mountain_1_1:(0.126, 0.338, -0.933);Ground_Mountain_1_1:(0.126, 0.338, -0.933);Ground_Mountain_1_1:(0.126, 0.338, -0.933);Ground_Mountain_1_1:(0.126, 0.338, -0.933);Ground_Mountain_1_1:(0.126, 0.338, -0.933);Ground_Mountain_1_1:(0.126, 0.338, -0.933);"
17.060,237.989,909.256,99.182,-101.703,-6.620,1.709,-6.731,-2.177,1.000,0.000,0.014,0,0.000,3.727,0.342,"Ground_Mountain_1_1:(0.126, 0.338, -0.933);Ground_Mountain_1_1:(0.126, 0.338, -0.933);Ground_Mountain_1_1:(0.126, 0.338, -0.933);Ground_Mountain_1_1:(0.126, 0.338, -0.933);Ground_Mountain_1_1:(0.126, 0.338, -0.933);Ground_Mountain_1_1:(0.126, 0.338, -0.933);"
17.080,237.991,909.289,99.044,-101.748,-6.785,1.713,-6.891,-2.232,1.000,0.000,0.013,0,0.000,3.730,0.341,"Ground_Mountain_1_1:(0.126, 0.338, -0.933);Ground_Mountain_1_1:(0.126, 0.338, -0.933);Ground_Mountain_1_1:(0.126, 0.338, -0.933);Ground_Mountain_1_1:(0.126, 0.338, -0.933);Ground_Mountain_1_1:(0.126, 0.338, -0.933);Ground_Mountain_1_1:(0.126, 0.338, -0.933);"
17.100,237.992,909.323,98.903,-101.794,-6.950,1.717,-7.049,-2.290,1.000,0.000,0.013,0,0.000,3.732,0.341,"Ground_Mountain_1_1:(0.126, 0.338, -0.933);Ground_Mountain_1_1:(0.126, 0.338, -0.933);Ground_Mountain_1_1:(0.126, 0.338, -0.933);Ground_Mountain_1_1:(0.126, 0.338, -0.933);Ground_Mountain_1_1:(0.126, 0.338, -0.933);Ground_Mountain_1_1:(0.126, 0.338, -0.933);"
17.120,237.992,909.357,98.759,-101.841,-7.116,1.721,-7.211,-2.342,1.000,0.000,0.013,0,0.000,3.733,0.340,"Ground_Mountain_1_1:(0.126, 0.338, -0.933);Ground_Mountain_1_1:(0.126, 0.338, -0.933);Ground_Mountain_1_1:(0.126, 0.338, -0.933);Ground_Mountain_1_1:(0.126, 0.338, -0.933);Ground_Mountain_1_1:(0.126, 0.338, -0.933);Ground_Mountain_1_1:(0.126, 0.338, -0.933);"
17.140,237.992,909.391,98.611,-101.889,-7.280,1.726,-7.369,-2.399,1.000,0.000,0.012,0,0.000,3.735,0.340,"Ground_Mountain_1_1:(0.126, 0.338, -0.933);Ground_Mountain_1_1:(0.126, 0.338, -0.933);Ground_Mountain_1_1:(0.126, 0.338, -0.933);Ground_Mountain_1_1:(0.126, 0.338, -0.933);Ground_Mountain_1_1:(0.126, 0.338, -0.933);Ground_Mountain_1_1:(0.126, 0.338, -0.933);Ground_Mountain_1_1:(0.148, 0.434, -0.889);Ground_Mountain_1_1:(0.148, 0.434, -0.889);Ground_Mountain_1_1:(0.148, 0.434, -0.889);"
17.160,237.991,909.424,98.465,-101.942,-7.373,1.761,-7.362,-2.689,1.000,0.000,0.012,0,0.000,3.737,0.343,"Ground_Mountain_1_1:(0.126, 0.338, -0.933);Ground_Mountain_1_1:(0.126, 0.338, -0.933);Ground_Mountain_1_1:(0.126, 0.338, -0.933);Ground_Mountain_1_1:(0.126, 0.338, -0.933);Ground_Mountain_1_1:(0.126, 0.338, -0.933);Ground_Mountain_1_1:(0.126, 0.338, -0.933);Ground_Mountain_1_1:(0.148, 0.434, -0.889);Ground_Mountain_1_1:(0.148, 0.434, -0.889);Ground_Mountain_1_1:(0.148, 0.434, -0.889);Ground_Mountain_1_1:(0.148, 0.434, -0.889);"
17.180,237.989,909.458,98.317,-101.998,-7.518,1.774,-7.478,-2.802,1.000,0.000,0.011,0,0.000,3.514,0.348,"Ground_Mountain_1_1:(0.126, 0.338, -0.933);Ground_Mountain_1_1:(0.126, 0.338, -0.933);Ground_Mountain_1_1:(0.126, 0.338, -0.933);Ground_Mountain_1_1:(0.126, 0.338, -0.933);Ground_Mountain_1_1:(0.126, 0.338, -0.933);Ground_Mountain_1_1:(0.126, 0.338, -0.933);Ground_Mountain_1_1:(0.148, 0.434, -0.889);Ground_Mountain_1_1:(0.148, 0.434, -0.889);Ground_Mountain_1_1:(0.148, 0.434, -0.889);Ground_Mountain_1_1:(0.148, 0.434, -0.889);"
17.200,237.987,909.494,98.167,-102.057,-7.676,1.798,-7.588,-2.964,1.000,0.000,0.011,1,5.159,3.438,0.355,"Ground_Mountain_1_1:(0.148, 0.434, -0.889);Ground_Mountain_1_1:(0.148, 0.434, -0.889);Ground_Mountain_1_1:(0.148, 0.434, -0.889);Ground_Mountain_1_1:(0.148, 0.434, -0.889);Ground_Mountain_1_1:(0.118, 0.336, -0.934);Ground_Mountain_1_1:(0.118, 0.336, -0.934);Ground_Mountain_1_1:(0.118, 0.336, -0.934);Ground_Mountain_1_1:(0.118, 0.336, -0.934);Ground_Mountain_1_1:(0.118, 0.336, -0.934);Ground_Mountain_1_1:(0.118, 0.336, -0.934);"
17.220,237.985,909.520,98.027,-102.115,-7.308,1.338,-7.096,-2.942,1.000,0.000,0.010,2,8.850,0.993,0.363,"Ground_Mountain_1_1:(0.116, 0.338, -0.934);Ground_Mountain_1_1:(0.116, 0.338, -0.934);Ground_Mountain_1_1:(0.116, 0.338, -0.934);Ground_Mountain_1_1:(0.116, 0.338, -0.934);Ground_Mountain_1_1:(0.116, 0.338, -0.934);Ground_Mountain_1_1:(0.116, 0.338, -0.934);Ground_Mountain_1_1:(0.142, 0.408, -0.902);Ground_Mountain_1_1:(0.142, 0.408, -0.902);Ground_Mountain_1_1:(0.142, 0.408, -0.902);Ground_Mountain_1_1:(0.142, 0.408, -0.902);Ground_Mountain_1_1:(0.142, 0.408, -0.902);Ground_Mountain_1_1:(0.142, 0.408, -0.902);Ground_Mountain_1_1:(0.024, 0.439, -0.898);Ground_Mountain_1_1:(0.024, 0.439, -0.898);Ground_Mountain_1_1:(0.024, 0.439, -0.898);"
17.240,237.978,909.538,97.898,-102.172,-6.944,0.880,-6.614,-2.902,1.000,0.000,0.007,2,8.438,1.015,0.372,"Ground_Mountain_1_1:(0.105, 0.339, -0.935);Ground_Mountain_1_1:(0.105, 0.339, -0.935);Ground_Mountain_1_1:(0.105, 0.339, -0.935);Ground_Mountain_1_1:(0.105, 0.339, -0.935);Ground_Mountain_1_1:(0.105, 0.339, -0.935);Ground_Mountain_1_1:(0.105, 0.339, -0.935);Ground_Mountain_1_1:(0.142, 0.410, -0.901);Ground_Mountain_1_1:(0.142, 0.410, -0.901);Ground_Mountain_1_1:(0.142, 0.410, -0.901);Ground_Mountain_1_1:(0.142, 0.410, -0.901);Ground_Mountain_1_1:(0.142, 0.410, -0.901);Ground_Mountain_1_1:(0.142, 0.410, -0.901);Ground_Mountain_1_1:(0.024, 0.439, -0.898);Ground_Mountain_1_1:(0.024, 0.439, -0.898);Ground_Mountain_1_1:(0.024, 0.439, -0.898);"
17.260,237.953,909.549,97.777,-102.227,-6.580,0.538,-6.163,-2.843,1.000,0.000,0.004,2,7.991,1.512,0.383,"Ground_Mountain_1_1:(0.105, 0.339, -0.935);Ground_Mountain_1_1:(0.105, 0.339, -0.935);Ground_Mountain_1_1:(0.105, 0.339, -0.935);Ground_Mountain_1_1:(0.105, 0.339, -0.935);Ground_Mountain_1_1:(0.105, 0.339, -0.935);Ground_Mountain_1_1:(0.105, 0.339, -0.935);Ground_Mountain_1_1:(0.142, 0.414, -0.899);Ground_Mountain_1_1:(0.142, 0.414, -0.899);Ground_Mountain_1_1:(0.142, 0.414, -0.899);Ground_Mountain_1_1:(0.142, 0.414, -0.899);Ground_Mountain_1_1:(0.142, 0.414, -0.899);Ground_Mountain_1_1:(0.142, 0.414, -0.899);Ground_Mountain_1_1:(0.024, 0.439, -0.898);Ground_Mountain_1_1:(0.024, 0.439, -0.898);Ground_Mountain_1_1:(0.024, 0.439, -0.898);"
17.280,237.935,909.555,97.666,-102.282,-6.215,0.287,-5.735,-2.770,1.000,0.000,0.001,2,7.543,2.102,0.393,"Ground_Mountain_1_1:(0.105, 0.339, -0.935);Ground_Mountain_1_1:(0.105, 0.339, -0.935);Ground_Mountain_1_1:(0.105, 0.339, -0.935);Ground_Mountain_1_1:(0.105, 0.339, -0.935);Ground_Mountain_1_1:(0.105, 0.339, -0.935);Ground_Mountain_1_1:(0.105, 0.339, -0.935);Ground_Mountain_1_1:(0.143, 0.417, -0.898);Ground_Mountain_1_1:(0.143, 0.417, -0.898);Ground_Mountain_1_1:(0.143, 0.417, -0.898);Ground_Mountain_1_1:(0.143, 0.417, -0.898);Ground_Mountain_1_1:(0.143, 0.417, -0.898);Ground_Mountain_1_1:(0.143, 0.417, -0.898);Ground_Mountain_1_1:(0.024, 0.439, -0.898);Ground_Mountain_1_1:(0.024, 0.439, -0.898);Ground_Mountain_1_1:(0.024, 0.439, -0.898);Ground_Mountain_1_1:(0.024, 0.439, -0.898);"
17.300,237.913,909.558,97.562,-102.334,-5.850,0.106,-5.326,-2.683,1.000,0.000,-0.002,2,7.107,2.619,0.405,"Ground_Mountain_1_1:(0.105, 0.339, -0.935);Ground_Mountain_1_1:(0.105, 0.339, -0.935);Ground_Mountain_1_1:(0.105, 0.339, -0.935);Ground_Mountain_1_1:(0.105, 0.339, -0.935);Ground_Mountain_1_1:(0.105, 0.339, -0.935);Ground_Mountain_1_1:(0.105, 0.339, -0.935);Ground_Mountain_1_1:(0.143, 0.420, -0.896);Ground_Mountain_1_1:(0.143, 0.420, -0.896);Ground_Mountain_1_1:(0.143, 0.420, -0.896);Ground_Mountain_1_1:(0.143, 0.420, -0.896);Ground_Mountain_1_1:(0.143, 0.420, -0.896);Ground_Mountain_1_1:(0.143, 0.420, -0.896);Ground_Mountain_1_1:(0.024, 0.439, -0.898);Ground_Mountain_1_1:(0.024, 0.439, -0.898);Ground_Mountain_1_1:(0.024, 0.439, -0.898);Ground_Mountain_1_1:(0.024, 0.439, -0.898);"
17.320,237.890,909.558,97.467,-102.384,-5.484,-0.021,-4.932,-2.582,1.000,0.000,-0.004,2,6.674,3.078,0.416,"Ground_Mountain_1_1:(0.105, 0.339, -0.935);Ground_Mountain_1_1:(0.105, 0.339, -0.935);Ground_Mountain_1_1:(0.105, 0.339, -0.935);Ground_Mountain_1_1:(0.105, 0.339, -0.935);Ground_Mountain_1_1:(0.105, 0.339, -0.935);Ground_Mountain_1_1:(0.105, 0.339, -0.935);Ground_Mountain_1_1:(0.144, 0.424, -0.894);Ground_Mountain_1_1:(0.144, 0.424, -0.894);Ground_Mountain_1_1:(0.144, 0.424, -0.894);Ground_Mountain_1_1:(0.144, 0.424, -0.894);Ground_Mountain_1_1:(0.144, 0.424, -0.894);Ground_Mountain_1_1:(0.144, 0.424, -0.894);Ground_Mountain_1_1:(0.024, 0.439, -0.898);Ground_Mountain_1_1:(0.024, 0.439, -0.898);Ground_Mountain_1_1:(0.024, 0.439, -0.898);Ground_Mountain_1_1:(0.024, 0.439, -0.898);"
17.340,237.867,909.557,97.379,-102.432,-5.110,-0.099,-4.527,-2.507,1.000,0.000,-0.007,2,6.246,3.477,0.426,"Ground_Mountain_1_1:(0.116, 0.365, -0.924);Ground_Mountain_1_1:(0.116, 0.365, -0.924);Ground_Mountain_1_1:(0.116, 0.365, -0.924);Ground_Mountain_1_1:(0.116, 0.365, -0.924);Ground_Mountain_1_1:(0.116, 0.365, -0.924);Ground_Mountain_1_1:(0.116, 0.365, -0.924);"
17.360,237.843,909.555,97.299,-102.478,-4.744,-0.153,-4.163,-2.375,1.000,0.000,-0.008,2,5.914,3.251,0.437,"Ground_Mountain_1_1:(0.105, 0.339, -0.935);Ground_Mountain_1_1:(0.105, 0.339, -0.935);Ground_Mountain_1_1:(0.105, 0.339, -0.935);Ground_Mountain_1_1:(0.105, 0.339, -0.935);Ground_Mountain_1_1:(0.105, 0.339, -0.935);Ground_Mountain_1_1:(0.105, 0.339, -0.935);Ground_Mountain_1_1:(0.141, 0.426, -0.893);Ground_Mountain_1_1:(0.141, 0.426, -0.893);Ground_Mountain_1_1:(0.141, 0.426, -0.893);Ground_Mountain_1_1:(0.141, 0.426, -0.893);Ground_Mountain_1_1:(0.141, 0.426, -0.893);Ground_Mountain_1_1:(0.141, 0.426, -0.893);"
17.380,237.820,909.552,97.226,-102.521,-4.377,-0.182,-3.807,-2.232,1.000,0.000,-0.009,2,5.415,3.699,0.448,"Ground_Mountain_1_1:(0.105, 0.339, -0.935);Ground_Mountain_1_1:(0.105, 0.339, -0.935);Ground_Mountain_1_1:(0.105, 0.339, -0.935);Ground_Mountain_1_1:(0.105, 0.339, -0.935);Ground_Mountain_1_1:(0.105, 0.339, -0.935);Ground_Mountain_1_1:(0.105, 0.339, -0.935);Ground_Mountain_1_1:(0.145, 0.436, -0.888);Ground_Mountain_1_1:(0.145, 0.436, -0.888);Ground_Mountain_1_1:(0.145, 0.436, -0.888);Ground_Mountain_1_1:(0.145, 0.436, -0.888);Ground_Mountain_1_1:(0.145, 0.436, -0.888);Ground_Mountain_1_1:(0.145, 0.436, -0.888);"
17.400,237.798,909.549,97.160,-102.561,-4.008,-0.190,-3.459,-2.079,1.000,0.000,-0.010,2,4.959,4.050,0.458,"Ground_Mountain_1_1:(0.105, 0.339, -0.935);Ground_Mountain_1_1:(0.105, 0.339, -0.935);Ground_Mountain_1_1:(0.105, 0.339, -0.935);Ground_Mountain_1_1:(0.105, 0.339, -0.935);Ground_Mountain_1_1:(0.105, 0.339, -0.935);Ground_Mountain_1_1:(0.105, 0.339, -0.935);Ground_Mountain_1_1:(0.147, 0.442, -0.885);Ground_Mountain_1_1:(0.147, 0.442, -0.885);Ground_Mountain_1_1:(0.147, 0.442, -0.885);Ground_Mountain_1_1:(0.147, 0.442, -0.885);Ground_Mountain_1_1:(0.147, 0.442, -0.885);"
17.420,237.778,909.546,97.100,-102.598,-3.638,-0.183,-3.118,-1.918,1.000,0.000,-0.010,2,4.542,4.312,0.469,"Ground_Mountain_1_1:(0.105, 0.339, -0.935);Ground_Mountain_1_1:(0.105, 0.339, -0.935);Ground_Mountain_1_1:(0.105, 0.339, -0.935);Ground_Mountain_1_1:(0.105, 0.339, -0.935);Ground_Mountain_1_1:(0.105, 0.339, -0.935);Ground_Mountain_1_1:(0.105, 0.339, -0.935);Ground_Mountain_1_1:(0.149, 0.446, -0.883);Ground_Mountain_1_1:(0.149, 0.446, -0.883);Ground_Mountain_1_1:(0.149, 0.446, -0.883);Ground_Mountain_1_1:(0.149, 0.446, -0.883);"
17.440,237.759,909.543,97.047,-102.631,-3.267,-0.164,-2.783,-1.749,1.000,0.000,-0.010,2,4.162,4.496,0.478,"Ground_Mountain_1_1:(0.105, 0.339, -0.935);Ground_Mountain_1_1:(0.105, 0.339, -0.935);Ground_Mountain_1_1:(0.105, 0.339, -0.935);Ground_Mountain_1_1:(0.105, 0.339, -0.935);Ground_Mountain_1_1:(0.105, 0.339, -0.935);Ground_Mountain_1_1:(0.105, 0.339, -0.935);Ground_Mountain_1_1:(0.150, 0.451, -0.880);Ground_Mountain_1_1:(0.150, 0.451, -0.880);Ground_Mountain_1_1:(0.150, 0.451, -0.880);Ground_Mountain_1_1:(0.150, 0.451, -0.880);"
17.460,237.743,909.541,97.001,-102.661,-2.895,-0.136,-2.452,-1.572,1.000,0.000,-0.011,2,3.815,4.610,0.488,"Ground_Mountain_1_1:(0.105, 0.339, -0.935);Ground_Mountain_1_1:(0.105, 0.339, -0.935);Ground_Mountain_1_1:(0.105, 0.339, -0.935);Ground_Mountain_1_1:(0.105, 0.339, -0.935);Ground_Mountain_1_1:(0.105, 0.339, -0.935);Ground_Mountain_1_1:(0.105, 0.339, -0.935);Ground_Mountain_1_1:(0.141, 0.455, -0.879);Ground_Mountain_1_1:(0.141, 0.455, -0.879);"
17.480,237.728,909.540,96.961,-102.688,-2.522,-0.101,-2.126,-1.390,1.000,0.000,-0.011,2,3.503,4.663,0.496,"Ground_Mountain_1_1:(0.107, 0.337, -0.935);Ground_Mountain_1_1:(0.107, 0.337, -0.935);Ground_Mountain_1_1:(0.107, 0.337, -0.935);Ground_Mountain_1_1:(0.107, 0.337, -0.935);Ground_Mountain_1_1:(0.107, 0.337, -0.935);Ground_Mountain_1_1:(0.148, 0.434, -0.889);"
17.500,237.716,909.539,96.927,-102.710,-2.148,-0.060,-1.801,-1.207,1.000,0.000,-0.011,2,3.224,4.663,0.504,"Ground_Mountain_1_1:(0.105, 0.339, -0.935);Ground_Mountain_1_1:(0.105, 0.339, -0.935);Ground_Mountain_1_1:(0.105, 0.339, -0.935);Ground_Mountain_1_1:(0.105, 0.339, -0.935);"
17.520,237.706,909.539,96.900,-102.732,-1.775,0.000,-1.425,-1.111,1.000,0.000,-0.012,3,8.189,5.040,0.509,"Ground_Mountain_1_1:(0.105, 0.339, -0.935);Ground_Mountain_1_1:(0.105, 0.339, -0.935);Ground_Mountain_1_1:(0.105, 0.339, -0.935);Ground_Mountain_1_1:(0.105, 0.339, -0.935);"
17.540,237.699,909.541,96.879,-102.751,-1.402,0.061,-1.059,-0.998,1.000,0.000,-0.012,3,7.229,4.422,0.512,"Ground_Mountain_1_1:(0.121, 0.338, -0.933);Ground_Mountain_1_1:(0.121, 0.338, -0.933);Ground_Mountain_1_1:(0.121, 0.338, -0.933);Ground_Mountain_1_1:(0.121, 0.338, -0.933);"
17.560,237.695,909.544,96.866,-102.768,-1.029,0.121,-0.702,-0.869,1.000,0.000,-0.012,3,6.293,3.871,0.513,"Ground_Mountain_1_1:(0.121, 0.338, -0.933);Ground_Mountain_1_1:(0.121, 0.338, -0.933);Ground_Mountain_1_1:(0.121, 0.338, -0.933);Ground_Mountain_1_1:(0.121, 0.338, -0.933);"
17.580,237.693,909.549,96.858,-102.782,-0.655,0.181,-0.355,-0.725,1.000,0.000,-0.012,3,5.412,3.381,0.512,"Ground_Mountain_1_1:(0.121, 0.338, -0.933);Ground_Mountain_1_1:(0.121, 0.338, -0.933);Ground_Mountain_1_1:(0.121, 0.338, -0.933);Ground_Mountain_1_1:(0.121, 0.338, -0.933);"
17.600,237.694,909.553,96.854,-102.796,-0.478,0.206,-0.194,-0.655,1.000,0.000,-0.012,3,4.611,2.949,0.511,"Ground_Mountain_1_1:(0.105, 0.339, -0.935);Ground_Mountain_1_1:(0.105, 0.339, -0.935);"
17.620,237.696,909.559,96.852,-102.808,-0.302,0.231,-0.039,-0.576,1.000,0.000,-0.012,3,4.039,2.571,0.508,"Ground_Mountain_1_1:(0.097, 0.346, -0.933);"
17.640,237.699,909.564,96.854,-102.818,-0.125,0.255,0.111,-0.488,1.000,0.000,-0.013,3,3.544,2.251,0.504,""
17.660,237.703,909.570,96.858,-102.826,0.052,0.279,0.256,-0.393,1.000,0.000,-0.013,3,3.128,1.982,0.500,""
17.680,237.709,909.576,96.864,-102.833,0.229,0.303,0.396,-0.293,1.000,0.000,-0.013,3,2.791,1.758,0.496,""
17.700,237.715,909.583,96.874,-102.838,0.404,0.326,0.533,-0.189,1.000,0.000,-0.013,3,2.530,1.573,0.491,""
17.720,237.722,909.590,96.885,-102.840,0.577,0.350,0.666,-0.083,1.000,0.000,-0.013,3,2.339,1.421,0.486,""
17.740,237.731,909.597,96.900,-102.840,0.749,0.373,0.797,0.025,1.000,0.000,-0.013,3,2.214,1.294,0.481,""
17.760,237.741,909.605,96.917,-102.838,0.919,0.396,0.926,0.134,1.000,0.000,-0.013,3,2.147,1.187,0.476,""
17.780,237.752,909.613,96.937,-102.834,1.088,0.422,1.051,0.247,1.000,0.000,-0.012,3,2.120,0.652,0.472,""
17.800,237.764,909.621,96.959,-102.828,1.255,0.447,1.174,0.360,1.000,0.000,-0.012,3,2.118,0.669,0.467,""
17.820,237.777,909.630,96.984,-102.819,1.420,0.468,1.289,0.486,1.000,0.000,-0.012,2,1.327,0.664,0.464,""
17.840,237.791,909.640,97.011,-102.807,1.583,0.489,1.405,0.609,1.000,0.000,-0.012,2,1.436,0.534,0.461,""
17.860,237.807,909.650,97.041,-102.793,1.745,0.510,1.520,0.730,1.000,0.000,-0.012,2,1.560,0.398,0.458,""
17.880,237.824,909.660,97.073,-102.776,1.905,0.531,1.636,0.848,1.000,0.000,-0.012,2,1.691,0.258,0.456,""
17.900,237.842,909.671,97.108,-102.757,2.064,0.550,1.753,0.961,1.000,0.000,-0.011,2,1.838,1.472,0.455,""
17.920,237.861,909.681,97.145,-102.736,2.221,0.571,1.871,1.072,1.000,0.000,-0.011,2,2.018,1.279,0.454,""
17.940,237.881,909.693,97.185,-102.713,2.378,0.592,1.989,1.178,1.000,0.000,-0.011,2,2.195,1.134,0.454,""
17.960,237.903,909.704,97.227,-102.687,2.533,0.614,2.107,1.281,1.000,0.000,-0.011,2,2.367,1.049,0.455,""
17.980,237.925,909.716,97.272,-102.659,2.687,0.636,2.227,1.381,1.000,0.000,-0.010,2,2.532,1.032,0.456,""
18.000,237.948,909.729,97.319,-102.630,2.841,0.659,2.347,1.477,1.000,0.000,-0.010,2,2.690,1.080,0.457,""
