t,station,x,y,z,speed,vx,vy,vz,throttle,brake,steering,grounded,suspension,alignment,up,contacts
0.020,601.979,965.183,163.725,137.134,23.775,19.980,-0.051,-12.887,0.000,0.000,0.026,4,7.804,1.128,1.000,"Ground_Mountain_2_2:(0.009, 0.993, -0.120);Ground_Mountain_2_2:(0.009, 0.993, -0.120);Ground_Mountain_2_2:(0.009, 0.993, -0.120);Ground_Mountain_2_2:(0.009, 0.993, -0.120);Ground_Mountain_2_2:(0.009, 0.993, -0.120);Ground_Mountain_2_2:(0.009, 0.993, -0.120);Ground_Mountain_2_2:(0.008, 0.993, -0.118);Ground_Mountain_2_2:(0.008, 0.993, -0.118);Ground_Mountain_2_2:(0.008, 0.993, -0.118);Ground_Mountain_2_2:(0.008, 0.993, -0.118);Ground_Mountain_2_2:(0.008, 0.993, -0.118);Ground_Mountain_2_2:(0.008, 0.993, -0.118);Ground_Mountain_2_2:(0.008, 0.993, -0.118);Ground_Mountain_2_2:(0.008, 0.993, -0.118);Ground_Mountain_2_2:(0.008, 0.993, -0.118);Ground_Mountain_2_2:(0.008, 0.993, -0.118);Ground_Mountain_2_2:(0.008, 0.993, -0.118);Ground_Mountain_2_2:(0.008, 0.993, -0.118);Ground_Mountain_2_2:(0.008, 0.993, -0.118);Ground_Mountain_2_2:(0.008, 0.993, -0.118);Ground_Mountain_2_2:(0.008, 0.993, -0.118);Ground_Mountain_2_2:(0.008, 0.993, -0.118);Ground_Mountain_2_2:(0.008, 0.993, -0.118);Ground_Mountain_2_2:(0.008, 0.993, -0.118);Ground_Mountain_2_2:(0.007, 0.993, -0.117);Ground_Mountain_2_2:(0.007, 0.993, -0.117);Ground_Mountain_2_2:(0.007, 0.993, -0.117);Ground_Mountain_2_2:(0.007, 0.993, -0.117);Ground_Mountain_2_2:(0.007, 0.993, -0.117);Ground_Mountain_2_2:(0.007, 0.993, -0.117);Ground_Mountain_2_2:(0.006, 0.993, -0.115);Ground_Mountain_2_2:(0.006, 0.993, -0.115);Ground_Mountain_2_2:(0.006, 0.993, -0.115);Ground_Mountain_2_2:(0.006, 0.993, -0.115);Ground_Mountain_2_2:(0.006, 0.993, -0.115);Ground_Mountain_2_2:(0.006, 0.993, -0.115);Ground_Mountain_2_2:(0.006, 0.993, -0.114);Ground_Mountain_2_2:(0.006, 0.993, -0.114);Ground_Mountain_2_2:(0.006, 0.993, -0.114);Ground_Mountain_2_2:(0.006, 0.993, -0.114);Ground_Mountain_2_2:(0.006, 0.993, -0.114);Ground_Mountain_2_2:(0.006, 0.993, -0.114);Ground_Mountain_2_2:(0.006, 0.993, -0.114);Ground_Mountain_2_2:(0.006, 0.993, -0.114);Ground_Mountain_2_2:(0.006, 0.993, -0.114);Ground_Mountain_2_2:(0.006, 0.993, -0.114);Ground_Mountain_2_2:(0.006, 0.993, -0.114);Ground_Mountain_2_2:(0.006, 0.993, -0.114);Ground_Mountain_2_2:(0.006, 0.993, -0.114);Ground_Mountain_2_2:(0.006, 0.993, -0.114);Ground_Mountain_2_2:(0.006, 0.993, -0.114);Ground_Mountain_2_2:(0.006, 0.993, -0.114);Ground_Mountain_2_2:(0.006, 0.993, -0.114);Ground_Mountain_2_2:(0.006, 0.993, -0.114);Ground_Mountain_2_2:(0.004, 0.994, -0.113);Ground_Mountain_2_2:(0.004, 0.994, -0.113);Ground_Mountain_2_2:(0.004, 0.994, -0.113);Ground_Mountain_2_2:(0.004, 0.994, -0.113);Ground_Mountain_2_2:(0.004, 0.994, -0.113);Ground_Mountain_2_2:(0.004, 0.994, -0.113);Ground_Mountain_2_2:(0.003, 0.994, -0.111);Ground_Mountain_2_2:(0.003, 0.994, -0.111);Ground_Mountain_2_2:(0.003, 0.994, -0.111);Ground_Mountain_2_2:(0.003, 0.994, -0.111);Ground_Mountain_2_2:(0.003, 0.994, -0.111);Ground_Mountain_2_2:(0.003, 0.994, -0.111);Ground_Mountain_2_2:(0.003, 0.994, -0.111);Ground_Mountain_2_2:(0.003, 0.994, -0.111);Ground_Mountain_2_2:(0.003, 0.994, -0.111);Ground_Mountain_2_2:(0.003, 0.994, -0.111);Ground_Mountain_2_2:(0.003, 0.994, -0.111);Ground_Mountain_2_2:(0.003, 0.994, -0.111);Ground_Mountain_2_2:(0.003, 0.994, -0.111);Ground_Mountain_2_2:(0.003, 0.994, -0.111);Ground_Mountain_2_2:(0.003, 0.994, -0.111);Ground_Mountain_2_2:(0.003, 0.994, -0.111);Ground_Mountain_2_2:(0.003, 0.994, -0.111);Ground_Mountain_2_2:(0.003, 0.994, -0.111);Ground_Mountain_2_2:(0.002, 0.994, -0.109);Ground_Mountain_2_2:(0.002, 0.994, -0.109);Ground_Mountain_2_2:(0.002, 0.994, -0.109);Ground_Mountain_2_2:(0.002, 0.994, -0.109);Ground_Mountain_2_2:(0.002, 0.994, -0.109);Ground_Mountain_2_2:(0.002, 0.994, -0.109);Ground_Mountain_2_2:(0.002, 0.994, -0.108);Ground_Mountain_2_2:(0.002, 0.994, -0.108);Ground_Mountain_2_2:(0.002, 0.994, -0.108);Ground_Mountain_2_2:(0.002, 0.994, -0.108);Ground_Mountain_2_2:(0.002, 0.994, -0.108);Ground_Mountain_2_2:(0.002, 0.994, -0.108);Ground_Mountain_2_2:(0.001, 0.994, -0.108);Ground_Mountain_2_2:(0.001, 0.994, -0.108);Ground_Mountain_2_2:(0.001, 0.994, -0.108);Ground_Mountain_2_2:(0.001, 0.994, -0.108);Ground_Mountain_2_2:(0.001, 0.994, -0.108);Ground_Mountain_2_2:(0.001, 0.994, -0.108);Ground_Mountain_2_2:(0.001, 0.994, -0.108);Ground_Mountain_2_2:(0.001, 0.994, -0.108);Ground_Mountain_2_2:(0.001, 0.994, -0.108);Ground_Mountain_2_2:(0.001, 0.994, -0.108);Ground_Mountain_2_2:(0.001, 0.994, -0.108);Ground_Mountain_2_2:(0.001, 0.994, -0.108);Ground_Mountain_2_2:(0.001, 0.994, -0.106);Ground_Mountain_2_2:(0.001, 0.994, -0.106);Ground_Mountain_2_2:(0.001, 0.994, -0.106);Ground_Mountain_2_2:(0.001, 0.994, -0.106);Ground_Mountain_2_2:(0.001, 0.994, -0.106);Ground_Mountain_2_2:(0.001, 0.994, -0.106);Ground_Mountain_2_2:(0.000, 0.994, -0.105);Ground_Mountain_2_2:(0.000, 0.994, -0.105);Ground_Mountain_2_2:(0.000, 0.994, -0.105);Ground_Mountain_2_2:(0.000, 0.994, -0.105);Ground_Mountain_2_2:(0.000, 0.994, -0.105);Ground_Mountain_2_2:(0.000, 0.994, -0.105);Ground_Mountain_2_2:(-0.001, 0.994, -0.106);Ground_Mountain_2_2:(-0.001, 0.994, -0.106);Ground_Mountain_2_2:(-0.001, 0.994, -0.106);Ground_Mountain_2_2:(-0.001, 0.994, -0.106);Ground_Mountain_2_2:(-0.001, 0.994, -0.106);Ground_Mountain_2_2:(-0.001, 0.994, -0.106);Ground_Mountain_1_4:(-0.036, 0.999, 0.026);Ground_Mountain_1_4:(-0.036, 0.999, 0.026);Ground_Mountain_1_4:(-0.036, 0.999, 0.026);Ground_Mountain_1_4:(-0.036, 0.999, 0.026);Ground_Mountain_1_4:(-0.036, 0.999, 0.026);Ground_Mountain_1_4:(-0.036, 0.999, 0.026);"
0.040,601.504,965.583,163.724,136.877,23.787,19.988,-0.046,-12.896,0.113,0.000,0.027,4,9.997,0.542,1.000,"Ground_Mountain_1_4:(-0.038, 0.999, 0.025);Ground_Mountain_1_4:(-0.038, 0.999, 0.025);Ground_Mountain_1_4:(-0.038, 0.999, 0.025);Ground_Mountain_1_4:(-0.038, 0.999, 0.025);Ground_Mountain_1_4:(-0.038, 0.999, 0.025);Ground_Mountain_1_4:(-0.038, 0.999, 0.025);"
0.060,601.030,965.982,163.724,136.619,23.797,19.993,-0.008,-12.908,0.107,0.000,0.028,4,11.714,0.156,1.000,"Ground_Mountain_1_4:(-0.025, 0.999, 0.020);Ground_Mountain_1_4:(-0.025, 0.999, 0.020);Ground_Mountain_1_4:(-0.025, 0.999, 0.020);Ground_Mountain_1_4:(-0.025, 0.999, 0.020);Ground_Mountain_1_4:(-0.025, 0.999, 0.020);Ground_Mountain_1_4:(-0.025, 0.999, 0.020);"
0.080,600.555,966.381,163.725,136.361,23.806,19.993,0.058,-12.925,0.101,0.000,0.029,4,13.034,0.135,1.000,"Ground_Mountain_1_4:(-0.025, 1.000, 0.018);Ground_Mountain_1_4:(-0.025, 1.000, 0.018);Ground_Mountain_1_4:(-0.025, 1.000, 0.018);Ground_Mountain_1_4:(-0.025, 1.000, 0.018);Ground_Mountain_1_4:(-0.025, 1.000, 0.018);Ground_Mountain_1_4:(-0.025, 1.000, 0.018);"
0.100,600.112,966.780,163.728,136.102,23.813,19.987,0.144,-12.945,0.097,0.000,0.029,4,14.083,0.351,1.000,"Ground_Mountain_1_4:(-0.030, 0.999, 0.016);Ground_Mountain_1_4:(-0.030, 0.999, 0.016);Ground_Mountain_1_4:(-0.030, 0.999, 0.016);Ground_Mountain_1_4:(-0.030, 0.999, 0.016);Ground_Mountain_1_4:(-0.030, 0.999, 0.016);Ground_Mountain_1_4:(-0.030, 0.999, 0.016);"
0.120,599.637,967.179,163.733,135.843,23.819,19.977,0.242,-12.970,0.093,0.000,0.030,4,14.712,0.387,1.000,"Ground_Mountain_1_4:(-0.019, 1.000, 0.015);Ground_Mountain_1_4:(-0.019, 1.000, 0.015);Ground_Mountain_1_4:(-0.019, 1.000, 0.015);Ground_Mountain_1_4:(-0.019, 1.000, 0.015);Ground_Mountain_1_4:(-0.019, 1.000, 0.015);Ground_Mountain_1_4:(-0.019, 1.000, 0.015);"
0.140,599.161,967.578,163.740,135.584,23.824,19.963,0.344,-12.999,0.090,0.000,0.031,4,14.905,0.624,1.000,"Ground_Mountain_1_4:(-0.019, 1.000, 0.011);Ground_Mountain_1_4:(-0.019, 1.000, 0.011);Ground_Mountain_1_4:(-0.019, 1.000, 0.011);Ground_Mountain_1_4:(-0.019, 1.000, 0.011);Ground_Mountain_1_4:(-0.019, 1.000, 0.011);Ground_Mountain_1_4:(-0.019, 1.000, 0.011);"
0.160,598.685,967.976,163.749,135.323,23.828,19.944,0.443,-13.033,0.088,0.000,0.031,4,14.712,0.562,1.000,"Ground_Mountain_1_4:(-0.016, 1.000, 0.013);Ground_Mountain_1_4:(-0.016, 1.000, 0.013);Ground_Mountain_1_4:(-0.016, 1.000, 0.013);Ground_Mountain_1_4:(-0.016, 1.000, 0.013);Ground_Mountain_1_4:(-0.016, 1.000, 0.013);Ground_Mountain_1_4:(-0.016, 1.000, 0.013);"
0.180,598.209,968.374,163.759,135.062,23.831,19.922,0.532,-13.070,0.086,0.000,0.031,4,14.276,0.553,1.000,"Ground_Mountain_1_4:(-0.016, 1.000, 0.013);Ground_Mountain_1_4:(-0.016, 1.000, 0.013);Ground_Mountain_1_4:(-0.016, 1.000, 0.013);Ground_Mountain_1_4:(-0.016, 1.000, 0.013);Ground_Mountain_1_4:(-0.016, 1.000, 0.013);Ground_Mountain_1_4:(-0.016, 1.000, 0.013);"
0.200,597.766,968.772,163.772,134.800,23.834,19.896,0.610,-13.111,0.084,0.000,0.032,4,13.692,0.526,1.000,"Ground_Mountain_1_4:(-0.018, 1.000, 0.008);Ground_Mountain_1_4:(-0.018, 1.000, 0.008);Ground_Mountain_1_4:(-0.018, 1.000, 0.008);Ground_Mountain_1_4:(-0.018, 1.000, 0.008);Ground_Mountain_1_4:(-0.018, 1.000, 0.008);Ground_Mountain_1_4:(-0.018, 1.000, 0.008);"
0.220,597.290,969.169,163.785,134.537,23.836,19.868,0.670,-13.155,0.083,0.000,0.032,4,12.841,0.481,1.000,"Ground_Mountain_1_4:(-0.010, 1.000, 0.007);Ground_Mountain_1_4:(-0.010, 1.000, 0.007);Ground_Mountain_1_4:(-0.010, 1.000, 0.007);Ground_Mountain_1_4:(-0.010, 1.000, 0.007);Ground_Mountain_1_4:(-0.010, 1.000, 0.007);Ground_Mountain_1_4:(-0.010, 1.000, 0.007);"
0.240,596.813,969.566,163.799,134.273,23.838,19.838,0.711,-13.202,0.082,0.000,0.032,4,11.856,0.473,1.000,"Ground_Mountain_1_4:(-0.010, 1.000, 0.005);Ground_Mountain_1_4:(-0.010, 1.000, 0.005);Ground_Mountain_1_4:(-0.010, 1.000, 0.005);Ground_Mountain_1_4:(-0.010, 1.000, 0.005);Ground_Mountain_1_4:(-0.010, 1.000, 0.005);Ground_Mountain_1_4:(-0.010, 1.000, 0.005);"
0.260,596.337,969.962,163.814,134.008,23.839,19.806,0.730,-13.253,0.081,0.000,0.032,4,10.779,0.332,1.000,"Ground_Mountain_1_4:(-0.003, 1.000, 0.004);Ground_Mountain_1_4:(-0.003, 1.000, 0.004);Ground_Mountain_1_4:(-0.003, 1.000, 0.004);Ground_Mountain_1_4:(-0.003, 1.000, 0.004);Ground_Mountain_1_4:(-0.003, 1.000, 0.004);Ground_Mountain_1_4:(-0.003, 1.000, 0.004);"
0.280,595.893,970.358,163.828,133.742,23.840,19.772,0.727,-13.305,0.080,0.000,0.032,4,9.689,0.306,1.000,"Ground_Mountain_1_4:(-0.003, 1.000, 0.001);Ground_Mountain_1_4:(-0.003, 1.000, 0.001);Ground_Mountain_1_4:(-0.003, 1.000, 0.001);Ground_Mountain_1_4:(-0.003, 1.000, 0.001);Ground_Mountain_1_4:(-0.003, 1.000, 0.001);Ground_Mountain_1_4:(-0.003, 1.000, 0.001);"
0.300,595.416,970.753,163.842,133.474,23.841,19.737,0.702,-13.361,0.080,0.000,0.032,4,8.579,0.268,1.000,"Ground_Mountain_1_4:(-0.003, 1.000, 0.000);Ground_Mountain_1_4:(-0.003, 1.000, 0.000);Ground_Mountain_1_4:(-0.003, 1.000, 0.000);Ground_Mountain_1_4:(-0.003, 1.000, 0.000);Ground_Mountain_1_4:(-0.003, 1.000, 0.000);Ground_Mountain_1_4:(-0.003, 1.000, 0.000);"
0.320,594.939,971.147,163.855,133.206,23.842,19.702,0.655,-13.418,0.079,0.000,0.032,4,7.508,0.116,1.000,"Ground_Mountain_1_4:(0.003, 1.000, -0.001);Ground_Mountain_1_4:(0.003, 1.000, -0.001);Ground_Mountain_1_4:(0.003, 1.000, -0.001);Ground_Mountain_1_4:(0.003, 1.000, -0.001);Ground_Mountain_1_4:(0.003, 1.000, -0.001);Ground_Mountain_1_4:(0.003, 1.000, -0.001);"
0.340,594.462,971.541,163.867,132.936,23.844,19.665,0.590,-13.476,0.079,0.000,0.032,4,6.534,0.148,1.000,"Ground_Mountain_1_4:(0.005, 1.000, -0.004);Ground_Mountain_1_4:(0.005, 1.000, -0.004);Ground_Mountain_1_4:(0.005, 1.000, -0.004);Ground_Mountain_1_4:(0.005, 1.000, -0.004);Ground_Mountain_1_4:(0.005, 1.000, -0.004);Ground_Mountain_1_4:(0.005, 1.000, -0.004);"
0.360,594.017,971.934,163.877,132.665,23.845,19.628,0.505,-13.536,0.078,0.000,0.032,4,5.604,0.033,1.000,"Ground_Mountain_1_4:(0.011, 1.000, -0.005);Ground_Mountain_1_4:(0.011, 1.000, -0.005);Ground_Mountain_1_4:(0.011, 1.000, -0.005);Ground_Mountain_1_4:(0.011, 1.000, -0.005);Ground_Mountain_1_4:(0.011, 1.000, -0.005);Ground_Mountain_1_4:(0.011, 1.000, -0.005);"
0.380,593.539,972.327,163.885,132.392,23.847,19.590,0.404,-13.597,0.077,0.000,0.032,4,4.767,0.063,1.000,"Ground_Mountain_1_4:(0.011, 1.000, -0.007);Ground_Mountain_1_4:(0.011, 1.000, -0.007);Ground_Mountain_1_4:(0.011, 1.000, -0.007);Ground_Mountain_1_4:(0.011, 1.000, -0.007);Ground_Mountain_1_4:(0.011, 1.000, -0.007);Ground_Mountain_1_4:(0.011, 1.000, -0.007);"
0.400,593.062,972.718,163.891,132.119,23.849,19.551,0.290,-13.659,0.077,0.000,0.032,4,4.133,0.113,1.000,"Ground_Mountain_1_4:(0.010, 1.000, -0.008);Ground_Mountain_1_4:(0.010, 1.000, -0.008);Ground_Mountain_1_4:(0.010, 1.000, -0.008);Ground_Mountain_1_4:(0.010, 1.000, -0.008);Ground_Mountain_1_4:(0.010, 1.000, -0.008);Ground_Mountain_1_4:(0.010, 1.000, -0.008);"
0.420,592.585,973.109,163.895,131.844,23.852,19.511,0.167,-13.722,0.075,0.000,0.032,4,3.639,0.222,1.000,"Ground_Mountain_1_4:(0.014, 1.000, -0.010);Ground_Mountain_1_4:(0.014, 1.000, -0.010);Ground_Mountain_1_4:(0.014, 1.000, -0.010);Ground_Mountain_1_4:(0.014, 1.000, -0.010);Ground_Mountain_1_4:(0.014, 1.000, -0.010);Ground_Mountain_1_4:(0.014, 1.000, -0.010);"
0.440,592.107,973.499,163.895,131.568,23.855,19.471,0.036,-13.785,0.074,0.000,0.032,4,3.279,0.158,1.000,"Ground_Mountain_1_4:(0.014, 1.000, -0.013);Ground_Mountain_1_4:(0.014, 1.000, -0.013);Ground_Mountain_1_4:(0.014, 1.000, -0.013);Ground_Mountain_1_4:(0.014, 1.000, -0.013);Ground_Mountain_1_4:(0.014, 1.000, -0.013);Ground_Mountain_1_4:(0.014, 1.000, -0.013);"
0.460,591.665,973.888,163.893,131.290,23.858,19.431,-0.101,-13.849,0.073,0.000,0.032,4,2.993,0.258,1.000,"Ground_Mountain_1_4:(0.020, 1.000, -0.014);Ground_Mountain_1_4:(0.020, 1.000, -0.014);Ground_Mountain_1_4:(0.020, 1.000, -0.014);Ground_Mountain_1_4:(0.020, 1.000, -0.014);Ground_Mountain_1_4:(0.020, 1.000, -0.014);Ground_Mountain_1_4:(0.020, 1.000, -0.014);"
0.480,591.187,974.277,163.888,131.012,23.862,19.389,-0.240,-13.912,0.071,0.000,0.032,4,2.897,0.279,1.000,"Ground_Mountain_1_4:(0.020, 1.000, -0.014);Ground_Mountain_1_4:(0.020, 1.000, -0.014);Ground_Mountain_1_4:(0.020, 1.000, -0.014);Ground_Mountain_1_4:(0.020, 1.000, -0.014);Ground_Mountain_1_4:(0.020, 1.000, -0.014);Ground_Mountain_1_4:(0.020, 1.000, -0.014);"
0.500,590.709,974.664,163.881,130.732,23.867,19.347,-0.377,-13.976,0.069,0.000,0.032,4,2.952,0.322,1.000,"Ground_Mountain_1_3:(0.003, 1.000, -0.002);Ground_Mountain_1_3:(0.003, 1.000, -0.002);Ground_Mountain_1_3:(0.003, 1.000, -0.002);Ground_Mountain_1_4:(0.018, 1.000, -0.015);Ground_Mountain_1_4:(0.018, 1.000, -0.015);Ground_Mountain_1_4:(0.018, 1.000, -0.015);Ground_Mountain_1_4:(0.018, 1.000, -0.015);Ground_Mountain_1_4:(0.018, 1.000, -0.015);Ground_Mountain_1_4:(0.018, 1.000, -0.015);"
0.520,590.231,975.051,163.870,130.450,23.871,19.305,-0.539,-14.039,0.067,0.000,0.032,2,1.726,0.396,1.000,"Ground_Mountain_1_4:(0.024, 1.000, -0.017);Ground_Mountain_1_4:(0.024, 1.000, -0.017);Ground_Mountain_1_4:(0.024, 1.000, -0.017);Ground_Mountain_1_4:(0.024, 1.000, -0.017);Ground_Mountain_1_4:(0.024, 1.000, -0.017);Ground_Mountain_1_4:(0.024, 1.000, -0.017);Ground_Mountain_1_3:(0.005, 1.000, -0.004);Ground_Mountain_1_3:(0.005, 1.000, -0.004);Ground_Mountain_1_3:(0.005, 1.000, -0.004);"
0.540,589.783,975.437,163.856,130.168,23.877,19.261,-0.699,-14.103,0.064,0.000,0.031,2,1.830,0.483,1.000,"Ground_Mountain_1_4:(0.024, 1.000, -0.019);Ground_Mountain_1_4:(0.024, 1.000, -0.019);Ground_Mountain_1_4:(0.024, 1.000, -0.019);Ground_Mountain_1_4:(0.024, 1.000, -0.019);Ground_Mountain_1_4:(0.024, 1.000, -0.019);Ground_Mountain_1_4:(0.024, 1.000, -0.019);Ground_Mountain_1_3:(0.021, 1.000, -0.016);Ground_Mountain_1_3:(0.021, 1.000, -0.016);Ground_Mountain_1_3:(0.021, 1.000, -0.016);Ground_Mountain_1_3:(0.021, 1.000, -0.016);Ground_Mountain_1_3:(0.021, 1.000, -0.016);Ground_Mountain_1_3:(0.021, 1.000, -0.016);"
0.560,589.305,975.822,163.839,129.884,23.883,19.218,-0.857,-14.166,0.062,0.000,0.031,2,1.912,0.682,1.000,"Ground_Mountain_1_4:(0.027, 0.999, -0.019);Ground_Mountain_1_4:(0.027, 0.999, -0.019);Ground_Mountain_1_4:(0.027, 0.999, -0.019);Ground_Mountain_1_4:(0.027, 0.999, -0.019);Ground_Mountain_1_4:(0.027, 0.999, -0.019);Ground_Mountain_1_4:(0.027, 0.999, -0.019);Ground_Mountain_1_3:(0.023, 1.000, -0.017);Ground_Mountain_1_3:(0.023, 1.000, -0.017);Ground_Mountain_1_3:(0.023, 1.000, -0.017);Ground_Mountain_1_3:(0.023, 1.000, -0.017);Ground_Mountain_1_3:(0.023, 1.000, -0.017);Ground_Mountain_1_3:(0.023, 1.000, -0.017);"
0.580,588.826,976.207,163.819,129.598,23.889,19.173,-1.013,-14.228,0.059,0.000,0.031,2,2.048,0.826,1.000,"Ground_Mountain_1_4:(0.027, 0.999, -0.019);Ground_Mountain_1_4:(0.027, 0.999, -0.019);Ground_Mountain_1_4:(0.027, 0.999, -0.019);Ground_Mountain_1_4:(0.027, 0.999, -0.019);Ground_Mountain_1_4:(0.027, 0.999, -0.019);Ground_Mountain_1_4:(0.027, 0.999, -0.019);Ground_Mountain_1_3:(0.027, 0.999, -0.021);Ground_Mountain_1_3:(0.027, 0.999, -0.021);Ground_Mountain_1_3:(0.027, 0.999, -0.021);Ground_Mountain_1_3:(0.027, 0.999, -0.021);Ground_Mountain_1_3:(0.027, 0.999, -0.021);Ground_Mountain_1_3:(0.027, 0.999, -0.021);"
0.600,588.347,976.591,163.795,129.312,23.897,19.129,-1.165,-14.290,0.055,0.000,0.031,2,2.213,1.019,1.000,"Ground_Mountain_1_4:(0.020, 1.000, -0.017);Ground_Mountain_1_4:(0.020, 1.000, -0.017);Ground_Mountain_1_4:(0.020, 1.000, -0.017);Ground_Mountain_1_4:(0.020, 1.000, -0.017);Ground_Mountain_1_4:(0.020, 1.000, -0.017);Ground_Mountain_1_4:(0.020, 1.000, -0.017);Ground_Mountain_1_3:(0.029, 0.999, -0.022);Ground_Mountain_1_3:(0.029, 0.999, -0.022);Ground_Mountain_1_3:(0.029, 0.999, -0.022);Ground_Mountain_1_3:(0.029, 0.999, -0.022);Ground_Mountain_1_3:(0.029, 0.999, -0.022);Ground_Mountain_1_3:(0.029, 0.999, -0.022);"
0.620,587.867,976.973,163.770,129.024,23.904,19.085,-1.251,-14.353,0.052,0.000,0.031,4,5.488,1.077,1.000,"Ground_Mountain_1_4:(0.022, 1.000, -0.019);Ground_Mountain_1_4:(0.022, 1.000, -0.019);Ground_Mountain_1_4:(0.022, 1.000, -0.019);Ground_Mountain_1_4:(0.022, 1.000, -0.019);Ground_Mountain_1_4:(0.022, 1.000, -0.019);Ground_Mountain_1_4:(0.022, 1.000, -0.019);Ground_Mountain_1_3:(0.030, 0.999, -0.023);Ground_Mountain_1_3:(0.030, 0.999, -0.023);Ground_Mountain_1_3:(0.030, 0.999, -0.023);Ground_Mountain_1_3:(0.030, 0.999, -0.023);Ground_Mountain_1_3:(0.030, 0.999, -0.023);Ground_Mountain_1_3:(0.030, 0.999, -0.023);"
0.640,587.419,977.351,163.744,128.738,23.695,18.871,-1.323,-14.283,0.048,0.000,0.031,4,5.792,0.959,0.999,"Ground_Mountain_1_4:(0.024, 1.000, -0.018);Ground_Mountain_1_4:(0.024, 1.000, -0.018);Ground_Mountain_1_4:(0.024, 1.000, -0.018);Ground_Mountain_1_3:(0.031, 0.999, -0.023);Ground_Mountain_1_3:(0.031, 0.999, -0.023);Ground_Mountain_1_3:(0.031, 0.999, -0.023);Ground_Mountain_1_3:(0.031, 0.999, -0.023);Ground_Mountain_1_3:(0.031, 0.999, -0.023);Ground_Mountain_1_3:(0.031, 0.999, -0.023);"
0.660,586.944,977.729,163.716,128.450,23.723,18.843,-1.397,-14.358,0.152,0.000,0.030,4,6.108,0.735,0.999,"Ground_Mountain_1_4:(0.027, 0.999, -0.020);Ground_Mountain_1_4:(0.027, 0.999, -0.020);Ground_Mountain_1_4:(0.027, 0.999, -0.020);Ground_Mountain_1_3:(0.032, 0.999, -0.024);Ground_Mountain_1_3:(0.032, 0.999, -0.024);Ground_Mountain_1_3:(0.032, 0.999, -0.024);Ground_Mountain_1_3:(0.032, 0.999, -0.024);Ground_Mountain_1_3:(0.032, 0.999, -0.024);Ground_Mountain_1_3:(0.032, 0.999, -0.024);"
0.680,586.469,978.105,163.687,128.161,23.748,18.814,-1.463,-14.432,0.139,0.000,0.030,4,6.559,0.656,0.999,"Ground_Mountain_1_3:(0.036, 0.999, -0.028);Ground_Mountain_1_3:(0.036, 0.999, -0.028);Ground_Mountain_1_3:(0.036, 0.999, -0.028);Ground_Mountain_1_3:(0.036, 0.999, -0.028);Ground_Mountain_1_3:(0.036, 0.999, -0.028);Ground_Mountain_1_3:(0.036, 0.999, -0.028);"
0.700,585.993,978.482,163.656,127.871,23.771,18.783,-1.519,-14.504,0.126,0.000,0.030,4,7.068,0.564,0.999,"Ground_Mountain_1_3:(0.036, 0.999, -0.028);Ground_Mountain_1_3:(0.036, 0.999, -0.028);Ground_Mountain_1_3:(0.036, 0.999, -0.028);Ground_Mountain_1_3:(0.036, 0.999, -0.028);Ground_Mountain_1_3:(0.036, 0.999, -0.028);Ground_Mountain_1_3:(0.036, 0.999, -0.028);"
0.720,585.547,978.857,163.625,127.579,23.792,18.752,-1.564,-14.574,0.114,0.000,0.030,4,7.581,0.433,0.999,"Ground_Mountain_1_3:(0.036, 0.999, -0.028);Ground_Mountain_1_3:(0.036, 0.999, -0.028);Ground_Mountain_1_3:(0.036, 0.999, -0.028);Ground_Mountain_1_3:(0.036, 0.999, -0.028);Ground_Mountain_1_3:(0.036, 0.999, -0.028);Ground_Mountain_1_3:(0.036, 0.999, -0.028);"
0.740,585.071,979.232,163.593,127.286,23.811,18.719,-1.599,-14.643,0.104,0.000,0.030,4,8.058,0.398,0.999,"Ground_Mountain_1_3:(0.039, 0.999, -0.030);Ground_Mountain_1_3:(0.039, 0.999, -0.030);Ground_Mountain_1_3:(0.039, 0.999, -0.030);Ground_Mountain_1_3:(0.039, 0.999, -0.030);Ground_Mountain_1_3:(0.039, 0.999, -0.030);Ground_Mountain_1_3:(0.039, 0.999, -0.030);"
0.760,584.594,979.606,163.560,126.991,23.829,18.685,-1.626,-14.712,0.094,0.000,0.029,4,8.510,0.326,0.999,"Ground_Mountain_1_3:(0.041, 0.999, -0.031);Ground_Mountain_1_3:(0.041, 0.999, -0.031);Ground_Mountain_1_3:(0.041, 0.999, -0.031);Ground_Mountain_1_3:(0.041, 0.999, -0.031);Ground_Mountain_1_3:(0.041, 0.999, -0.031);Ground_Mountain_1_3:(0.041, 0.999, -0.031);"
0.780,584.117,979.979,163.527,126.695,23.845,18.651,-1.644,-14.779,0.086,0.000,0.029,4,8.928,0.284,0.999,"Ground_Mountain_1_3:(0.042, 0.999, -0.032);Ground_Mountain_1_3:(0.042, 0.999, -0.032);Ground_Mountain_1_3:(0.042, 0.999, -0.032);Ground_Mountain_1_3:(0.042, 0.999, -0.032);Ground_Mountain_1_3:(0.042, 0.999, -0.032);Ground_Mountain_1_3:(0.042, 0.999, -0.032);"
0.800,583.640,980.352,163.494,126.398,23.859,18.615,-1.655,-14.845,0.078,0.000,0.029,4,9.268,0.230,0.999,"Ground_Mountain_1_3:(0.042, 0.999, -0.031);Ground_Mountain_1_3:(0.042, 0.999, -0.031);Ground_Mountain_1_3:(0.042, 0.999, -0.031);Ground_Mountain_1_3:(0.042, 0.999, -0.031);Ground_Mountain_1_3:(0.042, 0.999, -0.031);Ground_Mountain_1_3:(0.042, 0.999, -0.031);"
0.820,583.190,980.724,163.461,126.100,23.873,18.579,-1.660,-14.910,0.070,0.000,0.029,4,9.571,0.202,0.999,"Ground_Mountain_1_3:(0.042, 0.999, -0.033);Ground_Mountain_1_3:(0.042, 0.999, -0.033);Ground_Mountain_1_3:(0.042, 0.999, -0.033);Ground_Mountain_1_3:(0.042, 0.999, -0.033);Ground_Mountain_1_3:(0.042, 0.999, -0.033);Ground_Mountain_1_3:(0.042, 0.999, -0.033);"
0.840,582.713,981.095,163.428,125.800,23.885,18.543,-1.660,-14.973,0.064,0.000,0.028,4,9.823,0.201,0.999,"Ground_Mountain_1_3:(0.044, 0.998, -0.034);Ground_Mountain_1_3:(0.044, 0.998, -0.034);Ground_Mountain_1_3:(0.044, 0.998, -0.034);Ground_Mountain_1_3:(0.044, 0.998, -0.034);Ground_Mountain_1_3:(0.044, 0.998, -0.034);Ground_Mountain_1_3:(0.044, 0.998, -0.034);"
0.860,582.235,981.465,163.395,125.499,23.896,18.506,-1.656,-15.036,0.058,0.000,0.028,4,10.014,0.138,0.999,"Ground_Mountain_1_3:(0.044, 0.998, -0.035);Ground_Mountain_1_3:(0.044, 0.998, -0.035);Ground_Mountain_1_3:(0.044, 0.998, -0.035);Ground_Mountain_1_3:(0.044, 0.998, -0.035);Ground_Mountain_1_3:(0.044, 0.998, -0.035);Ground_Mountain_1_3:(0.044, 0.998, -0.035);"
0.880,581.756,981.835,163.362,125.197,23.906,18.469,-1.650,-15.098,0.052,0.000,0.028,4,10.128,0.147,0.999,"Ground_Mountain_1_3:(0.045, 0.998, -0.036);Ground_Mountain_1_3:(0.045, 0.998, -0.036);Ground_Mountain_1_3:(0.045, 0.998, -0.036);Ground_Mountain_1_3:(0.045, 0.998, -0.036);Ground_Mountain_1_3:(0.045, 0.998, -0.036);Ground_Mountain_1_3:(0.045, 0.998, -0.036);"
0.900,581.305,982.200,163.329,124.897,23.701,18.266,-1.629,-15.021,0.047,0.000,0.028,4,10.225,0.145,0.999,"Ground_Mountain_1_3:(0.045, 0.998, -0.037);Ground_Mountain_1_3:(0.045, 0.998, -0.037);Ground_Mountain_1_3:(0.045, 0.998, -0.037);Ground_Mountain_1_3:(0.045, 0.998, -0.037);Ground_Mountain_1_3:(0.045, 0.998, -0.037);Ground_Mountain_1_3:(0.045, 0.998, -0.037);"
0.920,580.831,982.565,163.297,124.594,23.730,18.244,-1.621,-15.095,0.150,0.000,0.027,4,10.276,0.127,0.999,"Ground_Mountain_1_3:(0.045, 0.998, -0.037);Ground_Mountain_1_3:(0.045, 0.998, -0.037);Ground_Mountain_1_3:(0.045, 0.998, -0.037);Ground_Mountain_1_3:(0.045, 0.998, -0.037);Ground_Mountain_1_3:(0.045, 0.998, -0.037);Ground_Mountain_1_3:(0.045, 0.998, -0.037);"
0.940,580.356,982.930,163.265,124.291,23.757,18.221,-1.612,-15.166,0.135,0.000,0.027,4,10.291,0.124,0.998,"Ground_Mountain_1_3:(0.046, 0.998, -0.039);Ground_Mountain_1_3:(0.046, 0.998, -0.039);Ground_Mountain_1_3:(0.046, 0.998, -0.039);Ground_Mountain_1_3:(0.046, 0.998, -0.039);Ground_Mountain_1_3:(0.046, 0.998, -0.039);Ground_Mountain_1_3:(0.046, 0.998, -0.039);"
0.960,579.881,983.294,163.232,123.986,23.782,18.195,-1.604,-15.236,0.121,0.000,0.026,4,10.296,0.129,0.998,"Ground_Mountain_1_3:(0.046, 0.998, -0.039);Ground_Mountain_1_3:(0.046, 0.998, -0.039);Ground_Mountain_1_3:(0.046, 0.998, -0.039);Ground_Mountain_1_3:(0.046, 0.998, -0.039);Ground_Mountain_1_3:(0.046, 0.998, -0.039);Ground_Mountain_1_3:(0.046, 0.998, -0.039);"
0.980,579.405,983.657,163.201,123.680,23.804,18.168,-1.595,-15.303,0.109,0.000,0.026,4,10.276,0.110,0.998,"Ground_Mountain_1_3:(0.046, 0.998, -0.039);Ground_Mountain_1_3:(0.046, 0.998, -0.039);Ground_Mountain_1_3:(0.046, 0.998, -0.039);Ground_Mountain_1_3:(0.046, 0.998, -0.039);Ground_Mountain_1_3:(0.046, 0.998, -0.039);Ground_Mountain_1_3:(0.046, 0.998, -0.039);"
1.000,578.955,984.020,163.169,123.372,23.824,18.139,-1.588,-15.368,0.098,0.000,0.026,4,10.229,0.104,0.998,"Ground_Mountain_1_3:(0.047, 0.998, -0.040);Ground_Mountain_1_3:(0.047, 0.998, -0.040);Ground_Mountain_1_3:(0.047, 0.998, -0.040);Ground_Mountain_1_3:(0.047, 0.998, -0.040);Ground_Mountain_1_3:(0.047, 0.998, -0.040);Ground_Mountain_1_3:(0.047, 0.998, -0.040);"
1.020,578.478,984.382,163.137,123.064,23.842,18.110,-1.581,-15.431,0.088,0.000,0.025,4,10.178,0.106,0.998,"Ground_Mountain_1_3:(0.047, 0.998, -0.040);Ground_Mountain_1_3:(0.047, 0.998, -0.040);Ground_Mountain_1_3:(0.047, 0.998, -0.040);Ground_Mountain_1_3:(0.047, 0.998, -0.040);Ground_Mountain_1_3:(0.047, 0.998, -0.040);Ground_Mountain_1_3:(0.047, 0.998, -0.040);"
1.040,578.001,984.744,163.106,122.754,23.859,18.079,-1.576,-15.493,0.079,0.000,0.025,4,10.125,0.102,0.998,"Ground_Mountain_1_3:(0.047, 0.998, -0.040);Ground_Mountain_1_3:(0.047, 0.998, -0.040);Ground_Mountain_1_3:(0.047, 0.998, -0.040);Ground_Mountain_1_3:(0.047, 0.998, -0.040);Ground_Mountain_1_3:(0.047, 0.998, -0.040);Ground_Mountain_1_3:(0.047, 0.998, -0.040);"
1.060,577.524,985.105,163.074,122.442,23.874,18.048,-1.571,-15.553,0.071,0.000,0.024,4,10.060,0.099,0.998,"Ground_Mountain_1_3:(0.047, 0.998, -0.040);Ground_Mountain_1_3:(0.047, 0.998, -0.040);Ground_Mountain_1_3:(0.047, 0.998, -0.040);Ground_Mountain_1_3:(0.047, 0.998, -0.040);Ground_Mountain_1_3:(0.047, 0.998, -0.040);Ground_Mountain_1_3:(0.047, 0.998, -0.040);"
1.080,577.071,985.466,163.043,122.130,23.888,18.015,-1.568,-15.612,0.063,0.000,0.024,4,10.007,0.106,0.998,"Ground_Mountain_1_3:(0.047, 0.998, -0.041);Ground_Mountain_1_3:(0.047, 0.998, -0.041);Ground_Mountain_1_3:(0.047, 0.998, -0.041);Ground_Mountain_1_3:(0.047, 0.998, -0.041);Ground_Mountain_1_3:(0.047, 0.998, -0.041);Ground_Mountain_1_3:(0.047, 0.998, -0.041);"
1.100,576.593,985.825,163.012,121.817,23.900,17.983,-1.565,-15.668,0.056,0.000,0.024,4,9.970,0.105,0.998,"Ground_Mountain_1_3:(0.047, 0.998, -0.041);Ground_Mountain_1_3:(0.047, 0.998, -0.041);Ground_Mountain_1_3:(0.047, 0.998, -0.041);Ground_Mountain_1_3:(0.047, 0.998, -0.041);Ground_Mountain_1_3:(0.047, 0.998, -0.041);Ground_Mountain_1_3:(0.047, 0.998, -0.041);"
1.120,576.115,986.181,162.981,121.505,23.697,17.789,-1.549,-15.581,0.050,0.000,0.023,4,9.938,0.098,0.998,"Ground_Mountain_1_3:(0.047, 0.998, -0.041);Ground_Mountain_1_3:(0.047, 0.998, -0.041);Ground_Mountain_1_3:(0.047, 0.998, -0.041);Ground_Mountain_1_3:(0.047, 0.998, -0.041);Ground_Mountain_1_3:(0.047, 0.998, -0.041);Ground_Mountain_1_3:(0.047, 0.998, -0.041);"
1.140,575.641,986.537,162.950,121.192,23.728,17.771,-1.549,-15.649,0.152,0.000,0.023,4,9.919,0.092,0.998,"Ground_Mountain_1_3:(0.047, 0.998, -0.041);Ground_Mountain_1_3:(0.047, 0.998, -0.041);Ground_Mountain_1_3:(0.047, 0.998, -0.041);Ground_Mountain_1_3:(0.047, 0.998, -0.041);Ground_Mountain_1_3:(0.047, 0.998, -0.041);Ground_Mountain_1_3:(0.047, 0.998, -0.041);"
1.160,575.166,986.892,162.919,120.877,23.757,17.752,-1.548,-15.714,0.136,0.000,0.022,4,9.924,0.091,0.998,"Ground_Mountain_1_3:(0.047, 0.998, -0.041);Ground_Mountain_1_3:(0.047, 0.998, -0.041);Ground_Mountain_1_3:(0.047, 0.998, -0.041);Ground_Mountain_1_3:(0.047, 0.998, -0.041);Ground_Mountain_1_3:(0.047, 0.998, -0.041);Ground_Mountain_1_3:(0.047, 0.998, -0.041);"
1.180,574.716,987.246,162.888,120.562,23.782,17.731,-1.546,-15.777,0.122,0.000,0.022,4,9.937,0.083,0.998,"Ground_Mountain_1_3:(0.046, 0.998, -0.041);Ground_Mountain_1_3:(0.046, 0.998, -0.041);Ground_Mountain_1_3:(0.046, 0.998, -0.041);Ground_Mountain_1_3:(0.046, 0.998, -0.041);Ground_Mountain_1_3:(0.046, 0.998, -0.041);Ground_Mountain_1_3:(0.046, 0.998, -0.041);"
1.200,574.240,987.600,162.857,120.245,23.806,17.709,-1.544,-15.837,0.109,0.000,0.021,4,9.971,0.085,0.998,"Ground_Mountain_1_3:(0.046, 0.998, -0.041);Ground_Mountain_1_3:(0.046, 0.998, -0.041);Ground_Mountain_1_3:(0.046, 0.998, -0.041);Ground_Mountain_1_3:(0.046, 0.998, -0.041);Ground_Mountain_1_3:(0.046, 0.998, -0.041);Ground_Mountain_1_3:(0.046, 0.998, -0.041);"
1.220,573.764,987.954,162.826,119.927,23.827,17.685,-1.541,-15.895,0.097,0.000,0.021,4,10.013,0.072,0.998,"Ground_Mountain_1_3:(0.045, 0.998, -0.040);Ground_Mountain_1_3:(0.045, 0.998, -0.040);Ground_Mountain_1_3:(0.045, 0.998, -0.040);Ground_Mountain_1_3:(0.045, 0.998, -0.040);Ground_Mountain_1_3:(0.045, 0.998, -0.040);Ground_Mountain_1_3:(0.045, 0.998, -0.040);"
1.240,573.287,988.307,162.795,119.608,23.846,17.661,-1.536,-15.951,0.087,0.000,0.020,4,10.069,0.081,0.998,"Ground_Mountain_1_3:(0.044, 0.998, -0.040);Ground_Mountain_1_3:(0.044, 0.998, -0.040);Ground_Mountain_1_3:(0.044, 0.998, -0.040);Ground_Mountain_1_3:(0.044, 0.998, -0.040);Ground_Mountain_1_3:(0.044, 0.998, -0.040);Ground_Mountain_1_3:(0.044, 0.998, -0.040);"
1.260,572.810,988.660,162.765,119.288,23.863,17.636,-1.530,-16.004,0.077,0.000,0.020,4,10.152,0.077,0.998,"Ground_Mountain_1_3:(0.044, 0.998, -0.040);Ground_Mountain_1_3:(0.044, 0.998, -0.040);Ground_Mountain_1_3:(0.044, 0.998, -0.040);Ground_Mountain_1_3:(0.044, 0.998, -0.040);Ground_Mountain_1_3:(0.044, 0.998, -0.040);Ground_Mountain_1_3:(0.044, 0.998, -0.040);"
1.280,572.356,989.012,162.734,118.967,23.878,17.610,-1.522,-16.056,0.069,0.000,0.019,4,10.240,0.055,0.998,"Ground_Mountain_1_3:(0.044, 0.998, -0.039);Ground_Mountain_1_3:(0.044, 0.998, -0.039);Ground_Mountain_1_3:(0.044, 0.998, -0.039);Ground_Mountain_1_3:(0.044, 0.998, -0.039);Ground_Mountain_1_3:(0.044, 0.998, -0.039);Ground_Mountain_1_3:(0.044, 0.998, -0.039);"
1.300,571.879,989.364,162.704,118.644,23.892,17.584,-1.513,-16.106,0.061,0.000,0.019,4,10.317,0.069,0.998,"Ground_Mountain_1_3:(0.043, 0.998, -0.039);Ground_Mountain_1_3:(0.043, 0.998, -0.039);Ground_Mountain_1_3:(0.043, 0.998, -0.039);Ground_Mountain_1_3:(0.043, 0.998, -0.039);Ground_Mountain_1_3:(0.043, 0.998, -0.039);Ground_Mountain_1_3:(0.043, 0.998, -0.039);"
1.320,571.401,989.715,162.674,118.321,23.905,17.558,-1.500,-16.155,0.054,0.000,0.019,4,10.451,0.053,0.998,"Ground_Mountain_1_3:(0.042, 0.998, -0.038);Ground_Mountain_1_3:(0.042, 0.998, -0.038);Ground_Mountain_1_3:(0.042, 0.998, -0.038);Ground_Mountain_1_3:(0.042, 0.998, -0.038);Ground_Mountain_1_3:(0.042, 0.998, -0.038);Ground_Mountain_1_3:(0.042, 0.998, -0.038);"
1.340,570.923,990.062,162.644,118.000,23.701,17.375,-1.473,-16.054,0.048,0.000,0.018,4,10.563,0.029,0.998,"Ground_Mountain_1_3:(0.041, 0.998, -0.038);Ground_Mountain_1_3:(0.041, 0.998, -0.038);Ground_Mountain_1_3:(0.041, 0.998, -0.038);Ground_Mountain_1_3:(0.041, 0.998, -0.038);Ground_Mountain_1_3:(0.041, 0.998, -0.038);Ground_Mountain_1_3:(0.041, 0.998, -0.038);"
1.360,570.471,990.409,162.615,117.678,23.733,17.364,-1.457,-16.114,0.149,0.000,0.018,4,10.679,0.035,0.998,"Ground_Mountain_1_3:(0.041, 0.998, -0.038);Ground_Mountain_1_3:(0.041, 0.998, -0.038);Ground_Mountain_1_3:(0.041, 0.998, -0.038);Ground_Mountain_1_3:(0.041, 0.998, -0.038);Ground_Mountain_1_3:(0.041, 0.998, -0.038);Ground_Mountain_1_3:(0.041, 0.998, -0.038);"
1.380,569.996,990.756,162.587,117.355,23.761,17.351,-1.438,-16.171,0.134,0.000,0.018,4,10.802,0.030,0.998,"Ground_Mountain_1_3:(0.040, 0.999, -0.037);Ground_Mountain_1_3:(0.040, 0.999, -0.037);Ground_Mountain_1_3:(0.040, 0.999, -0.037);Ground_Mountain_1_3:(0.040, 0.999, -0.037);Ground_Mountain_1_3:(0.040, 0.999, -0.037);Ground_Mountain_1_3:(0.040, 0.999, -0.037);"
1.400,569.521,991.103,162.558,117.030,23.786,17.337,-1.418,-16.226,0.120,0.000,0.017,4,10.908,0.016,0.998,"Ground_Mountain_1_3:(0.039, 0.999, -0.037);Ground_Mountain_1_3:(0.039, 0.999, -0.037);Ground_Mountain_1_3:(0.039, 0.999, -0.037);Ground_Mountain_1_3:(0.039, 0.999, -0.037);Ground_Mountain_1_3:(0.039, 0.999, -0.037);Ground_Mountain_1_3:(0.039, 0.999, -0.037);"
1.420,569.046,991.449,162.530,116.705,23.809,17.321,-1.395,-16.277,0.107,0.000,0.017,4,10.994,0.018,0.998,"Ground_Mountain_1_3:(0.039, 0.999, -0.036);Ground_Mountain_1_3:(0.039, 0.999, -0.036);Ground_Mountain_1_3:(0.039, 0.999, -0.036);Ground_Mountain_1_3:(0.039, 0.999, -0.036);Ground_Mountain_1_3:(0.039, 0.999, -0.036);Ground_Mountain_1_3:(0.039, 0.999, -0.036);"
1.440,568.570,991.795,162.503,116.378,23.829,17.304,-1.370,-16.327,0.096,0.000,0.017,4,11.117,0.016,0.998,"Ground_Mountain_1_3:(0.037, 0.999, -0.035);Ground_Mountain_1_3:(0.037, 0.999, -0.035);Ground_Mountain_1_3:(0.037, 0.999, -0.035);Ground_Mountain_1_3:(0.037, 0.999, -0.035);Ground_Mountain_1_3:(0.037, 0.999, -0.035);Ground_Mountain_1_3:(0.037, 0.999, -0.035);"
1.460,568.107,992.141,162.476,116.051,23.848,17.287,-1.342,-16.374,0.085,0.000,0.016,4,11.203,0.041,0.998,"Ground_Mountain_1_3:(0.036, 0.999, -0.034);Ground_Mountain_1_3:(0.036, 0.999, -0.034);Ground_Mountain_1_3:(0.036, 0.999, -0.034);Ground_Mountain_1_3:(0.036, 0.999, -0.034);Ground_Mountain_1_3:(0.036, 0.999, -0.034);Ground_Mountain_1_3:(0.036, 0.999, -0.034);"
1.480,567.631,992.486,162.450,115.723,23.864,17.269,-1.314,-16.420,0.076,0.000,0.016,4,11.268,0.040,0.998,"Ground_Mountain_1_3:(0.036, 0.999, -0.034);Ground_Mountain_1_3:(0.036, 0.999, -0.034);Ground_Mountain_1_3:(0.036, 0.999, -0.034);Ground_Mountain_1_3:(0.036, 0.999, -0.034);Ground_Mountain_1_3:(0.036, 0.999, -0.034);Ground_Mountain_1_3:(0.036, 0.999, -0.034);"
1.500,567.154,992.831,162.424,115.394,23.879,17.250,-1.284,-16.463,0.068,0.000,0.016,4,11.336,0.040,0.998,"Ground_Mountain_1_3:(0.036, 0.999, -0.034);Ground_Mountain_1_3:(0.036, 0.999, -0.034);Ground_Mountain_1_3:(0.036, 0.999, -0.034);Ground_Mountain_1_3:(0.036, 0.999, -0.034);Ground_Mountain_1_3:(0.036, 0.999, -0.034);Ground_Mountain_1_3:(0.036, 0.999, -0.034);"
1.520,566.683,993.175,162.399,115.064,23.892,17.230,-1.253,-16.505,0.061,0.000,0.015,4,11.377,0.069,0.998,"Ground_Mountain_1_3:(0.035, 0.999, -0.033);Ground_Mountain_1_3:(0.035, 0.999, -0.033);Ground_Mountain_1_3:(0.035, 0.999, -0.033);Ground_Mountain_1_3:(0.035, 0.999, -0.033);Ground_Mountain_1_3:(0.035, 0.999, -0.033);Ground_Mountain_1_3:(0.035, 0.999, -0.033);"
1.540,566.205,993.519,162.375,114.733,23.904,17.210,-1.222,-16.546,0.054,0.000,0.015,4,11.389,0.072,0.998,"Ground_Mountain_1_3:(0.035, 0.999, -0.033);Ground_Mountain_1_3:(0.035, 0.999, -0.033);Ground_Mountain_1_3:(0.035, 0.999, -0.033);Ground_Mountain_1_3:(0.035, 0.999, -0.033);Ground_Mountain_1_3:(0.035, 0.999, -0.033);Ground_Mountain_1_3:(0.035, 0.999, -0.033);"
1.560,565.728,993.860,162.351,114.404,23.699,17.036,-1.180,-16.434,0.048,0.000,0.015,4,11.396,0.081,0.999,"Ground_Mountain_1_3:(0.034, 0.999, -0.033);Ground_Mountain_1_3:(0.034, 0.999, -0.033);Ground_Mountain_1_3:(0.034, 0.999, -0.033);Ground_Mountain_1_3:(0.034, 0.999, -0.033);Ground_Mountain_1_3:(0.034, 0.999, -0.033);Ground_Mountain_1_3:(0.034, 0.999, -0.033);"
1.580,565.254,994.200,162.328,114.075,23.729,17.030,-1.150,-16.486,0.151,0.000,0.014,4,11.378,0.118,0.999,"Ground_Mountain_1_3:(0.035, 0.999, -0.033);Ground_Mountain_1_3:(0.035, 0.999, -0.033);Ground_Mountain_1_3:(0.035, 0.999, -0.033);Ground_Mountain_1_3:(0.035, 0.999, -0.033);Ground_Mountain_1_3:(0.035, 0.999, -0.033);Ground_Mountain_1_3:(0.035, 0.999, -0.033);"
1.600,564.788,994.540,162.306,113.744,23.757,17.022,-1.122,-16.536,0.135,0.000,0.014,4,11.280,0.136,0.999,"Ground_Mountain_1_3:(0.035, 0.999, -0.034);Ground_Mountain_1_3:(0.035, 0.999, -0.034);Ground_Mountain_1_3:(0.035, 0.999, -0.034);Ground_Mountain_1_3:(0.035, 0.999, -0.034);Ground_Mountain_1_3:(0.035, 0.999, -0.034);Ground_Mountain_1_3:(0.035, 0.999, -0.034);"
1.620,564.313,994.880,162.284,113.412,23.781,17.013,-1.096,-16.582,0.122,0.000,0.014,4,11.144,0.136,0.999,"Ground_Mountain_1_3:(0.035, 0.999, -0.034);Ground_Mountain_1_3:(0.035, 0.999, -0.034);Ground_Mountain_1_3:(0.035, 0.999, -0.034);Ground_Mountain_1_3:(0.035, 0.999, -0.034);Ground_Mountain_1_3:(0.035, 0.999, -0.034);Ground_Mountain_1_3:(0.035, 0.999, -0.034);"
1.640,563.838,995.220,162.262,113.080,23.803,17.002,-1.073,-16.626,0.109,0.000,0.013,4,10.988,0.132,0.999,"Ground_Mountain_1_3:(0.037, 0.999, -0.035);Ground_Mountain_1_3:(0.037, 0.999, -0.035);Ground_Mountain_1_3:(0.037, 0.999, -0.035);Ground_Mountain_1_3:(0.037, 0.999, -0.035);Ground_Mountain_1_3:(0.037, 0.999, -0.035);Ground_Mountain_1_3:(0.037, 0.999, -0.035);"
1.660,563.362,995.560,162.241,112.747,23.823,16.990,-1.055,-16.667,0.098,0.000,0.013,4,10.776,0.172,0.999,"Ground_Mountain_1_3:(0.037, 0.999, -0.036);Ground_Mountain_1_3:(0.037, 0.999, -0.036);Ground_Mountain_1_3:(0.037, 0.999, -0.036);Ground_Mountain_1_3:(0.037, 0.999, -0.036);Ground_Mountain_1_3:(0.037, 0.999, -0.036);Ground_Mountain_1_3:(0.037, 0.999, -0.036);"
1.680,562.897,995.900,162.220,112.413,23.840,16.977,-1.042,-16.707,0.089,0.000,0.013,4,10.486,0.182,0.999,"Ground_Mountain_1_3:(0.036, 0.999, -0.036);Ground_Mountain_1_3:(0.036, 0.999, -0.036);Ground_Mountain_1_3:(0.036, 0.999, -0.036);Ground_Mountain_1_3:(0.036, 0.999, -0.036);Ground_Mountain_1_3:(0.036, 0.999, -0.036);Ground_Mountain_1_3:(0.036, 0.999, -0.036);"
1.700,562.420,996.239,162.200,112.078,23.856,16.963,-1.035,-16.744,0.080,0.000,0.012,4,10.186,0.116,0.999,"Ground_Mountain_1_3:(0.036, 0.999, -0.035);Ground_Mountain_1_3:(0.036, 0.999, -0.035);Ground_Mountain_1_3:(0.036, 0.999, -0.035);Ground_Mountain_1_3:(0.036, 0.999, -0.035);Ground_Mountain_1_3:(0.036, 0.999, -0.035);Ground_Mountain_1_3:(0.036, 0.999, -0.035);"
1.720,561.943,996.578,162.179,111.742,23.870,16.948,-1.033,-16.779,0.072,0.000,0.012,4,9.945,0.086,0.999,"Ground_Mountain_1_3:(0.036, 0.999, -0.034);Ground_Mountain_1_3:(0.036, 0.999, -0.034);Ground_Mountain_1_3:(0.036, 0.999, -0.034);Ground_Mountain_1_3:(0.036, 0.999, -0.034);Ground_Mountain_1_3:(0.036, 0.999, -0.034);Ground_Mountain_1_3:(0.036, 0.999, -0.034);"
1.740,561.466,996.916,162.158,111.406,23.883,16.932,-1.035,-16.813,0.065,0.000,0.011,4,9.715,0.074,0.999,"Ground_Mountain_1_3:(0.038, 0.999, -0.034);Ground_Mountain_1_3:(0.038, 0.999, -0.034);Ground_Mountain_1_3:(0.038, 0.999, -0.034);Ground_Mountain_1_3:(0.038, 0.999, -0.034);Ground_Mountain_1_3:(0.038, 0.999, -0.034);Ground_Mountain_1_3:(0.038, 0.999, -0.034);"
1.760,560.988,997.255,162.138,111.069,23.894,16.916,-1.042,-16.845,0.058,0.000,0.011,4,9.482,0.052,0.999,"Ground_Mountain_1_3:(0.028, 0.999, -0.035);Ground_Mountain_1_3:(0.028, 0.999, -0.035);Ground_Mountain_1_3:(0.028, 0.999, -0.035);Ground_Mountain_1_3:(0.028, 0.999, -0.035);Ground_Mountain_1_3:(0.028, 0.999, -0.035);Ground_Mountain_1_3:(0.028, 0.999, -0.035);"
1.780,560.510,997.592,162.117,110.732,23.905,16.900,-1.048,-16.875,0.053,0.000,0.011,4,9.569,0.364,0.999,"Ground_Mountain_1_3:(0.028, 0.999, -0.023);Ground_Mountain_1_3:(0.028, 0.999, -0.023);Ground_Mountain_1_3:(0.028, 0.999, -0.023);Ground_Mountain_1_3:(0.028, 0.999, -0.023);Ground_Mountain_1_3:(0.028, 0.999, -0.023);Ground_Mountain_1_3:(0.028, 0.999, -0.023);"
1.800,560.032,997.910,162.129,110.419,23.170,16.256,0.631,-16.504,0.048,0.000,0.011,4,10.092,0.444,1.000,"Ground_Mountain_1_3:(0.015, 1.000, -0.024);Ground_Mountain_1_3:(0.015, 1.000, -0.024);Ground_Mountain_1_3:(0.015, 1.000, -0.024);Ground_Mountain_1_3:(0.015, 1.000, -0.024);Ground_Mountain_1_3:(-0.258, 0.966, 0.021);Ground_Mountain_1_3:(0.015, 1.000, -0.024);"
1.820,559.587,998.229,162.147,110.105,23.216,16.265,0.764,-16.576,0.415,0.000,0.008,4,14.541,20.618,0.996,"Ground_Mountain_1_3:(0.018, 1.000, -0.012);Ground_Mountain_1_3:(0.018, 1.000, -0.012);Ground_Mountain_1_3:(-0.258, 0.966, 0.021);Ground_Mountain_1_3:(0.018, 1.000, -0.012);Ground_Mountain_1_3:(-0.021, 0.966, 0.258);Ground_Mountain_1_3:(0.018, 1.000, -0.012);"
1.840,559.093,998.544,162.250,109.815,22.310,15.436,3.836,-15.784,0.392,0.000,0.005,4,18.661,17.115,0.988,"Ground_Mountain_1_3:(-0.258, 0.966, 0.021);Ground_Mountain_1_3:(-0.258, 0.966, 0.021);Ground_Mountain_1_3:(-0.258, 0.966, 0.021);Ground_Mountain_1_3:(-0.258, 0.966, 0.021);Ground_Mountain_1_3:(-0.010, 0.996, 0.088);Ground_Mountain_1_3:(-0.010, 0.996, 0.088);Ground_Mountain_1_3:(0.016, 1.000, -0.022);Ground_Mountain_1_3:(0.016, 1.000, -0.022);Ground_Mountain_1_3:(0.016, 1.000, -0.022);Ground_Mountain_1_3:(0.016, 1.000, -0.022);Ground_Mountain_1_3:(0.016, 1.000, -0.022);Ground_Mountain_1_3:(0.016, 1.000, -0.022);"
1.860,558.658,998.857,162.369,109.526,22.375,15.389,3.993,-15.897,0.845,0.000,0.009,3,3.969,21.861,0.973,"Ground_Mountain_1_3:(-0.258, 0.966, 0.021);Ground_Mountain_1_3:(-0.258, 0.966, 0.021);Ground_Mountain_1_3:(-0.258, 0.966, 0.021);Ground_Mountain_1_3:(-0.258, 0.966, 0.021);Ground_Mountain_1_3:(0.042, 0.988, 0.150);Ground_Mountain_1_3:(0.042, 0.988, 0.150);Ground_Mountain_1_3:(0.005, 1.000, -0.022);Ground_Mountain_1_3:(0.005, 1.000, -0.022);Ground_Mountain_1_3:(0.005, 1.000, -0.022);Ground_Mountain_1_3:(0.005, 1.000, -0.022);Ground_Mountain_1_3:(0.005, 1.000, -0.022);Ground_Mountain_1_3:(0.005, 1.000, -0.022);"
1.880,558.225,999.135,162.522,109.222,21.874,14.688,5.636,-15.666,0.812,0.000,0.011,2,1.772,19.834,0.972,"Ground_Mountain_2_3:(-0.352, 0.904, 0.241);Ground_Mountain_2_3:(-0.352, 0.904, 0.241);Ground_Mountain_2_3:(-0.352, 0.904, 0.241);Ground_Mountain_2_3:(-0.243, 0.904, 0.351);Ground_Mountain_2_3:(-0.243, 0.904, 0.351);Ground_Mountain_1_3:(-0.258, 0.966, 0.021);Ground_Mountain_1_3:(-0.258, 0.966, 0.021);Ground_Mountain_1_3:(-0.258, 0.966, 0.021);Ground_Mountain_1_3:(0.103, 0.973, 0.206);Ground_Mountain_1_3:(0.103, 0.973, 0.206);Ground_Mountain_1_3:(0.103, 0.973, 0.206);Ground_Mountain_1_3:(0.005, 1.000, -0.011);Ground_Mountain_1_3:(0.005, 1.000, -0.011);Ground_Mountain_1_3:(0.005, 1.000, -0.011);Ground_Mountain_1_3:(0.005, 1.000, -0.011);Ground_Mountain_1_3:(0.005, 1.000, -0.011);Ground_Mountain_1_3:(0.005, 1.000, -0.011);"
1.900,557.803,999.420,162.634,108.909,21.851,14.628,5.575,-15.623,1.000,0.000,0.009,1,0.000,0.844,0.975,"Ground_Mountain_1_3:(-0.258, 0.966, 0.021);Ground_Mountain_1_3:(-0.258, 0.966, 0.021);Ground_Mountain_1_3:(0.108, 0.972, 0.211);Ground_Mountain_1_3:(0.108, 0.972, 0.211);Ground_Mountain_1_3:(0.108, 0.972, 0.211);Ground_Mountain_1_3:(-0.241, 0.904, 0.354);Ground_Mountain_1_3:(-0.022, 0.999, -0.028);Ground_Mountain_1_3:(-0.022, 0.999, -0.028);Ground_Mountain_2_3:(-0.352, 0.904, 0.241);Ground_Mountain_2_3:(-0.352, 0.904, 0.241);Ground_Mountain_2_3:(-0.352, 0.904, 0.241);"
1.920,557.126,999.683,162.774,108.622,21.230,13.797,7.105,-14.939,1.000,0.000,0.009,1,0.000,1.243,0.967,"Ground_Mountain_1_3:(-0.241, 0.904, 0.354);Ground_Mountain_1_3:(-0.241, 0.904, 0.354);Ground_Mountain_1_3:(-0.241, 0.904, 0.354);Ground_Mountain_1_3:(-0.258, 0.966, 0.021);Ground_Mountain_1_3:(-0.021, 0.966, 0.258);Ground_Mountain_1_3:(-0.021, 0.966, 0.258);Ground_Mountain_1_3:(-0.021, 0.966, 0.258);Ground_Mountain_1_3:(-0.021, 0.966, 0.258);Ground_Mountain_1_3:(-0.022, 0.999, -0.028);Ground_Mountain_1_3:(-0.022, 0.999, -0.028);Ground_Mountain_2_3:(-0.352, 0.904, 0.241);Ground_Mountain_2_3:(-0.352, 0.904, 0.241);Ground_Mountain_2_3:(-0.352, 0.904, 0.241);Ground_Mountain_2_3:(-0.352, 0.904, 0.241);Ground_Mountain_2_3:(-0.332, 0.851, 0.408);Ground_Mountain_2_3:(-0.332, 0.851, 0.408);Ground_Mountain_2_3:(-0.332, 0.851, 0.408);Ground_Mountain_2_3:(-0.406, 0.851, 0.333);Ground_Mountain_2_3:(-0.406, 0.851, 0.333);Ground_Mountain_2_3:(-0.406, 0.851, 0.333);"
1.940,556.714,999.927,162.936,108.359,20.458,12.851,8.340,-13.998,1.000,0.000,0.002,1,0.000,4.267,0.950,"Ground_Mountain_1_3:(-0.011, 0.966, 0.257);Ground_Mountain_1_3:(-0.011, 0.966, 0.257);Ground_Mountain_1_3:(-0.011, 0.966, 0.257);Ground_Mountain_1_3:(-0.011, 0.966, 0.257);Ground_Mountain_1_3:(-0.241, 0.904, 0.354);Ground_Mountain_1_3:(-0.258, 0.966, 0.021);Ground_Mountain_1_3:(-0.258, 0.966, 0.021);Ground_Mountain_2_3:(-0.352, 0.904, 0.241);Ground_Mountain_2_3:(-0.352, 0.904, 0.241);Ground_Mountain_2_3:(-0.352, 0.904, 0.241);Ground_Mountain_2_3:(-0.352, 0.904, 0.241);Ground_Mountain_2_3:(-0.332, 0.851, 0.408);Ground_Mountain_2_3:(-0.332, 0.851, 0.408);Ground_Mountain_2_3:(-0.332, 0.851, 0.408);Ground_Mountain_2_3:(-0.406, 0.851, 0.333);Ground_Mountain_2_3:(-0.406, 0.851, 0.333);Ground_Mountain_2_3:(-0.406, 0.851, 0.333);Ground_Mountain_2_3:(-0.243, 0.904, 0.351);Ground_Mountain_2_3:(-0.243, 0.904, 0.351);"
1.960,556.320,1000.167,163.106,108.101,20.410,12.519,8.826,-13.724,1.000,0.000,-0.013,1,0.000,5.321,0.927,"Ground_Mountain_1_3:(-0.019, 0.961, 0.276);Ground_Mountain_1_3:(-0.258, 0.966, 0.021);Ground_Mountain_1_3:(-0.019, 0.961, 0.276);Ground_Mountain_1_3:(-0.019, 0.961, 0.276);Ground_Mountain_1_3:(-0.019, 0.961, 0.276);Ground_Mountain_1_3:(-0.241, 0.904, 0.354);Ground_Mountain_2_3:(-0.332, 0.851, 0.408);Ground_Mountain_2_3:(-0.332, 0.851, 0.408);Ground_Mountain_2_3:(-0.332, 0.851, 0.408);Ground_Mountain_2_3:(-0.332, 0.851, 0.408);Ground_Mountain_2_3:(-0.352, 0.904, 0.241);Ground_Mountain_2_3:(-0.352, 0.904, 0.241);Ground_Mountain_2_3:(-0.352, 0.904, 0.241);Ground_Mountain_2_3:(-0.406, 0.851, 0.333);Ground_Mountain_2_3:(-0.406, 0.851, 0.333);Ground_Mountain_2_3:(-0.406, 0.851, 0.333);Ground_Mountain_2_3:(-0.406, 0.851, 0.333);"
1.980,555.930,1000.408,163.271,107.843,20.457,12.514,8.627,-13.718,1.000,0.000,-0.032,1,0.000,5.499,0.899,"Ground_Mountain_1_3:(-0.021, 0.966, 0.258);Ground_Mountain_1_3:(-0.021, 0.966, 0.258);Ground_Mountain_1_3:(-0.021, 0.966, 0.258);Ground_Mountain_1_3:(-0.258, 0.966, 0.021);Ground_Mountain_2_3:(-0.332, 0.851, 0.408);Ground_Mountain_2_3:(-0.332, 0.851, 0.408);Ground_Mountain_2_3:(-0.332, 0.851, 0.408);Ground_Mountain_2_3:(-0.406, 0.851, 0.333);Ground_Mountain_2_3:(-0.406, 0.851, 0.333);Ground_Mountain_2_3:(-0.352, 0.904, 0.241);Ground_Mountain_2_3:(-0.352, 0.904, 0.241);Ground_Mountain_2_3:(-0.352, 0.904, 0.241);"
2.000,555.422,1000.650,163.431,107.583,20.370,12.509,8.427,-13.713,1.000,0.000,-0.054,1,0.000,5.624,0.868,"Ground_Mountain_1_3:(-0.258, 0.966, 0.021);Ground_Mountain_1_3:(-0.083, 0.899, 0.429);Ground_Mountain_2_3:(-0.332, 0.851, 0.408);Ground_Mountain_2_3:(-0.332, 0.851, 0.408);Ground_Mountain_2_3:(-0.332, 0.851, 0.408);Ground_Mountain_2_3:(-0.406, 0.851, 0.333);Ground_Mountain_2_3:(-0.406, 0.851, 0.333);Ground_Mountain_2_3:(-0.352, 0.904, 0.241);Ground_Mountain_2_3:(-0.352, 0.904, 0.241);Ground_Mountain_2_3:(-0.352, 0.904, 0.241);"
2.020,555.037,1000.894,163.597,107.320,20.418,12.518,8.662,-13.700,1.000,0.000,-0.078,2,8.344,22.957,0.843,"Ground_Mountain_1_3:(-0.114, 0.868, 0.483);Ground_Mountain_2_3:(-0.415, 0.820, 0.393);Ground_Mountain_2_3:(-0.415, 0.820, 0.393);Ground_Mountain_2_3:(-0.415, 0.820, 0.393);Ground_Mountain_2_3:(-0.332, 0.851, 0.408);Ground_Mountain_2_3:(-0.332, 0.851, 0.408);Ground_Mountain_2_3:(-0.332, 0.851, 0.408);Ground_Mountain_2_3:(-0.332, 0.851, 0.408);Ground_Mountain_2_3:(-0.332, 0.851, 0.408);Ground_Mountain_2_3:(-0.352, 0.904, 0.241);Ground_Mountain_2_3:(-0.352, 0.904, 0.241);Ground_Mountain_2_3:(-0.352, 0.904, 0.241);Ground_Mountain_2_3:(-0.406, 0.851, 0.333);Ground_Mountain_2_3:(-0.406, 0.851, 0.333);Ground_Mountain_2_3:(-0.406, 0.851, 0.333);Ground_Mountain_2_3:(-0.406, 0.851, 0.333);Ground_Mountain_2_3:(-0.406, 0.851, 0.333);"
2.040,554.644,1001.140,163.766,107.053,20.446,12.579,8.771,-13.734,1.000,0.000,-0.099,2,11.513,16.477,0.821,"Ground_Mountain_2_3:(-0.409, 0.820, 0.400);Ground_Mountain_2_3:(-0.409, 0.820, 0.400);Ground_Mountain_2_3:(-0.409, 0.820, 0.400);Ground_Mountain_2_3:(-0.409, 0.820, 0.400);Ground_Mountain_2_3:(-0.332, 0.851, 0.408);Ground_Mountain_2_3:(-0.332, 0.851, 0.408);Ground_Mountain_2_3:(-0.332, 0.851, 0.408);Ground_Mountain_2_3:(-0.332, 0.851, 0.408);Ground_Mountain_2_3:(-0.332, 0.851, 0.408);Ground_Mountain_2_3:(-0.352, 0.904, 0.241);Ground_Mountain_2_3:(-0.352, 0.904, 0.241);Ground_Mountain_2_3:(-0.352, 0.904, 0.241);Ground_Mountain_2_3:(-0.406, 0.851, 0.333);Ground_Mountain_2_3:(-0.406, 0.851, 0.333);Ground_Mountain_2_3:(-0.406, 0.851, 0.333);"
2.060,554.248,1001.387,163.940,106.785,20.459,12.630,8.949,-13.705,1.000,0.000,-0.118,2,15.812,14.168,0.803,"Ground_Mountain_2_3:(-0.409, 0.820, 0.400);Ground_Mountain_2_3:(-0.409, 0.820, 0.400);Ground_Mountain_2_3:(-0.409, 0.820, 0.400);Ground_Mountain_2_3:(-0.409, 0.820, 0.400);Ground_Mountain_2_3:(-0.332, 0.851, 0.408);Ground_Mountain_2_3:(-0.332, 0.851, 0.408);Ground_Mountain_2_3:(-0.332, 0.851, 0.408);Ground_Mountain_2_3:(-0.332, 0.851, 0.408);Ground_Mountain_2_3:(-0.332, 0.851, 0.408);Ground_Mountain_2_3:(-0.352, 0.904, 0.241);Ground_Mountain_2_3:(-0.352, 0.904, 0.241);Ground_Mountain_2_3:(-0.352, 0.904, 0.241);Ground_Mountain_2_3:(-0.406, 0.851, 0.333);Ground_Mountain_2_3:(-0.406, 0.851, 0.333);Ground_Mountain_2_3:(-0.406, 0.851, 0.333);"
2.080,553.847,1001.633,164.136,106.520,20.412,12.279,9.747,-13.209,1.000,0.000,-0.134,2,17.712,11.998,0.805,"Ground_Mountain_2_3:(-0.332, 0.851, 0.408);Ground_Mountain_2_3:(-0.332, 0.851, 0.408);Ground_Mountain_2_3:(-0.332, 0.851, 0.408);Ground_Mountain_2_3:(-0.332, 0.851, 0.408);Ground_Mountain_2_3:(-0.407, 0.820, 0.402);Ground_Mountain_2_3:(-0.407, 0.820, 0.402);Ground_Mountain_2_3:(-0.407, 0.820, 0.402);Ground_Mountain_2_3:(-0.407, 0.820, 0.402);Ground_Mountain_2_3:(-0.407, 0.820, 0.402);Ground_Mountain_2_3:(-0.407, 0.820, 0.402);Ground_Mountain_2_3:(-0.422, 0.834, 0.354);Ground_Mountain_2_3:(-0.422, 0.834, 0.354);Ground_Mountain_2_3:(-0.422, 0.834, 0.354);Ground_Mountain_2_3:(-0.422, 0.834, 0.354);Ground_Mountain_2_3:(-0.422, 0.834, 0.354);"
2.100,553.437,1001.875,164.341,106.257,20.500,12.183,10.183,-13.029,1.000,0.000,-0.139,2,16.131,5.526,0.810,"Ground_Mountain_2_3:(-0.400, 0.823, 0.404);Ground_Mountain_2_3:(-0.400, 0.823, 0.404);Ground_Mountain_2_3:(-0.400, 0.823, 0.404);Ground_Mountain_2_3:(-0.400, 0.823, 0.404);Ground_Mountain_2_3:(-0.400, 0.823, 0.404);Ground_Mountain_2_3:(-0.400, 0.823, 0.404);Ground_Mountain_2_3:(-0.422, 0.834, 0.354);Ground_Mountain_2_3:(-0.422, 0.834, 0.354);Ground_Mountain_2_3:(-0.422, 0.834, 0.354);Ground_Mountain_2_3:(-0.422, 0.834, 0.354);Ground_Mountain_2_3:(-0.332, 0.851, 0.408);Ground_Mountain_2_3:(-0.332, 0.851, 0.408);Ground_Mountain_2_3:(-0.332, 0.851, 0.408);Ground_Mountain_2_3:(-0.332, 0.851, 0.408);"
2.120,553.015,1002.112,164.556,105.997,20.536,12.025,10.652,-12.808,1.000,0.000,-0.137,2,13.140,3.172,0.817,"Ground_Mountain_2_3:(-0.422, 0.834, 0.354);Ground_Mountain_2_3:(-0.422, 0.834, 0.354);Ground_Mountain_2_3:(-0.422, 0.834, 0.354);Ground_Mountain_2_3:(-0.422, 0.834, 0.354);Ground_Mountain_2_3:(-0.422, 0.834, 0.354);Ground_Mountain_2_3:(-0.422, 0.834, 0.354);Ground_Mountain_2_3:(-0.389, 0.825, 0.410);Ground_Mountain_2_3:(-0.389, 0.825, 0.410);Ground_Mountain_2_3:(-0.389, 0.825, 0.410);Ground_Mountain_2_3:(-0.389, 0.825, 0.410);Ground_Mountain_2_3:(-0.389, 0.825, 0.410);Ground_Mountain_2_3:(-0.389, 0.825, 0.410);Ground_Mountain_2_3:(-0.332, 0.851, 0.408);Ground_Mountain_2_3:(-0.332, 0.851, 0.408);Ground_Mountain_2_3:(-0.332, 0.851, 0.408);Ground_Mountain_2_3:(-0.332, 0.851, 0.408);"
2.140,552.604,1002.349,164.773,105.737,20.635,12.074,10.793,-12.796,1.000,0.000,-0.131,3,13.063,2.206,0.822,"Ground_Mountain_2_3:(-0.403, 0.828, 0.391);Ground_Mountain_2_3:(-0.403, 0.828, 0.391);Ground_Mountain_2_3:(-0.403, 0.828, 0.391);Ground_Mountain_2_3:(-0.403, 0.828, 0.391);Ground_Mountain_2_3:(-0.403, 0.828, 0.391);Ground_Mountain_2_3:(-0.403, 0.828, 0.391);Ground_Mountain_2_3:(-0.332, 0.851, 0.408);Ground_Mountain_2_3:(-0.332, 0.851, 0.408);Ground_Mountain_2_3:(-0.332, 0.851, 0.408);Ground_Mountain_2_3:(-0.406, 0.851, 0.333);Ground_Mountain_2_3:(-0.406, 0.851, 0.333);Ground_Mountain_2_3:(-0.406, 0.851, 0.333);"
2.160,552.191,1002.562,165.005,105.479,20.716,12.135,10.958,-12.757,1.000,0.000,-0.123,4,14.865,2.128,0.817,"Ground_Mountain_2_3:(-0.403, 0.828, 0.391);Ground_Mountain_2_3:(-0.403, 0.828, 0.391);Ground_Mountain_2_3:(-0.403, 0.828, 0.391);Ground_Mountain_2_3:(-0.403, 0.828, 0.391);Ground_Mountain_2_3:(-0.403, 0.828, 0.391);Ground_Mountain_2_3:(-0.403, 0.828, 0.391);Ground_Mountain_2_3:(-0.332, 0.851, 0.408);Ground_Mountain_2_3:(-0.332, 0.851, 0.408);Ground_Mountain_2_3:(-0.332, 0.851, 0.408);Ground_Mountain_2_3:(-0.406, 0.851, 0.333);Ground_Mountain_2_3:(-0.406, 0.851, 0.333);Ground_Mountain_2_3:(-0.406, 0.851, 0.333);Ground_Mountain_2_3:(-0.267, 0.887, 0.377);"
2.180,551.786,1002.801,165.229,105.222,20.812,12.157,11.189,-12.675,1.000,0.000,-0.087,4,19.071,3.440,0.819,"Ground_Mountain_2_3:(-0.403, 0.828, 0.391);Ground_Mountain_2_3:(-0.403, 0.828, 0.391);Ground_Mountain_2_3:(-0.403, 0.828, 0.391);Ground_Mountain_2_3:(-0.403, 0.828, 0.391);Ground_Mountain_2_3:(-0.403, 0.828, 0.391);Ground_Mountain_2_3:(-0.403, 0.828, 0.391);"
2.200,551.369,1003.025,165.482,105.005,20.860,12.087,11.621,-12.491,1.000,0.000,-0.072,4,17.894,3.437,0.781,"Ground_Mountain_2_3:(-0.403, 0.828, 0.391);Ground_Mountain_2_3:(-0.403, 0.828, 0.391);Ground_Mountain_2_3:(-0.403, 0.828, 0.391);Ground_Mountain_2_3:(-0.403, 0.828, 0.391);Ground_Mountain_2_3:(-0.403, 0.828, 0.391);Ground_Mountain_2_3:(-0.403, 0.828, 0.391);Ground_Mountain_2_3:(-0.371, 0.888, 0.271);Ground_Mountain_2_3:(-0.371, 0.888, 0.271);Ground_Mountain_2_3:(-0.371, 0.888, 0.271);Ground_Mountain_2_3:(-0.307, 0.819, 0.485);Ground_Mountain_2_3:(-0.307, 0.819, 0.485);Ground_Mountain_2_3:(-0.307, 0.819, 0.485);"
2.220,550.970,1003.236,165.768,104.805,20.868,11.959,12.148,-12.170,1.000,0.000,-0.127,3,15.049,6.166,0.745,"Ground_Mountain_2_3:(-0.380, 0.833, 0.403);Ground_Mountain_2_3:(-0.380, 0.833, 0.403);Ground_Mountain_2_3:(-0.380, 0.833, 0.403);Ground_Mountain_2_3:(-0.380, 0.833, 0.403);Ground_Mountain_2_3:(-0.380, 0.833, 0.403);Ground_Mountain_2_3:(-0.380, 0.833, 0.403);Ground_Mountain_2_3:(-0.267, 0.887, 0.377);Ground_Mountain_2_3:(-0.267, 0.887, 0.377);Ground_Mountain_2_3:(-0.267, 0.887, 0.377);Ground_Mountain_2_3:(-0.371, 0.888, 0.271);Ground_Mountain_2_3:(-0.371, 0.888, 0.271);Ground_Mountain_2_3:(-0.371, 0.888, 0.271);"
2.240,550.645,1003.462,166.025,104.555,20.969,12.034,12.210,-12.160,1.000,0.000,-0.195,3,10.258,13.140,0.762,"Ground_Mountain_2_3:(-0.422, 0.834, 0.354);Ground_Mountain_2_3:(-0.422, 0.834, 0.354);Ground_Mountain_2_3:(-0.422, 0.834, 0.354);Ground_Mountain_2_3:(-0.422, 0.834, 0.354);Ground_Mountain_2_3:(-0.267, 0.887, 0.377);Ground_Mountain_2_3:(-0.267, 0.887, 0.377);Ground_Mountain_2_3:(-0.267, 0.887, 0.377);Ground_Mountain_2_3:(-0.267, 0.887, 0.377);Ground_Mountain_2_3:(-0.348, 0.834, 0.428);Ground_Mountain_2_3:(-0.348, 0.834, 0.428);Ground_Mountain_2_3:(-0.348, 0.834, 0.428);Ground_Mountain_2_3:(-0.348, 0.834, 0.428);Ground_Mountain_2_3:(-0.286, 0.950, 0.123);Ground_Mountain_2_3:(-0.286, 0.950, 0.123);Ground_Mountain_2_3:(-0.286, 0.950, 0.123);Ground_Mountain_2_3:(-0.119, 0.950, 0.290);Ground_Mountain_2_3:(-0.119, 0.950, 0.290);Ground_Mountain_2_3:(-0.119, 0.950, 0.290);Ground_Mountain_2_3:(-0.371, 0.888, 0.271);Ground_Mountain_2_3:(-0.371, 0.888, 0.271);Ground_Mountain_2_3:(-0.371, 0.888, 0.271);"
2.260,550.227,1003.701,166.276,104.300,21.082,12.152,12.197,-12.199,1.000,0.000,-0.144,2,4.734,12.918,0.785,"Ground_Mountain_2_3:(-0.422, 0.834, 0.354);Ground_Mountain_2_3:(-0.422, 0.834, 0.354);Ground_Mountain_2_3:(-0.422, 0.834, 0.354);Ground_Mountain_2_3:(-0.422, 0.834, 0.354);Ground_Mountain_2_3:(-0.267, 0.887, 0.377);Ground_Mountain_2_3:(-0.267, 0.887, 0.377);Ground_Mountain_2_3:(-0.267, 0.887, 0.377);Ground_Mountain_2_3:(-0.371, 0.888, 0.271);Ground_Mountain_2_3:(-0.348, 0.834, 0.428);Ground_Mountain_2_3:(-0.348, 0.834, 0.428);Ground_Mountain_2_3:(-0.348, 0.834, 0.428);Ground_Mountain_2_3:(-0.348, 0.834, 0.428);Ground_Mountain_2_3:(-0.286, 0.950, 0.123);Ground_Mountain_2_3:(-0.286, 0.950, 0.123);Ground_Mountain_2_3:(-0.119, 0.950, 0.290);"
2.280,549.801,1003.943,166.524,104.043,21.182,12.298,12.148,-12.253,1.000,0.000,-0.090,2,2.285,12.500,0.804,"Ground_Mountain_2_3:(-0.422, 0.834, 0.354);Ground_Mountain_2_3:(-0.422, 0.834, 0.354);Ground_Mountain_2_3:(-0.422, 0.834, 0.354);Ground_Mountain_2_3:(-0.422, 0.834, 0.354);Ground_Mountain_2_3:(-0.342, 0.785, 0.517);Ground_Mountain_2_3:(-0.342, 0.785, 0.517);Ground_Mountain_2_3:(-0.342, 0.785, 0.517);Ground_Mountain_2_3:(-0.371, 0.888, 0.271);Ground_Mountain_2_3:(-0.348, 0.834, 0.428);Ground_Mountain_2_3:(-0.348, 0.834, 0.428);Ground_Mountain_2_3:(-0.348, 0.834, 0.428);Ground_Mountain_2_3:(-0.348, 0.834, 0.428);Ground_Mountain_2_3:(-0.286, 0.950, 0.123);Ground_Mountain_2_3:(-0.286, 0.950, 0.123);Ground_Mountain_2_3:(-0.119, 0.950, 0.290);"
2.300,549.373,1004.185,166.768,103.787,21.062,12.293,11.947,-12.248,1.000,0.000,-0.039,1,0.000,1.372,0.822,"Ground_Mountain_2_3:(-0.423, 0.834, 0.354);Ground_Mountain_2_3:(-0.423, 0.834, 0.354);Ground_Mountain_2_3:(-0.423, 0.834, 0.354);Ground_Mountain_2_3:(-0.423, 0.834, 0.354);Ground_Mountain_2_3:(-0.354, 0.809, 0.469);Ground_Mountain_2_3:(-0.371, 0.888, 0.271);Ground_Mountain_2_3:(-0.354, 0.809, 0.469);Ground_Mountain_2_3:(-0.354, 0.809, 0.469);Ground_Mountain_2_3:(-0.354, 0.809, 0.469);Ground_Mountain_2_3:(-0.371, 0.888, 0.271);Ground_Mountain_2_3:(-0.286, 0.950, 0.123);Ground_Mountain_2_3:(-0.286, 0.950, 0.123);Ground_Mountain_2_3:(-0.119, 0.950, 0.290);"
2.320,548.948,1004.428,167.008,103.530,20.933,12.289,11.746,-12.244,1.000,0.000,0.011,0,0.000,1.417,0.838,"Ground_Mountain_2_3:(-0.367, 0.822, 0.436);Ground_Mountain_2_3:(-0.367, 0.822, 0.436);Ground_Mountain_2_3:(-0.367, 0.822, 0.436);Ground_Mountain_2_3:(-0.367, 0.822, 0.436);Ground_Mountain_2_3:(-0.367, 0.822, 0.436);Ground_Mountain_2_3:(-0.367, 0.822, 0.436);Ground_Mountain_2_3:(-0.286, 0.950, 0.123);Ground_Mountain_2_3:(-0.119, 0.950, 0.290);"
2.340,548.650,1004.672,167.243,103.273,20.795,12.284,11.545,-12.239,1.000,0.000,0.059,0,0.000,1.470,0.853,"Ground_Mountain_2_3:(-0.286, 0.950, 0.123);Ground_Mountain_2_3:(-0.119, 0.950, 0.290);Ground_Mountain_2_3:(-0.378, 0.838, 0.394);Ground_Mountain_2_3:(-0.378, 0.838, 0.394);Ground_Mountain_2_3:(-0.378, 0.838, 0.394);Ground_Mountain_2_3:(-0.378, 0.838, 0.394);Ground_Mountain_2_3:(-0.378, 0.838, 0.394);"
2.360,548.458,1004.915,167.473,103.017,20.648,12.279,11.345,-12.234,1.000,0.000,0.107,0,0.000,1.529,0.866,"Ground_Mountain_2_3:(-0.386, 0.853, 0.351);"
2.380,548.076,1005.159,167.700,102.760,20.491,12.274,11.144,-12.229,1.000,0.000,0.150,0,0.000,1.592,0.878,""
2.400,547.694,1005.404,167.921,102.504,20.325,12.269,10.943,-12.224,1.000,0.000,0.190,0,0.000,1.660,0.889,""
2.420,547.313,1005.649,168.139,102.247,20.150,12.264,10.743,-12.219,1.000,0.000,0.226,0,0.000,1.730,0.898,""
2.440,546.932,1005.894,168.352,101.991,19.965,12.259,10.543,-12.214,1.000,0.000,0.257,0,0.000,1.802,0.905,""
2.460,546.618,1006.139,168.560,101.735,19.770,12.254,10.342,-12.209,1.000,0.000,0.287,0,0.000,1.875,0.911,""
2.480,546.618,1006.385,168.765,101.479,19.566,12.249,10.142,-12.204,1.000,0.000,0.321,0,0.000,1.947,0.916,""
2.500,546.618,1006.632,168.964,101.224,19.353,12.244,9.942,-12.200,1.000,0.000,0.354,0,0.000,2.018,0.920,""
2.520,546.339,1006.878,169.160,100.969,19.130,12.239,9.742,-12.195,1.000,0.000,0.376,0,0.000,2.088,0.922,""
2.540,546.036,1007.125,169.351,100.714,18.899,12.235,9.542,-12.190,1.000,0.000,0.394,0,0.000,2.155,0.924,""
2.560,545.732,1007.373,169.538,100.460,18.658,12.230,9.342,-12.185,1.000,0.000,0.410,0,0.000,2.220,0.924,""
2.580,545.428,1007.620,169.721,100.206,18.410,12.225,9.142,-12.180,1.000,0.000,0.424,0,0.000,2.282,0.924,""
2.600,545.122,1007.868,169.899,99.952,18.153,12.220,8.942,-12.175,1.000,0.000,0.436,0,0.000,2.340,0.922,""
2.620,544.816,1008.116,170.073,99.699,17.888,12.215,8.742,-12.170,1.000,0.000,0.446,0,0.000,2.395,0.920,""
2.640,544.533,1008.364,170.243,99.447,17.616,12.210,8.543,-12.165,1.000,0.000,0.456,0,0.000,2.446,0.917,""
2.660,544.533,1008.613,170.409,99.195,17.336,12.205,8.343,-12.161,1.000,0.000,0.478,0,0.000,2.492,0.913,""
2.680,544.331,1008.862,170.571,98.944,17.050,12.200,8.144,-12.156,1.000,0.000,0.490,0,0.000,2.535,0.909,""
2.700,544.045,1009.110,170.729,98.693,16.756,12.195,7.944,-12.151,1.000,0.000,0.497,0,0.000,2.573,0.905,""
2.720,543.758,1009.359,170.882,98.442,16.457,12.191,7.745,-12.146,1.000,0.000,0.503,0,0.000,2.607,0.900,""
2.740,543.469,1009.608,171.032,98.193,16.152,12.186,7.546,-12.141,1.000,0.000,0.509,0,0.000,2.636,0.894,""
2.760,543.180,1009.857,171.177,97.943,15.841,12.181,7.347,-12.136,1.000,0.000,0.514,0,0.000,2.661,0.889,""
2.780,542.890,1010.107,171.318,97.695,15.526,12.176,7.148,-12.131,1.000,0.000,0.519,0,0.000,2.682,0.883,""
2.800,542.599,1010.356,171.456,97.447,15.205,12.171,6.949,-12.127,1.000,0.000,0.523,0,0.000,2.698,0.878,""
2.820,542.251,1010.605,171.589,97.199,14.881,12.166,6.750,-12.122,1.000,0.000,0.524,0,0.000,2.710,0.872,""
2.840,541.956,1010.854,171.719,96.952,14.552,12.161,6.551,-12.117,1.000,0.000,0.527,0,0.000,2.718,0.866,""
2.860,541.660,1011.103,171.844,96.706,14.219,12.156,6.352,-12.112,1.000,0.000,0.531,0,0.000,2.723,0.861,""
2.880,541.363,1011.352,171.966,96.460,13.884,12.152,6.154,-12.107,1.000,0.000,0.534,0,0.000,2.723,0.855,""
2.900,541.066,1011.601,172.083,96.215,13.545,12.147,5.955,-12.102,1.000,0.000,0.536,0,0.000,2.719,0.850,""
2.920,540.768,1011.850,172.197,95.970,13.204,12.142,5.756,-12.097,1.000,0.000,0.539,0,0.000,2.712,0.845,""
2.940,540.469,1012.099,172.307,95.725,12.861,12.137,5.558,-12.093,1.000,0.000,0.541,0,0.000,2.702,0.840,""
2.960,540.093,1012.348,172.413,95.482,12.516,12.132,5.360,-12.088,1.000,0.000,0.539,0,0.000,2.688,0.836,""
2.980,539.790,1012.597,172.515,95.239,12.169,12.127,5.161,-12.083,1.000,0.000,0.541,0,0.000,2.672,0.832,""
3.000,539.487,1012.845,172.613,94.996,11.821,12.122,4.963,-12.078,1.000,0.000,0.543,0,0.000,2.652,0.828,""
3.020,539.183,1013.093,172.707,94.754,11.473,12.118,4.765,-12.073,1.000,0.000,0.545,0,0.000,2.629,0.825,""
3.040,538.879,1013.341,172.798,94.512,11.123,12.113,4.567,-12.068,1.000,0.000,0.547,0,0.000,2.604,0.822,""
3.060,538.573,1013.589,172.885,94.271,10.773,12.108,4.369,-12.064,1.000,0.000,0.549,0,0.000,2.576,0.819,""
3.080,538.268,1013.837,172.967,94.030,10.423,12.103,4.171,-12.059,1.000,0.000,0.551,0,0.000,2.546,0.817,""
3.100,537.850,1014.084,173.046,93.789,10.074,12.098,3.973,-12.054,1.000,0.000,0.548,0,0.000,2.514,0.816,""
3.120,537.541,1014.332,173.122,93.549,9.725,12.093,3.776,-12.049,1.000,0.000,0.549,0,0.000,2.479,0.814,""
3.140,537.231,1014.579,173.193,93.310,9.376,12.089,3.578,-12.044,1.000,0.000,0.551,0,0.000,2.443,0.814,""
3.160,536.920,1014.825,173.261,93.071,9.029,12.084,3.381,-12.040,1.000,0.000,0.553,0,0.000,2.404,0.813,""
3.180,536.609,1015.072,173.324,92.832,8.682,12.079,3.183,-12.035,1.000,0.000,0.555,0,0.000,2.365,0.813,""
3.200,536.297,1015.318,173.384,92.594,8.338,12.074,2.986,-12.030,1.000,0.000,0.557,0,0.000,2.323,0.814,""
3.220,535.985,1015.564,173.440,92.356,7.994,12.069,2.788,-12.025,1.000,0.000,0.559,0,0.000,2.280,0.815,""
3.240,535.560,1015.810,173.492,92.118,7.653,12.064,2.591,-12.020,1.000,0.000,0.557,0,0.000,2.236,0.816,""
3.260,535.245,1016.055,173.541,91.881,7.314,12.060,2.394,-12.015,1.000,0.000,0.560,0,0.000,2.191,0.818,""
3.280,534.929,1016.300,173.585,91.644,6.977,12.055,2.197,-12.011,1.000,0.000,0.563,0,0.000,2.145,0.820,""
3.300,534.613,1016.545,173.626,91.407,6.643,12.050,2.000,-12.006,1.000,0.000,0.566,0,0.000,2.097,0.822,""
3.320,534.296,1016.789,173.663,91.171,6.311,12.045,1.803,-12.001,1.000,0.000,0.570,0,0.000,2.049,0.825,""
3.340,533.979,1017.033,173.696,90.935,5.982,12.040,1.606,-11.996,1.000,0.000,0.574,0,0.000,2.001,0.828,""
3.360,533.551,1017.277,173.725,90.699,5.655,12.035,1.409,-11.991,1.000,0.000,0.574,0,0.000,1.951,0.832,""
3.380,533.232,1017.520,173.750,90.464,5.332,12.031,1.213,-11.987,1.000,0.000,0.579,0,0.000,1.902,0.835,""
3.400,532.911,1017.763,173.772,90.229,5.012,12.026,1.016,-11.982,1.000,0.000,0.584,0,0.000,1.851,0.839,""
3.420,532.590,1018.006,173.789,89.994,4.695,12.021,0.820,-11.977,1.000,0.000,0.585,0,0.000,1.801,0.843,""
3.440,532.269,1018.248,173.803,89.759,4.382,12.016,0.623,-11.972,1.000,0.000,0.586,0,0.000,1.751,0.848,""
3.460,531.947,1018.490,173.813,89.525,4.072,12.011,0.427,-11.967,1.000,0.000,0.587,0,0.000,1.700,0.852,""
3.480,531.624,1018.732,173.818,89.291,3.766,12.007,0.230,-11.963,1.000,0.000,0.589,0,0.000,1.650,0.857,""
3.500,531.174,1018.973,173.820,89.056,3.463,12.002,0.034,-11.958,1.000,0.000,0.586,0,0.000,1.600,0.861,""
3.520,530.849,1019.214,173.819,88.823,3.164,11.997,-0.162,-11.953,1.000,0.000,0.588,0,0.000,1.551,0.866,""
3.540,530.523,1019.455,173.813,88.589,2.869,11.992,-0.358,-11.948,1.000,0.000,0.591,0,0.000,1.502,0.871,""
3.560,530.198,1019.695,173.803,88.355,2.577,11.987,-0.554,-11.944,1.000,0.000,0.595,0,0.000,1.454,0.876,""
3.580,529.871,1019.935,173.790,88.122,2.289,11.983,-0.750,-11.939,1.000,0.000,0.600,0,0.000,1.407,0.881,""
3.600,529.544,1020.174,173.772,87.889,2.005,11.978,-0.946,-11.934,1.000,0.000,0.605,0,0.000,1.362,0.886,""
3.620,529.021,1020.414,173.751,87.655,1.725,11.973,-1.141,-11.929,1.000,0.000,0.602,0,0.000,1.317,0.891,""
3.640,528.691,1020.652,173.725,87.422,1.448,11.968,-1.337,-11.924,1.000,0.000,0.608,0,0.000,1.274,0.896,""
3.660,528.362,1020.891,173.696,87.189,1.175,11.963,-1.533,-11.920,1.000,0.000,0.615,0,0.000,1.232,0.901,""
3.680,528.031,1021.129,173.663,86.956,0.906,11.959,-1.728,-11.915,1.000,0.000,0.623,0,0.000,1.193,0.906,""
3.700,527.700,1021.367,173.626,86.723,0.640,11.954,-1.924,-11.910,1.000,0.000,0.631,0,0.000,1.155,0.911,""
3.720,527.369,1021.604,173.585,86.491,0.378,11.949,-2.119,-11.905,1.000,0.000,0.641,0,0.000,1.120,0.916,""
3.740,526.921,1021.841,173.540,86.258,0.119,11.944,-2.314,-11.901,1.000,0.000,0.645,0,0.000,1.087,0.920,""
3.760,526.588,1022.078,173.491,86.025,-0.137,11.940,-2.509,-11.896,1.000,0.000,0.656,0,0.000,1.057,0.925,""
3.780,526.254,1022.315,173.438,85.792,-0.389,11.935,-2.704,-11.891,1.000,0.000,0.669,0,0.000,1.029,0.929,""
3.800,525.920,1022.551,173.381,85.560,-0.638,11.930,-2.900,-11.886,1.000,0.000,0.687,0,0.000,1.005,0.933,""
3.820,525.585,1022.787,173.320,85.327,-0.884,11.925,-3.094,-11.882,1.000,0.000,0.706,0,0.000,0.983,0.937,""
3.840,525.249,1023.023,173.255,85.094,-1.127,11.920,-3.289,-11.877,1.000,0.000,0.725,0,0.000,0.965,0.941,""
3.860,524.781,1023.258,173.187,84.861,-1.368,11.916,-3.484,-11.872,1.000,0.000,0.737,0,0.000,0.950,0.944,""
3.880,524.444,1023.493,173.114,84.628,-1.606,11.911,-3.679,-11.867,1.000,0.000,0.759,0,0.000,0.938,0.948,""
3.900,524.107,1023.728,173.038,84.395,-1.841,11.906,-3.874,-11.863,1.000,0.000,0.783,0,0.000,0.929,0.951,""
3.920,523.769,1023.962,172.957,84.162,-2.074,11.901,-4.068,-11.858,1.000,0.000,0.806,0,0.000,0.923,0.954,""
3.940,523.430,1024.197,172.873,83.929,-2.304,11.897,-4.263,-11.853,1.000,0.000,0.833,0,0.000,0.919,0.957,""
3.960,523.090,1024.431,172.784,83.696,-2.533,11.892,-4.457,-11.848,1.000,0.000,0.862,0,0.000,0.919,0.959,""
3.980,522.750,1024.665,172.692,83.463,-2.759,11.887,-4.651,-11.844,1.000,0.000,0.892,0,0.000,0.921,0.961,""
4.000,522.249,1024.899,172.595,83.230,-2.984,11.882,-4.846,-11.839,1.000,0.000,0.905,0,0.000,0.925,0.964,""
4.020,521.908,1025.132,172.495,82.996,-3.207,11.878,-5.040,-11.834,1.000,0.000,0.937,0,0.000,0.931,0.965,""
4.040,521.566,1025.366,172.391,82.763,-3.428,11.873,-5.234,-11.829,1.000,0.000,0.969,0,0.000,0.938,0.967,""
4.060,521.224,1025.599,172.283,82.529,-3.648,11.868,-5.428,-11.825,1.000,0.000,1.000,0,0.000,0.948,0.969,""
4.080,520.881,1025.832,172.171,82.296,-3.866,11.863,-5.622,-11.820,1.000,0.000,1.000,0,0.000,0.958,0.970,""
4.100,520.537,1026.065,172.055,82.062,-4.084,11.859,-5.816,-11.815,1.000,0.000,1.000,0,0.000,0.969,0.971,""
4.120,520.037,1026.297,171.935,81.828,-4.300,11.854,-6.010,-11.810,1.000,0.000,1.000,0,0.000,0.981,0.972,""
4.140,519.693,1026.530,171.811,81.594,-4.515,11.849,-6.203,-11.806,1.000,0.000,1.000,0,0.000,0.993,0.973,""
4.160,519.348,1026.763,171.683,81.360,-4.730,11.844,-6.397,-11.801,1.000,0.000,1.000,0,0.000,1.006,0.974,""
4.180,519.003,1026.995,171.552,81.126,-4.943,11.840,-6.590,-11.796,1.000,0.000,1.000,0,0.000,1.018,0.974,""
4.200,518.656,1027.228,171.416,80.891,-5.156,11.835,-6.784,-11.792,1.000,0.000,1.000,0,0.000,1.031,0.975,""
4.220,518.185,1027.460,171.277,80.657,-5.368,11.830,-6.977,-11.787,1.000,0.000,1.000,0,0.000,1.043,0.975,""
4.240,517.839,1027.692,171.133,80.422,-5.580,11.825,-7.171,-11.782,1.000,0.000,1.000,0,0.000,1.054,0.975,""
4.260,517.492,1027.924,170.986,80.188,-5.791,11.821,-7.364,-11.777,1.000,0.000,1.000,0,0.000,1.066,0.975,""
4.280,517.144,1028.156,170.835,79.953,-6.002,11.816,-7.557,-11.773,1.000,0.000,1.000,0,0.000,1.076,0.975,""
4.300,516.796,1028.389,170.680,79.718,-6.212,11.811,-7.750,-11.768,1.000,0.000,1.000,0,0.000,1.086,0.975,""
4.320,516.447,1028.621,170.521,79.483,-6.422,11.807,-7.943,-11.763,1.000,0.000,1.000,0,0.000,1.095,0.975,""
4.340,515.950,1028.853,170.358,79.248,-6.632,11.802,-8.136,-11.759,1.000,0.000,1.000,0,0.000,1.103,0.975,""
4.360,515.601,1029.085,170.191,79.013,-6.842,11.797,-8.329,-11.754,1.000,0.000,1.000,0,0.000,1.110,0.974,""
4.380,515.252,1029.317,170.021,78.778,-7.051,11.792,-8.522,-11.749,1.000,0.000,0.940,0,0.000,1.116,0.974,""
4.400,514.903,1029.549,169.846,78.543,-7.260,11.788,-8.715,-11.745,1.000,0.000,0.870,0,0.000,1.121,0.974,""
4.420,514.553,1029.781,169.668,78.307,-7.469,11.783,-8.907,-11.740,1.000,0.000,0.795,0,0.000,1.125,0.973,""
4.440,514.202,1030.013,169.486,78.072,-7.677,11.778,-9.100,-11.735,1.000,0.000,0.717,0,0.000,1.128,0.973,""
4.460,513.834,1030.245,169.300,77.837,-7.885,11.774,-9.292,-11.730,1.000,0.000,0.636,0,0.000,1.130,0.972,""
4.480,513.484,1030.477,169.110,77.601,-8.093,11.769,-9.485,-11.726,1.000,0.000,0.559,0,0.000,1.130,0.972,""
4.500,513.132,1030.709,168.917,77.366,-8.301,11.764,-9.677,-11.721,1.000,0.000,0.485,0,0.000,1.130,0.971,""
4.520,512.780,1030.941,168.719,77.130,-8.508,11.759,-9.869,-11.716,1.000,0.000,0.415,0,0.000,1.128,0.971,""
4.540,512.427,1031.174,168.518,76.895,-8.715,11.755,-10.061,-11.712,1.000,0.000,0.350,0,0.000,1.126,0.971,""
4.560,512.074,1031.406,168.313,76.659,-8.921,11.750,-10.254,-11.707,1.000,0.000,0.291,0,0.000,1.122,0.970,""
4.580,511.721,1031.638,168.104,76.423,-9.127,11.745,-10.446,-11.702,1.000,0.000,0.237,0,0.000,1.118,0.970,""
4.600,511.402,1031.870,167.891,76.188,-9.333,11.741,-10.637,-11.698,1.000,0.000,0.186,0,0.000,1.112,0.969,""
4.620,511.048,1032.103,167.674,75.952,-9.538,11.736,-10.829,-11.693,1.000,0.000,0.143,0,0.000,1.105,0.969,""
4.640,510.693,1032.335,167.454,75.717,-9.742,11.731,-11.021,-11.688,1.000,0.000,0.104,0,0.000,1.097,0.969,""
4.660,510.337,1032.568,167.229,75.481,-9.945,11.727,-11.213,-11.684,1.000,0.000,0.072,0,0.000,1.089,0.969,""
4.680,509.981,1032.800,167.001,75.245,-10.148,11.722,-11.404,-11.679,1.000,0.000,0.041,0,0.000,1.079,0.969,""
4.700,509.624,1033.033,166.769,75.010,-10.349,11.717,-11.596,-11.674,1.000,0.000,0.015,0,0.000,1.069,0.968,""
4.720,509.328,1033.266,166.533,74.774,-10.550,11.712,-11.788,-11.670,1.000,0.000,-0.013,0,0.000,1.057,0.968,""
4.740,508.971,1033.498,166.294,74.539,-10.749,11.708,-11.979,-11.665,1.000,0.000,-0.033,0,0.000,1.045,0.968,""
4.760,508.613,1033.731,166.050,74.303,-10.948,11.703,-12.170,-11.660,1.000,0.000,-0.050,0,0.000,1.032,0.968,""
4.780,508.254,1033.964,165.803,74.068,-11.145,11.698,-12.362,-11.656,1.000,0.000,-0.066,0,0.000,1.019,0.969,""
4.800,507.895,1034.197,165.552,73.833,-11.341,11.694,-12.553,-11.651,1.000,0.000,-0.080,0,0.000,1.005,0.969,""
4.820,507.535,1034.430,165.297,73.597,-11.535,11.689,-12.744,-11.646,1.000,0.000,-0.093,0,0.000,0.990,0.969,""
4.840,507.238,1034.663,165.039,73.362,-11.728,11.684,-12.935,-11.642,1.000,0.000,-0.107,0,0.000,0.974,0.969,""
4.860,506.877,1034.896,164.776,73.127,-11.920,11.680,-13.126,-11.637,1.000,0.000,-0.116,0,0.000,0.958,0.969,""
4.880,506.516,1035.129,164.510,72.892,-12.109,11.675,-13.317,-11.632,1.000,0.000,-0.126,0,0.000,0.942,0.970,""
4.900,506.154,1035.362,164.240,72.657,-12.297,11.670,-13.507,-11.628,1.000,0.000,-0.134,0,0.000,0.925,0.970,""
4.920,505.792,1035.595,163.966,72.422,-12.483,11.666,-13.698,-11.623,1.000,0.000,-0.141,0,0.000,0.907,0.971,""
4.940,505.430,1035.829,163.689,72.188,-12.667,11.661,-13.889,-11.618,1.000,0.000,-0.148,0,0.000,0.890,0.971,""
4.960,505.136,1036.062,163.407,71.953,-12.849,11.656,-14.079,-11.614,1.000,0.000,-0.157,0,0.000,0.872,0.972,""
4.980,504.772,1036.295,163.122,71.719,-13.029,11.652,-14.270,-11.609,1.000,0.000,-0.163,0,0.000,0.854,0.972,""
5.000,504.409,1036.529,162.833,71.484,-13.207,11.647,-14.460,-11.604,1.000,0.000,-0.169,0,0.000,0.835,0.973,""
5.020,504.044,1036.762,162.540,71.250,-13.382,11.642,-14.651,-11.600,1.000,0.000,-0.174,0,0.000,0.817,0.973,""
5.040,503.680,1036.996,162.243,71.016,-13.555,11.638,-14.841,-11.595,1.000,0.000,-0.179,0,0.000,0.798,0.974,""
5.060,503.314,1037.229,161.943,70.782,-13.725,11.633,-15.031,-11.590,1.000,0.000,-0.183,0,0.000,0.779,0.975,""
5.080,503.019,1037.463,161.639,70.548,-13.893,11.628,-15.221,-11.586,1.000,0.000,-0.191,0,0.000,0.761,0.975,""
5.100,502.654,1037.696,161.331,70.314,-14.058,11.624,-15.411,-11.581,1.000,0.000,-0.196,0,0.000,0.742,0.976,""
5.120,502.287,1037.929,161.019,70.081,-14.221,11.619,-15.601,-11.577,1.000,0.000,-0.201,0,0.000,0.724,0.977,""
5.140,501.921,1038.163,160.703,69.847,-14.380,11.614,-15.791,-11.572,1.000,0.000,-0.206,0,0.000,0.706,0.978,""
5.160,501.553,1038.396,160.384,69.614,-14.537,11.610,-15.981,-11.567,1.000,0.000,-0.210,0,0.000,0.688,0.978,""
5.180,501.186,1038.630,160.061,69.381,-14.691,11.605,-16.171,-11.563,1.000,0.000,-0.215,0,0.000,0.670,0.979,""
5.200,500.895,1038.863,159.734,69.148,-14.841,11.601,-16.360,-11.558,1.000,0.000,-0.222,0,0.000,0.653,0.980,""
5.220,500.527,1039.097,159.403,68.915,-14.989,11.596,-16.550,-11.553,1.000,0.000,-0.227,0,0.000,0.636,0.981,""
5.240,500.158,1039.330,159.068,68.683,-15.133,11.591,-16.739,-11.549,1.000,0.000,-0.232,0,0.000,0.620,0.981,""
5.260,499.789,1039.564,158.730,68.450,-15.274,11.587,-16.929,-11.544,1.000,0.000,-0.237,0,0.000,0.604,0.982,""
5.280,499.420,1039.797,158.388,68.218,-15.411,11.582,-17.118,-11.540,1.000,0.000,-0.242,0,0.000,0.589,0.983,""
5.300,499.050,1040.031,158.042,67.986,-15.546,11.577,-17.307,-11.535,1.000,0.000,-0.248,0,0.000,0.574,0.984,""
5.320,498.760,1040.264,157.692,67.754,-15.677,11.573,-17.497,-11.530,1.000,0.000,-0.256,0,0.000,0.560,0.984,""
5.340,498.390,1040.497,157.339,67.522,-15.804,11.568,-17.686,-11.526,1.000,0.000,-0.261,0,0.000,0.547,0.985,"Ground_Mountain_2_3:(0.076, 0.990, -0.115);Ground_Mountain_2_3:(0.076, 0.990, -0.115);Ground_Mountain_2_3:(0.076, 0.990, -0.115);"
5.360,498.019,1040.767,157.028,67.282,-17.442,11.710,-15.686,-11.762,1.000,0.000,-0.266,1,11.250,0.534,0.994,"Ground_Mountain_2_3:(0.091, 0.990, -0.111);Ground_Mountain_2_3:(0.091, 0.990, -0.111);Ground_Mountain_2_3:(0.091, 0.990, -0.111);Ground_Mountain_2_3:(0.091, 0.990, -0.111);Ground_Mountain_2_3:(0.091, 0.990, -0.111);Ground_Mountain_2_3:(0.091, 0.990, -0.111);"
5.380,497.628,1041.016,156.838,67.042,-17.212,11.032,-9.454,-11.945,1.000,0.000,-0.253,4,45.000,35.515,0.991,"Ground_Mountain_2_3:(0.089, 0.990, -0.111);Ground_Mountain_2_3:(0.089, 0.990, -0.111);Ground_Mountain_2_3:(0.089, 0.990, -0.111);Ground_Mountain_2_3:(0.089, 0.990, -0.111);Ground_Mountain_2_3:(0.089, 0.990, -0.111);Ground_Mountain_2_3:(0.089, 0.990, -0.111);"
5.400,497.267,1041.220,156.761,66.802,-15.866,9.905,-3.798,-11.976,1.000,0.000,-0.249,4,44.139,30.072,0.989,"Ground_Mountain_2_3:(0.096, 0.989, -0.112);Ground_Mountain_2_3:(0.096, 0.989, -0.112);Ground_Mountain_2_3:(0.096, 0.989, -0.112);Ground_Mountain_2_3:(0.096, 0.989, -0.112);Ground_Mountain_2_3:(0.096, 0.989, -0.112);Ground_Mountain_2_3:(0.096, 0.989, -0.112);"
5.420,496.946,1041.407,156.716,66.571,-15.198,9.402,-2.460,-11.748,1.000,0.000,-0.257,4,35.580,6.568,0.991,"Ground_Mountain_2_3:(0.113, 0.989, -0.100);Ground_Mountain_2_3:(0.113, 0.989, -0.100);Ground_Mountain_2_3:(0.113, 0.989, -0.100);Ground_Mountain_2_3:(0.113, 0.989, -0.100);Ground_Mountain_2_3:(0.113, 0.989, -0.100);Ground_Mountain_2_3:(0.113, 0.989, -0.100);"
5.440,496.683,1041.588,156.683,66.342,-14.664,8.938,-1.987,-11.496,1.000,0.000,-0.264,4,27.038,2.460,0.990,"Ground_Mountain_2_3:(0.088, 0.990, -0.114);Ground_Mountain_2_3:(0.088, 0.990, -0.114);Ground_Mountain_2_3:(0.088, 0.990, -0.114);Ground_Mountain_2_3:(0.088, 0.990, -0.114);Ground_Mountain_2_3:(0.088, 0.990, -0.114);Ground_Mountain_2_3:(0.088, 0.990, -0.114);Ground_Mountain_2_3:(0.159, 0.984, -0.076);Ground_Mountain_2_3:(0.159, 0.984, -0.076);Ground_Mountain_2_3:(0.159, 0.984, -0.076);Ground_Mountain_2_3:(0.159, 0.984, -0.076);Ground_Mountain_2_3:(0.159, 0.984, -0.076);"
5.460,496.444,1041.759,156.650,66.119,-14.137,8.505,-1.644,-11.213,1.000,0.000,-0.269,4,22.920,1.966,0.990,"Ground_Mountain_2_3:(0.092, 0.990, -0.108);Ground_Mountain_2_3:(0.092, 0.990, -0.108);Ground_Mountain_2_3:(0.092, 0.990, -0.108);Ground_Mountain_2_3:(0.092, 0.990, -0.108);Ground_Mountain_2_3:(0.092, 0.990, -0.108);Ground_Mountain_2_3:(0.092, 0.990, -0.108);Ground_Mountain_2_3:(0.159, 0.985, -0.064);Ground_Mountain_2_3:(0.159, 0.985, -0.064);Ground_Mountain_2_3:(0.159, 0.985, -0.064);Ground_Mountain_2_3:(0.159, 0.985, -0.064);Ground_Mountain_2_3:(0.159, 0.985, -0.064);"
5.480,496.161,1041.921,156.623,65.901,-13.609,8.085,-1.354,-10.910,1.000,0.000,-0.270,4,20.403,1.586,0.990,"Ground_Mountain_2_3:(0.092, 0.990, -0.108);Ground_Mountain_2_3:(0.092, 0.990, -0.108);Ground_Mountain_2_3:(0.092, 0.990, -0.108);Ground_Mountain_2_3:(0.092, 0.990, -0.108);Ground_Mountain_2_3:(0.092, 0.990, -0.108);Ground_Mountain_2_3:(0.092, 0.990, -0.108);Ground_Mountain_2_3:(0.159, 0.986, -0.058);Ground_Mountain_2_3:(0.159, 0.986, -0.058);Ground_Mountain_2_3:(0.159, 0.986, -0.058);Ground_Mountain_2_3:(0.159, 0.986, -0.058);Ground_Mountain_2_3:(0.159, 0.986, -0.058);"
5.500,495.889,1042.076,156.600,65.690,-13.080,7.670,-1.112,-10.593,1.000,0.000,-0.269,4,18.011,1.353,0.990,"Ground_Mountain_2_3:(0.092, 0.990, -0.108);Ground_Mountain_2_3:(0.092, 0.990, -0.108);Ground_Mountain_2_3:(0.092, 0.990, -0.108);Ground_Mountain_2_3:(0.092, 0.990, -0.108);Ground_Mountain_2_3:(0.092, 0.990, -0.108);Ground_Mountain_2_3:(0.092, 0.990, -0.108);Ground_Mountain_2_3:(0.159, 0.986, -0.058);Ground_Mountain_2_3:(0.159, 0.986, -0.058);Ground_Mountain_2_3:(0.159, 0.986, -0.058);Ground_Mountain_2_3:(0.159, 0.986, -0.058);Ground_Mountain_2_3:(0.159, 0.986, -0.058);"
5.520,495.628,1042.221,156.582,65.485,-12.549,7.259,-0.912,-10.264,1.000,0.000,-0.268,4,15.677,0.927,0.990,"Ground_Mountain_2_3:(0.159, 0.985, -0.062);Ground_Mountain_2_3:(0.159, 0.985, -0.062);Ground_Mountain_2_3:(0.159, 0.985, -0.062);Ground_Mountain_2_3:(0.159, 0.985, -0.062);Ground_Mountain_2_3:(0.159, 0.985, -0.062);Ground_Mountain_2_3:(0.159, 0.985, -0.062);Ground_Mountain_2_3:(0.095, 0.990, -0.108);Ground_Mountain_2_3:(0.095, 0.990, -0.108);Ground_Mountain_2_3:(0.095, 0.990, -0.108);Ground_Mountain_2_3:(0.095, 0.990, -0.108);Ground_Mountain_2_3:(0.095, 0.990, -0.108);Ground_Mountain_2_3:(0.095, 0.990, -0.108);"
5.540,495.377,1042.359,156.567,65.287,-12.019,6.850,-0.754,-9.924,1.000,0.000,-0.266,4,13.447,0.650,0.990,"Ground_Mountain_2_3:(0.159, 0.985, -0.062);Ground_Mountain_2_3:(0.159, 0.985, -0.062);Ground_Mountain_2_3:(0.159, 0.985, -0.062);Ground_Mountain_2_3:(0.159, 0.985, -0.062);Ground_Mountain_2_3:(0.159, 0.985, -0.062);Ground_Mountain_2_3:(0.159, 0.985, -0.062);Ground_Mountain_2_3:(0.095, 0.990, -0.108);Ground_Mountain_2_3:(0.095, 0.990, -0.108);Ground_Mountain_2_3:(0.095, 0.990, -0.108);Ground_Mountain_2_3:(0.095, 0.990, -0.108);Ground_Mountain_2_3:(0.095, 0.990, -0.108);Ground_Mountain_2_3:(0.095, 0.990, -0.108);"
5.560,495.136,1042.488,156.554,65.095,-11.488,6.442,-0.635,-9.574,1.000,0.000,-0.264,4,11.449,0.506,0.989,"Ground_Mountain_2_3:(0.088, 0.990, -0.113);Ground_Mountain_2_3:(0.088, 0.990, -0.113);Ground_Mountain_2_3:(0.088, 0.990, -0.113);Ground_Mountain_2_3:(0.088, 0.990, -0.113);Ground_Mountain_2_3:(0.088, 0.990, -0.113);Ground_Mountain_2_3:(0.088, 0.990, -0.113);Ground_Mountain_2_3:(0.148, 0.986, -0.071);Ground_Mountain_2_3:(0.148, 0.986, -0.071);Ground_Mountain_2_3:(0.148, 0.986, -0.071);Ground_Mountain_2_3:(0.148, 0.986, -0.071);Ground_Mountain_2_3:(0.148, 0.986, -0.071);Ground_Mountain_2_3:(0.148, 0.986, -0.071);"
5.580,494.906,1042.609,156.543,64.911,-10.957,6.037,-0.551,-9.215,1.000,0.000,-0.262,4,9.723,0.379,0.989,"Ground_Mountain_2_3:(0.088, 0.990, -0.113);Ground_Mountain_2_3:(0.088, 0.990, -0.113);Ground_Mountain_2_3:(0.088, 0.990, -0.113);Ground_Mountain_2_3:(0.088, 0.990, -0.113);Ground_Mountain_2_3:(0.088, 0.990, -0.113);Ground_Mountain_2_3:(0.088, 0.990, -0.113);Ground_Mountain_2_3:(0.148, 0.986, -0.071);Ground_Mountain_2_3:(0.148, 0.986, -0.071);Ground_Mountain_2_3:(0.148, 0.986, -0.071);Ground_Mountain_2_3:(0.148, 0.986, -0.071);Ground_Mountain_2_3:(0.148, 0.986, -0.071);Ground_Mountain_2_3:(0.148, 0.986, -0.071);"
5.600,494.686,1042.722,156.533,64.734,-10.426,5.633,-0.500,-8.847,1.000,0.000,-0.260,4,8.304,0.646,0.989,"Ground_Mountain_2_3:(0.091, 0.989, -0.118);Ground_Mountain_2_3:(0.091, 0.989, -0.118);Ground_Mountain_2_3:(0.091, 0.989, -0.118);Ground_Mountain_2_3:(0.091, 0.989, -0.118);Ground_Mountain_2_3:(0.091, 0.989, -0.118);Ground_Mountain_2_3:(0.091, 0.989, -0.118);Ground_Mountain_2_3:(0.148, 0.986, -0.071);Ground_Mountain_2_3:(0.148, 0.986, -0.071);Ground_Mountain_2_3:(0.148, 0.986, -0.071);Ground_Mountain_2_3:(0.148, 0.986, -0.071);Ground_Mountain_2_3:(0.148, 0.986, -0.071);Ground_Mountain_2_3:(0.148, 0.986, -0.071);"
5.620,494.571,1042.827,156.524,64.564,-9.896,5.236,-0.471,-8.468,1.000,0.000,-0.261,4,7.208,0.496,0.989,"Ground_Mountain_2_3:(0.084, 0.989, -0.119);Ground_Mountain_2_3:(0.084, 0.989, -0.119);Ground_Mountain_2_3:(0.084, 0.989, -0.119);Ground_Mountain_2_3:(0.084, 0.989, -0.119);Ground_Mountain_2_3:(0.084, 0.989, -0.119);Ground_Mountain_2_3:(0.084, 0.989, -0.119);Ground_Mountain_2_3:(0.159, 0.985, -0.062);Ground_Mountain_2_3:(0.159, 0.985, -0.062);Ground_Mountain_2_3:(0.159, 0.985, -0.062);Ground_Mountain_2_3:(0.159, 0.985, -0.062);Ground_Mountain_2_3:(0.159, 0.985, -0.062);Ground_Mountain_2_3:(0.159, 0.985, -0.062);"
5.640,494.372,1042.924,156.515,64.403,-9.367,4.848,-0.459,-8.080,1.000,0.000,-0.259,4,6.355,0.365,0.989,"Ground_Mountain_2_3:(0.088, 0.989, -0.117);Ground_Mountain_2_3:(0.088, 0.989, -0.117);Ground_Mountain_2_3:(0.088, 0.989, -0.117);Ground_Mountain_2_3:(0.088, 0.989, -0.117);Ground_Mountain_2_3:(0.088, 0.989, -0.117);Ground_Mountain_2_3:(0.088, 0.989, -0.117);Ground_Mountain_2_3:(0.159, 0.986, -0.052);Ground_Mountain_2_3:(0.159, 0.986, -0.052);Ground_Mountain_2_3:(0.159, 0.986, -0.052);"
5.660,494.184,1043.013,156.505,64.249,-8.839,4.471,-0.461,-7.682,1.000,0.000,-0.258,4,5.736,0.237,0.989,"Ground_Mountain_2_3:(0.116, 0.989, -0.095);Ground_Mountain_2_3:(0.116, 0.989, -0.095);Ground_Mountain_2_3:(0.116, 0.989, -0.095);Ground_Mountain_2_3:(0.116, 0.989, -0.095);Ground_Mountain_2_3:(0.116, 0.989, -0.095);Ground_Mountain_2_3:(0.116, 0.989, -0.095);"
5.680,494.007,1043.095,156.496,64.103,-8.311,4.107,-0.470,-7.275,1.000,0.000,-0.256,4,5.344,0.058,0.989,"Ground_Mountain_2_3:(0.120, 0.989, -0.092);Ground_Mountain_2_3:(0.120, 0.989, -0.092);Ground_Mountain_2_3:(0.120, 0.989, -0.092);Ground_Mountain_2_3:(0.120, 0.989, -0.092);Ground_Mountain_2_3:(0.120, 0.989, -0.092);Ground_Mountain_2_3:(0.120, 0.989, -0.092);"
5.700,493.840,1043.170,156.486,63.966,-7.785,3.754,-0.483,-6.859,1.000,0.000,-0.255,4,5.102,0.120,0.989,"Ground_Mountain_2_3:(0.123, 0.988, -0.092);Ground_Mountain_2_3:(0.123, 0.988, -0.092);Ground_Mountain_2_3:(0.123, 0.988, -0.092);Ground_Mountain_2_3:(0.123, 0.988, -0.092);Ground_Mountain_2_3:(0.123, 0.988, -0.092);Ground_Mountain_2_3:(0.123, 0.988, -0.092);"
5.720,493.684,1043.238,156.476,63.837,-7.259,3.415,-0.500,-6.435,1.000,0.000,-0.255,4,4.999,0.035,0.989,"Ground_Mountain_2_3:(0.094, 0.989, -0.118);Ground_Mountain_2_3:(0.159, 0.986, -0.052);"
5.740,493.539,1043.300,156.466,63.716,-6.735,3.092,-0.513,-6.003,1.000,0.000,-0.255,4,5.008,0.259,0.989,""
5.760,493.404,1043.355,156.456,63.605,-6.211,2.784,-0.526,-5.563,1.000,0.000,-0.255,4,5.101,0.295,0.989,""
5.780,493.280,1043.405,156.445,63.502,-5.689,2.490,-0.535,-5.117,1.000,0.000,-0.256,4,5.301,0.329,0.989,""
5.800,493.166,1043.448,156.434,63.408,-5.167,2.210,-0.540,-4.665,1.000,0.000,-0.258,4,5.587,0.360,0.989,""
5.820,493.063,1043.487,156.423,63.324,-4.647,1.945,-0.539,-4.207,1.000,0.000,-0.258,4,5.938,0.387,0.989,""
5.840,492.971,1043.521,156.413,63.249,-4.127,1.693,-0.532,-3.745,1.000,0.000,-0.249,4,6.347,0.455,0.989,""
5.860,492.888,1043.550,156.402,63.183,-3.608,1.455,-0.517,-3.278,1.000,0.000,-0.241,4,6.802,0.471,0.989,""
5.880,492.816,1043.574,156.392,63.126,-3.089,1.230,-0.494,-2.808,1.000,0.000,-0.234,4,7.267,0.484,0.989,""
5.900,492.755,1043.594,156.383,63.079,-2.572,1.018,-0.459,-2.335,1.000,0.000,-0.227,4,7.699,0.026,0.989,""
5.920,492.703,1043.610,156.375,63.042,-2.055,0.817,-0.417,-1.859,1.000,0.000,-0.221,4,8.086,0.057,0.989,""
5.940,492.662,1043.623,156.367,63.014,-1.539,0.627,-0.369,-1.381,1.000,0.000,-0.216,4,8.455,0.112,0.989,""
5.960,492.631,1043.631,156.361,62.995,-1.023,0.446,-0.314,-0.900,1.000,0.000,-0.211,4,8.804,0.154,0.989,""
5.980,492.610,1043.636,156.356,62.987,-0.508,0.274,-0.253,-0.418,1.000,0.000,-0.207,4,9.126,0.186,0.989,""
6.000,492.600,1043.640,156.352,62.984,-0.194,0.165,-0.214,-0.125,1.000,0.000,-0.203,4,9.417,0.207,0.989,""
6.020,492.595,1043.641,156.348,62.987,0.121,0.062,-0.171,0.169,1.000,0.000,-0.200,4,9.685,0.280,0.989,""
6.040,492.597,1043.640,156.346,62.996,0.434,-0.036,-0.124,0.463,1.000,0.000,-0.199,4,9.922,0.278,0.989,""
6.060,492.604,1043.637,156.344,63.011,0.745,-0.131,-0.073,0.755,1.000,0.000,-0.198,4,10.119,0.215,0.989,""
6.080,492.618,1043.632,156.344,63.032,1.054,-0.221,-0.019,1.046,1.000,0.000,-0.199,4,10.267,0.214,0.989,""
6.100,492.638,1043.626,156.345,63.058,1.361,-0.309,0.037,1.335,1.000,0.000,-0.199,4,10.380,0.209,0.989,""
6.120,492.663,1043.618,156.347,63.090,1.666,-0.396,0.093,1.622,1.000,0.000,-0.200,4,10.458,0.201,0.989,""
6.140,492.695,1043.608,156.350,63.128,1.969,-0.481,0.147,1.908,1.000,0.000,-0.201,4,10.486,0.697,0.989,""
6.160,492.732,1043.596,156.354,63.172,2.269,-0.566,0.201,2.192,1.000,0.000,-0.203,4,10.509,0.618,0.989,""
6.180,492.776,1043.583,156.359,63.222,2.568,-0.650,0.255,2.474,1.000,0.000,-0.205,4,10.506,0.544,0.989,""
6.200,492.825,1043.569,156.365,63.277,2.865,-0.733,0.308,2.754,1.000,0.000,-0.207,4,10.480,0.475,0.989,""
6.220,492.880,1043.553,156.372,63.337,3.159,-0.818,0.360,3.032,1.000,0.000,-0.209,4,10.436,0.411,0.989,""
6.240,492.940,1043.535,156.380,63.404,3.452,-0.902,0.412,3.308,1.000,0.000,-0.212,4,10.377,0.308,0.989,""
6.260,493.006,1043.515,156.390,63.475,3.743,-0.988,0.462,3.582,1.000,0.000,-0.215,4,10.310,0.262,0.989,""
6.280,493.078,1043.494,156.400,63.553,4.032,-1.076,0.511,3.853,1.000,0.000,-0.219,4,10.238,0.220,0.989,""
6.300,493.156,1043.470,156.411,63.635,4.319,-1.165,0.558,4.123,1.000,0.000,-0.223,4,10.158,0.182,0.989,""
6.320,493.239,1043.445,156.423,63.723,4.604,-1.257,0.603,4.390,1.000,0.000,-0.227,4,10.076,0.151,0.989,""
6.340,493.327,1043.419,156.436,63.817,4.888,-1.351,0.647,4.654,1.000,0.000,-0.231,4,9.994,0.129,0.989,""
6.360,493.422,1043.390,156.450,63.915,5.169,-1.449,0.689,4.916,1.000,0.000,-0.236,4,9.912,0.122,0.989,""
6.380,493.521,1043.359,156.464,64.019,5.448,-1.550,0.729,5.174,1.000,0.000,-0.241,4,9.826,0.205,0.989,""
6.400,493.627,1043.326,156.480,64.128,5.726,-1.655,0.767,5.430,1.000,0.000,-0.243,4,9.736,0.170,0.989,""
6.420,493.737,1043.291,156.496,64.242,6.002,-1.763,0.804,5.683,1.000,0.000,-0.243,4,9.651,0.155,0.989,""
6.440,493.854,1043.254,156.512,64.361,6.276,-1.876,0.839,5.933,1.000,0.000,-0.243,4,9.577,0.159,0.989,""
6.460,493.975,1043.214,156.530,64.484,6.547,-1.994,0.873,6.179,1.000,0.000,-0.244,4,9.512,0.176,0.989,""
6.480,494.103,1043.172,156.548,64.613,6.817,-2.117,0.906,6.421,1.000,0.000,-0.245,4,9.458,0.201,0.989,""
6.500,494.235,1043.127,156.567,64.747,7.086,-2.245,0.935,6.660,1.000,0.000,-0.246,4,9.343,0.195,0.989,""
6.520,494.373,1043.080,156.586,64.885,7.352,-2.378,0.963,6.895,1.000,0.000,-0.248,4,9.243,0.144,0.989,""
6.540,494.517,1043.030,156.606,65.028,7.616,-2.517,0.989,7.125,1.000,0.000,-0.250,4,9.165,0.110,0.989,""
6.560,494.578,1042.977,156.626,65.175,7.878,-2.662,1.018,7.351,1.000,0.000,-0.248,4,9.163,0.339,0.989,""
6.580,494.721,1042.921,156.647,65.327,8.139,-2.811,1.048,7.573,1.000,0.000,-0.250,4,9.206,0.336,0.989,""
6.600,494.880,1042.862,156.669,65.483,8.397,-2.967,1.079,7.789,1.000,0.000,-0.253,4,9.262,0.374,0.989,""
6.620,495.045,1042.800,156.691,65.643,8.653,-3.129,1.111,8.000,1.000,0.000,-0.256,4,9.318,0.411,0.989,"Ground_Mountain_2_3:(0.159, 0.986, -0.052);Ground_Mountain_2_3:(0.075, 0.990, -0.123);"
6.640,495.214,1042.735,156.714,65.807,8.907,-3.296,1.145,8.205,1.000,0.000,-0.259,4,9.353,0.121,0.989,"Ground_Mountain_2_3:(0.159, 0.985, -0.062);Ground_Mountain_2_3:(0.159, 0.985, -0.062);Ground_Mountain_2_3:(0.159, 0.985, -0.062);Ground_Mountain_2_3:(0.099, 0.990, -0.102);Ground_Mountain_2_3:(0.099, 0.990, -0.102);Ground_Mountain_2_3:(0.099, 0.990, -0.102);Ground_Mountain_2_3:(0.099, 0.990, -0.102);Ground_Mountain_2_3:(0.099, 0.990, -0.102);Ground_Mountain_2_3:(0.099, 0.990, -0.102);"
6.660,495.389,1042.666,156.737,65.976,9.159,-3.470,1.179,8.405,1.000,0.000,-0.262,4,9.382,0.170,0.989,"Ground_Mountain_2_3:(0.159, 0.985, -0.062);Ground_Mountain_2_3:(0.159, 0.985, -0.062);Ground_Mountain_2_3:(0.159, 0.985, -0.062);Ground_Mountain_2_3:(0.102, 0.990, -0.101);Ground_Mountain_2_3:(0.102, 0.990, -0.101);Ground_Mountain_2_3:(0.102, 0.990, -0.101);Ground_Mountain_2_3:(0.102, 0.990, -0.101);Ground_Mountain_2_3:(0.102, 0.990, -0.101);Ground_Mountain_2_3:(0.102, 0.990, -0.101);"
6.680,495.570,1042.593,156.762,66.148,9.409,-3.651,1.214,8.598,1.000,0.000,-0.266,4,9.420,0.224,0.988,"Ground_Mountain_2_3:(0.159, 0.985, -0.062);Ground_Mountain_2_3:(0.159, 0.985, -0.062);Ground_Mountain_2_3:(0.159, 0.985, -0.062);Ground_Mountain_2_3:(0.095, 0.990, -0.108);Ground_Mountain_2_3:(0.095, 0.990, -0.108);Ground_Mountain_2_3:(0.095, 0.990, -0.108);Ground_Mountain_2_3:(0.095, 0.990, -0.108);Ground_Mountain_2_3:(0.095, 0.990, -0.108);Ground_Mountain_2_3:(0.095, 0.990, -0.108);"
6.700,495.755,1042.517,156.786,66.324,9.656,-3.838,1.250,8.785,1.000,0.000,-0.270,4,9.464,0.274,0.988,"Ground_Mountain_2_3:(0.095, 0.990, -0.108);Ground_Mountain_2_3:(0.095, 0.990, -0.108);Ground_Mountain_2_3:(0.095, 0.990, -0.108);Ground_Mountain_2_3:(0.095, 0.990, -0.108);Ground_Mountain_2_3:(0.095, 0.990, -0.108);Ground_Mountain_2_3:(0.095, 0.990, -0.108);Ground_Mountain_2_3:(0.159, 0.985, -0.062);Ground_Mountain_2_3:(0.159, 0.985, -0.062);Ground_Mountain_2_3:(0.159, 0.985, -0.062);"
6.720,495.946,1042.437,156.812,66.503,9.901,-4.033,1.288,8.966,1.000,0.000,-0.274,4,9.514,0.318,0.988,"Ground_Mountain_2_3:(0.095, 0.990, -0.108);Ground_Mountain_2_3:(0.095, 0.990, -0.108);Ground_Mountain_2_3:(0.095, 0.990, -0.108);Ground_Mountain_2_3:(0.095, 0.990, -0.108);Ground_Mountain_2_3:(0.095, 0.990, -0.108);Ground_Mountain_2_3:(0.095, 0.990, -0.108);Ground_Mountain_2_3:(0.172, 0.983, -0.057);Ground_Mountain_2_3:(0.172, 0.983, -0.057);Ground_Mountain_2_3:(0.172, 0.983, -0.057);Ground_Mountain_2_3:(0.172, 0.983, -0.057);Ground_Mountain_2_3:(0.172, 0.983, -0.057);"
6.740,496.142,1042.352,156.839,66.686,10.144,-4.234,1.328,9.138,1.000,0.000,-0.280,4,9.523,0.071,0.988,"Ground_Mountain_2_3:(0.099, 0.990, -0.102);Ground_Mountain_2_3:(0.099, 0.990, -0.102);Ground_Mountain_2_3:(0.099, 0.990, -0.102);Ground_Mountain_2_3:(0.099, 0.990, -0.102);Ground_Mountain_2_3:(0.099, 0.990, -0.102);Ground_Mountain_2_3:(0.099, 0.990, -0.102);Ground_Mountain_2_3:(0.172, 0.983, -0.057);Ground_Mountain_2_3:(0.172, 0.983, -0.057);Ground_Mountain_2_3:(0.172, 0.983, -0.057);Ground_Mountain_2_3:(0.172, 0.983, -0.057);Ground_Mountain_2_3:(0.172, 0.983, -0.057);"
6.760,496.343,1042.264,156.866,66.873,10.384,-4.443,1.370,9.304,1.000,0.000,-0.285,4,9.560,0.018,0.988,"Ground_Mountain_2_3:(0.099, 0.990, -0.101);Ground_Mountain_2_3:(0.099, 0.990, -0.101);Ground_Mountain_2_3:(0.099, 0.990, -0.101);Ground_Mountain_2_3:(0.099, 0.990, -0.101);Ground_Mountain_2_3:(0.099, 0.990, -0.101);Ground_Mountain_2_3:(0.099, 0.990, -0.101);Ground_Mountain_2_3:(0.170, 0.984, -0.061);Ground_Mountain_2_3:(0.170, 0.984, -0.061);Ground_Mountain_2_3:(0.170, 0.984, -0.061);Ground_Mountain_2_3:(0.170, 0.984, -0.061);Ground_Mountain_2_3:(0.170, 0.984, -0.061);Ground_Mountain_2_3:(0.170, 0.984, -0.061);"
6.780,496.550,1042.172,156.894,67.062,10.622,-4.659,1.412,9.461,1.000,0.000,-0.289,4,9.591,0.094,0.988,"Ground_Mountain_2_3:(0.120, 0.988, -0.093);Ground_Mountain_2_3:(0.120, 0.988, -0.093);Ground_Mountain_2_3:(0.120, 0.988, -0.093);Ground_Mountain_2_3:(0.120, 0.988, -0.093);Ground_Mountain_2_3:(0.120, 0.988, -0.093);Ground_Mountain_2_3:(0.120, 0.988, -0.093);Ground_Mountain_2_3:(0.204, 0.978, -0.035);Ground_Mountain_2_3:(0.204, 0.978, -0.035);Ground_Mountain_2_3:(0.204, 0.978, -0.035);Ground_Mountain_2_3:(0.204, 0.978, -0.035);"
6.800,496.683,1042.074,156.923,67.255,10.857,-4.883,1.457,9.610,1.000,0.000,-0.291,4,9.602,0.052,0.987,"Ground_Mountain_2_3:(0.141, 0.987, -0.078);Ground_Mountain_2_3:(0.141, 0.987, -0.078);Ground_Mountain_2_3:(0.141, 0.987, -0.078);Ground_Mountain_2_3:(0.141, 0.987, -0.078);Ground_Mountain_2_3:(0.141, 0.987, -0.078);Ground_Mountain_2_3:(0.141, 0.987, -0.078);Ground_Mountain_2_3:(0.211, 0.977, -0.035);Ground_Mountain_2_3:(0.211, 0.977, -0.035);Ground_Mountain_2_3:(0.211, 0.977, -0.035);Ground_Mountain_2_3:(0.211, 0.977, -0.035);Ground_Mountain_2_3:(0.211, 0.977, -0.035);Ground_Mountain_2_3:(0.211, 0.977, -0.035);"
6.820,496.876,1041.973,156.953,67.450,11.090,-5.115,1.501,9.749,1.000,0.000,-0.296,4,9.597,0.113,0.987,"Ground_Mountain_2_3:(0.121, 0.989, -0.090);Ground_Mountain_2_3:(0.121, 0.989, -0.090);Ground_Mountain_2_3:(0.121, 0.989, -0.090);Ground_Mountain_2_3:(0.121, 0.989, -0.090);Ground_Mountain_2_3:(0.121, 0.989, -0.090);Ground_Mountain_2_3:(0.121, 0.989, -0.090);Ground_Mountain_2_3:(0.211, 0.977, -0.035);Ground_Mountain_2_3:(0.211, 0.977, -0.035);Ground_Mountain_2_3:(0.211, 0.977, -0.035);Ground_Mountain_2_3:(0.211, 0.977, -0.035);Ground_Mountain_2_3:(0.211, 0.977, -0.035);Ground_Mountain_2_3:(0.211, 0.977, -0.035);"
6.840,497.097,1041.866,156.984,67.648,11.321,-5.356,1.543,9.880,1.000,0.000,-0.301,4,9.579,0.300,0.987,"Ground_Mountain_2_3:(0.141, 0.987, -0.075);Ground_Mountain_2_3:(0.141, 0.987, -0.075);Ground_Mountain_2_3:(0.141, 0.987, -0.075);Ground_Mountain_2_3:(0.141, 0.987, -0.075);Ground_Mountain_2_3:(0.141, 0.987, -0.075);Ground_Mountain_2_3:(0.141, 0.987, -0.075);Ground_Mountain_2_3:(0.141, 0.987, -0.075);Ground_Mountain_2_3:(0.141, 0.987, -0.075);Ground_Mountain_2_3:(0.141, 0.987, -0.075);Ground_Mountain_2_3:(0.141, 0.987, -0.075);Ground_Mountain_2_3:(0.225, 0.974, -0.014);Ground_Mountain_2_3:(0.225, 0.974, -0.014);Ground_Mountain_2_3:(0.225, 0.974, -0.014);"
6.860,497.323,1041.754,157.016,67.848,11.548,-5.605,1.587,10.001,1.000,0.000,-0.307,4,9.461,0.172,0.987,"Ground_Mountain_2_3:(0.152, 0.986, -0.067);Ground_Mountain_2_3:(0.152, 0.986, -0.067);Ground_Mountain_2_3:(0.152, 0.986, -0.067);Ground_Mountain_2_3:(0.152, 0.986, -0.067);Ground_Mountain_2_3:(0.152, 0.986, -0.067);Ground_Mountain_2_3:(0.152, 0.986, -0.067);Ground_Mountain_2_3:(0.115, 0.988, -0.105);Ground_Mountain_2_3:(0.115, 0.988, -0.105);Ground_Mountain_2_3:(0.115, 0.988, -0.105);Ground_Mountain_2_3:(0.115, 0.988, -0.105);Ground_Mountain_2_3:(0.225, 0.974, -0.014);Ground_Mountain_2_3:(0.225, 0.974, -0.014);Ground_Mountain_2_3:(0.225, 0.974, -0.014);Ground_Mountain_2_3:(0.225, 0.974, -0.014);"
6.880,497.554,1041.638,157.048,68.051,11.773,-5.862,1.628,10.112,1.000,0.000,-0.313,4,9.324,0.143,0.987,"Ground_Mountain_2_3:(0.193, 0.981, -0.036);Ground_Mountain_2_3:(0.193, 0.981, -0.036);Ground_Mountain_2_3:(0.193, 0.981, -0.036);Ground_Mountain_2_3:(0.193, 0.981, -0.036);Ground_Mountain_2_3:(0.193, 0.981, -0.036);Ground_Mountain_2_3:(0.193, 0.981, -0.036);Ground_Mountain_2_3:(0.115, 0.988, -0.105);Ground_Mountain_2_3:(0.115, 0.988, -0.105);Ground_Mountain_2_3:(0.115, 0.988, -0.105);Ground_Mountain_2_3:(0.115, 0.988, -0.105);"
6.900,497.790,1041.515,157.082,68.256,11.996,-6.128,1.668,10.212,1.000,0.000,-0.319,4,9.213,0.124,0.987,"Ground_Mountain_2_3:(0.193, 0.981, -0.036);Ground_Mountain_2_3:(0.193, 0.981, -0.036);Ground_Mountain_2_3:(0.193, 0.981, -0.036);Ground_Mountain_2_3:(0.193, 0.981, -0.036);Ground_Mountain_2_3:(0.193, 0.981, -0.036);Ground_Mountain_2_3:(0.193, 0.981, -0.036);Ground_Mountain_2_3:(0.115, 0.988, -0.105);Ground_Mountain_2_3:(0.115, 0.988, -0.105);Ground_Mountain_2_3:(0.115, 0.988, -0.105);Ground_Mountain_2_3:(0.115, 0.988, -0.105);"
6.920,498.030,1041.388,157.116,68.462,12.215,-6.404,1.707,10.300,1.000,0.000,-0.325,4,9.134,0.112,0.987,"Ground_Mountain_2_3:(0.193, 0.981, -0.036);Ground_Mountain_2_3:(0.193, 0.981, -0.036);Ground_Mountain_2_3:(0.193, 0.981, -0.036);Ground_Mountain_2_3:(0.193, 0.981, -0.036);Ground_Mountain_2_3:(0.193, 0.981, -0.036);Ground_Mountain_2_3:(0.193, 0.981, -0.036);Ground_Mountain_2_3:(0.115, 0.988, -0.105);Ground_Mountain_2_3:(0.115, 0.988, -0.105);Ground_Mountain_2_3:(0.115, 0.988, -0.105);Ground_Mountain_2_3:(0.115, 0.988, -0.105);"
6.940,498.275,1041.254,157.151,68.670,12.432,-6.687,1.748,10.376,1.000,0.000,-0.331,4,9.152,0.213,0.987,"Ground_Mountain_2_3:(0.193, 0.981, -0.036);Ground_Mountain_2_3:(0.193, 0.981, -0.036);Ground_Mountain_2_3:(0.193, 0.981, -0.036);Ground_Mountain_2_3:(0.193, 0.981, -0.036);Ground_Mountain_2_3:(0.193, 0.981, -0.036);Ground_Mountain_2_3:(0.193, 0.981, -0.036);Ground_Mountain_2_3:(0.115, 0.988, -0.105);Ground_Mountain_2_3:(0.115, 0.988, -0.105);Ground_Mountain_2_3:(0.115, 0.988, -0.105);Ground_Mountain_2_3:(0.115, 0.988, -0.105);"
6.960,498.525,1041.115,157.187,68.879,12.645,-6.980,1.790,10.439,1.000,0.000,-0.338,4,9.193,0.211,0.987,"Ground_Mountain_2_3:(0.182, 0.982, -0.055);Ground_Mountain_2_3:(0.182, 0.982, -0.055);Ground_Mountain_2_3:(0.182, 0.982, -0.055);Ground_Mountain_2_3:(0.182, 0.982, -0.055);Ground_Mountain_2_3:(0.182, 0.982, -0.055);Ground_Mountain_2_3:(0.182, 0.982, -0.055);Ground_Mountain_2_3:(0.087, 0.991, -0.105);Ground_Mountain_2_3:(0.087, 0.991, -0.105);Ground_Mountain_2_3:(0.087, 0.991, -0.105);"
6.980,498.778,1040.970,157.223,69.089,12.856,-7.281,1.833,10.488,1.000,0.000,-0.345,4,9.245,0.208,0.986,"Ground_Mountain_2_3:(0.145, 0.986, -0.082);Ground_Mountain_2_3:(0.145, 0.986, -0.082);Ground_Mountain_2_3:(0.145, 0.986, -0.082);Ground_Mountain_2_3:(0.145, 0.986, -0.082);Ground_Mountain_2_3:(0.145, 0.986, -0.082);Ground_Mountain_2_3:(0.145, 0.986, -0.082);Ground_Mountain_2_3:(0.087, 0.991, -0.105);Ground_Mountain_2_3:(0.087, 0.991, -0.105);Ground_Mountain_2_3:(0.087, 0.991, -0.105);"
7.000,498.941,1040.818,157.261,69.300,13.063,-7.591,1.873,10.523,1.000,0.000,-0.348,4,9.277,0.611,0.986,"Ground_Mountain_2_3:(0.145, 0.986, -0.082);Ground_Mountain_2_3:(0.145, 0.986, -0.082);Ground_Mountain_2_3:(0.145, 0.986, -0.082);Ground_Mountain_2_3:(0.145, 0.986, -0.082);Ground_Mountain_2_3:(0.145, 0.986, -0.082);Ground_Mountain_2_3:(0.145, 0.986, -0.082);Ground_Mountain_2_3:(0.087, 0.991, -0.105);Ground_Mountain_2_3:(0.087, 0.991, -0.105);Ground_Mountain_2_3:(0.087, 0.991, -0.105);"
7.020,499.203,1040.660,157.299,69.511,13.267,-7.909,1.914,10.542,1.000,0.000,-0.355,4,9.378,0.548,0.986,"Ground_Mountain_2_3:(0.168, 0.984, -0.063);Ground_Mountain_2_3:(0.168, 0.984, -0.063);Ground_Mountain_2_3:(0.168, 0.984, -0.063);Ground_Mountain_2_3:(0.168, 0.984, -0.063);Ground_Mountain_2_3:(0.168, 0.984, -0.063);Ground_Mountain_2_3:(0.168, 0.984, -0.063);Ground_Mountain_2_3:(0.106, 0.990, -0.095);Ground_Mountain_2_3:(0.106, 0.990, -0.095);Ground_Mountain_2_3:(0.106, 0.990, -0.095);Ground_Mountain_2_3:(0.106, 0.990, -0.095);Ground_Mountain_2_3:(0.106, 0.990, -0.095);Ground_Mountain_2_3:(0.106, 0.990, -0.095);"
7.040,499.469,1040.496,157.338,69.722,13.468,-8.236,1.957,10.545,1.000,0.000,-0.364,4,9.472,0.486,0.986,"Ground_Mountain_2_3:(0.161, 0.985, -0.067);Ground_Mountain_2_3:(0.161, 0.985, -0.067);Ground_Mountain_2_3:(0.161, 0.985, -0.067);Ground_Mountain_2_3:(0.161, 0.985, -0.067);Ground_Mountain_2_3:(0.161, 0.985, -0.067);Ground_Mountain_2_3:(0.161, 0.985, -0.067);Ground_Mountain_2_3:(0.106, 0.990, -0.095);Ground_Mountain_2_3:(0.106, 0.990, -0.095);Ground_Mountain_2_3:(0.106, 0.990, -0.095);Ground_Mountain_2_3:(0.106, 0.990, -0.095);Ground_Mountain_2_3:(0.106, 0.990, -0.095);Ground_Mountain_2_3:(0.106, 0.990, -0.095);"
7.060,499.739,1040.325,157.378,69.933,13.665,-8.570,2.002,10.530,1.000,0.000,-0.371,4,9.560,0.425,0.986,"Ground_Mountain_2_3:(0.161, 0.985, -0.067);Ground_Mountain_2_3:(0.161, 0.985, -0.067);Ground_Mountain_2_3:(0.161, 0.985, -0.067);Ground_Mountain_2_3:(0.161, 0.985, -0.067);Ground_Mountain_2_3:(0.161, 0.985, -0.067);Ground_Mountain_2_3:(0.161, 0.985, -0.067);Ground_Mountain_2_3:(0.106, 0.990, -0.095);Ground_Mountain_2_3:(0.106, 0.990, -0.095);Ground_Mountain_2_3:(0.106, 0.990, -0.095);Ground_Mountain_2_3:(0.106, 0.990, -0.095);Ground_Mountain_2_3:(0.106, 0.990, -0.095);Ground_Mountain_2_3:(0.106, 0.990, -0.095);"
7.080,500.012,1040.146,157.419,70.143,13.859,-8.912,2.048,10.498,1.000,0.000,-0.379,4,9.666,0.425,0.986,"Ground_Mountain_2_3:(0.115, 0.990, -0.087);Ground_Mountain_2_3:(0.115, 0.990, -0.087);Ground_Mountain_2_3:(0.115, 0.990, -0.087);Ground_Mountain_2_3:(0.115, 0.990, -0.087);Ground_Mountain_2_3:(0.115, 0.990, -0.087);Ground_Mountain_2_3:(0.115, 0.990, -0.087);Ground_Mountain_2_3:(0.161, 0.985, -0.067);Ground_Mountain_2_3:(0.161, 0.985, -0.067);Ground_Mountain_2_3:(0.161, 0.985, -0.067);Ground_Mountain_2_3:(0.161, 0.985, -0.067);Ground_Mountain_2_3:(0.161, 0.985, -0.067);Ground_Mountain_2_3:(0.161, 0.985, -0.067);"
7.100,500.289,1039.961,157.461,70.352,14.049,-9.262,2.091,10.447,1.000,0.000,-0.387,4,9.728,0.617,0.986,"Ground_Mountain_2_3:(0.115, 0.990, -0.087);Ground_Mountain_2_3:(0.115, 0.990, -0.087);Ground_Mountain_2_3:(0.115, 0.990, -0.087);Ground_Mountain_2_3:(0.115, 0.990, -0.087);Ground_Mountain_2_3:(0.115, 0.990, -0.087);Ground_Mountain_2_3:(0.115, 0.990, -0.087);Ground_Mountain_2_3:(0.161, 0.985, -0.067);Ground_Mountain_2_3:(0.161, 0.985, -0.067);Ground_Mountain_2_3:(0.161, 0.985, -0.067);Ground_Mountain_2_3:(0.161, 0.985, -0.067);Ground_Mountain_2_3:(0.161, 0.985, -0.067);Ground_Mountain_2_3:(0.161, 0.985, -0.067);"
7.120,500.569,1039.769,157.504,70.559,14.235,-9.619,2.135,10.376,1.000,0.000,-0.395,4,9.816,0.524,0.986,"Ground_Mountain_2_3:(0.115, 0.990, -0.087);Ground_Mountain_2_3:(0.115, 0.990, -0.087);Ground_Mountain_2_3:(0.115, 0.990, -0.087);Ground_Mountain_2_3:(0.115, 0.990, -0.087);Ground_Mountain_2_3:(0.115, 0.990, -0.087);Ground_Mountain_2_3:(0.115, 0.990, -0.087);Ground_Mountain_2_3:(0.115, 0.990, -0.087);Ground_Mountain_2_3:(0.115, 0.990, -0.087);Ground_Mountain_2_3:(0.115, 0.990, -0.087);Ground_Mountain_2_3:(0.115, 0.990, -0.087);Ground_Mountain_2_3:(0.115, 0.990, -0.087);Ground_Mountain_2_3:(0.115, 0.990, -0.087);"
7.140,500.852,1039.569,157.547,70.765,14.418,-9.983,2.176,10.284,1.000,0.000,-0.404,4,9.838,0.557,0.986,"Ground_Mountain_2_3:(0.115, 0.990, -0.087);Ground_Mountain_2_3:(0.115, 0.990, -0.087);Ground_Mountain_2_3:(0.115, 0.990, -0.087);Ground_Mountain_2_3:(0.115, 0.990, -0.087);Ground_Mountain_2_3:(0.115, 0.990, -0.087);Ground_Mountain_2_3:(0.115, 0.990, -0.087);Ground_Mountain_2_3:(0.115, 0.990, -0.087);Ground_Mountain_2_3:(0.115, 0.990, -0.087);Ground_Mountain_2_3:(0.115, 0.990, -0.087);Ground_Mountain_2_3:(0.115, 0.990, -0.087);Ground_Mountain_2_3:(0.115, 0.990, -0.087);Ground_Mountain_2_3:(0.115, 0.990, -0.087);"
7.160,501.047,1039.362,157.591,70.968,14.596,-10.354,2.216,10.170,1.000,0.000,-0.408,4,9.817,0.447,0.987,"Ground_Mountain_2_3:(0.128, 0.988, -0.086);Ground_Mountain_2_3:(0.128, 0.988, -0.086);Ground_Mountain_2_3:(0.128, 0.988, -0.086);Ground_Mountain_2_3:(0.128, 0.988, -0.086);Ground_Mountain_2_3:(0.128, 0.988, -0.086);Ground_Mountain_2_3:(0.128, 0.988, -0.086);"
7.180,501.336,1039.147,157.637,71.169,14.771,-10.730,2.253,10.034,1.000,0.000,-0.417,4,9.783,0.391,0.987,"Ground_Mountain_2_3:(0.130, 0.988, -0.081);Ground_Mountain_2_3:(0.130, 0.988, -0.081);Ground_Mountain_2_3:(0.130, 0.988, -0.081);Ground_Mountain_2_3:(0.130, 0.988, -0.081);Ground_Mountain_2_3:(0.130, 0.988, -0.081);Ground_Mountain_2_3:(0.130, 0.988, -0.081);"
7.200,501.627,1038.924,157.682,71.366,14.941,-11.111,2.289,9.873,1.000,0.000,-0.425,4,9.837,0.389,0.987,"Ground_Mountain_2_3:(0.130, 0.988, -0.081);Ground_Mountain_2_3:(0.130, 0.988, -0.081);Ground_Mountain_2_3:(0.130, 0.988, -0.081);Ground_Mountain_2_3:(0.130, 0.988, -0.081);Ground_Mountain_2_3:(0.130, 0.988, -0.081);Ground_Mountain_2_3:(0.130, 0.988, -0.081);"
7.220,501.919,1038.693,157.729,71.560,15.108,-11.497,2.316,9.689,1.000,0.000,-0.434,4,9.762,0.439,0.987,"Ground_Mountain_2_3:(0.120, 0.988, -0.093);Ground_Mountain_2_3:(0.120, 0.988, -0.093);Ground_Mountain_2_3:(0.120, 0.988, -0.093);Ground_Mountain_2_3:(0.120, 0.988, -0.093);Ground_Mountain_2_3:(0.120, 0.988, -0.093);Ground_Mountain_2_3:(0.120, 0.988, -0.093);"
7.240,502.214,1038.455,157.776,71.749,15.271,-11.885,2.339,9.480,1.000,0.000,-0.444,4,9.651,0.292,0.987,"Ground_Mountain_2_3:(0.114, 0.989, -0.093);Ground_Mountain_2_3:(0.114, 0.989, -0.093);Ground_Mountain_2_3:(0.114, 0.989, -0.093);Ground_Mountain_2_3:(0.114, 0.989, -0.093);Ground_Mountain_2_3:(0.114, 0.989, -0.093);Ground_Mountain_2_3:(0.114, 0.989, -0.093);"
7.260,502.509,1038.209,157.823,71.934,15.431,-12.276,2.358,9.247,1.000,0.000,-0.453,4,9.542,0.165,0.988,"Ground_Mountain_2_3:(0.108, 0.990, -0.093);Ground_Mountain_2_3:(0.108, 0.990, -0.093);Ground_Mountain_2_3:(0.108, 0.990, -0.093);Ground_Mountain_2_3:(0.108, 0.990, -0.093);Ground_Mountain_2_3:(0.108, 0.990, -0.093);Ground_Mountain_2_3:(0.108, 0.990, -0.093);"
7.280,502.805,1037.955,157.870,72.113,15.588,-12.667,2.365,8.989,1.000,0.000,-0.462,4,9.319,0.308,0.988,"Ground_Mountain_2_3:(0.117, 0.989, -0.090);Ground_Mountain_2_3:(0.117, 0.989, -0.090);Ground_Mountain_2_3:(0.117, 0.989, -0.090);Ground_Mountain_2_3:(0.117, 0.989, -0.090);Ground_Mountain_2_3:(0.117, 0.989, -0.090);Ground_Mountain_2_3:(0.117, 0.989, -0.090);"
7.300,503.073,1037.693,157.918,72.287,15.743,-13.056,2.368,8.708,1.000,0.000,-0.469,4,9.199,0.187,0.988,"Ground_Mountain_2_3:(0.111, 0.989, -0.093);Ground_Mountain_2_3:(0.111, 0.989, -0.093);Ground_Mountain_2_3:(0.111, 0.989, -0.093);Ground_Mountain_2_3:(0.111, 0.989, -0.093);Ground_Mountain_2_3:(0.111, 0.989, -0.093);Ground_Mountain_2_3:(0.111, 0.989, -0.093);"
7.320,503.319,1037.424,157.965,72.455,15.895,-13.441,2.365,8.404,1.000,0.000,-0.475,4,9.069,0.130,0.989,"Ground_Mountain_2_3:(0.111, 0.989, -0.093);Ground_Mountain_2_3:(0.111, 0.989, -0.093);Ground_Mountain_2_3:(0.111, 0.989, -0.093);Ground_Mountain_2_3:(0.111, 0.989, -0.093);Ground_Mountain_2_3:(0.111, 0.989, -0.093);Ground_Mountain_2_3:(0.111, 0.989, -0.093);"
7.340,503.616,1037.146,158.012,72.616,16.046,-13.823,2.356,8.079,1.000,0.000,-0.483,4,8.929,0.176,0.989,"Ground_Mountain_2_3:(0.111, 0.989, -0.093);Ground_Mountain_2_3:(0.111, 0.989, -0.093);Ground_Mountain_2_3:(0.111, 0.989, -0.093);Ground_Mountain_2_3:(0.111, 0.989, -0.093);Ground_Mountain_2_3:(0.111, 0.989, -0.093);Ground_Mountain_2_3:(0.111, 0.989, -0.093);"
7.360,503.912,1036.862,158.059,72.770,16.195,-14.198,2.342,7.732,1.000,0.000,-0.491,4,8.797,0.255,0.989,"Ground_Mountain_2_3:(0.111, 0.990, -0.093);Ground_Mountain_2_3:(0.111, 0.990, -0.093);Ground_Mountain_2_3:(0.111, 0.990, -0.093);Ground_Mountain_2_3:(0.111, 0.990, -0.093);Ground_Mountain_2_3:(0.111, 0.990, -0.093);Ground_Mountain_2_3:(0.111, 0.990, -0.093);"
7.380,504.207,1036.569,158.106,72.917,16.342,-14.566,2.311,7.366,1.000,0.000,-0.499,4,8.528,0.260,0.989,"Ground_Mountain_2_3:(0.107, 0.990, -0.097);Ground_Mountain_2_3:(0.107, 0.990, -0.097);Ground_Mountain_2_3:(0.107, 0.990, -0.097);Ground_Mountain_2_3:(0.107, 0.990, -0.097);Ground_Mountain_2_3:(0.107, 0.990, -0.097);Ground_Mountain_2_3:(0.107, 0.990, -0.097);"
7.400,504.500,1036.270,158.151,73.056,16.488,-14.927,2.273,6.982,1.000,0.000,-0.506,4,8.276,0.294,0.990,"Ground_Mountain_2_3:(0.090, 0.991, -0.102);Ground_Mountain_2_3:(0.090, 0.991, -0.102);Ground_Mountain_2_3:(0.090, 0.991, -0.102);Ground_Mountain_2_3:(0.090, 0.991, -0.102);Ground_Mountain_2_3:(0.090, 0.991, -0.102);Ground_Mountain_2_3:(0.090, 0.991, -0.102);"
7.420,504.790,1035.963,158.196,73.188,16.634,-15.277,2.229,6.579,1.000,0.000,-0.515,4,8.077,0.363,0.990,"Ground_Mountain_2_3:(0.090, 0.991, -0.101);Ground_Mountain_2_3:(0.090, 0.991, -0.101);Ground_Mountain_2_3:(0.090, 0.991, -0.101);Ground_Mountain_2_3:(0.090, 0.991, -0.101);Ground_Mountain_2_3:(0.090, 0.991, -0.101);Ground_Mountain_2_3:(0.090, 0.991, -0.101);"
7.440,505.079,1035.650,158.239,73.310,16.778,-15.618,2.179,6.158,1.000,0.000,-0.521,4,7.926,0.443,0.990,"Ground_Mountain_2_3:(0.090, 0.991, -0.101);Ground_Mountain_2_3:(0.090, 0.991, -0.101);Ground_Mountain_2_3:(0.090, 0.991, -0.101);Ground_Mountain_2_3:(0.090, 0.991, -0.101);Ground_Mountain_2_3:(0.090, 0.991, -0.101);Ground_Mountain_2_3:(0.090, 0.991, -0.101);"
7.460,505.298,1035.330,158.282,73.424,16.921,-15.946,2.124,5.721,1.000,0.000,-0.525,4,7.827,0.502,0.990,"Ground_Mountain_2_3:(0.090, 0.991, -0.101);Ground_Mountain_2_3:(0.090, 0.991, -0.101);Ground_Mountain_2_3:(0.090, 0.991, -0.101);Ground_Mountain_2_3:(0.090, 0.991, -0.101);Ground_Mountain_2_3:(0.090, 0.991, -0.101);Ground_Mountain_2_3:(0.090, 0.991, -0.101);"
7.480,505.582,1035.004,158.323,73.529,17.064,-16.262,2.067,5.268,1.000,0.000,-0.532,4,7.785,0.561,0.990,"Ground_Mountain_2_3:(0.089, 0.991, -0.101);Ground_Mountain_2_3:(0.089, 0.991, -0.101);Ground_Mountain_2_3:(0.089, 0.991, -0.101);Ground_Mountain_2_3:(0.089, 0.991, -0.101);Ground_Mountain_2_3:(0.089, 0.991, -0.101);Ground_Mountain_2_3:(0.089, 0.991, -0.101);"
7.500,505.862,1034.672,158.363,73.624,17.206,-16.566,2.001,4.800,1.000,0.000,-0.538,4,7.769,0.395,0.991,"Ground_Mountain_2_3:(0.095, 0.990, -0.103);Ground_Mountain_2_3:(0.095, 0.990, -0.103);Ground_Mountain_2_3:(0.095, 0.990, -0.103);Ground_Mountain_2_3:(0.095, 0.990, -0.103);Ground_Mountain_2_3:(0.095, 0.990, -0.103);Ground_Mountain_2_3:(0.095, 0.990, -0.103);"
7.520,506.138,1034.334,158.402,73.710,17.348,-16.855,1.932,4.318,1.000,0.000,-0.543,4,7.796,0.439,0.991,"Ground_Mountain_2_3:(0.086, 0.991, -0.107);Ground_Mountain_2_3:(0.086, 0.991, -0.107);Ground_Mountain_2_3:(0.086, 0.991, -0.107);Ground_Mountain_2_3:(0.086, 0.991, -0.107);Ground_Mountain_2_3:(0.086, 0.991, -0.107);Ground_Mountain_2_3:(0.086, 0.991, -0.107);"
7.540,506.409,1033.991,158.439,73.786,17.489,-17.129,1.862,3.822,1.000,0.000,-0.549,4,7.863,0.447,0.991,"Ground_Mountain_2_3:(0.083, 0.990, -0.110);Ground_Mountain_2_3:(0.083, 0.990, -0.110);Ground_Mountain_2_3:(0.083, 0.990, -0.110);Ground_Mountain_2_3:(0.083, 0.990, -0.110);Ground_Mountain_2_3:(0.083, 0.990, -0.110);Ground_Mountain_2_3:(0.083, 0.990, -0.110);"
7.560,506.675,1033.642,158.475,73.852,17.630,-17.387,1.791,3.312,1.000,0.000,-0.554,4,7.957,0.464,0.991,"Ground_Mountain_2_3:(0.083, 0.990, -0.110);Ground_Mountain_2_3:(0.083, 0.990, -0.110);Ground_Mountain_2_3:(0.083, 0.990, -0.110);Ground_Mountain_2_3:(0.083, 0.990, -0.110);Ground_Mountain_2_3:(0.083, 0.990, -0.110);Ground_Mountain_2_3:(0.083, 0.990, -0.110);"
7.580,506.936,1033.289,158.509,73.907,17.770,-17.630,1.719,2.789,1.000,0.000,-0.559,4,8.081,0.473,0.991,"Ground_Mountain_2_3:(0.083, 0.990, -0.110);Ground_Mountain_2_3:(0.083, 0.990, -0.110);Ground_Mountain_2_3:(0.083, 0.990, -0.110);Ground_Mountain_2_3:(0.083, 0.990, -0.110);Ground_Mountain_2_3:(0.083, 0.990, -0.110);Ground_Mountain_2_3:(0.083, 0.990, -0.110);"
7.600,507.192,1032.932,158.542,73.952,17.910,-17.856,1.648,2.255,1.000,0.000,-0.563,4,8.233,0.471,0.991,"Ground_Mountain_2_3:(0.083, 0.990, -0.110);Ground_Mountain_2_3:(0.083, 0.990, -0.110);Ground_Mountain_2_3:(0.083, 0.990, -0.110);Ground_Mountain_2_3:(0.083, 0.990, -0.110);Ground_Mountain_2_3:(0.083, 0.990, -0.110);Ground_Mountain_2_3:(0.083, 0.990, -0.110);"
7.620,507.397,1032.570,158.574,73.986,18.050,-18.064,1.577,1.708,1.000,0.000,-0.566,4,8.391,0.458,0.991,"Ground_Mountain_2_3:(0.083, 0.990, -0.110);Ground_Mountain_2_3:(0.083, 0.990, -0.110);Ground_Mountain_2_3:(0.083, 0.990, -0.110);Ground_Mountain_2_3:(0.083, 0.990, -0.110);Ground_Mountain_2_3:(0.083, 0.990, -0.110);Ground_Mountain_2_3:(0.083, 0.990, -0.110);"
7.640,507.643,1032.204,158.604,74.008,18.189,-18.255,1.507,1.151,1.000,0.000,-0.570,4,8.582,0.425,0.991,"Ground_Mountain_2_3:(0.083, 0.990, -0.110);Ground_Mountain_2_3:(0.083, 0.990, -0.110);Ground_Mountain_2_3:(0.083, 0.990, -0.110);Ground_Mountain_2_3:(0.083, 0.990, -0.110);Ground_Mountain_2_3:(0.083, 0.990, -0.110);Ground_Mountain_2_3:(0.083, 0.990, -0.110);"
7.660,507.881,1031.835,158.633,74.019,18.327,-18.428,1.438,0.584,1.000,0.000,-0.573,4,8.776,0.430,0.991,"Ground_Mountain_2_3:(0.083, 0.990, -0.110);Ground_Mountain_2_3:(0.083, 0.990, -0.110);Ground_Mountain_2_3:(0.083, 0.990, -0.110);Ground_Mountain_2_3:(0.083, 0.990, -0.110);Ground_Mountain_2_3:(0.083, 0.990, -0.110);Ground_Mountain_2_3:(0.083, 0.990, -0.110);"
7.680,508.112,1031.464,158.660,74.019,18.465,-18.582,1.372,0.006,1.000,0.000,-0.576,4,8.986,0.401,0.991,"Ground_Mountain_2_3:(0.081, 0.990, -0.112);Ground_Mountain_2_3:(0.081, 0.990, -0.112);Ground_Mountain_2_3:(0.081, 0.990, -0.112);Ground_Mountain_2_3:(0.081, 0.990, -0.112);Ground_Mountain_2_3:(0.081, 0.990, -0.112);Ground_Mountain_2_3:(0.081, 0.990, -0.112);"
7.700,508.336,1031.089,158.686,74.007,18.603,-18.716,1.307,-0.580,1.000,0.000,-0.579,4,9.196,0.367,0.991,"Ground_Mountain_2_3:(0.081, 0.990, -0.112);Ground_Mountain_2_3:(0.081, 0.990, -0.112);Ground_Mountain_2_3:(0.081, 0.990, -0.112);Ground_Mountain_2_3:(0.081, 0.990, -0.112);Ground_Mountain_2_3:(0.081, 0.990, -0.112);Ground_Mountain_2_3:(0.081, 0.990, -0.112);"
7.720,508.552,1030.712,158.711,73.984,18.740,-18.831,1.243,-1.175,1.000,0.000,-0.581,4,9.402,0.328,0.991,"Ground_Mountain_2_3:(0.082, 0.990, -0.111);Ground_Mountain_2_3:(0.082, 0.990, -0.111);Ground_Mountain_2_3:(0.082, 0.990, -0.111);Ground_Mountain_2_3:(0.082, 0.990, -0.111);Ground_Mountain_2_3:(0.082, 0.990, -0.111);Ground_Mountain_2_3:(0.082, 0.990, -0.111);"
7.740,508.759,1030.334,158.735,73.948,18.877,-18.927,1.181,-1.778,1.000,0.000,-0.583,4,9.613,0.288,0.991,"Ground_Mountain_2_3:(0.083, 0.990, -0.111);Ground_Mountain_2_3:(0.083, 0.990, -0.111);Ground_Mountain_2_3:(0.083, 0.990, -0.111);Ground_Mountain_2_3:(0.083, 0.990, -0.111);Ground_Mountain_2_3:(0.083, 0.990, -0.111);Ground_Mountain_2_3:(0.083, 0.990, -0.111);"
7.760,508.958,1029.954,158.757,73.900,19.013,-19.001,1.122,-2.388,1.000,0.000,-0.584,4,9.823,0.272,0.991,"Ground_Mountain_2_3:(0.083, 0.990, -0.111);Ground_Mountain_2_3:(0.083, 0.990, -0.111);Ground_Mountain_2_3:(0.083, 0.990, -0.111);Ground_Mountain_2_3:(0.083, 0.990, -0.111);Ground_Mountain_2_3:(0.083, 0.990, -0.111);Ground_Mountain_2_3:(0.083, 0.990, -0.111);"
7.780,509.148,1029.572,158.779,73.840,19.149,-19.056,1.064,-3.004,1.000,0.000,-0.585,4,10.017,0.233,0.990,"Ground_Mountain_2_3:(0.083, 0.990, -0.110);Ground_Mountain_2_3:(0.083, 0.990, -0.110);Ground_Mountain_2_3:(0.083, 0.990, -0.110);Ground_Mountain_2_3:(0.083, 0.990, -0.110);Ground_Mountain_2_3:(0.083, 0.990, -0.110);Ground_Mountain_2_3:(0.083, 0.990, -0.110);"
7.800,509.329,1029.191,158.799,73.767,19.284,-19.089,1.007,-3.626,1.000,0.000,-0.585,4,10.187,0.204,0.990,"Ground_Mountain_2_3:(0.083, 0.990, -0.110);Ground_Mountain_2_3:(0.083, 0.990, -0.110);Ground_Mountain_2_3:(0.083, 0.990, -0.110);Ground_Mountain_2_3:(0.083, 0.990, -0.110);Ground_Mountain_2_3:(0.083, 0.990, -0.110);Ground_Mountain_2_3:(0.083, 0.990, -0.110);"
7.820,509.500,1028.808,158.818,73.682,19.419,-19.101,0.951,-4.252,1.000,0.000,-0.585,4,10.325,0.168,0.990,"Ground_Mountain_2_3:(0.084, 0.990, -0.110);Ground_Mountain_2_3:(0.084, 0.990, -0.110);Ground_Mountain_2_3:(0.084, 0.990, -0.110);Ground_Mountain_2_3:(0.084, 0.990, -0.110);Ground_Mountain_2_3:(0.084, 0.990, -0.110);Ground_Mountain_2_3:(0.084, 0.990, -0.110);"
7.840,509.653,1028.427,158.836,73.584,19.553,-19.093,0.894,-4.883,1.000,0.000,-0.584,4,10.436,0.143,0.990,"Ground_Mountain_2_3:(0.083, 0.990, -0.111);Ground_Mountain_2_3:(0.083, 0.990, -0.111);Ground_Mountain_2_3:(0.083, 0.990, -0.111);Ground_Mountain_2_3:(0.083, 0.990, -0.111);Ground_Mountain_2_3:(0.083, 0.990, -0.111);Ground_Mountain_2_3:(0.083, 0.990, -0.111);"
7.860,509.807,1028.045,158.852,73.474,19.686,-19.062,0.837,-5.516,1.000,0.000,-0.583,4,10.518,0.103,0.990,"Ground_Mountain_2_3:(0.083, 0.990, -0.111);Ground_Mountain_2_3:(0.083, 0.990, -0.111);Ground_Mountain_2_3:(0.083, 0.990, -0.111);Ground_Mountain_2_3:(0.083, 0.990, -0.111);Ground_Mountain_2_3:(0.083, 0.990, -0.111);Ground_Mountain_2_3:(0.083, 0.990, -0.111);"
7.880,509.951,1027.665,158.868,73.351,19.820,-19.010,0.779,-6.152,1.000,0.000,-0.581,4,10.578,0.083,0.990,"Ground_Mountain_2_3:(0.084, 0.990, -0.111);Ground_Mountain_2_3:(0.084, 0.990, -0.111);Ground_Mountain_2_3:(0.084, 0.990, -0.111);Ground_Mountain_2_3:(0.084, 0.990, -0.111);Ground_Mountain_2_3:(0.084, 0.990, -0.111);Ground_Mountain_2_3:(0.084, 0.990, -0.111);"
7.900,510.084,1027.286,158.882,73.215,19.952,-18.936,0.720,-6.790,1.000,0.000,-0.579,4,10.623,0.076,0.990,"Ground_Mountain_2_3:(0.084, 0.990, -0.111);Ground_Mountain_2_3:(0.084, 0.990, -0.111);Ground_Mountain_2_3:(0.084, 0.990, -0.111);Ground_Mountain_2_3:(0.084, 0.990, -0.111);Ground_Mountain_2_3:(0.084, 0.990, -0.111);Ground_Mountain_2_3:(0.084, 0.990, -0.111);"
7.920,510.206,1026.910,158.895,73.066,20.084,-18.841,0.659,-7.429,1.000,0.000,-0.577,4,10.659,0.064,0.990,"Ground_Mountain_2_3:(0.084, 0.990, -0.110);Ground_Mountain_2_3:(0.084, 0.990, -0.110);Ground_Mountain_2_3:(0.084, 0.990, -0.110);Ground_Mountain_2_3:(0.084, 0.990, -0.110);Ground_Mountain_2_3:(0.084, 0.990, -0.110);Ground_Mountain_2_3:(0.084, 0.990, -0.110);"
7.940,510.317,1026.535,158.907,72.905,20.216,-18.723,0.598,-8.068,1.000,0.000,-0.575,4,10.678,0.046,0.990,"Ground_Mountain_2_3:(0.085, 0.990, -0.111);Ground_Mountain_2_3:(0.085, 0.990, -0.111);Ground_Mountain_2_3:(0.085, 0.990, -0.111);Ground_Mountain_2_3:(0.085, 0.990, -0.111);Ground_Mountain_2_3:(0.085, 0.990, -0.111);Ground_Mountain_2_3:(0.085, 0.990, -0.111);"
7.960,510.416,1026.164,158.918,72.731,20.347,-18.583,0.534,-8.706,1.000,0.000,-0.572,4,10.668,0.022,0.990,"Ground_Mountain_2_3:(0.084, 0.990, -0.111);Ground_Mountain_2_3:(0.084, 0.990, -0.111);Ground_Mountain_2_3:(0.084, 0.990, -0.111);Ground_Mountain_2_3:(0.084, 0.990, -0.111);Ground_Mountain_2_3:(0.084, 0.990, -0.111);Ground_Mountain_2_3:(0.084, 0.990, -0.111);"
7.980,510.503,1025.795,158.927,72.544,20.477,-18.421,0.467,-9.342,1.000,0.000,-0.569,4,10.629,0.033,0.990,"Ground_Mountain_2_3:(0.084, 0.990, -0.111);Ground_Mountain_2_3:(0.084, 0.990, -0.111);Ground_Mountain_2_3:(0.084, 0.990, -0.111);Ground_Mountain_2_3:(0.084, 0.990, -0.111);Ground_Mountain_2_3:(0.084, 0.990, -0.111);Ground_Mountain_2_3:(0.084, 0.990, -0.111);"
8.000,510.578,1025.431,158.935,72.344,20.607,-18.238,0.398,-9.974,1.000,0.000,-0.565,4,10.581,0.028,0.990,"Ground_Mountain_2_3:(0.084, 0.990, -0.111);Ground_Mountain_2_3:(0.084, 0.990, -0.111);Ground_Mountain_2_3:(0.084, 0.990, -0.111);Ground_Mountain_2_3:(0.084, 0.990, -0.111);Ground_Mountain_2_3:(0.084, 0.990, -0.111);Ground_Mountain_2_3:(0.084, 0.990, -0.111);"
8.020,510.641,1025.070,158.942,72.132,20.736,-18.035,0.327,-10.600,1.000,0.000,-0.561,4,10.521,0.034,0.990,"Ground_Mountain_2_3:(0.084, 0.990, -0.111);Ground_Mountain_2_3:(0.084, 0.990, -0.111);Ground_Mountain_2_3:(0.084, 0.990, -0.111);Ground_Mountain_2_3:(0.084, 0.990, -0.111);Ground_Mountain_2_3:(0.084, 0.990, -0.111);Ground_Mountain_2_3:(0.084, 0.990, -0.111);"
8.040,510.691,1024.714,158.947,71.908,20.865,-17.813,0.253,-11.219,1.000,0.000,-0.557,4,10.446,0.033,0.990,"Ground_Mountain_2_3:(0.086, 0.990, -0.111);Ground_Mountain_2_3:(0.086, 0.990, -0.111);Ground_Mountain_2_3:(0.086, 0.990, -0.111);Ground_Mountain_2_3:(0.086, 0.990, -0.111);Ground_Mountain_2_3:(0.086, 0.990, -0.111);Ground_Mountain_2_3:(0.086, 0.990, -0.111);"
8.060,510.728,1024.362,158.950,71.671,20.992,-17.572,0.176,-11.830,1.000,0.000,-0.552,4,10.363,0.050,0.990,"Ground_Mountain_2_3:(0.086, 0.990, -0.112);Ground_Mountain_2_3:(0.086, 0.990, -0.112);Ground_Mountain_2_3:(0.086, 0.990, -0.112);Ground_Mountain_2_3:(0.086, 0.990, -0.112);Ground_Mountain_2_3:(0.086, 0.990, -0.112);Ground_Mountain_2_3:(0.086, 0.990, -0.112);"
8.080,510.753,1024.016,158.952,71.423,21.118,-17.312,0.096,-12.433,1.000,0.000,-0.548,4,10.254,0.057,0.990,"Ground_Mountain_2_3:(0.086, 0.990, -0.113);Ground_Mountain_2_3:(0.086, 0.990, -0.113);Ground_Mountain_2_3:(0.086, 0.990, -0.113);Ground_Mountain_2_3:(0.086, 0.990, -0.113);Ground_Mountain_2_3:(0.086, 0.990, -0.113);Ground_Mountain_2_3:(0.086, 0.990, -0.113);"
8.100,510.765,1023.675,158.953,71.162,21.243,-17.033,0.013,-13.027,1.000,0.000,-0.543,4,10.154,0.045,0.990,"Ground_Mountain_2_3:(0.086, 0.990, -0.113);Ground_Mountain_2_3:(0.086, 0.990, -0.113);Ground_Mountain_2_3:(0.086, 0.990, -0.113);Ground_Mountain_2_3:(0.086, 0.990, -0.113);Ground_Mountain_2_3:(0.086, 0.990, -0.113);Ground_Mountain_2_3:(0.086, 0.990, -0.113);"
8.120,510.764,1023.341,158.951,70.890,21.367,-16.736,-0.072,-13.611,1.000,0.000,-0.538,4,10.078,0.040,0.990,"Ground_Mountain_2_3:(0.087, 0.990, -0.113);Ground_Mountain_2_3:(0.087, 0.990, -0.113);Ground_Mountain_2_3:(0.087, 0.990, -0.113);Ground_Mountain_2_3:(0.087, 0.990, -0.113);Ground_Mountain_2_3:(0.087, 0.990, -0.113);Ground_Mountain_2_3:(0.087, 0.990, -0.113);"
8.140,510.750,1023.012,158.948,70.606,21.489,-16.421,-0.159,-14.186,1.000,0.000,-0.532,4,10.015,0.039,0.990,"Ground_Mountain_2_3:(0.085, 0.990, -0.113);Ground_Mountain_2_3:(0.085, 0.990, -0.113);Ground_Mountain_2_3:(0.085, 0.990, -0.113);Ground_Mountain_2_3:(0.085, 0.990, -0.113);Ground_Mountain_2_3:(0.085, 0.990, -0.113);Ground_Mountain_2_3:(0.085, 0.990, -0.113);"
8.160,510.723,1022.691,158.943,70.311,21.610,-16.088,-0.248,-14.749,1.000,0.000,-0.527,4,9.949,0.031,0.990,"Ground_Mountain_2_3:(0.086, 0.990, -0.113);Ground_Mountain_2_3:(0.086, 0.990, -0.113);Ground_Mountain_2_3:(0.086, 0.990, -0.113);Ground_Mountain_2_3:(0.086, 0.990, -0.113);Ground_Mountain_2_3:(0.086, 0.990, -0.113);Ground_Mountain_2_3:(0.086, 0.990, -0.113);"
8.180,510.682,1022.376,158.936,70.005,21.729,-15.737,-0.338,-15.302,1.000,0.000,-0.522,4,9.882,0.083,0.990,"Ground_Mountain_2_3:(0.085, 0.990, -0.115);Ground_Mountain_2_3:(0.085, 0.990, -0.115);Ground_Mountain_2_3:(0.085, 0.990, -0.115);Ground_Mountain_2_3:(0.085, 0.990, -0.115);Ground_Mountain_2_3:(0.085, 0.990, -0.115);Ground_Mountain_2_3:(0.085, 0.990, -0.115);"
8.200,510.629,1022.069,158.928,69.688,21.847,-15.370,-0.433,-15.843,1.000,0.000,-0.517,4,9.738,0.112,0.990,"Ground_Mountain_2_3:(0.085, 0.990, -0.115);Ground_Mountain_2_3:(0.085, 0.990, -0.115);Ground_Mountain_2_3:(0.085, 0.990, -0.115);Ground_Mountain_2_3:(0.085, 0.990, -0.115);Ground_Mountain_2_3:(0.085, 0.990, -0.115);Ground_Mountain_2_3:(0.085, 0.990, -0.115);"
8.220,510.562,1021.769,158.917,69.361,21.962,-14.986,-0.530,-16.372,1.000,0.000,-0.511,4,9.602,0.092,0.990,"Ground_Mountain_2_3:(0.085, 0.990, -0.116);Ground_Mountain_2_3:(0.085, 0.990, -0.116);Ground_Mountain_2_3:(0.085, 0.990, -0.116);Ground_Mountain_2_3:(0.085, 0.990, -0.116);Ground_Mountain_2_3:(0.085, 0.990, -0.116);Ground_Mountain_2_3:(0.085, 0.990, -0.116);"
8.240,510.482,1021.477,158.904,69.023,22.075,-14.586,-0.630,-16.888,1.000,0.000,-0.506,4,9.459,0.116,0.990,"Ground_Mountain_2_3:(0.083, 0.990, -0.117);Ground_Mountain_2_3:(0.083, 0.990, -0.117);Ground_Mountain_2_3:(0.083, 0.990, -0.117);Ground_Mountain_2_3:(0.083, 0.990, -0.117);Ground_Mountain_2_3:(0.083, 0.990, -0.117);Ground_Mountain_2_3:(0.083, 0.990, -0.117);"
8.260,510.389,1021.194,158.890,68.675,22.179,-14.166,-0.735,-17.383,0.962,0.000,-0.501,4,9.213,0.196,0.990,"Ground_Mountain_2_3:(0.083, 0.990, -0.117);Ground_Mountain_2_3:(0.083, 0.990, -0.117);Ground_Mountain_2_3:(0.083, 0.990, -0.117);Ground_Mountain_2_3:(0.083, 0.990, -0.117);Ground_Mountain_2_3:(0.083, 0.990, -0.117);Ground_Mountain_2_3:(0.083, 0.990, -0.117);"
8.280,510.283,1020.919,158.873,68.318,22.270,-13.726,-0.847,-17.856,0.911,0.000,-0.495,4,8.867,0.178,0.990,"Ground_Mountain_2_3:(0.082, 0.990, -0.119);Ground_Mountain_2_3:(0.082, 0.990, -0.119);Ground_Mountain_2_3:(0.082, 0.990, -0.119);Ground_Mountain_2_3:(0.082, 0.990, -0.119);Ground_Mountain_2_3:(0.082, 0.990, -0.119);Ground_Mountain_2_3:(0.082, 0.990, -0.119);"
8.300,510.164,1020.654,158.853,67.952,22.349,-13.268,-0.966,-18.305,0.865,0.000,-0.490,4,8.558,0.149,0.990,"Ground_Mountain_2_3:(0.079, 0.989, -0.127);Ground_Mountain_2_3:(0.079, 0.989, -0.127);Ground_Mountain_2_3:(0.079, 0.989, -0.127);Ground_Mountain_2_3:(0.079, 0.989, -0.127);Ground_Mountain_2_3:(0.079, 0.989, -0.127);Ground_Mountain_2_3:(0.079, 0.989, -0.127);"
8.320,510.031,1020.398,158.831,67.577,22.419,-12.794,-1.092,-18.731,0.825,0.000,-0.485,4,8.135,0.303,0.990,"Ground_Mountain_2_3:(0.079, 0.988, -0.130);Ground_Mountain_2_3:(0.079, 0.988, -0.130);Ground_Mountain_2_3:(0.079, 0.988, -0.130);Ground_Mountain_2_3:(0.079, 0.988, -0.130);Ground_Mountain_2_3:(0.079, 0.988, -0.130);Ground_Mountain_2_3:(0.079, 0.988, -0.130);"
8.340,509.886,1020.151,158.807,67.194,22.479,-12.304,-1.227,-19.135,0.791,0.000,-0.479,4,7.595,0.208,0.990,"Ground_Mountain_2_3:(0.077, 0.988, -0.132);Ground_Mountain_2_3:(0.077, 0.988, -0.132);Ground_Mountain_2_3:(0.077, 0.988, -0.132);Ground_Mountain_2_3:(0.077, 0.988, -0.132);Ground_Mountain_2_3:(0.077, 0.988, -0.132);Ground_Mountain_2_3:(0.077, 0.988, -0.132);"
8.360,509.729,1019.915,158.779,66.803,22.532,-11.801,-1.370,-19.517,0.760,0.000,-0.474,4,7.144,0.104,0.990,"Ground_Mountain_2_3:(0.078, 0.988, -0.133);Ground_Mountain_2_3:(0.078, 0.988, -0.133);Ground_Mountain_2_3:(0.078, 0.988, -0.133);Ground_Mountain_2_3:(0.078, 0.988, -0.133);Ground_Mountain_2_3:(0.078, 0.988, -0.133);Ground_Mountain_2_3:(0.078, 0.988, -0.133);"
8.380,509.458,1019.689,158.749,66.405,22.577,-11.285,-1.521,-19.877,0.734,0.000,-0.467,4,6.782,0.103,0.989,"Ground_Mountain_2_3:(0.077, 0.988, -0.135);Ground_Mountain_2_3:(0.077, 0.988, -0.135);Ground_Mountain_2_3:(0.077, 0.988, -0.135);Ground_Mountain_2_3:(0.077, 0.988, -0.135);Ground_Mountain_2_3:(0.077, 0.988, -0.135);Ground_Mountain_2_3:(0.077, 0.988, -0.135);"
8.400,509.271,1019.474,158.715,66.000,22.616,-10.758,-1.685,-20.215,0.711,0.000,-0.462,4,6.242,0.174,0.989,"Ground_Mountain_2_3:(0.079, 0.987, -0.144);Ground_Mountain_2_3:(0.079, 0.987, -0.144);Ground_Mountain_2_3:(0.079, 0.987, -0.144);Ground_Mountain_2_3:(0.079, 0.987, -0.144);Ground_Mountain_2_3:(0.079, 0.987, -0.144);Ground_Mountain_2_3:(0.079, 0.987, -0.144);"
8.420,509.073,1019.269,158.678,65.589,22.649,-10.220,-1.856,-20.532,0.692,0.000,-0.457,4,5.764,0.089,0.989,"Ground_Mountain_2_3:(0.080, 0.986, -0.147);Ground_Mountain_2_3:(0.080, 0.986, -0.147);Ground_Mountain_2_3:(0.080, 0.986, -0.147);Ground_Mountain_2_3:(0.080, 0.986, -0.147);Ground_Mountain_2_3:(0.080, 0.986, -0.147);Ground_Mountain_2_3:(0.080, 0.986, -0.147);"
8.440,508.862,1019.076,158.637,65.171,22.677,-9.672,-2.031,-20.828,0.675,0.000,-0.451,4,5.439,0.135,0.989,"Ground_Mountain_2_3:(0.081, 0.986, -0.147);Ground_Mountain_2_3:(0.081, 0.986, -0.147);Ground_Mountain_2_3:(0.081, 0.986, -0.147);Ground_Mountain_2_3:(0.081, 0.986, -0.147);Ground_Mountain_2_3:(0.081, 0.986, -0.147);Ground_Mountain_2_3:(0.081, 0.986, -0.147);"
8.460,508.640,1018.893,158.593,64.749,22.701,-9.115,-2.212,-21.103,0.661,0.000,-0.446,4,5.272,0.079,0.988,"Ground_Mountain_2_3:(0.081, 0.986, -0.149);Ground_Mountain_2_3:(0.081, 0.986, -0.149);Ground_Mountain_2_3:(0.081, 0.986, -0.149);Ground_Mountain_2_3:(0.081, 0.986, -0.149);Ground_Mountain_2_3:(0.081, 0.986, -0.149);Ground_Mountain_2_3:(0.081, 0.986, -0.149);"
8.480,508.406,1018.722,158.545,64.321,22.721,-8.550,-2.397,-21.358,0.649,0.000,-0.441,4,5.033,0.074,0.988,"Ground_Mountain_2_3:(0.089, 0.984, -0.155);Ground_Mountain_2_3:(0.089, 0.984, -0.155);Ground_Mountain_2_3:(0.089, 0.984, -0.155);Ground_Mountain_2_3:(0.089, 0.984, -0.155);Ground_Mountain_2_3:(0.089, 0.984, -0.155);Ground_Mountain_2_3:(0.089, 0.984, -0.155);"
8.500,508.161,1018.563,158.493,63.888,22.736,-7.978,-2.590,-21.593,0.640,0.000,-0.436,4,4.702,0.031,0.988,"Ground_Mountain_2_3:(0.091, 0.982, -0.167);Ground_Mountain_2_3:(0.091, 0.982, -0.167);Ground_Mountain_2_3:(0.091, 0.982, -0.167);Ground_Mountain_2_3:(0.091, 0.982, -0.167);Ground_Mountain_2_3:(0.091, 0.982, -0.167);Ground_Mountain_2_3:(0.091, 0.982, -0.167);"
8.520,507.904,1018.414,158.437,63.451,22.749,-7.399,-2.785,-21.807,0.632,0.000,-0.431,4,4.506,0.109,0.987,"Ground_Mountain_2_3:(0.089, 0.982, -0.169);Ground_Mountain_2_3:(0.089, 0.982, -0.169);Ground_Mountain_2_3:(0.089, 0.982, -0.169);Ground_Mountain_2_3:(0.089, 0.982, -0.169);Ground_Mountain_2_3:(0.089, 0.982, -0.169);Ground_Mountain_2_3:(0.089, 0.982, -0.169);"
8.540,507.637,1018.278,158.377,63.010,22.759,-6.815,-3.000,-22.000,0.625,0.000,-0.426,3,3.535,0.236,0.987,"Ground_Mountain_2_3:(0.092, 0.981, -0.168);Ground_Mountain_2_3:(0.092, 0.981, -0.168);Ground_Mountain_2_3:(0.092, 0.981, -0.168);Ground_Mountain_2_3:(0.092, 0.981, -0.168);Ground_Mountain_2_3:(0.092, 0.981, -0.168);Ground_Mountain_2_3:(0.092, 0.981, -0.168);"
8.560,507.219,1018.154,158.313,62.565,22.767,-6.226,-3.214,-22.173,0.620,0.000,-0.419,3,3.625,0.132,0.986,"Ground_Mountain_2_3:(0.097, 0.981, -0.171);Ground_Mountain_2_3:(0.097, 0.981, -0.171);Ground_Mountain_2_3:(0.097, 0.981, -0.171);Ground_Mountain_2_3:(0.097, 0.981, -0.171);Ground_Mountain_2_3:(0.097, 0.981, -0.171);Ground_Mountain_2_3:(0.097, 0.981, -0.171);"
8.580,506.926,1018.041,158.243,62.117,22.772,-5.632,-3.445,-22.324,0.617,0.000,-0.413,2,2.490,0.478,0.985,"Ground_Mountain_2_3:(0.087, 0.978, -0.187);Ground_Mountain_2_3:(0.087, 0.978, -0.187);Ground_Mountain_2_3:(0.087, 0.978, -0.187);Ground_Mountain_2_3:(0.087, 0.978, -0.187);Ground_Mountain_2_3:(0.087, 0.978, -0.187);Ground_Mountain_2_3:(0.087, 0.978, -0.187);"
8.600,506.624,1017.941,158.170,61.667,22.776,-5.034,-3.673,-22.456,0.614,0.000,-0.408,2,2.360,0.748,0.984,"Ground_Mountain_2_3:(0.087, 0.978, -0.188);Ground_Mountain_2_3:(0.087, 0.978, -0.188);Ground_Mountain_2_3:(0.087, 0.978, -0.188);Ground_Mountain_2_3:(0.087, 0.978, -0.188);Ground_Mountain_2_3:(0.087, 0.978, -0.188);Ground_Mountain_2_3:(0.087, 0.978, -0.188);"
8.620,506.312,1017.853,158.092,61.214,22.778,-4.432,-3.899,-22.570,0.612,0.000,-0.403,2,2.243,0.987,0.983,"Ground_Mountain_2_3:(0.089, 0.977, -0.192);Ground_Mountain_2_3:(0.089, 0.977, -0.192);Ground_Mountain_2_3:(0.089, 0.977, -0.192);Ground_Mountain_2_3:(0.089, 0.977, -0.192);Ground_Mountain_2_3:(0.089, 0.977, -0.192);Ground_Mountain_2_3:(0.089, 0.977, -0.192);"
8.640,505.990,1017.776,158.009,60.759,22.779,-3.827,-4.124,-22.664,0.611,0.000,-0.398,2,2.192,1.205,0.982,"Ground_Mountain_2_3:(0.094, 0.977, -0.192);Ground_Mountain_2_3:(0.094, 0.977, -0.192);Ground_Mountain_2_3:(0.094, 0.977, -0.192);Ground_Mountain_2_3:(0.094, 0.977, -0.192);Ground_Mountain_2_3:(0.094, 0.977, -0.192);Ground_Mountain_2_3:(0.094, 0.977, -0.192);"
8.660,505.659,1017.712,157.921,60.302,22.778,-3.218,-4.350,-22.740,0.611,0.000,-0.393,2,1.988,1.038,0.981,"Ground_Mountain_2_3:(0.094, 0.974, -0.207);Ground_Mountain_2_3:(0.094, 0.974, -0.207);Ground_Mountain_2_3:(0.094, 0.974, -0.207);Ground_Mountain_2_3:(0.094, 0.974, -0.207);Ground_Mountain_2_3:(0.094, 0.974, -0.207);Ground_Mountain_2_3:(0.094, 0.974, -0.207);"
8.680,505.319,1017.660,157.830,59.845,22.776,-2.609,-4.577,-22.795,0.611,0.000,-0.388,2,1.730,1.218,0.980,"Ground_Mountain_2_3:(0.086, 0.973, -0.215);Ground_Mountain_2_3:(0.086, 0.973, -0.215);Ground_Mountain_2_3:(0.086, 0.973, -0.215);Ground_Mountain_2_3:(0.086, 0.973, -0.215);Ground_Mountain_2_3:(0.086, 0.973, -0.215);Ground_Mountain_2_3:(0.086, 0.973, -0.215);"
8.700,504.797,1017.621,157.733,59.386,22.773,-1.997,-4.802,-22.832,0.612,0.000,-0.380,2,1.590,1.367,0.979,"Ground_Mountain_2_3:(0.091, 0.972, -0.216);Ground_Mountain_2_3:(0.091, 0.972, -0.216);Ground_Mountain_2_3:(0.091, 0.972, -0.216);Ground_Mountain_2_3:(0.091, 0.972, -0.216);Ground_Mountain_2_3:(0.091, 0.972, -0.216);Ground_Mountain_2_3:(0.091, 0.972, -0.216);"
8.720,504.437,1017.581,157.633,58.928,22.627,-1.995,-4.978,-22.827,0.614,0.000,-0.375,1,0.912,1.223,0.977,"Ground_Mountain_2_3:(0.091, 0.972, -0.216);Ground_Mountain_2_3:(0.091, 0.972, -0.216);Ground_Mountain_2_3:(0.091, 0.972, -0.216);Ground_Mountain_2_3:(0.091, 0.972, -0.216);Ground_Mountain_2_3:(0.091, 0.972, -0.216);Ground_Mountain_2_3:(0.091, 0.972, -0.216);"
8.740,504.076,1017.542,157.530,58.470,22.461,-1.992,-5.155,-22.821,0.687,0.000,-0.369,1,0.893,1.234,0.976,"Ground_Mountain_2_3:(0.091, 0.971, -0.223);Ground_Mountain_2_3:(0.091, 0.971, -0.223);Ground_Mountain_2_3:(0.091, 0.971, -0.223);Ground_Mountain_2_3:(0.091, 0.971, -0.223);Ground_Mountain_2_3:(0.091, 0.971, -0.223);Ground_Mountain_2_3:(0.091, 0.971, -0.223);"
8.760,503.715,1017.503,157.423,58.012,22.278,-1.990,-5.332,-22.815,0.769,0.000,-0.363,1,0.868,1.243,0.975,"Ground_Mountain_2_3:(0.090, 0.967, -0.238);Ground_Mountain_2_3:(0.090, 0.967, -0.238);Ground_Mountain_2_3:(0.090, 0.967, -0.238);Ground_Mountain_2_3:(0.090, 0.967, -0.238);Ground_Mountain_2_3:(0.090, 0.967, -0.238);Ground_Mountain_2_3:(0.090, 0.967, -0.238);"
8.780,503.353,1017.463,157.312,57.555,22.075,-1.989,-5.526,-22.806,0.861,0.000,-0.358,0,0.000,1.249,0.974,"Ground_Mountain_2_3:(0.095, 0.966, -0.239);Ground_Mountain_2_3:(0.095, 0.966, -0.239);Ground_Mountain_2_3:(0.095, 0.966, -0.239);Ground_Mountain_2_3:(0.095, 0.966, -0.239);Ground_Mountain_2_3:(0.095, 0.966, -0.239);Ground_Mountain_2_3:(0.095, 0.966, -0.239);"
8.800,502.796,1017.424,157.197,57.098,21.855,-1.988,-5.720,-22.797,0.962,0.000,-0.349,0,0.000,1.240,0.972,"Ground_Mountain_2_3:(0.095, 0.966, -0.239);Ground_Mountain_2_3:(0.095, 0.966, -0.239);Ground_Mountain_2_3:(0.095, 0.966, -0.239);Ground_Mountain_2_3:(0.095, 0.966, -0.239);Ground_Mountain_2_3:(0.095, 0.966, -0.239);Ground_Mountain_2_3:(0.095, 0.966, -0.239);"
8.820,502.431,1017.385,157.079,56.641,21.618,-1.985,-5.884,-22.794,1.000,0.000,-0.343,1,1.552,1.229,0.971,"Ground_Mountain_2_3:(0.094, 0.965, -0.243);Ground_Mountain_2_3:(0.094, 0.965, -0.243);Ground_Mountain_2_3:(0.094, 0.965, -0.243);Ground_Mountain_2_3:(0.094, 0.965, -0.243);Ground_Mountain_2_3:(0.094, 0.965, -0.243);Ground_Mountain_2_3:(0.094, 0.965, -0.243);"
8.840,502.065,1017.346,156.958,56.184,21.364,-1.980,-6.044,-22.793,1.000,0.000,-0.337,1,1.732,1.248,0.970,"Ground_Mountain_2_3:(0.092, 0.963, -0.255);Ground_Mountain_2_3:(0.092, 0.963, -0.255);Ground_Mountain_2_3:(0.092, 0.963, -0.255);Ground_Mountain_2_3:(0.092, 0.963, -0.255);Ground_Mountain_2_3:(0.092, 0.963, -0.255);Ground_Mountain_2_3:(0.092, 0.963, -0.255);"
8.860,501.698,1017.307,156.834,55.727,21.093,-1.976,-6.201,-22.792,1.000,0.000,-0.331,1,1.884,1.272,0.969,"Ground_Mountain_2_3:(0.086, 0.962, -0.261);Ground_Mountain_2_3:(0.086, 0.962, -0.261);Ground_Mountain_2_3:(0.086, 0.962, -0.261);Ground_Mountain_2_3:(0.086, 0.962, -0.261);Ground_Mountain_2_3:(0.086, 0.962, -0.261);Ground_Mountain_2_3:(0.086, 0.962, -0.261);"
8.880,501.331,1017.268,156.706,55.270,20.807,-1.971,-6.355,-22.792,1.000,0.000,-0.324,1,2.059,1.299,0.968,"Ground_Mountain_2_3:(0.092, 0.961, -0.260);Ground_Mountain_2_3:(0.092, 0.961, -0.260);Ground_Mountain_2_3:(0.092, 0.961, -0.260);Ground_Mountain_2_3:(0.092, 0.961, -0.260);Ground_Mountain_2_3:(0.092, 0.961, -0.260);Ground_Mountain_2_3:(0.092, 0.961, -0.260);"
8.900,500.738,1017.230,156.576,54.813,20.506,-1.965,-6.505,-22.793,1.000,0.000,-0.316,1,2.226,1.330,0.967,"Ground_Mountain_2_3:(0.092, 0.961, -0.260);Ground_Mountain_2_3:(0.092, 0.961, -0.260);Ground_Mountain_2_3:(0.092, 0.961, -0.260);Ground_Mountain_2_3:(0.092, 0.961, -0.260);Ground_Mountain_2_3:(0.092, 0.961, -0.260);Ground_Mountain_2_3:(0.092, 0.961, -0.260);"
8.920,500.367,1017.191,156.442,54.355,20.189,-1.960,-6.654,-22.795,1.000,0.000,-0.309,1,2.342,1.365,0.965,"Ground_Mountain_2_3:(0.093, 0.957, -0.275);Ground_Mountain_2_3:(0.093, 0.957, -0.275);Ground_Mountain_2_3:(0.093, 0.957, -0.275);Ground_Mountain_2_3:(0.093, 0.957, -0.275);Ground_Mountain_2_3:(0.093, 0.957, -0.275);Ground_Mountain_2_3:(0.093, 0.957, -0.275);"
8.940,499.995,1017.152,156.306,53.898,19.859,-1.954,-6.802,-22.797,1.000,0.000,-0.303,1,2.322,1.404,0.964,"Ground_Mountain_2_3:(0.099, 0.954, -0.285);Ground_Mountain_2_3:(0.099, 0.954, -0.285);Ground_Mountain_2_3:(0.099, 0.954, -0.285);Ground_Mountain_2_3:(0.099, 0.954, -0.285);Ground_Mountain_2_3:(0.099, 0.954, -0.285);Ground_Mountain_2_3:(0.099, 0.954, -0.285);"
8.960,499.622,1017.114,156.166,53.440,19.515,-1.948,-6.951,-22.799,1.000,0.000,-0.296,1,2.326,1.443,0.962,"Ground_Mountain_2_3:(0.094, 0.954, -0.284);Ground_Mountain_2_3:(0.094, 0.954, -0.284);Ground_Mountain_2_3:(0.094, 0.954, -0.284);Ground_Mountain_2_3:(0.094, 0.954, -0.284);Ground_Mountain_2_3:(0.094, 0.954, -0.284);Ground_Mountain_2_3:(0.094, 0.954, -0.284);"
8.980,499.249,1017.075,156.024,52.983,19.158,-1.942,-7.099,-22.802,1.000,0.000,-0.290,1,2.360,1.483,0.960,"Ground_Mountain_2_3:(0.094, 0.954, -0.284);Ground_Mountain_2_3:(0.094, 0.954, -0.284);Ground_Mountain_2_3:(0.094, 0.954, -0.284);Ground_Mountain_2_3:(0.094, 0.954, -0.284);Ground_Mountain_2_3:(0.094, 0.954, -0.284);Ground_Mountain_2_3:(0.094, 0.954, -0.284);"
9.000,498.626,1017.037,155.878,52.525,18.788,-1.936,-7.246,-22.805,1.000,0.000,-0.281,1,2.417,1.524,0.958,"Ground_Mountain_2_3:(0.094, 0.951, -0.294);Ground_Mountain_2_3:(0.094, 0.951, -0.294);Ground_Mountain_2_3:(0.094, 0.951, -0.294);Ground_Mountain_2_3:(0.094, 0.951, -0.294);Ground_Mountain_2_3:(0.094, 0.951, -0.294);Ground_Mountain_2_3:(0.094, 0.951, -0.294);"
9.020,498.248,1017.011,155.731,52.070,18.661,-1.302,-7.349,-22.666,1.000,0.000,-0.275,2,5.257,1.837,0.957,"Ground_Mountain_2_3:(0.094, 0.951, -0.294);Ground_Mountain_2_3:(0.094, 0.951, -0.294);Ground_Mountain_2_3:(0.094, 0.951, -0.294);Ground_Mountain_2_3:(0.094, 0.951, -0.294);Ground_Mountain_2_3:(0.094, 0.951, -0.294);Ground_Mountain_2_3:(0.094, 0.951, -0.294);"
9.040,497.865,1016.998,155.582,51.618,18.552,-0.669,-7.423,-22.519,1.000,0.000,-0.269,3,6.877,1.360,0.955,"Ground_Mountain_2_3:(0.091, 0.949, -0.303);Ground_Mountain_2_3:(0.091, 0.949, -0.303);Ground_Mountain_2_3:(0.091, 0.949, -0.303);Ground_Mountain_2_3:(0.091, 0.949, -0.303);Ground_Mountain_2_3:(0.091, 0.949, -0.303);Ground_Mountain_2_3:(0.091, 0.949, -0.303);"
9.060,497.478,1016.997,155.431,51.169,18.458,-0.042,-7.504,-22.354,1.000,0.000,-0.263,3,6.295,1.523,0.953,"Ground_Mountain_2_3:(0.098, 0.948, -0.304);Ground_Mountain_2_3:(0.098, 0.948, -0.304);Ground_Mountain_2_3:(0.098, 0.948, -0.304);Ground_Mountain_2_3:(0.098, 0.948, -0.304);Ground_Mountain_2_3:(0.098, 0.948, -0.304);Ground_Mountain_2_3:(0.098, 0.948, -0.304);"
9.080,497.086,1017.008,155.279,50.723,18.381,0.579,-7.589,-22.173,1.000,0.000,-0.257,3,5.767,1.560,0.951,"Ground_Mountain_2_3:(0.098, 0.947, -0.307);Ground_Mountain_2_3:(0.098, 0.947, -0.307);Ground_Mountain_2_3:(0.098, 0.947, -0.307);Ground_Mountain_2_3:(0.098, 0.947, -0.307);Ground_Mountain_2_3:(0.098, 0.947, -0.307);Ground_Mountain_2_3:(0.098, 0.947, -0.307);"
9.100,496.408,1017.032,155.125,50.282,18.318,1.194,-7.677,-21.976,1.000,0.000,-0.249,3,5.325,1.554,0.949,"Ground_Mountain_2_3:(0.098, 0.946, -0.310);Ground_Mountain_2_3:(0.098, 0.946, -0.310);Ground_Mountain_2_3:(0.098, 0.946, -0.310);Ground_Mountain_2_3:(0.098, 0.946, -0.310);Ground_Mountain_2_3:(0.098, 0.946, -0.310);Ground_Mountain_2_3:(0.098, 0.946, -0.310);"
9.120,496.005,1017.068,154.969,49.845,18.270,1.803,-7.768,-21.764,1.000,0.000,-0.243,3,4.914,1.677,0.947,"Ground_Mountain_2_3:(0.099, 0.944, -0.316);Ground_Mountain_2_3:(0.099, 0.944, -0.316);Ground_Mountain_2_3:(0.099, 0.944, -0.316);Ground_Mountain_2_3:(0.099, 0.944, -0.316);Ground_Mountain_2_3:(0.099, 0.944, -0.316);Ground_Mountain_2_3:(0.099, 0.944, -0.316);"
9.140,495.599,1017.116,154.812,49.412,18.235,2.411,-7.817,-21.552,1.000,0.000,-0.238,4,6.667,1.680,0.945,"Ground_Mountain_2_3:(0.088, 0.942, -0.324);Ground_Mountain_2_3:(0.088, 0.942, -0.324);Ground_Mountain_2_3:(0.088, 0.942, -0.324);Ground_Mountain_2_3:(0.088, 0.942, -0.324);Ground_Mountain_2_3:(0.088, 0.942, -0.324);Ground_Mountain_2_3:(0.088, 0.942, -0.324);"
9.160,495.191,1017.176,154.655,48.985,18.212,3.012,-7.868,-21.326,1.000,0.000,-0.233,4,6.321,1.513,0.944,"Ground_Mountain_2_3:(0.106, 0.942, -0.318);Ground_Mountain_2_3:(0.106, 0.942, -0.318);Ground_Mountain_2_3:(0.106, 0.942, -0.318);Ground_Mountain_2_3:(0.106, 0.942, -0.318);Ground_Mountain_2_3:(0.106, 0.942, -0.318);Ground_Mountain_2_3:(0.106, 0.942, -0.318);"
9.180,494.780,1017.248,154.496,48.562,18.200,3.608,-7.915,-21.089,1.000,0.000,-0.228,4,6.307,1.344,0.943,"Ground_Mountain_2_3:(0.106, 0.941, -0.321);Ground_Mountain_2_3:(0.106, 0.941, -0.321);Ground_Mountain_2_3:(0.106, 0.941, -0.321);Ground_Mountain_2_3:(0.106, 0.941, -0.321);Ground_Mountain_2_3:(0.106, 0.941, -0.321);Ground_Mountain_2_3:(0.106, 0.941, -0.321);"
9.200,494.062,1017.332,154.337,48.144,18.200,4.198,-7.953,-20.841,1.000,0.000,-0.221,4,6.352,0.972,0.942,"Ground_Mountain_2_3:(0.106, 0.941, -0.321);Ground_Mountain_2_3:(0.106, 0.941, -0.321);Ground_Mountain_2_3:(0.106, 0.941, -0.321);Ground_Mountain_2_3:(0.106, 0.941, -0.321);Ground_Mountain_2_3:(0.106, 0.941, -0.321);Ground_Mountain_2_3:(0.106, 0.941, -0.321);"
9.220,493.644,1017.427,154.177,47.731,18.212,4.782,-7.986,-20.584,1.000,0.000,-0.216,4,6.435,0.867,0.941,"Ground_Mountain_2_3:(0.096, 0.939, -0.331);Ground_Mountain_2_3:(0.096, 0.939, -0.331);Ground_Mountain_2_3:(0.096, 0.939, -0.331);Ground_Mountain_2_3:(0.096, 0.939, -0.331);Ground_Mountain_2_3:(0.096, 0.939, -0.331);Ground_Mountain_2_3:(0.096, 0.939, -0.331);"
9.240,493.224,1017.534,154.016,47.324,18.233,5.360,-8.010,-20.317,1.000,0.000,-0.212,4,6.624,0.600,0.940,"Ground_Mountain_2_3:(0.092, 0.938, -0.335);Ground_Mountain_2_3:(0.092, 0.938, -0.335);Ground_Mountain_2_3:(0.092, 0.938, -0.335);Ground_Mountain_2_3:(0.092, 0.938, -0.335);Ground_Mountain_2_3:(0.092, 0.938, -0.335);Ground_Mountain_2_3:(0.092, 0.938, -0.335);"
9.260,492.803,1017.653,153.855,46.923,18.264,5.932,-8.030,-20.041,1.000,0.000,-0.207,4,6.764,0.600,0.939,"Ground_Mountain_2_3:(0.112, 0.938, -0.329);Ground_Mountain_2_3:(0.112, 0.938, -0.329);Ground_Mountain_2_3:(0.112, 0.938, -0.329);Ground_Mountain_2_3:(0.112, 0.938, -0.329);Ground_Mountain_2_3:(0.112, 0.938, -0.329);Ground_Mountain_2_3:(0.112, 0.938, -0.329);"
9.280,492.049,1017.783,153.694,46.527,18.305,6.497,-8.042,-19.756,1.000,0.000,-0.200,4,7.155,0.654,0.939,"Ground_Mountain_2_3:(0.112, 0.938, -0.328);Ground_Mountain_2_3:(0.112, 0.938, -0.328);Ground_Mountain_2_3:(0.112, 0.938, -0.328);Ground_Mountain_2_3:(0.112, 0.938, -0.328);Ground_Mountain_2_3:(0.112, 0.938, -0.328);Ground_Mountain_2_3:(0.112, 0.938, -0.328);"
9.300,491.624,1017.924,153.533,46.138,18.356,7.057,-8.044,-19.463,1.000,0.000,-0.196,4,7.472,0.490,0.938,"Ground_Mountain_2_3:(0.111, 0.936, -0.334);Ground_Mountain_2_3:(0.111, 0.936, -0.334);Ground_Mountain_2_3:(0.111, 0.936, -0.334);Ground_Mountain_2_3:(0.111, 0.936, -0.334);Ground_Mountain_2_3:(0.111, 0.936, -0.334);Ground_Mountain_2_3:(0.111, 0.936, -0.334);"
9.320,491.198,1018.076,153.373,45.754,18.415,7.611,-8.032,-19.165,1.000,0.000,-0.191,4,7.825,0.460,0.938,"Ground_Mountain_2_3:(0.117, 0.936, -0.332);Ground_Mountain_2_3:(0.117, 0.936, -0.332);Ground_Mountain_2_3:(0.117, 0.936, -0.332);Ground_Mountain_2_3:(0.117, 0.936, -0.332);Ground_Mountain_2_3:(0.117, 0.936, -0.332);Ground_Mountain_2_3:(0.117, 0.936, -0.332);"
9.340,490.772,1018.239,153.212,45.376,18.482,8.160,-8.006,-18.862,1.000,0.000,-0.187,4,8.121,0.221,0.937,"Ground_Mountain_2_3:(0.117, 0.934, -0.338);Ground_Mountain_2_3:(0.117, 0.934, -0.338);Ground_Mountain_2_3:(0.117, 0.934, -0.338);Ground_Mountain_2_3:(0.117, 0.934, -0.338);Ground_Mountain_2_3:(0.117, 0.934, -0.338);Ground_Mountain_2_3:(0.117, 0.934, -0.338);"
9.360,489.997,1018.413,153.053,45.005,18.558,8.702,-7.976,-18.551,1.000,0.000,-0.180,4,8.169,0.219,0.937,"Ground_Mountain_2_3:(0.117, 0.934, -0.338);Ground_Mountain_2_3:(0.117, 0.934, -0.338);Ground_Mountain_2_3:(0.117, 0.934, -0.338);Ground_Mountain_2_3:(0.117, 0.934, -0.338);Ground_Mountain_2_3:(0.117, 0.934, -0.338);Ground_Mountain_2_3:(0.117, 0.934, -0.338);"
9.380,489.569,1018.598,152.894,44.640,18.641,9.238,-7.937,-18.233,1.000,0.000,-0.176,4,8.267,0.316,0.936,"Ground_Mountain_2_3:(0.117, 0.934, -0.338);Ground_Mountain_2_3:(0.117, 0.934, -0.338);Ground_Mountain_2_3:(0.117, 0.934, -0.338);Ground_Mountain_2_3:(0.117, 0.934, -0.338);Ground_Mountain_2_3:(0.117, 0.934, -0.338);Ground_Mountain_2_3:(0.117, 0.934, -0.338);"
9.400,489.141,1018.793,152.736,44.281,18.732,9.767,-7.892,-17.909,1.000,0.000,-0.172,4,8.367,0.125,0.936,"Ground_Mountain_2_3:(0.128, 0.933, -0.337);Ground_Mountain_2_3:(0.128, 0.933, -0.337);Ground_Mountain_2_3:(0.128, 0.933, -0.337);Ground_Mountain_2_3:(0.128, 0.933, -0.337);Ground_Mountain_2_3:(0.128, 0.933, -0.337);Ground_Mountain_2_3:(0.128, 0.933, -0.337);"
9.420,488.714,1018.999,152.579,43.929,18.830,10.289,-7.843,-17.577,1.000,0.000,-0.168,4,8.381,0.108,0.935,"Ground_Mountain_2_3:(0.075, 0.932, -0.354);Ground_Mountain_2_3:(0.075, 0.932, -0.354);Ground_Mountain_2_3:(0.075, 0.932, -0.354);Ground_Mountain_2_3:(0.075, 0.932, -0.354);Ground_Mountain_2_3:(0.075, 0.932, -0.354);Ground_Mountain_2_3:(0.075, 0.932, -0.354);Ground_Mountain_2_3:(0.141, 0.933, -0.331);Ground_Mountain_2_3:(0.141, 0.933, -0.331);Ground_Mountain_2_3:(0.141, 0.933, -0.331);Ground_Mountain_2_3:(0.141, 0.933, -0.331);Ground_Mountain_2_3:(0.141, 0.933, -0.331);Ground_Mountain_2_3:(0.141, 0.933, -0.331);"
9.440,487.921,1019.215,152.423,43.584,18.935,10.804,-7.794,-17.236,1.000,0.000,-0.161,4,8.458,0.227,0.935,"Ground_Mountain_2_3:(0.080, 0.932, -0.354);Ground_Mountain_2_3:(0.080, 0.932, -0.354);Ground_Mountain_2_3:(0.080, 0.932, -0.354);Ground_Mountain_2_3:(0.080, 0.932, -0.354);Ground_Mountain_2_3:(0.080, 0.932, -0.354);Ground_Mountain_2_3:(0.080, 0.932, -0.354);Ground_Mountain_2_3:(0.150, 0.935, -0.323);Ground_Mountain_2_3:(0.150, 0.935, -0.323);Ground_Mountain_2_3:(0.150, 0.935, -0.323);Ground_Mountain_2_3:(0.150, 0.935, -0.323);Ground_Mountain_2_3:(0.150, 0.935, -0.323);Ground_Mountain_2_3:(0.150, 0.935, -0.323);"
9.460,487.496,1019.441,152.268,43.246,19.046,11.314,-7.726,-16.894,1.000,0.000,-0.157,4,8.659,0.357,0.935,"Ground_Mountain_2_3:(0.064, 0.931, -0.358);Ground_Mountain_2_3:(0.064, 0.931, -0.358);Ground_Mountain_2_3:(0.064, 0.931, -0.358);Ground_Mountain_2_3:(0.064, 0.931, -0.358);Ground_Mountain_2_3:(0.064, 0.931, -0.358);Ground_Mountain_2_3:(0.064, 0.931, -0.358);Ground_Mountain_2_3:(0.135, 0.931, -0.340);Ground_Mountain_2_3:(0.135, 0.931, -0.340);Ground_Mountain_2_3:(0.135, 0.931, -0.340);Ground_Mountain_2_3:(0.135, 0.931, -0.340);Ground_Mountain_2_3:(0.135, 0.931, -0.340);Ground_Mountain_2_3:(0.135, 0.931, -0.340);"
9.480,487.071,1019.677,152.115,42.915,19.164,11.817,-7.656,-16.545,1.000,0.000,-0.153,4,8.747,0.238,0.934,"Ground_Mountain_2_3:(0.079, 0.931, -0.355);Ground_Mountain_2_3:(0.079, 0.931, -0.355);Ground_Mountain_2_3:(0.079, 0.931, -0.355);Ground_Mountain_2_3:(0.079, 0.931, -0.355);Ground_Mountain_2_3:(0.079, 0.931, -0.355);Ground_Mountain_2_3:(0.079, 0.931, -0.355);"
9.500,486.648,1019.924,151.963,42.591,19.288,12.314,-7.573,-16.193,1.000,0.000,-0.150,4,8.913,0.412,0.934,"Ground_Mountain_2_3:(0.074, 0.932, -0.356);Ground_Mountain_2_3:(0.074, 0.932, -0.356);Ground_Mountain_2_3:(0.074, 0.932, -0.356);Ground_Mountain_2_3:(0.074, 0.932, -0.356);Ground_Mountain_2_3:(0.074, 0.932, -0.356);Ground_Mountain_2_3:(0.074, 0.932, -0.356);"
9.520,485.840,1020.179,151.814,42.274,19.419,12.804,-7.483,-15.836,1.000,0.000,-0.141,4,9.041,0.327,0.934,"Ground_Mountain_2_3:(0.073, 0.929, -0.362);Ground_Mountain_2_3:(0.073, 0.929, -0.362);Ground_Mountain_2_3:(0.073, 0.929, -0.362);Ground_Mountain_2_3:(0.073, 0.929, -0.362);Ground_Mountain_2_3:(0.073, 0.929, -0.362);Ground_Mountain_2_3:(0.073, 0.929, -0.362);"
9.540,485.421,1020.445,151.666,41.964,19.555,13.287,-7.389,-15.474,1.000,0.000,-0.138,4,9.070,0.241,0.933,"Ground_Mountain_2_3:(0.073, 0.929, -0.362);Ground_Mountain_2_3:(0.073, 0.929, -0.362);Ground_Mountain_2_3:(0.073, 0.929, -0.362);Ground_Mountain_2_3:(0.073, 0.929, -0.362);Ground_Mountain_2_3:(0.073, 0.929, -0.362);Ground_Mountain_2_3:(0.073, 0.929, -0.362);"
9.560,485.004,1020.720,151.520,41.661,19.696,13.764,-7.288,-15.107,1.000,0.000,-0.134,4,9.121,0.125,0.933,"Ground_Mountain_2_3:(0.073, 0.928, -0.365);Ground_Mountain_2_3:(0.073, 0.928, -0.365);Ground_Mountain_2_3:(0.073, 0.928, -0.365);Ground_Mountain_2_3:(0.073, 0.928, -0.365);Ground_Mountain_2_3:(0.073, 0.928, -0.365);Ground_Mountain_2_3:(0.073, 0.928, -0.365);"
9.580,484.589,1021.004,151.376,41.366,19.843,14.234,-7.179,-14.738,1.000,0.000,-0.130,4,9.218,0.264,0.933,"Ground_Mountain_2_3:(0.018, 0.928, -0.373);Ground_Mountain_2_3:(0.018, 0.928, -0.373);Ground_Mountain_2_3:(0.018, 0.928, -0.373);Ground_Mountain_2_3:(0.018, 0.928, -0.373);Ground_Mountain_2_3:(0.018, 0.928, -0.373);Ground_Mountain_2_3:(0.018, 0.928, -0.373);Ground_Mountain_2_3:(0.118, 0.926, -0.357);Ground_Mountain_2_3:(0.118, 0.926, -0.357);Ground_Mountain_2_3:(0.118, 0.926, -0.357);Ground_Mountain_2_3:(0.118, 0.926, -0.357);Ground_Mountain_2_3:(0.118, 0.926, -0.357);Ground_Mountain_2_3:(0.118, 0.926, -0.357);"
9.600,483.778,1021.297,151.235,41.079,19.995,14.697,-7.063,-14.365,1.000,0.000,-0.122,4,9.287,0.098,0.932,"Ground_Mountain_2_3:(0.029, 0.926, -0.376);Ground_Mountain_2_3:(0.029, 0.926, -0.376);Ground_Mountain_2_3:(0.029, 0.926, -0.376);Ground_Mountain_2_3:(0.029, 0.926, -0.376);Ground_Mountain_2_3:(0.029, 0.926, -0.376);Ground_Mountain_2_3:(0.029, 0.926, -0.376);Ground_Mountain_2_3:(0.119, 0.928, -0.354);Ground_Mountain_2_3:(0.119, 0.928, -0.354);Ground_Mountain_2_3:(0.119, 0.928, -0.354);Ground_Mountain_2_3:(0.119, 0.928, -0.354);Ground_Mountain_2_3:(0.119, 0.928, -0.354);Ground_Mountain_2_3:(0.119, 0.928, -0.354);"
9.620,483.370,1021.600,151.096,40.798,20.151,15.155,-6.926,-13.993,1.000,0.000,-0.118,4,9.743,0.497,0.932,"Ground_Mountain_2_3:(0.022, 0.926, -0.377);Ground_Mountain_2_3:(0.022, 0.926, -0.377);Ground_Mountain_2_3:(0.022, 0.926, -0.377);Ground_Mountain_2_3:(0.022, 0.926, -0.377);Ground_Mountain_2_3:(0.022, 0.926, -0.377);Ground_Mountain_2_3:(0.022, 0.926, -0.377);Ground_Mountain_2_3:(0.127, 0.926, -0.356);Ground_Mountain_2_3:(0.127, 0.926, -0.356);Ground_Mountain_2_3:(0.127, 0.926, -0.356);"
9.640,482.965,1021.911,150.961,40.525,20.313,15.607,-6.772,-13.624,1.000,0.000,-0.114,4,10.149,0.574,0.932,"Ground_Mountain_2_3:(0.022, 0.925, -0.380);Ground_Mountain_2_3:(0.022, 0.925, -0.380);Ground_Mountain_2_3:(0.022, 0.925, -0.380);Ground_Mountain_2_3:(0.022, 0.925, -0.380);Ground_Mountain_2_3:(0.022, 0.925, -0.380);Ground_Mountain_2_3:(0.022, 0.925, -0.380);"
9.660,482.563,1022.231,150.829,40.260,20.478,16.053,-6.605,-13.254,1.000,0.000,-0.110,4,10.636,0.341,0.931,"Ground_Mountain_2_3:(0.022, 0.923, -0.383);Ground_Mountain_2_3:(0.022, 0.923, -0.383);Ground_Mountain_2_3:(0.022, 0.923, -0.383);Ground_Mountain_2_3:(0.022, 0.923, -0.383);Ground_Mountain_2_3:(0.022, 0.923, -0.383);Ground_Mountain_2_3:(0.022, 0.923, -0.383);"
9.680,481.760,1022.559,150.700,40.001,20.649,16.493,-6.428,-12.882,1.000,0.000,-0.102,4,11.026,0.182,0.931,"Ground_Mountain_2_3:(0.022, 0.923, -0.383);Ground_Mountain_2_3:(0.022, 0.923, -0.383);Ground_Mountain_2_3:(0.022, 0.923, -0.383);Ground_Mountain_2_3:(0.022, 0.923, -0.383);Ground_Mountain_2_3:(0.022, 0.923, -0.383);Ground_Mountain_2_3:(0.022, 0.923, -0.383);"
9.700,481.367,1022.897,150.575,39.751,20.823,16.925,-6.240,-12.510,1.000,0.000,-0.098,4,11.369,0.168,0.931,"Ground_Mountain_2_3:(0.022, 0.922, -0.387);Ground_Mountain_2_3:(0.022, 0.922, -0.387);Ground_Mountain_2_3:(0.022, 0.922, -0.387);Ground_Mountain_2_3:(0.022, 0.922, -0.387);Ground_Mountain_2_3:(0.022, 0.922, -0.387);Ground_Mountain_2_3:(0.022, 0.922, -0.387);"
9.720,480.977,1023.242,150.454,39.507,21.001,17.352,-6.034,-12.141,1.000,0.000,-0.093,4,11.851,0.092,0.930,"Ground_Mountain_2_3:(-0.029, 0.922, -0.387);Ground_Mountain_2_3:(-0.029, 0.922, -0.387);Ground_Mountain_2_3:(-0.029, 0.922, -0.387);Ground_Mountain_2_3:(-0.029, 0.922, -0.387);Ground_Mountain_2_3:(-0.029, 0.922, -0.387);Ground_Mountain_2_3:(-0.029, 0.922, -0.387);Ground_Mountain_2_3:(0.029, 0.921, -0.389);Ground_Mountain_2_3:(0.029, 0.921, -0.389);Ground_Mountain_2_3:(0.029, 0.921, -0.389);Ground_Mountain_2_3:(0.029, 0.921, -0.389);Ground_Mountain_2_3:(0.029, 0.921, -0.389);Ground_Mountain_2_3:(0.029, 0.921, -0.389);"
9.740,480.591,1023.596,150.338,39.271,21.182,17.772,-5.799,-11.779,1.000,0.000,-0.089,4,12.646,0.361,0.930,"Ground_Mountain_2_3:(-0.040, 0.919, -0.393);Ground_Mountain_2_3:(-0.040, 0.919, -0.393);Ground_Mountain_2_3:(-0.040, 0.919, -0.393);Ground_Mountain_2_3:(-0.040, 0.919, -0.393);Ground_Mountain_2_3:(-0.040, 0.919, -0.393);Ground_Mountain_2_3:(-0.040, 0.919, -0.393);Ground_Mountain_2_3:(0.021, 0.920, -0.391);Ground_Mountain_2_3:(0.021, 0.920, -0.391);Ground_Mountain_2_3:(0.021, 0.920, -0.391);Ground_Mountain_2_3:(0.021, 0.920, -0.391);Ground_Mountain_2_3:(0.021, 0.920, -0.391);Ground_Mountain_2_3:(0.021, 0.920, -0.391);"
9.760,479.791,1023.956,150.229,39.040,21.348,18.170,-5.450,-11.465,1.000,0.000,-0.080,4,13.616,0.422,0.929,"Ground_Mountain_2_3:(-0.037, 0.919, -0.393);Ground_Mountain_2_3:(-0.037, 0.919, -0.393);Ground_Mountain_2_3:(-0.037, 0.919, -0.393);Ground_Mountain_2_3:(-0.037, 0.919, -0.393);Ground_Mountain_2_3:(-0.037, 0.919, -0.393);Ground_Mountain_2_3:(-0.037, 0.919, -0.393);"
9.780,479.416,1024.323,150.127,38.815,21.528,18.567,-5.130,-11.134,1.000,0.000,-0.075,4,14.167,2.007,0.926,"Ground_Mountain_2_3:(-0.035, 0.919, -0.392);Ground_Mountain_2_3:(-0.035, 0.919, -0.392);Ground_Mountain_2_3:(-0.035, 0.919, -0.392);Ground_Mountain_2_3:(-0.035, 0.919, -0.392);Ground_Mountain_2_3:(-0.035, 0.919, -0.392);Ground_Mountain_2_3:(-0.035, 0.919, -0.392);"
9.800,479.043,1024.697,150.030,38.597,21.720,18.963,-4.833,-10.789,1.000,0.000,-0.071,4,15.196,2.953,0.924,"Ground_Mountain_2_3:(-0.035, 0.917, -0.397);Ground_Mountain_2_3:(-0.035, 0.917, -0.397);Ground_Mountain_2_3:(-0.035, 0.917, -0.397);Ground_Mountain_2_3:(-0.035, 0.917, -0.397);Ground_Mountain_2_3:(-0.035, 0.917, -0.397);Ground_Mountain_2_3:(-0.035, 0.917, -0.397);"
9.820,478.675,1025.074,149.944,38.381,21.833,19.261,-4.302,-10.564,1.000,0.000,-0.067,4,16.455,2.607,0.918,"Ground_Mountain_2_3:(-0.101, 0.911, -0.400);Ground_Mountain_2_3:(-0.101, 0.911, -0.400);Ground_Mountain_2_3:(-0.101, 0.911, -0.400);Ground_Mountain_2_3:(-0.101, 0.911, -0.400);Ground_Mountain_2_3:(-0.101, 0.911, -0.400);Ground_Mountain_2_3:(-0.101, 0.911, -0.400);Ground_Mountain_2_3:(0.011, 0.920, -0.391);Ground_Mountain_2_3:(0.011, 0.920, -0.391);Ground_Mountain_2_3:(0.011, 0.920, -0.391);Ground_Mountain_2_3:(0.011, 0.920, -0.391);Ground_Mountain_2_3:(0.011, 0.920, -0.391);Ground_Mountain_2_3:(0.011, 0.920, -0.391);"
9.840,477.894,1025.458,149.866,38.171,22.027,19.633,-3.955,-10.241,1.000,0.000,-0.058,4,16.881,6.420,0.912,"Ground_Mountain_2_3:(-0.099, 0.911, -0.401);Ground_Mountain_2_3:(-0.099, 0.911, -0.401);Ground_Mountain_2_3:(-0.099, 0.911, -0.401);Ground_Mountain_2_3:(-0.099, 0.911, -0.401);Ground_Mountain_2_3:(-0.099, 0.911, -0.401);Ground_Mountain_2_3:(-0.099, 0.911, -0.401);Ground_Mountain_2_3:(0.011, 0.920, -0.391);Ground_Mountain_2_3:(0.011, 0.920, -0.391);Ground_Mountain_2_3:(0.011, 0.920, -0.391);Ground_Mountain_2_3:(0.011, 0.920, -0.391);Ground_Mountain_2_3:(0.011, 0.920, -0.391);Ground_Mountain_2_3:(0.011, 0.920, -0.391);"
9.860,477.537,1025.849,149.796,37.966,22.162,19.915,-3.395,-10.032,0.986,0.000,-0.054,4,19.592,5.601,0.905,"Ground_Mountain_2_3:(-0.110, 0.908, -0.403);Ground_Mountain_2_3:(-0.110, 0.908, -0.403);Ground_Mountain_2_3:(-0.110, 0.908, -0.403);Ground_Mountain_2_3:(-0.110, 0.908, -0.403);Ground_Mountain_2_3:(-0.110, 0.908, -0.403);Ground_Mountain_2_3:(-0.110, 0.908, -0.403);"
9.880,477.183,1026.245,149.738,37.769,22.325,20.220,-2.931,-9.768,0.919,0.000,-0.051,4,20.589,6.972,0.900,"Ground_Mountain_2_3:(-0.112, 0.907, -0.406);Ground_Mountain_2_3:(-0.112, 0.907, -0.406);Ground_Mountain_2_3:(-0.112, 0.907, -0.406);Ground_Mountain_2_3:(-0.112, 0.907, -0.406);Ground_Mountain_2_3:(-0.112, 0.907, -0.406);Ground_Mountain_2_3:(-0.112, 0.907, -0.406);"
9.900,476.835,1026.649,149.691,37.577,22.458,20.472,-2.389,-9.542,0.838,0.000,-0.047,4,22.543,6.146,0.898,"Ground_Mountain_2_3:(-0.114, 0.907, -0.405);Ground_Mountain_2_3:(-0.114, 0.907, -0.405);Ground_Mountain_2_3:(-0.114, 0.907, -0.405);Ground_Mountain_2_3:(-0.114, 0.907, -0.405);Ground_Mountain_2_3:(-0.114, 0.907, -0.405);Ground_Mountain_2_3:(-0.114, 0.907, -0.405);"
9.920,476.070,1027.060,149.654,37.392,22.601,20.739,-1.918,-9.267,0.771,0.000,-0.037,4,22.891,3.490,0.898,"Ground_Mountain_2_3:(-0.116, 0.905, -0.410);Ground_Mountain_2_3:(-0.116, 0.905, -0.410);Ground_Mountain_2_3:(-0.116, 0.905, -0.410);Ground_Mountain_2_3:(-0.116, 0.905, -0.410);Ground_Mountain_2_3:(-0.116, 0.905, -0.410);Ground_Mountain_2_3:(-0.116, 0.905, -0.410);Ground_Mountain_2_3:(-0.199, 0.897, -0.395);"
9.940,475.736,1027.464,149.650,37.202,22.545,20.705,-0.689,-9.231,0.699,0.000,-0.032,4,23.675,2.290,0.894,"Ground_Mountain_2_3:(-0.174, 0.897, -0.406);Ground_Mountain_2_3:(-0.174, 0.897, -0.406);Ground_Mountain_2_3:(-0.174, 0.897, -0.406);Ground_Mountain_2_3:(-0.174, 0.897, -0.406);Ground_Mountain_2_3:(-0.174, 0.897, -0.406);Ground_Mountain_2_3:(-0.174, 0.897, -0.406);"
9.960,475.407,1027.876,149.645,37.021,22.693,20.937,-0.330,-8.974,0.727,0.000,-0.030,4,17.787,2.141,0.892,"Ground_Mountain_2_3:(-0.174, 0.897, -0.406);Ground_Mountain_2_3:(-0.174, 0.897, -0.406);Ground_Mountain_2_3:(-0.174, 0.897, -0.406);Ground_Mountain_2_3:(-0.174, 0.897, -0.406);Ground_Mountain_2_3:(-0.174, 0.897, -0.406);Ground_Mountain_2_3:(-0.174, 0.897, -0.406);"
9.980,475.082,1028.295,149.648,36.845,22.818,21.117,0.012,-8.806,0.654,0.000,-0.027,4,19.200,2.036,0.891,"Ground_Mountain_2_3:(-0.171, 0.899, -0.404);Ground_Mountain_2_3:(-0.171, 0.899, -0.404);Ground_Mountain_2_3:(-0.171, 0.899, -0.404);Ground_Mountain_2_3:(-0.171, 0.899, -0.404);Ground_Mountain_2_3:(-0.171, 0.899, -0.404);Ground_Mountain_2_3:(-0.171, 0.899, -0.404);"
10.000,474.759,1028.715,149.657,36.671,22.929,21.258,0.330,-8.700,0.591,0.000,-0.022,4,19.634,1.847,0.891,"Ground_Mountain_2_3:(-0.184, 0.896, -0.404);Ground_Mountain_2_3:(-0.184, 0.896, -0.404);Ground_Mountain_2_3:(-0.184, 0.896, -0.404);Ground_Mountain_2_3:(-0.184, 0.896, -0.404);Ground_Mountain_2_3:(-0.184, 0.896, -0.404);Ground_Mountain_2_3:(-0.184, 0.896, -0.404);"
10.020,474.040,1029.133,149.674,36.494,22.932,21.199,0.887,-8.797,0.536,0.000,-0.013,4,20.047,1.424,0.884,"Ground_Mountain_2_3:(-0.186, 0.895, -0.405);Ground_Mountain_2_3:(-0.186, 0.895, -0.405);Ground_Mountain_2_3:(-0.186, 0.895, -0.405);Ground_Mountain_2_3:(-0.186, 0.895, -0.405);Ground_Mountain_2_3:(-0.186, 0.895, -0.405);Ground_Mountain_2_3:(-0.186, 0.895, -0.405);Ground_Mountain_2_3:(-0.260, 0.884, -0.389);Ground_Mountain_2_3:(-0.260, 0.884, -0.389);Ground_Mountain_2_3:(-0.260, 0.884, -0.389);"
10.040,473.726,1029.550,149.701,36.320,22.991,21.224,1.277,-8.815,0.534,0.000,-0.009,4,19.184,5.743,0.884,"Ground_Mountain_2_3:(-0.266, 0.882, -0.388);Ground_Mountain_2_3:(-0.266, 0.882, -0.388);Ground_Mountain_2_3:(-0.266, 0.882, -0.388);Ground_Mountain_2_3:(-0.266, 0.882, -0.388);Ground_Mountain_2_3:(-0.266, 0.882, -0.388);Ground_Mountain_2_3:(-0.266, 0.882, -0.388);Ground_Mountain_2_3:(-0.201, 0.892, -0.405);Ground_Mountain_2_3:(-0.201, 0.892, -0.405);Ground_Mountain_2_3:(-0.201, 0.892, -0.405);Ground_Mountain_2_3:(-0.201, 0.892, -0.405);Ground_Mountain_2_3:(-0.201, 0.892, -0.405);Ground_Mountain_2_3:(-0.201, 0.892, -0.405);"
10.060,473.417,1029.971,149.732,36.144,23.068,21.275,1.589,-8.825,0.505,0.000,-0.005,4,21.118,5.569,0.882,"Ground_Mountain_2_3:(-0.246, 0.886, -0.393);Ground_Mountain_2_3:(-0.246, 0.886, -0.393);Ground_Mountain_2_3:(-0.246, 0.886, -0.393);Ground_Mountain_2_3:(-0.246, 0.886, -0.393);Ground_Mountain_2_3:(-0.246, 0.886, -0.393);Ground_Mountain_2_3:(-0.246, 0.886, -0.393);"
10.080,473.106,1030.394,149.769,35.968,23.137,21.309,1.880,-8.856,0.466,0.000,-0.001,4,21.885,4.413,0.881,"Ground_Mountain_2_3:(-0.243, 0.888, -0.391);Ground_Mountain_2_3:(-0.243, 0.888, -0.391);Ground_Mountain_2_3:(-0.243, 0.888, -0.391);Ground_Mountain_2_3:(-0.243, 0.888, -0.391);Ground_Mountain_2_3:(-0.243, 0.888, -0.391);Ground_Mountain_2_3:(-0.243, 0.888, -0.391);"
10.100,472.393,1030.818,149.812,35.791,23.198,21.325,2.156,-8.903,0.431,0.000,0.010,4,21.760,3.683,0.880,"Ground_Mountain_2_3:(-0.242, 0.889, -0.389);Ground_Mountain_2_3:(-0.242, 0.889, -0.389);Ground_Mountain_2_3:(-0.242, 0.889, -0.389);Ground_Mountain_2_3:(-0.242, 0.889, -0.389);Ground_Mountain_2_3:(-0.242, 0.889, -0.389);Ground_Mountain_2_3:(-0.242, 0.889, -0.389);Ground_Mountain_2_3:(-0.310, 0.884, -0.351);"
10.120,472.089,1031.243,149.860,35.612,23.250,21.329,2.414,-8.960,0.401,0.000,0.015,4,21.193,2.777,0.879,"Ground_Mountain_2_3:(-0.285, 0.878, -0.384);Ground_Mountain_2_3:(-0.285, 0.878, -0.384);Ground_Mountain_2_3:(-0.285, 0.878, -0.384);Ground_Mountain_2_3:(-0.285, 0.878, -0.384);Ground_Mountain_2_3:(-0.285, 0.878, -0.384);Ground_Mountain_2_3:(-0.285, 0.878, -0.384);Ground_Mountain_2_3:(-0.216, 0.890, -0.401);Ground_Mountain_2_3:(-0.216, 0.890, -0.401);Ground_Mountain_2_3:(-0.216, 0.890, -0.401);Ground_Mountain_2_3:(-0.216, 0.890, -0.401);"
10.140,471.784,1031.666,149.915,35.432,23.287,21.300,2.697,-9.040,0.375,0.000,0.020,4,20.835,1.718,0.877,"Ground_Mountain_2_3:(-0.292, 0.881, -0.373);Ground_Mountain_2_3:(-0.292, 0.881, -0.373);Ground_Mountain_2_3:(-0.292, 0.881, -0.373);Ground_Mountain_2_3:(-0.292, 0.881, -0.373);Ground_Mountain_2_3:(-0.292, 0.881, -0.373);Ground_Mountain_2_3:(-0.292, 0.881, -0.373);"
10.160,471.479,1032.086,149.977,35.250,23.329,21.281,2.939,-9.115,0.357,0.000,0.025,4,20.978,1.808,0.876,"Ground_Mountain_2_3:(-0.292, 0.881, -0.373);Ground_Mountain_2_3:(-0.292, 0.881, -0.373);Ground_Mountain_2_3:(-0.292, 0.881, -0.373);Ground_Mountain_2_3:(-0.292, 0.881, -0.373);Ground_Mountain_2_3:(-0.292, 0.881, -0.373);Ground_Mountain_2_3:(-0.292, 0.881, -0.373);"
10.180,471.174,1032.507,150.043,35.067,23.364,21.246,3.186,-9.199,0.336,0.000,0.031,4,21.600,1.701,0.875,"Ground_Mountain_2_3:(-0.289, 0.883, -0.371);Ground_Mountain_2_3:(-0.289, 0.883, -0.371);Ground_Mountain_2_3:(-0.289, 0.883, -0.371);Ground_Mountain_2_3:(-0.289, 0.883, -0.371);Ground_Mountain_2_3:(-0.289, 0.883, -0.371);Ground_Mountain_2_3:(-0.289, 0.883, -0.371);"
10.200,470.489,1032.928,150.112,34.882,23.393,21.203,3.425,-9.284,0.318,0.000,0.042,4,21.342,1.347,0.875,"Ground_Mountain_2_3:(-0.289, 0.883, -0.371);Ground_Mountain_2_3:(-0.289, 0.883, -0.371);Ground_Mountain_2_3:(-0.289, 0.883, -0.371);Ground_Mountain_2_3:(-0.289, 0.883, -0.371);Ground_Mountain_2_3:(-0.289, 0.883, -0.371);Ground_Mountain_2_3:(-0.289, 0.883, -0.371);"
10.220,470.191,1033.348,150.188,34.697,23.419,21.153,3.650,-9.374,0.304,0.000,0.048,4,20.882,0.859,0.876,"Ground_Mountain_2_3:(-0.312, 0.877, -0.366);Ground_Mountain_2_3:(-0.312, 0.877, -0.366);Ground_Mountain_2_3:(-0.312, 0.877, -0.366);Ground_Mountain_2_3:(-0.312, 0.877, -0.366);Ground_Mountain_2_3:(-0.312, 0.877, -0.366);Ground_Mountain_2_3:(-0.312, 0.877, -0.366);"
10.240,469.893,1033.765,150.271,34.511,23.433,21.077,3.908,-9.474,0.291,0.000,0.053,4,21.012,0.605,0.879,"Ground_Mountain_2_3:(-0.336, 0.876, -0.345);Ground_Mountain_2_3:(-0.336, 0.876, -0.345);Ground_Mountain_2_3:(-0.336, 0.876, -0.345);Ground_Mountain_2_3:(-0.336, 0.876, -0.345);Ground_Mountain_2_3:(-0.336, 0.876, -0.345);Ground_Mountain_2_3:(-0.336, 0.876, -0.345);"
10.260,469.597,1034.184,150.354,34.320,23.450,21.010,4.131,-9.573,0.283,0.000,0.059,4,21.233,1.435,0.879,"Ground_Mountain_2_3:(-0.329, 0.880, -0.343);Ground_Mountain_2_3:(-0.329, 0.880, -0.343);Ground_Mountain_2_3:(-0.329, 0.880, -0.343);Ground_Mountain_2_3:(-0.329, 0.880, -0.343);Ground_Mountain_2_3:(-0.329, 0.880, -0.343);Ground_Mountain_2_3:(-0.329, 0.880, -0.343);"
10.280,469.296,1034.602,150.440,34.128,23.465,20.942,4.323,-9.676,0.275,0.000,0.065,4,19.974,1.255,0.879,"Ground_Mountain_2_3:(-0.323, 0.882, -0.342);Ground_Mountain_2_3:(-0.323, 0.882, -0.342);Ground_Mountain_2_3:(-0.323, 0.882, -0.342);Ground_Mountain_2_3:(-0.323, 0.882, -0.342);Ground_Mountain_2_3:(-0.323, 0.882, -0.342);Ground_Mountain_2_3:(-0.323, 0.882, -0.342);"
10.300,468.636,1035.019,150.530,33.933,23.478,20.877,4.482,-9.781,0.267,0.000,0.075,4,18.514,1.042,0.879,"Ground_Mountain_2_3:(-0.323, 0.882, -0.342);Ground_Mountain_2_3:(-0.323, 0.882, -0.342);Ground_Mountain_2_3:(-0.323, 0.882, -0.342);Ground_Mountain_2_3:(-0.323, 0.882, -0.342);Ground_Mountain_2_3:(-0.323, 0.882, -0.342);Ground_Mountain_2_3:(-0.323, 0.882, -0.342);"
10.320,468.341,1035.435,150.622,33.736,23.490,20.815,4.607,-9.888,0.261,0.000,0.081,4,17.035,0.677,0.879,"Ground_Mountain_2_3:(-0.333, 0.883, -0.331);Ground_Mountain_2_3:(-0.333, 0.883, -0.331);Ground_Mountain_2_3:(-0.333, 0.883, -0.331);Ground_Mountain_2_3:(-0.333, 0.883, -0.331);Ground_Mountain_2_3:(-0.333, 0.883, -0.331);Ground_Mountain_2_3:(-0.333, 0.883, -0.331);"
10.340,468.045,1035.849,150.716,33.536,23.499,20.754,4.701,-9.999,0.255,0.000,0.086,4,15.694,0.549,0.880,"Ground_Mountain_2_3:(-0.342, 0.881, -0.326);Ground_Mountain_2_3:(-0.342, 0.881, -0.326);Ground_Mountain_2_3:(-0.342, 0.881, -0.326);Ground_Mountain_2_3:(-0.342, 0.881, -0.326);Ground_Mountain_2_3:(-0.342, 0.881, -0.326);Ground_Mountain_2_3:(-0.342, 0.881, -0.326);"
10.360,467.748,1036.263,150.812,33.335,23.508,20.695,4.766,-10.115,0.250,0.000,0.092,4,14.433,0.426,0.880,"Ground_Mountain_2_3:(-0.335, 0.886, -0.319);Ground_Mountain_2_3:(-0.335, 0.886, -0.319);Ground_Mountain_2_3:(-0.335, 0.886, -0.319);Ground_Mountain_2_3:(-0.335, 0.886, -0.319);Ground_Mountain_2_3:(-0.335, 0.886, -0.319);Ground_Mountain_2_3:(-0.335, 0.886, -0.319);"
10.380,467.448,1036.675,150.908,33.131,23.515,20.639,4.801,-10.233,0.246,0.000,0.097,4,13.078,0.510,0.881,"Ground_Mountain_2_3:(-0.329, 0.890, -0.314);Ground_Mountain_2_3:(-0.329, 0.890, -0.314);Ground_Mountain_2_3:(-0.329, 0.890, -0.314);Ground_Mountain_2_3:(-0.329, 0.890, -0.314);Ground_Mountain_2_3:(-0.329, 0.890, -0.314);Ground_Mountain_2_3:(-0.329, 0.890, -0.314);"
10.400,466.815,1037.087,151.004,32.924,23.521,20.585,4.807,-10.356,0.243,0.000,0.107,4,11.832,0.329,0.881,"Ground_Mountain_2_3:(-0.331, 0.887, -0.321);Ground_Mountain_2_3:(-0.331, 0.887, -0.321);Ground_Mountain_2_3:(-0.331, 0.887, -0.321);Ground_Mountain_2_3:(-0.331, 0.887, -0.321);Ground_Mountain_2_3:(-0.331, 0.887, -0.321);Ground_Mountain_2_3:(-0.331, 0.887, -0.321);"
10.420,466.520,1037.497,151.100,32.715,23.526,20.531,4.787,-10.485,0.240,0.000,0.112,4,10.745,0.378,0.882,"Ground_Mountain_2_3:(-0.329, 0.894, -0.303);Ground_Mountain_2_3:(-0.329, 0.894, -0.303);Ground_Mountain_2_3:(-0.329, 0.894, -0.303);Ground_Mountain_2_3:(-0.329, 0.894, -0.303);Ground_Mountain_2_3:(-0.329, 0.894, -0.303);Ground_Mountain_2_3:(-0.329, 0.894, -0.303);"
10.440,466.224,1037.907,151.195,32.504,23.530,20.480,4.742,-10.615,0.237,0.000,0.117,4,9.584,0.646,0.883,"Ground_Mountain_2_3:(-0.316, 0.908, -0.275);Ground_Mountain_2_3:(-0.316, 0.908, -0.275);Ground_Mountain_2_3:(-0.316, 0.908, -0.275);Ground_Mountain_2_3:(-0.316, 0.908, -0.275);Ground_Mountain_2_3:(-0.316, 0.908, -0.275);Ground_Mountain_2_3:(-0.316, 0.908, -0.275);"
10.460,465.925,1038.315,151.289,32.290,23.533,20.427,4.673,-10.753,0.235,0.000,0.123,4,8.546,0.451,0.884,"Ground_Mountain_2_3:(-0.323, 0.904, -0.280);Ground_Mountain_2_3:(-0.323, 0.904, -0.280);Ground_Mountain_2_3:(-0.323, 0.904, -0.280);Ground_Mountain_2_3:(-0.323, 0.904, -0.280);Ground_Mountain_2_3:(-0.323, 0.904, -0.280);Ground_Mountain_2_3:(-0.323, 0.904, -0.280);"
10.480,465.624,1038.723,151.381,32.073,23.535,20.374,4.580,-10.899,0.234,0.000,0.128,4,7.623,0.262,0.886,"Ground_Mountain_2_3:(-0.323, 0.904, -0.280);Ground_Mountain_2_3:(-0.323, 0.904, -0.280);Ground_Mountain_2_3:(-0.323, 0.904, -0.280);Ground_Mountain_2_3:(-0.323, 0.904, -0.280);Ground_Mountain_2_3:(-0.323, 0.904, -0.280);Ground_Mountain_2_3:(-0.323, 0.904, -0.280);"
10.500,465.015,1039.130,151.471,31.853,23.536,20.323,4.463,-11.045,0.233,0.000,0.137,4,6.363,0.921,0.888,"Ground_Mountain_2_3:(-0.318, 0.906, -0.280);Ground_Mountain_2_3:(-0.318, 0.906, -0.280);Ground_Mountain_2_3:(-0.318, 0.906, -0.280);Ground_Mountain_2_3:(-0.318, 0.906, -0.280);Ground_Mountain_2_3:(-0.318, 0.906, -0.280);Ground_Mountain_2_3:(-0.318, 0.906, -0.280);Ground_Mountain_2_3:(-0.139, 0.967, -0.212);Ground_Mountain_2_3:(-0.139, 0.967, -0.212);Ground_Mountain_2_3:(-0.139, 0.967, -0.212);Ground_Mountain_2_3:(-0.139, 0.967, -0.212);Ground_Mountain_2_3:(-0.139, 0.967, -0.212);Ground_Mountain_2_3:(-0.139, 0.967, -0.212);"
10.520,464.718,1039.536,151.558,31.630,23.536,20.274,4.320,-11.193,0.232,0.000,0.141,4,4.993,1.275,0.890,"Ground_Mountain_2_3:(-0.317, 0.906, -0.279);Ground_Mountain_2_3:(-0.317, 0.906, -0.279);Ground_Mountain_2_3:(-0.317, 0.906, -0.279);Ground_Mountain_2_3:(-0.317, 0.906, -0.279);Ground_Mountain_2_3:(-0.317, 0.906, -0.279);Ground_Mountain_2_3:(-0.317, 0.906, -0.279);Ground_Mountain_2_3:(-0.139, 0.966, -0.218);Ground_Mountain_2_3:(-0.139, 0.966, -0.218);Ground_Mountain_2_3:(-0.139, 0.966, -0.218);Ground_Mountain_2_3:(-0.139, 0.966, -0.218);Ground_Mountain_2_3:(-0.139, 0.966, -0.218);Ground_Mountain_2_3:(-0.139, 0.966, -0.218);"
10.540,464.418,1039.941,151.642,31.405,23.536,20.221,4.152,-11.351,0.232,0.000,0.146,3,4.069,0.716,0.893,"Ground_Mountain_2_3:(-0.316, 0.897, -0.310);Ground_Mountain_2_3:(-0.316, 0.897, -0.310);Ground_Mountain_2_3:(-0.316, 0.897, -0.310);Ground_Mountain_2_3:(-0.316, 0.897, -0.310);Ground_Mountain_2_3:(-0.316, 0.897, -0.310);Ground_Mountain_2_3:(-0.316, 0.897, -0.310);Ground_Mountain_2_3:(-0.139, 0.969, -0.206);Ground_Mountain_2_3:(-0.139, 0.969, -0.206);Ground_Mountain_2_3:(-0.139, 0.969, -0.206);Ground_Mountain_2_3:(-0.139, 0.969, -0.206);Ground_Mountain_2_3:(-0.139, 0.969, -0.206);Ground_Mountain_2_3:(-0.139, 0.969, -0.206);"
10.560,464.114,1040.345,151.722,31.176,23.536,20.169,3.958,-11.511,0.232,0.000,0.150,3,2.643,1.081,0.896,"Ground_Mountain_2_3:(-0.320, 0.896, -0.309);Ground_Mountain_2_3:(-0.320, 0.896, -0.309);Ground_Mountain_2_3:(-0.320, 0.896, -0.309);Ground_Mountain_2_3:(-0.320, 0.896, -0.309);Ground_Mountain_2_3:(-0.320, 0.896, -0.309);Ground_Mountain_2_3:(-0.320, 0.896, -0.309);Ground_Mountain_2_3:(-0.139, 0.969, -0.206);Ground_Mountain_2_3:(-0.139, 0.969, -0.206);Ground_Mountain_2_3:(-0.139, 0.969, -0.206);Ground_Mountain_2_3:(-0.139, 0.969, -0.206);Ground_Mountain_2_3:(-0.139, 0.969, -0.206);Ground_Mountain_2_3:(-0.139, 0.969, -0.206);"
10.580,463.808,1040.749,151.797,30.944,23.535,20.117,3.736,-11.676,0.232,0.000,0.155,3,1.302,1.225,0.899,"Ground_Mountain_2_3:(-0.317, 0.898, -0.305);Ground_Mountain_2_3:(-0.317, 0.898, -0.305);Ground_Mountain_2_3:(-0.317, 0.898, -0.305);Ground_Mountain_2_3:(-0.317, 0.898, -0.305);Ground_Mountain_2_3:(-0.317, 0.898, -0.305);Ground_Mountain_2_3:(-0.317, 0.898, -0.305);Ground_Mountain_2_3:(-0.139, 0.968, -0.208);Ground_Mountain_2_3:(-0.139, 0.968, -0.208);Ground_Mountain_2_3:(-0.139, 0.968, -0.208);Ground_Mountain_2_3:(-0.139, 0.968, -0.208);Ground_Mountain_2_3:(-0.139, 0.968, -0.208);"
10.600,463.226,1041.142,151.882,30.709,23.545,20.055,3.502,-11.856,0.232,0.000,0.162,2,1.108,0.234,0.894,"Ground_Mountain_2_2:(-0.317, 0.899, -0.301);Ground_Mountain_2_2:(-0.317, 0.899, -0.301);Ground_Mountain_2_2:(-0.317, 0.899, -0.301);Ground_Mountain_2_3:(-0.002, 0.981, -0.195);Ground_Mountain_2_3:(-0.317, 0.899, -0.301);Ground_Mountain_2_3:(-0.317, 0.899, -0.301);Ground_Mountain_2_3:(-0.139, 0.963, -0.231);Ground_Mountain_2_3:(-0.317, 0.899, -0.301);Ground_Mountain_2_3:(-0.317, 0.899, -0.301);Ground_Mountain_2_3:(-0.140, 0.971, -0.193);Ground_Mountain_2_3:(-0.140, 0.971, -0.193);Ground_Mountain_2_3:(-0.140, 0.971, -0.193);Ground_Mountain_2_3:(-0.140, 0.971, -0.193);Ground_Mountain_2_3:(-0.140, 0.971, -0.193);"
10.620,462.928,1041.545,151.950,30.474,23.497,20.032,3.343,-11.864,0.227,0.000,0.173,1,2.133,1.347,0.898,"Ground_Mountain_2_3:(-0.328, 0.906, -0.269);Ground_Mountain_2_3:(-0.139, 0.963, -0.231);Ground_Mountain_2_3:(-0.328, 0.906, -0.269);Ground_Mountain_2_3:(-0.139, 0.963, -0.231);Ground_Mountain_2_3:(-0.328, 0.906, -0.269);Ground_Mountain_2_3:(-0.328, 0.906, -0.269);Ground_Mountain_2_3:(-0.140, 0.971, -0.193);Ground_Mountain_2_3:(-0.140, 0.971, -0.193);Ground_Mountain_2_3:(-0.140, 0.971, -0.193);Ground_Mountain_2_3:(-0.140, 0.971, -0.193);Ground_Mountain_2_3:(-0.002, 0.981, -0.195);Ground_Mountain_2_2:(-0.187, 0.966, -0.177);Ground_Mountain_2_2:(-0.187, 0.966, -0.177);Ground_Mountain_2_2:(-0.187, 0.966, -0.177);Ground_Mountain_2_2:(-0.036, 0.983, -0.181);Ground_Mountain_2_2:(-0.002, 0.989, -0.148);Ground_Mountain_2_2:(-0.002, 0.989, -0.148);"
10.640,462.623,1041.947,152.015,30.238,23.447,20.015,3.168,-11.866,0.252,0.000,0.177,1,1.249,1.254,0.903,"Ground_Mountain_2_3:(-0.162, 0.963, -0.215);Ground_Mountain_2_3:(-0.162, 0.963, -0.215);Ground_Mountain_2_3:(-0.162, 0.963, -0.215);Ground_Mountain_2_3:(-0.162, 0.963, -0.215);Ground_Mountain_2_3:(-0.162, 0.963, -0.215);Ground_Mountain_2_3:(-0.162, 0.963, -0.215);Ground_Mountain_2_3:(-0.002, 0.981, -0.195);Ground_Mountain_2_2:(-0.337, 0.898, -0.282);Ground_Mountain_2_2:(-0.337, 0.898, -0.282);Ground_Mountain_2_2:(-0.337, 0.898, -0.282);Ground_Mountain_2_2:(-0.036, 0.983, -0.181);Ground_Mountain_2_2:(-0.002, 0.989, -0.148);"
10.660,462.318,1042.349,152.076,30.003,23.396,20.004,2.979,-11.864,0.277,0.000,0.182,1,0.460,1.174,0.908,"Ground_Mountain_2_3:(-0.162, 0.963, -0.215);Ground_Mountain_2_3:(-0.162, 0.963, -0.215);Ground_Mountain_2_3:(-0.162, 0.963, -0.215);Ground_Mountain_2_3:(-0.162, 0.963, -0.215);Ground_Mountain_2_3:(-0.162, 0.963, -0.215);Ground_Mountain_2_3:(-0.162, 0.963, -0.215);Ground_Mountain_2_3:(-0.002, 0.981, -0.195);Ground_Mountain_2_2:(-0.329, 0.903, -0.276);Ground_Mountain_2_2:(-0.329, 0.903, -0.276);Ground_Mountain_2_2:(-0.329, 0.903, -0.276);Ground_Mountain_2_2:(-0.002, 0.989, -0.148);"
10.680,461.769,1042.751,152.133,29.768,23.343,19.996,2.781,-11.859,0.302,0.000,0.188,0,0.000,1.105,0.913,"Ground_Mountain_2_3:(-0.167, 0.961, -0.220);Ground_Mountain_2_3:(-0.167, 0.961, -0.220);Ground_Mountain_2_3:(-0.167, 0.961, -0.220);Ground_Mountain_2_3:(-0.167, 0.961, -0.220);Ground_Mountain_2_3:(-0.167, 0.961, -0.220);Ground_Mountain_2_3:(-0.002, 0.981, -0.195);Ground_Mountain_2_2:(-0.322, 0.908, -0.269);Ground_Mountain_2_2:(-0.322, 0.908, -0.269);Ground_Mountain_2_2:(-0.322, 0.908, -0.269);Ground_Mountain_2_2:(-0.002, 0.989, -0.148);"
10.700,461.474,1043.154,152.186,29.532,23.290,19.988,2.584,-11.854,0.328,0.000,0.192,0,0.000,1.044,0.917,"Ground_Mountain_2_3:(-0.162, 0.963, -0.215);Ground_Mountain_2_3:(-0.162, 0.963, -0.215);Ground_Mountain_2_3:(-0.162, 0.963, -0.215);Ground_Mountain_2_3:(-0.162, 0.963, -0.215);Ground_Mountain_2_3:(-0.162, 0.963, -0.215);Ground_Mountain_2_3:(-0.162, 0.963, -0.215);Ground_Mountain_2_3:(-0.002, 0.981, -0.195);Ground_Mountain_2_2:(-0.187, 0.966, -0.177);Ground_Mountain_2_2:(-0.187, 0.966, -0.177);Ground_Mountain_2_2:(-0.187, 0.966, -0.177);Ground_Mountain_2_2:(-0.002, 0.989, -0.148);Ground_Mountain_2_2:(-0.036, 0.983, -0.181);Ground_Mountain_2_2:(-0.036, 0.983, -0.181);"
10.720,461.179,1043.556,152.235,29.297,23.235,19.980,2.387,-11.850,0.355,0.000,0.197,0,0.000,0.982,0.922,"Ground_Mountain_2_3:(-0.002, 0.981, -0.195);Ground_Mountain_2_2:(-0.036, 0.983, -0.181);Ground_Mountain_2_2:(-0.036, 0.983, -0.181);Ground_Mountain_2_2:(-0.002, 0.989, -0.148);Ground_Mountain_2_2:(-0.002, 0.989, -0.148);"
10.740,460.883,1043.958,152.280,29.063,23.179,19.972,2.190,-11.845,0.382,0.000,0.202,0,0.000,0.921,0.927,"Ground_Mountain_2_2:(-0.036, 0.983, -0.181);Ground_Mountain_2_2:(-0.036, 0.983, -0.181);"
10.760,460.587,1044.359,152.321,28.828,23.122,19.964,1.993,-11.840,0.410,0.000,0.208,0,0.000,0.860,0.932,""
10.780,460.291,1044.761,152.358,28.593,23.063,19.956,1.796,-11.836,0.439,0.000,0.213,0,0.000,0.800,0.936,""
10.800,459.846,1045.163,152.392,28.359,23.004,19.949,1.599,-11.831,0.468,0.000,0.220,0,0.000,0.740,0.941,""
10.820,459.558,1045.564,152.421,28.125,22.943,19.941,1.402,-11.826,0.498,0.000,0.226,0,0.000,0.682,0.945,""
10.840,459.269,1045.966,152.446,27.890,22.880,19.933,1.206,-11.821,0.529,0.000,0.232,0,0.000,0.624,0.950,""
10.860,458.980,1046.367,152.468,27.656,22.816,19.925,1.009,-11.817,0.560,0.000,0.238,0,0.000,0.567,0.954,""
10.880,458.691,1046.769,152.485,27.422,22.751,19.917,0.813,-11.812,0.592,0.000,0.245,0,0.000,0.512,0.958,""
10.900,458.401,1047.170,152.498,27.188,22.684,19.909,0.616,-11.807,0.625,0.000,0.252,0,0.000,0.459,0.962,""
10.920,458.041,1047.571,152.508,26.955,22.616,19.901,0.420,-11.802,0.658,0.000,0.259,0,0.000,0.409,0.965,""
10.940,457.757,1047.972,152.513,26.721,22.546,19.893,0.224,-11.798,0.692,0.000,0.266,0,0.000,0.362,0.969,""
10.960,457.472,1048.373,152.515,26.487,22.475,19.885,0.027,-11.793,0.727,0.000,0.274,0,0.000,0.319,0.972,""
10.980,457.187,1048.773,152.512,26.254,22.401,19.877,-0.169,-11.788,0.763,0.000,0.281,0,0.000,0.282,0.976,""
11.000,456.901,1049.174,152.506,26.020,22.327,19.869,-0.365,-11.784,0.799,0.000,0.289,0,0.000,0.253,0.979,""
11.020,456.615,1049.574,152.495,25.787,22.250,19.861,-0.561,-11.779,0.837,0.000,0.296,0,0.000,0.234,0.981,""
11.040,456.300,1049.974,152.481,25.554,22.171,19.853,-0.757,-11.774,0.875,0.000,0.304,0,0.000,0.227,0.984,""
11.060,456.020,1050.374,152.463,25.320,22.091,19.845,-0.953,-11.769,0.914,0.000,0.312,0,0.000,0.231,0.986,""
11.080,455.739,1050.774,152.440,25.087,22.009,19.837,-1.148,-11.765,0.955,0.000,0.320,0,0.000,0.246,0.988,""
11.100,455.458,1051.174,152.414,24.854,21.924,19.829,-1.344,-11.760,0.996,0.000,0.327,0,0.000,0.269,0.990,""
11.120,455.177,1051.574,152.384,24.621,21.838,19.821,-1.540,-11.755,1.000,0.000,0.335,0,0.000,0.298,0.992,""
11.140,454.895,1051.973,152.349,24.388,21.749,19.813,-1.735,-11.751,1.000,0.000,0.343,0,0.000,0.330,0.994,""
11.160,454.613,1052.372,152.311,24.155,21.659,19.805,-1.930,-11.746,1.000,0.000,0.350,0,0.000,0.363,0.995,""
11.180,454.348,1052.771,152.269,23.922,21.566,19.797,-2.126,-11.741,1.000,0.000,0.357,0,0.000,0.398,0.996,""
11.200,454.072,1053.170,152.223,23.689,21.471,19.790,-2.321,-11.737,1.000,0.000,0.365,0,0.000,0.433,0.997,""
11.220,453.795,1053.569,152.173,23.457,21.374,19.782,-2.516,-11.732,1.000,0.000,0.372,0,0.000,0.467,0.998,""
11.240,453.518,1053.967,152.119,23.224,21.275,19.774,-2.711,-11.727,1.000,0.000,0.379,0,0.000,0.501,0.998,""
11.260,453.240,1054.365,152.061,22.991,21.173,19.766,-2.906,-11.722,1.000,0.000,0.385,0,0.000,0.533,0.999,""
11.280,452.962,1054.763,151.999,22.759,21.069,19.758,-3.101,-11.718,1.000,0.000,0.391,0,0.000,0.565,0.999,""
11.300,452.683,1055.161,151.933,22.526,20.962,19.750,-3.296,-11.713,1.000,0.000,0.397,0,0.000,0.595,0.999,""
11.320,452.470,1055.559,151.863,22.293,20.854,19.742,-3.491,-11.708,1.000,0.000,0.404,0,0.000,0.624,0.999,""
11.340,452.197,1055.956,151.789,22.061,20.743,19.734,-3.686,-11.704,1.000,0.000,0.408,0,0.000,0.652,0.999,""
11.360,451.924,1056.353,151.712,21.828,20.629,19.726,-3.880,-11.699,1.000,0.000,0.413,0,0.000,0.678,0.999,""
11.380,451.650,1056.750,151.630,21.596,20.513,19.718,-4.075,-11.694,1.000,0.000,0.418,0,0.000,0.702,0.999,""
11.400,451.376,1057.146,151.544,21.363,20.395,19.710,-4.270,-11.690,1.000,0.000,0.421,0,0.000,0.725,0.998,""
11.420,451.102,1057.543,151.455,21.131,20.274,19.703,-4.464,-11.685,1.000,0.000,0.425,0,0.000,0.746,0.998,""
11.440,450.827,1057.939,151.362,20.899,20.151,19.695,-4.658,-11.680,1.000,0.000,0.428,0,0.000,0.765,0.997,""
11.460,450.573,1058.335,151.264,20.666,20.026,19.687,-4.853,-11.676,1.000,0.000,0.431,0,0.000,0.783,0.997,""
11.480,450.397,1058.731,151.163,20.434,19.898,19.679,-5.047,-11.671,1.000,0.000,0.436,0,0.000,0.800,0.996,""
11.500,450.128,1059.126,151.058,20.202,19.768,19.671,-5.241,-11.666,1.000,0.000,0.437,0,0.000,0.814,0.995,""
11.520,449.859,1059.521,150.949,19.969,19.636,19.663,-5.435,-11.662,1.000,0.000,0.438,0,0.000,0.827,0.995,""
11.540,449.589,1059.916,150.837,19.737,19.501,19.655,-5.629,-11.657,1.000,0.000,0.438,0,0.000,0.838,0.994,""
11.560,449.319,1060.311,150.720,19.505,19.364,19.648,-5.823,-11.652,1.000,0.000,0.438,0,0.000,0.848,0.993,""
11.580,449.048,1060.706,150.599,19.273,19.225,19.640,-6.016,-11.648,1.000,0.000,0.437,0,0.000,0.856,0.992,""
11.600,448.777,1061.100,150.475,19.041,19.083,19.632,-6.210,-11.643,1.000,0.000,0.436,0,0.000,0.863,0.991,""
11.620,448.582,1061.494,150.347,18.809,18.940,19.624,-6.404,-11.638,1.000,0.000,0.438,0,0.000,0.868,0.991,""
11.640,448.408,1061.888,150.215,18.577,18.794,19.616,-6.597,-11.634,1.000,0.000,0.439,0,0.000,0.872,0.990,""
11.660,448.143,1062.281,150.078,18.345,18.646,19.608,-6.791,-11.629,1.000,0.000,0.437,0,0.000,0.874,0.989,""
11.680,447.877,1062.674,149.939,18.113,18.496,19.600,-6.984,-11.624,1.000,0.000,0.434,0,0.000,0.874,0.988,""
11.700,447.611,1063.067,149.795,17.881,18.345,19.593,-7.178,-11.620,1.000,0.000,0.431,0,0.000,0.874,0.988,""
11.720,447.345,1063.460,149.647,17.649,18.191,19.585,-7.371,-11.615,1.000,0.000,0.428,0,0.000,0.872,0.987,""
11.740,447.078,1063.853,149.496,17.417,18.035,19.577,-7.564,-11.610,1.000,0.000,0.424,0,0.000,0.868,0.986,""
11.760,446.811,1064.245,149.341,17.185,17.878,19.569,-7.757,-11.606,1.000,0.000,0.420,0,0.000,0.863,0.986,""
11.780,446.573,1064.637,149.181,16.953,17.719,19.561,-7.950,-11.601,1.000,0.000,0.416,0,0.000,0.858,0.985,""
11.800,446.505,1065.029,149.018,16.722,17.558,19.553,-8.143,-11.596,1.000,0.000,0.417,0,0.000,0.850,0.985,""
11.820,446.244,1065.420,148.852,16.490,17.395,19.546,-8.336,-11.592,1.000,0.000,0.413,0,0.000,0.842,0.984,""
11.840,445.982,1065.812,148.681,16.258,17.232,19.538,-8.529,-11.587,1.000,0.000,0.408,0,0.000,0.833,0.984,""
11.860,445.720,1066.203,148.506,16.027,17.066,19.530,-8.721,-11.583,1.000,0.000,0.403,0,0.000,0.822,0.984,""
11.880,445.458,1066.594,148.328,15.795,16.899,19.522,-8.914,-11.578,1.000,0.000,0.398,0,0.000,0.811,0.983,""
11.900,445.195,1066.984,148.146,15.564,16.731,19.514,-9.107,-11.573,1.000,0.000,0.392,0,0.000,0.798,0.983,""
11.920,444.932,1067.375,147.960,15.333,16.562,19.507,-9.299,-11.569,1.000,0.000,0.387,0,0.000,0.785,0.983,""
11.940,444.668,1067.765,147.770,15.101,16.391,19.499,-9.491,-11.564,1.000,0.000,0.381,0,0.000,0.771,0.983,""
11.960,444.546,1068.155,147.576,14.870,16.219,19.491,-9.684,-11.559,1.000,0.000,0.379,0,0.000,0.756,0.983,""
11.980,444.432,1068.544,147.379,14.639,16.047,19.483,-9.876,-11.555,1.000,0.000,0.376,0,0.000,0.740,0.983,""
12.000,444.175,1068.934,147.177,14.408,15.873,19.475,-10.068,-11.550,1.000,0.000,0.369,0,0.000,0.723,0.983,""
12.020,443.917,1069.323,146.972,14.177,15.699,19.468,-10.260,-11.546,1.000,0.000,0.364,0,0.000,0.706,0.983,""
12.040,443.659,1069.712,146.763,13.946,15.524,19.460,-10.452,-11.541,1.000,0.000,0.358,0,0.000,0.688,0.983,""
12.060,443.401,1070.100,146.550,13.715,15.348,19.452,-10.644,-11.536,1.000,0.000,0.352,0,0.000,0.669,0.984,""
12.080,443.142,1070.489,146.334,13.484,15.172,19.444,-10.836,-11.532,1.000,0.000,0.346,0,0.000,0.650,0.984,""
12.100,442.883,1070.877,146.113,13.253,14.995,19.436,-11.028,-11.527,1.000,0.000,0.341,0,0.000,0.630,0.984,""
12.120,442.624,1071.265,145.889,13.023,14.817,19.429,-11.220,-11.522,1.000,0.000,0.335,0,0.000,0.610,0.985,""
12.140,442.503,1071.653,145.661,12.792,14.640,19.421,-11.411,-11.518,1.000,0.000,0.331,0,0.000,0.590,0.985,""
12.160,442.459,1072.041,145.429,12.561,14.462,19.413,-11.603,-11.513,1.000,0.000,0.329,0,0.000,0.569,0.985,""
12.180,442.206,1072.428,145.193,12.331,14.284,19.405,-11.794,-11.509,1.000,0.000,0.323,0,0.000,0.547,0.986,""
12.200,441.953,1072.815,144.954,12.101,14.106,19.398,-11.986,-11.504,1.000,0.000,0.318,0,0.000,0.525,0.986,""
12.220,441.699,1073.203,144.710,11.870,13.928,19.390,-12.177,-11.499,1.000,0.000,0.312,0,0.000,0.503,0.987,""
12.240,441.445,1073.589,144.463,11.640,13.750,19.382,-12.368,-11.495,1.000,0.000,0.307,0,0.000,0.481,0.987,""
12.260,441.190,1073.976,144.212,11.410,13.573,19.374,-12.559,-11.490,1.000,0.000,0.302,0,0.000,0.459,0.988,""
12.280,440.935,1074.362,143.957,11.180,13.395,19.367,-12.751,-11.486,1.000,0.000,0.296,0,0.000,0.436,0.988,""
12.300,440.680,1074.749,143.698,10.950,13.218,19.359,-12.942,-11.481,1.000,0.000,0.291,0,0.000,0.414,0.989,""
12.320,440.446,1075.135,143.436,10.720,13.042,19.351,-13.133,-11.476,1.000,0.000,0.287,0,0.000,0.391,0.989,""
12.340,440.446,1075.520,143.170,10.490,12.865,19.343,-13.323,-11.472,1.000,0.000,0.284,0,0.000,0.368,0.990,""
12.360,440.339,1075.906,142.899,10.260,12.690,19.336,-13.514,-11.467,1.000,0.000,0.281,0,0.000,0.345,0.991,""
12.380,440.090,1076.291,142.626,10.031,12.515,19.328,-13.705,-11.463,1.000,0.000,0.276,0,0.000,0.323,0.991,""
12.400,439.840,1076.677,142.348,9.801,12.340,19.320,-13.896,-11.458,1.000,0.000,0.272,0,0.000,0.300,0.992,""
12.420,439.591,1077.062,142.066,9.572,12.167,19.312,-14.086,-11.454,1.000,0.000,0.267,0,0.000,0.277,0.992,""
12.440,439.341,1077.447,141.781,9.343,11.994,19.305,-14.277,-11.449,1.000,0.000,0.263,0,0.000,0.255,0.993,""
12.460,439.090,1077.831,141.492,9.113,11.822,19.297,-14.467,-11.444,1.000,0.000,0.259,0,0.000,0.233,0.993,""
12.480,438.840,1078.216,141.199,8.884,11.651,19.289,-14.657,-11.440,1.000,0.000,0.254,0,0.000,0.211,0.994,""
12.500,438.589,1078.600,140.902,8.655,11.481,19.282,-14.848,-11.435,1.000,0.000,0.250,0,0.000,0.189,0.994,""
12.520,438.375,1078.984,140.601,8.426,11.311,19.274,-15.038,-11.431,1.000,0.000,0.247,0,0.000,0.167,0.995,""
12.540,438.375,1079.369,140.297,8.197,11.143,19.266,-15.228,-11.426,1.000,0.000,0.245,0,0.000,0.146,0.995,""
12.560,438.334,1079.752,139.989,7.969,10.976,19.258,-15.418,-11.422,1.000,0.000,0.242,0,0.000,0.125,0.996,""
12.580,438.090,1080.136,139.676,7.740,10.810,19.251,-15.608,-11.417,1.000,0.000,0.238,0,0.000,0.105,0.996,""
12.600,437.845,1080.520,139.361,7.511,10.644,19.243,-15.798,-11.412,1.000,0.000,0.235,0,0.000,0.085,0.997,""
12.620,437.599,1080.903,139.041,7.283,10.480,19.235,-15.988,-11.408,1.000,0.000,0.231,0,0.000,0.066,0.997,""
12.640,437.354,1081.286,138.718,7.055,10.318,19.228,-16.177,-11.403,1.000,0.000,0.228,0,0.000,0.047,0.997,""
12.660,437.108,1081.669,138.390,6.826,10.156,19.220,-16.367,-11.399,1.000,0.000,0.224,0,0.000,0.031,0.998,""
12.680,436.862,1082.052,138.059,6.598,9.995,19.212,-16.557,-11.394,1.000,0.000,0.221,0,0.000,0.019,0.998,""
12.700,436.615,1082.435,137.724,6.370,9.836,19.205,-16.746,-11.390,1.000,0.000,0.218,0,0.000,0.022,0.998,""
12.720,436.368,1082.818,137.386,6.142,9.677,19.197,-16.935,-11.385,1.000,0.000,0.215,0,0.000,0.036,0.999,""
12.740,436.292,1083.200,137.043,5.914,9.520,19.189,-17.125,-11.380,1.000,0.000,0.212,0,0.000,0.051,0.999,""
12.760,436.292,1083.582,136.697,5.687,9.364,19.181,-17.314,-11.376,1.000,0.000,0.211,0,0.000,0.067,0.999,""
12.780,436.205,1083.965,136.347,5.459,9.209,19.174,-17.503,-11.371,1.000,0.000,0.208,0,0.000,0.083,0.999,""
12.800,435.964,1084.347,135.993,5.231,9.055,19.166,-17.692,-11.367,1.000,0.000,0.206,0,0.000,0.098,0.999,""
12.820,435.723,1084.729,135.636,5.004,8.902,19.158,-17.881,-11.362,1.000,0.000,0.203,0,0.000,0.113,1.000,""
12.840,435.482,1085.110,135.274,4.777,8.750,19.151,-18.070,-11.358,1.000,0.000,0.200,0,0.000,0.127,1.000,""
12.860,435.241,1085.492,134.909,4.549,8.600,19.143,-18.259,-11.353,1.000,0.000,0.197,0,0.000,0.141,1.000,""
12.880,434.999,1085.873,134.540,4.322,8.450,19.135,-18.448,-11.349,1.000,0.000,0.194,0,0.000,0.154,1.000,""
12.900,434.757,1086.255,134.168,4.095,8.301,19.128,-18.637,-11.344,1.000,0.000,0.192,0,0.000,0.167,1.000,""
12.920,434.515,1086.636,133.791,3.868,8.153,19.120,-18.826,-11.340,1.000,0.000,0.189,0,0.000,0.179,1.000,""
12.940,434.272,1087.017,133.411,3.642,8.006,19.113,-19.014,-11.335,1.000,0.000,0.187,0,0.000,0.191,1.000,""
12.960,434.197,1087.398,133.027,3.415,7.860,19.105,-19.203,-11.330,1.000,0.000,0.185,0,0.000,0.202,1.000,""
12.980,434.197,1087.779,132.639,3.188,7.715,19.097,-19.391,-11.326,1.000,0.000,0.184,0,0.000,0.212,1.000,""
13.000,434.197,1088.160,132.247,2.962,7.571,19.090,-19.579,-11.321,1.000,0.000,0.182,0,0.000,0.222,1.000,""
13.020,433.964,1088.541,131.852,2.735,7.427,19.082,-19.768,-11.317,1.000,0.000,0.180,0,0.000,0.231,1.000,""
13.040,433.727,1088.921,131.453,2.509,7.284,19.074,-19.956,-11.312,1.000,0.000,0.178,0,0.000,0.240,1.000,""
13.060,433.490,1089.301,131.050,2.283,7.142,19.067,-20.144,-11.308,1.000,0.000,0.175,0,0.000,0.248,1.000,""
13.080,433.253,1089.682,130.643,2.057,7.000,19.059,-20.332,-11.303,1.000,0.000,0.173,0,0.000,0.255,1.000,""
13.100,433.016,1090.062,130.233,1.831,6.859,19.051,-20.520,-11.299,1.000,0.000,0.171,0,0.000,0.262,1.000,""
13.120,432.778,1090.442,129.819,1.605,6.718,19.044,-20.708,-11.294,1.000,0.000,0.169,0,0.000,0.268,1.000,""
13.140,432.540,1090.822,129.401,1.379,6.578,19.036,-20.896,-11.290,1.000,0.000,0.167,0,0.000,0.274,1.000,""
13.160,432.302,1091.202,128.979,1.153,6.438,19.029,-21.084,-11.285,1.000,0.000,0.165,0,0.000,0.279,0.999,""
13.180,432.093,1091.581,128.554,0.927,6.299,19.021,-21.271,-11.281,1.000,0.000,0.163,0,0.000,0.283,0.999,""
13.200,432.093,1091.961,128.124,0.702,6.159,19.013,-21.459,-11.276,1.000,0.000,0.162,0,0.000,0.287,0.999,""
13.220,432.093,1092.340,127.691,0.477,6.021,19.006,-21.646,-11.272,1.000,0.000,0.160,0,0.000,0.290,0.999,""
13.240,432.093,1092.719,127.255,0.251,5.882,18.998,-21.834,-11.267,1.000,0.000,0.159,0,0.000,0.293,0.999,""
13.260,431.862,1093.099,126.814,0.026,5.743,18.991,-22.021,-11.263,1.000,0.000,0.157,0,0.000,0.295,0.999,""
13.280,431.629,1093.478,126.370,-0.199,5.605,18.983,-22.209,-11.258,1.000,0.000,0.155,0,0.000,0.297,0.999,""
13.300,431.396,1093.857,125.922,-0.424,5.467,18.975,-22.396,-11.254,1.000,0.000,0.153,0,0.000,0.298,0.999,""
13.320,431.163,1094.236,125.470,-0.649,5.328,18.968,-22.583,-11.249,1.000,0.000,0.151,0,0.000,0.299,0.999,""
13.340,430.930,1094.572,125.066,-0.884,6.889,18.815,-19.937,-11.248,1.000,0.000,0.150,0,0.000,0.299,0.980,"Mountain trunk:(-0.051, 0.999, -0.001);Mountain trunk:(-0.051, 0.999, -0.001);Mountain trunk:(-0.051, 0.999, -0.001);"
13.360,430.688,1094.770,124.809,-1.112,9.663,15.205,-10.570,-10.529,1.000,0.000,0.166,1,11.250,8.871,0.814,"Mountain trunk:(-0.195, 0.980, -0.035);Mountain trunk:(-0.195, 0.980, -0.035);Mountain trunk:(-0.195, 0.980, -0.035);Mountain trunk:(-0.195, 0.980, -0.035);"
13.380,430.454,1094.910,124.701,-1.332,9.752,10.710,-3.636,-9.277,1.000,0.000,0.283,1,0.000,24.970,0.591,"Mountain trunk:(-0.572, 0.814, -0.099);Mountain trunk:(-0.572, 0.814, -0.099);Mountain trunk:(-0.572, 0.814, -0.099);Mountain trunk:(-0.572, 0.814, -0.099);"
13.400,430.238,1095.062,124.630,-1.552,10.236,8.568,-1.954,-9.600,1.000,0.000,0.758,0,0.000,18.536,0.460,"Mountain trunk:(-0.771, 0.591, -0.236);Mountain trunk:(-0.771, 0.591, -0.236);Mountain trunk:(-0.771, 0.591, -0.236);Mountain trunk:(-0.771, 0.591, -0.236);"
13.420,430.026,1095.225,124.566,-1.762,10.720,8.393,-2.034,-9.644,1.000,0.000,0.473,0,0.000,11.659,0.374,"Mountain trunk:(-0.822, 0.460, -0.335);Mountain trunk:(-0.822, 0.460, -0.335);Mountain trunk:(-0.822, 0.460, -0.335);Mountain trunk:(-0.822, 0.460, -0.335);"
13.440,429.980,1095.391,124.497,-1.969,11.172,8.389,-2.229,-9.640,1.000,0.000,0.115,0,0.000,8.783,0.290,"Mountain trunk:(-0.839, 0.374, -0.394);Mountain trunk:(-0.839, 0.374, -0.394);Mountain trunk:(-0.839, 0.374, -0.394);Mountain trunk:(-0.839, 0.374, -0.394);"
