time,x,y,z,speed,vx,vy,vz,throttle,brake,steer,wheels,suspension,alignment,up,contact
0.020,1064.367,145.989,196.000,31.701,-31.701,-0.063,0.000,0.000,0.000,0.000,4,7.803,1.754,1.000,"Ground_Mountain_2_4:(0.080, 0.997, 0.000) separation=0.4076934;Ground_Mountain_2_4:(0.080, 0.997, 0.000) separation=0.2203031;Ground_Mountain_2_4:(0.080, 0.997, 0.000) separation=0.4076934;Ground_Mountain_2_4:(0.080, 0.997, 0.000) separation=0.2203031;Ground_Mountain_2_4:(0.080, 0.997, 0.000) separation=0.2203031;Ground_Mountain_2_4:(0.080, 0.997, 0.000) separation=0.2203031;Ground_Summit authored launch:(0.080, 0.997, 0.000) separation=0.1604845;Ground_Summit authored launch:(0.080, 0.997, 0.000) separation=0.3478748;Ground_Summit authored launch:(0.080, 0.997, 0.000) separation=0.3478748;Ground_Summit authored launch:(0.080, 0.997, 0.000) separation=0.1604845;Ground_Summit authored launch:(0.080, 0.997, 0.000) separation=0.1755565;Ground_Summit authored launch:(0.080, 0.997, 0.000) separation=0.1755565;"
0.040,1063.733,145.989,196.000,31.709,-31.710,-0.013,0.000,0.150,0.000,0.000,4,12.223,1.075,1.000,"Ground_Mountain_2_4:(0.080, 0.997, 0.000) separation=0.3534124;Ground_Mountain_2_4:(0.080, 0.997, 0.000) separation=0.1709604;Ground_Mountain_2_4:(0.080, 0.997, 0.000) separation=0.3534124;Ground_Mountain_2_4:(0.080, 0.997, 0.000) separation=0.1709603;Ground_Mountain_2_4:(0.080, 0.997, 0.000) separation=0.1709604;Ground_Mountain_2_4:(0.080, 0.997, 0.000) separation=0.1785768;Ground_Summit authored launch:(0.080, 0.997, 0.000) separation=0.1111345;Ground_Summit authored launch:(0.080, 0.997, 0.000) separation=0.2935921;Ground_Summit authored launch:(0.080, 0.997, 0.000) separation=0.293592;Ground_Summit authored launch:(0.080, 0.997, 0.000) separation=0.1111345;Ground_Summit authored launch:(0.080, 0.997, 0.000) separation=0.1531392;Ground_Summit authored launch:(0.080, 0.997, 0.000) separation=0.1578595;"
0.060,1063.100,145.991,196.000,31.716,-31.717,0.114,0.000,0.145,0.000,0.000,4,16.071,0.526,1.000,"Ground_Mountain_2_4:(0.080, 0.997, 0.000) separation=0.2982922;Ground_Mountain_2_4:(0.080, 0.997, 0.000) separation=0.1244412;Ground_Mountain_2_4:(0.080, 0.997, 0.000) separation=0.2982923;Ground_Mountain_2_4:(0.080, 0.997, 0.000) separation=0.1244412;Ground_Mountain_2_4:(0.080, 0.997, 0.000) separation=0.1244412;Ground_Mountain_2_4:(0.080, 0.997, 0.000) separation=0.1244412;Ground_Summit authored launch:(0.080, 0.997, 0.000) separation=0.0646133;Ground_Summit authored launch:(0.080, 0.997, 0.000) separation=0.2384734;Ground_Summit authored launch:(0.080, 0.997, 0.000) separation=0.2384734;Ground_Summit authored launch:(0.080, 0.997, 0.000) separation=0.06461332;Ground_Summit authored launch:(0.080, 0.997, 0.000) separation=0.07711896;Ground_Summit authored launch:(0.080, 0.997, 0.000) separation=0.08161542;"
0.080,1062.473,146.003,196.000,31.638,-31.633,0.618,0.000,0.142,0.000,0.000,4,19.419,0.090,1.000,"Ground_Mountain_2_4:(0.080, 0.997, 0.000) separation=0.2443734;Ground_Mountain_2_4:(0.080, 0.997, 0.000) separation=0.081708;Ground_Mountain_2_4:(0.080, 0.997, 0.000) separation=0.2443734;Ground_Mountain_2_4:(0.080, 0.997, 0.000) separation=0.081708;Ground_Mountain_2_4:(0.080, 0.997, 0.000) separation=0.08170798;Ground_Mountain_2_4:(0.080, 0.997, 0.000) separation=0.08170798;Ground_Summit authored launch:(0.080, 0.997, 0.000) separation=0.02189608;Ground_Summit authored launch:(0.080, 0.997, 0.000) separation=0.1845605;Ground_Summit authored launch:(0.080, 0.997, 0.000) separation=0.1845605;Ground_Summit authored launch:(0.080, 0.997, 0.000) separation=0.0218961;Ground_Summit authored launch:(0.080, 0.997, 0.000) separation=0.02739727;Ground_Summit authored launch:(0.080, 0.997, 0.000) separation=0.0273973;"
0.100,1061.847,146.024,196.000,31.595,-31.582,1.053,0.002,0.181,0.000,0.000,4,22.317,4.137,0.999,"Ground_Mountain_2_4:(0.080, 0.997, 0.000) separation=0.1856103;Ground_Mountain_2_4:(0.080, 0.997, 0.000) separation=0.0641765;Ground_Mountain_2_4:(0.080, 0.997, 0.000) separation=0.185607;Ground_Mountain_2_4:(0.080, 0.997, 0.000) separation=0.06417973;Ground_Mountain_2_4:(0.080, 0.997, 0.000) separation=0.06417421;Ground_Mountain_2_4:(0.080, 0.997, 0.000) separation=0.06417963;Ground_Summit authored launch:(0.080, 0.997, 0.000) separation=0.004376251;Ground_Summit authored launch:(0.080, 0.997, 0.000) separation=0.1257912;Ground_Summit authored launch:(0.080, 0.997, 0.000) separation=0.1258008;Ground_Summit authored launch:(0.080, 0.997, 0.000) separation=0.004366651;Ground_Summit authored launch:(0.080, 0.997, 0.000) separation=0.02666941;Ground_Summit authored launch:(0.080, 0.997, 0.000) separation=0.02981552;Ground_Summit authored launch:(0.080, 0.997, 0.000) separation=0.0543144;Ground_Summit authored launch:(0.080, 0.997, 0.000) separation=0.0543144;"
0.120,1061.221,146.052,196.000,31.590,-31.568,1.403,0.002,0.202,0.000,0.000,4,26.315,5.962,0.998,"Ground_Mountain_2_4:(0.080, 0.997, 0.000) separation=0.1303621;Ground_Mountain_2_4:(0.080, 0.997, 0.000) separation=0.06068509;Ground_Mountain_2_4:(0.080, 0.997, 0.000) separation=0.1303524;Ground_Mountain_2_4:(0.080, 0.997, 0.000) separation=0.06069484;Ground_Mountain_2_4:(0.080, 0.997, 0.000) separation=0.06068558;Ground_Mountain_2_4:(0.080, 0.997, 0.000) separation=0.06069058;Ground_Summit authored launch:(0.080, 0.997, 0.000) separation=0.0009007771;Ground_Summit authored launch:(0.080, 0.997, 0.000) separation=0.07050535;Ground_Summit authored launch:(0.080, 0.997, 0.000) separation=0.07051316;Ground_Summit authored launch:(0.080, 0.997, 0.000) separation=0.0008948976;Ground_Summit authored launch:(0.080, 0.997, 0.000) separation=0.002673745;Ground_Summit authored launch:(0.080, 0.997, 0.000) separation=0.004478842;"
0.140,1060.594,146.091,196.000,31.551,-31.492,1.984,0.000,0.205,0.000,0.000,4,29.631,5.286,0.997,"Ground_Mountain_2_4:(0.080, 0.997, 0.000) separation=0.08631674;Ground_Mountain_2_4:(0.080, 0.997, 0.000) separation=0.06000269;Ground_Mountain_2_4:(0.080, 0.997, 0.000) separation=0.0863122;Ground_Mountain_2_4:(0.080, 0.997, 0.000) separation=0.06000723;Ground_Mountain_2_4:(0.080, 0.997, 0.000) separation=0.06000754;Ground_Mountain_2_4:(0.080, 0.997, 0.000) separation=0.06000772;Ground_Summit authored launch:(0.080, 0.997, 0.000) separation=0.0001762733;Ground_Summit authored launch:(0.080, 0.997, 0.000) separation=0.02649962;Ground_Summit authored launch:(0.080, 0.997, 0.000) separation=0.02650005;Ground_Summit authored launch:(0.080, 0.997, 0.000) separation=0.0001758402;Ground_Summit authored launch:(0.080, 0.997, 0.000) separation=0.007927865;Ground_Summit authored launch:(0.080, 0.997, 0.000) separation=0.008608133;Ground_Summit authored launch:(0.080, 0.997, 0.000) separation=0.05017313;Ground_Summit authored launch:(0.080, 0.997, 0.000) separation=0.05017313;"
0.160,1059.966,146.140,196.000,31.534,-31.439,2.456,0.000,0.224,0.000,0.000,4,27.906,2.639,0.997,"Ground_Mountain_2_4:(0.080, 0.997, 0.000) separation=0.0651307;Ground_Mountain_2_4:(0.080, 0.997, 0.000) separation=0.05986706;Ground_Mountain_2_4:(0.080, 0.997, 0.000) separation=0.0651309;Ground_Mountain_2_4:(0.080, 0.997, 0.000) separation=0.05986686;Ground_Mountain_2_4:(0.080, 0.997, 0.000) separation=0.05986691;Ground_Mountain_2_4:(0.080, 0.997, 0.000) separation=0.05986696;Ground_Summit authored launch:(0.080, 0.997, 0.000) separation=4.817406E-05;Ground_Summit authored launch:(0.080, 0.997, 0.000) separation=0.005311084;Ground_Summit authored launch:(0.080, 0.997, 0.000) separation=0.005312225;Ground_Summit authored launch:(0.080, 0.997, 0.000) separation=4.703307E-05;Ground_Summit authored launch:(0.080, 0.997, 0.000) separation=0.0007632971;Ground_Summit authored launch:(0.080, 0.997, 0.000) separation=0.0009004176;Ground_Summit authored launch:(0.080, 0.997, 0.000) separation=0.05005237;"
0.180,1059.338,146.195,196.000,31.541,-31.421,2.756,-0.001,0.233,0.000,0.000,4,24.847,0.790,0.997,"Ground_Mountain_2_4:(0.080, 0.997, 0.000) separation=0.06085579;Ground_Mountain_2_4:(0.080, 0.997, 0.000) separation=0.0617276;Ground_Mountain_2_4:(0.080, 0.997, 0.000) separation=0.0608613;Ground_Mountain_2_4:(0.080, 0.997, 0.000) separation=0.0617221;Ground_Mountain_2_4:(0.080, 0.997, 0.000) separation=0.06086129;Ground_Mountain_2_4:(0.080, 0.997, 0.000) separation=0.06100526;Ground_Summit authored launch:(0.080, 0.997, 0.000) separation=0.00191741;Ground_Summit authored launch:(0.080, 0.997, 0.000) separation=0.00105971;Ground_Summit authored launch:(0.080, 0.997, 0.000) separation=0.001059351;Ground_Summit authored launch:(0.080, 0.997, 0.000) separation=0.00191777;Ground_Summit authored launch:(0.080, 0.997, 0.000) separation=0.001101375;Ground_Summit authored launch:(0.080, 0.997, 0.000) separation=0.001101762;"
0.200,1058.710,146.255,196.000,31.547,-31.405,3.013,-0.001,0.230,0.000,0.000,4,22.625,0.649,0.997,"Ground_Mountain_2_4:(0.080, 0.997, 0.000) separation=0.06337724;Ground_Mountain_2_4:(0.080, 0.997, 0.000) separation=0.06892763;Ground_Mountain_2_4:(0.080, 0.997, 0.000) separation=0.06337703;Ground_Mountain_2_4:(0.080, 0.997, 0.000) separation=0.06892785;Ground_Mountain_2_4:(0.080, 0.997, 0.000) separation=0.06337708;Ground_Mountain_2_4:(0.080, 0.997, 0.000) separation=0.06337714;Ground_Summit authored launch:(0.080, 0.997, 0.000) separation=0.009100334;Ground_Summit authored launch:(0.080, 0.997, 0.000) separation=0.003565048;Ground_Summit authored launch:(0.080, 0.997, 0.000) separation=0.003563692;Ground_Summit authored launch:(0.080, 0.997, 0.000) separation=0.009101691;Ground_Summit authored launch:(0.080, 0.997, 0.000) separation=0.004712194;Ground_Summit authored launch:(0.080, 0.997, 0.000) separation=0.004713804;"
0.220,1058.083,146.320,196.000,31.552,-31.392,3.222,-0.001,0.227,0.000,0.000,4,20.293,0.524,0.996,"Ground_Mountain_2_4:(0.080, 0.997, 0.000) separation=0.07163516;Ground_Mountain_2_4:(0.080, 0.997, 0.000) separation=0.08064016;Ground_Mountain_2_4:(0.080, 0.997, 0.000) separation=0.07164035;Ground_Mountain_2_4:(0.080, 0.997, 0.000) separation=0.08063497;Ground_Mountain_2_4:(0.080, 0.997, 0.000) separation=0.07163945;Ground_Mountain_2_4:(0.080, 0.997, 0.000) separation=0.07164055;Ground_Summit authored launch:(0.080, 0.997, 0.000) separation=0.02080548;Ground_Summit authored launch:(0.080, 0.997, 0.000) separation=0.01181585;Ground_Summit authored launch:(0.080, 0.997, 0.000) separation=0.01181362;Ground_Summit authored launch:(0.080, 0.997, 0.000) separation=0.02080771;Ground_Summit authored launch:(0.080, 0.997, 0.000) separation=0.0121085;Ground_Summit authored launch:(0.080, 0.997, 0.000) separation=0.01234284;"
0.240,1057.455,146.388,196.000,31.557,-31.382,3.385,-0.002,0.224,0.000,0.000,4,17.951,0.414,0.996,"Ground_Mountain_2_4:(0.080, 0.997, 0.000) separation=0.08457238;Ground_Mountain_2_4:(0.080, 0.997, 0.000) separation=0.09599699;Ground_Mountain_2_4:(0.080, 0.997, 0.000) separation=0.08457749;Ground_Mountain_2_4:(0.080, 0.997, 0.000) separation=0.09599189;Ground_Mountain_2_4:(0.080, 0.997, 0.000) separation=0.08457217;Ground_Mountain_2_4:(0.080, 0.997, 0.000) separation=0.0870052;Ground_Summit authored launch:(0.080, 0.997, 0.000) separation=0.03618499;Ground_Summit authored launch:(0.080, 0.997, 0.000) separation=0.02477868;Ground_Summit authored launch:(0.080, 0.997, 0.000) separation=0.02477584;Ground_Summit authored launch:(0.080, 0.997, 0.000) separation=0.03618783;Ground_Summit authored launch:(0.080, 0.997, 0.000) separation=0.02588579;Ground_Summit authored launch:(0.080, 0.997, 0.000) separation=0.02588916;"
0.260,1056.828,146.458,196.000,31.560,-31.376,3.503,-0.002,0.222,0.000,0.000,4,15.679,0.319,0.996,"Ground_Mountain_2_4:(0.080, 0.997, 0.000) separation=0.1012386;Ground_Mountain_2_4:(0.080, 0.997, 0.000) separation=0.1142094;Ground_Mountain_2_4:(0.080, 0.997, 0.000) separation=0.1012434;Ground_Mountain_2_4:(0.080, 0.997, 0.000) separation=0.1142046;Ground_Mountain_2_4:(0.080, 0.997, 0.000) separation=0.1012383;Ground_Mountain_2_4:(0.080, 0.997, 0.000) separation=0.1012425;Ground_Summit authored launch:(0.080, 0.997, 0.000) separation=0.05438694;Ground_Summit authored launch:(0.080, 0.997, 0.000) separation=0.04143124;Ground_Summit authored launch:(0.080, 0.997, 0.000) separation=0.04142805;Ground_Summit authored launch:(0.080, 0.997, 0.000) separation=0.05439013;Ground_Summit authored launch:(0.080, 0.997, 0.000) separation=0.04473799;Ground_Summit authored launch:(0.080, 0.997, 0.000) separation=0.04474181;"
0.280,1056.200,146.529,196.000,31.564,-31.372,3.577,-0.002,0.220,0.000,0.000,4,13.543,0.237,0.996,"Ground_Mountain_2_4:(0.080, 0.997, 0.000) separation=0.1206266;Ground_Mountain_2_4:(0.080, 0.997, 0.000) separation=0.1344174;Ground_Mountain_2_4:(0.080, 0.997, 0.000) separation=0.1206258;Ground_Mountain_2_4:(0.080, 0.997, 0.000) separation=0.1344182;Ground_Mountain_2_4:(0.080, 0.997, 0.000) separation=0.1206261;Ground_Mountain_2_4:(0.080, 0.997, 0.000) separation=0.1206261;Ground_Summit authored launch:(0.080, 0.997, 0.000) separation=0.07460432;Ground_Summit authored launch:(0.080, 0.997, 0.000) separation=0.06080246;Ground_Summit authored launch:(0.080, 0.997, 0.000) separation=0.06079894;Ground_Summit authored launch:(0.080, 0.997, 0.000) separation=0.07460785;Ground_Summit authored launch:(0.080, 0.997, 0.000) separation=0.06191847;Ground_Summit authored launch:(0.080, 0.997, 0.000) separation=0.06227922;"
0.300,1055.573,146.601,196.000,31.567,-31.372,3.613,-0.002,0.218,0.000,0.000,4,11.591,0.168,0.996,"Ground_Mountain_2_4:(0.080, 0.997, 0.000) separation=0.1417411;Ground_Mountain_2_4:(0.080, 0.997, 0.000) separation=0.1558294;Ground_Mountain_2_4:(0.080, 0.997, 0.000) separation=0.1417461;Ground_Mountain_2_4:(0.080, 0.997, 0.000) separation=0.1558244;Ground_Mountain_2_4:(0.080, 0.997, 0.000) separation=0.1417415;Ground_Mountain_2_4:(0.080, 0.997, 0.000) separation=0.1417463;Ground_Summit authored launch:(0.080, 0.997, 0.000) separation=0.09601626;Ground_Summit authored launch:(0.080, 0.997, 0.000) separation=0.08194739;Ground_Summit authored launch:(0.080, 0.997, 0.000) separation=0.08194371;Ground_Summit authored launch:(0.080, 0.997, 0.000) separation=0.09602061;Ground_Summit authored launch:(0.080, 0.997, 0.000) separation=0.0839971;Ground_Summit authored launch:(0.080, 0.997, 0.000) separation=0.08400145;"
0.320,1054.945,146.674,196.000,31.569,-31.375,3.615,-0.002,0.217,0.000,0.000,4,9.859,0.111,0.996,"Ground_Mountain_2_4:(0.080, 0.997, 0.000) separation=0.1638235;Ground_Mountain_2_4:(0.080, 0.997, 0.000) separation=0.1777683;Ground_Mountain_2_4:(0.080, 0.997, 0.000) separation=0.1638285;Ground_Mountain_2_4:(0.080, 0.997, 0.000) separation=0.1777633;Ground_Mountain_2_4:(0.080, 0.997, 0.000) separation=0.1638232;Ground_Mountain_2_4:(0.080, 0.997, 0.000) separation=0.1638283;Ground_Summit authored launch:(0.080, 0.997, 0.000) separation=0.1179491;Ground_Summit authored launch:(0.080, 0.997, 0.000) separation=0.1040275;Ground_Summit authored launch:(0.080, 0.997, 0.000) separation=0.1040236;Ground_Summit authored launch:(0.080, 0.997, 0.000) separation=0.117953;Ground_Summit authored launch:(0.080, 0.997, 0.000) separation=0.1082543;Ground_Summit authored launch:(0.080, 0.997, 0.000) separation=0.1082587;"
0.340,1054.318,146.745,196.000,31.571,-31.380,3.586,-0.002,0.215,0.000,0.000,4,8.366,0.064,0.996,"Ground_Mountain_2_4:(0.080, 0.997, 0.000) separation=0.186133;Ground_Mountain_2_4:(0.080, 0.997, 0.000) separation=0.1995781;Ground_Mountain_2_4:(0.080, 0.997, 0.000) separation=0.1861378;Ground_Mountain_2_4:(0.080, 0.997, 0.000) separation=0.1995734;Ground_Mountain_2_4:(0.080, 0.997, 0.000) separation=0.1861381;Ground_Mountain_2_4:(0.080, 0.997, 0.000) separation=0.1861382;Ground_Summit authored launch:(0.080, 0.997, 0.000) separation=0.1397418;Ground_Summit authored launch:(0.080, 0.997, 0.000) separation=0.1263038;Ground_Summit authored launch:(0.080, 0.997, 0.000) separation=0.1263;Ground_Summit authored launch:(0.080, 0.997, 0.000) separation=0.1397456;Ground_Summit authored launch:(0.080, 0.997, 0.000) separation=0.1267728;Ground_Summit authored launch:(0.080, 0.997, 0.000) separation=0.1267773;"
0.360,1053.690,146.816,196.000,31.573,-31.387,3.533,-0.002,0.214,0.000,0.000,4,7.124,0.026,0.996,"Ground_Mountain_2_4:(0.080, 0.997, 0.000) separation=0.2079028;Ground_Mountain_2_4:(0.080, 0.997, 0.000) separation=0.2206146;Ground_Mountain_2_4:(0.080, 0.997, 0.000) separation=0.2079076;Ground_Mountain_2_4:(0.080, 0.997, 0.000) separation=0.2206098;Ground_Mountain_2_4:(0.080, 0.997, 0.000) separation=0.2079025;Ground_Mountain_2_4:(0.080, 0.997, 0.000) separation=0.2079027;Ground_Summit authored launch:(0.080, 0.997, 0.000) separation=0.1608251;Ground_Summit authored launch:(0.080, 0.997, 0.000) separation=0.1481132;Ground_Summit authored launch:(0.080, 0.997, 0.000) separation=0.1481095;Ground_Summit authored launch:(0.080, 0.997, 0.000) separation=0.1608288;Ground_Summit authored launch:(0.080, 0.997, 0.000) separation=0.1505691;Ground_Summit authored launch:(0.080, 0.997, 0.000) separation=0.1505733;"
0.380,1053.062,146.885,196.000,31.576,-31.396,3.460,-0.002,0.213,0.000,0.000,4,6.131,0.003,0.996,"Ground_Mountain_2_4:(0.080, 0.997, 0.000) separation=0.2287644;Ground_Mountain_2_4:(0.080, 0.997, 0.000) separation=0.2405946;Ground_Mountain_2_4:(0.080, 0.997, 0.000) separation=0.2287695;Ground_Mountain_2_4:(0.080, 0.997, 0.000) separation=0.2405896;Ground_Mountain_2_4:(0.080, 0.997, 0.000) separation=0.2287642;Ground_Mountain_2_4:(0.080, 0.997, 0.000) separation=0.2292432;Ground_Summit authored launch:(0.080, 0.997, 0.000) separation=0.180766;Ground_Summit authored launch:(0.080, 0.997, 0.000) separation=0.1689471;Ground_Summit authored launch:(0.080, 0.997, 0.000) separation=0.1689437;Ground_Summit authored launch:(0.080, 0.997, 0.000) separation=0.1807694;Ground_Summit authored launch:(0.080, 0.997, 0.000) separation=0.1691637;Ground_Summit authored launch:(0.080, 0.997, 0.000) separation=0.1694726;"
0.400,1052.434,146.953,196.000,31.577,-31.405,3.373,-0.002,0.212,0.000,0.000,4,5.381,0.026,0.996,"Ground_Mountain_2_4:(0.080, 0.997, 0.000) separation=0.2481565;Ground_Mountain_2_4:(0.080, 0.997, 0.000) separation=0.258991;Ground_Mountain_2_4:(0.080, 0.997, 0.000) separation=0.2481617;Ground_Mountain_2_4:(0.080, 0.997, 0.000) separation=0.2589858;Ground_Mountain_2_4:(0.080, 0.997, 0.000) separation=0.2481617;Ground_Mountain_2_4:(0.080, 0.997, 0.000) separation=0.2481619;Ground_Summit authored launch:(0.080, 0.997, 0.000) separation=0.1991741;Ground_Summit authored launch:(0.080, 0.997, 0.000) separation=0.1883529;Ground_Summit authored launch:(0.080, 0.997, 0.000) separation=0.1883497;Ground_Summit authored launch:(0.080, 0.997, 0.000) separation=0.1991773;Ground_Summit authored launch:(0.080, 0.997, 0.000) separation=0.1892479;Ground_Summit authored launch:(0.080, 0.997, 0.000) separation=0.1892516;"
0.420,1051.805,147.018,196.000,31.579,-31.416,3.274,-0.002,0.211,0.000,0.000,4,4.861,0.043,0.997,"Ground_Mountain_2_4:(0.080, 0.997, 0.000) separation=0.2658386;Ground_Mountain_2_4:(0.080, 0.997, 0.000) separation=0.2756084;Ground_Mountain_2_4:(0.080, 0.997, 0.000) separation=0.2658382;Ground_Mountain_2_4:(0.080, 0.997, 0.000) separation=0.2756087;Ground_Mountain_2_4:(0.080, 0.997, 0.000) separation=0.2658384;Ground_Mountain_2_4:(0.080, 0.997, 0.000) separation=0.2658385;Ground_Summit authored launch:(0.080, 0.997, 0.000) separation=0.2157973;Ground_Summit authored launch:(0.080, 0.997, 0.000) separation=0.2060274;Ground_Summit authored launch:(0.080, 0.997, 0.000) separation=0.2060246;Ground_Summit authored launch:(0.080, 0.997, 0.000) separation=0.2158001;Ground_Summit authored launch:(0.080, 0.997, 0.000) separation=0.2083816;Ground_Summit authored launch:(0.080, 0.997, 0.000) separation=0.2083848;"
0.440,1051.177,147.082,196.000,31.581,-31.427,3.170,-0.002,0.210,0.000,0.000,4,4.549,0.055,0.997,"Ground_Mountain_2_4:(0.080, 0.997, 0.000) separation=0.2815289;Ground_Mountain_2_4:(0.080, 0.997, 0.000) separation=0.2902485;Ground_Mountain_2_4:(0.080, 0.997, 0.000) separation=0.2815341;Ground_Mountain_2_4:(0.080, 0.997, 0.000) separation=0.2902434;Ground_Mountain_2_4:(0.080, 0.997, 0.000) separation=0.2815287;Ground_Mountain_2_4:(0.080, 0.997, 0.000) separation=0.2822978;Ground_Summit authored launch:(0.080, 0.997, 0.000) separation=0.2304316;Ground_Summit authored launch:(0.080, 0.997, 0.000) separation=0.2217269;Ground_Summit authored launch:(0.080, 0.997, 0.000) separation=0.2217245;Ground_Summit authored launch:(0.080, 0.997, 0.000) separation=0.2304341;Ground_Summit authored launch:(0.080, 0.997, 0.000) separation=0.2223018;Ground_Summit authored launch:(0.080, 0.997, 0.000) separation=0.2225292;"
0.460,1050.548,147.143,196.000,31.583,-31.438,3.063,-0.002,0.209,0.000,0.000,4,4.425,0.062,0.997,"Ground_Mountain_2_4:(0.080, 0.997, 0.000) separation=0.2951279;Ground_Mountain_2_4:(0.080, 0.997, 0.000) separation=0.3027976;Ground_Mountain_2_4:(0.080, 0.997, 0.000) separation=0.2951331;Ground_Mountain_2_4:(0.080, 0.997, 0.000) separation=0.3027924;Ground_Mountain_2_4:(0.080, 0.997, 0.000) separation=0.2951277;Ground_Mountain_2_4:(0.080, 0.997, 0.000) separation=0.2951277;Ground_Summit authored launch:(0.080, 0.997, 0.000) separation=0.2429778;Ground_Summit authored launch:(0.080, 0.997, 0.000) separation=0.2353204;Ground_Summit authored launch:(0.080, 0.997, 0.000) separation=0.2353182;Ground_Summit authored launch:(0.080, 0.997, 0.000) separation=0.2429801;Ground_Summit authored launch:(0.080, 0.997, 0.000) separation=0.2363181;Ground_Summit authored launch:(0.080, 0.997, 0.000) separation=0.2363206;"
0.480,1049.918,147.202,196.000,31.585,-31.449,2.957,-0.002,0.208,0.000,0.000,4,4.466,0.066,0.997,"Ground_Mountain_2_4:(0.080, 0.997, 0.000) separation=0.3065822;Ground_Mountain_2_4:(0.080, 0.997, 0.000) separation=0.3132537;Ground_Mountain_2_4:(0.080, 0.997, 0.000) separation=0.3065875;Ground_Mountain_2_4:(0.080, 0.997, 0.000) separation=0.3132484;Ground_Mountain_2_4:(0.080, 0.997, 0.000) separation=0.3065821;Ground_Mountain_2_4:(0.080, 0.997, 0.000) separation=0.3065821;Ground_Summit authored launch:(0.080, 0.997, 0.000) separation=0.2534143;Ground_Summit authored launch:(0.080, 0.997, 0.000) separation=0.2467537;Ground_Summit authored launch:(0.080, 0.997, 0.000) separation=0.2467516;Ground_Summit authored launch:(0.080, 0.997, 0.000) separation=0.2534164;Ground_Summit authored launch:(0.080, 0.997, 0.000) separation=0.2486719;Ground_Summit authored launch:(0.080, 0.997, 0.000) separation=0.2486742;"
0.500,1049.289,147.259,195.999,31.587,-31.459,2.855,-0.002,0.207,0.000,0.000,4,4.643,0.068,0.997,"Ground_Mountain_2_4:(0.080, 0.997, 0.000) separation=0.3158447;Ground_Mountain_2_4:(0.080, 0.997, 0.000) separation=0.3215637;Ground_Mountain_2_4:(0.080, 0.997, 0.000) separation=0.3158446;Ground_Mountain_2_4:(0.080, 0.997, 0.000) separation=0.3215639;Ground_Mountain_2_4:(0.080, 0.997, 0.000) separation=0.3158446;Ground_Mountain_2_4:(0.080, 0.997, 0.000) separation=0.3166165;Ground_Summit authored launch:(0.080, 0.997, 0.000) separation=0.2617424;Ground_Summit authored launch:(0.080, 0.997, 0.000) separation=0.2560249;Ground_Summit authored launch:(0.080, 0.997, 0.000) separation=0.256023;Ground_Summit authored launch:(0.080, 0.997, 0.000) separation=0.2617442;Ground_Summit authored launch:(0.080, 0.997, 0.000) separation=0.2561363;Ground_Summit authored launch:(0.080, 0.997, 0.000) separation=0.2561382;"
0.520,1048.660,147.314,195.999,31.589,-31.469,2.758,-0.002,0.206,0.000,0.000,4,4.932,0.067,0.997,"Ground_Mountain_2_4:(0.080, 0.997, 0.000) separation=0.3230166;Ground_Mountain_2_4:(0.080, 0.997, 0.000) separation=0.3278567;Ground_Mountain_2_4:(0.080, 0.997, 0.000) separation=0.3230165;Ground_Mountain_2_4:(0.080, 0.997, 0.000) separation=0.3278568;Ground_Mountain_2_4:(0.080, 0.997, 0.000) separation=0.3230165;Ground_Mountain_2_4:(0.080, 0.997, 0.000) separation=0.3230165;Ground_Summit authored launch:(0.080, 0.997, 0.000) separation=0.2680359;Ground_Summit authored launch:(0.080, 0.997, 0.000) separation=0.2631975;Ground_Summit authored launch:(0.080, 0.997, 0.000) separation=0.2631958;Ground_Summit authored launch:(0.080, 0.997, 0.000) separation=0.2680376;Ground_Summit authored launch:(0.080, 0.997, 0.000) separation=0.2640543;Ground_Summit authored launch:(0.080, 0.997, 0.000) separation=0.2640561;"
0.540,1048.030,147.368,195.999,31.591,-31.478,2.669,-0.002,0.206,0.000,0.000,4,5.310,0.065,0.997,"Ground_Mountain_2_4:(0.080, 0.997, 0.000) separation=0.3282232;Ground_Mountain_2_4:(0.080, 0.997, 0.000) separation=0.332258;Ground_Mountain_2_4:(0.080, 0.997, 0.000) separation=0.3282231;Ground_Mountain_2_4:(0.080, 0.997, 0.000) separation=0.332258;Ground_Mountain_2_4:(0.080, 0.997, 0.000) separation=0.3282231;Ground_Mountain_2_4:(0.080, 0.997, 0.000) separation=0.3282231;Ground_Summit authored launch:(0.080, 0.997, 0.000) separation=0.2724477;Ground_Summit authored launch:(0.080, 0.997, 0.000) separation=0.2684154;Ground_Summit authored launch:(0.080, 0.997, 0.000) separation=0.268414;Ground_Summit authored launch:(0.080, 0.997, 0.000) separation=0.2724491;Ground_Summit authored launch:(0.080, 0.997, 0.000) separation=0.2684258;Ground_Summit authored launch:(0.080, 0.997, 0.000) separation=0.2685319;"
0.560,1047.400,147.420,195.999,31.592,-31.486,2.589,-0.002,0.205,0.000,0.000,4,5.751,0.061,0.997,"Ground_Mountain_2_4:(0.080, 0.997, 0.000) separation=0.3315984;Ground_Mountain_2_4:(0.080, 0.997, 0.000) separation=0.3349043;Ground_Mountain_2_4:(0.080, 0.997, 0.000) separation=0.3315983;Ground_Mountain_2_4:(0.080, 0.997, 0.000) separation=0.3349043;Ground_Mountain_2_4:(0.080, 0.997, 0.000) separation=0.3315983;Ground_Mountain_2_4:(0.080, 0.997, 0.000) separation=0.3322043;Ground_Summit authored launch:(0.080, 0.997, 0.000) separation=0.2751104;Ground_Summit authored launch:(0.080, 0.997, 0.000) separation=0.2718108;Ground_Summit authored launch:(0.080, 0.997, 0.000) separation=0.2718096;Ground_Summit authored launch:(0.080, 0.997, 0.000) separation=0.2751116;Ground_Summit authored launch:(0.080, 0.997, 0.000) separation=0.2720334;Ground_Summit authored launch:(0.080, 0.997, 0.000) separation=0.2720346;"
0.580,1046.770,147.470,195.999,31.594,-31.494,2.519,-0.002,0.204,0.000,0.000,4,6.235,0.057,0.997,"Ground_Mountain_2_4:(0.080, 0.997, 0.000) separation=0.3333225;Ground_Mountain_2_4:(0.080, 0.997, 0.000) separation=0.3359755;Ground_Mountain_2_4:(0.080, 0.997, 0.000) separation=0.3333224;Ground_Mountain_2_4:(0.080, 0.997, 0.000) separation=0.3359755;Ground_Mountain_2_4:(0.080, 0.997, 0.000) separation=0.3333224;Ground_Mountain_2_4:(0.080, 0.997, 0.000) separation=0.3333225;Ground_Summit authored launch:(0.080, 0.997, 0.000) separation=0.2761906;Ground_Summit authored launch:(0.080, 0.997, 0.000) separation=0.2735356;Ground_Summit authored launch:(0.080, 0.997, 0.000) separation=0.2735347;Ground_Summit authored launch:(0.080, 0.997, 0.000) separation=0.2761916;Ground_Summit authored launch:(0.080, 0.997, 0.000) separation=0.2741327;Ground_Summit authored launch:(0.080, 0.997, 0.000) separation=0.2741337;"
0.600,1046.140,147.519,195.999,31.596,-31.500,2.458,-0.001,0.203,0.000,0.000,4,6.744,0.052,0.997,"Ground_Mountain_2_4:(0.080, 0.997, 0.000) separation=0.3336042;Ground_Mountain_2_4:(0.080, 0.997, 0.000) separation=0.3356951;Ground_Mountain_2_4:(0.080, 0.997, 0.000) separation=0.3336042;Ground_Mountain_2_4:(0.080, 0.997, 0.000) separation=0.3356952;Ground_Mountain_2_4:(0.080, 0.997, 0.000) separation=0.3336042;Ground_Mountain_2_4:(0.080, 0.997, 0.000) separation=0.3336042;Ground_Summit authored launch:(0.080, 0.997, 0.000) separation=0.2758761;Ground_Summit authored launch:(0.080, 0.997, 0.000) separation=0.2737852;Ground_Summit authored launch:(0.080, 0.997, 0.000) separation=0.2737844;Ground_Summit authored launch:(0.080, 0.997, 0.000) separation=0.2758769;Ground_Summit authored launch:(0.080, 0.997, 0.000) separation=0.2738892;Ground_Summit authored launch:(0.080, 0.997, 0.000) separation=0.273944;"
0.620,1045.510,147.567,195.999,31.597,-31.506,2.408,-0.001,0.202,0.000,0.000,4,7.256,0.047,0.997,"Ground_Mountain_2_4:(0.080, 0.997, 0.000) separation=0.3326109;Ground_Mountain_2_4:(0.080, 0.997, 0.000) separation=0.3342111;Ground_Mountain_2_4:(0.080, 0.997, 0.000) separation=0.3326108;Ground_Mountain_2_4:(0.080, 0.997, 0.000) separation=0.3342111;Ground_Mountain_2_4:(0.080, 0.997, 0.000) separation=0.3326109;Ground_Mountain_2_4:(0.080, 0.997, 0.000) separation=0.3329795;Ground_Summit authored launch:(0.080, 0.997, 0.000) separation=0.2744043;Ground_Summit authored launch:(0.080, 0.997, 0.000) separation=0.2728016;Ground_Summit authored launch:(0.080, 0.997, 0.000) separation=0.2728011;Ground_Summit authored launch:(0.080, 0.997, 0.000) separation=0.2744048;Ground_Summit authored launch:(0.080, 0.997, 0.000) separation=0.2729843;Ground_Summit authored launch:(0.080, 0.997, 0.000) separation=0.2729848;"
0.640,1044.880,147.615,195.999,31.599,-31.510,2.368,-0.001,0.201,0.000,0.000,4,7.760,0.042,0.997,"Ground_Mountain_2_4:(0.080, 0.997, 0.000) separation=0.3305958;Ground_Mountain_2_4:(0.080, 0.997, 0.000) separation=0.3317753;Ground_Mountain_2_4:(0.080, 0.997, 0.000) separation=0.3305958;Ground_Mountain_2_4:(0.080, 0.997, 0.000) separation=0.3317753;Ground_Mountain_2_4:(0.080, 0.997, 0.000) separation=0.3305958;Ground_Mountain_2_4:(0.080, 0.997, 0.000) separation=0.3305958;Ground_Summit authored launch:(0.080, 0.997, 0.000) separation=0.2719634;Ground_Summit authored launch:(0.080, 0.997, 0.000) separation=0.2707779;Ground_Summit authored launch:(0.080, 0.997, 0.000) separation=0.2707775;Ground_Summit authored launch:(0.080, 0.997, 0.000) separation=0.2719637;Ground_Summit authored launch:(0.080, 0.997, 0.000) separation=0.2711003;Ground_Summit authored launch:(0.080, 0.997, 0.000) separation=0.2711007;"
0.660,1044.250,147.661,195.999,31.600,-31.514,2.338,-0.001,0.201,0.000,0.000,4,8.243,0.037,0.997,"Ground_Mountain_2_4:(0.080, 0.997, 0.000) separation=0.3276937;Ground_Mountain_2_4:(0.080, 0.997, 0.000) separation=0.3285311;Ground_Mountain_2_4:(0.080, 0.997, 0.000) separation=0.3276937;Ground_Mountain_2_4:(0.080, 0.997, 0.000) separation=0.3285311;Ground_Mountain_2_4:(0.080, 0.997, 0.000) separation=0.3276937;Ground_Mountain_2_4:(0.080, 0.997, 0.000) separation=0.3276937;Ground_Summit authored launch:(0.080, 0.997, 0.000) separation=0.2687394;Ground_Summit authored launch:(0.080, 0.997, 0.000) separation=0.2679053;Ground_Summit authored launch:(0.080, 0.997, 0.000) separation=0.2679051;Ground_Summit authored launch:(0.080, 0.997, 0.000) separation=0.2687396;Ground_Summit authored launch:(0.080, 0.997, 0.000) separation=0.2679079;Ground_Summit authored launch:(0.080, 0.997, 0.000) separation=0.2679081;"
0.680,1043.619,147.708,195.999,31.601,-31.517,2.316,-0.001,0.200,0.000,0.000,4,8.695,0.032,0.997,"Ground_Mountain_2_4:(0.080, 0.997, 0.000) separation=0.3242372;Ground_Mountain_2_4:(0.080, 0.997, 0.000) separation=0.3247733;Ground_Mountain_2_4:(0.080, 0.997, 0.000) separation=0.3242372;Ground_Mountain_2_4:(0.080, 0.997, 0.000) separation=0.3247733;Ground_Mountain_2_4:(0.080, 0.997, 0.000) separation=0.3242372;Ground_Mountain_2_4:(0.080, 0.997, 0.000) separation=0.3242372;Ground_Summit authored launch:(0.080, 0.997, 0.000) separation=0.2649426;Ground_Summit authored launch:(0.080, 0.997, 0.000) separation=0.2644006;Ground_Summit authored launch:(0.080, 0.997, 0.000) separation=0.2644005;Ground_Summit authored launch:(0.080, 0.997, 0.000) separation=0.2649427;Ground_Summit authored launch:(0.080, 0.997, 0.000) separation=0.264488;Ground_Summit authored launch:(0.080, 0.997, 0.000) separation=0.2644881;"
0.700,1042.989,147.754,195.999,31.603,-31.519,2.303,0.000,0.199,0.000,0.000,4,9.108,0.028,0.997,"Ground_Mountain_2_4:(0.080, 0.997, 0.000) separation=0.3202493;Ground_Mountain_2_4:(0.080, 0.997, 0.000) separation=0.3205597;Ground_Mountain_2_4:(0.080, 0.997, 0.000) separation=0.3202493;Ground_Mountain_2_4:(0.080, 0.997, 0.000) separation=0.3205597;Ground_Mountain_2_4:(0.080, 0.997, 0.000) separation=0.3202493;Ground_Mountain_2_4:(0.080, 0.997, 0.000) separation=0.3202513;Ground_Summit authored launch:(0.080, 0.997, 0.000) separation=0.2607308;Ground_Summit authored launch:(0.080, 0.997, 0.000) separation=0.2604269;Ground_Summit authored launch:(0.080, 0.997, 0.000) separation=0.2604269;Ground_Summit authored launch:(0.080, 0.997, 0.000) separation=0.2607309;Ground_Summit authored launch:(0.080, 0.997, 0.000) separation=0.2604269;Ground_Summit authored launch:(0.080, 0.997, 0.000) separation=0.2604306;"
0.720,1042.358,147.800,195.999,31.604,-31.521,2.297,0.000,0.199,0.000,0.000,4,9.476,0.023,0.997,"Ground_Mountain_2_4:(0.080, 0.997, 0.000) separation=0.3159708;Ground_Mountain_2_4:(0.080, 0.997, 0.000) separation=0.316095;Ground_Mountain_2_4:(0.080, 0.997, 0.000) separation=0.3159708;Ground_Mountain_2_4:(0.080, 0.997, 0.000) separation=0.316095;Ground_Mountain_2_4:(0.080, 0.997, 0.000) separation=0.3159708;Ground_Mountain_2_4:(0.080, 0.997, 0.000) separation=0.3159708;Ground_Summit authored launch:(0.080, 0.997, 0.000) separation=0.2562849;Ground_Summit authored launch:(0.080, 0.997, 0.000) separation=0.2561715;Ground_Summit authored launch:(0.080, 0.997, 0.000) separation=0.2561716;Ground_Summit authored launch:(0.080, 0.997, 0.000) separation=0.2562848;Ground_Summit authored launch:(0.080, 0.997, 0.000) separation=0.2561772;Ground_Summit authored launch:(0.080, 0.997, 0.000) separation=0.2561773;"
0.740,1041.728,147.846,195.999,31.605,-31.522,2.298,0.000,0.198,0.000,0.000,4,9.798,0.019,0.997,"Ground_Mountain_2_4:(0.080, 0.997, 0.000) separation=0.3115735;Ground_Mountain_2_4:(0.080, 0.997, 0.000) separation=0.3115509;Ground_Mountain_2_4:(0.080, 0.997, 0.000) separation=0.3115735;Ground_Mountain_2_4:(0.080, 0.997, 0.000) separation=0.3115509;Ground_Mountain_2_4:(0.080, 0.997, 0.000) separation=0.3115509;Ground_Mountain_2_4:(0.080, 0.997, 0.000) separation=0.3115509;Ground_Summit authored launch:(0.080, 0.997, 0.000) separation=0.251738;Ground_Summit authored launch:(0.080, 0.997, 0.000) separation=0.251774;Ground_Summit authored launch:(0.080, 0.997, 0.000) separation=0.2517741;Ground_Summit authored launch:(0.080, 0.997, 0.000) separation=0.251738;Ground_Summit authored launch:(0.080, 0.997, 0.000) separation=0.2517468;Ground_Summit authored launch:(0.080, 0.997, 0.000) separation=0.2517479;"
0.760,1041.097,147.892,195.999,31.606,-31.523,2.304,0.000,0.198,0.000,0.000,4,10.072,0.016,0.997,"Ground_Mountain_2_4:(0.080, 0.997, 0.000) separation=0.3071299;Ground_Mountain_2_4:(0.080, 0.997, 0.000) separation=0.3069966;Ground_Mountain_2_4:(0.080, 0.997, 0.000) separation=0.3071299;Ground_Mountain_2_4:(0.080, 0.997, 0.000) separation=0.3069966;Ground_Mountain_2_4:(0.080, 0.997, 0.000) separation=0.3069966;Ground_Mountain_2_4:(0.080, 0.997, 0.000) separation=0.3069966;Ground_Summit authored launch:(0.080, 0.997, 0.000) separation=0.2472121;Ground_Summit authored launch:(0.080, 0.997, 0.000) separation=0.2473544;Ground_Summit authored launch:(0.080, 0.997, 0.000) separation=0.2473546;Ground_Summit authored launch:(0.080, 0.997, 0.000) separation=0.2472119;Ground_Summit authored launch:(0.080, 0.997, 0.000) separation=0.247222;Ground_Summit authored launch:(0.080, 0.997, 0.000) separation=0.2472252;"
0.780,1040.467,147.938,195.999,31.607,-31.523,2.314,0.001,0.197,0.000,0.000,4,10.298,0.013,0.997,"Ground_Mountain_2_4:(0.087, 0.996, 0.000) separation=0.3028755;Ground_Mountain_2_4:(0.087, 0.996, 0.000) separation=0.3014127;Ground_Mountain_2_4:(0.087, 0.996, 0.000) separation=0.3028755;Ground_Mountain_2_4:(0.087, 0.996, 0.000) separation=0.3014131;Ground_Mountain_2_4:(0.087, 0.996, 0.000) separation=0.3014127;Ground_Mountain_2_4:(0.087, 0.996, 0.000) separation=0.3014128;Ground_Summit authored launch:(0.081, 0.997, 0.000) separation=0.2422326;Ground_Summit authored launch:(0.081, 0.997, 0.000) separation=0.243051;Ground_Summit authored launch:(0.081, 0.997, 0.000) separation=0.2430512;Ground_Summit authored launch:(0.081, 0.997, 0.000) separation=0.242232;Ground_Summit authored launch:(0.081, 0.997, 0.000) separation=0.2428441;Ground_Summit authored launch:(0.081, 0.997, 0.000) separation=0.2428443;"
0.800,1039.836,147.985,195.999,31.608,-31.522,2.330,0.001,0.197,0.000,0.000,4,10.543,0.067,0.997,"Ground_Mountain_2_4:(0.087, 0.996, 0.000) separation=0.2987601;Ground_Mountain_2_4:(0.087, 0.996, 0.000) separation=0.2906879;Ground_Mountain_2_4:(0.087, 0.996, 0.000) separation=0.2987601;Ground_Mountain_2_4:(0.087, 0.996, 0.000) separation=0.2906888;Ground_Mountain_2_4:(0.087, 0.996, 0.000) separation=0.2906883;Ground_Mountain_2_4:(0.087, 0.996, 0.000) separation=0.2909844;Ground_Summit authored launch:(0.083, 0.997, 0.000) separation=0.2348045;Ground_Summit authored launch:(0.083, 0.997, 0.000) separation=0.2389485;Ground_Summit authored launch:(0.083, 0.997, 0.000) separation=0.2389487;Ground_Summit authored launch:(0.083, 0.997, 0.000) separation=0.2348039;Ground_Summit authored launch:(0.083, 0.997, 0.000) separation=0.2372793;Ground_Summit authored launch:(0.083, 0.997, 0.000) separation=0.2376005;"
0.820,1039.206,148.032,195.999,31.608,-31.521,2.350,0.001,0.196,0.000,0.000,4,10.790,0.164,0.997,"Ground_Mountain_2_4:(0.087, 0.996, 0.000) separation=0.2949001;Ground_Mountain_2_4:(0.087, 0.996, 0.000) separation=0.2803599;Ground_Mountain_2_4:(0.087, 0.996, 0.000) separation=0.2949001;Ground_Mountain_2_4:(0.087, 0.996, 0.000) separation=0.2803608;Ground_Mountain_2_4:(0.087, 0.996, 0.000) separation=0.28036;Ground_Mountain_2_4:(0.087, 0.996, 0.000) separation=0.2803604;Ground_Summit authored launch:(0.090, 0.996, 0.000) separation=0.2238404;Ground_Summit authored launch:(0.090, 0.996, 0.000) separation=0.2350875;Ground_Summit authored launch:(0.090, 0.996, 0.000) separation=0.2350878;Ground_Summit authored launch:(0.090, 0.996, 0.000) separation=0.2238387;Ground_Summit authored launch:(0.090, 0.996, 0.000) separation=0.2253703;Ground_Summit authored launch:(0.090, 0.996, 0.000) separation=0.2263156;"
0.840,1038.576,148.079,195.999,31.609,-31.520,2.379,0.001,0.196,0.000,0.000,4,11.206,0.180,0.997,"Ground_Mountain_2_4:(0.100, 0.995, 0.000) separation=0.291328;Ground_Mountain_2_4:(0.100, 0.995, 0.000) separation=0.2703186;Ground_Mountain_2_4:(0.100, 0.995, 0.000) separation=0.291328;Ground_Mountain_2_4:(0.100, 0.995, 0.000) separation=0.270322;Ground_Mountain_2_4:(0.100, 0.995, 0.000) separation=0.2703199;Ground_Mountain_2_4:(0.100, 0.995, 0.000) separation=0.27032;Ground_Summit authored launch:(0.093, 0.996, 0.000) separation=0.2107558;Ground_Summit authored launch:(0.093, 0.996, 0.000) separation=0.2315208;Ground_Summit authored launch:(0.093, 0.996, 0.000) separation=0.2315212;Ground_Summit authored launch:(0.093, 0.996, 0.000) separation=0.2107526;Ground_Summit authored launch:(0.093, 0.996, 0.000) separation=0.2109499;Ground_Summit authored launch:(0.093, 0.996, 0.000) separation=0.2109503;"
0.860,1037.946,148.128,195.999,31.610,-31.517,2.420,0.002,0.195,0.000,0.000,4,11.772,0.220,0.997,"Ground_Mountain_2_4:(0.104, 0.995, 0.000) separation=0.284969;Ground_Mountain_2_4:(0.104, 0.995, 0.000) separation=0.2483764;Ground_Mountain_2_4:(0.104, 0.995, 0.000) separation=0.2849623;Ground_Mountain_2_4:(0.104, 0.995, 0.000) separation=0.248386;Ground_Mountain_2_4:(0.104, 0.995, 0.000) separation=0.2483839;Ground_Mountain_2_4:(0.104, 0.995, 0.000) separation=0.2483857;Ground_Summit authored launch:(0.099, 0.995, 0.000) separation=0.1920621;Ground_Summit authored launch:(0.099, 0.995, 0.000) separation=0.2267338;Ground_Summit authored launch:(0.099, 0.995, 0.000) separation=0.226735;Ground_Summit authored launch:(0.099, 0.995, 0.000) separation=0.1920584;Ground_Summit authored launch:(0.099, 0.995, 0.000) separation=0.2011743;Ground_Summit authored launch:(0.099, 0.995, 0.000) separation=0.2027155;"
0.880,1037.316,148.177,195.999,31.610,-31.513,2.474,0.002,0.195,0.000,0.000,4,12.480,0.228,0.997,"Ground_Mountain_2_4:(0.104, 0.995, 0.000) separation=0.2756041;Ground_Mountain_2_4:(0.104, 0.995, 0.000) separation=0.2276087;Ground_Mountain_2_4:(0.104, 0.995, 0.000) separation=0.2756026;Ground_Mountain_2_4:(0.104, 0.995, 0.000) separation=0.2276126;Ground_Mountain_2_4:(0.104, 0.995, 0.000) separation=0.2276106;Ground_Mountain_2_4:(0.104, 0.995, 0.000) separation=0.2440681;Ground_Summit authored launch:(0.105, 0.994, 0.000) separation=0.1717701;Ground_Summit authored launch:(0.105, 0.994, 0.000) separation=0.2206424;Ground_Summit authored launch:(0.105, 0.994, 0.000) separation=0.2206438;Ground_Summit authored launch:(0.105, 0.994, 0.000) separation=0.1717646;Ground_Summit authored launch:(0.105, 0.994, 0.000) separation=0.1717657;Ground_Summit authored launch:(0.105, 0.994, 0.000) separation=0.173448;"
0.900,1036.686,148.228,195.999,31.610,-31.507,2.547,0.002,0.195,0.000,0.000,4,13.397,0.207,0.997,"Ground_Mountain_2_4:(0.104, 0.995, 0.000) separation=0.2668976;Ground_Mountain_2_4:(0.104, 0.995, 0.000) separation=0.2083283;Ground_Mountain_2_4:(0.104, 0.995, 0.000) separation=0.2668965;Ground_Mountain_2_4:(0.104, 0.995, 0.000) separation=0.2083328;Ground_Mountain_2_4:(0.104, 0.995, 0.000) separation=0.2083305;Ground_Mountain_2_4:(0.104, 0.995, 0.000) separation=0.2083308;Ground_Summit authored launch:(0.109, 0.994, 0.000) separation=0.1492673;Ground_Summit authored launch:(0.109, 0.994, 0.000) separation=0.2094617;Ground_Summit authored launch:(0.109, 0.994, 0.000) separation=0.2094646;Ground_Summit authored launch:(0.109, 0.994, 0.000) separation=0.1492614;Ground_Summit authored launch:(0.109, 0.994, 0.000) separation=0.1702608;Ground_Summit authored launch:(0.109, 0.994, 0.000) separation=0.1723245;"
0.920,1036.057,148.281,195.999,31.610,-31.499,2.641,0.003,0.195,0.000,0.000,4,14.446,0.271,0.996,"Ground_Mountain_2_4:(0.124, 0.992, 0.000) separation=0.255228;Ground_Mountain_2_4:(0.124, 0.992, 0.000) separation=0.1801221;Ground_Mountain_2_4:(0.124, 0.992, 0.000) separation=0.2552238;Ground_Mountain_2_4:(0.124, 0.992, 0.000) separation=0.1801295;Ground_Mountain_2_4:(0.124, 0.992, 0.000) separation=0.1801263;Ground_Mountain_2_4:(0.124, 0.992, 0.000) separation=0.1801286;Ground_Summit authored launch:(0.119, 0.993, 0.000) separation=0.1233451;Ground_Summit authored launch:(0.119, 0.993, 0.000) separation=0.1965533;Ground_Summit authored launch:(0.119, 0.993, 0.000) separation=0.1965578;Ground_Summit authored launch:(0.119, 0.993, 0.000) separation=0.1233374;Ground_Summit authored launch:(0.119, 0.993, 0.000) separation=0.1338106;Ground_Summit authored launch:(0.119, 0.993, 0.000) separation=0.1364124;"
0.940,1035.427,148.336,196.000,31.609,-31.489,2.757,0.003,0.195,0.000,0.000,4,15.565,0.197,0.996,"Ground_Mountain_2_4:(0.124, 0.992, 0.000) separation=0.2357892;Ground_Mountain_2_4:(0.124, 0.992, 0.000) separation=0.1523175;Ground_Mountain_2_4:(0.124, 0.992, 0.000) separation=0.2357847;Ground_Mountain_2_4:(0.124, 0.992, 0.000) separation=0.1523256;Ground_Mountain_2_4:(0.124, 0.992, 0.000) separation=0.1523216;Ground_Mountain_2_4:(0.124, 0.992, 0.000) separation=0.1723703;Ground_Summit authored launch:(0.122, 0.992, 0.000) separation=0.09723426;Ground_Summit authored launch:(0.122, 0.992, 0.000) separation=0.1803673;Ground_Summit authored launch:(0.122, 0.992, 0.000) separation=0.1803717;Ground_Summit authored launch:(0.122, 0.992, 0.000) separation=0.09722452;Ground_Summit authored launch:(0.122, 0.992, 0.000) separation=0.1049453;Ground_Summit authored launch:(0.122, 0.992, 0.000) separation=0.1049462;"
0.960,1034.799,148.394,196.000,31.609,-31.476,2.898,0.003,0.195,0.000,0.000,4,16.775,0.110,0.996,"Ground_Mountain_2_4:(0.124, 0.992, 0.000) separation=0.2181185;Ground_Mountain_2_4:(0.124, 0.992, 0.000) separation=0.1274235;Ground_Mountain_2_4:(0.124, 0.992, 0.000) separation=0.2181145;Ground_Mountain_2_4:(0.124, 0.992, 0.000) separation=0.1274312;Ground_Mountain_2_4:(0.124, 0.992, 0.000) separation=0.1274262;Ground_Mountain_2_4:(0.124, 0.992, 0.000) separation=0.1274273;Ground_Summit authored launch:(0.129, 0.992, 0.000) separation=0.06912346;Ground_Summit authored launch:(0.129, 0.992, 0.000) separation=0.1613681;Ground_Summit authored launch:(0.129, 0.992, 0.000) separation=0.1613743;Ground_Summit authored launch:(0.129, 0.992, 0.000) separation=0.06911348;Ground_Summit authored launch:(0.129, 0.992, 0.000) separation=0.0934456;Ground_Summit authored launch:(0.129, 0.992, 0.000) separation=0.09640765;"
0.980,1034.171,148.455,196.000,31.608,-31.459,3.062,0.003,0.196,0.000,0.000,4,17.949,0.131,0.996,"Ground_Mountain_2_4:(0.144, 0.990, 0.000) separation=0.2010845;Ground_Mountain_2_4:(0.144, 0.990, 0.000) separation=0.09747748;Ground_Mountain_2_4:(0.144, 0.990, 0.000) separation=0.2010764;Ground_Mountain_2_4:(0.144, 0.990, 0.000) separation=0.0974896;Ground_Mountain_2_4:(0.144, 0.990, 0.000) separation=0.09748283;Ground_Mountain_2_4:(0.144, 0.990, 0.000) separation=0.09748667;Ground_Summit authored launch:(0.139, 0.990, 0.000) separation=0.0402374;Ground_Summit authored launch:(0.139, 0.990, 0.000) separation=0.1419764;Ground_Summit authored launch:(0.139, 0.990, 0.000) separation=0.1419843;Ground_Summit authored launch:(0.139, 0.990, 0.000) separation=0.04022545;Ground_Summit authored launch:(0.139, 0.990, 0.000) separation=0.04712024;Ground_Summit authored launch:(0.139, 0.990, 0.000) separation=0.05053225;"
1.000,1033.546,148.523,196.000,31.567,-31.383,3.408,0.004,0.196,0.000,0.000,4,19.117,0.027,0.995,"Ground_Mountain_2_4:(0.144, 0.990, 0.000) separation=0.175486;Ground_Mountain_2_4:(0.144, 0.990, 0.000) separation=0.06693018;Ground_Mountain_2_4:(0.144, 0.990, 0.000) separation=0.1754777;Ground_Mountain_2_4:(0.144, 0.990, 0.000) separation=0.0669429;Ground_Mountain_2_4:(0.144, 0.990, 0.000) separation=0.06693655;Ground_Mountain_2_4:(0.144, 0.990, 0.000) separation=0.08502093;Ground_Summit authored launch:(0.143, 0.990, 0.000) separation=0.01262961;Ground_Summit authored launch:(0.143, 0.990, 0.000) separation=0.1196096;Ground_Summit authored launch:(0.143, 0.990, 0.000) separation=0.1196173;Ground_Summit authored launch:(0.143, 0.990, 0.000) separation=0.01261558;Ground_Summit authored launch:(0.143, 0.990, 0.000) separation=0.01433474;Ground_Summit authored launch:(0.143, 0.990, 0.000) separation=0.01433572;"
1.020,1032.925,148.599,196.000,31.529,-31.301,3.783,0.006,0.216,0.000,0.000,4,20.345,2.128,0.992,"Ground_Mountain_2_4:(0.144, 0.990, 0.000) separation=0.1489269;Ground_Mountain_2_4:(0.144, 0.990, 0.000) separation=0.05145031;Ground_Mountain_2_4:(0.144, 0.990, 0.000) separation=0.1489271;Ground_Mountain_2_4:(0.144, 0.990, 0.000) separation=0.0514542;Ground_Mountain_2_4:(0.144, 0.990, 0.000) separation=0.05145305;Ground_Mountain_2_4:(0.144, 0.990, 0.000) separation=0.05145553;Ground_Summit authored launch:(0.149, 0.989, 0.000) separation=-0.00605684;Ground_Summit authored launch:(0.149, 0.989, 0.000) separation=0.09292588;Ground_Summit authored launch:(0.149, 0.989, 0.000) separation=0.09292668;Ground_Summit authored launch:(0.149, 0.989, 0.000) separation=-0.006061917;Ground_Summit authored launch:(0.149, 0.989, 0.000) separation=0.01360971;Ground_Summit authored launch:(0.149, 0.989, 0.000) separation=0.01681072;Ground_Summit authored launch:(0.166, 0.986, 0.000) separation=0.04743773;Ground_Summit authored launch:(0.166, 0.986, 0.000) separation=0.04743773;"
1.040,1032.306,148.682,196.000,31.513,-31.247,4.101,0.006,0.236,0.000,0.000,4,23.071,4.022,0.990,"Ground_Mountain_2_4:(0.158, 0.987, 0.000) separation=0.1217355;Ground_Mountain_2_4:(0.158, 0.987, 0.000) separation=0.04943803;Ground_Mountain_2_4:(0.158, 0.987, 0.000) separation=0.1217342;Ground_Mountain_2_4:(0.158, 0.987, 0.000) separation=0.0494456;Ground_Mountain_2_4:(0.158, 0.987, 0.000) separation=0.04944125;Ground_Mountain_2_4:(0.158, 0.987, 0.000) separation=0.04944298;Ground_Summit authored launch:(0.156, 0.988, 0.000) separation=-0.008268948;Ground_Summit authored launch:(0.156, 0.988, 0.000) separation=0.0625261;Ground_Summit authored launch:(0.156, 0.988, 0.000) separation=0.06252769;Ground_Summit authored launch:(0.156, 0.988, 0.000) separation=-0.008275273;Ground_Summit authored launch:(0.156, 0.988, 0.000) separation=-0.008274555;Ground_Summit authored launch:(0.156, 0.988, 0.000) separation=-0.005899817;"
1.060,1031.687,148.772,196.000,31.504,-31.193,4.435,0.007,0.243,0.000,0.000,4,26.011,4.091,0.988,"Ground_Mountain_2_4:(0.164, 0.986, 0.000) separation=0.08964084;Ground_Mountain_2_4:(0.164, 0.986, 0.000) separation=0.04647078;Ground_Mountain_2_4:(0.164, 0.986, 0.000) separation=0.08963922;Ground_Mountain_2_4:(0.164, 0.986, 0.000) separation=0.04647554;Ground_Mountain_2_4:(0.164, 0.986, 0.000) separation=0.04647285;Ground_Mountain_2_4:(0.164, 0.986, 0.000) separation=0.0520516;Ground_Summit authored launch:(0.159, 0.987, 0.000) separation=-0.008063908;Ground_Summit authored launch:(0.159, 0.987, 0.000) separation=0.03328447;Ground_Summit authored launch:(0.159, 0.987, 0.000) separation=0.03328273;Ground_Summit authored launch:(0.159, 0.987, 0.000) separation=-0.008065513;Ground_Summit authored launch:(0.159, 0.987, 0.000) separation=0.007943422;Ground_Summit authored launch:(0.159, 0.987, 0.000) separation=0.009514958;Ground_Summit authored launch:(0.176, 0.984, 0.000) separation=0.04298624;Ground_Summit authored launch:(0.176, 0.984, 0.000) separation=0.04298624;"
1.080,1031.070,148.877,196.000,31.421,-30.998,5.134,0.012,0.248,0.000,0.000,4,27.613,3.161,0.987,"Ground_Mountain_2_4:(0.164, 0.986, 0.000) separation=0.0683602;Ground_Mountain_2_4:(0.164, 0.986, 0.000) separation=0.04550393;Ground_Mountain_2_4:(0.164, 0.986, 0.000) separation=0.06836076;Ground_Mountain_2_4:(0.164, 0.986, 0.000) separation=0.04550651;Ground_Mountain_2_4:(0.164, 0.986, 0.000) separation=0.04550433;Ground_Mountain_2_4:(0.164, 0.986, 0.000) separation=0.04550505;Ground_Summit authored launch:(0.169, 0.986, 0.000) separation=-0.01113009;Ground_Summit authored launch:(0.169, 0.986, 0.000) separation=0.01317405;Ground_Summit authored launch:(0.169, 0.986, 0.000) separation=0.0131735;Ground_Summit authored launch:(0.169, 0.986, 0.000) separation=-0.0111327;Ground_Summit authored launch:(0.169, 0.986, 0.000) separation=-0.005964547;Ground_Summit authored launch:(0.169, 0.986, 0.000) separation=-0.004633397;"
1.100,1030.453,148.987,196.000,31.421,-30.951,5.415,0.010,0.290,0.000,0.000,4,23.891,1.234,0.986,"Ground_Mountain_2_4:(0.178, 0.984, 0.000) separation=0.06945374;Ground_Mountain_2_4:(0.178, 0.984, 0.000) separation=0.05040239;Ground_Mountain_2_4:(0.178, 0.984, 0.000) separation=0.06945505;Ground_Mountain_2_4:(0.178, 0.984, 0.000) separation=0.05040554;Ground_Mountain_2_4:(0.178, 0.984, 0.000) separation=0.05040362;Ground_Mountain_2_4:(0.178, 0.984, 0.000) separation=0.05040398;Ground_Summit authored launch:(0.176, 0.984, 0.000) separation=-0.007823776;Ground_Summit authored launch:(0.176, 0.984, 0.000) separation=0.01109647;Ground_Summit authored launch:(0.176, 0.984, 0.000) separation=0.01109457;Ground_Summit authored launch:(0.176, 0.984, 0.000) separation=-0.007825446;Ground_Summit authored launch:(0.176, 0.984, 0.000) separation=-0.004661649;Ground_Summit authored launch:(0.176, 0.984, 0.000) separation=-0.004660547;"
1.120,1029.837,149.101,196.000,31.419,-30.903,5.681,0.008,0.290,0.000,0.000,4,23.182,0.999,0.985,"Ground_Mountain_2_4:(0.184, 0.983, 0.000) separation=0.06777048;Ground_Mountain_2_4:(0.184, 0.983, 0.000) separation=0.04718843;Ground_Mountain_2_4:(0.184, 0.983, 0.000) separation=0.06778131;Ground_Mountain_2_4:(0.184, 0.983, 0.000) separation=0.04717983;Ground_Mountain_2_4:(0.184, 0.983, 0.000) separation=0.04717833;Ground_Mountain_2_4:(0.184, 0.983, 0.000) separation=0.04797173;Ground_Summit authored launch:(0.179, 0.984, 0.000) separation=-0.007897779;Ground_Summit authored launch:(0.179, 0.984, 0.000) separation=0.01090824;Ground_Summit authored launch:(0.179, 0.984, 0.000) separation=0.01090599;Ground_Summit authored launch:(0.179, 0.984, 0.000) separation=-0.007897785;Ground_Summit authored launch:(0.179, 0.984, 0.000) separation=0.0003406703;Ground_Summit authored launch:(0.179, 0.984, 0.000) separation=0.001398981;Ground_Summit authored launch:(0.196, 0.981, 0.000) separation=0.04463866;Ground_Summit authored launch:(0.196, 0.981, 0.000) separation=0.04463866;"
1.140,1029.222,149.220,196.001,31.418,-30.857,5.923,0.007,0.290,0.000,0.000,4,21.961,0.667,0.984,"Ground_Mountain_2_4:(0.184, 0.983, 0.000) separation=0.06970769;Ground_Mountain_2_4:(0.184, 0.983, 0.000) separation=0.04614142;Ground_Mountain_2_4:(0.184, 0.983, 0.000) separation=0.06970791;Ground_Mountain_2_4:(0.184, 0.983, 0.000) separation=0.04614342;Ground_Mountain_2_4:(0.184, 0.983, 0.000) separation=0.04614159;Ground_Mountain_2_4:(0.184, 0.983, 0.000) separation=0.04614261;Ground_Summit authored launch:(0.189, 0.982, 0.000) separation=-0.009527368;Ground_Summit authored launch:(0.189, 0.982, 0.000) separation=0.01541832;Ground_Summit authored launch:(0.189, 0.982, 0.000) separation=0.01541704;Ground_Summit authored launch:(0.189, 0.982, 0.000) separation=-0.009528294;Ground_Summit authored launch:(0.189, 0.982, 0.000) separation=-0.00749746;Ground_Summit authored launch:(0.189, 0.982, 0.000) separation=-0.006072521;"
1.160,1028.606,149.343,196.001,31.416,-30.811,6.150,0.006,0.291,0.000,0.000,4,21.193,0.544,0.984,"Ground_Mountain_2_4:(0.184, 0.983, 0.000) separation=0.07573929;Ground_Mountain_2_4:(0.184, 0.983, 0.000) separation=0.05264991;Ground_Mountain_2_4:(0.184, 0.983, 0.000) separation=0.07575103;Ground_Mountain_2_4:(0.184, 0.983, 0.000) separation=0.05263995;Ground_Mountain_2_4:(0.184, 0.983, 0.000) separation=0.05265042;Ground_Mountain_2_4:(0.184, 0.983, 0.000) separation=0.05265045;Ground_Summit authored launch:(0.189, 0.982, 0.000) separation=-0.006125425;Ground_Summit authored launch:(0.189, 0.982, 0.000) separation=0.01832582;Ground_Summit authored launch:(0.189, 0.982, 0.000) separation=0.01832299;Ground_Summit authored launch:(0.189, 0.982, 0.000) separation=-0.006124656;Ground_Summit authored launch:(0.189, 0.982, 0.000) separation=0.00645861;Ground_Summit authored launch:(0.189, 0.982, 0.000) separation=0.007538676;Ground_Summit authored launch:(0.206, 0.979, 0.000) separation=0.04403007;Ground_Summit authored launch:(0.206, 0.979, 0.000) separation=0.04403007;"
1.180,1027.992,149.471,196.001,31.414,-30.770,6.349,0.005,0.292,0.000,0.000,4,19.818,0.395,0.983,"Ground_Mountain_2_4:(0.204, 0.979, 0.000) separation=0.08281466;Ground_Mountain_2_4:(0.204, 0.979, 0.000) separation=0.04593312;Ground_Mountain_2_4:(0.204, 0.979, 0.000) separation=0.08230424;Ground_Mountain_2_4:(0.204, 0.979, 0.000) separation=0.04644644;Ground_Mountain_2_4:(0.204, 0.979, 0.000) separation=0.04618987;Ground_Mountain_2_4:(0.204, 0.979, 0.000) separation=0.04640511;Ground_Summit authored launch:(0.199, 0.980, 0.000) separation=-0.009156612;Ground_Summit authored launch:(0.199, 0.980, 0.000) separation=0.0249148;Ground_Summit authored launch:(0.199, 0.980, 0.000) separation=0.02542366;Ground_Summit authored launch:(0.199, 0.980, 0.000) separation=-0.009668491;Ground_Summit authored launch:(0.199, 0.980, 0.000) separation=-0.001511157;Ground_Summit authored launch:(0.199, 0.980, 0.000) separation=0.0005512536;Ground_Summit authored launch:(0.215, 0.977, 0.000) separation=0.0444006;"
1.200,1027.379,149.602,196.001,31.411,-30.731,6.532,0.005,0.293,0.000,0.000,4,18.940,0.318,0.982,"Ground_Mountain_2_4:(0.204, 0.979, 0.000) separation=0.08608667;Ground_Mountain_2_4:(0.204, 0.979, 0.000) separation=0.04635345;Ground_Mountain_2_4:(0.204, 0.979, 0.000) separation=0.08598613;Ground_Mountain_2_4:(0.204, 0.979, 0.000) separation=0.04645705;Ground_Mountain_2_4:(0.204, 0.979, 0.000) separation=0.04639998;Ground_Mountain_2_4:(0.204, 0.979, 0.000) separation=0.05979419;Ground_Summit authored launch:(0.205, 0.979, 0.000) separation=-0.008175552;Ground_Summit authored launch:(0.205, 0.979, 0.000) separation=0.03174696;Ground_Summit authored launch:(0.205, 0.979, 0.000) separation=0.03184634;Ground_Summit authored launch:(0.205, 0.979, 0.000) separation=-0.008279378;Ground_Summit authored launch:(0.205, 0.979, 0.000) separation=-0.001519829;Ground_Summit authored launch:(0.205, 0.979, 0.000) separation=-0.001420617;"
1.220,1026.766,149.736,196.001,31.407,-30.693,6.699,0.004,0.295,0.000,0.000,4,18.167,0.262,0.982,"Ground_Mountain_2_4:(0.204, 0.979, 0.000) separation=0.0935158;Ground_Mountain_2_4:(0.204, 0.979, 0.000) separation=0.04985193;Ground_Mountain_2_4:(0.204, 0.979, 0.000) separation=0.09349332;Ground_Mountain_2_4:(0.204, 0.979, 0.000) separation=0.04987704;Ground_Mountain_2_4:(0.204, 0.979, 0.000) separation=0.04986164;Ground_Mountain_2_4:(0.204, 0.979, 0.000) separation=0.04986444;Ground_Summit authored launch:(0.209, 0.978, 0.000) separation=-0.007901359;Ground_Summit authored launch:(0.209, 0.978, 0.000) separation=0.03702322;Ground_Summit authored launch:(0.209, 0.978, 0.000) separation=0.03704122;Ground_Summit authored launch:(0.209, 0.978, 0.000) separation=-0.007922273;Ground_Summit authored launch:(0.209, 0.978, 0.000) separation=0.007457882;Ground_Summit authored launch:(0.209, 0.978, 0.000) separation=0.009180009;Ground_Summit authored launch:(0.225, 0.974, 0.000) separation=0.04380572;Ground_Summit authored launch:(0.225, 0.974, 0.000) separation=0.04380572;"
1.240,1026.155,149.874,196.001,31.406,-30.658,6.849,0.004,0.296,0.000,0.000,4,17.326,0.112,0.981,"Ground_Mountain_2_4:(0.223, 0.975, 0.000) separation=0.1018397;Ground_Mountain_2_4:(0.223, 0.975, 0.000) separation=0.04595648;Ground_Mountain_2_4:(0.223, 0.975, 0.000) separation=0.101837;Ground_Mountain_2_4:(0.223, 0.975, 0.000) separation=0.04596175;Ground_Mountain_2_4:(0.223, 0.975, 0.000) separation=0.04595912;Ground_Mountain_2_4:(0.223, 0.975, 0.000) separation=0.04596075;Ground_Summit authored launch:(0.218, 0.976, 0.000) separation=-0.01018924;Ground_Summit authored launch:(0.218, 0.976, 0.000) separation=0.04392572;Ground_Summit authored launch:(0.218, 0.976, 0.000) separation=0.04392887;Ground_Summit authored launch:(0.218, 0.976, 0.000) separation=-0.01019527;Ground_Summit authored launch:(0.218, 0.976, 0.000) separation=-0.004578531;Ground_Summit authored launch:(0.218, 0.976, 0.000) separation=-0.002423048;"
1.260,1025.544,150.015,196.001,31.403,-30.621,7.000,0.004,0.297,0.000,0.000,4,17.311,0.153,0.980,"Ground_Mountain_2_4:(0.223, 0.975, 0.000) separation=0.1018703;Ground_Mountain_2_4:(0.223, 0.975, 0.000) separation=0.04687351;Ground_Mountain_2_4:(0.223, 0.975, 0.000) separation=0.1018681;Ground_Mountain_2_4:(0.223, 0.975, 0.000) separation=0.04687877;Ground_Mountain_2_4:(0.223, 0.975, 0.000) separation=0.04687575;Ground_Mountain_2_4:(0.223, 0.975, 0.000) separation=0.05861941;Ground_Summit authored launch:(0.225, 0.974, 0.000) separation=-0.006696874;Ground_Summit authored launch:(0.225, 0.974, 0.000) separation=0.04708024;Ground_Summit authored launch:(0.225, 0.974, 0.000) separation=0.0470789;Ground_Summit authored launch:(0.225, 0.974, 0.000) separation=-0.006699735;Ground_Summit authored launch:(0.225, 0.974, 0.000) separation=-0.004718155;Ground_Summit authored launch:(0.225, 0.974, 0.000) separation=-0.004715502;"
1.280,1024.934,150.159,196.001,31.399,-30.583,7.147,0.004,0.299,0.000,0.000,4,17.156,0.174,0.979,"Ground_Mountain_2_4:(0.223, 0.975, 0.000) separation=0.1056096;Ground_Mountain_2_4:(0.223, 0.975, 0.000) separation=0.04910519;Ground_Mountain_2_4:(0.223, 0.975, 0.000) separation=0.1056083;Ground_Mountain_2_4:(0.223, 0.975, 0.000) separation=0.04910909;Ground_Mountain_2_4:(0.223, 0.975, 0.000) separation=0.04910624;Ground_Mountain_2_4:(0.223, 0.975, 0.000) separation=0.0491071;Ground_Summit authored launch:(0.228, 0.974, 0.000) separation=-0.007568283;Ground_Summit authored launch:(0.228, 0.974, 0.000) separation=0.05015429;Ground_Summit authored launch:(0.228, 0.974, 0.000) separation=0.05015235;Ground_Summit authored launch:(0.228, 0.974, 0.000) separation=-0.007569175;Ground_Summit authored launch:(0.228, 0.974, 0.000) separation=0.005840361;Ground_Summit authored launch:(0.228, 0.974, 0.000) separation=0.007968277;Ground_Summit authored launch:(0.244, 0.970, 0.000) separation=0.0457924;Ground_Summit authored launch:(0.244, 0.970, 0.000) separation=0.0457924;"
1.300,1024.326,150.306,196.001,31.395,-30.545,7.291,0.004,0.301,0.000,0.000,4,17.007,0.194,0.978,"Ground_Mountain_2_4:(0.236, 0.972, 0.000) separation=0.1124625;Ground_Mountain_2_4:(0.236, 0.972, 0.000) separation=0.04843161;Ground_Mountain_2_4:(0.236, 0.972, 0.000) separation=0.1124618;Ground_Mountain_2_4:(0.236, 0.972, 0.000) separation=0.04843751;Ground_Mountain_2_4:(0.236, 0.972, 0.000) separation=0.04843456;Ground_Mountain_2_4:(0.236, 0.972, 0.000) separation=0.04843572;Ground_Summit authored launch:(0.234, 0.972, 0.000) separation=-0.00834832;Ground_Summit authored launch:(0.234, 0.972, 0.000) separation=0.05384328;Ground_Summit authored launch:(0.234, 0.972, 0.000) separation=0.05384096;Ground_Summit authored launch:(0.234, 0.972, 0.000) separation=-0.008349841;Ground_Summit authored launch:(0.234, 0.972, 0.000) separation=-0.008349597;Ground_Summit authored launch:(0.234, 0.972, 0.000) separation=-0.006303102;"
1.320,1023.717,150.455,196.001,31.390,-30.504,7.438,0.003,0.302,0.000,0.000,4,17.191,0.238,0.976,"Ground_Mountain_2_4:(0.242, 0.970, 0.000) separation=0.109076;Ground_Mountain_2_4:(0.242, 0.970, 0.000) separation=0.04583814;Ground_Mountain_2_4:(0.242, 0.970, 0.000) separation=0.1090735;Ground_Mountain_2_4:(0.242, 0.970, 0.000) separation=0.0458433;Ground_Mountain_2_4:(0.242, 0.970, 0.000) separation=0.04584074;Ground_Mountain_2_4:(0.242, 0.970, 0.000) separation=0.05250236;Ground_Summit authored launch:(0.238, 0.971, 0.000) separation=-0.007860232;Ground_Summit authored launch:(0.238, 0.971, 0.000) separation=0.05369178;Ground_Summit authored launch:(0.238, 0.971, 0.000) separation=0.05368983;Ground_Summit authored launch:(0.238, 0.971, 0.000) separation=-0.007860843;Ground_Summit authored launch:(0.238, 0.971, 0.000) separation=0.01310661;Ground_Summit authored launch:(0.238, 0.971, 0.000) separation=0.01521841;Ground_Summit authored launch:(0.253, 0.967, 0.000) separation=0.04329827;Ground_Summit authored launch:(0.253, 0.967, 0.000) separation=0.04329827;"
1.340,1023.112,150.609,196.001,31.382,-30.453,7.605,0.004,0.305,0.000,0.000,4,17.230,0.156,0.975,"Ground_Mountain_2_4:(0.242, 0.970, 0.000) separation=0.1092437;Ground_Mountain_2_4:(0.242, 0.970, 0.000) separation=0.04494405;Ground_Mountain_2_4:(0.242, 0.970, 0.000) separation=0.1092424;Ground_Mountain_2_4:(0.242, 0.970, 0.000) separation=0.04494706;Ground_Mountain_2_4:(0.242, 0.970, 0.000) separation=0.04494452;Ground_Mountain_2_4:(0.242, 0.970, 0.000) separation=0.04494554;Ground_Summit authored launch:(0.247, 0.969, 0.000) separation=-0.01059022;Ground_Summit authored launch:(0.247, 0.969, 0.000) separation=0.054826;Ground_Summit authored launch:(0.247, 0.969, 0.000) separation=0.05482506;Ground_Summit authored launch:(0.247, 0.969, 0.000) separation=-0.0105913;Ground_Summit authored launch:(0.247, 0.969, 0.000) separation=-0.002284974;Ground_Summit authored launch:(0.247, 0.969, 0.000) separation=0.0001440048;"
1.360,1022.506,150.765,196.001,31.375,-30.403,7.770,0.004,0.309,0.000,0.000,4,17.810,0.449,0.973,"Ground_Mountain_2_4:(0.255, 0.967, 0.000) separation=0.1102782;Ground_Mountain_2_4:(0.255, 0.967, 0.000) separation=0.05018099;Ground_Mountain_2_4:(0.255, 0.967, 0.000) separation=0.1102776;Ground_Mountain_2_4:(0.255, 0.967, 0.000) separation=0.05018501;Ground_Mountain_2_4:(0.255, 0.967, 0.000) separation=0.05018297;Ground_Mountain_2_4:(0.255, 0.967, 0.000) separation=0.05018327;Ground_Summit authored launch:(0.253, 0.967, 0.000) separation=-0.007144615;Ground_Summit authored launch:(0.253, 0.967, 0.000) separation=0.05279751;Ground_Summit authored launch:(0.253, 0.967, 0.000) separation=0.05279697;Ground_Summit authored launch:(0.253, 0.967, 0.000) separation=-0.007146548;Ground_Summit authored launch:(0.253, 0.967, 0.000) separation=-0.003216028;Ground_Summit authored launch:(0.253, 0.967, 0.000) separation=-0.003214508;"
1.380,1021.901,150.925,196.002,31.368,-30.352,7.936,0.003,0.313,0.000,0.000,4,18.170,0.524,0.972,"Ground_Mountain_2_4:(0.261, 0.965, 0.000) separation=0.10673;Ground_Mountain_2_4:(0.261, 0.965, 0.000) separation=0.04678345;Ground_Mountain_2_4:(0.261, 0.965, 0.000) separation=0.1067278;Ground_Mountain_2_4:(0.261, 0.965, 0.000) separation=0.04678775;Ground_Mountain_2_4:(0.261, 0.965, 0.000) separation=0.04678515;Ground_Mountain_2_4:(0.261, 0.965, 0.000) separation=0.04678765;Ground_Summit authored launch:(0.257, 0.967, 0.000) separation=-0.007542688;Ground_Summit authored launch:(0.257, 0.967, 0.000) separation=0.05075932;Ground_Summit authored launch:(0.257, 0.967, 0.000) separation=0.05075869;Ground_Summit authored launch:(0.257, 0.967, 0.000) separation=-0.007543914;Ground_Summit authored launch:(0.257, 0.967, 0.000) separation=0.007204205;Ground_Summit authored launch:(0.257, 0.967, 0.000) separation=0.009331048;Ground_Summit authored launch:(0.272, 0.962, 0.000) separation=0.0454146;Ground_Summit authored launch:(0.272, 0.962, 0.000) separation=0.0454146;"
1.400,1021.299,151.089,196.002,31.356,-30.289,8.127,0.004,0.316,0.000,0.000,4,18.337,0.499,0.970,"Ground_Mountain_2_4:(0.261, 0.965, 0.000) separation=0.1037795;Ground_Mountain_2_4:(0.261, 0.965, 0.000) separation=0.04568499;Ground_Mountain_2_4:(0.261, 0.965, 0.000) separation=0.1037783;Ground_Mountain_2_4:(0.261, 0.965, 0.000) separation=0.0456879;Ground_Mountain_2_4:(0.261, 0.965, 0.000) separation=0.04568508;Ground_Mountain_2_4:(0.261, 0.965, 0.000) separation=0.04568645;Ground_Summit authored launch:(0.266, 0.964, 0.000) separation=-0.008625236;Ground_Summit authored launch:(0.266, 0.964, 0.000) separation=0.05055042;Ground_Summit authored launch:(0.266, 0.964, 0.000) separation=0.05054992;Ground_Summit authored launch:(0.266, 0.964, 0.000) separation=-0.008626383;Ground_Summit authored launch:(0.266, 0.964, 0.000) separation=-0.007726282;Ground_Summit authored launch:(0.266, 0.964, 0.000) separation=-0.005362868;"
1.420,1020.695,151.255,196.002,31.346,-30.232,8.303,0.003,0.322,0.000,0.000,4,18.742,0.785,0.969,"Ground_Mountain_2_4:(0.261, 0.965, 0.000) separation=0.1031912;Ground_Mountain_2_4:(0.261, 0.965, 0.000) separation=0.05157763;Ground_Mountain_2_4:(0.261, 0.965, 0.000) separation=0.1032017;Ground_Mountain_2_4:(0.261, 0.965, 0.000) separation=0.05156875;Ground_Mountain_2_4:(0.261, 0.965, 0.000) separation=0.05157858;Ground_Mountain_2_4:(0.261, 0.965, 0.000) separation=0.0515787;Ground_Summit authored launch:(0.266, 0.964, 0.000) separation=-0.005764715;Ground_Summit authored launch:(0.266, 0.964, 0.000) separation=0.04688365;Ground_Summit authored launch:(0.266, 0.964, 0.000) separation=0.04688317;Ground_Summit authored launch:(0.266, 0.964, 0.000) separation=-0.005766036;Ground_Summit authored launch:(0.266, 0.964, 0.000) separation=0.01358354;Ground_Summit authored launch:(0.266, 0.964, 0.000) separation=0.01544851;Ground_Summit authored launch:(0.281, 0.960, 0.000) separation=0.04511857;Ground_Summit authored launch:(0.281, 0.960, 0.000) separation=0.04511857;"
1.440,1020.095,151.426,196.002,31.339,-30.175,8.475,0.003,0.327,0.000,0.000,4,18.474,0.558,0.967,"Ground_Mountain_2_4:(0.280, 0.960, 0.000) separation=0.1036368;Ground_Mountain_2_4:(0.280, 0.960, 0.000) separation=0.04469758;Ground_Mountain_2_4:(0.280, 0.960, 0.000) separation=0.103646;Ground_Mountain_2_4:(0.280, 0.960, 0.000) separation=0.04469003;Ground_Mountain_2_4:(0.280, 0.960, 0.000) separation=0.04469261;Ground_Mountain_2_4:(0.280, 0.960, 0.000) separation=0.04469934;Ground_Summit authored launch:(0.275, 0.961, 0.000) separation=-0.01028963;Ground_Summit authored launch:(0.275, 0.961, 0.000) separation=0.04706845;Ground_Summit authored launch:(0.275, 0.961, 0.000) separation=0.04706806;Ground_Summit authored launch:(0.275, 0.961, 0.000) separation=-0.01029109;Ground_Summit authored launch:(0.275, 0.961, 0.000) separation=-0.001945287;Ground_Summit authored launch:(0.275, 0.961, 0.000) separation=0.0002615452;"
1.460,1019.495,151.600,196.002,31.330,-30.114,8.656,0.003,0.330,0.000,0.000,4,18.974,0.558,0.965,"Ground_Mountain_2_4:(0.280, 0.960, 0.000) separation=0.09855214;Ground_Mountain_2_4:(0.280, 0.960, 0.000) separation=0.04586052;Ground_Mountain_2_4:(0.280, 0.960, 0.000) separation=0.09855101;Ground_Mountain_2_4:(0.280, 0.960, 0.000) separation=0.04586336;Ground_Mountain_2_4:(0.280, 0.960, 0.000) separation=0.0458619;Ground_Mountain_2_4:(0.280, 0.960, 0.000) separation=0.05917159;Ground_Summit authored launch:(0.281, 0.960, 0.000) separation=-0.007172225;Ground_Summit authored launch:(0.281, 0.960, 0.000) separation=0.04504583;Ground_Summit authored launch:(0.281, 0.960, 0.000) separation=0.04504469;Ground_Summit authored launch:(0.281, 0.960, 0.000) separation=-0.007173571;Ground_Summit authored launch:(0.281, 0.960, 0.000) separation=-0.002967119;Ground_Summit authored launch:(0.281, 0.960, 0.000) separation=-0.002965271;"
1.480,1018.896,151.777,196.002,31.319,-30.051,8.839,0.003,0.335,0.000,0.000,4,19.079,0.526,0.964,"Ground_Mountain_2_4:(0.280, 0.960, 0.000) separation=0.09843633;Ground_Mountain_2_4:(0.280, 0.960, 0.000) separation=0.04860279;Ground_Mountain_2_4:(0.280, 0.960, 0.000) separation=0.09843575;Ground_Mountain_2_4:(0.280, 0.960, 0.000) separation=0.04860507;Ground_Mountain_2_4:(0.280, 0.960, 0.000) separation=0.04860348;Ground_Mountain_2_4:(0.280, 0.960, 0.000) separation=0.04860392;Ground_Summit authored launch:(0.284, 0.959, 0.000) separation=-0.007454741;Ground_Summit authored launch:(0.284, 0.959, 0.000) separation=0.04334541;Ground_Summit authored launch:(0.284, 0.959, 0.000) separation=0.04334455;Ground_Summit authored launch:(0.284, 0.959, 0.000) separation=-0.007455633;Ground_Summit authored launch:(0.284, 0.959, 0.000) separation=0.006198704;Ground_Summit authored launch:(0.284, 0.959, 0.000) separation=0.008120835;Ground_Summit authored launch:(0.300, 0.954, 0.000) separation=0.04539776;Ground_Summit authored launch:(0.300, 0.954, 0.000) separation=0.04539776;"
1.500,1018.299,151.959,196.002,31.308,-29.983,9.024,0.003,0.340,0.000,0.000,4,18.886,0.479,0.962,"Ground_Mountain_2_4:(0.298, 0.955, 0.000) separation=0.1014331;Ground_Mountain_2_4:(0.298, 0.955, 0.000) separation=0.04708488;Ground_Mountain_2_4:(0.298, 0.955, 0.000) separation=0.1014313;Ground_Mountain_2_4:(0.298, 0.955, 0.000) separation=0.04708836;Ground_Mountain_2_4:(0.298, 0.955, 0.000) separation=0.0470866;Ground_Mountain_2_4:(0.298, 0.955, 0.000) separation=0.04708737;Ground_Summit authored launch:(0.294, 0.956, 0.000) separation=-0.008545355;Ground_Summit authored launch:(0.294, 0.956, 0.000) separation=0.04423166;Ground_Summit authored launch:(0.294, 0.956, 0.000) separation=0.04423115;Ground_Summit authored launch:(0.294, 0.956, 0.000) separation=-0.008546265;Ground_Summit authored launch:(0.294, 0.956, 0.000) separation=-0.007559925;Ground_Summit authored launch:(0.294, 0.956, 0.000) separation=-0.005366236;"
1.520,1017.702,152.143,196.002,31.296,-29.917,9.206,0.003,0.346,0.000,0.000,4,19.048,0.562,0.961,"Ground_Mountain_2_4:(0.298, 0.955, 0.000) separation=0.09659894;Ground_Mountain_2_4:(0.298, 0.955, 0.000) separation=0.04700711;Ground_Mountain_2_4:(0.298, 0.955, 0.000) separation=0.09659776;Ground_Mountain_2_4:(0.298, 0.955, 0.000) separation=0.04700997;Ground_Mountain_2_4:(0.298, 0.955, 0.000) separation=0.04700851;Ground_Mountain_2_4:(0.298, 0.955, 0.000) separation=0.05357429;Ground_Summit authored launch:(0.294, 0.956, 0.000) separation=-0.005681885;Ground_Summit authored launch:(0.294, 0.956, 0.000) separation=0.04236433;Ground_Summit authored launch:(0.294, 0.956, 0.000) separation=0.04236352;Ground_Summit authored launch:(0.294, 0.956, 0.000) separation=-0.005682491;Ground_Summit authored launch:(0.294, 0.956, 0.000) separation=0.01236436;Ground_Summit authored launch:(0.294, 0.956, 0.000) separation=0.01410913;Ground_Summit authored launch:(0.309, 0.951, 0.000) separation=0.04522642;Ground_Summit authored launch:(0.309, 0.951, 0.000) separation=0.04522642;"
1.540,1017.108,152.332,196.002,31.286,-29.853,9.376,0.003,0.352,0.000,0.000,4,18.430,0.367,0.959,"Ground_Mountain_2_4:(0.298, 0.955, 0.000) separation=0.09814472;Ground_Mountain_2_4:(0.298, 0.955, 0.000) separation=0.04462095;Ground_Mountain_2_4:(0.298, 0.955, 0.000) separation=0.09814406;Ground_Mountain_2_4:(0.298, 0.955, 0.000) separation=0.04462287;Ground_Mountain_2_4:(0.298, 0.955, 0.000) separation=0.04462135;Ground_Mountain_2_4:(0.298, 0.955, 0.000) separation=0.04462224;Ground_Summit authored launch:(0.303, 0.953, 0.000) separation=-0.01006472;Ground_Summit authored launch:(0.303, 0.953, 0.000) separation=0.04435555;Ground_Summit authored launch:(0.303, 0.953, 0.000) separation=0.04435501;Ground_Summit authored launch:(0.303, 0.953, 0.000) separation=-0.01006563;Ground_Summit authored launch:(0.303, 0.953, 0.000) separation=-0.00228247;Ground_Summit authored launch:(0.303, 0.953, 0.000) separation=-0.0001479685;"
1.560,1016.514,152.524,196.002,31.275,-29.787,9.549,0.002,0.357,0.000,0.000,4,18.609,0.387,0.958,"Ground_Mountain_2_4:(0.310, 0.951, 0.000) separation=0.1011385;Ground_Mountain_2_4:(0.310, 0.951, 0.000) separation=0.04943055;Ground_Mountain_2_4:(0.310, 0.951, 0.000) separation=0.1011383;Ground_Mountain_2_4:(0.310, 0.951, 0.000) separation=0.04943326;Ground_Mountain_2_4:(0.310, 0.951, 0.000) separation=0.04943237;Ground_Mountain_2_4:(0.310, 0.951, 0.000) separation=0.04943252;Ground_Summit authored launch:(0.309, 0.951, 0.000) separation=-0.006903681;Ground_Summit authored launch:(0.309, 0.951, 0.000) separation=0.04435686;Ground_Summit authored launch:(0.309, 0.951, 0.000) separation=0.04435612;Ground_Summit authored launch:(0.309, 0.951, 0.000) separation=-0.006904826;Ground_Summit authored launch:(0.309, 0.951, 0.000) separation=-0.003277838;Ground_Summit authored launch:(0.309, 0.951, 0.000) separation=-0.003276557;"
1.580,1015.921,152.718,196.002,31.264,-29.721,9.719,0.002,0.362,0.000,0.000,4,18.455,0.374,0.956,"Ground_Mountain_2_4:(0.316, 0.949, 0.000) separation=0.09939484;Ground_Mountain_2_4:(0.316, 0.949, 0.000) separation=0.04608764;Ground_Mountain_2_4:(0.316, 0.949, 0.000) separation=0.09939335;Ground_Mountain_2_4:(0.316, 0.949, 0.000) separation=0.04609078;Ground_Mountain_2_4:(0.316, 0.949, 0.000) separation=0.04608917;Ground_Mountain_2_4:(0.316, 0.949, 0.000) separation=0.04609072;Ground_Summit authored launch:(0.312, 0.950, 0.000) separation=-0.007285076;Ground_Summit authored launch:(0.312, 0.950, 0.000) separation=0.04451136;Ground_Summit authored launch:(0.312, 0.950, 0.000) separation=0.04451092;Ground_Summit authored launch:(0.312, 0.950, 0.000) separation=-0.007285926;Ground_Summit authored launch:(0.312, 0.950, 0.000) separation=0.005978554;Ground_Summit authored launch:(0.312, 0.950, 0.000) separation=0.007941484;Ground_Summit authored launch:(0.326, 0.945, 0.000) separation=0.04574168;Ground_Summit authored launch:(0.326, 0.945, 0.000) separation=0.04574168;"
1.600,1015.331,152.917,196.002,31.253,-29.655,9.883,0.002,0.368,0.000,0.000,4,18.103,0.349,0.955,"Ground_Mountain_2_4:(0.316, 0.949, 0.000) separation=0.09944372;Ground_Mountain_2_4:(0.316, 0.949, 0.000) separation=0.04511939;Ground_Mountain_2_4:(0.316, 0.949, 0.000) separation=0.09944291;Ground_Mountain_2_4:(0.316, 0.949, 0.000) separation=0.04512144;Ground_Mountain_2_4:(0.316, 0.949, 0.000) separation=0.0451194;Ground_Mountain_2_4:(0.316, 0.949, 0.000) separation=0.04512006;Ground_Summit authored launch:(0.319, 0.948, 0.000) separation=-0.008146875;Ground_Summit authored launch:(0.319, 0.948, 0.000) separation=0.04696308;Ground_Summit authored launch:(0.319, 0.948, 0.000) separation=0.04696281;Ground_Summit authored launch:(0.319, 0.948, 0.000) separation=-0.008147649;Ground_Summit authored launch:(0.319, 0.948, 0.000) separation=-0.005871505;Ground_Summit authored launch:(0.319, 0.948, 0.000) separation=0.00240311;"
1.620,1014.740,153.118,196.002,31.241,-29.589,10.045,0.002,0.373,0.000,0.000,4,18.077,0.358,0.954,"Ground_Mountain_2_4:(0.316, 0.949, 0.000) separation=0.1021497;Ground_Mountain_2_4:(0.316, 0.949, 0.000) separation=0.04969708;Ground_Mountain_2_4:(0.316, 0.949, 0.000) separation=0.1021495;Ground_Mountain_2_4:(0.316, 0.949, 0.000) separation=0.04969819;Ground_Mountain_2_4:(0.316, 0.949, 0.000) separation=0.04969755;Ground_Mountain_2_4:(0.316, 0.949, 0.000) separation=0.04969761;Ground_Summit authored launch:(0.320, 0.947, 0.000) separation=-0.006486265;Ground_Summit authored launch:(0.320, 0.947, 0.000) separation=0.04677117;Ground_Summit authored launch:(0.320, 0.947, 0.000) separation=0.04677077;Ground_Summit authored launch:(0.320, 0.947, 0.000) separation=-0.006486932;Ground_Summit authored launch:(0.320, 0.947, 0.000) separation=0.01216039;Ground_Summit authored launch:(0.320, 0.947, 0.000) separation=0.01406616;Ground_Summit authored launch:(0.335, 0.942, 0.000) separation=0.04473534;Ground_Summit authored launch:(0.335, 0.942, 0.000) separation=0.04473534;"
1.640,1014.152,153.323,196.002,31.231,-29.525,10.199,0.002,0.380,0.000,0.000,4,17.569,0.220,0.952,"Ground_Mountain_2_4:(0.334, 0.943, 0.000) separation=0.1048493;Ground_Mountain_2_4:(0.334, 0.943, 0.000) separation=0.04442988;Ground_Mountain_2_4:(0.334, 0.943, 0.000) separation=0.1048484;Ground_Mountain_2_4:(0.334, 0.943, 0.000) separation=0.04443166;Ground_Mountain_2_4:(0.334, 0.943, 0.000) separation=0.04443076;Ground_Mountain_2_4:(0.334, 0.943, 0.000) separation=0.04443136;Ground_Summit authored launch:(0.329, 0.944, 0.000) separation=-0.009711038;Ground_Summit authored launch:(0.329, 0.944, 0.000) separation=0.04926023;Ground_Summit authored launch:(0.329, 0.944, 0.000) separation=0.04925987;Ground_Summit authored launch:(0.329, 0.944, 0.000) separation=-0.009711472;Ground_Summit authored launch:(0.329, 0.944, 0.000) separation=-0.002902627;Ground_Summit authored launch:(0.329, 0.944, 0.000) separation=-0.0006181598;"
1.660,1013.565,153.531,196.002,31.220,-29.459,10.356,0.001,0.385,0.000,0.000,4,17.781,0.274,0.950,"Ground_Mountain_2_4:(0.334, 0.943, 0.000) separation=0.1022685;Ground_Mountain_2_4:(0.334, 0.943, 0.000) separation=0.04552222;Ground_Mountain_2_4:(0.334, 0.943, 0.000) separation=0.1022682;Ground_Mountain_2_4:(0.334, 0.943, 0.000) separation=0.04552296;Ground_Mountain_2_4:(0.334, 0.943, 0.000) separation=0.04552221;Ground_Mountain_2_4:(0.334, 0.943, 0.000) separation=0.05768952;Ground_Summit authored launch:(0.335, 0.942, 0.000) separation=-0.006288326;Ground_Summit authored launch:(0.335, 0.942, 0.000) separation=0.04953382;Ground_Summit authored launch:(0.335, 0.942, 0.000) separation=0.04953361;Ground_Summit authored launch:(0.335, 0.942, 0.000) separation=-0.006288775;Ground_Summit authored launch:(0.335, 0.942, 0.000) separation=-0.004314184;Ground_Summit authored launch:(0.335, 0.942, 0.000) separation=-0.004313737;"
1.680,1012.979,153.741,196.002,31.208,-29.392,10.511,0.001,0.390,0.000,0.000,4,17.674,0.289,0.949,"Ground_Mountain_2_4:(0.334, 0.943, 0.000) separation=0.1039196;Ground_Mountain_2_4:(0.334, 0.943, 0.000) separation=0.04763002;Ground_Mountain_2_4:(0.334, 0.943, 0.000) separation=0.1039194;Ground_Mountain_2_4:(0.334, 0.943, 0.000) separation=0.04763065;Ground_Mountain_2_4:(0.334, 0.943, 0.000) separation=0.04763037;Ground_Mountain_2_4:(0.334, 0.943, 0.000) separation=0.04763067;Ground_Summit authored launch:(0.338, 0.941, 0.000) separation=-0.007018477;Ground_Summit authored launch:(0.338, 0.941, 0.000) separation=0.04997545;Ground_Summit authored launch:(0.338, 0.941, 0.000) separation=0.04997547;Ground_Summit authored launch:(0.338, 0.941, 0.000) separation=-0.007018806;Ground_Summit authored launch:(0.338, 0.941, 0.000) separation=0.005528271;Ground_Summit authored launch:(0.338, 0.941, 0.000) separation=0.00766623;Ground_Summit authored launch:(0.352, 0.936, 0.000) separation=0.04649562;"
1.700,1012.395,153.956,196.002,31.197,-29.326,10.662,0.001,0.396,0.000,0.000,4,17.454,0.291,0.947,"Ground_Mountain_2_4:(0.351, 0.936, 0.000) separation=0.1086383;Ground_Mountain_2_4:(0.351, 0.936, 0.000) separation=0.04755885;Ground_Mountain_2_4:(0.351, 0.936, 0.000) separation=0.1086383;Ground_Mountain_2_4:(0.351, 0.936, 0.000) separation=0.04755885;Ground_Mountain_2_4:(0.351, 0.936, 0.000) separation=0.04755881;Ground_Mountain_2_4:(0.351, 0.936, 0.000) separation=0.04755881;Ground_Summit authored launch:(0.345, 0.939, 0.000) separation=-0.007404768;Ground_Summit authored launch:(0.345, 0.939, 0.000) separation=0.05229888;Ground_Summit authored launch:(0.345, 0.939, 0.000) separation=0.05229937;Ground_Summit authored launch:(0.345, 0.939, 0.000) separation=-0.00740516;Ground_Summit authored launch:(0.345, 0.939, 0.000) separation=-0.007404745;Ground_Summit authored launch:(0.345, 0.939, 0.000) separation=0.00147596;"
1.720,1011.811,154.172,196.002,31.185,-29.258,10.814,0.001,0.402,0.000,0.000,4,17.515,0.319,0.945,"Ground_Mountain_2_4:(0.351, 0.936, 0.000) separation=0.1050171;Ground_Mountain_2_4:(0.351, 0.936, 0.000) separation=0.04589815;Ground_Mountain_2_4:(0.351, 0.936, 0.000) separation=0.1050179;Ground_Mountain_2_4:(0.351, 0.936, 0.000) separation=0.04589654;Ground_Mountain_2_4:(0.351, 0.936, 0.000) separation=0.04589733;Ground_Mountain_2_4:(0.351, 0.936, 0.000) separation=0.04963651;Ground_Summit authored launch:(0.347, 0.938, 0.000) separation=-0.006237982;Ground_Summit authored launch:(0.347, 0.938, 0.000) separation=0.0515356;Ground_Summit authored launch:(0.347, 0.938, 0.000) separation=0.05153641;Ground_Summit authored launch:(0.347, 0.938, 0.000) separation=-0.006238336;Ground_Summit authored launch:(0.347, 0.938, 0.000) separation=0.01171023;Ground_Summit authored launch:(0.347, 0.938, 0.000) separation=0.0137814;Ground_Summit authored launch:(0.361, 0.933, 0.000) separation=0.04561594;Ground_Summit authored launch:(0.361, 0.933, 0.000) separation=0.04561594;"
1.740,1011.230,154.392,196.002,31.174,-29.192,10.959,0.000,0.408,0.000,0.000,4,17.143,0.204,0.943,"Ground_Mountain_2_4:(0.351, 0.936, 0.000) separation=0.105996;Ground_Mountain_2_4:(0.351, 0.936, 0.000) separation=0.04425502;Ground_Mountain_2_4:(0.351, 0.936, 0.000) separation=0.1059966;Ground_Mountain_2_4:(0.351, 0.936, 0.000) separation=0.04425357;Ground_Mountain_2_4:(0.351, 0.936, 0.000) separation=0.04425427;Ground_Mountain_2_4:(0.351, 0.936, 0.000) separation=0.0442549;Ground_Summit authored launch:(0.355, 0.935, 0.000) separation=-0.00882054;Ground_Summit authored launch:(0.355, 0.935, 0.000) separation=0.05354281;Ground_Summit authored launch:(0.355, 0.935, 0.000) separation=0.0535433;Ground_Summit authored launch:(0.355, 0.935, 0.000) separation=-0.008820173;Ground_Summit authored launch:(0.355, 0.935, 0.000) separation=-0.004555225;Ground_Summit authored launch:(0.355, 0.935, 0.000) separation=-0.002131104;"
1.760,1010.648,154.614,196.002,31.161,-29.123,11.109,0.000,0.413,0.000,0.000,4,17.428,0.265,0.942,"Ground_Mountain_2_4:(0.351, 0.936, 0.000) separation=0.1082759;Ground_Mountain_2_4:(0.351, 0.936, 0.000) separation=0.05035796;Ground_Mountain_2_4:(0.351, 0.936, 0.000) separation=0.1082765;Ground_Mountain_2_4:(0.351, 0.936, 0.000) separation=0.0503562;Ground_Mountain_2_4:(0.351, 0.936, 0.000) separation=0.05035734;Ground_Mountain_2_4:(0.351, 0.936, 0.000) separation=0.05035734;Ground_Summit authored launch:(0.355, 0.935, 0.000) separation=-0.005542533;Ground_Summit authored launch:(0.355, 0.935, 0.000) separation=0.05299096;Ground_Summit authored launch:(0.355, 0.935, 0.000) separation=0.05299246;Ground_Summit authored launch:(0.355, 0.935, 0.000) separation=-0.005542891;Ground_Summit authored launch:(0.355, 0.935, 0.000) separation=0.01726821;Ground_Summit authored launch:(0.355, 0.935, 0.000) separation=0.01927415;Ground_Summit authored launch:(0.369, 0.929, 0.000) separation=0.04472452;Ground_Summit authored launch:(0.369, 0.929, 0.000) separation=0.04472452;"
1.780,1010.070,154.840,196.002,31.152,-29.057,11.250,0.000,0.419,0.000,0.000,4,16.919,0.240,0.940,"Ground_Mountain_2_4:(0.368, 0.930, 0.000) separation=0.1088544;Ground_Mountain_2_4:(0.368, 0.930, 0.000) separation=0.04279501;Ground_Mountain_2_4:(0.368, 0.930, 0.000) separation=0.1088565;Ground_Mountain_2_4:(0.368, 0.930, 0.000) separation=0.04279134;Ground_Mountain_2_4:(0.368, 0.930, 0.000) separation=0.04279175;Ground_Mountain_2_4:(0.368, 0.930, 0.000) separation=0.04279318;Ground_Summit authored launch:(0.364, 0.932, 0.000) separation=-0.01019076;Ground_Summit authored launch:(0.364, 0.932, 0.000) separation=0.05456633;Ground_Summit authored launch:(0.364, 0.932, 0.000) separation=0.054567;Ground_Summit authored launch:(0.364, 0.932, 0.000) separation=-0.01018994;Ground_Summit authored launch:(0.364, 0.932, 0.000) separation=0.0004481673;Ground_Summit authored launch:(0.364, 0.932, 0.000) separation=0.002855033;"
1.800,1009.492,155.069,196.002,31.140,-28.987,11.398,-0.001,0.424,0.000,0.000,4,17.290,0.307,0.938,"Ground_Mountain_2_4:(0.368, 0.930, 0.000) separation=0.1059974;Ground_Mountain_2_4:(0.368, 0.930, 0.000) separation=0.04439884;Ground_Mountain_2_4:(0.368, 0.930, 0.000) separation=0.1059882;Ground_Mountain_2_4:(0.368, 0.930, 0.000) separation=0.04440609;Ground_Mountain_2_4:(0.368, 0.930, 0.000) separation=0.04439652;Ground_Mountain_2_4:(0.368, 0.930, 0.000) separation=0.0600872;Ground_Summit authored launch:(0.369, 0.929, 0.000) separation=-0.00701123;Ground_Summit authored launch:(0.369, 0.929, 0.000) separation=0.0545074;Ground_Summit authored launch:(0.369, 0.929, 0.000) separation=0.05450976;Ground_Summit authored launch:(0.369, 0.929, 0.000) separation=-0.00701063;Ground_Summit authored launch:(0.369, 0.929, 0.000) separation=-0.001676053;Ground_Summit authored launch:(0.369, 0.929, 0.000) separation=-0.001672357;"
1.820,1008.916,155.300,196.002,31.128,-28.916,11.546,-0.001,0.430,0.000,0.000,4,17.340,0.331,0.937,"Ground_Mountain_2_4:(0.368, 0.930, 0.000) separation=0.1071981;Ground_Mountain_2_4:(0.368, 0.930, 0.000) separation=0.04720755;Ground_Mountain_2_4:(0.368, 0.930, 0.000) separation=0.1071885;Ground_Mountain_2_4:(0.368, 0.930, 0.000) separation=0.04721475;Ground_Mountain_2_4:(0.368, 0.930, 0.000) separation=0.0472056;Ground_Mountain_2_4:(0.368, 0.930, 0.000) separation=0.04720637;Ground_Summit authored launch:(0.372, 0.928, 0.000) separation=-0.007018875;Ground_Summit authored launch:(0.372, 0.928, 0.000) separation=0.05345768;Ground_Summit authored launch:(0.372, 0.928, 0.000) separation=0.05346007;Ground_Summit authored launch:(0.372, 0.928, 0.000) separation=-0.007019004;Ground_Summit authored launch:(0.372, 0.928, 0.000) separation=0.008395851;Ground_Summit authored launch:(0.372, 0.928, 0.000) separation=0.0106042;Ground_Summit authored launch:(0.386, 0.923, 0.000) separation=0.04576701;Ground_Summit authored launch:(0.386, 0.923, 0.000) separation=0.04576701;"
1.840,1008.341,155.535,196.002,31.118,-28.845,11.692,-0.002,0.436,0.000,0.000,4,17.184,0.334,0.934,"Ground_Mountain_2_4:(0.384, 0.923, 0.000) separation=0.109858;Ground_Mountain_2_4:(0.384, 0.923, 0.000) separation=0.0461114;Ground_Mountain_2_4:(0.384, 0.923, 0.000) separation=0.1098618;Ground_Mountain_2_4:(0.384, 0.923, 0.000) separation=0.04610483;Ground_Mountain_2_4:(0.384, 0.923, 0.000) separation=0.04610702;Ground_Mountain_2_4:(0.384, 0.923, 0.000) separation=0.04610857;Ground_Summit authored launch:(0.380, 0.925, 0.000) separation=-0.007821338;Ground_Summit authored launch:(0.380, 0.925, 0.000) separation=0.0546682;Ground_Summit authored launch:(0.380, 0.925, 0.000) separation=0.05466961;Ground_Summit authored launch:(0.380, 0.925, 0.000) separation=-0.007820029;Ground_Summit authored launch:(0.380, 0.925, 0.000) separation=-0.0078201;Ground_Summit authored launch:(0.380, 0.925, 0.000) separation=-0.005402178;"
1.860,1007.767,155.771,196.002,31.104,-28.771,11.842,-0.002,0.441,0.000,0.000,4,17.432,0.276,0.933,"Ground_Mountain_2_4:(0.384, 0.923, 0.000) separation=0.1057088;Ground_Mountain_2_4:(0.384, 0.923, 0.000) separation=0.04590234;Ground_Mountain_2_4:(0.384, 0.923, 0.000) separation=0.105712;Ground_Mountain_2_4:(0.384, 0.923, 0.000) separation=0.04589596;Ground_Mountain_2_4:(0.384, 0.923, 0.000) separation=0.04589915;Ground_Mountain_2_4:(0.384, 0.923, 0.000) separation=0.05159423;Ground_Summit authored launch:(0.380, 0.925, 0.000) separation=-0.005260443;Ground_Summit authored launch:(0.380, 0.925, 0.000) separation=0.05331762;Ground_Summit authored launch:(0.380, 0.925, 0.000) separation=0.0533208;Ground_Summit authored launch:(0.380, 0.925, 0.000) separation=-0.00526073;Ground_Summit authored launch:(0.380, 0.925, 0.000) separation=0.0143725;Ground_Summit authored launch:(0.380, 0.925, 0.000) separation=0.01645055;Ground_Summit authored launch:(0.394, 0.919, 0.000) separation=0.04611367;Ground_Summit authored launch:(0.394, 0.919, 0.000) separation=0.04611367;"
1.880,1007.195,156.012,196.002,31.094,-28.700,11.984,-0.003,0.448,0.000,0.000,4,16.958,0.255,0.931,"Ground_Mountain_2_4:(0.384, 0.923, 0.000) separation=0.1070245;Ground_Mountain_2_4:(0.384, 0.923, 0.000) separation=0.04370475;Ground_Mountain_2_4:(0.384, 0.923, 0.000) separation=0.1069937;Ground_Mountain_2_4:(0.384, 0.923, 0.000) separation=0.04369894;Ground_Mountain_2_4:(0.384, 0.923, 0.000) separation=0.04370183;Ground_Mountain_2_4:(0.384, 0.923, 0.000) separation=0.04370406;Ground_Summit authored launch:(0.388, 0.922, 0.000) separation=-0.008823711;Ground_Summit authored launch:(0.388, 0.922, 0.000) separation=0.05493195;Ground_Summit authored launch:(0.388, 0.922, 0.000) separation=0.05493329;Ground_Summit authored launch:(0.388, 0.922, 0.000) separation=-0.008821877;Ground_Summit authored launch:(0.388, 0.922, 0.000) separation=-0.002949089;Ground_Summit authored launch:(0.388, 0.922, 0.000) separation=-0.0004941225;"
1.900,1006.624,156.254,196.002,31.081,-28.626,12.130,-0.003,0.453,0.000,0.000,4,17.213,0.307,0.930,"Ground_Mountain_2_4:(0.395, 0.919, 0.000) separation=0.1093878;Ground_Mountain_2_4:(0.395, 0.919, 0.000) separation=0.04942587;Ground_Mountain_2_4:(0.395, 0.919, 0.000) separation=0.1093674;Ground_Mountain_2_4:(0.395, 0.919, 0.000) separation=0.04943914;Ground_Mountain_2_4:(0.395, 0.919, 0.000) separation=0.0494439;Ground_Mountain_2_4:(0.395, 0.919, 0.000) separation=0.04944402;Ground_Summit authored launch:(0.388, 0.922, 0.000) separation=-0.005421825;Ground_Summit authored launch:(0.388, 0.922, 0.000) separation=0.05455818;Ground_Summit authored launch:(0.388, 0.922, 0.000) separation=0.05456178;Ground_Summit authored launch:(0.388, 0.922, 0.000) separation=-0.00542191;Ground_Summit authored launch:(0.388, 0.922, 0.000) separation=0.01871935;Ground_Summit authored launch:(0.388, 0.922, 0.000) separation=0.02076149;Ground_Summit authored launch:(0.402, 0.916, 0.000) separation=0.04456663;Ground_Summit authored launch:(0.402, 0.916, 0.000) separation=0.04456663;"
1.920,1006.055,156.500,196.002,31.071,-28.555,12.267,-0.003,0.460,0.000,0.000,4,16.705,0.277,0.928,"Ground_Mountain_2_4:(0.400, 0.916, 0.000) separation=0.1090334;Ground_Mountain_2_4:(0.400, 0.916, 0.000) separation=0.04238362;Ground_Mountain_2_4:(0.400, 0.916, 0.000) separation=0.1090386;Ground_Mountain_2_4:(0.400, 0.916, 0.000) separation=0.04237453;Ground_Mountain_2_4:(0.400, 0.916, 0.000) separation=0.04237542;Ground_Mountain_2_4:(0.400, 0.916, 0.000) separation=0.04237908;Ground_Summit authored launch:(0.396, 0.918, 0.000) separation=-0.009795482;Ground_Summit authored launch:(0.396, 0.918, 0.000) separation=0.05570944;Ground_Summit authored launch:(0.396, 0.918, 0.000) separation=0.05571207;Ground_Summit authored launch:(0.396, 0.918, 0.000) separation=-0.00979397;Ground_Summit authored launch:(0.396, 0.918, 0.000) separation=0.001677632;Ground_Summit authored launch:(0.396, 0.918, 0.000) separation=0.004109859;"
1.940,1005.488,156.749,196.002,31.059,-28.482,12.409,-0.004,0.465,0.000,0.000,4,16.978,0.331,0.926,"Ground_Mountain_2_4:(0.400, 0.916, 0.000) separation=0.1067622;Ground_Mountain_2_4:(0.400, 0.916, 0.000) separation=0.0438845;Ground_Mountain_2_4:(0.400, 0.916, 0.000) separation=0.1067448;Ground_Mountain_2_4:(0.400, 0.916, 0.000) separation=0.0438973;Ground_Mountain_2_4:(0.400, 0.916, 0.000) separation=0.04390189;Ground_Mountain_2_4:(0.400, 0.916, 0.000) separation=0.06023076;Ground_Summit authored launch:(0.402, 0.916, 0.000) separation=-0.00686552;Ground_Summit authored launch:(0.402, 0.916, 0.000) separation=0.05614916;Ground_Summit authored launch:(0.402, 0.916, 0.000) separation=0.05615371;Ground_Summit authored launch:(0.402, 0.916, 0.000) separation=-0.006863138;Ground_Summit authored launch:(0.402, 0.916, 0.000) separation=-0.001088798;Ground_Summit authored launch:(0.402, 0.916, 0.000) separation=-0.001080841;"
1.960,1004.921,157.000,196.002,31.047,-28.407,12.550,-0.004,0.470,0.000,0.000,4,16.952,0.347,0.924,"Ground_Mountain_2_4:(0.400, 0.916, 0.000) separation=0.108374;Ground_Mountain_2_4:(0.400, 0.916, 0.000) separation=0.04667741;Ground_Mountain_2_4:(0.400, 0.916, 0.000) separation=0.1083552;Ground_Mountain_2_4:(0.400, 0.916, 0.000) separation=0.04669159;Ground_Mountain_2_4:(0.400, 0.916, 0.000) separation=0.04668859;Ground_Mountain_2_4:(0.400, 0.916, 0.000) separation=0.04669553;Ground_Summit authored launch:(0.404, 0.915, 0.000) separation=-0.006826444;Ground_Summit authored launch:(0.404, 0.915, 0.000) separation=0.0552111;Ground_Summit authored launch:(0.404, 0.915, 0.000) separation=0.05521579;Ground_Summit authored launch:(0.404, 0.915, 0.000) separation=-0.006826241;Ground_Summit authored launch:(0.404, 0.915, 0.000) separation=0.00890395;Ground_Summit authored launch:(0.404, 0.915, 0.000) separation=0.01117083;Ground_Summit authored launch:(0.418, 0.909, 0.000) separation=0.04594189;Ground_Summit authored launch:(0.418, 0.909, 0.000) separation=0.04594189;"
1.980,1004.357,157.254,196.002,31.037,-28.334,12.687,-0.005,0.476,0.000,0.000,4,16.738,0.344,0.922,"Ground_Mountain_2_4:(0.416, 0.909, 0.000) separation=0.1109414;Ground_Mountain_2_4:(0.416, 0.909, 0.000) separation=0.04565889;Ground_Mountain_2_4:(0.416, 0.909, 0.000) separation=0.1109271;Ground_Mountain_2_4:(0.416, 0.909, 0.000) separation=0.04566783;Ground_Mountain_2_4:(0.416, 0.909, 0.000) separation=0.0456523;Ground_Mountain_2_4:(0.416, 0.909, 0.000) separation=0.04565847;Ground_Summit authored launch:(0.412, 0.911, 0.000) separation=-0.007489535;Ground_Summit authored launch:(0.412, 0.911, 0.000) separation=0.05667694;Ground_Summit authored launch:(0.412, 0.911, 0.000) separation=0.0566793;Ground_Summit authored launch:(0.412, 0.911, 0.000) separation=-0.007486661;Ground_Summit authored launch:(0.412, 0.911, 0.000) separation=-0.007487327;Ground_Summit authored launch:(0.412, 0.911, 0.000) separation=-0.005498409;"
2.000,1003.792,157.510,196.002,31.023,-28.258,12.828,-0.005,0.482,0.000,0.000,4,16.909,0.282,0.921,"Ground_Mountain_2_4:(0.416, 0.909, 0.000) separation=0.1074105;Ground_Mountain_2_4:(0.416, 0.909, 0.000) separation=0.04537871;Ground_Mountain_2_4:(0.416, 0.909, 0.000) separation=0.1074165;Ground_Mountain_2_4:(0.416, 0.909, 0.000) separation=0.04536735;Ground_Mountain_2_4:(0.416, 0.909, 0.000) separation=0.04537302;Ground_Mountain_2_4:(0.416, 0.909, 0.000) separation=0.0504553;Ground_Summit authored launch:(0.412, 0.911, 0.000) separation=-0.005090823;Ground_Summit authored launch:(0.412, 0.911, 0.000) separation=0.05585704;Ground_Summit authored launch:(0.412, 0.911, 0.000) separation=0.0558621;Ground_Summit authored launch:(0.412, 0.911, 0.000) separation=-0.005090458;Ground_Summit authored launch:(0.412, 0.911, 0.000) separation=0.01458064;Ground_Summit authored launch:(0.412, 0.911, 0.000) separation=0.0167492;Ground_Summit authored launch:(0.425, 0.905, 0.000) separation=0.04645729;Ground_Summit authored launch:(0.425, 0.905, 0.000) separation=0.04645729;"
2.020,1003.231,157.770,196.002,31.013,-28.185,12.960,-0.006,0.488,0.000,0.000,4,16.425,0.261,0.918,"Ground_Mountain_2_4:(0.416, 0.909, 0.000) separation=0.1089593;Ground_Mountain_2_4:(0.416, 0.909, 0.000) separation=0.04333192;Ground_Mountain_2_4:(0.416, 0.909, 0.000) separation=0.1089651;Ground_Mountain_2_4:(0.416, 0.909, 0.000) separation=0.04331999;Ground_Mountain_2_4:(0.416, 0.909, 0.000) separation=0.04332593;Ground_Mountain_2_4:(0.416, 0.909, 0.000) separation=0.04333076;Ground_Summit authored launch:(0.420, 0.907, 0.000) separation=-0.008157833;Ground_Summit authored launch:(0.420, 0.907, 0.000) separation=0.05769563;Ground_Summit authored launch:(0.420, 0.907, 0.000) separation=0.05769741;Ground_Summit authored launch:(0.420, 0.907, 0.000) separation=-0.008153651;Ground_Summit authored launch:(0.420, 0.907, 0.000) separation=-0.003413409;Ground_Summit authored launch:(0.420, 0.907, 0.000) separation=-0.0008673072;"
2.040,1002.670,158.032,196.002,31.000,-28.110,13.095,-0.006,0.493,0.000,0.000,4,16.603,0.305,0.917,"Ground_Mountain_2_4:(0.416, 0.909, 0.000) separation=0.1118258;Ground_Mountain_2_4:(0.416, 0.909, 0.000) separation=0.04906962;Ground_Mountain_2_4:(0.416, 0.909, 0.000) separation=0.1118296;Ground_Mountain_2_4:(0.416, 0.909, 0.000) separation=0.04905973;Ground_Mountain_2_4:(0.416, 0.909, 0.000) separation=0.0490647;Ground_Mountain_2_4:(0.416, 0.909, 0.000) separation=0.04906484;Ground_Summit authored launch:(0.420, 0.907, 0.000) separation=-0.005171195;Ground_Summit authored launch:(0.420, 0.907, 0.000) separation=0.05776597;Ground_Summit authored launch:(0.420, 0.907, 0.000) separation=0.05777182;Ground_Summit authored launch:(0.420, 0.907, 0.000) separation=-0.005170844;Ground_Summit authored launch:(0.420, 0.907, 0.000) separation=0.01883885;Ground_Summit authored launch:(0.420, 0.907, 0.000) separation=0.02100143;Ground_Summit authored launch:(0.433, 0.901, 0.000) separation=0.04519844;Ground_Summit authored launch:(0.433, 0.901, 0.000) separation=0.04519844;"
2.060,1002.111,158.296,196.001,30.990,-28.039,13.222,-0.007,0.500,0.000,0.000,4,16.164,0.284,0.915,"Ground_Mountain_2_4:(0.432, 0.902, 0.000) separation=0.1115596;Ground_Mountain_2_4:(0.432, 0.902, 0.000) separation=0.04304484;Ground_Mountain_2_4:(0.432, 0.902, 0.000) separation=0.1115695;Ground_Mountain_2_4:(0.432, 0.902, 0.000) separation=0.04302818;Ground_Mountain_2_4:(0.432, 0.902, 0.000) separation=0.04303032;Ground_Mountain_2_4:(0.432, 0.902, 0.000) separation=0.04303649;Ground_Summit authored launch:(0.428, 0.904, 0.000) separation=-0.008529183;Ground_Summit authored launch:(0.428, 0.904, 0.000) separation=0.05899466;Ground_Summit authored launch:(0.428, 0.904, 0.000) separation=0.05899693;Ground_Summit authored launch:(0.428, 0.904, 0.000) separation=-0.008524741;Ground_Summit authored launch:(0.428, 0.904, 0.000) separation=0.001227736;Ground_Summit authored launch:(0.428, 0.904, 0.000) separation=0.003760904;"
2.080,1001.553,158.564,196.001,30.979,-27.965,13.352,-0.007,0.505,0.000,0.001,4,16.327,0.325,0.913,"Ground_Mountain_2_4:(0.432, 0.902, 0.000) separation=0.1097675;Ground_Mountain_2_4:(0.432, 0.902, 0.000) separation=0.04374862;Ground_Mountain_2_4:(0.432, 0.902, 0.000) separation=0.1097532;Ground_Mountain_2_4:(0.432, 0.902, 0.000) separation=0.04375626;Ground_Mountain_2_4:(0.432, 0.902, 0.000) separation=0.04376346;Ground_Mountain_2_4:(0.432, 0.902, 0.000) separation=0.05860606;Ground_Summit authored launch:(0.433, 0.901, 0.000) separation=-0.005893881;Ground_Summit authored launch:(0.433, 0.901, 0.000) separation=0.0598281;Ground_Summit authored launch:(0.433, 0.901, 0.000) separation=0.0598348;Ground_Summit authored launch:(0.433, 0.901, 0.000) separation=-0.005890065;Ground_Summit authored launch:(0.433, 0.901, 0.000) separation=-0.002636194;Ground_Summit authored launch:(0.433, 0.901, 0.000) separation=-0.00262326;"
2.100,1000.997,158.833,196.001,30.968,-27.891,13.481,-0.008,0.510,0.000,0.001,4,16.250,0.337,0.911,"Ground_Mountain_2_4:(0.432, 0.902, 0.000) separation=0.1116109;Ground_Mountain_2_4:(0.432, 0.902, 0.000) separation=0.04582933;Ground_Mountain_2_4:(0.432, 0.902, 0.000) separation=0.1115949;Ground_Mountain_2_4:(0.432, 0.902, 0.000) separation=0.04583814;Ground_Mountain_2_4:(0.432, 0.902, 0.000) separation=0.04582301;Ground_Mountain_2_4:(0.432, 0.902, 0.000) separation=0.04582605;Ground_Summit authored launch:(0.436, 0.900, 0.000) separation=-0.006423401;Ground_Summit authored launch:(0.436, 0.900, 0.000) separation=0.05943156;Ground_Summit authored launch:(0.436, 0.900, 0.000) separation=0.05943789;Ground_Summit authored launch:(0.436, 0.900, 0.000) separation=-0.006422767;Ground_Summit authored launch:(0.436, 0.900, 0.000) separation=0.007505804;Ground_Summit authored launch:(0.436, 0.900, 0.000) separation=0.009935856;"
2.120,1000.442,159.105,196.001,30.957,-27.818,13.606,-0.008,0.516,0.000,0.001,4,16.083,0.339,0.909,"Ground_Mountain_1_4:(0.452, 0.892, 0.000) separation=0.05646393;Ground_Mountain_1_4:(0.452, 0.892, 0.000) separation=0.04613642;Ground_Mountain_1_4:(0.452, 0.892, 0.000) separation=0.05644181;Ground_Mountain_1_4:(0.452, 0.892, 0.000) separation=0.04614089;Ground_Mountain_1_4:(0.452, 0.892, 0.000) separation=0.0461472;Ground_Mountain_1_4:(0.452, 0.892, 0.000) separation=0.0461497;Ground_Mountain_2_4:(0.429, 0.904, 0.000) separation=0.1147917;Ground_Mountain_2_4:(0.429, 0.904, 0.000) separation=0.05638659;Ground_Mountain_2_4:(0.429, 0.904, 0.000) separation=0.1147806;Ground_Mountain_2_4:(0.429, 0.904, 0.000) separation=0.05643016;Ground_Mountain_2_4:(0.429, 0.904, 0.000) separation=0.05638727;Ground_Mountain_2_4:(0.429, 0.904, 0.000) separation=0.07856816;Ground_Summit authored launch:(0.441, 0.898, 0.000) separation=-0.006501198;Ground_Summit authored launch:(0.441, 0.898, 0.000) separation=0.06111979;Ground_Summit authored launch:(0.441, 0.898, 0.000) separation=0.0611232;Ground_Summit authored launch:(0.441, 0.898, 0.000) separation=-0.006497807;Ground_Summit authored launch:(0.441, 0.898, 0.000) separation=0.001749992;Ground_Summit authored launch:(0.441, 0.898, 0.000) separation=0.001762897;"
2.140,999.888,159.380,196.001,30.946,-27.745,13.731,-0.008,0.522,0.000,0.000,4,16.016,0.349,0.908,"Ground_Mountain_2_4:(0.437, 0.900, 0.000) separation=0.1118877;Ground_Mountain_2_4:(0.437, 0.900, 0.000) separation=0.0774253;Ground_Mountain_2_4:(0.437, 0.900, 0.000) separation=0.1118969;Ground_Mountain_2_4:(0.437, 0.900, 0.000) separation=0.0774253;Ground_Mountain_2_4:(0.437, 0.900, 0.000) separation=0.07738435;Ground_Mountain_2_4:(0.437, 0.900, 0.000) separation=0.0959444;Ground_Summit authored launch:(0.443, 0.896, 0.000) separation=-0.006468471;Ground_Summit authored launch:(0.443, 0.896, 0.000) separation=0.06088519;Ground_Summit authored launch:(0.443, 0.896, 0.000) separation=0.06089143;Ground_Summit authored launch:(0.443, 0.896, 0.000) separation=-0.006468153;Ground_Summit authored launch:(0.443, 0.896, 0.000) separation=0.01172835;Ground_Summit authored launch:(0.443, 0.896, 0.000) separation=0.01414514;Ground_Summit authored launch:(0.455, 0.890, 0.000) separation=0.04592127;Ground_Summit authored launch:(0.455, 0.890, 0.000) separation=0.04592127;Ground_Mountain_1_4:(0.452, 0.892, 0.000) separation=0.07746586;Ground_Mountain_1_4:(0.452, 0.892, 0.000) separation=0.04361133;Ground_Mountain_1_4:(0.452, 0.892, 0.000) separation=0.07746586;Ground_Mountain_1_4:(0.452, 0.892, 0.000) separation=0.04359551;Ground_Mountain_1_4:(0.452, 0.892, 0.000) separation=0.04360339;Ground_Mountain_1_4:(0.452, 0.892, 0.000) separation=0.04515469;"
2.160,999.337,159.657,196.001,30.936,-27.673,13.852,-0.008,0.527,0.000,0.000,4,15.813,0.348,0.905,"Ground_Mountain_2_4:(0.437, 0.900, 0.000) separation=0.1123285;Ground_Mountain_2_4:(0.437, 0.900, 0.000) separation=0.09548876;Ground_Mountain_2_4:(0.437, 0.900, 0.000) separation=0.1123357;Ground_Mountain_2_4:(0.437, 0.900, 0.000) separation=0.09548876;Ground_Mountain_2_4:(0.437, 0.900, 0.000) separation=0.09545371;Ground_Mountain_2_4:(0.437, 0.900, 0.000) separation=0.1109122;Ground_Summit authored launch:(0.451, 0.893, 0.000) separation=-0.007454819;Ground_Summit authored launch:(0.451, 0.893, 0.000) separation=0.06220803;Ground_Summit authored launch:(0.451, 0.893, 0.000) separation=0.06221131;Ground_Summit authored launch:(0.451, 0.893, 0.000) separation=-0.007451743;Ground_Summit authored launch:(0.451, 0.893, 0.000) separation=-0.007013828;Ground_Summit authored launch:(0.451, 0.893, 0.000) separation=-0.004285395;Ground_Mountain_1_4:(0.452, 0.892, 0.000) separation=0.0955326;Ground_Mountain_1_4:(0.452, 0.892, 0.000) separation=0.04273818;Ground_Mountain_1_4:(0.452, 0.892, 0.000) separation=0.0955326;Ground_Mountain_1_4:(0.452, 0.892, 0.000) separation=0.04272469;Ground_Mountain_1_4:(0.452, 0.892, 0.000) separation=0.04273179;Ground_Mountain_1_4:(0.452, 0.892, 0.000) separation=0.04273781;"
2.180,998.786,159.936,196.000,30.924,-27.598,13.977,-0.008,0.532,0.000,0.000,4,16.048,0.294,0.904,"Ground_Mountain_2_4:(0.433, 0.902, 0.000) separation=0.1144315;Ground_Mountain_2_4:(0.433, 0.902, 0.000) separation=0.110891;Ground_Mountain_2_4:(0.433, 0.902, 0.000) separation=0.1144041;Ground_Mountain_2_4:(0.433, 0.902, 0.000) separation=0.1109232;Ground_Mountain_2_4:(0.433, 0.902, 0.000) separation=0.110903;Ground_Mountain_2_4:(0.433, 0.902, 0.000) separation=0.1144277;Ground_Summit authored launch:(0.451, 0.893, 0.000) separation=-0.004929623;Ground_Summit authored launch:(0.451, 0.893, 0.000) separation=0.06164825;Ground_Summit authored launch:(0.451, 0.893, 0.000) separation=0.06165425;Ground_Summit authored launch:(0.451, 0.893, 0.000) separation=-0.004929317;Ground_Summit authored launch:(0.451, 0.893, 0.000) separation=0.01668909;Ground_Summit authored launch:(0.451, 0.893, 0.000) separation=0.01903096;Ground_Summit authored launch:(0.463, 0.886, 0.000) separation=0.04648966;Ground_Summit authored launch:(0.463, 0.886, 0.000) separation=0.04648966;Ground_Mountain_1_4:(0.452, 0.892, 0.000) separation=0.1109636;Ground_Mountain_1_4:(0.452, 0.892, 0.000) separation=0.04785785;Ground_Mountain_1_4:(0.452, 0.892, 0.000) separation=0.1109415;Ground_Mountain_1_4:(0.452, 0.892, 0.000) separation=0.04786861;Ground_Mountain_1_4:(0.452, 0.892, 0.000) separation=0.0478715;Ground_Mountain_1_4:(0.452, 0.892, 0.000) separation=0.0478746;"
2.200,998.238,160.218,196.000,30.914,-27.525,14.096,-0.008,0.538,0.000,0.000,4,15.704,0.286,0.902,"Ground_Mountain_1_4:(0.461, 0.887, 0.000) separation=0.1149262;Ground_Mountain_1_4:(0.461, 0.887, 0.000) separation=0.0439839;Ground_Mountain_1_4:(0.461, 0.887, 0.000) separation=0.1149351;Ground_Mountain_1_4:(0.461, 0.887, 0.000) separation=0.04396952;Ground_Mountain_1_4:(0.461, 0.887, 0.000) separation=0.04397279;Ground_Mountain_1_4:(0.461, 0.887, 0.000) separation=0.04397717;Ground_Summit authored launch:(0.458, 0.889, 0.000) separation=-0.00727017;Ground_Summit authored launch:(0.458, 0.889, 0.000) separation=0.0628512;Ground_Summit authored launch:(0.458, 0.889, 0.000) separation=0.06285411;Ground_Summit authored launch:(0.458, 0.889, 0.000) separation=-0.007267281;Ground_Summit authored launch:(0.458, 0.889, 0.000) separation=-0.00239706;Ground_Summit authored launch:(0.458, 0.889, 0.000) separation=0.0002918839;"
2.220,997.689,160.502,196.000,30.903,-27.451,14.219,-0.008,0.543,0.000,0.000,4,15.862,0.323,0.900,"Ground_Mountain_1_4:(0.462, 0.887, 0.000) separation=0.1126481;Ground_Mountain_1_4:(0.462, 0.887, 0.000) separation=0.04389524;Ground_Mountain_1_4:(0.462, 0.887, 0.000) separation=0.1126337;Ground_Mountain_1_4:(0.462, 0.887, 0.000) separation=0.04390388;Ground_Mountain_1_4:(0.462, 0.887, 0.000) separation=0.04388851;Ground_Mountain_1_4:(0.462, 0.887, 0.000) separation=0.0540795;Ground_Summit authored launch:(0.458, 0.889, 0.000) separation=-0.004845584;Ground_Summit authored launch:(0.458, 0.889, 0.000) separation=0.06307662;Ground_Summit authored launch:(0.458, 0.889, 0.000) separation=0.06308177;Ground_Summit authored launch:(0.458, 0.889, 0.000) separation=-0.004845163;Ground_Summit authored launch:(0.458, 0.889, 0.000) separation=0.02040467;Ground_Summit authored launch:(0.458, 0.889, 0.000) separation=0.02273405;Ground_Summit authored launch:(0.470, 0.883, 0.000) separation=0.04566768;Ground_Summit authored launch:(0.470, 0.883, 0.000) separation=0.04566768;"
2.240,997.144,160.789,196.000,30.893,-27.378,14.335,-0.008,0.549,0.000,0.000,4,15.551,0.311,0.898,"Ground_Mountain_1_4:(0.462, 0.887, 0.000) separation=0.1144891;Ground_Mountain_1_4:(0.462, 0.887, 0.000) separation=0.04328769;Ground_Mountain_1_4:(0.462, 0.887, 0.000) separation=0.1144735;Ground_Mountain_1_4:(0.462, 0.887, 0.000) separation=0.04329748;Ground_Mountain_1_4:(0.462, 0.887, 0.000) separation=0.04329282;Ground_Mountain_1_4:(0.462, 0.887, 0.000) separation=0.04330364;Ground_Summit authored launch:(0.465, 0.885, 0.000) separation=-0.007423419;Ground_Summit authored launch:(0.465, 0.885, 0.000) separation=0.06370779;Ground_Summit authored launch:(0.465, 0.885, 0.000) separation=0.06371023;Ground_Summit authored launch:(0.465, 0.885, 0.000) separation=-0.007420397;Ground_Summit authored launch:(0.465, 0.885, 0.000) separation=0.001576632;Ground_Summit authored launch:(0.465, 0.885, 0.000) separation=0.004248202;"
2.260,996.599,161.078,196.000,30.883,-27.304,14.454,-0.008,0.553,0.000,0.000,4,15.676,0.343,0.896,"Ground_Mountain_1_4:(0.471, 0.882, 0.000) separation=0.1177597;Ground_Mountain_1_4:(0.471, 0.882, 0.000) separation=0.04734369;Ground_Mountain_1_4:(0.471, 0.882, 0.000) separation=0.1177641;Ground_Mountain_1_4:(0.471, 0.882, 0.000) separation=0.04732847;Ground_Mountain_1_4:(0.471, 0.882, 0.000) separation=0.04733503;Ground_Mountain_1_4:(0.471, 0.882, 0.000) separation=0.04733557;Ground_Summit authored launch:(0.470, 0.883, 0.000) separation=-0.005139883;Ground_Summit authored launch:(0.470, 0.883, 0.000) separation=0.06449433;Ground_Summit authored launch:(0.470, 0.883, 0.000) separation=0.0644996;Ground_Summit authored launch:(0.470, 0.883, 0.000) separation=-0.005136713;Ground_Summit authored launch:(0.470, 0.883, 0.000) separation=-0.003711224;Ground_Summit authored launch:(0.470, 0.883, 0.000) separation=-0.003699929;"
2.280,996.056,161.369,196.000,30.872,-27.230,14.572,-0.008,0.559,0.000,0.000,4,15.600,0.353,0.894,"Ground_Mountain_1_4:(0.476, 0.880, 0.000) separation=0.1147375;Ground_Mountain_1_4:(0.476, 0.880, 0.000) separation=0.0439352;Ground_Mountain_1_4:(0.476, 0.880, 0.000) separation=0.1147244;Ground_Mountain_1_4:(0.476, 0.880, 0.000) separation=0.04394261;Ground_Mountain_1_4:(0.476, 0.880, 0.000) separation=0.04394388;Ground_Mountain_1_4:(0.476, 0.880, 0.000) separation=0.04394996;Ground_Summit authored launch:(0.472, 0.881, 0.000) separation=-0.006049866;Ground_Summit authored launch:(0.472, 0.881, 0.000) separation=0.06397493;Ground_Summit authored launch:(0.472, 0.881, 0.000) separation=0.06398015;Ground_Summit authored launch:(0.472, 0.881, 0.000) separation=-0.006049495;Ground_Summit authored launch:(0.472, 0.881, 0.000) separation=0.00647682;Ground_Summit authored launch:(0.472, 0.881, 0.000) separation=0.00907436;"
2.300,995.514,161.663,196.000,30.863,-27.156,14.688,-0.008,0.564,0.000,0.000,4,15.496,0.357,0.892,"Ground_Mountain_1_4:(0.476, 0.880, 0.000) separation=0.1141321;Ground_Mountain_1_4:(0.476, 0.880, 0.000) separation=0.04294485;Ground_Mountain_1_4:(0.476, 0.880, 0.000) separation=0.1141175;Ground_Mountain_1_4:(0.476, 0.880, 0.000) separation=0.0429537;Ground_Mountain_1_4:(0.476, 0.880, 0.000) separation=0.04296035;Ground_Mountain_1_4:(0.476, 0.880, 0.000) separation=0.06069273;Ground_Summit authored launch:(0.479, 0.878, 0.000) separation=-0.005613604;Ground_Summit authored launch:(0.479, 0.878, 0.000) separation=0.06546421;Ground_Summit authored launch:(0.479, 0.878, 0.000) separation=0.06546696;Ground_Summit authored launch:(0.479, 0.878, 0.000) separation=-0.005611026;Ground_Summit authored launch:(0.479, 0.878, 0.000) separation=-0.0001378059;Ground_Summit authored launch:(0.479, 0.878, 0.000) separation=-0.0001260042;"
2.320,994.974,161.959,195.999,30.851,-27.080,14.806,-0.008,0.569,0.000,0.000,4,15.626,0.386,0.891,"Ground_Mountain_1_4:(0.476, 0.880, 0.000) separation=0.1156562;Ground_Mountain_1_4:(0.476, 0.880, 0.000) separation=0.0466779;Ground_Mountain_1_4:(0.476, 0.880, 0.000) separation=0.1156394;Ground_Mountain_1_4:(0.476, 0.880, 0.000) separation=0.04668926;Ground_Mountain_1_4:(0.476, 0.880, 0.000) separation=0.04667217;Ground_Mountain_1_4:(0.476, 0.880, 0.000) separation=0.04667467;Ground_Summit authored launch:(0.479, 0.878, 0.000) separation=-0.004414946;Ground_Summit authored launch:(0.479, 0.878, 0.000) separation=0.06437078;Ground_Summit authored launch:(0.479, 0.878, 0.000) separation=0.06437599;Ground_Summit authored launch:(0.479, 0.878, 0.000) separation=-0.004414819;Ground_Summit authored launch:(0.479, 0.878, 0.000) separation=0.0111683;Ground_Summit authored launch:(0.479, 0.878, 0.000) separation=0.01368856;"
2.340,994.435,162.257,195.999,30.841,-27.007,14.919,-0.008,0.574,0.000,0.000,4,15.346,0.368,0.889,"Ground_Mountain_1_4:(0.490, 0.872, 0.000) separation=0.1180053;Ground_Mountain_1_4:(0.490, 0.872, 0.000) separation=0.0459299;Ground_Mountain_1_4:(0.490, 0.872, 0.000) separation=0.1179928;Ground_Mountain_1_4:(0.490, 0.872, 0.000) separation=0.04593716;Ground_Mountain_1_4:(0.490, 0.872, 0.000) separation=0.04594198;Ground_Mountain_1_4:(0.490, 0.872, 0.000) separation=0.04594409;Ground_Summit authored launch:(0.484, 0.875, 0.000) separation=-0.005333708;Ground_Summit authored launch:(0.484, 0.875, 0.000) separation=0.06602066;Ground_Summit authored launch:(0.484, 0.875, 0.000) separation=0.06602333;Ground_Summit authored launch:(0.484, 0.875, 0.000) separation=-0.005330838;Ground_Summit authored launch:(0.484, 0.875, 0.000) separation=0.003825366;Ground_Summit authored launch:(0.484, 0.875, 0.000) separation=0.003836393;"
2.360,993.897,162.557,195.999,30.830,-26.934,15.029,-0.007,0.580,0.000,0.001,4,15.174,0.365,0.887,"Ground_Mountain_1_4:(0.490, 0.872, 0.000) separation=0.1158469;Ground_Mountain_1_4:(0.490, 0.872, 0.000) separation=0.04284424;Ground_Mountain_1_4:(0.490, 0.872, 0.000) separation=0.1158552;Ground_Mountain_1_4:(0.490, 0.872, 0.000) separation=0.04283061;Ground_Mountain_1_4:(0.490, 0.872, 0.000) separation=0.04283693;Ground_Mountain_1_4:(0.490, 0.872, 0.000) separation=0.04440153;Ground_Summit authored launch:(0.486, 0.874, 0.000) separation=-0.005966073;Ground_Summit authored launch:(0.486, 0.874, 0.000) separation=0.06638322;Ground_Summit authored launch:(0.486, 0.874, 0.000) separation=0.06638823;Ground_Summit authored launch:(0.486, 0.874, 0.000) separation=-0.005965671;Ground_Summit authored launch:(0.486, 0.874, 0.000) separation=0.01332286;Ground_Summit authored launch:(0.486, 0.874, 0.000) separation=0.01591113;Ground_Summit authored launch:(0.498, 0.867, 0.000) separation=0.04636776;Ground_Summit authored launch:(0.498, 0.867, 0.000) separation=0.04636776;"
2.380,993.362,162.860,195.999,30.822,-26.863,15.136,-0.007,0.585,0.000,0.000,4,14.986,0.363,0.885,"Ground_Mountain_1_4:(0.490, 0.872, 0.000) separation=0.1166438;Ground_Mountain_1_4:(0.490, 0.872, 0.000) separation=0.04198285;Ground_Mountain_1_4:(0.490, 0.872, 0.000) separation=0.1166284;Ground_Mountain_1_4:(0.490, 0.872, 0.000) separation=0.04199336;Ground_Mountain_1_4:(0.490, 0.872, 0.000) separation=0.04198325;Ground_Mountain_1_4:(0.490, 0.872, 0.000) separation=0.04199913;Ground_Summit authored launch:(0.493, 0.870, 0.000) separation=-0.006901735;Ground_Summit authored launch:(0.493, 0.870, 0.000) separation=0.06753904;Ground_Summit authored launch:(0.493, 0.870, 0.000) separation=0.06754149;Ground_Summit authored launch:(0.493, 0.870, 0.000) separation=-0.006899166;Ground_Summit authored launch:(0.493, 0.870, 0.000) separation=-0.006899655;Ground_Summit authored launch:(0.493, 0.870, 0.000) separation=-0.004540414;"
2.400,992.827,163.164,195.999,30.811,-26.789,15.248,-0.007,0.589,0.000,0.000,4,15.217,0.312,0.883,"Ground_Mountain_1_4:(0.490, 0.872, 0.000) separation=0.1185734;Ground_Mountain_1_4:(0.490, 0.872, 0.000) separation=0.04660593;Ground_Mountain_1_4:(0.490, 0.872, 0.000) separation=0.1185785;Ground_Mountain_1_4:(0.490, 0.872, 0.000) separation=0.04659593;Ground_Mountain_1_4:(0.490, 0.872, 0.000) separation=0.04660094;Ground_Mountain_1_4:(0.490, 0.872, 0.000) separation=0.0466021;Ground_Summit authored launch:(0.493, 0.870, 0.000) separation=-0.004632547;Ground_Summit authored launch:(0.493, 0.870, 0.000) separation=0.06711376;Ground_Summit authored launch:(0.493, 0.870, 0.000) separation=0.06711836;Ground_Summit authored launch:(0.493, 0.870, 0.000) separation=-0.004632354;Ground_Summit authored launch:(0.493, 0.870, 0.000) separation=0.01724103;Ground_Summit authored launch:(0.493, 0.870, 0.000) separation=0.0197764;Ground_Summit authored launch:(0.505, 0.863, 0.000) separation=0.04707277;Ground_Summit authored launch:(0.505, 0.863, 0.000) separation=0.04707277;"
2.420,992.294,163.471,195.999,30.802,-26.716,15.356,-0.007,0.594,0.000,0.000,4,14.999,0.315,0.881,"Ground_Mountain_1_4:(0.503, 0.864, 0.000) separation=0.1186638;Ground_Mountain_1_4:(0.503, 0.864, 0.000) separation=0.04434998;Ground_Mountain_1_4:(0.503, 0.864, 0.000) separation=0.1186714;Ground_Mountain_1_4:(0.503, 0.864, 0.000) separation=0.04433819;Ground_Mountain_1_4:(0.503, 0.864, 0.000) separation=0.04434115;Ground_Mountain_1_4:(0.503, 0.864, 0.000) separation=0.0443441;Ground_Summit authored launch:(0.500, 0.866, 0.000) separation=-0.005865186;Ground_Summit authored launch:(0.500, 0.866, 0.000) separation=0.06784502;Ground_Summit authored launch:(0.500, 0.866, 0.000) separation=0.06784768;Ground_Summit authored launch:(0.500, 0.866, 0.000) separation=-0.005863582;Ground_Summit authored launch:(0.500, 0.866, 0.000) separation=-0.00319761;Ground_Summit authored launch:(0.500, 0.866, 0.000) separation=-0.0003485978;"
2.440,991.762,163.780,195.999,30.792,-26.642,15.465,-0.007,0.599,0.000,0.000,4,15.067,0.338,0.879,"Ground_Mountain_1_4:(0.503, 0.864, 0.000) separation=0.1165871;Ground_Mountain_1_4:(0.503, 0.864, 0.000) separation=0.04337029;Ground_Mountain_1_4:(0.503, 0.864, 0.000) separation=0.1165714;Ground_Mountain_1_4:(0.503, 0.864, 0.000) separation=0.04338177;Ground_Mountain_1_4:(0.503, 0.864, 0.000) separation=0.04336497;Ground_Mountain_1_4:(0.503, 0.864, 0.000) separation=0.05126363;Ground_Summit authored launch:(0.500, 0.866, 0.000) separation=-0.004371077;Ground_Summit authored launch:(0.500, 0.866, 0.000) separation=0.06825729;Ground_Summit authored launch:(0.500, 0.866, 0.000) separation=0.06826118;Ground_Summit authored launch:(0.500, 0.866, 0.000) separation=-0.004370902;Ground_Summit authored launch:(0.500, 0.866, 0.000) separation=0.02018666;Ground_Summit authored launch:(0.500, 0.866, 0.000) separation=0.02271557;Ground_Summit authored launch:(0.511, 0.859, 0.000) separation=0.0467585;Ground_Summit authored launch:(0.511, 0.859, 0.000) separation=0.0467585;"
2.460,991.232,164.091,195.998,30.783,-26.570,15.570,-0.006,0.604,0.000,0.000,4,14.874,0.338,0.877,"Ground_Mountain_1_4:(0.503, 0.864, 0.000) separation=0.1179817;Ground_Mountain_1_4:(0.503, 0.864, 0.000) separation=0.04338053;Ground_Mountain_1_4:(0.503, 0.864, 0.000) separation=0.1179863;Ground_Mountain_1_4:(0.503, 0.864, 0.000) separation=0.04337249;Ground_Mountain_1_4:(0.503, 0.864, 0.000) separation=0.04337648;Ground_Mountain_1_4:(0.503, 0.864, 0.000) separation=0.04337966;Ground_Summit authored launch:(0.507, 0.862, 0.000) separation=-0.005639638;Ground_Summit authored launch:(0.507, 0.862, 0.000) separation=0.06862938;Ground_Summit authored launch:(0.507, 0.862, 0.000) separation=0.06863216;Ground_Summit authored launch:(0.507, 0.862, 0.000) separation=-0.005638783;Ground_Summit authored launch:(0.507, 0.862, 0.000) separation=-6.747246E-05;Ground_Summit authored launch:(0.507, 0.862, 0.000) separation=0.002769202;"
2.480,990.703,164.404,195.998,30.773,-26.497,15.676,-0.006,0.609,0.000,0.000,4,14.883,0.352,0.876,"Ground_Mountain_1_4:(0.503, 0.864, 0.000) separation=0.1212453;Ground_Mountain_1_4:(0.503, 0.864, 0.000) separation=0.04700945;Ground_Mountain_1_4:(0.503, 0.864, 0.000) separation=0.1212489;Ground_Mountain_1_4:(0.503, 0.864, 0.000) separation=0.04700235;Ground_Mountain_1_4:(0.503, 0.864, 0.000) separation=0.04700586;Ground_Mountain_1_4:(0.503, 0.864, 0.000) separation=0.04700607;Ground_Summit authored launch:(0.507, 0.862, 0.000) separation=-0.004300997;Ground_Summit authored launch:(0.507, 0.862, 0.000) separation=0.06956687;Ground_Summit authored launch:(0.507, 0.862, 0.000) separation=0.06957033;Ground_Summit authored launch:(0.507, 0.862, 0.000) separation=-0.004300967;Ground_Summit authored launch:(0.507, 0.862, 0.000) separation=0.02285227;Ground_Summit authored launch:(0.507, 0.862, 0.000) separation=0.0253903;Ground_Summit authored launch:(0.518, 0.856, 0.000) separation=0.0462724;Ground_Summit authored launch:(0.518, 0.856, 0.000) separation=0.0462724;"
2.500,990.175,164.720,195.998,30.764,-26.425,15.780,-0.006,0.614,0.000,0.000,4,14.716,0.352,0.874,"Ground_Mountain_1_4:(0.517, 0.856, 0.000) separation=0.1193777;Ground_Mountain_1_4:(0.517, 0.856, 0.000) separation=0.04360417;Ground_Mountain_1_4:(0.517, 0.856, 0.000) separation=0.1193834;Ground_Mountain_1_4:(0.517, 0.856, 0.000) separation=0.04359543;Ground_Mountain_1_4:(0.517, 0.856, 0.000) separation=0.04359671;Ground_Mountain_1_4:(0.517, 0.856, 0.000) separation=0.04359931;Ground_Summit authored launch:(0.513, 0.858, 0.000) separation=-0.005637933;Ground_Summit authored launch:(0.513, 0.858, 0.000) separation=0.06957858;Ground_Summit authored launch:(0.513, 0.858, 0.000) separation=0.06958085;Ground_Summit authored launch:(0.513, 0.858, 0.000) separation=-0.005637171;Ground_Summit authored launch:(0.513, 0.858, 0.000) separation=0.00259015;Ground_Summit authored launch:(0.513, 0.858, 0.000) separation=0.005427808;"
2.520,989.649,165.037,195.998,30.754,-26.352,15.883,-0.005,0.618,0.000,0.000,4,14.701,0.363,0.872,"Ground_Mountain_1_4:(0.517, 0.856, 0.000) separation=0.1181917;Ground_Mountain_1_4:(0.517, 0.856, 0.000) separation=0.04253249;Ground_Mountain_1_4:(0.517, 0.856, 0.000) separation=0.118196;Ground_Mountain_1_4:(0.517, 0.856, 0.000) separation=0.04252544;Ground_Mountain_1_4:(0.517, 0.856, 0.000) separation=0.04252896;Ground_Mountain_1_4:(0.517, 0.856, 0.000) separation=0.05579934;Ground_Summit authored launch:(0.513, 0.858, 0.000) separation=-0.004273564;Ground_Summit authored launch:(0.513, 0.858, 0.000) separation=0.07090294;Ground_Summit authored launch:(0.513, 0.858, 0.000) separation=0.07090572;Ground_Summit authored launch:(0.513, 0.858, 0.000) separation=-0.004273437;Ground_Summit authored launch:(0.513, 0.858, 0.000) separation=0.02531001;Ground_Summit authored launch:(0.513, 0.858, 0.000) separation=0.02786162;Ground_Summit authored launch:(0.524, 0.852, 0.000) separation=0.04584065;Ground_Summit authored launch:(0.524, 0.852, 0.000) separation=0.04584065;"
2.540,989.125,165.356,195.998,30.745,-26.281,15.983,-0.005,0.623,0.000,0.000,4,14.561,0.364,0.870,"Ground_Mountain_1_4:(0.517, 0.856, 0.000) separation=0.1200488;Ground_Mountain_1_4:(0.517, 0.856, 0.000) separation=0.04336755;Ground_Mountain_1_4:(0.517, 0.856, 0.000) separation=0.1200298;Ground_Mountain_1_4:(0.517, 0.856, 0.000) separation=0.04338412;Ground_Mountain_1_4:(0.517, 0.856, 0.000) separation=0.04337457;Ground_Mountain_1_4:(0.517, 0.856, 0.000) separation=0.04338726;Ground_Summit authored launch:(0.520, 0.854, 0.000) separation=-0.005682565;Ground_Summit authored launch:(0.520, 0.854, 0.000) separation=0.07056484;Ground_Summit authored launch:(0.520, 0.854, 0.000) separation=0.07056711;Ground_Summit authored launch:(0.520, 0.854, 0.000) separation=-0.005682385;Ground_Summit authored launch:(0.520, 0.854, 0.000) separation=0.004966557;Ground_Summit authored launch:(0.520, 0.854, 0.000) separation=0.007813185;"
2.560,988.602,165.677,195.998,30.737,-26.209,16.084,-0.004,0.628,0.000,0.000,4,14.537,0.373,0.868,"Ground_Mountain_1_4:(0.530, 0.848, 0.000) separation=0.1230129;Ground_Mountain_1_4:(0.530, 0.848, 0.000) separation=0.04603122;Ground_Mountain_1_4:(0.530, 0.848, 0.000) separation=0.1230179;Ground_Mountain_1_4:(0.530, 0.848, 0.000) separation=0.04602389;Ground_Mountain_1_4:(0.530, 0.848, 0.000) separation=0.04602769;Ground_Mountain_1_4:(0.530, 0.848, 0.000) separation=0.04602805;Ground_Summit authored launch:(0.526, 0.850, 0.000) separation=-0.004558361;Ground_Summit authored launch:(0.526, 0.850, 0.000) separation=0.07191195;Ground_Summit authored launch:(0.526, 0.850, 0.000) separation=0.07191298;Ground_Summit authored launch:(0.526, 0.850, 0.000) separation=-0.004557125;Ground_Summit authored launch:(0.526, 0.850, 0.000) separation=-0.002979189;Ground_Summit authored launch:(0.526, 0.850, 0.000) separation=-0.002973914;"
2.580,988.080,166.001,195.998,30.727,-26.135,16.186,-0.004,0.632,0.000,0.000,4,14.647,0.399,0.866,"Ground_Mountain_1_4:(0.530, 0.848, 0.000) separation=0.1195003;Ground_Mountain_1_4:(0.530, 0.848, 0.000) separation=0.04427139;Ground_Mountain_1_4:(0.530, 0.848, 0.000) separation=0.1194825;Ground_Mountain_1_4:(0.530, 0.848, 0.000) separation=0.04428682;Ground_Mountain_1_4:(0.530, 0.848, 0.000) separation=0.04426762;Ground_Mountain_1_4:(0.530, 0.848, 0.000) separation=0.04428297;Ground_Summit authored launch:(0.526, 0.850, 0.000) separation=-0.003995847;Ground_Summit authored launch:(0.526, 0.850, 0.000) separation=0.07077332;Ground_Summit authored launch:(0.526, 0.850, 0.000) separation=0.0707755;Ground_Summit authored launch:(0.526, 0.850, 0.000) separation=-0.003995901;Ground_Summit authored launch:(0.526, 0.850, 0.000) separation=0.00849402;Ground_Summit authored launch:(0.526, 0.850, 0.000) separation=0.01127666;"
2.600,987.560,166.326,195.998,30.718,-26.062,16.286,-0.004,0.636,0.000,0.000,4,14.537,0.394,0.864,"Ground_Mountain_1_4:(0.530, 0.848, 0.000) separation=0.1192382;Ground_Mountain_1_4:(0.530, 0.848, 0.000) separation=0.04331881;Ground_Mountain_1_4:(0.530, 0.848, 0.000) separation=0.1192408;Ground_Mountain_1_4:(0.530, 0.848, 0.000) separation=0.0433145;Ground_Mountain_1_4:(0.530, 0.848, 0.000) separation=0.04331708;Ground_Mountain_1_4:(0.530, 0.848, 0.000) separation=0.06064609;Ground_Summit authored launch:(0.531, 0.848, 0.000) separation=-0.00333994;Ground_Summit authored launch:(0.531, 0.848, 0.000) separation=0.07213765;Ground_Summit authored launch:(0.531, 0.848, 0.000) separation=0.07213949;Ground_Summit authored launch:(0.531, 0.848, 0.000) separation=-0.003340166;Ground_Summit authored launch:(0.531, 0.848, 0.000) separation=0.0003561974;Ground_Summit authored launch:(0.531, 0.848, 0.000) separation=0.0003610253;"
2.620,987.041,166.653,195.998,30.709,-25.990,16.385,-0.003,0.641,0.000,0.000,4,14.406,0.392,0.862,"Ground_Mountain_1_4:(0.530, 0.848, 0.000) separation=0.1214519;Ground_Mountain_1_4:(0.530, 0.848, 0.000) separation=0.04478673;Ground_Mountain_1_4:(0.530, 0.848, 0.000) separation=0.1214532;Ground_Mountain_1_4:(0.530, 0.848, 0.000) separation=0.04478437;Ground_Mountain_1_4:(0.530, 0.848, 0.000) separation=0.04478517;Ground_Mountain_1_4:(0.530, 0.848, 0.000) separation=0.04478601;Ground_Summit authored launch:(0.533, 0.846, 0.000) separation=-0.004124457;Ground_Summit authored launch:(0.533, 0.846, 0.000) separation=0.07201807;Ground_Summit authored launch:(0.533, 0.846, 0.000) separation=0.07202066;Ground_Summit authored launch:(0.533, 0.846, 0.000) separation=-0.004125949;Ground_Summit authored launch:(0.533, 0.846, 0.000) separation=0.01031405;Ground_Summit authored launch:(0.533, 0.846, 0.000) separation=0.01312113;"
2.640,986.523,166.982,195.998,30.700,-25.918,16.482,-0.003,0.646,0.000,0.000,4,14.322,0.393,0.860,"Ground_Mountain_1_4:(0.542, 0.840, 0.000) separation=0.1234228;Ground_Mountain_1_4:(0.542, 0.840, 0.000) separation=0.04640286;Ground_Mountain_1_4:(0.542, 0.840, 0.000) separation=0.123402;Ground_Mountain_1_4:(0.542, 0.840, 0.000) separation=0.04642299;Ground_Mountain_1_4:(0.542, 0.840, 0.000) separation=0.04642379;Ground_Mountain_1_4:(0.542, 0.840, 0.000) separation=0.046424;Ground_Summit authored launch:(0.537, 0.844, 0.000) separation=-0.003422108;Ground_Summit authored launch:(0.537, 0.844, 0.000) separation=0.07321856;Ground_Summit authored launch:(0.537, 0.844, 0.000) separation=0.07322139;Ground_Summit authored launch:(0.537, 0.844, 0.000) separation=-0.003424364;Ground_Summit authored launch:(0.537, 0.844, 0.000) separation=0.002169758;Ground_Summit authored launch:(0.537, 0.844, 0.000) separation=0.002173692;"
2.660,986.007,167.313,195.998,30.691,-25.847,16.577,-0.002,0.650,0.000,0.000,4,14.216,0.394,0.858,"Ground_Mountain_1_4:(0.542, 0.840, 0.000) separation=0.1211873;Ground_Mountain_1_4:(0.542, 0.840, 0.000) separation=0.04363698;Ground_Mountain_1_4:(0.542, 0.840, 0.000) separation=0.1211873;Ground_Mountain_1_4:(0.542, 0.840, 0.000) separation=0.04363698;Ground_Mountain_1_4:(0.542, 0.840, 0.000) separation=0.04363698;Ground_Mountain_1_4:(0.542, 0.840, 0.000) separation=0.04363698;Ground_Summit authored launch:(0.539, 0.842, 0.000) separation=-0.003890157;Ground_Summit authored launch:(0.539, 0.842, 0.000) separation=0.07328165;Ground_Summit authored launch:(0.539, 0.842, 0.000) separation=0.07328505;Ground_Summit authored launch:(0.539, 0.842, 0.000) separation=-0.003893521;Ground_Summit authored launch:(0.539, 0.842, 0.000) separation=0.0122315;Ground_Summit authored launch:(0.539, 0.842, 0.000) separation=0.01505727;"
2.680,985.493,167.646,195.997,30.682,-25.776,16.672,-0.002,0.654,0.000,0.000,4,14.162,0.399,0.857,"Ground_Mountain_1_4:(0.542, 0.840, 0.000) separation=0.1212682;Ground_Mountain_1_4:(0.542, 0.840, 0.000) separation=0.04330834;Ground_Mountain_1_4:(0.542, 0.840, 0.000) separation=0.1212672;Ground_Mountain_1_4:(0.542, 0.840, 0.000) separation=0.04331008;Ground_Mountain_1_4:(0.542, 0.840, 0.000) separation=0.04330921;Ground_Mountain_1_4:(0.542, 0.840, 0.000) separation=0.06406263;Ground_Summit authored launch:(0.543, 0.840, 0.000) separation=-0.003191165;Ground_Summit authored launch:(0.543, 0.840, 0.000) separation=0.07423353;Ground_Summit authored launch:(0.543, 0.840, 0.000) separation=0.07423774;Ground_Summit authored launch:(0.543, 0.840, 0.000) separation=-0.003195909;Ground_Summit authored launch:(0.543, 0.840, 0.000) separation=0.00401476;Ground_Summit authored launch:(0.543, 0.840, 0.000) separation=0.004017979;"
2.700,984.980,167.981,195.997,30.674,-25.706,16.765,-0.001,0.659,0.000,0.000,4,14.078,0.401,0.855,"Ground_Mountain_1_4:(0.542, 0.840, 0.000) separation=0.12377;Ground_Mountain_1_4:(0.542, 0.840, 0.000) separation=0.04533236;Ground_Mountain_1_4:(0.542, 0.840, 0.000) separation=0.1237686;Ground_Mountain_1_4:(0.542, 0.840, 0.000) separation=0.04533472;Ground_Mountain_1_4:(0.542, 0.840, 0.000) separation=0.04533282;Ground_Mountain_1_4:(0.542, 0.840, 0.000) separation=0.04533315;Ground_Summit authored launch:(0.545, 0.838, 0.000) separation=-0.003357058;Ground_Summit authored launch:(0.545, 0.838, 0.000) separation=0.07445583;Ground_Summit authored launch:(0.545, 0.838, 0.000) separation=0.07446017;Ground_Summit authored launch:(0.545, 0.838, 0.000) separation=-0.003362479;Ground_Summit authored launch:(0.545, 0.838, 0.000) separation=0.01414841;Ground_Summit authored launch:(0.545, 0.838, 0.000) separation=0.01698354;"
2.720,984.468,168.317,195.997,30.665,-25.635,16.858,0.000,0.663,0.000,0.000,4,14.040,0.407,0.853,"Ground_Mountain_1_4:(0.554, 0.832, 0.000) separation=0.124566;Ground_Mountain_1_4:(0.554, 0.832, 0.000) separation=0.04639767;Ground_Mountain_1_4:(0.554, 0.832, 0.000) separation=0.1245618;Ground_Mountain_1_4:(0.554, 0.832, 0.000) separation=0.04640381;Ground_Mountain_1_4:(0.554, 0.832, 0.000) separation=0.04640076;Ground_Mountain_1_4:(0.554, 0.832, 0.000) separation=0.04640159;Ground_Summit authored launch:(0.549, 0.836, 0.000) separation=-0.002610866;Ground_Summit authored launch:(0.549, 0.836, 0.000) separation=0.07521912;Ground_Summit authored launch:(0.549, 0.836, 0.000) separation=0.07522415;Ground_Summit authored launch:(0.549, 0.836, 0.000) separation=-0.00261755;Ground_Summit authored launch:(0.549, 0.836, 0.000) separation=0.005912513;Ground_Summit authored launch:(0.549, 0.836, 0.000) separation=0.00591433;"
2.740,983.957,168.656,195.997,30.657,-25.564,16.950,0.001,0.667,0.000,0.000,4,13.973,0.329,0.851,"Ground_Mountain_1_4:(0.554, 0.832, 0.000) separation=0.1226475;Ground_Mountain_1_4:(0.554, 0.832, 0.000) separation=0.0443047;Ground_Mountain_1_4:(0.554, 0.832, 0.000) separation=0.1226432;Ground_Mountain_1_4:(0.554, 0.832, 0.000) separation=0.0443113;Ground_Mountain_1_4:(0.554, 0.832, 0.000) separation=0.04430845;Ground_Mountain_1_4:(0.554, 0.832, 0.000) separation=0.04431123;Ground_Summit authored launch:(0.551, 0.834, 0.000) separation=-0.002527395;Ground_Summit authored launch:(0.551, 0.834, 0.000) separation=0.07554572;Ground_Summit authored launch:(0.551, 0.834, 0.000) separation=0.07555064;Ground_Summit authored launch:(0.551, 0.834, 0.000) separation=-0.002534548;Ground_Summit authored launch:(0.551, 0.834, 0.000) separation=0.01606026;Ground_Summit authored launch:(0.551, 0.834, 0.000) separation=0.01889673;"
2.760,983.448,168.996,195.998,30.649,-25.494,17.041,0.001,0.671,0.000,0.000,4,13.951,0.426,0.849,"Ground_Mountain_1_4:(0.554, 0.832, 0.000) separation=0.1229649;Ground_Mountain_1_4:(0.554, 0.832, 0.000) separation=0.04451024;Ground_Mountain_1_4:(0.554, 0.832, 0.000) separation=0.12296;Ground_Mountain_1_4:(0.554, 0.832, 0.000) separation=0.04451798;Ground_Mountain_1_4:(0.554, 0.832, 0.000) separation=0.04451367;Ground_Mountain_1_4:(0.554, 0.832, 0.000) separation=0.0674367;Ground_Summit authored launch:(0.555, 0.832, 0.000) separation=-0.001673788;Ground_Summit authored launch:(0.555, 0.832, 0.000) separation=0.07612271;Ground_Summit authored launch:(0.555, 0.832, 0.000) separation=0.07612862;Ground_Summit authored launch:(0.555, 0.832, 0.000) separation=-0.001682498;Ground_Summit authored launch:(0.555, 0.832, 0.000) separation=0.007852256;Ground_Summit authored launch:(0.555, 0.832, 0.000) separation=0.007852733;"
2.780,982.941,169.338,195.998,30.641,-25.423,17.132,0.002,0.676,0.000,0.000,4,13.900,0.346,0.847,"Ground_Mountain_1_4:(0.554, 0.832, 0.000) separation=0.1256865;Ground_Mountain_1_4:(0.554, 0.832, 0.000) separation=0.04708476;Ground_Mountain_1_4:(0.554, 0.832, 0.000) separation=0.1256815;Ground_Mountain_1_4:(0.554, 0.832, 0.000) separation=0.04709331;Ground_Mountain_1_4:(0.554, 0.832, 0.000) separation=0.04708716;Ground_Mountain_1_4:(0.554, 0.832, 0.000) separation=0.04708865;Ground_Summit authored launch:(0.557, 0.830, 0.000) separation=-0.001344183;Ground_Summit authored launch:(0.557, 0.830, 0.000) separation=0.07652055;Ground_Summit authored launch:(0.557, 0.830, 0.000) separation=0.07652582;Ground_Summit authored launch:(0.557, 0.830, 0.000) separation=-0.001352852;Ground_Summit authored launch:(0.557, 0.830, 0.000) separation=0.01798275;Ground_Summit authored launch:(0.557, 0.830, 0.000) separation=0.02080798;Ground_Summit authored launch:(0.567, 0.824, 0.000) separation=0.05120748;"
2.800,982.435,169.682,195.998,30.632,-25.352,17.222,0.003,0.680,0.000,0.000,4,13.876,0.440,0.845,"Ground_Mountain_1_4:(0.566, 0.824, 0.000) separation=0.1255936;Ground_Mountain_1_4:(0.566, 0.824, 0.000) separation=0.04803655;Ground_Mountain_1_4:(0.566, 0.824, 0.000) separation=0.1255846;Ground_Mountain_1_4:(0.566, 0.824, 0.000) separation=0.04804965;Ground_Mountain_1_4:(0.566, 0.824, 0.000) separation=0.04804361;Ground_Mountain_1_4:(0.566, 0.824, 0.000) separation=0.04804549;Ground_Summit authored launch:(0.561, 0.828, 0.000) separation=-0.0003752857;Ground_Summit authored launch:(0.561, 0.828, 0.000) separation=0.07698736;Ground_Summit authored launch:(0.561, 0.828, 0.000) separation=0.07699415;Ground_Summit authored launch:(0.561, 0.828, 0.000) separation=-0.0003860211;Ground_Summit authored launch:(0.561, 0.828, 0.000) separation=0.0098387;Ground_Summit authored launch:(0.561, 0.828, 0.000) separation=0.009839624;"
2.820,981.930,170.028,195.998,30.624,-25.280,17.312,0.004,0.684,0.000,0.000,4,13.830,0.358,0.843,"Ground_Mountain_1_4:(0.566, 0.824, 0.000) separation=0.1240194;Ground_Mountain_1_4:(0.566, 0.824, 0.000) separation=0.04650002;Ground_Mountain_1_4:(0.566, 0.824, 0.000) separation=0.1240108;Ground_Mountain_1_4:(0.566, 0.824, 0.000) separation=0.04651297;Ground_Mountain_1_4:(0.566, 0.824, 0.000) separation=0.04650655;Ground_Mountain_1_4:(0.566, 0.824, 0.000) separation=0.0469602;Ground_Summit authored launch:(0.563, 0.826, 0.000) separation=0.0002345666;Ground_Summit authored launch:(0.563, 0.826, 0.000) separation=0.07754806;Ground_Summit authored launch:(0.563, 0.826, 0.000) separation=0.07755457;Ground_Summit authored launch:(0.563, 0.826, 0.000) separation=0.00022351;Ground_Summit authored launch:(0.563, 0.826, 0.000) separation=0.0199911;Ground_Summit authored launch:(0.563, 0.826, 0.000) separation=0.02279937;Ground_Summit authored launch:(0.573, 0.820, 0.000) separation=0.05265573;"
2.840,981.427,170.375,195.998,30.616,-25.209,17.401,0.005,0.688,0.000,0.000,4,13.798,0.448,0.841,"Ground_Mountain_1_4:(0.566, 0.824, 0.000) separation=0.1246178;Ground_Mountain_1_4:(0.566, 0.824, 0.000) separation=0.04725606;Ground_Mountain_1_4:(0.566, 0.824, 0.000) separation=0.1246088;Ground_Mountain_1_4:(0.566, 0.824, 0.000) separation=0.04727035;Ground_Mountain_1_4:(0.566, 0.824, 0.000) separation=0.04726282;Ground_Mountain_1_4:(0.566, 0.824, 0.000) separation=0.07099527;Ground_Summit authored launch:(0.567, 0.824, 0.000) separation=0.001360373;Ground_Summit authored launch:(0.567, 0.824, 0.000) separation=0.07800583;Ground_Summit authored launch:(0.567, 0.824, 0.000) separation=0.07801433;Ground_Summit authored launch:(0.567, 0.824, 0.000) separation=0.001346783;Ground_Summit authored launch:(0.567, 0.824, 0.000) separation=0.01195678;Ground_Summit authored launch:(0.567, 0.824, 0.000) separation=0.01195815;"
2.860,980.925,170.724,195.998,30.608,-25.138,17.490,0.006,0.692,0.000,-0.001,4,13.749,0.365,0.839,"Ground_Mountain_1_4:(0.566, 0.824, 0.000) separation=0.1275529;Ground_Mountain_1_4:(0.566, 0.824, 0.000) separation=0.05024276;Ground_Mountain_1_4:(0.566, 0.824, 0.000) separation=0.1275449;Ground_Mountain_1_4:(0.566, 0.824, 0.000) separation=0.05025642;Ground_Mountain_1_4:(0.566, 0.824, 0.000) separation=0.0502471;Ground_Mountain_1_4:(0.566, 0.824, 0.000) separation=0.05024958;Ground_Summit authored launch:(0.569, 0.822, 0.000) separation=0.002189483;Ground_Summit authored launch:(0.569, 0.822, 0.000) separation=0.07872389;Ground_Summit authored launch:(0.569, 0.822, 0.000) separation=0.0787318;Ground_Summit authored launch:(0.569, 0.822, 0.000) separation=0.002175916;Ground_Summit authored launch:(0.569, 0.822, 0.000) separation=0.02208284;Ground_Summit authored launch:(0.569, 0.822, 0.000) separation=0.02486968;Ground_Summit authored launch:(0.578, 0.816, 0.000) separation=0.05457681;"
2.880,980.424,171.075,195.998,30.600,-25.067,17.578,0.006,0.696,0.000,0.000,4,13.704,0.452,0.837,"Ground_Mountain_1_4:(0.578, 0.816, 0.000) separation=0.1273277;Ground_Mountain_1_4:(0.578, 0.816, 0.000) separation=0.05142334;Ground_Mountain_1_4:(0.578, 0.816, 0.000) separation=0.1273155;Ground_Mountain_1_4:(0.578, 0.816, 0.000) separation=0.05144105;Ground_Mountain_1_4:(0.578, 0.816, 0.000) separation=0.05143219;Ground_Mountain_1_4:(0.578, 0.816, 0.000) separation=0.05143511;Ground_Summit authored launch:(0.573, 0.820, 0.000) separation=0.00352735;Ground_Summit authored launch:(0.573, 0.820, 0.000) separation=0.07926299;Ground_Summit authored launch:(0.573, 0.820, 0.000) separation=0.07927334;Ground_Summit authored launch:(0.573, 0.820, 0.000) separation=0.003511296;Ground_Summit authored launch:(0.573, 0.820, 0.000) separation=0.01420987;Ground_Summit authored launch:(0.573, 0.820, 0.000) separation=0.01421055;"
2.900,979.925,171.428,195.998,30.592,-24.995,17.665,0.007,0.700,0.000,0.000,4,13.648,0.368,0.835,"Ground_Mountain_1_4:(0.578, 0.816, 0.000) separation=0.1261892;Ground_Mountain_1_4:(0.578, 0.816, 0.000) separation=0.05044549;Ground_Mountain_1_4:(0.578, 0.816, 0.000) separation=0.1261779;Ground_Mountain_1_4:(0.578, 0.816, 0.000) separation=0.05046262;Ground_Mountain_1_4:(0.578, 0.816, 0.000) separation=0.05045456;Ground_Mountain_1_4:(0.578, 0.816, 0.000) separation=0.05123398;Ground_Summit authored launch:(0.575, 0.818, 0.000) separation=0.004623402;Ground_Summit authored launch:(0.575, 0.818, 0.000) separation=0.08020379;Ground_Summit authored launch:(0.575, 0.818, 0.000) separation=0.08021364;Ground_Summit authored launch:(0.575, 0.818, 0.000) separation=0.004607655;Ground_Summit authored launch:(0.575, 0.818, 0.000) separation=0.02437595;Ground_Summit authored launch:(0.575, 0.818, 0.000) separation=0.02714035;Ground_Summit authored launch:(0.584, 0.812, 0.000) separation=0.0569917;"
2.920,979.428,171.783,195.998,30.584,-24.925,17.751,0.007,0.704,0.000,0.000,4,13.589,0.453,0.833,"Ground_Mountain_1_4:(0.578, 0.816, 0.000) separation=0.1271719;Ground_Mountain_1_4:(0.578, 0.816, 0.000) separation=0.05166342;Ground_Mountain_1_4:(0.578, 0.816, 0.000) separation=0.1271617;Ground_Mountain_1_4:(0.578, 0.816, 0.000) separation=0.0516798;Ground_Mountain_1_4:(0.578, 0.816, 0.000) separation=0.05167162;Ground_Mountain_1_4:(0.578, 0.816, 0.000) separation=0.07506448;Ground_Summit authored launch:(0.578, 0.816, 0.000) separation=0.006185201;Ground_Summit authored launch:(0.578, 0.816, 0.000) separation=0.08087295;Ground_Summit authored launch:(0.578, 0.816, 0.000) separation=0.08088514;Ground_Summit authored launch:(0.578, 0.816, 0.000) separation=0.006166946;Ground_Summit authored launch:(0.578, 0.816, 0.000) separation=0.01667827;Ground_Summit authored launch:(0.578, 0.816, 0.000) separation=0.01667872;"
2.940,978.931,172.139,195.998,30.576,-24.854,17.836,0.008,0.708,0.000,-0.001,4,13.522,0.368,0.831,"Ground_Mountain_1_4:(0.578, 0.816, 0.000) separation=0.1304448;Ground_Mountain_1_4:(0.578, 0.816, 0.000) separation=0.05502588;Ground_Mountain_1_4:(0.578, 0.816, 0.000) separation=0.1304358;Ground_Mountain_1_4:(0.578, 0.816, 0.000) separation=0.05504138;Ground_Mountain_1_4:(0.578, 0.816, 0.000) separation=0.05503106;Ground_Mountain_1_4:(0.578, 0.816, 0.000) separation=0.05503401;Ground_Summit authored launch:(0.580, 0.814, 0.000) separation=0.007495932;Ground_Summit authored launch:(0.580, 0.814, 0.000) separation=0.08202457;Ground_Summit authored launch:(0.580, 0.814, 0.000) separation=0.08203585;Ground_Summit authored launch:(0.580, 0.814, 0.000) separation=0.007478263;Ground_Summit authored launch:(0.580, 0.814, 0.000) separation=0.02686641;Ground_Summit authored launch:(0.580, 0.814, 0.000) separation=0.0296078;Ground_Summit authored launch:(0.590, 0.808, 0.000) separation=0.05987832;"
2.960,978.437,172.497,195.999,30.568,-24.783,17.920,0.008,0.712,0.000,-0.001,4,13.454,0.451,0.829,"Ground_Mountain_1_4:(0.589, 0.808, 0.000) separation=0.1305436;Ground_Mountain_1_4:(0.589, 0.808, 0.000) separation=0.05682326;Ground_Mountain_1_4:(0.589, 0.808, 0.000) separation=0.1305304;Ground_Mountain_1_4:(0.589, 0.808, 0.000) separation=0.05684244;Ground_Mountain_1_4:(0.589, 0.808, 0.000) separation=0.05683288;Ground_Mountain_1_4:(0.589, 0.808, 0.000) separation=0.05683592;Ground_Summit authored launch:(0.584, 0.812, 0.000) separation=0.009329073;Ground_Summit authored launch:(0.584, 0.812, 0.000) separation=0.08289257;Ground_Summit authored launch:(0.584, 0.812, 0.000) separation=0.08290646;Ground_Summit authored launch:(0.584, 0.812, 0.000) separation=0.009309002;Ground_Summit authored launch:(0.584, 0.812, 0.000) separation=0.01936522;Ground_Summit authored launch:(0.584, 0.812, 0.000) separation=0.01936728;"
2.980,977.943,172.856,195.999,30.560,-24.713,18.003,0.008,0.716,0.000,0.000,4,13.378,0.366,0.827,"Ground_Mountain_1_4:(0.589, 0.808, 0.000) separation=0.1296552;Ground_Mountain_1_4:(0.589, 0.808, 0.000) separation=0.05616571;Ground_Mountain_1_4:(0.589, 0.808, 0.000) separation=0.1296442;Ground_Mountain_1_4:(0.589, 0.808, 0.000) separation=0.0561824;Ground_Mountain_1_4:(0.589, 0.808, 0.000) separation=0.05617362;Ground_Mountain_1_4:(0.589, 0.808, 0.000) separation=0.0917367;Ground_Summit authored launch:(0.586, 0.810, 0.000) separation=0.01080972;Ground_Summit authored launch:(0.586, 0.810, 0.000) separation=0.0842252;Ground_Summit authored launch:(0.586, 0.810, 0.000) separation=0.08423851;Ground_Summit authored launch:(0.586, 0.810, 0.000) separation=0.01079071;Ground_Summit authored launch:(0.586, 0.810, 0.000) separation=0.02955467;Ground_Summit authored launch:(0.586, 0.810, 0.000) separation=0.03227529;"
3.000,977.451,173.217,195.999,30.552,-24.643,18.085,0.008,0.720,0.000,-0.001,4,13.306,0.447,0.824,"Ground_Mountain_1_4:(0.589, 0.808, 0.000) separation=0.1311008;Ground_Mountain_1_4:(0.589, 0.808, 0.000) separation=0.05779794;Ground_Mountain_1_4:(0.589, 0.808, 0.000) separation=0.1310919;Ground_Mountain_1_4:(0.589, 0.808, 0.000) separation=0.05781231;Ground_Mountain_1_4:(0.589, 0.808, 0.000) separation=0.05780512;Ground_Mountain_1_4:(0.589, 0.808, 0.000) separation=0.07989982;Ground_Summit authored launch:(0.590, 0.808, 0.000) separation=0.01290108;Ground_Summit authored launch:(0.590, 0.808, 0.000) separation=0.08529188;Ground_Summit authored launch:(0.590, 0.808, 0.000) separation=0.08530691;Ground_Summit authored launch:(0.590, 0.808, 0.000) separation=0.01288073;Ground_Summit authored launch:(0.590, 0.808, 0.000) separation=0.02223179;Ground_Summit authored launch:(0.590, 0.808, 0.000) separation=0.02223665;"
3.020,976.960,173.580,195.999,30.544,-24.574,18.166,0.008,0.724,0.000,0.000,4,13.219,0.362,0.822,"Ground_Mountain_1_4:(0.589, 0.808, 0.000) separation=0.134672;Ground_Mountain_1_4:(0.589, 0.808, 0.000) separation=0.06142212;Ground_Mountain_1_4:(0.589, 0.808, 0.000) separation=0.1346433;Ground_Mountain_1_4:(0.589, 0.808, 0.000) separation=0.0614557;Ground_Mountain_1_4:(0.589, 0.808, 0.000) separation=0.06142557;Ground_Mountain_1_4:(0.589, 0.808, 0.000) separation=0.06142786;Ground_Summit authored launch:(0.591, 0.806, 0.000) separation=0.01453974;Ground_Summit authored launch:(0.591, 0.806, 0.000) separation=0.08680447;Ground_Summit authored launch:(0.591, 0.806, 0.000) separation=0.08681869;Ground_Summit authored launch:(0.591, 0.806, 0.000) separation=0.01452081;Ground_Summit authored launch:(0.591, 0.806, 0.000) separation=0.03244698;Ground_Summit authored launch:(0.591, 0.806, 0.000) separation=0.03514889;"
3.040,976.471,173.944,195.999,30.536,-24.505,18.245,0.008,0.728,0.000,0.000,4,13.146,0.441,0.820,"Ground_Mountain_1_4:(0.599, 0.800, 0.000) separation=0.1352057;Ground_Mountain_1_4:(0.599, 0.800, 0.000) separation=0.06395069;Ground_Mountain_1_4:(0.599, 0.800, 0.000) separation=0.1351967;Ground_Mountain_1_4:(0.599, 0.800, 0.000) separation=0.06396376;Ground_Mountain_1_4:(0.599, 0.800, 0.000) separation=0.06395721;Ground_Mountain_1_4:(0.599, 0.800, 0.000) separation=0.06395903;Ground_Summit authored launch:(0.595, 0.804, 0.000) separation=0.0168188;Ground_Summit authored launch:(0.595, 0.804, 0.000) separation=0.08801289;Ground_Summit authored launch:(0.595, 0.804, 0.000) separation=0.08802859;Ground_Summit authored launch:(0.595, 0.804, 0.000) separation=0.01679884;Ground_Summit authored launch:(0.595, 0.804, 0.000) separation=0.02519947;Ground_Summit authored launch:(0.595, 0.804, 0.000) separation=0.02520707;"
3.060,975.983,174.310,195.999,30.529,-24.437,18.323,0.008,0.732,0.000,0.000,4,13.053,0.356,0.818,"Ground_Mountain_1_4:(0.599, 0.800, 0.000) separation=0.1347039;Ground_Mountain_1_4:(0.599, 0.800, 0.000) separation=0.06363043;Ground_Mountain_1_4:(0.599, 0.800, 0.000) separation=0.1346966;Ground_Mountain_1_4:(0.599, 0.800, 0.000) separation=0.06364156;Ground_Mountain_1_4:(0.599, 0.800, 0.000) separation=0.06363639;Ground_Mountain_1_4:(0.599, 0.800, 0.000) separation=0.06364125;Ground_Summit authored launch:(0.597, 0.802, 0.000) separation=0.01853673;Ground_Summit authored launch:(0.597, 0.802, 0.000) separation=0.08963585;Ground_Summit authored launch:(0.597, 0.802, 0.000) separation=0.08965042;Ground_Summit authored launch:(0.597, 0.802, 0.000) separation=0.01851818;Ground_Summit authored launch:(0.597, 0.802, 0.000) separation=0.03539357;Ground_Summit authored launch:(0.597, 0.802, 0.000) separation=0.03807697;"
3.080,975.497,174.678,196.000,30.521,-24.369,18.400,0.007,0.736,0.000,0.000,4,12.982,0.434,0.816,"Ground_Mountain_1_4:(0.600, 0.800, 0.000) separation=0.136407;Ground_Mountain_1_4:(0.600, 0.800, 0.000) separation=0.06541801;Ground_Mountain_1_4:(0.600, 0.800, 0.000) separation=0.1363786;Ground_Mountain_1_4:(0.600, 0.800, 0.000) separation=0.06545025;Ground_Mountain_1_4:(0.600, 0.800, 0.000) separation=0.0654448;Ground_Mountain_1_4:(0.600, 0.800, 0.000) separation=0.08536381;Ground_Summit authored launch:(0.600, 0.800, 0.000) separation=0.02110248;Ground_Summit authored launch:(0.600, 0.800, 0.000) separation=0.09109033;Ground_Summit authored launch:(0.600, 0.800, 0.000) separation=0.09110598;Ground_Summit authored launch:(0.600, 0.800, 0.000) separation=0.02108307;Ground_Summit authored launch:(0.600, 0.800, 0.000) separation=0.02829972;Ground_Summit authored launch:(0.600, 0.800, 0.000) separation=0.02830824;"
3.100,975.011,175.047,196.000,30.513,-24.302,18.476,0.007,0.740,0.000,0.000,4,12.884,0.350,0.814,"Ground_Mountain_1_4:(0.599, 0.800, 0.000) separation=0.1399779;Ground_Mountain_1_4:(0.599, 0.800, 0.000) separation=0.06908067;Ground_Mountain_1_4:(0.599, 0.800, 0.000) separation=0.139973;Ground_Mountain_1_4:(0.599, 0.800, 0.000) separation=0.06908908;Ground_Mountain_1_4:(0.599, 0.800, 0.000) separation=0.06908295;Ground_Mountain_1_4:(0.599, 0.800, 0.000) separation=0.06908488;Ground_Summit authored launch:(0.602, 0.798, 0.000) separation=0.02280561;Ground_Summit authored launch:(0.602, 0.798, 0.000) separation=0.09272462;Ground_Summit authored launch:(0.602, 0.798, 0.000) separation=0.09273911;Ground_Summit authored launch:(0.602, 0.798, 0.000) separation=0.02278747;Ground_Summit authored launch:(0.602, 0.798, 0.000) separation=0.03840938;Ground_Summit authored launch:(0.602, 0.798, 0.000) separation=0.0410758;"
3.120,974.528,175.417,196.000,30.505,-24.235,18.551,0.007,0.743,0.000,0.000,4,12.822,0.427,0.812,"Ground_Mountain_1_4:(0.610, 0.792, 0.000) separation=0.1412354;Ground_Mountain_1_4:(0.610, 0.792, 0.000) separation=0.07243069;Ground_Mountain_1_4:(0.610, 0.792, 0.000) separation=0.1412057;Ground_Mountain_1_4:(0.610, 0.792, 0.000) separation=0.07246376;Ground_Mountain_1_4:(0.610, 0.792, 0.000) separation=0.07245827;Ground_Mountain_1_4:(0.610, 0.792, 0.000) separation=0.0724594;Ground_Summit authored launch:(0.606, 0.796, 0.000) separation=0.02558999;Ground_Summit authored launch:(0.606, 0.796, 0.000) separation=0.09436011;Ground_Summit authored launch:(0.606, 0.796, 0.000) separation=0.09437513;Ground_Summit authored launch:(0.606, 0.796, 0.000) separation=0.02557141;Ground_Summit authored launch:(0.606, 0.796, 0.000) separation=0.03136903;Ground_Summit authored launch:(0.606, 0.796, 0.000) separation=0.03137732;"
3.140,974.045,175.789,196.000,30.498,-24.169,18.624,0.006,0.747,0.000,0.000,4,12.718,0.343,0.810,"Ground_Mountain_1_4:(0.610, 0.792, 0.000) separation=0.1408002;Ground_Mountain_1_4:(0.610, 0.792, 0.000) separation=0.07214954;Ground_Mountain_1_4:(0.610, 0.792, 0.000) separation=0.1407931;Ground_Mountain_1_4:(0.610, 0.792, 0.000) separation=0.07216042;Ground_Mountain_1_4:(0.610, 0.792, 0.000) separation=0.07215455;Ground_Mountain_1_4:(0.610, 0.792, 0.000) separation=0.07215968;Ground_Summit authored launch:(0.607, 0.794, 0.000) separation=0.02726884;Ground_Summit authored launch:(0.607, 0.794, 0.000) separation=0.09600474;Ground_Summit authored launch:(0.607, 0.794, 0.000) separation=0.09601855;Ground_Summit authored launch:(0.607, 0.794, 0.000) separation=0.0272515;Ground_Summit authored launch:(0.607, 0.794, 0.000) separation=0.04141733;Ground_Summit authored launch:(0.607, 0.794, 0.000) separation=0.04406804;"
3.160,973.564,176.162,196.000,30.490,-24.103,18.696,0.006,0.751,0.000,0.000,4,12.668,0.418,0.808,"Ground_Mountain_1_4:(0.610, 0.792, 0.000) separation=0.1423911;Ground_Mountain_1_4:(0.610, 0.792, 0.000) separation=0.07383102;Ground_Mountain_1_4:(0.610, 0.792, 0.000) separation=0.1423854;Ground_Mountain_1_4:(0.610, 0.792, 0.000) separation=0.07384016;Ground_Mountain_1_4:(0.610, 0.792, 0.000) separation=0.07383558;Ground_Mountain_1_4:(0.610, 0.792, 0.000) separation=0.09078413;Ground_Summit authored launch:(0.611, 0.792, 0.000) separation=0.03019378;Ground_Summit authored launch:(0.611, 0.792, 0.000) separation=0.09774703;Ground_Summit authored launch:(0.611, 0.792, 0.000) separation=0.09776121;Ground_Summit authored launch:(0.611, 0.792, 0.000) separation=0.03017612;Ground_Summit authored launch:(0.611, 0.792, 0.000) separation=0.03433165;Ground_Summit authored launch:(0.611, 0.792, 0.000) separation=0.03433925;"
3.180,973.084,176.537,196.000,30.482,-24.038,18.767,0.006,0.755,0.000,0.000,4,12.565,0.407,0.806,"Ground_Mountain_1_4:(0.610, 0.792, 0.000) separation=0.1459194;Ground_Mountain_1_4:(0.610, 0.792, 0.000) separation=0.07737987;Ground_Mountain_1_4:(0.610, 0.792, 0.000) separation=0.1459146;Ground_Mountain_1_4:(0.610, 0.792, 0.000) separation=0.07738809;Ground_Mountain_1_4:(0.610, 0.792, 0.000) separation=0.0773817;Ground_Mountain_1_4:(0.610, 0.792, 0.000) separation=0.077384;Ground_Summit authored launch:(0.613, 0.790, 0.000) separation=0.03178831;Ground_Summit authored launch:(0.613, 0.790, 0.000) separation=0.09932901;Ground_Summit authored launch:(0.613, 0.790, 0.000) separation=0.09934181;Ground_Summit authored launch:(0.613, 0.790, 0.000) separation=0.03177202;Ground_Summit authored launch:(0.613, 0.790, 0.000) separation=0.0442825;Ground_Summit authored launch:(0.613, 0.790, 0.000) separation=0.04691863;"
3.200,972.605,176.913,196.000,30.475,-23.973,18.837,0.006,0.759,0.000,0.000,4,12.520,0.400,0.804,"Ground_Mountain_1_4:(0.620, 0.784, 0.000) separation=0.1477992;Ground_Mountain_1_4:(0.620, 0.784, 0.000) separation=0.08145706;Ground_Mountain_1_4:(0.620, 0.784, 0.000) separation=0.1477918;Ground_Mountain_1_4:(0.620, 0.784, 0.000) separation=0.0814678;Ground_Mountain_1_4:(0.620, 0.784, 0.000) separation=0.08146241;Ground_Mountain_1_4:(0.620, 0.784, 0.000) separation=0.08146298;Ground_Summit authored launch:(0.616, 0.788, 0.000) separation=0.03483082;Ground_Summit authored launch:(0.616, 0.788, 0.000) separation=0.1012198;Ground_Summit authored launch:(0.616, 0.788, 0.000) separation=0.1012328;Ground_Summit authored launch:(0.616, 0.788, 0.000) separation=0.03481445;Ground_Summit authored launch:(0.616, 0.788, 0.000) separation=0.03710559;Ground_Summit authored launch:(0.616, 0.788, 0.000) separation=0.03711203;"
3.220,972.128,177.291,196.000,30.467,-23.909,18.906,0.006,0.763,0.000,0.000,4,12.415,0.391,0.802,"Ground_Mountain_1_4:(0.620, 0.784, 0.000) separation=0.1473167;Ground_Mountain_1_4:(0.620, 0.784, 0.000) separation=0.08099258;Ground_Mountain_1_4:(0.620, 0.784, 0.000) separation=0.1472881;Ground_Mountain_1_4:(0.620, 0.784, 0.000) separation=0.08102454;Ground_Mountain_1_4:(0.620, 0.784, 0.000) separation=0.08101958;Ground_Mountain_1_4:(0.620, 0.784, 0.000) separation=0.08102337;Ground_Summit authored launch:(0.618, 0.786, 0.000) separation=0.03627153;Ground_Summit authored launch:(0.618, 0.786, 0.000) separation=0.1027252;Ground_Summit authored launch:(0.618, 0.786, 0.000) separation=0.102737;Ground_Summit authored launch:(0.618, 0.786, 0.000) separation=0.03625607;Ground_Summit authored launch:(0.618, 0.786, 0.000) separation=0.04693386;Ground_Summit authored launch:(0.618, 0.786, 0.000) separation=0.04956245;"
3.240,971.651,177.670,196.001,30.460,-23.845,18.974,0.006,0.766,0.000,0.000,4,12.371,0.384,0.801,"Ground_Mountain_1_4:(0.620, 0.784, 0.000) separation=0.1487406;Ground_Mountain_1_4:(0.620, 0.784, 0.000) separation=0.08233678;Ground_Mountain_1_4:(0.620, 0.784, 0.000) separation=0.148735;Ground_Mountain_1_4:(0.620, 0.784, 0.000) separation=0.08234578;Ground_Mountain_1_4:(0.620, 0.784, 0.000) separation=0.08234125;Ground_Mountain_1_4:(0.620, 0.784, 0.000) separation=0.0955793;Ground_Summit authored launch:(0.621, 0.784, 0.000) separation=0.03950598;Ground_Summit authored launch:(0.621, 0.784, 0.000) separation=0.1048172;Ground_Summit authored launch:(0.621, 0.784, 0.000) separation=0.1048292;Ground_Summit authored launch:(0.621, 0.784, 0.000) separation=0.03949071;Ground_Summit authored launch:(0.621, 0.784, 0.000) separation=0.03968576;Ground_Summit authored launch:(0.621, 0.784, 0.000) separation=0.0396913;"
3.260,971.176,178.050,196.001,30.452,-23.782,19.041,0.006,0.770,0.000,0.000,4,12.272,0.377,0.799,"Ground_Mountain_1_4:(0.620, 0.784, 0.000) separation=0.1520266;Ground_Mountain_1_4:(0.620, 0.784, 0.000) separation=0.08545151;Ground_Mountain_1_4:(0.620, 0.784, 0.000) separation=0.1520218;Ground_Mountain_1_4:(0.620, 0.784, 0.000) separation=0.08545965;Ground_Mountain_1_4:(0.620, 0.784, 0.000) separation=0.0854528;Ground_Mountain_1_4:(0.620, 0.784, 0.000) separation=0.08545557;Ground_Summit authored launch:(0.623, 0.782, 0.000) separation=0.0406962;Ground_Summit authored launch:(0.623, 0.782, 0.000) separation=0.1061226;Ground_Summit authored launch:(0.623, 0.782, 0.000) separation=0.1061331;Ground_Summit authored launch:(0.623, 0.782, 0.000) separation=0.04068233;Ground_Summit authored launch:(0.623, 0.782, 0.000) separation=0.04932836;Ground_Summit authored launch:(0.623, 0.782, 0.000) separation=0.05195263;"
3.280,970.703,178.432,196.001,30.445,-23.719,19.107,0.006,0.774,0.000,0.000,4,12.234,0.370,0.797,"Ground_Mountain_1_4:(0.624, 0.782, 0.000) separation=0.1547623;Ground_Mountain_1_4:(0.624, 0.782, 0.000) separation=0.09039312;Ground_Mountain_1_4:(0.624, 0.782, 0.000) separation=0.1547556;Ground_Mountain_1_4:(0.624, 0.782, 0.000) separation=0.09039979;Ground_Mountain_1_4:(0.624, 0.782, 0.000) separation=0.09039608;Ground_Mountain_1_4:(0.624, 0.782, 0.000) separation=0.09039614;Ground_Summit authored launch:(0.624, 0.781, 0.000) separation=0.04370414;Ground_Summit authored launch:(0.624, 0.781, 0.000) separation=0.1083334;Ground_Summit authored launch:(0.624, 0.781, 0.000) separation=0.108344;Ground_Summit authored launch:(0.624, 0.781, 0.000) separation=0.04369172;Ground_Summit authored launch:(0.624, 0.781, 0.000) separation=0.0701305;Ground_Summit authored launch:(0.624, 0.781, 0.000) separation=0.07250267;"
3.300,970.227,178.813,196.001,30.435,-23.766,19.032,0.006,0.777,0.000,0.000,4,5.863,9.145,0.798,"Ground_Mountain_1_4:(0.624, 0.782, 0.000) separation=0.1540053;Ground_Mountain_1_4:(0.624, 0.782, 0.000) separation=0.1114339;Ground_Mountain_1_4:(0.624, 0.782, 0.000) separation=0.1539994;Ground_Mountain_1_4:(0.624, 0.782, 0.000) separation=0.1114339;Ground_Mountain_1_4:(0.624, 0.782, 0.000) separation=0.1113688;Ground_Mountain_1_4:(0.624, 0.782, 0.000) separation=0.1338309;Ground_Summit authored launch:(0.610, 0.792, 0.000) separation=0.06357205;Ground_Summit authored launch:(0.610, 0.792, 0.000) separation=0.1094702;Ground_Summit authored launch:(0.610, 0.792, 0.000) separation=0.1094796;Ground_Summit authored launch:(0.610, 0.792, 0.000) separation=0.06356767;Ground_Summit authored launch:(0.610, 0.792, 0.000) separation=0.08879426;Ground_Summit authored launch:(0.610, 0.792, 0.000) separation=0.09091595;"
3.320,969.750,179.193,196.001,30.423,-23.792,18.983,0.006,0.782,0.000,0.000,2,4.934,1.364,0.800,"Ground_Mountain_1_4:(-0.133, 0.991, 0.000) separation=0.09046733;Ground_Mountain_1_4:(-0.133, 0.991, 0.000) separation=0.1792175;Ground_Mountain_1_4:(-0.133, 0.991, 0.000) separation=0.1792175;Ground_Mountain_1_4:(0.624, 0.782, 0.000) separation=0.1579749;Ground_Mountain_1_4:(0.624, 0.782, 0.000) separation=0.1273764;Ground_Mountain_1_4:(0.624, 0.782, 0.000) separation=0.1579684;Ground_Mountain_1_4:(0.624, 0.782, 0.000) separation=0.1273764;Ground_Mountain_1_4:(0.624, 0.782, 0.000) separation=0.1272866;Ground_Mountain_1_4:(0.624, 0.782, 0.000) separation=0.1519873;Ground_Summit authored launch:(0.610, 0.792, 0.000) separation=0.1147875;Ground_Summit authored launch:(0.610, 0.792, 0.000) separation=0.1147975;Ground_Summit authored launch:(0.610, 0.792, 0.000) separation=0.1068479;Ground_Summit authored launch:(0.610, 0.792, 0.000) separation=0.1091517;Ground_Summit authored launch:(0.610, 0.792, 0.000) separation=0.07943559;Ground_Summit authored launch:(0.610, 0.792, 0.000) separation=0.07943285;"
3.340,969.273,179.572,196.001,30.412,-23.824,18.928,0.005,0.788,0.000,0.000,2,4.524,1.760,0.803,"Ground_Mountain_1_4:(-0.133, 0.991, 0.000) separation=0.1039639;Ground_Mountain_1_4:(-0.133, 0.991, 0.000) separation=0.2045419;Ground_Mountain_1_4:(-0.133, 0.991, 0.000) separation=0.2045423;Ground_Mountain_1_4:(0.624, 0.782, 0.000) separation=0.1621554;Ground_Mountain_1_4:(0.624, 0.782, 0.000) separation=0.1458906;Ground_Mountain_1_4:(0.624, 0.782, 0.000) separation=0.1621481;Ground_Mountain_1_4:(0.624, 0.782, 0.000) separation=0.1458906;Ground_Mountain_1_4:(0.624, 0.782, 0.000) separation=0.1457599;Ground_Mountain_1_4:(0.624, 0.782, 0.000) separation=0.1621494;Ground_Summit authored launch:(0.600, 0.800, 0.000) separation=0.1169485;Ground_Summit authored launch:(0.600, 0.800, 0.000) separation=0.1169577;Ground_Summit authored launch:(0.600, 0.800, 0.000) separation=0.09773454;Ground_Summit authored launch:(0.600, 0.800, 0.000) separation=0.09773591;"
3.360,968.796,179.948,196.001,30.278,-23.814,18.725,0.005,0.794,0.000,0.000,0,0.000,2.135,0.806,"Ground_Mountain_1_4:(-0.133, 0.991, 0.000) separation=0.1202959;Ground_Mountain_1_4:(-0.133, 0.991, 0.000) separation=0.2347386;Ground_Mountain_1_4:(-0.133, 0.991, 0.000) separation=0.2347386;"
3.380,968.318,180.319,196.001,30.145,-23.805,18.521,0.005,0.861,0.000,0.000,0,0.000,2.074,0.809,"Ground_Mountain_1_4:(-0.133, 0.991, 0.000) separation=0.6013302;Ground_Mountain_1_4:(-0.133, 0.991, 0.000) separation=0.6012688;Ground_Mountain_1_4:(-0.133, 0.991, 0.000) separation=0.6012326;Ground_Mountain_1_4:(-0.133, 0.991, 0.000) separation=0.6011918;"
3.400,967.841,180.687,196.001,30.011,-23.795,18.318,0.005,0.928,0.000,0.000,0,0.000,2.011,0.813,""
3.420,967.363,181.050,196.002,29.878,-23.785,18.114,0.005,0.994,0.000,0.000,0,0.000,1.948,0.817,""
3.440,966.886,181.410,196.002,29.744,-23.776,17.911,0.005,1.000,0.000,0.000,0,0.000,1.884,0.822,""
3.460,966.409,181.765,196.002,29.610,-23.766,17.707,0.005,1.000,0.000,0.000,0,0.000,1.819,0.827,""
3.480,965.931,182.117,196.002,29.476,-23.757,17.504,0.005,1.000,0.000,0.000,0,0.000,1.753,0.832,""
3.500,965.454,182.464,196.002,29.342,-23.747,17.301,0.005,1.000,0.000,0.000,0,0.000,1.686,0.838,""
3.520,964.977,182.808,196.002,29.207,-23.738,17.098,0.005,1.000,0.000,0.000,0,0.000,1.618,0.843,""
3.540,964.500,183.147,196.002,29.071,-23.728,16.895,0.005,1.000,0.000,0.000,0,0.000,1.550,0.849,""
3.560,964.022,183.483,196.002,28.934,-23.719,16.692,0.005,1.000,0.000,0.000,0,0.000,1.481,0.856,""
3.580,963.545,183.814,196.002,28.796,-23.709,16.489,0.005,1.000,0.000,0.000,0,0.000,1.412,0.862,""
3.600,963.068,184.142,196.003,28.657,-23.700,16.287,0.005,1.000,0.000,0.000,0,0.000,1.342,0.868,""
3.620,962.591,184.466,196.003,28.516,-23.690,16.084,0.005,1.000,0.000,0.000,0,0.000,1.272,0.875,""
3.640,962.114,184.785,196.003,28.374,-23.681,15.882,0.005,1.000,0.000,0.000,0,0.000,1.202,0.881,""
3.660,961.637,185.100,196.003,28.230,-23.672,15.679,0.005,1.000,0.000,0.000,0,0.000,1.131,0.888,""
3.680,961.160,185.412,196.003,28.084,-23.662,15.477,0.005,1.000,0.000,0.000,0,0.000,1.060,0.895,""
3.700,960.683,185.719,196.003,27.937,-23.653,15.274,0.005,1.000,0.000,0.000,0,0.000,0.989,0.901,""
3.720,960.207,186.022,196.003,27.787,-23.643,15.072,0.005,1.000,0.000,0.000,0,0.000,0.919,0.908,""
3.740,959.730,186.321,196.003,27.636,-23.634,14.870,0.005,1.000,0.000,0.000,0,0.000,0.848,0.914,""
3.760,959.254,186.617,196.003,27.482,-23.624,14.668,0.005,1.000,0.000,0.000,0,0.000,0.778,0.920,""
3.780,958.777,186.908,196.003,27.326,-23.615,14.466,0.005,1.000,0.000,0.000,0,0.000,0.708,0.926,""
3.800,958.301,187.195,196.004,27.169,-23.605,14.264,0.005,1.000,0.000,0.000,0,0.000,0.638,0.932,""
3.820,957.825,187.477,196.004,27.010,-23.596,14.062,0.005,1.000,0.000,0.000,0,0.000,0.568,0.938,""
3.840,957.349,187.756,196.004,26.849,-23.586,13.860,0.005,1.000,0.000,0.000,0,0.000,0.500,0.943,""
3.860,956.873,188.031,196.004,26.686,-23.577,13.659,0.005,1.000,0.000,0.000,0,0.000,0.432,0.949,""
3.880,956.397,188.301,196.004,26.522,-23.568,13.457,0.005,1.000,0.000,0.000,0,0.000,0.364,0.954,""
3.900,955.922,188.568,196.004,26.356,-23.558,13.256,0.005,1.000,0.000,0.000,0,0.000,0.298,0.959,""
3.920,955.446,188.830,196.004,26.190,-23.549,13.054,0.005,1.000,0.000,0.000,0,0.000,0.232,0.963,""
3.940,954.971,189.089,196.004,26.023,-23.539,12.853,0.005,1.000,0.000,0.000,0,0.000,0.168,0.968,""
3.960,954.496,189.343,196.004,25.855,-23.530,12.652,0.005,1.000,0.000,0.000,0,0.000,0.104,0.972,""
3.980,954.021,189.593,196.005,25.687,-23.521,12.450,0.005,1.000,0.000,0.000,0,0.000,0.042,0.975,""
4.000,953.546,189.839,196.005,25.518,-23.511,12.249,0.005,1.000,0.000,0.000,0,0.000,0.019,0.979,""
4.020,953.072,190.081,196.005,25.350,-23.502,12.048,0.005,1.000,0.000,0.000,0,0.000,0.079,0.982,""
4.040,952.597,190.318,196.005,25.183,-23.492,11.847,0.005,1.000,0.000,0.000,0,0.000,0.137,0.985,""
4.060,952.123,190.552,196.005,25.016,-23.483,11.647,0.005,1.000,0.000,0.000,0,0.000,0.194,0.988,""
4.080,951.649,190.782,196.005,24.851,-23.473,11.446,0.005,1.000,0.000,0.000,0,0.000,0.249,0.990,""
4.100,951.176,191.007,196.005,24.687,-23.464,11.245,0.005,1.000,0.000,-0.001,0,0.000,0.302,0.992,""
4.120,950.702,191.228,196.005,24.525,-23.455,11.044,0.005,1.000,0.000,-0.001,0,0.000,0.354,0.994,""
4.140,950.229,191.446,196.005,24.365,-23.445,10.844,0.005,1.000,0.000,-0.001,0,0.000,0.404,0.996,""
4.160,949.756,191.659,196.006,24.208,-23.436,10.643,0.005,1.000,0.000,-0.001,0,0.000,0.453,0.997,""
4.180,949.283,191.868,196.006,24.053,-23.427,10.443,0.005,1.000,0.000,-0.001,0,0.000,0.499,0.998,""
4.200,948.811,192.073,196.006,23.902,-23.417,10.243,0.005,1.000,0.000,-0.001,0,0.000,0.544,0.999,""
4.220,948.339,192.274,196.006,23.754,-23.408,10.043,0.005,1.000,0.000,-0.001,0,0.000,0.586,0.999,""
4.240,947.867,192.471,196.006,23.610,-23.398,9.842,0.005,1.000,0.000,-0.001,0,0.000,0.627,1.000,""
4.260,947.396,192.664,196.006,23.470,-23.389,9.642,0.005,1.000,0.000,-0.001,0,0.000,0.665,1.000,""
4.280,946.924,192.853,196.006,23.334,-23.380,9.442,0.005,1.000,0.000,-0.001,0,0.000,0.702,1.000,""
4.300,946.453,193.038,196.006,23.202,-23.370,9.242,0.005,1.000,0.000,-0.001,0,0.000,0.736,1.000,""
4.320,945.982,193.219,196.006,23.076,-23.361,9.043,0.005,1.000,0.000,-0.001,0,0.000,0.769,1.000,""
4.340,945.512,193.395,196.006,22.954,-23.352,8.843,0.005,1.000,0.000,-0.001,0,0.000,0.799,0.999,""
4.360,945.042,193.568,196.007,22.838,-23.342,8.643,0.005,1.000,0.000,-0.001,0,0.000,0.828,0.999,""
4.380,944.572,193.737,196.007,22.727,-23.333,8.444,0.005,1.000,0.000,-0.001,0,0.000,0.854,0.998,""
4.400,944.102,193.901,196.007,22.622,-23.324,8.244,0.005,1.000,0.000,-0.001,0,0.000,0.878,0.997,""
4.420,943.633,194.062,196.007,22.522,-23.314,8.045,0.005,1.000,0.000,-0.001,0,0.000,0.901,0.996,""
4.440,943.164,194.219,196.007,22.428,-23.305,7.845,0.005,1.000,0.000,-0.001,0,0.000,0.921,0.995,""
4.460,942.695,194.371,196.007,22.340,-23.296,7.646,0.005,1.000,0.000,-0.001,0,0.000,0.939,0.994,""
4.480,942.227,194.520,196.007,22.258,-23.286,7.447,0.005,1.000,0.000,-0.001,0,0.000,0.955,0.993,""
4.500,941.759,194.665,196.007,22.182,-23.277,7.248,0.005,1.000,0.000,-0.001,0,0.000,0.970,0.992,""
4.520,941.291,194.805,196.007,22.112,-23.268,7.049,0.005,1.000,0.000,-0.001,0,0.000,0.982,0.991,""
4.540,940.824,194.942,196.008,22.049,-23.258,6.850,0.005,1.000,0.000,0.000,0,0.000,0.993,0.990,""
4.560,940.357,195.075,196.008,21.991,-23.249,6.651,0.005,1.000,0.000,0.000,0,0.000,1.001,0.989,""
4.580,939.890,195.203,196.008,21.939,-23.240,6.452,0.005,1.000,0.000,-0.001,0,0.000,1.008,0.988,""
4.600,939.424,195.328,196.008,21.894,-23.231,6.254,0.005,1.000,0.000,-0.001,0,0.000,1.013,0.987,""
4.620,938.957,195.449,196.008,21.854,-23.221,6.055,0.005,1.000,0.000,0.000,0,0.000,1.017,0.985,""
4.640,938.492,195.566,196.008,21.821,-23.212,5.856,0.005,1.000,0.000,-0.001,0,0.000,1.018,0.984,""
4.660,938.026,195.679,196.008,21.793,-23.203,5.658,0.005,1.000,0.000,0.000,0,0.000,1.018,0.983,""
4.680,937.561,195.788,196.008,21.770,-23.193,5.460,0.005,1.000,0.000,-0.001,0,0.000,1.016,0.982,""
4.700,937.096,195.893,196.008,21.754,-23.184,5.261,0.005,1.000,0.000,-0.001,0,0.000,1.013,0.982,""
4.720,936.631,195.994,196.008,21.742,-23.175,5.063,0.005,1.000,0.000,0.000,0,0.000,1.009,0.981,""
4.740,936.167,196.091,196.009,21.736,-23.166,4.865,0.005,1.000,0.000,0.000,0,0.000,1.002,0.980,""
4.760,935.703,196.184,196.009,21.735,-23.156,4.667,0.005,1.000,0.000,-0.001,0,0.000,0.995,0.979,""
4.780,935.239,196.273,196.009,21.738,-23.147,4.469,0.005,1.000,0.000,0.000,0,0.000,0.986,0.979,""
4.800,934.775,196.358,196.009,21.746,-23.138,4.271,0.005,1.000,0.000,0.000,0,0.000,0.976,0.978,""
4.820,934.312,196.440,196.009,21.759,-23.129,4.073,0.005,1.000,0.000,-0.001,0,0.000,0.964,0.978,""
4.840,933.849,196.517,196.009,21.775,-23.119,3.875,0.005,1.000,0.000,-0.001,0,0.000,0.951,0.977,""
4.860,933.387,196.590,196.009,21.795,-23.110,3.678,0.005,1.000,0.000,0.000,0,0.000,0.938,0.977,""
4.880,932.924,196.660,196.009,21.819,-23.101,3.480,0.005,1.000,0.000,0.000,0,0.000,0.923,0.977,""
4.900,932.462,196.726,196.009,21.847,-23.092,3.283,0.005,1.000,0.000,0.000,0,0.000,0.907,0.977,""
4.920,932.001,196.787,196.010,21.877,-23.082,3.085,0.005,1.000,0.000,0.000,0,0.000,0.890,0.977,""
4.940,931.539,196.845,196.010,21.911,-23.073,2.888,0.005,1.000,0.000,0.000,0,0.000,0.872,0.977,""
4.960,931.078,196.899,196.010,21.947,-23.064,2.690,0.005,1.000,0.000,-0.001,0,0.000,0.853,0.977,""
4.980,930.617,196.949,196.010,21.985,-23.055,2.493,0.005,1.000,0.000,0.000,0,0.000,0.834,0.977,""
5.000,930.156,196.995,196.010,22.025,-23.045,2.296,0.005,1.000,0.000,0.000,0,0.000,0.813,0.977,""
5.020,929.696,197.037,196.010,22.067,-23.036,2.099,0.005,1.000,0.000,0.000,0,0.000,0.792,0.977,""
5.040,929.236,197.075,196.010,22.111,-23.027,1.902,0.005,1.000,0.000,0.000,0,0.000,0.770,0.978,""
5.060,928.776,197.109,196.010,22.155,-23.018,1.705,0.005,1.000,0.000,0.000,0,0.000,0.748,0.978,""
5.080,928.316,197.139,196.010,22.201,-23.009,1.508,0.005,1.000,0.000,0.000,0,0.000,0.725,0.978,""
5.100,927.857,197.166,196.011,22.247,-22.999,1.312,0.005,1.000,0.000,0.000,0,0.000,0.701,0.979,""
5.120,927.398,197.188,196.011,22.294,-22.990,1.115,0.005,1.000,0.000,0.000,0,0.000,0.677,0.979,""
5.140,926.939,197.207,196.011,22.341,-22.981,0.919,0.005,1.000,0.000,0.000,0,0.000,0.653,0.980,""
5.160,926.481,197.221,196.011,22.387,-22.972,0.722,0.005,1.000,0.000,0.000,0,0.000,0.628,0.981,""
5.180,926.022,197.232,196.011,22.434,-22.963,0.526,0.005,1.000,0.000,0.000,0,0.000,0.602,0.981,""
5.200,925.564,197.239,196.011,22.479,-22.953,0.329,0.005,1.000,0.000,0.000,0,0.000,0.577,0.982,""
5.220,925.107,197.242,196.011,22.524,-22.944,0.133,0.005,1.000,0.000,0.000,0,0.000,0.551,0.983,""
5.240,924.649,197.241,196.011,22.568,-22.935,-0.063,0.005,1.000,0.000,0.000,0,0.000,0.525,0.984,""
5.260,924.192,197.236,196.011,22.611,-22.926,-0.259,0.005,1.000,0.000,0.000,0,0.000,0.499,0.984,""
5.280,923.735,197.227,196.011,22.652,-22.917,-0.455,0.005,1.000,0.000,0.000,0,0.000,0.473,0.985,""
5.300,923.278,197.214,196.012,22.691,-22.908,-0.651,0.005,1.000,0.000,0.000,0,0.000,0.446,0.986,""
5.320,922.821,197.197,196.012,22.729,-22.898,-0.847,0.005,1.000,0.000,0.000,0,0.000,0.420,0.987,""
5.340,922.365,197.177,196.012,22.765,-22.889,-1.043,0.005,1.000,0.000,0.000,0,0.000,0.394,0.987,""
5.360,921.908,197.152,196.012,22.799,-22.880,-1.239,0.005,1.000,0.000,0.000,0,0.000,0.367,0.988,""
5.380,921.452,197.124,196.012,22.830,-22.871,-1.434,0.005,1.000,0.000,0.000,0,0.000,0.341,0.989,""
5.400,920.997,197.091,196.012,22.859,-22.862,-1.630,0.005,1.000,0.000,0.000,0,0.000,0.315,0.990,""
5.420,920.541,197.055,196.012,22.885,-22.853,-1.825,0.005,1.000,0.000,0.000,0,0.000,0.289,0.990,""
5.440,920.086,197.015,196.012,22.909,-22.843,-2.021,0.005,1.000,0.000,0.000,0,0.000,0.263,0.991,""
5.460,919.630,196.971,196.012,22.930,-22.834,-2.216,0.005,1.000,0.000,0.000,0,0.000,0.238,0.992,""
5.480,919.176,196.923,196.013,22.949,-22.825,-2.411,0.005,1.000,0.000,0.000,0,0.000,0.213,0.993,""
5.500,918.721,196.871,196.013,22.964,-22.816,-2.606,0.005,1.000,0.000,0.000,0,0.000,0.188,0.993,""
5.520,918.266,196.815,196.013,22.977,-22.807,-2.801,0.005,1.000,0.000,0.000,0,0.000,0.163,0.994,""
5.540,917.812,196.755,196.013,22.987,-22.798,-2.996,0.005,1.000,0.000,0.000,0,0.000,0.139,0.994,""
5.560,917.358,196.691,196.013,22.994,-22.789,-3.191,0.005,1.000,0.000,0.000,0,0.000,0.115,0.995,""
5.580,916.904,196.624,196.013,22.997,-22.780,-3.386,0.005,1.000,0.000,0.000,0,0.000,0.091,0.996,""
5.600,916.450,196.552,196.013,22.998,-22.770,-3.581,0.005,1.000,0.000,0.000,0,0.000,0.068,0.996,""
5.620,915.996,196.477,196.013,22.996,-22.761,-3.776,0.005,1.000,0.000,0.000,0,0.000,0.046,0.997,""
5.640,915.543,196.398,196.013,22.991,-22.752,-3.970,0.005,1.000,0.000,0.000,0,0.000,0.024,0.997,""
5.660,915.090,196.315,196.014,22.984,-22.743,-4.165,0.005,1.000,0.000,0.000,0,0.000,0.002,0.997,""
5.680,914.636,196.227,196.014,22.973,-22.734,-4.359,0.005,1.000,0.000,0.000,0,0.000,0.019,0.998,""
5.700,914.183,196.136,196.014,22.960,-22.725,-4.554,0.005,1.000,0.000,0.000,0,0.000,0.039,0.998,""
5.720,913.731,196.042,196.014,22.943,-22.716,-4.748,0.005,1.000,0.000,0.000,0,0.000,0.059,0.998,""
5.740,913.278,195.943,196.014,22.925,-22.707,-4.942,0.005,1.000,0.000,0.000,0,0.000,0.079,0.999,""
5.760,912.826,195.840,196.014,22.903,-22.698,-5.136,0.005,1.000,0.000,0.000,0,0.000,0.097,0.999,""
5.780,912.373,195.734,196.014,22.880,-22.689,-5.330,0.005,1.000,0.000,0.000,0,0.000,0.115,0.999,""
5.800,911.921,195.623,196.014,22.853,-22.680,-5.524,0.005,1.000,0.000,0.000,0,0.000,0.133,0.999,""
5.820,911.469,195.509,196.014,22.825,-22.670,-5.718,0.005,1.000,0.000,0.000,0,0.000,0.150,1.000,""
5.840,911.017,195.391,196.014,22.795,-22.661,-5.912,0.005,1.000,0.000,0.000,0,0.000,0.166,1.000,""
5.860,910.566,195.269,196.015,22.762,-22.652,-6.106,0.005,1.000,0.000,0.000,0,0.000,0.181,1.000,""
5.880,910.114,195.143,196.015,22.728,-22.643,-6.299,0.005,1.000,0.000,0.000,0,0.000,0.196,1.000,""
5.900,909.663,195.013,196.015,22.691,-22.634,-6.493,0.005,1.000,0.000,0.000,0,0.000,0.210,1.000,""
5.920,909.212,194.879,196.015,22.653,-22.625,-6.687,0.005,1.000,0.000,0.000,0,0.000,0.223,1.000,""
5.940,908.761,194.741,196.015,22.614,-22.616,-6.880,0.005,1.000,0.000,0.000,0,0.000,0.236,1.000,""
5.960,908.310,194.600,196.015,22.573,-22.607,-7.073,0.005,1.000,0.000,0.000,0,0.000,0.248,1.000,""
5.980,907.859,194.455,196.015,22.531,-22.598,-7.267,0.005,1.000,0.000,0.000,0,0.000,0.259,1.000,""
6.000,907.408,194.305,196.015,22.488,-22.589,-7.460,0.005,1.000,0.000,0.000,0,0.000,0.270,1.000,""
6.020,906.958,194.152,196.015,22.443,-22.580,-7.653,0.005,1.000,0.000,0.000,0,0.000,0.280,1.000,""
6.040,906.507,193.995,196.016,22.398,-22.571,-7.846,0.005,1.000,0.000,0.000,0,0.000,0.289,1.000,""
6.060,906.057,193.835,196.016,22.353,-22.562,-8.039,0.005,1.000,0.000,0.000,0,0.000,0.298,1.000,""
6.080,905.607,193.670,196.016,22.306,-22.553,-8.232,0.005,1.000,0.000,0.000,0,0.000,0.305,1.000,""
6.100,905.157,193.501,196.016,22.259,-22.544,-8.425,0.005,1.000,0.000,0.000,0,0.000,0.313,0.999,""
6.120,904.708,193.329,196.016,22.212,-22.535,-8.618,0.005,1.000,0.000,0.000,0,0.000,0.319,0.999,""
6.140,904.258,193.153,196.016,22.165,-22.526,-8.810,0.005,1.000,0.000,0.000,0,0.000,0.325,0.999,""
6.160,903.809,192.973,196.016,22.118,-22.517,-9.003,0.005,1.000,0.000,0.000,0,0.000,0.330,0.999,""
6.180,903.359,192.789,196.016,22.071,-22.508,-9.195,0.005,1.000,0.000,0.000,0,0.000,0.335,0.999,""
6.200,902.910,192.601,196.016,22.024,-22.499,-9.388,0.005,1.000,0.000,0.000,0,0.000,0.338,0.999,""
6.220,902.461,192.409,196.017,21.977,-22.490,-9.580,0.005,1.000,0.000,0.000,0,0.000,0.342,0.999,""
6.240,902.012,192.214,196.017,21.931,-22.481,-9.772,0.005,1.000,0.000,0.000,0,0.000,0.344,0.999,""
6.260,901.563,192.015,196.017,21.885,-22.472,-9.965,0.005,1.000,0.000,0.000,0,0.000,0.346,0.998,""
6.280,901.115,191.811,196.017,21.840,-22.463,-10.157,0.005,1.000,0.000,0.000,0,0.000,0.348,0.998,""
6.300,900.666,191.604,196.017,21.796,-22.454,-10.349,0.005,1.000,0.000,0.000,0,0.000,0.348,0.998,""
6.320,900.218,191.393,196.017,21.752,-22.445,-10.541,0.005,1.000,0.000,0.000,0,0.000,0.349,0.998,""
6.340,899.770,191.179,196.017,21.710,-22.436,-10.733,0.005,1.000,0.000,0.000,0,0.000,0.348,0.998,""
6.360,899.322,190.960,196.017,21.669,-22.427,-10.925,0.005,1.000,0.000,0.000,0,0.000,0.347,0.998,""
6.380,898.874,190.738,196.017,21.629,-22.418,-11.116,0.005,1.000,0.000,0.000,0,0.000,0.346,0.998,""
6.400,898.426,190.512,196.017,21.590,-22.409,-11.308,0.005,1.000,0.000,0.000,0,0.000,0.344,0.998,""
6.420,897.978,190.282,196.018,21.552,-22.400,-11.500,0.005,1.000,0.000,0.000,0,0.000,0.342,0.998,""
6.440,897.531,190.048,196.018,21.516,-22.391,-11.691,0.005,1.000,0.000,0.000,0,0.000,0.339,0.998,""
6.460,897.083,189.810,196.018,21.481,-22.382,-11.883,0.005,1.000,0.000,0.000,0,0.000,0.335,0.997,""
6.480,896.636,189.569,196.018,21.447,-22.373,-12.074,0.005,1.000,0.000,0.000,0,0.000,0.332,0.997,""
6.500,896.189,189.323,196.018,21.416,-22.364,-12.265,0.005,1.000,0.000,0.000,0,0.000,0.328,0.997,""
6.520,895.742,189.074,196.018,21.385,-22.355,-12.456,0.005,1.000,0.000,0.000,0,0.000,0.323,0.997,""
6.540,895.295,188.821,196.018,21.357,-22.346,-12.648,0.005,1.000,0.000,0.000,0,0.000,0.318,0.997,""
6.560,894.848,188.564,196.018,21.330,-22.337,-12.839,0.005,1.000,0.000,0.000,0,0.000,0.313,0.997,""
6.580,894.402,188.304,196.018,21.305,-22.328,-13.030,0.005,1.000,0.000,0.000,0,0.000,0.307,0.997,""
6.600,893.956,188.039,196.019,21.281,-22.320,-13.221,0.005,1.000,0.000,0.000,0,0.000,0.301,0.997,""
6.620,893.509,187.771,196.019,21.260,-22.311,-13.411,0.005,1.000,0.000,0.000,0,0.000,0.294,0.997,""
6.640,893.063,187.499,196.019,21.240,-22.302,-13.602,0.005,1.000,0.000,0.000,0,0.000,0.288,0.997,""
6.660,892.617,187.223,196.019,21.221,-22.293,-13.793,0.005,1.000,0.000,0.000,0,0.000,0.281,0.997,""
6.680,892.171,186.944,196.019,21.205,-22.284,-13.983,0.005,1.000,0.000,0.000,0,0.000,0.273,0.997,""
6.700,891.726,186.660,196.019,21.191,-22.275,-14.174,0.005,1.000,0.000,0.000,0,0.000,0.266,0.997,""
6.720,891.280,186.373,196.019,21.178,-22.266,-14.364,0.005,1.000,0.000,0.000,0,0.000,0.258,0.997,""
6.740,890.835,186.082,196.019,21.167,-22.257,-14.555,0.005,1.000,0.000,0.000,0,0.000,0.250,0.997,""
6.760,890.390,185.787,196.019,21.158,-22.248,-14.745,0.005,1.000,0.000,0.000,0,0.000,0.242,0.998,""
6.780,889.945,185.488,196.020,21.151,-22.239,-14.935,0.005,1.000,0.000,0.000,0,0.000,0.234,0.998,""
6.800,889.500,185.186,196.020,21.145,-22.230,-15.125,0.005,1.000,0.000,0.000,0,0.000,0.226,0.998,""
6.820,889.055,184.880,196.020,21.141,-22.221,-15.316,0.005,1.000,0.000,0.000,0,0.000,0.217,0.998,""
6.840,888.611,184.569,196.020,21.139,-22.213,-15.506,0.005,1.000,0.000,0.000,0,0.000,0.208,0.998,""
6.860,888.166,184.256,196.020,21.139,-22.204,-15.695,0.005,1.000,0.000,0.000,0,0.000,0.199,0.998,""
6.880,887.722,183.938,196.020,21.140,-22.195,-15.885,0.005,1.000,0.000,0.000,0,0.000,0.191,0.998,""
6.900,887.278,183.616,196.020,21.143,-22.186,-16.075,0.005,1.000,0.000,0.000,0,0.000,0.182,0.998,""
6.920,886.834,183.291,196.020,21.147,-22.177,-16.265,0.005,1.000,0.000,0.000,0,0.000,0.173,0.998,""
6.940,886.390,182.962,196.020,21.153,-22.168,-16.454,0.005,1.000,0.000,0.000,0,0.000,0.164,0.998,""
6.960,885.946,182.629,196.020,21.161,-22.159,-16.644,0.005,1.000,0.000,0.000,0,0.000,0.154,0.998,""
6.980,885.503,182.293,196.021,21.170,-22.150,-16.833,0.005,1.000,0.000,0.000,0,0.000,0.145,0.998,""
7.000,885.060,181.952,196.021,21.181,-22.142,-17.023,0.005,1.000,0.000,0.000,0,0.000,0.136,0.999,""
7.020,884.617,181.608,196.021,21.192,-22.133,-17.212,0.005,1.000,0.000,0.000,0,0.000,0.127,0.999,""
7.040,884.174,181.260,196.021,21.206,-22.124,-17.401,0.005,1.000,0.000,0.000,0,0.000,0.118,0.999,""
7.060,883.731,180.908,196.021,21.220,-22.115,-17.590,0.005,1.000,0.000,0.000,0,0.000,0.109,0.999,""
7.080,883.288,180.553,196.021,21.236,-22.106,-17.780,0.005,1.000,0.000,0.000,0,0.000,0.100,0.999,""
7.100,882.846,180.193,196.021,21.253,-22.097,-17.969,0.005,1.000,0.000,0.000,0,0.000,0.091,0.999,""
7.120,882.403,179.830,196.021,21.271,-22.089,-18.158,0.005,1.000,0.000,0.000,0,0.000,0.082,0.999,""
7.140,881.961,179.463,196.021,21.290,-22.080,-18.346,0.005,1.000,0.000,0.000,0,0.000,0.074,0.999,""
7.160,881.519,179.093,196.022,21.310,-22.071,-18.535,0.005,1.000,0.000,0.000,0,0.000,0.065,0.999,""
7.180,881.078,178.718,196.022,21.331,-22.062,-18.724,0.005,1.000,0.000,0.000,0,0.000,0.057,0.999,""
7.200,880.636,178.340,196.022,21.352,-22.053,-18.912,0.005,1.000,0.000,0.000,0,0.000,0.048,0.999,""
7.220,880.195,177.958,196.022,21.375,-22.044,-19.101,0.005,1.000,0.000,0.000,0,0.000,0.040,0.999,""
7.240,879.753,177.572,196.022,21.398,-22.036,-19.290,0.005,1.000,0.000,0.000,0,0.000,0.032,0.999,""
7.260,879.312,177.183,196.022,21.423,-22.027,-19.478,0.005,1.000,0.000,0.000,0,0.000,0.024,1.000,""
7.280,878.871,176.789,196.022,21.447,-22.018,-19.666,0.005,1.000,0.000,0.000,0,0.000,0.016,1.000,""
7.300,878.431,176.392,196.022,21.473,-22.009,-19.855,0.005,1.000,0.000,0.000,0,0.000,0.009,1.000,""
7.320,877.990,175.991,196.022,21.498,-22.000,-20.043,0.005,1.000,0.000,0.000,0,0.000,0.001,1.000,""
7.340,877.550,175.587,196.022,21.525,-21.992,-20.231,0.005,1.000,0.000,0.000,0,0.000,0.006,1.000,""
7.360,877.110,175.178,196.023,21.551,-21.983,-20.419,0.005,1.000,0.000,0.000,0,0.000,0.013,1.000,""
7.380,876.670,174.766,196.023,21.578,-21.974,-20.607,0.005,1.000,0.000,0.000,0,0.000,0.020,1.000,""
7.400,876.230,174.350,196.023,21.605,-21.965,-20.795,0.005,1.000,0.000,0.000,0,0.000,0.026,1.000,""
7.420,875.790,173.931,196.023,21.633,-21.956,-20.982,0.005,1.000,0.000,0.000,0,0.000,0.033,1.000,""
7.440,875.351,173.507,196.023,21.660,-21.948,-21.170,0.005,1.000,0.000,0.000,0,0.000,0.039,1.000,""
7.460,874.911,173.080,196.023,21.688,-21.939,-21.358,0.005,1.000,0.000,0.000,0,0.000,0.045,1.000,""
7.480,874.472,172.649,196.023,21.715,-21.930,-21.545,0.005,1.000,0.000,0.000,0,0.000,0.051,1.000,""
7.500,874.033,172.215,196.023,21.743,-21.921,-21.733,0.005,1.000,0.000,0.000,0,0.000,0.056,1.000,""
7.520,873.595,171.776,196.023,21.770,-21.912,-21.920,0.005,1.000,0.000,0.000,0,0.000,0.062,1.000,""
7.540,873.156,171.334,196.024,21.797,-21.904,-22.108,0.005,1.000,0.000,0.000,0,0.000,0.067,1.000,""
7.560,872.718,170.888,196.024,21.824,-21.895,-22.295,0.005,1.000,0.000,0.000,0,0.000,0.071,1.000,""
7.580,872.279,170.438,196.024,21.851,-21.886,-22.482,0.005,1.000,0.000,0.000,0,0.000,0.076,1.000,""
7.600,871.841,169.985,196.024,21.878,-21.877,-22.669,0.005,1.000,0.000,0.000,0,0.000,0.080,1.000,""
7.620,871.404,169.528,196.024,21.904,-21.869,-22.856,0.005,1.000,0.000,0.000,0,0.000,0.085,1.000,""
7.640,870.966,169.067,196.024,21.929,-21.860,-23.043,0.005,1.000,0.000,0.000,0,0.000,0.088,1.000,""
7.660,870.529,168.603,196.024,21.955,-21.851,-23.230,0.005,1.000,0.000,0.000,0,0.000,0.092,1.000,""
7.680,870.091,168.134,196.024,21.979,-21.842,-23.417,0.005,1.000,0.000,0.000,0,0.000,0.095,1.000,""
7.700,869.654,167.662,196.024,22.003,-21.834,-23.604,0.005,1.000,0.000,0.000,0,0.000,0.099,1.000,""
7.720,869.218,167.186,196.025,22.027,-21.825,-23.791,0.005,1.000,0.000,0.000,0,0.000,0.102,1.000,""
7.740,868.781,166.707,196.025,22.050,-21.816,-23.977,0.005,1.000,0.000,0.000,0,0.000,0.104,1.000,""
7.760,868.344,166.223,196.025,22.072,-21.808,-24.164,0.005,1.000,0.000,0.000,0,0.000,0.107,1.000,""
7.780,867.908,165.736,196.025,22.093,-21.799,-24.350,0.005,1.000,0.000,0.000,0,0.000,0.109,1.000,""
7.800,867.472,165.246,196.025,22.114,-21.790,-24.536,0.005,1.000,0.000,0.000,0,0.000,0.111,1.000,""
7.820,867.036,164.751,196.025,22.133,-21.781,-24.723,0.005,1.000,0.000,-0.001,0,0.000,0.113,1.000,""
7.840,866.600,164.253,196.025,22.152,-21.773,-24.909,0.005,1.000,0.000,-0.001,0,0.000,0.114,1.000,""
7.860,866.165,163.751,196.025,22.170,-21.764,-25.095,0.005,1.000,0.000,-0.001,0,0.000,0.116,1.000,""
7.880,865.729,163.246,196.025,22.188,-21.755,-25.281,0.005,1.000,0.000,0.000,0,0.000,0.117,1.000,""
7.900,865.294,162.736,196.025,22.204,-21.747,-25.467,0.005,1.000,0.000,0.000,0,0.000,0.118,1.000,""
7.920,864.859,162.223,196.026,22.219,-21.738,-25.653,0.005,1.000,0.000,0.000,0,0.000,0.118,1.000,""
7.940,864.424,161.706,196.026,22.233,-21.729,-25.839,0.005,1.000,0.000,0.000,0,0.000,0.119,1.000,""
7.960,863.990,161.186,196.026,22.246,-21.720,-26.025,0.005,1.000,0.000,0.000,0,0.000,0.119,1.000,""
7.980,863.555,160.662,196.026,22.259,-21.712,-26.211,0.005,1.000,0.000,0.000,0,0.000,0.119,1.000,""
8.000,863.121,160.134,196.026,22.270,-21.703,-26.396,0.005,1.000,0.000,0.000,0,0.000,0.119,1.000,""
8.020,862.687,159.602,196.026,22.280,-21.694,-26.582,0.005,1.000,0.000,0.000,0,0.000,0.119,1.000,""
8.040,862.253,159.067,196.026,22.289,-21.686,-26.767,0.005,1.000,0.000,0.000,0,0.000,0.118,1.000,""
8.060,861.820,158.528,196.026,22.296,-21.677,-26.953,0.005,1.000,0.000,0.000,0,0.000,0.118,1.000,""
8.080,861.386,157.985,196.026,22.303,-21.668,-27.138,0.005,1.000,0.000,0.000,0,0.000,0.117,1.000,""
8.100,860.953,157.438,196.026,22.309,-21.660,-27.323,0.005,1.000,0.000,0.000,0,0.000,0.116,1.000,""
8.120,860.520,156.888,196.026,22.313,-21.651,-27.508,0.005,1.000,0.000,0.000,0,0.000,0.115,1.000,""
8.140,860.087,156.334,196.027,22.316,-21.642,-27.694,0.005,1.000,0.000,0.000,0,0.000,0.114,1.000,""
8.160,859.654,155.777,196.027,22.319,-21.634,-27.879,0.005,1.000,0.000,0.000,0,0.000,0.112,1.000,""
8.180,859.221,155.216,196.027,22.320,-21.625,-28.064,0.005,1.000,0.000,0.000,0,0.000,0.111,1.000,""
8.200,858.789,154.651,196.027,22.319,-21.616,-28.248,0.005,1.000,0.000,0.000,0,0.000,0.109,1.000,""
8.220,858.357,154.082,196.027,22.318,-21.608,-28.433,0.005,1.000,0.000,0.000,0,0.000,0.107,1.000,""
8.240,857.925,153.510,196.027,22.316,-21.599,-28.618,0.005,1.000,0.000,-0.001,0,0.000,0.105,1.000,""
8.260,857.493,152.933,196.027,22.312,-21.591,-28.803,0.005,1.000,0.000,-0.001,0,0.000,0.103,1.000,""
8.280,857.058,152.358,196.027,22.589,-21.656,-28.754,-0.060,1.000,0.000,-0.001,0,0.000,0.101,0.999,"Ground_Mountain_0_4:(-0.292, 0.922, -0.255) separation=0.4938076;Ground_Mountain_0_4:(-0.302, 0.953, 0.000) separation=0.7087017;"
8.300,856.552,152.015,195.985,25.710,-24.125,-17.040,-2.149,1.000,0.000,-0.007,1,11.250,0.568,0.993,"Ground_Mountain_0_4:(-0.302, 0.953, 0.000) separation=0.2495286;Ground_Mountain_0_4:(-0.302, 0.953, 0.000) separation=0.3203602;Ground_Mountain_0_4:(-0.302, 0.953, 0.000) separation=0.2521188;Ground_Mountain_0_4:(-0.302, 0.953, 0.000) separation=0.3432166;Ground_Mountain_0_4:(-0.292, 0.922, -0.255) separation=0.09696054;Ground_Mountain_0_4:(-0.016, 1.000, 0.002) separation=0.5425866;Ground_Mountain_0_4:(-0.016, 1.000, 0.002) separation=0.547087;Ground_Mountain_0_4:(-0.016, 1.000, 0.002) separation=0.546085;Ground_Mountain_0_4:(-0.292, 0.922, -0.255) separation=0.09696054;Ground_Mountain_0_4:(-0.292, 0.922, -0.255) separation=0.09696054;Ground_Mountain_0_4:(-0.129, 0.988, -0.089) separation=0.3701937;Ground_Mountain_0_4:(-0.129, 0.988, -0.089) separation=0.3298128;Ground_Mountain_0_4:(-0.129, 0.988, -0.089) separation=0.3982141;Ground_Mountain_0_4:(-0.129, 0.988, -0.089) separation=0.3344924;Ground_Mountain_0_4:(-0.124, 0.992, -0.030) separation=0.3323084;Ground_Mountain_0_4:(-0.124, 0.992, -0.030) separation=0.550454;Ground_Mountain_0_4:(-0.124, 0.992, -0.030) separation=0.3986185;Ground_Mountain_0_4:(-0.124, 0.992, -0.030) separation=0.5489202;Ground_Mountain_0_4:(-0.124, 0.992, -0.030) separation=0.3294788;Ground_Mountain_0_4:(-0.124, 0.992, -0.030) separation=0.4136065;"
8.320,856.067,151.891,195.955,24.799,-24.806,-6.270,-1.584,1.000,0.000,-0.211,4,45.000,27.555,0.997,"Ground_Mountain_0_4:(0.000, 1.000, 0.000) separation=0.1685864;Ground_Mountain_0_4:(0.000, 1.000, 0.000) separation=0.0992894;Ground_Mountain_0_4:(0.000, 1.000, 0.000) separation=0.1753047;Ground_Mountain_0_4:(0.000, 1.000, 0.000) separation=0.1067177;Ground_Mountain_0_4:(0.000, 1.000, 0.000) separation=0.1025957;Ground_Mountain_0_4:(0.000, 1.000, 0.000) separation=0.1053727;Ground_Mountain_0_4:(-0.125, 0.992, -0.015) separation=0.128651;Ground_Mountain_0_4:(-0.125, 0.992, -0.015) separation=0.1744754;Ground_Mountain_0_4:(-0.125, 0.992, -0.015) separation=0.2113853;Ground_Mountain_0_4:(-0.125, 0.992, -0.015) separation=0.1674379;Ground_Mountain_0_4:(-0.125, 0.992, -0.015) separation=0.1311995;Ground_Mountain_0_4:(-0.125, 0.992, -0.015) separation=0.1325192;"
8.340,855.583,151.842,195.934,24.251,-24.558,-2.440,-0.962,1.000,0.000,-0.340,4,43.996,10.867,0.999,"Ground_Mountain_0_4:(0.000, 1.000, 0.000) separation=0.1018679;Ground_Mountain_0_4:(0.000, 1.000, 0.000) separation=0.02153985;Ground_Mountain_0_4:(0.000, 1.000, 0.000) separation=0.116751;Ground_Mountain_0_4:(0.000, 1.000, 0.000) separation=0.02240258;Ground_Mountain_0_4:(0.000, 1.000, 0.000) separation=0.0219073;Ground_Mountain_0_4:(0.000, 1.000, 0.000) separation=0.03643265;Ground_Mountain_0_4:(-0.124, 0.992, -0.030) separation=0.02202252;Ground_Mountain_0_4:(-0.124, 0.992, -0.030) separation=0.1164201;Ground_Mountain_0_4:(-0.124, 0.992, -0.030) separation=0.1297757;Ground_Mountain_0_4:(-0.124, 0.992, -0.030) separation=0.1017051;Ground_Mountain_0_4:(-0.124, 0.992, -0.030) separation=0.03134462;Ground_Mountain_0_4:(-0.124, 0.992, -0.030) separation=0.1078616;"
8.360,855.097,151.810,195.927,24.340,-24.618,-1.619,-0.352,1.000,0.000,-0.371,4,30.405,7.794,1.000,"Ground_Mountain_0_4:(0.000, 1.000, 0.000) separation=0.08487847;Ground_Mountain_0_4:(0.000, 1.000, 0.000) separation=0.002623247;Ground_Mountain_0_4:(0.000, 1.000, 0.000) separation=0.09385103;Ground_Mountain_0_4:(0.000, 1.000, 0.000) separation=0.005213784;Ground_Mountain_0_4:(0.000, 1.000, 0.000) separation=0.003068179;Ground_Mountain_0_4:(0.000, 1.000, 0.000) separation=0.003732443;Ground_Mountain_0_4:(-0.110, 0.994, 0.000) separation=0.0104992;Ground_Mountain_0_4:(-0.110, 0.994, 0.000) separation=0.09371194;Ground_Mountain_0_4:(-0.110, 0.994, 0.000) separation=0.09632591;Ground_Mountain_0_4:(-0.110, 0.994, 0.000) separation=0.08505979;Ground_Mountain_0_4:(-0.110, 0.994, 0.000) separation=0.01946983;Ground_Mountain_0_4:(-0.110, 0.994, 0.000) separation=0.08813115;Ground_Mountain_0_4:(-0.139, 0.986, -0.089) separation=0.08773569;Ground_Mountain_0_4:(-0.139, 0.986, -0.089) separation=0.09569135;Ground_Mountain_0_4:(-0.139, 0.986, -0.089) separation=0.01957962;"
8.380,854.608,151.786,195.932,24.534,-24.726,-1.221,0.274,1.000,0.000,-0.371,4,29.401,7.612,1.000,"Ground_Mountain_0_4:(-0.005, 1.000, 0.001) separation=0.05571827;Ground_Mountain_0_4:(-0.005, 1.000, 0.001) separation=0.001060117;Ground_Mountain_0_4:(-0.005, 1.000, 0.001) separation=0.0004976913;Ground_Mountain_0_4:(-0.005, 1.000, 0.001) separation=0.05848002;Ground_Mountain_0_4:(-0.005, 1.000, 0.001) separation=0.0007410944;Ground_Mountain_0_4:(-0.005, 1.000, 0.001) separation=0.0007652938;Ground_Mountain_0_4:(-0.139, 0.989, -0.044) separation=0.01683545;Ground_Mountain_0_4:(-0.139, 0.989, -0.044) separation=0.05621859;Ground_Mountain_0_4:(-0.139, 0.989, -0.044) separation=0.02633968;Ground_Mountain_0_4:(-0.139, 0.989, -0.044) separation=0.05881202;Ground_Mountain_0_4:(-0.139, 0.989, -0.044) separation=0.02649149;Ground_Mountain_0_4:(-0.139, 0.989, -0.044) separation=0.05986083;"
8.400,854.115,151.777,195.949,24.665,-24.758,-0.435,0.893,1.000,0.000,-0.354,4,31.533,5.553,1.000,"Ground_Mountain_0_4:(0.000, 1.000, 0.000) separation=0.02156045;Ground_Mountain_0_4:(0.000, 1.000, 0.000) separation=-0.0004225783;Ground_Mountain_0_4:(0.000, 1.000, 0.000) separation=0.02288746;Ground_Mountain_0_4:(0.000, 1.000, 0.000) separation=-0.001751076;Ground_Mountain_0_4:(0.000, 1.000, 0.000) separation=-0.001458198;Ground_Mountain_0_4:(0.000, 1.000, 0.000) separation=-0.0009992719;Ground_Mountain_0_4:(-0.139, 0.986, -0.089) separation=0.04488379;"
8.420,853.619,151.777,195.977,24.853,-24.856,-0.010,1.425,1.000,0.000,-0.331,4,27.329,2.188,1.000,"Ground_Mountain_0_4:(0.000, 1.000, 0.000) separation=0.004351222;Ground_Mountain_0_4:(0.000, 1.000, 0.000) separation=-0.0001012103;Ground_Mountain_0_4:(0.000, 1.000, 0.000) separation=0.004564476;Ground_Mountain_0_4:(0.000, 1.000, 0.000) separation=-0.0003159016;Ground_Mountain_0_4:(0.000, 1.000, 0.000) separation=-0.0001934171;Ground_Mountain_0_4:(0.000, 1.000, 0.000) separation=-6.109476E-06;"
8.440,853.120,151.783,196.013,25.049,-24.996,0.284,1.768,1.000,0.000,-0.298,4,24.506,0.879,1.000,"Ground_Mountain_0_4:(0.000, 1.000, 0.000) separation=0.0008938751;Ground_Mountain_0_4:(0.000, 1.000, 0.000) separation=0.002963648;Ground_Mountain_0_4:(0.000, 1.000, 0.000) separation=0.0009085811;Ground_Mountain_0_4:(0.000, 1.000, 0.000) separation=0.002948942;Ground_Mountain_0_4:(0.000, 1.000, 0.000) separation=0.0008996129;Ground_Mountain_0_4:(0.000, 1.000, 0.000) separation=0.0009069741;"
8.460,852.617,151.793,196.051,25.233,-25.156,0.532,1.940,1.000,0.000,-0.256,4,22.222,0.720,1.000,"Ground_Mountain_0_4:(0.000, 1.000, 0.000) separation=0.004128136;Ground_Mountain_0_4:(0.000, 1.000, 0.000) separation=0.01107871;Ground_Mountain_0_4:(0.000, 1.000, 0.000) separation=0.003927871;Ground_Mountain_0_4:(0.000, 1.000, 0.000) separation=0.01128089;Ground_Mountain_0_4:(0.000, 1.000, 0.000) separation=0.004002839;Ground_Mountain_0_4:(0.000, 1.000, 0.000) separation=0.004039615;"
8.480,852.111,151.808,196.091,25.405,-25.329,0.733,1.965,1.000,0.000,-0.209,4,19.872,0.580,1.000,"Ground_Mountain_0_4:(0.000, 1.000, 0.000) separation=0.01301551;Ground_Mountain_0_4:(0.000, 1.000, 0.000) separation=0.02347453;Ground_Mountain_0_4:(0.000, 1.000, 0.000) separation=0.01258705;Ground_Mountain_0_4:(0.000, 1.000, 0.000) separation=0.0239007;Ground_Mountain_0_4:(0.000, 1.000, 0.000) separation=0.01281625;Ground_Mountain_0_4:(0.000, 1.000, 0.000) separation=0.01287308;"
8.500,851.601,151.826,196.128,25.568,-25.509,0.887,1.871,1.000,0.000,-0.161,4,17.542,0.457,1.000,"Ground_Mountain_0_4:(0.000, 1.000, 0.000) separation=0.02648024;Ground_Mountain_0_4:(0.000, 1.000, 0.000) separation=0.03928816;Ground_Mountain_0_4:(0.000, 1.000, 0.000) separation=0.02583824;Ground_Mountain_0_4:(0.000, 1.000, 0.000) separation=0.03992951;Ground_Mountain_0_4:(0.000, 1.000, 0.000) separation=0.02614957;Ground_Mountain_0_4:(0.000, 1.000, 0.000) separation=0.02645084;"
8.520,851.087,151.846,196.162,25.725,-25.689,0.996,1.687,1.000,0.000,-0.114,4,15.305,0.350,1.000,"Ground_Mountain_0_4:(0.000, 1.000, 0.000) separation=0.04349368;Ground_Mountain_0_4:(0.000, 1.000, 0.000) separation=0.05771257;Ground_Mountain_0_4:(0.000, 1.000, 0.000) separation=0.04265278;Ground_Mountain_0_4:(0.000, 1.000, 0.000) separation=0.05855391;Ground_Mountain_0_4:(0.000, 1.000, 0.000) separation=0.04302564;Ground_Mountain_0_4:(0.000, 1.000, 0.000) separation=0.04333383;"
8.540,850.570,151.867,196.191,25.880,-25.866,1.064,1.441,1.000,0.000,-0.072,4,13.216,0.260,1.000,"Ground_Mountain_0_4:(0.000, 1.000, 0.000) separation=0.06309442;Ground_Mountain_0_4:(0.000, 1.000, 0.000) separation=0.0779695;Ground_Mountain_0_4:(0.000, 1.000, 0.000) separation=0.06208155;Ground_Mountain_0_4:(0.000, 1.000, 0.000) separation=0.07898273;Ground_Mountain_0_4:(0.000, 1.000, 0.000) separation=0.06231529;Ground_Mountain_0_4:(0.000, 1.000, 0.000) separation=0.06248993;"
8.560,850.049,151.889,196.214,26.036,-26.038,1.094,1.158,1.000,0.000,-0.034,4,11.320,0.183,1.000,"Ground_Mountain_0_4:(0.000, 1.000, 0.000) separation=0.08434814;Ground_Mountain_0_4:(0.000, 1.000, 0.000) separation=0.09930001;Ground_Mountain_0_4:(0.000, 1.000, 0.000) separation=0.08320142;Ground_Mountain_0_4:(0.000, 1.000, 0.000) separation=0.1004467;Ground_Mountain_0_4:(0.000, 1.000, 0.000) separation=0.08362952;Ground_Mountain_0_4:(0.000, 1.000, 0.000) separation=0.08383253;"
8.580,849.525,151.911,196.231,26.194,-26.206,1.090,0.862,1.000,0.000,-0.003,4,9.646,0.120,1.000,"Ground_Mountain_0_4:(0.000, 1.000, 0.000) separation=0.1063884;Ground_Mountain_0_4:(0.000, 1.000, 0.000) separation=0.1209799;Ground_Mountain_0_4:(0.000, 1.000, 0.000) separation=0.1051442;Ground_Mountain_0_4:(0.000, 1.000, 0.000) separation=0.1222241;Ground_Mountain_0_4:(0.000, 1.000, 0.000) separation=0.1055784;Ground_Mountain_0_4:(0.000, 1.000, 0.000) separation=0.1062472;"
8.600,848.997,151.932,196.242,26.355,-26.371,1.058,0.571,1.000,0.000,0.021,4,8.211,0.070,1.000,"Ground_Mountain_0_4:(0.000, 1.000, 0.000) separation=0.1285461;Ground_Mountain_0_4:(0.000, 1.000, 0.000) separation=0.1424412;Ground_Mountain_0_4:(0.000, 1.000, 0.000) separation=0.1272357;Ground_Mountain_0_4:(0.000, 1.000, 0.000) separation=0.1437517;Ground_Mountain_0_4:(0.000, 1.000, 0.000) separation=0.1276639;Ground_Mountain_0_4:(0.000, 1.000, 0.000) separation=0.12874;"
8.620,848.466,151.952,196.248,26.518,-26.533,1.002,0.299,1.000,0.000,0.039,4,7.024,0.033,1.000,"Ground_Mountain_0_4:(0.000, 1.000, 0.000) separation=0.1501725;Ground_Mountain_0_4:(0.000, 1.000, 0.000) separation=0.1631459;Ground_Mountain_0_4:(0.000, 1.000, 0.000) separation=0.148832;Ground_Mountain_0_4:(0.000, 1.000, 0.000) separation=0.1644862;Ground_Mountain_0_4:(0.000, 1.000, 0.000) separation=0.1490825;Ground_Mountain_0_4:(0.000, 1.000, 0.000) separation=0.1492492;"
8.640,847.932,151.970,196.250,26.683,-26.694,0.927,0.058,1.000,0.000,0.050,4,6.082,0.023,1.000,"Ground_Mountain_0_4:(0.000, 1.000, 0.000) separation=0.1707256;Ground_Mountain_0_4:(0.000, 1.000, 0.000) separation=0.1826512;Ground_Mountain_0_4:(0.000, 1.000, 0.000) separation=0.1693878;Ground_Mountain_0_4:(0.000, 1.000, 0.000) separation=0.1839896;Ground_Mountain_0_4:(0.000, 1.000, 0.000) separation=0.1697979;Ground_Mountain_0_4:(0.000, 1.000, 0.000) separation=0.1701321;"
8.660,847.395,151.987,196.247,26.848,-26.854,0.838,-0.146,1.000,0.000,0.057,4,5.377,0.039,1.000,"Ground_Mountain_0_4:(0.000, 1.000, 0.000) separation=0.1898354;Ground_Mountain_0_4:(0.000, 1.000, 0.000) separation=0.2006162;Ground_Mountain_0_4:(0.000, 1.000, 0.000) separation=0.1885221;Ground_Mountain_0_4:(0.000, 1.000, 0.000) separation=0.2019301;Ground_Mountain_0_4:(0.000, 1.000, 0.000) separation=0.1889212;Ground_Mountain_0_4:(0.000, 1.000, 0.000) separation=0.1897476;"
8.680,846.855,152.002,196.240,27.014,-27.014,0.739,-0.310,1.000,0.000,0.058,4,4.894,0.054,1.000,"Ground_Mountain_0_4:(0.000, 1.000, 0.000) separation=0.2071674;Ground_Mountain_0_4:(0.000, 1.000, 0.000) separation=0.2167717;Ground_Mountain_0_4:(0.000, 1.000, 0.000) separation=0.2058912;Ground_Mountain_0_4:(0.000, 1.000, 0.000) separation=0.2180469;Ground_Mountain_0_4:(0.000, 1.000, 0.000) separation=0.2062763;Ground_Mountain_0_4:(0.000, 1.000, 0.000) separation=0.2065729;"
8.700,846.311,152.015,196.232,27.179,-27.175,0.635,-0.433,1.000,0.000,0.057,4,4.614,0.066,1.000,"Ground_Mountain_0_4:(0.000, 1.000, 0.000) separation=0.2225502;Ground_Mountain_0_4:(0.000, 1.000, 0.000) separation=0.2309926;Ground_Mountain_0_4:(0.000, 1.000, 0.000) separation=0.2213343;Ground_Mountain_0_4:(0.000, 1.000, 0.000) separation=0.2322082;Ground_Mountain_0_4:(0.000, 1.000, 0.000) separation=0.2215431;Ground_Mountain_0_4:(0.000, 1.000, 0.000) separation=0.2215431;"
