time,name,profile,lap,nextGate,speed,target,throttle,brake,grounded,recoveries,misses,x,y,z,roadDistance
3.004,YOU reference pilot,original,0,0,0.000,0.000,0.000,0.000,0,0,0,322.058,9.782,544.064,2.291
3.004,EMBER,tourer,0,0,0.000,0.000,0.000,0.000,0,0,0,318.010,11.281,535.877,2.291
3.004,GOLD,moto,0,0,0.000,0.000,0.000,0.000,0,0,0,322.375,12.467,528.988,2.254
3.004,BLUE,atv,0,0,0.000,0.000,0.000,0.000,0,0,0,317.798,13.848,522.232,2.254
3.260,YOU reference pilot,original,0,0,3.405,24.000,1.000,0.000,4,0,0,322.099,9.847,543.636,2.294
3.260,EMBER,tourer,0,0,3.095,24.000,1.000,0.000,4,0,0,318.014,11.352,535.502,2.289
3.260,GOLD,moto,0,0,4.270,24.000,1.000,0.000,4,0,0,322.362,12.568,528.433,2.251
3.260,BLUE,atv,0,0,4.045,24.000,1.000,0.000,4,0,0,317.781,13.944,521.704,2.250
3.520,YOU reference pilot,original,0,0,6.338,16.000,1.000,0.000,4,0,0,322.212,10.095,542.368,2.320
3.520,EMBER,tourer,0,0,5.810,14.628,1.000,0.000,4,0,0,318.027,11.588,534.340,2.287
3.520,GOLD,moto,0,0,7.980,24.000,1.000,0.000,4,0,0,322.239,12.890,526.843,2.165
3.520,BLUE,atv,0,0,7.501,24.000,1.000,0.000,4,0,0,317.745,14.269,520.208,2.240
3.800,YOU reference pilot,original,0,0,9.220,18.121,1.000,0.000,4,0,0,322.377,10.498,540.198,2.370
3.800,EMBER,tourer,0,0,8.508,16.893,1.000,0.000,4,0,0,318.063,11.986,532.343,2.251
3.800,GOLD,moto,0,0,11.613,24.000,1.000,0.000,4,0,0,321.789,13.450,524.151,1.803
3.800,BLUE,atv,0,0,10.869,24.000,1.000,0.000,4,0,0,317.710,14.819,517.654,2.191
4.060,YOU reference pilot,original,0,0,11.627,20.405,1.000,0.000,4,0,0,322.389,10.995,537.505,2.299
4.060,EMBER,tourer,0,0,10.829,19.186,1.000,0.000,4,0,0,318.117,12.475,529.851,2.171
4.060,GOLD,moto,0,0,14.722,24.000,1.000,0.000,4,0,0,321.010,14.120,520.848,1.167
4.060,BLUE,atv,0,0,13.737,24.000,1.000,0.000,4,0,0,317.689,15.479,514.489,2.097
4.320,YOU reference pilot,original,0,0,13.849,24.000,1.000,0.000,4,0,0,322.030,11.606,534.244,1.920
4.320,EMBER,tourer,0,0,12.982,21.502,1.000,0.000,4,0,0,318.176,13.083,526.792,2.056
4.320,GOLD,moto,0,0,16.138,16.670,0.280,0.000,4,0,0,320.015,14.931,516.957,0.531
4.320,BLUE,atv,0,1,16.366,24.000,1.000,0.000,4,0,0,317.668,16.304,510.633,1.979
4.600,YOU reference pilot,original,0,0,15.380,15.981,0.310,0.000,4,0,0,321.237,12.383,530.230,1.225
4.600,EMBER,tourer,0,0,15.123,19.984,1.000,0.000,4,0,0,318.217,13.868,522.912,1.915
4.600,GOLD,moto,0,0,17.692,19.174,0.822,0.000,4,0,0,318.977,15.895,512.470,0.836
4.600,BLUE,atv,0,1,18.950,24.000,1.000,0.000,4,0,0,317.627,17.371,505.774,1.854
4.860,YOU reference pilot,original,0,0,15.777,16.914,0.606,0.000,4,0,0,320.342,13.151,526.378,0.683
4.860,EMBER,tourer,0,0,16.959,22.014,1.000,0.000,4,0,0,318.206,14.715,518.807,1.796
4.860,GOLD,moto,0,1,19.945,21.618,0.924,0.000,4,0,0,318.113,16.929,507.747,1.454
4.860,BLUE,atv,0,1,21.137,24.000,1.000,0.000,4,0,0,317.562,18.521,500.667,1.764
5.120,YOU reference pilot,original,0,0,17.203,18.899,0.912,0.000,4,0,0,319.423,13.987,522.275,0.865
5.120,EMBER,tourer,0,0,18.656,24.000,1.000,0.000,4,0,0,318.134,15.673,514.259,1.710
5.120,GOLD,moto,0,1,22.052,23.561,0.823,0.000,4,0,0,317.436,18.119,502.430,1.934
5.120,BLUE,atv,0,1,22.821,24.000,0.626,0.000,4,0,0,317.479,19.820,495.057,1.711
5.400,YOU reference pilot,original,0,0,19.016,20.871,0.992,0.000,4,0,0,318.504,15.008,517.377,1.475
5.400,EMBER,tourer,0,1,20.338,24.000,1.000,0.000,4,0,0,317.986,16.830,508.907,1.666
5.400,GOLD,moto,0,1,23.215,24.000,0.412,0.000,4,0,0,316.985,19.547,496.228,2.213
5.400,BLUE,atv,0,1,23.311,24.000,0.352,0.000,4,0,0,317.390,21.326,488.757,1.704
5.660,YOU reference pilot,original,0,0,20.615,22.490,0.997,0.000,4,0,0,317.811,16.078,512.366,1.946
5.660,EMBER,tourer,0,1,21.775,24.000,1.000,0.000,4,0,0,317.802,18.019,503.551,1.668
5.660,GOLD,moto,0,1,23.446,24.000,0.281,0.000,4,0,0,316.815,20.948,490.320,2.279
5.660,BLUE,atv,0,1,23.406,24.000,0.299,0.000,4,0,0,317.322,22.783,482.859,1.745
5.920,YOU reference pilot,original,0,1,21.990,23.645,0.872,0.000,4,0,0,317.324,17.262,506.956,2.225
5.920,EMBER,tourer,0,1,22.765,24.000,0.640,0.000,4,0,0,317.604,19.316,497.882,1.704
5.920,GOLD,moto,0,1,23.489,24.000,0.256,0.000,4,0,0,316.811,22.399,484.393,2.242
5.920,BLUE,atv,0,1,23.419,24.000,0.290,0.000,4,0,0,317.269,24.290,476.963,1.781
6.200,YOU reference pilot,original,0,1,22.859,24.000,0.590,0.000,4,0,0,317.031,18.643,500.815,2.320
6.200,EMBER,tourer,0,1,23.113,24.000,0.450,0.000,4,0,0,317.416,20.792,491.623,1.762
6.200,GOLD,moto,0,1,23.488,24.000,0.256,0.000,4,0,0,316.901,24.014,478.020,2.141
6.200,BLUE,atv,0,1,23.411,24.000,0.294,0.000,4,0,0,317.224,25.966,470.627,1.796
6.460,YOU reference pilot,original,0,1,23.149,24.000,0.432,0.000,4,0,0,316.935,19.996,494.981,2.274
6.460,EMBER,tourer,0,1,23.209,24.000,0.397,0.000,4,0,0,317.289,22.217,485.773,1.830
6.460,GOLD,moto,0,1,23.477,24.000,0.261,0.000,4,0,0,317.007,25.567,472.119,2.013
6.460,BLUE,atv,0,1,23.401,24.000,0.299,0.000,4,0,0,317.186,27.547,464.752,1.795
6.720,YOU reference pilot,original,0,1,23.239,24.000,0.382,0.000,4,0,0,316.952,21.397,489.115,2.170
6.720,EMBER,tourer,0,1,23.232,24.000,0.384,0.000,4,0,0,317.211,23.686,479.919,1.892
6.720,GOLD,moto,0,1,23.466,24.000,0.266,0.000,4,0,0,317.095,27.148,466.227,1.893
6.720,BLUE,atv,0,1,23.392,24.000,0.303,0.000,4,0,0,317.149,29.144,458.883,1.787
7.000,YOU reference pilot,original,0,1,23.260,24.000,0.370,0.000,4,0,0,317.034,22.956,482.797,2.065
7.000,EMBER,tourer,0,1,23.226,24.000,0.387,0.000,4,0,0,317.167,25.327,473.628,1.911
7.000,GOLD,moto,0,1,23.458,24.000,0.271,0.000,4,0,0,317.148,28.869,459.889,1.796
7.000,BLUE,atv,0,1,23.386,24.000,0.307,0.000,4,0,0,317.108,30.881,452.570,1.778
7.260,YOU reference pilot,original,0,1,23.253,24.000,0.373,0.000,4,0,0,317.120,24.455,476.942,1.969
7.260,EMBER,tourer,0,1,23.214,24.000,0.392,0.000,4,0,0,317.148,26.883,467.797,1.898
7.260,GOLD,moto,0,1,23.452,24.000,0.274,0.000,4,0,0,317.158,30.483,454.009,1.741
7.260,BLUE,atv,0,1,23.381,24.000,0.309,0.000,4,0,0,317.067,32.504,446.712,1.771
7.520,YOU reference pilot,original,0,1,23.239,24.000,0.380,0.000,4,0,0,317.186,25.998,471.101,1.881
7.520,EMBER,tourer,0,1,23.203,24.000,0.398,0.000,4,0,0,317.135,28.459,461.973,1.871
7.520,GOLD,moto,0,1,23.447,24.000,0.276,0.000,4,0,0,317.136,32.109,448.133,1.716
7.520,BLUE,atv,0,1,23.377,24.000,0.311,0.000,4,0,0,317.026,34.134,440.857,1.767
7.800,YOU reference pilot,original,0,1,23.225,24.000,0.387,0.000,4,0,0,317.220,27.685,464.821,1.811
7.800,EMBER,tourer,0,1,23.193,24.000,0.403,0.000,4,0,0,317.118,30.172,455.709,1.840
7.800,GOLD,moto,0,1,23.444,24.000,0.278,0.000,4,0,0,317.089,33.868,441.809,1.713
7.800,BLUE,atv,0,1,23.375,24.000,0.313,0.000,4,0,0,316.983,35.895,434.553,1.766
8.060,YOU reference pilot,original,0,1,23.214,24.000,0.393,0.000,4,0,0,317.216,29.270,458.997,1.773
8.060,EMBER,tourer,0,1,23.186,24.000,0.407,0.000,4,0,0,317.093,31.776,449.898,1.819
8.060,GOLD,moto,0,1,23.441,24.000,0.279,0.000,4,0,0,317.036,35.507,435.939,1.724
8.060,BLUE,atv,0,1,23.373,24.000,0.313,0.000,4,0,0,316.947,37.532,428.701,1.768
8.320,YOU reference pilot,original,0,1,23.206,24.000,0.397,0.000,4,0,0,317.184,30.869,453.179,1.759
8.320,EMBER,tourer,0,1,23.180,24.000,0.410,0.000,4,0,0,317.060,33.389,444.091,1.807
8.320,GOLD,moto,0,1,23.440,24.000,0.280,0.000,4,0,0,316.984,37.149,430.071,1.739
8.320,BLUE,atv,0,1,23.372,24.000,0.314,0.000,4,0,0,316.918,39.170,422.849,1.770
8.600,YOU reference pilot,original,0,1,23.199,24.000,0.400,0.000,4,0,0,317.128,32.602,446.919,1.764
8.600,EMBER,tourer,0,1,23.176,24.000,0.412,0.000,4,0,0,317.018,35.132,437.841,1.803
8.600,GOLD,moto,0,1,23.439,24.000,0.281,0.000,4,0,0,316.936,38.918,423.751,1.756
8.600,BLUE,atv,0,1,23.372,24.000,0.314,0.000,4,0,0,316.897,40.931,416.546,1.773
8.860,YOU reference pilot,original,0,1,23.194,24.000,0.403,0.000,4,0,0,317.069,34.220,441.110,1.777
8.860,EMBER,tourer,0,1,23.173,24.000,0.413,0.000,4,0,0,316.978,36.754,432.038,1.805
8.860,GOLD,moto,0,1,23.439,24.000,0.281,0.000,4,0,0,316.905,40.559,417.882,1.769
8.860,BLUE,atv,0,1,23.373,24.000,0.314,0.000,4,0,0,316.891,42.563,410.692,1.776
9.120,YOU reference pilot,original,0,1,23.191,24.000,0.404,0.000,4,0,0,317.010,35.841,435.303,1.794
9.120,EMBER,tourer,0,1,23.171,24.000,0.414,0.000,4,0,0,316.940,38.378,426.237,1.811
9.120,GOLD,moto,0,1,23.434,24.000,0.282,0.000,4,0,0,316.895,42.196,412.012,1.771
9.120,BLUE,atv,0,1,23.374,24.000,0.313,0.000,4,0,0,316.899,44.188,404.836,1.779
9.400,YOU reference pilot,original,0,1,23.189,24.000,0.406,0.000,4,0,0,316.954,37.591,429.050,1.811
9.400,EMBER,tourer,0,1,23.171,24.000,0.415,0.000,4,0,0,316.908,40.125,419.989,1.819
9.400,GOLD,moto,0,1,23.412,24.000,0.296,0.000,4,0,0,317.253,43.948,405.704,1.440
9.400,BLUE,atv,0,1,23.377,24.000,0.312,0.000,4,0,0,316.926,45.928,398.526,1.782
9.660,YOU reference pilot,original,0,1,23.187,24.000,0.406,0.000,4,0,0,316.914,39.215,423.244,1.823
9.660,EMBER,tourer,0,1,23.171,24.000,0.415,0.000,4,0,0,316.890,41.745,414.186,1.826
9.660,GOLD,moto,0,1,23.434,24.000,0.284,0.000,4,0,0,318.092,45.555,399.890,0.737
9.660,BLUE,atv,0,1,23.379,24.000,0.310,0.000,4,0,0,316.972,47.534,392.663,1.784
9.920,YOU reference pilot,original,0,1,23.187,24.000,0.406,0.000,4,0,0,316.888,40.838,417.438,1.832
9.920,EMBER,tourer,0,1,23.172,24.000,0.414,0.000,4,0,0,316.885,43.360,408.381,1.832
9.920,GOLD,moto,0,1,23.447,24.000,0.277,0.000,4,0,0,319.110,47.148,394.095,0.676
9.920,BLUE,atv,0,1,23.383,24.000,0.309,0.000,4,0,0,317.040,49.124,386.795,1.786
10.200,YOU reference pilot,original,0,1,23.188,24.000,0.406,0.000,4,0,0,316.877,42.581,411.184,1.837
10.200,EMBER,tourer,0,1,23.174,24.000,0.413,0.000,4,0,0,316.899,45.091,402.128,1.836
10.200,GOLD,moto,0,1,23.448,24.000,0.276,0.000,4,0,0,320.125,48.853,387.836,1.480
10.200,BLUE,atv,0,1,23.388,24.000,0.306,0.000,4,0,0,317.141,50.818,380.470,1.790
10.460,YOU reference pilot,original,0,1,23.190,24.000,0.405,0.000,4,0,0,316.884,44.194,405.374,1.839
10.460,EMBER,tourer,0,1,23.167,24.000,0.416,0.000,4,0,0,316.947,46.689,396.318,1.825
10.460,GOLD,moto,0,1,23.446,24.000,0.277,0.000,4,0,0,320.864,50.429,381.992,2.100
10.460,BLUE,atv,0,1,23.394,24.000,0.303,0.000,4,0,0,317.256,52.369,374.589,1.805
10.720,YOU reference pilot,original,0,1,23.192,24.000,0.404,0.000,4,0,0,316.909,45.799,399.561,1.840
10.720,EMBER,tourer,0,1,23.130,24.000,0.436,0.000,4,0,0,317.321,48.271,390.521,1.532
10.720,GOLD,moto,0,1,23.396,24.000,0.302,0.000,4,0,0,321.184,51.992,376.115,2.294
10.720,BLUE,atv,0,1,23.400,24.000,0.300,0.000,4,0,0,317.381,53.901,368.703,1.815
11.000,YOU reference pilot,original,0,1,23.135,23.862,0.361,0.000,4,0,0,316.956,47.514,393.304,1.841
11.000,EMBER,tourer,0,1,23.161,24.000,0.421,0.000,4,0,0,318.262,49.945,384.330,0.844
11.000,GOLD,moto,0,1,23.434,24.000,0.285,0.000,4,0,0,320.748,53.643,369.785,1.724
11.000,BLUE,atv,0,1,23.400,24.000,0.300,0.000,4,0,0,317.517,55.573,362.370,1.804
11.260,YOU reference pilot,original,0,1,23.114,24.000,0.446,0.000,4,0,0,317.066,49.087,387.505,1.801
11.260,EMBER,tourer,0,1,23.190,24.000,0.406,0.000,4,0,0,319.371,51.476,378.606,0.816
11.260,GOLD,moto,0,1,23.438,24.000,0.281,0.000,4,0,0,320.170,55.177,363.914,1.067
11.260,BLUE,atv,0,1,23.396,24.000,0.302,0.000,4,0,0,317.639,57.150,356.496,1.790
11.520,YOU reference pilot,original,0,1,23.136,24.000,0.434,0.000,4,0,0,317.595,50.641,381.718,1.403
11.520,EMBER,tourer,0,1,23.196,24.000,0.402,0.000,4,0,0,320.431,52.991,372.865,1.550
11.520,GOLD,moto,0,1,23.436,24.000,0.283,0.000,4,0,0,320.055,56.748,358.029,0.877
11.520,BLUE,atv,0,1,23.393,24.000,0.303,0.000,4,0,0,317.755,58.731,350.624,1.774
11.800,YOU reference pilot,original,0,1,23.191,24.000,0.406,0.000,4,0,0,318.652,52.283,375.531,0.732
11.800,EMBER,tourer,0,1,23.193,24.000,0.404,0.000,4,0,0,321.331,54.620,366.642,2.257
11.800,GOLD,moto,0,1,23.449,24.000,0.276,0.000,4,0,0,320.364,58.453,351.698,1.052
11.800,BLUE,atv,0,1,23.392,24.000,0.304,0.000,4,0,0,317.876,60.432,344.300,1.762
12.060,YOU reference pilot,original,0,1,23.217,24.000,0.392,0.000,4,0,0,319.773,53.786,369.795,0.939
12.060,EMBER,tourer,0,1,23.188,24.000,0.406,0.000,4,0,0,321.884,56.162,360.839,2.681
12.060,GOLD,moto,0,1,23.455,24.000,0.273,0.000,4,0,0,320.839,60.035,345.828,1.395
12.060,BLUE,atv,0,1,23.391,24.000,0.304,0.000,4,0,0,317.989,62.010,338.428,1.757
12.320,YOU reference pilot,original,0,1,23.214,24.000,0.393,0.000,4,0,0,320.779,55.304,364.040,1.686
12.320,EMBER,tourer,0,1,23.188,24.000,0.406,0.000,4,0,0,322.186,57.723,355.024,2.877
12.320,GOLD,moto,0,1,23.456,24.000,0.272,0.000,4,0,0,321.344,61.616,339.960,1.775
12.320,BLUE,atv,0,1,23.392,24.000,0.304,0.000,4,0,0,318.112,63.582,332.554,1.757
12.600,YOU reference pilot,original,0,1,23.206,24.000,0.398,0.000,4,0,0,321.591,56.972,357.812,2.347
12.600,EMBER,tourer,0,1,23.191,24.000,0.405,0.000,4,0,0,322.306,59.409,348.755,2.892
12.600,GOLD,moto,0,1,23.453,24.000,0.274,0.000,4,0,0,321.826,63.315,333.634,2.116
12.600,BLUE,atv,0,1,23.395,24.000,0.303,0.000,4,0,0,318.264,65.263,326.224,1.762
12.860,YOU reference pilot,original,0,1,23.202,24.000,0.399,0.000,4,0,0,322.068,58.534,352.004,2.713
12.860,EMBER,tourer,0,1,23.193,24.000,0.403,0.000,4,0,0,322.308,60.976,342.932,2.797
12.860,GOLD,moto,0,1,23.418,24.000,0.292,0.000,4,0,0,321.922,64.885,327.748,2.074
12.860,BLUE,atv,0,1,23.398,24.000,0.301,0.000,4,0,0,318.433,66.808,320.342,1.768
13.120,YOU reference pilot,original,0,1,23.203,24.000,0.399,0.000,4,0,0,322.319,60.101,346.184,2.863
13.120,EMBER,tourer,0,1,23.194,24.000,0.403,0.000,4,0,0,322.276,62.542,337.109,2.659
13.120,GOLD,moto,0,1,23.445,24.000,0.278,0.000,4,0,0,321.530,66.436,321.868,1.540
13.120,BLUE,atv,0,1,23.403,24.000,0.299,0.000,4,0,0,318.639,68.334,314.455,1.777
13.400,YOU reference pilot,original,0,1,23.207,24.000,0.397,0.000,4,0,0,322.419,61.790,339.911,2.851
13.400,EMBER,tourer,0,1,23.196,24.000,0.402,0.000,4,0,0,322.262,64.220,330.834,2.514
13.400,GOLD,moto,0,1,23.443,24.000,0.280,0.000,4,0,0,321.373,68.089,315.517,1.191
13.400,BLUE,atv,0,1,23.410,24.000,0.295,0.000,4,0,0,318.913,69.949,308.108,1.785
13.660,YOU reference pilot,original,0,1,23.210,24.000,0.395,0.000,4,0,0,322.433,63.354,334.082,2.751
13.660,EMBER,tourer,0,1,23.198,24.000,0.401,0.000,4,0,0,322.302,65.769,325.005,2.409
13.660,GOLD,moto,0,1,23.457,24.000,0.273,0.000,4,0,0,321.655,69.602,309.616,1.220
13.660,BLUE,atv,0,1,23.419,24.000,0.291,0.000,4,0,0,319.227,71.416,302.206,1.792
13.920,YOU reference pilot,original,0,1,23.213,24.000,0.394,0.000,4,0,0,322.435,64.909,328.251,2.621
13.920,EMBER,tourer,0,1,23.202,24.000,0.399,0.000,4,0,0,322.410,67.302,319.171,2.339
13.920,GOLD,moto,0,1,23.473,24.000,0.264,0.000,4,0,0,322.204,71.085,303.723,1.443
13.920,BLUE,atv,0,1,23.429,24.000,0.286,0.000,4,0,0,319.613,72.844,296.296,1.799
14.200,YOU reference pilot,original,0,1,23.216,24.000,0.392,0.000,4,0,0,322.476,66.571,321.966,2.489
14.200,EMBER,tourer,0,1,23.209,24.000,0.396,0.000,4,0,0,322.610,68.932,312.883,2.301
14.200,GOLD,moto,0,1,23.487,24.000,0.257,0.000,4,0,0,322.947,72.643,297.377,1.761
14.200,BLUE,atv,0,1,23.444,24.000,0.279,0.000,4,0,0,320.124,74.326,289.922,1.807
14.460,YOU reference pilot,original,0,1,23.221,24.000,0.390,0.000,4,0,0,322.580,68.097,316.125,2.397
14.460,EMBER,tourer,0,1,23.218,24.000,0.391,0.000,4,0,0,322.872,70.420,307.038,2.292
14.460,GOLD,moto,0,1,23.499,24.000,0.251,0.000,4,0,0,323.695,74.044,291.476,2.035
14.460,BLUE,atv,0,2,23.459,24.000,0.271,0.000,4,0,0,320.708,75.643,283.994,1.813
14.720,YOU reference pilot,original,0,1,23.228,24.000,0.386,0.000,4,0,0,322.761,69.600,310.278,2.337
14.720,EMBER,tourer,0,1,23.229,24.000,0.386,0.000,4,0,0,323.209,71.876,301.185,2.296
14.720,GOLD,moto,0,2,23.485,24.000,0.258,0.000,4,0,0,324.278,75.391,285.544,2.054
14.720,BLUE,atv,0,2,23.479,24.000,0.261,0.000,4,0,0,321.418,76.888,278.059,1.821
15.000,YOU reference pilot,original,0,1,23.238,24.000,0.381,0.000,4,0,0,323.051,71.188,303.974,2.305
15.000,EMBER,tourer,0,1,23.244,24.000,0.379,0.000,4,0,0,323.658,73.401,294.873,2.307
15.000,GOLD,moto,0,2,23.517,24.000,0.243,0.000,4,0,0,324.472,76.761,279.106,1.527
15.000,BLUE,atv,0,2,23.507,24.000,0.248,0.000,4,0,0,322.343,78.126,271.660,1.847
15.260,YOU reference pilot,original,0,1,23.251,24.000,0.375,0.000,4,0,0,323.410,72.626,298.113,2.296
15.260,EMBER,tourer,0,1,23.261,24.000,0.370,0.000,4,0,0,324.166,74.767,289.003,2.315
15.260,GOLD,moto,0,2,23.521,24.000,0.241,0.000,4,0,0,324.963,77.941,273.122,1.198
15.260,BLUE,atv,0,2,24.859,40.291,1.000,0.000,4,0,0,323.378,79.172,265.581,1.902
15.520,YOU reference pilot,original,0,1,23.265,24.000,0.368,0.000,4,0,0,323.862,74.021,292.243,2.299
15.520,EMBER,tourer,0,2,23.282,24.000,0.360,0.000,4,0,0,324.777,76.073,283.123,2.317
15.520,GOLD,moto,0,2,24.749,41.074,1.000,0.000,4,0,0,325.952,79.019,267.074,1.142
15.520,BLUE,atv,0,2,26.709,38.599,1.000,0.000,4,0,0,324.656,80.155,259.046,1.933
15.800,YOU reference pilot,original,0,2,23.286,24.000,0.358,0.000,4,0,0,324.462,75.463,285.912,2.306
15.800,EMBER,tourer,0,2,23.307,24.000,0.348,0.000,4,0,0,325.537,77.399,276.776,2.276
15.800,GOLD,moto,0,2,27.050,38.914,1.000,0.000,4,0,0,327.266,80.108,259.991,1.079
15.800,BLUE,atv,0,2,28.597,36.291,1.000,0.000,4,0,0,326.342,81.090,251.516,1.942
16.060,YOU reference pilot,original,0,2,23.308,24.000,0.347,0.000,4,0,0,325.141,76.734,280.025,2.311
16.060,EMBER,tourer,0,2,23.326,24.000,0.339,0.000,4,0,0,326.024,78.525,270.833,1.866
16.060,GOLD,moto,0,2,29.059,36.626,1.000,0.000,4,0,0,328.981,81.015,252.929,1.207
16.060,BLUE,atv,0,2,30.266,33.827,1.000,0.000,4,0,0,328.245,81.802,244.112,1.942
16.320,YOU reference pilot,original,0,2,23.337,24.000,0.333,0.000,4,0,0,325.956,77.923,274.129,2.303
16.320,EMBER,tourer,0,2,24.561,36.467,1.000,0.000,4,0,0,326.219,79.540,264.685,1.075
16.320,GOLD,moto,0,2,30.987,33.307,1.000,0.000,4,0,0,331.217,81.770,245.457,1.506
16.320,BLUE,atv,0,2,30.888,31.168,0.137,0.000,4,0,0,330.521,82.338,236.439,1.946
16.600,YOU reference pilot,original,0,2,23.992,38.178,1.000,0.000,4,0,0,327.000,79.086,267.726,2.254
16.600,EMBER,tourer,0,2,25.945,35.673,1.000,0.000,4,0,0,326.442,80.518,257.660,0.813
16.600,GOLD,moto,0,2,31.341,31.558,0.104,0.000,4,0,0,334.095,82.372,237.104,1.861
16.600,BLUE,atv,0,2,28.896,28.260,0.000,0.190,4,0,0,333.279,82.665,228.518,1.955
16.860,YOU reference pilot,original,0,2,25.322,36.360,1.000,0.000,4,0,0,328.146,80.065,261.471,2.188
16.860,EMBER,tourer,0,2,27.103,32.945,1.000,0.000,4,0,0,327.013,81.307,250.804,1.541
16.860,GOLD,moto,0,2,29.461,28.690,0.000,0.229,4,0,0,336.889,82.680,229.710,2.029
16.860,BLUE,atv,0,2,26.374,23.879,0.000,0.726,4,0,0,336.029,82.776,221.832,1.954
17.120,YOU reference pilot,original,0,2,26.599,34.182,1.000,0.000,4,0,0,329.529,80.935,254.899,2.152
17.120,EMBER,tourer,0,2,28.037,31.377,1.000,0.000,4,0,0,328.478,81.956,243.788,1.857
17.120,GOLD,moto,0,2,26.789,25.501,0.000,0.377,4,0,0,339.316,82.789,222.807,1.637
17.120,BLUE,atv,0,2,23.827,21.788,0.000,0.593,4,0,0,338.852,82.771,215.960,1.947
17.400,YOU reference pilot,original,0,2,27.926,31.388,1.000,0.000,4,0,0,331.339,81.724,247.500,2.149
17.400,EMBER,tourer,0,2,28.328,28.826,0.252,0.000,4,0,0,331.289,82.470,236.368,1.352
17.400,GOLD,moto,0,2,23.545,22.375,0.000,0.342,4,0,0,341.962,82.769,216.281,1.171
17.400,BLUE,atv,0,2,21.039,20.354,0.000,0.200,4,0,0,341.882,82.700,210.546,1.934
17.660,YOU reference pilot,original,0,2,28.990,30.389,0.729,0.000,4,0,0,333.357,82.293,240.370,2.155
17.660,EMBER,tourer,0,2,26.581,25.155,0.000,0.410,4,0,0,334.517,82.754,230.003,0.737
17.660,GOLD,moto,0,2,21.729,22.224,0.274,0.000,4,0,0,344.771,82.690,211.237,1.102
17.660,BLUE,atv,0,2,19.408,17.342,0.000,0.599,4,0,0,344.773,82.610,206.111,1.898
17.920,YOU reference pilot,original,0,2,25.717,25.591,0.000,0.000,4,0,0,335.540,82.655,233.656,2.151
17.920,EMBER,tourer,0,2,24.677,23.261,0.000,0.406,4,0,0,337.860,82.887,224.233,1.044
17.920,GOLD,moto,0,2,19.863,20.209,0.194,0.000,4,0,0,347.865,82.592,206.875,1.257
17.920,BLUE,atv,0,2,19.580,20.945,0.763,0.000,4,0,0,347.842,82.518,202.106,1.792
18.200,YOU reference pilot,original,0,2,22.844,23.061,0.000,0.000,4,0,0,337.917,82.839,227.350,2.144
18.200,EMBER,tourer,0,2,22.233,21.148,0.000,0.311,4,0,0,341.305,82.912,218.669,1.692
18.200,GOLD,moto,0,2,20.782,22.675,1.000,0.000,4,0,0,351.372,82.482,202.445,1.324
18.200,BLUE,atv,0,2,21.378,24.841,1.000,0.000,4,0,0,351.724,82.387,197.941,1.723
18.460,YOU reference pilot,original,0,2,20.338,20.535,0.000,0.000,4,0,0,340.146,82.901,222.203,2.145
18.460,EMBER,tourer,0,2,19.526,19.573,0.000,0.000,4,0,0,344.232,82.868,214.146,2.097
18.460,GOLD,moto,0,2,23.025,25.737,1.000,0.000,4,0,0,355.021,82.280,198.084,0.897
18.460,BLUE,atv,0,2,23.298,24.000,0.392,0.000,2,0,0,356.189,81.986,194.136,1.939
18.720,YOU reference pilot,original,0,2,19.067,19.195,0.065,0.000,4,0,0,342.398,82.897,217.620,2.151
18.720,EMBER,tourer,0,2,18.170,17.626,0.000,0.156,4,0,0,346.879,82.793,210.029,2.203
18.720,GOLD,moto,0,2,23.163,23.306,0.084,0.000,4,0,0,359.336,81.640,193.778,0.786
18.720,BLUE,atv,0,2,23.857,24.000,0.084,0.000,4,0,0,361.290,81.189,190.767,2.315
19.000,YOU reference pilot,original,0,2,17.761,17.960,0.106,0.000,4,0,0,344.870,82.848,213.168,2.153
19.000,EMBER,tourer,0,2,17.152,18.032,0.482,0.000,4,0,0,349.312,82.704,205.820,1.822
19.000,GOLD,moto,0,2,22.464,22.685,0.134,0.000,4,0,0,364.335,80.688,190.015,1.744
19.000,BLUE,atv,0,2,23.832,24.000,0.103,0.000,4,0,0,367.190,80.182,187.804,2.719
19.260,YOU reference pilot,original,0,2,17.280,17.480,0.021,0.000,4,0,0,347.320,82.777,209.263,2.154
19.260,EMBER,tourer,0,2,17.865,18.067,0.109,0.000,4,0,0,351.561,82.615,201.864,1.186
19.260,GOLD,moto,0,2,22.868,23.293,0.250,0.000,4,0,0,369.416,79.789,187.179,2.536
19.260,BLUE,atv,0,2,24.319,25.769,0.814,0.000,4,0,0,372.895,79.175,185.542,2.933
19.520,YOU reference pilot,original,0,2,17.572,18.403,0.455,0.000,4,0,0,349.943,82.695,205.602,2.175
19.520,EMBER,tourer,0,2,19.682,24.058,1.000,0.000,4,0,0,354.259,82.411,197.780,0.722
19.520,GOLD,moto,0,2,24.018,24.224,0.123,0.000,4,0,0,374.978,78.807,184.806,2.954
19.520,BLUE,atv,0,2,24.707,23.803,0.000,0.255,4,0,0,378.917,78.138,183.439,2.938
19.800,YOU reference pilot,original,0,2,18.461,21.207,1.000,0.000,4,0,0,353.083,82.587,201.719,2.117
19.800,EMBER,tourer,0,2,21.825,24.000,1.000,0.000,4,0,0,358.095,81.866,193.387,1.624
19.800,GOLD,moto,0,2,23.183,23.349,0.105,0.000,4,0,0,381.200,77.798,183.002,2.553
19.800,BLUE,atv,0,2,24.260,25.549,0.723,0.000,4,0,0,385.236,77.203,181.151,2.723
20.060,YOU reference pilot,original,0,2,20.532,23.787,1.000,0.000,3,0,0,356.350,82.304,197.829,1.478
20.060,EMBER,tourer,0,2,22.978,24.000,0.549,0.000,4,0,0,362.712,81.082,189.815,2.598
20.060,GOLD,moto,0,2,23.153,22.631,0.000,0.146,4,0,0,386.983,77.048,181.688,1.533
20.060,BLUE,atv,0,2,24.568,30.004,1.000,0.000,4,0,0,390.901,76.592,178.695,2.370
20.320,YOU reference pilot,original,0,2,22.358,23.587,0.661,0.000,4,0,0,360.237,81.648,193.789,0.725
20.320,EMBER,tourer,0,2,23.498,24.000,0.272,0.000,4,0,0,368.194,80.151,187.364,2.811
20.320,GOLD,moto,0,2,25.032,30.988,1.000,0.000,4,0,0,392.946,76.534,180.038,0.403
20.320,BLUE,atv,0,2,20.485,0.000,0.000,1.000,4,0,0,396.218,76.301,175.783,1.892
20.600,YOU reference pilot,original,0,2,23.293,24.000,0.390,0.000,4,0,0,365.427,80.713,190.104,1.358
20.600,EMBER,tourer,0,2,23.700,22.475,0.000,0.342,4,0,0,374.579,79.077,185.854,2.151
20.600,GOLD,moto,0,2,27.708,31.749,1.000,0.000,4,0,0,399.783,76.329,177.196,1.492
20.600,BLUE,atv,0,2,19.041,31.749,1.000,0.000,4,0,0,400.431,76.397,172.834,1.487
20.860,YOU reference pilot,original,0,2,23.516,23.769,0.030,0.000,4,0,0,371.001,79.733,187.742,1.577
20.860,EMBER,tourer,0,2,22.420,21.497,0.000,0.258,4,0,0,380.423,78.153,184.837,1.234
20.860,GOLD,moto,0,2,28.586,28.900,0.156,0.000,4,0,0,405.926,76.532,173.109,2.590
20.860,BLUE,atv,0,2,21.693,28.900,1.000,0.000,4,0,0,404.486,76.660,169.401,1.158
21.120,YOU reference pilot,original,0,2,22.380,22.496,0.000,0.000,4,0,0,376.683,78.764,186.200,1.220
21.120,EMBER,tourer,0,2,21.452,22.852,0.762,0.000,4,0,0,385.848,77.416,183.365,0.720
21.120,GOLD,moto,0,2,26.937,25.737,0.000,0.356,4,0,0,411.030,77.120,167.915,2.576
21.120,BLUE,atv,0,2,24.023,25.737,0.936,0.000,4,0,0,408.748,77.168,165.260,1.012
21.400,YOU reference pilot,original,0,2,21.766,21.123,0.000,0.177,4,0,0,382.582,77.870,184.913,0.646
21.400,EMBER,tourer,0,2,21.662,22.820,0.633,0.000,4,0,0,391.269,76.852,180.973,0.595
21.400,GOLD,moto,0,2,24.836,24.000,0.000,0.250,4,0,0,415.255,77.954,162.140,1.762
21.400,BLUE,atv,0,2,24.417,24.000,0.000,0.130,4,0,0,413.375,77.985,160.234,1.046
21.660,YOU reference pilot,original,0,2,21.126,20.003,0.000,0.316,4,0,0,387.957,77.213,183.581,0.867
21.660,EMBER,tourer,0,2,23.569,30.984,1.000,0.000,4,0,0,396.247,76.538,177.833,0.579
21.660,GOLD,moto,0,2,23.707,24.000,0.146,0.000,4,0,0,418.538,78.803,156.918,0.838
21.660,BLUE,atv,0,2,23.664,24.000,0.167,0.000,4,0,0,417.326,78.839,155.580,1.173
21.920,YOU reference pilot,original,0,2,22.174,27.390,1.000,0.000,4,0,0,393.198,76.753,181.679,1.494
21.920,EMBER,tourer,0,2,25.325,30.984,1.000,0.000,4,0,0,401.194,76.509,173.832,0.545
21.920,GOLD,moto,0,2,22.385,21.644,0.000,0.228,4,0,0,421.717,79.685,151.832,0.499
21.920,BLUE,atv,0,2,23.555,24.000,0.221,0.000,4,0,0,421.137,79.743,150.852,1.327
22.200,YOU reference pilot,original,0,2,23.993,30.984,1.000,0.000,4,0,0,398.712,76.495,178.287,1.717
22.200,EMBER,tourer,0,2,26.937,28.397,0.770,0.000,4,0,0,406.665,76.896,168.968,0.516
22.200,GOLD,moto,0,2,21.359,21.611,0.127,0.000,4,0,0,425.570,80.594,147.272,0.483
22.200,BLUE,atv,0,2,23.519,24.000,0.241,0.000,4,0,0,425.377,80.754,145.917,1.185
22.460,YOU reference pilot,original,0,2,25.619,27.237,0.864,0.000,4,0,0,403.487,76.559,173.945,1.557
22.460,EMBER,tourer,0,2,25.211,25.550,0.044,0.000,4,0,0,411.768,77.602,164.504,0.920
22.460,GOLD,moto,0,2,21.372,21.606,0.117,0.000,4,0,0,429.374,81.439,143.314,0.656
22.460,BLUE,atv,0,2,23.523,24.000,0.239,0.000,4,0,0,429.597,81.694,141.593,0.668
22.720,YOU reference pilot,original,0,2,25.880,26.082,0.000,0.000,4,0,0,408.154,76.977,169.096,1.393
22.720,EMBER,tourer,0,2,23.907,24.000,0.000,0.000,4,0,0,416.537,78.435,160.261,1.534
22.720,GOLD,moto,0,2,21.485,21.975,0.262,0.000,4,0,0,433.248,82.277,139.401,1.239
22.720,BLUE,atv,0,2,23.813,36.564,1.000,0.000,4,0,0,433.784,82.618,137.221,0.579
23.000,YOU reference pilot,original,0,2,25.242,25.445,0.094,0.000,4,0,0,413.074,77.756,164.061,1.508
23.000,EMBER,tourer,0,2,23.568,24.000,0.214,0.000,4,0,0,421.276,79.358,155.751,2.119
23.000,GOLD,moto,0,2,22.992,24.483,0.818,0.000,4,0,0,437.322,83.196,134.799,1.755
23.000,BLUE,atv,0,2,25.833,33.987,1.000,0.000,4,0,0,438.270,83.635,131.978,0.967
23.260,YOU reference pilot,original,0,2,23.664,24.000,0.164,0.000,4,0,0,417.508,78.593,159.554,1.776
23.260,EMBER,tourer,0,2,23.510,24.000,0.244,0.000,4,0,0,425.464,80.258,151.385,2.515
23.260,GOLD,moto,0,2,24.900,26.580,0.918,0.000,4,0,0,440.850,84.088,129.727,1.712
23.260,BLUE,atv,0,2,27.553,30.684,1.000,0.000,4,0,0,442.212,84.579,126.317,0.992
23.520,YOU reference pilot,original,0,2,23.578,24.000,0.209,0.000,4,0,0,421.706,79.461,155.166,2.069
23.520,EMBER,tourer,0,2,23.442,24.000,0.276,0.000,4,0,0,429.417,81.183,146.825,2.724
23.520,GOLD,moto,0,2,26.591,27.827,0.669,0.000,4,0,0,444.030,84.959,123.858,1.120
23.520,BLUE,atv,0,2,28.409,29.023,0.315,0.000,4,0,0,445.779,85.451,119.986,0.663
23.800,YOU reference pilot,original,0,2,23.523,24.000,0.237,0.000,4,0,0,426.086,80.440,150.340,2.341
23.800,EMBER,tourer,0,2,23.377,24.000,0.315,0.000,4,0,0,433.140,82.178,141.523,2.423
23.800,GOLD,moto,0,2,26.470,26.715,0.000,0.000,4,0,0,447.410,85.776,117.236,0.636
23.800,BLUE,atv,0,2,27.223,27.494,0.132,0.000,4,0,0,449.202,86.180,113.037,0.703
24.060,YOU reference pilot,original,0,2,23.495,24.000,0.252,0.000,4,0,0,430.003,81.370,145.743,2.521
24.060,EMBER,tourer,0,2,24.128,34.651,1.000,0.000,4,0,0,436.049,83.085,136.190,1.613
24.060,GOLD,moto,0,3,26.090,26.703,0.327,0.000,4,0,0,450.843,86.333,111.412,0.653
24.060,BLUE,atv,0,3,27.190,28.591,0.757,0.000,2,0,0,452.438,86.571,106.829,0.850
24.320,YOU reference pilot,original,0,2,23.483,24.000,0.259,0.000,4,0,0,433.772,82.298,141.028,2.623
24.320,EMBER,tourer,0,2,25.445,33.408,1.000,0.000,4,0,0,438.875,83.998,130.447,0.790
24.320,GOLD,moto,0,3,27.504,28.900,0.766,0.000,2,0,0,454.548,86.614,105.514,0.927
24.320,BLUE,atv,0,3,27.512,25.737,0.000,0.515,2,0,0,456.106,86.575,100.602,0.638
24.600,YOU reference pilot,original,0,2,24.501,31.921,1.000,0.000,4,0,0,437.663,83.290,135.675,2.562
24.600,EMBER,tourer,0,2,26.739,29.035,1.000,0.000,4,0,0,442.477,84.965,124.140,0.707
24.600,GOLD,moto,0,3,26.421,25.223,0.000,0.348,2,0,0,458.508,86.463,98.893,1.523
24.600,BLUE,atv,0,3,25.333,24.000,0.000,0.384,4,0,0,459.821,86.096,94.248,0.980
24.860,YOU reference pilot,original,0,2,25.769,29.090,1.000,0.000,4,0,0,440.917,84.208,130.066,1.996
24.860,EMBER,tourer,0,2,27.396,28.283,0.456,0.000,4,0,0,446.415,85.773,118.328,0.713
24.860,GOLD,moto,0,3,24.256,23.427,0.000,0.239,4,0,0,461.549,85.933,93.101,2.038
24.860,BLUE,atv,0,3,23.862,24.000,0.079,0.000,4,0,0,462.665,85.409,88.607,1.537
25.120,YOU reference pilot,original,0,2,27.020,29.086,1.000,0.000,4,0,0,444.125,85.089,124.040,1.346
25.120,EMBER,tourer,0,2,26.880,26.891,0.000,0.000,4,0,0,450.585,86.394,112.610,0.966
25.120,GOLD,moto,0,3,23.280,23.452,0.103,0.000,4,0,0,464.028,85.209,87.544,2.417
25.120,BLUE,atv,0,3,23.913,24.000,0.055,0.000,4,0,0,464.622,84.499,82.783,1.532
25.400,YOU reference pilot,original,0,2,27.564,28.442,0.451,0.000,4,0,0,448.009,85.932,117.469,1.152
25.400,EMBER,tourer,0,3,27.194,28.397,0.633,0.000,3,0,0,454.912,86.740,106.450,1.627
25.400,GOLD,moto,0,3,23.857,24.000,0.091,0.000,4,0,0,466.294,84.194,81.438,2.674
25.400,BLUE,atv,0,3,23.744,24.000,0.035,0.000,4,0,0,465.927,83.329,76.336,1.020
25.660,YOU reference pilot,original,0,3,26.763,30.806,1.000,0.000,4,0,0,451.777,86.501,111.506,1.334
25.660,EMBER,tourer,0,3,26.577,25.550,0.000,0.294,3,0,0,458.663,86.655,100.419,2.288
25.660,GOLD,moto,0,3,23.933,24.000,0.051,0.000,4,0,0,468.084,83.088,75.599,2.796
25.660,BLUE,atv,0,3,23.869,24.000,0.087,0.000,4,0,0,466.924,82.157,70.330,0.629
25.920,YOU reference pilot,original,0,3,27.346,28.397,0.553,0.000,2,0,0,455.481,86.758,105.525,1.701
25.920,EMBER,tourer,0,3,25.023,24.000,0.000,0.291,4,0,0,461.777,86.197,94.491,2.775
25.920,GOLD,moto,0,3,23.840,24.000,0.104,0.000,4,0,0,469.586,81.916,69.700,2.828
25.920,BLUE,atv,0,3,23.783,24.000,0.135,0.000,4,0,0,467.759,80.972,64.307,0.526
26.200,YOU reference pilot,original,0,3,26.254,25.550,0.000,0.201,3,0,0,459.220,86.583,98.909,2.182
26.200,EMBER,tourer,0,3,23.740,24.000,0.147,0.000,4,0,0,464.435,85.421,88.275,3.054
26.200,GOLD,moto,0,3,23.800,24.000,0.127,0.000,4,0,0,470.944,80.659,63.286,2.794
26.200,BLUE,atv,0,3,24.827,36.791,1.000,0.000,4,0,0,468.484,79.753,57.732,0.845
26.460,YOU reference pilot,original,0,3,24.725,24.000,0.000,0.205,4,0,0,462.123,86.050,92.978,2.549
26.460,EMBER,tourer,0,3,23.883,24.000,0.073,0.000,4,0,0,466.441,84.486,82.474,3.134
26.460,GOLD,moto,0,3,25.664,36.791,1.000,0.000,4,0,0,471.965,79.541,57.110,2.643
26.460,BLUE,atv,0,3,27.355,34.363,1.000,0.000,4,0,0,469.108,78.675,51.043,1.296
26.720,YOU reference pilot,original,0,3,23.745,24.000,0.145,0.000,4,0,0,464.507,85.285,87.218,2.788
26.720,EMBER,tourer,0,3,23.826,24.000,0.101,0.000,4,0,0,468.065,83.406,76.587,3.055
26.720,GOLD,moto,0,3,28.480,34.363,1.000,0.000,4,0,0,472.422,78.470,50.141,1.941
26.720,BLUE,atv,0,3,27.648,0.000,0.000,1.000,4,0,0,469.578,77.775,43.753,1.906
27.000,YOU reference pilot,original,0,3,23.722,24.000,0.045,0.000,4,0,0,466.656,84.235,80.976,2.912
27.000,EMBER,tourer,0,3,23.769,24.000,0.138,0.000,4,0,0,469.094,82.163,70.102,2.485
27.000,GOLD,moto,0,3,30.815,31.749,0.515,0.000,4,0,0,472.442,77.629,41.839,0.773
27.000,BLUE,atv,0,3,20.227,0.000,0.000,1.000,4,0,0,470.167,77.387,37.177,2.255
27.260,YOU reference pilot,original,0,3,23.734,24.000,0.040,0.000,4,0,0,468.334,83.127,75.106,2.939
27.260,EMBER,tourer,0,3,22.895,23.032,0.088,0.000,4,0,0,469.416,81.034,64.144,1.568
27.260,GOLD,moto,0,3,29.444,28.900,0.000,0.164,4,0,0,472.691,77.362,33.989,0.403
27.260,BLUE,atv,0,3,20.847,28.900,1.000,0.000,4,0,0,470.725,77.401,32.093,2.403
27.520,YOU reference pilot,original,0,3,23.814,24.000,0.114,0.000,4,0,0,469.754,81.962,69.197,2.907
27.520,EMBER,tourer,0,3,22.120,22.332,0.020,0.000,4,0,0,469.460,80.003,58.398,0.727
27.520,GOLD,moto,0,3,26.402,25.737,0.000,0.198,4,0,0,472.907,77.633,26.816,0.811
27.520,BLUE,atv,0,3,21.942,0.000,0.000,1.000,4,0,0,471.346,77.628,26.400,2.332
27.800,YOU reference pilot,original,0,3,23.922,24.000,0.056,0.000,4,0,0,471.058,80.715,62.771,2.834
27.800,EMBER,tourer,0,3,21.549,21.846,0.173,0.000,4,0,0,469.615,79.041,52.382,0.790
27.800,GOLD,moto,0,3,22.445,15.090,0.000,1.000,4,0,0,472.895,78.304,19.900,1.066
27.800,BLUE,atv,0,3,18.019,21.859,1.000,0.000,4,0,0,471.785,78.157,21.248,2.123
28.060,YOU reference pilot,original,0,3,25.378,31.905,1.000,0.000,4,0,0,472.122,79.613,56.610,2.740
28.060,EMBER,tourer,0,3,23.670,28.188,1.000,0.000,4,0,0,470.390,78.274,46.588,0.869
28.060,GOLD,moto,0,3,23.142,24.000,0.455,0.000,4,0,0,472.657,79.132,14.086,1.249
28.060,BLUE,atv,0,3,20.514,21.938,0.785,0.000,4,0,0,471.809,78.816,16.241,2.112
28.320,YOU reference pilot,original,0,3,27.392,32.496,1.000,0.000,4,0,0,473.081,78.589,49.878,2.571
28.320,EMBER,tourer,0,3,25.648,29.431,1.000,0.000,4,0,0,471.820,77.698,40.354,0.544
28.320,GOLD,moto,0,3,23.521,24.000,0.248,0.000,4,0,0,471.824,80.116,8.154,1.828
28.320,BLUE,atv,0,3,21.431,21.982,0.288,0.000,4,0,0,471.364,79.643,10.833,2.393
28.600,YOU reference pilot,original,0,3,27.868,28.093,0.000,0.000,4,0,0,474.097,77.753,42.136,2.411
28.600,EMBER,tourer,0,3,27.214,28.397,0.629,0.000,4,0,0,473.695,77.470,33.185,0.855
28.600,GOLD,moto,0,3,23.587,24.000,0.207,0.000,4,0,0,470.826,81.340,1.752,2.456
28.600,BLUE,atv,0,3,21.685,22.244,0.288,0.000,4,0,0,470.877,80.746,4.921,2.591
28.860,YOU reference pilot,original,0,3,26.317,26.525,0.112,0.000,4,0,0,474.952,77.448,35.187,2.279
28.860,EMBER,tourer,0,3,25.698,25.550,0.000,0.000,4,0,0,475.033,77.755,26.415,1.447
28.860,GOLD,moto,0,3,23.575,24.000,0.213,0.000,4,0,0,470.280,82.544,-4.233,2.640
28.860,BLUE,atv,0,3,21.920,22.506,0.302,0.000,4,0,0,470.619,81.835,-0.635,2.521
29.120,YOU reference pilot,original,0,3,24.734,24.975,0.003,0.000,4,0,0,475.627,77.624,28.621,2.180
29.120,EMBER,tourer,0,3,24.181,24.000,0.000,0.000,4,0,0,475.360,78.435,19.968,1.555
29.120,GOLD,moto,0,3,23.569,24.000,0.216,0.000,4,0,0,470.053,83.738,-10.239,2.554
29.120,BLUE,atv,0,3,22.126,22.706,0.297,0.000,4,0,0,470.495,82.946,-6.252,2.318
29.400,YOU reference pilot,original,0,3,23.776,23.963,0.088,0.000,4,0,0,476.092,78.215,21.978,2.295
29.400,EMBER,tourer,0,3,23.580,24.000,0.208,0.000,4,0,0,474.813,79.378,13.447,1.142
29.400,GOLD,moto,0,3,23.574,24.000,0.213,0.000,4,0,0,470.069,84.978,-16.722,2.331
29.400,BLUE,atv,0,3,22.293,22.946,0.338,0.000,4,0,0,470.676,84.144,-12.352,1.864
29.660,YOU reference pilot,original,0,3,23.668,24.000,0.162,0.000,4,0,0,476.286,79.002,15.878,2.471
29.660,EMBER,tourer,0,3,23.506,24.000,0.244,0.000,4,0,0,473.973,80.397,7.476,0.710
29.660,GOLD,moto,0,3,24.621,32.810,1.000,0.000,4,0,0,470.287,86.058,-22.831,2.115
29.660,BLUE,atv,0,3,23.188,24.000,0.426,0.000,4,0,0,471.445,85.230,-18.139,1.020
29.920,YOU reference pilot,original,0,3,23.573,24.000,0.210,0.000,4,0,0,476.257,79.963,9.823,2.632
29.920,EMBER,tourer,0,3,23.441,24.000,0.278,0.000,4,0,0,473.434,81.525,1.511,0.643
29.920,GOLD,moto,0,3,26.774,30.048,1.000,0.000,4,0,0,470.744,87.088,-29.447,1.948
29.920,BLUE,atv,0,3,24.662,31.792,1.000,0.000,4,0,0,472.575,86.276,-24.143,0.589
30.200,YOU reference pilot,original,0,3,23.453,24.000,0.272,0.000,4,0,0,475.930,81.138,3.360,2.651
30.200,EMBER,tourer,0,3,23.396,24.000,0.301,0.000,4,0,0,472.925,82.799,-4.897,0.641
30.200,GOLD,moto,0,3,28.926,36.050,1.000,0.000,2,0,0,471.635,88.039,-37.173,1.883
30.200,BLUE,atv,0,3,26.621,30.403,1.000,0.000,4,0,0,473.547,87.353,-31.202,0.995
30.460,YOU reference pilot,original,0,3,23.381,23.992,0.305,0.000,4,0,0,475.074,82.301,-2.548,2.179
30.460,EMBER,tourer,0,3,23.377,24.000,0.311,0.000,4,0,0,472.280,83.985,-10.825,0.702
30.460,GOLD,moto,0,3,30.930,41.047,1.000,0.000,4,0,0,472.997,88.558,-44.855,1.932
30.460,BLUE,atv,0,3,28.364,31.745,1.000,0.000,2,0,0,474.126,88.172,-38.308,0.825
30.720,YOU reference pilot,original,0,3,23.337,23.912,0.286,0.000,4,0,0,473.803,83.483,-8.367,1.321
30.720,EMBER,tourer,0,3,23.373,24.000,0.313,0.000,4,0,0,471.608,85.129,-16.758,0.996
30.720,GOLD,moto,0,3,32.852,43.267,1.000,0.000,4,0,0,475.008,88.773,-52.928,2.120
30.720,BLUE,atv,0,3,30.131,33.112,1.000,0.000,4,0,0,474.852,88.616,-45.901,0.684
31.000,YOU reference pilot,original,0,3,23.279,24.000,0.364,0.000,4,0,0,472.539,84.730,-14.651,0.687
31.000,EMBER,tourer,0,3,24.083,28.570,1.000,0.000,4,0,0,471.069,86.274,-23.243,1.445
31.000,GOLD,moto,0,3,34.786,41.221,1.000,0.000,4,0,0,477.972,88.949,-61.945,2.325
31.000,BLUE,atv,0,3,31.915,34.971,1.000,0.000,4,0,0,476.285,88.794,-54.496,1.420
31.260,YOU reference pilot,original,0,3,23.340,26.120,1.000,0.000,4,0,0,472.131,85.825,-20.593,0.711
31.260,EMBER,tourer,0,3,25.332,27.116,0.936,0.000,4,0,0,470.906,87.249,-29.616,1.853
31.260,GOLD,moto,0,3,36.451,39.069,1.000,0.000,4,0,0,481.456,89.165,-70.546,2.460
31.260,BLUE,atv,0,3,33.428,36.952,1.000,0.000,4,0,0,478.469,88.970,-62.723,2.152
31.520,YOU reference pilot,original,0,3,24.615,28.233,1.000,0.000,4,0,0,472.500,86.844,-26.755,0.710
31.520,EMBER,tourer,0,3,26.049,29.369,1.000,0.000,4,0,0,471.222,88.062,-36.272,2.187
31.520,GOLD,moto,0,3,36.504,36.791,0.146,0.000,4,0,0,485.479,89.248,-79.155,2.487
31.520,BLUE,atv,0,3,34.835,37.388,1.000,0.000,4,0,0,481.519,89.173,-71.075,2.617
31.800,YOU reference pilot,original,0,3,25.985,28.661,1.000,0.000,4,0,0,473.595,87.808,-33.712,0.956
31.800,EMBER,tourer,0,3,27.337,34.592,1.000,0.000,2,0,0,472.226,88.633,-43.678,2.450
31.800,GOLD,moto,0,3,33.759,31.749,0.000,0.584,4,0,0,489.985,89.104,-87.918,2.409
31.800,BLUE,atv,0,3,34.670,35.012,0.006,0.000,4,0,0,485.908,89.237,-79.899,2.430
32.060,YOU reference pilot,original,0,3,27.204,34.385,1.000,0.000,4,0,0,475.152,88.480,-40.441,1.403
32.060,EMBER,tourer,0,3,28.622,38.748,1.000,0.000,4,0,0,473.848,88.857,-50.795,2.629
32.060,GOLD,moto,0,3,31.121,28.900,0.000,0.644,4,0,0,494.003,88.760,-95.329,2.284
32.060,BLUE,atv,0,3,33.733,31.749,0.000,0.577,4,0,0,490.769,89.099,-87.296,1.475
32.320,YOU reference pilot,original,0,3,28.529,38.392,1.000,0.000,4,0,0,477.153,88.817,-47.426,1.754
32.320,EMBER,tourer,0,3,29.863,39.679,1.000,0.000,4,0,0,476.123,88.994,-58.069,2.715
32.320,GOLD,moto,0,3,28.438,25.737,0.000,0.780,4,0,0,497.734,88.235,-102.087,2.147
32.320,BLUE,atv,0,3,30.951,28.900,0.000,0.594,4,0,0,495.728,88.769,-94.090,0.611
32.600,YOU reference pilot,original,0,3,29.901,41.569,1.000,0.000,4,0,0,479.411,88.963,-55.311,1.537
32.600,EMBER,tourer,0,3,31.138,37.694,1.000,0.000,4,0,0,479.245,89.208,-66.034,2.713
32.600,GOLD,moto,0,4,25.897,24.000,0.000,0.546,4,0,0,501.333,87.507,-108.646,2.018
32.600,BLUE,atv,0,3,28.062,25.737,0.000,0.672,4,0,0,500.556,88.215,-100.789,1.204
32.860,YOU reference pilot,original,0,3,31.066,33.959,1.000,0.000,4,0,0,481.415,89.160,-62.996,0.848
32.860,EMBER,tourer,0,3,32.223,35.598,1.000,0.000,4,0,0,482.709,89.347,-73.528,2.590
32.860,GOLD,moto,0,4,24.045,24.000,0.000,0.000,4,0,0,504.359,86.689,-114.293,1.923
32.860,BLUE,atv,0,4,25.739,24.000,0.000,0.501,4,0,0,504.403,87.550,-106.534,1.871
33.120,YOU reference pilot,original,0,3,31.996,34.568,1.000,0.000,4,0,0,484.057,89.329,-70.775,0.700
33.120,EMBER,tourer,0,3,33.029,33.371,0.170,0.000,4,0,0,486.946,89.355,-80.917,2.010
33.120,GOLD,moto,0,4,23.860,24.000,0.090,0.000,4,0,0,507.176,85.725,-119.736,1.851
33.120,BLUE,atv,0,4,23.853,24.000,0.085,0.000,4,0,0,507.554,86.758,-112.064,2.116
33.400,YOU reference pilot,original,0,3,32.724,33.203,0.244,0.000,4,0,0,487.990,89.367,-78.982,0.716
33.400,EMBER,tourer,0,3,32.190,30.984,0.000,0.345,4,0,0,492.203,89.178,-88.483,0.957
33.400,GOLD,moto,0,4,23.795,24.000,0.130,0.000,4,0,0,510.083,84.471,-125.624,1.792
33.400,BLUE,atv,0,4,23.823,24.000,0.109,0.000,4,0,0,510.064,85.740,-118.173,1.641
33.660,YOU reference pilot,original,0,3,30.611,30.954,0.029,0.000,4,0,0,492.170,89.239,-86.156,0.836
33.660,EMBER,tourer,0,3,29.867,28.397,0.000,0.419,4,0,0,497.013,88.821,-94.996,0.960
33.660,GOLD,moto,0,4,23.794,24.000,0.135,0.000,3,0,0,512.652,83.074,-131.099,1.725
33.660,BLUE,atv,0,4,23.895,24.000,0.072,0.000,4,0,0,512.173,84.605,-123.900,1.119
33.920,YOU reference pilot,original,0,3,28.716,28.756,0.000,0.000,4,0,0,496.287,88.943,-92.704,1.272
33.920,EMBER,tourer,0,3,27.533,25.550,0.000,0.563,4,0,0,501.350,88.292,-101.098,1.761
33.920,GOLD,moto,0,4,23.903,24.000,0.079,0.000,3,0,0,515.106,81.408,-136.561,1.646
33.920,BLUE,atv,0,4,23.814,24.000,0.121,0.000,4,0,0,514.593,83.251,-129.455,1.036
34.200,YOU reference pilot,original,0,3,26.275,26.573,0.033,0.000,4,0,0,500.363,88.459,-99.159,1.787
34.200,EMBER,tourer,0,4,25.427,24.000,0.000,0.403,4,0,0,505.356,87.561,-107.268,2.391
34.200,GOLD,moto,0,4,23.766,24.000,0.041,0.000,4,0,0,517.636,79.262,-142.374,1.633
34.200,BLUE,atv,0,4,23.938,24.000,0.058,0.000,4,0,0,517.442,81.492,-135.251,1.295
34.460,YOU reference pilot,original,0,3,24.727,24.982,0.020,0.000,4,0,0,503.800,87.869,-104.811,2.162
34.460,EMBER,tourer,0,4,23.850,24.000,0.000,0.000,4,0,0,508.559,86.742,-112.763,2.707
34.460,GOLD,moto,0,4,23.878,24.000,0.102,0.000,4,0,0,519.909,77.014,-147.702,1.663
34.460,BLUE,atv,0,4,23.912,24.000,0.078,0.000,3,0,0,520.134,79.534,-140.498,1.647
34.720,YOU reference pilot,original,0,4,23.739,24.000,0.148,0.000,4,0,0,506.912,87.149,-110.225,2.411
34.720,EMBER,tourer,0,4,23.806,24.000,0.116,0.000,4,0,0,511.416,85.771,-118.187,2.831
34.720,GOLD,moto,0,4,23.817,24.000,0.019,0.000,4,0,0,522.136,74.572,-152.968,1.711
34.720,BLUE,atv,0,4,23.778,24.000,0.037,0.000,4,0,0,522.762,77.319,-145.671,1.979
35.000,YOU reference pilot,original,0,4,23.714,24.000,0.048,0.000,4,0,0,510.043,86.195,-116.049,2.561
35.000,EMBER,tourer,0,4,23.896,24.000,0.071,0.000,4,0,0,514.258,84.515,-124.107,2.838
35.000,GOLD,moto,0,4,23.918,24.000,0.086,0.000,4,0,0,524.494,71.746,-158.562,1.751
35.000,BLUE,atv,0,4,23.975,24.000,0.050,0.000,4,0,0,525.464,74.696,-151.213,2.241
35.260,YOU reference pilot,original,0,4,23.733,24.000,0.041,0.000,4,0,0,512.786,85.120,-121.511,2.625
35.260,EMBER,tourer,0,4,23.807,24.000,0.123,0.000,4,0,0,516.721,83.128,-129.637,2.806
35.260,GOLD,moto,0,4,23.984,24.000,0.052,0.000,4,0,0,526.661,68.999,-163.700,1.777
35.260,BLUE,atv,0,4,23.875,24.000,0.107,0.000,4,0,0,527.534,72.090,-156.462,2.064
35.520,YOU reference pilot,original,0,4,23.836,24.000,0.105,0.000,4,0,0,515.375,83.839,-127.008,2.652
35.520,EMBER,tourer,0,4,23.838,24.000,0.112,0.000,2,0,0,519.060,81.464,-135.155,2.768
35.520,GOLD,moto,0,4,23.881,24.000,0.111,0.000,4,0,0,528.807,66.168,-168.795,1.792
35.520,BLUE,atv,0,4,23.876,24.000,0.110,0.000,4,0,0,529.057,69.379,-161.845,1.378
35.800,YOU reference pilot,original,0,4,23.858,24.000,0.098,0.000,2,0,0,518.014,82.199,-132.935,2.691
35.800,EMBER,tourer,0,4,23.830,24.000,0.121,0.000,4,0,0,521.469,79.309,-141.022,2.652
35.800,GOLD,moto,0,4,23.897,24.000,0.103,0.000,4,0,0,531.095,63.045,-174.252,1.796
35.800,BLUE,atv,0,4,23.805,24.000,0.032,0.000,4,0,0,530.437,66.375,-167.665,0.612
36.060,YOU reference pilot,original,0,4,23.946,24.000,0.055,0.000,4,0,0,520.313,80.325,-138.406,2.631
36.060,EMBER,tourer,0,4,23.784,24.000,0.032,0.000,4,0,0,523.373,77.053,-146.499,2.240
36.060,GOLD,moto,0,4,23.824,24.000,0.024,0.000,4,0,0,533.194,60.101,-179.305,1.790
36.060,BLUE,atv,0,4,23.913,24.000,0.092,0.000,4,0,0,531.748,63.514,-173.023,0.839
36.320,YOU reference pilot,original,0,4,23.861,24.000,0.105,0.000,4,0,0,522.168,78.190,-143.946,2.158
36.320,EMBER,tourer,0,4,23.876,24.000,0.103,0.000,4,0,0,524.820,74.617,-152.033,1.445
36.320,GOLD,moto,0,4,23.789,24.000,0.045,0.000,4,0,0,535.265,57.137,-184.353,1.779
36.320,BLUE,atv,0,4,23.816,24.000,0.028,0.000,4,0,0,533.219,60.595,-178.304,1.410
36.600,YOU reference pilot,original,0,4,23.785,24.000,0.034,0.000,4,0,0,523.670,75.659,-149.956,1.255
36.600,EMBER,tourer,0,4,23.903,24.000,0.091,0.000,4,0,0,526.151,71.835,-157.976,0.735
36.600,GOLD,moto,0,4,23.833,24.000,0.020,0.000,4,0,0,537.460,53.946,-189.808,1.765
36.600,BLUE,atv,0,4,23.829,24.000,0.022,0.000,4,0,0,535.019,57.413,-183.908,1.838
36.860,YOU reference pilot,original,0,4,23.931,24.000,0.074,0.000,4,0,0,524.923,73.142,-155.503,0.738
36.860,EMBER,tourer,0,4,23.905,24.000,0.092,0.000,4,0,0,527.447,69.128,-163.417,1.108
36.860,GOLD,moto,0,4,23.790,24.000,0.044,0.000,4,0,0,539.461,51.014,-194.901,1.754
36.860,BLUE,atv,0,4,23.780,24.000,0.049,0.000,4,0,0,536.857,54.452,-189.044,2.035
37.120,YOU reference pilot,original,0,4,23.901,24.000,0.093,0.000,4,0,0,526.278,70.484,-160.957,1.196
37.120,EMBER,tourer,0,4,23.956,24.000,0.066,0.000,4,0,0,528.943,66.320,-168.751,1.710
37.120,GOLD,moto,0,4,23.950,24.000,0.074,0.000,4,0,0,541.422,48.133,-200.041,1.741
37.120,BLUE,atv,0,4,23.946,24.000,0.076,0.000,4,0,0,538.803,51.510,-194.155,2.086
37.400,YOU reference pilot,original,0,4,23.788,24.000,0.040,0.000,4,0,0,527.974,67.494,-166.698,1.795
37.400,EMBER,tourer,0,4,23.899,24.000,0.098,0.000,4,0,0,530.816,63.208,-174.369,2.128
37.400,GOLD,moto,0,4,23.948,24.000,0.073,0.000,4,0,0,543.482,45.126,-205.645,1.728
37.400,BLUE,atv,0,4,23.975,24.000,0.059,0.000,4,0,0,540.952,48.399,-199.667,2.039
37.660,YOU reference pilot,original,0,4,23.846,24.000,0.010,0.000,4,0,0,529.782,64.626,-171.908,2.131
37.660,EMBER,tourer,0,4,23.777,24.000,0.049,0.000,4,0,0,532.759,60.267,-179.483,2.282
37.660,GOLD,moto,0,4,23.829,24.000,0.017,0.000,4,0,0,545.337,42.479,-210.936,1.717
37.660,BLUE,atv,0,4,23.885,24.000,0.108,0.000,4,0,0,542.943,45.595,-204.829,1.952
37.920,YOU reference pilot,original,0,4,23.944,24.000,0.075,0.000,4,0,0,531.767,61.702,-177.019,2.260
37.920,EMBER,tourer,0,4,23.906,24.000,0.096,0.000,4,0,0,534.831,57.304,-184.533,2.271
37.920,GOLD,moto,0,4,23.879,24.000,0.108,0.000,4,0,0,547.133,40.027,-216.338,1.698
37.920,BLUE,atv,0,4,23.975,24.000,0.056,0.000,4,0,0,544.889,42.918,-210.076,1.858
38.200,YOU reference pilot,original,0,4,23.939,24.000,0.078,0.000,4,0,0,534.026,58.519,-182.449,2.236
38.200,EMBER,tourer,0,4,23.911,24.000,0.093,0.000,4,0,0,537.126,54.117,-189.944,2.155
38.200,GOLD,moto,0,4,23.875,24.000,0.102,0.000,4,0,0,549.022,37.755,-222.309,1.643
38.200,BLUE,atv,0,4,23.832,24.000,0.012,0.000,4,0,0,547.058,40.246,-215.798,1.609
38.460,YOU reference pilot,original,0,4,23.848,24.000,0.011,0.000,4,0,0,536.168,55.554,-187.466,2.132
38.460,EMBER,tourer,0,4,23.810,24.000,0.031,0.000,4,0,0,539.252,51.186,-194.983,2.014
38.460,GOLD,moto,0,4,23.919,24.000,0.075,0.000,4,0,0,550.729,35.923,-227.979,1.613
38.460,BLUE,atv,0,4,19.678,0.000,0.000,1.000,4,0,0,549.301,38.203,-220.720,0.942
38.720,YOU reference pilot,original,0,4,23.979,24.000,0.056,0.000,4,0,0,538.300,52.605,-192.497,2.003
38.720,EMBER,tourer,0,4,23.925,24.000,0.084,0.000,4,0,0,541.332,48.310,-200.072,1.880
38.720,GOLD,moto,0,4,23.903,24.000,0.080,0.000,4,0,0,552.350,34.253,-233.719,1.615
38.720,BLUE,atv,0,4,18.076,24.000,1.000,0.000,4,0,0,551.059,36.866,-224.711,0.537
39.000,YOU reference pilot,original,0,4,23.970,24.000,0.060,0.000,4,0,0,540.545,49.477,-197.959,1.874
39.000,EMBER,tourer,0,4,23.835,24.000,0.015,0.000,4,0,0,543.587,45.309,-205.601,1.671
39.000,GOLD,moto,0,4,23.881,24.000,0.088,0.000,4,0,0,553.989,32.703,-239.988,1.642
39.000,BLUE,atv,0,4,21.838,24.000,1.000,0.000,4,0,0,552.734,35.284,-229.847,0.473
39.260,YOU reference pilot,original,0,4,23.792,24.000,0.038,0.000,4,0,0,542.724,46.648,-203.034,1.615
39.260,EMBER,tourer,0,4,23.830,24.000,0.014,0.000,4,0,0,546.008,42.677,-210.665,1.112
39.260,GOLD,moto,0,4,24.912,40.229,1.000,0.000,4,0,0,555.411,31.504,-245.954,1.667
39.260,BLUE,atv,0,4,23.778,24.000,0.146,0.000,4,0,0,554.206,33.717,-235.448,0.463
39.520,YOU reference pilot,original,0,4,23.821,24.000,0.021,0.000,4,0,0,545.263,43.946,-208.006,0.979
39.520,EMBER,tourer,0,4,23.794,24.000,0.031,0.000,4,0,0,548.678,40.262,-215.705,0.558
39.520,GOLD,moto,0,4,26.427,17.461,0.000,1.000,4,0,0,556.804,30.445,-252.573,1.663
39.520,BLUE,atv,0,4,23.819,24.000,0.119,0.000,4,0,0,555.916,32.344,-241.241,0.378
39.800,YOU reference pilot,original,0,4,23.910,24.000,0.086,0.000,4,0,0,548.199,41.245,-213.354,0.634
39.800,EMBER,tourer,0,4,23.941,24.000,0.063,0.000,4,0,0,551.552,37.981,-221.274,1.233
39.800,GOLD,moto,0,4,22.219,40.232,1.000,0.000,4,0,0,557.913,29.707,-258.888,1.641
39.800,BLUE,atv,0,4,25.836,38.166,1.000,0.000,4,0,0,557.626,31.115,-247.778,0.402
40.060,YOU reference pilot,original,0,4,23.813,24.000,0.018,0.000,4,0,0,550.851,38.984,-218.472,1.364
40.060,EMBER,tourer,0,4,23.848,24.000,0.108,0.000,4,0,0,553.964,36.176,-226.685,1.986
40.060,GOLD,moto,0,4,25.247,38.832,1.000,0.000,4,0,0,558.727,29.141,-265.011,1.617
40.060,BLUE,atv,0,4,22.737,16.346,0.000,1.000,4,0,0,559.245,30.191,-254.072,0.629
40.320,YOU reference pilot,original,0,4,23.835,24.000,0.118,0.000,4,0,0,553.279,37.042,-223.824,2.119
40.320,EMBER,tourer,0,4,23.941,24.000,0.056,0.000,4,0,0,555.913,34.531,-232.327,2.310
40.320,GOLD,moto,0,4,27.974,33.254,1.000,0.000,4,0,0,559.354,28.598,-271.909,1.556
40.320,BLUE,atv,0,4,18.229,37.035,1.000,0.000,4,0,0,560.371,29.682,-258.965,0.937
40.600,YOU reference pilot,original,0,4,23.811,24.000,0.128,0.000,4,0,0,555.562,35.201,-229.813,2.642
40.600,EMBER,tourer,0,4,23.798,24.000,0.129,0.000,4,0,0,557.721,32.979,-238.548,2.440
40.600,GOLD,moto,0,4,30.580,31.929,0.742,0.000,4,0,0,559.687,28.006,-280.116,1.485
40.600,BLUE,atv,0,4,21.419,37.599,1.000,0.000,4,0,0,560.958,29.195,-264.498,0.854
40.860,YOU reference pilot,original,0,4,23.869,24.000,0.092,0.000,4,0,0,557.369,33.660,-235.529,2.856
40.860,EMBER,tourer,0,4,24.328,34.839,1.000,0.000,4,0,0,559.212,31.784,-244.451,2.483
40.860,GOLD,moto,0,4,32.830,41.673,1.000,0.000,4,0,0,559.522,27.334,-288.359,1.472
40.860,BLUE,atv,0,4,24.121,32.260,1.000,0.000,4,0,0,560.997,28.720,-270.428,0.527
41.120,YOU reference pilot,original,0,4,23.618,23.438,0.000,0.000,4,0,0,558.909,32.349,-241.368,2.893
41.120,EMBER,tourer,0,4,22.007,17.245,0.000,1.000,4,0,0,560.249,30.808,-250.544,2.218
41.120,GOLD,moto,0,4,34.906,48.000,1.000,0.000,4,0,0,558.756,26.541,-297.120,1.308
41.120,BLUE,atv,0,4,26.602,34.281,1.000,0.000,4,0,0,560.666,28.240,-277.024,0.620
41.400,YOU reference pilot,original,0,4,20.462,18.901,0.000,0.436,4,0,0,560.223,31.287,-247.323,2.835
41.400,EMBER,tourer,0,4,18.412,33.891,1.000,0.000,4,0,0,560.568,30.183,-255.845,1.622
41.400,GOLD,moto,0,4,36.945,48.000,1.000,0.000,4,0,0,557.184,25.862,-307.053,1.099
41.400,BLUE,atv,0,4,29.050,37.499,1.000,0.000,4,0,0,560.006,27.641,-284.795,1.155
41.660,YOU reference pilot,original,0,4,18.045,16.325,0.000,0.483,4,0,0,561.117,30.604,-252.188,2.752
41.660,EMBER,tourer,0,4,20.778,33.224,1.000,0.000,4,0,0,560.440,29.675,-260.935,0.881
41.660,GOLD,moto,0,5,38.661,48.000,1.000,0.000,4,0,0,555.080,25.428,-316.661,1.009
41.660,BLUE,atv,0,4,31.149,43.244,1.000,0.000,4,0,0,559.109,26.938,-292.564,1.523
41.920,YOU reference pilot,original,0,4,18.136,33.766,1.000,0.000,4,0,0,561.709,30.085,-256.645,2.579
41.920,EMBER,tourer,0,4,22.947,33.373,1.000,0.000,4,0,0,560.111,29.177,-266.609,0.703
41.920,GOLD,moto,0,5,40.218,48.000,1.000,0.000,4,0,0,552.513,25.134,-326.600,1.043
41.920,BLUE,atv,0,4,33.067,45.113,1.000,0.000,4,0,0,557.876,26.257,-300.813,1.578
42.200,YOU reference pilot,original,0,4,20.699,26.595,1.000,0.000,4,0,0,561.809,29.549,-262.081,1.940
42.200,EMBER,tourer,0,4,25.079,32.614,1.000,0.000,4,0,0,559.707,28.666,-273.324,1.363
42.200,GOLD,moto,0,5,41.719,46.878,1.000,0.000,4,0,0,549.493,24.990,-337.681,1.210
42.200,BLUE,atv,0,4,34.926,45.635,1.000,0.000,4,0,0,556.103,25.716,-310.169,1.480
42.460,YOU reference pilot,original,0,4,22.892,28.535,1.000,0.000,4,0,0,561.411,29.079,-267.736,1.057
42.460,EMBER,tourer,0,4,26.750,27.651,0.485,0.000,4,0,0,559.359,28.166,-280.066,1.846
42.460,GOLD,moto,0,5,42.878,43.915,0.538,0.000,4,0,0,546.759,25.041,-348.352,1.452
42.460,BLUE,atv,0,5,36.473,45.591,1.000,0.000,4,0,0,554.049,25.349,-319.229,1.370
42.720,YOU reference pilot,original,0,4,24.906,30.368,1.000,0.000,4,0,0,560.747,28.621,-273.919,0.665
42.720,EMBER,tourer,0,4,28.430,31.673,1.000,0.000,4,0,0,558.984,27.568,-287.224,2.079
42.720,GOLD,moto,0,5,43.668,48.000,1.000,0.000,4,0,0,544.415,25.283,-359.348,1.743
42.720,BLUE,atv,0,5,37.863,45.552,1.000,0.000,4,0,0,551.689,25.104,-328.611,1.320
43.000,YOU reference pilot,original,0,4,26.871,32.062,1.000,0.000,4,0,0,559.939,28.085,-281.129,1.322
43.000,EMBER,tourer,0,4,30.139,41.569,1.000,0.000,4,0,0,558.373,26.828,-295.387,1.942
43.000,GOLD,moto,0,5,44.617,48.000,1.000,0.000,4,0,0,542.547,25.849,-371.555,2.119
43.000,BLUE,atv,0,5,39.195,44.036,1.000,0.000,4,0,0,548.989,25.000,-339.068,1.365
43.260,YOU reference pilot,original,0,4,28.577,33.868,1.000,0.000,4,0,0,559.154,27.474,-288.291,1.868
43.260,EMBER,tourer,0,4,31.567,41.569,1.000,0.000,4,0,0,557.432,26.259,-303.346,1.616
43.260,GOLD,moto,0,5,45.212,46.069,0.431,0.000,4,0,0,541.364,26.909,-383.139,2.444
43.260,BLUE,atv,0,5,40.238,42.520,1.000,0.000,4,0,0,546.560,25.066,-349.114,1.493
43.520,YOU reference pilot,original,0,4,30.151,35.234,1.000,0.000,4,0,0,558.258,26.788,-295.859,1.991
43.520,EMBER,tourer,0,4,32.859,41.569,1.000,0.000,4,0,0,556.023,25.824,-311.603,1.321
43.520,GOLD,moto,0,5,43.416,42.328,0.000,0.326,4,0,0,540.746,28.219,-394.531,2.506
43.520,BLUE,atv,0,5,41.002,45.454,1.000,0.000,4,0,0,544.451,25.301,-359.450,1.697
43.800,YOU reference pilot,original,0,4,31.671,36.584,1.000,0.000,4,0,0,557.017,26.190,-304.419,1.808
43.800,EMBER,tourer,0,5,34.124,41.569,1.000,0.000,4,0,0,553.985,25.471,-320.761,1.154
43.800,GOLD,moto,0,5,40.819,41.474,0.327,0.000,4,0,0,540.474,29.723,-406.134,2.343
43.800,BLUE,atv,0,5,40.512,0.000,0.000,1.000,4,0,0,542.935,25.775,-370.900,1.794
44.060,YOU reference pilot,original,0,4,32.926,37.757,1.000,0.000,4,0,0,555.502,25.771,-312.679,1.559
44.060,EMBER,tourer,0,5,35.193,41.569,1.000,0.000,4,0,0,551.719,25.260,-329.489,1.164
44.060,GOLD,moto,0,5,37.761,38.105,0.000,0.000,4,0,0,540.283,31.010,-416.221,2.136
44.060,BLUE,atv,0,5,33.048,0.000,0.000,1.000,4,0,0,542.798,26.593,-380.334,1.207
44.320,YOU reference pilot,original,0,5,34.052,38.831,1.000,0.000,4,0,0,553.618,25.454,-321.184,1.374
44.320,EMBER,tourer,0,5,36.158,39.485,1.000,0.000,4,0,0,549.275,25.173,-338.444,1.310
44.320,GOLD,moto,0,5,34.884,34.999,0.000,0.000,4,0,0,539.968,32.084,-425.556,1.965
44.320,BLUE,atv,0,5,33.759,43.320,1.000,0.000,4,0,0,542.848,27.609,-388.886,0.772
44.600,YOU reference pilot,original,0,5,35.136,39.775,1.000,0.000,4,0,0,551.265,25.240,-330.587,1.307
44.600,EMBER,tourer,0,5,36.971,38.031,0.543,0.000,4,0,0,546.695,25.229,-348.367,1.570
44.600,GOLD,moto,0,5,32.096,32.069,0.000,0.000,4,0,0,539.386,32.960,-434.853,1.851
44.600,BLUE,atv,0,5,35.087,40.340,1.000,0.000,4,0,0,542.810,28.760,-398.470,0.525
44.860,YOU reference pilot,original,0,5,35.947,40.150,1.000,0.000,4,0,0,549.249,25.170,-339.614,1.090
44.860,EMBER,tourer,0,5,37.498,41.563,1.000,0.000,4,0,0,544.592,25.428,-357.810,1.860
44.860,GOLD,moto,0,5,30.444,30.692,0.123,0.000,2,0,0,538.574,33.479,-442.911,1.787
44.860,BLUE,atv,0,5,36.200,40.309,1.000,0.000,4,0,0,543.139,29.923,-407.669,0.646
45.120,YOU reference pilot,original,0,5,36.681,38.815,1.000,0.000,4,0,0,547.901,25.232,-348.963,0.607
45.120,EMBER,tourer,0,5,38.145,41.488,1.000,0.000,4,0,0,542.933,25.782,-367.500,2.182
45.120,GOLD,moto,0,5,31.254,31.749,0.263,0.000,2,0,0,537.440,33.631,-450.901,1.676
45.120,BLUE,atv,0,5,36.465,36.723,0.000,0.000,4,0,0,543.481,31.097,-417.109,1.279
45.400,YOU reference pilot,original,0,5,37.416,40.196,1.000,0.000,4,0,0,546.729,25.457,-359.274,0.821
45.400,EMBER,tourer,0,5,38.732,41.408,1.000,0.000,4,0,0,541.710,26.534,-378.163,2.438
45.400,GOLD,moto,0,5,29.452,28.900,0.000,0.160,4,0,0,535.894,33.313,-459.295,1.540
45.400,BLUE,atv,0,5,34.307,34.658,0.002,0.000,4,0,0,542.943,32.215,-427.028,1.312
45.660,YOU reference pilot,original,0,5,38.007,40.224,1.000,0.000,4,0,0,545.264,25.836,-368.962,0.646
45.660,EMBER,tourer,0,5,37.590,41.334,1.000,0.000,4,0,0,541.066,27.610,-387.920,2.517
45.660,GOLD,moto,0,5,26.525,25.737,0.000,0.226,4,0,0,534.320,32.732,-466.325,1.507
45.660,BLUE,atv,0,5,32.232,32.069,0.000,0.000,4,0,0,541.624,32.994,-435.537,0.809
45.920,YOU reference pilot,original,0,5,38.389,40.255,0.944,0.000,4,0,0,543.966,26.572,-378.781,0.487
45.920,EMBER,tourer,0,5,37.960,41.261,1.000,0.000,4,0,0,541.000,28.818,-397.673,2.180
45.920,GOLD,moto,0,5,24.668,24.000,0.000,0.190,4,0,0,532.671,31.985,-472.725,1.527
45.920,BLUE,atv,0,5,30.444,30.692,0.000,0.000,3,0,0,539.922,33.493,-443.499,0.681
46.200,YOU reference pilot,original,0,5,37.679,40.292,1.000,0.000,4,0,0,543.496,27.756,-389.272,0.554
46.200,EMBER,tourer,0,5,38.191,39.467,0.641,0.000,4,0,0,541.785,30.153,-408.228,1.109
46.200,GOLD,moto,0,5,23.908,24.000,0.061,0.000,4,0,0,530.826,31.023,-479.135,1.559
46.200,BLUE,atv,0,5,31.158,31.749,0.312,0.000,4,0,0,538.148,33.616,-451.980,0.910
46.460,YOU reference pilot,original,0,5,38.048,40.330,1.000,0.000,4,0,0,543.677,28.977,-399.040,0.879
46.460,EMBER,tourer,0,5,36.790,36.739,0.000,0.000,4,0,0,542.789,31.342,-417.891,0.849
46.460,GOLD,moto,0,5,23.740,24.000,0.037,0.000,4,0,0,528.986,30.036,-484.973,1.598
46.460,BLUE,atv,0,5,29.415,28.900,0.000,0.150,4,0,0,536.924,33.311,-459.771,0.698
46.720,YOU reference pilot,original,0,5,37.039,37.452,0.020,0.000,4,0,0,544.026,30.217,-408.803,1.501
46.720,EMBER,tourer,0,5,33.961,34.240,0.000,0.000,4,0,0,543.299,32.351,-427.008,1.692
46.720,GOLD,moto,0,5,23.843,24.000,0.101,0.000,4,0,0,527.011,28.978,-490.754,1.631
46.720,BLUE,atv,0,5,26.455,25.737,0.000,0.207,4,0,0,535.470,32.721,-466.801,0.639
47.000,YOU reference pilot,original,0,5,34.337,34.573,0.104,0.000,4,0,0,544.223,31.425,-418.655,2.095
47.000,EMBER,tourer,0,5,31.454,30.434,0.000,0.299,4,0,0,542.618,33.164,-436.102,1.748
47.000,GOLD,moto,0,5,23.785,24.000,0.135,0.000,4,0,0,524.719,27.787,-496.909,1.650
47.000,BLUE,atv,0,5,24.527,24.000,0.000,0.149,4,0,0,533.523,31.892,-473.591,0.694
47.260,YOU reference pilot,original,0,5,32.844,34.240,0.715,0.000,4,0,0,544.097,32.371,-427.293,2.455
47.260,EMBER,tourer,0,5,30.527,33.371,1.000,0.000,4,0,0,541.040,33.637,-443.994,1.189
47.260,GOLD,moto,0,5,23.913,24.000,0.063,0.000,4,0,0,522.412,26.686,-502.555,1.657
47.260,BLUE,atv,0,5,23.921,24.000,0.053,0.000,4,0,0,531.533,31.006,-479.430,0.893
47.520,YOU reference pilot,original,0,5,31.728,31.919,0.084,0.000,4,0,0,543.627,33.123,-435.657,2.652
47.520,EMBER,tourer,0,5,30.649,30.984,0.171,0.000,3,0,0,538.931,33.757,-451.690,0.769
47.520,GOLD,moto,0,5,26.185,28.960,1.000,0.000,4,0,0,519.786,25.601,-508.348,1.649
47.520,BLUE,atv,0,5,23.729,24.000,0.042,0.000,4,0,0,529.411,30.025,-485.172,1.172
47.800,YOU reference pilot,original,0,5,30.397,33.371,1.000,0.000,3,0,0,542.677,33.649,-444.325,2.693
47.800,EMBER,tourer,0,5,29.005,28.397,0.000,0.174,3,0,0,536.476,33.444,-459.704,1.075
47.800,GOLD,moto,0,5,27.014,25.804,0.000,0.345,4,0,0,516.362,24.516,-515.036,1.579
47.800,BLUE,atv,0,5,23.857,24.000,0.092,0.000,4,0,0,527.175,28.885,-491.357,1.300
48.060,YOU reference pilot,original,0,5,30.472,30.984,0.262,0.000,2,0,0,540.977,33.762,-452.081,2.278
48.060,EMBER,tourer,0,5,26.426,25.550,0.000,0.247,4,0,0,534.346,32.858,-466.533,1.506
48.060,GOLD,moto,0,5,24.745,23.989,0.000,0.217,4,0,0,513.024,23.963,-520.792,1.466
48.060,BLUE,atv,0,5,23.721,24.000,0.049,0.000,4,0,0,525.004,27.780,-497.057,1.350
48.320,YOU reference pilot,original,0,5,29.025,28.397,0.000,0.179,4,0,0,538.562,33.486,-459.468,1.453
48.320,EMBER,tourer,0,5,24.795,24.000,0.000,0.222,4,0,0,532.397,32.084,-472.862,1.787
48.320,GOLD,moto,0,5,22.010,20.450,0.000,0.450,4,0,0,509.679,23.595,-525.843,1.439
48.320,BLUE,atv,0,5,23.822,24.000,0.112,0.000,4,0,0,522.985,26.683,-502.810,1.074
48.600,YOU reference pilot,original,0,5,26.351,25.550,0.000,0.226,4,0,0,535.799,32.883,-466.650,0.772
48.600,EMBER,tourer,0,5,23.829,24.000,0.102,0.000,4,0,0,530.436,31.123,-479.271,1.921
48.600,GOLD,moto,0,5,18.740,18.034,0.000,0.203,4,0,0,506.235,23.279,-530.347,1.482
48.600,BLUE,atv,0,5,26.031,29.358,1.000,0.000,4,0,0,520.903,25.534,-509.317,0.474
48.860,YOU reference pilot,original,0,5,24.779,24.000,0.000,0.218,4,0,0,533.357,32.128,-472.798,1.031
48.860,EMBER,tourer,0,5,23.813,24.000,0.112,0.000,4,0,0,528.614,30.136,-485.117,1.937
48.860,GOLD,moto,0,5,16.040,15.197,0.000,0.243,4,0,0,503.295,23.101,-533.681,1.560
48.860,BLUE,atv,0,5,26.722,26.991,0.154,0.000,4,0,0,518.179,24.551,-515.650,0.511
49.120,YOU reference pilot,original,0,5,23.783,24.000,0.126,0.000,4,0,0,531.110,31.251,-478.609,1.505
49.120,EMBER,tourer,0,5,23.839,24.000,0.098,0.000,4,0,0,526.743,29.076,-490.931,1.862
49.120,GOLD,moto,0,6,14.333,13.364,0.000,0.280,4,0,0,500.498,22.990,-536.431,1.651
49.120,BLUE,atv,0,5,20.772,0.000,0.000,1.000,4,0,0,515.016,23.983,-520.958,0.511
49.400,YOU reference pilot,original,0,5,23.715,24.000,0.049,0.000,4,0,0,529.049,30.199,-484.875,1.626
49.400,EMBER,tourer,0,5,23.890,24.000,0.072,0.000,4,0,0,524.946,27.892,-497.251,1.399
49.400,GOLD,moto,0,6,12.600,12.022,0.000,0.167,4,0,0,497.614,22.927,-538.833,1.751
49.400,BLUE,atv,0,5,21.382,20.655,0.000,0.209,4,0,0,511.373,23.661,-525.763,0.468
49.660,YOU reference pilot,original,0,5,23.716,24.000,0.050,0.000,4,0,0,527.661,29.147,-490.823,1.130
49.660,EMBER,tourer,0,5,23.925,24.000,0.053,0.000,4,0,0,523.524,26.810,-503.186,0.711
49.660,GOLD,moto,0,6,11.314,10.946,0.000,0.000,4,0,0,495.078,22.919,-540.551,1.845
49.660,BLUE,atv,0,5,19.410,18.533,0.000,0.252,4,0,0,507.877,23.364,-529.746,0.677
49.920,YOU reference pilot,original,0,5,23.773,24.000,0.135,0.000,4,0,0,526.493,28.063,-496.810,0.662
49.920,EMBER,tourer,0,5,25.287,26.702,0.764,0.000,4,0,0,521.831,25.770,-509.226,0.881
49.920,GOLD,moto,0,6,11.594,11.871,0.156,0.000,4,0,0,492.470,22.958,-541.907,1.935
49.920,BLUE,atv,0,5,16.330,15.345,0.000,0.284,4,0,0,504.765,23.155,-533.097,0.902
50.200,YOU reference pilot,original,0,5,23.842,24.000,0.098,0.000,4,0,0,525.076,26.907,-503.225,1.299
50.200,EMBER,tourer,0,5,24.914,24.924,0.000,0.000,4,0,0,518.970,24.772,-515.690,1.196
50.200,GOLD,moto,0,6,13.761,15.033,0.732,0.000,4,0,0,489.121,23.081,-543.015,1.897
50.200,BLUE,atv,0,6,14.491,13.814,0.000,0.195,4,0,0,501.817,23.019,-536.199,0.951
50.460,YOU reference pilot,original,0,5,25.223,28.012,1.000,0.000,4,0,0,523.319,25.871,-509.214,2.066
50.460,EMBER,tourer,0,5,23.175,22.433,0.000,0.209,4,0,0,515.669,24.200,-520.904,1.043
50.460,GOLD,moto,0,6,14.374,24.113,1.000,0.000,4,0,0,485.408,23.352,-543.375,1.503
50.460,BLUE,atv,0,6,12.815,12.209,0.000,0.176,4,0,0,499.182,22.947,-538.539,1.033
50.720,YOU reference pilot,original,0,5,25.537,25.726,0.108,0.000,4,0,0,520.922,24.918,-515.365,2.673
50.720,EMBER,tourer,0,5,20.772,19.088,0.000,0.477,4,0,0,512.132,23.859,-525.372,0.722
50.720,GOLD,moto,0,6,17.142,28.732,1.000,0.000,4,0,0,481.380,23.796,-542.594,0.665
50.720,BLUE,atv,0,6,11.221,10.480,0.000,0.216,4,0,0,496.651,22.920,-540.331,1.177
51.000,YOU reference pilot,original,0,5,23.419,22.544,0.000,0.246,4,0,0,517.888,24.248,-521.388,3.077
51.000,EMBER,tourer,0,5,17.978,16.806,0.000,0.332,4,0,0,508.478,23.556,-529.360,0.678
51.000,GOLD,moto,0,6,19.814,38.040,1.000,0.000,4,0,0,476.847,24.400,-540.119,0.935
51.000,BLUE,atv,0,6,10.773,10.927,0.087,0.000,4,0,0,493.946,22.937,-541.790,1.389
51.260,YOU reference pilot,original,0,5,21.164,20.118,0.000,0.297,4,0,0,514.679,23.901,-526.198,3.012
51.260,EMBER,tourer,0,5,15.421,14.002,0.000,0.402,4,0,0,505.417,23.355,-532.382,0.976
51.260,GOLD,moto,0,6,22.138,46.096,1.000,0.000,4,0,0,472.984,25.029,-536.290,1.588
51.260,BLUE,atv,0,6,11.817,12.348,0.300,0.000,4,0,0,491.189,23.002,-542.820,1.587
51.520,YOU reference pilot,original,0,5,18.897,17.997,0.000,0.256,4,0,0,511.185,23.614,-530.014,2.394
51.520,EMBER,tourer,0,5,13.770,13.405,0.000,0.000,4,0,0,502.641,23.222,-534.910,1.293
51.520,GOLD,moto,0,6,24.431,43.298,1.000,0.000,4,0,0,469.681,25.742,-531.239,1.650
51.520,BLUE,atv,0,6,12.236,15.842,1.000,0.000,4,0,0,488.194,23.143,-543.406,1.648
51.800,YOU reference pilot,original,0,5,15.191,13.622,0.000,0.445,4,0,0,507.615,23.392,-533.075,1.528
51.800,EMBER,tourer,0,6,12.075,10.920,0.000,0.328,4,0,0,499.879,23.130,-537.218,1.568
51.800,GOLD,moto,0,6,26.834,48.000,1.000,0.000,4,0,0,466.633,26.599,-524.769,1.147
51.800,BLUE,atv,0,6,15.344,21.692,1.000,0.000,4,0,0,484.316,23.466,-543.264,1.341
52.060,YOU reference pilot,original,0,5,13.023,12.076,0.000,0.268,4,0,0,504.767,23.262,-535.306,0.942
52.060,EMBER,tourer,0,6,10.784,10.412,0.000,0.000,4,0,0,497.525,23.088,-538.985,1.744
52.060,GOLD,moto,0,6,28.930,46.493,1.000,0.000,4,0,0,463.962,27.460,-518.059,0.549
52.060,BLUE,atv,0,6,17.758,30.432,1.000,0.000,4,0,0,480.214,23.944,-541.969,0.533
52.320,YOU reference pilot,original,0,6,12.658,13.054,0.222,0.000,4,0,0,502.264,23.166,-537.445,0.742
52.320,EMBER,tourer,0,6,9.878,9.479,0.000,0.000,4,0,0,495.303,23.081,-540.440,1.871
52.320,GOLD,moto,0,6,30.856,45.554,1.000,0.000,4,0,0,461.095,28.373,-510.867,0.800
52.320,BLUE,atv,0,6,19.915,44.956,1.000,0.000,4,0,0,476.137,24.532,-539.276,0.930
52.600,YOU reference pilot,original,0,6,11.603,10.626,0.000,0.278,4,0,0,499.762,23.100,-539.716,0.730
52.600,EMBER,tourer,0,6,9.939,10.281,0.188,0.000,4,0,0,492.899,23.113,-541.733,1.945
52.600,GOLD,moto,0,6,32.741,46.155,1.000,0.000,4,0,0,457.453,29.398,-502.781,1.459
52.600,BLUE,atv,0,6,22.171,46.476,1.000,0.000,4,0,0,472.219,25.218,-534.899,1.449
52.860,YOU reference pilot,original,0,6,10.294,9.566,0.000,0.208,4,0,0,497.630,23.078,-541.576,0.815
52.860,EMBER,tourer,0,6,10.891,11.997,0.611,0.000,4,0,0,490.403,23.193,-542.726,1.935
52.860,GOLD,moto,0,6,34.349,44.243,1.000,0.000,4,0,0,453.392,30.370,-495.102,2.005
52.860,BLUE,atv,0,6,24.209,43.093,1.000,0.000,4,0,0,469.135,25.932,-529.743,1.376
53.120,YOU reference pilot,original,0,6,9.840,9.975,0.070,0.000,4,0,0,495.557,23.088,-543.149,0.931
53.120,EMBER,tourer,0,6,12.995,16.310,1.000,0.000,4,0,0,487.367,23.370,-543.408,1.734
53.120,GOLD,moto,0,6,35.850,43.704,1.000,0.000,4,0,0,448.697,31.366,-487.320,2.422
53.120,BLUE,atv,0,6,26.176,44.100,1.000,0.000,4,0,0,466.429,26.714,-523.806,0.902
53.400,YOU reference pilot,original,0,6,10.445,11.272,0.461,0.000,4,0,0,493.068,23.133,-544.466,0.961
53.400,EMBER,tourer,0,6,13.503,22.781,1.000,0.000,4,0,0,483.758,23.692,-543.406,1.118
53.400,GOLD,moto,0,6,37.333,40.603,1.000,0.000,4,0,0,443.090,32.636,-478.821,2.448
53.400,BLUE,atv,0,6,28.154,37.934,1.000,0.000,4,0,0,463.607,27.616,-516.774,0.507
53.660,YOU reference pilot,original,0,6,11.801,14.039,1.000,0.000,4,0,0,490.295,23.220,-545.215,0.825
53.660,EMBER,tourer,0,6,15.271,27.219,1.000,0.000,4,0,0,480.155,24.093,-542.372,0.648
53.660,GOLD,moto,0,6,37.091,36.660,0.000,0.136,4,0,0,437.602,33.943,-470.872,2.273
53.660,BLUE,atv,0,6,29.829,44.108,1.000,0.000,4,0,0,460.756,28.499,-509.830,0.960
53.920,YOU reference pilot,original,0,6,13.855,16.647,1.000,0.000,4,0,0,486.956,23.390,-545.312,0.684
53.920,EMBER,tourer,0,6,16.881,32.944,1.000,0.000,4,0,0,476.589,24.566,-540.184,1.218
53.920,GOLD,moto,0,6,35.190,35.444,0.116,0.000,4,0,0,432.258,35.158,-463.251,2.061
53.920,BLUE,atv,0,6,31.352,46.155,1.000,0.000,4,0,0,457.433,29.412,-502.641,1.508
54.200,YOU reference pilot,original,0,6,16.034,20.018,1.000,0.000,4,0,0,482.869,23.716,-544.353,0.677
54.200,EMBER,tourer,0,6,18.618,40.025,1.000,0.000,4,0,0,473.151,25.136,-536.605,1.676
54.200,GOLD,moto,0,6,31.906,30.342,0.000,0.463,4,0,0,426.899,36.283,-455.636,1.884
54.200,BLUE,atv,0,6,32.816,44.005,1.000,0.000,4,0,0,453.157,30.412,-494.778,1.989
54.460,YOU reference pilot,original,0,6,17.779,21.909,1.000,0.000,4,0,0,479.006,24.174,-542.260,0.974
54.460,EMBER,tourer,0,6,20.236,40.039,1.000,0.000,4,0,0,470.460,25.733,-532.349,1.617
54.460,GOLD,moto,0,6,29.059,27.347,0.000,0.504,4,0,0,422.345,37.136,-449.192,1.788
54.460,BLUE,atv,0,6,34.000,43.704,1.000,0.000,4,0,0,448.194,31.360,-487.700,1.809
54.720,YOU reference pilot,original,0,6,19.417,23.977,1.000,0.000,4,0,0,475.431,24.739,-539.020,1.330
54.720,EMBER,tourer,0,6,21.857,40.057,1.000,0.000,4,0,0,468.163,26.386,-527.405,1.167
54.720,GOLD,moto,0,6,26.697,27.164,0.244,0.000,4,0,0,418.166,37.795,-443.344,1.740
54.720,BLUE,atv,0,6,35.188,39.978,1.000,0.000,4,0,0,442.410,32.466,-480.887,0.831
55.000,YOU reference pilot,original,0,6,21.169,26.089,1.000,0.000,4,0,0,472.095,25.414,-534.444,1.376
55.000,EMBER,tourer,0,6,23.533,39.451,1.000,0.000,4,0,0,465.888,27.140,-521.499,0.664
55.000,GOLD,moto,0,6,24.664,23.798,0.000,0.258,4,0,0,413.946,38.298,-437.566,1.730
55.000,BLUE,atv,0,6,36.297,38.182,0.982,0.000,4,0,0,435.807,33.792,-473.460,0.862
55.260,YOU reference pilot,original,0,6,22.756,27.772,1.000,0.000,4,0,0,469.438,26.099,-529.416,1.074
55.260,EMBER,tourer,0,6,24.979,37.753,1.000,0.000,4,0,0,463.695,27.884,-515.614,0.945
55.260,GOLD,moto,0,6,23.652,22.527,0.000,0.331,4,0,0,410.202,38.561,-432.571,1.769
55.260,BLUE,atv,0,6,35.333,34.222,0.000,0.333,4,0,0,429.801,35.000,-466.366,1.856
55.520,YOU reference pilot,original,0,6,24.280,29.179,1.000,0.000,4,0,0,467.024,26.829,-523.827,0.691
55.520,EMBER,tourer,0,6,26.304,32.895,1.000,0.000,4,0,0,461.205,28.661,-509.460,1.533
55.520,GOLD,moto,0,6,24.718,25.737,0.567,0.000,2,0,0,406.356,38.571,-427.552,1.883
55.520,BLUE,atv,0,6,32.635,31.596,0.000,0.311,4,0,0,424.364,36.081,-459.437,2.487
55.800,YOU reference pilot,original,0,6,25.760,30.528,1.000,0.000,4,0,0,464.354,27.662,-517.379,0.787
55.800,EMBER,tourer,0,6,27.615,40.168,1.000,0.000,4,0,0,458.014,29.525,-502.654,2.025
55.800,GOLD,moto,0,6,24.062,24.000,0.000,0.000,1,0,0,402.140,38.032,-422.148,1.912
55.800,BLUE,atv,0,6,29.888,30.178,0.139,0.000,4,0,0,419.237,37.042,-452.454,2.769
56.060,YOU reference pilot,original,0,6,26.938,36.156,1.000,0.000,4,0,0,461.209,28.468,-511.328,0.825
56.060,EMBER,tourer,0,6,28.748,40.204,1.000,0.000,4,0,0,454.504,30.340,-496.257,2.332
56.060,GOLD,moto,0,6,23.873,24.000,0.083,0.000,4,0,0,398.309,37.053,-417.349,1.855
56.060,BLUE,atv,0,6,26.996,27.164,0.076,0.000,4,0,0,415.000,37.736,-446.473,2.805
56.320,YOU reference pilot,original,0,6,28.094,40.639,1.000,0.000,4,0,0,457.317,29.293,-505.365,0.656
56.320,EMBER,tourer,0,6,29.826,40.242,1.000,0.000,4,0,0,450.501,31.166,-489.817,2.567
56.320,GOLD,moto,0,6,23.800,24.000,0.129,0.000,3,0,0,394.425,35.848,-412.661,1.807
56.320,BLUE,atv,0,6,24.997,23.798,0.000,0.354,4,0,0,411.129,38.232,-440.999,2.737
56.600,YOU reference pilot,original,0,6,29.295,42.426,1.000,0.000,4,0,0,452.540,30.198,-498.950,1.086
56.600,EMBER,tourer,0,6,30.901,40.287,1.000,0.000,4,0,0,445.767,32.185,-482.818,2.508
56.600,GOLD,moto,0,6,23.216,23.262,0.000,0.000,4,0,0,390.153,34.276,-407.828,1.737
56.600,BLUE,atv,0,6,23.900,22.527,0.000,0.402,4,0,0,407.159,38.549,-435.479,2.592
56.860,YOU reference pilot,original,0,6,30.324,41.453,1.000,0.000,4,0,0,447.812,31.057,-492.852,1.578
56.860,EMBER,tourer,0,6,31.813,38.682,1.000,0.000,4,0,0,441.108,33.257,-476.202,2.290
56.860,GOLD,moto,0,6,21.290,19.524,0.000,0.500,4,0,0,386.203,32.827,-403.791,1.681
56.860,BLUE,atv,0,6,24.535,25.737,0.660,0.000,2,0,0,403.538,38.584,-430.332,2.258
57.120,YOU reference pilot,original,0,6,31.157,39.557,1.000,0.000,4,0,0,443.260,31.990,-486.335,1.715
57.120,EMBER,tourer,0,6,32.653,36.643,1.000,0.000,4,0,0,436.296,34.356,-469.418,2.042
57.120,GOLD,moto,0,6,20.034,20.439,0.249,0.000,4,0,0,382.349,31.625,-400.357,1.645
57.120,BLUE,atv,0,6,23.890,24.000,0.066,0.000,2,0,0,399.915,38.141,-425.137,1.914
57.400,YOU reference pilot,original,0,6,32.066,37.565,1.000,0.000,4,0,0,438.810,33.138,-478.761,1.292
57.400,EMBER,tourer,0,6,32.908,33.936,0.521,0.000,4,0,0,431.039,35.521,-461.935,1.838
57.400,GOLD,moto,0,6,18.235,18.619,0.232,0.000,4,0,0,378.146,30.742,-397.213,1.638
57.400,BLUE,atv,0,6,23.917,24.000,0.057,0.000,4,0,0,395.898,37.143,-419.876,1.806
57.660,YOU reference pilot,original,0,6,32.803,35.462,1.000,0.000,4,0,0,434.410,34.249,-471.641,1.085
57.660,EMBER,tourer,0,6,31.337,31.592,0.116,0.000,4,0,0,426.313,36.509,-455.132,1.743
57.660,GOLD,moto,0,6,19.462,20.791,0.759,0.000,4,0,0,374.020,30.376,-394.714,1.668
57.660,BLUE,atv,0,6,23.802,24.000,0.126,0.000,3,0,0,391.990,35.936,-415.203,1.904
57.920,YOU reference pilot,original,0,6,32.833,34.483,0.847,0.000,4,0,0,429.571,35.342,-464.655,1.221
57.920,EMBER,tourer,0,6,28.623,29.060,0.216,0.000,4,0,0,421.923,37.332,-448.799,1.723
57.920,GOLD,moto,0,6,21.589,24.000,1.000,0.000,4,0,0,369.244,30.543,-392.486,1.777
57.920,BLUE,atv,0,6,22.650,22.845,0.014,0.000,4,0,0,388.015,34.473,-410.836,2.046
58.200,YOU reference pilot,original,0,6,31.159,29.541,0.000,0.470,4,0,0,424.234,36.423,-457.472,1.586
58.200,EMBER,tourer,0,6,26.069,26.284,0.101,0.000,4,0,0,417.580,38.008,-442.602,1.749
58.200,GOLD,moto,0,6,23.185,24.000,0.432,0.000,4,0,0,363.317,31.500,-390.568,2.363
58.200,BLUE,atv,0,6,21.348,20.813,0.000,0.144,4,0,0,383.760,32.897,-406.625,2.189
58.460,YOU reference pilot,original,0,6,28.961,26.815,0.000,0.619,4,0,0,419.523,37.265,-451.293,1.946
58.460,EMBER,tourer,0,6,24.620,24.993,0.188,0.000,4,0,0,413.748,38.452,-437.273,1.792
58.460,GOLD,moto,0,6,23.360,24.000,0.325,0.000,4,0,0,357.537,32.974,-389.598,3.032
58.460,BLUE,atv,0,6,19.691,19.790,0.077,0.000,4,0,0,379.936,31.628,-403.196,2.181
58.720,YOU reference pilot,original,0,6,26.570,26.987,0.207,0.000,4,0,0,415.178,37.926,-445.620,2.223
58.720,EMBER,tourer,0,6,23.792,25.550,0.940,0.000,4,0,0,410.018,38.701,-432.244,1.870
58.720,GOLD,moto,0,7,23.385,24.000,0.309,0.000,4,0,0,351.725,34.728,-389.491,3.431
58.720,BLUE,atv,0,6,16.417,0.000,0.000,1.000,4,0,0,376.481,30.732,-400.081,1.751
59.000,YOU reference pilot,original,0,6,24.551,23.798,0.000,0.221,4,0,0,411.036,38.429,-439.863,2.195
59.000,EMBER,tourer,0,6,24.584,25.550,0.517,0.000,2,0,0,405.894,38.652,-426.849,1.995
59.000,GOLD,moto,0,7,21.645,21.126,0.000,0.170,4,0,0,345.717,36.745,-390.058,3.498
59.000,BLUE,atv,0,6,12.433,20.130,1.000,0.000,4,0,0,373.714,30.426,-397.705,1.218
59.260,YOU reference pilot,original,0,6,23.649,22.527,0.000,0.324,4,0,0,407.770,38.696,-434.516,1.623
59.260,EMBER,tourer,0,6,23.747,24.000,0.142,0.000,4,0,0,402.049,38.103,-421.942,1.999
59.260,GOLD,moto,0,7,19.342,19.863,0.258,0.000,4,0,0,340.789,38.449,-390.805,3.333
59.260,BLUE,atv,0,6,15.864,19.967,1.000,0.000,4,0,0,370.764,30.368,-395.461,0.609
59.520,YOU reference pilot,original,0,6,24.319,25.550,0.659,0.000,2,0,0,404.461,38.702,-429.207,1.071
59.520,EMBER,tourer,0,6,23.928,24.000,0.051,0.000,3,0,0,398.201,37.170,-417.145,1.950
59.520,GOLD,moto,0,7,17.703,18.041,0.156,0.000,4,0,0,336.241,39.913,-391.513,3.065
59.520,BLUE,atv,0,6,11.752,0.000,0.000,1.000,4,0,0,367.562,30.671,-393.432,0.489
59.800,YOU reference pilot,original,0,6,23.710,24.000,0.044,0.000,3,0,0,400.441,38.165,-423.823,0.948
59.800,EMBER,tourer,0,6,23.016,22.263,0.000,0.205,4,0,0,394.057,35.837,-412.162,1.889
59.800,GOLD,moto,0,7,16.744,17.892,0.626,0.000,4,0,0,331.639,41.188,-392.035,2.751
59.800,BLUE,atv,0,6,13.461,24.000,1.000,0.000,4,0,0,364.556,31.284,-392.082,1.102
60.060,YOU reference pilot,original,0,6,23.885,24.000,0.073,0.000,4,0,0,396.417,37.261,-419.175,1.146
60.060,EMBER,tourer,0,6,21.686,20.860,0.000,0.224,4,0,0,390.330,34.466,-407.929,1.845
60.060,GOLD,moto,0,7,17.129,17.684,0.292,0.000,2,0,0,327.361,42.105,-392.197,2.442
60.060,BLUE,atv,0,6,16.135,24.000,1.000,0.000,4,0,0,360.932,32.087,-390.988,1.752
60.320,YOU reference pilot,original,0,6,23.283,22.369,0.000,0.251,4,0,0,392.260,36.037,-414.773,1.519
60.320,EMBER,tourer,0,6,19.710,18.821,0.000,0.242,4,0,0,386.734,33.139,-404.179,1.823
60.320,GOLD,moto,0,7,19.113,23.311,1.000,0.000,2,0,0,322.680,42.639,-391.952,1.990
60.320,BLUE,atv,0,6,18.300,24.000,1.000,0.000,4,0,0,356.624,33.256,-390.453,2.206
60.600,YOU reference pilot,original,0,6,22.015,21.290,0.000,0.196,4,0,0,387.888,34.531,-410.421,1.923
60.600,EMBER,tourer,0,6,17.923,16.286,0.000,0.455,4,0,0,382.988,31.952,-400.719,1.827
60.600,GOLD,moto,0,7,20.317,24.000,1.000,0.000,0,0,0,317.046,42.659,-391.204,1.419
60.600,BLUE,atv,0,7,20.416,24.000,1.000,0.000,4,0,0,351.463,34.878,-390.970,2.004
60.860,YOU reference pilot,original,0,6,20.043,19.125,0.000,0.250,4,0,0,384.028,33.137,-406.821,2.183
60.860,EMBER,tourer,0,6,16.167,15.996,0.000,0.000,4,0,0,379.596,31.151,-398.019,1.847
60.860,GOLD,moto,0,7,20.182,24.000,1.000,0.000,0,0,0,311.789,42.001,-390.462,0.833
60.860,BLUE,atv,0,7,20.955,21.126,0.000,0.000,4,0,0,346.402,36.613,-392.205,1.339
61.120,YOU reference pilot,original,0,6,18.379,16.622,0.000,0.489,4,0,0,380.352,31.937,-403.681,2.319
61.120,EMBER,tourer,0,6,16.154,16.971,0.459,0.000,4,0,0,376.197,30.666,-395.750,1.863
61.120,GOLD,moto,0,7,22.449,24.000,0.895,0.000,2,0,0,306.521,40.771,-389.159,0.658
61.120,BLUE,atv,0,7,19.358,18.367,0.000,0.307,4,0,0,341.555,38.298,-393.241,0.946
61.400,YOU reference pilot,original,0,6,16.302,16.325,0.000,0.000,4,0,0,376.590,31.008,-400.849,2.354
61.400,EMBER,tourer,0,6,17.676,19.261,0.870,0.000,4,0,0,372.063,30.494,-393.549,1.871
61.400,GOLD,moto,0,7,23.745,24.000,0.044,0.000,4,0,0,300.753,39.090,-386.485,0.499
61.400,BLUE,atv,0,7,17.813,18.041,0.092,0.000,4,0,0,336.590,39.872,-393.770,0.932
61.660,YOU reference pilot,original,0,6,16.749,18.377,0.909,0.000,4,0,0,373.065,30.536,-398.580,2.292
61.660,EMBER,tourer,0,6,19.506,24.000,1.000,0.000,4,0,0,367.614,30.858,-391.773,2.007
61.660,GOLD,moto,0,7,23.813,24.000,0.125,0.000,4,0,0,295.509,37.605,-383.542,0.538
61.660,BLUE,atv,0,7,16.838,15.902,0.000,0.288,4,0,0,332.242,41.047,-393.794,1.097
61.920,YOU reference pilot,original,0,6,18.540,21.214,1.000,0.000,4,0,0,369.171,30.505,-396.229,1.851
61.920,EMBER,tourer,0,6,21.116,24.000,1.000,0.000,4,0,0,362.586,31.768,-390.447,2.419
61.920,GOLD,moto,0,7,26.907,34.363,1.000,0.000,4,0,0,289.989,36.338,-380.130,0.822
61.920,BLUE,atv,0,7,16.807,19.260,1.000,0.000,3,0,0,327.981,41.970,-393.449,1.318
62.200,YOU reference pilot,original,0,6,20.482,21.766,0.683,0.000,4,0,0,364.411,31.244,-393.622,0.675
62.200,EMBER,tourer,0,6,22.421,24.000,0.823,0.000,4,0,0,356.724,33.325,-389.743,2.920
62.200,GOLD,moto,0,7,29.714,31.749,1.000,0.000,4,0,0,283.324,35.494,-375.895,1.176
62.200,BLUE,atv,0,7,18.668,20.048,0.762,0.000,2,0,0,323.098,42.584,-392.659,1.420
62.460,YOU reference pilot,original,0,6,21.062,22.218,0.595,0.000,4,0,0,359.539,32.528,-391.653,1.092
62.460,EMBER,tourer,0,7,22.633,23.577,0.471,0.000,4,0,0,351.128,35.109,-389.932,3.076
62.460,GOLD,moto,0,7,29.426,28.900,0.000,0.156,4,0,0,276.773,35.371,-371.709,1.416
62.460,BLUE,atv,0,7,20.886,24.000,1.000,0.000,0,0,0,317.995,42.683,-391.472,1.395
62.720,YOU reference pilot,original,0,6,20.915,21.664,0.361,0.000,4,0,0,354.384,34.103,-390.706,2.085
62.720,EMBER,tourer,0,7,21.218,20.836,0.000,0.128,4,0,0,345.829,36.925,-391.024,2.573
62.720,GOLD,moto,0,7,26.718,25.737,0.000,0.290,4,0,0,270.663,35.840,-367.768,1.445
62.720,BLUE,atv,0,7,20.877,24.000,1.000,0.000,0,0,0,312.723,42.164,-390.133,1.250
63.000,YOU reference pilot,original,0,7,19.659,19.902,0.096,0.000,4,0,0,349.005,35.870,-391.045,2.208
63.000,EMBER,tourer,0,7,19.021,19.620,0.290,0.000,4,0,0,340.775,38.674,-392.474,1.768
63.000,GOLD,moto,0,7,24.481,24.000,0.000,0.148,4,0,0,264.791,36.638,-363.802,1.373
63.000,BLUE,atv,0,7,21.893,24.000,1.000,0.000,2,0,0,307.071,40.909,-388.584,0.868
63.260,YOU reference pilot,original,0,7,18.193,18.495,0.038,0.000,4,0,0,344.431,37.455,-392.137,1.683
63.260,EMBER,tourer,0,7,17.694,18.041,0.153,0.000,4,0,0,336.297,40.089,-393.420,1.314
63.260,GOLD,moto,0,7,23.714,24.000,0.141,0.000,4,0,0,259.826,37.510,-360.229,1.375
63.260,BLUE,atv,0,7,23.777,24.000,0.147,0.000,4,0,0,301.709,39.312,-386.277,0.769
63.520,YOU reference pilot,original,0,7,17.006,17.283,0.031,0.000,4,0,0,340.280,38.870,-393.442,0.994
63.520,EMBER,tourer,0,7,16.592,15.902,0.000,0.214,4,0,0,332.001,41.244,-393.816,1.160
63.520,GOLD,moto,0,7,23.676,24.000,0.161,0.000,4,0,0,254.963,38.466,-356.577,1.429
63.520,BLUE,atv,0,7,23.825,24.000,0.118,0.000,4,0,0,296.382,37.735,-383.534,0.826
63.800,YOU reference pilot,original,0,7,17.043,16.069,0.000,0.295,4,0,0,335.887,40.234,-394.784,0.745
63.800,EMBER,tourer,0,7,16.900,19.260,1.000,0.000,4,0,0,327.439,42.174,-393.682,1.151
63.800,GOLD,moto,0,7,23.648,24.000,0.175,0.000,4,0,0,249.782,39.536,-352.594,1.511
63.800,BLUE,atv,0,7,22.971,0.000,0.000,1.000,4,0,0,290.582,36.389,-380.206,1.014
64.060,YOU reference pilot,original,0,7,16.580,17.892,0.694,0.000,4,0,0,331.739,41.319,-395.746,1.263
64.060,EMBER,tourer,0,7,18.247,23.311,1.000,0.000,2,0,0,322.932,42.700,-393.050,1.130
64.060,GOLD,moto,0,7,23.633,24.000,0.183,0.000,4,0,0,244.990,40.550,-348.884,1.592
64.060,BLUE,atv,0,7,16.317,0.000,0.000,1.000,4,0,0,286.319,35.757,-377.617,1.178
64.320,YOU reference pilot,original,0,7,16.874,19.260,1.000,0.000,4,0,0,327.492,42.149,-396.250,1.830
64.320,EMBER,tourer,0,7,20.277,24.000,1.000,0.000,2,0,0,317.996,42.732,-391.912,1.079
64.320,GOLD,moto,0,7,23.626,24.000,0.187,0.000,4,0,0,240.190,41.563,-345.187,1.666
64.320,BLUE,atv,0,7,18.832,31.749,1.000,0.000,4,0,0,282.517,35.465,-375.228,1.341
64.600,YOU reference pilot,original,0,7,18.272,20.048,0.962,0.000,3,0,0,322.587,42.697,-395.897,2.135
64.600,EMBER,tourer,0,7,22.544,24.000,0.797,0.000,2,0,0,312.241,42.107,-390.122,1.155
64.600,GOLD,moto,0,7,23.626,24.000,0.187,0.000,4,0,0,234.987,42.628,-341.241,1.728
64.600,BLUE,atv,0,7,18.944,0.000,0.000,1.000,4,0,0,277.822,35.327,-372.207,1.519
64.860,YOU reference pilot,original,0,7,20.208,24.000,1.000,0.000,2,0,0,317.720,42.768,-394.531,1.973
64.860,EMBER,tourer,0,7,23.709,24.000,0.175,0.000,2,0,0,306.685,40.868,-387.992,1.218
64.860,GOLD,moto,0,7,25.548,34.329,1.000,0.000,4,0,0,229.923,43.606,-337.489,1.771
64.860,BLUE,atv,0,7,15.818,28.900,1.000,0.000,4,0,0,274.348,35.527,-369.921,1.657
65.120,YOU reference pilot,original,0,7,22.348,24.000,0.904,0.000,2,0,0,312.615,42.266,-392.312,1.380
65.120,EMBER,tourer,0,7,23.908,24.000,0.069,0.000,4,0,0,301.207,39.276,-385.540,1.229
65.120,GOLD,moto,0,7,27.673,32.367,1.000,0.000,4,0,0,224.339,44.592,-333.477,1.805
65.120,BLUE,atv,0,7,18.689,25.737,1.000,0.000,4,0,0,270.617,35.917,-367.410,1.722
65.400,YOU reference pilot,original,0,7,23.695,24.000,0.182,0.000,4,0,0,306.967,41.025,-389.293,0.783
65.400,EMBER,tourer,0,7,24.074,35.598,1.000,0.000,4,0,0,295.392,37.669,-382.686,1.190
65.400,GOLD,moto,0,7,29.015,29.577,0.291,0.000,4,0,0,217.785,45.576,-328.979,1.837
65.400,BLUE,atv,0,7,21.410,24.000,1.000,0.000,4,0,0,266.000,36.523,-364.228,1.722
65.660,YOU reference pilot,original,0,7,23.858,24.000,0.096,0.000,4,0,0,301.680,39.505,-386.413,0.824
65.660,EMBER,tourer,0,7,26.273,33.371,1.000,0.000,4,0,0,289.528,36.396,-380.046,0.764
65.660,GOLD,moto,0,7,27.823,28.079,0.125,0.000,2,0,0,211.580,46.266,-324.985,1.864
65.660,BLUE,atv,0,7,23.087,24.000,0.488,0.000,4,0,0,261.279,37.296,-360.884,1.693
65.920,YOU reference pilot,original,0,7,23.847,24.000,0.102,0.000,4,0,0,296.284,37.976,-383.776,0.775
65.920,EMBER,tourer,0,7,28.212,30.984,1.000,0.000,4,0,0,283.018,35.593,-377.395,0.552
65.920,GOLD,moto,0,7,28.934,31.749,1.000,0.000,2,0,0,205.252,46.612,-321.214,1.908
65.920,BLUE,atv,0,7,23.495,24.000,0.259,0.000,4,0,0,256.425,38.206,-357.357,1.664
66.200,YOU reference pilot,original,0,7,26.009,33.371,1.000,0.000,4,0,0,290.275,36.540,-380.573,0.696
66.200,EMBER,tourer,0,7,28.064,28.397,0.172,0.000,4,0,0,275.786,35.436,-374.056,1.234
66.200,GOLD,moto,0,7,28.721,28.900,0.095,0.000,4,0,0,198.190,46.515,-317.345,2.002
66.200,BLUE,atv,0,7,23.578,24.000,0.212,0.000,4,0,0,251.201,39.261,-353.478,1.649
66.460,YOU reference pilot,original,0,7,28.011,30.984,1.000,0.000,4,0,0,284.261,35.625,-377.057,0.707
66.460,EMBER,tourer,0,7,26.590,25.550,0.000,0.302,4,0,0,269.726,35.866,-370.256,1.276
66.460,GOLD,moto,0,7,26.267,25.737,0.000,0.152,4,0,0,191.880,46.039,-314.170,2.045
66.460,BLUE,atv,0,7,23.584,24.000,0.208,0.000,4,0,0,246.371,40.269,-349.841,1.654
66.720,YOU reference pilot,original,0,7,28.375,28.397,0.000,0.000,4,0,0,277.729,35.338,-373.535,0.466
66.720,EMBER,tourer,0,7,24.646,24.000,0.000,0.191,4,0,0,264.551,36.637,-366.182,0.932
66.720,GOLD,moto,0,7,24.458,24.000,0.000,0.129,4,0,0,185.980,45.333,-311.425,2.047
66.720,BLUE,atv,0,7,23.581,24.000,0.210,0.000,4,0,0,241.548,41.282,-346.194,1.672
67.000,YOU reference pilot,original,0,7,26.389,25.550,0.000,0.243,4,0,0,270.895,35.757,-370.118,0.603
67.000,EMBER,tourer,0,7,23.609,24.000,0.192,0.000,4,0,0,259.451,37.577,-361.993,0.687
67.000,GOLD,moto,0,7,23.768,24.000,0.139,0.000,4,0,0,179.896,44.391,-308.792,2.021
67.000,BLUE,atv,0,7,23.580,24.000,0.210,0.000,4,0,0,236.341,42.354,-342.277,1.700
67.260,YOU reference pilot,original,0,7,24.910,24.000,0.000,0.266,4,0,0,265.034,36.522,-367.120,1.361
67.260,EMBER,tourer,0,7,23.519,24.000,0.239,0.000,4,0,0,254.544,38.502,-358.454,0.737
67.260,GOLD,moto,0,7,23.833,24.000,0.105,0.000,4,0,0,174.224,43.378,-306.490,1.988
67.260,BLUE,atv,0,7,24.656,34.934,1.000,0.000,4,0,0,231.407,43.322,-338.616,1.730
67.520,YOU reference pilot,original,0,7,23.648,24.000,0.172,0.000,4,0,0,259.636,37.374,-364.111,2.030
67.520,EMBER,tourer,0,7,23.483,24.000,0.257,0.000,4,0,0,249.486,39.475,-355.174,1.024
67.520,GOLD,moto,0,7,23.722,24.000,0.048,0.000,4,0,0,168.526,42.290,-304.308,1.954
67.520,BLUE,atv,0,7,26.541,32.603,1.000,0.000,4,0,0,226.056,44.296,-334.738,1.762
67.800,YOU reference pilot,original,0,7,23.552,24.000,0.222,0.000,4,0,0,254.091,38.350,-360.667,2.525
67.800,EMBER,tourer,0,7,23.412,24.000,0.295,0.000,4,0,0,244.162,40.552,-351.489,1.244
67.800,GOLD,moto,0,7,23.914,24.000,0.062,0.000,4,0,0,162.353,41.090,-302.072,1.923
67.800,BLUE,atv,0,7,28.162,29.836,0.894,0.000,4,0,0,219.789,45.292,-330.362,1.800
68.060,YOU reference pilot,original,0,7,23.501,24.000,0.248,0.000,4,0,0,249.108,39.317,-357.261,2.775
68.060,EMBER,tourer,0,7,23.404,24.000,0.299,0.000,4,0,0,239.544,41.554,-347.654,1.012
68.060,GOLD,moto,0,7,24.031,39.069,1.000,0.000,4,0,0,156.582,40.009,-300.093,1.898
68.060,BLUE,atv,0,7,28.312,28.351,0.000,0.000,4,0,0,213.645,46.061,-326.306,1.835
68.320,YOU reference pilot,original,0,7,23.473,24.000,0.263,0.000,4,0,0,244.250,40.317,-353.702,2.853
68.320,EMBER,tourer,0,7,23.430,24.000,0.286,0.000,4,0,0,235.137,42.535,-343.567,0.674
68.320,GOLD,moto,0,8,27.049,36.791,1.000,0.000,4,0,0,150.318,38.946,-298.052,1.875
68.320,BLUE,atv,0,7,28.284,29.183,0.479,0.000,4,0,0,207.448,46.529,-322.499,1.872
68.600,YOU reference pilot,original,0,7,23.459,24.000,0.270,0.000,4,0,0,239.103,41.402,-349.767,2.806
68.600,EMBER,tourer,0,7,24.286,34.241,1.000,0.000,4,0,0,230.363,43.558,-339.064,0.950
68.600,GOLD,moto,0,8,29.956,34.363,1.000,0.000,4,0,0,142.733,37.920,-295.705,1.859
68.600,BLUE,atv,0,7,28.677,28.900,0.115,0.000,2,0,0,200.450,46.602,-318.545,1.976
68.860,YOU reference pilot,original,0,7,23.449,24.000,0.275,0.000,4,0,0,234.357,42.395,-346.066,2.686
68.860,EMBER,tourer,0,7,25.585,30.281,1.000,0.000,4,0,0,225.560,44.492,-334.781,1.519
68.860,GOLD,moto,0,8,31.629,31.749,0.064,0.000,4,0,0,135.021,37.399,-293.400,1.906
68.860,BLUE,atv,0,7,26.663,25.737,0.000,0.268,3,0,0,194.009,46.238,-315.207,2.040
69.120,YOU reference pilot,original,0,7,23.957,29.836,1.000,0.000,4,0,0,229.769,43.356,-342.121,2.250
69.120,EMBER,tourer,0,7,26.652,29.675,1.000,0.000,4,0,0,220.200,45.368,-330.659,1.833
69.120,GOLD,moto,0,8,30.357,28.900,0.000,0.426,4,0,0,127.222,37.471,-291.119,2.002
69.120,BLUE,atv,0,7,24.759,24.000,0.000,0.217,4,0,0,187.997,45.598,-312.334,2.055
69.400,YOU reference pilot,original,0,7,25.416,28.910,1.000,0.000,4,0,0,224.877,44.367,-337.313,1.300
69.400,EMBER,tourer,0,7,27.421,28.351,0.480,0.000,4,0,0,213.634,46.158,-326.897,1.427
69.400,GOLD,moto,0,8,27.115,25.737,0.000,0.405,4,0,0,119.469,38.033,-288.957,2.083
69.400,BLUE,atv,0,7,23.837,24.000,0.099,0.000,4,0,0,181.875,44.712,-309.623,2.035
69.660,YOU reference pilot,original,0,7,26.579,29.652,1.000,0.000,4,0,0,220.041,45.252,-332.635,0.703
69.660,EMBER,tourer,0,7,27.895,29.183,0.675,0.000,3,0,0,207.064,46.649,-324.010,0.806
69.660,GOLD,moto,0,8,24.857,24.000,0.000,0.256,4,0,0,112.984,38.774,-287.325,2.079
69.660,BLUE,atv,0,7,23.852,24.000,0.093,0.000,4,0,0,176.212,43.741,-307.279,2.001
69.920,YOU reference pilot,original,0,7,27.472,29.069,0.830,0.000,4,0,0,214.457,46.025,-328.392,0.838
69.920,EMBER,tourer,0,7,28.184,28.397,0.108,0.000,3,0,0,200.201,46.753,-321.381,1.070
69.920,GOLD,moto,0,8,23.718,24.000,0.140,0.000,4,0,0,106.963,39.631,-285.973,2.023
69.920,BLUE,atv,0,7,23.907,24.000,0.064,0.000,4,0,0,170.519,42.674,-305.057,1.966
70.200,YOU reference pilot,original,0,7,27.926,29.183,0.657,0.000,3,0,0,207.719,46.616,-324.565,0.777
70.200,EMBER,tourer,0,7,26.635,25.550,0.000,0.308,4,0,0,192.921,46.412,-318.667,1.811
70.200,GOLD,moto,0,8,23.678,24.000,0.160,0.000,4,0,0,100.536,40.640,-284.690,1.945
70.200,BLUE,atv,0,7,23.830,24.000,0.108,0.000,4,0,0,164.359,41.477,-302.786,1.931
70.460,YOU reference pilot,original,0,7,28.203,28.397,0.097,0.000,3,0,0,201.027,46.766,-321.508,0.901
70.460,EMBER,tourer,0,7,24.947,24.000,0.000,0.268,4,0,0,186.682,45.791,-316.231,2.259
70.460,GOLD,moto,0,8,23.652,24.000,0.173,0.000,4,0,0,94.553,41.610,-283.646,1.879
70.460,BLUE,atv,0,7,23.720,24.000,0.049,0.000,4,0,0,158.604,40.379,-300.777,1.904
70.720,YOU reference pilot,original,0,7,27.151,25.550,0.000,0.455,3,0,0,194.272,46.504,-318.758,1.363
70.720,EMBER,tourer,0,7,23.900,24.000,0.060,0.000,4,0,0,181.018,44.969,-313.545,2.125
70.720,GOLD,moto,0,8,23.636,24.838,0.653,0.000,4,0,0,88.536,42.569,-282.771,1.832
70.720,BLUE,atv,0,7,25.984,39.069,1.000,0.000,4,0,0,152.581,39.314,-298.780,1.881
71.000,YOU reference pilot,original,0,7,25.235,24.000,0.000,0.349,4,0,0,187.461,45.865,-316.107,1.852
71.000,EMBER,tourer,0,7,23.888,24.000,0.071,0.000,4,0,0,175.305,43.924,-310.242,1.364
71.000,GOLD,moto,0,8,21.052,21.250,0.000,0.000,4,0,0,82.453,43.455,-282.123,1.800
71.000,BLUE,atv,0,8,28.698,36.791,1.000,0.000,4,0,0,145.327,38.225,-296.497,1.859
71.260,YOU reference pilot,original,0,7,23.882,24.000,0.070,0.000,4,0,0,181.656,45.063,-313.604,1.941
71.260,EMBER,tourer,0,7,23.905,24.000,0.063,0.000,4,0,0,170.093,42.871,-307.052,0.694
71.260,GOLD,moto,0,8,19.750,20.017,0.032,0.000,4,0,0,77.133,44.090,-281.818,1.769
71.260,BLUE,atv,0,8,26.067,0.000,0.000,1.000,4,0,0,138.294,37.501,-294.392,1.850
71.520,YOU reference pilot,original,0,7,23.822,24.000,0.106,0.000,4,0,0,176.239,44.105,-310.736,1.457
71.520,EMBER,tourer,0,7,23.716,24.000,0.049,0.000,4,0,0,164.812,41.778,-304.007,1.093
71.520,GOLD,moto,0,8,19.409,22.774,1.000,0.000,4,0,0,72.114,44.501,-281.805,1.759
71.520,BLUE,atv,0,8,19.130,0.000,0.000,1.000,4,0,0,132.725,37.345,-292.790,1.867
71.800,YOU reference pilot,original,0,7,23.876,24.000,0.079,0.000,4,0,0,170.550,42.973,-307.426,0.753
71.800,EMBER,tourer,0,7,23.771,24.000,0.136,0.000,4,0,0,158.944,40.605,-301.056,1.805
71.800,GOLD,moto,0,8,21.109,22.329,0.686,0.000,2,0,0,66.455,44.617,-282.149,1.832
71.800,BLUE,atv,0,8,21.400,28.900,1.000,0.000,4,0,0,127.331,37.488,-291.304,1.861
72.060,YOU reference pilot,original,0,7,23.912,24.000,0.060,0.000,4,0,0,165.238,41.878,-304.425,0.912
72.060,EMBER,tourer,0,7,25.369,37.694,1.000,0.000,4,0,0,153.169,39.555,-298.617,2.248
72.060,GOLD,moto,0,8,22.751,23.341,0.336,0.000,2,0,0,60.713,44.208,-282.923,1.942
72.060,BLUE,atv,0,8,23.864,25.737,1.000,0.000,4,0,0,121.632,37.839,-289.794,1.830
72.320,YOU reference pilot,original,0,7,23.724,24.000,0.045,0.000,4,0,0,159.802,40.782,-301.667,1.533
72.320,EMBER,tourer,0,8,27.330,35.598,1.000,0.000,4,0,0,146.765,38.566,-296.343,2.456
72.320,GOLD,moto,0,8,22.542,22.689,0.095,0.000,2,0,0,55.014,43.277,-284.205,2.022
72.320,BLUE,atv,0,8,25.052,25.737,0.364,0.000,4,0,0,115.460,38.461,-288.228,1.803
72.600,YOU reference pilot,original,0,7,25.059,31.413,1.000,0.000,4,0,0,153.679,39.649,-299.005,2.047
72.600,EMBER,tourer,0,8,29.123,33.371,1.000,0.000,4,0,0,139.186,37.742,-294.208,2.305
72.600,GOLD,moto,0,8,22.671,23.057,0.237,0.000,4,0,0,49.183,41.801,-286.207,2.086
72.600,BLUE,atv,0,8,23.699,24.000,0.148,0.000,4,0,0,108.874,39.342,-286.655,1.790
72.860,YOU reference pilot,original,0,8,27.066,32.329,1.000,0.000,4,0,0,147.372,38.652,-296.685,2.314
72.860,EMBER,tourer,0,8,30.122,30.984,0.454,0.000,4,0,0,131.592,37.424,-292.896,1.489
72.860,GOLD,moto,0,8,23.748,24.000,0.163,0.000,4,0,0,43.932,40.187,-288.762,2.192
72.860,BLUE,atv,0,8,23.657,24.000,0.170,0.000,4,0,0,102.932,40.255,-285.348,1.787
73.120,YOU reference pilot,original,0,8,28.823,31.589,1.000,0.000,4,0,0,140.468,37.844,-294.526,2.362
73.120,EMBER,tourer,0,8,28.929,28.397,0.000,0.155,4,0,0,123.950,37.709,-292.077,0.487
73.120,GOLD,moto,0,8,23.796,24.000,0.135,0.000,4,0,0,38.955,38.434,-292.017,2.318
73.120,BLUE,atv,0,8,23.621,24.000,0.188,0.000,4,0,0,96.980,41.213,-284.172,1.790
73.400,YOU reference pilot,original,0,8,30.024,30.984,0.507,0.000,4,0,0,132.406,37.412,-292.781,1.805
73.400,EMBER,tourer,0,8,26.111,25.550,0.000,0.167,4,0,0,116.397,38.416,-291.364,1.173
73.400,GOLD,moto,0,8,25.183,29.177,1.000,0.000,4,0,0,34.012,36.793,-296.306,2.455
73.400,BLUE,atv,0,8,23.699,23.194,0.000,0.157,4,0,0,90.532,42.255,-283.091,1.796
73.660,YOU reference pilot,original,0,8,28.313,27.342,0.000,0.280,4,0,0,124.896,37.621,-291.832,0.786
73.660,EMBER,tourer,0,8,24.186,24.000,0.000,0.000,4,0,0,109.988,39.228,-290.637,1.967
73.660,GOLD,moto,0,8,27.424,29.389,1.000,0.000,4,0,0,29.470,35.739,-301.298,2.624
73.660,BLUE,atv,0,8,22.002,22.070,0.000,0.000,4,0,0,84.678,43.147,-282.335,1.803
73.920,YOU reference pilot,original,0,8,26.192,25.550,0.000,0.189,4,0,0,117.913,38.258,-291.180,0.708
73.920,EMBER,tourer,0,8,23.598,24.000,0.198,0.000,4,0,0,103.966,40.113,-289.787,2.469
73.920,GOLD,moto,0,8,29.752,34.121,1.000,0.000,4,0,0,25.028,35.316,-307.234,2.835
73.920,BLUE,atv,0,8,20.490,21.178,0.366,0.000,4,0,0,79.238,43.858,-281.888,1.798
74.200,YOU reference pilot,original,0,8,24.526,24.000,0.000,0.158,4,0,0,110.943,39.108,-290.483,1.610
74.200,EMBER,tourer,0,8,23.522,24.000,0.237,0.000,4,0,0,97.542,41.142,-288.733,2.727
74.200,GOLD,moto,0,8,31.907,43.127,1.000,0.000,4,0,0,20.516,35.593,-314.593,3.242
74.200,BLUE,atv,0,8,19.362,19.440,0.000,0.000,4,0,0,73.727,44.392,-281.749,1.783
74.460,YOU reference pilot,original,0,8,23.614,24.000,0.189,0.000,4,0,0,104.878,39.977,-289.730,2.223
74.460,EMBER,tourer,0,8,23.480,24.000,0.259,0.000,4,0,0,91.599,42.124,-287.718,2.762
74.460,GOLD,moto,0,8,33.647,41.075,1.000,0.000,4,0,0,16.897,36.298,-322.290,3.427
74.460,BLUE,atv,0,8,20.101,21.072,0.536,0.000,2,0,0,68.634,44.631,-281.940,1.812
74.720,YOU reference pilot,original,0,8,23.542,24.000,0.227,0.000,4,0,0,98.891,40.923,-288.850,2.585
74.720,EMBER,tourer,0,8,22.349,20.487,0.000,0.540,4,0,0,85.746,43.060,-286.798,2.674
74.720,GOLD,moto,0,8,35.231,38.915,1.000,0.000,4,0,0,13.888,37.274,-330.682,3.298
74.720,BLUE,atv,0,8,22.169,23.034,0.483,0.000,2,0,0,63.121,44.433,-282.518,1.922
75.000,YOU reference pilot,original,0,8,23.143,23.422,0.129,0.000,4,0,0,92.517,41.973,-287.839,2.733
75.000,EMBER,tourer,0,8,20.692,19.600,0.000,0.320,4,0,0,79.905,43.887,-286.088,2.537
75.000,GOLD,moto,0,8,35.741,36.309,0.287,0.000,4,0,0,11.167,38.464,-340.245,2.940
75.000,BLUE,atv,0,8,21.873,22.068,0.119,0.000,2,0,0,57.039,43.664,-283.670,2.008
75.260,YOU reference pilot,original,0,8,21.447,21.621,0.000,0.000,4,0,0,86.847,42.889,-286.981,2.716
75.260,EMBER,tourer,0,8,19.187,19.352,0.075,0.000,4,0,0,74.745,44.445,-285.740,2.412
75.260,GOLD,moto,0,8,33.293,32.623,0.000,0.203,4,0,0,9.076,39.438,-348.824,2.586
75.260,BLUE,atv,0,8,21.926,22.098,0.113,0.000,4,0,0,51.696,42.482,-285.251,2.047
75.520,YOU reference pilot,original,0,8,20.923,21.250,0.158,0.000,4,0,0,81.447,43.684,-286.306,2.630
75.520,EMBER,tourer,0,8,19.760,21.072,0.708,0.000,2,0,0,69.673,44.742,-285.581,2.139
75.520,GOLD,moto,0,8,31.117,31.271,0.069,0.000,4,0,0,7.260,40.160,-356.956,2.286
75.520,BLUE,atv,0,8,22.499,22.661,0.109,0.000,4,0,0,46.545,41.030,-287.409,2.110
75.800,YOU reference pilot,original,0,8,19.852,19.352,0.000,0.151,4,0,0,75.801,44.352,-285.861,2.512
75.800,EMBER,tourer,0,8,20.569,20.602,0.000,0.000,2,0,0,63.931,44.578,-285.360,1.342
75.800,GOLD,moto,0,8,30.197,31.328,0.610,0.000,4,0,0,5.496,40.603,-365.241,2.052
75.800,BLUE,atv,0,8,23.749,24.000,0.163,0.000,4,0,0,41.132,39.204,-290.516,2.226
76.060,YOU reference pilot,original,0,8,19.564,20.137,0.302,0.000,3,0,0,70.731,44.715,-285.782,2.389
76.060,EMBER,tourer,0,8,19.801,19.926,0.076,0.000,3,0,0,58.722,43.977,-285.320,0.749
76.060,GOLD,moto,0,8,30.944,31.749,0.436,0.000,2,0,0,3.895,40.641,-373.065,1.879
76.060,BLUE,atv,0,8,23.747,24.000,0.042,0.000,4,0,0,36.390,37.523,-294.133,2.357
76.320,YOU reference pilot,original,0,8,20.760,21.527,0.416,0.000,2,0,0,65.431,44.672,-286.087,2.187
76.320,EMBER,tourer,0,8,19.405,19.658,0.151,0.000,4,0,0,53.720,43.028,-285.712,1.137
76.320,GOLD,moto,0,8,28.574,28.900,0.036,0.000,2,0,0,2.437,40.261,-380.636,1.790
76.320,BLUE,atv,0,8,20.763,0.000,0.000,1.000,4,0,0,32.171,36.251,-298.255,2.473
76.600,YOU reference pilot,original,0,8,20.185,20.337,0.091,0.000,3,0,0,59.707,44.079,-286.905,2.007
76.600,EMBER,tourer,0,8,19.834,19.968,0.093,0.000,4,0,0,48.497,41.706,-286.816,1.858
76.600,GOLD,moto,0,8,26.210,25.737,0.000,0.135,4,0,0,1.135,39.532,-388.080,1.798
76.600,BLUE,atv,0,8,15.913,32.487,1.000,0.000,4,0,0,29.126,35.679,-301.942,2.506
76.860,YOU reference pilot,original,0,8,19.954,20.064,0.076,0.000,3,0,0,54.732,43.094,-288.127,1.910
76.860,EMBER,tourer,0,8,20.751,21.153,0.239,0.000,4,0,0,43.739,40.265,-288.616,2.435
76.860,GOLD,moto,0,8,24.274,24.000,0.000,0.000,4,0,0,0.142,38.710,-394.461,1.834
76.860,BLUE,atv,0,8,19.155,31.868,1.000,0.000,4,0,0,26.541,35.371,-305.720,2.398
77.120,YOU reference pilot,original,0,8,20.239,20.379,0.097,0.000,4,0,0,49.978,41.743,-289.849,1.819
77.120,EMBER,tourer,0,8,22.013,22.418,0.237,0.000,4,0,0,39.077,38.729,-291.268,2.849
77.120,GOLD,moto,0,9,23.816,24.000,0.113,0.000,4,0,0,-0.691,37.804,-400.546,1.866
77.120,BLUE,atv,0,8,15.233,0.000,0.000,1.000,4,0,0,24.136,35.314,-309.749,2.304
77.400,YOU reference pilot,original,0,8,21.221,21.589,0.227,0.000,4,0,0,45.001,40.032,-292.258,1.601
77.400,EMBER,tourer,0,8,23.605,24.581,0.546,0.000,4,0,0,34.232,37.169,-295.147,3.130
77.400,GOLD,moto,0,9,23.902,24.000,0.066,0.000,4,0,0,-1.473,36.766,-407.098,1.892
77.400,BLUE,atv,0,8,17.015,41.681,1.000,0.000,4,0,0,22.142,35.567,-313.599,2.250
77.660,YOU reference pilot,original,0,8,22.872,23.676,0.457,0.000,4,0,0,40.192,38.328,-294.915,0.977
77.660,EMBER,tourer,0,8,23.599,24.465,0.479,0.000,4,0,0,30.120,36.065,-299.536,3.222
77.660,GOLD,moto,0,9,23.773,24.000,0.139,0.000,4,0,0,-2.105,35.780,-413.180,1.902
77.660,BLUE,atv,0,8,19.776,41.430,1.000,0.000,4,0,0,20.132,35.899,-317.956,2.183
77.920,YOU reference pilot,original,0,8,24.330,25.789,0.797,0.000,4,0,0,35.413,36.792,-298.425,0.484
77.920,EMBER,tourer,0,8,25.401,31.335,1.000,0.000,4,0,0,26.392,35.480,-304.640,3.138
77.920,GOLD,moto,0,9,24.859,48.000,1.000,0.000,4,0,0,-2.668,34.796,-419.330,1.898
77.920,BLUE,atv,0,8,22.245,41.075,1.000,0.000,4,0,0,18.032,36.386,-323.002,2.132
78.200,YOU reference pilot,original,0,8,24.742,29.657,1.000,0.000,4,0,0,30.875,35.696,-303.325,0.468
78.200,EMBER,tourer,0,8,27.097,36.061,1.000,0.000,4,0,0,22.752,35.464,-311.033,2.894
78.200,GOLD,moto,0,9,27.992,48.000,1.000,0.000,4,0,0,-3.268,33.688,-426.657,1.880
78.200,BLUE,atv,0,8,24.624,39.083,1.000,0.000,4,0,0,15.736,37.096,-329.135,2.100
78.460,YOU reference pilot,original,0,8,26.669,29.888,1.000,0.000,4,0,0,27.023,35.326,-308.775,0.480
78.460,EMBER,tourer,0,8,28.320,39.757,1.000,0.000,4,0,0,20.148,35.932,-317.740,2.265
78.460,GOLD,moto,0,9,30.638,48.000,1.000,0.000,4,0,0,-3.839,32.674,-434.217,1.853
78.460,BLUE,atv,0,8,26.615,36.806,1.000,0.000,4,0,0,13.611,37.865,-335.425,2.076
78.720,YOU reference pilot,original,0,8,28.145,30.251,1.000,0.000,4,0,0,23.592,35.581,-315.021,0.494
78.720,EMBER,tourer,0,8,29.486,39.959,1.000,0.000,4,0,0,18.336,36.679,-325.002,1.202
78.720,GOLD,moto,0,9,33.016,48.000,1.000,0.000,4,0,0,-4.430,31.816,-442.445,1.816
78.720,BLUE,atv,0,8,28.434,35.172,1.000,0.000,4,0,0,11.517,38.683,-342.242,2.053
79.000,YOU reference pilot,original,0,8,29.464,31.623,1.000,0.000,4,0,0,20.603,36.325,-322.484,0.527
79.000,EMBER,tourer,0,8,30.646,37.989,1.000,0.000,4,0,0,16.837,37.638,-333.240,0.703
79.000,GOLD,moto,0,9,35.217,45.324,1.000,0.000,4,0,0,-5.075,31.341,-451.974,1.739
79.000,BLUE,atv,0,8,30.242,32.623,1.000,0.000,4,0,0,9.308,39.538,-350.132,2.032
79.260,YOU reference pilot,original,0,8,30.524,32.841,1.000,0.000,4,0,0,18.332,37.203,-329.900,0.877
79.260,EMBER,tourer,0,8,31.613,35.910,1.000,0.000,4,0,0,15.469,38.583,-341.172,1.622
79.260,GOLD,moto,0,9,36.955,45.032,1.000,0.000,4,0,0,-5.607,31.413,-461.348,1.828
79.260,BLUE,atv,0,8,30.896,31.271,0.187,0.000,4,0,0,7.325,40.207,-357.846,2.016
79.520,YOU reference pilot,original,0,8,31.471,33.747,1.000,0.000,4,0,0,16.323,38.159,-337.655,1.400
79.520,EMBER,tourer,0,8,32.346,33.704,0.696,0.000,4,0,0,13.901,39.490,-349.311,2.359
79.520,GOLD,moto,0,9,38.468,42.508,1.000,0.000,4,0,0,-5.932,31.899,-471.145,2.047
79.520,BLUE,atv,0,8,29.813,31.328,0.812,0.000,2,0,0,5.518,40.612,-365.427,1.991
79.800,YOU reference pilot,original,0,8,31.836,32.413,0.286,0.000,4,0,0,14.268,39.173,-346.256,1.904
79.800,EMBER,tourer,0,8,30.960,31.271,0.149,0.000,4,0,0,11.728,40.271,-357.810,2.448
79.800,GOLD,moto,0,9,37.446,37.740,0.000,0.000,4,0,0,-5.994,32.759,-481.859,2.205
79.800,BLUE,atv,0,8,30.557,28.900,0.000,0.482,2,0,0,3.699,40.628,-373.738,1.922
80.060,YOU reference pilot,original,0,8,30.773,31.115,0.164,0.000,4,0,0,12.435,39.970,-354.129,2.218
80.060,EMBER,tourer,0,8,29.985,31.328,0.700,0.000,3,0,0,9.119,40.713,-365.227,1.746
80.060,GOLD,moto,0,9,35.634,34.500,0.000,0.337,4,0,0,-5.894,33.722,-491.375,2.220
80.060,BLUE,atv,0,8,28.658,28.900,0.132,0.000,4,0,0,2.221,40.207,-381.242,1.881
80.320,YOU reference pilot,original,0,8,29.952,30.159,0.000,0.000,4,0,0,10.648,40.545,-361.856,2.388
80.320,EMBER,tourer,0,8,29.979,30.984,0.522,0.000,3,0,0,6.537,40.797,-372.578,1.039
80.320,GOLD,moto,0,9,32.982,32.345,0.000,0.194,4,0,0,-5.835,34.684,-500.271,2.159
80.320,BLUE,atv,0,8,26.216,25.737,0.000,0.136,4,0,0,1.022,39.535,-388.130,1.899
80.600,YOU reference pilot,original,0,8,29.807,30.984,0.615,0.000,2,0,0,8.788,40.816,-370.037,2.462
80.600,EMBER,tourer,0,8,28.054,28.397,0.046,0.000,4,0,0,4.558,40.433,-380.518,0.857
80.600,GOLD,moto,0,9,30.757,31.481,0.380,0.000,4,0,0,-6.007,35.577,-509.108,2.064
80.600,BLUE,atv,0,8,24.072,24.000,0.000,0.000,4,0,0,-0.016,38.635,-394.987,1.914
80.860,YOU reference pilot,original,0,8,29.174,28.397,0.000,0.222,3,0,0,7.146,40.645,-377.621,2.487
80.860,EMBER,tourer,0,8,26.185,25.550,0.000,0.179,4,0,0,3.508,39.788,-387.450,0.935
80.860,GOLD,moto,0,9,29.303,30.078,0.411,0.000,4,0,0,-6.526,36.219,-516.792,1.981
80.860,BLUE,atv,0,9,23.841,24.000,0.098,0.000,4,0,0,-0.813,37.718,-401.069,1.920
81.120,YOU reference pilot,original,0,8,26.850,25.550,0.000,0.368,4,0,0,5.727,40.103,-384.779,2.423
81.120,EMBER,tourer,0,8,24.629,24.000,0.000,0.175,4,0,0,2.918,38.969,-393.968,1.190
81.120,GOLD,moto,0,9,29.261,30.024,0.409,0.000,2,0,0,-7.512,36.614,-524.279,1.844
81.120,BLUE,atv,0,9,23.884,24.000,0.075,0.000,4,0,0,-1.509,36.755,-407.152,1.921
81.400,YOU reference pilot,original,0,8,24.918,24.000,0.000,0.258,4,0,0,4.493,39.280,-391.861,2.323
81.400,EMBER,tourer,0,9,23.882,24.000,0.073,0.000,4,0,0,2.523,37.993,-400.621,1.578
81.400,GOLD,moto,0,9,28.503,28.900,0.216,0.000,2,0,0,-9.141,36.512,-532.190,1.493
81.400,BLUE,atv,0,9,23.740,24.000,0.036,0.000,4,0,0,-2.165,35.694,-413.709,1.911
81.660,YOU reference pilot,original,0,8,23.782,24.000,0.127,0.000,4,0,0,3.569,38.400,-398.044,2.247
81.660,EMBER,tourer,0,9,23.871,24.000,0.081,0.000,4,0,0,2.216,37.034,-406.736,1.934
81.660,GOLD,moto,0,9,25.699,23.783,0.000,0.554,4,0,0,-11.060,36.032,-538.931,1.385
81.660,BLUE,atv,0,9,24.915,45.723,1.000,0.000,4,0,0,-2.711,34.712,-419.867,1.894
81.920,YOU reference pilot,original,0,9,23.761,24.000,0.140,0.000,4,0,0,2.793,37.458,-404.121,2.204
81.920,EMBER,tourer,0,9,23.850,24.000,0.089,0.000,4,0,0,1.841,36.047,-412.841,2.165
81.920,GOLD,moto,0,9,23.863,24.000,0.082,0.000,4,0,0,-13.272,35.350,-544.948,1.432
81.920,BLUE,atv,0,9,27.522,45.776,1.000,0.000,4,0,0,-3.255,33.695,-426.615,1.870
82.200,YOU reference pilot,original,0,9,23.800,24.000,0.120,0.000,4,0,0,2.082,36.400,-410.672,2.191
82.200,EMBER,tourer,0,9,24.541,33.345,1.000,0.000,4,0,0,0.934,34.986,-419.408,1.875
82.200,GOLD,moto,0,9,22.999,23.194,0.119,0.000,4,0,0,-15.998,34.395,-550.809,1.499
82.200,BLUE,atv,0,9,30.066,45.836,1.000,0.000,4,0,0,-3.855,32.630,-434.611,1.841
82.460,YOU reference pilot,original,0,9,23.807,24.000,0.116,0.000,4,0,0,1.511,35.412,-416.763,2.198
82.460,EMBER,tourer,0,9,26.561,34.817,1.000,0.000,4,0,0,-0.479,33.995,-425.845,1.088
82.460,GOLD,moto,0,9,22.409,22.505,0.065,0.000,4,0,0,-18.919,33.435,-555.799,1.528
82.460,BLUE,atv,0,9,32.184,45.895,1.000,0.000,4,0,0,-4.432,31.794,-442.659,1.802
82.720,YOU reference pilot,original,0,9,25.629,29.322,1.000,0.000,4,0,0,0.762,34.422,-423.061,2.003
82.720,EMBER,tourer,0,9,28.420,30.815,1.000,0.000,4,0,0,-2.147,33.040,-432.748,0.638
82.720,GOLD,moto,0,9,22.500,22.634,0.085,0.000,4,0,0,-22.321,32.441,-560.410,1.469
82.720,BLUE,atv,0,9,26.621,0.000,0.000,1.000,4,0,0,-4.935,31.329,-450.357,1.709
83.000,YOU reference pilot,original,0,9,27.594,28.767,0.635,0.000,4,0,0,-0.478,33.362,-430.368,1.388
83.000,EMBER,tourer,0,9,26.705,25.405,0.000,0.367,4,0,0,-3.510,32.188,-440.393,1.159
83.000,GOLD,moto,0,9,23.596,25.061,0.835,0.000,4,0,0,-26.712,31.436,-565.004,1.282
83.000,BLUE,atv,0,9,21.327,45.006,1.000,0.000,4,0,0,-5.275,31.337,-456.753,1.665
83.260,YOU reference pilot,original,0,9,28.495,29.424,0.500,0.000,4,0,0,-1.374,32.483,-437.557,1.068
83.260,EMBER,tourer,0,9,27.174,40.261,1.000,0.000,4,0,0,-3.856,31.686,-447.269,1.002
83.260,GOLD,moto,0,9,24.345,25.425,0.610,0.000,4,0,0,-31.508,30.714,-568.786,1.058
83.260,BLUE,atv,0,9,23.865,44.051,1.000,0.000,4,0,0,-5.498,31.517,-462.647,1.707
83.520,YOU reference pilot,original,0,9,29.224,29.738,0.276,0.000,4,0,0,-1.848,31.812,-445.022,1.123
83.520,EMBER,tourer,0,9,28.765,40.221,1.000,0.000,4,0,0,-3.541,31.458,-454.538,0.508
83.520,GOLD,moto,0,9,26.805,29.006,1.000,0.000,4,0,0,-37.251,30.286,-572.125,0.847
83.520,BLUE,atv,0,9,26.119,43.070,1.000,0.000,4,0,0,-5.648,31.826,-469.157,1.780
83.800,YOU reference pilot,original,0,9,29.811,30.756,0.499,0.000,4,0,0,-2.024,31.445,-453.259,1.513
83.800,EMBER,tourer,0,9,30.278,38.791,1.000,0.000,4,0,0,-2.832,31.606,-462.778,1.138
83.800,GOLD,moto,0,9,29.362,38.444,1.000,0.000,4,0,0,-44.570,30.071,-575.062,0.605
83.800,BLUE,atv,0,9,28.274,38.789,1.000,0.000,4,0,0,-5.702,32.371,-476.774,1.869
84.060,YOU reference pilot,original,0,9,29.081,29.817,0.385,0.000,4,0,0,-2.006,31.521,-460.889,1.861
84.060,EMBER,tourer,0,9,29.164,36.758,1.000,0.000,4,0,0,-2.219,32.032,-470.333,1.786
84.060,GOLD,moto,0,9,31.497,41.808,1.000,0.000,4,0,0,-52.261,30.017,-577.002,0.501
84.060,BLUE,atv,0,9,30.056,36.494,1.000,0.000,4,0,0,-5.667,33.050,-484.344,1.929
84.320,YOU reference pilot,original,0,9,29.716,30.959,0.648,0.000,4,0,0,-1.912,31.910,-468.515,2.074
84.320,EMBER,tourer,0,9,30.242,34.605,1.000,0.000,4,0,0,-2.205,32.636,-478.041,1.762
84.320,GOLD,moto,0,9,33.464,48.000,1.000,0.000,4,0,0,-60.641,30.065,-578.196,0.520
84.320,BLUE,atv,0,9,31.656,34.044,1.000,0.000,4,0,0,-5.603,33.856,-492.343,1.951
84.600,YOU reference pilot,original,0,9,30.508,32.054,0.804,0.000,4,0,0,-2.189,32.534,-476.916,1.785
84.600,EMBER,tourer,0,9,31.258,32.310,0.540,0.000,4,0,0,-2.950,33.431,-486.602,1.011
84.600,GOLD,moto,0,9,35.424,48.000,1.000,0.000,4,0,0,-70.287,30.183,-578.811,0.661
84.600,BLUE,atv,0,9,31.296,34.115,1.000,0.000,4,0,0,-5.619,34.780,-501.163,1.937
84.860,YOU reference pilot,original,0,9,30.968,31.487,0.259,0.000,4,0,0,-2.999,33.256,-484.852,0.984
84.860,EMBER,tourer,0,9,30.490,29.838,0.000,0.194,4,0,0,-3.956,34.246,-494.572,0.678
84.860,GOLD,moto,0,9,37.101,48.000,1.000,0.000,4,0,0,-79.731,30.317,-578.978,0.906
84.860,BLUE,atv,0,9,29.932,31.481,0.824,0.000,4,0,0,-5.845,35.563,-509.008,1.912
85.120,YOU reference pilot,original,0,9,29.627,29.760,0.054,0.000,4,0,0,-3.992,34.044,-492.618,0.685
85.120,EMBER,tourer,0,9,28.647,27.143,0.000,0.436,4,0,0,-4.921,35.033,-502.156,1.328
85.120,GOLD,moto,0,10,38.651,48.000,1.000,0.000,4,0,0,-89.597,30.442,-578.968,1.198
85.120,BLUE,atv,0,9,28.885,30.078,0.634,0.000,4,0,0,-6.401,36.194,-516.529,1.888
85.400,YOU reference pilot,original,0,9,28.044,28.380,0.163,0.000,4,0,0,-4.946,34.863,-500.481,1.373
85.400,EMBER,tourer,0,9,27.282,25.689,0.000,0.461,4,0,0,-5.825,35.779,-509.839,1.895
85.400,GOLD,moto,0,10,40.188,48.000,1.000,0.000,4,0,0,-100.653,30.534,-578.967,1.495
85.400,BLUE,atv,0,9,29.196,30.024,0.439,0.000,2,0,0,-7.505,36.618,-524.527,1.791
85.660,YOU reference pilot,original,0,9,26.620,27.206,0.298,0.000,4,0,0,-5.689,35.556,-507.435,1.879
85.660,EMBER,tourer,0,9,26.495,30.035,1.000,0.000,4,0,0,-6.642,36.332,-516.651,2.143
85.660,GOLD,moto,0,10,41.509,48.000,1.000,0.000,4,0,0,-111.290,30.546,-579.101,1.744
85.660,BLUE,atv,0,9,27.869,28.097,0.000,0.000,2,0,0,-9.036,36.536,-531.824,1.495
85.920,YOU reference pilot,original,0,9,25.650,28.031,1.000,0.000,4,0,0,-6.393,36.148,-514.170,2.140
85.920,EMBER,tourer,0,9,27.406,26.433,0.000,0.282,4,0,0,-7.653,36.712,-523.638,2.128
85.920,GOLD,moto,0,10,34.293,27.987,0.000,1.000,4,0,0,-121.068,30.494,-579.362,1.898
85.920,BLUE,atv,0,9,25.335,25.463,0.000,0.000,4,0,0,-10.924,36.067,-538.481,1.392
86.200,YOU reference pilot,original,0,9,26.510,26.826,0.157,0.000,4,0,0,-7.314,36.623,-521.457,2.171
86.200,EMBER,tourer,0,9,25.731,24.286,0.000,0.412,4,0,0,-9.033,36.684,-531.002,1.742
86.200,GOLD,moto,0,10,32.929,48.000,1.000,0.000,4,0,0,-130.138,30.586,-579.696,1.934
86.200,BLUE,atv,0,9,23.445,23.992,0.309,0.000,4,0,0,-13.257,35.365,-544.855,1.451
86.460,YOU reference pilot,original,0,9,24.026,24.272,0.009,0.000,3,0,0,-8.412,36.761,-527.947,1.924
86.460,EMBER,tourer,0,9,23.216,22.577,0.000,0.181,4,0,0,-10.241,36.330,-537.206,1.240
86.460,GOLD,moto,0,10,34.802,48.000,1.000,0.000,4,0,0,-138.954,30.795,-580.053,1.913
86.460,BLUE,atv,0,9,22.272,22.457,0.112,0.000,4,0,0,-15.711,34.508,-550.199,1.516
86.720,YOU reference pilot,original,0,9,22.575,22.789,0.003,0.000,4,0,0,-9.547,36.538,-533.902,1.473
86.720,EMBER,tourer,0,9,21.643,20.108,0.000,0.434,4,0,0,-11.298,35.779,-542.919,0.758
86.720,GOLD,moto,0,10,36.513,48.000,1.000,0.000,4,0,0,-148.235,31.014,-580.403,1.855
86.720,BLUE,atv,0,9,21.579,21.790,0.128,0.000,4,0,0,-18.481,33.574,-555.070,1.547
87.000,YOU reference pilot,original,0,9,21.361,21.532,0.000,0.000,4,0,0,-10.562,36.091,-539.952,0.868
87.000,EMBER,tourer,0,9,20.392,18.512,0.000,0.530,4,0,0,-12.573,35.022,-548.660,1.055
87.000,GOLD,moto,0,10,38.202,47.091,1.000,0.000,4,0,0,-158.709,31.232,-580.714,1.787
87.000,BLUE,atv,0,9,21.684,21.916,0.142,0.000,4,0,0,-21.948,32.542,-559.909,1.502
87.260,YOU reference pilot,original,0,9,20.073,20.324,0.143,0.000,4,0,0,-11.524,35.502,-545.205,0.837
87.260,EMBER,tourer,0,9,19.582,19.809,0.128,0.000,4,0,0,-14.221,34.258,-553.520,1.604
87.260,GOLD,moto,0,10,39.650,45.219,1.000,0.000,4,0,0,-168.845,31.385,-580.898,1.736
87.260,BLUE,atv,0,9,22.475,23.349,0.497,0.000,4,0,0,-25.779,31.629,-564.087,1.363
87.520,YOU reference pilot,original,0,9,19.261,19.430,0.004,0.000,4,0,0,-12.758,34.811,-550.147,1.420
87.520,EMBER,tourer,0,9,19.069,19.453,0.212,0.000,4,0,0,-16.677,33.474,-557.838,1.705
87.520,GOLD,moto,0,10,40.901,41.221,0.161,0.000,4,0,0,-179.346,31.443,-580.949,1.704
87.520,BLUE,atv,0,9,23.003,23.882,0.494,0.000,4,0,0,-30.237,30.875,-567.842,1.157
87.800,YOU reference pilot,original,0,9,19.173,19.474,0.176,0.000,4,0,0,-14.560,34.009,-555.138,2.060
87.800,EMBER,tourer,0,9,19.364,19.602,0.141,0.000,4,0,0,-20.157,32.638,-561.849,1.365
87.800,GOLD,moto,0,10,39.907,39.069,0.000,0.246,4,0,0,-190.737,31.350,-580.830,1.689
87.800,BLUE,atv,0,9,24.622,0.000,0.000,1.000,4,0,0,-35.941,30.331,-571.395,0.933
88.060,YOU reference pilot,original,0,9,19.257,17.792,0.000,0.411,4,0,0,-16.803,33.233,-559.558,2.529
88.060,EMBER,tourer,0,9,19.992,20.884,0.495,0.000,4,0,0,-24.057,31.889,-565.121,0.898
88.060,GOLD,moto,0,10,37.465,36.791,0.000,0.198,4,0,0,-200.774,31.092,-580.564,1.686
88.060,BLUE,atv,0,9,23.487,31.358,1.000,0.000,4,0,0,-41.364,30.150,-573.813,0.800
88.320,YOU reference pilot,original,0,9,19.989,20.191,0.116,0.000,4,0,0,-19.659,32.460,-563.727,2.885
88.320,EMBER,tourer,0,9,20.103,20.598,0.276,0.000,4,0,0,-28.363,31.241,-567.942,0.609
88.320,GOLD,moto,0,10,34.926,34.363,0.000,0.165,4,0,0,-210.112,30.677,-580.171,1.689
88.320,BLUE,atv,0,9,25.843,40.448,1.000,0.000,4,0,0,-47.519,30.076,-575.697,0.736
88.600,YOU reference pilot,original,0,9,20.432,22.151,0.948,0.000,4,0,0,-23.553,31.691,-567.761,3.000
88.600,EMBER,tourer,0,9,21.719,23.458,0.949,0.000,4,0,0,-33.508,30.705,-570.610,0.727
88.600,GOLD,moto,0,10,31.821,28.900,0.000,0.844,4,0,0,-219.360,30.081,-579.634,1.698
88.600,BLUE,atv,0,9,28.142,46.476,1.000,0.000,4,0,0,-54.959,30.046,-577.159,0.715
88.860,YOU reference pilot,original,0,9,20.552,21.801,0.685,0.000,4,0,0,-27.950,31.105,-570.672,2.611
88.860,EMBER,tourer,0,9,23.677,29.654,1.000,0.000,4,0,0,-38.973,30.397,-572.850,0.945
88.860,GOLD,moto,0,10,28.933,25.737,0.000,0.923,4,0,0,-227.142,29.418,-579.056,1.711
88.860,BLUE,atv,0,9,30.086,46.476,1.000,0.000,4,0,0,-62.500,30.095,-578.018,0.786
89.120,YOU reference pilot,original,0,9,22.334,23.942,0.873,0.000,4,0,0,-33.073,30.662,-572.842,1.828
89.120,EMBER,tourer,0,9,25.444,30.348,1.000,0.000,4,0,0,-45.073,30.255,-574.788,1.038
89.120,GOLD,moto,0,10,26.274,25.737,0.000,0.152,4,0,0,-234.128,28.671,-578.431,1.715
89.120,BLUE,atv,0,9,31.870,46.476,1.000,0.000,4,0,0,-70.560,30.193,-578.489,0.934
89.400,YOU reference pilot,original,0,9,24.412,27.559,1.000,0.000,4,0,0,-39.394,30.373,-574.582,0.903
89.400,EMBER,tourer,0,9,27.158,36.206,1.000,0.000,4,0,0,-52.268,30.201,-576.439,1.022
89.400,GOLD,moto,0,10,24.263,24.000,0.000,0.000,4,0,0,-241.053,27.757,-577.709,1.702
89.400,BLUE,atv,0,9,33.632,46.476,1.000,0.000,4,0,0,-79.747,30.319,-578.705,1.145
89.660,YOU reference pilot,original,0,9,26.162,30.665,1.000,0.000,4,0,0,-45.874,30.245,-575.774,0.608
89.660,EMBER,tourer,0,9,28.606,40.286,1.000,0.000,4,0,0,-59.449,30.225,-577.531,1.002
89.660,GOLD,moto,0,10,23.818,24.000,0.112,0.000,4,0,0,-247.150,26.849,-576.995,1.693
89.660,BLUE,atv,0,10,35.131,46.476,1.000,0.000,4,0,0,-88.703,30.431,-578.776,1.350
89.920,YOU reference pilot,original,0,9,27.748,32.095,1.000,0.000,4,0,0,-52.840,30.198,-576.667,0.923
89.920,EMBER,tourer,0,9,29.946,40.330,1.000,0.000,4,0,0,-67.043,30.303,-578.224,1.037
89.920,GOLD,moto,0,10,23.872,24.000,0.083,0.000,4,0,0,-253.226,25.878,-576.217,1.691
89.920,BLUE,atv,0,10,36.514,46.476,1.000,0.000,4,0,0,-98.033,30.515,-578.843,1.535
90.200,YOU reference pilot,original,0,9,29.289,33.509,1.000,0.000,4,0,0,-60.809,30.234,-577.381,1.253
90.200,EMBER,tourer,0,9,31.289,40.382,1.000,0.000,4,0,0,-75.622,30.415,-578.612,1.148
90.200,GOLD,moto,0,10,23.783,24.000,0.135,0.000,4,0,0,-259.747,24.767,-575.321,1.694
90.200,BLUE,atv,0,10,35.937,32.133,0.000,1.000,4,0,0,-108.388,30.545,-579.010,1.711
90.460,YOU reference pilot,original,0,9,30.569,34.644,1.000,0.000,4,0,0,-68.584,30.320,-577.960,1.354
90.460,EMBER,tourer,0,10,32.446,38.728,1.000,0.000,4,0,0,-83.919,30.524,-578.776,1.285
90.460,GOLD,moto,0,10,23.909,24.000,0.064,0.000,4,0,0,-265.787,23.685,-574.442,1.700
90.460,BLUE,atv,0,10,30.982,29.375,0.000,0.468,4,0,0,-116.948,30.503,-579.246,1.841
90.720,YOU reference pilot,original,0,9,31.719,42.426,1.000,0.000,4,0,0,-76.633,30.429,-578.943,0.925
90.720,EMBER,tourer,0,10,33.458,40.486,1.000,0.000,4,0,0,-92.488,30.617,-579.243,1.107
90.720,GOLD,moto,0,10,23.838,24.000,0.105,0.000,4,0,0,-271.812,22.569,-573.528,1.708
90.720,BLUE,atv,0,10,27.783,26.368,0.000,0.412,4,0,0,-124.540,30.509,-579.521,1.883
91.000,YOU reference pilot,original,0,10,32.889,42.426,1.000,0.000,4,0,0,-85.575,30.545,-580.391,0.796
91.000,EMBER,tourer,0,10,34.530,40.546,1.000,0.000,4,0,0,-101.950,30.679,-580.396,0.668
91.000,GOLD,moto,0,10,23.800,24.000,0.127,0.000,4,0,0,-278.294,21.337,-572.512,1.718
91.000,BLUE,atv,0,10,29.183,46.476,1.000,0.000,4,0,0,-132.429,30.657,-579.842,1.886
91.260,YOU reference pilot,original,0,10,33.880,42.426,1.000,0.000,4,0,0,-94.166,30.633,-581.722,1.678
91.260,EMBER,tourer,0,10,33.153,29.496,0.000,1.000,4,0,0,-110.879,30.681,-581.505,1.018
91.260,GOLD,moto,0,10,23.934,24.000,0.052,0.000,4,0,0,-284.312,20.179,-571.548,1.726
91.260,BLUE,atv,0,10,31.030,46.476,1.000,0.000,4,0,0,-140.269,30.835,-580.160,1.856
91.520,YOU reference pilot,original,0,10,31.607,31.715,0.000,0.000,4,0,0,-102.770,30.682,-582.624,2.289
91.520,EMBER,tourer,0,10,28.530,26.708,0.000,0.522,4,0,0,-118.779,30.640,-581.892,1.015
91.520,GOLD,moto,0,10,23.858,24.000,0.095,0.000,4,0,0,-290.322,19.016,-570.571,1.734
91.520,BLUE,atv,0,10,32.719,46.476,1.000,0.000,4,0,0,-148.569,31.021,-580.459,1.810
91.800,YOU reference pilot,original,0,10,29.028,29.356,0.028,0.000,4,0,0,-111.213,30.675,-582.599,1.960
91.800,EMBER,tourer,0,10,28.644,40.667,1.000,0.000,4,0,0,-126.636,30.702,-581.692,0.663
91.800,GOLD,moto,0,10,23.851,24.000,0.099,0.000,4,0,0,-296.791,17.770,-569.512,1.742
91.800,BLUE,atv,0,10,34.384,46.476,1.000,0.000,4,0,0,-157.978,31.216,-580.723,1.764
92.060,YOU reference pilot,original,0,10,26.653,26.904,0.000,0.000,4,0,0,-118.419,30.637,-582.009,1.121
92.060,EMBER,tourer,0,10,29.990,40.797,1.000,0.000,4,0,0,-134.258,30.854,-581.242,0.803
92.060,GOLD,moto,0,10,23.754,24.000,0.032,0.000,4,0,0,-302.805,16.627,-568.526,1.748
92.060,BLUE,atv,0,10,35.808,45.219,1.000,0.000,4,0,0,-167.119,31.359,-580.885,1.732
92.320,YOU reference pilot,original,0,10,26.660,34.047,1.000,0.000,4,0,0,-125.187,30.684,-581.298,0.620
92.320,EMBER,tourer,0,10,31.225,40.863,1.000,0.000,4,0,0,-142.214,31.030,-580.793,1.379
92.320,GOLD,moto,0,11,23.895,24.000,0.074,0.000,4,0,0,-308.823,15.507,-567.544,1.753
92.320,BLUE,atv,0,10,37.132,43.267,1.000,0.000,4,0,0,-176.618,31.431,-580.945,1.713
92.600,YOU reference pilot,original,0,10,28.250,35.526,1.000,0.000,4,0,0,-132.860,30.827,-580.610,1.247
92.600,EMBER,tourer,0,10,32.448,40.937,1.000,0.000,4,0,0,-151.136,31.227,-580.485,1.895
92.600,GOLD,moto,0,11,23.845,24.000,0.101,0.000,4,0,0,-315.310,14.338,-566.497,1.759
92.600,BLUE,atv,0,10,38.395,39.069,0.349,0.000,4,0,0,-187.218,31.387,-580.872,1.702
92.860,YOU reference pilot,original,0,10,29.583,36.788,1.000,0.000,4,0,0,-140.380,30.989,-580.203,1.864
92.860,EMBER,tourer,0,10,33.505,41.006,1.000,0.000,4,0,0,-159.721,31.395,-580.403,2.143
92.860,GOLD,moto,0,11,23.735,24.000,0.041,0.000,4,0,0,-321.343,13.297,-565.541,1.763
92.860,BLUE,atv,0,10,37.912,36.791,0.000,0.327,4,0,0,-197.205,31.196,-580.661,1.698
93.120,YOU reference pilot,original,0,10,30.809,37.957,1.000,0.000,4,0,0,-148.242,31.164,-580.070,2.217
93.120,EMBER,tourer,0,10,34.503,41.077,1.000,0.000,4,0,0,-168.574,31.520,-580.470,2.184
93.120,GOLD,moto,0,11,24.067,48.000,1.000,0.000,4,0,0,-327.388,12.307,-564.606,1.767
93.120,BLUE,atv,0,10,35.379,34.363,0.000,0.296,4,0,0,-206.737,30.845,-580.320,1.696
93.400,YOU reference pilot,original,0,10,32.030,39.128,1.000,0.000,4,0,0,-157.053,31.347,-580.178,2.311
93.400,EMBER,tourer,0,10,35.520,41.154,1.000,0.000,4,0,0,-178.390,31.573,-580.602,2.079
93.400,GOLD,moto,0,11,27.278,48.000,1.000,0.000,4,0,0,-334.452,11.227,-563.548,1.771
93.400,BLUE,atv,0,10,32.599,31.749,0.000,0.246,4,0,0,-216.228,30.302,-579.829,1.698
93.660,YOU reference pilot,original,0,10,33.083,40.137,1.000,0.000,4,0,0,-165.527,31.484,-580.405,2.219
93.660,EMBER,tourer,0,10,36.359,37.694,0.688,0.000,4,0,0,-187.750,31.516,-580.853,1.762
93.660,GOLD,moto,0,11,29.988,48.000,1.000,0.000,4,0,0,-341.781,10.207,-562.499,1.775
93.660,BLUE,atv,0,10,29.808,28.900,0.000,0.262,4,0,0,-224.291,29.676,-579.280,1.706
93.920,YOU reference pilot,original,0,10,34.066,40.328,1.000,0.000,4,0,0,-174.267,31.563,-580.637,2.050
93.920,EMBER,tourer,0,10,36.311,35.598,0.000,0.206,4,0,0,-197.221,31.327,-581.578,0.983
93.920,GOLD,moto,0,11,32.451,48.000,1.000,0.000,4,0,0,-349.793,9.236,-561.420,1.783
93.920,BLUE,atv,0,10,26.771,25.737,0.000,0.297,4,0,0,-231.582,28.962,-578.671,1.714
94.200,YOU reference pilot,original,0,10,35.042,38.658,1.000,0.000,4,0,0,-183.955,31.553,-580.891,1.772
94.200,EMBER,tourer,0,10,34.277,33.371,0.000,0.259,4,0,0,-207.048,30.963,-582.542,0.963
94.200,GOLD,moto,0,11,34.838,48.000,1.000,0.000,4,0,0,-359.122,8.329,-560.257,1.814
94.200,BLUE,atv,0,10,24.683,24.000,0.000,0.194,4,0,0,-238.685,28.084,-577.968,1.705
94.460,YOU reference pilot,original,0,10,35.883,37.694,0.936,0.000,4,0,0,-193.165,31.425,-581.552,1.075
94.460,EMBER,tourer,0,10,31.949,30.984,0.000,0.277,4,0,0,-215.643,30.484,-583.139,1.823
94.460,GOLD,moto,0,11,36.819,48.000,1.000,0.000,4,0,0,-368.372,7.685,-559.186,1.843
94.460,BLUE,atv,0,10,23.880,24.000,0.076,0.000,4,0,0,-244.842,27.199,-577.274,1.694
94.720,YOU reference pilot,original,0,10,35.342,35.598,0.129,0.000,4,0,0,-202.340,31.161,-582.467,0.809
94.720,EMBER,tourer,0,10,29.403,28.397,0.000,0.288,4,0,0,-223.611,29.890,-582.913,2.092
94.720,GOLD,moto,0,11,38.588,48.000,1.000,0.000,4,0,0,-378.123,7.208,-558.121,1.843
94.720,BLUE,atv,0,10,23.912,24.000,0.060,0.000,4,0,0,-250.922,26.253,-576.520,1.690
95.000,YOU reference pilot,original,0,10,33.157,30.984,0.000,0.619,4,0,0,-211.898,30.716,-583.235,1.725
95.000,EMBER,tourer,0,10,26.671,25.550,0.000,0.316,4,0,0,-231.358,29.151,-581.735,1.590
95.000,GOLD,moto,0,11,40.285,48.000,1.000,0.000,4,0,0,-389.118,6.848,-556.976,1.822
95.000,BLUE,atv,0,10,23.789,24.000,0.129,0.000,4,0,0,-257.449,25.165,-575.643,1.693
95.260,YOU reference pilot,original,0,10,30.787,28.397,0.000,0.679,4,0,0,-220.174,30.170,-583.499,2.425
95.260,EMBER,tourer,0,10,24.918,24.000,0.000,0.257,4,0,0,-237.859,28.362,-580.260,0.922
95.260,GOLD,moto,0,11,41.691,48.000,1.000,0.000,4,0,0,-399.733,6.657,-555.910,1.801
95.260,BLUE,atv,0,10,23.875,24.000,0.082,0.000,4,0,0,-263.495,24.100,-574.780,1.698
95.520,YOU reference pilot,original,0,10,28.217,25.550,0.000,0.757,4,0,0,-227.800,29.524,-583.335,2.800
95.520,EMBER,tourer,0,10,23.916,24.000,0.052,0.000,4,0,0,-244.001,27.496,-579.059,0.697
95.520,GOLD,moto,0,11,42.951,48.000,1.000,0.000,4,0,0,-410.697,6.593,-554.842,1.785
95.520,BLUE,atv,0,10,23.773,24.000,0.140,0.000,4,0,0,-269.522,22.996,-573.878,1.706
95.800,YOU reference pilot,original,0,10,25.864,24.000,0.000,0.527,4,0,0,-235.233,28.726,-582.810,2.945
95.800,EMBER,tourer,0,10,23.882,24.000,0.074,0.000,4,0,0,-250.563,26.493,-578.351,0.704
95.800,GOLD,moto,0,11,37.758,34.280,0.000,1.000,4,0,0,-422.149,6.641,-553.762,1.780
95.800,BLUE,atv,0,10,23.726,24.000,0.047,0.000,4,0,0,-276.003,21.775,-572.874,1.715
96.060,YOU reference pilot,original,0,10,24.282,24.000,0.000,0.000,4,0,0,-241.621,27.884,-582.119,2.926
96.060,EMBER,tourer,0,10,23.879,24.000,0.077,0.000,4,0,0,-256.673,25.497,-578.041,0.949
96.060,GOLD,moto,0,11,37.066,48.000,1.000,0.000,4,0,0,-431.612,6.755,-552.902,1.782
96.060,BLUE,atv,0,10,23.876,24.000,0.084,0.000,4,0,0,-282.015,20.622,-571.917,1.723
96.320,YOU reference pilot,original,0,10,23.788,24.000,0.124,0.000,4,0,0,-247.704,26.989,-581.310,2.833
96.320,EMBER,tourer,0,10,23.909,24.000,0.062,0.000,4,0,0,-262.778,24.449,-577.818,1.455
96.320,GOLD,moto,0,11,38.622,48.000,1.000,0.000,4,0,0,-441.430,6.901,-552.045,1.784
96.320,BLUE,atv,0,10,23.791,24.000,0.131,0.000,4,0,0,-288.023,19.460,-570.945,1.732
96.600,YOU reference pilot,original,0,10,23.812,24.000,0.113,0.000,4,0,0,-254.228,25.952,-580.343,2.706
96.600,EMBER,tourer,0,10,23.770,24.000,0.138,0.000,4,0,0,-269.336,23.276,-577.472,2.016
96.600,GOLD,moto,0,11,40.150,48.000,1.000,0.000,4,0,0,-452.437,7.090,-551.131,1.791
96.600,BLUE,atv,0,10,23.741,24.000,0.039,0.000,4,0,0,-294.494,18.211,-569.888,1.740
96.860,YOU reference pilot,original,0,10,23.840,24.000,0.098,0.000,4,0,0,-260.266,24.925,-579.401,2.594
96.860,EMBER,tourer,0,10,23.919,24.000,0.055,0.000,4,0,0,-275.394,22.149,-576.752,2.206
96.860,GOLD,moto,0,11,41.448,48.000,1.000,0.000,4,0,0,-463.026,7.280,-550.306,1.800
96.860,BLUE,atv,0,10,23.882,24.000,0.080,0.000,4,0,0,-300.503,17.062,-568.902,1.746
97.120,YOU reference pilot,original,0,10,23.886,24.000,0.075,0.000,4,0,0,-266.294,23.849,-578.441,2.505
97.120,EMBER,tourer,0,10,23.908,24.000,0.063,0.000,4,0,0,-281.327,21.005,-575.371,1.783
97.120,GOLD,moto,0,11,42.644,48.000,1.000,0.000,4,0,0,-473.943,7.451,-549.522,1.812
97.120,BLUE,atv,0,10,23.789,24.000,0.132,0.000,4,0,0,-306.514,15.933,-567.919,1.752
97.400,YOU reference pilot,original,0,10,23.765,24.000,0.141,0.000,4,0,0,-272.776,22.650,-577.403,2.441
97.400,EMBER,tourer,0,10,23.785,24.000,0.130,0.000,4,0,0,-287.628,19.766,-573.554,1.078
97.400,GOLD,moto,0,11,43.837,48.000,1.000,0.000,4,0,0,-486.041,7.568,-548.751,1.822
97.400,BLUE,atv,0,11,23.730,24.000,0.045,0.000,4,0,0,-312.996,14.751,-566.869,1.757
97.660,YOU reference pilot,original,0,10,23.835,24.000,0.103,0.000,4,0,0,-278.792,21.510,-576.437,2.408
97.660,EMBER,tourer,0,10,23.804,24.000,0.119,0.000,4,0,0,-293.570,18.609,-572.231,0.820
97.660,GOLD,moto,0,11,44.872,48.000,1.000,0.000,4,0,0,-497.573,7.552,-548.175,1.800
97.660,BLUE,atv,0,11,23.862,24.000,0.090,0.000,4,0,0,-319.020,13.693,-565.907,1.761
97.920,YOU reference pilot,original,0,10,23.910,24.000,0.063,0.000,4,0,0,-284.806,20.355,-575.470,2.394
97.920,EMBER,tourer,0,10,23.857,24.000,0.091,0.000,4,0,0,-299.596,17.458,-571.368,0.892
97.920,GOLD,moto,0,11,45.528,44.517,0.000,0.297,4,0,0,-509.366,7.398,-547.842,1.854
97.920,BLUE,atv,0,11,23.719,24.000,0.049,0.000,4,0,0,-325.058,12.682,-564.963,1.765
98.200,YOU reference pilot,original,0,10,23.821,24.000,0.111,0.000,4,0,0,-291.275,19.106,-574.428,2.391
98.200,EMBER,tourer,0,10,23.739,24.000,0.039,0.000,4,0,0,-306.127,16.241,-570.749,1.231
98.200,GOLD,moto,0,11,42.527,41.333,0.000,0.349,4,0,0,-521.671,7.250,-547.840,1.966
98.200,BLUE,atv,0,11,25.993,46.476,1.000,0.000,4,0,0,-331.815,11.621,-563.938,1.769
98.460,YOU reference pilot,original,0,10,23.899,24.000,0.069,0.000,4,0,0,-297.287,17.950,-573.455,2.393
98.460,EMBER,tourer,0,11,23.765,24.000,0.139,0.000,4,0,0,-312.198,15.139,-570.181,1.590
98.460,GOLD,moto,0,11,39.907,39.375,0.000,0.158,4,0,0,-532.344,7.151,-548.120,2.023
98.460,BLUE,atv,0,11,28.507,46.476,1.000,0.000,4,0,0,-338.781,10.612,-562.922,1.773
98.720,YOU reference pilot,original,0,10,23.748,24.000,0.034,0.000,4,0,0,-303.300,16.808,-572.482,2.396
98.720,EMBER,tourer,0,11,23.724,24.000,0.044,0.000,4,0,0,-318.212,14.071,-569.138,1.511
98.720,GOLD,moto,0,12,36.778,34.962,0.000,0.529,4,0,0,-542.258,7.051,-548.554,2.024
98.720,BLUE,atv,0,11,30.786,46.476,1.000,0.000,4,0,0,-346.379,9.634,-561.871,1.779
99.000,YOU reference pilot,original,0,11,23.869,24.000,0.085,0.000,4,0,0,-309.778,15.604,-571.435,2.396
99.000,EMBER,tourer,0,11,23.772,24.000,0.135,0.000,4,0,0,-324.581,12.977,-567.481,0.954
99.000,GOLD,moto,0,12,33.466,31.936,0.000,0.445,4,0,0,-552.065,6.947,-549.063,1.990
99.000,BLUE,atv,0,11,32.991,46.476,1.000,0.000,4,0,0,-355.207,8.685,-560.735,1.797
99.260,YOU reference pilot,original,0,11,23.929,24.000,0.052,0.000,4,0,0,-315.801,14.518,-570.468,2.394
99.260,EMBER,tourer,0,11,24.921,41.569,1.000,0.000,4,0,0,-330.527,12.011,-565.722,0.640
99.260,GOLD,moto,0,12,30.504,29.105,0.000,0.407,4,0,0,-560.383,6.859,-549.481,1.949
99.260,BLUE,atv,0,11,34.817,46.476,1.000,0.000,4,0,0,-363.948,7.973,-559.692,1.832
99.520,YOU reference pilot,original,0,11,23.762,24.000,0.140,0.000,4,0,0,-321.824,13.476,-569.501,2.375
99.520,EMBER,tourer,0,11,26.920,41.569,1.000,0.000,4,0,0,-336.964,11.041,-563.899,1.177
99.520,GOLD,moto,0,12,27.422,25.967,0.000,0.423,4,0,0,-567.926,6.779,-549.781,1.910
99.520,BLUE,atv,0,11,36.440,46.476,1.000,0.000,4,0,0,-373.154,7.441,-558.661,1.844
99.800,YOU reference pilot,original,0,11,24.247,32.020,1.000,0.000,4,0,0,-328.280,12.408,-568.125,2.011
99.800,EMBER,tourer,0,11,28.869,41.569,1.000,0.000,4,0,0,-344.514,10.025,-562.089,1.856
99.800,GOLD,moto,0,12,24.193,22.571,0.000,0.471,4,0,0,-575.185,6.702,-549.921,1.881
99.800,BLUE,atv,0,11,37.986,46.476,1.000,0.000,4,0,0,-383.522,7.019,-557.558,1.831
100.060,YOU reference pilot,original,0,11,26.318,33.523,1.000,0.000,4,0,0,-334.541,11.430,-566.303,1.202
100.060,EMBER,tourer,0,11,30.504,41.569,1.000,0.000,4,0,0,-352.068,9.161,-560.681,2.260
100.060,GOLD,moto,0,12,21.594,18.930,0.000,0.772,4,0,0,-581.143,6.640,-549.851,1.870
100.060,BLUE,atv,0,11,39.259,46.476,1.000,0.000,4,0,0,-393.520,6.761,-556.535,1.811
100.320,YOU reference pilot,original,0,11,28.212,35.063,1.000,0.000,4,0,0,-341.264,10.467,-564.206,0.614
100.320,EMBER,tourer,0,11,31.989,41.569,1.000,0.000,4,0,0,-360.091,8.430,-559.555,2.427
100.320,GOLD,moto,0,12,18.652,18.181,0.000,0.138,4,0,0,-586.243,6.588,-549.589,1.873
100.320,BLUE,atv,0,11,40.393,46.476,1.000,0.000,4,0,0,-403.834,6.628,-555.510,1.793
100.600,YOU reference pilot,original,0,11,30.025,36.727,1.000,0.000,4,0,0,-349.078,9.493,-562.026,1.359
100.600,EMBER,tourer,0,11,33.426,41.569,1.000,0.000,4,0,0,-369.189,7.825,-558.585,2.380
100.600,GOLD,moto,0,12,14.436,12.486,0.000,0.565,4,0,0,-590.916,6.543,-549.155,1.837
100.600,BLUE,atv,0,11,39.624,36.387,0.000,0.940,4,0,0,-415.180,6.606,-554.417,1.782
100.860,YOU reference pilot,original,0,11,31.515,38.166,1.000,0.000,4,0,0,-356.865,8.699,-560.312,2.056
100.860,EMBER,tourer,0,11,34.617,41.569,1.000,0.000,4,0,0,-378.000,7.395,-557.806,2.205
100.860,GOLD,moto,0,12,12.478,12.560,0.000,0.000,4,0,0,-594.328,6.511,-548.740,1.699
100.860,BLUE,atv,0,11,35.010,33.364,0.000,0.480,4,0,0,-424.730,6.675,-553.526,1.781
101.120,YOU reference pilot,original,0,11,32.845,39.284,1.000,0.000,4,0,0,-365.110,8.067,-558.970,2.445
101.120,EMBER,tourer,0,11,35.620,41.569,1.000,0.000,4,0,0,-387.121,7.081,-557.296,1.767
101.120,GOLD,moto,0,12,10.870,8.885,0.000,0.574,4,0,0,-597.473,6.485,-548.322,1.475
101.120,BLUE,atv,0,11,35.015,46.476,1.000,0.000,4,0,0,-433.661,6.788,-552.721,1.782
101.400,YOU reference pilot,original,0,11,34.123,40.271,1.000,0.000,4,0,0,-374.417,7.551,-557.876,2.510
101.400,EMBER,tourer,0,11,36.622,41.569,1.000,0.000,4,0,0,-397.240,6.871,-557.390,0.799
101.400,GOLD,moto,0,12,8.693,8.394,0.000,0.000,4,0,0,-600.100,6.465,-547.978,1.353
101.400,BLUE,atv,0,11,36.505,46.476,1.000,0.000,4,0,0,-443.653,6.940,-551.858,1.785
101.660,YOU reference pilot,original,0,11,35.178,41.536,1.000,0.000,4,0,0,-383.391,7.191,-557.064,2.362
101.660,EMBER,tourer,0,11,37.482,41.569,1.000,0.000,4,0,0,-406.874,6.781,-557.744,0.990
101.660,GOLD,moto,0,12,8.335,8.448,0.066,0.000,4,0,0,-602.250,6.447,-547.703,1.342
101.660,BLUE,atv,0,11,37.765,46.476,1.000,0.000,4,0,0,-453.288,7.108,-551.064,1.791
101.920,YOU reference pilot,original,0,11,36.114,41.461,1.000,0.000,4,0,0,-392.633,6.947,-556.327,2.142
101.920,EMBER,tourer,0,11,38.236,41.569,1.000,0.000,4,0,0,-416.723,6.776,-557.931,2.014
101.920,GOLD,moto,0,12,10.254,13.855,1.000,0.000,4,0,0,-604.575,6.427,-547.380,1.470
101.920,BLUE,atv,0,11,38.918,46.476,1.000,0.000,4,0,0,-463.239,7.285,-550.292,1.799
102.200,YOU reference pilot,original,0,11,37.004,41.382,1.000,0.000,4,0,0,-402.844,6.803,-555.517,1.927
102.200,EMBER,tourer,0,11,34.608,41.569,1.000,0.000,4,0,0,-426.630,6.849,-557.663,2.649
102.200,GOLD,moto,0,12,11.679,10.000,0.000,0.487,4,0,0,-607.834,6.399,-546.653,2.074
102.200,BLUE,atv,0,11,40.059,46.476,1.000,0.000,4,0,0,-474.281,7.454,-549.502,1.809
102.460,YOU reference pilot,original,0,11,37.735,41.308,1.000,0.000,4,0,0,-412.532,6.766,-554.706,1.796
102.460,EMBER,tourer,0,11,35.395,41.569,1.000,0.000,4,0,0,-435.668,6.963,-556.529,2.339
102.460,GOLD,moto,0,12,9.867,10.000,0.020,0.000,4,0,0,-610.333,6.378,-545.513,2.614
102.460,BLUE,atv,0,11,41.038,46.476,1.000,0.000,4,0,0,-484.814,7.557,-548.827,1.817
102.720,YOU reference pilot,original,0,11,34.889,32.231,0.000,0.760,4,0,0,-422.106,6.808,-553.873,1.729
102.720,EMBER,tourer,0,11,36.242,41.569,1.000,0.000,4,0,0,-444.791,7.107,-554.624,1.301
102.720,GOLD,moto,0,12,10.150,48.000,1.000,0.000,4,0,0,-612.298,6.377,-543.855,1.213
102.720,BLUE,atv,0,11,41.954,46.476,1.000,0.000,4,0,0,-495.601,7.558,-548.265,1.796
103.000,YOU reference pilot,original,0,11,35.016,40.481,1.000,0.000,4,0,0,-431.774,6.914,-553.313,1.440
103.000,EMBER,tourer,0,11,37.102,41.569,1.000,0.000,4,0,0,-454.808,7.285,-552.324,0.731
103.000,GOLD,moto,0,12,13.912,48.000,1.000,0.000,4,0,0,-614.194,6.403,-541.018,0.612
103.000,BLUE,atv,0,11,42.881,46.476,1.000,0.000,4,0,0,-507.484,7.415,-547.886,1.826
103.260,YOU reference pilot,original,0,11,35.841,41.088,1.000,0.000,4,0,0,-440.979,7.047,-552.803,1.185
103.260,EMBER,tourer,0,11,37.808,41.569,1.000,0.000,4,0,0,-464.370,7.453,-550.438,1.635
103.260,GOLD,moto,0,12,17.104,48.000,1.000,0.000,4,0,0,-615.582,6.425,-537.194,1.398
103.260,BLUE,atv,0,11,42.522,41.420,0.000,0.323,4,0,0,-518.644,7.280,-547.820,1.925
103.520,YOU reference pilot,original,0,11,36.568,41.018,1.000,0.000,4,0,0,-450.387,7.206,-552.282,0.979
103.520,EMBER,tourer,0,11,38.457,41.569,1.000,0.000,4,0,0,-474.192,7.600,-549.022,2.316
103.520,GOLD,moto,0,12,20.121,48.000,1.000,0.000,4,0,0,-616.350,6.448,-532.382,1.645
103.520,BLUE,atv,0,11,40.006,39.134,0.000,0.256,4,0,0,-529.355,7.181,-548.027,2.005
103.800,YOU reference pilot,original,0,11,37.289,40.946,1.000,0.000,4,0,0,-460.733,7.389,-552.235,0.650
103.800,EMBER,tourer,0,11,39.134,41.569,1.000,0.000,4,0,0,-485.021,7.700,-548.051,2.590
103.800,GOLD,moto,0,12,23.200,48.000,1.000,0.000,4,0,0,-616.539,6.477,-526.285,1.205
103.800,BLUE,atv,0,12,37.179,37.047,0.000,0.000,4,0,0,-540.127,7.073,-548.454,2.025
104.060,YOU reference pilot,original,0,11,37.929,40.879,1.000,0.000,4,0,0,-470.516,7.547,-552.477,1.179
104.060,EMBER,tourer,0,11,39.741,41.569,0.936,0.000,4,0,0,-495.275,7.696,-547.583,2.502
104.060,GOLD,moto,0,12,25.860,48.000,1.000,0.000,4,0,0,-616.375,6.507,-519.878,0.537
104.060,BLUE,atv,0,12,34.266,32.374,0.000,0.550,4,0,0,-549.367,6.975,-548.920,2.002
104.320,YOU reference pilot,original,0,11,38.513,40.815,1.000,0.000,4,0,0,-480.460,7.667,-552.667,1.949
104.320,EMBER,tourer,0,11,40.189,41.569,0.704,0.000,4,0,0,-505.676,7.577,-547.444,2.312
104.320,GOLD,moto,0,12,28.313,48.000,1.000,0.000,4,0,0,-616.156,6.539,-512.810,0.888
104.320,BLUE,atv,0,12,31.327,29.505,0.000,0.530,4,0,0,-557.859,6.886,-549.359,1.963
104.600,YOU reference pilot,original,0,11,38.981,40.748,0.902,0.000,4,0,0,-491.314,7.714,-552.287,2.201
104.600,EMBER,tourer,0,11,40.235,39.808,0.000,0.125,4,0,0,-516.955,7.448,-547.583,2.171
104.600,GOLD,moto,0,12,30.733,48.000,1.000,0.000,4,0,0,-616.074,6.581,-504.515,1.572
104.600,BLUE,atv,0,12,28.191,26.054,0.000,0.620,4,0,0,-566.169,6.797,-549.721,1.920
104.860,YOU reference pilot,original,0,11,39.356,40.688,0.677,0.000,4,0,0,-501.468,7.636,-551.348,1.743
104.860,EMBER,tourer,0,11,37.953,36.943,0.000,0.292,4,0,0,-527.109,7.354,-548.136,1.874
104.860,GOLD,moto,0,12,32.796,48.000,1.000,0.000,4,0,0,-616.222,6.626,-496.234,1.958
104.860,BLUE,atv,0,12,25.366,23.014,0.000,0.682,4,0,0,-573.106,6.724,-549.901,1.888
105.120,YOU reference pilot,original,0,11,39.542,40.532,0.500,0.000,4,0,0,-511.717,7.501,-550.819,1.368
105.120,EMBER,tourer,0,11,35.643,34.701,0.000,0.271,4,0,0,-536.584,7.258,-549.391,1.084
105.120,GOLD,moto,0,12,34.699,48.000,1.000,0.000,4,0,0,-616.565,6.675,-487.444,2.097
105.120,BLUE,atv,0,12,22.606,22.550,0.000,0.000,4,0,0,-579.242,6.660,-549.897,1.871
105.400,YOU reference pilot,original,0,11,37.329,37.626,0.147,0.000,4,0,0,-522.535,7.395,-550.943,1.346
105.400,EMBER,tourer,0,12,33.215,32.381,0.000,0.240,4,0,0,-546.061,7.159,-551.076,0.750
105.400,GOLD,moto,0,12,36.583,48.000,1.000,0.000,4,0,0,-617.068,6.731,-477.454,2.059
105.400,BLUE,atv,0,12,18.837,17.940,0.000,0.261,4,0,0,-584.951,6.601,-549.677,1.872
105.660,YOU reference pilot,original,0,11,34.917,35.278,0.016,0.000,4,0,0,-531.906,7.305,-551.463,1.542
105.660,EMBER,tourer,0,12,30.696,29.972,0.000,0.210,4,0,0,-554.229,7.072,-552.427,1.481
105.660,GOLD,moto,0,12,38.190,48.000,1.000,0.000,4,0,0,-617.570,6.786,-467.728,1.943
105.660,BLUE,atv,0,12,15.886,13.392,0.000,0.722,4,0,0,-589.540,6.556,-549.300,1.859
105.920,YOU reference pilot,original,0,12,32.377,32.648,0.000,0.000,4,0,0,-540.625,7.215,-552.124,1.802
105.920,EMBER,tourer,0,12,27.978,27.227,0.000,0.218,4,0,0,-561.787,6.992,-552.975,1.682
105.920,GOLD,moto,0,12,39.669,48.000,1.000,0.000,4,0,0,-618.040,6.844,-457.600,1.821
105.920,BLUE,atv,0,12,12.826,12.208,0.000,0.179,4,0,0,-593.122,6.522,-548.892,1.766
106.200,YOU reference pilot,original,0,12,29.488,29.670,0.091,0.000,4,0,0,-549.234,7.124,-552.810,2.058
106.200,EMBER,tourer,0,12,25.109,23.903,0.000,0.345,4,0,0,-569.191,6.914,-552.681,1.213
106.200,GOLD,moto,0,12,41.131,48.000,1.000,0.000,4,0,0,-618.471,6.907,-446.279,1.727
106.200,BLUE,atv,0,12,11.728,9.641,0.000,0.604,4,0,0,-596.554,6.492,-548.441,1.539
106.460,YOU reference pilot,original,0,12,28.349,28.669,0.165,0.000,4,0,0,-556.602,7.047,-553.344,2.235
106.460,EMBER,tourer,0,12,22.265,20.884,0.000,0.394,4,0,0,-575.292,6.851,-551.993,0.698
106.460,GOLD,moto,0,12,42.378,48.000,1.000,0.000,4,0,0,-618.794,6.968,-435.413,1.687
106.460,BLUE,atv,0,12,8.909,8.072,0.000,0.242,4,0,0,-599.142,6.472,-548.097,1.369
106.720,YOU reference pilot,original,0,12,27.046,27.476,0.225,0.000,4,0,0,-563.766,6.971,-553.762,2.355
106.720,EMBER,tourer,0,12,19.979,18.848,0.000,0.324,4,0,0,-580.697,6.795,-551.205,0.797
106.720,GOLD,moto,0,12,43.527,48.000,1.000,0.000,4,0,0,-619.057,7.030,-424.235,1.686
106.720,BLUE,atv,0,12,7.853,7.915,0.000,0.000,4,0,0,-601.284,6.455,-547.822,1.341
107.000,YOU reference pilot,original,0,12,24.825,24.359,0.000,0.135,4,0,0,-570.962,6.896,-554.021,2.417
107.000,EMBER,tourer,0,12,17.315,16.749,0.000,0.162,4,0,0,-585.781,6.744,-550.639,1.022
107.000,GOLD,moto,0,12,44.664,48.000,1.000,0.000,4,0,0,-619.298,7.098,-411.877,1.709
107.000,BLUE,atv,0,12,8.705,10.303,0.932,0.000,4,0,0,-603.550,6.436,-547.528,1.402
107.260,YOU reference pilot,original,0,12,21.649,19.633,0.000,0.575,4,0,0,-576.972,6.833,-553.820,2.187
107.260,EMBER,tourer,0,12,14.237,11.662,0.000,0.733,4,0,0,-589.966,6.703,-550.481,0.862
107.260,GOLD,moto,0,12,45.634,48.000,1.000,0.000,4,0,0,-619.506,7.161,-400.129,1.736
107.260,BLUE,atv,0,12,11.868,18.353,1.000,0.000,4,0,0,-606.193,6.413,-547.084,1.689
107.520,YOU reference pilot,original,0,12,17.515,15.585,0.000,0.550,4,0,0,-581.969,6.783,-553.243,1.740
107.520,EMBER,tourer,0,12,11.869,11.266,0.000,0.172,4,0,0,-593.268,6.673,-550.504,0.653
107.520,GOLD,moto,0,13,46.456,48.000,0.797,0.000,4,0,0,-619.716,7.223,-388.144,1.759
107.520,BLUE,atv,0,12,10.508,10.000,0.000,0.151,4,0,0,-609.050,6.389,-546.203,2.471
107.800,YOU reference pilot,original,0,12,14.770,13.790,0.000,0.280,4,0,0,-586.382,6.739,-552.728,1.485
107.800,EMBER,tourer,0,12,11.143,11.202,0.000,0.000,4,0,0,-596.463,6.647,-550.595,0.908
107.800,GOLD,moto,0,13,46.943,48.000,0.541,0.000,4,0,0,-619.954,7.290,-375.058,1.773
107.800,BLUE,atv,0,12,9.871,10.000,0.072,0.000,4,0,0,-611.421,6.374,-544.723,1.837
108.060,YOU reference pilot,original,0,12,12.311,10.813,0.000,0.427,4,0,0,-589.884,6.706,-552.376,1.456
108.060,EMBER,tourer,0,12,8.470,7.220,0.000,0.356,4,0,0,-598.966,6.628,-550.676,1.379
108.060,GOLD,moto,0,13,47.184,48.000,0.415,0.000,4,0,0,-620.188,7.350,-362.818,1.778
108.060,BLUE,atv,0,12,11.653,45.685,1.000,0.000,4,0,0,-613.222,6.388,-542.702,0.621
108.320,YOU reference pilot,original,0,12,10.063,9.063,0.000,0.285,4,0,0,-592.735,6.681,-552.111,1.559
108.320,EMBER,tourer,0,12,7.279,7.079,0.000,0.000,4,0,0,-600.979,6.611,-550.642,1.638
108.320,GOLD,moto,0,13,47.320,48.000,0.344,0.000,4,0,0,-620.437,7.408,-350.532,1.780
108.320,BLUE,atv,0,12,14.745,45.638,1.000,0.000,4,0,0,-614.815,6.412,-539.621,0.947
108.600,YOU reference pilot,original,0,12,8.636,8.268,0.000,0.000,4,0,0,-595.301,6.659,-551.878,1.764
108.600,EMBER,tourer,0,12,7.230,7.823,0.335,0.000,4,0,0,-602.949,6.593,-550.401,1.636
108.600,GOLD,moto,0,13,47.401,48.000,0.302,0.000,4,0,0,-620.723,7.469,-337.273,1.781
108.600,BLUE,atv,0,12,17.850,45.591,1.000,0.000,4,0,0,-615.971,6.435,-535.170,1.561
108.860,YOU reference pilot,original,0,12,8.608,8.801,0.109,0.000,4,0,0,-597.487,6.642,-551.683,2.015
108.860,EMBER,tourer,0,12,9.007,11.999,1.000,0.000,4,0,0,-604.977,6.575,-549.929,1.347
108.860,GOLD,moto,0,13,47.444,48.000,0.279,0.000,4,0,0,-621.000,7.522,-324.945,1.788
108.860,BLUE,atv,0,12,20.565,45.552,1.000,0.000,4,0,0,-616.420,6.459,-530.166,1.487
109.120,YOU reference pilot,original,0,12,7.787,7.369,0.000,0.000,4,0,0,-599.622,6.624,-551.500,2.252
109.120,EMBER,tourer,0,12,11.678,23.960,1.000,0.000,4,0,0,-607.537,6.552,-548.995,0.725
109.120,GOLD,moto,0,13,47.469,48.000,0.266,0.000,4,0,0,-621.277,7.573,-312.609,1.782
109.120,BLUE,atv,0,12,23.122,45.516,1.000,0.000,4,0,0,-616.416,6.486,-524.458,0.913
109.400,YOU reference pilot,original,0,12,7.075,7.225,0.048,0.000,4,0,0,-601.655,6.606,-551.247,2.292
109.400,EMBER,tourer,0,12,12.163,41.569,1.000,0.000,4,0,0,-610.367,6.529,-547.309,1.300
109.400,GOLD,moto,0,13,47.484,48.000,0.259,0.000,4,0,0,-621.562,7.626,-299.319,1.770
109.400,BLUE,atv,0,12,25.664,45.482,1.000,0.000,4,0,0,-616.193,6.517,-517.601,0.551
109.660,YOU reference pilot,original,0,12,7.622,7.984,0.205,0.000,4,0,0,-603.517,6.589,-550.832,2.083
109.660,EMBER,tourer,0,12,14.334,41.569,1.000,0.000,4,0,0,-612.791,6.525,-544.815,0.762
109.660,GOLD,moto,0,13,47.492,48.000,0.254,0.000,4,0,0,-621.807,7.674,-286.974,1.761
109.660,BLUE,atv,0,12,27.823,45.454,1.000,0.000,4,0,0,-616.021,6.550,-510.624,1.173
109.920,YOU reference pilot,original,0,12,10.082,16.754,1.000,0.000,4,0,0,-605.689,6.569,-550.108,1.532
109.920,EMBER,tourer,0,12,16.316,41.569,1.000,0.000,4,0,0,-614.759,6.548,-541.312,1.150
109.920,GOLD,moto,0,13,47.497,48.000,0.252,0.000,4,0,0,-622.034,7.721,-274.628,1.758
109.920,BLUE,atv,0,12,29.804,45.430,1.000,0.000,4,0,0,-616.023,6.589,-503.109,1.717
110.200,YOU reference pilot,original,0,12,12.990,37.254,1.000,0.000,4,0,0,-608.612,6.543,-548.639,0.648
110.200,EMBER,tourer,0,12,18.428,41.569,1.000,0.000,4,0,0,-616.060,6.578,-536.595,1.835
110.200,GOLD,moto,0,13,47.500,48.000,0.250,0.000,4,0,0,-622.262,7.770,-261.330,1.759
110.200,BLUE,atv,0,12,31.760,45.409,1.000,0.000,4,0,0,-616.257,6.636,-494.469,2.026
110.460,YOU reference pilot,original,0,12,15.255,40.119,1.000,0.000,4,0,0,-611.484,6.522,-546.293,1.372
110.460,EMBER,tourer,0,12,20.382,41.569,1.000,0.000,4,0,0,-616.503,6.603,-531.545,1.756
110.460,GOLD,moto,0,13,47.502,48.000,0.249,0.000,4,0,0,-622.462,7.815,-248.981,1.762
110.460,BLUE,atv,0,12,33.427,45.394,1.000,0.000,4,0,0,-616.644,6.683,-485.984,2.092
110.720,YOU reference pilot,original,0,12,17.216,40.132,1.000,0.000,4,0,0,-613.968,6.532,-542.839,0.742
110.720,EMBER,tourer,0,12,22.302,41.569,1.000,0.000,4,0,0,-616.421,6.629,-525.975,1.145
110.720,GOLD,moto,0,13,47.503,48.000,0.248,0.000,4,0,0,-622.654,7.860,-236.632,1.765
110.720,BLUE,atv,0,12,34.959,45.382,1.000,0.000,4,0,0,-617.116,6.733,-477.089,2.027
111.000,YOU reference pilot,original,0,12,19.268,40.150,1.000,0.000,4,0,0,-615.761,6.570,-538.026,1.700
111.000,EMBER,tourer,0,12,24.250,41.562,1.000,0.000,4,0,0,-616.073,6.658,-519.444,0.667
111.000,GOLD,moto,0,13,47.504,48.000,0.248,0.000,4,0,0,-622.855,7.907,-223.333,1.767
111.000,BLUE,atv,0,12,36.471,45.375,1.000,0.000,4,0,0,-617.636,6.790,-467.084,1.901
111.260,YOU reference pilot,original,0,12,21.170,30.171,1.000,0.000,4,0,0,-616.528,6.597,-532.802,1.902
111.260,EMBER,tourer,0,12,25.919,41.488,1.000,0.000,4,0,0,-615.782,6.688,-512.909,1.276
111.260,GOLD,moto,0,13,47.504,48.000,0.248,0.000,4,0,0,-623.038,7.950,-210.983,1.769
111.260,BLUE,atv,0,12,37.756,45.372,1.000,0.000,4,0,0,-618.075,6.845,-457.430,1.792
111.520,YOU reference pilot,original,0,12,23.058,31.885,1.000,0.000,4,0,0,-616.631,6.624,-527.032,1.429
111.520,EMBER,tourer,0,12,27.463,41.414,1.000,0.000,4,0,0,-615.689,6.724,-505.952,1.884
111.520,GOLD,moto,0,13,47.502,48.000,0.249,0.000,4,0,0,-623.207,7.994,-198.633,1.779
111.520,BLUE,atv,0,12,38.938,45.374,1.000,0.000,4,0,0,-618.447,6.901,-447.452,1.718
111.800,YOU reference pilot,original,0,12,24.980,33.501,1.000,0.000,4,0,0,-616.356,6.655,-520.289,0.687
111.800,EMBER,tourer,0,12,29.010,41.334,1.000,0.000,4,0,0,-615.870,6.767,-498.029,2.231
111.800,GOLD,moto,0,13,47.493,48.000,0.254,0.000,4,0,0,-623.088,8.040,-185.335,2.077
111.800,BLUE,atv,0,12,40.104,45.380,1.000,0.000,4,0,0,-618.773,6.963,-436.377,1.685
112.060,YOU reference pilot,original,0,12,26.619,34.940,1.000,0.000,4,0,0,-616.050,6.685,-513.568,1.008
112.060,EMBER,tourer,0,12,30.346,41.260,1.000,0.000,4,0,0,-616.258,6.809,-490.307,2.289
112.060,GOLD,moto,0,13,47.497,48.000,0.251,0.000,4,0,0,-622.708,8.083,-172.992,2.619
112.060,BLUE,atv,0,12,41.096,45.390,1.000,0.000,4,0,0,-619.020,7.022,-425.813,1.687
112.320,YOU reference pilot,original,0,12,28.120,36.317,1.000,0.000,4,0,0,-615.896,6.721,-506.436,1.657
112.320,EMBER,tourer,0,12,31.593,41.187,1.000,0.000,4,0,0,-616.770,6.854,-482.257,2.181
112.320,GOLD,moto,0,13,47.498,48.000,0.251,0.000,4,0,0,-622.392,8.125,-160.647,3.100
112.320,BLUE,atv,0,12,42.008,45.404,1.000,0.000,4,0,0,-619.235,7.081,-415.001,1.707
112.600,YOU reference pilot,original,0,12,29.605,37.682,1.000,0.000,4,0,0,-615.992,6.765,-498.337,2.096
112.600,EMBER,tourer,0,12,32.837,41.109,1.000,0.000,4,0,0,-617.354,6.905,-473.241,1.993
112.600,GOLD,moto,0,14,47.498,48.000,0.251,0.000,4,0,0,-622.293,8.171,-147.348,3.381
112.600,BLUE,atv,0,12,42.908,45.424,1.000,0.000,4,0,0,-619.449,7.145,-403.104,1.734
112.860,YOU reference pilot,original,0,12,30.875,38.831,1.000,0.000,4,0,0,-616.306,6.808,-490.467,2.235
112.860,EMBER,tourer,0,12,33.907,41.038,1.000,0.000,4,0,0,-617.848,6.954,-464.566,1.831
112.860,GOLD,moto,0,14,47.499,48.000,0.250,0.000,4,0,0,-622.407,8.214,-134.999,3.439
112.860,BLUE,atv,0,12,43.661,45.447,0.918,0.000,4,0,0,-619.648,7.204,-391.842,1.755
113.120,YOU reference pilot,original,0,12,32.048,39.884,1.000,0.000,4,0,0,-616.761,6.854,-482.286,2.190
113.120,EMBER,tourer,0,12,34.901,40.968,1.000,0.000,4,0,0,-618.259,7.005,-455.619,1.721
113.120,GOLD,moto,0,14,47.502,48.000,0.249,0.000,4,0,0,-622.633,8.257,-122.651,3.388
113.120,BLUE,atv,0,13,44.159,45.474,0.672,0.000,4,0,0,-619.854,7.263,-380.416,1.769
113.400,YOU reference pilot,original,0,12,33.209,40.466,1.000,0.000,4,0,0,-617.308,6.906,-473.152,2.040
113.400,EMBER,tourer,0,12,35.895,40.894,1.000,0.000,4,0,0,-618.600,7.061,-445.702,1.671
113.400,GOLD,moto,0,14,47.503,48.000,0.248,0.000,4,0,0,-622.910,8.303,-109.353,3.301
113.400,BLUE,atv,0,13,44.478,45.507,0.523,0.000,4,0,0,-620.088,7.325,-368.003,1.776
113.660,YOU reference pilot,original,0,12,34.197,40.516,1.000,0.000,4,0,0,-617.792,6.955,-464.391,1.890
113.660,EMBER,tourer,0,12,36.751,40.827,1.000,0.000,4,0,0,-618.840,7.114,-436.252,1.676
113.660,GOLD,moto,0,14,47.504,48.000,0.248,0.000,4,0,0,-623.149,8.347,-97.005,3.242
113.660,BLUE,atv,0,13,44.664,45.541,0.445,0.000,4,0,0,-620.317,7.381,-356.413,1.778
113.920,YOU reference pilot,original,0,12,35.107,40.569,1.000,0.000,4,0,0,-618.208,7.006,-455.381,1.775
113.920,EMBER,tourer,0,12,37.547,40.762,1.000,0.000,4,0,0,-619.033,7.167,-426.586,1.709
113.920,GOLD,moto,0,14,47.505,48.000,0.248,0.000,4,0,0,-623.360,8.391,-84.655,3.215
113.920,BLUE,atv,0,13,44.791,45.580,0.399,0.000,4,0,0,-620.560,7.435,-344.784,1.779
114.200,YOU reference pilot,original,0,12,36.007,40.628,1.000,0.000,4,0,0,-618.566,7.062,-445.420,1.709
114.200,EMBER,tourer,0,12,38.343,40.693,1.000,0.000,4,0,0,-619.216,7.225,-415.954,1.755
114.200,GOLD,moto,0,14,47.505,48.000,0.248,0.000,4,0,0,-623.565,8.439,-71.356,3.213
114.200,BLUE,atv,0,13,44.890,45.625,0.371,0.000,4,0,0,-620.837,7.491,-332.231,1.783
114.460,YOU reference pilot,original,0,12,36.774,40.686,1.000,0.000,4,0,0,-618.825,7.115,-435.954,1.696
114.460,EMBER,tourer,0,12,38.988,40.632,0.842,0.000,4,0,0,-619.384,7.280,-405.891,1.792
114.460,GOLD,moto,0,14,47.505,48.000,0.248,0.000,4,0,0,-623.749,8.484,-59.006,3.224
114.460,BLUE,atv,0,13,44.962,45.671,0.357,0.000,4,0,0,-621.100,7.540,-320.552,1.787
114.720,YOU reference pilot,original,0,12,37.482,40.746,1.000,0.000,4,0,0,-619.034,7.169,-426.294,1.714
114.720,EMBER,tourer,0,12,39.382,40.572,0.607,0.000,4,0,0,-619.559,7.334,-395.696,1.817
114.720,GOLD,moto,0,14,47.505,48.000,0.248,0.000,4,0,0,-623.939,8.530,-46.656,3.237
114.720,BLUE,atv,0,13,45.024,45.721,0.351,0.000,4,0,0,-621.359,7.588,-308.856,1.779
115.000,YOU reference pilot,original,0,12,38.181,40.813,1.000,0.000,4,0,0,-619.229,7.227,-415.695,1.748
115.000,EMBER,tourer,0,13,39.617,40.511,0.453,0.000,4,0,0,-619.759,7.391,-384.632,1.830
115.000,GOLD,moto,0,14,47.504,48.000,0.248,0.000,4,0,0,-624.157,8.581,-33.357,3.245
115.000,BLUE,atv,0,13,45.085,45.778,0.348,0.000,4,0,0,-621.624,7.638,-296.243,1.768
115.260,YOU reference pilot,original,0,12,38.778,40.877,1.000,0.000,4,0,0,-619.400,7.281,-405.685,1.781
115.260,EMBER,tourer,0,13,39.732,40.457,0.365,0.000,4,0,0,-619.955,7.443,-374.316,1.833
115.260,GOLD,moto,0,14,47.504,48.000,0.248,0.000,4,0,0,-624.370,8.630,-21.008,3.248
115.260,BLUE,atv,0,13,45.140,45.834,0.349,0.000,4,0,0,-621.853,7.683,-284.515,1.761
115.520,YOU reference pilot,original,0,12,39.280,40.943,0.847,0.000,4,0,0,-619.574,7.334,-395.530,1.806
115.520,EMBER,tourer,0,13,39.788,40.405,0.310,0.000,4,0,0,-620.160,7.494,-363.979,1.830
115.520,GOLD,moto,0,14,47.504,48.000,0.248,0.000,4,0,0,-624.592,8.680,-8.659,3.247
115.520,BLUE,atv,0,13,45.195,45.893,0.351,0.000,4,0,0,-622.066,7.727,-272.773,1.759
115.800,YOU reference pilot,original,0,13,39.646,41.016,0.696,0.000,4,0,0,-619.771,7.392,-384.475,1.822
115.800,EMBER,tourer,0,13,39.807,40.352,0.272,0.000,4,0,0,-620.389,7.547,-352.837,1.827
115.800,GOLD,moto,0,14,47.503,48.000,0.248,0.000,4,0,0,-624.836,8.735,4.639,3.244
115.800,BLUE,atv,0,13,45.255,45.960,0.355,0.000,4,0,0,-622.281,7.774,-260.111,1.760
116.060,YOU reference pilot,original,0,13,39.885,41.085,0.608,0.000,4,0,0,-619.963,7.444,-374.134,1.828
116.060,EMBER,tourer,0,13,39.802,40.306,0.251,0.000,4,0,0,-620.610,7.595,-342.490,1.826
116.060,GOLD,moto,0,14,47.503,48.000,0.249,0.000,4,0,0,-625.065,8.787,16.988,3.242
116.060,BLUE,atv,0,13,45.312,46.025,0.359,0.000,4,0,0,-622.472,7.817,-248.339,1.763
116.320,YOU reference pilot,original,0,13,40.064,41.156,0.552,0.000,4,0,0,-620.166,7.495,-363.740,1.829
116.320,EMBER,tourer,0,13,39.785,40.263,0.238,0.000,4,0,0,-620.839,7.640,-332.146,1.830
116.320,GOLD,moto,0,14,47.503,48.000,0.249,0.000,4,0,0,-625.296,8.839,29.336,3.240
116.320,BLUE,atv,0,13,45.370,46.093,0.363,0.000,4,0,0,-622.655,7.860,-236.551,1.765
116.600,YOU reference pilot,original,0,13,40.215,41.233,0.514,0.000,4,0,0,-620.395,7.549,-352.501,1.829
116.600,EMBER,tourer,0,13,39.757,40.219,0.230,0.000,4,0,0,-621.091,7.688,-321.014,1.834
116.600,GOLD,moto,0,14,47.502,48.000,0.249,0.000,4,0,0,-625.545,8.895,42.635,3.239
116.600,BLUE,atv,0,13,45.436,46.168,0.368,0.000,4,0,0,-622.848,7.905,-223.839,1.767
116.860,YOU reference pilot,original,0,13,40.330,41.306,0.492,0.000,4,0,0,-620.618,7.597,-342.031,1.828
116.860,EMBER,tourer,0,13,39.728,40.183,0.226,0.000,4,0,0,-621.321,7.730,-310.683,1.827
116.860,GOLD,moto,0,14,47.502,48.000,0.249,0.000,4,0,0,-625.775,8.948,54.983,3.239
116.860,BLUE,atv,0,13,45.499,46.241,0.373,0.000,4,0,0,-623.023,7.947,-212.018,1.769
117.120,YOU reference pilot,original,0,13,40.430,41.379,0.478,0.000,4,0,0,-620.852,7.643,-331.533,1.831
117.120,EMBER,tourer,0,13,39.698,40.149,0.224,0.000,4,0,0,-621.542,7.771,-300.361,1.817
117.120,GOLD,moto,0,14,47.502,48.000,0.249,0.000,4,0,0,-626.004,9.000,67.331,3.239
117.120,BLUE,atv,0,13,45.562,46.315,0.379,0.000,4,0,0,-623.190,7.988,-200.181,1.774
117.400,YOU reference pilot,original,0,13,40.524,41.459,0.471,0.000,4,0,0,-621.112,7.691,-320.202,1.831
117.400,EMBER,tourer,0,13,39.665,40.117,0.224,0.000,4,0,0,-621.766,7.815,-289.252,1.808
117.400,GOLD,moto,0,15,47.494,48.000,0.253,0.000,4,0,0,-626.314,9.056,80.627,3.174
117.400,BLUE,atv,0,13,45.623,46.397,0.390,0.000,4,0,0,-623.116,8.033,-187.415,2.022
117.660,YOU reference pilot,original,0,13,40.534,41.533,0.502,0.000,4,0,0,-621.680,7.734,-309.677,1.516
117.660,EMBER,tourer,0,13,39.637,40.090,0.226,0.000,4,0,0,-621.960,7.854,-278.945,1.804
117.660,GOLD,moto,0,15,47.491,48.000,0.255,0.000,4,0,0,-626.951,9.107,92.959,2.766
117.660,BLUE,atv,0,13,45.695,46.475,0.393,0.000,4,0,0,-622.764,8.074,-175.548,2.528
117.920,YOU reference pilot,original,0,13,40.608,41.607,0.504,0.000,4,0,0,-622.934,7.776,-299.203,0.728
117.920,EMBER,tourer,0,13,39.610,40.067,0.227,0.000,4,0,0,-622.141,7.893,-268.645,1.804
117.920,GOLD,moto,0,15,47.495,48.000,0.252,0.000,4,0,0,-627.734,9.157,105.282,2.215
117.920,BLUE,atv,0,13,45.751,46.476,0.364,0.000,4,0,0,-622.437,8.115,-163.664,3.014
118.200,YOU reference pilot,original,0,13,40.709,41.688,0.493,0.000,4,0,0,-624.545,7.820,-287.932,1.249
118.200,EMBER,tourer,0,13,39.584,40.046,0.230,0.000,4,0,0,-622.326,7.934,-257.560,1.806
118.200,GOLD,moto,0,15,47.495,48.000,0.253,0.000,4,0,0,-628.418,9.209,118.563,1.776
118.200,BLUE,atv,0,14,45.788,46.476,0.345,0.000,4,0,0,-622.293,8.159,-150.848,3.333
118.460,YOU reference pilot,original,0,13,40.761,41.762,0.503,0.000,4,0,0,-625.784,7.860,-277.410,2.211
118.460,EMBER,tourer,0,13,39.563,40.030,0.233,0.000,4,0,0,-622.490,7.971,-247.272,1.809
118.460,GOLD,moto,0,15,47.495,48.000,0.253,0.000,4,0,0,-628.814,9.257,130.905,1.597
118.460,BLUE,atv,0,14,45.811,46.476,0.333,0.000,4,0,0,-622.361,8.200,-138.940,3.430
118.720,YOU reference pilot,original,0,13,40.659,41.836,0.589,0.000,4,0,0,-626.242,7.900,-266.831,2.473
118.720,EMBER,tourer,0,13,39.545,40.018,0.236,0.000,4,0,0,-622.649,8.008,-236.990,1.813
118.720,GOLD,moto,0,15,47.498,48.000,0.251,0.000,4,0,0,-629.030,9.303,143.252,1.583
118.720,BLUE,atv,0,14,45.827,46.476,0.325,0.000,4,0,0,-622.554,8.242,-127.029,3.405
119.000,YOU reference pilot,original,0,13,40.744,41.915,0.592,0.000,4,0,0,-625.495,7.942,-255.460,1.588
119.000,EMBER,tourer,0,13,39.529,40.009,0.239,0.000,4,0,0,-622.817,8.048,-225.921,1.815
119.000,GOLD,moto,0,15,47.501,48.000,0.250,0.000,4,0,0,-629.161,9.350,156.552,1.653
119.000,BLUE,atv,0,14,45.838,46.476,0.319,0.000,4,0,0,-622.814,8.286,-114.198,3.327
119.260,YOU reference pilot,original,0,13,40.811,41.988,0.592,0.000,4,0,0,-624.566,7.980,-244.891,0.737
119.260,EMBER,tourer,0,13,39.518,40.004,0.243,0.000,4,0,0,-622.969,8.084,-215.646,1.816
119.260,GOLD,moto,0,15,47.503,48.000,0.249,0.000,4,0,0,-629.264,9.391,168.902,1.727
119.260,BLUE,atv,0,14,45.845,46.476,0.316,0.000,4,0,0,-623.052,8.328,-102.282,3.262
119.520,YOU reference pilot,original,0,13,40.846,42.059,0.611,0.000,4,0,0,-624.483,8.018,-234.275,0.657
119.520,EMBER,tourer,0,13,39.510,40.004,0.247,0.000,4,0,0,-623.120,8.120,-205.374,1.817
119.520,GOLD,moto,0,15,47.504,48.000,0.248,0.000,4,0,0,-629.381,9.429,181.252,1.775
119.520,BLUE,atv,0,14,45.849,46.476,0.313,0.000,4,0,0,-623.265,8.370,-90.363,3.225
119.800,YOU reference pilot,original,0,13,40.981,42.135,0.583,0.000,4,0,0,-625.213,8.059,-222.841,0.922
119.800,EMBER,tourer,0,13,39.498,40.007,0.254,0.000,4,0,0,-623.229,8.159,-194.313,1.864
119.800,GOLD,moto,0,15,47.506,48.000,0.247,0.000,4,0,0,-629.526,9.466,194.553,1.792
119.800,BLUE,atv,0,14,45.852,46.476,0.312,0.000,4,0,0,-623.469,8.416,-77.527,3.214
120.060,YOU reference pilot,original,0,13,41.105,42.205,0.554,0.000,4,0,0,-626.151,8.096,-212.209,1.574
120.060,EMBER,tourer,0,13,39.492,40.013,0.261,0.000,4,0,0,-623.086,8.194,-184.046,2.138
120.060,GOLD,moto,0,15,47.507,48.000,0.246,0.000,4,0,0,-629.668,9.497,206.904,1.784
120.060,BLUE,atv,0,14,45.854,46.476,0.311,0.000,4,0,0,-623.649,8.460,-65.606,3.219
120.320,YOU reference pilot,original,0,13,41.102,42.272,0.583,0.000,4,0,0,-626.853,8.134,-201.537,2.084
120.320,EMBER,tourer,0,13,39.498,40.024,0.263,0.000,4,0,0,-622.766,8.230,-173.782,2.584
120.320,GOLD,moto,0,15,47.509,48.000,0.246,0.000,4,0,0,-629.815,9.523,219.255,1.769
120.320,BLUE,atv,0,14,45.855,46.476,0.310,0.000,4,0,0,-623.829,8.503,-53.685,3.231
120.600,YOU reference pilot,original,0,13,41.045,42.343,0.656,0.000,4,0,0,-626.409,8.174,-190.046,1.517
120.600,EMBER,tourer,0,13,39.506,40.039,0.267,0.000,4,0,0,-622.438,8.268,-162.726,3.054
120.600,GOLD,moto,0,15,47.510,48.000,0.245,0.000,4,0,0,-629.989,9.547,232.557,1.774
120.600,BLUE,atv,0,14,45.855,46.476,0.310,0.000,4,0,0,-624.033,8.552,-40.848,3.241
120.860,YOU reference pilot,original,0,13,41.179,42.408,0.620,0.000,4,0,0,-625.000,8.210,-179.449,0.676
120.860,EMBER,tourer,0,14,39.514,40.057,0.272,0.000,4,0,0,-622.277,8.303,-152.455,3.352
120.860,GOLD,moto,0,15,47.512,48.000,0.244,0.000,4,0,0,-630.172,9.568,244.908,1.783
120.860,BLUE,atv,0,14,45.855,46.476,0.310,0.000,4,0,0,-624.233,8.598,-28.927,3.246
121.120,YOU reference pilot,original,0,13,41.294,42.426,0.569,0.000,4,0,0,-623.440,8.247,-168.838,2.005
121.120,EMBER,tourer,0,14,39.527,40.078,0.276,0.000,4,0,0,-622.280,8.339,-142.179,3.490
121.120,GOLD,moto,0,15,47.513,48.000,0.244,0.000,4,0,0,-630.377,9.585,257.260,1.789
121.120,BLUE,atv,0,14,45.855,46.476,0.310,0.000,4,0,0,-624.442,8.646,-17.007,3.247
121.400,YOU reference pilot,original,0,14,41.348,42.426,0.543,0.000,4,0,0,-622.238,8.287,-157.328,3.324
121.400,EMBER,tourer,0,14,39.547,40.105,0.280,0.000,4,0,0,-622.429,8.377,-131.110,3.496
121.400,GOLD,moto,0,15,47.514,48.000,0.243,0.000,4,0,0,-630.614,9.601,270.561,1.789
121.400,BLUE,atv,0,14,45.855,46.476,0.310,0.000,4,0,0,-624.674,8.699,-4.170,3.245
121.660,YOU reference pilot,original,0,14,41.386,42.426,0.523,0.000,4,0,0,-621.757,8.324,-146.582,3.944
121.660,EMBER,tourer,0,14,39.569,40.134,0.283,0.000,4,0,0,-622.642,8.413,-120.827,3.429
121.660,GOLD,moto,0,15,47.515,48.000,0.242,0.000,4,0,0,-630.839,9.612,282.913,1.784
121.660,BLUE,atv,0,14,45.855,46.476,0.311,0.000,4,0,0,-624.894,8.748,7.751,3.243
121.920,YOU reference pilot,original,0,14,41.437,42.426,0.497,0.000,4,0,0,-621.792,8.361,-135.814,4.058
121.920,EMBER,tourer,0,14,39.593,40.166,0.287,0.000,4,0,0,-622.874,8.449,-110.539,3.345
121.920,GOLD,moto,0,15,47.516,48.000,0.242,0.000,4,0,0,-631.055,9.620,295.266,1.776
121.920,BLUE,atv,0,14,45.854,46.476,0.311,0.000,4,0,0,-625.115,8.798,19.670,3.241
122.200,YOU reference pilot,original,0,14,41.492,42.426,0.469,0.000,4,0,0,-622.167,8.401,-124.209,3.850
122.200,EMBER,tourer,0,14,39.622,40.204,0.292,0.000,4,0,0,-623.109,8.488,-99.451,3.273
122.200,GOLD,moto,0,16,47.518,48.000,0.241,0.000,4,0,0,-631.261,9.625,308.569,1.768
122.200,BLUE,atv,0,14,45.854,46.476,0.311,0.000,4,0,0,-625.355,8.852,32.507,3.240
122.460,YOU reference pilot,original,0,14,41.531,42.426,0.449,0.000,4,0,0,-622.612,8.439,-113.425,3.563
122.460,EMBER,tourer,0,14,39.652,40.242,0.296,0.000,4,0,0,-623.300,8.525,-89.147,3.235
122.460,GOLD,moto,0,16,47.519,48.000,0.241,0.000,4,0,0,-631.413,9.626,320.923,1.759
122.460,BLUE,atv,0,14,45.854,46.476,0.311,0.000,4,0,0,-625.578,8.903,44.427,3.239
122.720,YOU reference pilot,original,0,14,41.558,42.426,0.435,0.000,4,0,0,-623.013,8.477,-102.631,3.321
122.720,EMBER,tourer,0,14,39.685,40.284,0.301,0.000,4,0,0,-623.466,8.562,-78.834,3.224
122.720,GOLD,moto,0,16,47.520,48.000,0.240,0.000,4,0,0,-631.510,9.622,333.277,1.751
122.720,BLUE,atv,0,14,45.854,46.476,0.311,0.000,4,0,0,-625.800,8.954,56.347,3.239
123.000,YOU reference pilot,original,0,14,41.578,42.426,0.425,0.000,4,0,0,-623.336,8.518,-90.996,3.172
123.000,EMBER,tourer,0,14,39.724,40.332,0.306,0.000,4,0,0,-623.629,8.602,-67.718,3.233
123.000,GOLD,moto,0,16,47.521,48.000,0.240,0.000,4,0,0,-631.531,9.614,346.583,1.740
123.000,BLUE,atv,0,14,45.853,46.476,0.311,0.000,4,0,0,-626.038,9.008,69.183,3.239
123.260,YOU reference pilot,original,0,14,41.592,42.426,0.418,0.000,4,0,0,-623.539,8.557,-80.185,3.132
123.260,EMBER,tourer,0,14,39.763,40.380,0.310,0.000,4,0,0,-623.778,8.640,-57.385,3.248
123.260,GOLD,moto,0,16,47.522,48.000,0.239,0.000,4,0,0,-631.447,9.601,358.938,1.729
123.260,BLUE,atv,0,15,45.845,46.476,0.315,0.000,4,0,0,-626.335,9.058,81.101,3.161
123.520,YOU reference pilot,original,0,14,41.602,42.426,0.412,0.000,4,0,0,-623.683,8.596,-69.371,3.154
123.520,EMBER,tourer,0,14,39.804,40.431,0.315,0.000,4,0,0,-623.933,8.678,-47.042,3.264
123.520,GOLD,moto,0,16,47.523,48.000,0.239,0.000,4,0,0,-631.234,9.582,371.292,1.715
123.520,BLUE,atv,0,15,45.842,46.476,0.317,0.000,4,0,0,-626.964,9.107,93.003,2.754
123.800,YOU reference pilot,original,0,14,41.610,42.426,0.408,0.000,4,0,0,-623.816,8.639,-57.722,3.206
123.800,EMBER,tourer,0,14,39.852,40.488,0.320,0.000,4,0,0,-624.110,8.721,-35.891,3.275
123.800,GOLD,moto,0,16,47.523,48.000,0.239,0.000,4,0,0,-630.814,9.555,384.592,1.697
123.800,BLUE,atv,0,15,45.846,46.476,0.315,0.000,4,0,0,-627.773,9.159,105.814,2.186
124.060,YOU reference pilot,original,0,14,41.616,42.426,0.406,0.000,4,0,0,-623.948,8.679,-46.903,3.251
124.060,EMBER,tourer,0,14,39.898,40.544,0.325,0.000,4,0,0,-624.286,8.762,-25.525,3.279
124.060,GOLD,moto,0,16,47.521,48.000,0.239,0.000,4,0,0,-630.190,9.521,396.932,1.677
124.060,BLUE,atv,0,15,45.845,46.476,0.315,0.000,4,0,0,-628.381,9.206,117.718,1.797
124.320,YOU reference pilot,original,0,14,41.619,42.426,0.404,0.000,4,0,0,-624.100,8.720,-36.084,3.281
124.320,EMBER,tourer,0,14,39.947,40.602,0.329,0.000,4,0,0,-624.470,8.804,-15.146,3.278
124.320,GOLD,moto,0,16,47.517,48.000,0.241,0.000,4,0,0,-629.262,9.479,409.253,1.645
124.320,BLUE,atv,0,15,45.845,46.476,0.315,0.000,4,0,0,-628.776,9.252,129.632,1.612
124.600,YOU reference pilot,original,0,14,41.622,42.426,0.402,0.000,4,0,0,-624.290,8.766,-24.432,3.293
124.600,EMBER,tourer,0,14,40.003,40.667,0.334,0.000,4,0,0,-624.675,8.850,-3.955,3.275
124.600,GOLD,moto,0,16,47.412,46.906,0.000,0.152,4,0,0,-627.825,9.410,422.478,1.581
124.600,BLUE,atv,0,15,45.848,46.476,0.314,0.000,4,0,0,-629.012,9.300,142.466,1.587
124.860,YOU reference pilot,original,0,14,41.623,42.426,0.402,0.000,4,0,0,-624.484,8.810,-13.612,3.292
124.860,EMBER,tourer,0,14,40.056,40.730,0.339,0.000,4,0,0,-624.868,8.893,6.451,3.271
124.860,GOLD,moto,0,16,45.225,44.294,0.000,0.274,4,0,0,-626.061,9.316,434.364,1.520
124.860,BLUE,atv,0,15,45.851,46.476,0.313,0.000,4,0,0,-629.138,9.342,154.387,1.644
125.120,YOU reference pilot,original,0,14,41.624,42.426,0.401,0.000,4,0,0,-624.687,8.855,-2.792,3.284
125.120,EMBER,tourer,0,14,40.112,40.795,0.344,0.000,4,0,0,-625.063,8.937,16.872,3.268
125.120,GOLD,moto,0,16,42.581,41.010,0.000,0.459,4,0,0,-623.931,9.200,445.563,1.481
125.120,BLUE,atv,0,15,45.853,46.476,0.311,0.000,4,0,0,-629.240,9.382,166.308,1.715
125.400,YOU reference pilot,original,0,14,41.625,42.426,0.401,0.000,4,0,0,-624.910,8.903,8.861,3.274
125.400,EMBER,tourer,0,14,40.174,40.866,0.348,0.000,4,0,0,-625.274,8.984,28.110,3.266
125.400,GOLD,moto,0,16,39.407,37.801,0.000,0.468,4,0,0,-621.332,9.063,456.727,1.465
125.400,BLUE,atv,0,15,45.855,46.476,0.310,0.000,4,0,0,-629.361,9.422,179.146,1.768
125.660,YOU reference pilot,original,0,14,41.625,42.426,0.401,0.000,4,0,0,-625.116,8.948,19.681,3.267
125.660,EMBER,tourer,0,14,40.233,40.934,0.353,0.000,4,0,0,-625.469,9.028,38.562,3.265
125.660,GOLD,moto,0,16,36.629,35.539,0.000,0.319,4,0,0,-618.749,8.931,466.245,1.463
125.660,BLUE,atv,0,15,45.857,46.476,0.309,0.000,4,0,0,-629.489,9.457,191.068,1.789
125.920,YOU reference pilot,original,0,14,41.625,42.426,0.401,0.000,4,0,0,-625.321,8.994,30.501,3.263
125.920,EMBER,tourer,0,14,40.294,41.004,0.357,0.000,4,0,0,-625.664,9.073,49.029,3.265
125.920,GOLD,moto,0,16,33.821,33.018,0.000,0.235,4,0,0,-616.123,8.804,474.969,1.466
125.920,BLUE,atv,0,15,45.859,46.476,0.309,0.000,4,0,0,-629.624,9.487,202.991,1.788
126.200,YOU reference pilot,original,0,14,41.625,42.426,0.401,0.000,4,0,0,-625.539,9.043,42.154,3.262
126.200,EMBER,tourer,0,14,40.362,41.080,0.361,0.000,4,0,0,-625.874,9.120,60.319,3.265
126.200,GOLD,moto,0,16,30.679,29.464,0.000,0.354,4,0,0,-613.380,8.680,483.501,1.475
126.200,BLUE,atv,0,15,45.861,46.476,0.308,0.000,4,0,0,-629.774,9.516,215.831,1.770
126.460,YOU reference pilot,original,0,14,41.625,42.426,0.401,0.000,4,0,0,-625.739,9.089,52.975,3.263
126.460,EMBER,tourer,0,14,40.426,41.151,0.365,0.000,4,0,0,-626.068,9.164,70.820,3.265
126.460,GOLD,moto,0,16,27.696,26.369,0.000,0.386,4,0,0,-611.034,8.585,490.652,1.481
126.460,BLUE,atv,0,15,45.862,46.476,0.307,0.000,4,0,0,-629.924,9.538,227.754,1.770
126.720,YOU reference pilot,original,0,14,41.625,42.426,0.401,0.000,4,0,0,-625.939,9.135,63.795,3.264
126.720,EMBER,tourer,0,15,40.484,41.224,0.372,0.000,4,0,0,-626.314,9.208,81.337,3.213
126.720,GOLD,moto,0,16,24.692,23.912,0.000,0.228,4,0,0,-609.018,8.515,497.088,1.446
126.720,BLUE,atv,0,15,45.864,46.476,0.306,0.000,4,0,0,-630.092,9.559,239.677,1.779
127.000,YOU reference pilot,original,0,15,41.612,42.426,0.407,0.000,4,0,0,-626.171,9.184,75.448,3.247
127.000,EMBER,tourer,0,15,40.550,41.303,0.379,0.000,4,0,0,-626.855,9.255,92.669,2.885
127.000,GOLD,moto,0,16,21.320,20.167,0.000,0.335,4,0,0,-607.322,8.469,503.281,1.370
127.000,BLUE,atv,0,15,45.866,46.476,0.305,0.000,4,0,0,-630.296,9.579,252.518,1.787
127.260,YOU reference pilot,original,0,15,41.461,42.426,0.483,0.000,4,0,0,-626.986,9.229,86.218,2.644
127.260,EMBER,tourer,0,15,40.621,41.377,0.381,0.000,4,0,0,-627.530,9.298,103.201,2.413
127.260,GOLD,moto,0,16,18.539,16.966,0.000,0.457,4,0,0,-606.200,8.446,508.366,1.469
127.260,BLUE,atv,0,15,45.867,46.476,0.304,0.000,4,0,0,-630.504,9.594,264.441,1.790
127.520,YOU reference pilot,original,0,15,41.473,42.426,0.479,0.000,4,0,0,-628.734,9.272,96.856,1.199
127.520,EMBER,tourer,0,15,40.689,41.451,0.384,0.000,4,0,0,-628.168,9.340,113.752,1.981
127.520,GOLD,moto,0,16,15.709,15.039,0.000,0.195,4,0,0,-605.466,8.432,512.653,1.645
127.520,BLUE,atv,0,15,45.868,46.476,0.304,0.000,4,0,0,-630.720,9.607,276.365,1.787
127.800,YOU reference pilot,original,0,15,41.507,42.426,0.461,0.000,4,0,0,-630.853,9.319,108.280,1.117
127.800,EMBER,tourer,0,15,40.761,41.531,0.388,0.000,4,0,0,-628.677,9.385,125.145,1.687
127.800,GOLD,moto,0,16,14.114,12.902,0.000,0.352,4,0,0,-604.908,8.423,516.818,1.873
127.800,BLUE,atv,0,15,45.870,46.476,0.303,0.000,4,0,0,-630.951,9.617,289.206,1.781
128.060,YOU reference pilot,original,0,15,41.485,42.426,0.471,0.000,4,0,0,-632.390,9.361,118.961,2.352
128.060,EMBER,tourer,0,15,40.826,41.569,0.374,0.000,4,0,0,-628.965,9.425,135.748,1.584
128.060,GOLD,moto,0,16,12.396,11.823,0.000,0.167,4,0,0,-604.491,8.423,520.195,2.108
128.060,BLUE,atv,0,15,45.871,46.476,0.302,0.000,4,0,0,-631.150,9.623,301.131,1.773
128.320,YOU reference pilot,original,0,15,41.289,42.426,0.565,0.000,4,0,0,-633.044,9.402,129.708,2.809
128.320,EMBER,tourer,0,15,40.873,41.569,0.349,0.000,4,0,0,-629.119,9.463,146.369,1.600
128.320,GOLD,moto,0,16,12.285,13.323,0.603,0.000,4,0,0,-604.041,8.427,523.285,2.346
128.320,BLUE,atv,0,16,45.873,46.476,0.302,0.000,4,0,0,-631.321,9.626,313.057,1.765
128.600,YOU reference pilot,original,0,15,41.280,42.426,0.578,0.000,4,0,0,-632.330,9.445,141.244,1.943
128.600,EMBER,tourer,0,15,40.908,41.569,0.331,0.000,4,0,0,-629.206,9.503,157.818,1.680
128.600,GOLD,moto,0,16,14.060,15.143,0.625,0.000,4,0,0,-603.272,8.439,526.826,2.589
128.600,BLUE,atv,0,16,45.874,46.476,0.301,0.000,4,0,0,-631.458,9.625,325.901,1.757
128.860,YOU reference pilot,original,0,15,41.323,42.426,0.553,0.000,4,0,0,-631.201,9.483,151.930,0.841
128.860,EMBER,tourer,0,15,40.930,41.569,0.320,0.000,4,0,0,-629.272,9.539,168.458,1.763
128.860,GOLD,moto,0,17,17.035,23.274,1.000,0.000,4,0,0,-601.842,8.461,530.629,2.361
128.860,BLUE,atv,0,16,45.876,46.476,0.300,0.000,4,0,0,-631.526,9.620,337.828,1.748
129.120,YOU reference pilot,original,0,15,41.282,42.426,0.574,0.000,4,0,0,-630.886,9.520,162.666,0.653
129.120,EMBER,tourer,0,15,40.945,41.569,0.313,0.000,4,0,0,-629.353,9.572,179.101,1.823
129.120,GOLD,moto,0,17,19.771,27.385,1.000,0.000,4,0,0,-599.152,8.492,534.632,1.136
129.120,BLUE,atv,0,16,45.877,46.476,0.299,0.000,4,0,0,-631.518,9.611,349.756,1.739
129.400,YOU reference pilot,original,0,15,41.354,42.426,0.540,0.000,4,0,0,-631.495,9.557,174.220,0.823
129.400,EMBER,tourer,0,15,40.956,41.569,0.307,0.000,4,0,0,-629.466,9.605,190.567,1.852
129.400,GOLD,moto,0,17,22.416,32.927,1.000,0.000,4,0,0,-594.555,8.506,538.386,0.744
129.400,BLUE,atv,0,16,45.879,46.476,0.299,0.000,4,0,0,-631.396,9.595,362.602,1.728
129.660,YOU reference pilot,original,0,15,41.432,42.426,0.500,0.000,4,0,0,-632.419,9.589,184.944,1.442
129.660,EMBER,tourer,0,15,40.963,41.569,0.303,0.000,4,0,0,-629.587,9.632,201.216,1.852
129.660,GOLD,moto,0,17,24.732,37.743,1.000,0.000,4,0,0,-588.896,8.503,540.800,1.418
129.660,BLUE,atv,0,16,45.879,46.476,0.298,0.000,4,0,0,-631.148,9.576,374.528,1.714
129.920,YOU reference pilot,original,0,15,41.472,42.426,0.477,0.000,4,0,0,-633.270,9.619,195.690,2.112
129.920,EMBER,tourer,0,15,40.968,41.569,0.301,0.000,4,0,0,-629.715,9.657,211.866,1.833
129.920,GOLD,moto,0,17,27.037,43.395,1.000,0.000,4,0,0,-582.255,8.496,542.034,1.524
129.920,BLUE,atv,0,16,45.880,46.476,0.298,0.000,4,0,0,-630.732,9.550,386.449,1.698
130.200,YOU reference pilot,original,0,15,41.369,42.426,0.532,0.000,4,0,0,-633.485,9.647,207.288,2.200
130.200,EMBER,tourer,0,15,40.973,41.569,0.298,0.000,4,0,0,-629.861,9.680,223.337,1.822
130.200,GOLD,moto,0,17,29.482,48.000,1.000,0.000,4,0,0,-574.318,8.484,542.240,1.101
130.200,BLUE,atv,0,16,45.879,46.476,0.299,0.000,4,0,0,-630.033,9.514,399.277,1.679
130.460,YOU reference pilot,original,0,15,41.407,42.426,0.512,0.000,4,0,0,-632.690,9.669,218.018,1.359
130.460,EMBER,tourer,0,15,40.976,41.569,0.297,0.000,4,0,0,-630.007,9.699,233.990,1.825
130.460,GOLD,moto,0,17,31.638,48.000,1.000,0.000,4,0,0,-566.364,8.470,541.726,0.563
130.460,BLUE,atv,0,16,45.875,46.476,0.301,0.000,4,0,0,-629.077,9.471,411.166,1.647
130.720,YOU reference pilot,original,0,15,41.378,42.426,0.524,0.000,4,0,0,-632.001,9.690,228.763,0.745
130.720,EMBER,tourer,0,15,40.979,41.569,0.295,0.000,4,0,0,-630.167,9.717,244.643,1.832
130.720,GOLD,moto,0,17,33.650,48.000,1.000,0.000,4,0,0,-557.897,8.456,540.861,0.708
130.720,BLUE,atv,0,16,45.869,46.476,0.304,0.000,4,0,0,-627.745,9.406,423.019,1.588
131.000,YOU reference pilot,original,0,15,41.391,42.426,0.521,0.000,4,0,0,-632.210,9.710,240.349,0.763
131.000,EMBER,tourer,0,15,40.981,41.569,0.294,0.000,4,0,0,-630.356,9.733,256.116,1.838
131.000,GOLD,moto,0,17,35.641,48.000,1.000,0.000,4,0,0,-548.229,8.441,539.812,1.278
131.000,BLUE,atv,0,16,43.585,44.107,0.263,0.000,4,0,0,-625.861,9.304,435.471,1.526
131.260,YOU reference pilot,original,0,15,41.454,42.426,0.489,0.000,4,0,0,-632.989,9.726,251.091,1.193
131.260,EMBER,tourer,0,15,40.983,41.569,0.293,0.000,4,0,0,-630.544,9.746,266.769,1.839
131.260,GOLD,moto,0,17,37.337,48.000,1.000,0.000,4,0,0,-538.768,8.431,538.877,1.664
131.260,BLUE,atv,0,16,41.202,40.714,0.000,0.145,4,0,0,-623.778,9.192,446.231,1.491
131.520,YOU reference pilot,original,0,15,41.506,42.412,0.455,0.000,4,0,0,-633.887,9.741,261.840,1.830
131.520,EMBER,tourer,0,15,40.984,41.569,0.292,0.000,4,0,0,-630.739,9.757,277.423,1.835
131.520,GOLD,moto,0,17,38.898,48.000,1.000,0.000,4,0,0,-528.876,8.424,538.034,1.865
131.520,BLUE,atv,0,16,38.660,37.711,0.000,0.278,4,0,0,-621.430,9.068,456.293,1.476
131.800,YOU reference pilot,original,0,15,41.445,42.343,0.450,0.000,4,0,0,-634.550,9.753,273.441,2.261
131.800,EMBER,tourer,0,15,40.986,41.569,0.292,0.000,4,0,0,-630.946,9.766,288.897,1.828
131.800,GOLD,moto,0,17,40.441,48.000,1.000,0.000,4,0,0,-517.779,8.422,537.231,1.925
131.800,BLUE,atv,0,16,36.223,35.415,0.000,0.237,4,0,0,-618.692,8.928,466.416,1.470
132.060,YOU reference pilot,original,0,15,41.364,42.277,0.458,0.000,4,0,0,-634.202,9.763,284.199,1.753
132.060,EMBER,tourer,0,15,40.988,41.569,0.291,0.000,4,0,0,-631.128,9.772,299.553,1.819
132.060,GOLD,moto,0,17,41.756,48.000,1.000,0.000,4,0,0,-507.098,8.428,536.567,1.902
132.060,BLUE,atv,0,16,33.391,32.007,0.000,0.403,4,0,0,-616.097,8.802,475.039,1.470
132.320,YOU reference pilot,original,0,15,41.359,42.209,0.423,0.000,4,0,0,-633.400,9.770,294.929,0.916
132.320,EMBER,tourer,0,16,40.989,41.569,0.290,0.000,4,0,0,-631.289,9.775,310.208,1.810
132.320,GOLD,moto,0,17,42.966,48.000,1.000,0.000,4,0,0,-496.086,8.441,535.972,1.857
132.320,BLUE,atv,0,16,30.566,29.183,0.000,0.403,4,0,0,-613.576,8.688,482.893,1.477
132.600,YOU reference pilot,original,0,16,41.296,42.135,0.421,0.000,4,0,0,-633.287,9.774,306.500,0.743
132.600,EMBER,tourer,0,16,40.991,41.569,0.289,0.000,4,0,0,-631.429,9.775,321.685,1.799
132.600,GOLD,moto,0,17,44.160,48.000,1.000,0.000,4,0,0,-483.887,8.464,535.420,1.827
132.600,BLUE,atv,0,16,27.503,26.055,0.000,0.421,4,0,0,-611.067,8.587,490.538,1.485
132.860,YOU reference pilot,original,0,16,41.297,42.064,0.384,0.000,4,0,0,-633.867,9.775,317.221,1.035
132.860,EMBER,tourer,0,16,40.992,41.569,0.289,0.000,4,0,0,-631.515,9.772,332.342,1.790
132.860,GOLD,moto,0,17,45.176,48.000,1.000,0.000,4,0,0,-472.270,8.497,534.993,1.852
132.860,BLUE,atv,0,16,24.525,23.729,0.000,0.232,4,0,0,-609.063,8.517,496.920,1.454
133.120,YOU reference pilot,original,0,16,41.297,41.993,0.347,0.000,4,0,0,-634.662,9.774,327.930,1.639
133.120,EMBER,tourer,0,16,40.993,41.569,0.288,0.000,4,0,0,-631.548,9.766,343.001,1.779
133.120,GOLD,moto,0,17,46.109,48.000,0.979,0.000,4,0,0,-460.398,8.541,534.623,1.864
133.120,BLUE,atv,0,16,21.254,19.937,0.000,0.383,4,0,0,-607.476,8.473,502.637,1.386
133.400,YOU reference pilot,original,0,16,41.230,41.915,0.342,0.000,4,0,0,-635.334,9.768,339.468,2.227
133.400,EMBER,tourer,0,16,40.995,41.569,0.287,0.000,4,0,0,-631.507,9.755,354.479,1.766
133.400,GOLD,moto,0,17,46.768,48.000,0.633,0.000,4,0,0,-447.384,8.608,534.236,1.821
133.400,BLUE,atv,0,16,18.211,16.591,0.000,0.470,4,0,0,-606.254,8.448,508.061,1.468
133.660,YOU reference pilot,original,0,16,41.054,41.841,0.393,0.000,4,0,0,-635.112,9.760,350.163,2.037
133.660,EMBER,tourer,0,16,40.996,41.569,0.287,0.000,4,0,0,-631.379,9.741,365.137,1.753
133.660,GOLD,moto,0,17,47.087,48.000,0.465,0.000,4,0,0,-435.182,8.683,533.853,1.776
133.660,BLUE,atv,0,16,15.474,14.746,0.000,0.212,4,0,0,-605.519,8.433,512.293,1.628
133.920,YOU reference pilot,original,0,16,41.044,41.767,0.360,0.000,4,0,0,-634.028,9.747,360.781,1.152
133.920,EMBER,tourer,0,16,40.997,41.569,0.286,0.000,4,0,0,-631.142,9.722,375.794,1.735
133.920,GOLD,moto,0,17,47.263,48.000,0.374,0.000,4,0,0,-422.920,8.762,533.433,1.748
133.920,BLUE,atv,0,16,14.181,13.742,0.000,0.128,4,0,0,-604.999,8.424,516.107,1.825
134.200,YOU reference pilot,original,0,16,40.967,41.687,0.360,0.000,4,0,0,-633.193,9.729,372.233,0.736
134.200,EMBER,tourer,0,16,40.997,41.569,0.286,0.000,4,0,0,-630.732,9.697,387.266,1.713
134.200,GOLD,moto,0,17,47.367,48.000,0.319,0.000,4,0,0,-409.679,8.851,532.944,1.742
134.200,BLUE,atv,0,16,12.090,10.718,0.000,0.398,4,0,0,-604.560,8.423,519.727,2.063
134.460,YOU reference pilot,original,0,16,40.944,41.613,0.334,0.000,4,0,0,-633.115,9.707,382.881,0.891
134.460,EMBER,tourer,0,16,40.996,41.569,0.287,0.000,4,0,0,-630.169,9.667,397.911,1.688
134.460,GOLD,moto,0,17,47.420,48.000,0.292,0.000,4,0,0,-397.365,8.934,532.471,1.749
134.460,BLUE,atv,0,16,11.365,11.501,0.076,0.000,4,0,0,-604.152,8.426,522.706,2.287
134.720,YOU reference pilot,original,0,16,40.931,41.538,0.303,0.000,4,0,0,-633.290,9.680,393.524,1.446
134.720,EMBER,tourer,0,16,40.993,41.569,0.288,0.000,4,0,0,-629.378,9.630,408.540,1.652
134.720,GOLD,moto,0,17,47.450,48.000,0.276,0.000,4,0,0,-385.040,9.018,531.994,1.760
134.720,BLUE,atv,0,16,13.027,14.662,0.936,0.000,4,0,0,-603.558,8.435,525.816,2.512
135.000,YOU reference pilot,original,0,16,40.855,41.458,0.301,0.000,4,0,0,-633.254,9.644,404.978,2.138
135.000,EMBER,tourer,0,16,40.989,41.569,0.290,0.000,4,0,0,-628.206,9.572,419.959,1.586
135.000,GOLD,moto,0,18,47.468,48.000,0.266,0.000,4,0,0,-371.761,9.106,531.486,1.771
135.000,BLUE,atv,0,17,15.768,19.641,1.000,0.000,4,0,0,-602.322,8.455,529.656,2.477
135.260,YOU reference pilot,original,0,16,40.602,41.384,0.390,0.000,4,0,0,-632.311,9.600,415.528,2.210
135.260,EMBER,tourer,0,16,40.985,41.513,0.264,0.000,4,0,0,-626.766,9.494,430.519,1.521
135.260,GOLD,moto,0,18,47.478,48.000,0.261,0.000,4,0,0,-359.427,9.184,531.027,1.777
135.260,BLUE,atv,0,17,18.404,23.054,1.000,0.000,4,0,0,-600.078,8.484,533.531,1.512
135.520,YOU reference pilot,original,0,16,40.552,41.311,0.382,0.000,4,0,0,-630.171,9.534,425.856,1.451
135.520,EMBER,tourer,0,16,39.702,38.910,0.000,0.229,4,0,0,-624.976,9.397,440.886,1.464
135.520,GOLD,moto,0,18,47.484,48.000,0.258,0.000,4,0,0,-347.090,9.258,530.583,1.781
135.520,BLUE,atv,0,17,20.692,27.660,1.000,0.000,4,0,0,-596.427,8.503,537.110,0.508
135.800,YOU reference pilot,original,0,16,39.793,41.233,0.733,0.000,4,0,0,-627.548,9.441,436.824,0.805
135.800,EMBER,tourer,0,16,37.415,37.556,0.067,0.000,4,0,0,-622.740,9.278,451.417,1.428
135.800,GOLD,moto,0,18,47.489,48.000,0.256,0.000,4,0,0,-333.801,9.330,530.125,1.782
135.800,BLUE,atv,0,17,23.033,31.650,1.000,0.000,4,0,0,-591.007,8.504,540.007,1.167
136.060,YOU reference pilot,original,0,16,38.447,37.947,0.000,0.146,4,0,0,-625.639,9.337,446.802,0.850
136.060,EMBER,tourer,0,16,35.096,34.582,0.000,0.150,4,0,0,-620.446,9.159,460.557,1.421
136.060,GOLD,moto,0,18,47.493,48.000,0.254,0.000,4,0,0,-321.460,9.390,529.722,1.784
136.060,BLUE,atv,0,17,25.142,40.575,1.000,0.000,4,0,0,-584.918,8.499,541.560,1.428
136.320,YOU reference pilot,original,0,16,36.508,35.047,0.000,0.419,4,0,0,-624.001,9.223,456.385,1.306
136.320,EMBER,tourer,0,16,32.573,30.909,0.000,0.476,4,0,0,-618.052,9.040,468.980,1.434
136.320,GOLD,moto,0,18,47.496,48.000,0.252,0.000,4,0,0,-309.118,9.439,529.343,1.786
136.320,BLUE,atv,0,17,27.226,46.476,1.000,0.000,4,0,0,-578.109,8.490,542.101,1.199
136.600,YOU reference pilot,original,0,16,33.893,32.782,0.000,0.319,4,0,0,-622.165,9.095,466.027,1.963
136.600,EMBER,tourer,0,16,29.620,28.316,0.000,0.373,4,0,0,-615.469,8.920,477.262,1.465
136.600,GOLD,moto,0,18,47.500,48.000,0.250,0.000,4,0,0,-295.823,9.480,528.970,1.789
136.600,BLUE,atv,0,17,29.383,46.476,1.000,0.000,4,0,0,-570.163,8.477,541.852,0.666
136.860,YOU reference pilot,original,0,16,31.539,30.985,0.000,0.162,4,0,0,-620.198,8.978,474.296,2.405
136.860,EMBER,tourer,0,16,27.206,25.459,0.000,0.499,4,0,0,-613.155,8.820,484.268,1.510
136.860,GOLD,moto,0,18,47.504,48.000,0.248,0.000,4,0,0,-283.476,9.503,528.662,1.793
136.860,BLUE,atv,0,17,31.253,46.476,1.000,0.000,4,0,0,-562.288,8.463,541.169,0.573
137.120,YOU reference pilot,original,0,16,28.887,27.703,0.000,0.340,4,0,0,-617.653,8.870,481.728,2.225
137.120,EMBER,tourer,0,16,24.845,24.114,0.000,0.210,4,0,0,-611.019,8.737,490.625,1.559
137.120,GOLD,moto,0,18,47.509,48.000,0.246,0.000,4,0,0,-271.127,9.508,528.398,1.800
137.120,BLUE,atv,0,17,32.978,46.476,1.000,0.000,4,0,0,-553.962,8.449,540.305,1.058
137.400,YOU reference pilot,original,0,16,26.069,24.777,0.000,0.370,4,0,0,-614.560,8.771,488.774,1.517
137.400,EMBER,tourer,0,16,22.749,22.110,0.000,0.184,4,0,0,-608.981,8.670,496.911,1.585
137.400,GOLD,moto,0,18,47.515,48.000,0.243,0.000,4,0,0,-257.825,9.491,528.161,1.805
137.400,BLUE,atv,0,17,34.680,46.476,1.000,0.000,4,0,0,-544.517,8.437,539.357,1.524
137.660,YOU reference pilot,original,0,16,23.245,21.017,0.000,0.635,4,0,0,-611.989,8.698,494.699,0.992
137.660,EMBER,tourer,0,16,19.932,18.168,0.000,0.503,4,0,0,-607.434,8.628,502.234,1.579
137.660,GOLD,moto,0,18,47.521,48.000,0.240,0.000,4,0,0,-245.471,9.456,527.983,1.804
137.660,BLUE,atv,0,17,36.126,46.476,1.000,0.000,4,0,0,-535.332,8.428,538.541,1.782
137.920,YOU reference pilot,original,0,16,19.888,18.216,0.000,0.477,4,0,0,-609.834,8.649,499.810,0.678
137.920,EMBER,tourer,0,16,17.583,15.096,0.000,0.709,4,0,0,-606.285,8.604,506.994,1.665
137.920,GOLD,moto,0,18,47.528,48.000,0.236,0.000,4,0,0,-233.115,9.407,527.836,1.799
137.920,BLUE,atv,0,17,37.455,46.476,1.000,0.000,4,0,0,-525.779,8.423,537.802,1.890
138.200,YOU reference pilot,original,0,16,16.325,14.711,0.000,0.460,4,0,0,-608.028,8.618,504.499,0.723
138.200,EMBER,tourer,0,16,14.580,13.691,0.000,0.254,4,0,0,-605.472,8.587,511.340,1.814
138.200,GOLD,moto,0,18,47.534,48.000,0.233,0.000,4,0,0,-219.807,9.342,527.709,1.794
138.200,BLUE,atv,0,17,38.765,46.416,1.000,0.000,4,0,0,-515.117,8.424,537.081,1.900
138.460,YOU reference pilot,original,0,16,14.132,13.245,0.000,0.253,4,0,0,-606.820,8.600,508.220,1.027
138.460,EMBER,tourer,0,16,13.265,12.292,0.000,0.278,4,0,0,-604.977,8.578,514.909,1.972
138.460,GOLD,moto,0,18,47.539,48.000,0.231,0.000,4,0,0,-207.448,9.271,527.614,1.790
138.460,BLUE,atv,0,17,39.878,46.339,1.000,0.000,4,0,0,-504.899,8.430,536.469,1.867
138.720,YOU reference pilot,original,0,16,12.450,11.543,0.000,0.259,4,0,0,-605.948,8.587,511.549,1.360
138.720,EMBER,tourer,0,16,11.586,9.984,0.000,0.457,4,0,0,-604.625,8.574,518.118,2.119
138.720,GOLD,moto,0,18,47.543,48.000,0.228,0.000,4,0,0,-195.088,9.193,527.539,1.787
138.720,BLUE,atv,0,17,40.899,46.264,1.000,0.000,4,0,0,-494.400,8.444,535.911,1.830
139.000,YOU reference pilot,original,0,16,10.704,9.923,0.000,0.223,4,0,0,-605.306,8.578,514.695,1.679
139.000,EMBER,tourer,0,16,10.241,10.239,0.000,0.000,4,0,0,-604.315,8.575,521.139,2.266
139.000,GOLD,moto,0,18,47.547,48.000,0.226,0.000,4,0,0,-181.775,9.102,527.477,1.785
139.000,BLUE,atv,0,17,41.905,46.185,1.000,0.000,4,0,0,-482.808,8.468,535.389,1.814
139.260,YOU reference pilot,original,0,16,10.005,10.204,0.110,0.000,4,0,0,-604.890,8.575,517.305,1.910
139.260,EMBER,tourer,0,16,10.473,10.642,0.039,0.000,4,0,0,-603.982,8.580,523.809,2.397
139.260,GOLD,moto,0,18,47.550,48.000,0.225,0.000,4,0,0,-169.413,9.014,527.435,1.783
139.260,BLUE,atv,0,17,42.759,46.114,1.000,0.000,4,0,0,-471.799,8.499,534.984,1.849
139.520,YOU reference pilot,original,0,16,10.338,10.450,0.061,0.000,4,0,0,-604.540,8.574,519.935,2.114
139.520,EMBER,tourer,0,16,11.955,13.114,0.642,0.000,4,0,0,-603.454,8.590,526.668,2.481
139.520,GOLD,moto,0,18,47.552,48.000,0.224,0.000,4,0,0,-157.050,8.923,527.407,1.782
139.520,BLUE,atv,0,17,43.542,46.046,1.000,0.000,4,0,0,-460.576,8.541,534.629,1.864
139.800,YOU reference pilot,original,0,16,10.554,11.776,0.687,0.000,4,0,0,-604.155,8.577,522.811,2.313
139.800,EMBER,tourer,0,17,14.280,17.568,1.000,0.000,4,0,0,-602.347,8.609,530.181,2.231
139.800,GOLD,moto,0,19,47.554,48.000,0.223,0.000,4,0,0,-143.735,8.826,527.390,1.780
139.800,BLUE,atv,0,17,44.284,45.975,0.867,0.000,4,0,0,-448.275,8.604,534.260,1.827
140.060,YOU reference pilot,original,0,16,11.634,12.405,0.430,0.000,4,0,0,-603.661,8.585,525.644,2.481
140.060,EMBER,tourer,0,17,16.293,20.620,1.000,0.000,4,0,0,-600.406,8.633,533.690,1.284
140.060,GOLD,moto,0,19,47.555,48.000,0.223,0.000,4,0,0,-131.371,8.737,527.384,1.779
140.060,BLUE,atv,0,17,44.696,45.912,0.620,0.000,4,0,0,-436.704,8.674,533.898,1.785
140.320,YOU reference pilot,original,0,16,13.673,17.867,1.000,0.000,4,0,0,-602.789,8.601,528.836,2.455
140.320,EMBER,tourer,0,17,18.015,23.937,1.000,0.000,4,0,0,-597.318,8.648,536.961,0.692
140.320,GOLD,moto,0,19,47.555,48.000,0.223,0.000,4,0,0,-119.007,8.653,527.385,1.777
140.320,BLUE,atv,0,17,44.920,45.852,0.473,0.000,4,0,0,-425.056,8.748,533.505,1.755
140.600,YOU reference pilot,original,0,17,16.109,19.694,1.000,0.000,4,0,0,-600.976,8.627,532.633,1.702
140.600,EMBER,tourer,0,17,19.799,27.372,1.000,0.000,4,0,0,-592.752,8.652,539.703,1.411
140.600,GOLD,moto,0,19,47.554,48.000,0.223,0.000,4,0,0,-105.693,8.573,527.390,1.775
140.600,BLUE,atv,0,17,45.041,45.791,0.378,0.000,4,0,0,-412.466,8.832,533.047,1.744
140.860,YOU reference pilot,original,0,17,17.985,21.814,1.000,0.000,4,0,0,-598.119,8.646,536.066,0.707
140.860,EMBER,tourer,0,17,21.447,33.818,1.000,0.000,4,0,0,-587.602,8.650,541.285,1.666
140.860,GOLD,moto,0,19,47.551,48.000,0.224,0.000,4,0,0,-93.329,8.511,527.395,1.774
140.860,BLUE,atv,0,17,45.089,45.737,0.325,0.000,4,0,0,-400.757,8.911,532.602,1.747
141.120,YOU reference pilot,original,0,17,19.694,24.210,1.000,0.000,4,0,0,-594.083,8.652,538.898,1.086
141.120,EMBER,tourer,0,17,23.144,38.947,1.000,0.000,4,0,0,-581.821,8.644,541.960,1.466
141.120,GOLD,moto,0,19,47.548,48.000,0.226,0.000,4,0,0,-80.967,8.468,527.389,1.773
141.120,BLUE,atv,0,17,45.101,45.687,0.293,0.000,4,0,0,-389.040,8.991,532.149,1.756
141.400,YOU reference pilot,original,0,17,21.541,26.774,1.000,0.000,4,0,0,-588.652,8.651,540.934,1.546
141.400,EMBER,tourer,0,17,24.973,41.569,1.000,0.000,4,0,0,-575.063,8.634,541.893,0.937
141.400,GOLD,moto,0,19,47.543,48.000,0.228,0.000,4,0,0,-67.655,8.436,527.357,1.762
141.400,BLUE,atv,0,17,45.090,45.636,0.272,0.000,4,0,0,-376.423,9.075,531.664,1.767
141.660,YOU reference pilot,original,0,17,23.251,28.900,1.000,0.000,4,0,0,-582.878,8.646,541.845,1.481
141.660,EMBER,tourer,0,17,26.600,41.569,1.000,0.000,4,0,0,-568.361,8.623,541.363,0.655
141.660,GOLD,moto,0,19,47.539,48.000,0.230,0.000,4,0,0,-55.294,8.408,527.300,1.751
141.660,BLUE,atv,0,18,45.068,45.593,0.261,0.000,4,0,0,-364.711,9.151,531.223,1.774
141.920,YOU reference pilot,original,0,17,24.953,30.719,1.000,0.000,4,0,0,-576.592,8.637,541.977,1.073
141.920,EMBER,tourer,0,17,28.127,41.569,1.000,0.000,4,0,0,-561.267,8.611,540.625,1.039
141.920,GOLD,moto,0,19,47.536,48.000,0.232,0.000,4,0,0,-42.935,8.385,527.228,1.747
141.920,BLUE,atv,0,18,45.040,45.553,0.255,0.000,4,0,0,-353.005,9.223,530.795,1.778
142.200,YOU reference pilot,original,0,17,26.711,32.408,1.000,0.000,4,0,0,-569.352,8.625,541.533,0.658
142.200,EMBER,tourer,0,17,29.651,41.569,1.000,0.000,4,0,0,-553.202,8.599,539.794,1.555
142.200,GOLD,moto,0,19,47.506,47.955,0.224,0.000,4,0,0,-29.628,8.371,527.157,1.753
142.200,BLUE,atv,0,18,45.008,45.515,0.252,0.000,4,0,0,-340.406,9.295,530.351,1.781
142.460,YOU reference pilot,original,0,17,28.230,33.817,1.000,0.000,4,0,0,-562.226,8.613,540.836,0.893
142.460,EMBER,tourer,0,17,30.961,41.569,1.000,0.000,4,0,0,-545.339,8.588,539.087,1.869
142.460,GOLD,moto,0,19,45.079,44.056,0.000,0.301,4,0,0,-17.643,8.369,527.135,1.765
142.460,BLUE,atv,0,18,44.978,45.483,0.251,0.000,4,0,0,-328.715,9.355,529.957,1.782
142.720,YOU reference pilot,original,0,17,29.630,35.123,1.000,0.000,4,0,0,-554.727,8.601,540.059,1.369
142.720,EMBER,tourer,0,17,32.179,41.569,1.000,0.000,4,0,0,-537.141,8.580,538.465,2.006
142.720,GOLD,moto,0,19,42.454,40.717,0.000,0.507,4,0,0,-6.288,8.378,527.193,1.780
142.720,BLUE,atv,0,18,44.951,45.455,0.251,0.000,4,0,0,-317.030,9.408,529.584,1.783
143.000,YOU reference pilot,original,0,17,31.013,36.430,1.000,0.000,4,0,0,-546.258,8.589,539.259,1.754
143.000,EMBER,tourer,0,17,33.396,41.569,1.000,0.000,4,0,0,-527.965,8.574,537.868,2.011
143.000,GOLD,moto,0,19,39.343,38.577,0.000,0.226,4,0,0,5.124,8.400,527.383,1.794
143.000,BLUE,atv,0,18,44.924,45.429,0.252,0.000,4,0,0,-304.454,9.455,529.209,1.785
143.260,YOU reference pilot,original,0,17,32.191,37.553,1.000,0.000,4,0,0,-538.055,8.581,538.594,1.939
143.260,EMBER,tourer,0,17,34.442,41.569,1.000,0.000,4,0,0,-519.150,8.573,537.345,1.948
143.260,GOLD,moto,0,19,36.629,35.351,0.000,0.374,4,0,0,14.955,8.431,527.711,1.802
143.260,BLUE,atv,0,18,44.902,45.410,0.253,0.000,4,0,0,-292.781,9.486,528.892,1.788
143.520,YOU reference pilot,original,0,17,33.275,38.594,1.000,0.000,4,0,0,-529.553,8.575,537.996,1.989
143.520,EMBER,tourer,0,17,35.415,41.569,1.000,0.000,4,0,0,-510.072,8.577,536.828,1.877
143.520,GOLD,moto,0,19,33.904,32.759,0.000,0.335,4,0,0,24.045,8.472,528.230,1.783
143.520,BLUE,atv,0,18,44.885,45.394,0.254,0.000,4,0,0,-281.112,9.504,528.610,1.792
143.800,YOU reference pilot,original,0,17,34.348,39.631,1.000,0.000,4,0,0,-520.092,8.573,537.400,1.956
143.800,EMBER,tourer,0,17,36.384,41.569,1.000,0.000,4,0,0,-500.024,8.587,536.274,1.826
143.800,GOLD,moto,0,19,31.113,31.412,0.157,0.000,4,0,0,32.982,8.528,529.078,1.714
143.800,BLUE,atv,0,18,44.871,45.382,0.255,0.000,4,0,0,-268.548,9.505,528.350,1.800
144.060,YOU reference pilot,original,0,17,35.253,40.149,1.000,0.000,4,0,0,-511.048,8.576,536.878,1.888
144.060,EMBER,tourer,0,17,37.216,41.565,1.000,0.000,4,0,0,-490.460,8.602,535.779,1.815
144.060,GOLD,moto,0,19,31.545,33.694,1.000,0.000,4,0,0,40.986,8.614,530.272,1.698
144.060,BLUE,atv,0,18,44.863,45.375,0.256,0.000,4,0,0,-256.884,9.487,528.148,1.803
144.320,YOU reference pilot,original,0,17,36.011,40.170,1.000,0.000,4,0,0,-501.773,8.585,536.737,1.493
144.320,EMBER,tourer,0,17,37.988,41.491,1.000,0.000,4,0,0,-480.684,8.624,535.332,1.838
144.320,GOLD,moto,0,19,31.884,31.024,0.000,0.254,4,0,0,49.158,8.770,532.021,1.866
144.320,BLUE,atv,0,18,44.860,45.372,0.256,0.000,4,0,0,-245.221,9.454,527.981,1.802
144.600,YOU reference pilot,original,0,17,36.820,40.195,1.000,0.000,4,0,0,-491.582,8.600,537.281,0.693
144.600,EMBER,tourer,0,17,38.757,41.411,1.000,0.000,4,0,0,-469.939,8.656,534.918,1.907
144.600,GOLD,moto,0,19,31.797,32.359,0.298,0.000,4,0,0,57.824,9.026,534.395,2.359
144.600,BLUE,atv,0,18,44.860,45.374,0.257,0.000,4,0,0,-232.661,9.404,527.833,1.798
144.860,YOU reference pilot,original,0,17,37.532,40.223,1.000,0.000,4,0,0,-481.938,8.621,538.044,1.142
144.860,EMBER,tourer,0,17,39.417,41.337,0.984,0.000,4,0,0,-459.775,8.697,534.586,1.926
144.860,GOLD,moto,0,19,31.903,33.288,0.747,0.000,4,0,0,65.671,9.294,536.732,2.693
144.860,BLUE,atv,0,18,44.864,45.380,0.258,0.000,4,0,0,-220.998,9.347,527.720,1.793
145.120,YOU reference pilot,original,0,17,38.167,40.254,1.000,0.000,4,0,0,-472.109,8.649,538.673,2.004
145.120,EMBER,tourer,0,17,39.884,41.263,0.703,0.000,4,0,0,-449.460,8.750,534.277,1.896
145.120,GOLD,moto,0,19,33.812,48.000,1.000,0.000,4,0,0,73.927,9.494,539.012,2.456
145.120,BLUE,atv,0,18,44.871,45.390,0.260,0.000,4,0,0,-209.333,9.282,527.628,1.790
145.400,YOU reference pilot,original,0,17,38.594,40.291,0.867,0.000,4,0,0,-461.349,8.689,538.686,2.323
145.400,EMBER,tourer,0,17,40.164,41.184,0.517,0.000,4,0,0,-438.252,8.816,533.939,1.847
145.400,GOLD,moto,0,19,35.709,48.000,1.000,0.000,4,0,0,83.457,9.571,541.113,1.794
145.400,BLUE,atv,0,18,44.882,45.405,0.262,0.000,4,0,0,-196.768,9.204,527.549,1.787
145.660,YOU reference pilot,original,0,17,38.911,40.329,0.723,0.000,4,0,0,-451.321,8.739,537.664,1.668
145.660,EMBER,tourer,0,17,40.301,41.112,0.409,0.000,4,0,0,-427.794,8.881,533.601,1.808
145.660,GOLD,moto,0,0,37.343,48.000,1.000,0.000,4,0,0,92.862,9.586,542.568,1.309
145.660,BLUE,atv,0,18,44.895,45.423,0.265,0.000,4,0,0,-185.097,9.125,527.491,1.785
145.920,YOU reference pilot,original,0,17,39.148,40.370,0.617,0.000,4,0,0,-441.254,8.797,536.313,0.840
145.920,EMBER,tourer,0,17,40.365,41.041,0.339,0.000,4,0,0,-417.313,8.950,533.235,1.787
145.920,GOLD,moto,0,0,38.870,48.000,1.000,0.000,4,0,0,102.738,9.611,543.556,1.105
145.920,BLUE,atv,0,18,44.912,45.446,0.268,0.000,4,0,0,-173.422,9.043,527.448,1.783
146.200,YOU reference pilot,original,0,17,39.291,40.417,0.571,0.000,4,0,0,-430.292,8.865,535.614,0.688
146.200,EMBER,tourer,0,17,40.384,40.965,0.291,0.000,4,0,0,-406.015,9.026,532.814,1.784
146.200,GOLD,moto,0,0,40.400,48.000,1.000,0.000,4,0,0,113.834,9.630,544.232,1.139
146.200,BLUE,atv,0,18,44.934,45.475,0.271,0.000,4,0,0,-160.844,8.951,527.415,1.782
146.460,YOU reference pilot,original,0,17,39.445,40.464,0.516,0.000,4,0,0,-420.055,8.931,535.655,0.919
146.460,EMBER,tourer,0,17,40.372,40.897,0.262,0.000,4,0,0,-395.524,9.097,532.408,1.792
146.460,GOLD,moto,0,0,41.716,48.000,1.000,0.000,4,0,0,124.516,9.631,544.673,1.308
146.460,BLUE,atv,0,18,44.957,45.506,0.275,0.000,4,0,0,-149.158,8.865,527.396,1.781
146.720,YOU reference pilot,original,0,17,39.580,40.514,0.472,0.000,4,0,0,-409.784,9.000,535.960,1.489
146.720,EMBER,tourer,0,17,40.342,40.830,0.243,0.000,4,0,0,-385.040,9.168,531.998,1.805
146.720,GOLD,moto,0,0,42.931,48.000,1.000,0.000,4,0,0,135.526,9.617,545.102,1.523
146.720,BLUE,atv,0,19,44.983,45.540,0.280,0.000,4,0,0,-137.466,8.780,527.386,1.780
147.000,YOU reference pilot,original,0,17,39.682,40.571,0.448,0.000,4,0,0,-398.688,9.075,536.221,2.122
147.000,EMBER,tourer,0,18,40.297,40.759,0.229,0.000,4,0,0,-373.759,9.243,531.562,1.818
147.000,GOLD,moto,0,0,44.133,48.000,1.000,0.000,4,0,0,147.714,9.585,545.716,1.725
147.000,BLUE,atv,0,19,45.014,45.582,0.285,0.000,4,0,0,-124.867,8.693,527.384,1.778
147.260,YOU reference pilot,original,0,17,39.648,40.626,0.492,0.000,4,0,0,-388.376,9.145,535.923,2.210
147.260,EMBER,tourer,0,18,40.249,40.696,0.221,0.000,4,0,0,-363.296,9.309,531.167,1.826
147.260,GOLD,moto,0,0,45.157,48.000,1.000,0.000,4,0,0,159.305,9.539,546.543,1.853
147.260,BLUE,atv,0,19,45.046,45.624,0.290,0.000,4,0,0,-113.159,8.617,527.387,1.776
147.520,YOU reference pilot,original,0,17,39.727,40.684,0.483,0.000,4,0,0,-378.127,9.213,534.733,1.461
147.520,EMBER,tourer,0,18,40.197,40.634,0.216,0.000,4,0,0,-352.846,9.373,530.784,1.831
147.520,GOLD,moto,0,0,46.102,48.000,0.984,0.000,4,0,0,171.125,9.473,547.691,1.957
147.520,BLUE,atv,0,19,45.081,45.670,0.296,0.000,4,0,0,-101.442,8.550,527.393,1.775
147.800,YOU reference pilot,original,0,18,39.772,40.748,0.493,0.000,4,0,0,-367.067,9.285,533.457,0.787
147.800,EMBER,tourer,0,18,40.140,40.570,0.213,0.000,4,0,0,-341.606,9.438,530.387,1.833
147.800,GOLD,moto,0,0,46.783,48.000,0.626,0.000,4,0,0,184.048,9.363,549.284,2.027
147.800,BLUE,atv,0,19,45.120,45.723,0.303,0.000,4,0,0,-88.814,8.494,527.395,1.775
148.060,YOU reference pilot,original,0,18,39.826,40.811,0.497,0.000,4,0,0,-356.727,9.350,533.055,0.774
148.060,EMBER,tourer,0,18,40.088,40.513,0.211,0.000,4,0,0,-331.183,9.492,530.033,1.834
148.060,GOLD,moto,0,0,47.123,48.000,0.449,0.000,4,0,0,196.139,9.221,551.020,2.012
148.060,BLUE,atv,0,19,45.158,45.776,0.310,0.000,4,0,0,-77.078,8.459,527.382,1.772
148.320,YOU reference pilot,original,0,18,39.931,40.875,0.476,0.000,4,0,0,-346.358,9.411,533.198,1.135
148.320,EMBER,tourer,0,18,40.036,40.459,0.209,0.000,4,0,0,-320.773,9.541,529.696,1.835
148.320,GOLD,moto,0,0,46.864,47.298,0.000,0.000,4,0,0,208.267,9.064,552.893,1.947
148.320,BLUE,atv,0,19,45.199,45.832,0.318,0.000,4,0,0,-65.332,8.431,527.347,1.761
148.600,YOU reference pilot,original,0,18,40.039,40.946,0.457,0.000,4,0,0,-335.165,9.471,533.525,1.766
148.600,EMBER,tourer,0,18,39.982,40.403,0.209,0.000,4,0,0,-309.576,9.586,529.353,1.836
148.600,GOLD,moto,0,0,44.138,42.157,0.000,0.577,4,0,0,220.913,8.895,554.871,1.864
148.600,BLUE,atv,0,19,45.248,45.896,0.326,0.000,4,0,0,-52.669,8.403,527.285,1.750
148.860,YOU reference pilot,original,0,18,40.088,41.014,0.465,0.000,4,0,0,-324.746,9.523,533.686,2.243
148.860,EMBER,tourer,0,18,39.934,40.354,0.208,0.000,4,0,0,-299.192,9.618,529.056,1.839
148.860,GOLD,moto,0,0,41.067,39.533,0.000,0.448,4,0,0,231.828,8.750,556.508,1.806
148.860,BLUE,atv,0,19,45.296,45.958,0.333,0.000,4,0,0,-40.898,8.383,527.215,1.748
149.120,YOU reference pilot,original,0,18,40.062,41.083,0.513,0.000,4,0,0,-314.340,9.567,533.128,2.022
149.120,EMBER,tourer,0,18,39.889,40.307,0.208,0.000,4,0,0,-288.818,9.642,528.785,1.842
149.120,GOLD,moto,0,0,38.107,37.200,0.000,0.266,4,0,0,242.000,8.623,557.891,1.775
149.120,BLUE,atv,0,19,45.345,46.023,0.341,0.000,4,0,0,-29.115,8.372,527.155,1.753
149.400,YOU reference pilot,original,0,18,40.172,41.159,0.498,0.000,4,0,0,-303.185,9.607,531.773,1.101
149.400,EMBER,tourer,0,18,39.844,40.261,0.207,0.000,4,0,0,-277.659,9.654,528.526,1.848
149.400,GOLD,moto,0,0,35.346,34.815,0.000,0.157,4,0,0,252.167,8.514,559.044,1.753
149.400,BLUE,atv,0,19,43.106,42.595,0.000,0.153,4,0,0,-16.713,8.370,527.138,1.765
149.660,YOU reference pilot,original,0,18,40.192,41.230,0.523,0.000,4,0,0,-292.766,9.634,530.983,0.754
149.660,EMBER,tourer,0,18,39.805,40.221,0.206,0.000,4,0,0,-267.307,9.651,528.318,1.855
149.660,GOLD,moto,0,0,32.146,30.220,0.000,0.560,4,0,0,260.846,8.448,559.780,1.692
149.660,BLUE,atv,0,19,41.333,41.455,0.055,0.000,4,0,0,-5.721,8.379,527.201,1.779
149.920,YOU reference pilot,original,0,18,40.281,41.303,0.516,0.000,4,0,0,-282.303,9.651,530.952,0.886
149.920,EMBER,tourer,0,18,39.770,40.184,0.206,0.000,4,0,0,-256.963,9.634,528.141,1.858
149.920,GOLD,moto,0,0,29.206,27.211,0.000,0.580,4,0,0,268.758,8.420,560.210,1.658
149.920,BLUE,atv,0,19,38.483,37.185,0.000,0.380,4,0,0,4.672,8.399,527.375,1.791
150.200,YOU reference pilot,original,0,18,40.409,41.382,0.491,0.000,4,0,0,-271.012,9.654,531.370,1.409
150.200,EMBER,tourer,0,18,39.736,40.148,0.205,0.000,4,0,0,-245.834,9.603,527.981,1.856
150.200,GOLD,moto,0,0,25.975,23.825,0.000,0.624,4,0,0,276.418,8.415,560.366,1.648
150.200,BLUE,atv,0,19,34.277,34.465,0.093,0.000,4,0,0,14.711,8.431,527.705,1.798
150.460,YOU reference pilot,original,0,18,40.514,41.456,0.475,0.000,4,0,0,-260.499,9.642,531.809,1.983
150.460,EMBER,tourer,0,18,39.707,40.118,0.204,0.000,4,0,0,-235.507,9.564,527.857,1.852
150.460,GOLD,moto,0,0,23.076,22.823,0.000,0.000,4,0,0,282.700,8.427,560.270,1.652
150.460,BLUE,atv,0,19,32.848,34.348,0.799,0.000,4,0,0,23.427,8.470,528.191,1.782
150.720,YOU reference pilot,original,0,18,40.517,41.530,0.507,0.000,4,0,0,-249.959,9.617,531.939,2.261
150.720,EMBER,tourer,0,18,39.680,40.091,0.204,0.000,4,0,0,-225.188,9.517,527.753,1.846
150.720,GOLD,moto,0,0,19.473,18.386,0.000,0.317,4,0,0,288.160,8.448,559.997,1.660
150.720,BLUE,atv,0,19,30.262,30.415,0.075,0.000,4,0,0,31.528,8.518,528.908,1.728
151.000,YOU reference pilot,original,0,18,40.574,41.610,0.523,0.000,4,0,0,-238.639,9.577,531.094,1.606
151.000,EMBER,tourer,0,18,39.655,40.066,0.205,0.000,4,0,0,-214.081,9.458,527.660,1.841
151.000,GOLD,moto,0,0,16.366,13.347,0.000,0.875,4,0,0,293.257,8.473,559.570,1.661
151.000,BLUE,atv,0,19,29.933,34.902,1.000,0.000,4,0,0,39.808,8.599,530.059,1.703
151.260,YOU reference pilot,original,0,18,40.644,41.685,0.524,0.000,4,0,0,-228.126,9.531,530.058,0.853
151.260,EMBER,tourer,0,18,39.634,40.047,0.206,0.000,4,0,0,-203.774,9.397,527.588,1.838
151.260,GOLD,moto,0,0,13.432,13.201,0.000,0.000,4,0,0,296.996,8.490,559.172,1.625
151.260,BLUE,atv,0,19,31.122,31.483,0.186,0.000,4,0,0,47.652,8.739,531.657,1.815
151.520,YOU reference pilot,original,0,18,40.691,41.759,0.538,0.000,4,0,0,-217.555,9.477,529.770,0.745
151.520,EMBER,tourer,0,18,39.616,40.031,0.207,0.000,4,0,0,-193.472,9.331,527.529,1.835
151.520,GOLD,moto,0,0,12.534,11.341,0.000,0.346,4,0,0,300.386,8.500,558.783,1.529
151.520,BLUE,atv,0,19,30.944,30.080,0.000,0.255,4,0,0,55.478,8.952,533.727,2.194
151.800,YOU reference pilot,original,0,18,40.817,41.839,0.516,0.000,4,0,0,-206.149,9.412,530.179,1.076
151.800,EMBER,tourer,0,18,39.599,40.018,0.209,0.000,4,0,0,-182.383,9.255,527.478,1.834
151.800,GOLD,moto,0,0,9.798,8.879,0.000,0.267,4,0,0,303.427,8.495,558.437,1.430
151.800,BLUE,atv,0,19,30.469,30.633,0.079,0.000,4,0,0,63.656,9.231,536.166,2.624
152.060,YOU reference pilot,original,0,18,40.934,41.912,0.494,0.000,4,0,0,-195.538,9.345,530.792,1.669
152.060,EMBER,tourer,0,18,39.586,40.009,0.211,0.000,4,0,0,-172.089,9.182,527.441,1.833
152.060,GOLD,moto,0,0,8.968,8.916,0.000,0.000,4,0,0,305.831,8.430,558.155,1.439
152.060,BLUE,atv,0,19,32.141,45.685,1.000,0.000,4,0,0,71.493,9.447,538.418,2.541
152.320,YOU reference pilot,original,0,18,41.001,41.985,0.493,0.000,4,0,0,-184.894,9.273,531.300,2.196
152.320,EMBER,tourer,0,18,39.577,40.005,0.214,0.000,4,0,0,-161.798,9.108,527.415,1.832
152.320,GOLD,moto,0,0,11.194,12.526,0.784,0.000,4,0,0,308.395,8.280,557.793,1.671
152.320,BLUE,atv,0,19,33.716,46.476,1.000,0.000,4,0,0,79.837,9.550,540.427,2.016
152.600,YOU reference pilot,original,0,18,40.980,42.062,0.547,0.000,4,0,0,-173.419,9.192,531.048,1.998
152.600,EMBER,tourer,0,18,39.569,40.004,0.217,0.000,4,0,0,-150.718,9.027,527.396,1.830
152.600,GOLD,moto,0,0,12.272,9.919,0.000,0.676,4,0,0,311.845,7.920,556.985,2.360
152.600,BLUE,atv,0,0,35.290,46.476,1.000,0.000,4,0,0,89.371,9.576,542.108,1.440
152.860,YOU reference pilot,original,0,18,41.085,42.133,0.528,0.000,4,0,0,-162.797,9.115,530.038,1.117
152.860,EMBER,tourer,0,19,39.566,40.006,0.220,0.000,4,0,0,-140.431,8.952,527.386,1.829
152.860,GOLD,moto,0,0,10.191,7.506,0.000,0.786,4,0,0,314.428,7.512,555.814,2.408
152.860,BLUE,atv,0,0,36.647,46.476,1.000,0.000,4,0,0,98.676,9.599,543.191,1.168
153.120,YOU reference pilot,original,0,18,41.104,42.202,0.552,0.000,4,0,0,-152.125,9.037,529.455,0.736
153.120,EMBER,tourer,0,19,39.565,40.013,0.224,0.000,4,0,0,-130.145,8.879,527.383,1.828
153.120,GOLD,moto,0,0,10.943,24.000,1.000,0.000,4,0,0,316.394,7.640,554.329,1.350
153.120,BLUE,atv,0,0,37.913,46.476,1.000,0.000,4,0,0,108.358,9.623,543.904,1.129
153.400,YOU reference pilot,original,0,19,41.202,42.275,0.542,0.000,4,0,0,-140.605,8.953,529.700,0.886
153.400,EMBER,tourer,0,19,39.567,40.024,0.229,0.000,4,0,0,-119.067,8.805,527.384,1.826
153.400,GOLD,moto,0,0,14.318,24.000,1.000,0.000,4,0,0,318.601,8.206,551.575,0.470
153.400,BLUE,atv,0,0,39.176,46.476,1.000,0.000,4,0,0,119.154,9.631,544.423,1.251
153.660,YOU reference pilot,original,0,19,41.317,42.341,0.516,0.000,4,0,0,-129.895,8.877,530.345,1.411
153.660,EMBER,tourer,0,19,39.571,40.038,0.234,0.000,4,0,0,-108.779,8.742,527.389,1.824
153.660,GOLD,moto,0,0,17.068,24.000,1.000,0.000,4,0,0,320.257,8.890,547.880,0.972
153.660,BLUE,atv,0,0,40.256,46.476,1.000,0.000,4,0,0,129.485,9.625,544.829,1.434
153.920,YOU reference pilot,original,0,19,41.411,42.405,0.500,0.000,4,0,0,-119.160,8.805,531.004,2.019
153.920,EMBER,tourer,0,19,39.578,40.056,0.239,0.000,4,0,0,-98.490,8.687,527.394,1.822
153.920,GOLD,moto,0,0,19.612,24.000,1.000,0.000,4,0,0,321.184,9.760,543.258,1.357
153.920,BLUE,atv,0,0,41.251,46.476,1.000,0.000,4,0,0,140.083,9.606,545.294,1.618
154.200,YOU reference pilot,original,0,19,41.371,42.426,0.532,0.000,4,0,0,-107.567,8.735,531.200,2.202
154.200,EMBER,tourer,0,19,39.588,40.079,0.246,0.000,4,0,0,-87.407,8.641,527.395,1.822
154.200,GOLD,moto,0,0,22.216,24.000,0.983,0.000,4,0,0,321.308,10.833,537.474,1.226
154.200,BLUE,atv,0,0,42.232,46.476,1.000,0.000,4,0,0,151.763,9.570,545.977,1.772
154.460,YOU reference pilot,original,0,19,41.412,42.426,0.511,0.000,4,0,0,-96.838,8.679,530.395,1.448
154.460,EMBER,tourer,0,19,39.600,40.104,0.252,0.000,4,0,0,-77.113,8.612,527.385,1.818
154.460,GOLD,moto,0,0,23.294,24.000,0.372,0.000,4,0,0,320.802,11.941,531.640,0.761
154.460,BLUE,atv,0,0,43.068,46.476,1.000,0.000,4,0,0,162.826,9.520,546.867,1.870
154.720,YOU reference pilot,original,0,19,41.415,42.426,0.506,0.000,4,0,0,-86.099,8.636,529.547,0.783
154.720,EMBER,tourer,0,19,39.616,40.133,0.259,0.000,4,0,0,-66.815,8.586,527.357,1.806
154.720,GOLD,moto,0,0,23.518,24.000,0.245,0.000,4,0,0,320.009,13.118,525.714,0.489
154.720,BLUE,atv,0,0,43.839,46.476,1.000,0.000,4,0,0,174.072,9.451,548.044,1.962
155.000,YOU reference pilot,original,0,19,41.433,42.426,0.500,0.000,4,0,0,-74.501,8.605,529.512,0.780
155.000,EMBER,tourer,0,19,39.637,40.167,0.266,0.000,4,0,0,-55.720,8.559,527.307,1.796
155.000,GOLD,moto,0,0,23.557,24.000,0.222,0.000,4,0,0,319.111,14.434,519.318,0.926
155.000,BLUE,atv,0,0,44.606,46.476,0.960,0.000,4,0,0,186.363,9.336,549.619,2.013
155.260,YOU reference pilot,original,0,19,41.495,42.426,0.468,0.000,4,0,0,-63.733,8.578,530.044,1.205
155.260,EMBER,tourer,0,19,39.660,40.202,0.272,0.000,4,0,0,-45.411,8.541,527.246,1.792
155.260,GOLD,moto,0,0,23.553,24.000,0.223,0.000,4,0,0,318.386,15.695,513.371,1.386
155.260,BLUE,atv,0,0,45.108,46.476,0.699,0.000,4,0,0,197.915,9.197,551.299,1.994
155.520,YOU reference pilot,original,0,19,41.544,42.426,0.443,0.000,4,0,0,-52.956,8.554,530.689,1.841
155.520,EMBER,tourer,0,19,39.687,40.241,0.278,0.000,4,0,0,-35.096,8.528,527.184,1.797
155.520,GOLD,moto,1,1,23.543,24.000,0.228,0.000,4,0,0,317.825,16.996,507.416,1.715
155.520,BLUE,atv,0,0,45.417,46.476,0.539,0.000,4,0,0,209.550,9.046,553.098,1.935
155.800,YOU reference pilot,original,0,19,41.506,42.426,0.462,0.000,4,0,0,-41.330,8.535,531.104,2.303
155.800,EMBER,tourer,0,19,39.719,40.286,0.285,0.000,4,0,0,-23.980,8.521,527.136,1.810
155.800,GOLD,moto,1,1,23.532,24.000,0.234,0.000,4,0,0,317.415,18.439,501.001,1.913
155.800,BLUE,atv,0,0,43.380,41.978,0.000,0.409,4,0,0,221.839,8.882,555.011,1.861
156.060,YOU reference pilot,original,0,19,41.426,41.945,0.257,0.000,4,0,0,-30.563,8.524,530.567,1.842
156.060,EMBER,tourer,0,19,39.518,39.969,0.225,0.000,4,0,0,-13.662,8.523,527.134,1.828
156.060,GOLD,moto,1,1,23.522,24.000,0.239,0.000,4,0,0,317.195,19.821,495.048,1.985
156.060,BLUE,atv,0,0,40.671,39.277,0.000,0.407,4,0,0,232.632,8.740,556.619,1.807
156.320,YOU reference pilot,original,0,19,39.768,40.047,0.132,0.000,4,0,0,-20.086,8.521,529.549,0.969
156.320,EMBER,tourer,0,19,37.339,36.030,0.000,0.376,4,0,0,-3.698,8.534,527.203,1.850
156.320,GOLD,moto,1,1,23.512,24.000,0.244,0.000,4,0,0,317.095,21.242,489.103,1.991
156.320,BLUE,atv,0,0,37.866,37.021,0.000,0.248,4,0,0,242.720,8.615,557.977,1.777
156.600,YOU reference pilot,original,0,19,38.726,38.276,0.000,0.132,4,0,0,-9.045,8.527,529.210,0.727
156.600,EMBER,tourer,0,19,34.820,33.569,0.000,0.359,4,0,0,6.388,8.555,527.383,1.873
156.600,GOLD,moto,1,1,23.501,24.000,0.249,0.000,4,0,0,317.076,22.818,482.715,1.982
156.600,BLUE,atv,0,0,34.892,32.826,0.000,0.601,4,0,0,252.802,8.508,559.103,1.753
156.860,YOU reference pilot,original,0,19,36.270,36.173,0.000,0.000,4,0,0,0.661,8.542,529.651,0.910
156.860,EMBER,tourer,0,19,32.289,31.198,0.000,0.314,4,0,0,15.085,8.584,527.671,1.892
156.860,GOLD,moto,1,1,23.488,24.000,0.255,0.000,4,0,0,317.099,24.332,476.800,1.944
156.860,BLUE,atv,0,0,31.914,29.970,0.000,0.565,4,0,0,261.402,8.446,559.816,1.689
157.120,YOU reference pilot,original,0,19,34.307,32.452,0.000,0.531,4,0,0,9.807,8.565,530.442,1.357
157.120,EMBER,tourer,0,19,29.791,28.799,0.000,0.285,4,0,0,23.111,8.620,528.097,1.898
157.120,GOLD,moto,1,1,23.475,24.000,0.262,0.000,4,0,0,317.131,25.892,470.900,1.887
157.120,BLUE,atv,0,0,28.787,26.933,0.000,0.539,4,0,0,269.244,8.420,560.227,1.657
157.400,YOU reference pilot,original,0,19,31.570,29.618,0.000,0.558,4,0,0,18.957,8.600,531.394,1.865
157.400,EMBER,tourer,0,19,27.781,28.518,0.387,0.000,4,0,0,31.071,8.667,528.756,1.873
157.400,GOLD,moto,1,1,23.464,24.000,0.268,0.000,4,0,0,317.153,27.600,464.556,1.825
157.400,BLUE,atv,0,0,25.753,23.507,0.000,0.652,4,0,0,276.828,8.416,560.365,1.649
157.660,YOU reference pilot,original,0,19,28.839,26.901,0.000,0.554,4,0,0,26.746,8.641,532.283,2.229
157.660,EMBER,tourer,0,19,26.656,29.263,1.000,0.000,4,0,0,38.013,8.732,529.627,1.878
157.660,GOLD,moto,1,1,23.456,24.000,0.272,0.000,4,0,0,317.153,29.202,458.671,1.781
157.660,BLUE,atv,0,0,23.023,22.462,0.000,0.165,4,0,0,283.058,8.429,560.257,1.654
157.920,YOU reference pilot,original,0,19,27.697,28.002,0.155,0.000,4,0,0,34.021,8.693,533.121,2.334
157.920,EMBER,tourer,0,19,27.902,30.280,1.000,0.000,4,0,0,44.984,8.842,530.886,1.952
157.920,GOLD,moto,1,1,23.451,24.000,0.274,0.000,4,0,0,317.134,30.819,452.792,1.754
157.920,BLUE,atv,0,0,19.283,18.251,0.000,0.301,4,0,0,288.474,8.450,559.976,1.661
158.200,YOU reference pilot,original,0,19,28.027,32.380,1.000,0.000,4,0,0,41.704,8.792,533.770,1.778
158.200,EMBER,tourer,0,19,28.360,28.822,0.238,0.000,4,0,0,52.657,9.027,532.767,2.224
158.200,GOLD,moto,1,1,23.446,24.000,0.277,0.000,4,0,0,317.096,32.572,446.466,1.741
158.200,BLUE,atv,0,0,15.725,13.130,0.000,0.752,4,0,0,293.477,8.474,559.548,1.660
158.460,YOU reference pilot,original,0,19,28.675,29.914,0.649,0.000,4,0,0,49.040,8.948,534.833,1.114
158.460,EMBER,tourer,0,19,27.172,27.457,0.144,0.000,4,0,0,59.570,9.248,534.829,2.580
158.460,GOLD,moto,1,1,23.443,24.000,0.278,0.000,4,0,0,317.051,34.207,440.595,1.741
158.460,BLUE,atv,0,0,13.185,12.991,0.000,0.000,4,0,0,297.117,8.490,559.157,1.624
158.720,YOU reference pilot,original,0,19,28.169,28.602,0.220,0.000,4,0,0,56.235,9.166,536.701,0.744
158.720,EMBER,tourer,0,19,27.708,34.019,1.000,0.000,4,0,0,66.340,9.465,536.980,2.677
158.720,GOLD,moto,1,1,23.441,24.000,0.279,0.000,4,0,0,317.004,35.847,434.725,1.747
158.720,BLUE,atv,0,0,12.069,10.981,0.000,0.316,4,0,0,300.418,8.500,558.776,1.531
159.000,YOU reference pilot,original,0,19,27.942,32.400,1.000,0.000,4,0,0,63.646,9.415,539.109,0.698
159.000,EMBER,tourer,0,19,29.178,41.006,1.000,0.000,4,0,0,73.998,9.626,539.237,2.289
159.000,GOLD,moto,1,1,23.439,24.000,0.280,0.000,4,0,0,316.957,37.615,428.405,1.756
159.000,BLUE,atv,0,0,9.479,8.597,0.000,0.256,4,0,0,303.355,8.495,558.442,1.434
159.260,YOU reference pilot,original,0,19,29.233,41.704,1.000,0.000,4,0,0,70.738,9.586,541.362,0.878
159.260,EMBER,tourer,0,19,30.438,41.077,1.000,0.000,4,0,0,81.554,9.691,541.040,1.693
159.260,GOLD,moto,1,1,23.439,24.000,0.281,0.000,4,0,0,316.922,39.258,422.536,1.765
159.260,BLUE,atv,0,0,8.782,8.633,0.000,0.000,4,0,0,305.688,8.433,558.172,1.429
159.520,YOU reference pilot,original,0,19,30.487,42.426,1.000,0.000,4,0,0,78.212,9.674,543.526,1.518
159.520,EMBER,tourer,0,0,31.621,41.149,1.000,0.000,4,0,0,89.521,9.718,542.412,1.244
159.520,GOLD,moto,1,1,23.439,24.000,0.281,0.000,4,0,0,316.899,40.898,416.667,1.772
159.520,BLUE,atv,0,0,10.553,12.128,0.917,0.000,4,0,0,308.126,8.297,557.839,1.628
159.800,YOU reference pilot,original,0,0,31.722,42.426,1.000,0.000,4,0,0,86.715,9.710,545.495,2.384
159.800,EMBER,tourer,0,0,32.831,41.227,1.000,0.000,4,0,0,98.506,9.748,543.395,1.062
159.800,GOLD,moto,1,1,23.440,24.000,0.280,0.000,4,0,0,316.889,42.659,410.345,1.778
159.800,BLUE,atv,0,0,11.542,10.086,0.000,0.417,4,0,0,311.341,7.980,557.145,2.224
160.060,YOU reference pilot,original,0,0,32.725,42.426,1.000,0.000,4,0,0,95.007,9.738,546.815,2.922
160.060,EMBER,tourer,0,0,33.895,41.301,1.000,0.000,4,0,0,107.176,9.769,543.946,1.106
160.060,GOLD,moto,1,1,23.441,24.000,0.280,0.000,4,0,0,316.897,44.289,404.472,1.782
160.060,BLUE,atv,0,0,9.094,8.063,0.000,0.294,4,0,0,313.767,7.577,556.164,2.615
160.320,YOU reference pilot,original,0,0,33.558,42.426,1.000,0.000,4,0,0,103.626,9.763,547.251,2.721
160.320,EMBER,tourer,0,0,34.899,41.374,1.000,0.000,4,0,0,116.124,9.778,544.291,1.277
160.320,GOLD,moto,1,1,23.443,24.000,0.279,0.000,4,0,0,316.923,45.909,398.596,1.784
160.320,BLUE,atv,0,0,6.667,5.680,0.000,0.289,4,0,0,315.418,7.493,555.062,1.946
160.600,YOU reference pilot,original,0,0,34.562,37.327,1.000,0.000,4,0,0,113.161,9.777,546.752,1.669
160.600,EMBER,tourer,0,0,35.908,41.454,1.000,0.000,4,0,0,126.045,9.776,544.594,1.521
160.600,GOLD,moto,1,1,23.446,24.000,0.277,0.000,4,0,0,316.973,47.643,392.264,1.786
160.600,BLUE,atv,0,0,8.422,24.000,1.000,0.000,4,0,0,316.749,7.808,553.697,1.272
160.860,YOU reference pilot,original,0,0,35.371,42.426,1.000,0.000,4,0,0,122.258,9.778,546.387,0.913
160.860,EMBER,tourer,0,0,36.777,41.529,1.000,0.000,4,0,0,135.498,9.764,544.934,1.731
160.860,GOLD,moto,1,1,23.449,24.000,0.276,0.000,4,0,0,317.045,49.237,386.380,1.787
160.860,BLUE,atv,0,0,11.581,24.000,1.000,0.000,4,0,0,318.190,8.213,551.530,0.633
161.120,YOU reference pilot,original,0,0,36.126,42.426,1.000,0.000,4,0,0,131.555,9.770,546.759,0.800
161.120,EMBER,tourer,0,0,37.585,41.569,1.000,0.000,4,0,0,145.164,9.740,545.411,1.885
161.120,GOLD,moto,1,1,23.453,24.000,0.273,0.000,4,0,0,317.140,50.813,380.490,1.790
161.120,BLUE,atv,0,0,14.378,24.000,1.000,0.000,4,0,0,319.500,8.773,548.438,0.512
161.400,YOU reference pilot,original,0,0,36.937,42.426,1.000,0.000,4,0,0,141.740,9.749,547.813,1.085
161.400,EMBER,tourer,0,0,38.393,41.569,1.000,0.000,4,0,0,155.786,9.701,546.138,1.982
161.400,GOLD,moto,1,1,23.459,24.000,0.271,0.000,4,0,0,317.265,52.487,374.139,1.807
161.400,BLUE,atv,0,0,17.114,24.000,1.000,0.000,4,0,0,320.423,9.586,544.173,0.762
161.660,YOU reference pilot,original,0,0,37.649,42.426,1.000,0.000,4,0,0,151.359,9.718,549.097,1.585
161.660,EMBER,tourer,0,0,39.090,41.569,1.000,0.000,4,0,0,165.826,9.651,547.050,2.037
161.660,GOLD,moto,1,1,23.464,24.000,0.268,0.000,4,0,0,317.391,54.023,368.236,1.814
161.660,BLUE,atv,0,0,19.465,24.000,1.000,0.000,4,0,0,320.702,10.461,539.481,0.760
161.920,YOU reference pilot,original,0,0,38.305,42.426,1.000,0.000,4,0,0,161.146,9.675,550.469,2.057
161.920,EMBER,tourer,0,0,39.737,41.569,0.939,0.000,4,0,0,176.018,9.582,548.198,2.090
161.920,GOLD,moto,1,1,23.463,24.000,0.268,0.000,4,0,0,317.518,55.581,362.340,1.804
161.920,BLUE,atv,0,0,21.664,24.000,1.000,0.000,4,0,0,320.481,11.452,534.207,0.552
162.200,YOU reference pilot,original,0,0,38.879,42.426,1.000,0.000,4,0,0,171.906,9.610,551.556,1.969
162.200,EMBER,tourer,0,0,40.225,41.569,0.686,0.000,4,0,0,187.125,9.472,549.675,2.102
162.200,GOLD,moto,1,1,23.460,24.000,0.270,0.000,4,0,0,317.649,57.284,355.997,1.788
162.200,BLUE,atv,0,0,23.111,24.000,0.468,0.000,4,0,0,319.874,12.659,528.027,0.559
162.460,YOU reference pilot,original,0,0,39.430,42.426,1.000,0.000,4,0,0,182.086,9.522,551.954,1.158
162.460,EMBER,tourer,0,0,40.512,41.569,0.538,0.000,4,0,0,197.513,9.348,551.212,2.063
162.460,GOLD,moto,1,1,23.458,24.000,0.271,0.000,4,0,0,317.765,58.869,350.109,1.773
162.460,BLUE,atv,0,0,23.417,24.000,0.297,0.000,4,0,0,319.191,13.855,522.126,0.938
162.720,YOU reference pilot,original,0,0,39.849,42.426,1.000,0.000,4,0,0,192.373,9.407,552.714,0.711
162.720,EMBER,tourer,0,0,40.701,41.569,0.440,0.000,4,0,0,207.948,9.216,552.842,1.993
162.720,GOLD,moto,1,1,23.456,24.000,0.272,0.000,4,0,0,317.877,60.454,344.221,1.762
162.720,BLUE,atv,0,0,23.483,24.000,0.259,0.000,4,0,0,318.547,15.095,516.190,1.332
163.000,YOU reference pilot,original,0,0,40.326,42.426,1.000,0.000,4,0,0,203.465,9.269,554.469,0.762
163.000,EMBER,tourer,0,0,40.724,40.895,0.081,0.000,4,0,0,219.216,9.067,554.621,1.908
163.000,GOLD,moto,1,1,23.456,24.000,0.272,0.000,4,0,0,318.000,62.158,337.879,1.757
163.000,BLUE,atv,1,1,23.490,24.000,0.255,0.000,4,0,0,317.978,16.475,509.786,1.648
163.260,YOU reference pilot,original,0,0,40.703,41.392,0.346,0.000,4,0,0,213.785,9.133,556.632,1.191
163.260,EMBER,tourer,0,0,39.015,37.514,0.000,0.430,4,0,0,229.416,8.932,556.183,1.839
163.260,GOLD,moto,1,1,23.457,24.000,0.272,0.000,4,0,0,318.125,63.733,331.988,1.757
163.260,BLUE,atv,1,1,23.483,24.000,0.258,0.000,4,0,0,317.591,17.795,503.838,1.826
163.520,YOU reference pilot,original,0,0,39.918,38.997,0.000,0.266,4,0,0,224.074,8.995,558.863,1.814
163.520,EMBER,tourer,0,0,36.519,34.940,0.000,0.452,4,0,0,239.126,8.809,557.563,1.788
163.520,GOLD,moto,1,1,23.459,24.000,0.271,0.000,4,0,0,318.268,65.297,326.095,1.762
163.520,BLUE,atv,1,1,23.472,24.000,0.264,0.000,4,0,0,317.333,19.155,497.895,1.913
163.800,YOU reference pilot,original,0,0,37.671,36.830,0.000,0.243,4,0,0,234.762,8.856,560.797,2.209
163.800,EMBER,tourer,0,0,33.751,32.520,0.000,0.353,4,0,0,248.883,8.698,558.768,1.751
163.800,GOLD,moto,1,1,23.463,24.000,0.269,0.000,4,0,0,318.452,66.965,319.743,1.769
163.800,BLUE,atv,1,1,23.460,24.000,0.270,0.000,4,0,0,317.182,20.663,491.504,1.936
164.060,YOU reference pilot,original,0,0,35.130,33.232,0.000,0.543,4,0,0,244.154,8.745,561.550,1.787
164.060,EMBER,tourer,0,0,31.198,30.178,0.000,0.293,4,0,0,257.281,8.625,559.593,1.686
164.060,GOLD,moto,1,1,23.467,24.000,0.267,0.000,4,0,0,318.663,68.493,313.839,1.777
164.060,BLUE,atv,1,1,23.447,24.000,0.276,0.000,4,0,0,317.127,22.105,485.582,1.938
164.320,YOU reference pilot,original,0,0,32.570,30.745,0.000,0.522,4,0,0,252.918,8.658,561.652,1.060
164.320,EMBER,tourer,0,0,28.519,27.515,0.000,0.288,4,0,0,265.012,8.585,560.136,1.629
164.320,GOLD,moto,1,1,23.473,24.000,0.264,0.000,4,0,0,318.922,69.995,307.929,1.784
164.320,BLUE,atv,1,1,23.435,24.000,0.282,0.000,4,0,0,317.122,23.589,479.673,1.932
164.600,YOU reference pilot,original,0,0,29.753,27.620,0.000,0.609,4,0,0,261.615,8.598,561.993,0.837
164.600,EMBER,tourer,0,0,25.616,24.428,0.000,0.340,4,0,0,272.589,8.569,560.427,1.605
164.600,GOLD,moto,1,1,23.482,24.000,0.259,0.000,4,0,0,319.267,71.576,301.556,1.793
164.600,BLUE,atv,1,1,23.419,24.000,0.290,0.000,4,0,0,317.139,25.247,473.328,1.891
164.860,YOU reference pilot,original,0,0,27.309,25.260,0.000,0.585,4,0,0,268.980,8.573,562.582,1.008
164.860,EMBER,tourer,0,0,22.827,21.319,0.000,0.431,4,0,0,278.915,8.571,560.460,1.603
164.860,GOLD,moto,1,1,23.492,24.000,0.255,0.000,4,0,0,319.663,73.002,295.629,1.800
164.860,BLUE,atv,1,1,23.406,24.000,0.297,0.000,4,0,0,317.154,26.819,467.450,1.843
165.120,YOU reference pilot,original,0,0,24.925,24.258,0.000,0.192,4,0,0,275.656,8.568,563.161,1.381
165.120,EMBER,tourer,0,0,20.567,18.079,0.000,0.709,4,0,0,284.558,8.586,560.301,1.611
165.120,GOLD,moto,1,1,23.504,24.000,0.249,0.000,4,0,0,320.146,74.379,289.694,1.806
165.120,BLUE,atv,1,1,23.396,24.000,0.302,0.000,4,0,0,317.156,28.409,461.578,1.800
165.400,YOU reference pilot,original,0,0,21.842,21.121,0.000,0.207,4,0,0,282.071,8.578,563.567,1.817
165.400,EMBER,tourer,0,0,17.681,17.030,0.000,0.187,4,0,0,289.778,8.607,559.977,1.624
165.400,GOLD,moto,1,2,23.520,24.000,0.241,0.000,4,0,0,320.787,75.795,283.294,1.812
165.400,BLUE,atv,1,1,23.388,24.000,0.306,0.000,4,0,0,317.140,30.138,455.262,1.768
165.660,YOU reference pilot,original,0,0,18.773,17.431,0.000,0.384,4,0,0,287.364,8.595,563.667,2.126
165.660,EMBER,tourer,0,0,14.226,12.066,0.000,0.615,4,0,0,293.960,8.626,559.584,1.631
165.660,GOLD,moto,1,2,23.538,24.000,0.232,0.000,4,0,0,321.515,77.034,277.344,1.821
165.660,BLUE,atv,1,1,23.383,24.000,0.308,0.000,4,0,0,317.109,31.757,449.402,1.751
165.920,YOU reference pilot,original,0,0,16.786,13.519,0.000,0.932,4,0,0,291.966,8.616,563.283,2.090
165.920,EMBER,tourer,0,0,12.161,11.946,0.000,0.000,4,0,0,297.294,8.640,559.200,1.615
165.920,GOLD,moto,1,2,23.562,24.000,0.220,0.000,4,0,0,322.389,78.177,271.387,1.847
165.920,BLUE,atv,1,1,23.379,24.000,0.310,0.000,4,0,0,317.069,33.384,443.545,1.746
166.200,YOU reference pilot,original,0,0,12.916,11.764,0.000,0.329,4,0,0,295.923,8.633,562.483,1.732
166.200,EMBER,tourer,0,0,10.917,9.822,0.000,0.312,4,0,0,300.557,8.649,558.792,1.552
166.200,GOLD,moto,1,2,25.454,41.284,1.000,0.000,4,0,0,323.534,79.309,264.747,1.904
166.200,BLUE,atv,1,1,23.376,24.000,0.312,0.000,4,0,0,317.020,35.143,437.241,1.748
166.460,YOU reference pilot,original,0,0,12.045,12.470,0.235,0.000,4,0,0,299.027,8.644,561.830,1.512
166.460,EMBER,tourer,0,0,8.699,7.689,0.000,0.288,4,0,0,303.029,8.639,558.488,1.485
166.460,GOLD,moto,1,2,27.567,38.649,1.000,0.000,4,0,0,324.872,80.299,258.027,1.934
166.460,BLUE,atv,1,1,23.374,24.000,0.313,0.000,4,0,0,316.976,36.780,431.388,1.754
166.720,YOU reference pilot,original,0,0,9.997,8.466,0.000,0.436,4,0,0,301.926,8.650,561.391,1.522
166.720,EMBER,tourer,0,0,8.014,8.118,0.059,0.000,4,0,0,305.142,8.587,558.236,1.465
166.720,GOLD,moto,1,2,29.573,36.626,1.000,0.000,4,0,0,326.513,81.174,250.804,1.943
166.720,BLUE,atv,1,1,23.373,24.000,0.314,0.000,4,0,0,316.937,38.418,425.537,1.762
167.000,YOU reference pilot,original,0,0,8.315,7.848,0.000,0.133,4,0,0,304.421,8.622,561.036,1.521
167.000,EMBER,tourer,0,0,8.658,10.847,1.000,0.000,4,0,0,307.416,8.473,557.953,1.602
167.000,GOLD,moto,1,2,31.624,33.885,1.000,0.000,4,0,0,328.687,81.940,242.519,1.947
167.000,BLUE,atv,1,1,23.372,24.000,0.314,0.000,4,0,0,316.907,40.181,419.234,1.770
167.260,YOU reference pilot,original,0,0,8.310,8.872,0.321,0.000,4,0,0,306.507,8.540,560.594,1.310
167.260,EMBER,tourer,0,0,11.143,14.006,1.000,0.000,4,0,0,309.982,8.257,557.541,1.928
167.260,GOLD,moto,1,2,31.114,31.231,0.000,0.000,4,0,0,331.102,82.443,234.636,1.958
167.260,BLUE,atv,1,1,23.373,24.000,0.314,0.000,4,0,0,316.892,41.814,413.381,1.776
167.520,YOU reference pilot,original,0,0,8.437,7.736,0.000,0.196,4,0,0,308.658,8.392,559.967,0.899
167.520,EMBER,tourer,0,0,9.587,8.211,0.000,0.388,4,0,0,312.658,7.906,556.842,2.406
167.520,GOLD,moto,1,2,29.176,28.330,0.000,0.251,4,0,0,333.761,82.704,227.252,1.963
167.520,BLUE,atv,1,1,23.374,24.000,0.313,0.000,4,0,0,316.891,43.442,407.526,1.780
167.800,YOU reference pilot,original,0,0,6.388,4.917,0.000,0.413,4,0,0,310.623,8.177,559.277,0.663
167.800,EMBER,tourer,0,0,7.172,6.013,0.000,0.327,4,0,0,314.734,7.675,555.875,2.165
167.800,GOLD,moto,1,2,26.097,24.083,0.000,0.586,4,0,0,336.793,82.788,220.144,1.958
167.800,BLUE,atv,1,1,23.376,24.000,0.312,0.000,4,0,0,316.909,45.187,401.217,1.783
168.060,YOU reference pilot,original,0,0,4.527,4.699,0.111,0.000,4,0,0,311.871,8.002,558.805,0.797
168.060,EMBER,tourer,0,0,7.132,23.616,1.000,0.000,4,0,0,316.075,7.786,554.862,1.533
168.060,GOLD,moto,1,2,23.310,21.852,0.000,0.425,4,0,0,339.674,82.760,214.401,1.948
168.060,BLUE,atv,1,1,23.378,24.000,0.311,0.000,4,0,0,316.946,46.798,395.356,1.785
168.320,YOU reference pilot,original,0,0,6.874,7.778,0.526,0.000,4,0,0,313.215,7.820,558.205,1.083
168.320,EMBER,tourer,0,0,9.689,24.000,1.000,0.000,4,0,0,317.513,8.069,553.212,0.908
168.320,GOLD,moto,1,2,21.627,21.154,0.000,0.139,4,0,0,342.568,82.682,209.429,1.931
168.320,BLUE,atv,1,1,23.381,24.000,0.309,0.000,4,0,0,317.004,48.396,389.491,1.786
168.600,YOU reference pilot,original,0,0,6.631,6.125,0.000,0.140,4,0,0,314.859,7.649,557.207,1.236
168.600,EMBER,tourer,0,0,12.072,24.000,1.000,0.000,4,0,0,319.032,8.546,550.585,0.655
168.600,GOLD,moto,1,2,19.927,20.209,0.157,0.000,4,0,0,345.785,82.580,204.710,1.875
168.600,BLUE,atv,1,1,23.386,24.000,0.307,0.000,4,0,0,317.094,50.098,383.168,1.788
168.860,YOU reference pilot,original,0,0,5.569,5.079,0.000,0.141,4,0,0,316.033,7.671,556.191,1.012
168.860,EMBER,tourer,0,0,14.041,24.000,1.000,0.000,4,0,0,320.120,9.140,547.401,0.908
168.860,GOLD,moto,1,2,20.754,22.675,1.000,0.000,4,0,0,349.108,82.483,200.643,1.743
168.860,BLUE,atv,1,1,23.392,24.000,0.304,0.000,4,0,0,317.201,51.659,377.291,1.796
169.120,YOU reference pilot,original,0,0,8.581,24.000,1.000,0.000,4,0,0,317.188,7.843,554.745,0.738
169.120,EMBER,tourer,0,0,15.879,24.000,1.000,0.000,4,0,0,320.723,9.851,543.601,1.053
169.120,GOLD,moto,1,2,22.972,25.737,1.000,0.000,4,0,0,353.127,82.304,196.637,1.774
169.120,BLUE,atv,1,1,23.398,24.000,0.301,0.000,4,0,0,317.322,53.198,371.406,1.814
169.400,YOU reference pilot,original,0,0,11.355,24.000,1.000,0.000,4,0,0,318.545,8.232,552.312,0.628
169.400,EMBER,tourer,0,0,17.778,24.000,1.000,0.000,4,0,0,320.799,10.712,538.947,0.919
169.400,GOLD,moto,1,2,23.904,24.000,0.060,0.000,4,0,0,358.362,81.670,192.572,2.111
169.400,BLUE,atv,1,1,23.401,24.000,0.300,0.000,4,0,0,317.459,54.855,365.069,1.810
169.660,YOU reference pilot,original,0,0,13.594,22.529,1.000,0.000,4,0,0,319.607,8.784,549.273,0.771
169.660,EMBER,tourer,0,0,19.447,24.000,1.000,0.000,4,0,0,320.434,11.612,534.188,0.675
169.660,GOLD,moto,1,2,23.830,24.000,0.103,0.000,4,0,0,363.653,80.777,189.462,2.506
169.660,BLUE,atv,1,1,23.398,24.000,0.301,0.000,4,0,0,317.584,56.425,359.194,1.797
169.920,YOU reference pilot,original,0,0,15.625,24.000,1.000,0.000,4,0,0,320.278,9.473,545.576,0.857
169.920,EMBER,tourer,0,0,21.009,24.000,1.000,0.000,4,0,0,319.807,12.616,529.048,0.738
169.920,GOLD,moto,1,2,23.824,24.000,0.109,0.000,4,0,0,369.233,79.822,186.928,2.832
169.920,BLUE,atv,1,1,23.395,24.000,0.303,0.000,4,0,0,317.703,58.005,353.321,1.781
170.200,YOU reference pilot,original,0,0,17.662,24.000,1.000,0.000,4,0,0,320.492,10.331,540.977,0.776
170.200,EMBER,tourer,0,0,22.472,24.000,0.802,0.000,4,0,0,319.024,13.814,523.105,1.188
170.200,GOLD,moto,1,2,25.382,25.642,0.157,0.000,4,0,0,375.580,78.705,184.579,2.973
170.200,BLUE,atv,1,1,23.392,24.000,0.304,0.000,4,0,0,317.824,59.707,346.997,1.766
170.460,YOU reference pilot,original,0,0,19.424,24.000,1.000,0.000,4,0,0,320.279,11.221,536.224,0.645
170.460,EMBER,tourer,0,0,23.039,24.000,0.493,0.000,4,0,0,318.350,15.013,517.333,1.611
170.460,GOLD,moto,1,2,24.592,23.898,0.000,0.195,4,0,0,381.686,77.700,182.460,2.878
170.460,BLUE,atv,1,1,23.391,24.000,0.304,0.000,4,0,0,317.936,61.286,341.125,1.758
170.720,YOU reference pilot,original,0,0,21.056,24.000,1.000,0.000,4,0,0,319.795,12.219,531.062,0.759
170.720,EMBER,tourer,1,1,23.224,24.000,0.392,0.000,4,0,0,317.819,16.267,511.471,1.905
170.720,GOLD,moto,1,2,24.824,25.841,0.574,0.000,4,0,0,387.615,76.908,180.176,2.606
170.720,BLUE,atv,1,1,23.392,24.000,0.304,0.000,4,0,0,318.054,62.861,335.252,1.756
171.000,YOU reference pilot,original,0,0,22.516,24.000,0.779,0.000,4,0,0,319.209,13.412,525.077,1.083
171.000,EMBER,tourer,1,1,23.282,24.000,0.360,0.000,4,0,0,317.428,17.666,505.123,2.066
171.000,GOLD,moto,1,2,26.850,34.363,1.000,0.000,4,0,0,394.032,76.414,177.079,2.100
171.000,BLUE,atv,1,1,23.393,24.000,0.303,0.000,4,0,0,318.196,64.548,328.924,1.759
171.260,YOU reference pilot,original,0,0,23.022,24.000,0.503,0.000,4,0,0,319.123,14.604,519.263,1.004
171.260,EMBER,tourer,1,1,23.291,24.000,0.354,0.000,4,0,0,317.214,19.007,499.225,2.101
171.260,GOLD,moto,1,2,29.197,31.749,1.000,0.000,4,0,0,400.219,76.358,173.212,1.343
171.260,BLUE,atv,1,1,23.396,24.000,0.302,0.000,4,0,0,318.351,66.100,323.044,1.765
171.520,YOU reference pilot,original,0,0,23.227,24.000,0.391,0.000,4,0,0,319.531,15.840,513.389,0.656
171.520,EMBER,tourer,1,1,23.285,24.000,0.357,0.000,4,0,0,317.114,20.385,493.332,2.073
171.520,GOLD,moto,1,2,28.672,28.900,0.111,0.000,4,0,0,406.104,76.765,168.566,0.650
171.520,BLUE,atv,1,1,23.401,24.000,0.300,0.000,4,0,0,318.539,67.636,317.160,1.773
171.800,YOU reference pilot,original,1,1,23.304,24.000,0.349,0.000,4,0,0,320.207,17.214,507.056,0.981
171.800,EMBER,tourer,1,1,23.272,24.000,0.363,0.000,4,0,0,317.094,21.915,486.998,2.018
171.800,GOLD,moto,1,2,26.152,25.737,0.000,0.128,4,0,0,411.546,77.533,163.250,0.471
171.800,BLUE,atv,1,1,23.407,24.000,0.297,0.000,4,0,0,318.788,69.265,310.816,1.782
172.060,YOU reference pilot,original,1,1,23.313,24.000,0.344,0.000,4,0,0,320.806,18.533,501.173,1.659
172.060,EMBER,tourer,1,1,23.257,24.000,0.371,0.000,4,0,0,317.121,23.377,481.132,1.980
172.060,GOLD,moto,1,2,23.687,24.000,0.036,0.000,4,0,0,415.743,78.373,158.425,0.581
172.060,BLUE,atv,1,1,23.415,24.000,0.293,0.000,4,0,0,319.075,70.747,304.918,1.790
172.320,YOU reference pilot,original,1,1,23.299,24.000,0.349,0.000,4,0,0,321.254,19.901,495.288,2.221
172.320,EMBER,tourer,1,1,23.238,24.000,0.380,0.000,4,0,0,317.161,24.891,475.283,1.924
172.320,GOLD,moto,1,2,23.683,24.000,0.158,0.000,4,0,0,419.511,79.263,153.640,0.828
172.320,BLUE,atv,1,1,23.424,24.000,0.288,0.000,4,0,0,319.426,72.193,299.012,1.797
172.600,YOU reference pilot,original,1,1,23.023,24.000,0.499,0.000,4,0,0,321.354,21.416,488.987,2.413
172.600,EMBER,tourer,1,1,23.220,24.000,0.389,0.000,4,0,0,317.193,26.561,468.999,1.863
172.600,GOLD,moto,1,2,23.665,24.000,0.167,0.000,4,0,0,423.425,80.257,148.387,1.147
172.600,BLUE,atv,1,1,23.437,24.000,0.282,0.000,4,0,0,319.893,73.702,292.642,1.803
172.860,YOU reference pilot,original,1,1,23.145,24.000,0.433,0.000,4,0,0,320.787,22.860,483.188,1.898
172.860,EMBER,tourer,1,1,23.206,24.000,0.396,0.000,4,0,0,317.201,28.132,463.174,1.817
172.860,GOLD,moto,1,2,23.652,24.000,0.174,0.000,4,0,0,426.998,81.203,143.473,1.415
172.860,BLUE,atv,1,2,23.452,24.000,0.275,0.000,4,0,0,320.426,75.046,286.718,1.809
173.120,YOU reference pilot,original,1,1,23.197,24.000,0.401,0.000,4,0,0,319.904,24.335,477.411,1.116
173.120,EMBER,tourer,1,1,23.196,24.000,0.402,0.000,4,0,0,317.186,29.720,457.356,1.789
173.120,GOLD,moto,1,2,23.645,24.000,0.177,0.000,4,0,0,430.544,82.151,138.540,1.616
173.120,BLUE,atv,1,2,23.469,24.000,0.266,0.000,4,0,0,321.075,76.326,280.786,1.817
173.400,YOU reference pilot,original,1,1,23.172,24.000,0.416,0.000,4,0,0,319.383,25.979,471.154,0.768
173.400,EMBER,tourer,1,1,23.187,24.000,0.406,0.000,4,0,0,317.147,31.445,451.096,1.777
173.400,GOLD,moto,1,2,25.407,34.464,1.000,0.000,4,0,0,434.447,83.176,133.046,1.750
173.400,BLUE,atv,1,2,23.494,24.000,0.254,0.000,4,0,0,321.928,77.613,274.390,1.830
173.660,YOU reference pilot,original,1,1,23.182,24.000,0.410,0.000,4,0,0,319.430,27.541,465.335,0.823
173.660,EMBER,tourer,1,1,23.181,24.000,0.409,0.000,4,0,0,317.098,33.056,445.289,1.780
173.660,GOLD,moto,1,2,27.549,32.801,1.000,0.000,4,0,0,438.357,84.162,127.433,1.807
173.660,BLUE,atv,1,2,23.970,41.041,1.000,0.000,4,0,0,322.875,78.699,268.426,1.878
173.920,YOU reference pilot,original,1,1,23.198,24.000,0.401,0.000,4,0,0,319.783,29.120,459.527,1.117
173.920,EMBER,tourer,1,1,23.177,24.000,0.411,0.000,4,0,0,317.044,34.673,439.484,1.789
173.920,GOLD,moto,1,2,28.957,30.052,0.584,0.000,4,0,0,442.463,85.120,121.330,1.810
173.920,BLUE,atv,1,2,25.868,38.419,1.000,0.000,4,0,0,324.037,79.714,262.105,1.920
174.200,YOU reference pilot,original,1,1,23.202,24.000,0.399,0.000,4,0,0,320.272,30.834,453.281,1.589
174.200,EMBER,tourer,1,1,23.173,24.000,0.413,0.000,4,0,0,316.987,36.420,433.235,1.803
174.200,GOLD,moto,1,2,27.877,28.578,0.371,0.000,4,0,0,446.710,85.967,114.643,1.786
174.200,BLUE,atv,1,2,27.800,37.596,1.000,0.000,4,0,0,325.580,80.711,254.789,1.940
174.460,YOU reference pilot,original,1,1,23.197,24.000,0.401,0.000,4,0,0,320.679,32.438,447.482,2.014
174.460,EMBER,tourer,1,1,23.172,24.000,0.414,0.000,4,0,0,316.941,38.043,427.434,1.815
174.460,GOLD,moto,1,3,26.922,27.058,0.062,0.000,2,0,0,450.302,86.475,108.513,1.762
174.460,BLUE,atv,1,2,29.506,35.223,1.000,0.000,4,0,0,327.326,81.495,247.562,1.942
174.720,YOU reference pilot,original,1,1,23.150,24.000,0.423,0.000,4,0,0,320.913,34.053,441.679,2.281
174.720,EMBER,tourer,1,1,23.171,24.000,0.415,0.000,4,0,0,316.906,39.666,421.632,1.825
174.720,GOLD,moto,1,3,28.059,28.900,0.458,0.000,2,0,0,453.666,86.627,102.188,1.720
174.720,BLUE,atv,1,2,31.040,32.678,0.871,0.000,4,0,0,329.432,82.117,239.968,1.944
175.000,YOU reference pilot,original,1,1,23.127,24.000,0.440,0.000,4,0,0,320.548,35.793,435.450,1.976
175.000,EMBER,tourer,1,1,23.171,24.000,0.415,0.000,4,0,0,316.884,41.411,415.383,1.833
175.000,GOLD,moto,1,3,25.983,25.737,0.000,0.000,4,0,0,456.897,86.287,95.345,1.634
175.000,BLUE,atv,1,2,29.751,29.917,0.000,0.000,4,0,0,332.072,82.556,231.818,1.954
175.260,YOU reference pilot,original,1,1,23.156,24.000,0.422,0.000,4,0,0,319.837,37.406,429.694,1.358
175.260,EMBER,tourer,1,1,23.172,24.000,0.414,0.000,4,0,0,316.878,43.027,409.579,1.837
175.260,GOLD,moto,1,3,24.240,24.000,0.000,0.000,4,0,0,459.357,85.642,89.364,1.569
175.260,BLUE,atv,1,2,27.623,26.874,0.000,0.222,4,0,0,334.742,82.743,224.830,1.954
175.520,YOU reference pilot,original,1,1,23.141,24.000,0.430,0.000,4,0,0,319.443,39.026,423.910,1.053
175.520,EMBER,tourer,1,1,23.174,24.000,0.413,0.000,4,0,0,316.889,44.637,403.773,1.840
175.520,GOLD,moto,1,3,23.761,24.000,0.144,0.000,4,0,0,461.426,84.774,83.573,1.525
175.520,BLUE,atv,1,2,25.094,25.339,0.127,0.000,4,0,0,337.527,82.783,218.606,1.951
175.800,YOU reference pilot,original,1,1,23.158,24.000,0.422,0.000,4,0,0,319.487,40.772,417.667,1.104
175.800,EMBER,tourer,1,1,23.177,24.000,0.412,0.000,4,0,0,316.920,46.360,397.516,1.841
175.800,GOLD,moto,1,3,23.875,24.000,0.083,0.000,4,0,0,463.365,83.627,77.281,1.489
175.800,BLUE,atv,1,2,21.890,19.676,0.000,0.642,4,0,0,340.569,82.736,212.790,1.940
176.060,YOU reference pilot,original,1,1,23.176,24.000,0.413,0.000,4,0,0,319.796,42.390,411.873,1.371
176.060,EMBER,tourer,1,1,23.180,24.000,0.410,0.000,4,0,0,316.970,47.949,391.703,1.843
176.060,GOLD,moto,1,3,23.788,24.000,0.134,0.000,4,0,0,464.923,82.455,71.395,1.470
176.060,BLUE,atv,1,2,20.344,19.706,0.000,0.186,4,0,0,343.413,82.653,208.116,1.918
176.320,YOU reference pilot,original,1,1,23.186,24.000,0.407,0.000,4,0,0,320.197,44.001,406.078,1.727
176.320,EMBER,tourer,1,1,23.186,24.000,0.407,0.000,4,0,0,317.042,49.523,385.884,1.844
176.320,GOLD,moto,1,3,23.931,24.000,0.054,0.000,4,0,0,466.279,81.250,65.463,1.463
176.320,BLUE,atv,1,2,19.052,20.160,0.621,0.000,4,0,0,346.350,82.561,203.967,1.851
176.600,YOU reference pilot,original,1,1,23.190,24.000,0.405,0.000,4,0,0,320.607,45.730,399.833,2.089
176.600,EMBER,tourer,1,1,23.192,24.000,0.404,0.000,4,0,0,317.147,51.199,379.610,1.848
176.600,GOLD,moto,1,3,24.296,36.791,1.000,0.000,4,0,0,467.548,80.003,59.018,1.471
176.600,BLUE,atv,1,2,19.914,20.200,0.158,0.000,4,0,0,349.874,82.460,199.815,1.705
176.860,YOU reference pilot,original,1,1,23.166,24.000,0.417,0.000,4,0,0,320.869,47.326,394.025,2.298
176.860,EMBER,tourer,1,1,23.200,24.000,0.400,0.000,4,0,0,317.264,52.733,373.778,1.863
176.860,GOLD,moto,1,3,27.315,34.363,1.000,0.000,4,0,0,468.671,78.887,52.466,1.489
176.860,BLUE,atv,1,2,22.306,25.737,1.000,0.000,4,0,0,353.859,82.241,196.013,1.802
177.120,YOU reference pilot,original,1,1,23.142,24.000,0.432,0.000,4,0,0,320.651,48.906,388.220,2.030
177.120,EMBER,tourer,1,1,23.206,24.000,0.397,0.000,4,0,0,317.392,54.255,367.941,1.866
177.120,GOLD,moto,1,3,30.002,31.749,0.968,0.000,4,0,0,469.794,77.929,45.144,1.504
177.120,BLUE,atv,1,2,23.589,24.000,0.232,0.000,4,0,0,358.656,81.620,192.404,2.106
177.400,YOU reference pilot,original,1,1,23.176,24.000,0.414,0.000,4,0,0,320.055,50.584,381.980,1.395
177.400,EMBER,tourer,1,1,23.205,24.000,0.397,0.000,4,0,0,317.532,55.920,361.663,1.851
177.400,GOLD,moto,1,3,30.113,28.900,0.000,0.352,4,0,0,470.984,77.394,36.693,1.532
177.400,BLUE,atv,1,2,23.820,24.000,0.109,0.000,4,0,0,364.380,80.666,189.122,2.533
177.660,YOU reference pilot,original,1,1,23.170,24.000,0.416,0.000,4,0,0,319.831,52.127,376.158,1.106
177.660,EMBER,tourer,1,1,23.201,24.000,0.399,0.000,4,0,0,317.656,57.484,355.838,1.832
177.660,GOLD,moto,1,3,27.253,25.737,0.000,0.443,4,0,0,471.860,77.479,29.273,1.607
177.660,BLUE,atv,1,2,23.805,24.000,0.119,0.000,4,0,0,369.983,79.692,186.649,2.844
177.920,YOU reference pilot,original,1,1,23.192,24.000,0.405,0.000,4,0,0,320.010,53.650,370.328,1.133
177.920,EMBER,tourer,1,1,23.198,24.000,0.401,0.000,4,0,0,317.772,59.050,350.015,1.816
177.920,GOLD,moto,1,3,25.027,24.000,0.000,0.304,4,0,0,472.399,78.005,22.555,1.486
177.920,BLUE,atv,1,2,25.009,26.600,0.890,0.000,4,0,0,375.879,78.651,184.489,2.960
178.200,YOU reference pilot,original,1,1,23.212,24.000,0.394,0.000,4,0,0,320.466,55.296,364.060,1.403
178.200,EMBER,tourer,1,1,23.196,24.000,0.402,0.000,4,0,0,317.892,60.737,343.744,1.805
178.200,GOLD,moto,1,3,23.733,24.000,0.132,0.000,4,0,0,472.589,78.841,15.883,1.344
178.200,BLUE,atv,1,2,24.075,23.139,0.000,0.265,4,0,0,382.305,77.609,182.247,2.852
178.460,YOU reference pilot,original,1,1,23.217,24.000,0.392,0.000,4,0,0,320.963,56.851,358.249,1.760
178.460,EMBER,tourer,1,1,23.196,24.000,0.402,0.000,4,0,0,318.003,62.302,337.920,1.803
178.460,GOLD,moto,1,3,23.688,24.000,0.154,0.000,4,0,0,472.472,79.822,9.806,1.278
178.460,BLUE,atv,1,2,23.791,22.734,0.000,0.302,4,0,0,388.026,76.871,180.007,2.571
178.720,YOU reference pilot,original,1,1,23.214,24.000,0.393,0.000,4,0,0,321.421,58.414,352.438,2.098
178.720,EMBER,tourer,1,1,23.197,24.000,0.402,0.000,4,0,0,318.121,63.859,332.094,1.807
178.720,GOLD,moto,1,3,23.640,24.000,0.178,0.000,4,0,0,472.157,80.941,3.770,1.285
178.720,BLUE,atv,1,2,23.684,0.000,0.000,1.000,4,0,0,393.708,76.394,177.244,2.137
179.000,YOU reference pilot,original,1,1,23.165,24.000,0.420,0.000,4,0,0,321.688,60.102,346.171,2.252
179.000,EMBER,tourer,1,1,23.200,24.000,0.400,0.000,4,0,0,318.268,65.524,325.817,1.817
179.000,GOLD,moto,1,3,23.602,24.000,0.198,0.000,4,0,0,471.705,82.218,-2.699,1.350
179.000,BLUE,atv,1,2,17.666,31.749,1.000,0.000,4,0,0,398.410,76.322,174.330,1.687
179.260,YOU reference pilot,original,1,1,23.173,24.000,0.415,0.000,4,0,0,321.366,61.663,340.364,1.850
179.260,EMBER,tourer,1,1,23.205,24.000,0.398,0.000,4,0,0,318.433,67.055,319.983,1.828
179.260,GOLD,moto,1,3,23.581,24.000,0.209,0.000,4,0,0,471.279,83.420,-8.697,1.441
179.260,BLUE,atv,1,2,20.484,28.900,1.000,0.000,4,0,0,402.344,76.502,171.271,1.314
179.520,YOU reference pilot,original,1,1,23.177,24.000,0.412,0.000,4,0,0,320.928,63.218,334.557,1.348
179.520,EMBER,tourer,1,1,23.211,24.000,0.395,0.000,4,0,0,318.634,68.567,314.144,1.841
179.520,GOLD,moto,1,3,23.574,24.000,0.213,0.000,4,0,0,470.934,84.596,-14.704,1.545
179.520,BLUE,atv,1,2,22.972,28.900,1.000,0.000,4,0,0,406.536,76.868,167.469,1.064
179.800,YOU reference pilot,original,1,1,23.179,24.000,0.412,0.000,4,0,0,320.876,64.890,328.285,1.180
179.800,EMBER,tourer,1,1,23.220,24.000,0.390,0.000,4,0,0,318.903,70.166,307.847,1.854
179.800,GOLD,moto,1,3,24.101,31.453,1.000,0.000,4,0,0,470.746,85.787,-21.219,1.655
179.800,BLUE,atv,1,2,24.809,25.737,0.497,0.000,4,0,0,411.205,77.572,162.654,1.009
180.100,YOU reference pilot,original,1,1,23.201,24.000,0.401,0.000,4,0,0,321.256,66.665,321.568,1.342
180.100,EMBER,tourer,1,1,23.233,24.000,0.384,0.000,4,0,0,319.266,71.839,301.091,1.868
180.100,GOLD,moto,1,3,26.597,32.389,1.000,0.000,4,0,0,470.878,86.994,-28.762,1.781
180.100,BLUE,atv,1,2,23.684,24.000,0.156,0.000,4,0,0,415.951,78.529,157.239,1.119
180.360,YOU reference pilot,original,1,1,23.217,24.000,0.392,0.000,4,0,0,321.781,68.185,315.750,1.631
180.360,EMBER,tourer,1,1,23.247,24.000,0.377,0.000,4,0,0,319.659,73.246,295.225,1.880
180.360,GOLD,moto,1,3,28.588,33.912,1.000,0.000,2,0,0,471.436,87.909,-35.890,1.902
180.360,BLUE,atv,1,2,23.650,24.000,0.174,0.000,4,0,0,419.804,79.420,152.530,1.271
180.620,YOU reference pilot,original,1,1,23.229,24.000,0.386,0.000,4,0,0,322.365,69.683,309.929,1.946
180.620,EMBER,tourer,1,1,23.264,24.000,0.369,0.000,4,0,0,320.137,74.604,289.349,1.891
180.620,GOLD,moto,1,3,30.583,39.944,1.000,0.000,4,0,0,472.582,88.490,-43.513,2.043
180.620,BLUE,atv,1,2,23.625,24.000,0.187,0.000,4,0,0,423.555,80.347,147.754,1.426
180.880,YOU reference pilot,original,1,1,23.240,24.000,0.380,0.000,4,0,0,322.944,71.155,304.097,2.210
180.880,EMBER,tourer,1,2,23.285,24.000,0.359,0.000,4,0,0,320.720,75.903,283.464,1.904
180.880,GOLD,moto,1,3,32.511,43.267,1.000,0.000,4,0,0,474.440,88.747,-51.530,2.248
180.880,BLUE,atv,1,2,23.609,24.000,0.195,0.000,4,0,0,427.233,81.294,142.931,1.558
181.160,YOU reference pilot,original,1,1,23.253,24.000,0.374,0.000,4,0,0,323.540,72.702,297.800,2.399
181.160,EMBER,tourer,1,2,23.313,24.000,0.345,0.000,4,0,0,321.489,77.221,277.116,1.922
181.160,GOLD,moto,1,3,34.467,41.221,1.000,0.000,4,0,0,477.292,88.907,-60.488,2.431
181.160,BLUE,atv,1,2,23.602,24.000,0.199,0.000,4,0,0,431.129,82.311,137.691,1.661
181.420,YOU reference pilot,original,1,1,23.269,24.000,0.366,0.000,4,0,0,324.083,74.096,291.937,2.486
181.420,EMBER,tourer,1,2,23.346,24.000,0.328,0.000,4,0,0,322.351,78.347,271.212,1.955
181.420,GOLD,moto,1,3,36.152,39.069,1.000,0.000,4,0,0,480.701,89.131,-69.032,2.533
181.420,BLUE,atv,1,2,25.279,34.466,1.000,0.000,4,0,0,434.804,83.259,132.612,1.718
181.700,YOU reference pilot,original,1,2,23.289,24.000,0.357,0.000,4,0,0,324.699,75.535,285.606,2.502
181.700,EMBER,tourer,1,2,24.483,38.188,1.000,0.000,4,0,0,323.470,79.447,264.716,2.013
181.700,GOLD,moto,1,3,36.476,36.791,0.161,0.000,4,0,0,485.013,89.249,-78.294,2.528
181.700,BLUE,atv,1,2,27.263,31.858,1.000,0.000,4,0,0,438.994,84.301,126.624,1.745
181.960,YOU reference pilot,original,1,2,23.312,24.000,0.345,0.000,4,0,0,325.347,76.803,279.714,2.469
181.960,EMBER,tourer,1,2,25.776,35.199,1.000,0.000,4,0,0,324.735,80.382,258.352,2.039
181.960,GOLD,moto,1,3,34.458,34.363,0.000,0.000,4,0,0,489.228,89.145,-86.498,2.433
181.960,BLUE,atv,1,2,28.768,30.052,0.680,0.000,4,0,0,443.028,85.228,120.588,1.745
182.220,YOU reference pilot,original,1,2,23.320,24.000,0.341,0.000,4,0,0,325.902,77.987,273.788,2.203
182.220,EMBER,tourer,1,2,27.034,33.736,1.000,0.000,4,0,0,326.238,81.197,251.680,2.043
182.220,GOLD,moto,1,3,31.891,31.749,0.000,0.000,4,0,0,493.295,88.837,-94.011,2.296
182.220,BLUE,atv,1,2,28.127,28.578,0.229,0.000,4,0,0,446.920,85.992,114.399,1.734
182.500,YOU reference pilot,original,1,2,24.082,38.178,1.000,0.000,4,0,0,326.125,79.132,267.290,1.395
182.500,EMBER,tourer,1,2,28.354,31.377,1.000,0.000,4,0,0,328.160,81.919,244.178,2.044
182.500,GOLD,moto,1,3,28.857,25.737,0.000,0.902,4,0,0,497.358,88.300,-101.368,2.144
182.500,BLUE,atv,1,3,26.967,27.770,0.427,0.000,2,0,0,450.710,86.510,107.851,1.725
182.760,YOU reference pilot,original,1,2,25.413,36.360,1.000,0.000,4,0,0,326.241,80.090,260.904,0.723
182.760,EMBER,tourer,1,2,28.602,28.043,0.000,0.166,4,0,0,330.259,82.425,237.013,2.060
182.760,GOLD,moto,1,3,26.243,25.737,0.000,0.144,4,0,0,500.737,87.647,-107.514,2.022
182.760,BLUE,atv,1,3,28.064,28.900,0.450,0.000,2,0,0,454.038,86.613,101.484,1.694
183.020,YOU reference pilot,original,1,2,26.659,34.182,1.000,0.000,4,0,0,326.608,80.942,254.175,1.221
183.020,EMBER,tourer,1,2,26.921,26.357,0.000,0.166,4,0,0,332.565,82.734,230.163,2.084
183.020,GOLD,moto,1,4,24.453,24.000,0.000,0.127,4,0,0,503.810,86.856,-113.225,1.926
183.020,BLUE,atv,1,3,25.968,25.737,0.000,0.000,4,0,0,456.992,86.269,95.146,1.624
183.300,YOU reference pilot,original,1,2,27.930,31.388,1.000,0.000,4,0,0,327.562,81.714,246.606,1.994
183.300,EMBER,tourer,1,2,24.890,22.642,0.000,0.643,4,0,0,335.221,82.885,223.388,2.105
183.300,GOLD,moto,1,4,23.817,24.000,0.113,0.000,4,0,0,506.860,85.847,-119.096,1.850
183.300,BLUE,atv,1,3,23.817,24.000,0.000,0.000,4,0,0,459.591,85.559,88.746,1.566
183.560,YOU reference pilot,original,1,2,28.877,30.389,0.786,0.000,4,0,0,329.133,82.275,239.373,2.419
183.560,EMBER,tourer,1,2,22.421,20.205,0.000,0.633,4,0,0,337.771,82.913,217.796,2.118
183.560,GOLD,moto,1,4,23.917,24.000,0.061,0.000,4,0,0,509.576,84.714,-124.565,1.798
183.560,BLUE,atv,1,3,23.776,24.000,0.134,0.000,4,0,0,461.627,84.664,82.949,1.525
183.820,YOU reference pilot,original,1,2,27.863,27.746,0.000,0.000,4,0,0,331.673,82.654,232.382,2.171
183.820,EMBER,tourer,1,2,19.854,17.816,0.000,0.581,4,0,0,340.313,82.876,212.945,2.120
183.820,GOLD,moto,1,4,23.898,24.000,0.076,0.000,4,0,0,512.166,83.364,-130.041,1.739
183.820,BLUE,atv,1,3,23.827,24.000,0.108,0.000,4,0,0,463.408,83.594,77.102,1.495
184.080,YOU reference pilot,original,1,2,26.152,26.515,0.183,0.000,4,0,0,334.930,82.846,226.214,1.368
184.080,EMBER,tourer,1,2,18.289,17.626,0.000,0.191,4,0,0,342.851,82.809,208.705,2.109
184.080,GOLD,moto,1,4,23.949,24.000,0.053,0.000,2,0,0,514.642,81.754,-135.514,1.658
184.080,BLUE,atv,1,3,23.921,24.000,0.058,0.000,4,0,0,464.960,82.416,71.211,1.476
184.360,YOU reference pilot,original,1,2,23.456,22.390,0.000,0.306,4,0,0,338.697,82.914,220.425,0.692
184.360,EMBER,tourer,1,2,17.115,17.501,0.210,0.000,4,0,0,345.609,82.726,204.687,2.068
184.360,GOLD,moto,1,4,23.961,24.000,0.051,0.000,4,0,0,517.312,79.673,-141.293,1.514
184.360,BLUE,atv,1,3,23.880,24.000,0.081,0.000,4,0,0,466.406,81.121,64.826,1.469
184.620,YOU reference pilot,original,1,2,20.972,19.554,0.000,0.405,4,0,0,342.082,82.895,215.733,1.112
184.620,EMBER,tourer,1,2,17.438,17.166,0.000,0.000,4,0,0,348.422,82.647,201.165,1.960
184.620,GOLD,moto,1,4,23.780,24.000,0.035,0.000,4,0,0,520.165,77.474,-146.356,0.991
184.620,BLUE,atv,1,3,24.539,36.791,1.000,0.000,4,0,0,467.578,79.968,58.823,1.478
184.880,YOU reference pilot,original,1,2,19.336,19.643,0.165,0.000,4,0,0,345.208,82.831,211.622,1.680
184.880,EMBER,tourer,1,2,18.998,22.218,1.000,0.000,4,0,0,351.694,82.514,197.704,1.952
184.880,GOLD,moto,1,4,23.909,24.000,0.088,0.000,4,0,0,523.237,75.090,-151.210,0.626
184.880,BLUE,atv,1,3,27.232,34.363,1.000,0.000,4,0,0,468.702,78.855,52.253,1.493
185.160,YOU reference pilot,original,1,2,17.612,17.862,0.135,0.000,4,0,0,348.393,82.743,207.620,2.115
185.160,EMBER,tourer,1,2,21.175,24.000,1.000,0.000,4,0,0,355.978,82.108,194.034,2.164
185.160,GOLD,moto,1,4,23.979,24.000,0.050,0.000,4,0,0,526.502,72.330,-156.363,1.223
185.160,BLUE,atv,1,3,27.729,0.000,0.000,1.000,4,0,0,469.883,77.835,44.480,1.506
185.420,YOU reference pilot,original,1,2,17.938,19.120,0.649,0.000,4,0,0,351.202,82.656,204.016,2.199
185.420,EMBER,tourer,1,2,22.945,24.000,0.575,0.000,4,0,0,360.753,81.415,190.827,2.527
185.420,GOLD,moto,1,4,23.914,24.000,0.088,0.000,4,0,0,529.113,69.616,-161.309,1.622
185.420,BLUE,atv,1,3,20.870,0.000,0.000,1.000,4,0,0,470.719,77.415,38.314,1.560
185.700,YOU reference pilot,original,1,2,19.479,22.676,1.000,0.000,4,0,0,354.300,82.500,199.817,1.654
185.700,EMBER,tourer,1,2,23.734,24.000,0.154,0.000,4,0,0,366.532,80.432,187.852,2.937
185.700,GOLD,moto,1,4,23.802,24.000,0.034,0.000,4,0,0,531.160,66.588,-166.915,1.327
185.700,BLUE,atv,1,3,20.244,28.900,1.000,0.000,4,0,0,471.335,77.393,32.947,1.703
185.960,YOU reference pilot,original,1,2,21.630,24.000,1.000,0.000,4,0,0,357.689,82.058,195.659,0.794
185.960,EMBER,tourer,1,2,23.873,23.214,0.000,0.181,4,0,0,372.215,79.429,185.579,3.144
185.960,GOLD,moto,1,4,23.913,24.000,0.094,0.000,4,0,0,532.636,63.721,-172.229,0.743
185.960,BLUE,atv,1,3,22.878,25.737,1.000,0.000,4,0,0,471.840,77.574,27.345,1.785
186.220,YOU reference pilot,original,1,2,23.022,24.000,0.523,0.000,4,0,0,361.917,81.300,191.648,1.377
186.220,EMBER,tourer,1,2,22.975,22.508,0.000,0.127,4,0,0,377.918,78.452,183.647,3.105
186.220,GOLD,moto,1,4,23.779,24.000,0.047,0.000,4,0,0,534.250,60.800,-177.468,0.543
186.220,BLUE,atv,1,3,17.975,24.000,1.000,0.000,4,0,0,472.144,78.020,22.353,1.739
186.480,YOU reference pilot,original,1,2,23.481,24.000,0.275,0.000,4,0,0,367.071,80.382,188.556,2.118
186.480,EMBER,tourer,1,2,21.955,23.479,0.836,0.000,4,0,0,383.333,77.632,181.859,2.852
186.480,GOLD,moto,1,4,23.916,24.000,0.093,0.000,4,0,0,536.389,57.843,-182.494,0.531
186.480,BLUE,atv,1,3,20.553,24.000,1.000,0.000,4,0,0,472.273,78.676,17.364,1.674
186.760,YOU reference pilot,original,1,2,23.559,23.625,0.000,0.000,4,0,0,373.283,79.308,186.453,2.013
186.760,EMBER,tourer,1,2,21.165,23.719,1.000,0.000,4,0,0,388.877,76.977,179.782,2.422
186.760,GOLD,moto,1,4,23.956,24.000,0.072,0.000,4,0,0,539.049,54.664,-187.745,0.751
186.760,BLUE,atv,1,3,22.778,24.000,0.659,0.000,4,0,0,472.237,79.586,11.322,1.566
187.020,YOU reference pilot,original,1,2,22.658,21.839,0.000,0.227,4,0,0,379.113,78.355,185.211,1.324
187.020,EMBER,tourer,1,2,23.045,32.399,1.000,0.000,4,0,0,394.063,76.588,177.337,1.913
187.020,GOLD,moto,1,4,23.881,24.000,0.111,0.000,4,0,0,541.524,51.739,-192.627,1.175
187.020,BLUE,atv,1,3,23.388,24.000,0.317,0.000,4,0,0,472.035,80.637,5.397,1.488
187.300,YOU reference pilot,original,1,2,21.924,20.488,0.000,0.403,4,0,0,385.162,77.515,184.008,0.597
187.300,EMBER,tourer,1,2,24.943,30.984,1.000,0.000,4,0,0,399.798,76.484,173.818,1.230
187.300,GOLD,moto,1,4,23.815,24.000,0.028,0.000,4,0,0,543.612,48.636,-198.171,1.141
187.300,BLUE,atv,1,3,23.513,24.000,0.245,0.000,4,0,0,471.688,81.890,-1.042,1.460
187.560,YOU reference pilot,original,1,2,21.735,24.208,1.000,0.000,4,0,0,390.508,76.947,182.365,0.890
187.560,EMBER,tourer,1,2,26.452,28.397,1.000,0.000,4,0,0,405.043,76.770,169.679,0.700
187.560,GOLD,moto,1,4,23.934,24.000,0.081,0.000,4,0,0,545.040,45.849,-203.529,0.695
187.560,BLUE,atv,1,3,23.525,24.000,0.238,0.000,4,0,0,471.323,83.088,-7.026,1.480
187.820,YOU reference pilot,original,1,2,23.418,33.068,1.000,0.000,4,0,0,395.680,76.583,179.606,1.094
187.820,EMBER,tourer,1,2,25.989,25.550,0.000,0.133,4,0,0,409.978,77.421,164.914,0.598
187.820,GOLD,moto,1,4,23.791,24.000,0.038,0.000,4,0,0,546.373,43.183,-208.967,0.441
187.820,BLUE,atv,1,3,23.522,24.000,0.239,0.000,4,0,0,470.998,84.272,-13.018,1.534
188.080,YOU reference pilot,original,1,2,25.142,30.984,1.000,0.000,4,0,0,400.651,76.479,175.703,0.997
188.080,EMBER,tourer,1,2,24.492,24.000,0.000,0.149,4,0,0,414.271,78.243,160.085,0.703
188.080,GOLD,moto,1,4,23.815,24.000,0.022,0.000,4,0,0,548.161,40.676,-214.348,0.404
188.080,BLUE,atv,1,3,23.527,24.000,0.237,0.000,4,0,0,470.793,85.399,-19.029,1.609
188.360,YOU reference pilot,original,1,2,26.854,28.397,0.817,0.000,4,0,0,405.957,76.757,170.709,1.003
188.360,EMBER,tourer,1,2,23.617,24.000,0.187,0.000,4,0,0,418.377,79.169,154.949,0.930
188.360,GOLD,moto,1,4,23.844,24.000,0.121,0.000,4,0,0,550.480,38.310,-220.128,0.567
188.360,BLUE,atv,1,3,25.298,31.620,1.000,0.000,4,0,0,470.800,86.537,-25.758,1.702
188.620,YOU reference pilot,original,1,2,26.141,25.550,0.000,0.175,4,0,0,410.991,77.405,165.952,1.277
188.620,EMBER,tourer,1,2,23.543,24.000,0.227,0.000,4,0,0,422.022,80.072,150.110,1.208
188.620,GOLD,moto,1,4,23.916,24.000,0.076,0.000,4,0,0,552.730,36.437,-225.589,1.104
188.620,BLUE,atv,1,3,27.103,30.403,1.000,0.000,4,0,0,471.143,87.504,-32.520,1.816
188.880,YOU reference pilot,original,1,2,24.532,24.000,0.000,0.160,4,0,0,415.688,78.231,161.472,1.693
188.880,EMBER,tourer,1,2,23.503,24.000,0.247,0.000,4,0,0,425.597,81.005,145.240,1.474
188.880,GOLD,moto,1,4,23.826,24.000,0.120,0.000,4,0,0,554.615,34.725,-231.232,1.344
188.880,BLUE,atv,1,3,28.840,36.703,1.000,0.000,2,0,0,471.967,88.257,-39.738,1.945
189.160,YOU reference pilot,original,1,2,23.549,24.000,0.223,0.000,4,0,0,420.270,79.152,156.752,2.010
189.160,EMBER,tourer,1,2,23.482,24.000,0.259,0.000,4,0,0,429.416,82.019,139.982,1.689
189.160,GOLD,moto,1,4,23.945,24.000,0.053,0.000,4,0,0,555.927,33.110,-237.575,0.963
189.160,BLUE,atv,1,3,30.686,37.073,1.000,0.000,4,0,0,473.550,88.667,-47.945,2.134
189.420,YOU reference pilot,original,1,2,23.456,24.000,0.272,0.000,4,0,0,423.971,80.042,151.977,1.775
189.420,EMBER,tourer,1,2,24.015,35.633,1.000,0.000,4,0,0,432.963,82.950,135.061,1.805
189.420,GOLD,moto,1,4,23.745,24.000,0.040,0.000,4,0,0,556.741,31.871,-243.584,0.441
189.420,BLUE,atv,1,3,32.325,43.267,1.000,0.000,4,0,0,475.747,88.808,-55.862,2.317
189.700,YOU reference pilot,original,1,2,23.473,24.000,0.264,0.000,4,0,0,427.433,81.031,146.484,1.089
189.700,EMBER,tourer,1,2,25.456,33.408,1.000,0.000,4,0,0,436.943,83.959,129.460,1.852
189.700,GOLD,moto,1,4,27.051,38.828,1.000,0.000,4,0,0,557.928,30.699,-250.529,0.398
189.700,BLUE,atv,1,3,33.966,41.221,1.000,0.000,4,0,0,478.894,89.018,-64.611,2.460
189.960,YOU reference pilot,original,1,2,23.479,24.000,0.261,0.000,4,0,0,430.615,81.961,141.360,0.688
189.960,EMBER,tourer,1,2,26.716,30.879,1.000,0.000,4,0,0,440.775,84.872,123.916,1.839
189.960,GOLD,moto,1,4,21.772,14.518,0.000,1.000,4,0,0,559.353,29.893,-256.767,0.423
189.960,BLUE,atv,1,3,35.355,36.791,0.757,0.000,4,0,0,482.477,89.204,-72.901,2.507
190.220,YOU reference pilot,original,1,2,23.924,32.176,1.000,0.000,4,0,0,433.812,82.885,136.215,0.729
190.220,EMBER,tourer,1,2,27.620,28.283,0.336,0.000,4,0,0,444.662,85.702,118.039,1.790
190.220,GOLD,moto,1,4,24.149,35.737,1.000,0.000,4,0,0,560.718,29.340,-262.483,0.829
190.220,BLUE,atv,1,3,35.512,34.363,0.000,0.336,4,0,0,486.543,89.230,-81.247,2.458
190.500,YOU reference pilot,original,1,2,25.402,31.570,1.000,0.000,4,0,0,437.338,83.889,130.340,1.120
190.500,EMBER,tourer,1,2,26.840,26.891,0.000,0.000,4,0,0,448.673,86.390,111.559,1.730
190.500,GOLD,moto,1,4,27.128,36.605,1.000,0.000,4,0,0,562.134,28.760,-269.535,1.506
190.500,BLUE,atv,1,3,32.870,31.749,0.000,0.327,4,0,0,491.007,89.035,-89.740,2.341
190.760,YOU reference pilot,original,1,2,26.683,30.879,1.000,0.000,4,0,0,440.767,84.804,124.552,1.521
190.760,EMBER,tourer,1,3,27.116,28.397,0.675,0.000,3,0,0,452.107,86.730,105.488,1.676
190.760,GOLD,moto,1,4,29.490,35.405,1.000,0.000,4,0,0,562.623,28.236,-276.885,1.653
190.760,BLUE,atv,1,3,30.192,28.900,0.000,0.374,4,0,0,494.950,88.648,-96.960,2.209
191.020,YOU reference pilot,original,1,2,27.661,29.242,0.826,0.000,4,0,0,444.351,85.645,118.491,1.811
191.020,EMBER,tourer,1,3,26.745,25.550,0.000,0.341,2,0,0,455.330,86.664,99.144,1.597
191.020,GOLD,moto,1,4,31.719,38.729,1.000,0.000,4,0,0,562.043,27.645,-284.824,1.146
191.020,BLUE,atv,1,3,27.375,25.737,0.000,0.472,4,0,0,498.577,88.088,-103.543,2.083
191.300,YOU reference pilot,original,1,2,27.137,27.494,0.176,0.000,4,0,0,448.199,86.356,111.887,1.956
191.300,EMBER,tourer,1,3,24.928,24.000,0.000,0.262,4,0,0,458.274,86.149,92.546,1.510
191.300,GOLD,moto,1,4,34.041,47.368,1.000,0.000,4,0,0,560.497,26.841,-293.892,0.508
191.300,BLUE,atv,1,4,25.142,24.000,0.000,0.327,4,0,0,502.074,87.327,-109.965,1.971
191.560,YOU reference pilot,original,1,3,27.068,28.397,0.700,0.000,2,0,0,451.593,86.725,105.795,1.961
191.560,EMBER,tourer,1,3,23.707,24.000,0.049,0.000,4,0,0,460.528,85.394,86.690,1.458
191.560,GOLD,moto,1,4,36.040,48.000,1.000,0.000,4,0,0,558.468,26.134,-302.767,0.726
191.560,BLUE,atv,1,4,23.723,24.000,0.043,0.000,4,0,0,505.018,86.483,-115.518,1.891
191.820,YOU reference pilot,original,1,3,26.932,25.550,0.000,0.395,4,0,0,454.861,86.689,99.459,1.862
191.820,EMBER,tourer,1,3,23.890,24.000,0.070,0.000,4,0,0,462.458,84.429,80.870,1.431
191.820,GOLD,moto,1,4,37.863,48.000,1.000,0.000,4,0,0,556.051,25.619,-312.070,1.124
191.820,BLUE,atv,1,4,23.777,24.000,0.136,0.000,4,0,0,507.803,85.478,-120.968,1.831
192.080,YOU reference pilot,original,1,3,25.195,24.000,0.000,0.338,3,0,0,457.709,86.245,93.323,1.717
192.080,EMBER,tourer,1,3,23.909,24.000,0.062,0.000,4,0,0,464.132,83.314,75.000,1.422
192.080,GOLD,moto,1,5,39.508,48.000,1.000,0.000,4,0,0,553.390,25.255,-321.780,1.375
192.080,BLUE,atv,1,4,23.885,24.000,0.079,0.000,4,0,0,510.475,84.274,-126.443,1.782
192.360,YOU reference pilot,original,1,3,23.906,24.000,0.058,0.000,4,0,0,460.257,85.454,87.017,1.588
192.360,EMBER,tourer,1,3,23.791,24.000,0.127,0.000,4,0,0,465.685,82.034,68.635,1.430
192.360,GOLD,moto,1,5,41.089,46.773,1.000,0.000,4,0,0,550.410,25.028,-332.677,1.530
192.360,BLUE,atv,1,4,23.908,24.000,0.071,0.000,3,0,0,513.215,82.722,-132.344,1.707
192.620,YOU reference pilot,original,1,3,23.863,24.000,0.084,0.000,4,0,0,462.264,84.501,81.224,1.506
192.620,EMBER,tourer,1,3,23.870,24.000,0.085,0.000,4,0,0,466.931,80.851,62.681,1.451
192.620,GOLD,moto,1,5,42.388,45.665,1.000,0.000,4,0,0,547.710,24.993,-343.200,1.637
192.620,BLUE,atv,1,4,23.791,24.000,0.022,0.000,4,0,0,515.644,80.986,-137.796,1.645
192.880,YOU reference pilot,original,1,3,23.879,24.000,0.078,0.000,4,0,0,464.001,83.390,75.371,1.452
192.880,EMBER,tourer,1,3,25.066,34.212,1.000,0.000,4,0,0,468.039,79.729,56.588,1.483
192.880,GOLD,moto,1,5,43.342,48.000,1.000,0.000,4,0,0,545.296,25.144,-354.082,1.758
192.880,BLUE,atv,1,4,23.790,24.000,0.028,0.000,4,0,0,517.978,78.945,-143.184,1.644
193.160,YOU reference pilot,original,1,3,23.748,24.000,0.034,0.000,4,0,0,465.601,82.111,69.014,1.428
193.160,EMBER,tourer,1,3,27.248,31.888,1.000,0.000,4,0,0,469.185,78.613,49.423,1.517
193.160,GOLD,moto,1,5,44.421,48.000,1.000,0.000,4,0,0,543.244,25.530,-366.201,1.981
193.160,BLUE,atv,1,4,23.954,24.000,0.060,0.000,4,0,0,520.417,76.475,-148.911,1.679
193.420,YOU reference pilot,original,1,3,23.834,24.000,0.104,0.000,4,0,0,466.873,80.924,63.067,1.433
193.420,EMBER,tourer,1,3,28.864,30.500,0.876,0.000,4,0,0,470.216,77.811,42.238,1.548
193.420,GOLD,moto,1,5,45.191,47.558,1.000,0.000,4,0,0,541.880,26.373,-377.730,2.281
193.420,BLUE,atv,1,4,23.901,24.000,0.093,0.000,4,0,0,522.634,73.984,-154.156,1.721
193.680,YOU reference pilot,original,1,3,25.052,32.932,1.000,0.000,4,0,0,467.993,79.794,56.980,1.460
193.680,EMBER,tourer,1,3,28.291,28.397,0.058,0.000,4,0,0,471.159,77.440,34.815,1.636
193.680,GOLD,moto,1,5,44.573,45.176,0.297,0.000,4,0,0,541.015,27.588,-389.305,2.468
193.680,BLUE,atv,1,4,23.913,24.000,0.089,0.000,4,0,0,524.820,71.337,-159.337,1.755
193.960,YOU reference pilot,original,1,3,27.255,32.496,1.000,0.000,4,0,0,469.144,78.662,49.818,1.496
193.960,EMBER,tourer,1,3,26.413,25.550,0.000,0.249,4,0,0,471.923,77.680,27.184,1.739
193.960,GOLD,moto,1,5,41.690,41.754,0.000,0.000,4,0,0,540.596,29.085,-401.286,2.397
193.960,BLUE,atv,1,4,23.839,24.000,0.012,0.000,4,0,0,527.150,68.362,-164.860,1.781
194.220,YOU reference pilot,original,1,3,29.003,30.815,0.970,0.000,4,0,0,470.177,77.835,42.614,1.532
194.220,EMBER,tourer,1,3,24.485,24.000,0.000,0.145,4,0,0,472.324,78.335,20.650,1.634
194.220,GOLD,moto,1,5,39.002,39.330,0.154,0.000,4,0,0,540.395,30.440,-411.665,2.214
194.220,BLUE,atv,1,4,23.934,24.000,0.080,0.000,4,0,0,529.293,65.512,-169.951,1.793
194.480,YOU reference pilot,original,1,3,28.127,28.397,0.009,0.000,4,0,0,471.120,77.430,35.172,1.621
194.480,EMBER,tourer,1,3,23.655,24.000,0.168,0.000,4,0,0,472.440,79.210,14.545,1.512
194.480,GOLD,moto,1,5,36.243,37.075,0.428,0.000,4,0,0,540.141,31.619,-421.351,2.031
194.480,BLUE,atv,1,4,23.847,24.000,0.011,0.000,4,0,0,531.412,62.603,-175.012,1.794
194.760,YOU reference pilot,original,1,3,26.603,25.550,0.000,0.303,4,0,0,471.877,77.625,27.483,1.751
194.760,EMBER,tourer,1,3,23.539,24.000,0.227,0.000,4,0,0,472.305,80.313,8.044,1.423
194.760,GOLD,moto,1,5,33.126,33.263,0.000,0.000,4,0,0,539.668,32.623,-430.966,1.893
194.760,BLUE,atv,1,4,23.883,24.000,0.111,0.000,4,0,0,533.666,59.429,-180.449,1.788
195.020,YOU reference pilot,original,1,3,24.693,24.000,0.000,0.204,4,0,0,472.457,78.290,20.891,1.499
195.020,EMBER,tourer,1,3,23.462,24.000,0.267,0.000,4,0,0,472.000,81.440,2.054,1.403
195.020,GOLD,moto,1,5,31.335,31.938,0.314,0.000,4,0,0,538.979,33.278,-439.249,1.818
195.020,BLUE,atv,1,4,23.806,24.000,0.035,0.000,4,0,0,535.731,56.462,-185.503,1.777
195.280,YOU reference pilot,original,1,3,23.682,24.000,0.155,0.000,4,0,0,473.228,79.170,14.798,0.835
195.280,EMBER,tourer,1,3,23.412,24.000,0.292,0.000,4,0,0,471.598,82.619,-3.907,1.445
195.280,GOLD,moto,1,5,31.031,31.749,0.383,0.000,4,0,0,538.000,33.604,-447.209,1.742
195.280,BLUE,atv,1,4,23.982,24.000,0.056,0.000,4,0,0,537.762,53.504,-190.571,1.765
195.560,YOU reference pilot,original,1,3,23.562,24.000,0.215,0.000,4,0,0,474.135,80.246,8.346,0.785
195.560,EMBER,tourer,1,3,23.383,24.000,0.308,0.000,4,0,0,471.156,83.895,-10.316,1.543
195.560,GOLD,moto,1,5,30.253,28.900,0.000,0.393,2,0,0,536.577,33.511,-455.804,1.591
195.560,BLUE,atv,1,4,23.795,24.000,0.040,0.000,4,0,0,539.907,50.356,-196.061,1.751
195.820,YOU reference pilot,original,1,3,23.473,24.000,0.261,0.000,4,0,0,474.809,81.344,2.376,1.640
195.820,EMBER,tourer,1,3,23.374,24.000,0.313,0.000,4,0,0,470.830,85.041,-16.279,1.661
195.820,GOLD,moto,1,5,27.585,25.737,0.000,0.534,4,0,0,535.048,33.017,-463.201,1.513
195.820,BLUE,atv,1,4,23.922,24.000,0.088,0.000,4,0,0,541.859,47.491,-201.214,1.739
196.080,YOU reference pilot,original,1,3,23.413,24.000,0.292,0.000,4,0,0,475.204,82.509,-3.590,2.367
196.080,EMBER,tourer,1,3,23.889,28.497,1.000,0.000,4,0,0,470.671,86.113,-22.296,1.789
196.080,GOLD,moto,1,5,25.488,24.000,0.000,0.428,4,0,0,533.432,32.349,-469.860,1.517
196.080,BLUE,atv,1,4,23.806,24.000,0.031,0.000,4,0,0,543.761,44.722,-206.431,1.727
196.360,YOU reference pilot,original,1,3,23.360,24.000,0.320,0.000,4,0,0,475.308,83.794,-10.010,2.812
196.360,EMBER,tourer,1,3,25.273,27.116,0.968,0.000,4,0,0,470.785,87.176,-29.120,1.934
196.360,GOLD,moto,1,5,23.909,24.000,0.059,0.000,4,0,0,531.627,31.449,-476.432,1.545
196.360,BLUE,atv,1,4,23.975,24.000,0.055,0.000,4,0,0,545.748,41.905,-212.152,1.716
196.620,YOU reference pilot,original,1,3,23.318,24.000,0.343,0.000,4,0,0,474.886,84.963,-15.950,2.617
196.620,EMBER,tourer,1,3,25.994,29.369,1.000,0.000,4,0,0,471.274,88.008,-35.755,2.077
196.620,GOLD,moto,1,5,23.729,24.000,0.042,0.000,4,0,0,529.849,30.500,-482.295,1.581
196.620,BLUE,atv,1,4,23.764,24.000,0.050,0.000,4,0,0,547.530,39.507,-217.580,1.693
196.900,YOU reference pilot,original,1,3,23.884,29.029,1.000,0.000,4,0,0,473.897,86.135,-22.342,1.723
196.900,EMBER,tourer,1,3,27.298,34.592,1.000,0.000,4,0,0,472.337,88.607,-43.137,2.241
196.900,GOLD,moto,1,5,23.863,24.000,0.089,0.000,4,0,0,527.784,29.390,-488.547,1.621
196.900,BLUE,atv,1,4,17.130,0.000,0.000,1.000,4,0,0,549.111,37.617,-222.662,1.656
197.160,YOU reference pilot,original,1,3,25.201,28.790,1.000,0.000,4,0,0,472.894,87.130,-28.589,0.801
197.160,EMBER,tourer,1,3,28.597,38.748,1.000,0.000,4,0,0,473.925,88.848,-50.254,2.412
197.160,GOLD,moto,1,5,23.731,24.000,0.043,0.000,4,0,0,525.720,28.298,-494.292,1.644
197.160,BLUE,atv,1,4,19.364,24.000,1.000,0.000,4,0,0,550.360,36.311,-226.889,1.674
197.420,YOU reference pilot,original,1,3,26.039,29.975,1.000,0.000,4,0,0,472.265,87.975,-35.228,1.169
197.420,EMBER,tourer,1,3,29.844,41.569,1.000,0.000,4,0,0,476.119,88.982,-57.547,2.546
197.420,GOLD,moto,1,5,23.875,24.000,0.084,0.000,4,0,0,523.497,27.188,-499.969,1.654
197.420,BLUE,atv,1,4,22.697,24.000,0.751,0.000,4,0,0,551.805,34.776,-231.981,1.682
197.680,YOU reference pilot,original,1,3,27.167,31.145,1.000,0.000,3,0,0,472.358,88.557,-42.148,2.037
197.680,EMBER,tourer,1,3,31.026,39.679,1.000,0.000,4,0,0,478.902,89.182,-64.969,2.622
197.680,GOLD,moto,1,5,24.793,30.604,1.000,0.000,4,0,0,521.062,26.104,-505.613,1.655
197.680,BLUE,atv,1,4,23.773,24.000,0.029,0.000,4,0,0,553.344,33.245,-237.690,1.689
197.960,YOU reference pilot,original,1,3,28.464,34.826,1.000,0.000,4,0,0,473.459,88.843,-49.886,2.748
197.960,EMBER,tourer,1,3,32.247,35.598,1.000,0.000,4,0,0,482.492,89.343,-73.085,2.601
197.960,GOLD,moto,1,5,27.485,27.637,0.095,0.000,4,0,0,517.877,24.941,-512.189,1.623
197.960,BLUE,atv,1,4,23.861,24.000,0.095,0.000,4,0,0,554.922,31.863,-244.019,1.700
198.220,YOU reference pilot,original,1,3,29.643,41.569,1.000,0.000,4,0,0,475.416,88.969,-57.202,3.080
198.220,EMBER,tourer,1,3,33.166,33.371,0.100,0.000,4,0,0,486.280,89.359,-80.738,2.499
198.220,GOLD,moto,1,5,25.700,24.710,0.000,0.284,4,0,0,514.564,24.166,-518.227,1.505
198.220,BLUE,atv,1,4,26.671,38.139,1.000,0.000,4,0,0,556.333,30.761,-250.367,1.696
198.480,YOU reference pilot,original,1,3,30.785,39.679,1.000,0.000,4,0,0,478.169,89.165,-64.574,3.135
198.480,EMBER,tourer,1,3,32.644,30.984,0.000,0.474,4,0,0,490.307,89.209,-88.348,2.358
198.480,GOLD,moto,1,5,23.243,21.512,0.000,0.499,4,0,0,511.207,23.760,-523.622,1.442
198.480,BLUE,atv,1,4,19.944,14.567,0.000,1.000,4,0,0,557.444,29.991,-256.198,1.677
198.760,YOU reference pilot,original,1,3,31.849,37.694,1.000,0.000,4,0,0,481.973,89.336,-72.498,2.821
198.760,EMBER,tourer,1,3,30.055,28.397,0.000,0.472,4,0,0,494.535,88.836,-96.063,2.200
198.760,GOLD,moto,1,5,20.096,17.896,0.000,0.635,4,0,0,507.681,23.398,-528.535,1.460
198.760,BLUE,atv,1,4,19.543,37.146,1.000,0.000,4,0,0,558.221,29.507,-261.293,1.683
199.020,YOU reference pilot,original,1,3,32.829,35.598,1.000,0.000,4,0,0,486.474,89.365,-79.618,1.868
199.020,EMBER,tourer,1,3,27.811,25.550,0.000,0.642,4,0,0,498.178,88.304,-102.656,2.068
199.020,GOLD,moto,1,5,17.042,15.665,0.000,0.397,4,0,0,504.628,23.172,-532.225,1.521
199.020,BLUE,atv,1,4,22.457,37.183,1.000,0.000,4,0,0,558.860,29.022,-266.725,1.660
199.280,YOU reference pilot,original,1,3,32.709,30.984,0.000,0.493,4,0,0,491.522,89.239,-86.525,0.796
199.280,EMBER,tourer,1,4,25.677,24.000,0.000,0.474,4,0,0,501.479,87.624,-108.698,1.962
199.280,GOLD,moto,1,5,15.069,14.267,0.000,0.232,4,0,0,501.781,23.035,-535.219,1.611
199.280,BLUE,atv,1,4,25.092,36.331,1.000,0.000,4,0,0,559.363,28.540,-272.897,1.604
199.560,YOU reference pilot,original,1,3,30.280,28.397,0.000,0.536,4,0,0,496.772,88.898,-93.626,1.277
199.560,EMBER,tourer,1,4,23.879,24.000,0.000,0.000,4,0,0,504.710,86.738,-114.766,1.877
199.560,GOLD,moto,1,6,13.342,12.609,0.000,0.212,4,0,0,498.832,22.947,-537.873,1.712
199.560,BLUE,atv,1,4,27.663,30.915,1.000,0.000,4,0,0,559.633,27.996,-280.288,1.537
199.820,YOU reference pilot,original,1,3,28.208,25.550,0.000,0.756,4,0,0,501.072,88.396,-99.871,2.064
199.820,EMBER,tourer,1,4,23.869,24.000,0.082,0.000,4,0,0,507.505,85.757,-120.217,1.821
199.820,GOLD,moto,1,6,11.805,10.823,0.000,0.285,4,0,0,496.228,22.917,-539.820,1.800
199.820,BLUE,atv,1,4,29.843,40.350,1.000,0.000,4,0,0,559.497,27.379,-287.765,1.528
200.080,YOU reference pilot,original,1,3,26.001,25.550,0.000,0.130,4,0,0,504.556,87.745,-105.866,2.336
200.080,EMBER,tourer,1,4,23.930,24.000,0.053,0.000,4,0,0,510.188,84.580,-125.690,1.778
200.080,GOLD,moto,1,6,11.153,11.286,0.073,0.000,4,0,0,493.697,22.934,-541.323,1.893
200.080,BLUE,atv,1,4,31.851,46.476,1.000,0.000,4,0,0,558.858,26.651,-295.751,1.392
200.360,YOU reference pilot,original,1,4,24.044,24.000,0.000,0.000,4,0,0,507.270,86.895,-112.232,1.852
200.360,EMBER,tourer,1,4,23.901,24.000,0.073,0.000,4,0,0,512.939,83.062,-131.594,1.717
200.360,GOLD,moto,1,6,12.724,13.852,0.651,0.000,4,0,0,490.626,23.014,-542.608,1.935
200.360,BLUE,atv,1,4,33.816,46.476,1.000,0.000,4,0,0,557.524,26.002,-304.845,1.205
200.620,YOU reference pilot,original,1,4,23.761,24.000,0.139,0.000,4,0,0,509.226,85.962,-118.048,1.109
200.620,EMBER,tourer,1,4,23.941,24.000,0.057,0.000,3,0,0,515.373,81.373,-137.062,1.661
200.620,GOLD,moto,1,6,14.686,18.833,1.000,0.000,4,0,0,487.070,23.209,-543.334,1.753
200.620,BLUE,atv,1,4,35.461,46.476,1.000,0.000,4,0,0,555.702,25.564,-313.670,1.106
200.880,YOU reference pilot,original,1,4,23.732,24.000,0.040,0.000,4,0,0,511.360,84.838,-123.769,0.786
200.880,EMBER,tourer,1,4,23.897,24.000,0.085,0.000,4,0,0,517.705,79.372,-142.465,1.667
200.880,GOLD,moto,1,6,15.976,26.305,1.000,0.000,4,0,0,483.241,23.577,-543.114,1.087
200.880,BLUE,atv,1,5,36.950,46.476,1.000,0.000,4,0,0,553.430,25.241,-322.814,1.103
201.160,YOU reference pilot,original,1,4,23.877,24.000,0.084,0.000,4,0,0,514.137,83.385,-129.677,0.820
201.160,EMBER,tourer,1,4,23.781,24.000,0.035,0.000,4,0,0,520.137,76.937,-148.210,1.714
201.160,GOLD,moto,1,6,18.765,34.484,1.000,0.000,4,0,0,478.706,24.139,-541.365,0.577
201.160,BLUE,atv,1,5,38.386,45.466,1.000,0.000,4,0,0,550.684,25.039,-333.010,1.203
201.420,YOU reference pilot,original,1,4,23.879,24.000,0.089,0.000,3,0,0,516.970,81.773,-134.973,1.116
201.420,EMBER,tourer,1,4,23.901,24.000,0.090,0.000,4,0,0,522.347,74.465,-153.472,1.765
201.420,GOLD,moto,1,6,21.120,42.287,1.000,0.000,4,0,0,474.637,24.740,-538.169,1.364
201.420,BLUE,atv,1,5,39.566,44.276,1.000,0.000,4,0,0,548.088,25.006,-342.818,1.370
201.680,YOU reference pilot,original,1,4,23.789,24.000,0.026,0.000,3,0,0,519.833,79.839,-140.145,1.585
201.680,EMBER,tourer,1,4,23.873,24.000,0.108,0.000,4,0,0,524.529,71.840,-158.667,1.809
201.680,GOLD,moto,1,6,23.427,45.883,1.000,0.000,4,0,0,471.077,25.414,-533.621,1.700
201.680,BLUE,atv,1,5,40.558,44.860,1.000,0.000,4,0,0,545.697,25.134,-352.959,1.581
201.960,YOU reference pilot,original,1,4,23.904,24.000,0.084,0.000,4,0,0,522.802,77.468,-145.653,2.067
201.960,EMBER,tourer,1,4,23.973,24.000,0.056,0.000,4,0,0,526.859,68.881,-164.203,1.840
201.960,GOLD,moto,1,6,25.872,48.000,1.000,0.000,4,0,0,467.842,26.236,-527.551,1.412
201.960,BLUE,atv,1,5,41.522,46.476,1.000,0.000,4,0,0,543.598,25.466,-364.261,1.870
202.220,YOU reference pilot,original,1,4,23.770,24.000,0.041,0.000,4,0,0,525.364,75.046,-150.767,2.364
202.220,EMBER,tourer,1,4,23.802,24.000,0.033,0.000,4,0,0,529.006,66.044,-169.298,1.852
202.220,GOLD,moto,1,6,28.030,45.379,1.000,0.000,4,0,0,465.149,27.071,-521.110,0.785
202.220,BLUE,atv,1,5,37.919,0.000,0.000,1.000,4,0,0,542.246,26.037,-374.704,2.137
202.480,YOU reference pilot,original,1,4,23.856,24.000,0.113,0.000,4,0,0,527.424,72.453,-156.026,2.175
202.480,EMBER,tourer,1,4,23.895,24.000,0.101,0.000,4,0,0,531.134,63.144,-174.364,1.850
202.480,GOLD,moto,1,6,30.034,44.416,1.000,0.000,4,0,0,462.409,27.963,-514.107,0.564
202.480,BLUE,atv,1,5,32.569,46.295,1.000,0.000,4,0,0,541.514,26.975,-383.524,2.279
202.760,YOU reference pilot,original,1,4,23.943,24.000,0.071,0.000,4,0,0,529.145,69.540,-161.802,1.528
202.760,EMBER,tourer,1,4,23.879,24.000,0.110,0.000,4,0,0,533.400,59.975,-179.802,1.838
202.760,GOLD,moto,1,6,31.996,44.822,1.000,0.000,4,0,0,459.037,28.972,-506.141,1.198
202.760,BLUE,atv,1,5,34.037,43.208,1.000,0.000,4,0,0,541.072,28.081,-392.789,2.271
203.020,YOU reference pilot,original,1,4,23.953,24.000,0.067,0.000,4,0,0,530.943,66.730,-167.045,1.185
203.020,EMBER,tourer,1,4,23.783,24.000,0.046,0.000,4,0,0,535.475,57.013,-184.849,1.820
203.020,GOLD,moto,1,6,33.657,46.358,1.000,0.000,4,0,0,455.274,29.939,-498.518,1.760
203.020,BLUE,atv,1,5,35.253,41.754,1.000,0.000,4,0,0,540.815,29.180,-401.738,2.173
203.280,YOU reference pilot,original,1,4,23.797,24.000,0.037,0.000,4,0,0,533.086,63.848,-172.112,1.182
203.280,EMBER,tourer,1,4,23.911,24.000,0.093,0.000,4,0,0,537.518,54.055,-189.912,1.801
203.280,GOLD,moto,1,6,35.205,43.155,1.000,0.000,4,0,0,450.847,30.915,-490.777,2.294
203.280,BLUE,atv,1,5,36.343,39.330,1.000,0.000,4,0,0,540.590,30.355,-410.982,2.052
203.560,YOU reference pilot,original,1,4,23.775,24.000,0.050,0.000,4,0,0,535.619,60.696,-177.439,1.422
203.560,EMBER,tourer,1,4,23.906,24.000,0.095,0.000,4,0,0,539.676,50.901,-195.396,1.781
203.560,GOLD,moto,1,6,36.747,42.127,1.000,0.000,4,0,0,445.452,32.082,-482.332,2.477
203.560,BLUE,atv,1,5,35.977,36.738,0.385,0.000,4,0,0,540.257,31.582,-421.088,1.932
203.820,YOU reference pilot,original,1,4,23.903,24.000,0.097,0.000,4,0,0,538.026,57.749,-182.346,1.749
203.820,EMBER,tourer,1,4,23.796,24.000,0.037,0.000,4,0,0,541.636,48.033,-200.534,1.764
203.820,GOLD,moto,1,6,37.835,39.553,0.901,0.000,4,0,0,440.031,33.367,-474.365,2.363
203.820,BLUE,atv,1,5,33.546,30.597,0.000,0.862,4,0,0,539.776,32.537,-430.077,1.854
204.080,YOU reference pilot,original,1,4,23.808,24.000,0.032,0.000,4,0,0,540.384,54.804,-187.275,2.071
204.080,EMBER,tourer,1,4,23.880,24.000,0.107,0.000,4,0,0,543.550,45.253,-205.737,1.746
204.080,GOLD,moto,1,6,36.402,34.935,0.000,0.435,4,0,0,434.551,34.647,-466.514,2.152
204.080,BLUE,atv,1,5,31.586,31.938,0.174,0.000,4,0,0,539.083,33.216,-438.355,1.811
204.360,YOU reference pilot,original,1,4,23.977,24.000,0.056,0.000,4,0,0,542.767,51.653,-192.672,2.300
204.360,EMBER,tourer,1,4,23.773,24.000,0.046,0.000,4,0,0,545.550,42.417,-211.438,1.726
204.360,GOLD,moto,1,6,33.887,33.350,0.000,0.166,4,0,0,428.982,35.859,-458.593,1.946
204.360,BLUE,atv,1,5,30.814,31.749,0.496,0.000,4,0,0,538.030,33.601,-446.949,1.752
204.620,YOU reference pilot,original,1,4,23.959,24.000,0.063,0.000,4,0,0,544.482,48.782,-197.904,2.044
204.620,EMBER,tourer,1,4,23.960,24.000,0.058,0.000,4,0,0,547.346,39.991,-216.850,1.699
204.620,GOLD,moto,1,6,30.421,30.650,0.000,0.000,4,0,0,424.218,36.800,-451.837,1.821
204.620,BLUE,atv,1,5,30.643,28.900,0.000,0.506,4,0,0,536.724,33.538,-454.926,1.617
204.880,YOU reference pilot,original,1,4,23.793,24.000,0.037,0.000,4,0,0,545.711,46.012,-203.315,1.370
204.880,EMBER,tourer,1,4,23.848,24.000,0.114,0.000,4,0,0,549.082,37.861,-222.390,1.646
204.880,GOLD,moto,1,6,27.876,27.688,0.000,0.000,4,0,0,419.846,37.548,-445.683,1.756
204.880,BLUE,atv,1,5,28.043,25.737,0.000,0.666,4,0,0,535.205,33.101,-462.421,1.540
205.160,YOU reference pilot,original,1,4,23.888,24.000,0.101,0.000,4,0,0,547.201,43.152,-209.161,0.903
205.160,EMBER,tourer,1,4,23.903,24.000,0.079,0.000,4,0,0,550.891,35.917,-228.505,1.649
205.160,GOLD,moto,1,6,25.589,26.424,0.452,0.000,4,0,0,415.526,38.132,-439.712,1.729
205.160,BLUE,atv,1,5,25.545,24.000,0.000,0.444,4,0,0,533.475,32.374,-469.639,1.529
205.420,YOU reference pilot,original,1,4,23.853,24.000,0.117,0.000,4,0,0,549.002,40.670,-214.544,0.879
205.420,EMBER,tourer,1,4,23.801,24.000,0.131,0.000,4,0,0,552.496,34.290,-234.255,1.668
205.420,GOLD,moto,1,6,23.718,21.796,0.000,0.561,4,0,0,411.716,38.479,-434.577,1.744
205.420,BLUE,atv,1,5,23.893,24.000,0.067,0.000,4,0,0,531.809,31.542,-475.765,1.547
205.680,YOU reference pilot,original,1,4,23.966,24.000,0.052,0.000,4,0,0,551.058,38.456,-219.953,1.149
205.680,EMBER,tourer,1,4,23.845,24.000,0.104,0.000,4,0,0,554.018,32.860,-240.075,1.684
205.680,GOLD,moto,1,6,24.494,25.737,0.690,0.000,2,0,0,407.917,38.614,-429.578,1.838
205.680,BLUE,atv,1,5,23.903,24.000,0.064,0.000,4,0,0,530.048,30.608,-481.638,1.581
205.960,YOU reference pilot,original,1,4,23.828,24.000,0.121,0.000,4,0,0,553.346,36.445,-225.881,1.631
205.960,EMBER,tourer,1,4,24.702,34.340,1.000,0.000,4,0,0,555.552,31.579,-246.483,1.693
205.960,GOLD,moto,1,6,24.065,24.000,0.000,0.000,1,0,0,403.706,38.309,-424.148,1.913
205.960,BLUE,atv,1,5,23.783,24.000,0.132,0.000,4,0,0,528.003,29.509,-487.895,1.620
206.220,YOU reference pilot,original,1,4,23.895,24.000,0.078,0.000,4,0,0,555.293,34.777,-231.517,1.944
206.220,EMBER,tourer,1,4,21.270,16.273,0.000,1.000,4,0,0,556.817,30.642,-252.434,1.675
206.220,GOLD,moto,1,6,23.780,24.000,0.134,0.000,4,0,0,399.879,37.484,-419.306,1.874
206.220,BLUE,atv,1,5,23.873,24.000,0.083,0.000,4,0,0,525.958,28.422,-493.645,1.644
206.480,YOU reference pilot,original,1,4,23.812,24.000,0.119,0.000,4,0,0,556.632,33.288,-237.378,1.708
206.480,EMBER,tourer,1,4,18.604,34.753,1.000,0.000,4,0,0,557.682,30.082,-257.211,1.671
206.480,GOLD,moto,1,6,23.877,24.000,0.083,0.000,4,0,0,396.019,36.377,-414.569,1.824
206.480,BLUE,atv,1,5,23.748,24.000,0.034,0.000,4,0,0,523.756,27.313,-499.330,1.657
206.760,YOU reference pilot,original,1,4,23.925,25.905,1.000,0.000,4,0,0,557.441,31.958,-243.857,0.996
206.760,EMBER,tourer,1,4,21.142,31.526,1.000,0.000,4,0,0,558.482,29.528,-262.714,1.657
206.760,GOLD,moto,1,6,23.670,23.902,0.028,0.000,4,0,0,391.776,34.888,-409.624,1.758
206.760,BLUE,atv,1,5,24.593,30.441,1.000,0.000,4,0,0,521.157,26.144,-505.401,1.656
207.020,YOU reference pilot,original,1,4,22.953,17.698,0.000,1.000,4,0,0,558.107,30.935,-250.065,0.569
207.020,EMBER,tourer,1,4,23.273,29.875,1.000,0.000,4,0,0,559.116,29.032,-268.452,1.611
207.020,GOLD,moto,1,6,22.383,22.453,0.000,0.000,4,0,0,387.798,33.397,-405.370,1.699
207.020,BLUE,atv,1,5,27.027,27.789,0.429,0.000,4,0,0,518.270,25.069,-511.417,1.631
207.280,YOU reference pilot,original,1,4,17.309,14.521,0.000,0.787,4,0,0,558.924,30.286,-255.097,0.583
207.280,EMBER,tourer,1,4,25.215,32.202,1.000,0.000,4,0,0,559.567,28.560,-274.743,1.545
207.280,GOLD,moto,1,6,20.423,20.324,0.000,0.000,4,0,0,383.900,32.075,-401.678,1.658
207.280,BLUE,atv,1,5,24.664,0.000,0.000,1.000,4,0,0,515.032,24.214,-517.393,1.523
207.560,YOU reference pilot,original,1,4,20.031,31.756,1.000,0.000,4,0,0,559.663,29.744,-260.272,0.615
207.560,EMBER,tourer,1,4,27.031,28.537,0.807,0.000,4,0,0,559.755,28.008,-282.063,1.481
207.560,GOLD,moto,1,6,18.656,17.169,0.000,0.422,4,0,0,379.689,31.002,-398.296,1.634
207.560,BLUE,atv,1,5,21.869,22.721,0.480,0.000,4,0,0,511.789,23.804,-522.635,1.500
207.820,YOU reference pilot,original,1,4,22.295,32.843,1.000,0.000,4,0,0,560.065,29.243,-265.760,0.682
207.820,EMBER,tourer,1,4,28.691,32.908,1.000,0.000,4,0,0,559.545,27.380,-289.299,1.452
207.820,GOLD,moto,1,6,18.552,19.596,0.604,0.000,4,0,0,375.773,30.479,-395.710,1.650
207.820,BLUE,atv,1,5,20.402,19.568,0.000,0.240,4,0,0,508.625,23.503,-527.149,1.527
208.080,YOU reference pilot,original,1,4,24.356,29.551,1.000,0.000,4,0,0,560.181,28.773,-271.827,0.907
208.080,EMBER,tourer,1,4,30.226,41.569,1.000,0.000,4,0,0,558.866,26.711,-296.916,1.300
208.080,GOLD,moto,1,6,20.641,24.000,1.000,0.000,4,0,0,371.311,30.393,-393.372,1.692
208.080,BLUE,atv,1,5,17.443,15.932,0.000,0.436,4,0,0,505.586,23.244,-530.998,1.567
208.360,YOU reference pilot,original,1,4,26.380,31.074,1.000,0.000,4,0,0,560.038,28.252,-278.933,1.224
208.360,EMBER,tourer,1,4,31.736,41.569,1.000,0.000,4,0,0,557.549,26.142,-305.487,1.146
208.360,GOLD,moto,1,6,22.927,24.000,0.582,0.000,4,0,0,365.623,31.054,-391.189,2.106
208.360,BLUE,atv,1,5,15.207,14.663,0.000,0.157,4,0,0,502.565,23.072,-534.345,1.639
208.620,YOU reference pilot,original,1,4,28.087,35.483,1.000,0.000,4,0,0,559.662,27.681,-286.002,1.501
208.620,EMBER,tourer,1,4,33.013,41.569,1.000,0.000,4,0,0,555.803,25.734,-313.722,1.089
208.620,GOLD,moto,1,6,23.339,24.000,0.338,0.000,4,0,0,359.902,32.323,-389.850,2.807
208.620,BLUE,atv,1,6,13.556,12.939,0.000,0.178,4,0,0,499.880,22.975,-536.921,1.721
208.880,YOU reference pilot,original,1,4,29.687,39.613,1.000,0.000,4,0,0,558.990,26.997,-293.471,1.592
208.880,EMBER,tourer,1,5,34.184,41.569,1.000,0.000,4,0,0,553.649,25.429,-322.193,1.129
208.880,GOLD,moto,1,6,23.378,24.000,0.312,0.000,4,0,0,354.084,33.990,-389.401,3.348
208.880,BLUE,atv,1,6,11.886,10.562,0.000,0.384,4,0,0,497.342,22.927,-538.997,1.794
209.160,YOU reference pilot,original,1,4,31.243,40.104,1.000,0.000,4,0,0,557.844,26.349,-301.914,1.483
209.160,EMBER,tourer,1,5,35.325,41.384,1.000,0.000,4,0,0,551.046,25.228,-331.577,1.277
209.160,GOLD,moto,1,7,22.749,22.331,0.000,0.140,4,0,0,347.912,35.988,-389.757,3.544
209.160,BLUE,atv,1,6,10.965,11.627,0.381,0.000,4,0,0,494.716,22.924,-540.745,1.872
209.420,YOU reference pilot,original,1,4,32.538,40.110,1.000,0.000,4,0,0,556.338,25.895,-310.067,1.349
209.420,EMBER,tourer,1,5,36.269,39.028,1.000,0.000,4,0,0,548.563,25.172,-340.554,1.486
209.420,GOLD,moto,1,7,20.033,19.913,0.000,0.000,4,0,0,342.719,37.787,-390.472,3.442
209.420,BLUE,atv,1,6,11.361,12.348,0.565,0.000,4,0,0,492.160,22.968,-542.034,1.935
209.680,YOU reference pilot,original,1,5,33.704,40.119,1.000,0.000,4,0,0,554.429,25.545,-318.467,1.267
209.680,EMBER,tourer,1,5,36.969,38.719,0.901,0.000,4,0,0,546.224,25.250,-349.796,1.728
209.680,GOLD,moto,1,7,18.445,18.750,0.039,0.000,4,0,0,338.027,39.357,-391.230,3.196
209.680,BLUE,atv,1,6,11.678,14.556,1.000,0.000,4,0,0,489.277,23.078,-542.982,1.904
209.960,YOU reference pilot,original,1,5,34.829,40.134,1.000,0.000,4,0,0,552.029,25.289,-327.763,1.279
209.960,EMBER,tourer,1,5,37.336,41.569,1.000,0.000,4,0,0,544.101,25.493,-359.955,2.004
209.960,GOLD,moto,1,7,16.832,17.553,0.379,0.000,4,0,0,333.362,40.740,-391.865,2.878
209.960,BLUE,atv,1,6,14.866,19.886,1.000,0.000,4,0,0,485.554,23.350,-543.342,1.569
210.220,YOU reference pilot,original,1,5,35.757,40.151,1.000,0.000,4,0,0,549.639,25.178,-336.629,1.385
210.220,EMBER,tourer,1,5,37.985,41.559,1.000,0.000,4,0,0,542.611,25.892,-369.626,2.272
210.220,GOLD,moto,1,7,16.851,16.913,0.000,0.000,2,0,0,329.094,41.779,-392.169,2.579
210.220,BLUE,atv,1,6,16.599,27.820,1.000,0.000,4,0,0,481.623,23.768,-542.643,0.733
210.480,YOU reference pilot,original,1,5,36.568,39.294,1.000,0.000,4,0,0,547.280,25.197,-345.737,1.559
210.480,EMBER,tourer,1,5,38.535,41.485,1.000,0.000,4,0,0,541.606,26.665,-379.490,2.453
210.480,GOLD,moto,1,7,18.084,21.567,1.000,0.000,2,0,0,324.620,42.476,-392.106,2.205
210.480,BLUE,atv,1,6,18.823,36.833,1.000,0.000,4,0,0,477.519,24.310,-540.565,0.778
210.760,YOU reference pilot,original,1,5,37.179,40.198,1.000,0.000,4,0,0,545.202,25.372,-355.861,1.601
210.760,EMBER,tourer,1,5,37.983,41.405,1.000,0.000,4,0,0,540.997,27.864,-390.017,2.488
210.760,GOLD,moto,1,7,20.300,24.000,1.000,0.000,0,0,0,319.166,42.735,-391.507,1.633
210.760,BLUE,atv,1,6,21.118,45.053,1.000,0.000,4,0,0,473.442,24.957,-536.758,1.486
211.020,YOU reference pilot,original,1,5,37.653,40.225,1.000,0.000,4,0,0,544.330,25.687,-365.547,1.102
211.020,EMBER,tourer,1,5,38.391,41.331,1.000,0.000,4,0,0,540.713,29.096,-399.870,2.376
211.020,GOLD,moto,1,7,20.134,24.000,1.000,0.000,0,0,0,313.917,42.338,-390.776,1.049
211.020,BLUE,atv,1,6,23.189,45.380,1.000,0.000,4,0,0,470.215,25.631,-532.009,1.592
211.280,YOU reference pilot,original,1,5,38.162,40.257,1.000,0.000,4,0,0,544.295,26.264,-375.382,0.478
211.280,EMBER,tourer,1,5,38.155,38.773,0.300,0.000,4,0,0,540.535,30.350,-409.743,2.192
211.280,GOLD,moto,1,7,21.338,24.000,1.000,0.000,2,0,0,308.686,41.319,-389.844,0.669
211.280,BLUE,atv,1,6,25.213,42.754,1.000,0.000,4,0,0,467.453,26.382,-526.381,1.199
211.560,YOU reference pilot,original,1,5,37.033,40.294,1.000,0.000,4,0,0,544.655,27.341,-385.875,1.149
211.560,EMBER,tourer,1,5,35.756,34.010,0.000,0.507,4,0,0,540.295,31.608,-420.041,1.993
211.560,GOLD,moto,1,7,23.719,24.000,0.179,0.000,4,0,0,302.918,39.720,-387.469,0.537
211.560,BLUE,atv,1,6,27.249,45.406,1.000,0.000,4,0,0,464.566,27.258,-519.655,0.665
211.820,YOU reference pilot,original,1,5,37.479,40.332,1.000,0.000,4,0,0,544.980,28.524,-395.486,1.889
211.820,EMBER,tourer,1,5,33.644,34.527,0.446,0.000,4,0,0,539.912,32.568,-428.978,1.850
211.820,GOLD,moto,1,7,23.759,24.000,0.035,0.000,4,0,0,297.605,38.173,-384.673,0.526
211.820,BLUE,atv,1,6,28.943,45.425,1.000,0.000,4,0,0,461.225,28.124,-513.194,0.622
212.080,YOU reference pilot,original,1,5,37.672,40.373,1.000,0.000,4,0,0,544.941,29.755,-405.190,2.223
212.080,EMBER,tourer,1,5,31.577,32.275,0.353,0.000,4,0,0,539.304,33.277,-437.335,1.754
212.080,GOLD,moto,1,7,25.588,34.363,1.000,0.000,4,0,0,292.293,36.801,-381.511,0.736
212.080,BLUE,atv,1,6,30.538,44.518,1.000,0.000,4,0,0,457.184,29.022,-506.641,0.928
212.360,YOU reference pilot,original,1,5,36.804,37.470,0.325,0.000,4,0,0,543.928,31.043,-415.447,1.675
212.360,EMBER,tourer,1,5,30.613,33.371,1.000,0.000,4,0,0,538.337,33.716,-445.914,1.676
212.360,GOLD,moto,1,7,28.639,31.749,1.000,0.000,4,0,0,285.916,35.734,-377.516,1.076
212.360,BLUE,atv,1,6,32.123,45.112,1.000,0.000,4,0,0,452.453,30.023,-499.296,1.235
212.620,YOU reference pilot,original,1,5,34.921,34.149,0.000,0.230,4,0,0,542.381,32.103,-424.585,0.841
212.620,EMBER,tourer,1,5,30.667,30.984,0.162,0.000,3,0,0,537.099,33.710,-453.801,1.543
212.620,GOLD,moto,1,7,30.018,28.900,0.000,0.325,4,0,0,279.407,35.341,-373.405,1.319
212.620,BLUE,atv,1,6,33.478,43.155,1.000,0.000,4,0,0,448.255,30.972,-491.916,0.744
212.880,YOU reference pilot,original,1,5,32.095,32.289,0.000,0.000,4,0,0,540.825,32.937,-433.092,0.868
212.880,EMBER,tourer,1,5,28.596,28.397,0.000,0.000,4,0,0,535.614,33.326,-461.303,1.468
212.880,GOLD,moto,1,7,28.166,25.737,0.000,0.708,4,0,0,273.070,35.598,-369.377,1.426
212.880,BLUE,atv,1,6,34.739,42.127,1.000,0.000,4,0,0,444.105,31.999,-484.131,0.551
213.160,YOU reference pilot,original,1,5,30.878,31.077,0.091,0.000,4,0,0,539.795,33.550,-441.807,0.968
213.160,EMBER,tourer,1,5,26.092,25.550,0.000,0.152,4,0,0,533.881,32.633,-468.613,1.465
213.160,GOLD,moto,1,7,25.186,24.000,0.000,0.351,4,0,0,266.911,36.313,-365.333,1.342
213.160,BLUE,atv,1,6,35.954,39.553,1.000,0.000,4,0,0,439.399,33.292,-475.505,1.252
213.420,YOU reference pilot,original,1,5,30.774,30.984,0.103,0.000,2,0,0,539.280,33.771,-449.794,0.773
213.420,EMBER,tourer,1,5,24.517,24.000,0.000,0.143,4,0,0,532.181,31.814,-474.872,1.499
213.420,GOLD,moto,1,7,23.722,24.000,0.138,0.000,4,0,0,261.820,37.138,-361.757,1.312
213.420,BLUE,atv,1,6,36.121,35.393,0.000,0.222,4,0,0,434.687,34.536,-467.439,1.765
213.680,YOU reference pilot,original,1,5,29.464,28.397,0.000,0.305,4,0,0,538.761,33.584,-457.692,1.310
213.680,EMBER,tourer,1,5,23.909,24.000,0.059,0.000,4,0,0,530.410,30.897,-480.777,1.551
213.680,GOLD,moto,1,7,23.689,24.000,0.154,0.000,4,0,0,256.932,38.067,-358.129,1.358
213.680,BLUE,atv,1,6,33.952,32.368,0.000,0.469,4,0,0,429.882,35.678,-459.781,2.024
213.960,YOU reference pilot,original,1,5,26.727,25.550,0.000,0.335,4,0,0,537.813,33.031,-465.528,1.988
213.960,EMBER,tourer,1,5,23.719,24.000,0.047,0.000,4,0,0,528.364,29.813,-487.037,1.608
213.960,GOLD,moto,1,7,23.657,24.000,0.171,0.000,4,0,0,251.743,39.122,-354.148,1.447
213.960,BLUE,atv,1,6,31.235,30.650,0.000,0.179,4,0,0,424.886,36.716,-452.314,2.090
214.220,YOU reference pilot,original,1,5,24.800,24.000,0.000,0.226,4,0,0,536.162,32.312,-471.988,1.937
214.220,EMBER,tourer,1,5,23.765,24.000,0.140,0.000,4,0,0,526.331,28.738,-492.790,1.643
214.220,GOLD,moto,1,7,23.638,24.000,0.181,0.000,4,0,0,246.956,40.131,-350.428,1.542
214.220,BLUE,atv,1,6,28.212,28.011,0.000,0.000,4,0,0,420.491,37.485,-446.064,2.050
214.480,YOU reference pilot,original,1,5,23.802,24.000,0.114,0.000,4,0,0,533.937,31.477,-477.802,1.372
214.480,EMBER,tourer,1,5,23.815,24.000,0.113,0.000,4,0,0,524.154,27.633,-498.485,1.656
214.480,GOLD,moto,1,7,23.628,24.000,0.186,0.000,4,0,0,242.168,41.147,-346.714,1.631
214.480,BLUE,atv,1,6,25.628,24.813,0.000,0.243,4,0,0,416.406,38.052,-440.477,1.976
214.760,YOU reference pilot,original,1,5,23.793,24.000,0.122,0.000,4,0,0,531.218,30.472,-483.819,0.755
214.760,EMBER,tourer,1,5,24.155,28.725,1.000,0.000,4,0,0,521.610,26.465,-504.552,1.649
214.760,GOLD,moto,1,7,23.625,24.000,0.188,0.000,4,0,0,236.986,42.225,-342.746,1.708
214.760,BLUE,atv,1,6,24.187,24.780,0.317,0.000,4,0,0,412.215,38.452,-434.941,1.911
215.020,YOU reference pilot,original,1,5,23.725,24.000,0.043,0.000,4,0,0,528.953,29.443,-489.503,0.697
215.020,EMBER,tourer,1,5,25.876,26.436,0.311,0.000,4,0,0,518.874,25.409,-510.411,1.609
215.020,GOLD,moto,1,7,24.516,33.156,1.000,0.000,4,0,0,232.087,43.196,-339.075,1.759
215.020,BLUE,atv,1,6,23.604,25.737,1.000,0.000,4,0,0,408.422,38.609,-430.058,1.922
215.280,YOU reference pilot,original,1,5,23.768,24.000,0.138,0.000,4,0,0,527.091,28.358,-495.312,0.675
215.280,EMBER,tourer,1,5,24.278,24.283,0.000,0.000,4,0,0,515.873,24.556,-516.141,1.504
215.280,GOLD,moto,1,7,26.712,32.603,1.000,0.000,4,0,0,226.742,44.182,-335.179,1.798
215.280,BLUE,atv,1,6,23.815,24.000,0.104,0.000,2,0,0,404.532,38.406,-425.131,1.951
215.560,YOU reference pilot,original,1,5,23.848,24.000,0.094,0.000,4,0,0,525.237,27.182,-501.614,0.921
215.560,EMBER,tourer,1,5,22.399,20.144,0.000,0.638,4,0,0,512.535,24.039,-521.743,1.419
215.560,GOLD,moto,1,7,28.795,29.836,0.554,0.000,4,0,0,220.400,45.210,-330.737,1.831
215.560,BLUE,atv,1,6,23.770,24.000,0.136,0.000,4,0,0,400.378,37.612,-419.938,1.879
215.820,YOU reference pilot,original,1,5,24.751,28.555,1.000,0.000,4,0,0,523.088,26.124,-507.398,1.175
215.820,EMBER,tourer,1,5,19.875,18.699,0.000,0.333,4,0,0,509.481,23.726,-526.255,1.429
215.820,GOLD,moto,1,7,28.536,29.069,0.277,0.000,4,0,0,214.217,46.006,-326.644,1.854
215.820,BLUE,atv,1,6,23.834,24.000,0.106,0.000,2,0,0,396.508,36.545,-415.202,1.808
216.080,YOU reference pilot,original,1,5,25.645,25.726,0.000,0.000,4,0,0,520.033,25.122,-513.203,0.996
216.080,EMBER,tourer,1,5,16.931,15.148,0.000,0.506,4,0,0,506.598,23.468,-530.031,1.459
216.080,GOLD,moto,1,7,28.333,29.183,0.458,0.000,4,0,0,207.993,46.502,-322.808,1.879
216.080,BLUE,atv,1,6,23.556,23.591,0.000,0.000,4,0,0,392.586,35.191,-410.594,1.736
216.360,YOU reference pilot,original,1,5,22.919,21.315,0.000,0.452,4,0,0,516.293,24.358,-518.818,0.620
216.360,EMBER,tourer,1,5,14.543,13.609,0.000,0.265,4,0,0,503.753,23.284,-533.323,1.518
216.360,GOLD,moto,1,7,28.768,28.900,0.066,0.000,2,0,0,200.976,46.614,-318.829,1.971
216.360,BLUE,atv,1,6,21.991,20.444,0.000,0.436,4,0,0,388.404,33.627,-406.040,1.675
216.620,YOU reference pilot,original,1,5,21.023,21.086,0.000,0.000,4,0,0,513.044,23.982,-523.479,0.602
216.620,EMBER,tourer,1,6,13.012,12.909,0.000,0.000,4,0,0,501.255,23.174,-535.867,1.587
216.620,GOLD,moto,1,7,26.833,25.737,0.000,0.317,4,0,0,194.491,46.275,-315.451,2.033
216.620,BLUE,atv,1,6,19.826,18.727,0.000,0.307,4,0,0,384.649,32.316,-402.391,1.632
216.880,YOU reference pilot,original,1,5,19.263,16.953,0.000,0.655,4,0,0,510.206,23.676,-527.866,0.674
216.880,EMBER,tourer,1,6,11.547,10.920,0.000,0.179,4,0,0,498.893,23.108,-537.976,1.655
216.880,GOLD,moto,1,7,24.870,24.000,0.000,0.249,4,0,0,188.447,45.661,-312.547,2.053
216.880,BLUE,atv,1,6,18.893,18.622,0.000,0.000,4,0,0,380.873,31.257,-399.216,1.610
217.160,YOU reference pilot,original,1,5,16.478,14.708,0.000,0.502,4,0,0,507.519,23.417,-532.068,0.920
217.160,EMBER,tourer,1,6,10.136,9.373,0.000,0.218,4,0,0,496.492,23.080,-539.807,1.716
217.160,GOLD,moto,1,7,23.811,24.000,0.114,0.000,4,0,0,182.311,44.787,-309.815,2.035
217.160,BLUE,atv,1,6,14.852,0.000,0.000,1.000,4,0,0,376.966,30.553,-396.475,1.608
217.420,YOU reference pilot,original,1,5,14.449,13.774,0.000,0.193,4,0,0,505.163,23.265,-535.271,1.154
217.420,EMBER,tourer,1,6,9.660,9.774,0.060,0.000,4,0,0,494.329,23.090,-541.165,1.777
217.420,GOLD,moto,1,7,23.858,24.000,0.090,0.000,4,0,0,176.653,43.822,-307.460,2.003
217.420,BLUE,atv,1,6,15.215,20.130,1.000,0.000,4,0,0,373.816,30.361,-394.707,1.580
217.680,YOU reference pilot,original,1,6,13.009,13.054,0.000,0.000,4,0,0,502.656,23.163,-537.807,1.112
217.680,EMBER,tourer,1,6,10.316,11.044,0.401,0.000,4,0,0,492.015,23.138,-542.298,1.804
217.680,GOLD,moto,1,7,23.720,24.000,0.049,0.000,4,0,0,170.966,42.762,-305.228,1.969
217.680,BLUE,atv,1,6,14.445,0.000,0.000,1.000,4,0,0,370.044,30.432,-393.007,1.558
217.960,YOU reference pilot,original,1,6,11.522,10.626,0.000,0.255,4,0,0,499.919,23.101,-539.843,0.844
217.960,EMBER,tourer,1,6,11.799,13.019,0.672,0.000,4,0,0,489.100,23.259,-543.243,1.739
217.960,GOLD,moto,1,7,23.910,24.000,0.064,0.000,4,0,0,164.809,41.566,-302.947,1.934
217.960,BLUE,atv,1,6,12.320,24.000,1.000,0.000,4,0,0,366.927,30.863,-391.955,1.659
218.220,YOU reference pilot,original,1,6,10.288,9.566,0.000,0.206,4,0,0,497.455,23.079,-541.227,0.650
218.220,EMBER,tourer,1,6,13.342,17.786,1.000,0.000,4,0,0,485.808,23.495,-543.641,1.415
218.220,GOLD,moto,1,7,23.836,24.000,0.106,0.000,4,0,0,159.058,40.464,-300.930,1.907
218.220,BLUE,atv,1,6,15.256,24.000,1.000,0.000,4,0,0,363.464,31.493,-391.156,1.813
218.480,YOU reference pilot,original,1,6,9.856,9.975,0.063,0.000,4,0,0,495.064,23.088,-542.251,0.728
218.480,EMBER,tourer,1,6,14.587,24.883,1.000,0.000,4,0,0,482.257,23.844,-543.195,0.775
218.480,GOLD,moto,1,7,25.922,39.069,1.000,0.000,4,0,0,153.070,39.396,-298.936,1.884
218.480,BLUE,atv,1,6,17.790,24.000,1.000,0.000,4,0,0,359.303,32.476,-390.576,2.078
218.760,YOU reference pilot,original,1,6,10.569,11.272,0.391,0.000,4,0,0,492.354,23.135,-543.075,1.054
218.760,EMBER,tourer,1,6,16.387,29.864,1.000,0.000,4,0,0,478.277,24.324,-541.457,0.927
218.760,GOLD,moto,1,8,28.977,36.791,1.000,0.000,4,0,0,145.788,38.283,-296.636,1.862
218.760,BLUE,atv,1,6,20.142,24.000,1.000,0.000,4,0,0,354.195,33.984,-390.361,2.395
219.020,YOU reference pilot,original,1,6,11.948,13.287,0.743,0.000,4,0,0,489.501,23.236,-543.566,1.384
219.020,EMBER,tourer,1,6,17.946,36.622,1.000,0.000,4,0,0,474.826,24.832,-538.631,1.548
219.020,GOLD,moto,1,8,31.438,34.363,1.000,0.000,4,0,0,138.293,37.553,-294.373,1.878
219.020,BLUE,atv,1,7,21.857,22.586,0.369,0.000,4,0,0,348.979,35.691,-390.584,2.622
219.280,YOU reference pilot,original,1,6,14.212,18.153,1.000,0.000,4,0,0,486.091,23.459,-543.596,1.474
219.280,EMBER,tourer,1,6,19.532,40.014,1.000,0.000,4,0,0,471.844,25.399,-534.789,1.740
219.280,GOLD,moto,1,8,31.566,31.749,0.094,0.000,4,0,0,130.447,37.368,-292.058,1.957
219.280,BLUE,atv,1,7,20.154,20.295,0.000,0.000,4,0,0,343.780,37.466,-391.091,2.715
219.560,YOU reference pilot,original,1,6,16.336,25.396,1.000,0.000,4,0,0,481.904,23.884,-542.688,0.919
219.560,EMBER,tourer,1,6,21.280,39.039,1.000,0.000,4,0,0,469.162,26.079,-529.766,1.427
219.560,GOLD,moto,1,8,28.759,28.900,0.000,0.000,4,0,0,122.397,37.775,-289.752,2.061
219.560,BLUE,atv,1,7,18.655,18.971,0.140,0.000,4,0,0,338.677,39.166,-391.691,2.683
219.820,YOU reference pilot,original,1,6,17.979,30.480,1.000,0.000,4,0,0,477.942,24.414,-540.649,0.730
219.820,EMBER,tourer,1,6,22.863,36.228,1.000,0.000,4,0,0,466.986,26.762,-524.481,0.874
219.820,GOLD,moto,1,8,25.941,25.737,0.000,0.000,4,0,0,115.624,38.446,-287.969,2.088
219.820,BLUE,atv,1,7,17.303,17.610,0.138,0.000,4,0,0,334.242,40.501,-392.132,2.583
220.080,YOU reference pilot,original,1,6,19.539,42.042,1.000,0.000,4,0,0,474.295,24.986,-537.421,1.277
220.080,EMBER,tourer,1,6,24.359,36.493,1.000,0.000,4,0,0,464.860,27.489,-518.749,0.696
220.080,GOLD,moto,1,8,23.730,24.000,0.134,0.000,4,0,0,109.431,39.263,-286.511,2.049
220.080,BLUE,atv,1,7,16.328,16.284,0.000,0.000,3,0,0,329.996,41.579,-392.338,2.447
220.360,YOU reference pilot,original,1,6,21.247,42.426,1.000,0.000,4,0,0,470.940,25.656,-532.822,1.471
220.360,EMBER,tourer,1,6,25.840,40.081,1.000,0.000,4,0,0,462.351,28.313,-512.216,1.271
220.360,GOLD,moto,1,8,23.692,24.000,0.153,0.000,4,0,0,103.010,40.246,-285.166,1.975
220.360,BLUE,atv,1,7,17.687,18.702,0.552,0.000,2,0,0,325.277,42.402,-392.211,2.196
220.620,YOU reference pilot,original,1,6,22.819,32.348,1.000,0.000,4,0,0,468.314,26.340,-527.756,1.199
220.620,EMBER,tourer,1,6,27.094,38.817,1.000,0.000,4,0,0,459.615,29.108,-505.933,1.812
220.620,GOLD,moto,1,8,23.661,24.000,0.169,0.000,4,0,0,97.034,41.207,-284.060,1.905
220.620,BLUE,atv,1,7,20.120,24.000,1.000,0.000,2,0,0,320.367,42.729,-391.649,1.770
220.880,YOU reference pilot,original,1,6,24.338,33.487,1.000,0.000,4,0,0,465.957,27.070,-522.125,0.748
220.880,EMBER,tourer,1,6,28.256,40.135,1.000,0.000,4,0,0,456.372,29.922,-499.544,2.185
220.880,GOLD,moto,1,8,23.891,24.843,0.512,0.000,4,0,0,91.027,42.177,-283.110,1.851
220.880,BLUE,atv,1,7,19.962,24.000,1.000,0.000,0,0,0,315.182,42.474,-390.849,1.267
221.160,YOU reference pilot,original,1,6,25.856,34.630,1.000,0.000,4,0,0,463.425,27.900,-515.602,0.793
221.160,EMBER,tourer,1,6,29.441,40.170,1.000,0.000,4,0,0,452.294,30.804,-492.610,2.501
221.160,GOLD,moto,1,8,21.778,22.070,0.032,0.000,4,0,0,84.721,43.140,-282.331,1.811
221.160,BLUE,atv,1,7,21.095,24.000,1.000,0.000,1,0,0,309.609,41.510,-389.754,0.759
221.420,YOU reference pilot,original,1,6,27.137,33.573,1.000,0.000,4,0,0,460.826,28.703,-509.255,1.324
221.420,EMBER,tourer,1,6,30.473,40.176,1.000,0.000,4,0,0,448.049,31.680,-486.126,2.575
221.420,GOLD,moto,1,8,20.468,21.178,0.384,0.000,4,0,0,79.314,43.850,-281.910,1.783
221.420,BLUE,atv,1,7,22.937,24.000,0.611,0.000,4,0,0,304.371,40.108,-387.932,0.560
221.680,YOU reference pilot,original,1,6,28.300,36.928,1.000,0.000,4,0,0,457.803,29.528,-502.748,1.810
221.680,EMBER,tourer,1,6,31.422,38.216,1.000,0.000,4,0,0,443.494,32.707,-479.563,2.416
221.680,GOLD,moto,1,8,19.614,22.086,1.000,0.000,4,0,0,74.189,44.359,-281.775,1.762
221.680,BLUE,atv,1,7,23.800,24.000,0.131,0.000,4,0,0,299.039,38.563,-385.324,0.561
221.960,YOU reference pilot,original,1,6,29.459,38.021,1.000,0.000,4,0,0,453.973,30.428,-495.665,2.211
221.960,EMBER,tourer,1,6,32.356,37.275,1.000,0.000,4,0,0,438.368,33.886,-472.335,2.149
221.960,GOLD,moto,1,8,20.234,21.072,0.467,0.000,2,0,0,68.686,44.629,-281.966,1.784
221.960,BLUE,atv,1,7,24.986,34.363,1.000,0.000,4,0,0,293.335,37.042,-382.078,0.735
222.220,YOU reference pilot,original,1,6,30.465,38.854,1.000,0.000,4,0,0,449.913,31.273,-489.057,2.503
222.220,EMBER,tourer,1,6,33.041,34.622,0.811,0.000,4,0,0,433.493,34.983,-465.437,1.923
222.220,GOLD,moto,1,8,22.588,23.789,0.678,0.000,4,0,0,63.114,44.427,-282.543,1.898
222.220,BLUE,atv,1,7,21.961,0.000,0.000,1.000,4,0,0,288.012,35.953,-378.803,0.981
222.480,YOU reference pilot,original,1,6,31.365,38.253,1.000,0.000,4,0,0,445.465,32.245,-482.421,2.475
222.480,EMBER,tourer,1,6,32.109,32.327,0.096,0.000,4,0,0,428.659,36.029,-458.515,1.780
222.480,GOLD,moto,1,8,22.536,22.792,0.152,0.000,2,0,0,57.321,43.734,-283.614,2.000
222.480,BLUE,atv,1,7,16.766,31.749,1.000,0.000,4,0,0,283.968,35.551,-376.244,1.198
222.760,YOU reference pilot,original,1,6,32.178,36.516,1.000,0.000,4,0,0,440.051,33.418,-475.448,1.849
222.760,EMBER,tourer,1,6,29.470,28.226,0.000,0.363,4,0,0,423.752,37.003,-451.435,1.725
222.760,GOLD,moto,1,8,22.671,22.823,0.104,0.000,2,0,0,51.374,42.417,-285.361,2.063
222.760,BLUE,atv,1,7,20.107,28.900,1.000,0.000,4,0,0,279.612,35.354,-373.421,1.409
223.020,YOU reference pilot,original,1,6,32.912,36.128,1.000,0.000,4,0,0,434.434,34.514,-469.200,0.828
223.020,EMBER,tourer,1,6,27.323,27.163,0.000,0.000,4,0,0,419.531,37.725,-445.372,1.733
223.020,GOLD,moto,1,8,23.344,23.861,0.311,0.000,4,0,0,46.070,40.851,-287.625,2.135
223.020,BLUE,atv,1,7,17.601,0.000,0.000,1.000,4,0,0,275.287,35.417,-370.567,1.599
223.280,YOU reference pilot,original,1,6,32.733,33.936,0.612,0.000,4,0,0,428.664,35.578,-462.975,1.075
223.280,EMBER,tourer,1,6,25.554,26.424,0.453,0.000,4,0,0,415.614,38.257,-439.850,1.769
223.280,GOLD,moto,1,8,23.926,24.000,0.060,0.000,4,0,0,40.934,39.134,-290.613,2.260
223.280,BLUE,atv,1,7,16.725,25.737,1.000,0.000,4,0,0,271.870,35.764,-368.266,1.701
223.560,YOU reference pilot,original,1,6,31.065,29.310,0.000,0.509,4,0,0,422.804,36.623,-456.311,2.076
223.560,EMBER,tourer,1,6,23.581,21.796,0.000,0.513,4,0,0,411.570,38.623,-434.318,1.830
223.560,GOLD,moto,1,8,23.968,29.739,1.000,0.000,4,0,0,35.862,37.359,-294.561,2.404
223.560,BLUE,atv,1,7,19.647,25.737,1.000,0.000,4,0,0,267.672,36.301,-365.380,1.740
223.820,YOU reference pilot,original,1,6,28.809,29.060,0.115,0.000,4,0,0,417.998,37.425,-450.385,2.643
223.820,EMBER,tourer,1,6,23.493,24.470,0.522,0.000,3,0,0,407.867,38.738,-429.412,1.944
223.820,GOLD,moto,1,8,26.423,27.297,0.493,0.000,4,0,0,31.319,36.108,-299.148,2.548
223.820,BLUE,atv,1,7,22.054,24.000,1.000,0.000,4,0,0,263.252,36.965,-362.272,1.723
224.080,YOU reference pilot,original,1,6,25.862,26.284,0.208,0.000,4,0,0,413.937,38.046,-444.679,2.664
224.080,EMBER,tourer,1,6,23.848,24.000,0.084,0.000,4,0,0,404.055,38.438,-424.494,2.000
224.080,GOLD,moto,1,8,28.858,36.182,1.000,0.000,4,0,0,26.832,35.403,-304.704,2.733
224.080,BLUE,atv,1,7,23.255,24.000,0.393,0.000,4,0,0,258.484,37.813,-358.841,1.692
224.360,YOU reference pilot,original,1,6,24.189,22.105,0.000,0.598,4,0,0,410.446,38.501,-438.648,1.959
224.360,EMBER,tourer,1,6,23.756,24.000,0.141,0.000,4,0,0,399.927,37.632,-419.285,1.973
224.360,GOLD,moto,1,8,31.134,41.640,1.000,0.000,4,0,0,22.170,35.413,-311.684,3.088
224.360,BLUE,atv,1,7,23.531,24.000,0.238,0.000,4,0,0,253.267,38.840,-355.000,1.668
224.620,YOU reference pilot,original,1,6,23.646,25.550,1.000,0.000,4,0,0,407.348,38.722,-433.267,1.252
224.620,EMBER,tourer,1,6,23.926,24.000,0.054,0.000,4,0,0,396.059,36.516,-414.545,1.916
224.620,GOLD,moto,1,8,32.960,41.899,1.000,0.000,4,0,0,18.298,35.970,-319.055,3.388
224.620,BLUE,atv,1,7,23.577,24.000,0.212,0.000,4,0,0,248.429,39.839,-351.380,1.661
224.880,YOU reference pilot,original,1,6,23.875,24.000,0.000,0.000,2,0,0,403.821,38.649,-428.216,0.996
224.880,EMBER,tourer,1,6,22.349,20.988,0.000,0.377,4,0,0,392.263,35.193,-410.089,1.869
224.880,GOLD,moto,1,8,34.603,39.881,1.000,0.000,4,0,0,15.055,36.850,-327.186,3.380
224.880,BLUE,atv,1,7,23.580,24.000,0.210,0.000,4,0,0,243.603,40.852,-347.739,1.670
225.160,YOU reference pilot,original,1,6,23.900,24.000,0.060,0.000,3,0,0,399.585,38.030,-423.064,1.089
225.160,EMBER,tourer,1,6,20.607,18.494,0.000,0.590,4,0,0,388.313,33.708,-405.780,1.830
225.160,GOLD,moto,1,8,35.953,36.806,0.441,0.000,4,0,0,12.148,38.013,-336.599,3.083
225.160,BLUE,atv,1,7,23.579,24.000,0.210,0.000,4,0,0,238.402,41.934,-343.819,1.692
225.420,YOU reference pilot,original,1,6,23.884,24.000,0.075,0.000,4,0,0,395.464,37.059,-418.517,1.415
225.420,EMBER,tourer,1,6,18.766,16.978,0.000,0.498,4,0,0,384.785,32.488,-402.318,1.819
225.420,GOLD,moto,1,8,33.779,34.187,0.036,0.000,4,0,0,9.882,39.072,-345.423,2.721
225.420,BLUE,atv,1,7,23.739,34.202,1.000,0.000,4,0,0,233.547,42.909,-340.196,1.718
225.680,YOU reference pilot,original,1,6,23.067,22.510,0.000,0.149,4,0,0,391.324,35.797,-414.183,1.822
225.680,EMBER,tourer,1,6,17.151,15.423,0.000,0.482,4,0,0,381.328,31.523,-399.344,1.836
225.680,GOLD,moto,1,8,32.209,31.559,0.000,0.197,4,0,0,7.968,39.903,-353.738,2.396
225.680,BLUE,atv,1,7,25.689,33.230,1.000,0.000,4,0,0,228.403,43.880,-336.427,1.747
225.960,YOU reference pilot,original,1,6,21.741,19.988,0.000,0.488,4,0,0,387.019,34.271,-409.865,2.168
225.960,EMBER,tourer,1,6,15.828,16.124,0.175,0.000,4,0,0,377.719,30.842,-396.711,1.857
225.960,GOLD,moto,1,8,29.849,27.284,0.000,0.749,4,0,0,6.133,40.488,-362.214,2.132
225.960,BLUE,atv,1,7,27.520,28.118,0.306,0.000,4,0,0,222.354,44.906,-332.130,1.783
226.220,YOU reference pilot,original,1,6,19.690,17.524,0.000,0.604,4,0,0,383.244,32.896,-406.308,2.350
226.220,EMBER,tourer,1,6,16.834,18.005,0.649,0.000,4,0,0,374.120,30.521,-394.573,1.871
226.220,GOLD,moto,1,8,30.415,30.751,0.176,0.000,2,0,0,4.534,40.677,-369.896,1.946
226.220,BLUE,atv,1,7,28.531,29.916,0.737,0.000,4,0,0,216.317,45.756,-328.040,1.818
226.480,YOU reference pilot,original,1,6,17.999,18.066,0.000,0.000,4,0,0,379.635,31.745,-403.211,2.417
226.480,EMBER,tourer,1,6,18.481,20.786,1.000,0.000,4,0,0,370.005,30.599,-392.656,1.897
226.480,GOLD,moto,1,8,29.613,28.900,0.000,0.207,4,0,0,2.996,40.460,-377.658,1.808
226.480,BLUE,atv,1,7,27.914,28.435,0.270,0.000,3,0,0,210.180,46.373,-324.143,1.855
226.760,YOU reference pilot,original,1,6,16.150,16.457,0.186,0.000,4,0,0,375.943,30.890,-400.424,2.365
226.760,EMBER,tourer,1,6,20.417,24.000,1.000,0.000,4,0,0,364.882,31.297,-390.968,2.216
226.760,GOLD,moto,1,8,26.647,25.737,0.000,0.262,4,0,0,1.588,39.829,-385.383,1.788
226.760,BLUE,atv,1,7,28.628,28.900,0.140,0.000,2,0,0,203.304,46.635,-320.116,1.933
227.020,YOU reference pilot,original,1,6,17.052,18.377,0.740,0.000,4,0,0,372.506,30.492,-397.955,2.014
227.020,EMBER,tourer,1,6,21.836,24.000,1.000,0.000,4,0,0,359.612,32.504,-389.989,2.680
227.020,GOLD,moto,1,8,24.780,24.000,0.000,0.222,4,0,0,0.518,39.058,-391.946,1.822
227.020,BLUE,atv,1,7,27.967,25.737,0.000,0.646,2,0,0,196.741,46.436,-316.590,2.016
227.280,YOU reference pilot,original,1,6,19.044,23.128,1.000,0.000,4,0,0,368.689,30.566,-395.316,1.211
227.280,EMBER,tourer,1,6,22.689,24.000,0.673,0.000,4,0,0,354.053,34.154,-389.692,3.082
227.280,GOLD,moto,1,8,23.853,24.000,0.092,0.000,4,0,0,-0.369,38.178,-398.098,1.855
227.280,BLUE,atv,1,7,25.737,25.737,0.000,0.000,4,0,0,190.542,45.903,-313.523,2.054
227.560,YOU reference pilot,original,1,6,21.000,24.000,1.000,0.000,4,0,0,363.851,31.403,-392.598,0.581
227.560,EMBER,tourer,1,7,21.866,22.006,0.000,0.000,4,0,0,348.069,36.134,-390.044,3.273
227.560,GOLD,moto,1,9,23.924,24.000,0.053,0.000,4,0,0,-1.194,37.158,-404.649,1.884
227.560,BLUE,atv,1,7,23.867,24.000,0.080,0.000,4,0,0,184.302,45.090,-310.673,2.048
227.820,YOU reference pilot,original,1,6,22.072,23.488,0.734,0.000,4,0,0,358.691,32.764,-390.857,1.820
227.820,EMBER,tourer,1,7,19.510,18.303,0.000,0.362,4,0,0,342.982,37.877,-390.710,3.207
227.820,GOLD,moto,1,9,23.786,24.000,0.132,0.000,4,0,0,-1.860,36.178,-410.729,1.900
227.820,BLUE,atv,1,7,23.853,24.000,0.091,0.000,4,0,0,178.654,44.173,-308.271,2.018
228.080,YOU reference pilot,original,1,7,22.016,22.565,0.257,0.000,4,0,0,353.238,34.439,-390.186,2.660
228.080,EMBER,tourer,1,7,18.570,18.904,0.146,0.000,4,0,0,338.335,39.413,-391.438,2.991
228.080,GOLD,moto,1,9,23.874,24.000,0.082,0.000,4,0,0,-2.446,35.194,-416.820,1.901
228.080,BLUE,atv,1,7,23.897,24.000,0.069,0.000,4,0,0,172.974,43.141,-305.999,1.982
228.360,YOU reference pilot,original,1,7,20.696,20.924,0.000,0.000,4,0,0,347.559,36.329,-390.432,2.953
228.360,EMBER,tourer,1,7,17.017,17.553,0.261,0.000,4,0,0,333.639,40.804,-392.084,2.687
228.360,GOLD,moto,1,9,26.907,48.000,1.000,0.000,4,0,0,-3.044,34.104,-423.829,1.888
228.360,BLUE,atv,1,7,23.797,24.000,0.126,0.000,4,0,0,166.826,41.958,-303.679,1.945
228.620,YOU reference pilot,original,1,7,19.367,19.670,0.128,0.000,4,0,0,342.734,37.993,-391.483,2.490
228.620,EMBER,tourer,1,7,16.424,18.514,1.000,0.000,3,0,0,329.428,41.829,-392.414,2.389
228.620,GOLD,moto,1,9,29.651,48.000,1.000,0.000,4,0,0,-3.609,33.069,-431.116,1.865
228.620,BLUE,atv,1,7,23.904,24.000,0.067,0.000,4,0,0,161.083,40.846,-301.630,1.915
228.880,YOU reference pilot,original,1,7,18.340,18.492,0.000,0.000,4,0,0,338.267,39.485,-392.895,1.625
228.880,EMBER,tourer,1,7,17.384,18.702,0.704,0.000,2,0,0,325.075,42.520,-392.392,2.031
228.880,GOLD,moto,1,9,32.143,48.000,1.000,0.000,4,0,0,-4.193,32.122,-439.096,1.833
228.880,BLUE,atv,1,7,24.728,39.069,1.000,0.000,4,0,0,155.265,39.775,-299.658,1.890
229.160,YOU reference pilot,original,1,7,16.998,17.553,0.272,0.000,4,0,0,333.740,40.819,-394.303,0.818
229.160,EMBER,tourer,1,7,19.478,24.000,1.000,0.000,2,0,0,319.890,42.798,-391.855,1.517
229.160,GOLD,moto,1,9,34.479,45.868,1.000,0.000,4,0,0,-4.842,31.452,-448.387,1.777
229.160,BLUE,atv,1,8,27.570,36.791,1.000,0.000,4,0,0,148.349,38.647,-297.433,1.867
229.420,YOU reference pilot,original,1,7,16.555,18.514,1.000,0.000,4,0,0,329.551,41.790,-395.041,0.823
229.420,EMBER,tourer,1,7,21.551,24.000,1.000,0.000,2,0,0,314.617,42.483,-390.784,1.234
229.420,GOLD,moto,1,9,36.315,44.076,1.000,0.000,4,0,0,-5.416,31.327,-457.577,1.765
229.420,BLUE,atv,1,8,28.539,0.000,0.000,1.000,4,0,0,141.271,37.755,-295.272,1.851
229.680,YOU reference pilot,original,1,7,17.466,18.702,0.656,0.000,3,0,0,325.171,42.485,-394.936,0.967
229.680,EMBER,tourer,1,7,22.607,24.000,0.705,0.000,0,0,0,309.063,41.527,-389.207,1.065
229.680,GOLD,moto,1,9,37.911,42.728,1.000,0.000,4,0,0,-5.839,31.664,-467.220,1.964
229.680,BLUE,atv,1,8,21.649,0.000,0.000,1.000,4,0,0,135.100,37.363,-293.468,1.856
229.960,YOU reference pilot,original,1,7,19.407,24.000,1.000,0.000,2,0,0,320.083,42.800,-393.905,0.973
229.960,EMBER,tourer,1,7,23.774,24.000,0.142,0.000,4,0,0,303.119,39.883,-386.984,0.852
229.960,GOLD,moto,1,9,38.563,38.532,0.000,0.000,4,0,0,-6.005,32.415,-477.980,2.168
229.960,BLUE,atv,1,8,19.492,31.749,1.000,0.000,4,0,0,129.942,37.404,-292.022,1.864
230.220,YOU reference pilot,original,1,7,21.541,24.000,1.000,0.000,2,0,0,314.992,42.532,-392.185,0.827
230.220,EMBER,tourer,1,7,23.729,24.000,0.049,0.000,4,0,0,297.719,38.334,-384.365,0.854
230.220,GOLD,moto,1,9,37.315,35.212,0.000,0.617,4,0,0,-5.940,33.343,-487.810,2.229
230.220,BLUE,atv,1,8,22.165,28.900,1.000,0.000,4,0,0,124.694,37.628,-290.607,1.840
230.480,YOU reference pilot,original,1,7,23.291,24.000,0.398,0.000,2,0,0,309.602,41.637,-389.939,0.813
230.480,EMBER,tourer,1,7,25.034,33.371,1.000,0.000,4,0,0,292.361,36.969,-381.385,0.948
230.480,GOLD,moto,1,9,34.188,32.844,0.000,0.398,4,0,0,-5.843,34.331,-497.007,2.190
230.480,BLUE,atv,1,8,24.393,25.737,0.732,0.000,4,0,0,118.823,38.096,-289.081,1.808
230.760,YOU reference pilot,original,1,7,23.894,24.000,0.076,0.000,4,0,0,303.595,40.066,-387.522,0.741
230.760,EMBER,tourer,1,7,27.283,30.984,1.000,0.000,4,0,0,286.169,35.843,-377.636,1.126
230.760,GOLD,moto,1,9,31.107,30.098,0.000,0.301,4,0,0,-5.911,35.284,-506.067,2.101
230.760,BLUE,atv,1,8,24.506,24.000,0.000,0.155,4,0,0,112.137,38.883,-287.427,1.789
231.020,YOU reference pilot,original,1,7,23.814,24.000,0.119,0.000,4,0,0,298.107,38.513,-385.078,0.655
231.020,EMBER,tourer,1,7,28.854,28.397,0.000,0.129,4,0,0,280.001,35.417,-373.746,1.349
231.020,GOLD,moto,1,9,29.601,30.744,0.613,0.000,4,0,0,-6.283,36.001,-513.929,2.016
231.020,BLUE,atv,1,8,23.666,24.000,0.166,0.000,4,0,0,106.177,39.748,-286.051,1.785
231.280,YOU reference pilot,original,1,7,24.980,33.371,1.000,0.000,4,0,0,292.726,37.100,-382.177,0.601
231.280,EMBER,tourer,1,7,28.176,28.397,0.111,0.000,4,0,0,273.874,35.609,-369.775,1.542
231.280,GOLD,moto,1,9,28.878,29.306,0.221,0.000,4,0,0,-7.081,36.506,-521.466,1.915
231.280,BLUE,atv,1,8,23.635,24.000,0.181,0.000,4,0,0,100.234,40.686,-284.798,1.786
231.560,YOU reference pilot,original,1,7,27.261,30.984,1.000,0.000,4,0,0,286.539,35.907,-378.445,0.678
231.560,EMBER,tourer,1,7,25.477,25.550,0.000,0.000,4,0,0,267.747,36.331,-365.646,1.585
231.560,GOLD,moto,1,9,28.614,27.666,0.000,0.277,2,0,0,-8.506,36.621,-529.458,1.604
231.560,BLUE,atv,1,8,23.607,24.000,0.196,0.000,4,0,0,93.814,41.728,-283.613,1.794
231.820,YOU reference pilot,original,1,7,29.055,30.984,1.000,0.000,4,0,0,280.154,35.362,-374.915,0.510
231.820,EMBER,tourer,1,7,23.678,24.000,0.156,0.000,4,0,0,262.627,37.195,-362.041,1.599
231.820,GOLD,moto,1,9,26.735,25.737,0.000,0.289,4,0,0,-10.303,36.234,-536.492,1.397
231.820,BLUE,atv,1,8,23.002,21.692,0.000,0.390,4,0,0,87.836,42.677,-282.712,1.804
232.080,YOU reference pilot,original,1,7,28.197,28.397,0.104,0.000,4,0,0,273.575,35.510,-371.629,0.458
232.080,EMBER,tourer,1,7,23.579,24.000,0.207,0.000,4,0,0,257.727,38.104,-358.463,1.607
232.080,GOLD,moto,1,9,24.429,23.218,0.000,0.348,2,0,0,-12.408,35.639,-542.763,1.411
232.080,BLUE,atv,1,8,21.022,21.250,0.000,0.000,4,0,0,82.171,43.493,-282.093,1.807
232.360,YOU reference pilot,original,1,7,25.753,25.550,0.000,0.000,4,0,0,266.914,36.227,-368.290,1.240
232.360,EMBER,tourer,1,7,23.512,24.000,0.242,0.000,4,0,0,252.522,39.137,-354.561,1.630
232.360,GOLD,moto,1,9,23.233,23.623,0.228,0.000,4,0,0,-14.984,34.747,-548.786,1.475
232.360,BLUE,atv,1,8,19.798,20.017,0.106,0.000,4,0,0,76.489,44.153,-281.775,1.794
232.620,YOU reference pilot,original,1,7,23.684,24.000,0.152,0.000,4,0,0,261.356,37.078,-365.254,1.949
232.620,EMBER,tourer,1,7,23.475,24.000,0.261,0.000,4,0,0,247.729,40.134,-350.912,1.668
232.620,GOLD,moto,1,9,22.555,22.640,0.057,0.000,4,0,0,-17.751,33.808,-553.935,1.523
232.620,BLUE,atv,1,8,19.484,20.137,0.354,0.000,4,0,0,71.465,44.537,-281.795,1.791
232.880,YOU reference pilot,original,1,7,23.487,24.000,0.252,0.000,4,0,0,256.288,37.965,-361.927,2.240
232.880,EMBER,tourer,1,7,23.455,24.000,0.272,0.000,4,0,0,242.950,41.141,-347.258,1.714
232.880,GOLD,moto,1,9,22.251,22.504,0.037,0.000,4,0,0,-20.952,32.820,-558.684,1.502
232.880,BLUE,atv,1,8,21.086,22.329,0.692,0.000,2,0,0,66.200,44.605,-282.146,1.865
233.160,YOU reference pilot,original,1,7,23.448,24.000,0.277,0.000,4,0,0,251.367,38.979,-357.702,1.811
233.160,EMBER,tourer,1,7,23.447,24.000,0.276,0.000,4,0,0,237.793,42.212,-343.336,1.764
233.160,GOLD,moto,1,9,23.110,24.115,0.576,0.000,4,0,0,-25.047,31.779,-563.412,1.361
233.160,BLUE,atv,1,8,22.508,22.600,0.056,0.000,2,0,0,60.071,44.119,-283.020,1.961
233.420,YOU reference pilot,original,1,7,23.443,24.000,0.277,0.000,4,0,0,247.009,39.963,-353.554,1.186
233.420,EMBER,tourer,1,7,23.770,34.464,1.000,0.000,4,0,0,232.965,43.175,-339.716,1.806
233.420,GOLD,moto,1,9,23.665,24.665,0.568,0.000,4,0,0,-29.575,30.956,-567.394,1.141
233.420,BLUE,atv,1,8,21.737,21.968,0.143,0.000,3,0,0,54.582,43.172,-284.320,2.028
233.680,YOU reference pilot,original,1,7,23.412,24.000,0.294,0.000,4,0,0,242.403,40.968,-349.696,0.946
233.680,EMBER,tourer,1,7,25.116,32.794,1.000,0.000,4,0,0,227.883,44.124,-335.988,1.845
233.680,GOLD,moto,1,9,25.866,28.017,1.000,0.000,4,0,0,-34.928,30.416,-570.902,0.923
233.680,BLUE,atv,1,8,22.142,22.325,0.118,0.000,4,0,0,49.350,41.857,-286.148,2.078
233.960,YOU reference pilot,original,1,7,23.433,24.000,0.284,0.000,4,0,0,237.178,42.044,-345.878,1.011
233.960,EMBER,tourer,1,7,26.467,30.362,1.000,0.000,4,0,0,222.030,45.100,-331.832,1.889
233.960,GOLD,moto,1,9,28.526,32.386,1.000,0.000,4,0,0,-41.852,30.126,-574.119,0.680
233.960,BLUE,atv,1,8,23.125,23.650,0.314,0.000,4,0,0,43.857,40.154,-288.832,2.169
234.220,YOU reference pilot,original,1,7,23.539,32.028,1.000,0.000,4,0,0,232.414,43.015,-342.202,0.931
234.220,EMBER,tourer,1,7,27.588,29.755,1.000,0.000,4,0,0,216.230,45.901,-327.899,1.929
234.220,GOLD,moto,1,9,30.735,43.661,1.000,0.000,4,0,0,-49.245,30.023,-576.359,0.521
234.220,BLUE,atv,1,8,23.818,24.000,0.121,0.000,4,0,0,38.931,38.410,-292.077,2.286
234.480,YOU reference pilot,original,1,7,24.921,32.624,1.000,0.000,4,0,0,227.669,43.968,-338.140,0.696
234.480,EMBER,tourer,1,7,27.784,28.435,0.332,0.000,4,0,0,210.181,46.503,-324.043,1.980
234.480,GOLD,moto,1,9,32.760,48.000,1.000,0.000,4,0,0,-57.389,30.037,-577.827,0.500
234.480,BLUE,atv,1,8,24.156,0.000,0.000,1.000,4,0,0,34.346,36.859,-296.012,2.420
234.760,YOU reference pilot,original,1,7,26.322,31.561,1.000,0.000,4,0,0,222.311,44.956,-333.439,0.913
234.760,EMBER,tourer,1,7,28.165,28.397,0.114,0.000,4,0,0,203.290,46.765,-320.196,1.910
234.760,GOLD,moto,1,9,34.776,48.000,1.000,0.000,4,0,0,-66.828,30.136,-578.662,0.594
234.760,BLUE,atv,1,8,16.980,0.000,0.000,1.000,4,0,0,30.558,35.907,-300.119,2.504
235.020,YOU reference pilot,original,1,7,27.213,29.755,1.000,0.000,4,0,0,216.882,45.780,-329.119,1.338
235.020,EMBER,tourer,1,7,27.534,25.550,0.000,0.566,4,0,0,196.552,46.578,-317.345,1.385
235.020,GOLD,moto,1,9,36.502,48.000,1.000,0.000,4,0,0,-76.108,30.265,-578.949,0.801
235.020,BLUE,atv,1,8,17.289,33.752,1.000,0.000,4,0,0,28.064,35.539,-303.443,2.464
235.280,YOU reference pilot,original,1,7,27.478,28.079,0.301,0.000,4,0,0,210.804,46.421,-325.426,1.229
235.280,EMBER,tourer,1,7,25.579,25.550,0.000,0.000,4,0,0,190.033,46.057,-315.198,0.785
235.280,GOLD,moto,1,10,38.097,48.000,1.000,0.000,4,0,0,-85.824,30.398,-578.982,1.085
235.280,BLUE,atv,1,8,19.602,0.000,0.000,1.000,4,0,0,25.415,35.300,-307.563,2.335
235.560,YOU reference pilot,original,1,7,28.128,28.397,0.000,0.000,2,0,0,203.687,46.763,-322.156,0.795
235.560,EMBER,tourer,1,7,23.899,24.000,0.061,0.000,4,0,0,183.438,45.266,-313.292,1.084
235.560,GOLD,moto,1,10,39.679,48.000,1.000,0.000,4,0,0,-96.731,30.509,-578.956,1.395
235.560,BLUE,atv,1,8,14.425,40.318,1.000,0.000,4,0,0,23.239,35.409,-311.430,2.275
235.820,YOU reference pilot,original,1,7,28.192,28.397,0.106,0.000,4,0,0,196.844,46.643,-319.506,0.996
235.820,EMBER,tourer,1,7,23.854,24.000,0.089,0.000,4,0,0,177.542,44.355,-311.596,1.721
235.820,GOLD,moto,1,10,41.035,48.000,1.000,0.000,4,0,0,-107.241,30.552,-579.031,1.649
235.820,BLUE,atv,1,8,17.452,43.057,1.000,0.000,4,0,0,21.403,35.688,-315.170,2.218
236.080,YOU reference pilot,original,1,7,26.064,25.550,0.000,0.145,4,0,0,190.311,46.162,-317.115,1.578
236.080,EMBER,tourer,1,7,23.851,24.000,0.092,0.000,4,0,0,171.690,43.321,-309.814,2.228
236.080,GOLD,moto,1,10,37.087,29.352,0.000,1.000,4,0,0,-117.618,30.512,-579.255,1.863
236.080,BLUE,atv,1,8,20.147,41.899,1.000,0.000,4,0,0,19.416,36.052,-319.650,2.152
236.360,YOU reference pilot,original,1,7,24.289,24.000,0.000,0.000,4,0,0,183.763,45.389,-314.707,2.089
236.360,EMBER,tourer,1,7,23.855,24.000,0.090,0.000,4,0,0,165.494,42.130,-307.629,2.391
236.360,GOLD,moto,1,10,32.183,48.000,1.000,0.000,4,0,0,-126.974,30.529,-579.572,1.929
236.360,BLUE,atv,1,8,22.742,40.792,1.000,0.000,4,0,0,17.186,36.635,-325.224,2.106
236.620,YOU reference pilot,original,1,7,23.770,24.000,0.134,0.000,4,0,0,178.012,44.488,-312.542,2.369
236.620,EMBER,tourer,1,7,23.850,24.000,0.094,0.000,4,0,0,159.958,41.013,-305.077,1.891
236.620,GOLD,moto,1,10,34.122,48.000,1.000,0.000,4,0,0,-135.606,30.713,-579.917,1.927
236.620,BLUE,atv,1,8,24.904,38.915,1.000,0.000,4,0,0,15.087,37.328,-331.035,2.078
236.880,YOU reference pilot,original,1,7,23.778,24.000,0.132,0.000,4,0,0,172.299,43.458,-310.356,2.498
236.880,EMBER,tourer,1,7,23.995,24.346,0.199,0.000,4,0,0,154.551,39.953,-302.231,1.042
236.880,GOLD,moto,1,10,35.891,48.000,1.000,0.000,4,0,0,-144.718,30.933,-580.276,1.880
236.880,BLUE,atv,1,8,26.867,36.627,1.000,0.000,4,0,0,12.995,38.107,-337.407,2.057
237.160,YOU reference pilot,original,1,7,23.858,24.000,0.090,0.000,4,0,0,166.160,42.269,-308.013,2.513
237.160,EMBER,tourer,1,8,25.768,35.598,1.000,0.000,4,0,0,148.284,38.892,-299.431,0.598
237.160,GOLD,moto,1,10,37.632,48.000,1.000,0.000,4,0,0,-155.024,31.160,-580.617,1.809
237.160,BLUE,atv,1,8,28.799,34.187,1.000,0.000,4,0,0,10.773,38.979,-344.851,2.036
237.420,YOU reference pilot,original,1,7,23.904,24.000,0.066,0.000,4,0,0,160.445,41.146,-305.882,2.460
237.420,EMBER,tourer,1,8,27.587,33.371,1.000,0.000,4,0,0,141.705,38.043,-297.361,0.542
237.420,GOLD,moto,1,10,39.121,45.219,1.000,0.000,4,0,0,-165.016,31.337,-580.843,1.753
237.420,BLUE,atv,1,8,30.365,31.766,0.743,0.000,4,0,0,8.750,39.742,-352.265,2.021
237.680,YOU reference pilot,original,1,7,24.373,33.339,1.000,0.000,4,0,0,154.686,40.060,-303.819,2.382
237.680,EMBER,tourer,1,8,29.255,30.984,0.921,0.000,4,0,0,134.514,37.506,-295.721,0.684
237.680,GOLD,moto,1,10,40.506,43.267,1.000,0.000,4,0,0,-175.385,31.436,-580.947,1.714
237.680,BLUE,atv,1,8,29.992,30.376,0.194,0.000,4,0,0,6.819,40.347,-359.926,2.007
237.960,YOU reference pilot,original,1,8,26.607,35.598,1.000,0.000,4,0,0,148.038,38.936,-301.409,2.146
237.960,EMBER,tourer,1,8,29.343,28.397,0.000,0.272,4,0,0,126.376,37.537,-294.183,1.285
237.960,GOLD,moto,1,10,40.925,41.221,0.149,0.000,4,0,0,-186.833,31.403,-580.892,1.692
237.960,BLUE,atv,1,8,29.763,29.638,0.000,0.000,4,0,0,4.922,40.663,-368.070,1.973
238.220,YOU reference pilot,original,1,8,28.463,33.371,1.000,0.000,4,0,0,141.473,38.046,-298.665,1.472
238.220,EMBER,tourer,1,8,27.077,25.550,0.000,0.441,4,0,0,119.203,38.082,-292.656,1.669
238.220,GOLD,moto,1,10,38.271,36.791,0.000,0.431,4,0,0,-197.124,31.207,-580.680,1.686
238.220,BLUE,atv,1,8,29.861,28.900,0.000,0.280,2,0,0,3.282,40.558,-375.774,1.904
238.480,YOU reference pilot,original,1,8,29.871,30.984,0.589,0.000,4,0,0,134.388,37.482,-295.968,0.891
238.480,EMBER,tourer,1,8,24.904,24.000,0.000,0.265,4,0,0,112.806,38.857,-290.740,1.427
238.480,GOLD,moto,1,10,35.549,34.363,0.000,0.345,4,0,0,-206.721,30.848,-580.331,1.687
238.480,BLUE,atv,1,8,27.617,25.737,0.000,0.543,4,0,0,1.875,40.034,-383.139,1.879
238.760,YOU reference pilot,original,1,8,29.366,28.397,0.000,0.278,4,0,0,126.349,37.502,-293.638,0.794
238.760,EMBER,tourer,1,8,23.633,24.000,0.179,0.000,4,0,0,106.563,39.780,-288.464,0.805
238.760,GOLD,moto,1,10,32.698,31.749,0.000,0.275,4,0,0,-216.257,30.303,-579.832,1.694
238.760,BLUE,atv,1,8,25.336,24.000,0.000,0.383,4,0,0,0.661,39.252,-390.395,1.904
239.020,YOU reference pilot,original,1,8,26.993,25.550,0.000,0.416,4,0,0,119.210,38.080,-292.036,1.100
239.020,EMBER,tourer,1,8,23.541,24.000,0.227,0.000,4,0,0,100.846,40.699,-286.464,0.655
239.020,GOLD,moto,1,10,29.823,28.900,0.000,0.266,4,0,0,-224.331,29.675,-579.279,1.705
239.020,BLUE,atv,1,8,23.924,24.000,0.051,0.000,4,0,0,-0.246,38.394,-396.645,1.917
239.280,YOU reference pilot,original,1,8,24.915,24.000,0.000,0.268,4,0,0,112.657,38.874,-290.793,1.508
239.280,EMBER,tourer,1,8,23.369,24.000,0.313,0.000,4,0,0,95.072,41.655,-284.774,1.020
239.280,GOLD,moto,1,10,26.773,25.737,0.000,0.297,4,0,0,-231.623,28.960,-578.667,1.715
239.280,BLUE,atv,1,9,23.719,24.000,0.047,0.000,4,0,0,-1.012,37.461,-402.723,1.921
239.560,YOU reference pilot,original,1,8,23.642,24.000,0.175,0.000,4,0,0,106.108,39.801,-289.659,1.900
239.560,EMBER,tourer,1,8,22.795,24.644,0.976,0.000,4,0,0,88.795,42.669,-283.454,1.302
239.560,GOLD,moto,1,10,24.682,24.000,0.000,0.193,4,0,0,-238.726,28.081,-577.963,1.707
239.560,BLUE,atv,1,9,23.819,24.000,0.112,0.000,4,0,0,-1.731,36.413,-409.274,1.919
239.820,YOU reference pilot,original,1,8,23.558,24.000,0.218,0.000,4,0,0,100.131,40.734,-288.670,2.180
239.820,EMBER,tourer,1,8,21.084,21.244,0.064,0.000,4,0,0,83.238,43.489,-282.514,1.559
239.820,GOLD,moto,1,10,23.889,24.000,0.072,0.000,4,0,0,-244.884,27.195,-577.269,1.695
239.820,BLUE,atv,1,9,23.867,24.000,0.086,0.000,4,0,0,-2.318,35.427,-415.366,1.907
240.080,YOU reference pilot,original,1,8,23.507,24.000,0.245,0.000,4,0,0,94.169,41.711,-287.729,2.360
240.080,EMBER,tourer,1,8,20.111,20.017,0.000,0.000,4,0,0,77.929,44.143,-281.778,1.888
240.080,GOLD,moto,1,10,23.928,24.000,0.051,0.000,4,0,0,-250.967,26.247,-576.513,1.691
240.080,BLUE,atv,1,9,25.706,45.735,1.000,0.000,4,0,0,-2.859,34.437,-421.646,1.888
240.360,YOU reference pilot,original,1,8,23.027,21.470,0.000,0.454,4,0,0,87.761,42.752,-286.821,2.449
240.360,EMBER,tourer,1,8,19.236,19.440,0.098,0.000,4,0,0,72.475,44.612,-281.281,2.291
240.360,GOLD,moto,1,10,23.838,24.000,0.103,0.000,4,0,0,-257.493,25.159,-575.637,1.693
240.360,BLUE,atv,1,9,28.429,45.681,1.000,0.000,4,0,0,-3.449,33.337,-429.152,1.861
240.620,YOU reference pilot,original,1,8,21.204,21.250,0.000,0.000,4,0,0,82.114,43.599,-286.093,2.373
240.620,EMBER,tourer,1,8,20.009,21.687,0.907,0.000,4,0,0,67.323,44.744,-281.311,2.564
240.620,GOLD,moto,1,10,23.725,24.000,0.047,0.000,4,0,0,-263.537,24.093,-574.774,1.698
240.620,BLUE,atv,1,9,30.714,45.634,1.000,0.000,4,0,0,-4.014,32.377,-436.782,1.832
240.880,YOU reference pilot,original,1,8,19.891,20.017,0.052,0.000,4,0,0,76.868,44.249,-285.234,1.890
240.880,EMBER,tourer,1,8,20.440,20.602,0.088,0.000,2,0,0,62.037,44.473,-281.889,2.713
240.880,GOLD,moto,1,10,23.877,24.000,0.083,0.000,4,0,0,-269.567,22.988,-573.872,1.705
240.880,BLUE,atv,1,9,31.401,0.000,0.000,1.000,4,0,0,-4.590,31.612,-444.955,1.783
241.160,YOU reference pilot,original,1,8,19.459,20.137,0.358,0.000,3,0,0,71.512,44.677,-284.308,1.116
241.160,EMBER,tourer,1,8,19.531,19.739,0.123,0.000,2,0,0,56.624,43.729,-283.052,2.709
241.160,GOLD,moto,1,10,23.845,24.000,0.102,0.000,4,0,0,-276.052,21.766,-572.867,1.714
241.160,BLUE,atv,1,9,23.916,0.000,0.000,1.000,4,0,0,-5.064,31.290,-452.592,1.676
241.420,YOU reference pilot,original,1,8,20.507,22.134,0.878,0.000,2,0,0,66.319,44.723,-283.892,0.752
241.420,EMBER,tourer,1,8,19.482,19.658,0.112,0.000,4,0,0,51.892,42.714,-284.591,2.608
241.420,GOLD,moto,1,10,23.751,24.000,0.034,0.000,4,0,0,-282.068,20.612,-571.909,1.723
241.420,BLUE,atv,1,9,22.133,43.966,1.000,0.000,4,0,0,-5.337,31.376,-458.234,1.671
241.680,YOU reference pilot,original,1,8,20.416,20.631,0.114,0.000,2,0,0,60.945,44.319,-284.408,0.827
241.680,EMBER,tourer,1,8,19.962,20.269,0.186,0.000,4,0,0,47.312,41.446,-286.590,2.534
241.680,GOLD,moto,1,10,23.899,24.000,0.072,0.000,4,0,0,-288.082,19.449,-570.936,1.731
241.680,BLUE,atv,1,9,24.582,41.325,1.000,0.000,4,0,0,-5.544,31.581,-464.324,1.722
241.960,YOU reference pilot,original,1,8,19.963,20.054,0.063,0.000,4,0,0,55.570,43.404,-285.912,0.766
241.960,EMBER,tourer,1,8,21.136,24.000,1.000,0.000,4,0,0,42.497,39.864,-289.320,2.488
241.960,GOLD,moto,1,10,23.888,24.000,0.078,0.000,4,0,0,-294.551,18.200,-569.879,1.739
241.960,BLUE,atv,1,9,26.916,39.179,1.000,0.000,4,0,0,-5.676,31.978,-471.545,1.808
242.220,YOU reference pilot,original,1,8,19.956,20.173,0.041,0.000,3,0,0,50.942,42.207,-287.980,0.819
242.220,EMBER,tourer,1,8,22.532,23.197,0.380,0.000,4,0,0,38.067,38.315,-292.516,2.510
242.220,GOLD,moto,1,10,23.808,24.000,0.123,0.000,4,0,0,-300.562,17.051,-568.893,1.746
242.220,BLUE,atv,1,9,28.843,39.936,1.000,0.000,4,0,0,-5.699,32.541,-478.791,1.888
242.480,YOU reference pilot,original,1,8,20.968,21.090,0.091,0.000,4,0,0,46.426,40.722,-290.409,0.925
242.480,EMBER,tourer,1,8,23.848,25.268,0.781,0.000,4,0,0,33.701,36.891,-296.449,2.604
242.480,GOLD,moto,1,10,23.934,24.000,0.052,0.000,4,0,0,-306.581,15.921,-567.908,1.752
242.480,BLUE,atv,1,9,30.567,35.453,1.000,0.000,4,0,0,-5.649,33.261,-486.498,1.939
242.760,YOU reference pilot,original,1,8,22.487,22.880,0.237,0.000,4,0,0,41.355,38.915,-293.271,0.679
242.760,EMBER,tourer,1,8,24.128,25.451,0.724,0.000,4,0,0,29.358,35.824,-301.340,2.700
242.760,GOLD,moto,1,11,23.891,24.000,0.076,0.000,4,0,0,-313.065,14.738,-566.857,1.757
242.760,BLUE,atv,1,9,32.088,35.346,1.000,0.000,4,0,0,-5.592,34.160,-495.254,1.950
243.020,YOU reference pilot,original,1,8,23.848,25.088,0.689,0.000,4,0,0,36.649,37.297,-296.660,0.609
243.020,EMBER,tourer,1,8,25.992,32.493,1.000,0.000,4,0,0,25.581,35.411,-306.618,2.710
243.020,GOLD,moto,1,11,23.792,24.000,0.130,0.000,4,0,0,-319.093,13.680,-565.895,1.761
243.020,BLUE,atv,1,9,30.859,29.048,0.000,0.533,4,0,0,-5.657,35.012,-503.411,1.931
243.280,YOU reference pilot,original,1,8,24.299,24.969,0.377,0.000,4,0,0,32.226,36.061,-300.913,0.812
243.280,EMBER,tourer,1,8,27.578,37.281,1.000,0.000,4,0,0,22.057,35.540,-312.626,2.761
243.280,GOLD,moto,1,11,23.909,24.000,0.064,0.000,4,0,0,-325.133,12.669,-564.952,1.765
243.280,BLUE,atv,1,9,29.326,27.520,0.000,0.531,4,0,0,-5.965,35.762,-511.186,1.906
243.560,YOU reference pilot,original,1,8,26.219,29.092,1.000,0.000,4,0,0,27.629,35.381,-306.197,1.257
243.560,EMBER,tourer,1,8,29.004,40.715,1.000,0.000,4,0,0,18.657,36.157,-319.763,2.807
243.560,GOLD,moto,1,11,26.206,48.000,1.000,0.000,4,0,0,-331.908,11.606,-563.924,1.769
243.560,BLUE,atv,1,9,29.084,31.749,1.000,0.000,4,0,0,-6.711,36.376,-519.232,1.875
243.820,YOU reference pilot,original,1,8,27.889,32.567,1.000,0.000,4,0,0,23.487,35.425,-311.885,1.851
243.820,EMBER,tourer,1,8,30.129,38.929,1.000,0.000,4,0,0,15.873,36.979,-326.890,2.754
243.820,GOLD,moto,1,11,29.012,48.000,1.000,0.000,4,0,0,-338.969,10.585,-562.895,1.773
243.820,BLUE,atv,1,9,28.596,28.900,0.014,0.000,2,0,0,-7.902,36.650,-526.678,1.711
244.080,YOU reference pilot,original,1,8,29.186,33.818,1.000,0.000,4,0,0,19.719,35.974,-318.265,2.437
244.080,EMBER,tourer,1,8,31.130,36.904,1.000,0.000,4,0,0,13.391,37.902,-334.411,2.618
244.080,GOLD,moto,1,11,31.565,48.000,1.000,0.000,4,0,0,-346.734,9.587,-561.823,1.780
244.080,BLUE,atv,1,9,27.300,25.737,0.000,0.453,4,0,0,-9.555,36.419,-533.836,1.439
244.360,YOU reference pilot,original,1,8,30.128,35.174,1.000,0.000,4,0,0,16.460,36.845,-325.867,2.569
244.360,EMBER,tourer,1,8,32.122,34.597,1.000,0.000,4,0,0,10.965,38.917,-342.879,2.429
244.360,GOLD,moto,1,11,34.046,48.000,1.000,0.000,4,0,0,-355.820,8.620,-560.658,1.799
244.360,BLUE,atv,1,9,24.632,22.689,0.000,0.560,4,0,0,-11.683,35.856,-540.729,1.403
244.620,YOU reference pilot,original,1,8,30.997,36.904,1.000,0.000,4,0,0,14.466,37.759,-333.513,1.910
244.620,EMBER,tourer,1,8,32.066,31.615,0.000,0.137,4,0,0,8.880,39.775,-350.974,2.262
244.620,GOLD,moto,1,11,36.110,48.000,1.000,0.000,4,0,0,-364.868,7.901,-559.583,1.836
244.620,BLUE,atv,1,9,23.273,23.383,0.067,0.000,4,0,0,-13.937,35.133,-546.450,1.474
244.880,YOU reference pilot,original,1,8,31.873,34.760,1.000,0.000,4,0,0,13.136,38.700,-341.532,0.917
244.880,EMBER,tourer,1,8,30.365,30.376,0.000,0.000,4,0,0,7.006,40.414,-358.800,2.134
244.880,GOLD,moto,1,11,37.955,48.000,1.000,0.000,4,0,0,-374.441,7.369,-558.517,1.846
244.880,BLUE,atv,1,9,21.947,22.147,0.120,0.000,4,0,0,-16.476,34.242,-551.651,1.531
245.160,YOU reference pilot,original,1,8,32.137,32.476,0.161,0.000,4,0,0,11.992,39.648,-350.436,0.999
245.160,EMBER,tourer,1,8,30.204,30.984,0.403,0.000,3,0,0,5.152,40.786,-367.019,2.034
245.160,GOLD,moto,1,11,39.723,48.000,1.000,0.000,4,0,0,-385.265,6.955,-557.372,1.831
245.160,BLUE,atv,1,9,21.593,21.749,0.099,0.000,4,0,0,-19.603,33.222,-556.769,1.542
245.420,YOU reference pilot,original,1,8,30.783,31.271,0.243,0.000,4,0,0,10.902,40.332,-358.460,1.848
245.420,EMBER,tourer,1,8,29.924,28.397,0.000,0.436,2,0,0,3.519,40.729,-374.725,1.941
245.420,GOLD,moto,1,11,41.187,48.000,1.000,0.000,4,0,0,-395.741,6.713,-556.307,1.808
245.420,BLUE,atv,1,9,22.030,22.118,0.059,0.000,4,0,0,-23.001,32.267,-561.163,1.469
245.680,YOU reference pilot,original,1,8,29.984,31.328,0.698,0.000,2,0,0,9.647,40.744,-366.171,2.426
245.680,EMBER,tourer,1,8,27.720,25.550,0.000,0.616,4,0,0,2.079,40.277,-382.105,1.920
245.680,GOLD,moto,1,11,42.499,48.000,1.000,0.000,4,0,0,-406.581,6.604,-555.239,1.790
245.680,BLUE,atv,1,9,22.691,22.096,0.000,0.169,4,0,0,-27.023,31.385,-565.240,1.303
245.960,YOU reference pilot,original,1,8,30.130,30.984,0.446,0.000,2,0,0,7.727,40.772,-374.370,2.382
245.960,EMBER,tourer,1,8,25.784,25.550,0.000,0.000,4,0,0,0.810,39.516,-389.393,1.956
245.960,GOLD,moto,1,11,40.549,35.472,0.000,1.000,4,0,0,-418.423,6.613,-554.109,1.780
245.960,BLUE,atv,1,9,23.806,25.395,0.887,0.000,4,0,0,-32.111,30.649,-569.146,1.074
246.220,YOU reference pilot,original,1,8,28.081,28.397,0.032,0.000,4,0,0,5.505,40.370,-381.604,1.702
246.220,EMBER,tourer,1,8,24.266,24.000,0.000,0.000,4,0,0,-0.151,38.662,-395.737,1.989
246.220,GOLD,moto,1,11,36.417,48.000,1.000,0.000,4,0,0,-428.090,6.708,-553.218,1.781
246.220,BLUE,atv,1,9,21.780,0.000,0.000,1.000,4,0,0,-37.495,30.250,-572.185,0.874
246.480,YOU reference pilot,original,1,8,26.027,25.550,0.000,0.135,4,0,0,3.772,39.697,-388.307,1.211
246.480,EMBER,tourer,1,9,23.758,24.000,0.140,0.000,4,0,0,-0.949,37.745,-401.822,2.008
246.480,GOLD,moto,1,11,38.029,48.000,1.000,0.000,4,0,0,-437.747,6.843,-552.362,1.783
246.480,BLUE,atv,1,9,23.625,32.601,1.000,0.000,4,0,0,-42.909,30.135,-574.348,0.791
246.760,YOU reference pilot,original,1,8,24.062,24.000,0.000,0.000,4,0,0,2.643,38.803,-395.131,1.100
246.760,EMBER,tourer,1,9,23.775,24.000,0.132,0.000,4,0,0,-1.688,36.706,-408.376,2.011
246.760,GOLD,moto,1,11,39.611,48.000,1.000,0.000,4,0,0,-448.595,7.022,-551.444,1.788
246.760,BLUE,atv,1,9,26.140,42.274,1.000,0.000,4,0,0,-49.661,30.061,-576.172,0.739
247.020,YOU reference pilot,original,1,9,23.766,24.000,0.136,0.000,4,0,0,2.058,37.892,-401.238,1.241
247.020,EMBER,tourer,1,9,23.778,24.000,0.131,0.000,4,0,0,-2.281,35.723,-414.465,1.998
247.020,GOLD,moto,1,11,40.952,48.000,1.000,0.000,4,0,0,-459.049,7.210,-550.609,1.797
247.020,BLUE,atv,1,9,28.253,45.725,1.000,0.000,4,0,0,-56.653,30.052,-577.365,0.750
247.280,YOU reference pilot,original,1,9,23.755,24.000,0.143,0.000,4,0,0,1.697,36.928,-407.350,1.520
247.280,EMBER,tourer,1,9,24.916,40.511,1.000,0.000,4,0,0,-2.814,34.745,-420.643,1.972
247.280,GOLD,moto,1,11,42.186,48.000,1.000,0.000,4,0,0,-469.840,7.392,-549.808,1.807
247.280,BLUE,atv,1,9,30.189,45.778,1.000,0.000,4,0,0,-64.234,30.114,-578.117,0.841
247.560,YOU reference pilot,original,1,9,23.792,24.000,0.123,0.000,4,0,0,1.386,35.864,-413.930,1.835
247.560,EMBER,tourer,1,9,27.074,40.452,1.000,0.000,4,0,0,-3.373,33.680,-427.844,1.933
247.560,GOLD,moto,1,11,43.414,48.000,1.000,0.000,4,0,0,-481.812,7.539,-549.006,1.821
247.560,BLUE,atv,1,9,32.097,45.839,1.000,0.000,4,0,0,-72.965,30.226,-578.540,1.012
247.820,YOU reference pilot,original,1,9,24.605,40.949,1.000,0.000,4,0,0,0.748,34.882,-420.062,1.754
247.820,EMBER,tourer,1,9,28.900,40.400,1.000,0.000,4,0,0,-3.897,32.745,-435.057,1.893
247.820,GOLD,moto,1,11,44.474,48.000,1.000,0.000,4,0,0,-493.234,7.577,-548.367,1.812
247.820,BLUE,atv,1,10,33.720,45.898,1.000,0.000,4,0,0,-81.537,30.343,-578.704,1.206
248.080,YOU reference pilot,original,1,9,26.630,32.972,1.000,0.000,4,0,0,-0.470,33.891,-426.556,1.141
248.080,EMBER,tourer,1,9,30.546,40.351,1.000,0.000,4,0,0,-4.436,31.969,-442.737,1.845
248.080,GOLD,moto,1,11,45.472,48.000,1.000,0.000,4,0,0,-504.933,7.463,-547.931,1.822
248.080,BLUE,atv,1,10,35.213,45.961,1.000,0.000,4,0,0,-90.515,30.451,-578.773,1.401
248.360,YOU reference pilot,original,1,9,28.629,34.643,1.000,0.000,4,0,0,-2.138,32.876,-434.062,0.598
248.360,EMBER,tourer,1,9,32.103,40.302,1.000,0.000,4,0,0,-5.007,31.467,-451.480,1.735
248.360,GOLD,moto,1,11,43.524,41.782,0.000,0.508,4,0,0,-517.455,7.294,-547.799,1.928
248.360,BLUE,atv,1,10,36.692,46.031,1.000,0.000,4,0,0,-100.600,30.529,-578.868,1.585
248.620,YOU reference pilot,original,1,9,30.272,36.020,1.000,0.000,4,0,0,-3.677,32.074,-441.532,1.224
248.620,EMBER,tourer,1,9,33.336,40.259,1.000,0.000,4,0,0,-5.451,31.467,-459.977,1.736
248.620,GOLD,moto,1,11,40.663,39.221,0.000,0.421,4,0,0,-528.379,7.188,-547.989,2.009
248.620,BLUE,atv,1,10,34.748,31.551,0.000,0.928,4,0,0,-110.125,30.542,-579.050,1.740
248.880,YOU reference pilot,original,1,9,31.699,37.336,1.000,0.000,4,0,0,-4.959,31.535,-449.474,1.839
248.880,EMBER,tourer,1,9,34.364,37.564,1.000,0.000,4,0,0,-5.737,31.889,-468.766,1.889
248.880,GOLD,moto,1,11,37.910,36.978,0.000,0.273,4,0,0,-538.576,7.089,-548.379,2.029
248.880,BLUE,atv,1,10,30.353,28.782,0.000,0.457,4,0,0,-118.474,30.494,-579.299,1.852
249.160,YOU reference pilot,original,1,9,32.998,38.312,1.000,0.000,4,0,0,-5.886,31.426,-458.485,2.206
249.160,EMBER,tourer,1,9,34.692,34.605,0.000,0.000,4,0,0,-5.838,32.635,-478.457,2.050
249.160,GOLD,moto,1,12,34.958,33.432,0.000,0.444,4,0,0,-548.715,6.983,-548.887,2.004
249.160,BLUE,atv,1,10,27.366,46.247,1.000,0.000,4,0,0,-126.457,30.536,-579.600,1.885
249.420,YOU reference pilot,original,1,9,33.878,37.059,1.000,0.000,4,0,0,-6.159,31.787,-467.176,2.304
249.420,EMBER,tourer,1,9,33.569,34.251,0.342,0.000,4,0,0,-5.787,33.479,-487.278,2.117
249.420,GOLD,moto,1,12,31.920,29.610,0.000,0.671,4,0,0,-557.330,6.891,-549.334,1.964
249.420,BLUE,atv,1,10,29.373,46.322,1.000,0.000,4,0,0,-133.847,30.690,-579.903,1.880
249.680,YOU reference pilot,original,1,9,32.370,25.140,0.000,1.000,4,0,0,-5.501,32.419,-475.922,1.699
249.680,EMBER,tourer,1,9,31.286,28.919,0.000,0.682,4,0,0,-5.703,34.354,-495.632,2.099
249.680,GOLD,moto,1,12,28.890,26.627,0.000,0.657,4,0,0,-565.177,6.808,-549.685,1.923
249.680,BLUE,atv,1,10,31.202,46.398,1.000,0.000,4,0,0,-141.734,30.868,-580.218,1.846
249.960,YOU reference pilot,original,1,9,32.184,33.672,0.767,0.000,4,0,0,-4.528,33.238,-484.732,0.949
249.960,EMBER,tourer,1,9,28.315,26.129,0.000,0.630,4,0,0,-5.714,35.214,-503.912,2.018
249.960,GOLD,moto,1,12,25.819,24.481,0.000,0.389,4,0,0,-572.754,6.727,-549.896,1.889
249.960,BLUE,atv,1,10,33.000,46.476,1.000,0.000,4,0,0,-150.737,31.069,-580.529,1.797
250.220,YOU reference pilot,original,1,9,30.655,30.846,0.083,0.000,4,0,0,-4.128,34.069,-492.881,0.751
250.220,EMBER,tourer,1,9,26.706,24.615,0.000,0.603,4,0,0,-5.926,35.885,-511.006,1.924
250.220,GOLD,moto,1,12,22.911,22.394,0.000,0.152,4,0,0,-578.967,6.662,-549.901,1.873
250.220,BLUE,atv,1,10,34.529,46.476,1.000,0.000,4,0,0,-159.529,31.245,-580.758,1.757
250.480,YOU reference pilot,original,1,9,28.504,28.751,0.000,0.000,4,0,0,-4.264,34.859,-500.450,0.837
250.480,EMBER,tourer,1,9,26.377,28.592,1.000,0.000,4,0,0,-6.429,36.404,-517.741,1.833
250.480,GOLD,moto,1,12,19.268,18.130,0.000,0.331,4,0,0,-584.405,6.607,-549.709,1.871
250.480,BLUE,atv,1,10,35.943,45.219,1.000,0.000,4,0,0,-168.706,31.377,-580.903,1.728
250.760,YOU reference pilot,original,1,9,27.282,27.383,0.000,0.000,4,0,0,-4.826,35.627,-508.202,1.092
250.760,EMBER,tourer,1,9,26.990,26.958,0.000,0.000,2,0,0,-7.458,36.753,-525.232,1.663
250.760,GOLD,moto,1,12,16.267,13.621,0.000,0.766,4,0,0,-589.459,6.556,-549.309,1.860
250.760,BLUE,atv,1,10,37.358,43.267,1.000,0.000,4,0,0,-178.987,31.433,-580.942,1.710
251.020,YOU reference pilot,original,1,9,26.474,26.929,0.229,0.000,4,0,0,-5.642,36.217,-515.104,1.378
251.020,EMBER,tourer,1,9,25.497,25.283,0.000,0.000,4,0,0,-8.859,36.646,-531.964,1.368
251.020,GOLD,moto,1,12,13.044,12.378,0.000,0.193,4,0,0,-593.110,6.522,-548.896,1.765
251.020,BLUE,atv,1,10,38.384,39.069,0.355,0.000,4,0,0,-188.869,31.366,-580.847,1.702
251.280,YOU reference pilot,original,1,9,27.343,29.306,1.000,0.000,4,0,0,-6.777,36.645,-522.000,1.604
251.280,EMBER,tourer,1,9,23.820,23.179,0.000,0.182,3,0,0,-10.583,36.260,-538.106,1.290
251.280,GOLD,moto,1,12,12.422,10.206,0.000,0.641,4,0,0,-596.376,6.494,-548.469,1.546
251.280,BLUE,atv,1,10,37.593,36.791,0.000,0.235,4,0,0,-198.816,31.149,-580.613,1.698
251.560,YOU reference pilot,original,1,9,26.524,25.017,0.000,0.431,2,0,0,-8.389,36.747,-529.448,1.562
251.560,EMBER,tourer,1,9,21.612,19.891,0.000,0.486,4,0,0,-12.727,35.598,-544.087,1.327
251.560,GOLD,moto,1,12,9.123,8.337,0.000,0.228,4,0,0,-599.264,6.471,-548.087,1.362
251.560,BLUE,atv,1,10,34.929,34.363,0.000,0.166,4,0,0,-208.907,30.738,-580.220,1.697
251.820,YOU reference pilot,original,1,9,24.824,24.205,0.000,0.176,4,0,0,-10.149,36.417,-535.890,1.487
251.820,EMBER,tourer,1,9,20.201,20.459,0.049,0.000,4,0,0,-14.898,34.849,-548.990,1.385
251.820,GOLD,moto,1,12,8.197,8.448,0.147,0.000,4,0,0,-601.468,6.454,-547.804,1.334
251.820,BLUE,atv,1,10,32.312,31.749,0.000,0.163,4,0,0,-217.544,30.210,-579.747,1.699
252.080,YOU reference pilot,original,1,9,22.605,22.645,0.000,0.000,4,0,0,-12.093,35.894,-541.730,1.523
252.080,EMBER,tourer,1,9,19.448,19.607,0.096,0.000,4,0,0,-17.286,34.044,-553.452,1.435
252.080,GOLD,moto,1,12,9.242,10.641,0.825,0.000,4,0,0,-603.663,6.435,-547.516,1.403
252.080,BLUE,atv,1,10,29.529,28.900,0.000,0.181,4,0,0,-225.459,29.571,-579.189,1.709
252.360,YOU reference pilot,original,1,9,21.102,19.897,0.000,0.338,4,0,0,-14.366,35.114,-547.342,1.564
252.360,EMBER,tourer,1,9,19.395,19.489,0.063,0.000,4,0,0,-20.210,33.137,-557.929,1.432
252.360,GOLD,moto,1,12,12.934,27.667,1.000,0.000,4,0,0,-606.726,6.409,-546.961,1.796
252.360,BLUE,atv,1,10,26.422,25.737,0.000,0.195,4,0,0,-233.141,28.785,-578.525,1.715
252.620,YOU reference pilot,original,1,9,19.976,20.217,0.043,0.000,4,0,0,-16.685,34.297,-552.053,1.576
252.620,EMBER,tourer,1,9,19.662,19.783,0.076,0.000,4,0,0,-23.340,32.307,-561.819,1.359
252.620,GOLD,moto,1,12,10.255,10.000,0.000,0.000,4,0,0,-609.460,6.385,-545.997,2.629
252.620,BLUE,atv,1,10,24.536,24.000,0.000,0.151,4,0,0,-239.636,27.954,-577.865,1.704
252.880,YOU reference pilot,original,1,9,19.689,19.854,0.100,0.000,4,0,0,-19.295,33.442,-556.417,1.548
252.880,EMBER,tourer,1,9,19.993,19.763,0.000,0.000,4,0,0,-26.965,31.549,-565.440,1.202
252.880,GOLD,moto,1,12,9.856,10.000,0.073,0.000,4,0,0,-611.585,6.373,-544.548,1.721
252.880,BLUE,atv,1,10,23.720,24.000,0.046,0.000,4,0,0,-245.761,27.060,-577.164,1.693
253.160,YOU reference pilot,original,1,9,20.107,20.191,0.058,0.000,4,0,0,-22.558,32.510,-560.811,1.440
253.160,EMBER,tourer,1,9,19.057,14.964,0.000,1.000,4,0,0,-31.334,30.921,-568.853,1.015
253.160,GOLD,moto,1,12,12.610,48.000,1.000,0.000,4,0,0,-613.530,6.393,-542.180,0.518
253.160,BLUE,atv,1,10,23.814,24.000,0.114,0.000,4,0,0,-252.302,26.029,-576.339,1.691
253.420,YOU reference pilot,original,1,9,19.424,19.440,0.000,0.000,4,0,0,-26.001,31.730,-564.496,1.288
253.420,EMBER,tourer,1,9,18.491,24.263,1.000,0.000,4,0,0,-35.293,30.599,-571.223,0.934
253.420,GOLD,moto,1,12,15.895,48.000,1.000,0.000,4,0,0,-615.106,6.417,-538.784,1.119
253.420,BLUE,atv,1,10,23.870,24.000,0.084,0.000,4,0,0,-258.363,25.008,-575.515,1.693
253.680,YOU reference pilot,original,1,9,17.475,21.801,1.000,0.000,4,0,0,-29.484,31.162,-567.455,1.136
253.680,EMBER,tourer,1,9,20.646,27.003,1.000,0.000,4,0,0,-39.948,30.395,-573.319,0.904
253.680,GOLD,moto,1,12,18.974,48.000,1.000,0.000,4,0,0,-616.125,6.439,-534.330,1.624
253.680,BLUE,atv,1,10,23.728,24.000,0.044,0.000,4,0,0,-264.405,23.936,-574.646,1.699
253.960,YOU reference pilot,original,1,9,20.082,23.942,1.000,0.000,4,0,0,-33.889,30.695,-570.332,1.042
253.960,EMBER,tourer,1,9,22.744,34.662,1.000,0.000,4,0,0,-45.738,30.261,-575.222,0.863
253.960,GOLD,moto,1,12,22.123,48.000,1.000,0.000,4,0,0,-616.529,6.467,-528.555,1.426
253.960,BLUE,atv,1,10,23.902,24.000,0.068,0.000,4,0,0,-270.897,22.739,-573.668,1.708
254.220,YOU reference pilot,original,1,9,22.202,26.486,1.000,0.000,4,0,0,-38.817,30.408,-572.793,0.944
254.220,EMBER,tourer,1,9,24.515,39.552,1.000,0.000,4,0,0,-51.748,30.210,-576.585,0.847
254.220,GOLD,moto,1,12,24.860,48.000,1.000,0.000,4,0,0,-616.458,6.495,-522.416,0.759
254.220,BLUE,atv,1,10,23.827,24.000,0.110,0.000,4,0,0,-276.910,21.602,-572.731,1.716
254.480,YOU reference pilot,original,1,9,24.077,28.293,1.000,0.000,4,0,0,-44.479,30.269,-574.878,0.850
254.480,EMBER,tourer,1,9,26.152,40.204,1.000,0.000,4,0,0,-58.282,30.224,-577.545,0.887
254.480,GOLD,moto,1,12,27.393,48.000,1.000,0.000,4,0,0,-616.234,6.526,-515.597,0.636
254.480,BLUE,atv,1,10,23.734,24.000,0.043,0.000,4,0,0,-282.922,20.447,-571.772,1.725
254.760,YOU reference pilot,original,1,9,25.936,29.993,1.000,0.000,4,0,0,-51.281,30.206,-576.607,0.772
254.760,EMBER,tourer,1,9,27.786,40.246,1.000,0.000,4,0,0,-65.824,30.292,-578.178,0.999
254.760,GOLD,moto,1,12,29.893,48.000,1.000,0.000,4,0,0,-616.079,6.565,-507.548,1.352
254.760,BLUE,atv,1,10,23.920,24.000,0.059,0.000,4,0,0,-289.394,19.195,-570.722,1.733
255.020,YOU reference pilot,original,1,9,27.531,42.426,1.000,0.000,4,0,0,-58.089,30.218,-578.082,0.622
255.020,EMBER,tourer,1,9,29.193,40.288,1.000,0.000,4,0,0,-73.240,30.384,-578.481,1.156
255.020,GOLD,moto,1,12,32.022,48.000,1.000,0.000,4,0,0,-616.142,6.608,-499.475,1.840
255.020,BLUE,atv,1,10,23.841,24.000,0.103,0.000,4,0,0,-295.400,18.037,-569.739,1.741
255.280,YOU reference pilot,original,1,9,28.952,42.426,1.000,0.000,4,0,0,-65.281,30.285,-579.645,0.966
255.280,EMBER,tourer,1,10,30.503,40.333,1.000,0.000,4,0,0,-81.014,30.487,-578.610,1.341
255.280,GOLD,moto,1,12,33.985,48.000,1.000,0.000,4,0,0,-616.416,6.656,-490.875,2.067
255.280,BLUE,atv,1,10,23.740,24.000,0.040,0.000,4,0,0,-301.410,16.890,-568.754,1.747
255.560,YOU reference pilot,original,1,9,30.182,42.426,1.000,0.000,4,0,0,-73.497,30.389,-580.805,1.489
255.560,EMBER,tourer,1,10,31.814,40.384,1.000,0.000,4,0,0,-89.753,30.590,-578.665,1.539
255.560,GOLD,moto,1,12,35.929,48.000,1.000,0.000,4,0,0,-616.880,6.711,-481.075,2.087
255.560,BLUE,atv,1,10,23.916,24.000,0.061,0.000,4,0,0,-307.888,15.680,-567.696,1.753
255.820,YOU reference pilot,original,1,10,31.282,35.574,1.000,0.000,4,0,0,-81.499,30.494,-580.946,1.314
255.820,EMBER,tourer,1,10,32.947,40.435,1.000,0.000,4,0,0,-98.185,30.660,-578.729,1.698
255.820,GOLD,moto,1,12,37.587,48.000,1.000,0.000,4,0,0,-617.379,6.765,-471.512,1.991
255.820,BLUE,atv,1,11,23.828,24.000,0.109,0.000,4,0,0,-313.903,14.588,-566.723,1.757
256.080,YOU reference pilot,original,1,10,32.392,36.525,1.000,0.000,4,0,0,-89.775,30.591,-580.469,0.775
256.080,EMBER,tourer,1,10,34.010,40.489,1.000,0.000,4,0,0,-106.903,30.686,-578.876,1.830
256.080,GOLD,moto,1,12,39.114,48.000,1.000,0.000,4,0,0,-617.866,6.821,-461.535,1.865
256.080,BLUE,atv,1,11,23.934,24.000,0.050,0.000,4,0,0,-319.934,13.536,-565.763,1.762
256.360,YOU reference pilot,original,1,10,32.833,33.089,0.000,0.000,4,0,0,-98.960,30.665,-579.755,0.870
256.360,EMBER,tourer,1,10,29.917,28.047,0.000,0.534,4,0,0,-115.854,30.653,-579.132,1.949
256.360,GOLD,moto,1,12,40.623,48.000,1.000,0.000,4,0,0,-618.327,6.884,-450.363,1.754
256.360,BLUE,atv,1,11,23.855,24.000,0.093,0.000,4,0,0,-326.434,12.460,-564.752,1.766
256.620,YOU reference pilot,original,1,10,30.414,30.726,0.158,0.000,4,0,0,-107.077,30.685,-579.283,1.464
256.620,EMBER,tourer,1,10,27.862,40.607,1.000,0.000,4,0,0,-123.223,30.655,-579.417,1.973
256.620,GOLD,moto,1,12,41.910,48.000,1.000,0.000,4,0,0,-618.678,6.945,-439.625,1.697
256.620,BLUE,atv,1,11,26.396,46.476,1.000,0.000,4,0,0,-332.826,11.469,-563.788,1.770
256.880,YOU reference pilot,original,1,10,27.944,28.132,0.000,0.000,4,0,0,-114.660,30.656,-579.104,1.925
256.880,EMBER,tourer,1,10,29.273,40.668,1.000,0.000,4,0,0,-130.656,30.776,-579.746,1.955
256.880,GOLD,moto,1,12,43.096,48.000,1.000,0.000,4,0,0,-618.961,7.006,-428.564,1.683
256.880,BLUE,atv,1,11,28.873,46.476,1.000,0.000,4,0,0,-339.893,10.461,-562.764,1.774
257.160,YOU reference pilot,original,1,10,25.930,33.537,1.000,0.000,4,0,0,-122.092,30.647,-579.182,2.152
257.160,EMBER,tourer,1,10,30.662,40.736,1.000,0.000,4,0,0,-139.052,30.958,-580.119,1.901
257.160,GOLD,moto,1,12,44.269,48.000,1.000,0.000,4,0,0,-619.215,7.074,-416.321,1.699
257.160,BLUE,atv,1,11,31.281,46.476,1.000,0.000,4,0,0,-348.198,9.420,-561.630,1.781
257.420,YOU reference pilot,original,1,10,27.485,34.958,1.000,0.000,4,0,0,-129.047,30.749,-579.431,2.195
257.420,EMBER,tourer,1,10,31.849,40.800,1.000,0.000,4,0,0,-147.183,31.141,-580.441,1.838
257.420,GOLD,moto,1,12,45.270,48.000,1.000,0.000,4,0,0,-619.427,7.136,-404.671,1.726
257.420,BLUE,atv,1,11,33.287,46.476,1.000,0.000,4,0,0,-356.501,8.564,-560.576,1.801
257.680,YOU reference pilot,original,1,10,28.902,36.255,1.000,0.000,4,0,0,-136.382,30.900,-579.784,2.129
257.680,EMBER,tourer,1,10,32.951,40.867,1.000,0.000,4,0,0,-155.614,31.319,-580.708,1.783
257.680,GOLD,moto,1,12,46.184,48.000,0.939,0.000,4,0,0,-619.635,7.199,-392.773,1.751
257.680,BLUE,atv,1,11,35.080,46.476,1.000,0.000,4,0,0,-365.318,7.882,-559.535,1.836
257.960,YOU reference pilot,original,1,10,30.292,37.544,1.000,0.000,4,0,0,-144.673,31.085,-580.198,1.998
257.960,EMBER,tourer,1,10,34.058,40.940,1.000,0.000,4,0,0,-165.006,31.477,-580.906,1.742
257.960,GOLD,moto,1,13,46.804,48.000,0.614,0.000,4,0,0,-619.867,7.266,-379.741,1.769
257.960,BLUE,atv,1,11,36.788,46.476,1.000,0.000,4,0,0,-375.321,7.340,-558.426,1.843
258.220,YOU reference pilot,original,1,10,31.472,38.661,1.000,0.000,4,0,0,-152.707,31.261,-580.546,1.874
258.220,EMBER,tourer,1,10,35.026,41.010,1.000,0.000,4,0,0,-174.000,31.562,-580.989,1.721
258.220,GOLD,moto,1,13,47.108,48.000,0.455,0.000,4,0,0,-620.096,7.327,-367.527,1.777
258.220,BLUE,atv,1,11,38.193,46.476,1.000,0.000,4,0,0,-385.021,6.971,-557.403,1.828
258.480,YOU reference pilot,original,1,10,32.562,39.716,1.000,0.000,4,0,0,-161.039,31.418,-580.813,1.778
258.480,EMBER,tourer,1,10,35.947,39.679,1.000,0.000,4,0,0,-183.240,31.558,-580.962,1.713
258.480,GOLD,moto,1,13,47.277,48.000,0.367,0.000,4,0,0,-620.340,7.386,-355.256,1.779
258.480,BLUE,atv,1,11,39.443,46.476,1.000,0.000,4,0,0,-395.071,6.733,-556.379,1.807
258.760,YOU reference pilot,original,1,10,33.652,40.582,1.000,0.000,4,0,0,-170.322,31.536,-580.980,1.717
258.760,EMBER,tourer,1,10,36.628,37.694,0.549,0.000,4,0,0,-193.426,31.420,-580.799,1.712
258.760,GOLD,moto,1,13,47.378,48.000,0.314,0.000,4,0,0,-620.619,7.447,-342.005,1.780
258.760,BLUE,atv,1,11,40.637,46.476,1.000,0.000,4,0,0,-406.239,6.613,-555.276,1.789
259.020,YOU reference pilot,original,1,10,34.599,39.634,1.000,0.000,4,0,0,-179.208,31.572,-581.011,1.694
259.020,EMBER,tourer,1,10,35.394,35.598,0.102,0.000,4,0,0,-202.790,31.143,-580.518,1.710
259.020,GOLD,moto,1,13,47.430,48.000,0.286,0.000,4,0,0,-620.893,7.502,-329.682,1.786
259.020,BLUE,atv,1,11,38.690,35.905,0.000,0.809,4,0,0,-416.713,6.612,-554.272,1.781
259.280,YOU reference pilot,original,1,10,35.496,37.694,1.000,0.000,4,0,0,-188.334,31.508,-580.918,1.694
259.280,EMBER,tourer,1,10,33.179,30.984,0.000,0.625,4,0,0,-211.670,30.720,-580.126,1.709
259.280,GOLD,moto,1,13,47.461,48.000,0.271,0.000,4,0,0,-621.172,7.553,-317.349,1.786
259.280,BLUE,atv,1,11,34.487,32.923,0.000,0.456,4,0,0,-426.093,6.690,-553.401,1.781
259.560,YOU reference pilot,original,1,10,35.383,35.598,0.107,0.000,4,0,0,-198.326,31.295,-580.675,1.704
259.560,EMBER,tourer,1,10,30.521,28.397,0.000,0.603,4,0,0,-220.548,30.121,-579.596,1.710
259.560,GOLD,moto,1,13,47.479,48.000,0.261,0.000,4,0,0,-621.463,7.607,-304.060,1.774
259.560,BLUE,atv,1,11,35.351,46.476,1.000,0.000,4,0,0,-435.752,6.817,-552.537,1.783
259.820,YOU reference pilot,original,1,10,34.158,33.371,0.000,0.225,4,0,0,-207.408,30.945,-580.325,1.714
259.820,EMBER,tourer,1,10,27.920,25.550,0.000,0.672,4,0,0,-228.106,29.459,-579.025,1.718
259.820,GOLD,moto,1,13,47.489,48.000,0.256,0.000,4,0,0,-621.715,7.655,-291.717,1.764
259.820,BLUE,atv,1,11,36.711,46.476,1.000,0.000,4,0,0,-445.100,6.964,-551.736,1.786
260.080,YOU reference pilot,original,1,10,31.880,30.984,0.000,0.255,4,0,0,-215.967,30.456,-579.875,1.721
260.080,EMBER,tourer,1,10,25.877,24.000,0.000,0.530,4,0,0,-234.975,28.703,-578.399,1.718
260.080,GOLD,moto,1,13,47.495,48.000,0.253,0.000,4,0,0,-621.949,7.703,-279.371,1.759
260.080,BLUE,atv,1,11,37.952,46.476,1.000,0.000,4,0,0,-454.787,7.135,-550.945,1.792
260.360,YOU reference pilot,original,1,10,29.279,28.397,0.000,0.250,4,0,0,-224.471,29.798,-579.298,1.729
260.360,EMBER,tourer,1,10,24.087,24.000,0.000,0.000,4,0,0,-241.840,27.783,-577.670,1.707
260.360,GOLD,moto,1,13,47.499,48.000,0.251,0.000,4,0,0,-622.182,7.752,-266.074,1.758
260.360,BLUE,atv,1,11,39.175,46.476,1.000,0.000,4,0,0,-465.566,7.324,-550.120,1.800
260.620,YOU reference pilot,original,1,10,26.642,25.550,0.000,0.308,4,0,0,-231.697,29.091,-578.854,1.593
260.620,EMBER,tourer,1,10,23.827,24.000,0.103,0.000,4,0,0,-247.927,26.872,-576.941,1.704
260.620,GOLD,moto,1,13,47.501,48.000,0.249,0.000,4,0,0,-622.386,7.798,-253.725,1.761
260.620,BLUE,atv,1,11,40.217,46.476,1.000,0.000,4,0,0,-475.874,7.474,-549.394,1.811
260.880,YOU reference pilot,original,1,10,24.832,24.000,0.000,0.233,4,0,0,-238.336,28.283,-578.839,1.054
260.880,EMBER,tourer,1,10,23.815,24.000,0.111,0.000,4,0,0,-253.999,25.896,-576.148,1.711
260.880,GOLD,moto,1,13,47.503,48.000,0.249,0.000,4,0,0,-622.581,7.843,-241.376,1.764
260.880,BLUE,atv,1,11,41.185,46.476,1.000,0.000,4,0,0,-486.448,7.565,-548.732,1.817
261.160,YOU reference pilot,original,1,10,23.852,24.000,0.089,0.000,4,0,0,-245.037,27.344,-579.081,0.724
261.160,EMBER,tourer,1,10,23.877,24.000,0.079,0.000,4,0,0,-260.517,24.779,-575.236,1.723
261.160,GOLD,moto,1,13,47.504,48.000,0.248,0.000,4,0,0,-622.784,7.890,-228.077,1.767
261.160,BLUE,atv,1,11,42.160,46.476,1.000,0.000,4,0,0,-498.116,7.538,-548.160,1.791
261.420,YOU reference pilot,original,1,10,23.829,24.000,0.103,0.000,4,0,0,-251.161,26.416,-579.261,1.335
261.420,EMBER,tourer,1,10,23.919,24.000,0.057,0.000,4,0,0,-266.555,23.693,-574.344,1.736
261.420,GOLD,moto,1,13,47.504,48.000,0.248,0.000,4,0,0,-622.968,7.934,-215.728,1.768
261.420,BLUE,atv,1,11,42.988,44.399,0.726,0.000,4,0,0,-509.194,7.391,-547.856,1.838
261.680,YOU reference pilot,original,1,10,23.808,24.000,0.114,0.000,4,0,0,-257.281,25.423,-579.222,2.033
261.680,EMBER,tourer,1,10,23.764,24.000,0.141,0.000,4,0,0,-272.577,22.574,-573.421,1.749
261.680,GOLD,moto,1,13,47.505,48.000,0.248,0.000,4,0,0,-623.149,7.977,-203.378,1.769
261.680,BLUE,atv,1,11,42.199,41.313,0.000,0.261,4,0,0,-520.327,7.264,-547.836,1.941
261.960,YOU reference pilot,original,1,10,23.716,24.000,0.048,0.000,4,0,0,-263.841,24.287,-578.677,2.389
261.960,EMBER,tourer,1,10,23.873,24.000,0.083,0.000,4,0,0,-279.058,21.342,-572.397,1.763
261.960,GOLD,moto,1,13,47.493,48.000,0.253,0.000,4,0,0,-623.185,8.023,-190.078,1.918
261.960,BLUE,atv,1,11,39.395,39.310,0.000,0.000,4,0,0,-531.726,7.158,-548.105,2.014
262.220,YOU reference pilot,original,1,10,23.891,24.000,0.071,0.000,4,0,0,-269.807,23.191,-577.396,2.011
262.220,EMBER,tourer,1,10,23.727,24.000,0.046,0.000,4,0,0,-285.068,20.184,-571.428,1.774
262.220,GOLD,moto,1,13,47.496,48.000,0.252,0.000,4,0,0,-622.862,8.066,-177.734,2.402
262.220,BLUE,atv,1,12,36.685,34.873,0.000,0.527,4,0,0,-541.592,7.058,-548.524,2.023
262.480,YOU reference pilot,original,1,10,23.926,24.000,0.052,0.000,4,0,0,-275.658,22.070,-575.672,1.265
262.480,EMBER,tourer,1,10,23.819,24.000,0.112,0.000,4,0,0,-291.074,19.023,-570.448,1.784
262.480,GOLD,moto,1,13,47.498,48.000,0.251,0.000,4,0,0,-622.492,8.109,-165.390,2.936
262.480,BLUE,atv,1,12,33.711,32.006,0.000,0.496,4,0,0,-550.714,6.961,-548.991,1.997
262.760,YOU reference pilot,original,1,10,23.743,24.000,0.036,0.000,4,0,0,-282.030,20.836,-574.114,0.843
262.760,EMBER,tourer,1,10,23.931,24.000,0.052,0.000,4,0,0,-297.547,17.778,-569.385,1.793
262.760,GOLD,moto,1,14,47.497,48.000,0.251,0.000,4,0,0,-622.298,8.155,-152.092,3.311
262.760,BLUE,atv,1,12,30.523,29.030,0.000,0.434,4,0,0,-559.698,6.866,-549.448,1.954
263.020,YOU reference pilot,original,1,10,23.786,24.000,0.129,0.000,4,0,0,-288.046,19.676,-573.178,0.856
263.020,EMBER,tourer,1,10,23.791,24.000,0.127,0.000,4,0,0,-303.554,16.640,-568.399,1.801
263.020,GOLD,moto,1,14,47.498,48.000,0.251,0.000,4,0,0,-622.345,8.197,-139.743,3.435
263.020,BLUE,atv,1,12,27.632,26.027,0.000,0.467,4,0,0,-567.273,6.786,-549.759,1.914
263.280,YOU reference pilot,original,1,10,23.869,24.000,0.085,0.000,4,0,0,-294.102,18.519,-572.559,1.117
263.280,EMBER,tourer,1,11,23.865,24.000,0.087,0.000,4,0,0,-309.568,15.526,-567.417,1.807
263.280,GOLD,moto,1,14,47.501,48.000,0.250,0.000,4,0,0,-622.538,8.240,-127.395,3.415
263.280,BLUE,atv,1,12,24.676,22.495,0.000,0.633,4,0,0,-574.094,6.713,-549.913,1.884
263.560,YOU reference pilot,original,1,10,23.774,24.000,0.136,0.000,4,0,0,-300.635,17.285,-572.018,1.562
263.560,EMBER,tourer,1,11,23.740,24.000,0.038,0.000,4,0,0,-316.052,14.364,-566.371,1.814
263.560,GOLD,moto,1,14,47.503,48.000,0.249,0.000,4,0,0,-622.811,8.287,-114.097,3.331
263.560,BLUE,atv,1,12,21.878,20.398,0.000,0.430,4,0,0,-580.564,6.646,-549.868,1.871
263.820,YOU reference pilot,original,1,10,23.854,24.000,0.093,0.000,4,0,0,-306.703,16.158,-571.485,1.976
263.820,EMBER,tourer,1,11,23.781,24.000,0.131,0.000,4,0,0,-322.084,13.329,-565.416,1.820
263.820,GOLD,moto,1,14,47.504,48.000,0.248,0.000,4,0,0,-623.061,8.330,-101.749,3.261
263.820,BLUE,atv,1,12,18.609,17.940,0.000,0.195,4,0,0,-585.692,6.594,-549.628,1.872
264.080,YOU reference pilot,original,1,11,23.859,24.000,0.085,0.000,4,0,0,-312.759,15.057,-570.773,2.222
264.080,EMBER,tourer,1,11,24.414,41.569,1.000,0.000,4,0,0,-328.155,12.343,-564.477,1.826
264.080,GOLD,moto,1,14,47.504,48.000,0.248,0.000,4,0,0,-623.282,8.374,-89.400,3.221
264.080,BLUE,atv,1,12,15.068,12.665,0.000,0.696,4,0,0,-590.146,6.550,-549.238,1.848
264.360,YOU reference pilot,original,1,11,23.868,24.000,0.084,0.000,4,0,0,-319.185,13.913,-569.389,1.881
264.360,EMBER,tourer,1,11,26.621,41.569,1.000,0.000,4,0,0,-335.166,11.282,-563.429,1.832
264.360,GOLD,moto,1,14,47.505,48.000,0.248,0.000,4,0,0,-623.493,8.421,-76.100,3.212
264.360,BLUE,atv,1,12,12.505,12.382,0.000,0.000,4,0,0,-593.872,6.515,-548.796,1.728
264.620,YOU reference pilot,original,1,11,23.882,24.000,0.076,0.000,4,0,0,-325.041,12.906,-567.635,1.130
264.620,EMBER,tourer,1,11,28.492,41.569,1.000,0.000,4,0,0,-342.211,10.316,-562.422,1.840
264.620,GOLD,moto,1,14,47.505,48.000,0.248,0.000,4,0,0,-623.678,8.466,-63.751,3.220
264.620,BLUE,atv,1,12,11.197,9.641,0.000,0.451,4,0,0,-597.001,6.489,-548.381,1.510
264.880,YOU reference pilot,original,1,11,25.172,33.441,1.000,0.000,4,0,0,-330.981,11.942,-565.724,0.627
264.880,EMBER,tourer,1,11,30.195,41.569,1.000,0.000,4,0,0,-349.734,9.415,-561.407,1.851
264.880,GOLD,moto,1,14,47.505,48.000,0.248,0.000,4,0,0,-623.865,8.512,-51.401,3.232
264.880,BLUE,atv,1,12,8.695,8.072,0.000,0.181,4,0,0,-599.488,6.469,-548.052,1.365
265.160,YOU reference pilot,original,1,11,27.304,35.439,1.000,0.000,4,0,0,-337.978,10.895,-563.661,1.255
265.160,EMBER,tourer,1,11,31.845,41.569,1.000,0.000,4,0,0,-358.325,8.578,-560.330,1.878
265.160,GOLD,moto,1,14,47.504,48.000,0.248,0.000,4,0,0,-624.078,8.562,-38.101,3.243
265.160,BLUE,atv,1,12,7.972,8.179,0.120,0.000,4,0,0,-601.756,6.452,-547.762,1.335
265.420,YOU reference pilot,original,1,11,29.076,37.065,1.000,0.000,4,0,0,-345.061,9.954,-561.952,1.915
265.420,EMBER,tourer,1,11,33.213,41.569,1.000,0.000,4,0,0,-366.714,7.973,-559.354,1.906
265.420,GOLD,moto,1,14,47.504,48.000,0.248,0.000,4,0,0,-624.287,8.611,-25.752,3.247
265.420,BLUE,atv,1,12,9.126,10.303,0.685,0.000,4,0,0,-603.907,6.433,-547.478,1.420
265.680,YOU reference pilot,original,1,11,30.674,38.475,1.000,0.000,4,0,0,-352.667,9.096,-560.549,2.315
265.680,EMBER,tourer,1,11,34.436,41.569,1.000,0.000,4,0,0,-375.453,7.508,-558.396,1.905
265.680,GOLD,moto,1,14,47.504,48.000,0.248,0.000,4,0,0,-624.506,8.661,-13.403,3.247
265.680,BLUE,atv,1,12,12.376,18.353,1.000,0.000,4,0,0,-606.671,6.409,-546.976,1.782
265.960,YOU reference pilot,original,1,11,32.216,39.804,1.000,0.000,4,0,0,-361.370,8.328,-559.371,2.464
265.960,EMBER,tourer,1,11,35.609,41.569,1.000,0.000,4,0,0,-385.208,7.136,-557.376,1.881
265.960,GOLD,moto,1,14,47.503,48.000,0.248,0.000,4,0,0,-624.748,8.715,-0.105,3.245
265.960,BLUE,atv,1,12,10.201,10.000,0.000,0.000,4,0,0,-609.609,6.384,-545.935,2.670
266.220,YOU reference pilot,original,1,11,33.487,40.886,1.000,0.000,4,0,0,-369.859,7.785,-558.498,2.391
266.220,EMBER,tourer,1,11,36.582,41.569,1.000,0.000,4,0,0,-394.550,6.912,-556.431,1.856
266.220,GOLD,moto,1,14,47.503,48.000,0.249,0.000,4,0,0,-624.977,8.767,12.244,3.243
266.220,BLUE,atv,1,12,9.862,10.000,0.072,0.000,4,0,0,-611.716,6.374,-544.461,1.617
266.480,YOU reference pilot,original,1,11,34.616,41.687,1.000,0.000,4,0,0,-378.678,7.365,-557.730,2.207
266.480,EMBER,tourer,1,11,37.455,41.569,1.000,0.000,4,0,0,-404.135,6.794,-555.484,1.837
266.480,GOLD,moto,1,14,47.503,48.000,0.249,0.000,4,0,0,-625.207,8.819,24.592,3.241
266.480,BLUE,atv,1,12,12.139,46.476,1.000,0.000,4,0,0,-613.486,6.392,-542.300,0.526
266.760,YOU reference pilot,original,1,11,35.688,41.606,1.000,0.000,4,0,0,-388.490,7.042,-556.914,1.992
266.760,EMBER,tourer,1,11,38.296,41.569,1.000,0.000,4,0,0,-414.698,6.770,-554.465,1.828
266.760,GOLD,moto,1,14,47.502,48.000,0.249,0.000,4,0,0,-625.456,8.875,37.891,3.239
266.760,BLUE,atv,1,12,15.434,46.476,1.000,0.000,4,0,0,-615.120,6.417,-538.760,1.129
267.020,YOU reference pilot,original,1,11,36.566,39.240,1.000,0.000,4,0,0,-397.854,6.859,-556.109,1.841
267.020,EMBER,tourer,1,11,34.253,41.569,1.000,0.000,4,0,0,-424.055,6.826,-553.586,1.829
267.020,GOLD,moto,1,14,47.502,48.000,0.249,0.000,4,0,0,-625.686,8.928,50.239,3.239
267.020,BLUE,atv,1,12,18.273,46.476,1.000,0.000,4,0,0,-616.078,6.438,-534.452,1.591
267.280,YOU reference pilot,original,1,11,37.344,39.957,1.000,0.000,4,0,0,-407.429,6.775,-555.244,1.758
267.280,EMBER,tourer,1,11,35.221,41.569,1.000,0.000,4,0,0,-433.059,6.932,-552.768,1.835
267.280,GOLD,moto,1,14,47.502,48.000,0.249,0.000,4,0,0,-625.916,8.980,62.587,3.239
267.280,BLUE,atv,1,12,20.969,46.476,1.000,0.000,4,0,0,-616.443,6.463,-529.333,1.425
267.560,YOU reference pilot,original,1,11,37.542,33.484,0.000,1.000,4,0,0,-417.938,6.781,-554.257,1.734
267.560,EMBER,tourer,1,11,36.174,41.569,1.000,0.000,4,0,0,-443.026,7.082,-551.899,1.842
267.560,GOLD,moto,1,15,47.500,48.000,0.250,0.000,4,0,0,-626.171,9.036,75.885,3.228
267.560,BLUE,atv,1,12,23.686,46.476,1.000,0.000,4,0,0,-616.377,6.492,-523.049,0.753
267.820,YOU reference pilot,original,1,11,34.549,41.305,1.000,0.000,4,0,0,-427.020,6.856,-553.398,1.752
267.820,EMBER,tourer,1,11,36.987,41.569,1.000,0.000,4,0,0,-452.511,7.246,-551.111,1.851
267.820,GOLD,moto,1,15,47.490,48.000,0.255,0.000,4,0,0,-626.669,9.087,88.223,2.960
267.820,BLUE,atv,1,12,26.009,46.476,1.000,0.000,4,0,0,-616.159,6.521,-516.565,0.623
268.080,YOU reference pilot,original,1,11,35.424,41.232,1.000,0.000,4,0,0,-436.086,6.973,-552.556,1.785
268.080,EMBER,tourer,1,11,37.739,41.569,1.000,0.000,4,0,0,-462.203,7.417,-550.352,1.862
268.080,GOLD,moto,1,15,47.494,48.000,0.253,0.000,4,0,0,-627.438,9.137,100.547,2.422
268.080,BLUE,atv,1,12,28.139,46.476,1.000,0.000,4,0,0,-616.008,6.555,-509.502,1.271
268.360,YOU reference pilot,original,1,11,36.278,41.155,1.000,0.000,4,0,0,-446.092,7.133,-551.665,1.822
268.360,EMBER,tourer,1,11,38.492,41.569,1.000,0.000,4,0,0,-472.855,7.582,-549.579,1.874
268.360,GOLD,moto,1,15,47.495,48.000,0.253,0.000,4,0,0,-628.204,9.191,113.824,1.904
268.360,BLUE,atv,1,12,30.238,46.476,1.000,0.000,4,0,0,-616.054,6.599,-501.304,1.808
268.620,YOU reference pilot,original,1,11,36.998,41.084,1.000,0.000,4,0,0,-455.592,7.301,-550.869,1.851
268.620,EMBER,tourer,1,11,39.149,41.569,1.000,0.000,4,0,0,-482.936,7.688,-548.917,1.886
268.620,GOLD,moto,1,15,47.495,48.000,0.253,0.000,4,0,0,-628.688,9.239,126.163,1.642
268.620,BLUE,atv,1,12,32.026,46.476,1.000,0.000,4,0,0,-616.307,6.643,-493.193,2.048
268.880,YOU reference pilot,original,1,11,37.660,41.015,1.000,0.000,4,0,0,-465.275,7.468,-550.115,1.872
268.880,EMBER,tourer,1,11,39.764,41.569,0.924,0.000,4,0,0,-493.189,7.708,-548.342,1.882
268.880,GOLD,moto,1,15,47.497,48.000,0.252,0.000,4,0,0,-628.963,9.285,138.509,1.574
268.880,BLUE,atv,1,12,33.671,46.476,1.000,0.000,4,0,0,-616.713,6.691,-484.643,2.088
269.160,YOU reference pilot,original,1,11,38.319,40.942,1.000,0.000,4,0,0,-475.893,7.621,-549.362,1.887
269.160,EMBER,tourer,1,11,40.232,41.569,0.682,0.000,4,0,0,-504.392,7.595,-547.901,1.900
269.160,GOLD,moto,1,15,47.500,48.000,0.250,0.000,4,0,0,-629.120,9.333,151.807,1.624
269.160,BLUE,atv,1,12,35.295,46.476,1.000,0.000,4,0,0,-617.229,6.745,-474.982,2.002
269.420,YOU reference pilot,original,1,11,38.890,40.876,1.000,0.000,4,0,0,-485.918,7.705,-548.732,1.893
269.420,EMBER,tourer,1,11,40.366,40.821,0.227,0.000,4,0,0,-514.881,7.469,-547.734,2.005
269.420,GOLD,moto,1,15,47.502,48.000,0.249,0.000,4,0,0,-629.223,9.375,164.157,1.701
269.420,BLUE,atv,1,12,36.676,46.476,1.000,0.000,4,0,0,-617.708,6.798,-465.622,1.883
269.680,YOU reference pilot,original,1,11,39.245,40.812,0.794,0.000,4,0,0,-496.088,7.692,-548.432,1.671
269.680,EMBER,tourer,1,11,38.473,37.830,0.000,0.187,4,0,0,-525.128,7.372,-547.829,2.106
269.680,GOLD,moto,1,15,47.504,48.000,0.248,0.000,4,0,0,-629.334,9.415,176.507,1.761
269.680,BLUE,atv,1,12,37.945,46.476,1.000,0.000,4,0,0,-618.137,6.853,-455.916,1.778
269.960,YOU reference pilot,original,1,11,39.515,40.745,0.625,0.000,4,0,0,-507.104,7.558,-549.055,0.883
269.960,EMBER,tourer,1,11,36.039,34.786,0.000,0.359,4,0,0,-535.554,7.270,-548.170,2.143
269.960,GOLD,moto,1,15,47.505,48.000,0.247,0.000,4,0,0,-629.473,9.453,189.808,1.790
269.960,BLUE,atv,1,12,39.196,46.476,1.000,0.000,4,0,0,-618.523,6.914,-445.108,1.707
270.220,YOU reference pilot,original,1,11,39.313,39.250,0.000,0.000,4,0,0,-517.334,7.444,-550.219,0.853
270.220,EMBER,tourer,1,12,33.704,32.412,0.000,0.370,4,0,0,-544.619,7.175,-548.615,2.116
270.220,GOLD,moto,1,15,47.507,48.000,0.247,0.000,4,0,0,-629.613,9.486,202.159,1.790
270.220,BLUE,atv,1,12,40.262,46.476,1.000,0.000,4,0,0,-618.814,6.972,-434.770,1.683
270.480,YOU reference pilot,original,1,11,37.978,36.977,0.000,0.288,4,0,0,-527.267,7.351,-551.441,1.673
270.480,EMBER,tourer,1,12,31.139,29.961,0.000,0.338,4,0,0,-553.038,7.086,-549.088,2.054
270.480,GOLD,moto,1,15,47.508,48.000,0.246,0.000,4,0,0,-629.757,9.513,214.510,1.772
270.480,BLUE,atv,1,12,41.241,46.415,1.000,0.000,4,0,0,-619.055,7.031,-424.166,1.689
270.760,YOU reference pilot,original,1,11,35.567,34.702,0.000,0.250,4,0,0,-537.506,7.247,-552.467,2.262
270.760,EMBER,tourer,1,12,28.368,27.227,0.000,0.327,4,0,0,-561.364,6.998,-549.540,1.974
270.760,GOLD,moto,1,15,47.510,48.000,0.245,0.000,4,0,0,-629.924,9.539,227.811,1.771
270.760,BLUE,atv,1,12,42.208,46.332,1.000,0.000,4,0,0,-619.281,7.094,-412.474,1.713
271.020,YOU reference pilot,original,1,12,32.983,31.320,0.000,0.477,4,0,0,-546.400,7.154,-552.647,2.034
271.020,EMBER,tourer,1,12,25.599,24.284,0.000,0.376,4,0,0,-568.384,6.924,-549.845,1.905
271.020,GOLD,moto,1,15,47.511,48.000,0.244,0.000,4,0,0,-630.099,9.560,240.163,1.780
271.020,BLUE,atv,1,12,43.030,46.257,1.000,0.000,4,0,0,-619.480,7.154,-401.385,1.738
271.280,YOU reference pilot,original,1,12,29.793,28.083,0.000,0.488,4,0,0,-554.503,7.069,-552.175,1.249
271.280,EMBER,tourer,1,12,22.877,21.053,0.000,0.521,4,0,0,-574.711,6.857,-549.999,1.851
271.280,GOLD,moto,1,15,47.512,48.000,0.244,0.000,4,0,0,-630.296,9.579,252.515,1.787
271.280,BLUE,atv,1,12,43.786,46.185,1.000,0.000,4,0,0,-619.679,7.213,-390.092,1.758
271.560,YOU reference pilot,original,1,12,27.002,27.330,0.171,0.000,4,0,0,-562.370,6.987,-551.742,0.714
271.560,EMBER,tourer,1,12,20.412,18.865,0.000,0.441,4,0,0,-580.751,6.794,-549.971,1.814
271.560,GOLD,moto,1,15,47.514,48.000,0.243,0.000,4,0,0,-630.528,9.596,265.816,1.790
271.560,BLUE,atv,1,13,44.487,46.108,0.831,0.000,4,0,0,-619.904,7.276,-377.723,1.771
271.820,YOU reference pilot,original,1,12,25.147,24.286,0.000,0.247,4,0,0,-569.175,6.915,-551.875,0.685
271.820,EMBER,tourer,1,12,17.492,16.749,0.000,0.213,4,0,0,-585.567,6.745,-549.766,1.797
271.820,GOLD,moto,1,15,47.515,48.000,0.243,0.000,4,0,0,-630.753,9.608,278.168,1.786
271.820,BLUE,atv,1,13,44.864,46.040,0.599,0.000,4,0,0,-620.125,7.334,-366.101,1.777
272.080,YOU reference pilot,original,1,12,22.451,20.936,0.000,0.432,4,0,0,-575.368,6.850,-552.289,0.853
272.080,EMBER,tourer,1,12,14.434,11.662,0.000,0.789,4,0,0,-589.782,6.704,-549.410,1.776
272.080,GOLD,moto,1,15,47.516,48.000,0.242,0.000,4,0,0,-630.974,9.618,290.520,1.780
272.080,BLUE,atv,1,13,45.068,45.975,0.459,0.000,4,0,0,-620.358,7.390,-354.408,1.778
272.360,YOU reference pilot,original,1,12,19.891,17.546,0.000,0.668,4,0,0,-581.317,6.789,-552.705,1.239
272.360,EMBER,tourer,1,12,11.826,11.266,0.000,0.160,4,0,0,-593.318,6.671,-548.985,1.699
272.360,GOLD,moto,1,16,47.517,48.000,0.242,0.000,4,0,0,-631.192,9.624,303.823,1.771
272.360,BLUE,atv,1,13,45.178,45.907,0.367,0.000,4,0,0,-620.625,7.448,-341.773,1.779
272.620,YOU reference pilot,original,1,12,17.418,16.916,0.000,0.145,4,0,0,-586.071,6.742,-552.873,1.597
272.620,EMBER,tourer,1,12,11.035,11.202,0.036,0.000,4,0,0,-596.245,6.646,-548.568,1.537
272.620,GOLD,moto,1,16,47.518,48.000,0.241,0.000,4,0,0,-631.360,9.626,316.177,1.762
272.620,BLUE,atv,1,13,45.218,45.847,0.315,0.000,4,0,0,-620.886,7.500,-330.023,1.784
272.880,YOU reference pilot,original,1,12,14.158,11.768,0.000,0.682,4,0,0,-590.241,6.703,-552.660,1.753
272.880,EMBER,tourer,1,12,8.319,7.220,0.000,0.313,4,0,0,-598.667,6.626,-548.212,1.414
272.880,GOLD,moto,1,16,47.519,48.000,0.240,0.000,4,0,0,-631.480,9.624,328.531,1.754
272.880,BLUE,atv,1,13,45.224,45.790,0.283,0.000,4,0,0,-621.151,7.549,-318.268,1.786
273.160,YOU reference pilot,original,1,12,11.831,11.358,0.000,0.135,4,0,0,-593.723,6.672,-552.025,1.629
273.160,EMBER,tourer,1,12,7.182,7.079,0.000,0.000,4,0,0,-600.785,6.609,-547.912,1.388
273.160,GOLD,moto,1,16,47.521,48.000,0.240,0.000,4,0,0,-631.535,9.617,341.836,1.744
273.160,BLUE,atv,1,13,45.207,45.733,0.262,0.000,4,0,0,-621.429,7.601,-305.610,1.776
273.420,YOU reference pilot,original,1,12,10.354,9.476,0.000,0.250,4,0,0,-596.489,6.648,-551.232,1.422
273.420,EMBER,tourer,1,12,7.206,7.823,0.349,0.000,4,0,0,-602.616,6.594,-547.663,1.413
273.420,GOLD,moto,1,16,47.522,48.000,0.239,0.000,4,0,0,-631.492,9.606,354.192,1.734
273.420,BLUE,atv,1,13,45.180,45.682,0.250,0.000,4,0,0,-621.672,7.647,-293.863,1.766
273.680,YOU reference pilot,original,1,12,8.538,7.779,0.000,0.216,4,0,0,-598.818,6.629,-550.523,1.224
273.680,EMBER,tourer,1,12,8.938,11.999,1.000,0.000,4,0,0,-604.658,6.576,-547.378,1.526
273.680,GOLD,moto,1,16,47.522,48.000,0.239,0.000,4,0,0,-631.333,9.590,366.547,1.721
273.680,BLUE,atv,1,13,45.145,45.636,0.244,0.000,4,0,0,-621.897,7.692,-282.123,1.760
273.960,YOU reference pilot,original,1,12,7.348,7.225,0.000,0.000,4,0,0,-600.915,6.610,-549.889,0.992
273.960,EMBER,tourer,1,12,11.118,10.000,0.000,0.319,4,0,0,-607.534,6.552,-546.822,1.959
273.960,GOLD,moto,1,16,47.523,48.000,0.239,0.000,4,0,0,-630.990,9.565,379.849,1.704
273.960,BLUE,atv,1,13,45.105,45.589,0.240,0.000,4,0,0,-622.123,7.740,-269.490,1.759
274.220,YOU reference pilot,original,1,12,7.341,7.984,0.366,0.000,4,0,0,-602.708,6.595,-549.328,0.769
274.220,EMBER,tourer,1,12,9.839,10.000,0.081,0.000,4,0,0,-610.067,6.532,-545.915,2.626
274.220,GOLD,moto,1,16,47.522,48.000,0.239,0.000,4,0,0,-630.461,9.535,392.193,1.685
274.220,BLUE,atv,1,13,45.068,45.550,0.240,0.000,4,0,0,-622.320,7.783,-257.770,1.760
274.480,YOU reference pilot,original,1,12,9.059,10.969,1.000,0.000,4,0,0,-604.707,6.577,-548.677,0.654
274.480,EMBER,tourer,1,12,9.763,10.000,0.118,0.000,4,0,0,-612.185,6.529,-544.484,1.256
274.480,GOLD,moto,1,16,47.519,48.000,0.240,0.000,4,0,0,-629.660,9.497,404.523,1.661
274.480,BLUE,atv,1,13,45.031,45.514,0.240,0.000,4,0,0,-622.508,7.826,-246.059,1.763
274.760,YOU reference pilot,original,1,12,10.680,11.479,0.448,0.000,4,0,0,-607.360,6.553,-547.720,1.154
274.760,EMBER,tourer,1,12,11.287,41.569,1.000,0.000,4,0,0,-614.018,6.545,-542.264,0.731
274.760,GOLD,moto,1,16,47.515,48.000,0.243,0.000,4,0,0,-628.395,9.439,417.768,1.606
274.760,BLUE,atv,1,13,44.994,45.480,0.242,0.000,4,0,0,-622.703,7.871,-233.457,1.766
275.020,YOU reference pilot,original,1,12,10.890,10.000,0.000,0.257,4,0,0,-609.936,6.532,-546.373,2.245
275.020,EMBER,tourer,1,12,13.621,41.569,1.000,0.000,4,0,0,-615.378,6.564,-539.289,1.475
275.020,GOLD,moto,1,16,46.155,45.027,0.000,0.331,4,0,0,-626.786,9.355,429.867,1.542
275.020,BLUE,atv,1,13,44.962,45.453,0.244,0.000,4,0,0,-622.879,7.912,-221.765,1.768
275.280,YOU reference pilot,original,1,12,11.308,16.008,1.000,0.000,4,0,0,-612.042,6.526,-544.584,1.357
275.280,EMBER,tourer,1,12,15.854,41.569,1.000,0.000,4,0,0,-616.221,6.583,-535.520,1.880
275.280,GOLD,moto,1,16,43.575,42.298,0.000,0.374,4,0,0,-624.787,9.247,441.353,1.493
275.280,BLUE,atv,1,13,44.934,45.429,0.247,0.000,4,0,0,-623.051,7.954,-210.080,1.769
275.560,YOU reference pilot,original,1,12,13.955,19.125,1.000,0.000,4,0,0,-614.056,6.547,-541.631,0.709
275.560,EMBER,tourer,1,12,18.200,41.569,1.000,0.000,4,0,0,-616.503,6.606,-530.732,1.675
275.560,GOLD,moto,1,16,40.735,39.488,0.000,0.364,4,0,0,-622.287,9.113,452.855,1.469
275.560,BLUE,atv,1,13,44.902,45.408,0.252,0.000,4,0,0,-623.211,7.998,-197.504,1.791
275.820,YOU reference pilot,original,1,12,16.214,22.014,1.000,0.000,4,0,0,-615.444,6.571,-537.930,1.405
275.820,EMBER,tourer,1,12,20.285,41.569,1.000,0.000,4,0,0,-616.332,6.630,-525.708,1.049
275.820,GOLD,moto,1,16,37.719,36.396,0.000,0.386,4,0,0,-619.752,8.982,462.686,1.463
275.820,BLUE,atv,1,13,44.873,45.393,0.259,0.000,4,0,0,-623.077,8.038,-185.835,2.081
276.080,YOU reference pilot,original,1,12,18.393,24.560,1.000,0.000,4,0,0,-616.203,6.593,-533.467,1.666
276.080,EMBER,tourer,1,12,22.240,41.569,1.000,0.000,4,0,0,-615.982,6.655,-520.168,0.669
276.080,GOLD,moto,1,16,34.725,33.419,0.000,0.381,4,0,0,-617.129,8.852,471.712,1.464
276.080,BLUE,atv,1,13,44.859,45.382,0.261,0.000,4,0,0,-622.720,8.078,-174.176,2.591
276.360,YOU reference pilot,original,1,12,20.661,26.813,1.000,0.000,4,0,0,-616.397,6.619,-527.976,1.314
276.360,EMBER,tourer,1,12,24.184,41.559,1.000,0.000,4,0,0,-615.659,6.685,-513.653,1.323
276.360,GOLD,moto,1,16,31.601,30.416,0.000,0.345,4,0,0,-614.341,8.722,480.553,1.471
276.360,BLUE,atv,1,13,44.844,45.375,0.265,0.000,4,0,0,-622.399,8.122,-161.622,3.080
276.620,YOU reference pilot,original,1,12,22.638,28.597,1.000,0.000,4,0,0,-616.225,6.645,-522.327,0.728
276.620,EMBER,tourer,1,12,25.850,41.484,1.000,0.000,4,0,0,-615.566,6.718,-507.130,1.915
276.620,GOLD,moto,1,16,28.656,27.428,0.000,0.357,4,0,0,-611.905,8.619,487.985,1.481
276.620,BLUE,atv,1,14,44.833,45.372,0.269,0.000,4,0,0,-622.296,8.162,-149.964,3.342
276.880,YOU reference pilot,original,1,12,24.464,30.234,1.000,0.000,4,0,0,-615.965,6.673,-516.187,0.886
276.880,EMBER,tourer,1,12,27.402,41.410,1.000,0.000,4,0,0,-615.723,6.755,-500.191,2.238
276.880,GOLD,moto,1,16,25.612,24.073,0.000,0.447,4,0,0,-609.745,8.539,494.700,1.468
276.880,BLUE,atv,1,14,44.828,45.374,0.273,0.000,4,0,0,-622.373,8.202,-138.309,3.427
277.160,YOU reference pilot,original,1,12,26.262,31.897,1.000,0.000,4,0,0,-615.800,6.708,-509.066,1.555
277.160,EMBER,tourer,1,12,28.959,41.330,1.000,0.000,4,0,0,-616.131,6.798,-492.293,2.306
277.160,GOLD,moto,1,16,22.456,20.631,0.000,0.529,4,0,0,-607.861,8.482,501.181,1.395
277.160,BLUE,atv,1,14,44.828,45.380,0.276,0.000,4,0,0,-622.581,8.246,-125.759,3.395
277.420,YOU reference pilot,original,1,12,27.792,33.341,1.000,0.000,4,0,0,-615.856,6.745,-502.021,1.994
277.420,EMBER,tourer,1,12,30.303,41.257,1.000,0.000,4,0,0,-616.645,6.841,-484.590,2.196
277.420,GOLD,moto,1,16,19.915,18.701,0.000,0.353,4,0,0,-606.581,8.454,506.496,1.416
277.420,BLUE,atv,1,14,44.831,45.391,0.280,0.000,4,0,0,-622.817,8.287,-114.106,3.326
277.680,YOU reference pilot,original,1,12,29.205,34.674,1.000,0.000,4,0,0,-616.121,6.785,-494.599,2.190
277.680,EMBER,tourer,1,12,31.552,41.184,1.000,0.000,4,0,0,-617.193,6.886,-476.553,2.018
277.680,GOLD,moto,1,16,16.385,15.294,0.000,0.317,4,0,0,-605.713,8.437,511.082,1.570
277.680,BLUE,atv,1,14,44.838,45.405,0.284,0.000,4,0,0,-623.048,8.328,-102.451,3.264
277.960,YOU reference pilot,original,1,12,30.607,35.986,1.000,0.000,4,0,0,-616.576,6.832,-486.221,2.186
277.960,EMBER,tourer,1,12,32.798,41.106,1.000,0.000,4,0,0,-617.736,6.937,-467.546,1.837
277.960,GOLD,moto,1,16,14.761,14.193,0.000,0.166,4,0,0,-605.091,8.425,515.363,1.787
277.960,BLUE,atv,1,14,44.848,45.425,0.289,0.000,4,0,0,-623.271,8.372,-89.897,3.225
278.220,YOU reference pilot,original,1,12,31.802,37.110,1.000,0.000,4,0,0,-617.071,6.878,-478.109,2.071
278.220,EMBER,tourer,1,12,33.870,41.035,1.000,0.000,4,0,0,-618.155,6.986,-458.877,1.722
278.220,GOLD,moto,1,16,12.839,12.146,0.000,0.202,4,0,0,-604.653,8.422,518.909,2.011
278.220,BLUE,atv,1,14,44.862,45.448,0.294,0.000,4,0,0,-623.457,8.414,-78.236,3.215
278.480,YOU reference pilot,original,1,12,32.901,38.149,1.000,0.000,4,0,0,-617.563,6.925,-469.699,1.924
278.480,EMBER,tourer,1,12,34.868,40.965,1.000,0.000,4,0,0,-618.483,7.037,-449.936,1.669
278.480,GOLD,moto,1,16,11.766,11.879,0.000,0.000,4,0,0,-604.237,8.425,522.063,2.250
278.480,BLUE,atv,1,14,44.880,45.475,0.298,0.000,4,0,0,-623.634,8.456,-66.571,3.219
278.760,YOU reference pilot,original,1,12,33.936,40.468,1.000,0.000,4,0,0,-618.351,6.978,-460.361,1.499
278.760,EMBER,tourer,1,12,35.864,40.891,1.000,0.000,4,0,0,-618.751,7.093,-440.025,1.670
278.760,GOLD,moto,1,16,13.150,14.035,0.512,0.000,4,0,0,-603.622,8.433,525.452,2.511
278.760,BLUE,atv,1,14,44.903,45.508,0.304,0.000,4,0,0,-623.824,8.502,-54.003,3.230
279.020,YOU reference pilot,original,1,12,34.849,40.519,1.000,0.000,4,0,0,-619.627,7.028,-451.500,0.737
279.020,EMBER,tourer,1,12,36.723,40.824,1.000,0.000,4,0,0,-618.947,7.145,-430.581,1.703
279.020,GOLD,moto,1,16,15.860,20.286,1.000,0.000,4,0,0,-602.535,8.451,529.071,2.556
279.020,BLUE,atv,1,14,44.928,45.543,0.309,0.000,4,0,0,-624.009,8.546,-42.326,3.240
279.280,YOU reference pilot,original,1,12,35.705,40.571,1.000,0.000,4,0,0,-621.094,7.079,-442.435,1.082
279.280,EMBER,tourer,1,12,37.521,40.759,1.000,0.000,4,0,0,-619.119,7.198,-420.922,1.746
279.280,GOLD,moto,1,17,18.771,23.810,1.000,0.000,4,0,0,-600.394,8.480,533.080,1.686
279.280,BLUE,atv,1,14,44.956,45.582,0.314,0.000,4,0,0,-624.204,8.592,-30.643,3.245
279.560,YOU reference pilot,original,1,12,36.530,40.631,1.000,0.000,4,0,0,-622.461,7.135,-432.404,2.085
279.560,EMBER,tourer,1,12,38.319,40.690,1.000,0.000,4,0,0,-619.299,7.256,-410.296,1.788
279.560,GOLD,moto,1,17,21.507,28.567,1.000,0.000,4,0,0,-596.433,8.504,537.140,0.509
279.560,BLUE,atv,1,14,44.991,45.628,0.320,0.000,4,0,0,-624.423,8.642,-18.052,3.247
279.820,YOU reference pilot,original,1,12,37.087,40.689,1.000,0.000,4,0,0,-623.133,7.188,-422.844,2.519
279.820,EMBER,tourer,1,12,38.970,40.629,0.850,0.000,4,0,0,-619.473,7.310,-400.240,1.814
279.820,GOLD,moto,1,17,15.490,6.675,0.000,1.000,4,0,0,-592.173,8.504,539.598,1.109
279.820,BLUE,atv,1,14,45.026,45.674,0.325,0.000,4,0,0,-624.634,8.690,-6.352,3.246
280.080,YOU reference pilot,original,1,12,37.655,40.749,1.000,0.000,4,0,0,-622.787,7.241,-413.127,1.989
280.080,EMBER,tourer,1,12,39.370,40.570,0.612,0.000,4,0,0,-619.657,7.363,-390.049,1.828
280.080,GOLD,moto,1,17,14.010,37.743,1.000,0.000,4,0,0,-588.844,8.499,540.586,1.213
280.080,BLUE,atv,1,14,45.065,45.723,0.331,0.000,4,0,0,-624.849,8.738,5.358,3.244
280.360,YOU reference pilot,original,1,12,38.332,40.816,1.000,0.000,4,0,0,-621.705,7.298,-402.536,0.873
280.360,EMBER,tourer,1,13,39.609,40.508,0.456,0.000,4,0,0,-619.866,7.420,-378.988,1.832
280.360,GOLD,moto,1,17,17.601,41.906,1.000,0.000,4,0,0,-584.407,8.497,541.117,0.962
280.360,BLUE,atv,1,14,45.111,45.780,0.336,0.000,4,0,0,-625.084,8.791,17.981,3.242
280.620,YOU reference pilot,original,1,12,38.907,40.880,1.000,0.000,4,0,0,-620.634,7.350,-392.545,0.943
280.620,EMBER,tourer,1,13,39.726,40.454,0.367,0.000,4,0,0,-620.068,7.471,-368.673,1.830
280.620,GOLD,moto,1,17,20.692,46.651,1.000,0.000,4,0,0,-579.394,8.491,541.214,0.592
280.620,BLUE,atv,1,14,45.157,45.837,0.342,0.000,4,0,0,-625.303,8.841,29.714,3.240
280.880,YOU reference pilot,original,1,13,39.342,40.946,0.816,0.000,4,0,0,-619.869,7.402,-382.392,1.768
280.880,EMBER,tourer,1,13,39.784,40.402,0.311,0.000,4,0,0,-620.277,7.521,-358.338,1.827
280.880,GOLD,moto,1,17,23.560,48.000,1.000,0.000,4,0,0,-573.612,8.482,541.002,0.577
280.880,BLUE,atv,1,14,45.205,45.896,0.347,0.000,4,0,0,-625.522,8.890,41.459,3.239
281.160,YOU reference pilot,original,1,13,39.663,41.019,0.688,0.000,4,0,0,-619.530,7.458,-371.330,2.291
281.160,EMBER,tourer,1,13,39.804,40.350,0.273,0.000,4,0,0,-620.510,7.573,-347.197,1.825
281.160,GOLD,moto,1,17,26.405,48.000,1.000,0.000,4,0,0,-566.596,8.470,540.563,1.032
281.160,BLUE,atv,1,14,45.261,45.963,0.353,0.000,4,0,0,-625.758,8.944,54.123,3.239
281.420,YOU reference pilot,original,1,13,39.887,41.089,0.609,0.000,4,0,0,-619.612,7.508,-360.985,2.409
281.420,EMBER,tourer,1,13,39.800,40.304,0.252,0.000,4,0,0,-620.735,7.620,-336.851,1.827
281.420,GOLD,moto,1,17,28.832,48.000,1.000,0.000,4,0,0,-559.404,8.458,540.064,1.427
281.420,BLUE,atv,1,14,45.316,46.028,0.358,0.000,4,0,0,-625.977,8.994,65.896,3.239
281.680,YOU reference pilot,original,1,13,40.064,41.159,0.554,0.000,4,0,0,-619.937,7.558,-350.594,2.300
281.680,EMBER,tourer,1,13,39.782,40.260,0.238,0.000,4,0,0,-620.966,7.665,-326.508,1.834
281.680,GOLD,moto,1,17,31.067,48.000,1.000,0.000,4,0,0,-551.608,8.446,539.538,1.681
281.680,BLUE,atv,1,15,45.368,46.096,0.366,0.000,4,0,0,-626.217,9.043,77.683,3.216
281.960,YOU reference pilot,original,1,13,40.217,41.237,0.515,0.000,4,0,0,-620.400,7.609,-339.362,2.089
281.960,EMBER,tourer,1,13,39.755,40.217,0.230,0.000,4,0,0,-621.217,7.711,-315.375,1.831
281.960,GOLD,moto,1,17,33.277,48.000,1.000,0.000,4,0,0,-542.592,8.435,538.956,1.803
281.960,BLUE,atv,1,15,45.426,46.172,0.375,0.000,4,0,0,-626.792,9.096,90.382,2.877
282.220,YOU reference pilot,original,1,13,40.332,41.309,0.493,0.000,4,0,0,-620.825,7.655,-328.898,1.914
282.220,EMBER,tourer,1,13,39.726,40.181,0.226,0.000,4,0,0,-621.443,7.753,-305.046,1.822
282.220,GOLD,moto,1,17,35.161,48.000,1.000,0.000,4,0,0,-533.691,8.427,538.396,1.820
282.220,BLUE,atv,1,15,45.492,46.244,0.378,0.000,4,0,0,-627.537,9.144,102.178,2.353
282.480,YOU reference pilot,original,1,13,40.422,41.383,0.482,0.000,4,0,0,-621.210,7.698,-318.404,1.776
282.480,EMBER,tourer,1,13,39.696,40.147,0.224,0.000,4,0,0,-621.658,7.793,-294.723,1.812
282.480,GOLD,moto,1,17,36.895,48.000,1.000,0.000,4,0,0,-524.322,8.423,537.804,1.794
282.480,BLUE,atv,1,15,45.557,46.319,0.384,0.000,4,0,0,-628.203,9.191,113.996,1.907
282.760,YOU reference pilot,original,1,13,40.460,41.462,0.505,0.000,4,0,0,-622.084,7.744,-307.114,1.209
282.760,EMBER,tourer,1,13,39.664,40.115,0.224,0.000,4,0,0,-621.874,7.836,-283.615,1.805
282.760,GOLD,moto,1,17,38.609,48.000,1.000,0.000,4,0,0,-513.752,8.424,537.138,1.761
282.760,BLUE,atv,1,15,45.628,46.401,0.389,0.000,4,0,0,-628.694,9.241,126.753,1.645
283.020,YOU reference pilot,original,1,13,40.556,41.537,0.494,0.000,4,0,0,-623.469,7.786,-296.672,0.668
283.020,EMBER,tourer,1,13,39.636,40.089,0.226,0.000,4,0,0,-622.060,7.875,-273.308,1.803
283.020,GOLD,moto,1,17,40.068,48.000,1.000,0.000,4,0,0,-503.526,8.432,536.511,1.746
283.020,BLUE,atv,1,15,45.698,46.476,0.392,0.000,4,0,0,-628.955,9.286,138.623,1.582
283.280,YOU reference pilot,original,1,13,40.640,41.611,0.488,0.000,4,0,0,-624.910,7.827,-286.214,1.542
283.280,EMBER,tourer,1,13,39.609,40.066,0.227,0.000,4,0,0,-622.237,7.914,-263.008,1.804
283.280,GOLD,moto,1,17,41.410,48.000,1.000,0.000,4,0,0,-492.935,8.446,535.913,1.756
283.280,BLUE,atv,1,15,45.754,46.476,0.363,0.000,4,0,0,-629.104,9.328,150.512,1.621
283.560,YOU reference pilot,original,1,13,40.646,41.691,0.526,0.000,4,0,0,-626.040,7.870,-274.883,2.413
283.560,EMBER,tourer,1,13,39.583,40.045,0.230,0.000,4,0,0,-622.417,7.954,-251.923,1.808
283.560,GOLD,moto,1,17,42.736,48.000,1.000,0.000,4,0,0,-481.152,8.472,535.349,1.790
283.560,BLUE,atv,1,15,45.793,46.476,0.342,0.000,4,0,0,-629.216,9.372,163.329,1.696
283.820,YOU reference pilot,original,1,13,40.581,41.766,0.597,0.000,4,0,0,-626.052,7.909,-264.323,2.250
283.820,EMBER,tourer,1,13,39.562,40.029,0.233,0.000,4,0,0,-622.578,7.991,-241.636,1.811
283.820,GOLD,moto,1,17,43.864,48.000,1.000,0.000,4,0,0,-469.890,8.505,534.915,1.862
283.820,BLUE,atv,1,15,45.816,46.476,0.330,0.000,4,0,0,-629.324,9.411,175.238,1.754
284.080,YOU reference pilot,original,1,13,40.705,41.840,0.572,0.000,4,0,0,-625.131,7.948,-253.795,1.241
284.080,EMBER,tourer,1,13,39.544,40.018,0.236,0.000,4,0,0,-622.735,8.028,-231.354,1.814
284.080,GOLD,moto,1,17,44.902,48.000,1.000,0.000,4,0,0,-458.344,8.551,534.544,1.877
284.080,BLUE,atv,1,15,45.832,46.476,0.323,0.000,4,0,0,-629.446,9.446,187.152,1.784
284.360,YOU reference pilot,original,1,13,40.732,41.919,0.598,0.000,4,0,0,-624.402,7.989,-242.413,0.665
284.360,EMBER,tourer,1,13,39.529,40.009,0.240,0.000,4,0,0,-622.901,8.068,-220.285,1.816
284.360,GOLD,moto,1,17,45.925,48.000,1.000,0.000,4,0,0,-445.622,8.619,534.162,1.834
284.360,BLUE,atv,1,15,45.843,46.476,0.317,0.000,4,0,0,-629.590,9.480,199.986,1.790
284.620,YOU reference pilot,original,1,13,40.808,41.991,0.597,0.000,4,0,0,-624.658,8.027,-231.815,0.691
284.620,EMBER,tourer,1,13,39.517,40.004,0.243,0.000,4,0,0,-623.052,8.104,-210.010,1.817
284.620,GOLD,moto,1,17,46.634,48.000,0.703,0.000,4,0,0,-433.579,8.693,533.786,1.785
284.620,BLUE,atv,1,15,45.850,46.476,0.313,0.000,4,0,0,-629.727,9.508,211.906,1.775
284.880,YOU reference pilot,original,1,13,40.940,42.063,0.566,0.000,4,0,0,-625.475,8.064,-221.218,1.103
284.880,EMBER,tourer,1,13,39.508,40.004,0.247,0.000,4,0,0,-623.197,8.140,-199.738,1.821
284.880,GOLD,moto,1,17,47.012,48.000,0.505,0.000,4,0,0,-421.404,8.772,533.372,1.752
284.880,BLUE,atv,1,15,45.855,46.476,0.310,0.000,4,0,0,-629.872,9.531,223.827,1.769
285.160,YOU reference pilot,original,1,13,41.064,42.139,0.542,0.000,4,0,0,-626.470,8.105,-209.778,1.836
285.160,EMBER,tourer,1,13,39.493,40.007,0.257,0.000,4,0,0,-623.186,8.178,-188.678,1.980
285.160,GOLD,moto,1,17,47.232,48.000,0.390,0.000,4,0,0,-408.214,8.861,532.889,1.742
285.160,BLUE,atv,1,15,45.860,46.476,0.308,0.000,4,0,0,-630.047,9.554,236.666,1.777
285.420,YOU reference pilot,original,1,13,41.015,42.208,0.596,0.000,4,0,0,-626.997,8.142,-199.112,2.188
285.420,EMBER,tourer,1,13,39.494,40.014,0.260,0.000,4,0,0,-622.925,8.214,-178.413,2.368
285.420,GOLD,moto,1,17,47.343,48.000,0.332,0.000,4,0,0,-395.926,8.944,532.419,1.747
285.420,BLUE,atv,1,15,45.863,46.476,0.307,0.000,4,0,0,-630.231,9.573,248.588,1.785
285.680,YOU reference pilot,original,1,13,40.983,42.276,0.650,0.000,4,0,0,-626.358,8.179,-188.471,1.451
285.680,EMBER,tourer,1,13,39.500,40.024,0.263,0.000,4,0,0,-622.590,8.249,-168.149,2.832
285.680,GOLD,moto,1,17,47.406,48.000,0.299,0.000,4,0,0,-383.617,9.028,531.942,1.759
285.680,BLUE,atv,1,15,45.865,46.476,0.306,0.000,4,0,0,-630.434,9.589,260.511,1.789
285.960,YOU reference pilot,original,1,13,41.134,42.257,0.566,0.000,4,0,0,-624.728,8.218,-177.088,0.815
285.960,EMBER,tourer,1,14,39.505,40.040,0.268,0.000,4,0,0,-622.332,8.287,-157.092,3.235
285.960,GOLD,moto,1,18,47.444,48.000,0.279,0.000,4,0,0,-370.347,9.115,531.435,1.770
285.960,BLUE,atv,1,15,45.867,46.476,0.304,0.000,4,0,0,-630.665,9.604,273.352,1.788
286.220,YOU reference pilot,original,1,13,41.216,42.306,0.548,0.000,4,0,0,-623.191,8.255,-166.490,2.274
286.220,EMBER,tourer,1,14,39.514,40.058,0.272,0.000,4,0,0,-622.261,8.323,-146.819,3.445
286.220,GOLD,moto,1,18,47.464,48.000,0.268,0.000,4,0,0,-358.017,9.193,530.976,1.777
286.220,BLUE,atv,1,15,45.869,46.476,0.304,0.000,4,0,0,-630.881,9.614,285.276,1.783
286.480,YOU reference pilot,original,1,14,41.261,42.364,0.553,0.000,4,0,0,-622.148,8.292,-155.816,3.432
286.480,EMBER,tourer,1,14,39.529,40.079,0.276,0.000,4,0,0,-622.341,8.359,-136.544,3.507
286.480,GOLD,moto,1,18,47.477,48.000,0.262,0.000,4,0,0,-345.682,9.266,530.533,1.781
286.480,BLUE,atv,1,15,45.871,46.476,0.303,0.000,4,0,0,-631.086,9.621,297.200,1.776
286.760,YOU reference pilot,original,1,14,41.314,42.331,0.511,0.000,4,0,0,-621.719,8.332,-144.262,4.013
286.760,EMBER,tourer,1,14,39.549,40.106,0.280,0.000,4,0,0,-622.540,8.397,-125.475,3.465
286.760,GOLD,moto,1,18,47.485,48.000,0.258,0.000,4,0,0,-332.395,9.338,530.078,1.783
286.760,BLUE,atv,1,16,45.872,46.476,0.302,0.000,4,0,0,-631.281,9.625,310.043,1.767
287.020,YOU reference pilot,original,1,14,41.354,42.247,0.448,0.000,4,0,0,-621.831,8.369,-133.514,4.052
287.020,EMBER,tourer,1,14,39.570,40.135,0.283,0.000,4,0,0,-622.769,8.433,-115.192,3.384
287.020,GOLD,moto,1,18,47.490,48.000,0.255,0.000,4,0,0,-320.055,9.396,529.677,1.784
287.020,BLUE,atv,1,16,45.874,46.476,0.301,0.000,4,0,0,-631.422,9.626,321.969,1.759
287.280,YOU reference pilot,original,1,14,41.372,42.159,0.393,0.000,4,0,0,-622.209,8.406,-122.766,3.828
287.280,EMBER,tourer,1,14,39.595,40.167,0.287,0.000,4,0,0,-622.997,8.469,-104.903,3.305
287.280,GOLD,moto,1,18,47.495,48.000,0.253,0.000,4,0,0,-307.713,9.444,529.302,1.786
287.280,BLUE,atv,1,16,45.875,46.476,0.300,0.000,4,0,0,-631.511,9.622,333.896,1.751
287.560,YOU reference pilot,original,1,14,41.365,42.075,0.354,0.000,4,0,0,-622.691,8.447,-111.192,3.517
287.560,EMBER,tourer,1,14,39.624,40.206,0.292,0.000,4,0,0,-623.217,8.508,-93.814,3.249
287.560,GOLD,moto,1,18,47.499,48.000,0.250,0.000,4,0,0,-294.418,9.483,528.933,1.789
287.560,BLUE,atv,1,16,45.877,46.476,0.300,0.000,4,0,0,-631.528,9.613,346.741,1.742
287.820,YOU reference pilot,original,1,14,41.341,42.006,0.332,0.000,4,0,0,-623.078,8.485,-100.447,3.289
287.820,EMBER,tourer,1,14,39.654,40.244,0.296,0.000,4,0,0,-623.393,8.545,-83.509,3.226
287.820,GOLD,moto,1,18,47.504,48.000,0.248,0.000,4,0,0,-282.071,9.504,528.630,1.793
287.820,BLUE,atv,1,16,45.878,46.476,0.299,0.000,4,0,0,-631.447,9.601,358.669,1.731
288.080,YOU reference pilot,original,1,14,41.306,41.941,0.316,0.000,4,0,0,-623.364,8.523,-89.707,3.164
288.080,EMBER,tourer,1,14,39.687,40.286,0.301,0.000,4,0,0,-623.550,8.582,-73.196,3.227
288.080,GOLD,moto,1,18,47.509,48.000,0.246,0.000,4,0,0,-269.722,9.507,528.370,1.801
288.080,BLUE,atv,1,16,38.641,34.641,0.000,1.000,4,0,0,-631.268,9.584,369.582,1.721
288.360,YOU reference pilot,original,1,14,41.262,41.876,0.306,0.000,4,0,0,-623.571,8.564,-78.150,3.131
288.360,EMBER,tourer,1,14,39.726,40.335,0.306,0.000,4,0,0,-623.710,8.623,-62.079,3.241
288.360,GOLD,moto,1,18,47.516,48.000,0.242,0.000,4,0,0,-256.420,9.488,528.139,1.805
288.360,BLUE,atv,1,16,36.215,46.476,1.000,0.000,4,0,0,-630.976,9.564,379.735,1.720
288.620,YOU reference pilot,original,1,14,41.219,41.823,0.301,0.000,4,0,0,-623.708,8.603,-67.429,3.160
288.620,EMBER,tourer,1,14,39.765,40.383,0.310,0.000,4,0,0,-623.861,8.661,-51.746,3.257
288.620,GOLD,moto,1,18,47.522,48.000,0.239,0.000,4,0,0,-244.066,9.451,527.964,1.803
288.620,BLUE,atv,1,16,37.539,46.476,1.000,0.000,4,0,0,-630.573,9.541,389.330,1.719
288.880,YOU reference pilot,original,1,14,41.175,41.778,0.300,0.000,4,0,0,-623.829,8.642,-56.719,3.208
288.880,EMBER,tourer,1,14,39.806,40.433,0.315,0.000,4,0,0,-624.021,8.700,-41.403,3.270
288.880,GOLD,moto,1,18,47.528,48.000,0.236,0.000,4,0,0,-231.710,9.401,527.822,1.799
288.880,BLUE,atv,1,16,38.755,46.476,1.000,0.000,4,0,0,-630.000,9.513,399.246,1.712
289.160,YOU reference pilot,original,1,14,41.130,41.738,0.302,0.000,4,0,0,-623.971,8.685,-45.198,3.256
289.160,EMBER,tourer,1,14,39.854,40.491,0.320,0.000,4,0,0,-624.204,8.743,-30.252,3.278
289.160,GOLD,moto,1,18,47.534,48.000,0.233,0.000,4,0,0,-218.401,9.334,527.697,1.794
289.160,BLUE,atv,1,16,39.953,46.476,1.000,0.000,4,0,0,-629.123,9.473,410.245,1.687
289.420,YOU reference pilot,original,1,14,41.091,41.709,0.307,0.000,4,0,0,-624.125,8.727,-34.511,3.283
289.420,EMBER,tourer,1,14,39.901,40.547,0.325,0.000,4,0,0,-624.385,8.785,-19.885,3.279
289.420,GOLD,moto,1,18,47.539,48.000,0.230,0.000,4,0,0,-206.042,9.263,527.605,1.790
289.420,BLUE,atv,1,16,40.971,46.476,1.000,0.000,4,0,0,-627.996,9.418,420.717,1.637
289.680,YOU reference pilot,original,1,14,41.057,41.687,0.313,0.000,4,0,0,-624.301,8.769,-23.833,3.293
289.680,EMBER,tourer,1,14,39.950,40.605,0.330,0.000,4,0,0,-624.572,8.827,-9.506,3.277
289.680,GOLD,moto,1,18,47.544,48.000,0.228,0.000,4,0,0,-193.681,9.184,527.531,1.787
289.680,BLUE,atv,1,16,41.906,44.758,1.000,0.000,4,0,0,-626.500,9.338,431.398,1.577
289.960,YOU reference pilot,original,1,14,41.026,41.671,0.321,0.000,4,0,0,-624.507,8.815,-12.344,3.291
289.960,EMBER,tourer,1,14,40.005,40.671,0.335,0.000,4,0,0,-624.779,8.873,1.687,3.273
289.960,GOLD,moto,1,18,47.548,48.000,0.226,0.000,4,0,0,-180.369,9.093,527.471,1.785
289.960,BLUE,atv,1,16,41.892,42.103,0.102,0.000,4,0,0,-624.428,9.227,443.003,1.516
290.220,YOU reference pilot,original,1,14,41.002,41.663,0.330,0.000,4,0,0,-624.708,8.859,-1.683,3.283
290.220,EMBER,tourer,1,14,40.059,40.733,0.339,0.000,4,0,0,-624.974,8.917,12.093,3.269
290.220,GOLD,moto,1,18,47.551,48.000,0.225,0.000,4,0,0,-168.006,9.004,527.431,1.783
290.220,BLUE,atv,1,16,39.964,38.253,0.000,0.499,4,0,0,-622.149,9.106,453.383,1.478
290.480,YOU reference pilot,original,1,14,40.984,41.662,0.338,0.000,4,0,0,-624.912,8.903,8.973,3.274
290.480,EMBER,tourer,1,14,40.114,40.798,0.344,0.000,4,0,0,-625.169,8.960,22.514,3.267
290.480,GOLD,moto,1,18,47.553,48.000,0.224,0.000,4,0,0,-155.643,8.913,527.405,1.782
290.480,BLUE,atv,1,16,37.232,35.767,0.000,0.427,4,0,0,-619.645,8.976,463.088,1.459
290.760,YOU reference pilot,original,1,14,40.972,41.668,0.348,0.000,4,0,0,-625.131,8.952,20.444,3.267
290.760,EMBER,tourer,1,14,40.177,40.870,0.349,0.000,4,0,0,-625.379,9.008,33.754,3.265
290.760,GOLD,moto,1,19,47.554,48.000,0.223,0.000,4,0,0,-142.328,8.815,527.389,1.780
290.760,BLUE,atv,1,16,34.072,32.810,0.000,0.368,4,0,0,-616.851,8.838,472.653,1.455
291.020,YOU reference pilot,original,1,14,40.966,41.680,0.357,0.000,4,0,0,-625.332,8.997,31.094,3.263
291.020,EMBER,tourer,1,14,40.236,40.938,0.353,0.000,4,0,0,-625.575,9.052,44.206,3.265
291.020,GOLD,moto,1,19,47.555,48.000,0.223,0.000,4,0,0,-129.965,8.727,527.384,1.779
291.020,BLUE,atv,1,16,31.187,30.061,0.000,0.328,4,0,0,-614.292,8.719,480.735,1.462
291.280,YOU reference pilot,original,1,14,40.965,41.697,0.366,0.000,4,0,0,-625.531,9.042,41.743,3.263
291.280,EMBER,tourer,1,14,40.297,41.007,0.357,0.000,4,0,0,-625.770,9.096,54.674,3.265
291.280,GOLD,moto,1,19,47.555,48.000,0.223,0.000,4,0,0,-117.601,8.644,527.385,1.777
291.280,BLUE,atv,1,16,28.208,27.035,0.000,0.342,4,0,0,-611.884,8.618,488.065,1.476
291.560,YOU reference pilot,original,1,14,40.971,41.721,0.375,0.000,4,0,0,-625.744,9.090,53.212,3.263
291.560,EMBER,tourer,1,14,40.365,41.083,0.362,0.000,4,0,0,-625.979,9.144,65.965,3.265
291.560,GOLD,moto,1,19,47.554,48.000,0.223,0.000,4,0,0,-104.286,8.565,527.391,1.775
291.560,BLUE,atv,1,16,25.135,23.881,0.000,0.365,4,0,0,-609.599,8.534,495.172,1.465
291.820,YOU reference pilot,original,1,14,40.981,41.747,0.383,0.000,4,0,0,-625.941,9.135,63.864,3.264
291.820,EMBER,tourer,1,15,40.427,41.155,0.366,0.000,4,0,0,-626.180,9.188,76.467,3.258
291.820,GOLD,moto,1,19,47.551,48.000,0.224,0.000,4,0,0,-91.923,8.505,527.395,1.774
291.820,BLUE,atv,1,16,22.118,20.378,0.000,0.505,4,0,0,-607.880,8.483,501.095,1.399
292.080,YOU reference pilot,original,1,15,40.983,41.769,0.391,0.000,4,0,0,-626.146,9.180,74.519,3.256
292.080,EMBER,tourer,1,15,40.482,41.228,0.375,0.000,4,0,0,-626.546,9.232,86.980,3.087
292.080,GOLD,moto,1,19,47.547,48.000,0.226,0.000,4,0,0,-79.560,8.464,527.387,1.773
292.080,BLUE,atv,1,16,19.595,18.255,0.000,0.389,4,0,0,-606.611,8.455,506.337,1.415
292.360,YOU reference pilot,original,1,15,40.841,41.675,0.417,0.000,4,0,0,-626.965,9.228,85.947,2.660
292.360,EMBER,tourer,1,15,40.556,41.307,0.378,0.000,4,0,0,-627.211,9.278,98.306,2.638
292.360,GOLD,moto,1,19,47.542,48.000,0.229,0.000,4,0,0,-66.248,8.433,527.352,1.761
292.360,BLUE,atv,1,16,15.938,14.990,0.000,0.276,4,0,0,-605.700,8.437,511.145,1.575
292.620,YOU reference pilot,original,1,15,41.013,42.426,0.715,0.000,4,0,0,-628.679,9.271,96.447,1.239
292.620,EMBER,tourer,1,15,40.625,41.381,0.380,0.000,4,0,0,-627.886,9.321,108.839,2.167
292.620,GOLD,moto,1,19,47.539,48.000,0.230,0.000,4,0,0,-53.888,8.405,527.293,1.750
292.620,BLUE,atv,1,16,14.457,13.742,0.000,0.208,4,0,0,-605.136,8.426,515.031,1.767
292.880,YOU reference pilot,original,1,15,41.181,42.426,0.627,0.000,4,0,0,-630.640,9.313,106.956,0.969
292.880,EMBER,tourer,1,15,40.691,41.455,0.384,0.000,4,0,0,-628.447,9.362,119.396,1.810
292.880,GOLD,moto,1,19,47.536,48.000,0.232,0.000,4,0,0,-41.529,8.383,527.219,1.747
292.880,BLUE,atv,1,16,12.732,11.760,0.000,0.282,4,0,0,-604.705,8.422,518.537,1.979
293.160,YOU reference pilot,original,1,15,41.266,42.426,0.584,0.000,4,0,0,-632.328,9.359,118.378,2.302
293.160,EMBER,tourer,1,15,40.764,41.535,0.388,0.000,4,0,0,-628.851,9.406,130.793,1.614
293.160,GOLD,moto,1,19,47.199,46.231,0.000,0.285,4,0,0,-28.235,8.371,527.152,1.754
293.160,BLUE,atv,1,16,11.396,11.501,0.000,0.000,4,0,0,-604.283,8.425,521.844,2.218
293.420,YOU reference pilot,original,1,15,41.138,42.426,0.644,0.000,4,0,0,-633.007,9.400,129.077,2.783
293.420,EMBER,tourer,1,15,40.830,41.569,0.372,0.000,4,0,0,-629.059,9.445,141.399,1.582
293.420,GOLD,moto,1,19,44.962,44.013,0.000,0.280,4,0,0,-16.276,8.370,527.137,1.767
293.420,BLUE,atv,1,16,12.400,13.589,0.682,0.000,4,0,0,-603.772,8.432,524.852,2.442
293.680,YOU reference pilot,original,1,15,41.161,42.426,0.637,0.000,4,0,0,-632.410,9.440,139.760,2.040
293.680,EMBER,tourer,1,15,40.877,41.569,0.348,0.000,4,0,0,-629.167,9.483,152.022,1.635
293.680,GOLD,moto,1,19,42.070,42.205,0.000,0.000,4,0,0,-5.010,8.380,527.207,1.782
293.680,BLUE,atv,1,16,14.694,16.091,0.789,0.000,4,0,0,-602.862,8.446,528.257,2.579
293.960,YOU reference pilot,original,1,15,41.157,42.148,0.497,0.000,4,0,0,-631.213,9.481,151.230,0.856
293.960,EMBER,tourer,1,15,40.911,41.569,0.330,0.000,4,0,0,-629.241,9.522,163.472,1.726
293.960,GOLD,moto,1,19,38.943,37.716,0.000,0.359,4,0,0,6.301,8.403,527.413,1.796
293.960,BLUE,atv,1,17,17.638,24.667,1.000,0.000,4,0,0,-600.895,8.475,532.367,1.890
294.220,YOU reference pilot,original,1,15,41.150,42.426,0.642,0.000,4,0,0,-630.900,9.517,161.925,0.655
294.220,EMBER,tourer,1,15,40.932,41.569,0.319,0.000,4,0,0,-629.312,9.557,174.112,1.798
294.220,GOLD,moto,1,19,36.058,35.298,0.000,0.224,4,0,0,16.000,8.435,527.758,1.802
294.220,BLUE,atv,1,17,20.011,26.762,1.000,0.000,4,0,0,-597.681,8.500,536.100,0.654
294.480,YOU reference pilot,original,1,15,41.254,42.426,0.591,0.000,4,0,0,-631.434,9.552,172.626,0.799
294.480,EMBER,tourer,1,15,40.946,41.569,0.312,0.000,4,0,0,-629.406,9.588,184.756,1.842
294.480,GOLD,moto,1,19,33.427,32.759,0.000,0.198,4,0,0,24.952,8.477,528.299,1.777
294.480,BLUE,atv,1,17,22.186,32.998,1.000,0.000,4,0,0,-593.072,8.505,539.126,0.936
294.760,YOU reference pilot,original,1,15,41.369,42.426,0.532,0.000,4,0,0,-632.409,9.587,184.154,1.443
294.760,EMBER,tourer,1,15,40.957,41.569,0.306,0.000,4,0,0,-629.529,9.620,196.222,1.855
294.760,GOLD,moto,1,19,31.136,31.680,0.291,0.000,4,0,0,33.899,8.535,529.189,1.710
294.760,BLUE,atv,1,17,24.496,35.094,1.000,0.000,4,0,0,-586.849,8.501,541.204,1.406
295.020,YOU reference pilot,original,1,15,41.427,42.426,0.500,0.000,4,0,0,-633.254,9.617,194.887,2.106
295.020,EMBER,tourer,1,15,40.964,41.569,0.303,0.000,4,0,0,-629.655,9.646,206.871,1.843
295.020,GOLD,moto,1,19,31.810,36.143,1.000,0.000,4,0,0,41.916,8.628,530.441,1.710
295.020,BLUE,atv,1,17,26.592,45.169,1.000,0.000,4,0,0,-580.237,8.493,542.028,1.309
295.300,YOU reference pilot,original,1,15,41.339,42.426,0.547,0.000,4,0,0,-633.469,9.645,206.475,2.192
295.300,EMBER,tourer,1,15,40.970,41.569,0.300,0.000,4,0,0,-629.797,9.670,218.341,1.824
295.300,GOLD,moto,1,19,32.082,30.220,0.000,0.543,4,0,0,50.754,8.810,532.422,1.936
295.300,BLUE,atv,1,17,28.783,46.476,1.000,0.000,4,0,0,-572.460,8.481,541.986,0.816
295.560,YOU reference pilot,original,1,15,41.350,41.927,0.287,0.000,4,0,0,-632.655,9.668,217.195,1.336
295.560,EMBER,tourer,1,15,40.974,41.569,0.298,0.000,4,0,0,-629.937,9.690,228.993,1.822
295.560,GOLD,moto,1,19,31.617,31.705,0.000,0.000,4,0,0,58.788,9.059,534.676,2.423
295.560,BLUE,atv,1,17,30.695,46.476,1.000,0.000,4,0,0,-564.728,8.467,541.403,0.504
295.820,YOU reference pilot,original,1,15,41.269,41.818,0.272,0.000,4,0,0,-631.450,9.688,227.867,0.673
295.820,EMBER,tourer,1,15,40.977,41.569,0.296,0.000,4,0,0,-630.090,9.709,239.646,1.828
295.820,GOLD,moto,1,19,32.203,37.007,1.000,0.000,4,0,0,66.657,9.325,537.015,2.698
295.820,BLUE,atv,1,17,32.465,46.476,1.000,0.000,4,0,0,-556.538,8.453,540.573,0.901
296.080,YOU reference pilot,original,1,15,41.220,41.979,0.379,0.000,4,0,0,-630.437,9.707,238.542,1.493
296.080,EMBER,tourer,1,15,40.979,41.569,0.295,0.000,4,0,0,-630.258,9.725,250.299,1.835
296.080,GOLD,moto,1,19,34.088,48.000,1.000,0.000,4,0,0,74.996,9.510,539.276,2.399
296.080,BLUE,atv,1,17,34.092,46.476,1.000,0.000,4,0,0,-547.912,8.441,539.686,1.380
296.360,YOU reference pilot,original,1,15,41.212,42.069,0.429,0.000,4,0,0,-629.864,9.725,250.069,2.204
296.360,EMBER,tourer,1,15,40.982,41.569,0.294,0.000,4,0,0,-630.455,9.740,261.772,1.839
296.360,GOLD,moto,1,19,35.963,48.000,1.000,0.000,4,0,0,84.613,9.574,541.321,1.721
296.360,BLUE,atv,1,17,35.696,46.476,1.000,0.000,4,0,0,-538.164,8.430,538.780,1.721
296.620,YOU reference pilot,original,1,15,41.229,42.071,0.422,0.000,4,0,0,-629.812,9.739,260.786,2.434
296.620,EMBER,tourer,1,15,40.983,41.569,0.293,0.000,4,0,0,-630.647,9.752,272.425,1.837
296.620,GOLD,moto,1,0,37.579,48.000,1.000,0.000,4,0,0,94.092,9.589,542.716,1.268
296.620,BLUE,atv,1,17,37.060,46.476,1.000,0.000,4,0,0,-528.720,8.424,538.019,1.870
296.900,YOU reference pilot,original,1,15,41.252,42.049,0.399,0.000,4,0,0,-630.103,9.752,272.331,2.352
296.900,EMBER,tourer,1,15,40.985,41.569,0.292,0.000,4,0,0,-630.857,9.762,283.899,1.831
296.900,GOLD,moto,1,0,39.203,48.000,1.000,0.000,4,0,0,104.815,9.616,543.711,1.094
296.900,BLUE,atv,1,17,38.404,46.476,1.000,0.000,4,0,0,-518.165,8.423,537.278,1.904
297.160,YOU reference pilot,original,1,15,41.267,42.033,0.384,0.000,4,0,0,-630.511,9.762,283.051,2.144
297.160,EMBER,tourer,1,15,40.987,41.569,0.291,0.000,4,0,0,-631.044,9.769,294.554,1.823
297.160,GOLD,moto,1,0,40.604,48.000,1.000,0.000,4,0,0,115.190,9.631,544.297,1.154
297.160,BLUE,atv,1,17,39.547,46.476,1.000,0.000,4,0,0,-508.038,8.427,536.650,1.878
297.420,YOU reference pilot,original,1,15,41.242,41.946,0.350,0.000,4,0,0,-630.985,9.769,293.770,1.867
297.420,EMBER,tourer,1,16,40.988,41.569,0.290,0.000,4,0,0,-631.216,9.774,305.210,1.814
297.420,GOLD,moto,1,0,41.904,48.000,1.000,0.000,4,0,0,125.923,9.630,544.727,1.334
297.420,BLUE,atv,1,17,40.596,46.476,1.000,0.000,4,0,0,-497.623,8.439,536.075,1.840
297.700,YOU reference pilot,original,1,16,41.182,42.201,0.513,0.000,4,0,0,-632.101,9.774,305.251,1.039
297.700,EMBER,tourer,1,16,40.990,41.569,0.290,0.000,4,0,0,-631.373,9.775,316.686,1.804
297.700,GOLD,moto,1,0,43.193,48.000,1.000,0.000,4,0,0,137.843,9.612,545.204,1.565
297.700,BLUE,atv,1,17,41.628,46.476,1.000,0.000,4,0,0,-486.112,8.460,535.528,1.814
297.960,YOU reference pilot,original,1,16,41.248,42.131,0.443,0.000,4,0,0,-633.575,9.775,315.867,0.838
297.960,EMBER,tourer,1,16,40.991,41.569,0.289,0.000,4,0,0,-631.480,9.774,327.343,1.794
297.960,GOLD,moto,1,0,44.292,48.000,1.000,0.000,4,0,0,149.213,9.580,545.808,1.744
297.960,BLUE,atv,1,17,42.505,46.476,1.000,0.000,4,0,0,-475.173,8.488,535.100,1.832
298.220,YOU reference pilot,original,1,16,41.257,42.061,0.402,0.000,4,0,0,-634.914,9.774,326.511,1.883
298.220,EMBER,tourer,1,16,40.993,41.569,0.288,0.000,4,0,0,-631.540,9.769,338.001,1.784
298.220,GOLD,moto,1,0,45.304,48.000,1.000,0.000,4,0,0,160.840,9.531,546.675,1.867
298.220,BLUE,atv,1,17,43.310,46.476,1.000,0.000,4,0,0,-464.014,8.527,534.734,1.867
298.500,YOU reference pilot,original,1,16,41.096,41.984,0.445,0.000,4,0,0,-635.672,9.769,338.024,2.555
298.500,EMBER,tourer,1,16,40.994,41.569,0.288,0.000,4,0,0,-631.536,9.760,349.479,1.772
298.500,GOLD,moto,1,0,46.286,48.000,0.887,0.000,4,0,0,173.612,9.456,547.972,1.977
298.500,BLUE,atv,1,17,44.101,46.476,1.000,0.000,4,0,0,-451.773,8.585,534.365,1.840
298.760,YOU reference pilot,original,1,16,40.979,41.911,0.468,0.000,4,0,0,-635.125,9.761,348.678,2.042
298.760,EMBER,tourer,1,16,40.995,41.569,0.287,0.000,4,0,0,-631.451,9.748,360.138,1.759
298.760,GOLD,moto,1,0,46.846,48.000,0.593,0.000,4,0,0,185.635,9.346,549.501,2.030
298.760,BLUE,atv,1,17,44.747,46.476,0.885,0.000,4,0,0,-440.219,8.652,534.011,1.797
299.020,YOU reference pilot,original,1,16,41.008,41.838,0.414,0.000,4,0,0,-633.834,9.749,359.262,0.983
299.020,EMBER,tourer,1,16,40.996,41.569,0.286,0.000,4,0,0,-631.268,9.732,370.795,1.744
299.020,GOLD,moto,1,0,47.159,48.000,0.430,0.000,4,0,0,197.735,9.201,551.261,2.006
299.020,BLUE,atv,1,17,45.161,46.476,0.670,0.000,4,0,0,-428.529,8.726,533.625,1.762
299.300,YOU reference pilot,original,1,16,40.937,41.758,0.412,0.000,4,0,0,-633.014,9.732,370.705,0.663
299.300,EMBER,tourer,1,16,40.997,41.569,0.286,0.000,4,0,0,-630.933,9.709,382.270,1.723
299.300,GOLD,moto,1,0,47.348,48.000,0.331,0.000,4,0,0,210.813,9.030,553.293,1.930
299.300,BLUE,atv,1,17,45.427,46.476,0.532,0.000,4,0,0,-415.849,8.809,533.173,1.745
299.560,YOU reference pilot,original,1,16,40.938,41.684,0.373,0.000,4,0,0,-633.033,9.711,381.349,0.802
299.560,EMBER,tourer,1,16,40.997,41.569,0.286,0.000,4,0,0,-630.458,9.682,392.918,1.700
299.560,GOLD,moto,1,0,43.782,41.633,0.000,0.625,4,0,0,222.468,8.874,555.111,1.855
299.560,BLUE,atv,1,17,45.577,46.476,0.454,0.000,4,0,0,-404.024,8.889,532.727,1.745
299.820,YOU reference pilot,original,1,16,40.946,41.609,0.331,0.000,4,0,0,-633.317,9.685,391.991,1.395
299.820,EMBER,tourer,1,16,40.994,41.569,0.288,0.000,4,0,0,-629.781,9.648,403.556,1.671
299.820,GOLD,moto,1,0,40.653,39.340,0.000,0.384,4,0,0,233.299,8.731,556.719,1.800
299.820,BLUE,atv,1,17,45.671,46.476,0.405,0.000,4,0,0,-392.169,8.970,532.270,1.754
300.080,YOU reference pilot,original,1,16,40.900,41.534,0.313,0.000,4,0,0,-633.403,9.652,402.634,2.103
300.080,EMBER,tourer,1,16,40.990,41.569,0.289,0.000,4,0,0,-628.846,9.605,414.174,1.622
300.080,GOLD,moto,1,0,37.937,37.214,0.000,0.213,4,0,0,243.401,8.607,558.066,1.772
300.080,BLUE,atv,1,17,45.731,46.476,0.374,0.000,4,0,0,-380.295,9.050,531.812,1.764
300.360,YOU reference pilot,original,1,16,40.653,41.454,0.401,0.000,4,0,0,-632.624,9.607,414.030,2.349
300.360,EMBER,tourer,1,16,40.988,41.569,0.291,0.000,4,0,0,-627.486,9.533,425.571,1.551
300.360,GOLD,moto,1,0,34.728,32.848,0.000,0.547,4,0,0,253.465,8.502,559.170,1.746
300.360,BLUE,atv,1,18,45.772,46.476,0.353,0.000,4,0,0,-367.493,9.133,531.327,1.773
300.620,YOU reference pilot,original,1,16,40.581,41.381,0.403,0.000,4,0,0,-630.607,9.545,424.393,1.656
300.620,EMBER,tourer,1,16,40.597,41.444,0.429,0.000,4,0,0,-625.858,9.445,436.063,1.488
300.620,GOLD,moto,1,0,31.706,29.484,0.000,0.645,4,0,0,262.041,8.442,559.861,1.682
300.620,BLUE,atv,1,18,45.796,46.476,0.340,0.000,4,0,0,-355.597,9.208,530.888,1.778
300.880,YOU reference pilot,original,1,16,40.591,41.098,0.251,0.000,4,0,0,-628.170,9.461,434.665,0.960
300.880,EMBER,tourer,1,16,38.441,37.632,0.000,0.234,4,0,0,-623.911,9.340,446.161,1.444
300.880,GOLD,moto,1,0,28.584,26.392,0.000,0.637,4,0,0,269.856,8.418,560.249,1.654
300.880,BLUE,atv,1,18,45.813,46.476,0.332,0.000,4,0,0,-343.695,9.277,530.465,1.781
301.160,YOU reference pilot,original,1,16,38.672,38.876,0.098,0.000,4,0,0,-626.051,9.352,445.533,0.944
301.160,EMBER,tourer,1,16,36.320,34.739,0.000,0.453,4,0,0,-621.541,9.215,456.357,1.423
301.160,GOLD,moto,1,0,25.380,23.677,0.000,0.495,4,0,0,277.390,8.416,560.365,1.650
301.160,BLUE,atv,1,18,45.825,46.476,0.326,0.000,4,0,0,-330.873,9.345,530.028,1.782
301.420,YOU reference pilot,original,1,16,36.505,35.866,0.000,0.185,4,0,0,-624.382,9.238,455.158,1.370
301.420,EMBER,tourer,1,16,33.700,32.453,0.000,0.358,4,0,0,-619.185,9.096,465.107,1.425
301.420,GOLD,moto,1,0,22.662,22.823,0.000,0.000,4,0,0,283.568,8.430,560.239,1.655
301.420,BLUE,atv,1,18,45.833,46.476,0.322,0.000,4,0,0,-318.963,9.400,529.643,1.783
301.680,YOU reference pilot,original,1,16,34.435,33.592,0.000,0.243,4,0,0,-622.659,9.120,464.189,1.943
301.680,EMBER,tourer,1,16,31.168,29.993,0.000,0.337,4,0,0,-616.774,8.980,473.156,1.447
301.680,GOLD,moto,1,0,19.254,18.630,0.000,0.183,4,0,0,288.904,8.452,559.945,1.663
301.680,BLUE,atv,1,18,45.840,46.476,0.318,0.000,4,0,0,-307.051,9.446,529.283,1.785
301.960,YOU reference pilot,original,1,16,31.759,30.349,0.000,0.404,4,0,0,-620.567,8.994,473.209,2.438
301.960,EMBER,tourer,1,16,28.285,28.214,0.000,0.000,4,0,0,-614.226,8.865,481.055,1.487
301.960,GOLD,moto,1,0,15.571,13.347,0.000,0.645,4,0,0,293.863,8.476,559.509,1.659
301.960,BLUE,atv,1,18,45.847,46.476,0.315,0.000,4,0,0,-294.219,9.483,528.928,1.788
302.240,YOU reference pilot,original,1,16,29.008,27.703,0.000,0.373,4,0,0,-617.915,8.877,481.290,2.335
302.240,EMBER,tourer,1,16,25.535,24.339,0.000,0.342,4,0,0,-611.834,8.767,488.194,1.540
302.240,GOLD,moto,1,0,13.045,12.880,0.000,0.000,4,0,0,297.755,8.492,559.085,1.610
302.240,BLUE,atv,1,18,45.853,46.476,0.312,0.000,4,0,0,-281.385,9.504,528.615,1.792
302.480,YOU reference pilot,original,1,16,26.636,24.777,0.000,0.531,4,0,0,-615.251,8.790,487.398,1.727
302.480,EMBER,tourer,1,16,23.682,22.557,0.000,0.322,4,0,0,-609.977,8.701,493.781,1.579
302.480,GOLD,moto,1,0,12.249,11.341,0.000,0.264,4,0,0,300.850,8.501,558.730,1.512
302.480,BLUE,atv,1,18,45.859,46.476,0.309,0.000,4,0,0,-270.381,9.507,528.385,1.799
302.760,YOU reference pilot,original,1,16,24.118,22.672,0.000,0.413,4,0,0,-612.508,8.708,493.907,1.196
302.760,EMBER,tourer,1,16,21.356,19.532,0.000,0.520,4,0,0,-608.107,8.645,499.821,1.572
302.760,GOLD,moto,1,0,9.565,8.879,0.000,0.199,4,0,0,303.788,8.490,558.395,1.427
302.760,BLUE,atv,1,18,45.867,46.476,0.305,0.000,4,0,0,-257.541,9.489,528.158,1.804
303.020,YOU reference pilot,original,1,16,22.146,21.282,0.000,0.248,4,0,0,-610.691,8.652,499.613,1.172
303.020,EMBER,tourer,1,16,18.978,18.310,0.000,0.192,4,0,0,-606.779,8.614,504.816,1.614
303.020,GOLD,moto,1,0,9.276,10.037,0.451,0.000,4,0,0,306.176,8.414,558.111,1.465
303.020,BLUE,atv,1,18,45.875,46.476,0.301,0.000,4,0,0,-245.615,9.455,527.985,1.803
303.280,YOU reference pilot,original,1,16,19.269,18.428,0.000,0.242,4,0,0,-609.535,8.617,504.796,1.369
303.280,EMBER,tourer,1,16,15.792,14.200,0.000,0.454,4,0,0,-605.838,8.595,509.221,1.734
303.280,GOLD,moto,1,0,11.564,12.526,0.566,0.000,4,0,0,308.827,8.246,557.717,1.739
303.280,BLUE,atv,1,18,45.883,46.476,0.297,0.000,4,0,0,-233.687,9.409,527.843,1.799
303.560,YOU reference pilot,original,1,16,16.133,14.382,0.000,0.499,4,0,0,-608.828,8.594,509.735,1.563
303.560,EMBER,tourer,1,16,13.833,13.477,0.000,0.000,4,0,0,-605.190,8.581,513.251,1.899
303.560,GOLD,moto,1,0,11.579,9.578,0.000,0.575,4,0,0,312.240,7.860,556.846,2.441
303.560,BLUE,atv,1,18,45.880,46.412,0.265,0.000,4,0,0,-220.840,9.347,527.718,1.794
303.820,YOU reference pilot,original,1,16,14.160,13.638,0.000,0.150,4,0,0,-608.439,8.581,513.590,1.616
303.820,EMBER,tourer,1,16,12.403,11.173,0.000,0.351,4,0,0,-604.779,8.575,516.654,2.048
303.820,GOLD,moto,1,0,9.559,6.837,0.000,0.793,4,0,0,314.735,7.494,555.622,2.241
303.820,BLUE,atv,1,18,45.854,46.335,0.239,0.000,4,0,0,-208.915,9.280,527.625,1.790
304.100,YOU reference pilot,original,1,16,12.487,11.403,0.000,0.309,4,0,0,-607.868,8.574,517.284,1.341
304.100,EMBER,tourer,1,16,10.808,10.239,0.000,0.163,4,0,0,-604.451,8.574,519.848,2.202
304.100,GOLD,moto,1,0,11.712,24.000,1.000,0.000,4,0,0,316.876,7.744,553.846,1.095
304.100,BLUE,atv,1,18,45.811,46.254,0.220,0.000,4,0,0,-196.083,9.199,527.544,1.787
304.360,YOU reference pilot,original,1,16,11.002,10.450,0.000,0.158,4,0,0,-607.177,8.574,520.218,0.907
304.360,EMBER,tourer,1,16,10.173,10.287,0.061,0.000,4,0,0,-604.156,8.577,522.527,2.336
304.360,GOLD,moto,1,0,14.752,24.000,1.000,0.000,4,0,0,318.894,8.302,551.074,0.500
304.360,BLUE,atv,1,18,45.761,46.182,0.208,0.000,4,0,0,-184.179,9.119,527.487,1.785
304.620,YOU reference pilot,original,1,16,10.201,10.499,0.171,0.000,4,0,0,-606.404,8.577,522.840,0.648
304.620,EMBER,tourer,1,16,11.112,12.154,0.572,0.000,4,0,0,-603.726,8.584,525.252,2.471
304.620,GOLD,moto,1,0,17.462,24.000,1.000,0.000,4,0,0,320.452,9.013,547.224,1.063
304.620,BLUE,atv,1,18,45.705,46.111,0.201,0.000,4,0,0,-172.289,9.035,527.444,1.783
304.880,YOU reference pilot,original,1,16,11.663,12.405,0.426,0.000,4,0,0,-605.705,8.579,525.593,0.745
304.880,EMBER,tourer,1,16,12.937,14.392,0.798,0.000,4,0,0,-602.967,8.600,528.285,2.508
304.880,GOLD,moto,1,0,19.984,24.000,1.000,0.000,4,0,0,321.255,9.905,542.478,1.369
304.880,BLUE,atv,1,18,45.647,46.043,0.196,0.000,4,0,0,-160.414,8.948,527.414,1.782
305.160,YOU reference pilot,original,1,16,12.127,10.000,0.000,0.614,4,0,0,-604.927,8.588,529.014,0.720
305.160,EMBER,tourer,1,17,11.056,10.000,0.000,0.295,4,0,0,-601.864,8.620,531.548,1.829
305.160,GOLD,moto,1,0,22.506,24.000,0.817,0.000,4,0,0,321.261,10.997,536.595,1.168
305.160,BLUE,atv,1,18,45.582,45.972,0.193,0.000,4,0,0,-147.643,8.854,527.394,1.781
305.420,YOU reference pilot,original,1,17,10.401,10.000,0.000,0.000,4,0,0,-604.100,8.604,531.766,0.666
305.420,EMBER,tourer,1,17,9.838,10.000,0.081,0.000,4,0,0,-600.698,8.634,533.953,0.974
305.420,GOLD,moto,1,0,23.354,24.000,0.337,0.000,4,0,0,320.691,12.118,530.733,0.685
305.420,BLUE,atv,1,19,45.522,45.909,0.191,0.000,4,0,0,-135.800,8.768,527.385,1.780
305.680,YOU reference pilot,original,1,17,9.902,10.000,0.065,0.000,4,0,0,-603.050,8.613,534.158,1.148
305.680,EMBER,tourer,1,17,9.821,10.000,0.088,0.000,4,0,0,-599.290,8.643,536.084,0.726
305.680,GOLD,moto,1,0,23.530,24.000,0.238,0.000,4,0,0,319.878,13.303,524.803,0.520
305.680,BLUE,atv,1,19,45.462,45.849,0.191,0.000,4,0,0,-123.974,8.686,527.384,1.778
305.960,YOU reference pilot,original,1,17,11.595,24.205,1.000,0.000,4,0,0,-601.525,8.623,536.673,2.073
305.960,EMBER,tourer,1,17,9.890,10.000,0.071,0.000,4,0,0,-597.488,8.647,538.167,1.541
305.960,GOLD,moto,1,0,23.558,24.000,0.221,0.000,4,0,0,318.990,14.625,518.406,1.002
305.960,BLUE,atv,1,19,45.398,45.788,0.193,0.000,4,0,0,-111.254,8.605,527.388,1.776
306.220,YOU reference pilot,original,1,17,11.490,10.000,0.000,0.433,4,0,0,-599.563,8.634,539.210,3.256
306.220,EMBER,tourer,1,17,9.887,10.000,0.073,0.000,4,0,0,-595.543,8.648,539.846,2.344
306.220,GOLD,moto,1,0,23.552,24.000,0.224,0.000,4,0,0,318.288,15.892,512.457,1.446
306.220,BLUE,atv,1,19,45.340,45.734,0.195,0.000,4,0,0,-99.459,8.540,527.393,1.774
306.480,YOU reference pilot,original,1,17,9.977,10.000,0.000,0.000,4,0,0,-597.576,8.639,541.144,4.209
306.480,EMBER,tourer,1,17,9.892,10.000,0.054,0.000,4,0,0,-593.340,8.650,541.169,2.898
306.480,GOLD,moto,2,1,23.541,24.000,0.229,0.000,4,0,0,317.755,17.199,506.502,1.752
306.480,BLUE,atv,1,19,45.283,45.684,0.198,0.000,4,0,0,-87.679,8.489,527.394,1.775
306.760,YOU reference pilot,original,1,17,12.749,26.995,1.000,0.000,4,0,0,-594.881,8.637,542.838,4.900
306.760,EMBER,tourer,1,17,12.501,29.298,1.000,0.000,4,0,0,-590.430,8.651,542.342,3.240
306.760,GOLD,moto,2,1,23.531,24.000,0.234,0.000,4,0,0,317.372,18.649,500.087,1.930
306.760,BLUE,atv,1,19,45.223,45.634,0.203,0.000,4,0,0,-75.009,8.454,527.378,1.770
307.020,YOU reference pilot,original,1,17,15.269,32.231,1.000,0.000,4,0,0,-591.496,8.640,544.277,5.350
307.020,EMBER,tourer,1,17,14.865,35.021,1.000,0.000,4,0,0,-586.942,8.647,543.192,3.350
307.020,GOLD,moto,2,1,23.521,24.000,0.239,0.000,4,0,0,317.172,20.036,494.135,1.988
307.020,BLUE,atv,1,19,45.171,45.591,0.208,0.000,4,0,0,-63.259,8.426,527.338,1.759
307.280,YOU reference pilot,original,1,17,17.529,35.743,1.000,0.000,4,0,0,-587.328,8.647,545.309,5.476
307.280,EMBER,tourer,1,17,17.039,37.581,1.000,0.000,4,0,0,-582.775,8.643,543.488,3.018
307.280,GOLD,moto,2,1,23.510,24.000,0.244,0.000,4,0,0,317.088,21.463,488.192,1.991
307.280,BLUE,atv,1,19,45.123,45.551,0.213,0.000,4,0,0,-51.522,8.400,527.278,1.749
307.560,YOU reference pilot,original,1,17,19.834,39.750,1.000,0.000,4,0,0,-582.089,8.642,545.785,5.185
307.560,EMBER,tourer,1,17,19.322,41.569,1.000,0.000,4,0,0,-577.672,8.638,543.088,2.138
307.560,GOLD,moto,2,1,23.499,24.000,0.250,0.000,4,0,0,317.078,23.046,481.806,1.979
307.560,BLUE,atv,1,19,45.075,45.513,0.217,0.000,4,0,0,-38.895,8.380,527.203,1.748
307.820,YOU reference pilot,original,1,17,21.839,40.103,1.000,0.000,4,0,0,-576.646,8.635,545.698,4.615
307.820,EMBER,tourer,1,17,21.349,41.569,1.000,0.000,4,0,0,-572.429,8.630,542.241,1.109
307.820,GOLD,moto,2,1,23.486,24.000,0.257,0.000,4,0,0,317.104,24.569,475.894,1.936
307.820,BLUE,atv,1,19,45.034,45.481,0.222,0.000,4,0,0,-27.182,8.371,527.148,1.755
308.080,YOU reference pilot,original,1,17,23.627,40.102,1.000,0.000,4,0,0,-570.749,8.628,545.036,3.695
308.080,EMBER,tourer,1,17,23.244,41.569,1.000,0.000,4,0,0,-566.704,8.620,541.201,0.701
308.080,GOLD,moto,2,1,23.473,24.000,0.263,0.000,4,0,0,317.135,26.134,469.995,1.877
308.080,BLUE,atv,1,19,43.898,43.306,0.000,0.176,4,0,0,-15.589,8.370,527.140,1.767
308.360,YOU reference pilot,original,1,17,25.485,40.104,1.000,0.000,4,0,0,-564.007,8.617,543.579,2.211
308.360,EMBER,tourer,1,17,25.126,41.569,1.000,0.000,4,0,0,-559.996,8.609,540.120,1.446
308.360,GOLD,moto,2,1,23.463,24.000,0.268,0.000,4,0,0,317.154,27.844,463.652,1.818
308.360,BLUE,atv,1,19,40.736,39.440,0.000,0.379,4,0,0,-3.756,8.382,527.223,1.782
308.620,YOU reference pilot,original,1,17,27.036,40.110,1.000,0.000,4,0,0,-557.334,8.605,542.021,0.934
308.620,EMBER,tourer,1,17,26.740,41.569,1.000,0.000,4,0,0,-553.284,8.599,539.299,2.018
308.620,GOLD,moto,2,1,23.455,24.000,0.272,0.000,4,0,0,317.152,29.449,457.769,1.776
308.620,BLUE,atv,1,19,38.112,36.887,0.000,0.359,4,0,0,6.503,8.404,527.421,1.794
308.880,YOU reference pilot,original,1,17,28.392,40.119,1.000,0.000,4,0,0,-550.174,8.594,541.058,0.649
308.880,EMBER,tourer,1,17,28.247,41.569,1.000,0.000,4,0,0,-546.144,8.589,538.689,2.288
308.880,GOLD,moto,2,1,23.450,24.000,0.275,0.000,4,0,0,317.129,31.068,451.891,1.751
308.880,BLUE,atv,1,19,34.215,34.413,0.098,0.000,4,0,0,15.673,8.434,527.747,1.798
309.160,YOU reference pilot,original,1,17,29.828,40.133,1.000,0.000,4,0,0,-542.010,8.585,540.796,0.662
309.160,EMBER,tourer,1,17,29.758,41.569,1.000,0.000,4,0,0,-538.020,8.581,538.213,2.298
309.160,GOLD,moto,2,1,23.446,24.000,0.277,0.000,4,0,0,317.089,32.822,445.565,1.741
309.160,BLUE,atv,1,19,32.267,31.803,0.000,0.138,4,0,0,24.963,8.478,528.303,1.774
309.420,YOU reference pilot,original,1,17,31.097,40.150,1.000,0.000,4,0,0,-534.077,8.578,540.952,1.011
309.420,EMBER,tourer,1,17,31.062,41.561,1.000,0.000,4,0,0,-530.106,8.576,537.854,2.158
309.420,GOLD,moto,2,1,23.443,24.000,0.279,0.000,4,0,0,317.044,34.458,439.694,1.741
309.420,BLUE,atv,1,19,30.169,30.415,0.125,0.000,4,0,0,33.008,8.529,529.078,1.717
309.680,YOU reference pilot,original,1,17,32.266,40.171,1.000,0.000,4,0,0,-525.829,8.574,541.166,1.661
309.680,EMBER,tourer,1,17,32.273,41.487,1.000,0.000,4,0,0,-521.867,8.573,537.495,1.978
309.680,GOLD,moto,2,1,23.441,24.000,0.280,0.000,4,0,0,316.997,36.099,433.824,1.748
309.680,BLUE,atv,1,19,30.477,32.872,1.000,0.000,4,0,0,40.757,8.612,530.223,1.703
309.960,YOU reference pilot,original,1,17,33.351,40.197,1.000,0.000,4,0,0,-516.623,8.574,541.145,2.218
309.960,EMBER,tourer,1,17,33.481,41.407,1.000,0.000,4,0,0,-512.658,8.576,537.054,1.820
309.960,GOLD,moto,2,1,23.439,24.000,0.280,0.000,4,0,0,316.951,37.867,427.504,1.757
309.960,BLUE,atv,1,19,31.120,30.129,0.000,0.291,4,0,0,49.300,8.777,532.054,1.875
310.220,YOU reference pilot,original,1,17,34.220,40.225,1.000,0.000,4,0,0,-507.865,8.578,540.338,1.989
310.220,EMBER,tourer,1,17,34.519,41.333,1.000,0.000,4,0,0,-503.818,8.583,536.587,1.741
310.220,GOLD,moto,2,1,23.439,24.000,0.281,0.000,4,0,0,316.918,39.509,421.636,1.766
310.220,BLUE,atv,1,19,30.481,28.659,0.000,0.532,4,0,0,57.122,9.006,534.199,2.305
310.480,YOU reference pilot,original,1,17,35.121,40.256,1.000,0.000,4,0,0,-498.942,8.588,538.968,1.228
310.480,EMBER,tourer,1,17,35.484,41.259,1.000,0.000,4,0,0,-494.720,8.595,536.087,1.729
310.480,GOLD,moto,2,1,23.439,24.000,0.281,0.000,4,0,0,316.896,41.149,415.766,1.773
310.480,BLUE,atv,1,19,30.675,35.492,1.000,0.000,4,0,0,64.704,9.265,536.472,2.654
310.760,YOU reference pilot,original,1,17,35.943,40.293,1.000,0.000,4,0,0,-489.033,8.605,537.960,0.850
310.760,EMBER,tourer,1,17,36.445,41.181,1.000,0.000,4,0,0,-484.653,8.615,535.563,1.770
310.760,GOLD,moto,2,1,23.440,24.000,0.280,0.000,4,0,0,316.889,42.910,409.444,1.779
310.760,BLUE,atv,1,19,32.421,45.406,1.000,0.000,4,0,0,73.219,9.479,538.866,2.463
311.020,YOU reference pilot,original,1,17,36.683,40.331,1.000,0.000,4,0,0,-479.586,8.627,537.703,0.945
311.020,EMBER,tourer,1,17,37.270,41.109,1.000,0.000,4,0,0,-475.070,8.640,535.131,1.847
311.020,GOLD,moto,2,1,23.441,24.000,0.280,0.000,4,0,0,316.900,44.538,403.570,1.782
311.020,BLUE,atv,1,19,33.976,45.425,1.000,0.000,4,0,0,81.654,9.559,540.793,1.890
311.280,YOU reference pilot,original,1,17,37.399,40.372,1.000,0.000,4,0,0,-469.948,8.656,537.840,1.299
311.280,EMBER,tourer,1,17,38.036,41.037,1.000,0.000,4,0,0,-465.279,8.673,534.761,1.924
311.280,GOLD,moto,2,1,23.443,24.000,0.279,0.000,4,0,0,316.928,46.157,397.694,1.785
311.280,BLUE,atv,1,0,35.422,45.447,1.000,0.000,4,0,0,90.572,9.578,542.273,1.391
311.560,YOU reference pilot,original,1,17,38.110,40.419,1.000,0.000,4,0,0,-459.372,8.698,538.098,1.825
311.560,EMBER,tourer,1,17,38.798,40.962,1.000,0.000,4,0,0,-454.519,8.723,534.413,1.928
311.560,GOLD,moto,2,1,23.446,24.000,0.277,0.000,4,0,0,316.983,47.888,391.362,1.786
311.560,BLUE,atv,1,0,36.874,45.476,1.000,0.000,4,0,0,100.653,9.605,543.363,1.144
311.820,YOU reference pilot,original,1,17,38.619,40.467,0.941,0.000,4,0,0,-449.385,8.750,538.090,2.130
311.820,EMBER,tourer,1,17,39.374,40.893,0.777,0.000,4,0,0,-444.350,8.779,534.107,1.890
311.820,GOLD,moto,2,1,23.450,24.000,0.275,0.000,4,0,0,317.058,49.480,385.476,1.787
311.820,BLUE,atv,1,0,38.125,45.507,1.000,0.000,4,0,0,110.395,9.626,544.017,1.143
312.080,YOU reference pilot,original,1,17,38.982,40.517,0.782,0.000,4,0,0,-439.325,8.808,537.256,1.677
312.080,EMBER,tourer,1,17,39.706,40.826,0.570,0.000,4,0,0,-434.068,8.841,533.792,1.843
312.080,GOLD,moto,2,1,23.454,24.000,0.273,0.000,4,0,0,317.157,51.053,379.585,1.791
312.080,BLUE,atv,1,0,39.285,45.542,1.000,0.000,4,0,0,120.462,9.631,544.476,1.272
312.360,YOU reference pilot,original,1,17,39.282,40.573,0.655,0.000,4,0,0,-428.431,8.877,535.992,0.937
312.360,EMBER,tourer,1,17,39.901,40.756,0.432,0.000,4,0,0,-422.924,8.913,533.426,1.804
312.360,GOLD,moto,2,1,23.460,24.000,0.270,0.000,4,0,0,317.284,52.723,373.233,1.810
312.360,BLUE,atv,1,0,40.436,45.584,1.000,0.000,4,0,0,131.629,9.622,544.915,1.473
312.620,YOU reference pilot,original,1,17,39.450,40.629,0.597,0.000,4,0,0,-418.208,8.943,535.434,0.817
312.620,EMBER,tourer,1,17,39.991,40.692,0.353,0.000,4,0,0,-412.543,8.982,533.057,1.786
312.620,GOLD,moto,2,1,23.464,24.000,0.268,0.000,4,0,0,317.411,54.260,367.331,1.813
312.620,BLUE,atv,1,0,41.416,45.626,1.000,0.000,4,0,0,142.270,9.600,545.405,1.651
312.880,YOU reference pilot,original,1,17,39.622,40.687,0.539,0.000,4,0,0,-407.927,9.012,535.437,1.100
312.880,EMBER,tourer,1,17,40.028,40.631,0.302,0.000,4,0,0,-402.147,9.052,532.666,1.785
312.880,GOLD,moto,2,1,23.463,24.000,0.268,0.000,4,0,0,317.537,55.823,361.436,1.802
312.880,BLUE,atv,1,0,42.317,45.672,1.000,0.000,4,0,0,153.146,9.564,546.075,1.786
313.160,YOU reference pilot,original,1,17,39.776,40.751,0.493,0.000,4,0,0,-396.811,9.088,535.674,1.675
313.160,EMBER,tourer,1,17,40.031,40.567,0.268,0.000,4,0,0,-390.946,9.128,532.232,1.795
313.160,GOLD,moto,2,1,23.460,24.000,0.270,0.000,4,0,0,317.667,57.527,355.093,1.786
313.160,BLUE,atv,1,0,43.207,45.725,1.000,0.000,4,0,0,165.088,9.508,547.082,1.887
313.420,YOU reference pilot,original,1,17,39.866,40.814,0.476,0.000,4,0,0,-386.455,9.157,535.813,2.174
313.420,EMBER,tourer,1,17,40.013,40.510,0.248,0.000,4,0,0,-380.549,9.198,531.827,1.807
313.420,GOLD,moto,2,1,23.457,24.000,0.271,0.000,4,0,0,317.782,59.112,349.205,1.771
313.420,BLUE,atv,1,0,43.960,45.778,0.936,0.000,4,0,0,176.362,9.433,548.317,1.977
313.680,YOU reference pilot,original,1,17,39.845,40.878,0.518,0.000,4,0,0,-376.100,9.226,535.343,2.097
313.680,EMBER,tourer,1,18,39.983,40.456,0.235,0.000,4,0,0,-370.157,9.266,531.427,1.819
313.680,GOLD,moto,2,1,23.456,24.000,0.272,0.000,4,0,0,317.894,60.697,343.317,1.761
313.680,BLUE,atv,1,0,44.484,45.835,0.692,0.000,4,0,0,187.772,9.320,549.815,2.013
313.960,YOU reference pilot,original,1,18,39.960,40.949,0.499,0.000,4,0,0,-365.011,9.298,533.969,1.219
313.960,EMBER,tourer,1,18,39.943,40.400,0.227,0.000,4,0,0,-358.976,9.336,531.008,1.827
313.960,GOLD,moto,2,1,23.456,24.000,0.272,0.000,4,0,0,318.018,62.400,336.975,1.757
313.960,BLUE,atv,1,0,44.842,45.899,0.539,0.000,4,0,0,200.151,9.168,551.640,1.985
314.220,YOU reference pilot,original,1,18,39.988,41.017,0.517,0.000,4,0,0,-354.662,9.362,532.980,0.773
314.220,EMBER,tourer,1,18,39.903,40.351,0.223,0.000,4,0,0,-348.603,9.398,530.633,1.832
314.220,GOLD,moto,2,1,23.457,24.000,0.272,0.000,4,0,0,318.145,63.974,331.084,1.758
314.220,BLUE,atv,1,0,45.047,45.384,0.167,0.000,4,0,0,211.703,9.018,553.435,1.922
314.480,YOU reference pilot,original,1,18,40.069,41.086,0.513,0.000,4,0,0,-344.256,9.422,532.742,0.851
314.480,EMBER,tourer,1,18,39.861,40.305,0.220,0.000,4,0,0,-338.240,9.456,530.271,1.834
314.480,GOLD,moto,2,1,23.459,24.000,0.270,0.000,4,0,0,318.292,65.536,325.190,1.763
314.480,BLUE,atv,1,0,43.127,41.564,0.000,0.456,4,0,0,223.052,8.866,555.197,1.854
314.760,YOU reference pilot,original,1,18,40.191,41.162,0.490,0.000,4,0,0,-333.020,9.483,532.976,1.335
314.760,EMBER,tourer,1,18,39.818,40.259,0.219,0.000,4,0,0,-327.092,9.512,529.898,1.835
314.760,GOLD,moto,2,1,23.463,24.000,0.269,0.000,4,0,0,318.482,67.200,318.837,1.770
314.760,BLUE,atv,1,0,40.218,39.385,0.000,0.245,4,0,0,234.568,8.715,556.893,1.800
315.020,YOU reference pilot,original,1,18,40.292,41.234,0.475,0.000,4,0,0,-322.560,9.533,533.272,1.917
315.020,EMBER,tourer,1,18,39.779,40.219,0.219,0.000,4,0,0,-316.750,9.558,529.570,1.836
315.020,GOLD,moto,2,1,23.468,24.000,0.266,0.000,4,0,0,318.699,68.725,312.933,1.779
315.020,BLUE,atv,1,0,37.393,35.360,0.000,0.591,4,0,0,244.539,8.594,558.200,1.774
315.280,YOU reference pilot,original,1,18,40.288,41.307,0.508,0.000,4,0,0,-312.078,9.576,533.271,2.224
315.280,EMBER,tourer,1,18,39.742,40.182,0.219,0.000,4,0,0,-306.417,9.596,529.260,1.837
315.280,GOLD,moto,2,1,23.474,24.000,0.263,0.000,4,0,0,318.967,70.223,307.021,1.786
315.280,BLUE,atv,1,0,34.338,32.726,0.000,0.470,4,0,0,253.766,8.500,559.195,1.748
315.560,YOU reference pilot,original,1,18,40.342,41.386,0.527,0.000,4,0,0,-300.834,9.614,532.291,1.608
315.560,EMBER,tourer,1,18,39.706,40.146,0.219,0.000,4,0,0,-295.299,9.628,528.952,1.840
315.560,GOLD,moto,2,1,23.483,24.000,0.259,0.000,4,0,0,319.323,71.798,300.647,1.794
315.560,BLUE,atv,1,0,31.063,29.387,0.000,0.488,4,0,0,262.880,8.439,559.912,1.681
315.820,YOU reference pilot,original,1,18,40.408,41.460,0.528,0.000,4,0,0,-290.395,9.639,531.121,0.870
315.820,EMBER,tourer,1,18,39.675,40.116,0.219,0.000,4,0,0,-284.983,9.648,528.693,1.843
315.820,GOLD,moto,2,1,23.493,24.000,0.254,0.000,4,0,0,319.731,73.217,294.719,1.800
315.820,BLUE,atv,1,0,28.095,26.283,0.000,0.527,4,0,0,270.578,8.417,560.270,1.656
316.080,YOU reference pilot,original,1,18,40.454,41.534,0.543,0.000,4,0,0,-279.890,9.653,530.685,0.758
316.080,EMBER,tourer,1,18,39.648,40.090,0.220,0.000,4,0,0,-274.673,9.655,528.463,1.850
316.080,GOLD,moto,2,1,23.506,24.000,0.248,0.000,4,0,0,320.230,74.585,288.783,1.806
316.080,BLUE,atv,1,0,25.117,22.760,0.000,0.684,4,0,0,277.509,8.417,560.363,1.651
316.360,YOU reference pilot,original,1,18,40.579,41.614,0.522,0.000,4,0,0,-268.546,9.653,530.934,1.079
316.360,EMBER,tourer,1,18,39.624,40.065,0.220,0.000,4,0,0,-263.577,9.647,528.251,1.856
316.360,GOLD,moto,2,2,23.522,24.000,0.240,0.000,4,0,0,320.890,75.991,282.381,1.814
316.360,BLUE,atv,1,0,22.313,19.656,0.000,0.771,4,0,0,284.092,8.432,560.217,1.655
316.620,YOU reference pilot,original,1,18,40.697,41.689,0.500,0.000,4,0,0,-257.989,9.637,531.414,1.653
316.620,EMBER,tourer,1,18,39.605,40.046,0.220,0.000,4,0,0,-253.278,9.625,528.085,1.857
316.620,GOLD,moto,2,2,23.541,24.000,0.230,0.000,4,0,0,321.640,77.216,276.430,1.823
316.620,BLUE,atv,1,0,19.034,18.482,0.000,0.162,4,0,0,289.331,8.454,559.913,1.663
316.900,YOU reference pilot,original,1,18,40.775,41.769,0.501,0.000,4,0,0,-246.585,9.606,531.821,2.193
316.900,EMBER,tourer,1,18,39.588,40.029,0.220,0.000,4,0,0,-242.192,9.590,527.935,1.854
316.900,GOLD,moto,2,2,23.568,24.000,0.217,0.000,4,0,0,322.611,78.423,270.014,1.859
316.900,BLUE,atv,1,0,15.054,13.130,0.000,0.558,4,0,0,294.173,8.477,559.477,1.656
317.160,YOU reference pilot,original,1,18,40.756,41.843,0.548,0.000,4,0,0,-235.991,9.567,531.463,1.978
317.160,EMBER,tourer,1,18,39.575,40.017,0.220,0.000,4,0,0,-231.902,9.548,527.819,1.850
317.160,GOLD,moto,2,2,25.787,39.561,1.000,0.000,4,0,0,323.722,79.466,263.749,1.912
317.160,BLUE,atv,1,0,12.852,12.686,0.000,0.000,4,0,0,297.708,8.492,559.089,1.612
317.420,YOU reference pilot,original,1,18,40.879,41.916,0.523,0.000,4,0,0,-225.434,9.518,530.371,1.102
317.420,EMBER,tourer,1,18,39.566,40.009,0.221,0.000,4,0,0,-221.614,9.499,527.722,1.845
317.420,GOLD,moto,2,2,27.882,39.135,1.000,0.000,4,0,0,325.103,80.443,256.949,1.938
317.420,BLUE,atv,1,0,11.574,9.274,0.000,0.666,4,0,0,300.973,8.501,558.713,1.508
317.680,YOU reference pilot,original,1,18,39.570,40.063,0.220,0.000,4,0,0,-214.973,9.463,529.451,0.655
317.680,EMBER,tourer,1,18,39.642,40.004,0.182,0.000,4,0,0,-211.314,9.442,527.607,1.870
317.680,GOLD,moto,2,2,29.872,36.345,1.000,0.000,4,0,0,326.795,81.295,249.654,1.946
317.680,BLUE,atv,1,0,9.266,8.597,0.000,0.194,4,0,0,303.595,8.492,558.415,1.431
317.960,YOU reference pilot,original,1,18,39.673,42.066,1.000,0.000,4,0,0,-203.892,9.383,529.701,0.749
317.960,EMBER,tourer,1,18,39.738,40.004,0.133,0.000,4,0,0,-200.204,9.362,528.110,1.336
317.960,GOLD,moto,2,2,31.908,34.438,1.000,0.000,4,0,0,329.036,82.033,241.299,1.951
317.960,BLUE,atv,1,0,9.050,9.718,0.391,0.000,4,0,0,306.096,8.415,558.122,1.457
318.220,YOU reference pilot,original,1,18,40.054,42.136,1.000,0.000,4,0,0,-193.560,9.314,530.618,1.512
318.220,EMBER,tourer,1,18,39.767,40.007,0.122,0.000,4,0,0,-189.905,9.295,528.959,0.693
318.220,GOLD,moto,2,2,31.185,31.831,0.340,0.000,4,0,0,331.498,82.498,233.456,1.962
318.220,BLUE,atv,1,0,11.008,12.128,0.652,0.000,4,0,0,308.636,8.259,557.757,1.703
318.480,YOU reference pilot,original,1,18,40.317,42.205,0.953,0.000,4,0,0,-183.135,9.247,531.409,2.304
318.480,EMBER,tourer,1,18,39.803,40.013,0.106,0.000,4,0,0,-179.580,9.227,529.593,0.763
318.480,GOLD,moto,2,2,28.759,28.989,0.000,0.000,4,0,0,334.186,82.726,226.179,1.964
318.480,BLUE,atv,1,0,11.323,9.778,0.000,0.445,4,0,0,311.663,7.937,557.049,2.303
318.760,YOU reference pilot,original,1,18,40.532,42.278,0.881,0.000,4,0,0,-171.816,9.167,531.790,2.712
318.760,EMBER,tourer,1,18,39.831,40.025,0.098,0.000,4,0,0,-168.434,9.147,529.835,0.943
318.760,GOLD,moto,2,2,25.816,25.095,0.000,0.212,4,0,0,337.233,82.789,219.209,1.957
318.760,BLUE,atv,1,0,8.730,7.720,0.000,0.287,4,0,0,314.156,7.512,555.947,2.506
319.020,YOU reference pilot,original,1,18,40.698,42.344,0.829,0.000,4,0,0,-161.253,9.092,531.744,2.695
319.020,EMBER,tourer,1,18,39.854,40.039,0.093,0.000,4,0,0,-158.076,9.072,529.718,0.877
319.020,GOLD,moto,2,2,22.922,21.852,0.000,0.312,4,0,0,340.115,82.750,213.595,1.947
319.020,BLUE,atv,1,0,6.279,5.477,0.000,0.236,4,0,0,315.663,7.531,554.858,1.828
319.300,YOU reference pilot,original,1,18,40.860,42.413,0.782,0.000,4,0,0,-149.836,9.012,531.423,2.404
319.300,EMBER,tourer,1,18,39.869,40.059,0.095,0.000,4,0,0,-146.920,8.991,529.369,0.694
319.300,GOLD,moto,2,2,21.059,20.353,0.000,0.206,4,0,0,343.251,82.660,208.359,1.921
319.300,BLUE,atv,1,0,9.239,24.000,1.000,0.000,4,0,0,317.052,7.885,553.317,1.143
319.560,YOU reference pilot,original,1,19,40.991,42.426,0.722,0.000,4,0,0,-139.202,8.937,530.997,2.008
319.560,EMBER,tourer,1,19,39.873,40.080,0.104,0.000,4,0,0,-136.563,8.917,528.945,0.658
319.560,GOLD,moto,2,2,19.836,20.821,0.558,0.000,4,0,0,346.261,82.565,204.080,1.855
319.560,BLUE,atv,1,0,12.302,20.092,1.000,0.000,4,0,0,318.512,8.320,550.928,0.541
319.820,YOU reference pilot,original,1,19,41.097,42.426,0.668,0.000,4,0,0,-128.540,8.865,530.530,1.576
319.820,EMBER,tourer,1,19,39.871,40.105,0.117,0.000,4,0,0,-126.206,8.846,528.493,0.877
319.820,GOLD,moto,2,2,20.772,20.862,0.000,0.000,4,0,0,349.670,82.466,200.028,1.720
319.820,BLUE,atv,1,0,15.026,24.000,1.000,0.000,4,0,0,319.755,8.927,547.625,0.571
320.080,YOU reference pilot,original,1,19,41.183,42.426,0.625,0.000,4,0,0,-117.852,8.796,530.072,1.174
320.080,EMBER,tourer,1,19,39.867,40.134,0.133,0.000,4,0,0,-115.849,8.779,528.058,1.217
320.080,GOLD,moto,2,2,23.401,25.737,1.000,0.000,4,0,0,353.828,82.250,196.024,1.813
320.080,BLUE,atv,1,0,17.516,24.000,1.000,0.000,4,0,0,320.514,9.711,543.509,0.791
320.360,YOU reference pilot,original,1,19,41.258,42.426,0.587,0.000,4,0,0,-106.318,8.728,529.633,0.841
320.360,EMBER,tourer,1,19,39.865,40.169,0.152,0.000,4,0,0,-104.695,8.715,527.645,1.586
320.360,GOLD,moto,2,2,23.719,24.000,0.043,0.000,4,0,0,359.151,81.542,192.053,2.161
320.360,BLUE,atv,1,0,20.019,24.000,1.000,0.000,4,0,0,320.704,10.677,538.319,0.733
320.620,YOU reference pilot,original,1,19,41.313,42.426,0.558,0.000,4,0,0,-95.589,8.675,529.296,0.675
320.620,EMBER,tourer,1,19,39.867,40.204,0.169,0.000,4,0,0,-94.335,8.665,527.328,1.884
320.620,GOLD,moto,2,2,23.886,24.000,0.071,0.000,4,0,0,364.495,80.633,189.038,2.563
320.620,BLUE,atv,1,0,22.176,24.000,0.991,0.000,4,0,0,320.386,11.700,532.915,0.513
320.900,YOU reference pilot,original,1,19,41.360,42.426,0.534,0.000,4,0,0,-84.018,8.632,529.008,0.651
320.900,EMBER,tourer,1,19,39.873,40.246,0.187,0.000,4,0,0,-83.175,8.625,527.056,2.139
320.900,GOLD,moto,2,2,23.925,24.000,0.053,0.000,4,0,0,370.548,79.592,186.408,2.884
320.900,BLUE,atv,1,0,23.230,24.000,0.401,0.000,4,0,0,319.727,12.931,526.667,0.625
321.160,YOU reference pilot,original,1,19,41.395,42.426,0.517,0.000,4,0,0,-73.262,8.605,528.794,0.706
321.160,EMBER,tourer,1,19,39.885,40.288,0.202,0.000,4,0,0,-72.809,8.599,526.851,2.311
321.160,GOLD,moto,2,2,25.547,24.974,0.000,0.160,4,0,0,376.532,78.541,184.249,2.973
321.160,BLUE,atv,1,0,23.445,24.000,0.281,0.000,4,0,0,319.040,14.138,520.753,1.031
321.420,YOU reference pilot,original,1,19,41.423,42.426,0.503,0.000,4,0,0,-62.497,8.579,528.612,0.770
321.420,EMBER,tourer,1,19,39.902,40.333,0.216,0.000,4,0,0,-62.438,8.573,526.675,2.434
321.420,GOLD,moto,2,2,24.451,23.898,0.000,0.155,4,0,0,382.595,77.564,182.133,2.847
321.420,BLUE,atv,1,0,23.488,24.000,0.257,0.000,4,0,0,318.414,15.388,514.813,1.410
321.680,YOU reference pilot,original,1,19,41.446,42.426,0.491,0.000,4,0,0,-51.725,8.556,528.446,0.828
321.680,EMBER,tourer,1,19,39.925,40.381,0.229,0.000,4,0,0,-52.062,8.551,526.514,2.529
321.680,GOLD,moto,2,2,24.501,23.480,0.000,0.292,4,0,0,388.509,76.813,179.790,2.543
321.680,BLUE,atv,2,1,23.489,24.000,0.255,0.000,4,0,0,317.910,16.677,508.866,1.683
321.960,YOU reference pilot,original,1,19,41.465,42.426,0.481,0.000,4,0,0,-40.118,8.538,528.281,0.889
321.960,EMBER,tourer,1,19,39.956,40.435,0.241,0.000,4,0,0,-40.880,8.533,526.355,2.616
321.960,GOLD,moto,2,2,27.239,31.749,1.000,0.000,4,0,0,394.975,76.377,176.551,2.015
321.960,BLUE,atv,2,1,23.480,24.000,0.260,0.000,4,0,0,317.519,18.106,502.462,1.854
322.220,YOU reference pilot,original,1,19,41.471,42.426,0.478,0.000,4,0,0,-29.337,8.529,528.147,0.950
322.220,EMBER,tourer,1,19,39.995,40.489,0.249,0.000,4,0,0,-30.487,8.523,526.223,2.697
322.220,GOLD,moto,2,2,29.525,31.749,1.000,0.000,4,0,0,401.172,76.390,172.528,1.207
322.220,BLUE,atv,2,1,23.469,24.000,0.265,0.000,4,0,0,317.289,19.476,496.520,1.923
322.500,YOU reference pilot,original,1,19,40.318,40.232,0.000,0.000,4,0,0,-17.785,8.527,528.028,1.032
322.500,EMBER,tourer,1,19,39.656,40.067,0.206,0.000,4,0,0,-19.297,8.519,526.104,2.798
322.500,GOLD,moto,2,2,28.650,28.900,0.123,0.000,4,0,0,407.373,76.913,167.419,0.570
322.500,BLUE,atv,2,1,23.457,24.000,0.271,0.000,4,0,0,317.162,20.993,490.132,1.939
322.760,YOU reference pilot,original,1,19,38.375,38.237,0.000,0.000,4,0,0,-7.553,8.534,527.965,1.130
322.760,EMBER,tourer,1,19,38.515,37.869,0.000,0.189,4,0,0,-9.080,8.525,526.031,2.917
322.760,GOLD,moto,2,2,25.622,25.737,0.000,0.000,4,0,0,412.236,77.656,162.499,0.475
322.760,BLUE,atv,2,1,23.445,24.000,0.277,0.000,4,0,0,317.122,22.445,484.212,1.940
323.020,YOU reference pilot,original,1,19,36.050,36.355,0.153,0.000,4,0,0,2.087,8.549,528.003,1.221
323.020,EMBER,tourer,1,19,36.393,35.744,0.000,0.190,4,0,0,0.638,8.540,526.044,3.033
323.020,GOLD,moto,2,2,23.689,24.000,0.156,0.000,4,0,0,416.333,78.506,157.699,0.614
323.020,BLUE,atv,2,1,23.431,24.000,0.284,0.000,4,0,0,317.124,23.941,478.307,1.925
323.300,YOU reference pilot,original,1,19,33.531,31.979,0.000,0.446,4,0,0,11.852,8.576,528.220,1.277
323.300,EMBER,tourer,1,19,33.425,33.716,0.000,0.000,4,0,0,10.339,8.564,526.225,3.106
323.300,GOLD,moto,2,2,23.679,24.000,0.160,0.000,4,0,0,420.357,79.474,152.521,0.896
323.300,BLUE,atv,2,1,23.416,24.000,0.292,0.000,4,0,0,317.143,25.609,471.966,1.881
323.560,YOU reference pilot,original,1,19,30.923,29.480,0.000,0.415,4,0,0,20.225,8.609,528.569,1.311
323.560,EMBER,tourer,1,19,31.017,31.355,0.025,0.000,4,0,0,18.733,8.596,526.543,3.147
323.560,GOLD,moto,2,2,23.662,24.000,0.168,0.000,4,0,0,423.976,80.402,147.634,1.192
323.560,BLUE,atv,2,1,23.403,24.000,0.298,0.000,4,0,0,317.156,27.185,466.089,1.833
323.820,YOU reference pilot,original,1,19,28.723,28.147,0.000,0.169,4,0,0,27.963,8.650,529.088,1.319
323.820,EMBER,tourer,1,19,28.749,28.802,0.000,0.000,4,0,0,26.438,8.634,527.007,3.169
323.820,GOLD,moto,2,2,23.650,24.000,0.174,0.000,4,0,0,427.544,81.349,142.716,1.453
323.820,BLUE,atv,2,1,23.394,24.000,0.303,0.000,4,0,0,317.155,28.779,460.219,1.792
324.100,YOU reference pilot,original,1,19,27.350,28.662,0.691,0.000,4,0,0,35.721,8.709,529.900,1.329
324.100,EMBER,tourer,1,19,27.179,27.436,0.134,0.000,4,0,0,34.176,8.686,527.734,3.182
324.100,GOLD,moto,2,2,23.645,24.000,0.178,0.000,4,0,0,431.358,82.367,137.401,1.653
324.100,BLUE,atv,2,1,23.387,24.000,0.306,0.000,4,0,0,317.134,30.512,453.904,1.763
324.360,YOU reference pilot,original,1,19,27.948,29.604,0.871,0.000,4,0,0,42.774,8.806,530.998,1.413
324.360,EMBER,tourer,1,19,27.334,29.426,1.000,0.000,4,0,0,41.130,8.764,528.708,3.253
324.360,GOLD,moto,2,2,25.747,34.466,1.000,0.000,4,0,0,435.031,83.326,132.217,1.764
324.360,BLUE,atv,2,1,23.382,24.000,0.309,0.000,4,0,0,317.101,32.133,448.045,1.749
324.620,YOU reference pilot,original,1,19,28.665,29.914,0.651,0.000,4,0,0,50.009,8.959,532.528,1.682
324.620,EMBER,tourer,1,19,28.071,30.377,1.000,0.000,4,0,0,48.275,8.895,530.097,3.479
324.620,GOLD,moto,2,2,27.864,31.858,1.000,0.000,4,0,0,438.979,84.313,126.526,1.810
324.620,BLUE,atv,2,1,23.378,24.000,0.311,0.000,4,0,0,317.058,33.762,442.190,1.745
324.900,YOU reference pilot,original,1,19,28.065,28.602,0.272,0.000,4,0,0,57.680,9.187,534.553,2.207
324.900,EMBER,tourer,1,19,27.875,26.904,0.000,0.278,4,0,0,55.898,9.101,532.006,3.955
324.900,GOLD,moto,2,2,28.786,29.023,0.000,0.000,4,0,0,443.406,85.324,119.885,1.806
324.900,BLUE,atv,2,1,23.375,24.000,0.312,0.000,4,0,0,317.009,35.522,435.886,1.749
325.160,YOU reference pilot,original,1,19,27.783,32.400,1.000,0.000,4,0,0,64.586,9.417,536.551,2.580
325.160,EMBER,tourer,1,19,27.280,31.452,1.000,0.000,4,0,0,62.721,9.325,533.973,4.403
325.160,GOLD,moto,2,2,27.947,28.578,0.332,0.000,4,0,0,447.287,86.065,113.693,1.783
325.160,BLUE,atv,2,1,23.373,24.000,0.313,0.000,4,0,0,316.966,37.159,430.033,1.756
325.420,YOU reference pilot,original,1,19,28.959,41.704,1.000,0.000,4,0,0,71.709,9.596,538.508,2.535
325.420,EMBER,tourer,1,19,28.341,36.729,1.000,0.000,4,0,0,69.643,9.528,535.971,4.489
325.420,GOLD,moto,2,3,27.043,27.770,0.392,0.000,2,0,0,450.828,86.519,107.568,1.755
325.420,BLUE,atv,2,1,23.372,24.000,0.314,0.000,4,0,0,316.930,38.797,424.182,1.764
325.680,YOU reference pilot,original,1,19,30.136,42.426,1.000,0.000,4,0,0,79.214,9.685,540.221,2.171
325.680,EMBER,tourer,1,19,29.702,41.378,1.000,0.000,4,0,0,76.983,9.650,537.812,4.165
325.680,GOLD,moto,2,3,28.192,28.900,0.386,0.000,2,0,0,454.170,86.614,101.179,1.710
325.680,BLUE,atv,2,1,23.372,24.000,0.314,0.000,4,0,0,316.904,40.434,418.329,1.771
325.960,YOU reference pilot,original,1,0,31.390,42.426,1.000,0.000,4,0,0,87.732,9.714,541.642,1.775
325.960,EMBER,tourer,1,0,31.032,41.458,1.000,0.000,4,0,0,85.356,9.698,539.381,3.704
325.960,GOLD,moto,2,3,25.521,25.737,0.000,0.000,4,0,0,457.305,86.202,94.408,1.623
325.960,BLUE,atv,2,1,23.373,24.000,0.314,0.000,4,0,0,316.890,42.192,412.025,1.777
326.220,YOU reference pilot,original,1,0,32.468,42.426,1.000,0.000,4,0,0,95.997,9.739,542.570,1.603
326.220,EMBER,tourer,1,0,32.213,41.532,1.000,0.000,4,0,0,93.526,9.725,540.419,3.464
326.220,GOLD,moto,2,3,23.825,24.000,0.000,0.000,4,0,0,459.694,85.526,88.475,1.563
326.220,BLUE,atv,2,1,23.374,24.000,0.313,0.000,4,0,0,316.893,43.818,406.170,1.780
326.480,YOU reference pilot,original,1,0,33.481,42.426,1.000,0.000,4,0,0,104.561,9.765,543.198,1.604
326.480,EMBER,tourer,1,0,33.331,41.569,1.000,0.000,4,0,0,102.031,9.754,541.122,3.424
326.480,GOLD,moto,2,3,23.843,24.000,0.098,0.000,4,0,0,461.720,84.621,82.680,1.519
326.480,BLUE,atv,2,1,23.376,24.000,0.312,0.000,4,0,0,316.914,45.437,400.311,1.783
326.760,YOU reference pilot,original,1,0,34.503,42.426,1.000,0.000,4,0,0,114.081,9.778,543.659,1.735
326.760,EMBER,tourer,1,0,34.461,41.569,1.000,0.000,4,0,0,111.522,9.770,541.622,3.545
326.760,GOLD,moto,2,3,23.731,24.000,0.043,0.000,4,0,0,463.626,83.452,76.382,1.477
326.760,BLUE,atv,2,1,23.379,24.000,0.311,0.000,4,0,0,316.957,47.169,393.999,1.785
327.020,YOU reference pilot,original,1,0,35.394,42.426,1.000,0.000,4,0,0,123.172,9.778,544.006,1.909
327.020,EMBER,tourer,1,0,35.431,41.569,1.000,0.000,4,0,0,120.613,9.774,541.971,3.733
327.020,GOLD,moto,2,3,23.880,24.000,0.082,0.000,4,0,0,465.192,82.270,70.499,1.421
327.020,BLUE,atv,2,1,23.382,24.000,0.309,0.000,4,0,0,317.021,48.764,388.132,1.786
327.280,YOU reference pilot,original,1,0,36.233,42.426,1.000,0.000,4,0,0,132.486,9.769,544.380,2.076
327.280,EMBER,tourer,1,0,36.323,41.569,1.000,0.000,4,0,0,129.946,9.768,542.323,3.924
327.280,GOLD,moto,2,3,23.803,24.000,0.126,0.000,4,0,0,466.541,81.067,64.569,1.395
327.280,BLUE,atv,2,1,23.387,24.000,0.307,0.000,4,0,0,317.109,50.341,382.260,1.789
327.560,YOU reference pilot,original,1,0,37.079,42.426,1.000,0.000,4,0,0,142.747,9.747,544.902,2.205
327.560,EMBER,tourer,1,0,37.204,41.569,1.000,0.000,4,0,0,140.240,9.749,542.806,4.082
327.560,GOLD,moto,2,3,24.778,36.791,1.000,0.000,4,0,0,467.790,79.831,58.083,1.406
327.560,BLUE,atv,2,1,23.393,24.000,0.304,0.000,4,0,0,317.228,52.018,375.929,1.800
327.820,YOU reference pilot,original,1,0,37.809,42.426,1.000,0.000,4,0,0,152.469,9.715,545.556,2.272
327.820,EMBER,tourer,1,0,37.956,41.569,1.000,0.000,4,0,0,150.002,9.720,543.413,4.168
327.820,GOLD,moto,2,3,27.743,34.363,1.000,0.000,4,0,0,468.947,78.724,51.413,1.388
327.820,BLUE,atv,2,1,23.399,24.000,0.301,0.000,4,0,0,317.352,53.552,370.043,1.816
328.080,YOU reference pilot,original,1,0,38.493,42.426,1.000,0.000,4,0,0,162.359,9.671,546.410,2.303
328.080,EMBER,tourer,1,0,38.649,41.569,1.000,0.000,4,0,0,159.938,9.679,544.216,4.209
328.080,GOLD,moto,2,3,30.286,31.749,0.807,0.000,4,0,0,470.591,77.823,44.086,0.904
328.080,BLUE,atv,2,1,23.400,24.000,0.300,0.000,4,0,0,317.479,55.096,364.160,1.808
328.360,YOU reference pilot,original,1,0,39.188,42.426,1.000,0.000,4,0,0,173.179,9.605,547.580,2.339
328.360,EMBER,tourer,1,0,39.331,41.569,1.000,0.000,4,0,0,170.807,9.617,545.332,4.245
328.360,GOLD,moto,2,3,29.783,28.900,0.000,0.259,4,0,0,472.736,77.374,35.843,0.388
328.360,BLUE,atv,2,1,23.397,24.000,0.301,0.000,4,0,0,317.612,56.791,357.834,1.793
328.620,YOU reference pilot,original,1,0,39.787,42.426,1.000,0.000,4,0,0,183.370,9.514,548.892,2.351
328.620,EMBER,tourer,1,0,39.889,41.569,0.859,0.000,4,0,0,181.037,9.534,546.603,4.264
328.620,GOLD,moto,2,3,26.981,25.737,0.000,0.368,4,0,0,474.415,77.526,28.646,0.997
328.620,BLUE,atv,2,1,23.394,24.000,0.303,0.000,4,0,0,317.729,58.371,351.961,1.777
328.880,YOU reference pilot,original,1,0,40.277,42.426,1.000,0.000,4,0,0,193.680,9.396,550.376,2.323
328.880,EMBER,tourer,1,0,40.305,41.569,0.646,0.000,4,0,0,191.367,9.421,548.064,4.237
328.880,GOLD,moto,2,3,24.818,24.000,0.000,0.246,4,0,0,475.096,78.069,22.010,1.297
328.880,BLUE,atv,2,1,23.392,24.000,0.304,0.000,4,0,0,317.842,59.951,346.089,1.765
329.160,YOU reference pilot,original,1,0,40.667,42.426,0.891,0.000,4,0,0,204.893,9.256,552.064,2.294
329.160,EMBER,tourer,1,0,40.639,41.569,0.475,0.000,4,0,0,202.579,9.284,549.752,4.194
329.160,GOLD,moto,2,3,23.700,24.000,0.151,0.000,4,0,0,474.822,78.911,15.377,1.030
329.160,BLUE,atv,2,1,23.391,24.000,0.304,0.000,4,0,0,317.963,61.652,339.765,1.758
329.420,YOU reference pilot,original,1,0,40.831,41.042,0.104,0.000,4,0,0,215.382,9.118,553.627,2.305
329.420,EMBER,tourer,1,0,40.817,41.569,0.378,0.000,4,0,0,213.057,9.148,551.326,4.192
329.420,GOLD,moto,2,3,23.681,24.000,0.158,0.000,4,0,0,474.265,79.890,9.327,0.726
329.420,BLUE,atv,2,1,23.392,24.000,0.304,0.000,4,0,0,318.083,63.225,333.892,1.757
329.680,YOU reference pilot,original,1,0,39.696,39.088,0.000,0.174,4,0,0,225.737,8.979,555.151,2.312
329.680,EMBER,tourer,1,0,39.901,39.090,0.000,0.237,4,0,0,223.482,9.011,552.855,4.215
329.680,GOLD,moto,2,3,23.633,24.000,0.182,0.000,4,0,0,473.754,81.008,3.306,0.603
329.680,BLUE,atv,2,1,23.394,24.000,0.303,0.000,4,0,0,318.218,64.789,328.015,1.760
329.960,YOU reference pilot,original,1,0,37.590,36.830,0.000,0.217,4,0,0,236.416,8.839,556.740,2.224
329.960,EMBER,tourer,1,0,37.868,37.034,0.000,0.243,4,0,0,234.265,8.871,554.458,4.151
329.960,GOLD,moto,2,3,23.599,24.000,0.200,0.000,4,0,0,472.937,82.286,-3.125,0.472
329.960,BLUE,atv,2,1,23.397,24.000,0.302,0.000,4,0,0,318.392,66.458,321.682,1.767
330.220,YOU reference pilot,original,1,0,34.988,33.149,0.000,0.523,4,0,0,245.712,8.728,558.077,2.066
330.220,EMBER,tourer,1,0,35.483,34.564,0.000,0.266,4,0,0,243.668,8.756,555.842,3.994
330.220,GOLD,moto,2,3,23.580,24.000,0.209,0.000,4,0,0,472.091,83.488,-9.078,0.722
330.220,BLUE,atv,2,1,23.402,24.000,0.299,0.000,4,0,0,318.588,67.988,315.797,1.774
330.480,YOU reference pilot,original,1,0,32.213,30.273,0.000,0.552,4,0,0,254.357,8.643,559.186,1.850
330.480,EMBER,tourer,1,0,33.006,32.266,0.000,0.216,4,0,0,252.431,8.663,557.013,3.784
330.480,GOLD,moto,2,3,23.570,24.000,0.215,0.000,4,0,0,471.365,84.661,-15.051,1.141
330.480,BLUE,atv,2,1,23.408,24.000,0.296,0.000,4,0,0,318.829,69.496,309.905,1.782
330.760,YOU reference pilot,original,1,0,29.328,27.620,0.000,0.486,4,0,0,262.928,8.587,560.077,1.580
330.760,EMBER,tourer,1,0,30.011,28.065,0.000,0.557,4,0,0,261.146,8.597,557.977,3.497
330.760,GOLD,moto,2,3,24.093,31.453,1.000,0.000,4,0,0,470.873,85.846,-21.550,1.538
330.760,BLUE,atv,2,1,23.417,24.000,0.292,0.000,4,0,0,319.150,71.085,303.551,1.791
331.020,YOU reference pilot,original,1,0,26.616,24.683,0.000,0.550,4,0,0,270.195,8.570,560.617,1.381
331.020,EMBER,tourer,1,0,27.492,25.285,0.000,0.632,4,0,0,268.546,8.568,558.581,3.268
331.020,GOLD,moto,2,3,26.253,30.854,1.000,0.000,4,0,0,470.783,86.889,-28.042,1.826
331.020,BLUE,atv,2,1,23.427,24.000,0.287,0.000,4,0,0,319.518,72.522,297.643,1.798
331.280,YOU reference pilot,original,1,0,24.280,22.011,0.000,0.646,4,0,0,276.791,8.573,560.897,1.227
331.280,EMBER,tourer,1,0,24.900,24.089,0.000,0.235,4,0,0,275.258,8.561,558.918,3.084
331.280,GOLD,moto,2,3,28.289,33.912,1.000,0.000,4,0,0,471.187,87.819,-35.091,2.045
331.280,BLUE,atv,2,1,23.439,24.000,0.281,0.000,4,0,0,319.969,73.913,291.726,1.805
331.560,YOU reference pilot,original,1,0,21.635,20.853,0.000,0.223,4,0,0,283.116,8.585,560.945,1.101
331.560,EMBER,tourer,1,0,21.840,21.211,0.000,0.183,4,0,0,281.709,8.571,559.017,2.930
331.560,GOLD,moto,2,3,30.437,39.944,1.000,0.000,4,0,0,472.348,88.472,-43.244,2.208
331.560,BLUE,atv,2,2,23.456,24.000,0.273,0.000,4,0,0,320.565,75.349,285.345,1.811
331.820,YOU reference pilot,original,1,0,18.287,17.088,0.000,0.342,4,0,0,288.239,8.604,560.799,1.015
331.820,EMBER,tourer,1,0,18.691,17.347,0.000,0.385,4,0,0,286.984,8.590,558.907,2.822
331.820,GOLD,moto,2,3,32.365,43.267,1.000,0.000,4,0,0,474.206,88.745,-51.221,2.382
331.820,BLUE,atv,2,2,23.474,24.000,0.264,0.000,4,0,0,321.244,76.612,279.411,1.818
332.080,YOU reference pilot,original,1,0,15.766,13.315,0.000,0.697,4,0,0,292.733,8.623,560.517,0.951
332.080,EMBER,tourer,1,0,16.671,13.361,0.000,0.944,4,0,0,291.570,8.613,558.649,2.740
332.080,GOLD,moto,2,3,34.192,41.221,1.000,0.000,4,0,0,476.840,88.890,-59.488,2.502
332.080,BLUE,atv,2,2,23.498,24.000,0.252,0.000,4,0,0,322.064,77.788,273.471,1.836
332.360,YOU reference pilot,original,1,0,12.611,12.060,0.000,0.157,4,0,0,296.568,8.639,560.175,0.890
332.360,EMBER,tourer,1,0,12.779,11.659,0.000,0.321,4,0,0,295.555,8.632,558.309,2.662
332.360,GOLD,moto,2,3,36.028,39.069,1.000,0.000,4,0,0,480.493,89.121,-68.636,2.563
332.360,BLUE,atv,2,2,24.418,40.776,1.000,0.000,4,0,0,323.122,78.939,267.005,1.889
332.620,YOU reference pilot,original,1,0,12.006,10.293,0.000,0.489,4,0,0,299.730,8.648,559.844,0.820
332.620,EMBER,tourer,1,0,11.952,12.343,0.217,0.000,4,0,0,298.683,8.644,557.985,2.573
332.620,GOLD,moto,2,3,36.467,36.791,0.166,0.000,4,0,0,484.495,89.246,-77.232,2.530
332.620,BLUE,atv,2,2,26.291,38.879,1.000,0.000,4,0,0,324.341,79.938,260.576,1.928
332.880,YOU reference pilot,original,1,0,9.428,8.571,0.000,0.244,4,0,0,302.464,8.649,559.549,0.739
332.880,EMBER,tourer,1,0,9.616,8.295,0.000,0.378,4,0,0,301.507,8.648,557.675,2.446
332.880,GOLD,moto,2,3,34.865,34.363,0.000,0.149,4,0,0,488.729,89.170,-85.510,2.428
332.880,BLUE,atv,2,2,28.068,36.589,1.000,0.000,4,0,0,325.829,80.842,253.699,1.941
333.160,YOU reference pilot,original,1,0,8.172,8.285,0.061,0.000,4,0,0,304.872,8.605,559.295,0.720
333.160,EMBER,tourer,1,0,8.091,7.689,0.000,0.000,4,0,0,303.938,8.620,557.407,2.382
333.160,GOLD,moto,2,3,32.176,31.749,0.000,0.125,4,0,0,493.140,88.855,-93.679,2.280
333.160,BLUE,atv,2,2,29.888,34.146,1.000,0.000,4,0,0,327.779,81.654,245.835,1.942
333.420,YOU reference pilot,original,1,0,8.486,8.872,0.219,0.000,4,0,0,306.997,8.508,559.064,0.764
333.420,EMBER,tourer,1,0,7.832,8.692,0.490,0.000,4,0,0,305.992,8.547,557.179,2.399
333.420,GOLD,moto,2,3,29.412,28.900,0.000,0.148,4,0,0,496.944,88.369,-100.579,2.141
333.420,BLUE,atv,2,2,30.851,31.514,0.344,0.000,4,0,0,329.972,82.234,238.188,1.945
333.700,YOU reference pilot,original,1,0,10.898,14.295,1.000,0.000,4,0,0,309.688,8.297,558.681,0.958
333.700,EMBER,tourer,1,0,9.664,10.847,0.672,0.000,4,0,0,308.392,8.400,556.856,2.604
333.700,GOLD,moto,2,3,26.315,25.737,0.000,0.165,4,0,0,500.627,87.675,-107.286,2.015
333.700,BLUE,atv,2,2,29.422,28.642,0.000,0.232,4,0,0,332.674,82.616,230.142,1.955
333.960,YOU reference pilot,original,1,0,10.302,8.311,0.000,0.559,4,0,0,312.562,7.943,557.989,1.375
333.960,EMBER,tourer,1,0,10.423,9.689,0.000,0.207,4,0,0,311.061,8.120,556.306,3.076
333.960,GOLD,moto,2,4,24.510,24.000,0.000,0.144,4,0,0,503.715,86.886,-113.031,1.922
333.960,BLUE,atv,2,2,27.120,25.447,0.000,0.488,4,0,0,335.382,82.762,223.312,1.952
334.220,YOU reference pilot,original,1,0,7.416,5.867,0.000,0.436,4,0,0,314.639,7.636,557.134,1.403
334.220,EMBER,tourer,1,0,8.702,7.666,0.000,0.299,4,0,0,313.377,7.789,555.479,3.414
334.220,GOLD,moto,2,4,23.726,24.000,0.043,0.000,4,0,0,506.558,85.959,-118.497,1.854
334.220,BLUE,atv,2,2,24.406,23.440,0.000,0.283,4,0,0,338.183,82.779,217.274,1.950
334.480,YOU reference pilot,original,1,0,6.315,10.000,1.000,0.000,4,0,0,316.011,7.649,556.282,0.980
334.480,EMBER,tourer,1,0,6.761,6.014,0.000,0.218,4,0,0,315.061,7.768,554.508,2.547
334.480,GOLD,moto,2,4,23.837,24.000,0.106,0.000,4,0,0,509.283,84.849,-123.961,1.803
334.480,BLUE,atv,2,2,21.476,21.662,0.000,0.000,4,0,0,341.001,82.725,212.036,1.939
334.760,YOU reference pilot,original,1,0,9.140,10.000,0.483,0.000,4,0,0,317.660,7.856,554.782,0.620
334.760,EMBER,tourer,1,0,8.859,24.000,1.000,0.000,4,0,0,316.563,8.038,553.049,1.706
334.760,GOLD,moto,2,4,23.850,24.000,0.102,0.000,4,0,0,512.081,83.412,-129.861,1.744
334.760,BLUE,atv,2,2,19.958,19.148,0.000,0.236,4,0,0,344.085,82.632,207.108,1.907
335.020,YOU reference pilot,original,1,0,11.792,24.000,1.000,0.000,4,0,0,319.336,8.221,552.626,1.157
335.020,EMBER,tourer,1,0,11.054,24.000,1.000,0.000,4,0,0,318.039,8.454,550.940,0.945
335.020,GOLD,moto,2,4,23.937,24.000,0.059,0.000,2,0,0,514.558,81.812,-135.330,1.661
335.020,BLUE,atv,2,2,19.146,18.399,0.000,0.218,4,0,0,347.065,82.540,203.056,1.826
335.280,YOU reference pilot,original,1,0,14.080,24.000,1.000,0.000,4,0,0,320.892,8.763,549.652,1.893
335.280,EMBER,tourer,1,0,13.028,24.000,1.000,0.000,4,0,0,319.344,8.994,548.124,0.638
335.280,GOLD,moto,2,4,23.918,24.000,0.076,0.000,2,0,0,516.931,79.903,-140.749,1.637
335.280,BLUE,atv,2,2,20.327,23.231,1.000,0.000,4,0,0,350.437,82.441,199.226,1.711
335.560,YOU reference pilot,original,1,0,16.195,24.000,1.000,0.000,4,0,0,322.118,9.495,545.617,2.489
335.560,EMBER,tourer,1,0,15.064,24.000,1.000,0.000,4,0,0,320.328,9.711,544.367,0.825
335.560,GOLD,moto,2,4,23.869,24.000,0.107,0.000,4,0,0,519.395,77.539,-146.501,1.658
335.560,BLUE,atv,2,2,22.786,24.000,0.676,0.000,2,0,0,354.910,82.140,195.142,1.858
335.820,YOU reference pilot,original,1,0,17.856,24.000,1.000,0.000,4,0,0,322.660,10.286,541.271,2.687
335.820,EMBER,tourer,1,0,16.934,24.000,1.000,0.000,4,0,0,320.717,10.470,540.274,0.902
335.820,GOLD,moto,2,4,23.792,24.000,0.033,0.000,4,0,0,521.632,75.142,-151.783,1.704
335.820,BLUE,atv,2,2,23.715,24.000,0.163,0.000,4,0,0,359.849,81.429,191.640,2.198
336.080,YOU reference pilot,original,1,0,19.478,24.000,1.000,0.000,4,0,0,322.600,11.172,536.480,2.480
336.080,EMBER,tourer,1,0,18.688,24.000,1.000,0.000,4,0,0,320.578,11.325,535.705,0.742
336.080,GOLD,moto,2,4,23.789,24.000,0.038,0.000,4,0,0,523.831,72.559,-156.993,1.742
336.080,BLUE,atv,2,2,23.874,24.000,0.077,0.000,4,0,0,365.235,80.520,188.706,2.593
336.360,YOU reference pilot,original,1,0,21.143,24.000,1.000,0.000,4,0,0,322.005,12.236,530.906,1.908
336.360,EMBER,tourer,1,0,20.469,24.000,1.000,0.000,4,0,0,319.955,12.363,530.339,0.685
336.360,GOLD,moto,2,4,23.930,24.000,0.081,0.000,4,0,0,526.171,69.629,-162.541,1.773
336.360,BLUE,atv,2,2,23.908,24.000,0.062,0.000,4,0,0,371.308,79.457,186.136,2.889
336.620,YOU reference pilot,original,1,0,22.480,24.000,0.797,0.000,4,0,0,321.164,13.334,525.383,1.244
336.620,EMBER,tourer,1,0,22.004,24.000,1.000,0.000,4,0,0,319.130,13.437,524.970,1.147
336.620,GOLD,moto,2,4,23.804,24.000,0.033,0.000,4,0,0,528.323,66.815,-167.646,1.790
336.620,BLUE,atv,2,2,24.811,24.293,0.000,0.144,4,0,0,377.277,78.412,184.005,2.955
336.880,YOU reference pilot,original,1,0,23.023,24.000,0.500,0.000,4,0,0,320.275,14.509,519.636,0.725
336.880,EMBER,tourer,1,0,22.920,24.000,0.560,0.000,4,0,0,318.262,14.609,519.285,1.758
336.880,GOLD,moto,2,4,23.946,24.000,0.076,0.000,4,0,0,530.454,63.930,-172.720,1.796
336.880,BLUE,atv,2,2,24.178,26.250,1.000,0.000,4,0,0,383.206,77.478,181.919,2.814
337.160,YOU reference pilot,original,1,0,23.197,24.000,0.405,0.000,4,0,0,319.448,15.840,513.354,0.672
337.160,EMBER,tourer,1,0,23.231,24.000,0.391,0.000,4,0,0,317.455,15.943,513.004,2.307
337.160,GOLD,moto,2,4,23.984,24.000,0.055,0.000,4,0,0,532.722,60.769,-178.162,1.792
337.160,BLUE,atv,2,2,24.036,25.513,0.825,0.000,4,0,0,389.333,76.735,179.429,2.488
337.420,YOU reference pilot,original,2,1,23.243,24.000,0.379,0.000,4,0,0,318.873,17.122,507.483,0.869
337.420,EMBER,tourer,2,1,23.312,24.000,0.346,0.000,4,0,0,316.896,17.231,507.116,2.642
337.420,GOLD,moto,2,4,23.930,24.000,0.086,0.000,4,0,0,534.800,57.808,-183.211,1.782
337.420,BLUE,atv,2,2,22.067,0.000,0.000,1.000,4,0,0,394.892,76.338,176.577,2.032
337.680,YOU reference pilot,original,2,1,23.251,24.000,0.374,0.000,4,0,0,318.493,18.444,501.599,1.009
337.680,EMBER,tourer,2,1,23.332,24.000,0.335,0.000,4,0,0,316.530,18.559,501.212,2.815
337.680,GOLD,moto,2,4,23.898,24.000,0.104,0.000,4,0,0,536.846,54.844,-188.268,1.769
337.680,BLUE,atv,2,2,18.122,31.749,1.000,0.000,4,0,0,398.999,76.341,173.907,1.630
337.960,YOU reference pilot,original,2,1,23.240,24.000,0.380,0.000,4,0,0,318.273,19.914,495.264,1.057
337.960,EMBER,tourer,2,1,23.335,24.000,0.333,0.000,4,0,0,316.322,20.034,494.852,2.866
337.960,GOLD,moto,2,4,23.934,24.000,0.084,0.000,4,0,0,539.012,51.673,-193.747,1.755
337.960,BLUE,atv,2,2,21.085,28.900,1.000,0.000,4,0,0,403.297,76.564,170.454,1.240
338.220,YOU reference pilot,original,2,1,23.237,24.000,0.382,0.000,4,0,0,318.201,21.320,489.392,1.040
338.220,EMBER,tourer,2,1,23.318,24.000,0.340,0.000,4,0,0,316.257,21.442,488.955,2.842
338.220,GOLD,moto,2,4,23.891,24.000,0.107,0.000,4,0,0,540.981,48.780,-198.871,1.743
338.220,BLUE,atv,2,2,23.502,25.737,1.000,0.000,4,0,0,407.532,76.994,166.490,1.034
338.480,YOU reference pilot,original,2,1,23.247,24.000,0.377,0.000,4,0,0,318.213,22.766,483.527,1.006
338.480,EMBER,tourer,2,1,23.287,24.000,0.355,0.000,4,0,0,316.273,22.891,483.074,2.800
338.480,GOLD,moto,2,4,23.796,24.000,0.039,0.000,4,0,0,542.907,45.961,-204.056,1.731
338.480,BLUE,atv,2,2,24.920,25.737,0.435,0.000,4,0,0,411.874,77.695,161.920,1.017
338.760,YOU reference pilot,original,2,1,23.250,24.000,0.375,0.000,4,0,0,318.279,24.375,477.222,0.944
338.760,EMBER,tourer,2,1,23.250,24.000,0.374,0.000,4,0,0,316.341,24.505,476.766,2.718
338.760,GOLD,moto,2,4,23.775,24.000,0.048,0.000,4,0,0,544.922,43.064,-209.728,1.718
338.760,BLUE,atv,2,2,23.681,24.000,0.158,0.000,4,0,0,416.255,78.596,156.876,1.128
339.020,YOU reference pilot,original,2,1,23.247,24.000,0.376,0.000,4,0,0,318.355,25.916,471.380,0.873
339.020,EMBER,tourer,2,1,23.221,24.000,0.388,0.000,4,0,0,316.417,26.049,470.928,2.618
339.020,GOLD,moto,2,4,23.831,24.000,0.014,0.000,4,0,0,546.733,40.560,-215.106,1.703
339.020,BLUE,atv,2,2,23.647,24.000,0.175,0.000,4,0,0,420.099,79.491,152.161,1.282
339.280,YOU reference pilot,original,2,1,23.239,24.000,0.380,0.000,4,0,0,318.419,27.481,465.545,0.809
339.280,EMBER,tourer,2,1,23.201,24.000,0.399,0.000,4,0,0,316.479,27.614,465.103,2.520
339.280,GOLD,moto,2,4,23.797,24.000,0.027,0.000,4,0,0,548.491,38.352,-220.608,1.665
339.280,BLUE,atv,2,2,23.623,24.000,0.188,0.000,4,0,0,423.843,80.420,147.381,1.437
339.560,YOU reference pilot,original,2,1,23.227,24.000,0.386,0.000,4,0,0,318.458,29.187,459.268,0.761
339.560,EMBER,tourer,2,1,23.187,24.000,0.406,0.000,4,0,0,316.516,29.319,458.838,2.438
339.560,GOLD,moto,2,4,23.931,24.000,0.068,0.000,4,0,0,550.348,36.318,-226.691,1.618
339.560,BLUE,atv,2,2,23.607,24.000,0.196,0.000,4,0,0,427.796,81.441,142.182,1.575
339.820,YOU reference pilot,original,2,1,23.215,24.000,0.392,0.000,4,0,0,318.461,30.786,453.447,0.736
339.820,EMBER,tourer,2,1,23.182,24.000,0.409,0.000,4,0,0,316.516,30.916,453.026,2.392
339.820,GOLD,moto,2,4,23.948,24.000,0.055,0.000,4,0,0,551.987,34.613,-232.413,1.616
339.820,BLUE,atv,2,2,23.601,24.000,0.199,0.000,4,0,0,431.408,82.384,137.310,1.666
340.080,YOU reference pilot,original,2,1,23.202,24.000,0.399,0.000,4,0,0,318.434,32.395,447.633,0.728
340.080,EMBER,tourer,2,1,23.180,24.000,0.410,0.000,4,0,0,316.488,32.524,447.219,2.374
340.080,GOLD,moto,2,4,23.875,24.000,0.093,0.000,4,0,0,553.536,33.110,-238.215,1.637
340.080,BLUE,atv,2,2,25.426,34.466,1.000,0.000,4,0,0,435.099,83.334,132.198,1.722
340.360,YOU reference pilot,original,2,1,23.189,24.000,0.405,0.000,4,0,0,318.382,34.136,441.376,0.731
340.360,EMBER,tourer,2,1,23.181,24.000,0.410,0.000,4,0,0,316.434,34.264,440.966,2.379
340.360,GOLD,moto,2,4,24.171,39.656,1.000,0.000,4,0,0,555.090,31.762,-244.565,1.665
340.360,BLUE,atv,2,2,27.399,31.861,1.000,0.000,4,0,0,439.304,84.376,126.172,1.745
340.620,YOU reference pilot,original,2,1,23.180,24.000,0.410,0.000,4,0,0,318.320,35.758,435.571,0.741
340.620,EMBER,tourer,2,1,23.182,24.000,0.409,0.000,4,0,0,316.372,35.885,435.162,2.399
340.620,GOLD,moto,2,4,27.243,38.828,1.000,0.000,4,0,0,556.496,30.666,-251.035,1.671
340.620,BLUE,atv,2,2,28.753,29.023,0.127,0.000,4,0,0,443.342,85.295,120.104,1.744
340.880,YOU reference pilot,original,2,1,23.172,24.000,0.414,0.000,4,0,0,318.257,37.382,429.769,0.756
340.880,EMBER,tourer,2,1,23.184,24.000,0.408,0.000,4,0,0,316.309,37.509,429.357,2.426
340.880,GOLD,moto,2,4,21.222,14.023,0.000,1.000,4,0,0,557.643,29.880,-257.202,1.645
340.880,BLUE,atv,2,2,27.993,28.578,0.302,0.000,4,0,0,447.210,86.041,113.919,1.734
341.160,YOU reference pilot,original,2,1,23.167,24.000,0.416,0.000,4,0,0,318.196,39.130,423.522,0.773
341.160,EMBER,tourer,2,1,23.186,24.000,0.407,0.000,4,0,0,316.249,39.258,423.106,2.456
341.160,GOLD,moto,2,4,24.577,38.667,1.000,0.000,4,0,0,558.554,29.269,-263.556,1.628
341.160,BLUE,atv,2,3,27.085,27.770,0.363,0.000,2,0,0,450.981,86.532,107.359,1.724
341.420,YOU reference pilot,original,2,1,23.165,24.000,0.417,0.000,4,0,0,318.154,40.752,417.721,0.788
341.420,EMBER,tourer,2,1,23.188,24.000,0.406,0.000,4,0,0,316.208,40.880,417.299,2.480
341.420,GOLD,moto,2,4,27.369,33.232,1.000,0.000,4,0,0,559.234,28.718,-270.282,1.573
341.420,BLUE,atv,2,3,28.146,28.900,0.406,0.000,2,0,0,454.301,86.602,100.951,1.689
341.680,YOU reference pilot,original,2,1,23.164,24.000,0.418,0.000,4,0,0,318.128,42.370,411.919,0.799
341.680,EMBER,tourer,2,1,23.189,24.000,0.405,0.000,4,0,0,316.184,42.499,411.491,2.498
341.680,GOLD,moto,2,4,29.895,35.405,1.000,0.000,4,0,0,559.639,28.180,-277.725,1.500
341.680,BLUE,atv,2,3,25.741,25.737,0.000,0.000,4,0,0,457.210,86.224,94.645,1.619
341.960,YOU reference pilot,original,2,1,23.165,24.000,0.417,0.000,4,0,0,318.123,44.106,405.670,0.808
341.960,EMBER,tourer,2,1,23.192,24.000,0.404,0.000,4,0,0,316.180,44.235,405.234,2.510
341.960,GOLD,moto,2,4,32.327,40.145,1.000,0.000,4,0,0,559.608,27.503,-286.437,1.477
341.960,BLUE,atv,2,3,23.848,24.000,0.090,0.000,4,0,0,459.769,85.494,88.271,1.560
342.220,YOU reference pilot,original,2,1,23.167,24.000,0.416,0.000,4,0,0,318.141,45.711,399.863,0.812
342.220,EMBER,tourer,2,1,23.195,24.000,0.403,0.000,4,0,0,316.199,45.839,399.420,2.517
342.220,GOLD,moto,2,4,34.444,48.000,1.000,0.000,4,0,0,558.989,26.717,-295.085,1.358
342.220,BLUE,atv,2,3,23.817,24.000,0.111,0.000,4,0,0,461.783,84.579,82.470,1.519
342.480,YOU reference pilot,original,2,1,23.170,24.000,0.415,0.000,4,0,0,318.180,47.305,394.054,0.815
342.480,EMBER,tourer,2,1,23.199,24.000,0.401,0.000,4,0,0,316.241,47.433,393.603,2.520
342.480,GOLD,moto,2,4,36.382,48.000,1.000,0.000,4,0,0,557.707,26.028,-304.197,1.150
342.480,BLUE,atv,2,3,23.867,24.000,0.086,0.000,4,0,0,463.545,83.499,76.619,1.491
342.760,YOU reference pilot,original,2,1,23.174,24.000,0.413,0.000,4,0,0,318.249,49.007,387.792,0.816
342.760,EMBER,tourer,2,1,23.205,24.000,0.398,0.000,4,0,0,316.311,49.134,387.333,2.521
342.760,GOLD,moto,2,4,38.280,48.000,1.000,0.000,4,0,0,555.606,25.514,-314.443,1.019
342.760,BLUE,atv,2,3,23.791,24.000,0.130,0.000,4,0,0,465.188,82.225,70.272,1.474
343.020,YOU reference pilot,original,2,1,23.182,24.000,0.409,0.000,4,0,0,318.338,50.570,381.972,0.818
343.020,EMBER,tourer,2,1,23.208,24.000,0.396,0.000,4,0,0,316.402,50.696,381.504,2.523
343.020,GOLD,moto,2,5,39.872,48.000,1.000,0.000,4,0,0,553.127,25.188,-324.306,1.024
343.020,BLUE,atv,2,3,23.919,24.000,0.060,0.000,4,0,0,466.508,81.023,64.334,1.470
343.280,YOU reference pilot,original,2,1,23.195,24.000,0.403,0.000,4,0,0,318.450,52.115,376.144,0.824
343.280,EMBER,tourer,2,1,23.211,24.000,0.395,0.000,4,0,0,316.516,52.238,375.669,2.532
343.280,GOLD,moto,2,5,41.309,47.519,1.000,0.000,4,0,0,550.356,25.010,-334.502,1.151
343.280,BLUE,atv,2,3,24.756,36.791,1.000,0.000,4,0,0,467.671,79.875,58.311,1.480
343.560,YOU reference pilot,original,2,1,23.210,24.000,0.395,0.000,4,0,0,318.589,53.755,369.858,0.826
343.560,EMBER,tourer,2,1,23.213,24.000,0.393,0.000,4,0,0,316.657,53.876,369.381,2.539
343.560,GOLD,moto,2,5,42.670,44.456,0.936,0.000,4,0,0,547.359,25.013,-345.886,1.393
343.560,BLUE,atv,2,3,27.622,34.363,1.000,0.000,4,0,0,468.878,78.687,51.146,1.495
343.820,YOU reference pilot,original,2,1,23.216,24.000,0.392,0.000,4,0,0,318.726,55.292,364.024,0.810
343.820,EMBER,tourer,2,1,23.210,24.000,0.395,0.000,4,0,0,316.794,55.415,363.548,2.521
343.820,GOLD,moto,2,5,43.429,48.000,1.000,0.000,4,0,0,544.902,25.210,-356.810,1.671
343.820,BLUE,atv,2,3,27.205,0.000,0.000,1.000,4,0,0,469.964,77.777,43.912,1.507
344.100,YOU reference pilot,original,2,1,23.215,24.000,0.392,0.000,4,0,0,318.872,56.972,357.746,0.794
344.100,EMBER,tourer,2,1,23.204,24.000,0.398,0.000,4,0,0,316.939,57.097,357.274,2.492
344.100,GOLD,moto,2,5,44.450,48.000,1.000,0.000,4,0,0,542.885,25.671,-368.943,2.037
344.100,BLUE,atv,2,3,19.799,0.000,0.000,1.000,4,0,0,470.823,77.397,37.487,1.575
344.360,YOU reference pilot,original,2,1,23.211,24.000,0.394,0.000,4,0,0,319.000,58.538,351.919,0.780
344.360,EMBER,tourer,2,1,23.201,24.000,0.399,0.000,4,0,0,317.066,58.664,351.450,2.465
344.360,GOLD,moto,2,5,45.096,45.271,0.074,0.000,4,0,0,541.585,26.640,-380.482,2.387
344.360,BLUE,atv,2,3,20.450,28.900,1.000,0.000,4,0,0,471.381,77.400,32.512,1.714
344.620,YOU reference pilot,original,2,1,23.206,24.000,0.397,0.000,4,0,0,319.119,60.105,346.094,0.769
344.620,EMBER,tourer,2,1,23.201,24.000,0.400,0.000,4,0,0,317.185,60.231,345.626,2.446
344.620,GOLD,moto,2,5,43.778,44.389,0.302,0.000,4,0,0,540.847,27.903,-391.969,2.514
344.620,BLUE,atv,2,3,22.316,0.000,0.000,1.000,4,0,0,471.877,77.603,26.875,1.780
344.900,YOU reference pilot,original,2,1,23.199,24.000,0.400,0.000,4,0,0,319.242,61.793,339.821,0.765
344.900,EMBER,tourer,2,1,23.204,24.000,0.398,0.000,4,0,0,317.307,61.917,339.353,2.437
344.900,GOLD,moto,2,5,41.246,41.468,0.097,0.000,4,0,0,540.519,29.408,-403.737,2.385
344.900,BLUE,atv,2,3,18.381,24.000,1.000,0.000,4,0,0,472.176,78.113,21.606,1.734
345.160,YOU reference pilot,original,2,1,23.194,24.000,0.403,0.000,4,0,0,319.356,63.354,333.996,0.768
345.160,EMBER,tourer,2,1,23.210,24.000,0.395,0.000,4,0,0,317.422,63.476,333.524,2.442
345.160,GOLD,moto,2,5,38.716,39.336,0.311,0.000,4,0,0,540.335,30.735,-413.994,2.180
345.160,BLUE,atv,2,3,20.911,24.000,1.000,0.000,4,0,0,472.282,78.795,16.519,1.658
345.420,YOU reference pilot,original,2,1,23.189,24.000,0.405,0.000,4,0,0,319.480,64.905,328.170,0.776
345.420,EMBER,tourer,2,1,23.218,24.000,0.391,0.000,4,0,0,317.547,65.027,327.692,2.455
345.420,GOLD,moto,2,5,35.271,35.766,0.248,0.000,4,0,0,540.058,31.858,-423.474,1.998
345.420,BLUE,atv,2,3,22.858,24.000,0.614,0.000,4,0,0,472.228,79.664,10.853,1.557
345.700,YOU reference pilot,original,2,1,23.186,24.000,0.407,0.000,4,0,0,319.636,66.560,321.893,0.789
345.700,EMBER,tourer,2,1,23.229,24.000,0.386,0.000,4,0,0,317.705,66.681,321.404,2.477
345.700,GOLD,moto,2,5,32.259,32.437,0.000,0.000,4,0,0,539.535,32.798,-432.925,1.869
345.700,BLUE,atv,2,3,23.421,24.000,0.298,0.000,4,0,0,471.991,80.815,4.461,1.481
345.960,YOU reference pilot,original,2,1,23.184,24.000,0.408,0.000,4,0,0,319.812,68.079,316.061,0.805
345.960,EMBER,tourer,2,1,23.240,24.000,0.380,0.000,4,0,0,317.884,68.199,315.558,2.501
345.960,GOLD,moto,2,5,30.793,31.077,0.000,0.000,4,0,0,538.786,33.387,-441.086,1.801
345.960,BLUE,atv,2,3,23.516,24.000,0.243,0.000,4,0,0,471.660,81.985,-1.519,1.460
346.220,YOU reference pilot,original,2,1,23.186,24.000,0.407,0.000,4,0,0,320.030,69.575,310.224,0.822
346.220,EMBER,tourer,2,1,23.253,24.000,0.374,0.000,4,0,0,318.106,69.694,309.704,2.527
346.220,GOLD,moto,2,5,31.174,31.749,0.305,0.000,4,0,0,537.731,33.628,-449.052,1.711
346.220,BLUE,atv,2,3,23.524,24.000,0.238,0.000,4,0,0,471.294,83.184,-7.504,1.482
346.500,YOU reference pilot,original,2,1,23.190,24.000,0.405,0.000,4,0,0,320.324,71.153,303.931,0.841
346.500,EMBER,tourer,2,1,23.269,24.000,0.366,0.000,4,0,0,318.407,71.269,303.389,2.554
346.500,GOLD,moto,2,5,29.768,28.900,0.000,0.252,4,0,0,536.243,33.421,-457.564,1.561
346.500,BLUE,atv,2,3,23.523,24.000,0.239,0.000,4,0,0,470.955,84.453,-13.958,1.545
346.760,YOU reference pilot,original,2,1,23.195,24.000,0.403,0.000,4,0,0,320.667,72.582,298.081,0.859
346.760,EMBER,tourer,2,1,23.288,24.000,0.357,0.000,4,0,0,318.757,72.693,297.514,2.578
346.760,GOLD,moto,2,5,26.939,25.737,0.000,0.347,4,0,0,534.688,32.879,-464.781,1.507
346.760,BLUE,atv,2,3,23.529,24.000,0.236,0.000,4,0,0,470.777,85.567,-19.973,1.621
347.020,YOU reference pilot,original,2,1,23.203,24.000,0.399,0.000,4,0,0,321.090,73.967,292.223,0.877
347.020,EMBER,tourer,2,1,23.310,24.000,0.346,0.000,4,0,0,319.188,74.071,291.628,2.601
347.020,GOLD,moto,2,5,24.987,24.000,0.000,0.283,4,0,0,533.054,32.171,-471.307,1.521
347.020,BLUE,atv,2,3,25.440,31.620,1.000,0.000,4,0,0,470.813,86.618,-26.278,1.713
347.280,YOU reference pilot,original,2,2,23.212,24.000,0.395,0.000,4,0,0,321.609,75.299,286.357,0.897
347.280,EMBER,tourer,2,2,23.336,24.000,0.333,0.000,4,0,0,319.717,75.395,285.729,2.624
347.280,GOLD,moto,2,5,23.766,24.000,0.140,0.000,4,0,0,531.364,31.310,-477.331,1.548
347.280,BLUE,atv,2,3,27.238,31.396,1.000,0.000,4,0,0,471.188,87.574,-33.077,1.827
347.560,YOU reference pilot,original,2,2,23.234,24.000,0.384,0.000,4,0,0,322.296,76.657,280.031,0.919
347.560,EMBER,tourer,2,2,23.363,24.000,0.320,0.000,4,0,0,320.418,76.747,279.366,2.650
347.560,GOLD,moto,2,5,23.860,24.000,0.089,0.000,4,0,0,529.421,30.270,-483.636,1.589
347.560,BLUE,atv,2,3,29.053,33.250,1.000,0.000,3,0,0,472.147,88.337,-40.891,1.965
347.820,YOU reference pilot,original,2,2,23.261,24.000,0.371,0.000,4,0,0,323.076,77.833,274.149,0.947
347.820,EMBER,tourer,2,2,23.395,24.000,0.304,0.000,4,0,0,321.214,77.914,273.447,2.686
347.820,GOLD,moto,2,5,23.933,24.000,0.050,0.000,4,0,0,527.476,29.226,-489.434,1.624
347.820,BLUE,atv,2,3,30.764,42.057,1.000,0.000,4,0,0,473.692,88.682,-48.535,2.147
348.080,YOU reference pilot,original,2,2,23.724,38.178,1.000,0.000,4,0,0,324.010,78.907,268.236,0.999
348.080,EMBER,tourer,2,2,23.927,38.017,1.000,0.000,4,0,0,322.166,78.971,267.490,2.748
348.080,GOLD,moto,2,5,23.832,24.000,0.108,0.000,4,0,0,525.390,28.128,-495.165,1.646
348.080,BLUE,atv,2,3,32.399,43.267,1.000,0.000,4,0,0,475.939,88.818,-56.458,2.329
348.360,YOU reference pilot,original,2,2,25.148,36.360,1.000,0.000,4,0,0,325.251,79.965,261.567,1.035
348.360,EMBER,tourer,2,2,25.346,36.181,1.000,0.000,4,0,0,323.432,80.022,260.766,2.785
348.360,GOLD,moto,2,5,23.786,24.000,0.134,0.000,4,0,0,522.960,26.936,-501.264,1.657
348.360,BLUE,atv,2,3,34.035,41.221,1.000,0.000,4,0,0,479.136,89.034,-65.211,2.467
348.620,YOU reference pilot,original,2,2,26.419,35.081,1.000,0.000,4,0,0,326.657,80.841,255.049,1.034
348.620,EMBER,tourer,2,2,26.624,33.572,1.000,0.000,4,0,0,324.861,80.890,254.197,2.775
348.620,GOLD,moto,2,5,25.497,30.349,1.000,0.000,4,0,0,520.439,25.853,-506.966,1.653
348.620,BLUE,atv,2,3,35.418,36.791,0.723,0.000,4,0,0,482.758,89.212,-73.503,2.503
348.880,YOU reference pilot,original,2,2,27.644,32.819,1.000,0.000,4,0,0,328.324,81.584,248.239,1.017
348.880,EMBER,tourer,2,2,27.873,32.583,1.000,0.000,4,0,0,326.555,81.623,247.334,2.748
348.880,GOLD,moto,2,5,27.523,27.637,0.073,0.000,4,0,0,517.377,24.789,-513.147,1.609
348.880,BLUE,atv,2,3,35.339,34.363,0.000,0.286,4,0,0,486.845,89.224,-81.836,2.451
349.160,YOU reference pilot,original,2,2,28.836,29.712,0.449,0.000,4,0,0,330.445,82.220,240.615,1.005
349.160,EMBER,tourer,2,2,29.044,30.134,0.567,0.000,4,0,0,328.711,82.248,239.646,2.730
349.160,GOLD,moto,2,5,25.263,24.310,0.000,0.273,4,0,0,513.796,24.058,-519.525,1.479
349.160,BLUE,atv,2,3,32.709,31.749,0.000,0.280,4,0,0,491.297,89.014,-90.275,2.331
349.420,YOU reference pilot,original,2,2,28.141,28.308,0.074,0.000,4,0,0,332.685,82.622,233.564,1.014
349.420,EMBER,tourer,2,2,27.746,26.747,0.000,0.289,4,0,0,330.966,82.634,232.594,2.742
349.420,GOLD,moto,2,5,22.576,20.923,0.000,0.476,4,0,0,510.447,23.677,-524.744,1.444
349.420,BLUE,atv,2,3,30.015,28.900,0.000,0.323,4,0,0,495.218,88.613,-97.444,2.199
349.700,YOU reference pilot,original,2,2,25.555,26.515,0.504,0.000,4,0,0,335.254,82.851,226.548,1.034
349.700,EMBER,tourer,2,2,25.883,25.243,0.000,0.186,4,0,0,333.545,82.842,225.590,2.778
349.700,GOLD,moto,2,5,19.448,17.028,0.000,0.698,4,0,0,506.959,23.336,-529.454,1.462
349.700,BLUE,atv,2,3,26.969,25.737,0.000,0.355,4,0,0,499.075,87.994,-104.449,2.066
349.960,YOU reference pilot,original,2,2,23.674,23.150,0.000,0.154,4,0,0,337.737,82.920,220.706,1.050
349.960,EMBER,tourer,2,2,23.391,21.702,0.000,0.482,4,0,0,336.047,82.907,219.720,2.814
349.960,GOLD,moto,2,5,16.444,15.197,0.000,0.360,4,0,0,503.975,23.136,-532.949,1.533
349.960,BLUE,atv,2,4,24.998,24.000,0.000,0.286,4,0,0,502.288,87.273,-110.363,1.964
350.220,YOU reference pilot,original,2,2,21.253,20.010,0.000,0.357,4,0,0,340.312,82.910,215.453,1.065
350.220,EMBER,tourer,2,2,20.988,19.684,0.000,0.372,4,0,0,338.591,82.892,214.537,2.841
350.220,GOLD,moto,2,6,14.723,14.360,0.000,0.000,4,0,0,501.161,23.013,-535.814,1.628
350.220,BLUE,atv,2,4,23.766,24.000,0.139,0.000,4,0,0,505.215,86.419,-115.895,1.886
350.500,YOU reference pilot,original,2,2,19.402,19.643,0.126,0.000,4,0,0,343.060,82.839,210.582,1.069
350.500,EMBER,tourer,2,2,19.037,19.247,0.113,0.000,4,0,0,341.296,82.832,209.727,2.863
350.500,GOLD,moto,2,6,12.870,12.022,0.000,0.245,4,0,0,498.267,22.937,-538.329,1.733
350.500,BLUE,atv,2,4,23.860,24.000,0.090,0.000,4,0,0,508.201,85.315,-121.768,1.824
350.760,YOU reference pilot,original,2,2,17.672,15.831,0.000,0.526,4,0,0,345.662,82.751,206.561,1.064
350.760,EMBER,tourer,2,2,17.647,17.127,0.000,0.148,4,0,0,343.861,82.761,205.733,2.870
350.760,GOLD,moto,2,6,11.540,11.727,0.046,0.000,4,0,0,495.702,22.917,-540.165,1.827
350.760,BLUE,atv,2,4,23.745,24.000,0.038,0.000,4,0,0,510.855,84.080,-127.244,1.775
351.020,YOU reference pilot,original,2,2,17.799,19.120,0.722,0.000,4,0,0,348.404,82.670,202.896,1.023
351.020,EMBER,tourer,2,2,17.371,18.734,0.747,0.000,4,0,0,346.532,82.682,202.111,2.826
351.020,GOLD,moto,2,6,11.491,11.871,0.218,0.000,4,0,0,493.141,22.943,-541.601,1.903
351.020,BLUE,atv,2,4,23.740,24.000,0.045,0.000,3,0,0,513.386,82.611,-132.722,1.700
351.280,YOU reference pilot,original,2,2,18.959,21.207,1.000,0.000,4,0,0,351.566,82.565,199.328,1.011
351.280,EMBER,tourer,2,2,18.297,20.778,1.000,0.000,4,0,0,349.578,82.590,198.575,2.779
351.280,GOLD,moto,2,6,12.844,13.852,0.576,0.000,4,0,0,490.205,23.031,-542.740,1.928
351.280,BLUE,atv,2,4,23.859,24.000,0.105,0.000,4,0,0,515.808,80.855,-138.172,1.643
351.560,YOU reference pilot,original,2,2,21.022,24.000,1.000,0.000,3,0,0,355.690,82.224,195.528,1.234
351.560,EMBER,tourer,2,2,20.514,22.521,1.000,0.000,4,0,0,353.507,82.321,194.788,2.959
351.560,GOLD,moto,2,6,14.419,20.538,1.000,0.000,4,0,0,486.309,23.271,-543.378,1.638
351.560,BLUE,atv,2,4,23.934,24.000,0.067,0.000,4,0,0,518.313,78.626,-143.968,1.647
351.820,YOU reference pilot,original,2,2,22.801,24.000,0.648,0.000,4,0,0,360.280,81.557,192.133,1.655
351.820,EMBER,tourer,2,2,22.616,24.000,0.758,0.000,4,0,0,357.941,81.759,191.319,3.394
351.820,GOLD,moto,2,6,16.464,28.732,1.000,0.000,4,0,0,482.405,23.673,-542.913,0.894
351.820,BLUE,atv,2,4,23.807,24.000,0.022,0.000,4,0,0,520.572,76.309,-149.275,1.681
352.080,YOU reference pilot,original,2,2,23.581,24.000,0.229,0.000,4,0,0,365.440,80.669,189.076,2.230
352.080,EMBER,tourer,2,2,23.616,24.000,0.216,0.000,4,0,0,363.024,80.947,188.121,3.990
352.080,GOLD,moto,2,6,18.986,34.484,1.000,0.000,4,0,0,478.192,24.210,-541.048,0.660
352.080,BLUE,atv,2,4,23.765,24.000,0.049,0.000,4,0,0,522.786,73.803,-154.514,1.723
352.360,YOU reference pilot,original,2,2,23.706,24.000,0.050,0.000,4,0,0,371.393,79.591,186.289,2.750
352.360,EMBER,tourer,2,2,23.902,24.000,0.065,0.000,4,0,0,368.931,79.920,185.181,4.578
352.360,GOLD,moto,2,6,21.544,47.565,1.000,0.000,4,0,0,473.896,24.867,-537.362,1.473
352.360,BLUE,atv,2,4,23.875,24.000,0.110,0.000,4,0,0,525.138,70.940,-160.088,1.759
352.620,YOU reference pilot,original,2,2,23.346,22.284,0.000,0.297,4,0,0,377.036,78.605,184.138,2.940
352.620,EMBER,tourer,2,2,23.500,22.475,0.000,0.285,4,0,0,374.603,78.920,182.913,4.867
352.620,GOLD,moto,2,6,23.846,48.000,1.000,0.000,4,0,0,470.457,25.557,-532.589,1.685
352.620,BLUE,atv,2,4,23.932,24.000,0.080,0.000,4,0,0,527.300,68.166,-165.214,1.782
352.900,YOU reference pilot,original,2,2,22.198,23.963,0.971,0.000,4,0,0,382.942,77.686,182.111,2.768
352.900,EMBER,tourer,2,2,22.048,22.142,0.000,0.000,4,0,0,380.572,77.938,180.845,4.791
352.900,GOLD,moto,2,6,26.274,43.960,1.000,0.000,4,0,0,467.315,26.394,-526.343,1.292
352.900,BLUE,atv,2,4,23.904,24.000,0.097,0.000,4,0,0,529.604,65.090,-170.691,1.793
353.160,YOU reference pilot,original,2,2,21.545,20.753,0.000,0.221,4,0,0,388.239,77.032,180.200,2.341
353.160,EMBER,tourer,2,2,21.009,19.599,0.000,0.396,4,0,0,385.826,77.226,179.032,4.415
353.160,GOLD,moto,2,6,28.408,48.000,1.000,0.000,4,0,0,464.640,27.240,-519.785,0.661
353.160,BLUE,atv,2,4,23.815,24.000,0.028,0.000,4,0,0,531.720,62.174,-175.751,1.793
353.420,YOU reference pilot,original,2,2,23.175,33.371,1.000,0.000,4,0,0,393.533,76.607,177.893,1.752
353.420,EMBER,tourer,2,2,22.221,26.836,1.000,0.000,4,0,0,390.972,76.728,176.972,3.836
353.420,GOLD,moto,2,6,30.380,46.908,1.000,0.000,4,0,0,461.852,28.141,-512.701,0.658
353.420,BLUE,atv,2,4,23.977,24.000,0.059,0.000,4,0,0,533.811,59.223,-180.800,1.787
353.680,YOU reference pilot,original,2,2,24.972,30.984,1.000,0.000,4,0,0,398.987,76.458,174.801,1.045
353.680,EMBER,tourer,2,2,24.079,30.984,1.000,0.000,4,0,0,396.329,76.481,174.213,3.093
353.680,GOLD,moto,2,6,32.176,45.978,1.000,0.000,4,0,0,458.639,29.083,-505.265,1.272
353.680,BLUE,atv,2,4,23.908,24.000,0.097,0.000,4,0,0,535.873,56.257,-185.853,1.776
353.960,YOU reference pilot,original,2,2,26.596,28.397,0.954,0.000,4,0,0,404.793,76.705,170.496,0.488
353.960,EMBER,tourer,2,2,25.814,28.397,1.000,0.000,4,0,0,402.092,76.619,170.260,2.209
353.960,GOLD,moto,2,6,33.948,45.112,1.000,0.000,4,0,0,454.474,30.126,-497.039,1.865
353.960,BLUE,atv,2,4,23.950,24.000,0.074,0.000,4,0,0,538.056,53.073,-191.314,1.763
354.220,YOU reference pilot,original,2,2,26.208,25.550,0.000,0.193,4,0,0,409.863,77.329,165.787,0.561
354.220,EMBER,tourer,2,2,26.303,25.550,0.000,0.223,4,0,0,407.217,77.153,165.746,1.779
354.220,GOLD,moto,2,6,35.476,44.130,1.000,0.000,4,0,0,449.928,31.107,-489.283,2.360
354.220,BLUE,atv,2,4,23.897,24.000,0.103,0.000,4,0,0,540.044,50.155,-196.416,1.751
354.480,YOU reference pilot,original,2,2,24.666,24.000,0.000,0.196,4,0,0,414.280,78.146,160.983,0.611
354.480,EMBER,tourer,2,2,25.249,25.550,0.141,0.000,4,0,0,411.747,77.933,160.970,1.763
354.480,GOLD,moto,2,6,36.890,41.681,1.000,0.000,4,0,0,444.847,32.222,-481.428,2.472
354.480,BLUE,atv,2,4,23.795,24.000,0.039,0.000,4,0,0,541.992,47.296,-201.572,1.738
354.760,YOU reference pilot,original,2,2,23.682,24.000,0.157,0.000,4,0,0,418.494,79.078,155.884,0.614
354.760,EMBER,tourer,2,2,23.732,24.000,0.123,0.000,4,0,0,416.064,78.850,155.830,1.965
354.760,GOLD,moto,2,6,37.102,37.327,0.000,0.000,4,0,0,438.980,33.617,-472.852,2.324
354.760,BLUE,atv,2,4,23.776,24.000,0.048,0.000,4,0,0,544.035,44.329,-207.199,1.726
355.020,YOU reference pilot,original,2,2,23.616,24.000,0.190,0.000,4,0,0,422.225,79.978,151.084,0.676
355.020,EMBER,tourer,2,2,23.553,24.000,0.219,0.000,4,0,0,419.809,79.744,151.051,2.219
355.020,GOLD,moto,2,6,35.438,35.848,0.026,0.000,4,0,0,433.579,34.865,-465.131,2.111
355.020,BLUE,atv,2,4,23.836,24.000,0.012,0.000,4,0,0,545.874,41.731,-212.524,1.716
355.280,YOU reference pilot,original,2,2,23.555,24.000,0.221,0.000,4,0,0,425.872,80.910,146.247,0.802
355.280,EMBER,tourer,2,2,23.493,24.000,0.252,0.000,4,0,0,423.456,80.671,146.235,2.458
355.280,GOLD,moto,2,6,32.825,31.596,0.000,0.366,4,0,0,428.493,35.960,-457.900,1.930
355.280,BLUE,atv,2,4,23.294,0.000,0.000,1.000,4,0,0,547.648,39.355,-217.950,1.689
355.560,YOU reference pilot,original,2,2,23.521,24.000,0.239,0.000,4,0,0,429.737,81.926,141.008,0.941
355.560,EMBER,tourer,2,2,23.464,24.000,0.267,0.000,4,0,0,427.321,81.687,141.017,2.664
355.560,GOLD,moto,2,6,29.954,28.732,0.000,0.363,4,0,0,423.450,36.940,-450.752,1.806
355.560,BLUE,atv,2,4,16.654,0.000,0.000,1.000,4,0,0,549.189,37.534,-222.923,1.656
355.820,YOU reference pilot,original,2,2,23.832,35.633,1.000,0.000,4,0,0,433.291,82.857,136.104,1.037
355.820,EMBER,tourer,2,2,23.467,24.000,0.269,0.000,4,0,0,430.867,82.622,136.143,2.795
355.820,GOLD,moto,2,6,27.240,25.548,0.000,0.497,4,0,0,419.130,37.657,-444.685,1.749
355.820,BLUE,atv,2,4,19.642,24.000,1.000,0.000,4,0,0,550.452,36.213,-227.207,1.675
356.080,YOU reference pilot,original,2,2,25.139,33.273,1.000,0.000,4,0,0,436.939,83.790,130.948,1.102
356.080,EMBER,tourer,2,2,24.893,32.947,1.000,0.000,4,0,0,434.486,83.561,131.067,2.876
356.080,GOLD,moto,2,6,25.389,24.369,0.000,0.302,4,0,0,415.150,38.174,-439.200,1.729
356.080,BLUE,atv,2,4,22.877,24.000,0.650,0.000,4,0,0,551.910,34.665,-232.362,1.683
356.360,YOU reference pilot,original,2,2,26.471,30.879,1.000,0.000,4,0,0,440.979,84.775,125.018,1.152
356.360,EMBER,tourer,2,2,26.318,31.406,1.000,0.000,4,0,0,438.524,84.563,125.202,2.931
356.360,GOLD,moto,2,6,23.914,25.549,0.907,0.000,4,0,0,411.089,38.517,-433.744,1.753
356.360,BLUE,atv,2,4,23.892,24.000,0.082,0.000,4,0,0,553.566,33.039,-238.545,1.691
356.620,YOU reference pilot,original,2,2,27.380,28.857,0.774,0.000,4,0,0,444.787,85.614,119.165,1.178
356.620,EMBER,tourer,2,2,27.385,28.857,0.765,0.000,4,0,0,442.344,85.433,119.393,2.956
356.620,GOLD,moto,2,6,24.328,24.470,0.073,0.000,2,0,0,407.284,38.605,-428.755,1.858
356.620,BLUE,atv,2,4,24.090,40.383,1.000,0.000,4,0,0,555.020,31.783,-244.436,1.701
356.880,YOU reference pilot,original,2,2,27.242,27.494,0.123,0.000,4,0,0,448.529,86.289,113.119,1.166
356.880,EMBER,tourer,2,2,27.657,28.578,0.472,0.000,4,0,0,446.131,86.162,113.345,2.938
356.880,GOLD,moto,2,6,24.462,24.000,0.000,0.000,1,0,0,403.350,38.256,-423.692,1.916
356.880,BLUE,atv,2,4,26.158,18.652,0.000,1.000,4,0,0,556.428,30.691,-250.829,1.694
357.160,YOU reference pilot,original,2,3,26.965,28.397,0.758,0.000,3,0,0,452.293,86.713,106.604,1.112
357.160,EMBER,tourer,2,3,26.917,27.770,0.442,0.000,4,0,0,449.950,86.663,106.840,2.862
357.160,GOLD,moto,2,6,23.739,24.000,0.036,0.000,4,0,0,399.220,37.308,-418.476,1.871
357.160,BLUE,atv,2,4,18.905,14.012,0.000,1.000,4,0,0,557.563,29.918,-256.905,1.677
357.420,YOU reference pilot,original,2,3,26.935,25.550,0.000,0.394,3,0,0,455.602,86.703,100.302,1.016
357.420,EMBER,tourer,2,3,27.568,28.397,0.434,0.000,2,0,0,453.309,86.732,100.567,2.735
357.420,GOLD,moto,2,6,23.877,24.000,0.084,0.000,2,0,0,395.353,36.160,-413.760,1.821
357.420,BLUE,atv,2,4,19.781,37.873,1.000,0.000,4,0,0,558.267,29.475,-261.639,1.684
357.680,YOU reference pilot,original,2,3,25.353,25.550,0.110,0.000,4,0,0,458.484,86.287,94.157,0.914
357.680,EMBER,tourer,2,3,25.510,25.550,0.000,0.000,4,0,0,456.277,86.372,94.371,2.576
357.680,GOLD,moto,2,6,23.644,23.537,0.000,0.000,4,0,0,391.401,34.744,-409.196,1.757
357.680,BLUE,atv,2,4,22.672,37.183,1.000,0.000,4,0,0,558.901,28.988,-267.131,1.658
357.960,YOU reference pilot,original,2,3,23.724,24.000,0.043,0.000,4,0,0,461.071,85.518,87.829,0.834
357.960,EMBER,tourer,2,3,23.851,24.000,0.083,0.000,4,0,0,458.923,85.637,88.030,2.429
357.960,GOLD,moto,2,6,21.851,20.089,0.000,0.498,4,0,0,387.125,33.152,-404.690,1.696
357.960,BLUE,atv,2,4,25.479,33.232,1.000,0.000,4,0,0,559.420,28.469,-273.864,1.593
358.220,YOU reference pilot,original,2,3,23.729,24.000,0.043,0.000,4,0,0,463.109,84.586,82.038,0.783
358.220,EMBER,tourer,2,3,23.713,24.000,0.046,0.000,4,0,0,460.999,84.725,82.252,2.330
358.220,GOLD,moto,2,6,20.243,19.451,0.000,0.219,4,0,0,383.275,31.888,-401.134,1.652
358.220,BLUE,atv,2,4,27.839,35.122,1.000,0.000,4,0,0,559.638,27.957,-280.801,1.532
358.500,YOU reference pilot,original,2,3,23.861,24.000,0.091,0.000,4,0,0,465.006,83.403,75.740,0.733
358.500,EMBER,tourer,2,3,23.916,24.000,0.056,0.000,4,0,0,462.932,83.553,75.962,2.258
358.500,GOLD,moto,2,6,18.491,18.470,0.000,0.000,4,0,0,379.064,30.887,-397.849,1.630
358.500,BLUE,atv,2,4,30.167,40.350,1.000,0.000,4,0,0,559.437,27.274,-288.921,1.515
358.760,YOU reference pilot,original,2,3,23.743,24.000,0.040,0.000,4,0,0,466.522,82.223,69.840,0.696
358.760,EMBER,tourer,2,3,23.925,24.000,0.052,0.000,4,0,0,464.472,82.369,70.075,2.222
358.760,GOLD,moto,2,6,18.655,18.041,0.000,0.175,4,0,0,375.078,30.427,-395.304,1.655
358.760,BLUE,atv,2,4,32.148,46.476,1.000,0.000,4,0,0,558.715,26.549,-296.980,1.366
359.020,YOU reference pilot,original,2,3,23.891,24.000,0.076,0.000,4,0,0,467.831,81.040,63.896,0.667
359.020,EMBER,tourer,2,3,23.722,24.000,0.046,0.000,4,0,0,465.800,81.170,64.145,2.213
359.020,GOLD,moto,2,6,20.883,24.000,1.000,0.000,4,0,0,370.503,30.438,-393.006,1.731
359.020,BLUE,atv,2,4,33.949,46.476,1.000,0.000,4,0,0,557.411,25.966,-305.471,1.195
359.280,YOU reference pilot,original,2,3,24.673,34.779,1.000,0.000,4,0,0,468.978,79.913,57.863,0.642
359.280,EMBER,tourer,2,3,24.513,34.955,1.000,0.000,4,0,0,466.958,80.030,58.137,2.226
359.280,GOLD,moto,2,6,22.929,24.000,0.576,0.000,4,0,0,365.170,31.133,-391.051,2.163
359.280,BLUE,atv,2,4,35.583,46.476,1.000,0.000,4,0,0,555.551,25.536,-314.323,1.101
359.560,YOU reference pilot,original,2,3,26.896,33.371,1.000,0.000,4,0,0,470.137,78.775,50.808,0.619
359.560,EMBER,tourer,2,3,26.762,33.371,1.000,0.000,4,0,0,468.125,78.874,51.130,2.259
359.560,GOLD,moto,2,6,23.343,24.000,0.336,0.000,4,0,0,358.994,32.566,-389.734,2.905
359.560,BLUE,atv,2,5,37.168,46.476,1.000,0.000,4,0,0,553.062,25.204,-324.210,1.110
359.860,YOU reference pilot,original,2,3,28.906,30.815,1.000,0.000,4,0,0,471.307,77.815,42.563,0.597
359.860,EMBER,tourer,2,3,28.766,30.984,1.000,0.000,4,0,0,469.302,77.883,42.933,2.326
359.860,GOLD,moto,2,7,23.385,24.000,0.310,0.000,4,0,0,352.286,34.550,-389.449,3.428
359.860,BLUE,atv,2,5,38.673,46.186,1.000,0.000,4,0,0,550.090,25.018,-335.205,1.236
360.120,YOU reference pilot,original,2,3,28.346,28.397,0.000,0.000,4,0,0,472.214,77.425,35.097,0.651
360.120,EMBER,tourer,2,3,28.119,28.397,0.149,0.000,4,0,0,470.213,77.453,35.556,2.449
360.120,GOLD,moto,2,7,22.151,22.331,0.063,0.000,4,0,0,346.642,36.424,-389.924,3.523
360.120,BLUE,atv,2,5,39.818,44.488,1.000,0.000,4,0,0,547.519,25.020,-345.091,1.415
360.400,YOU reference pilot,original,2,3,26.621,25.550,0.000,0.307,4,0,0,472.939,77.639,27.406,0.772
360.400,EMBER,tourer,2,3,26.711,25.550,0.000,0.335,4,0,0,470.960,77.628,27.846,2.621
360.400,GOLD,moto,2,7,19.383,18.367,0.000,0.314,4,0,0,341.243,38.295,-390.724,3.363
360.400,BLUE,atv,2,5,40.889,46.476,1.000,0.000,4,0,0,545.043,25.207,-356.125,1.653
360.660,YOU reference pilot,original,2,3,24.742,24.000,0.000,0.216,4,0,0,473.335,78.304,20.791,0.726
360.660,EMBER,tourer,2,3,24.658,24.000,0.000,0.195,4,0,0,471.376,78.257,21.236,2.543
360.660,GOLD,moto,2,7,17.884,18.041,0.052,0.000,4,0,0,336.657,39.786,-391.449,3.094
360.660,BLUE,atv,2,5,41.747,46.476,1.000,0.000,4,0,0,543.230,25.566,-366.714,1.939
360.920,YOU reference pilot,original,2,3,23.694,24.000,0.149,0.000,4,0,0,473.476,79.187,14.635,0.663
360.920,EMBER,tourer,2,3,23.627,24.000,0.182,0.000,4,0,0,471.533,79.125,15.108,2.391
360.920,GOLD,moto,2,7,16.849,15.902,0.000,0.291,4,0,0,332.351,41.008,-391.973,2.804
360.920,BLUE,atv,2,5,36.251,0.000,0.000,1.000,4,0,0,542.032,26.231,-376.883,2.183
361.200,YOU reference pilot,original,2,3,23.593,24.000,0.200,0.000,4,0,0,473.385,80.286,8.118,0.625
361.200,EMBER,tourer,2,3,23.506,24.000,0.243,0.000,4,0,0,471.459,80.220,8.613,2.246
361.200,GOLD,moto,2,7,17.104,19.260,1.000,0.000,2,0,0,327.764,42.034,-392.197,2.475
361.200,BLUE,atv,2,5,33.041,45.705,1.000,0.000,4,0,0,541.362,27.289,-386.131,2.292
361.460,YOU reference pilot,original,2,3,23.520,24.000,0.238,0.000,4,0,0,473.124,81.412,2.110,0.624
361.460,EMBER,tourer,2,3,23.427,24.000,0.284,0.000,4,0,0,471.208,81.340,2.628,2.175
361.460,GOLD,moto,2,7,18.891,23.311,1.000,0.000,2,0,0,323.126,42.605,-391.995,2.035
361.460,BLUE,atv,2,5,34.360,42.328,1.000,0.000,4,0,0,541.003,28.327,-394.838,2.254
361.720,YOU reference pilot,original,2,3,23.426,24.000,0.283,0.000,4,0,0,472.758,82.592,-3.862,0.645
361.720,EMBER,tourer,2,3,23.411,24.000,0.295,0.000,4,0,0,470.846,82.515,-3.331,2.178
361.720,GOLD,moto,2,7,20.340,24.000,1.000,0.000,0,0,0,317.921,42.702,-391.332,1.507
361.720,BLUE,atv,2,5,35.544,41.468,1.000,0.000,4,0,0,540.763,29.450,-403.865,2.146
361.980,YOU reference pilot,original,2,3,23.357,24.000,0.320,0.000,4,0,0,472.355,83.782,-9.810,0.686
361.980,EMBER,tourer,2,3,23.416,24.000,0.292,0.000,4,0,0,470.442,83.701,-9.287,2.255
361.980,GOLD,moto,2,7,20.189,24.000,1.000,0.000,0,0,0,312.657,42.153,-390.596,0.916
361.980,BLUE,atv,2,5,36.514,39.019,1.000,0.000,4,0,0,540.529,30.630,-413.176,2.024
362.260,YOU reference pilot,original,2,3,23.328,24.000,0.336,0.000,4,0,0,471.975,85.026,-16.216,0.771
362.260,EMBER,tourer,2,3,23.422,24.000,0.290,0.000,4,0,0,470.052,84.941,-15.717,2.404
362.260,GOLD,moto,2,7,22.198,24.000,1.000,0.000,2,0,0,306.993,40.896,-389.344,0.662
362.260,BLUE,atv,2,5,35.544,35.766,0.000,0.000,4,0,0,540.161,31.828,-423.251,1.911
362.520,YOU reference pilot,original,2,3,23.834,29.029,1.000,0.000,4,0,0,471.771,86.105,-22.216,0.885
362.520,EMBER,tourer,2,3,23.849,28.497,1.000,0.000,4,0,0,469.832,86.017,-21.734,2.573
362.520,GOLD,moto,2,7,23.859,24.000,0.099,0.000,4,0,0,301.632,39.352,-386.939,0.519
362.520,BLUE,atv,2,5,32.877,33.263,0.190,0.000,4,0,0,539.634,32.722,-432.075,1.842
362.800,YOU reference pilot,original,2,3,25.192,27.675,1.000,0.000,4,0,0,471.830,87.178,-29.018,1.040
362.800,EMBER,tourer,2,3,25.284,27.662,1.000,0.000,4,0,0,469.866,87.087,-28.555,2.773
362.800,GOLD,moto,2,7,23.749,24.000,0.041,0.000,4,0,0,295.967,37.729,-383.813,0.525
362.800,BLUE,atv,2,5,31.261,31.077,0.000,0.000,4,0,0,538.807,33.376,-440.921,1.799
363.060,YOU reference pilot,original,2,3,26.274,29.975,1.000,0.000,4,0,0,472.278,88.022,-35.673,1.200
363.060,EMBER,tourer,2,3,26.372,29.369,1.000,0.000,4,0,0,470.275,87.938,-35.221,2.962
363.060,GOLD,moto,2,7,26.515,34.363,1.000,0.000,4,0,0,290.535,36.438,-380.471,0.794
363.060,BLUE,atv,2,5,31.009,31.749,0.391,0.000,4,0,0,537.746,33.627,-448.871,1.726
363.320,YOU reference pilot,original,2,3,27.426,35.306,1.000,0.000,4,0,0,473.220,88.591,-42.588,1.364
363.320,EMBER,tourer,2,3,27.527,33.690,1.000,0.000,3,0,0,471.168,88.539,-42.165,3.153
363.320,GOLD,moto,2,7,29.239,31.749,1.000,0.000,4,0,0,284.452,35.581,-376.612,1.123
363.320,BLUE,atv,2,5,30.024,28.900,0.000,0.327,4,0,0,536.372,33.460,-456.799,1.589
363.600,YOU reference pilot,original,2,3,28.742,39.547,1.000,0.000,4,0,0,474.894,88.850,-50.298,1.563
363.600,EMBER,tourer,2,3,28.950,37.617,1.000,0.000,4,0,0,472.782,88.838,-49.932,3.392
363.600,GOLD,moto,2,7,29.479,28.900,0.000,0.171,4,0,0,277.425,35.359,-372.128,1.394
363.600,BLUE,atv,2,5,27.035,25.737,0.000,0.375,2,0,0,534.702,32.908,-464.643,1.530
363.860,YOU reference pilot,original,2,3,29.913,39.679,1.000,0.000,4,0,0,477.078,88.986,-57.620,1.712
363.860,EMBER,tourer,2,3,30.212,41.569,1.000,0.000,4,0,0,474.923,88.972,-57.340,3.582
363.860,GOLD,moto,2,7,27.026,25.737,0.000,0.379,4,0,0,271.264,35.776,-368.163,1.452
363.860,BLUE,atv,2,5,25.124,24.000,0.000,0.322,4,0,0,533.094,32.173,-471.206,1.504
364.120,YOU reference pilot,original,2,3,31.012,39.679,1.000,0.000,4,0,0,479.848,89.193,-65.052,1.822
364.120,EMBER,tourer,2,3,31.403,39.679,1.000,0.000,4,0,0,477.670,89.171,-64.881,3.702
364.120,GOLD,moto,2,7,24.696,24.000,0.000,0.209,4,0,0,265.723,36.492,-364.460,1.374
364.120,BLUE,atv,2,5,23.717,24.000,0.046,0.000,4,0,0,531.660,31.315,-477.320,1.289
364.400,YOU reference pilot,original,2,3,32.235,35.598,1.000,0.000,4,0,0,483.429,89.352,-73.166,1.827
364.400,EMBER,tourer,2,3,32.548,37.694,1.000,0.000,4,0,0,481.245,89.339,-73.108,3.716
364.400,GOLD,moto,2,7,23.713,24.000,0.142,0.000,4,0,0,260.334,37.415,-360.618,1.361
364.400,BLUE,atv,2,5,23.764,24.000,0.141,0.000,4,0,0,530.178,30.286,-483.750,0.918
364.660,YOU reference pilot,original,2,3,33.166,33.371,0.098,0.000,4,0,0,487.243,89.359,-80.804,1.719
364.660,EMBER,tourer,2,3,33.172,33.371,0.000,0.000,4,0,0,485.056,89.364,-80.821,3.602
364.660,GOLD,moto,2,7,23.678,24.000,0.159,0.000,4,0,0,255.464,38.364,-356.973,1.410
364.660,BLUE,atv,2,5,23.811,24.000,0.117,0.000,4,0,0,528.409,29.248,-489.598,0.803
364.920,YOU reference pilot,original,2,3,32.425,30.984,0.000,0.410,4,0,0,491.302,89.199,-88.373,1.555
364.920,EMBER,tourer,2,3,32.651,30.984,0.000,0.478,4,0,0,489.113,89.224,-88.422,3.416
364.920,GOLD,moto,2,7,23.651,24.000,0.173,0.000,4,0,0,250.650,39.353,-353.277,1.487
364.920,BLUE,atv,2,5,23.873,24.000,0.083,0.000,4,0,0,526.255,28.158,-495.309,0.874
365.200,YOU reference pilot,original,2,3,30.004,28.397,0.000,0.456,4,0,0,495.551,88.813,-96.047,1.381
365.200,EMBER,tourer,2,3,30.057,28.397,0.000,0.474,4,0,0,493.369,88.864,-96.120,3.217
365.200,GOLD,moto,2,7,23.634,24.000,0.183,0.000,4,0,0,245.491,40.443,-349.278,1.578
365.200,BLUE,atv,2,5,23.784,24.000,0.134,0.000,4,0,0,523.623,26.972,-501.326,1.069
365.460,YOU reference pilot,original,2,3,27.604,25.550,0.000,0.581,4,0,0,499.214,88.269,-102.601,1.236
365.460,EMBER,tourer,2,3,27.780,25.550,0.000,0.634,4,0,0,497.042,88.345,-102.692,3.044
365.460,GOLD,moto,2,7,23.626,24.000,0.187,0.000,4,0,0,240.694,41.457,-345.577,1.656
365.460,BLUE,atv,2,5,25.321,30.022,1.000,0.000,4,0,0,521.039,25.893,-506.984,1.136
365.720,YOU reference pilot,original,2,4,25.676,24.000,0.000,0.472,4,0,0,502.537,87.579,-108.610,1.116
365.720,EMBER,tourer,2,4,25.802,24.000,0.000,0.511,4,0,0,500.379,87.680,-108.713,2.897
365.720,GOLD,moto,2,7,23.626,24.000,0.187,0.000,4,0,0,235.869,42.451,-341.906,1.718
365.720,BLUE,atv,2,5,27.004,27.456,0.258,0.000,4,0,0,518.450,24.842,-513.281,0.681
366.000,YOU reference pilot,original,2,4,24.050,24.000,0.000,0.000,4,0,0,505.802,86.680,-114.676,1.022
366.000,EMBER,tourer,2,4,23.891,24.000,0.000,0.000,4,0,0,503.654,86.808,-114.771,2.771
366.000,GOLD,moto,2,7,25.209,32.012,1.000,0.000,4,0,0,230.497,43.498,-337.909,1.767
366.000,BLUE,atv,2,5,22.480,0.000,0.000,1.000,4,0,0,515.751,24.069,-519.796,0.501
366.260,YOU reference pilot,original,2,4,23.861,24.000,0.089,0.000,4,0,0,508.612,85.688,-120.122,0.968
366.260,EMBER,tourer,2,4,23.823,24.000,0.104,0.000,4,0,0,506.479,85.839,-120.208,2.687
366.260,GOLD,moto,2,7,27.358,32.367,1.000,0.000,4,0,0,224.991,44.483,-333.936,1.803
366.260,BLUE,atv,2,5,21.733,21.214,0.000,0.148,4,0,0,513.058,23.758,-524.699,0.885
366.520,YOU reference pilot,original,2,4,23.750,24.000,0.037,0.000,4,0,0,511.301,84.497,-125.595,0.933
366.520,EMBER,tourer,2,4,23.821,24.000,0.109,0.000,4,0,0,509.183,84.676,-125.672,2.626
366.520,GOLD,moto,2,7,28.623,28.985,0.036,0.000,4,0,0,218.978,45.413,-329.777,1.834
366.520,BLUE,atv,2,5,20.178,19.568,0.000,0.176,4,0,0,509.778,23.455,-529.060,0.775
366.800,YOU reference pilot,original,2,4,23.812,24.000,0.124,0.000,4,0,0,514.056,82.971,-131.495,0.892
366.800,EMBER,tourer,2,4,23.725,24.000,0.048,0.000,4,0,0,511.955,83.172,-131.568,2.549
366.800,GOLD,moto,2,7,28.369,31.417,1.000,0.000,4,0,0,212.311,46.199,-325.440,1.860
366.800,BLUE,atv,2,5,17.037,15.345,0.000,0.488,4,0,0,506.235,23.203,-532.780,0.491
367.060,YOU reference pilot,original,2,4,23.898,24.000,0.079,0.000,3,0,0,516.497,81.269,-136.958,0.865
367.060,EMBER,tourer,2,4,23.743,24.000,0.047,0.000,3,0,0,514.406,81.500,-137.027,2.470
367.060,GOLD,moto,2,7,28.783,30.011,0.666,0.000,2,0,0,206.017,46.587,-321.653,1.894
367.060,BLUE,atv,2,5,15.053,14.008,0.000,0.302,4,0,0,503.174,23.060,-535.544,0.565
367.320,YOU reference pilot,original,2,4,23.902,24.000,0.085,0.000,4,0,0,518.829,79.248,-142.355,0.865
367.320,EMBER,tourer,2,4,23.879,24.000,0.093,0.000,4,0,0,516.752,79.519,-142.434,2.466
367.320,GOLD,moto,2,7,28.780,28.900,0.061,0.000,4,0,0,199.453,46.564,-318.011,1.988
367.320,BLUE,atv,2,6,13.486,12.209,0.000,0.369,4,0,0,500.474,22.969,-538.044,0.638
367.580,YOU reference pilot,original,2,4,23.941,24.000,0.065,0.000,4,0,0,521.086,76.983,-147.690,0.889
367.580,EMBER,tourer,2,4,23.918,24.000,0.078,0.000,4,0,0,519.013,77.284,-147.775,2.514
367.580,GOLD,moto,2,7,26.451,25.737,0.000,0.206,4,0,0,193.065,46.151,-314.746,2.038
367.580,BLUE,atv,2,6,11.838,11.341,0.000,0.144,4,0,0,498.088,22.925,-540.268,0.552
367.860,YOU reference pilot,original,2,4,23.901,24.000,0.090,0.000,4,0,0,523.454,74.317,-153.361,0.922
367.860,EMBER,tourer,2,4,23.897,24.000,0.092,0.000,4,0,0,521.387,74.647,-153.453,2.586
367.860,GOLD,moto,2,7,24.516,24.000,0.000,0.147,4,0,0,186.666,45.429,-311.733,2.050
367.860,BLUE,atv,2,6,10.928,11.627,0.401,0.000,4,0,0,495.684,22.926,-542.282,0.482
368.120,YOU reference pilot,original,2,4,23.864,24.000,0.112,0.000,4,0,0,525.613,71.683,-158.558,0.954
368.120,EMBER,tourer,2,4,23.869,24.000,0.110,0.000,4,0,0,523.551,72.029,-158.661,2.655
368.120,GOLD,moto,2,7,23.908,24.000,0.060,0.000,4,0,0,181.007,44.578,-309.259,2.029
368.120,BLUE,atv,2,6,11.199,11.494,0.162,0.000,4,0,0,493.258,22.965,-543.786,0.509
368.380,YOU reference pilot,original,2,4,23.877,24.000,0.108,0.000,4,0,0,527.753,68.933,-163.707,0.986
368.380,EMBER,tourer,2,4,23.886,24.000,0.103,0.000,4,0,0,525.692,69.293,-163.815,2.714
368.380,GOLD,moto,2,7,23.738,24.000,0.037,0.000,4,0,0,175.344,43.585,-306.934,1.995
368.380,BLUE,atv,2,6,12.781,15.379,1.000,0.000,4,0,0,490.305,23.055,-544.786,0.488
368.660,YOU reference pilot,original,2,4,23.800,24.000,0.035,0.000,4,0,0,530.043,65.876,-169.202,1.005
368.660,EMBER,tourer,2,4,23.800,24.000,0.034,0.000,4,0,0,527.984,66.245,-169.317,2.754
368.660,GOLD,moto,2,7,23.902,24.000,0.068,0.000,4,0,0,169.211,42.423,-304.564,1.959
368.660,BLUE,atv,2,6,15.650,19.886,1.000,0.000,4,0,0,486.320,23.266,-544.998,0.453
368.920,YOU reference pilot,original,2,4,23.900,24.000,0.099,0.000,4,0,0,532.158,62.973,-174.273,1.007
368.920,EMBER,tourer,2,4,23.889,24.000,0.104,0.000,4,0,0,530.099,63.348,-174.389,2.769
368.920,GOLD,moto,2,7,23.832,24.000,0.108,0.000,4,0,0,163.488,41.309,-302.474,1.929
368.920,BLUE,atv,2,6,18.211,23.676,1.000,0.000,4,0,0,482.021,23.634,-544.025,0.595
369.200,YOU reference pilot,original,2,4,23.891,24.000,0.102,0.000,4,0,0,534.419,59.801,-179.714,0.995
369.200,EMBER,tourer,2,4,23.853,24.000,0.009,0.000,4,0,0,532.362,60.179,-179.830,2.763
369.200,GOLD,moto,2,7,23.788,24.000,0.133,0.000,4,0,0,157.282,40.136,-300.328,1.900
369.200,BLUE,atv,2,6,20.733,33.389,1.000,0.000,4,0,0,477.105,24.226,-541.683,1.731
369.460,YOU reference pilot,original,2,4,23.800,24.000,0.040,0.000,4,0,0,536.497,56.840,-184.764,0.974
369.460,EMBER,tourer,2,4,23.969,24.000,0.060,0.000,4,0,0,534.442,57.215,-184.876,2.743
369.460,GOLD,moto,2,8,26.828,36.791,1.000,0.000,4,0,0,151.080,39.067,-298.295,1.878
369.460,BLUE,atv,2,6,22.808,46.054,1.000,0.000,4,0,0,472.612,24.869,-538.263,2.997
369.720,YOU reference pilot,original,2,4,23.927,24.000,0.086,0.000,4,0,0,538.546,53.883,-189.831,0.949
369.720,EMBER,tourer,2,4,23.875,24.000,0.111,0.000,4,0,0,536.492,54.255,-189.930,2.719
369.720,GOLD,moto,2,8,29.565,34.363,1.000,0.000,4,0,0,144.121,38.075,-296.126,1.859
369.720,BLUE,atv,2,6,24.652,46.406,1.000,0.000,4,0,0,468.509,25.571,-533.672,3.869
369.980,YOU reference pilot,original,2,4,23.845,24.000,0.013,0.000,4,0,0,540.559,50.960,-194.921,0.924
369.980,EMBER,tourer,2,4,23.774,24.000,0.050,0.000,4,0,0,538.506,51.319,-195.010,2.691
369.980,GOLD,moto,2,8,31.504,31.749,0.000,0.000,4,0,0,136.482,37.454,-293.835,1.891
369.980,BLUE,atv,2,6,26.317,42.754,1.000,0.000,4,0,0,465.253,26.345,-527.935,3.802
370.260,YOU reference pilot,original,2,4,23.841,24.000,0.016,0.000,4,0,0,542.681,47.876,-200.456,0.895
370.260,EMBER,tourer,2,4,23.963,24.000,0.061,0.000,4,0,0,540.633,48.216,-200.535,2.663
370.260,GOLD,moto,2,8,30.579,28.900,0.000,0.492,4,0,0,128.072,37.434,-291.366,1.989
370.260,BLUE,atv,2,6,28.215,46.248,1.000,0.000,4,0,0,462.670,27.240,-520.787,2.688
370.520,YOU reference pilot,original,2,4,23.927,24.000,0.079,0.000,4,0,0,544.602,45.105,-205.666,0.867
370.520,EMBER,tourer,2,4,23.797,24.000,0.037,0.000,4,0,0,542.558,45.425,-205.728,2.638
370.520,GOLD,moto,2,8,27.950,25.737,0.000,0.646,4,0,0,120.765,37.912,-289.306,2.074
370.520,BLUE,atv,2,6,29.896,45.478,1.000,0.000,4,0,0,460.534,28.119,-513.573,1.256
370.780,YOU reference pilot,original,2,4,23.783,24.000,0.044,0.000,4,0,0,546.468,42.479,-210.959,0.836
370.780,EMBER,tourer,2,4,23.803,24.000,0.028,0.000,4,0,0,544.429,42.767,-211.006,2.614
370.780,GOLD,moto,2,8,25.433,25.737,0.154,0.000,4,0,0,114.151,38.624,-287.607,2.084
370.780,BLUE,atv,2,6,31.403,44.518,1.000,0.000,4,0,0,458.065,29.038,-506.031,0.587
371.060,YOU reference pilot,original,2,4,23.898,24.000,0.093,0.000,4,0,0,548.417,39.876,-216.786,0.785
371.060,EMBER,tourer,2,4,23.810,24.000,0.021,0.000,4,0,0,546.382,40.126,-216.812,2.574
371.060,GOLD,moto,2,8,23.720,24.000,0.138,0.000,4,0,0,107.599,39.535,-286.110,2.030
371.060,BLUE,atv,2,6,32.862,45.112,1.000,0.000,4,0,0,454.610,30.050,-497.765,1.603
371.320,YOU reference pilot,original,2,4,23.802,24.000,0.025,0.000,4,0,0,550.173,37.763,-222.333,0.710
371.320,EMBER,tourer,2,4,23.873,24.000,0.098,0.000,4,0,0,548.142,37.967,-222.342,2.504
371.320,GOLD,moto,2,8,23.684,24.000,0.157,0.000,4,0,0,101.634,40.465,-284.898,1.959
371.320,BLUE,atv,2,6,34.121,43.155,1.000,0.000,4,0,0,450.569,30.995,-490.092,2.441
371.580,YOU reference pilot,original,2,4,23.835,24.000,0.119,0.000,4,0,0,551.872,35.968,-228.009,0.725
371.580,EMBER,tourer,2,4,23.845,24.000,0.109,0.000,4,0,0,549.847,36.139,-228.003,2.478
371.580,GOLD,moto,2,8,23.655,24.000,0.171,0.000,4,0,0,95.654,41.431,-283.827,1.891
371.580,BLUE,atv,2,6,35.302,42.127,1.000,0.000,4,0,0,445.853,32.045,-482.456,2.739
371.860,YOU reference pilot,original,2,4,23.855,24.000,0.105,0.000,4,0,0,553.619,34.222,-234.203,0.736
371.860,EMBER,tourer,2,4,23.754,24.000,0.038,0.000,4,0,0,551.599,34.369,-234.184,2.481
371.860,GOLD,moto,2,8,23.509,24.838,0.725,0.000,4,0,0,89.183,42.468,-282.856,1.839
371.860,BLUE,atv,2,6,36.448,39.553,1.000,0.000,4,0,0,440.244,33.375,-474.213,2.621
372.120,YOU reference pilot,original,2,4,23.923,24.000,0.059,0.000,4,0,0,555.156,32.801,-240.029,0.726
372.120,EMBER,tourer,2,4,23.747,24.000,0.043,0.000,4,0,0,553.142,32.924,-239.998,2.482
372.120,GOLD,moto,2,8,21.418,21.469,0.000,0.000,4,0,0,83.441,43.321,-282.209,1.807
372.120,BLUE,atv,2,6,35.976,35.393,0.000,0.180,4,0,0,434.819,34.622,-466.569,2.338
372.380,YOU reference pilot,original,2,4,24.810,35.003,1.000,0.000,4,0,0,556.599,31.613,-245.989,0.719
372.380,EMBER,tourer,2,4,24.607,34.839,1.000,0.000,4,0,0,554.592,31.713,-245.933,2.477
372.380,GOLD,moto,2,8,20.253,18.518,0.000,0.511,4,0,0,78.096,43.988,-281.853,1.778
372.380,BLUE,atv,2,6,33.611,33.619,0.000,0.000,4,0,0,429.579,35.751,-459.258,2.064
372.660,YOU reference pilot,original,2,4,22.199,16.166,0.000,1.000,4,0,0,558.015,30.577,-252.604,0.696
372.660,EMBER,tourer,2,4,21.933,16.269,0.000,1.000,4,0,0,556.010,30.655,-252.473,2.444
372.660,GOLD,moto,2,8,19.215,19.440,0.114,0.000,4,0,0,72.650,44.470,-281.792,1.762
372.660,BLUE,atv,2,6,30.370,30.650,0.000,0.000,4,0,0,424.408,36.769,-452.037,1.861
372.920,YOU reference pilot,original,2,4,19.484,33.766,1.000,0.000,4,0,0,558.916,30.006,-257.616,0.714
372.920,EMBER,tourer,2,4,19.229,34.753,1.000,0.000,4,0,0,556.909,30.069,-257.412,2.429
372.920,GOLD,moto,2,8,20.751,22.329,0.889,0.000,2,0,0,67.452,44.627,-282.059,1.808
372.920,BLUE,atv,2,6,27.642,27.688,0.000,0.000,4,0,0,420.031,37.517,-445.937,1.760
373.180,YOU reference pilot,original,2,4,21.828,34.075,1.000,0.000,4,0,0,559.662,29.489,-262.932,0.725
373.180,EMBER,tourer,2,4,21.559,31.526,1.000,0.000,4,0,0,557.666,29.541,-262.656,2.421
373.180,GOLD,moto,2,8,22.642,22.348,0.000,0.000,2,0,0,61.766,44.312,-282.745,1.923
373.180,BLUE,atv,2,6,25.434,24.813,0.000,0.187,4,0,0,416.008,38.072,-440.395,1.715
373.480,YOU reference pilot,original,2,4,24.261,32.498,1.000,0.000,4,0,0,560.353,28.918,-269.814,0.711
373.480,EMBER,tourer,2,4,23.962,31.890,1.000,0.000,4,0,0,558.376,28.957,-269.446,2.384
373.480,GOLD,moto,2,8,22.521,22.689,0.106,0.000,2,0,0,55.160,43.331,-284.163,2.029
373.480,BLUE,atv,2,6,23.511,21.796,0.000,0.502,4,0,0,411.616,38.482,-434.477,1.725
373.760,YOU reference pilot,original,2,4,26.316,31.294,1.000,0.000,4,0,0,560.752,28.401,-276.888,0.704
373.760,EMBER,tourer,2,4,25.970,28.561,1.000,0.000,4,0,0,558.796,28.437,-276.428,2.324
373.760,GOLD,moto,2,8,22.756,23.057,0.190,0.000,4,0,0,49.320,41.835,-286.150,2.084
373.760,BLUE,atv,2,6,24.237,24.470,0.122,0.000,2,0,0,407.550,38.609,-429.130,1.832
374.020,YOU reference pilot,original,2,4,27.938,30.091,1.000,0.000,4,0,0,560.819,27.859,-283.938,0.713
374.020,EMBER,tourer,2,4,27.515,32.420,1.000,0.000,4,0,0,558.890,27.900,-283.375,2.270
374.020,GOLD,moto,2,8,23.734,24.000,0.169,0.000,4,0,0,44.063,40.205,-288.688,2.182
374.020,BLUE,atv,2,6,24.246,24.000,0.000,0.000,1,0,0,403.641,38.303,-424.086,1.902
374.300,YOU reference pilot,original,2,4,29.686,40.005,1.000,0.000,4,0,0,560.440,27.142,-291.989,0.676
374.300,EMBER,tourer,2,4,29.232,39.196,1.000,0.000,4,0,0,558.553,27.188,-291.302,2.215
374.300,GOLD,moto,2,8,23.812,24.000,0.129,0.000,4,0,0,38.701,38.341,-292.211,2.323
374.300,BLUE,atv,2,6,23.724,24.000,0.044,0.000,4,0,0,399.512,37.390,-418.853,1.867
374.560,YOU reference pilot,original,2,4,31.143,40.105,1.000,0.000,4,0,0,559.579,26.503,-299.840,0.592
374.560,EMBER,tourer,2,4,30.704,41.569,1.000,0.000,4,0,0,557.740,26.541,-299.038,2.033
374.560,GOLD,moto,2,8,25.058,29.177,1.000,0.000,4,0,0,34.121,36.825,-296.202,2.451
374.560,BLUE,atv,2,6,23.826,24.000,0.111,0.000,4,0,0,395.654,36.256,-414.127,1.818
374.820,YOU reference pilot,original,2,4,32.433,40.111,1.000,0.000,4,0,0,558.188,26.015,-307.986,0.610
374.820,EMBER,tourer,2,4,32.071,41.569,1.000,0.000,4,0,0,556.399,26.043,-307.085,1.881
374.820,GOLD,moto,2,8,27.321,29.389,1.000,0.000,4,0,0,29.585,35.764,-301.169,2.615
374.820,BLUE,atv,2,6,23.366,24.000,0.370,0.000,4,0,0,391.726,34.876,-409.565,1.762
375.080,YOU reference pilot,original,2,5,33.575,40.122,1.000,0.000,4,0,0,556.305,25.636,-316.360,0.627
375.080,EMBER,tourer,2,4,33.343,41.569,1.000,0.000,4,0,0,554.556,25.655,-315.388,1.833
375.080,GOLD,moto,2,8,29.711,34.121,1.000,0.000,4,0,0,25.136,35.320,-307.083,2.824
375.080,BLUE,atv,2,6,21.690,21.864,0.007,0.000,4,0,0,387.850,33.414,-405.422,1.700
375.360,YOU reference pilot,original,2,5,34.667,40.137,1.000,0.000,4,0,0,553.853,25.345,-325.600,0.601
375.360,EMBER,tourer,2,5,34.609,41.569,1.000,0.000,4,0,0,552.127,25.356,-324.592,1.928
375.360,GOLD,moto,2,8,31.863,43.127,1.000,0.000,4,0,0,20.609,35.581,-314.418,3.235
375.360,BLUE,atv,2,6,20.176,20.283,0.000,0.000,4,0,0,383.716,32.016,-401.521,1.651
375.620,YOU reference pilot,original,2,5,35.568,40.155,1.000,0.000,4,0,0,551.364,25.199,-334.390,0.606
375.620,EMBER,tourer,2,5,35.671,40.948,1.000,0.000,4,0,0,549.635,25.201,-333.389,2.132
375.620,GOLD,moto,2,8,33.610,41.075,1.000,0.000,4,0,0,16.979,36.277,-322.100,3.423
375.620,BLUE,atv,2,6,18.229,16.624,0.000,0.455,4,0,0,379.898,31.034,-398.451,1.631
375.900,YOU reference pilot,original,2,5,36.421,40.178,1.000,0.000,4,0,0,548.691,25.185,-344.114,0.728
375.900,EMBER,tourer,2,5,36.680,39.698,1.000,0.000,4,0,0,546.936,25.179,-343.161,2.422
375.900,GOLD,moto,2,8,35.317,38.615,1.000,0.000,4,0,0,13.750,37.331,-331.149,3.277
375.900,BLUE,atv,2,6,12.880,0.000,0.000,1.000,4,0,0,376.215,30.480,-396.004,1.610
376.160,YOU reference pilot,original,2,5,37.038,37.470,0.213,0.000,4,0,0,546.440,25.314,-353.404,0.924
376.160,EMBER,tourer,2,5,37.308,40.124,1.000,0.000,4,0,0,544.648,25.302,-352.506,2.704
376.160,GOLD,moto,2,8,35.964,36.309,0.167,0.000,4,0,0,11.226,38.440,-340.048,2.941
376.160,BLUE,atv,2,6,16.330,21.535,1.000,0.000,4,0,0,372.830,30.339,-394.223,1.561
376.420,YOU reference pilot,original,2,5,37.607,40.232,1.000,0.000,4,0,0,544.591,25.587,-362.930,1.166
376.420,EMBER,tourer,2,5,37.888,41.316,1.000,0.000,4,0,0,542.762,25.569,-362.081,2.996
376.420,GOLD,moto,2,8,33.296,32.623,0.000,0.204,4,0,0,9.118,39.421,-348.664,2.587
376.420,BLUE,atv,2,6,12.334,0.000,0.000,1.000,4,0,0,369.207,30.514,-392.686,1.574
376.700,YOU reference pilot,original,2,5,38.159,40.266,1.000,0.000,4,0,0,543.149,26.122,-373.420,1.411
376.700,EMBER,tourer,2,5,38.537,41.236,1.000,0.000,4,0,0,541.275,26.087,-372.667,3.295
376.700,GOLD,moto,2,8,31.134,31.271,0.059,0.000,4,0,0,7.161,40.194,-357.423,2.270
376.700,BLUE,atv,2,6,13.373,24.000,1.000,0.000,4,0,0,366.048,31.013,-391.725,1.684
376.960,YOU reference pilot,original,2,5,37.524,40.302,1.000,0.000,4,0,0,542.322,27.053,-383.263,1.537
376.960,EMBER,tourer,2,5,37.892,29.062,0.000,1.000,4,0,0,540.413,27.001,-382.632,3.433
376.960,GOLD,moto,2,8,30.145,31.328,0.640,0.000,4,0,0,5.515,40.600,-365.151,2.054
376.960,BLUE,atv,2,6,16.177,24.000,1.000,0.000,4,0,0,362.331,31.729,-390.958,1.877
377.220,YOU reference pilot,original,2,5,37.986,40.340,1.000,0.000,4,0,0,541.906,28.226,-393.001,1.499
377.220,EMBER,tourer,2,5,38.334,41.092,1.000,0.000,4,0,0,539.978,28.169,-392.464,3.381
377.220,GOLD,moto,2,8,30.866,31.749,0.479,0.000,2,0,0,3.925,40.646,-372.912,1.883
377.220,BLUE,atv,2,6,18.596,24.000,1.000,0.000,4,0,0,357.959,32.845,-390.467,2.165
377.500,YOU reference pilot,original,2,5,38.371,40.385,1.000,0.000,4,0,0,541.713,29.570,-403.610,1.314
377.500,EMBER,tourer,2,5,38.630,40.413,0.902,0.000,4,0,0,539.780,29.516,-403.160,3.164
377.500,GOLD,moto,2,8,28.579,28.900,0.034,0.000,4,0,0,2.353,40.221,-381.092,1.786
377.500,BLUE,atv,2,7,20.843,24.000,1.000,0.000,4,0,0,352.663,34.472,-390.381,2.483
377.760,YOU reference pilot,original,2,5,37.565,38.721,0.580,0.000,4,0,0,541.586,30.803,-413.376,1.113
377.760,EMBER,tourer,2,5,37.667,38.648,0.488,0.000,4,0,0,539.656,30.758,-412.982,2.914
377.760,GOLD,moto,2,8,26.204,25.737,0.000,0.133,4,0,0,1.152,39.549,-387.970,1.800
377.760,BLUE,atv,2,7,21.834,22.331,0.239,0.000,4,0,0,347.345,36.244,-390.713,2.672
378.020,YOU reference pilot,original,2,5,35.222,35.338,0.000,0.000,4,0,0,541.357,31.913,-422.771,0.960
378.020,EMBER,tourer,2,5,35.405,32.866,0.000,0.733,4,0,0,539.434,31.884,-422.412,2.694
378.020,GOLD,moto,2,8,24.272,24.000,0.000,0.000,4,0,0,0.158,38.729,-394.351,1.835
378.020,BLUE,atv,2,7,19.655,19.913,0.105,0.000,4,0,0,342.284,37.975,-391.256,2.726
378.300,YOU reference pilot,original,2,5,32.861,32.289,0.000,0.171,4,0,0,540.895,32.866,-432.240,0.869
378.300,EMBER,tourer,2,5,32.854,33.118,0.120,0.000,4,0,0,538.982,32.842,-431.848,2.520
378.300,GOLD,moto,2,9,23.853,24.000,0.092,0.000,4,0,0,-0.737,37.748,-400.902,1.867
378.300,BLUE,atv,2,7,18.408,18.041,0.000,0.125,4,0,0,337.250,39.614,-391.841,2.663
378.560,YOU reference pilot,original,2,5,30.970,31.077,0.000,0.000,4,0,0,540.203,33.472,-440.436,0.835
378.560,EMBER,tourer,2,5,31.083,31.077,0.000,0.000,4,0,0,538.298,33.460,-440.042,2.417
378.560,GOLD,moto,2,9,23.901,24.000,0.067,0.000,4,0,0,-1.461,36.784,-406.986,1.892
378.560,BLUE,atv,2,7,17.022,17.553,0.266,0.000,4,0,0,332.906,40.863,-392.218,2.548
378.820,YOU reference pilot,original,2,5,30.646,30.984,0.171,0.000,4,0,0,539.211,33.763,-448.363,0.810
378.820,EMBER,tourer,2,5,30.593,30.984,0.195,0.000,2,0,0,537.315,33.756,-447.955,2.313
378.820,GOLD,moto,2,9,23.773,24.000,0.140,0.000,4,0,0,-2.094,35.799,-413.068,1.902
378.820,BLUE,atv,2,7,16.644,16.913,0.123,0.000,3,0,0,328.671,41.862,-392.337,2.399
379.080,YOU reference pilot,original,2,5,29.767,28.397,0.000,0.390,2,0,0,537.900,33.643,-456.201,0.777
379.080,EMBER,tourer,2,5,29.695,28.397,0.000,0.372,3,0,0,536.011,33.638,-455.774,2.160
379.080,GOLD,moto,2,9,24.859,48.000,1.000,0.000,4,0,0,-2.658,34.814,-419.218,1.898
379.080,BLUE,atv,2,7,18.168,21.567,1.000,0.000,2,0,0,324.182,42.519,-392.118,2.115
379.360,YOU reference pilot,original,2,5,27.255,25.550,0.000,0.483,4,0,0,536.263,33.130,-464.053,0.766
379.360,EMBER,tourer,2,5,27.079,25.550,0.000,0.435,3,0,0,534.382,33.129,-463.586,2.092
379.360,GOLD,moto,2,9,27.992,48.000,1.000,0.000,4,0,0,-3.259,33.704,-426.545,1.880
379.360,BLUE,atv,2,7,20.060,24.000,1.000,0.000,0,0,0,318.749,42.720,-391.397,1.633
379.620,YOU reference pilot,original,2,5,25.442,24.000,0.000,0.406,4,0,0,534.632,32.425,-470.667,0.748
379.620,EMBER,tourer,2,5,25.263,24.000,0.000,0.357,4,0,0,532.758,32.424,-470.161,2.102
379.620,GOLD,moto,2,9,30.639,48.000,1.000,0.000,4,0,0,-3.831,32.687,-434.105,1.854
379.620,BLUE,atv,2,7,19.939,24.000,1.000,0.000,0,0,0,313.576,42.258,-390.598,1.079
379.880,YOU reference pilot,original,2,5,23.873,24.000,0.000,0.000,4,0,0,532.923,31.580,-476.797,0.724
379.880,EMBER,tourer,2,5,23.874,24.000,0.074,0.000,4,0,0,531.058,31.581,-476.255,2.147
379.880,GOLD,moto,2,9,33.012,47.836,1.000,0.000,4,0,0,-4.422,31.826,-442.333,1.817
379.880,BLUE,atv,2,7,21.399,24.000,1.000,0.000,1,0,0,308.378,41.224,-389.367,0.719
380.160,YOU reference pilot,original,2,5,23.720,24.000,0.048,0.000,4,0,0,530.982,30.569,-483.105,0.716
380.160,EMBER,tourer,2,5,23.819,24.000,0.106,0.000,4,0,0,529.115,30.564,-482.562,2.213
380.160,GOLD,moto,2,9,35.208,45.324,1.000,0.000,4,0,0,-5.070,31.343,-451.861,1.742
380.160,BLUE,atv,2,7,23.431,24.000,0.337,0.000,4,0,0,302.699,39.606,-387.152,0.532
380.420,YOU reference pilot,original,2,5,23.791,24.000,0.128,0.000,4,0,0,529.048,29.544,-488.907,0.718
380.420,EMBER,tourer,2,5,23.765,24.000,0.136,0.000,4,0,0,527.179,29.531,-488.364,2.264
380.420,GOLD,moto,2,9,36.958,45.032,1.000,0.000,4,0,0,-5.605,31.409,-461.236,1.829
380.420,BLUE,atv,2,7,23.802,24.000,0.130,0.000,4,0,0,297.377,38.093,-384.404,0.604
380.680,YOU reference pilot,original,2,5,23.900,24.000,0.070,0.000,4,0,0,526.988,28.462,-494.654,0.713
380.680,EMBER,tourer,2,5,23.734,24.000,0.038,0.000,4,0,0,525.117,28.439,-494.109,2.288
380.680,GOLD,moto,2,9,38.468,42.508,1.000,0.000,4,0,0,-5.934,31.893,-471.033,2.049
380.680,BLUE,atv,2,7,25.649,34.363,1.000,0.000,4,0,0,292.018,36.728,-381.272,0.799
380.960,YOU reference pilot,original,2,5,23.829,24.000,0.109,0.000,4,0,0,524.608,27.279,-500.777,0.693
380.960,EMBER,tourer,2,5,23.770,24.000,0.135,0.000,4,0,0,522.734,27.247,-500.224,2.280
380.960,GOLD,moto,2,9,38.147,37.740,0.000,0.126,4,0,0,-5.997,32.751,-481.783,2.207
380.960,BLUE,atv,2,7,19.893,0.000,0.000,1.000,4,0,0,286.581,35.768,-377.898,1.061
381.220,YOU reference pilot,original,2,5,24.602,28.555,1.000,0.000,4,0,0,522.193,26.211,-506.426,0.662
381.220,EMBER,tourer,2,5,24.638,28.468,1.000,0.000,4,0,0,520.311,26.169,-505.872,2.253
381.220,GOLD,moto,2,9,35.914,34.500,0.000,0.418,4,0,0,-5.895,33.726,-491.435,2.222
381.220,BLUE,atv,2,7,17.770,31.749,1.000,0.000,4,0,0,282.756,35.479,-375.463,1.264
381.480,YOU reference pilot,original,2,5,25.780,26.022,0.141,0.000,4,0,0,519.380,25.184,-512.341,0.601
381.480,EMBER,tourer,2,5,25.441,25.644,0.000,0.000,4,0,0,517.497,25.140,-511.762,2.184
381.480,GOLD,moto,2,9,32.947,32.345,0.000,0.184,4,0,0,-5.838,34.689,-500.325,2.161
381.480,BLUE,atv,2,7,20.766,28.900,1.000,0.000,4,0,0,278.537,35.340,-372.718,1.457
381.760,YOU reference pilot,original,2,5,23.981,22.881,0.000,0.308,4,0,0,516.119,24.369,-518.416,0.515
381.760,EMBER,tourer,2,5,24.021,22.758,0.000,0.357,4,0,0,514.202,24.330,-517.847,2.032
381.760,GOLD,moto,2,9,30.848,31.481,0.330,0.000,4,0,0,-6.011,35.581,-509.142,2.066
381.760,BLUE,atv,2,7,15.413,0.000,0.000,1.000,4,0,0,274.166,35.503,-369.820,1.637
382.020,YOU reference pilot,original,2,5,22.023,21.086,0.000,0.263,4,0,0,513.010,23.964,-523.509,0.586
382.020,EMBER,tourer,2,5,21.627,19.572,0.000,0.583,4,0,0,511.092,23.933,-522.884,1.968
382.020,GOLD,moto,2,9,29.455,30.078,0.327,0.000,4,0,0,-6.534,36.224,-516.858,1.982
382.020,BLUE,atv,2,7,17.597,25.737,1.000,0.000,4,0,0,270.690,35.909,-367.464,1.718
382.280,YOU reference pilot,original,2,5,19.397,17.997,0.000,0.396,4,0,0,509.974,23.662,-527.912,0.628
382.280,EMBER,tourer,2,5,18.999,17.720,0.000,0.363,4,0,0,508.089,23.639,-527.181,1.967
382.280,GOLD,moto,2,9,29.198,30.024,0.444,0.000,2,0,0,-7.522,36.616,-524.340,1.842
382.280,BLUE,atv,2,7,20.224,24.000,1.000,0.000,4,0,0,266.649,36.443,-364.669,1.736
382.560,YOU reference pilot,original,2,5,16.444,14.708,0.000,0.494,4,0,0,506.901,23.406,-531.841,0.625
382.560,EMBER,tourer,2,5,15.924,14.517,0.000,0.398,4,0,0,505.079,23.392,-530.970,2.005
382.560,GOLD,moto,2,9,28.509,28.900,0.212,0.000,2,0,0,-9.154,36.511,-532.243,1.492
382.560,BLUE,atv,2,7,22.623,24.000,0.748,0.000,4,0,0,261.763,37.217,-361.211,1.712
382.820,YOU reference pilot,original,2,5,14.456,13.774,0.000,0.192,4,0,0,504.268,23.254,-534.796,0.630
382.820,EMBER,tourer,2,5,14.031,13.244,0.000,0.224,4,0,0,502.489,23.244,-533.827,2.079
382.820,GOLD,moto,2,9,25.863,24.988,0.000,0.253,4,0,0,-11.078,36.027,-538.986,1.385
382.820,BLUE,atv,2,7,23.383,24.000,0.322,0.000,4,0,0,256.953,38.106,-357.723,1.683
383.080,YOU reference pilot,original,2,6,12.957,11.812,0.000,0.324,4,0,0,501.741,23.153,-537.301,0.638
383.080,EMBER,tourer,2,6,12.457,11.573,0.000,0.252,4,0,0,500.025,23.147,-536.220,2.159
383.080,GOLD,moto,2,9,23.703,24.000,0.172,0.000,4,0,0,-13.282,35.346,-544.973,1.431
383.080,BLUE,atv,2,7,23.550,24.000,0.228,0.000,4,0,0,252.108,39.076,-354.137,1.664
383.360,YOU reference pilot,original,2,6,11.429,10.626,0.000,0.227,4,0,0,499.166,23.093,-539.523,0.657
383.360,EMBER,tourer,2,6,10.978,10.412,0.000,0.162,4,0,0,497.525,23.092,-538.321,2.232
383.360,GOLD,moto,2,9,22.973,23.194,0.133,0.000,4,0,0,-16.003,34.393,-550.814,1.500
383.360,BLUE,atv,2,7,23.579,24.000,0.211,0.000,4,0,0,246.903,40.159,-350.230,1.663
383.620,YOU reference pilot,original,2,6,10.252,10.366,0.012,0.000,4,0,0,496.898,23.076,-541.189,0.678
383.620,EMBER,tourer,2,6,10.027,10.156,0.068,0.000,4,0,0,495.330,23.080,-539.876,2.306
383.620,GOLD,moto,2,9,22.404,22.505,0.068,0.000,4,0,0,-18.922,33.434,-555.803,1.529
383.620,BLUE,atv,2,7,23.580,24.000,0.210,0.000,4,0,0,242.077,41.172,-346.587,1.676
383.900,YOU reference pilot,original,2,6,9.887,9.975,0.053,0.000,4,0,0,494.502,23.097,-542.639,0.706
383.900,EMBER,tourer,2,6,9.825,10.281,0.248,0.000,4,0,0,492.968,23.106,-541.222,2.347
383.900,GOLD,moto,2,9,22.547,22.844,0.180,0.000,4,0,0,-22.611,32.365,-560.755,1.454
383.900,BLUE,atv,2,7,23.580,24.000,0.210,0.000,4,0,0,236.871,42.247,-342.671,1.700
384.160,YOU reference pilot,original,2,6,10.754,11.272,0.293,0.000,4,0,0,492.061,23.150,-543.788,0.701
384.160,EMBER,tourer,2,6,10.703,11.997,0.712,0.000,4,0,0,490.528,23.183,-542.242,2.345
384.160,GOLD,moto,2,9,23.591,25.061,0.836,0.000,4,0,0,-26.715,31.435,-565.007,1.282
384.160,BLUE,atv,2,7,24.354,33.156,1.000,0.000,4,0,0,231.972,43.214,-339.032,1.727
384.420,YOU reference pilot,original,2,6,10.917,10.000,0.000,0.258,4,0,0,489.282,23.255,-544.705,0.643
384.420,EMBER,tourer,2,6,11.693,10.000,0.000,0.493,4,0,0,487.632,23.353,-542.972,2.136
384.420,GOLD,moto,2,9,24.344,25.425,0.611,0.000,4,0,0,-31.511,30.713,-568.788,1.057
384.420,BLUE,atv,2,7,26.261,32.603,1.000,0.000,4,0,0,226.687,44.186,-335.191,1.757
384.680,YOU reference pilot,original,2,6,9.833,10.000,0.091,0.000,4,0,0,486.637,23.419,-545.182,0.655
384.680,EMBER,tourer,2,6,9.765,10.000,0.108,0.000,4,0,0,484.935,23.594,-543.169,1.649
384.680,GOLD,moto,2,9,26.849,29.006,1.000,0.000,4,0,0,-37.264,30.285,-572.132,0.845
384.680,BLUE,atv,2,7,27.924,30.519,1.000,0.000,4,0,0,220.950,45.122,-331.159,1.790
384.960,YOU reference pilot,original,2,6,9.859,10.000,0.087,0.000,4,0,0,483.860,23.632,-545.186,0.943
384.960,EMBER,tourer,2,6,9.594,10.000,0.200,0.000,4,0,0,482.273,23.879,-542.854,0.996
384.960,GOLD,moto,2,9,29.403,38.444,1.000,0.000,4,0,0,-44.595,30.071,-575.072,0.603
384.960,BLUE,atv,2,7,28.332,29.069,0.385,0.000,4,0,0,214.385,45.981,-326.782,1.827
385.220,YOU reference pilot,original,2,6,9.910,10.000,0.052,0.000,4,0,0,481.315,23.866,-544.779,1.540
385.220,EMBER,tourer,2,6,9.555,10.000,0.222,0.000,4,0,0,479.902,24.137,-542.162,0.654
385.220,GOLD,moto,2,9,31.534,41.808,1.000,0.000,4,0,0,-52.297,30.017,-577.012,0.499
385.220,BLUE,atv,2,7,28.166,29.183,0.542,0.000,3,0,0,208.213,46.494,-322.955,1.867
385.480,YOU reference pilot,original,2,6,9.871,10.000,0.070,0.000,4,0,0,478.861,24.104,-544.004,2.274
385.480,EMBER,tourer,2,6,9.544,10.000,0.228,0.000,4,0,0,477.665,24.406,-541.125,1.091
385.480,GOLD,moto,2,9,33.499,48.000,1.000,0.000,4,0,0,-60.687,30.065,-578.203,0.519
385.480,BLUE,atv,2,7,28.678,28.900,0.114,0.000,3,0,0,201.747,46.625,-319.253,1.957
385.760,YOU reference pilot,original,2,6,9.818,10.000,0.050,0.000,4,0,0,476.359,24.384,-542.797,3.046
385.760,EMBER,tourer,2,6,9.569,10.000,0.215,0.000,4,0,0,475.435,24.692,-539.677,1.704
385.760,GOLD,moto,2,9,35.455,48.000,1.000,0.000,4,0,0,-70.342,30.183,-578.816,0.660
385.760,BLUE,atv,2,7,26.985,25.737,0.000,0.361,3,0,0,194.740,46.296,-315.574,2.032
386.020,YOU reference pilot,original,2,6,9.841,10.000,0.088,0.000,4,0,0,474.216,24.634,-541.375,3.664
386.020,EMBER,tourer,2,6,11.253,40.112,1.000,0.000,4,0,0,473.419,24.998,-537.949,2.215
386.020,GOLD,moto,2,9,37.131,48.000,1.000,0.000,4,0,0,-79.794,30.317,-578.980,0.906
386.020,BLUE,atv,2,7,24.996,24.000,0.000,0.286,4,0,0,188.667,45.686,-312.644,2.056
386.280,YOU reference pilot,original,2,6,9.830,10.000,0.092,0.000,4,0,0,472.248,24.897,-539.725,4.159
386.280,EMBER,tourer,2,6,13.349,40.141,1.000,0.000,4,0,0,471.223,25.368,-535.622,2.671
386.280,GOLD,moto,2,10,38.678,48.000,1.000,0.000,4,0,0,-89.667,30.443,-578.969,1.199
386.280,BLUE,atv,2,7,23.727,24.000,0.040,0.000,4,0,0,182.946,44.881,-310.083,2.041
386.560,YOU reference pilot,original,2,6,11.384,14.328,1.000,0.000,4,0,0,470.301,25.226,-537.600,4.508
386.560,EMBER,tourer,2,6,15.560,38.289,1.000,0.000,4,0,0,468.686,25.834,-532.471,3.127
386.560,GOLD,moto,2,10,40.212,48.000,1.000,0.000,4,0,0,-100.730,30.534,-578.968,1.496
386.560,BLUE,atv,2,7,23.804,24.000,0.119,0.000,4,0,0,176.859,43.856,-307.540,2.006
386.820,YOU reference pilot,original,2,6,13.661,16.840,1.000,0.000,4,0,0,468.617,25.604,-534.805,4.388
386.820,EMBER,tourer,2,6,17.366,40.213,1.000,0.000,4,0,0,466.493,26.340,-528.800,3.175
386.820,GOLD,moto,2,10,41.532,48.000,1.000,0.000,4,0,0,-111.373,30.546,-579.102,1.746
386.820,BLUE,atv,2,7,23.868,24.000,0.086,0.000,4,0,0,171.171,42.799,-305.305,1.971
387.080,YOU reference pilot,original,2,6,15.827,19.098,1.000,0.000,4,0,0,467.266,26.043,-531.218,3.699
387.080,EMBER,tourer,2,6,19.145,39.736,1.000,0.000,4,0,0,464.747,26.898,-524.399,2.597
387.080,GOLD,moto,2,10,34.316,27.952,0.000,1.000,4,0,0,-121.157,30.494,-579.364,1.899
387.080,BLUE,atv,2,7,23.732,24.000,0.043,0.000,4,0,0,165.454,41.690,-303.181,1.937
387.360,YOU reference pilot,original,2,6,18.063,21.375,1.000,0.000,4,0,0,466.132,26.585,-526.617,2.447
387.360,EMBER,tourer,2,6,21.027,40.298,1.000,0.000,4,0,0,463.192,27.552,-519.011,1.498
387.360,GOLD,moto,2,10,32.951,48.000,1.000,0.000,4,0,0,-130.233,30.588,-579.700,1.934
387.360,BLUE,atv,2,7,23.901,24.000,0.068,0.000,4,0,0,159.261,40.502,-301.002,1.906
387.620,YOU reference pilot,original,2,6,19.984,23.327,1.000,0.000,4,0,0,465.126,27.151,-521.784,1.144
387.620,EMBER,tourer,2,6,22.649,40.344,1.000,0.000,4,0,0,461.717,28.208,-513.546,0.659
387.620,GOLD,moto,2,10,34.821,48.000,1.000,0.000,4,0,0,-139.055,30.797,-580.057,1.913
387.620,BLUE,atv,2,7,25.607,39.069,1.000,0.000,4,0,0,153.315,39.438,-299.019,1.883
387.880,YOU reference pilot,original,2,6,21.719,25.039,1.000,0.000,4,0,0,463.873,27.777,-516.524,0.772
387.880,EMBER,tourer,2,6,24.117,33.764,1.000,0.000,4,0,0,459.896,28.905,-507.766,1.236
387.880,GOLD,moto,2,10,36.531,48.000,1.000,0.000,4,0,0,-148.341,31.016,-580.406,1.855
387.880,BLUE,atv,2,8,28.173,36.791,1.000,0.000,4,0,0,146.699,38.411,-296.920,1.863
388.160,YOU reference pilot,original,2,6,23.402,26.689,1.000,0.000,4,0,0,461.981,28.508,-510.517,1.696
388.160,EMBER,tourer,2,6,25.556,40.448,1.000,0.000,4,0,0,457.296,29.694,-501.342,2.065
388.160,GOLD,moto,2,10,38.218,47.091,1.000,0.000,4,0,0,-158.820,31.234,-580.716,1.786
388.160,BLUE,atv,2,8,26.453,0.000,0.000,1.000,4,0,0,139.121,37.561,-294.635,1.849
388.420,YOU reference pilot,original,2,6,24.821,28.081,1.000,0.000,4,0,0,459.581,29.228,-504.749,2.333
388.420,EMBER,tourer,2,6,26.805,40.502,1.000,0.000,4,0,0,454.198,30.445,-495.308,2.581
388.420,GOLD,moto,2,10,39.665,45.219,1.000,0.000,4,0,0,-168.960,31.386,-580.900,1.736
388.420,BLUE,atv,2,8,19.531,0.000,0.000,1.000,4,0,0,133.460,37.348,-293.001,1.863
388.680,YOU reference pilot,original,2,6,26.001,29.365,1.000,0.000,4,0,0,456.422,29.973,-498.968,2.515
388.680,EMBER,tourer,2,6,28.003,40.558,1.000,0.000,4,0,0,450.496,31.218,-489.254,2.867
388.680,GOLD,moto,2,10,40.915,41.221,0.154,0.000,4,0,0,-179.464,31.443,-580.949,1.704
388.680,BLUE,atv,2,8,20.875,28.900,1.000,0.000,4,0,0,128.550,37.444,-291.639,1.861
388.960,YOU reference pilot,original,2,6,27.289,42.044,1.000,0.000,4,0,0,451.995,30.783,-492.995,2.056
388.960,EMBER,tourer,2,6,29.209,40.619,1.000,0.000,4,0,0,445.992,32.188,-482.687,2.761
388.960,GOLD,moto,2,10,39.911,39.069,0.000,0.247,4,0,0,-190.858,31.348,-580.828,1.689
388.960,BLUE,atv,2,8,23.586,28.900,1.000,0.000,4,0,0,122.520,37.768,-290.030,1.830
389.220,YOU reference pilot,original,2,6,28.458,40.337,1.000,0.000,4,0,0,447.176,31.588,-487.628,1.124
389.220,EMBER,tourer,2,6,30.240,38.682,1.000,0.000,4,0,0,441.496,33.202,-476.470,2.460
389.220,GOLD,moto,2,10,37.467,36.791,0.000,0.198,4,0,0,-200.895,31.087,-580.560,1.686
389.220,BLUE,atv,2,8,24.986,25.737,0.401,0.000,4,0,0,116.384,38.353,-288.461,1.803
389.480,YOU reference pilot,original,2,6,29.543,40.156,1.000,0.000,4,0,0,442.001,32.530,-482.211,0.725
389.480,EMBER,tourer,2,6,31.190,35.462,1.000,0.000,4,0,0,436.827,34.247,-470.063,2.123
389.480,GOLD,moto,2,10,34.913,34.363,0.000,0.161,4,0,0,-210.226,30.671,-580.166,1.689
389.480,BLUE,atv,2,8,23.703,24.000,0.147,0.000,4,0,0,110.232,39.146,-286.972,1.790
389.760,YOU reference pilot,original,2,6,30.575,36.330,1.000,0.000,4,0,0,436.367,33.626,-476.037,1.784
389.760,EMBER,tourer,2,6,32.073,34.483,1.000,0.000,4,0,0,431.698,35.373,-462.909,1.842
389.760,GOLD,moto,2,10,31.819,28.900,0.000,0.844,4,0,0,-219.473,30.072,-579.627,1.698
389.760,BLUE,atv,2,8,23.662,24.000,0.167,0.000,4,0,0,103.836,40.112,-285.540,1.787
390.020,YOU reference pilot,original,2,6,31.360,34.150,1.000,0.000,4,0,0,431.316,34.667,-469.832,2.530
390.020,EMBER,tourer,2,6,31.031,29.541,0.000,0.434,4,0,0,427.023,36.356,-456.248,1.705
390.020,GOLD,moto,2,10,28.934,25.737,0.000,0.923,4,0,0,-227.254,29.408,-579.047,1.712
390.020,BLUE,atv,2,8,23.625,24.000,0.186,0.000,4,0,0,97.886,41.066,-284.342,1.789
390.280,YOU reference pilot,original,2,6,31.443,31.822,0.026,0.000,4,0,0,426.880,35.699,-462.985,2.422
390.280,EMBER,tourer,2,6,29.201,29.696,0.246,0.000,4,0,0,422.600,37.204,-449.873,1.670
390.280,GOLD,moto,2,10,26.274,25.737,0.000,0.152,4,0,0,-234.240,28.658,-578.420,1.714
390.280,BLUE,atv,2,8,23.685,24.843,0.620,0.000,4,0,0,91.913,42.035,-283.303,1.796
390.560,YOU reference pilot,original,2,6,29.830,28.818,0.000,0.297,4,0,0,422.884,36.704,-455.376,1.529
390.560,EMBER,tourer,2,6,26.644,26.987,0.168,0.000,4,0,0,418.167,37.922,-443.511,1.701
390.560,GOLD,moto,2,10,24.069,24.000,0.000,0.000,4,0,0,-241.128,27.746,-577.701,1.702
390.560,BLUE,atv,2,8,22.482,22.070,0.000,0.130,4,0,0,85.538,43.022,-282.430,1.807
390.820,YOU reference pilot,original,2,6,28.008,26.560,0.000,0.422,4,0,0,419.242,37.475,-448.887,0.968
390.820,EMBER,tourer,2,6,24.736,23.798,0.000,0.273,4,0,0,414.329,38.393,-438.123,1.758
390.820,GOLD,moto,2,10,23.857,24.000,0.090,0.000,4,0,0,-247.222,26.838,-576.986,1.693
390.820,BLUE,atv,2,8,20.589,19.600,0.000,0.296,4,0,0,80.072,43.759,-281.938,1.802
391.080,YOU reference pilot,original,2,6,25.711,26.284,0.292,0.000,4,0,0,415.342,38.074,-443.198,0.903
391.080,EMBER,tourer,2,6,24.045,22.527,0.000,0.436,4,0,0,410.586,38.676,-433.026,1.838
391.080,GOLD,moto,2,10,23.906,24.000,0.065,0.000,4,0,0,-253.299,25.866,-576.207,1.692
391.080,BLUE,atv,2,8,19.165,19.352,0.089,0.000,4,0,0,74.916,44.297,-281.750,1.788
391.360,YOU reference pilot,original,2,6,23.959,22.105,0.000,0.533,4,0,0,410.987,38.520,-437.769,1.123
391.360,EMBER,tourer,2,6,24.493,25.550,0.565,0.000,2,0,0,406.486,38.696,-427.621,1.981
391.360,GOLD,moto,2,10,23.828,24.000,0.109,0.000,4,0,0,-259.818,24.755,-575.310,1.695
391.360,BLUE,atv,2,8,19.883,21.072,0.657,0.000,2,0,0,69.465,44.616,-281.887,1.807
391.620,YOU reference pilot,original,2,6,23.577,23.406,0.000,0.000,4,0,0,406.918,38.728,-433.107,1.452
391.620,EMBER,tourer,2,6,23.738,24.000,0.146,0.000,2,0,0,402.631,38.212,-422.671,2.005
391.620,GOLD,moto,2,10,23.728,24.000,0.046,0.000,4,0,0,-265.856,23.673,-574.431,1.700
391.620,BLUE,atv,2,8,21.956,23.581,0.906,0.000,2,0,0,64.027,44.498,-282.395,1.905
391.880,YOU reference pilot,original,2,6,23.994,24.000,0.000,0.000,2,0,0,402.798,38.627,-428.505,1.785
391.880,EMBER,tourer,2,6,23.899,24.000,0.065,0.000,4,0,0,398.790,37.335,-417.859,1.968
391.880,GOLD,moto,2,10,23.881,24.000,0.081,0.000,4,0,0,-271.883,22.555,-573.517,1.708
391.880,BLUE,atv,2,8,22.182,22.278,0.060,0.000,2,0,0,58.336,43.877,-283.372,1.987
392.160,YOU reference pilot,original,2,6,23.811,24.000,0.108,0.000,3,0,0,398.408,37.977,-423.492,2.110
392.160,EMBER,tourer,2,6,23.147,21.987,0.000,0.321,4,0,0,394.630,36.040,-412.826,1.906
392.160,GOLD,moto,2,10,23.848,24.000,0.100,0.000,4,0,0,-278.365,21.324,-572.501,1.718
392.160,BLUE,atv,2,8,21.769,21.979,0.133,0.000,4,0,0,52.539,42.694,-284.960,2.041
392.420,YOU reference pilot,original,2,6,23.734,24.000,0.040,0.000,4,0,0,394.709,36.984,-418.593,1.984
392.420,EMBER,tourer,2,6,21.831,20.620,0.000,0.334,4,0,0,390.890,34.676,-408.536,1.859
392.420,GOLD,moto,2,10,23.753,24.000,0.033,0.000,4,0,0,-284.380,20.165,-571.537,1.726
392.420,BLUE,atv,2,8,22.360,22.661,0.187,0.000,4,0,0,47.368,41.281,-287.017,2.107
392.680,YOU reference pilot,original,2,6,23.028,22.510,0.000,0.139,4,0,0,391.234,35.693,-413.726,1.615
392.680,EMBER,tourer,2,6,19.880,17.739,0.000,0.598,4,0,0,387.269,33.326,-404.706,1.828
392.680,GOLD,moto,2,10,23.900,24.000,0.071,0.000,4,0,0,-290.393,19.002,-570.559,1.734
392.680,BLUE,atv,2,8,23.469,24.000,0.315,0.000,4,0,0,42.325,39.622,-289.748,2.200
392.960,YOU reference pilot,original,2,6,21.532,19.988,0.000,0.429,4,0,0,387.352,34.169,-409.071,1.446
392.960,EMBER,tourer,2,6,18.195,17.197,0.000,0.273,4,0,0,383.510,32.100,-401.168,1.823
392.960,GOLD,moto,2,10,23.894,24.000,0.075,0.000,4,0,0,-296.862,17.756,-569.500,1.742
392.960,BLUE,atv,2,8,23.854,24.000,0.103,0.000,4,0,0,37.139,37.779,-293.498,2.335
393.220,YOU reference pilot,original,2,6,19.573,18.529,0.000,0.286,4,0,0,383.686,32.820,-405.447,1.476
393.220,EMBER,tourer,2,6,16.450,14.869,0.000,0.441,4,0,0,380.097,31.250,-398.389,1.846
393.220,GOLD,moto,2,10,23.808,24.000,0.123,0.000,4,0,0,-302.874,16.614,-568.514,1.748
393.220,BLUE,atv,2,8,21.602,0.000,0.000,1.000,4,0,0,32.802,36.412,-297.578,2.463
393.480,YOU reference pilot,original,2,6,17.857,18.066,0.044,0.000,4,0,0,380.044,31.708,-402.447,1.605
393.480,EMBER,tourer,2,6,15.942,16.971,0.577,0.000,4,0,0,376.728,30.721,-396.076,1.866
393.480,GOLD,moto,2,11,23.933,24.000,0.052,0.000,4,0,0,-308.895,15.494,-567.532,1.754
393.480,BLUE,atv,2,8,14.918,0.000,0.000,1.000,4,0,0,29.787,35.779,-301.084,2.510
393.760,YOU reference pilot,original,2,6,16.123,16.457,0.200,0.000,4,0,0,376.214,30.883,-399.839,1.753
393.760,EMBER,tourer,2,6,17.351,19.261,1.000,0.000,4,0,0,372.681,30.490,-393.842,1.871
393.760,GOLD,moto,2,11,23.888,24.000,0.077,0.000,4,0,0,-315.381,14.326,-566.486,1.759
393.760,BLUE,atv,2,8,18.516,35.033,1.000,0.000,4,0,0,27.070,35.422,-304.922,2.420
394.020,YOU reference pilot,original,2,6,17.107,18.377,0.708,0.000,4,0,0,372.483,30.492,-397.796,1.889
394.020,EMBER,tourer,2,6,19.224,22.661,1.000,0.000,4,0,0,368.326,30.767,-392.019,1.971
394.020,GOLD,moto,2,11,23.788,24.000,0.132,0.000,4,0,0,-321.412,13.285,-565.530,1.763
394.020,BLUE,atv,2,8,16.915,0.000,0.000,1.000,4,0,0,24.514,35.293,-309.099,2.307
394.280,YOU reference pilot,original,2,6,19.097,23.128,1.000,0.000,4,0,0,368.263,30.583,-395.852,1.821
394.280,EMBER,tourer,2,6,20.893,24.000,1.000,0.000,4,0,0,363.377,31.595,-390.608,2.349
394.280,GOLD,moto,2,11,24.109,48.000,1.000,0.000,4,0,0,-327.460,12.296,-564.595,1.767
394.280,BLUE,atv,2,8,15.396,41.681,1.000,0.000,4,0,0,22.700,35.488,-312.486,2.260
394.560,YOU reference pilot,original,2,6,21.063,24.000,1.000,0.000,4,0,0,363.104,31.511,-393.818,1.006
394.560,EMBER,tourer,2,6,22.295,24.000,0.893,0.000,4,0,0,357.566,33.076,-389.792,2.857
394.560,GOLD,moto,2,11,27.316,48.000,1.000,0.000,4,0,0,-334.536,11.215,-563.536,1.771
394.560,BLUE,atv,2,8,18.523,42.857,1.000,0.000,4,0,0,20.658,35.811,-316.797,2.192
394.820,YOU reference pilot,original,2,6,22.263,24.000,0.908,0.000,4,0,0,357.789,33.000,-392.647,0.484
394.820,EMBER,tourer,2,7,22.768,23.577,0.402,0.000,4,0,0,351.960,34.831,-389.740,3.189
394.820,GOLD,moto,2,11,30.023,48.000,1.000,0.000,4,0,0,-341.874,10.195,-562.486,1.775
394.820,BLUE,atv,2,8,21.108,41.235,1.000,0.000,4,0,0,18.631,36.235,-321.542,2.133
395.080,YOU reference pilot,original,2,7,22.464,23.577,0.567,0.000,4,0,0,352.229,34.816,-392.482,0.683
395.080,EMBER,tourer,2,7,21.528,20.836,0.000,0.216,4,0,0,346.506,36.668,-390.215,3.281
395.080,GOLD,moto,2,11,32.483,48.000,1.000,0.000,4,0,0,-349.895,9.225,-561.407,1.784
395.080,BLUE,atv,2,8,23.430,39.783,1.000,0.000,4,0,0,16.546,36.835,-326.936,2.096
395.360,YOU reference pilot,original,2,7,21.453,20.897,0.000,0.178,4,0,0,346.411,36.822,-392.944,0.821
395.360,EMBER,tourer,2,7,19.082,18.104,0.000,0.297,4,0,0,341.224,38.470,-390.978,3.144
395.360,GOLD,moto,2,11,34.866,48.000,1.000,0.000,4,0,0,-359.232,8.319,-560.243,1.814
395.360,BLUE,atv,2,8,25.681,37.548,1.000,0.000,4,0,0,14.284,37.618,-333.408,2.070
395.620,YOU reference pilot,original,2,7,18.928,18.104,0.000,0.254,4,0,0,341.483,38.486,-393.278,1.019
395.620,EMBER,tourer,2,7,17.769,18.041,0.113,0.000,4,0,0,336.684,39.926,-391.684,2.892
395.620,GOLD,moto,2,11,36.844,48.000,1.000,0.000,4,0,0,-368.490,7.677,-559.172,1.843
395.620,BLUE,atv,2,8,27.576,36.309,1.000,0.000,4,0,0,12.201,38.417,-339.985,2.050
395.880,YOU reference pilot,original,2,7,16.247,15.639,0.000,0.191,4,0,0,337.133,39.839,-393.397,1.273
395.880,EMBER,tourer,2,7,16.788,15.902,0.000,0.269,4,0,0,332.391,41.134,-392.210,2.605
395.880,GOLD,moto,2,11,38.611,48.000,1.000,0.000,4,0,0,-378.247,7.203,-558.108,1.843
395.880,BLUE,atv,2,8,29.323,33.846,1.000,0.000,4,0,0,10.150,39.221,-347.070,2.032
396.160,YOU reference pilot,original,2,7,14.973,15.697,0.370,0.000,4,0,0,332.997,40.973,-393.352,1.517
396.160,EMBER,tourer,2,7,16.897,19.260,1.000,0.000,2,0,0,327.800,42.138,-392.454,2.265
396.160,GOLD,moto,2,11,40.306,48.000,1.000,0.000,4,0,0,-389.248,6.845,-556.963,1.822
396.160,BLUE,atv,2,8,30.672,31.842,0.618,0.000,4,0,0,7.993,40.000,-355.200,2.015
396.420,YOU reference pilot,original,2,7,15.783,17.407,0.873,0.000,4,0,0,329.103,41.880,-393.365,1.501
396.420,EMBER,tourer,2,7,18.280,20.048,0.953,0.000,2,0,0,323.239,42.696,-392.269,1.841
396.420,GOLD,moto,2,11,41.709,48.000,1.000,0.000,4,0,0,-399.868,6.656,-555.897,1.800
396.420,BLUE,atv,2,8,29.619,30.455,0.441,0.000,4,0,0,6.128,40.508,-362.811,2.000
396.680,YOU reference pilot,original,2,7,17.240,18.702,0.787,0.000,3,0,0,324.830,42.548,-393.193,1.301
396.680,EMBER,tourer,2,7,20.248,24.000,1.000,0.000,2,0,0,318.222,42.788,-391.581,1.405
396.680,GOLD,moto,2,11,42.967,48.000,1.000,0.000,4,0,0,-410.837,6.593,-554.829,1.785
396.680,BLUE,atv,2,8,30.195,31.749,0.835,0.000,4,0,0,4.408,40.672,-370.408,1.955
396.960,YOU reference pilot,original,2,7,19.438,21.965,1.000,0.000,2,0,0,319.696,42.802,-392.436,1.035
396.960,EMBER,tourer,2,7,21.881,24.000,1.000,0.000,0,0,0,312.390,42.212,-390.223,1.175
396.960,GOLD,moto,2,11,37.773,34.235,0.000,1.000,4,0,0,-422.293,6.643,-553.748,1.780
396.960,BLUE,atv,2,8,29.356,28.900,0.000,0.132,4,0,0,2.711,40.395,-378.660,1.888
397.220,YOU reference pilot,original,2,7,21.642,24.000,1.000,0.000,2,0,0,314.466,42.462,-391.153,0.958
397.220,EMBER,tourer,2,7,22.611,24.000,0.768,0.000,2,0,0,306.913,41.020,-388.723,0.886
397.220,GOLD,moto,2,11,37.055,48.000,1.000,0.000,4,0,0,-431.754,6.757,-552.889,1.782
397.220,BLUE,atv,2,8,26.664,25.737,0.000,0.266,4,0,0,1.413,39.781,-385.775,1.889
397.480,YOU reference pilot,original,2,7,23.006,24.000,0.512,0.000,1,0,0,308.832,41.484,-389.669,0.823
397.480,EMBER,tourer,2,7,23.781,24.000,0.137,0.000,4,0,0,301.492,39.412,-386.452,0.723
397.480,GOLD,moto,2,11,38.612,48.000,1.000,0.000,4,0,0,-441.569,6.903,-552.033,1.785
397.480,BLUE,atv,2,8,24.786,24.000,0.000,0.224,4,0,0,0.364,39.003,-392.343,1.911
397.760,YOU reference pilot,original,2,7,23.734,24.000,0.047,0.000,4,0,0,302.621,39.865,-388.071,0.983
397.760,EMBER,tourer,2,7,23.788,24.000,0.134,0.000,4,0,0,295.747,37.818,-383.457,0.788
397.760,GOLD,moto,2,11,40.141,48.000,1.000,0.000,4,0,0,-452.573,7.093,-551.120,1.791
397.760,BLUE,atv,2,8,23.879,24.000,0.076,0.000,4,0,0,-0.552,38.044,-398.967,1.920
398.020,YOU reference pilot,original,2,7,23.906,24.000,0.070,0.000,4,0,0,296.848,38.358,-386.379,1.724
398.020,EMBER,tourer,2,7,25.907,33.371,1.000,0.000,4,0,0,290.295,36.535,-380.246,0.936
398.020,GOLD,moto,2,11,41.439,48.000,1.000,0.000,4,0,0,-463.160,7.283,-550.296,1.800
398.020,BLUE,atv,2,9,23.910,24.000,0.061,0.000,4,0,0,-1.280,37.092,-405.050,1.922
398.280,YOU reference pilot,original,2,7,25.045,33.371,1.000,0.000,4,0,0,291.120,37.002,-384.151,2.317
398.280,EMBER,tourer,2,7,27.899,30.984,1.000,0.000,4,0,0,284.420,35.652,-376.567,1.170
398.280,GOLD,moto,2,11,42.636,48.000,1.000,0.000,4,0,0,-474.075,7.453,-549.513,1.812
398.280,BLUE,atv,2,9,23.736,24.000,0.039,0.000,4,0,0,-1.918,36.111,-411.134,1.917
398.560,YOU reference pilot,original,2,7,27.109,30.984,1.000,0.000,4,0,0,284.875,35.866,-380.526,2.163
398.560,EMBER,tourer,2,7,28.145,28.397,0.131,0.000,4,0,0,277.753,35.421,-372.282,1.448
398.560,GOLD,moto,2,11,43.830,48.000,1.000,0.000,4,0,0,-486.171,7.568,-548.744,1.822
398.560,BLUE,atv,2,9,24.026,46.476,1.000,0.000,4,0,0,-2.526,35.054,-417.697,1.901
398.820,YOU reference pilot,original,2,7,28.898,30.984,1.000,0.000,4,0,0,279.057,35.361,-376.183,1.354
398.820,EMBER,tourer,2,7,26.888,25.550,0.000,0.385,4,0,0,271.734,35.806,-368.312,1.601
398.820,GOLD,moto,2,11,44.865,48.000,1.000,0.000,4,0,0,-497.701,7.551,-548.169,1.801
398.820,BLUE,atv,2,9,26.710,46.476,1.000,0.000,4,0,0,-3.067,34.046,-424.223,1.879
399.080,YOU reference pilot,original,2,7,28.190,28.397,0.105,0.000,4,0,0,273.161,35.522,-371.842,0.754
399.080,EMBER,tourer,2,7,24.772,24.000,0.000,0.227,4,0,0,266.244,36.573,-364.557,1.625
399.080,GOLD,moto,2,11,45.238,43.802,0.000,0.420,4,0,0,-509.482,7.396,-547.840,1.855
399.080,BLUE,atv,2,9,29.158,46.476,1.000,0.000,4,0,0,-3.619,33.032,-431.420,1.853
399.360,YOU reference pilot,original,2,7,25.747,25.550,0.000,0.000,4,0,0,266.935,36.256,-367.757,0.842
399.360,EMBER,tourer,2,7,23.638,24.000,0.177,0.000,4,0,0,260.849,37.522,-360.718,1.630
399.360,GOLD,moto,2,11,42.383,41.333,0.000,0.308,4,0,0,-521.733,7.250,-547.841,1.966
399.360,BLUE,atv,2,9,31.530,46.476,1.000,0.000,4,0,0,-4.235,32.052,-439.861,1.818
399.620,YOU reference pilot,original,2,7,23.699,24.000,0.146,0.000,4,0,0,261.565,37.118,-364.460,1.238
399.620,EMBER,tourer,2,7,23.552,24.000,0.221,0.000,4,0,0,255.969,38.447,-357.129,1.632
399.620,GOLD,moto,2,11,39.903,39.375,0.000,0.157,4,0,0,-532.391,7.151,-548.122,2.023
399.620,BLUE,atv,2,9,28.736,0.000,0.000,1.000,4,0,0,-4.784,31.428,-447.905,1.748
399.880,YOU reference pilot,original,2,7,23.596,24.000,0.199,0.000,4,0,0,256.384,38.011,-361.287,1.697
399.880,EMBER,tourer,2,7,23.499,24.000,0.249,0.000,4,0,0,251.146,39.421,-353.503,1.650
399.880,GOLD,moto,2,12,36.778,34.962,0.000,0.528,4,0,0,-542.305,7.050,-548.557,2.024
399.880,BLUE,atv,2,9,21.764,0.000,0.000,1.000,4,0,0,-5.159,31.294,-454.379,1.664
400.160,YOU reference pilot,original,2,7,23.523,24.000,0.236,0.000,4,0,0,250.893,39.033,-357.787,2.146
400.160,EMBER,tourer,2,7,23.466,24.000,0.266,0.000,4,0,0,245.987,40.501,-349.577,1.687
400.160,GOLD,moto,2,12,33.460,31.936,0.000,0.444,4,0,0,-552.110,6.946,-549.066,1.990
400.160,BLUE,atv,2,9,23.110,43.014,1.000,0.000,4,0,0,-5.424,31.442,-460.487,1.685
400.420,YOU reference pilot,original,2,7,23.422,24.000,0.288,0.000,4,0,0,245.986,40.025,-354.299,2.302
400.420,EMBER,tourer,2,7,23.451,24.000,0.274,0.000,4,0,0,241.204,41.506,-345.929,1.729
400.420,GOLD,moto,2,12,30.497,29.105,0.000,0.405,4,0,0,-560.427,6.858,-549.483,1.949
400.420,BLUE,atv,2,9,25.450,41.954,1.000,0.000,4,0,0,-5.604,31.697,-466.815,1.750
400.680,YOU reference pilot,original,2,7,23.408,24.000,0.298,0.000,4,0,0,241.479,41.027,-350.334,1.871
400.680,EMBER,tourer,2,7,23.447,24.000,0.277,0.000,4,0,0,236.407,42.493,-342.296,1.772
400.680,GOLD,moto,2,12,27.424,25.967,0.000,0.424,4,0,0,-567.971,6.778,-549.782,1.910
400.680,BLUE,atv,2,9,27.534,39.318,1.000,0.000,4,0,0,-5.693,32.131,-473.709,1.834
400.960,YOU reference pilot,original,2,7,23.415,24.000,0.294,0.000,4,0,0,236.789,42.095,-345.875,1.195
400.960,EMBER,tourer,2,7,24.297,34.241,1.000,0.000,4,0,0,231.143,43.524,-338.375,1.816
400.960,GOLD,moto,2,12,24.173,22.394,0.000,0.516,4,0,0,-575.231,6.701,-549.921,1.881
400.960,BLUE,atv,2,9,29.529,37.055,1.000,0.000,4,0,0,-5.686,32.800,-481.690,1.912
401.220,YOU reference pilot,original,2,7,23.511,33.779,1.000,0.000,4,0,0,232.140,43.063,-342.061,0.966
401.220,EMBER,tourer,2,7,25.614,32.159,1.000,0.000,4,0,0,225.934,44.465,-334.591,1.856
401.220,GOLD,moto,2,12,21.586,18.930,0.000,0.770,4,0,0,-581.185,6.640,-549.849,1.870
401.220,BLUE,atv,2,9,31.184,34.645,1.000,0.000,4,0,0,-5.623,33.569,-489.562,1.948
401.480,YOU reference pilot,original,2,7,24.903,32.794,1.000,0.000,4,0,0,227.109,44.015,-338.368,0.951
401.480,EMBER,tourer,2,7,26.847,29.675,1.000,0.000,4,0,0,220.381,45.347,-330.696,1.898
401.480,GOLD,moto,2,12,18.650,18.181,0.000,0.137,4,0,0,-586.285,6.588,-549.586,1.873
401.480,BLUE,atv,2,9,31.844,32.054,0.096,0.000,4,0,0,-5.593,34.425,-497.774,1.946
401.760,YOU reference pilot,original,2,7,26.283,31.561,1.000,0.000,4,0,0,221.313,45.004,-334.233,0.938
401.760,EMBER,tourer,2,7,27.645,28.351,0.360,0.000,4,0,0,214.030,46.151,-326.466,1.945
401.760,GOLD,moto,2,12,14.435,12.486,0.000,0.564,4,0,0,-590.958,6.542,-549.151,1.835
401.760,BLUE,atv,2,9,30.270,31.346,0.566,0.000,4,0,0,-5.739,35.314,-506.424,1.922
402.020,YOU reference pilot,original,2,7,27.388,29.755,1.000,0.000,4,0,0,215.420,45.825,-330.531,1.119
402.020,EMBER,tourer,2,7,28.022,29.183,0.607,0.000,2,0,0,207.896,46.649,-322.656,2.005
402.020,GOLD,moto,2,12,12.478,12.560,0.000,0.000,4,0,0,-594.370,6.511,-548.735,1.696
402.020,BLUE,atv,2,9,28.836,30.707,1.000,0.000,4,0,0,-6.172,36.005,-514.050,1.899
402.280,YOU reference pilot,original,2,7,27.660,30.984,1.000,0.000,4,0,0,209.174,46.461,-327.045,1.468
402.280,EMBER,tourer,2,7,28.238,28.397,0.078,0.000,2,0,0,201.501,46.754,-318.990,2.113
402.280,GOLD,moto,2,12,10.870,8.885,0.000,0.574,4,0,0,-597.515,6.485,-548.318,1.471
402.280,BLUE,atv,2,9,28.923,29.306,0.194,0.000,4,0,0,-7.021,36.503,-521.506,1.851
402.560,YOU reference pilot,original,2,7,28.211,28.397,0.090,0.000,4,0,0,202.170,46.770,-323.462,1.824
402.560,EMBER,tourer,2,7,26.641,25.550,0.000,0.310,4,0,0,194.614,46.417,-315.379,2.189
402.560,GOLD,moto,2,12,8.690,8.394,0.000,0.000,4,0,0,-600.141,6.464,-547.974,1.351
402.560,BLUE,atv,2,9,28.407,27.088,0.000,0.385,2,0,0,-8.485,36.622,-529.472,1.583
402.820,YOU reference pilot,original,2,7,27.883,25.550,0.000,0.665,3,0,0,195.644,46.606,-320.087,1.863
402.820,EMBER,tourer,2,7,24.965,24.000,0.000,0.272,4,0,0,188.576,45.805,-312.477,2.207
402.820,GOLD,moto,2,12,8.334,8.448,0.066,0.000,4,0,0,-602.289,6.447,-547.699,1.343
402.820,BLUE,atv,2,9,26.487,25.737,0.000,0.217,4,0,0,-10.280,36.238,-536.402,1.400
403.080,YOU reference pilot,original,2,7,26.001,25.550,0.000,0.127,4,0,0,189.691,46.095,-316.567,1.386
403.080,EMBER,tourer,2,7,23.759,24.000,0.138,0.000,4,0,0,182.845,44.998,-309.930,2.179
403.080,GOLD,moto,2,12,10.376,13.855,1.000,0.000,4,0,0,-604.638,6.427,-547.372,1.476
403.080,BLUE,atv,2,9,24.028,22.481,0.000,0.446,4,0,0,-12.345,35.659,-542.545,1.424
403.360,YOU reference pilot,original,2,7,24.083,24.000,0.000,0.000,4,0,0,183.833,45.294,-312.854,0.783
403.360,EMBER,tourer,2,7,23.762,24.000,0.139,0.000,4,0,0,176.747,43.970,-307.407,2.125
403.360,GOLD,moto,2,12,11.359,10.000,0.000,0.395,4,0,0,-607.873,6.399,-546.641,2.085
403.360,BLUE,atv,2,9,22.751,22.873,0.076,0.000,4,0,0,-14.890,34.799,-548.535,1.498
403.620,YOU reference pilot,original,2,7,23.796,24.000,0.120,0.000,4,0,0,178.600,44.387,-309.648,0.962
403.620,EMBER,tourer,2,7,23.772,24.000,0.135,0.000,4,0,0,171.050,42.916,-305.193,2.072
403.620,GOLD,moto,2,12,9.835,10.000,0.091,0.000,4,0,0,-610.327,6.378,-545.505,2.622
403.620,BLUE,atv,2,9,21.758,21.921,0.101,0.000,4,0,0,-17.553,33.878,-553.555,1.542
403.880,YOU reference pilot,original,2,7,23.768,24.000,0.136,0.000,4,0,0,173.249,43.370,-306.679,1.538
403.880,EMBER,tourer,2,7,23.818,24.000,0.111,0.000,4,0,0,165.326,41.812,-303.085,2.024
403.880,GOLD,moto,2,12,10.145,48.000,1.000,0.000,4,0,0,-612.288,6.377,-543.846,1.224
403.880,BLUE,atv,2,9,21.708,21.789,0.055,0.000,4,0,0,-20.609,32.919,-558.180,1.528
404.160,YOU reference pilot,original,2,7,23.820,24.000,0.110,0.000,4,0,0,167.329,42.200,-303.824,2.028
404.160,EMBER,tourer,2,7,23.897,24.000,0.069,0.000,4,0,0,159.123,40.628,-300.918,1.983
404.160,GOLD,moto,2,12,13.907,48.000,1.000,0.000,4,0,0,-614.184,6.403,-541.010,0.606
404.160,BLUE,atv,2,9,22.185,22.588,0.235,0.000,4,0,0,-24.490,31.909,-562.796,1.418
404.420,YOU reference pilot,original,2,7,23.852,24.000,0.093,0.000,4,0,0,161.695,41.093,-301.491,2.278
404.420,EMBER,tourer,2,7,25.316,37.694,1.000,0.000,4,0,0,153.189,39.575,-298.948,1.954
404.420,GOLD,moto,2,12,17.102,48.000,1.000,0.000,4,0,0,-615.574,6.425,-537.188,1.389
404.420,BLUE,atv,2,9,22.854,23.030,0.105,0.000,4,0,0,-28.777,31.086,-566.725,1.225
404.700,YOU reference pilot,original,2,7,24.458,28.243,1.000,0.000,4,0,0,155.481,39.944,-299.265,2.356
404.700,EMBER,tourer,2,8,27.452,35.598,1.000,0.000,4,0,0,146.201,38.512,-296.740,1.928
404.700,GOLD,moto,2,12,20.351,48.000,1.000,0.000,4,0,0,-616.377,6.450,-531.970,1.630
404.700,BLUE,atv,2,9,24.661,26.227,0.871,0.000,4,0,0,-34.210,30.452,-570.443,0.984
404.960,YOU reference pilot,original,2,8,26.541,30.165,1.000,0.000,4,0,0,149.218,38.922,-297.278,2.305
404.960,EMBER,tourer,2,8,29.223,33.371,1.000,0.000,4,0,0,139.176,37.749,-294.628,1.911
404.960,GOLD,moto,2,12,23.199,48.000,1.000,0.000,4,0,0,-616.537,6.478,-526.279,1.202
404.960,BLUE,atv,2,9,22.065,30.190,1.000,0.000,4,0,0,-39.513,30.190,-573.086,0.832
405.220,YOU reference pilot,original,2,8,28.411,31.313,1.000,0.000,4,0,0,142.400,38.041,-295.295,2.185
405.220,EMBER,tourer,2,8,30.241,30.984,0.392,0.000,4,0,0,131.742,37.422,-292.494,1.902
405.220,GOLD,moto,2,12,25.859,48.000,1.000,0.000,4,0,0,-616.375,6.507,-519.872,0.537
405.220,BLUE,atv,2,9,24.556,38.753,1.000,0.000,4,0,0,-45.265,30.105,-575.076,0.768
405.480,YOU reference pilot,original,2,8,29.696,30.190,0.264,0.000,4,0,0,135.107,37.486,-293.294,2.047
405.480,EMBER,tourer,2,8,28.960,28.397,0.000,0.164,4,0,0,124.316,37.710,-290.446,1.907
405.480,GOLD,moto,2,12,28.312,48.000,1.000,0.000,4,0,0,-616.158,6.539,-512.804,0.887
405.480,BLUE,atv,2,9,26.809,44.220,1.000,0.000,4,0,0,-51.791,30.049,-576.598,0.734
405.760,YOU reference pilot,original,2,8,27.110,27.384,0.009,0.000,4,0,0,127.389,37.504,-291.497,1.699
405.760,EMBER,tourer,2,8,26.118,25.550,0.000,0.169,4,0,0,116.972,38.430,-288.530,1.912
405.760,GOLD,moto,2,12,30.732,48.000,1.000,0.000,4,0,0,-616.077,6.581,-504.510,1.570
405.760,BLUE,atv,2,9,29.020,45.671,1.000,0.000,4,0,0,-59.552,30.069,-577.706,0.778
406.020,YOU reference pilot,original,2,8,26.526,25.550,0.000,0.283,4,0,0,120.564,38.028,-290.510,0.964
406.020,EMBER,tourer,2,8,23.947,24.000,0.000,0.000,4,0,0,110.729,39.249,-287.010,1.908
406.020,GOLD,moto,2,12,32.795,48.000,1.000,0.000,4,0,0,-616.224,6.626,-496.228,1.956
406.020,BLUE,atv,2,9,30.892,45.625,1.000,0.000,4,0,0,-67.337,30.152,-578.308,0.899
406.280,YOU reference pilot,original,2,8,25.208,25.550,0.169,0.000,4,0,0,113.976,38.748,-289.897,0.594
406.280,EMBER,tourer,2,8,23.600,24.000,0.197,0.000,4,0,0,104.798,40.127,-285.676,1.899
406.280,GOLD,moto,2,12,34.699,48.000,1.000,0.000,4,0,0,-616.567,6.675,-487.438,2.096
406.280,BLUE,atv,2,9,32.612,45.583,1.000,0.000,4,0,0,-75.606,30.263,-578.608,1.073
406.560,YOU reference pilot,original,2,8,23.648,24.000,0.172,0.000,4,0,0,107.300,39.640,-289.338,1.359
406.560,EMBER,tourer,2,8,23.524,24.000,0.236,0.000,4,0,0,98.416,41.138,-284.376,1.895
406.560,GOLD,moto,2,12,36.583,48.000,1.000,0.000,4,0,0,-617.069,6.731,-477.449,2.058
406.560,BLUE,atv,2,10,34.309,45.541,1.000,0.000,4,0,0,-84.994,30.388,-578.735,1.284
406.820,YOU reference pilot,original,2,8,23.565,24.000,0.215,0.000,4,0,0,101.267,40.555,-288.744,2.029
406.820,EMBER,tourer,2,8,23.483,24.000,0.257,0.000,4,0,0,92.475,42.099,-283.324,1.904
406.820,GOLD,moto,2,12,38.189,48.000,1.000,0.000,4,0,0,-617.571,6.786,-467.723,1.942
406.820,BLUE,atv,2,10,35.756,45.506,1.000,0.000,4,0,0,-94.119,30.485,-578.799,1.472
407.080,YOU reference pilot,original,2,8,23.466,24.000,0.264,0.000,4,0,0,95.285,41.525,-287.944,2.375
407.080,EMBER,tourer,2,8,22.631,22.919,0.135,0.000,4,0,0,86.600,43.012,-282.475,1.924
407.080,GOLD,moto,2,12,39.668,48.000,1.000,0.000,4,0,0,-618.040,6.844,-457.595,1.821
407.080,BLUE,atv,2,10,37.093,45.475,1.000,0.000,4,0,0,-103.605,30.540,-578.914,1.634
407.360,YOU reference pilot,original,2,8,22.949,22.986,0.000,0.000,4,0,0,88.972,42.571,-286.522,2.005
407.360,EMBER,tourer,2,8,20.998,21.324,0.159,0.000,4,0,0,80.692,43.823,-281.877,1.944
407.360,GOLD,moto,2,12,41.131,48.000,1.000,0.000,4,0,0,-618.471,6.907,-446.274,1.727
407.360,BLUE,atv,2,10,32.654,30.410,0.000,0.652,4,0,0,-113.518,30.527,-579.141,1.798
407.620,YOU reference pilot,original,2,8,21.058,21.244,0.000,0.000,4,0,0,83.448,43.430,-285.094,1.338
407.620,EMBER,tourer,2,8,19.555,19.352,0.000,0.000,4,0,0,75.470,44.383,-281.627,1.953
407.620,GOLD,moto,2,12,42.378,48.000,1.000,0.000,4,0,0,-618.794,6.968,-435.408,1.687
407.620,BLUE,atv,2,10,29.085,27.597,0.000,0.433,4,0,0,-121.477,30.489,-579.407,1.869
407.880,YOU reference pilot,original,2,8,20.258,18.518,0.000,0.506,4,0,0,78.147,44.113,-284.272,1.020
407.880,EMBER,tourer,2,8,19.566,20.137,0.300,0.000,3,0,0,70.416,44.711,-281.685,1.982
407.880,GOLD,moto,2,12,43.527,48.000,1.000,0.000,4,0,0,-619.057,7.030,-424.230,1.686
407.880,BLUE,atv,2,10,27.987,45.405,1.000,0.000,4,0,0,-128.716,30.577,-579.692,1.887
408.160,YOU reference pilot,original,2,8,19.213,19.440,0.110,0.000,4,0,0,72.666,44.606,-284.170,1.032
408.160,EMBER,tourer,2,8,20.716,21.092,0.202,0.000,2,0,0,64.726,44.660,-282.139,2.085
408.160,GOLD,moto,2,12,44.664,48.000,1.000,0.000,4,0,0,-619.298,7.098,-411.873,1.709
408.160,BLUE,atv,2,10,30.081,45.390,1.000,0.000,4,0,0,-136.861,30.758,-580.026,1.870
408.420,YOU reference pilot,original,2,8,20.377,22.134,0.956,0.000,3,0,0,67.519,44.747,-284.545,1.081
408.420,EMBER,tourer,2,8,19.790,19.926,0.000,0.000,3,0,0,59.497,44.162,-282.948,2.181
408.420,GOLD,moto,2,12,45.633,48.000,1.000,0.000,4,0,0,-619.506,7.161,-400.125,1.736
408.420,BLUE,atv,2,10,31.849,45.380,1.000,0.000,4,0,0,-144.924,30.940,-580.335,1.829
408.680,YOU reference pilot,original,2,8,20.833,19.987,0.000,0.238,2,0,0,62.097,44.434,-284.978,0.875
408.680,EMBER,tourer,2,8,19.525,19.649,0.081,0.000,4,0,0,54.590,43.307,-284.135,2.233
408.680,GOLD,moto,2,13,46.455,48.000,0.797,0.000,4,0,0,-619.716,7.223,-388.140,1.759
408.680,BLUE,atv,2,10,33.470,45.374,1.000,0.000,4,0,0,-153.428,31.126,-580.607,1.784
408.960,YOU reference pilot,original,2,8,20.025,20.146,0.076,0.000,2,0,0,56.516,43.597,-285.695,0.753
408.960,EMBER,tourer,2,8,19.721,19.968,0.154,0.000,4,0,0,49.527,42.060,-285.882,2.284
408.960,GOLD,moto,2,13,46.943,48.000,0.541,0.000,4,0,0,-619.954,7.290,-375.054,1.773
408.960,BLUE,atv,2,10,35.074,45.372,1.000,0.000,4,0,0,-163.041,31.303,-580.825,1.745
409.220,YOU reference pilot,original,2,8,19.983,20.173,0.118,0.000,4,0,0,51.648,42.454,-287.131,0.781
409.220,EMBER,tourer,2,8,20.454,20.664,0.135,0.000,4,0,0,44.947,40.669,-288.021,2.350
409.220,GOLD,moto,2,13,47.184,48.000,0.415,0.000,4,0,0,-620.188,7.350,-362.814,1.778
409.220,BLUE,atv,2,10,36.450,43.267,1.000,0.000,4,0,0,-172.355,31.410,-580.932,1.721
409.480,YOU reference pilot,original,2,8,20.619,21.090,0.275,0.000,4,0,0,47.073,41.039,-289.400,0.740
409.480,EMBER,tourer,2,8,21.684,22.418,0.418,0.000,4,0,0,40.450,39.136,-290.755,2.456
409.480,GOLD,moto,2,13,47.320,48.000,0.344,0.000,4,0,0,-620.437,7.408,-350.528,1.780
409.480,BLUE,atv,2,10,37.733,41.221,1.000,0.000,4,0,0,-182.016,31.427,-580.926,1.706
409.760,YOU reference pilot,original,2,8,21.866,24.000,1.000,0.000,4,0,0,42.428,39.303,-292.688,0.773
409.760,EMBER,tourer,2,8,23.347,25.987,1.000,0.000,4,0,0,35.658,37.509,-294.520,2.603
409.760,GOLD,moto,2,13,47.401,48.000,0.302,0.000,4,0,0,-620.723,7.469,-337.269,1.781
409.760,BLUE,atv,2,10,38.481,39.069,0.304,0.000,4,0,0,-192.731,31.301,-580.773,1.700
410.020,YOU reference pilot,original,2,8,23.357,24.000,0.368,0.000,4,0,0,38.272,37.656,-296.533,0.923
410.020,EMBER,tourer,2,8,23.381,23.640,0.039,0.000,4,0,0,31.398,36.276,-298.777,2.744
410.020,GOLD,moto,2,13,47.444,48.000,0.279,0.000,4,0,0,-621.000,7.522,-324.941,1.788
410.020,BLUE,atv,2,10,36.595,36.791,0.000,0.000,4,0,0,-202.543,31.022,-580.487,1.697
410.280,YOU reference pilot,original,2,8,24.041,24.127,0.000,0.000,4,0,0,34.277,36.268,-301.104,1.096
410.280,EMBER,tourer,2,8,24.986,27.475,1.000,0.000,4,0,0,27.524,35.564,-303.624,2.800
410.280,GOLD,moto,2,13,47.468,48.000,0.266,0.000,4,0,0,-621.277,7.573,-312.605,1.782
410.280,BLUE,atv,2,10,33.875,31.749,0.000,0.616,4,0,0,-211.667,30.588,-580.084,1.696
410.560,YOU reference pilot,original,2,8,25.768,28.042,1.000,0.000,4,0,0,30.247,35.436,-306.637,1.253
410.560,EMBER,tourer,2,8,26.866,34.858,1.000,0.000,4,0,0,23.593,35.417,-309.723,2.799
410.560,GOLD,moto,2,13,47.484,48.000,0.259,0.000,4,0,0,-621.562,7.626,-299.315,1.770
410.560,BLUE,atv,2,10,30.870,28.900,0.000,0.569,4,0,0,-220.703,29.973,-579.540,1.701
410.820,YOU reference pilot,original,2,8,27.607,32.333,1.000,0.000,4,0,0,26.262,35.377,-312.313,0.910
410.820,EMBER,tourer,2,8,28.309,39.757,1.000,0.000,4,0,0,20.276,35.799,-316.077,2.835
410.820,GOLD,moto,2,13,47.492,48.000,0.254,0.000,4,0,0,-621.807,7.674,-286.970,1.761
410.820,BLUE,atv,2,10,28.106,25.737,0.000,0.683,4,0,0,-228.341,29.299,-578.955,1.713
411.080,YOU reference pilot,original,2,8,28.934,40.476,1.000,0.000,4,0,0,22.235,35.886,-318.459,0.462
411.080,EMBER,tourer,2,8,29.529,40.009,1.000,0.000,4,0,0,17.327,36.514,-322.965,2.808
411.080,GOLD,moto,2,13,47.497,48.000,0.252,0.000,4,0,0,-622.034,7.721,-274.624,1.758
411.080,BLUE,atv,2,10,25.717,24.000,0.000,0.493,4,0,0,-235.222,28.536,-578.324,1.712
411.360,YOU reference pilot,original,2,8,29.974,39.959,1.000,0.000,4,0,0,18.685,36.754,-325.863,0.706
411.360,EMBER,tourer,2,8,30.672,38.041,1.000,0.000,4,0,0,14.519,37.465,-330.865,2.685
411.360,GOLD,moto,2,13,47.500,48.000,0.250,0.000,4,0,0,-622.262,7.770,-261.326,1.759
411.360,BLUE,atv,2,10,23.896,24.000,0.066,0.000,4,0,0,-242.028,27.614,-577.601,1.699
411.620,YOU reference pilot,original,2,8,30.879,37.989,1.000,0.000,4,0,0,16.257,37.674,-333.343,0.634
411.620,EMBER,tourer,2,8,31.627,35.966,1.000,0.000,4,0,0,12.176,38.409,-338.570,2.512
411.620,GOLD,moto,2,13,47.502,48.000,0.249,0.000,4,0,0,-622.462,7.815,-248.977,1.762
411.620,BLUE,atv,2,10,23.907,24.000,0.062,0.000,4,0,0,-248.118,26.697,-576.876,1.691
411.880,YOU reference pilot,original,2,8,31.766,35.910,1.000,0.000,4,0,0,14.389,38.627,-341.222,0.803
411.880,EMBER,tourer,2,8,32.415,33.763,0.692,0.000,4,0,0,10.007,39.327,-346.577,2.332
411.880,GOLD,moto,2,13,47.503,48.000,0.248,0.000,4,0,0,-622.654,7.860,-236.628,1.765
411.880,BLUE,atv,2,10,23.733,24.000,0.040,0.000,4,0,0,-254.185,25.718,-576.089,1.691
412.160,YOU reference pilot,original,2,8,32.127,32.476,0.013,0.000,4,0,0,12.653,39.593,-350.013,1.423
412.160,EMBER,tourer,2,8,31.090,31.691,0.302,0.000,4,0,0,7.872,40.147,-355.178,2.177
412.160,GOLD,moto,2,13,47.504,48.000,0.248,0.000,4,0,0,-622.856,7.907,-223.329,1.767
412.160,BLUE,atv,2,10,23.858,24.000,0.092,0.000,4,0,0,-260.703,24.598,-575.184,1.695
412.420,YOU reference pilot,original,2,8,30.808,31.271,0.229,0.000,4,0,0,11.133,40.297,-357.988,1.948
412.420,EMBER,tourer,2,8,30.007,30.455,0.225,0.000,4,0,0,6.085,40.643,-362.862,2.074
412.420,GOLD,moto,2,13,47.504,48.000,0.248,0.000,4,0,0,-623.038,7.950,-210.979,1.769
412.420,BLUE,atv,2,10,23.722,24.000,0.048,0.000,4,0,0,-266.741,23.510,-574.299,1.702
412.680,YOU reference pilot,original,2,8,29.713,31.328,0.842,0.000,3,0,0,9.313,40.729,-365.594,1.997
412.680,EMBER,tourer,2,8,30.241,30.984,0.385,0.000,3,0,0,4.404,40.812,-370.534,1.982
412.680,GOLD,moto,2,13,47.502,48.000,0.249,0.000,4,0,0,-623.207,7.994,-198.629,1.779
412.680,BLUE,atv,2,10,23.865,24.000,0.089,0.000,4,0,0,-272.763,22.389,-573.380,1.710
412.960,YOU reference pilot,original,2,8,30.262,30.984,0.376,0.000,4,0,0,6.791,40.784,-373.640,1.411
412.960,EMBER,tourer,2,8,28.943,28.397,0.000,0.156,3,0,0,3.065,40.529,-378.772,1.605
412.960,GOLD,moto,2,13,47.493,48.000,0.254,0.000,4,0,0,-623.089,8.040,-185.331,2.077
412.960,BLUE,atv,2,10,23.830,24.000,0.109,0.000,4,0,0,-279.239,21.156,-572.362,1.719
413.220,YOU reference pilot,original,2,8,27.844,26.094,0.000,0.498,4,0,0,4.806,40.410,-380.956,1.048
413.220,EMBER,tourer,2,8,26.473,25.550,0.000,0.261,4,0,0,2.557,39.934,-385.913,0.989
413.220,GOLD,moto,2,13,47.497,48.000,0.251,0.000,4,0,0,-622.708,8.083,-172.988,2.619
413.220,BLUE,atv,2,10,23.736,24.000,0.042,0.000,4,0,0,-285.249,19.997,-571.396,1.728
413.480,YOU reference pilot,original,2,8,25.285,24.036,0.000,0.353,4,0,0,3.591,39.765,-387.688,1.012
413.480,EMBER,tourer,2,8,24.881,24.000,0.000,0.247,4,0,0,2.460,39.150,-392.559,0.790
413.480,GOLD,moto,2,13,47.498,48.000,0.251,0.000,4,0,0,-622.392,8.125,-160.643,3.100
413.480,BLUE,atv,2,10,23.882,24.000,0.080,0.000,4,0,0,-291.257,18.835,-570.418,1.736
413.760,YOU reference pilot,original,2,8,23.625,22.875,0.000,0.209,4,0,0,2.857,38.902,-394.420,1.189
413.760,EMBER,tourer,2,8,23.794,24.000,0.120,0.000,4,0,0,2.467,38.195,-399.280,1.386
413.760,GOLD,moto,2,14,47.498,48.000,0.251,0.000,4,0,0,-622.293,8.171,-147.344,3.381
413.760,BLUE,atv,2,10,23.840,24.000,0.103,0.000,4,0,0,-297.727,17.591,-569.358,1.743
414.020,YOU reference pilot,original,2,9,22.757,22.979,0.018,0.000,4,0,0,2.449,38.033,-400.329,1.479
414.020,EMBER,tourer,2,9,23.765,24.000,0.137,0.000,4,0,0,2.402,37.248,-405.407,1.972
414.020,GOLD,moto,2,14,47.499,48.000,0.250,0.000,4,0,0,-622.407,8.214,-134.995,3.439
414.020,BLUE,atv,2,10,23.739,24.000,0.040,0.000,4,0,0,-303.738,16.451,-568.372,1.749
414.280,YOU reference pilot,original,2,9,23.062,23.267,0.122,0.000,4,0,0,2.135,37.114,-406.213,1.805
414.280,EMBER,tourer,2,9,23.907,24.000,0.057,0.000,4,0,0,2.116,36.264,-411.524,2.305
414.280,GOLD,moto,2,14,47.502,48.000,0.249,0.000,4,0,0,-622.633,8.257,-122.647,3.388
414.280,BLUE,atv,2,11,23.876,24.000,0.083,0.000,4,0,0,-309.753,15.337,-567.393,1.754
414.560,YOU reference pilot,original,2,9,22.910,23.101,0.115,0.000,4,0,0,1.806,36.091,-412.559,2.106
414.560,EMBER,tourer,2,9,23.992,26.613,1.000,0.000,4,0,0,1.167,35.203,-418.045,1.981
414.560,GOLD,moto,2,14,47.503,48.000,0.248,0.000,4,0,0,-622.910,8.303,-109.349,3.301
414.560,BLUE,atv,2,11,23.825,24.000,0.111,0.000,4,0,0,-316.236,14.176,-566.349,1.759
414.820,YOU reference pilot,original,2,9,23.812,24.680,0.480,0.000,4,0,0,1.461,35.128,-418.549,2.303
414.820,EMBER,tourer,2,9,25.559,40.140,1.000,0.000,4,0,0,-0.278,34.226,-424.287,1.152
414.820,GOLD,moto,2,14,47.504,48.000,0.248,0.000,4,0,0,-623.149,8.347,-97.001,3.242
414.820,BLUE,atv,2,11,23.915,24.000,0.060,0.000,4,0,0,-322.272,13.142,-565.396,1.764
415.080,YOU reference pilot,original,2,9,25.545,41.474,1.000,0.000,4,0,0,1.042,34.156,-424.870,2.412
415.080,EMBER,tourer,2,9,27.435,40.111,1.000,0.000,4,0,0,-1.843,33.275,-430.953,0.609
415.080,GOLD,moto,2,14,47.505,48.000,0.248,0.000,4,0,0,-623.360,8.391,-84.651,3.215
415.080,BLUE,atv,2,11,24.538,46.414,1.000,0.000,4,0,0,-328.342,12.157,-564.460,1.768
415.360,YOU reference pilot,original,2,9,27.650,41.554,1.000,0.000,4,0,0,0.425,33.128,-432.241,2.371
415.360,EMBER,tourer,2,9,29.187,40.083,1.000,0.000,4,0,0,-2.855,32.348,-438.777,0.745
415.360,GOLD,moto,2,14,47.505,48.000,0.248,0.000,4,0,0,-623.565,8.439,-71.352,3.213
415.360,BLUE,atv,2,11,27.377,46.476,1.000,0.000,4,0,0,-335.483,11.078,-563.397,1.772
415.620,YOU reference pilot,original,2,9,29.403,41.629,1.000,0.000,4,0,0,-0.203,32.281,-439.596,2.293
415.620,EMBER,tourer,2,9,30.710,40.061,1.000,0.000,4,0,0,-3.035,31.706,-446.543,0.527
415.620,GOLD,moto,2,14,47.505,48.000,0.248,0.000,4,0,0,-623.749,8.484,-59.002,3.224
415.620,BLUE,atv,2,11,29.763,46.476,1.000,0.000,4,0,0,-342.795,10.078,-562.359,1.776
415.880,YOU reference pilot,original,2,9,30.901,32.327,0.756,0.000,4,0,0,-0.805,31.657,-447.401,2.268
415.880,EMBER,tourer,2,9,32.098,40.042,1.000,0.000,4,0,0,-2.752,31.418,-454.701,0.921
415.880,GOLD,moto,2,14,47.505,48.000,0.248,0.000,4,0,0,-623.940,8.530,-46.652,3.237
415.880,BLUE,atv,2,11,31.921,46.476,1.000,0.000,4,0,0,-350.711,9.141,-561.303,1.785
416.160,YOU reference pilot,original,2,9,31.857,33.288,0.750,0.000,4,0,0,-1.349,31.405,-456.158,2.315
416.160,EMBER,tourer,2,9,33.353,38.088,1.000,0.000,4,0,0,-2.282,31.614,-463.854,1.656
416.160,GOLD,moto,2,14,47.504,48.000,0.248,0.000,4,0,0,-624.157,8.581,-33.353,3.245
416.160,BLUE,atv,2,11,34.000,46.476,1.000,0.000,4,0,0,-359.850,8.277,-560.172,1.817
416.420,YOU reference pilot,original,2,9,32.799,34.461,0.865,0.000,4,0,0,-1.690,31.643,-464.551,2.240
416.420,EMBER,tourer,2,9,34.230,37.386,1.000,0.000,4,0,0,-2.300,32.162,-472.628,1.697
416.420,GOLD,moto,2,14,47.504,48.000,0.248,0.000,4,0,0,-624.370,8.630,-21.004,3.248
416.420,BLUE,atv,2,11,35.714,46.476,1.000,0.000,4,0,0,-368.849,7.668,-559.136,1.842
416.680,YOU reference pilot,original,2,9,33.384,33.883,0.250,0.000,4,0,0,-1.843,32.204,-473.153,2.135
416.680,EMBER,tourer,2,9,33.624,33.944,0.153,0.000,4,0,0,-2.975,32.916,-481.455,1.023
416.680,GOLD,moto,2,14,47.504,48.000,0.248,0.000,4,0,0,-624.592,8.680,-8.655,3.247
416.680,BLUE,atv,2,11,37.237,46.476,1.000,0.000,4,0,0,-378.281,7.212,-558.109,1.840
416.960,YOU reference pilot,original,2,9,32.807,34.682,0.970,0.000,4,0,0,-1.826,33.006,-482.353,2.071
416.960,EMBER,tourer,2,9,31.893,31.882,0.000,0.000,4,0,0,-3.993,33.824,-490.549,0.668
416.960,GOLD,moto,2,14,47.503,48.000,0.248,0.000,4,0,0,-624.836,8.735,4.643,3.244
416.960,BLUE,atv,2,11,38.690,46.476,1.000,0.000,4,0,0,-388.862,6.864,-557.007,1.820
417.220,YOU reference pilot,original,2,9,32.119,32.392,0.127,0.000,4,0,0,-1.726,33.852,-490.803,2.083
417.220,EMBER,tourer,2,9,29.941,29.375,0.000,0.170,4,0,0,-4.881,34.660,-498.539,1.332
417.220,GOLD,moto,2,14,47.503,48.000,0.249,0.000,4,0,0,-625.065,8.787,16.992,3.242
417.220,BLUE,atv,2,11,39.886,46.476,1.000,0.000,4,0,0,-399.036,6.675,-555.983,1.800
417.480,YOU reference pilot,original,2,9,30.328,29.927,0.000,0.125,4,0,0,-1.680,34.696,-498.897,2.135
417.480,EMBER,tourer,2,9,27.440,26.295,0.000,0.334,4,0,0,-5.618,35.416,-505.978,1.867
417.480,GOLD,moto,2,14,47.503,48.000,0.249,0.000,4,0,0,-625.296,8.839,29.340,3.240
417.480,BLUE,atv,2,11,40.952,46.476,1.000,0.000,4,0,0,-409.505,6.602,-554.959,1.786
417.760,YOU reference pilot,original,2,9,28.152,29.369,0.632,0.000,4,0,0,-2.191,35.506,-506.995,1.845
417.760,EMBER,tourer,2,9,26.020,24.792,0.000,0.357,4,0,0,-6.339,36.092,-513.469,2.142
417.760,GOLD,moto,2,14,47.502,48.000,0.249,0.000,4,0,0,-625.545,8.895,42.639,3.239
417.760,BLUE,atv,2,11,36.794,34.725,0.000,0.602,4,0,0,-420.461,6.635,-553.920,1.781
418.020,YOU reference pilot,original,2,9,26.351,25.303,0.000,0.305,4,0,0,-3.394,36.116,-513.981,1.176
418.020,EMBER,tourer,2,9,27.035,28.969,1.000,0.000,4,0,0,-7.133,36.562,-520.311,2.166
418.020,GOLD,moto,2,14,47.502,48.000,0.249,0.000,4,0,0,-625.775,8.948,54.987,3.239
418.020,BLUE,atv,2,11,34.330,46.476,1.000,0.000,4,0,0,-429.509,6.732,-553.091,1.782
418.280,YOU reference pilot,original,2,9,27.526,29.885,1.000,0.000,4,0,0,-4.855,36.572,-520.828,0.783
418.280,EMBER,tourer,2,9,26.851,25.194,0.000,0.475,2,0,0,-8.238,36.772,-527.307,1.919
418.280,GOLD,moto,2,14,47.502,48.000,0.249,0.000,4,0,0,-626.004,9.000,67.335,3.239
418.280,BLUE,atv,2,11,35.779,46.476,1.000,0.000,4,0,0,-438.603,6.860,-552.289,1.784
418.560,YOU reference pilot,original,2,9,26.979,27.194,0.000,0.000,2,0,0,-6.264,36.777,-528.455,0.899
418.560,EMBER,tourer,2,9,24.182,24.477,0.039,0.000,4,0,0,-9.764,36.525,-534.296,1.564
418.560,GOLD,moto,2,15,47.494,48.000,0.253,0.000,4,0,0,-626.314,9.056,80.632,3.174
418.560,BLUE,atv,2,11,37.198,46.476,1.000,0.000,4,0,0,-448.799,7.028,-551.428,1.788
418.820,YOU reference pilot,original,2,9,25.156,24.918,0.000,0.000,4,0,0,-7.483,36.503,-535.133,1.286
418.820,EMBER,tourer,2,9,22.568,22.676,0.061,0.000,4,0,0,-11.440,36.065,-540.081,1.452
418.820,GOLD,moto,2,15,47.491,48.000,0.255,0.000,4,0,0,-626.951,9.107,92.963,2.766
418.820,BLUE,atv,2,11,38.399,46.476,1.000,0.000,4,0,0,-458.607,7.203,-550.645,1.795
419.080,YOU reference pilot,original,2,9,23.016,20.828,0.000,0.621,4,0,0,-8.835,36.038,-541.257,1.767
419.080,EMBER,tourer,2,9,21.227,21.459,0.132,0.000,4,0,0,-13.374,35.408,-545.376,1.428
419.080,GOLD,moto,2,15,47.495,48.000,0.252,0.000,4,0,0,-627.734,9.157,105.286,2.215
419.080,BLUE,atv,2,11,39.501,46.476,1.000,0.000,4,0,0,-468.718,7.374,-549.891,1.804
419.360,YOU reference pilot,original,2,9,21.519,20.028,0.000,0.420,4,0,0,-10.566,35.331,-547.156,2.167
419.360,EMBER,tourer,2,9,19.919,20.086,0.101,0.000,4,0,0,-15.711,34.580,-550.531,1.434
419.360,GOLD,moto,2,15,47.495,48.000,0.253,0.000,4,0,0,-628.418,9.209,118.567,1.776
419.360,BLUE,atv,2,11,40.595,46.476,1.000,0.000,4,0,0,-479.919,7.519,-549.129,1.815
419.620,YOU reference pilot,original,2,9,20.342,20.500,0.091,0.000,4,0,0,-12.560,34.572,-552.117,2.382
419.620,EMBER,tourer,2,9,19.371,19.490,0.076,0.000,4,0,0,-18.159,33.760,-554.911,1.432
419.620,GOLD,moto,2,15,47.495,48.000,0.253,0.000,4,0,0,-628.814,9.257,130.909,1.597
419.620,BLUE,atv,2,11,41.538,46.476,1.000,0.000,4,0,0,-490.591,7.574,-548.505,1.812
419.880,YOU reference pilot,original,2,9,19.622,19.892,0.151,0.000,4,0,0,-15.216,33.783,-556.491,2.180
419.880,EMBER,tourer,2,9,19.246,19.489,0.048,0.000,4,0,0,-20.951,32.916,-558.986,1.390
419.880,GOLD,moto,2,15,47.498,48.000,0.251,0.000,4,0,0,-629.030,9.303,143.257,1.583
419.880,BLUE,atv,2,11,42.426,46.476,1.000,0.000,4,0,0,-501.509,7.499,-548.039,1.795
420.160,YOU reference pilot,original,2,9,19.706,19.891,0.113,0.000,4,0,0,-18.747,32.931,-560.615,1.653
420.160,EMBER,tourer,2,9,19.853,20.203,0.202,0.000,4,0,0,-24.465,32.041,-563.095,1.275
420.160,GOLD,moto,2,15,47.501,48.000,0.250,0.000,4,0,0,-629.161,9.350,156.556,1.653
420.160,BLUE,atv,2,11,42.992,43.325,0.165,0.000,4,0,0,-513.501,7.336,-547.814,1.876
420.420,YOU reference pilot,original,2,9,20.326,20.620,0.172,0.000,4,0,0,-22.323,32.141,-564.309,1.416
420.420,EMBER,tourer,2,9,19.876,20.598,0.401,0.000,4,0,0,-28.220,31.335,-566.566,1.110
420.420,GOLD,moto,2,15,47.503,48.000,0.249,0.000,4,0,0,-629.264,9.391,168.906,1.727
420.420,BLUE,atv,2,11,41.066,41.450,0.000,0.000,4,0,0,-524.501,7.225,-547.902,1.976
420.680,YOU reference pilot,original,2,9,20.644,20.171,0.000,0.130,4,0,0,-26.179,31.424,-567.967,1.539
420.680,EMBER,tourer,2,9,21.184,22.714,0.834,0.000,4,0,0,-32.504,30.798,-569.651,0.955
420.680,GOLD,moto,2,15,47.504,48.000,0.248,0.000,4,0,0,-629.381,9.429,181.256,1.775
420.680,BLUE,atv,2,11,38.539,37.014,0.000,0.445,4,0,0,-534.843,7.127,-548.223,2.022
420.960,YOU reference pilot,original,2,9,21.567,23.182,0.885,0.000,4,0,0,-30.704,30.836,-571.641,1.943
420.960,EMBER,tourer,2,9,23.236,26.026,1.000,0.000,4,0,0,-37.976,30.430,-572.605,0.824
420.960,GOLD,moto,2,15,47.506,48.000,0.247,0.000,4,0,0,-629.526,9.466,194.557,1.792
420.960,BLUE,atv,2,12,35.517,34.486,0.000,0.302,4,0,0,-545.185,7.020,-548.703,2.016
421.220,YOU reference pilot,original,2,9,23.462,25.638,1.000,0.000,4,0,0,-35.615,30.479,-574.820,2.429
421.220,EMBER,tourer,2,9,24.974,33.294,1.000,0.000,4,0,0,-43.835,30.274,-574.872,0.730
421.220,GOLD,moto,2,15,47.507,48.000,0.246,0.000,4,0,0,-629.668,9.497,206.908,1.784
421.220,BLUE,atv,2,12,32.716,31.828,0.000,0.260,4,0,0,-554.020,6.926,-549.164,1.983
421.480,YOU reference pilot,original,2,9,23.984,26.645,1.000,0.000,4,0,0,-41.126,30.312,-577.474,2.915
421.480,EMBER,tourer,2,9,26.556,34.554,1.000,0.000,4,0,0,-50.331,30.208,-576.575,0.687
421.480,GOLD,moto,2,15,47.509,48.000,0.246,0.000,4,0,0,-629.815,9.523,219.259,1.769
421.480,BLUE,atv,2,12,29.824,28.987,0.000,0.245,4,0,0,-562.105,6.840,-549.557,1.941
421.760,YOU reference pilot,original,2,9,25.544,33.730,1.000,0.000,4,0,0,-47.852,30.226,-579.236,2.859
421.760,EMBER,tourer,2,9,28.141,40.561,1.000,0.000,4,0,0,-57.911,30.216,-577.778,0.712
421.760,GOLD,moto,2,15,47.510,48.000,0.245,0.000,4,0,0,-629.989,9.547,232.561,1.774
421.760,BLUE,atv,2,12,26.686,25.835,0.000,0.248,4,0,0,-569.978,6.757,-549.839,1.901
422.020,YOU reference pilot,original,2,9,27.007,30.520,1.000,0.000,4,0,0,-54.678,30.207,-579.764,2.155
422.020,EMBER,tourer,2,9,29.510,40.620,1.000,0.000,4,0,0,-65.394,30.284,-578.395,0.817
422.020,GOLD,moto,2,15,47.512,48.000,0.244,0.000,4,0,0,-630.172,9.568,244.912,1.783
422.020,BLUE,atv,2,12,23.448,22.297,0.000,0.335,4,0,0,-576.487,6.688,-549.923,1.876
422.280,YOU reference pilot,original,2,9,28.465,31.916,1.000,0.000,4,0,0,-61.902,30.250,-579.579,1.162
422.280,EMBER,tourer,2,9,30.793,40.681,1.000,0.000,4,0,0,-73.242,30.383,-578.663,1.009
422.280,GOLD,moto,2,15,47.513,48.000,0.244,0.000,4,0,0,-630.377,9.585,257.264,1.789
422.280,BLUE,atv,2,12,20.356,18.254,0.000,0.609,4,0,0,-582.240,6.629,-549.814,1.870
422.560,YOU reference pilot,original,2,9,29.925,33.387,1.000,0.000,4,0,0,-70.074,30.342,-579.042,0.671
422.560,EMBER,tourer,2,10,32.080,40.749,1.000,0.000,4,0,0,-82.058,30.500,-578.726,1.274
422.560,GOLD,moto,2,15,47.514,48.000,0.243,0.000,4,0,0,-630.614,9.601,270.565,1.789
422.560,BLUE,atv,2,12,18.197,18.322,0.068,0.000,4,0,0,-587.517,6.576,-549.488,1.871
422.820,YOU reference pilot,original,2,9,31.156,34.654,1.000,0.000,4,0,0,-78.013,30.447,-578.551,1.290
422.820,EMBER,tourer,2,10,33.190,40.814,1.000,0.000,4,0,0,-90.556,30.599,-578.713,1.516
422.820,GOLD,moto,2,15,47.515,48.000,0.242,0.000,4,0,0,-630.839,9.612,282.917,1.784
422.820,BLUE,atv,2,12,13.683,12.311,0.000,0.398,4,0,0,-591.556,6.537,-549.081,1.820
423.080,YOU reference pilot,original,2,10,32.241,35.814,1.000,0.000,4,0,0,-86.267,30.552,-578.273,1.806
423.080,EMBER,tourer,2,10,34.226,40.881,1.000,0.000,4,0,0,-99.333,30.667,-578.741,1.719
423.080,GOLD,moto,2,15,47.516,48.000,0.242,0.000,4,0,0,-631.055,9.620,295.270,1.776
423.080,BLUE,atv,2,12,12.389,12.763,0.214,0.000,4,0,0,-594.851,6.507,-548.668,1.667
423.360,YOU reference pilot,original,2,10,33.292,36.866,1.000,0.000,4,0,0,-95.444,30.642,-578.674,1.677
423.360,EMBER,tourer,2,10,34.706,30.100,0.000,1.000,4,0,0,-109.064,30.686,-578.898,1.889
423.360,GOLD,moto,2,16,47.518,48.000,0.241,0.000,4,0,0,-631.261,9.625,308.573,1.768
423.360,BLUE,atv,2,12,9.928,8.603,0.000,0.384,4,0,0,-598.034,6.481,-548.243,1.442
423.620,YOU reference pilot,original,2,10,34.018,42.426,1.000,0.000,4,0,0,-104.144,30.685,-579.663,1.056
423.620,EMBER,tourer,2,10,29.568,27.539,0.000,0.580,4,0,0,-117.292,30.646,-579.145,1.995
423.620,GOLD,moto,2,16,47.519,48.000,0.241,0.000,4,0,0,-631.413,9.626,320.927,1.759
423.620,BLUE,atv,2,12,8.301,7.915,0.000,0.000,4,0,0,-600.327,6.463,-547.944,1.354
423.880,YOU reference pilot,original,2,10,31.655,29.252,0.000,0.686,4,0,0,-112.741,30.673,-581.029,0.705
423.880,EMBER,tourer,2,10,28.427,41.095,1.000,0.000,4,0,0,-124.651,30.671,-579.443,2.006
423.880,GOLD,moto,2,16,47.520,48.000,0.240,0.000,4,0,0,-631.510,9.622,333.281,1.750
423.880,BLUE,atv,2,12,7.976,8.071,0.013,0.000,4,0,0,-602.392,6.446,-547.681,1.352
424.160,YOU reference pilot,original,2,10,27.795,26.092,0.000,0.487,4,0,0,-120.894,30.639,-582.364,1.323
424.160,EMBER,tourer,2,10,29.894,41.172,1.000,0.000,4,0,0,-132.821,30.821,-579.819,1.967
424.160,GOLD,moto,2,16,47.521,48.000,0.240,0.000,4,0,0,-631.530,9.614,346.587,1.740
424.160,BLUE,atv,2,12,10.265,13.415,1.000,0.000,4,0,0,-604.870,6.425,-547.331,1.505
424.420,YOU reference pilot,original,2,10,28.781,42.426,1.000,0.000,4,0,0,-128.166,30.729,-583.263,1.863
424.420,EMBER,tourer,2,10,31.141,41.245,1.000,0.000,4,0,0,-140.759,30.996,-580.178,1.900
424.420,GOLD,moto,2,16,47.522,48.000,0.239,0.000,4,0,0,-631.447,9.601,358.942,1.729
424.420,BLUE,atv,2,12,11.421,10.000,0.000,0.414,4,0,0,-607.829,6.399,-546.659,2.068
424.680,YOU reference pilot,original,2,10,29.968,42.426,1.000,0.000,4,0,0,-135.814,30.889,-583.404,1.727
424.680,EMBER,tourer,2,10,32.294,41.319,1.000,0.000,4,0,0,-149.010,31.181,-580.503,1.827
424.680,GOLD,moto,2,16,47.522,48.000,0.239,0.000,4,0,0,-631.233,9.582,371.297,1.715
424.680,BLUE,atv,2,12,9.860,10.000,0.070,0.000,4,0,0,-610.303,6.378,-545.541,2.632
424.960,YOU reference pilot,original,2,10,31.241,35.026,1.000,0.000,4,0,0,-144.375,31.080,-582.805,0.969
424.960,EMBER,tourer,2,10,33.444,41.399,1.000,0.000,4,0,0,-158.222,31.369,-580.779,1.766
424.960,GOLD,moto,2,16,47.523,48.000,0.239,0.000,4,0,0,-630.813,9.555,384.596,1.697
424.960,BLUE,atv,2,12,10.129,46.476,1.000,0.000,4,0,0,-612.410,6.378,-543.750,1.129
425.220,YOU reference pilot,original,2,10,32.348,36.211,1.000,0.000,4,0,0,-152.611,31.259,-581.980,0.728
425.220,EMBER,tourer,2,10,34.444,41.473,1.000,0.000,4,0,0,-167.058,31.503,-580.942,1.729
425.220,GOLD,moto,2,16,47.521,48.000,0.239,0.000,4,0,0,-630.190,9.521,396.937,1.677
425.220,BLUE,atv,2,12,13.353,46.476,1.000,0.000,4,0,0,-614.123,6.402,-541.178,0.584
425.480,YOU reference pilot,original,2,10,33.362,37.364,1.000,0.000,4,0,0,-161.132,31.420,-581.228,1.403
425.480,EMBER,tourer,2,10,35.388,41.547,1.000,0.000,4,0,0,-176.149,31.570,-581.000,1.712
425.480,GOLD,moto,2,16,47.517,48.000,0.241,0.000,4,0,0,-629.262,9.479,409.257,1.646
425.480,BLUE,atv,2,12,16.318,46.476,1.000,0.000,4,0,0,-615.481,6.424,-537.531,1.337
425.760,YOU reference pilot,original,2,10,34.356,38.491,1.000,0.000,4,0,0,-170.613,31.540,-580.690,1.989
425.760,EMBER,tourer,2,10,36.357,39.679,1.000,0.000,4,0,0,-186.208,31.534,-580.935,1.707
425.760,GOLD,moto,2,16,47.412,46.906,0.000,0.152,4,0,0,-627.824,9.410,422.482,1.581
425.760,BLUE,atv,2,12,19.330,46.476,1.000,0.000,4,0,0,-616.282,6.447,-532.570,1.600
426.020,YOU reference pilot,original,2,10,35.167,38.923,1.000,0.000,4,0,0,-179.666,31.573,-580.718,1.964
426.020,EMBER,tourer,2,10,36.619,35.598,0.000,0.293,4,0,0,-195.728,31.367,-580.745,1.709
426.020,GOLD,moto,2,16,45.225,44.294,0.000,0.274,4,0,0,-626.060,9.316,434.368,1.520
426.020,BLUE,atv,2,12,21.964,46.476,1.000,0.000,4,0,0,-616.459,6.473,-527.175,1.225
426.280,YOU reference pilot,original,2,10,35.960,37.694,0.895,0.000,4,0,0,-188.898,31.501,-581.436,1.233
426.280,EMBER,tourer,2,10,34.752,33.371,0.000,0.394,4,0,0,-204.998,31.053,-580.434,1.709
426.280,GOLD,moto,2,16,42.581,41.010,0.000,0.459,4,0,0,-623.930,9.200,445.567,1.481
426.280,BLUE,atv,2,12,24.422,46.476,1.000,0.000,4,0,0,-616.314,6.501,-521.118,0.572
426.560,YOU reference pilot,original,2,10,35.404,35.598,0.096,0.000,4,0,0,-198.927,31.278,-582.568,0.800
426.560,EMBER,tourer,2,10,32.294,30.984,0.000,0.373,4,0,0,-214.387,30.556,-579.979,1.708
426.560,GOLD,moto,2,16,39.407,37.801,0.000,0.468,4,0,0,-621.330,9.063,456.731,1.465
426.560,BLUE,atv,2,12,26.850,46.476,1.000,0.000,4,0,0,-616.084,6.534,-513.914,0.864
426.820,YOU reference pilot,original,2,10,34.048,33.371,0.000,0.194,4,0,0,-207.952,30.924,-583.399,1.698
426.820,EMBER,tourer,2,10,29.850,28.397,0.000,0.412,4,0,0,-222.460,29.967,-579.462,1.712
426.820,GOLD,moto,2,16,36.629,35.539,0.000,0.319,4,0,0,-618.748,8.931,466.249,1.463
426.820,BLUE,atv,2,12,28.911,46.476,1.000,0.000,4,0,0,-615.996,6.570,-506.641,1.495
427.080,YOU reference pilot,original,2,10,31.684,30.984,0.000,0.203,4,0,0,-216.464,30.434,-583.709,2.404
427.080,EMBER,tourer,2,10,27.184,25.550,0.000,0.462,4,0,0,-229.855,29.283,-578.875,1.720
427.080,GOLD,moto,2,16,33.821,33.018,0.000,0.235,4,0,0,-616.122,8.803,474.973,1.466
427.080,BLUE,atv,2,12,30.804,46.476,1.000,0.000,4,0,0,-616.112,6.612,-498.857,1.907
427.360,YOU reference pilot,original,2,10,29.094,28.397,0.000,0.198,4,0,0,-224.894,29.784,-583.029,2.293
427.360,EMBER,tourer,2,10,25.166,24.000,0.000,0.328,4,0,0,-237.100,28.433,-578.184,1.715
427.360,GOLD,moto,2,16,30.679,29.464,0.000,0.354,4,0,0,-613.378,8.680,483.505,1.475
427.360,BLUE,atv,2,12,32.675,46.476,1.000,0.000,4,0,0,-616.450,6.661,-489.954,2.083
427.620,YOU reference pilot,original,2,10,26.505,25.550,0.000,0.269,4,0,0,-231.937,29.091,-581.661,1.574
427.620,EMBER,tourer,2,10,23.720,24.000,0.044,0.000,4,0,0,-243.364,27.562,-577.494,1.705
427.620,GOLD,moto,2,16,27.696,26.369,0.000,0.386,4,0,0,-611.033,8.585,490.656,1.481
427.620,BLUE,atv,2,12,34.268,46.476,1.000,0.000,4,0,0,-616.893,6.710,-481.244,2.068
427.880,YOU reference pilot,original,2,10,24.792,24.000,0.000,0.223,4,0,0,-238.419,28.292,-580.294,0.983
427.880,EMBER,tourer,2,10,23.916,24.000,0.055,0.000,4,0,0,-249.450,26.634,-576.748,1.705
427.880,GOLD,moto,2,16,24.692,23.912,0.000,0.228,4,0,0,-609.017,8.515,497.092,1.446
427.880,BLUE,atv,2,12,35.732,46.476,1.000,0.000,4,0,0,-617.380,6.761,-472.140,1.966
428.160,YOU reference pilot,original,2,10,23.785,24.000,0.125,0.000,4,0,0,-245.057,27.349,-579.377,0.862
428.160,EMBER,tourer,2,10,23.726,24.000,0.044,0.000,4,0,0,-255.980,25.563,-575.877,1.714
428.160,GOLD,moto,2,16,21.319,20.167,0.000,0.335,4,0,0,-607.321,8.469,503.285,1.370
428.160,BLUE,atv,2,12,37.177,46.476,1.000,0.000,4,0,0,-617.880,6.819,-461.928,1.839
428.420,YOU reference pilot,original,2,10,23.735,24.000,0.037,0.000,4,0,0,-251.171,26.409,-578.903,1.048
428.420,EMBER,tourer,2,10,23.768,24.000,0.138,0.000,4,0,0,-262.025,24.512,-575.017,1.726
428.420,GOLD,moto,2,16,18.539,16.966,0.000,0.457,4,0,0,-606.199,8.446,508.370,1.469
428.420,BLUE,atv,2,12,38.405,46.476,1.000,0.000,4,0,0,-618.284,6.875,-452.096,1.747
428.680,YOU reference pilot,original,2,10,23.758,24.000,0.142,0.000,4,0,0,-257.276,25.410,-578.565,1.435
428.680,EMBER,tourer,2,10,23.820,24.000,0.110,0.000,4,0,0,-268.059,23.417,-574.116,1.739
428.680,GOLD,moto,2,16,15.709,15.039,0.000,0.195,4,0,0,-605.466,8.432,512.657,1.645
428.680,BLUE,atv,2,12,39.534,46.476,1.000,0.000,4,0,0,-618.619,6.932,-441.957,1.696
428.960,YOU reference pilot,original,2,10,23.843,24.000,0.098,0.000,4,0,0,-263.838,24.274,-578.164,1.907
428.960,EMBER,tourer,2,10,23.919,24.000,0.058,0.000,4,0,0,-274.547,22.202,-573.112,1.754
428.960,GOLD,moto,2,16,14.114,12.902,0.000,0.352,4,0,0,-604.907,8.423,516.822,1.873
428.960,BLUE,atv,2,12,40.648,46.476,1.000,0.000,4,0,0,-618.911,6.994,-430.722,1.683
429.220,YOU reference pilot,original,2,10,23.854,24.000,0.090,0.000,4,0,0,-269.912,23.177,-577.613,2.229
429.220,EMBER,tourer,2,10,23.774,24.000,0.136,0.000,4,0,0,-280.559,21.053,-572.156,1.766
429.220,GOLD,moto,2,16,12.396,11.823,0.000,0.167,4,0,0,-604.490,8.423,520.199,2.108
429.220,BLUE,atv,2,12,41.596,46.476,1.000,0.000,4,0,0,-619.139,7.053,-420.021,1.696
429.480,YOU reference pilot,original,2,10,23.798,24.000,0.120,0.000,4,0,0,-275.909,22.048,-576.510,2.054
429.480,EMBER,tourer,2,10,23.858,24.000,0.091,0.000,4,0,0,-286.569,19.894,-571.184,1.777
429.480,GOLD,moto,2,16,12.284,13.323,0.603,0.000,4,0,0,-604.040,8.427,523.289,2.347
429.480,BLUE,atv,2,12,42.468,46.476,1.000,0.000,4,0,0,-619.343,7.113,-409.084,1.721
429.760,YOU reference pilot,original,2,10,23.891,24.000,0.073,0.000,4,0,0,-282.241,20.817,-574.782,1.386
429.760,EMBER,tourer,2,10,23.748,24.000,0.034,0.000,4,0,0,-293.039,18.644,-570.126,1.787
429.760,GOLD,moto,2,16,14.059,15.143,0.625,0.000,4,0,0,-603.271,8.439,526.830,2.590
429.760,BLUE,atv,2,12,43.328,46.476,1.000,0.000,4,0,0,-619.556,7.177,-397.065,1.747
430.020,YOU reference pilot,original,2,10,23.915,24.000,0.059,0.000,4,0,0,-288.168,19.659,-573.381,1.011
430.020,EMBER,tourer,2,10,23.835,24.000,0.103,0.000,4,0,0,-299.047,17.492,-569.139,1.795
430.020,GOLD,moto,2,17,17.028,23.274,1.000,0.000,4,0,0,-601.840,8.461,530.633,2.360
430.020,BLUE,atv,2,13,44.061,46.476,1.000,0.000,4,0,0,-619.758,7.236,-385.697,1.764
430.280,YOU reference pilot,original,2,10,23.744,24.000,0.036,0.000,4,0,0,-294.177,18.500,-572.410,1.010
430.280,EMBER,tourer,2,10,23.907,24.000,0.065,0.000,4,0,0,-305.059,16.359,-568.153,1.803
430.280,GOLD,moto,2,17,19.768,27.385,1.000,0.000,4,0,0,-599.149,8.492,534.635,1.135
430.280,BLUE,atv,2,13,44.716,46.476,0.901,0.000,4,0,0,-619.971,7.294,-374.149,1.773
430.560,YOU reference pilot,original,2,10,23.870,24.000,0.085,0.000,4,0,0,-300.692,17.264,-571.682,1.276
430.560,EMBER,tourer,2,11,23.807,24.000,0.118,0.000,4,0,0,-311.533,15.169,-567.099,1.809
430.560,GOLD,moto,2,17,22.413,32.927,1.000,0.000,4,0,0,-594.551,8.506,538.388,0.745
430.560,BLUE,atv,2,13,45.169,46.476,0.666,0.000,4,0,0,-620.214,7.356,-361.557,1.778
430.820,YOU reference pilot,original,2,10,23.724,24.000,0.047,0.000,4,0,0,-306.757,16.138,-571.117,1.644
430.820,EMBER,tourer,2,11,23.861,24.000,0.088,0.000,4,0,0,-317.558,14.101,-566.131,1.815
430.820,GOLD,moto,2,17,24.729,37.743,1.000,0.000,4,0,0,-588.891,8.503,540.801,1.418
430.820,BLUE,atv,2,13,45.420,46.476,0.535,0.000,4,0,0,-620.454,7.412,-349.778,1.779
431.080,YOU reference pilot,original,2,11,23.807,24.000,0.118,0.000,4,0,0,-312.822,15.039,-570.534,2.007
431.080,EMBER,tourer,2,11,23.890,24.000,0.072,0.000,4,0,0,-323.595,13.078,-565.180,1.821
431.080,GOLD,moto,2,17,27.036,43.395,1.000,0.000,4,0,0,-582.250,8.496,542.034,1.524
431.080,BLUE,atv,2,13,45.577,46.476,0.454,0.000,4,0,0,-620.709,7.465,-337.948,1.780
431.360,YOU reference pilot,original,2,11,23.835,24.000,0.102,0.000,4,0,0,-319.341,13.895,-569.693,2.189
431.360,EMBER,tourer,2,11,25.065,41.569,1.000,0.000,4,0,0,-330.210,12.023,-564.166,1.828
431.360,GOLD,moto,2,17,29.482,48.000,1.000,0.000,4,0,0,-574.313,8.484,542.240,1.100
431.360,BLUE,atv,2,13,45.682,46.476,0.400,0.000,4,0,0,-620.996,7.521,-325.173,1.787
431.620,YOU reference pilot,original,2,11,23.800,24.000,0.119,0.000,4,0,0,-325.301,12.882,-568.345,1.793
431.620,EMBER,tourer,2,11,27.067,41.569,1.000,0.000,4,0,0,-336.863,11.040,-563.182,1.834
431.620,GOLD,moto,2,17,31.639,48.000,1.000,0.000,4,0,0,-566.359,8.470,541.726,0.562
431.620,BLUE,atv,2,13,45.743,46.476,0.368,0.000,4,0,0,-621.262,7.570,-313.290,1.783
431.880,YOU reference pilot,original,2,11,25.070,30.453,1.000,0.000,4,0,0,-331.266,11.917,-566.558,1.018
431.880,EMBER,tourer,2,11,28.898,41.569,1.000,0.000,4,0,0,-344.022,10.086,-562.171,1.842
431.880,GOLD,moto,2,17,33.650,48.000,1.000,0.000,4,0,0,-557.892,8.456,540.860,0.709
431.880,BLUE,atv,2,13,45.783,46.476,0.348,0.000,4,0,0,-621.518,7.617,-301.393,1.772
432.160,YOU reference pilot,original,2,11,27.222,32.515,1.000,0.000,4,0,0,-338.205,10.879,-564.389,0.702
432.160,EMBER,tourer,2,11,30.683,41.569,1.000,0.000,4,0,0,-352.255,9.147,-561.082,1.857
432.160,GOLD,moto,2,17,35.641,48.000,1.000,0.000,4,0,0,-548.224,8.441,539.811,1.279
432.160,BLUE,atv,2,13,45.810,46.476,0.334,0.000,4,0,0,-621.776,7.667,-288.573,1.763
432.420,YOU reference pilot,original,2,11,29.005,34.302,1.000,0.000,4,0,0,-345.210,9.945,-562.452,1.435
432.420,EMBER,tourer,2,11,32.172,41.569,1.000,0.000,4,0,0,-360.343,8.414,-560.089,1.888
432.420,GOLD,moto,2,17,37.337,48.000,1.000,0.000,4,0,0,-538.763,8.431,538.876,1.664
432.420,BLUE,atv,2,13,45.826,46.476,0.325,0.000,4,0,0,-621.997,7.713,-276.662,1.759
432.680,YOU reference pilot,original,2,11,30.600,35.875,1.000,0.000,4,0,0,-352.746,9.092,-560.796,2.070
432.680,EMBER,tourer,2,11,33.504,41.569,1.000,0.000,4,0,0,-368.817,7.848,-559.119,1.908
432.680,GOLD,moto,2,17,38.898,48.000,1.000,0.000,4,0,0,-528.870,8.424,538.033,1.865
432.680,BLUE,atv,2,13,45.836,46.476,0.320,0.000,4,0,0,-622.204,7.757,-264.747,1.759
432.960,YOU reference pilot,original,2,11,32.137,37.330,1.000,0.000,4,0,0,-361.396,8.326,-559.396,2.437
432.960,EMBER,tourer,2,11,34.781,41.569,1.000,0.000,4,0,0,-378.320,7.383,-558.092,1.899
432.960,GOLD,moto,2,17,40.441,48.000,1.000,0.000,4,0,0,-517.773,8.422,537.231,1.925
432.960,BLUE,atv,2,13,45.844,46.476,0.316,0.000,4,0,0,-622.415,7.804,-251.914,1.761
433.220,YOU reference pilot,original,2,11,33.407,38.497,1.000,0.000,4,0,0,-369.851,7.785,-558.400,2.488
433.220,EMBER,tourer,2,11,35.840,41.569,1.000,0.000,4,0,0,-387.455,7.071,-557.147,1.874
433.220,GOLD,moto,2,17,41.756,48.000,1.000,0.000,4,0,0,-507.093,8.428,536.567,1.902
433.220,BLUE,atv,2,13,45.848,46.476,0.314,0.000,4,0,0,-622.602,7.847,-239.995,1.764
433.480,YOU reference pilot,original,2,11,34.540,39.534,1.000,0.000,4,0,0,-378.645,7.366,-557.587,2.348
433.480,EMBER,tourer,2,11,36.788,41.569,1.000,0.000,4,0,0,-396.855,6.874,-556.202,1.850
433.480,GOLD,moto,2,17,42.966,48.000,1.000,0.000,4,0,0,-496.081,8.441,535.972,1.857
433.480,BLUE,atv,2,13,45.851,46.476,0.312,0.000,4,0,0,-622.784,7.890,-228.076,1.767
433.760,YOU reference pilot,original,2,11,35.619,40.539,1.000,0.000,4,0,0,-388.438,7.043,-556.786,2.120
433.760,EMBER,tourer,2,11,37.701,41.569,1.000,0.000,4,0,0,-407.240,6.776,-555.182,1.833
433.760,GOLD,moto,2,17,44.160,48.000,1.000,0.000,4,0,0,-483.882,8.464,535.419,1.827
433.760,BLUE,atv,2,13,45.854,46.476,0.311,0.000,4,0,0,-622.976,7.935,-215.238,1.768
434.020,YOU reference pilot,original,2,11,36.501,41.070,1.000,0.000,4,0,0,-397.788,6.860,-556.028,1.925
434.020,EMBER,tourer,2,11,37.909,33.726,0.000,1.000,4,0,0,-417.091,6.778,-554.238,1.827
434.020,GOLD,moto,2,17,45.177,48.000,1.000,0.000,4,0,0,-472.264,8.497,534.993,1.852
434.020,BLUE,atv,2,13,45.855,46.476,0.311,0.000,4,0,0,-623.149,7.977,-203.318,1.769
434.280,YOU reference pilot,original,2,11,37.055,41.001,1.000,0.000,4,0,0,-407.350,6.776,-555.500,1.528
434.280,EMBER,tourer,2,11,34.861,41.569,1.000,0.000,4,0,0,-426.257,6.849,-553.383,1.831
434.280,GOLD,moto,2,17,46.109,48.000,0.979,0.000,4,0,0,-460.392,8.541,534.623,1.864
434.280,BLUE,atv,2,13,45.845,46.476,0.315,0.000,4,0,0,-623.200,8.019,-191.397,1.885
434.560,YOU reference pilot,original,2,11,37.249,33.460,0.000,1.000,4,0,0,-417.823,6.781,-555.565,0.696
434.560,EMBER,tourer,2,11,35.851,41.569,1.000,0.000,4,0,0,-436.127,6.974,-552.496,1.837
434.560,GOLD,moto,2,17,46.768,48.000,0.633,0.000,4,0,0,-447.378,8.608,534.236,1.821
434.560,BLUE,atv,2,13,45.846,46.476,0.315,0.000,4,0,0,-622.886,8.063,-178.564,2.367
434.820,YOU reference pilot,original,2,11,34.817,40.863,1.000,0.000,4,0,0,-426.945,6.854,-555.841,1.005
434.820,EMBER,tourer,2,11,36.691,41.569,1.000,0.000,4,0,0,-445.530,7.123,-551.687,1.845
434.820,GOLD,moto,2,17,47.087,48.000,0.465,0.000,4,0,0,-435.176,8.683,533.853,1.776
434.820,BLUE,atv,2,13,45.849,46.476,0.313,0.000,4,0,0,-622.524,8.104,-166.649,2.886
435.080,YOU reference pilot,original,2,11,35.660,40.799,1.000,0.000,4,0,0,-436.115,6.969,-555.992,1.866
435.080,EMBER,tourer,2,11,37.466,41.569,1.000,0.000,4,0,0,-455.145,7.293,-550.900,1.855
435.080,GOLD,moto,2,17,47.263,48.000,0.374,0.000,4,0,0,-422.914,8.762,533.433,1.748
435.080,BLUE,atv,2,14,45.848,46.476,0.314,0.000,4,0,0,-622.321,8.146,-154.730,3.252
435.360,YOU reference pilot,original,2,11,36.394,40.733,1.000,0.000,4,0,0,-446.212,7.129,-555.729,2.438
435.360,EMBER,tourer,2,11,38.237,41.569,1.000,0.000,4,0,0,-465.720,7.475,-550.089,1.866
435.360,GOLD,moto,2,17,47.367,48.000,0.319,0.000,4,0,0,-409.673,8.851,532.944,1.742
435.360,BLUE,atv,2,14,45.849,46.476,0.313,0.000,4,0,0,-622.331,8.190,-141.893,3.418
435.620,YOU reference pilot,original,2,11,36.984,40.673,1.000,0.000,4,0,0,-455.686,7.297,-554.575,2.070
435.620,EMBER,tourer,2,11,38.906,41.569,1.000,0.000,4,0,0,-475.732,7.619,-549.382,1.878
435.620,GOLD,moto,2,17,47.420,48.000,0.292,0.000,4,0,0,-397.359,8.934,532.471,1.749
435.620,BLUE,atv,2,14,45.851,46.476,0.312,0.000,4,0,0,-622.497,8.231,-129.973,3.420
435.880,YOU reference pilot,original,2,11,37.623,40.616,1.000,0.000,4,0,0,-465.233,7.465,-552.816,1.142
435.880,EMBER,tourer,2,11,39.537,41.569,1.000,0.000,4,0,0,-485.917,7.705,-548.736,1.889
435.880,GOLD,moto,2,17,47.450,48.000,0.276,0.000,4,0,0,-385.035,9.018,531.994,1.760
435.880,BLUE,atv,2,14,45.839,46.399,0.279,0.000,4,0,0,-622.731,8.273,-118.055,3.355
436.160,YOU reference pilot,original,2,11,38.259,40.557,1.000,0.000,4,0,0,-475.752,7.618,-551.286,0.682
436.160,EMBER,tourer,2,11,40.083,41.569,0.759,0.000,4,0,0,-497.065,7.684,-548.163,1.875
436.160,GOLD,moto,2,18,47.468,48.000,0.266,0.000,4,0,0,-371.756,9.106,531.486,1.771
436.160,BLUE,atv,2,14,45.803,46.317,0.256,0.000,4,0,0,-622.992,8.318,-105.228,3.279
436.420,YOU reference pilot,original,2,11,38.807,40.505,0.866,0.000,4,0,0,-485.703,7.704,-550.037,0.831
436.420,EMBER,tourer,2,11,40.408,41.569,0.591,0.000,4,0,0,-507.531,7.553,-547.823,1.928
436.420,GOLD,moto,2,18,47.478,48.000,0.261,0.000,4,0,0,-359.421,9.184,531.027,1.777
436.420,BLUE,atv,2,14,45.755,46.242,0.242,0.000,4,0,0,-623.213,8.360,-93.328,3.233
436.680,YOU reference pilot,original,2,11,39.163,40.455,0.657,0.000,4,0,0,-495.783,7.694,-548.876,1.293
436.680,EMBER,tourer,2,11,40.179,39.161,0.000,0.294,4,0,0,-518.037,7.438,-547.735,2.041
436.680,GOLD,moto,2,18,47.484,48.000,0.258,0.000,4,0,0,-347.084,9.258,530.583,1.781
436.680,BLUE,atv,2,14,45.700,46.170,0.233,0.000,4,0,0,-623.409,8.402,-81.441,3.215
436.960,YOU reference pilot,original,2,11,39.395,40.405,0.512,0.000,4,0,0,-506.751,7.562,-547.962,1.806
436.960,EMBER,tourer,2,11,37.739,36.847,0.000,0.257,4,0,0,-528.929,7.336,-547.926,2.130
436.960,GOLD,moto,2,18,47.489,48.000,0.256,0.000,4,0,0,-333.796,9.330,530.125,1.782
436.960,BLUE,atv,2,14,45.636,46.094,0.227,0.000,4,0,0,-623.604,8.448,-68.656,3.217
437.220,YOU reference pilot,original,2,11,39.064,39.286,0.106,0.000,4,0,0,-516.985,7.447,-547.570,2.184
437.220,EMBER,tourer,2,11,35.465,34.721,0.000,0.215,4,0,0,-538.413,7.240,-548.297,2.141
437.220,GOLD,moto,2,18,47.493,48.000,0.254,0.000,4,0,0,-321.454,9.390,529.721,1.784
437.220,BLUE,atv,2,14,45.574,46.027,0.224,0.000,4,0,0,-623.782,8.492,-56.800,3.227
437.480,YOU reference pilot,original,2,11,36.720,36.948,0.106,0.000,4,0,0,-526.822,7.357,-547.779,2.204
437.480,EMBER,tourer,2,12,33.149,32.433,0.000,0.207,4,0,0,-547.292,7.147,-548.761,2.100
437.480,GOLD,moto,2,18,47.496,48.000,0.252,0.000,4,0,0,-309.112,9.439,529.343,1.786
437.480,BLUE,atv,2,14,45.512,45.962,0.223,0.000,4,0,0,-623.967,8.536,-44.962,3.238
437.760,YOU reference pilot,original,2,11,35.170,34.732,0.000,0.128,4,0,0,-536.779,7.257,-548.990,1.432
437.760,EMBER,tourer,2,12,30.572,30.100,0.000,0.137,4,0,0,-556.119,7.054,-549.261,2.026
437.760,GOLD,moto,2,18,47.500,48.000,0.250,0.000,4,0,0,-295.817,9.480,528.970,1.789
437.760,BLUE,atv,2,14,45.445,45.895,0.222,0.000,4,0,0,-624.176,8.585,-32.230,3.245
438.020,YOU reference pilot,original,2,12,33.217,32.413,0.000,0.231,4,0,0,-545.492,7.165,-550.585,0.656
438.020,EMBER,tourer,2,12,27.917,27.430,0.000,0.141,4,0,0,-563.617,6.974,-549.649,1.951
438.020,GOLD,moto,2,18,47.504,48.000,0.248,0.000,4,0,0,-283.470,9.503,528.662,1.793
438.020,BLUE,atv,2,14,45.385,45.835,0.223,0.000,4,0,0,-624.381,8.632,-20.425,3.247
438.280,YOU reference pilot,original,2,12,30.787,29.950,0.000,0.241,4,0,0,-553.639,7.079,-552.098,1.218
438.280,EMBER,tourer,2,12,25.041,24.313,0.000,0.209,4,0,0,-570.411,6.902,-549.910,1.886
438.280,GOLD,moto,2,18,47.509,48.000,0.246,0.000,4,0,0,-271.121,9.508,528.398,1.800
438.280,BLUE,atv,2,14,45.327,45.779,0.224,0.000,4,0,0,-624.593,8.680,-8.635,3.246
438.560,YOU reference pilot,original,2,12,28.073,27.265,0.000,0.232,4,0,0,-561.752,6.992,-553.316,2.002
438.560,EMBER,tourer,2,12,21.911,20.835,0.000,0.307,4,0,0,-576.948,6.833,-550.013,1.836
438.560,GOLD,moto,2,18,47.515,48.000,0.243,0.000,4,0,0,-257.819,9.491,528.161,1.805
438.560,BLUE,atv,2,14,45.266,45.722,0.226,0.000,4,0,0,-624.825,8.733,4.045,3.244
438.820,YOU reference pilot,original,2,12,25.294,24.344,0.000,0.274,4,0,0,-568.660,6.920,-553.721,2.176
438.820,EMBER,tourer,2,12,19.107,17.018,0.000,0.595,4,0,0,-582.327,6.778,-549.926,1.806
438.820,GOLD,moto,2,18,47.521,48.000,0.240,0.000,4,0,0,-245.465,9.456,527.983,1.804
438.820,BLUE,atv,2,14,45.213,45.673,0.228,0.000,4,0,0,-625.043,8.782,15.805,3.242
439.080,YOU reference pilot,original,2,12,22.617,21.111,0.000,0.431,4,0,0,-574.902,6.855,-553.304,1.699
439.080,EMBER,tourer,2,12,17.013,17.076,0.000,0.000,4,0,0,-586.953,6.731,-549.668,1.793
439.080,GOLD,moto,2,18,47.528,48.000,0.236,0.000,4,0,0,-233.110,9.407,527.836,1.799
439.080,BLUE,atv,2,14,45.163,45.627,0.230,0.000,4,0,0,-625.262,8.832,27.551,3.240
439.360,YOU reference pilot,original,2,12,18.351,16.054,0.000,0.654,4,0,0,-580.559,6.797,-552.436,1.002
439.360,EMBER,tourer,2,12,13.036,11.355,0.000,0.479,4,0,0,-591.139,6.691,-549.261,1.756
439.360,GOLD,moto,2,18,47.534,48.000,0.233,0.000,4,0,0,-219.801,9.342,527.709,1.794
439.360,BLUE,atv,2,14,45.112,45.581,0.233,0.000,4,0,0,-625.498,8.885,40.186,3.240
439.620,YOU reference pilot,original,2,12,15.088,13.710,0.000,0.393,4,0,0,-584.772,6.754,-551.701,0.681
439.620,EMBER,tourer,2,12,11.395,11.416,0.000,0.000,4,0,0,-594.245,6.663,-548.858,1.657
439.620,GOLD,moto,2,18,47.539,48.000,0.231,0.000,4,0,0,-207.442,9.271,527.614,1.790
439.620,BLUE,atv,2,14,45.068,45.542,0.235,0.000,4,0,0,-625.717,8.935,51.907,3.239
439.880,YOU reference pilot,original,2,12,13.243,12.063,0.000,0.336,4,0,0,-588.351,6.719,-550.955,0.702
439.880,EMBER,tourer,2,12,10.061,8.623,0.000,0.409,4,0,0,-597.077,6.639,-548.446,1.494
439.880,GOLD,moto,2,18,47.543,48.000,0.228,0.000,4,0,0,-195.082,9.193,527.539,1.787
439.880,BLUE,atv,2,14,45.028,45.508,0.238,0.000,4,0,0,-625.935,8.984,63.617,3.239
440.160,YOU reference pilot,original,2,12,10.534,9.243,0.000,0.367,4,0,0,-591.560,6.689,-550.179,0.927
440.160,EMBER,tourer,2,12,7.794,7.220,0.000,0.163,4,0,0,-599.467,6.620,-548.097,1.390
440.160,GOLD,moto,2,18,47.547,48.000,0.226,0.000,4,0,0,-181.769,9.102,527.477,1.785
440.160,BLUE,atv,2,15,44.987,45.474,0.242,0.000,4,0,0,-626.176,9.037,76.216,3.230
440.420,YOU reference pilot,original,2,12,8.682,7.834,0.000,0.242,4,0,0,-593.960,6.667,-549.619,1.054
440.420,EMBER,tourer,2,12,7.026,7.316,0.163,0.000,4,0,0,-601.354,6.605,-547.834,1.385
440.420,GOLD,moto,2,18,47.550,48.000,0.225,0.000,4,0,0,-169.407,9.014,527.435,1.783
440.420,BLUE,atv,2,15,44.944,45.448,0.251,0.000,4,0,0,-626.636,9.086,87.897,2.986
440.680,YOU reference pilot,original,2,12,7.825,7.978,0.085,0.000,4,0,0,-596.051,6.649,-549.321,0.951
440.680,EMBER,tourer,2,12,7.514,7.823,0.174,0.000,4,0,0,-603.223,6.589,-547.581,1.439
440.680,GOLD,moto,2,18,47.552,48.000,0.224,0.000,4,0,0,-157.044,8.923,527.407,1.782
440.680,BLUE,atv,2,15,44.918,45.425,0.252,0.000,4,0,0,-627.355,9.133,99.557,2.486
440.960,YOU reference pilot,original,2,12,7.811,7.853,0.000,0.000,4,0,0,-598.292,6.631,-549.227,0.731
440.960,EMBER,tourer,2,12,10.060,16.416,1.000,0.000,4,0,0,-605.638,6.568,-547.221,1.633
440.960,GOLD,moto,2,19,47.554,48.000,0.223,0.000,4,0,0,-143.729,8.826,527.390,1.780
440.960,BLUE,atv,2,15,44.892,45.405,0.255,0.000,4,0,0,-628.096,9.184,112.108,1.979
441.220,YOU reference pilot,original,2,12,7.272,7.420,0.083,0.000,4,0,0,-600.218,6.615,-549.255,0.650
441.220,EMBER,tourer,2,12,10.455,10.000,0.000,0.132,4,0,0,-608.370,6.545,-546.586,2.161
441.220,GOLD,moto,2,19,47.555,48.000,0.223,0.000,4,0,0,-131.365,8.737,527.384,1.779
441.220,BLUE,atv,2,15,44.870,45.390,0.259,0.000,4,0,0,-628.593,9.229,123.767,1.693
441.480,YOU reference pilot,original,2,12,7.239,7.467,0.128,0.000,4,0,0,-602.075,6.600,-549.218,0.695
441.480,EMBER,tourer,2,12,9.811,10.000,0.093,0.000,4,0,0,-610.742,6.528,-545.536,2.270
441.480,GOLD,moto,2,19,47.555,48.000,0.223,0.000,4,0,0,-119.001,8.653,527.385,1.777
441.480,BLUE,atv,2,15,44.854,45.380,0.263,0.000,4,0,0,-628.896,9.274,135.426,1.590
441.760,YOU reference pilot,original,2,12,8.462,9.405,0.535,0.000,4,0,0,-604.216,6.581,-549.005,0.685
441.760,EMBER,tourer,2,12,9.777,10.000,0.121,0.000,4,0,0,-612.866,6.533,-543.793,0.853
441.760,GOLD,moto,2,19,47.554,48.000,0.223,0.000,4,0,0,-105.687,8.573,527.390,1.775
441.760,BLUE,atv,2,15,44.842,45.374,0.265,0.000,4,0,0,-629.077,9.319,147.982,1.608
442.020,YOU reference pilot,original,2,12,11.248,24.454,1.000,0.000,4,0,0,-606.746,6.559,-548.478,0.681
442.020,EMBER,tourer,2,12,12.018,41.469,1.000,0.000,4,0,0,-614.469,6.551,-541.446,0.940
442.020,GOLD,moto,2,19,47.551,48.000,0.224,0.000,4,0,0,-93.323,8.511,527.395,1.774
442.020,BLUE,atv,2,15,44.835,45.372,0.268,0.000,4,0,0,-629.186,9.360,159.640,1.673
442.280,YOU reference pilot,original,2,12,9.818,10.000,0.092,0.000,4,0,0,-609.272,6.537,-547.503,1.285
442.280,EMBER,tourer,2,12,14.313,41.395,1.000,0.000,4,0,0,-615.693,6.569,-538.214,1.656
442.280,GOLD,moto,2,19,47.548,48.000,0.226,0.000,4,0,0,-80.961,8.468,527.389,1.773
442.280,BLUE,atv,2,15,44.831,45.375,0.272,0.000,4,0,0,-629.288,9.398,171.296,1.736
442.560,YOU reference pilot,original,2,12,9.822,10.000,0.097,0.000,4,0,0,-611.514,6.525,-545.903,1.474
442.560,EMBER,tourer,2,12,16.706,41.315,1.000,0.000,4,0,0,-616.391,6.591,-533.896,1.880
442.560,GOLD,moto,2,19,47.543,48.000,0.228,0.000,4,0,0,-67.649,8.436,527.357,1.762
442.560,BLUE,atv,2,15,44.831,45.382,0.276,0.000,4,0,0,-629.412,9.436,183.847,1.777
442.820,YOU reference pilot,original,2,12,12.421,40.264,1.000,0.000,4,0,0,-613.354,6.534,-543.629,0.651
442.820,EMBER,tourer,2,12,18.852,41.242,1.000,0.000,4,0,0,-616.487,6.613,-529.250,1.515
442.820,GOLD,moto,2,19,47.539,48.000,0.230,0.000,4,0,0,-55.288,8.408,527.300,1.751
442.820,BLUE,atv,2,15,44.835,45.393,0.279,0.000,4,0,0,-629.540,9.468,195.503,1.789
443.080,YOU reference pilot,original,2,12,14.801,40.299,1.000,0.000,4,0,0,-614.888,6.557,-540.402,1.168
443.080,EMBER,tourer,2,12,20.901,41.169,1.000,0.000,4,0,0,-616.237,6.637,-524.064,0.845
443.080,GOLD,moto,2,19,47.536,48.000,0.232,0.000,4,0,0,-42.929,8.385,527.228,1.747
443.080,BLUE,atv,2,15,44.843,45.409,0.283,0.000,4,0,0,-629.672,9.497,207.161,1.782
443.360,YOU reference pilot,original,2,12,17.240,26.905,1.000,0.000,4,0,0,-615.918,6.581,-536.004,1.646
443.360,EMBER,tourer,2,12,22.954,41.091,1.000,0.000,4,0,0,-615.854,6.665,-517.912,0.842
443.360,GOLD,moto,2,19,47.506,47.955,0.224,0.000,4,0,0,-29.622,8.371,527.157,1.753
443.360,BLUE,atv,2,15,44.856,45.430,0.287,0.000,4,0,0,-629.821,9.523,219.718,1.769
443.620,YOU reference pilot,original,2,12,19.408,29.045,1.000,0.000,4,0,0,-616.267,6.604,-531.227,1.509
443.620,EMBER,tourer,2,12,24.709,41.020,1.000,0.000,4,0,0,-615.608,6.694,-511.700,1.525
443.620,GOLD,moto,2,19,45.079,44.056,0.000,0.301,4,0,0,-17.637,8.369,527.135,1.765
443.620,BLUE,atv,2,15,44.872,45.453,0.291,0.000,4,0,0,-629.973,9.545,231.382,1.773
443.880,YOU reference pilot,original,2,12,21.473,30.831,1.000,0.000,4,0,0,-616.196,6.629,-525.889,0.962
443.880,EMBER,tourer,2,12,26.338,40.951,1.000,0.000,4,0,0,-615.590,6.729,-505.044,2.041
443.880,GOLD,moto,2,19,42.454,40.717,0.000,0.507,4,0,0,-6.283,8.378,527.193,1.780
443.880,BLUE,atv,2,15,44.891,45.481,0.296,0.000,4,0,0,-630.143,9.564,243.050,1.782
444.160,YOU reference pilot,original,2,12,23.534,32.580,1.000,0.000,4,0,0,-615.925,6.658,-519.569,0.709
444.160,EMBER,tourer,2,12,27.971,40.877,1.000,0.000,4,0,0,-615.845,6.770,-497.426,2.290
444.160,GOLD,moto,2,19,39.343,38.577,0.000,0.226,4,0,0,5.129,8.400,527.383,1.794
444.160,BLUE,atv,2,15,44.916,45.515,0.300,0.000,4,0,0,-630.349,9.583,255.621,1.788
444.420,YOU reference pilot,original,2,12,25.284,34.124,1.000,0.000,4,0,0,-615.719,6.687,-513.205,1.306
444.420,EMBER,tourer,2,12,29.382,40.810,1.000,0.000,4,0,0,-616.280,6.811,-489.967,2.285
444.420,GOLD,moto,2,19,36.489,35.351,0.000,0.333,4,0,0,14.947,8.431,527.711,1.802
444.420,BLUE,atv,2,15,44.944,45.551,0.305,0.000,4,0,0,-630.556,9.597,267.301,1.789
444.680,YOU reference pilot,original,2,12,26.891,35.575,1.000,0.000,4,0,0,-615.694,6.722,-506.403,1.847
444.680,EMBER,tourer,2,12,30.697,40.745,1.000,0.000,4,0,0,-616.813,6.855,-482.160,2.146
444.680,GOLD,moto,2,19,33.878,32.759,0.000,0.328,4,0,0,24.021,8.472,528.229,1.783
444.680,BLUE,atv,2,15,44.974,45.590,0.309,0.000,4,0,0,-630.768,9.609,278.989,1.786
444.960,YOU reference pilot,original,2,12,28.483,37.006,1.000,0.000,4,0,0,-615.909,6.763,-498.635,2.157
444.960,EMBER,tourer,2,12,32.008,40.678,1.000,0.000,4,0,0,-617.394,6.904,-473.385,1.950
444.960,GOLD,moto,2,19,31.105,31.412,0.161,0.000,4,0,0,32.954,8.528,529.074,1.715
444.960,BLUE,atv,2,15,45.012,45.637,0.314,0.000,4,0,0,-630.992,9.618,291.586,1.779
445.220,YOU reference pilot,original,2,12,29.844,38.213,1.000,0.000,4,0,0,-616.295,6.805,-491.046,2.215
445.220,EMBER,tourer,2,12,33.136,40.617,1.000,0.000,4,0,0,-617.874,6.952,-464.916,1.795
445.220,GOLD,moto,2,19,31.542,33.694,1.000,0.000,4,0,0,40.957,8.614,530.266,1.698
445.220,BLUE,atv,2,15,45.050,45.684,0.319,0.000,4,0,0,-631.183,9.624,303.292,1.772
445.480,YOU reference pilot,original,2,12,31.100,39.326,1.000,0.000,4,0,0,-616.783,6.849,-483.124,2.131
445.480,EMBER,tourer,2,12,34.185,40.558,1.000,0.000,4,0,0,-618.265,7.002,-456.161,1.700
445.480,GOLD,moto,2,19,32.168,31.024,0.000,0.336,4,0,0,49.141,8.770,532.016,1.865
445.480,BLUE,atv,2,16,45.091,45.734,0.323,0.000,4,0,0,-631.345,9.626,315.010,1.765
445.760,YOU reference pilot,original,2,12,32.341,40.439,1.000,0.000,4,0,0,-617.332,6.899,-474.244,1.976
445.760,EMBER,tourer,2,12,35.232,40.497,1.000,0.000,4,0,0,-618.587,7.057,-446.436,1.664
445.760,GOLD,moto,2,19,31.864,32.359,0.261,0.000,4,0,0,57.847,9.026,534.400,2.363
445.760,BLUE,atv,2,16,45.139,45.792,0.328,0.000,4,0,0,-631.472,9.624,327.642,1.756
446.020,YOU reference pilot,original,2,12,33.398,40.894,1.000,0.000,4,0,0,-617.799,6.948,-465.698,1.840
446.020,EMBER,tourer,2,12,36.135,40.443,1.000,0.000,4,0,0,-618.815,7.109,-437.151,1.678
446.020,GOLD,moto,2,19,31.766,33.288,0.823,0.000,4,0,0,65.667,9.294,536.726,2.698
446.020,BLUE,atv,2,16,45.187,45.849,0.333,0.000,4,0,0,-631.529,9.619,339.385,1.748
446.280,YOU reference pilot,original,2,12,34.371,40.960,1.000,0.000,4,0,0,-618.193,6.998,-456.886,1.746
446.280,EMBER,tourer,2,12,36.975,40.392,1.000,0.000,4,0,0,-619.002,7.161,-427.639,1.716
446.280,GOLD,moto,2,19,33.687,48.000,1.000,0.000,4,0,0,73.890,9.493,538.998,2.462
446.280,BLUE,atv,2,16,45.238,45.909,0.337,0.000,4,0,0,-631.509,9.609,351.141,1.739
446.560,YOU reference pilot,original,2,12,35.333,41.033,1.000,0.000,4,0,0,-618.530,7.053,-447.122,1.700
446.560,EMBER,tourer,2,12,37.813,40.340,1.000,0.000,4,0,0,-619.183,7.219,-417.160,1.762
446.560,GOLD,moto,2,19,35.595,48.000,1.000,0.000,4,0,0,83.386,9.570,541.096,1.802
446.560,BLUE,atv,2,16,45.296,45.976,0.342,0.000,4,0,0,-631.376,9.594,363.815,1.728
446.820,YOU reference pilot,original,2,12,36.154,41.103,1.000,0.000,4,0,0,-618.776,7.105,-437.822,1.698
446.820,EMBER,tourer,2,12,38.522,40.295,0.910,0.000,4,0,0,-619.351,7.272,-407.229,1.798
446.820,GOLD,moto,2,0,37.237,48.000,1.000,0.000,4,0,0,92.762,9.586,542.552,1.315
446.820,BLUE,atv,2,16,45.352,46.042,0.347,0.000,4,0,0,-631.117,9.574,375.597,1.714
447.080,YOU reference pilot,original,2,12,36.911,41.174,1.000,0.000,4,0,0,-618.979,7.158,-428.317,1.722
447.080,EMBER,tourer,2,12,38.984,40.252,0.648,0.000,4,0,0,-619.527,7.326,-397.144,1.820
447.080,GOLD,moto,2,0,38.772,48.000,1.000,0.000,4,0,0,102.612,9.611,543.544,1.109
447.080,BLUE,atv,2,16,45.410,46.110,0.352,0.000,4,0,0,-630.689,9.547,387.389,1.698
447.360,YOU reference pilot,original,2,12,37.659,41.251,1.000,0.000,4,0,0,-619.173,7.215,-417.870,1.757
447.360,EMBER,tourer,2,13,39.265,40.210,0.480,0.000,4,0,0,-619.728,7.383,-386.185,1.831
447.360,GOLD,moto,2,0,40.311,48.000,1.000,0.000,4,0,0,113.682,9.630,544.224,1.139
447.360,BLUE,atv,2,16,45.474,46.186,0.359,0.000,4,0,0,-629.976,9.511,400.094,1.679
447.620,YOU reference pilot,original,2,12,38.297,41.324,1.000,0.000,4,0,0,-619.347,7.268,-407.990,1.787
447.620,EMBER,tourer,2,13,39.411,40.174,0.386,0.000,4,0,0,-619.925,7.435,-375.956,1.832
447.620,GOLD,moto,2,0,41.633,48.000,1.000,0.000,4,0,0,124.341,9.631,544.666,1.306
447.620,BLUE,atv,2,16,42.159,33.213,0.000,1.000,4,0,0,-629.028,9.468,411.650,1.645
447.880,YOU reference pilot,original,2,12,38.884,41.398,1.000,0.000,4,0,0,-619.523,7.322,-397.951,1.809
447.880,EMBER,tourer,2,13,39.491,40.141,0.327,0.000,4,0,0,-620.128,7.486,-365.699,1.829
447.880,GOLD,moto,2,0,42.855,48.000,1.000,0.000,4,0,0,135.331,9.617,545.094,1.519
447.880,BLUE,atv,2,16,34.939,28.485,0.000,1.000,4,0,0,-627.919,9.413,421.538,1.610
448.160,YOU reference pilot,original,2,13,39.466,41.477,1.000,0.000,4,0,0,-619.722,7.379,-386.977,1.822
448.160,EMBER,tourer,2,13,39.533,40.110,0.289,0.000,4,0,0,-620.354,7.539,-354.636,1.826
448.160,GOLD,moto,2,0,44.064,48.000,1.000,0.000,4,0,0,147.499,9.586,545.704,1.721
448.160,BLUE,atv,2,16,34.613,44.758,1.000,0.000,4,0,0,-626.550,9.338,430.952,1.598
448.420,YOU reference pilot,original,2,13,39.904,41.552,0.838,0.000,4,0,0,-619.916,7.431,-376.653,1.827
448.420,EMBER,tourer,2,13,39.548,40.084,0.268,0.000,4,0,0,-620.571,7.586,-344.357,1.825
448.420,GOLD,moto,2,0,45.094,48.000,1.000,0.000,4,0,0,159.073,9.540,546.525,1.850
448.420,BLUE,atv,2,16,36.074,42.399,1.000,0.000,4,0,0,-624.949,9.254,440.019,1.586
448.680,YOU reference pilot,original,2,13,40.212,41.626,0.717,0.000,4,0,0,-620.119,7.483,-366.235,1.827
448.680,EMBER,tourer,2,13,39.550,40.062,0.256,0.000,4,0,0,-620.797,7.632,-334.077,1.828
448.680,GOLD,moto,2,0,46.044,48.000,1.000,0.000,4,0,0,170.878,9.474,547.664,1.954
448.680,BLUE,atv,2,16,37.418,39.936,1.000,0.000,4,0,0,-623.000,9.152,449.388,1.559
448.960,YOU reference pilot,original,2,13,40.454,41.706,0.634,0.000,4,0,0,-620.347,7.537,-354.940,1.826
448.960,EMBER,tourer,2,13,39.544,40.042,0.248,0.000,4,0,0,-621.046,7.679,-323.007,1.834
448.960,GOLD,moto,2,0,46.754,48.000,0.642,0.000,4,0,0,183.791,9.366,549.250,2.026
448.960,BLUE,atv,2,16,37.224,37.776,0.286,0.000,4,0,0,-620.518,9.023,459.619,1.521
449.220,YOU reference pilot,original,2,13,40.625,41.781,0.584,0.000,4,0,0,-620.569,7.586,-344.400,1.826
449.220,EMBER,tourer,2,13,39.535,40.027,0.245,0.000,4,0,0,-621.276,7.722,-312.729,1.829
449.220,GOLD,moto,2,0,47.107,48.000,0.457,0.000,4,0,0,195.877,9.225,550.981,2.013
449.220,BLUE,atv,2,16,34.879,33.432,0.000,0.422,4,0,0,-618.029,8.896,468.615,1.489
449.480,YOU reference pilot,original,2,13,40.763,41.855,0.551,0.000,4,0,0,-620.801,7.633,-333.820,1.829
449.480,EMBER,tourer,2,13,39.525,40.016,0.245,0.000,4,0,0,-621.498,7.763,-302.454,1.819
449.480,GOLD,moto,2,0,47.308,48.000,0.352,0.000,4,0,0,208.011,9.067,552.853,1.949
449.480,BLUE,atv,2,16,32.502,31.088,0.000,0.412,4,0,0,-615.480,8.774,476.990,1.473
449.760,YOU reference pilot,original,2,13,40.886,41.933,0.528,0.000,4,0,0,-621.059,7.682,-322.390,1.835
449.760,EMBER,tourer,2,13,39.515,40.007,0.246,0.000,4,0,0,-621.724,7.806,-291.390,1.810
449.760,GOLD,moto,2,0,44.459,43.627,0.000,0.245,4,0,0,220.733,8.897,554.843,1.865
449.760,BLUE,atv,2,16,29.553,28.172,0.000,0.402,4,0,0,-612.816,8.656,485.229,1.473
450.020,YOU reference pilot,original,2,13,40.985,42.006,0.514,0.000,4,0,0,-621.297,7.726,-311.748,1.829
450.020,EMBER,tourer,2,13,39.508,40.004,0.248,0.000,4,0,0,-621.920,7.846,-281.120,1.805
450.020,GOLD,moto,2,0,41.130,39.533,0.000,0.466,4,0,0,231.688,8.752,556.488,1.806
450.020,BLUE,atv,2,16,26.687,24.917,0.000,0.514,4,0,0,-610.558,8.567,492.146,1.474
450.280,YOU reference pilot,original,2,13,41.073,42.077,0.505,0.000,4,0,0,-621.526,7.768,-301.082,1.818
450.280,EMBER,tourer,2,13,39.503,40.004,0.250,0.000,4,0,0,-622.103,7.884,-270.850,1.804
450.280,GOLD,moto,2,0,38.234,37.200,0.000,0.302,4,0,0,241.895,8.624,557.878,1.775
450.280,BLUE,atv,2,16,23.912,22.496,0.000,0.412,4,0,0,-608.644,8.504,498.378,1.426
450.560,YOU reference pilot,original,2,13,41.160,42.153,0.499,0.000,4,0,0,-621.759,7.813,-289.571,1.809
450.560,EMBER,tourer,2,13,39.500,40.008,0.254,0.000,4,0,0,-622.289,7.925,-259.791,1.806
450.560,GOLD,moto,2,0,35.375,34.815,0.000,0.165,4,0,0,252.079,8.515,559.035,1.753
450.560,BLUE,atv,2,16,20.554,19.755,0.000,0.233,4,0,0,-607.072,8.464,504.322,1.390
450.820,YOU reference pilot,original,2,13,41.235,42.222,0.496,0.000,4,0,0,-621.960,7.854,-278.861,1.805
450.820,EMBER,tourer,2,13,39.501,40.016,0.257,0.000,4,0,0,-622.455,7.963,-249.523,1.809
450.820,GOLD,moto,2,0,32.386,30.220,0.000,0.630,4,0,0,260.771,8.449,559.775,1.692
450.820,BLUE,atv,2,16,17.175,15.571,0.000,0.465,4,0,0,-606.054,8.444,509.138,1.490
451.080,YOU reference pilot,original,2,13,41.255,42.289,0.517,0.000,4,0,0,-622.276,7.895,-268.137,1.687
451.080,EMBER,tourer,2,13,39.505,40.027,0.261,0.000,4,0,0,-622.615,8.000,-239.253,1.812
451.080,GOLD,moto,2,0,29.242,27.211,0.000,0.590,4,0,0,268.709,8.420,560.208,1.658
451.080,BLUE,atv,2,16,15.174,14.746,0.000,0.125,4,0,0,-605.388,8.430,513.216,1.667
451.360,YOU reference pilot,original,2,13,41.289,42.360,0.539,0.000,4,0,0,-623.368,7.937,-256.634,0.925
451.360,EMBER,tourer,2,13,39.513,40.043,0.265,0.000,4,0,0,-622.783,8.040,-228.192,1.814
451.360,GOLD,moto,2,0,25.979,23.825,0.000,0.626,4,0,0,276.372,8.415,560.366,1.648
451.360,BLUE,atv,2,16,13.440,12.492,0.000,0.275,4,0,0,-604.869,8.423,517.205,1.890
451.620,YOU reference pilot,original,2,13,41.376,42.424,0.527,0.000,4,0,0,-624.838,7.976,-245.987,0.910
451.620,EMBER,tourer,2,13,39.524,40.062,0.269,0.000,4,0,0,-622.936,8.076,-217.918,1.816
451.620,GOLD,moto,2,0,23.095,22.823,0.000,0.000,4,0,0,282.660,8.427,560.271,1.652
451.620,BLUE,atv,2,16,11.800,11.448,0.000,0.000,4,0,0,-604.474,8.423,520.437,2.113
451.880,YOU reference pilot,original,2,13,41.429,42.426,0.500,0.000,4,0,0,-626.189,8.014,-235.305,1.933
451.880,EMBER,tourer,2,13,39.538,40.084,0.274,0.000,4,0,0,-623.087,8.112,-207.641,1.817
451.880,GOLD,moto,2,0,19.524,18.386,0.000,0.331,4,0,0,288.136,8.448,559.999,1.660
451.880,BLUE,atv,2,16,11.882,12.900,0.585,0.000,4,0,0,-604.043,8.428,523.402,2.336
452.160,YOU reference pilot,original,2,13,41.317,42.426,0.557,0.000,4,0,0,-626.970,8.056,-223.740,2.511
452.160,EMBER,tourer,2,13,39.553,40.112,0.280,0.000,4,0,0,-623.225,8.151,-196.569,1.838
452.160,GOLD,moto,2,0,16.337,13.347,0.000,0.867,4,0,0,293.238,8.473,559.572,1.661
452.160,BLUE,atv,2,16,13.689,14.662,0.554,0.000,4,0,0,-603.294,8.439,526.860,2.562
452.420,YOU reference pilot,original,2,13,41.284,42.426,0.575,0.000,4,0,0,-626.492,8.093,-213.014,1.901
452.420,EMBER,tourer,2,13,39.566,40.141,0.289,0.000,4,0,0,-623.143,8.186,-186.284,2.054
452.420,GOLD,moto,2,0,13.422,13.201,0.000,0.000,4,0,0,296.972,8.489,559.174,1.626
452.420,BLUE,atv,2,17,16.410,22.535,1.000,0.000,4,0,0,-601.920,8.461,530.541,2.356
452.680,YOU reference pilot,original,2,13,41.365,42.426,0.533,0.000,4,0,0,-625.353,8.131,-202.327,0.814
452.680,EMBER,tourer,2,13,39.593,40.174,0.292,0.000,4,0,0,-622.846,8.222,-175.997,2.477
452.680,GOLD,moto,2,0,12.568,11.341,0.000,0.356,4,0,0,300.362,8.500,558.786,1.531
452.680,BLUE,atv,2,17,18.939,26.515,1.000,0.000,4,0,0,-599.366,8.490,534.405,1.221
452.960,YOU reference pilot,original,2,13,41.444,42.426,0.494,0.000,4,0,0,-624.328,8.171,-190.777,0.954
452.960,EMBER,tourer,2,13,39.625,40.213,0.296,0.000,4,0,0,-622.498,8.260,-164.912,2.966
452.960,GOLD,moto,2,0,9.803,8.879,0.000,0.268,4,0,0,303.407,8.495,558.439,1.431
452.960,BLUE,atv,2,17,21.385,28.609,1.000,0.000,4,0,0,-595.024,8.505,538.057,0.642
453.220,YOU reference pilot,original,2,13,41.496,42.426,0.467,0.000,4,0,0,-623.372,8.208,-180.037,1.920
453.220,EMBER,tourer,2,14,39.654,40.253,0.301,0.000,4,0,0,-622.299,8.296,-154.608,3.301
453.220,GOLD,moto,2,0,8.971,8.916,0.000,0.000,4,0,0,305.812,8.430,558.157,1.439
453.220,BLUE,atv,2,17,23.513,32.756,1.000,0.000,4,0,0,-589.682,8.503,540.462,1.274
453.480,YOU reference pilot,original,2,13,41.521,42.426,0.453,0.000,4,0,0,-622.549,8.245,-169.275,2.856
453.480,EMBER,tourer,2,14,39.687,40.295,0.306,0.000,4,0,0,-622.267,8.332,-144.293,3.473
453.480,GOLD,moto,2,0,11.194,12.526,0.784,0.000,4,0,0,308.377,8.282,557.795,1.670
453.480,BLUE,atv,2,17,25.623,42.017,1.000,0.000,4,0,0,-583.404,8.497,541.765,1.412
453.760,YOU reference pilot,original,2,14,41.535,42.426,0.447,0.000,4,0,0,-622.045,8.285,-157.657,3.509
453.760,EMBER,tourer,2,14,39.728,40.344,0.310,0.000,4,0,0,-622.392,8.370,-133.175,3.504
453.760,GOLD,moto,2,0,12.218,9.963,0.000,0.648,4,0,0,311.799,7.925,556.996,2.351
453.760,BLUE,atv,2,17,27.857,46.476,1.000,0.000,4,0,0,-575.900,8.486,542.101,1.057
454.020,YOU reference pilot,original,2,14,41.549,42.426,0.439,0.000,4,0,0,-621.958,8.323,-146.856,3.742
454.020,EMBER,tourer,2,14,39.770,40.393,0.313,0.000,4,0,0,-622.596,8.406,-122.842,3.447
454.020,GOLD,moto,2,0,10.505,7.573,0.000,0.860,4,0,0,314.411,7.514,555.816,2.421
454.020,BLUE,atv,2,17,29.826,46.476,1.000,0.000,4,0,0,-568.389,8.474,541.722,0.570
454.280,YOU reference pilot,original,2,14,41.568,42.426,0.430,0.000,4,0,0,-622.138,8.360,-136.052,3.714
454.280,EMBER,tourer,2,14,39.814,40.444,0.317,0.000,4,0,0,-622.829,8.442,-112.499,3.362
454.280,GOLD,moto,2,0,10.937,24.000,1.000,0.000,4,0,0,316.397,7.639,554.325,1.348
454.280,BLUE,atv,2,17,31.664,46.476,1.000,0.000,4,0,0,-560.408,8.460,540.978,0.667
454.560,YOU reference pilot,original,2,14,41.587,42.426,0.420,0.000,4,0,0,-622.473,8.401,-124.415,3.546
454.560,EMBER,tourer,2,14,39.863,40.502,0.321,0.000,4,0,0,-623.071,8.482,-101.346,3.283
454.560,GOLD,moto,2,0,14.309,24.000,1.000,0.000,4,0,0,318.603,8.209,551.573,0.472
454.560,BLUE,atv,2,17,33.481,46.476,1.000,0.000,4,0,0,-551.315,8.446,540.031,1.208
454.820,YOU reference pilot,original,2,14,41.599,42.426,0.414,0.000,4,0,0,-622.800,8.438,-113.606,3.375
454.820,EMBER,tourer,2,14,39.911,40.559,0.326,0.000,4,0,0,-623.268,8.518,-90.977,3.239
454.820,GOLD,moto,2,0,17.060,24.000,1.000,0.000,4,0,0,320.257,8.891,547.878,0.973
454.820,BLUE,atv,2,17,35.025,46.476,1.000,0.000,4,0,0,-542.434,8.434,539.162,1.598
455.080,YOU reference pilot,original,2,14,41.607,42.426,0.410,0.000,4,0,0,-623.081,8.476,-102.793,3.253
455.080,EMBER,tourer,2,14,39.961,40.617,0.330,0.000,4,0,0,-623.439,8.555,-80.595,3.224
455.080,GOLD,moto,2,0,19.604,24.000,1.000,0.000,4,0,0,321.183,9.760,543.257,1.356
455.080,BLUE,atv,2,17,36.443,46.476,1.000,0.000,4,0,0,-533.161,8.426,538.364,1.818
455.360,YOU reference pilot,original,2,14,41.614,42.426,0.407,0.000,4,0,0,-623.314,8.518,-91.144,3.192
455.360,EMBER,tourer,2,14,40.018,40.683,0.335,0.000,4,0,0,-623.606,8.596,-69.399,3.230
455.360,GOLD,moto,2,0,22.211,24.000,0.985,0.000,4,0,0,321.307,10.832,537.476,1.225
455.360,BLUE,atv,2,17,37.841,46.476,1.000,0.000,4,0,0,-522.773,8.423,537.589,1.901
455.620,YOU reference pilot,original,2,14,41.618,42.426,0.404,0.000,4,0,0,-623.481,8.556,-80.325,3.187
455.620,EMBER,tourer,2,14,40.072,40.746,0.339,0.000,4,0,0,-623.755,8.634,-58.988,3.245
455.620,GOLD,moto,2,0,23.293,24.000,0.372,0.000,4,0,0,320.801,11.940,531.642,0.760
455.620,BLUE,atv,2,17,39.030,46.476,1.000,0.000,4,0,0,-512.787,8.425,536.936,1.894
455.880,YOU reference pilot,original,2,14,41.622,42.426,0.403,0.000,4,0,0,-623.624,8.595,-69.505,3.210
455.880,EMBER,tourer,2,14,40.129,40.811,0.344,0.000,4,0,0,-623.909,8.673,-48.562,3.261
455.880,GOLD,moto,2,0,23.518,24.000,0.245,0.000,4,0,0,320.008,13.118,525.716,0.489
455.880,BLUE,atv,2,17,40.121,46.476,1.000,0.000,4,0,0,-502.502,8.433,536.335,1.857
456.160,YOU reference pilot,original,2,14,41.624,42.426,0.401,0.000,4,0,0,-623.776,8.638,-57.852,3.243
456.160,EMBER,tourer,2,14,40.191,40.883,0.348,0.000,4,0,0,-624.087,8.716,-37.318,3.274
456.160,GOLD,moto,2,0,23.557,24.000,0.222,0.000,4,0,0,319.111,14.434,519.320,0.926
456.160,BLUE,atv,2,17,41.196,46.476,1.000,0.000,4,0,0,-491.119,8.450,535.753,1.822
456.420,YOU reference pilot,original,2,14,41.625,42.426,0.401,0.000,4,0,0,-623.928,8.678,-47.030,3.268
456.420,EMBER,tourer,2,14,40.251,40.952,0.353,0.000,4,0,0,-624.263,8.757,-26.862,3.279
456.420,GOLD,moto,2,0,23.553,24.000,0.223,0.000,4,0,0,318.385,15.695,513.373,1.386
456.420,BLUE,atv,2,17,42.109,46.476,1.000,0.000,4,0,0,-480.289,8.474,535.290,1.817
456.680,YOU reference pilot,original,2,14,41.626,42.426,0.400,0.000,4,0,0,-624.098,8.720,-36.209,3.282
456.680,EMBER,tourer,2,14,40.312,41.021,0.357,0.000,4,0,0,-624.447,8.799,-16.390,3.279
456.680,GOLD,moto,3,0,17.070,11.761,0.000,1.000,4,0,0,317.843,16.830,508.179,1.724
456.680,BLUE,atv,2,17,42.946,46.476,1.000,0.000,4,0,0,-469.229,8.507,534.899,1.860
456.960,YOU reference pilot,original,2,14,41.627,42.426,0.400,0.000,4,0,0,-624.296,8.766,-24.555,3.285
456.960,EMBER,tourer,2,14,40.380,41.098,0.362,0.000,4,0,0,-624.654,8.845,-5.095,3.275
456.960,GOLD,moto,3,0,12.211,11.781,0.000,0.138,4,0,0,317.311,17.673,504.448,2.119
456.960,BLUE,atv,2,17,43.770,46.476,1.000,0.000,4,0,0,-457.085,8.557,534.524,1.857
457.220,YOU reference pilot,original,2,14,41.627,42.426,0.400,0.000,4,0,0,-624.492,8.810,-13.734,3.282
457.220,EMBER,tourer,2,14,40.443,41.170,0.366,0.000,4,0,0,-624.849,8.889,5.411,3.272
457.220,GOLD,moto,3,0,11.502,11.799,0.146,0.000,4,0,0,316.762,18.336,501.553,2.568
457.220,BLUE,atv,2,17,44.468,46.476,1.000,0.000,4,0,0,-445.612,8.620,534.179,1.817
457.480,YOU reference pilot,original,2,14,41.627,42.426,0.400,0.000,4,0,0,-624.693,8.854,-2.913,3.276
457.480,EMBER,tourer,2,14,40.508,41.243,0.370,0.000,4,0,0,-625.046,8.933,15.934,3.268
457.480,GOLD,moto,3,0,11.488,11.816,0.164,0.000,4,0,0,316.177,18.994,498.699,3.068
457.480,BLUE,atv,2,17,44.996,46.476,0.756,0.000,4,0,0,-433.976,8.691,533.809,1.776
457.760,YOU reference pilot,original,2,14,41.627,42.426,0.400,0.000,4,0,0,-624.911,8.902,8.740,3.270
457.760,EMBER,tourer,2,14,40.580,41.322,0.374,0.000,4,0,0,-625.258,8.980,27.284,3.266
457.760,GOLD,moto,3,0,11.497,11.834,0.169,0.000,4,0,0,315.576,19.711,495.621,3.590
457.760,BLUE,atv,2,17,45.330,46.476,0.582,0.000,4,0,0,-421.331,8.773,533.372,1.750
458.020,YOU reference pilot,original,2,14,41.626,42.426,0.400,0.000,4,0,0,-625.115,8.948,19.561,3.267
458.020,EMBER,tourer,2,14,40.646,41.396,0.377,0.000,4,0,0,-625.456,9.025,37.842,3.265
458.020,GOLD,moto,3,0,11.507,11.851,0.172,0.000,4,0,0,315.092,20.389,492.750,4.016
458.020,BLUE,atv,2,17,45.516,46.476,0.486,0.000,4,0,0,-409.526,8.852,532.937,1.744
458.280,YOU reference pilot,original,2,14,41.626,42.426,0.400,0.000,4,0,0,-625.317,8.994,30.382,3.265
458.280,EMBER,tourer,2,14,40.714,41.470,0.381,0.000,4,0,0,-625.653,9.070,48.418,3.264
458.280,GOLD,moto,3,0,11.517,11.866,0.175,0.000,4,0,0,314.702,21.084,489.865,4.363
458.280,BLUE,atv,2,17,45.633,46.476,0.425,0.000,4,0,0,-397.683,8.932,532.483,1.749
458.560,YOU reference pilot,original,2,14,41.626,42.426,0.400,0.000,4,0,0,-625.534,9.043,42.035,3.264
458.560,EMBER,tourer,2,14,40.787,41.550,0.384,0.000,4,0,0,-625.865,9.118,59.827,3.265
458.560,GOLD,moto,3,0,11.529,11.882,0.177,0.000,4,0,0,314.393,21.840,486.744,4.642
458.560,BLUE,atv,2,17,45.711,46.476,0.385,0.000,4,0,0,-384.903,9.019,531.989,1.760
458.820,YOU reference pilot,original,2,14,41.626,42.426,0.400,0.000,4,0,0,-625.736,9.089,52.855,3.264
458.820,EMBER,tourer,2,14,40.847,41.569,0.363,0.000,4,0,0,-626.061,9.163,70.438,3.265
458.820,GOLD,moto,3,0,11.539,11.896,0.179,0.000,4,0,0,314.200,22.553,483.839,4.825
458.820,BLUE,atv,2,18,45.757,46.476,0.361,0.000,4,0,0,-373.020,9.098,531.535,1.769
459.080,YOU reference pilot,original,2,14,41.625,42.426,0.400,0.000,4,0,0,-625.936,9.134,63.676,3.265
459.080,EMBER,tourer,2,15,40.880,41.569,0.345,0.000,4,0,0,-626.310,9.207,81.061,3.212
459.080,GOLD,moto,3,0,11.547,11.909,0.182,0.000,4,0,0,314.085,23.287,480.932,4.937
459.080,BLUE,atv,2,18,45.786,46.476,0.346,0.000,4,0,0,-361.128,9.174,531.090,1.776
459.360,YOU reference pilot,original,2,15,41.612,42.426,0.407,0.000,4,0,0,-626.169,9.183,75.328,3.248
459.360,EMBER,tourer,2,15,40.904,41.569,0.334,0.000,4,0,0,-626.859,9.255,92.498,2.879
459.360,GOLD,moto,3,0,11.554,11.923,0.185,0.000,4,0,0,314.025,24.097,477.803,4.988
459.360,BLUE,atv,2,18,45.807,46.476,0.335,0.000,4,0,0,-348.313,9.251,530.627,1.780
459.620,YOU reference pilot,original,2,15,41.460,42.426,0.483,0.000,4,0,0,-626.984,9.228,86.098,2.644
459.620,EMBER,tourer,2,15,40.925,41.569,0.323,0.000,4,0,0,-627.541,9.298,103.114,2.402
459.620,GOLD,moto,3,0,11.561,11.934,0.187,0.000,4,0,0,314.013,24.856,474.897,4.988
459.620,BLUE,atv,2,18,45.820,46.476,0.328,0.000,4,0,0,-336.408,9.316,530.214,1.782
459.880,YOU reference pilot,original,2,15,41.473,42.426,0.479,0.000,4,0,0,-628.732,9.272,96.736,1.198
459.880,EMBER,tourer,2,15,40.937,41.569,0.316,0.000,4,0,0,-628.180,9.340,113.738,1.969
459.880,GOLD,moto,3,0,11.568,11.945,0.189,0.000,4,0,0,314.025,25.623,471.990,4.961
459.880,BLUE,atv,2,18,45.830,46.476,0.323,0.000,4,0,0,-324.500,9.375,529.820,1.783
460.160,YOU reference pilot,original,2,15,41.506,42.426,0.461,0.000,4,0,0,-630.851,9.318,108.161,1.117
460.160,EMBER,tourer,2,15,40.944,41.569,0.313,0.000,4,0,0,-628.687,9.385,125.190,1.679
460.160,GOLD,moto,3,0,11.575,11.956,0.190,0.000,4,0,0,314.052,26.458,468.860,4.915
460.160,BLUE,atv,2,18,45.838,46.476,0.319,0.000,4,0,0,-311.673,9.429,529.420,1.785
460.420,YOU reference pilot,original,2,15,41.483,42.426,0.471,0.000,4,0,0,-632.388,9.360,118.841,2.352
460.420,EMBER,tourer,2,15,40.949,41.569,0.310,0.000,4,0,0,-628.970,9.425,135.832,1.581
460.420,GOLD,moto,3,0,11.582,11.964,0.192,0.000,4,0,0,314.079,27.239,465.954,4.867
460.420,BLUE,atv,2,18,45.844,46.476,0.316,0.000,4,0,0,-299.759,9.469,529.077,1.787
460.680,YOU reference pilot,original,2,15,41.288,42.426,0.565,0.000,4,0,0,-633.042,9.402,129.589,2.809
460.680,EMBER,tourer,2,15,40.956,41.569,0.307,0.000,4,0,0,-629.119,9.464,146.479,1.601
460.680,GOLD,moto,3,0,11.587,11.972,0.193,0.000,4,0,0,314.103,28.025,463.046,4.822
460.680,BLUE,atv,2,18,45.850,46.476,0.313,0.000,4,0,0,-287.842,9.496,528.767,1.790
460.960,YOU reference pilot,original,2,15,41.280,42.426,0.578,0.000,4,0,0,-632.328,9.445,141.125,1.943
460.960,EMBER,tourer,2,15,40.961,41.569,0.304,0.000,4,0,0,-629.205,9.504,157.947,1.684
460.960,GOLD,moto,3,0,11.593,11.980,0.194,0.000,4,0,0,314.120,28.877,459.916,4.781
460.960,BLUE,atv,2,18,45.857,46.476,0.310,0.000,4,0,0,-275.006,9.508,528.477,1.796
461.220,YOU reference pilot,original,2,15,41.381,42.426,0.526,0.000,4,0,0,-631.072,9.483,151.799,0.766
461.220,EMBER,tourer,2,15,40.965,41.569,0.302,0.000,4,0,0,-629.270,9.539,168.598,1.767
461.220,GOLD,moto,3,0,5.051,11.981,0.194,0.000,4,0,0,314.126,29.465,457.766,4.758
461.220,BLUE,atv,2,18,45.864,46.476,0.306,0.000,4,0,0,-263.084,9.500,528.250,1.803
461.480,YOU reference pilot,original,2,15,41.437,42.426,0.496,0.000,4,0,0,-629.940,9.519,162.508,1.098
461.480,EMBER,tourer,2,15,40.968,41.569,0.301,0.000,4,0,0,-629.352,9.572,179.249,1.825
461.480,GOLD,moto,3,0,0.548,11.981,0.194,0.000,4,0,0,314.127,29.588,457.325,4.753
461.480,BLUE,atv,2,18,45.871,46.476,0.303,0.000,4,0,0,-251.159,9.473,528.061,1.804
461.760,YOU reference pilot,original,2,15,41.468,42.426,0.481,0.000,4,0,0,-629.151,9.557,174.089,1.949
461.760,EMBER,tourer,2,15,40.971,41.569,0.299,0.000,4,0,0,-629.466,9.605,190.720,1.853
461.760,GOLD,moto,3,0,-0.203,11.981,0.194,0.000,4,0,0,314.127,29.598,457.288,4.753
461.760,BLUE,atv,2,18,45.880,46.476,0.298,0.000,4,0,0,-238.315,9.428,527.895,1.801
462.020,YOU reference pilot,original,2,15,41.493,42.426,0.468,0.000,4,0,0,-628.888,9.589,184.872,2.334
462.020,EMBER,tourer,2,15,40.973,41.569,0.298,0.000,4,0,0,-629.589,9.633,201.372,1.852
462.020,GOLD,moto,3,0,-0.816,11.981,0.194,0.000,4,0,0,314.127,29.561,457.423,4.754
462.020,BLUE,atv,2,18,45.887,46.476,0.295,0.000,4,0,0,-226.386,9.375,527.769,1.796
462.280,YOU reference pilot,original,2,15,41.523,42.396,0.437,0.000,4,0,0,-628.979,9.618,195.664,2.371
462.280,EMBER,tourer,2,15,40.975,41.569,0.297,0.000,4,0,0,-629.718,9.657,212.024,1.832
462.280,GOLD,moto,3,0,-1.359,11.981,0.194,0.000,4,0,0,314.127,29.484,457.702,4.757
462.280,BLUE,atv,2,18,45.894,46.476,0.291,0.000,4,0,0,-214.454,9.312,527.666,1.792
462.560,YOU reference pilot,original,2,15,41.538,42.327,0.394,0.000,4,0,0,-629.288,9.647,207.290,2.194
462.560,EMBER,tourer,2,15,40.977,41.569,0.296,0.000,4,0,0,-629.864,9.680,223.497,1.821
462.560,GOLD,moto,3,0,-1.873,11.981,0.194,0.000,4,0,0,314.126,29.363,458.145,4.761
462.560,BLUE,atv,2,18,45.900,46.476,0.288,0.000,4,0,0,-201.604,9.235,527.577,1.788
462.820,YOU reference pilot,original,2,15,41.533,42.260,0.363,0.000,4,0,0,-629.623,9.669,218.084,1.984
462.820,EMBER,tourer,2,15,40.979,41.569,0.295,0.000,4,0,0,-630.010,9.699,234.150,1.824
462.820,GOLD,moto,3,0,-2.293,11.981,0.194,0.000,4,0,0,314.126,29.219,458.673,4.766
462.820,BLUE,atv,2,18,45.905,46.476,0.285,0.000,4,0,0,-189.669,9.157,527.512,1.786
463.080,YOU reference pilot,original,2,15,41.512,42.192,0.339,0.000,4,0,0,-629.924,9.690,228.876,1.833
463.080,EMBER,tourer,2,15,40.981,41.569,0.294,0.000,4,0,0,-630.170,9.717,244.804,1.832
463.080,GOLD,moto,3,0,-2.664,11.981,0.194,0.000,4,0,0,314.125,29.048,459.299,4.772
463.080,BLUE,atv,2,18,45.910,46.476,0.283,0.000,4,0,0,-177.733,9.074,527.462,1.784
463.360,YOU reference pilot,original,2,15,41.418,42.117,0.348,0.000,4,0,0,-630.428,9.710,240.478,1.529
463.360,EMBER,tourer,2,15,40.982,41.569,0.294,0.000,4,0,0,-630.359,9.733,256.277,1.838
463.360,GOLD,moto,3,0,-3.015,11.981,0.194,0.000,4,0,0,314.124,28.837,460.070,4.779
463.360,BLUE,atv,2,18,45.914,46.476,0.281,0.000,4,0,0,-164.878,8.981,527.424,1.783
463.620,YOU reference pilot,original,2,15,41.359,42.046,0.343,0.000,4,0,0,-631.591,9.726,251.175,0.762
463.620,EMBER,tourer,2,15,40.984,41.569,0.293,0.000,4,0,0,-630.547,9.746,266.931,1.839
463.620,GOLD,moto,3,0,-3.301,11.981,0.194,0.000,4,0,0,314.123,28.620,460.866,4.786
463.620,BLUE,atv,2,18,45.916,46.476,0.280,0.000,4,0,0,-152.941,8.893,527.401,1.782
463.880,YOU reference pilot,original,2,15,41.332,41.974,0.320,0.000,4,0,0,-633.070,9.741,261.823,1.105
463.880,EMBER,tourer,2,15,40.985,41.569,0.292,0.000,4,0,0,-630.741,9.757,277.585,1.835
463.880,GOLD,moto,3,0,-3.554,11.981,0.194,0.000,4,0,0,314.121,28.385,461.729,4.794
463.880,BLUE,atv,2,19,45.918,46.476,0.279,0.000,4,0,0,-141.003,8.806,527.388,1.780
464.160,YOU reference pilot,original,2,15,41.266,41.896,0.313,0.000,4,0,0,-634.440,9.753,273.307,2.158
464.160,EMBER,tourer,2,15,40.986,41.569,0.291,0.000,4,0,0,-630.949,9.766,289.060,1.828
464.160,GOLD,moto,3,0,-3.792,11.981,0.194,0.000,4,0,0,314.120,28.115,462.724,4.803
464.160,BLUE,atv,2,19,45.919,46.476,0.278,0.000,4,0,0,-128.146,8.715,527.384,1.779
464.420,YOU reference pilot,original,2,15,41.039,41.823,0.389,0.000,4,0,0,-634.967,9.763,283.997,2.483
464.420,EMBER,tourer,2,15,40.988,41.569,0.291,0.000,4,0,0,-631.130,9.772,299.715,1.819
464.420,GOLD,moto,3,0,-3.986,11.981,0.194,0.000,4,0,0,314.118,27.850,463.702,4.812
464.420,BLUE,atv,2,19,45.919,46.476,0.278,0.000,4,0,0,-116.207,8.636,527.386,1.777
464.680,YOU reference pilot,original,2,15,40.962,41.748,0.395,0.000,4,0,0,-634.351,9.770,294.638,1.728
464.680,EMBER,tourer,2,16,40.989,41.569,0.290,0.000,4,0,0,-631.291,9.775,310.371,1.809
464.680,GOLD,moto,3,0,-4.156,11.981,0.194,0.000,4,0,0,314.117,27.573,464.726,4.822
464.680,BLUE,atv,2,19,45.918,46.476,0.279,0.000,4,0,0,-104.269,8.565,527.391,1.775
464.960,YOU reference pilot,original,2,16,40.914,41.668,0.377,0.000,4,0,0,-633.335,9.774,306.062,0.770
464.960,EMBER,tourer,2,16,40.991,41.569,0.289,0.000,4,0,0,-631.430,9.775,321.847,1.799
464.960,GOLD,moto,3,0,-4.315,11.981,0.194,0.000,4,0,0,314.115,27.263,465.873,4.832
464.960,BLUE,atv,2,19,45.915,46.476,0.280,0.000,4,0,0,-91.412,8.503,527.395,1.774
465.220,YOU reference pilot,original,2,16,40.824,41.594,0.385,0.000,4,0,0,-633.210,9.775,316.687,0.669
465.220,EMBER,tourer,2,16,40.992,41.569,0.289,0.000,4,0,0,-631.516,9.772,332.505,1.789
465.220,GOLD,moto,3,0,-4.445,11.981,0.194,0.000,4,0,0,314.113,26.967,466.974,4.841
465.220,BLUE,atv,2,19,45.911,46.476,0.282,0.000,4,0,0,-79.475,8.465,527.386,1.773
465.480,YOU reference pilot,original,2,16,40.820,41.519,0.350,0.000,4,0,0,-633.792,9.774,327.285,0.912
465.480,EMBER,tourer,2,16,40.994,41.569,0.288,0.000,4,0,0,-631.548,9.766,343.163,1.779
465.480,GOLD,moto,3,0,-4.557,11.981,0.194,0.000,4,0,0,314.112,26.663,468.105,4.850
465.480,BLUE,atv,2,19,45.906,46.476,0.285,0.000,4,0,0,-67.539,8.436,527.356,1.763
465.760,YOU reference pilot,original,2,16,40.813,41.439,0.312,0.000,4,0,0,-634.665,9.769,338.681,1.600
465.760,EMBER,tourer,2,16,40.995,41.569,0.287,0.000,4,0,0,-631.506,9.755,354.642,1.766
465.760,GOLD,moto,3,0,-4.662,11.981,0.194,0.000,4,0,0,314.110,26.329,469.353,4.861
465.760,BLUE,atv,2,19,45.901,46.476,0.287,0.000,4,0,0,-54.687,8.407,527.296,1.751
466.020,YOU reference pilot,original,2,16,40.744,41.366,0.307,0.000,4,0,0,-635.294,9.760,349.269,2.207
466.020,EMBER,tourer,2,16,40.996,41.569,0.287,0.000,4,0,0,-631.376,9.741,365.300,1.752
466.020,GOLD,moto,3,0,-4.746,11.981,0.194,0.000,4,0,0,314.108,26.014,470.536,4.870
466.020,BLUE,atv,2,19,45.898,46.476,0.289,0.000,4,0,0,-42.753,8.385,527.226,1.747
466.280,YOU reference pilot,original,2,16,40.555,41.292,0.366,0.000,4,0,0,-635.117,9.748,359.838,2.128
466.280,EMBER,tourer,2,16,40.997,41.569,0.286,0.000,4,0,0,-631.137,9.722,375.956,1.735
466.280,GOLD,moto,3,0,-4.819,11.981,0.194,0.000,4,0,0,314.106,25.694,471.739,4.879
466.280,BLUE,atv,2,19,45.894,46.476,0.291,0.000,4,0,0,-30.821,8.373,527.162,1.752
466.560,YOU reference pilot,original,2,16,40.542,41.214,0.337,0.000,4,0,0,-633.886,9.731,371.124,1.200
466.560,EMBER,tourer,2,16,40.997,41.569,0.286,0.000,4,0,0,-630.725,9.696,387.428,1.713
466.560,GOLD,moto,3,0,-4.885,11.981,0.194,0.000,4,0,0,314.104,25.346,473.053,4.889
466.560,BLUE,atv,2,19,44.431,43.348,0.000,0.318,4,0,0,-18.222,8.369,527.135,1.764
466.820,YOU reference pilot,original,2,16,40.473,41.143,0.334,0.000,4,0,0,-632.904,9.710,381.612,0.739
466.820,EMBER,tourer,2,16,40.996,41.569,0.287,0.000,4,0,0,-630.159,9.666,398.073,1.688
466.820,GOLD,moto,3,0,-4.937,11.981,0.194,0.000,4,0,0,314.101,25.021,474.288,4.897
466.820,BLUE,atv,2,19,41.958,41.263,0.000,0.206,4,0,0,-6.999,8.377,527.188,1.778
467.080,YOU reference pilot,original,2,16,40.448,41.073,0.312,0.000,4,0,0,-632.586,9.684,392.126,0.828
467.080,EMBER,tourer,2,16,40.992,41.569,0.288,0.000,4,0,0,-629.364,9.629,408.702,1.651
467.080,GOLD,moto,3,0,-4.980,11.981,0.194,0.000,4,0,0,314.099,24.693,475.535,4.905
467.080,BLUE,atv,2,19,38.961,37.162,0.000,0.525,4,0,0,3.485,8.396,527.347,1.791
467.360,YOU reference pilot,original,2,16,40.435,40.998,0.281,0.000,4,0,0,-632.553,9.649,403.451,1.381
467.360,EMBER,tourer,2,16,40.989,41.569,0.290,0.000,4,0,0,-628.187,9.571,420.120,1.585
467.360,GOLD,moto,3,0,-5.019,11.981,0.194,0.000,4,0,0,314.097,24.339,476.889,4.913
467.360,BLUE,atv,2,19,34.211,34.465,0.000,0.000,4,0,0,13.676,8.427,527.660,1.799
467.620,YOU reference pilot,original,2,16,40.366,40.931,0.279,0.000,4,0,0,-632.324,9.607,413.956,2.057
467.620,EMBER,tourer,2,16,40.975,41.513,0.269,0.000,4,0,0,-626.742,9.493,430.679,1.520
467.620,GOLD,moto,3,0,-5.047,11.981,0.194,0.000,4,0,0,314.095,24.010,478.156,4.920
467.620,BLUE,atv,2,19,32.707,31.859,0.000,0.249,4,0,0,22.431,8.465,528.122,1.786
467.880,YOU reference pilot,original,2,16,40.113,40.865,0.371,0.000,4,0,0,-631.247,9.545,424.368,2.247
467.880,EMBER,tourer,2,16,39.698,38.910,0.000,0.228,4,0,0,-624.946,9.395,441.043,1.463
467.880,GOLD,moto,3,0,-5.069,11.981,0.194,0.000,4,0,0,314.092,23.682,479.430,4.927
467.880,BLUE,atv,2,19,30.986,30.473,0.000,0.153,4,0,0,30.668,8.512,528.815,1.729
468.160,YOU reference pilot,original,2,16,39.655,39.983,0.000,0.000,4,0,0,-628.730,9.456,435.294,1.509
468.160,EMBER,tourer,2,16,37.110,37.556,0.050,0.000,4,0,0,-622.704,9.276,451.575,1.428
468.160,GOLD,moto,3,0,-5.086,11.981,0.194,0.000,4,0,0,314.090,23.329,480.807,4.933
468.160,BLUE,atv,2,19,30.004,30.342,0.175,0.000,4,0,0,39.131,8.590,529.942,1.704
468.420,YOU reference pilot,original,2,16,37.532,38.876,0.688,0.000,4,0,0,-626.113,9.358,444.867,0.889
468.420,EMBER,tourer,2,16,34.388,34.582,0.000,0.000,4,0,0,-620.446,9.159,460.552,1.422
468.420,GOLD,moto,3,0,-5.096,11.981,0.194,0.000,4,0,0,314.087,23.002,482.089,4.937
468.420,BLUE,atv,2,19,31.287,31.483,0.000,0.000,4,0,0,47.010,8.724,531.503,1.797
468.680,YOU reference pilot,original,2,16,36.314,35.866,0.000,0.131,4,0,0,-623.950,9.248,454.238,0.865
468.680,EMBER,tourer,2,16,32.439,30.538,0.000,0.543,4,0,0,-618.077,9.042,468.878,1.438
468.680,GOLD,moto,3,0,-5.102,11.981,0.194,0.000,4,0,0,314.085,22.677,483.374,4.940
468.680,BLUE,atv,2,19,31.153,30.080,0.000,0.315,4,0,0,54.873,8.933,533.550,2.160
468.960,YOU reference pilot,original,2,16,34.105,33.592,0.000,0.149,4,0,0,-621.985,9.123,463.805,1.261
468.960,EMBER,tourer,2,16,29.714,28.316,0.000,0.400,4,0,0,-615.492,8.921,477.166,1.472
468.960,GOLD,moto,3,0,-5.102,11.981,0.194,0.000,4,0,0,314.082,22.330,484.759,4.945
468.960,BLUE,atv,2,19,30.490,30.633,0.068,0.000,4,0,0,63.069,9.211,535.986,2.610
469.220,YOU reference pilot,original,2,16,31.911,30.349,0.000,0.447,4,0,0,-620.191,9.006,472.171,1.809
469.220,EMBER,tourer,2,16,27.159,25.459,0.000,0.485,4,0,0,-613.179,8.821,484.173,1.515
469.220,GOLD,moto,3,0,-5.095,11.981,0.194,0.000,4,0,0,314.080,22.012,486.045,4.951
469.220,BLUE,atv,2,19,32.027,46.320,1.000,0.000,4,0,0,70.872,9.435,538.247,2.574
469.480,YOU reference pilot,original,2,16,29.304,27.703,0.000,0.459,4,0,0,-618.310,8.897,479.865,2.278
469.480,EMBER,tourer,2,16,24.834,24.114,0.000,0.207,4,0,0,-611.047,8.738,490.525,1.563
469.480,GOLD,moto,3,0,-5.081,11.981,0.194,0.000,4,0,0,314.078,21.700,487.330,4.960
469.480,BLUE,atv,2,19,33.609,46.245,1.000,0.000,4,0,0,79.180,9.546,540.285,2.065
469.760,YOU reference pilot,original,2,16,26.579,24.777,0.000,0.515,4,0,0,-615.892,8.794,487.287,2.270
469.760,EMBER,tourer,2,16,22.785,22.110,0.000,0.194,4,0,0,-609.004,8.670,496.825,1.589
469.760,GOLD,moto,3,0,-5.063,11.981,0.194,0.000,4,0,0,314.075,21.367,488.710,4.974
469.760,BLUE,atv,2,0,35.191,46.167,1.000,0.000,4,0,0,88.678,9.575,542.007,1.472
470.020,YOU reference pilot,original,2,16,24.331,23.268,0.000,0.305,4,0,0,-613.326,8.716,493.336,1.735
470.020,EMBER,tourer,2,16,19.921,18.168,0.000,0.500,4,0,0,-607.454,8.629,502.149,1.582
470.020,GOLD,moto,3,0,-5.044,11.981,0.194,0.000,4,0,0,314.073,21.059,489.987,4.990
470.020,BLUE,atv,2,0,36.555,46.097,1.000,0.000,4,0,0,97.954,9.597,543.124,1.179
470.280,YOU reference pilot,original,2,16,22.320,20.883,0.000,0.412,4,0,0,-611.145,8.658,498.976,1.386
470.280,EMBER,tourer,2,16,17.814,17.042,0.000,0.221,4,0,0,-606.302,8.604,506.912,1.663
470.280,GOLD,moto,3,0,-5.025,11.981,0.194,0.000,4,0,0,314.071,20.755,491.259,5.008
470.280,BLUE,atv,2,0,37.827,46.029,1.000,0.000,4,0,0,107.611,9.622,543.861,1.125
470.560,YOU reference pilot,original,2,16,19.426,18.428,0.000,0.285,4,0,0,-609.596,8.618,504.561,1.376
470.560,EMBER,tourer,2,16,14.589,13.691,0.000,0.257,4,0,0,-605.481,8.587,511.281,1.813
470.560,GOLD,moto,3,0,-5.003,11.981,0.194,0.000,4,0,0,314.069,20.429,492.624,5.031
470.560,BLUE,atv,2,0,39.097,45.959,1.000,0.000,4,0,0,118.383,9.631,544.392,1.238
470.820,YOU reference pilot,original,2,16,16.470,14.382,0.000,0.595,4,0,0,-608.783,8.596,509.172,1.452
470.820,EMBER,tourer,2,16,13.414,13.514,0.053,0.000,4,0,0,-604.982,8.578,514.865,1.970
470.820,GOLD,moto,3,0,-4.985,11.981,0.194,0.000,4,0,0,314.067,20.128,493.887,5.054
470.820,BLUE,atv,2,0,40.183,45.897,1.000,0.000,4,0,0,128.694,9.626,544.798,1.419
471.080,YOU reference pilot,original,2,16,14.254,13.638,0.000,0.176,4,0,0,-608.380,8.582,513.071,1.516
471.080,EMBER,tourer,2,16,11.593,9.984,0.000,0.458,4,0,0,-604.628,8.574,518.086,2.118
471.080,GOLD,moto,3,0,-4.966,11.981,0.194,0.000,4,0,0,314.066,19.831,495.145,5.080
471.080,BLUE,atv,2,0,41.184,45.837,1.000,0.000,4,0,0,139.274,9.608,545.254,1.605
471.360,YOU reference pilot,original,2,16,12.707,11.403,0.000,0.372,4,0,0,-608.164,8.575,516.830,1.585
471.360,EMBER,tourer,2,16,10.243,10.239,0.000,0.000,4,0,0,-604.318,8.575,521.108,2.265
471.360,GOLD,moto,3,0,-4.941,11.981,0.194,0.000,4,0,0,314.064,19.517,496.495,5.110
471.360,BLUE,atv,2,0,42.171,45.777,1.000,0.000,4,0,0,150.937,9.573,545.921,1.763
471.620,YOU reference pilot,original,2,16,11.028,9.784,0.000,0.355,4,0,0,-607.959,8.574,519.882,1.543
471.620,EMBER,tourer,2,16,10.525,10.642,0.063,0.000,4,0,0,-603.988,8.580,523.763,2.395
471.620,GOLD,moto,3,0,-4.916,11.981,0.194,0.000,4,0,0,314.063,19.229,497.743,5.141
471.620,BLUE,atv,2,0,43.011,45.724,1.000,0.000,4,0,0,161.987,9.524,546.790,1.863
471.880,YOU reference pilot,original,2,16,10.371,10.499,0.067,0.000,4,0,0,-607.487,8.577,522.576,1.260
471.880,EMBER,tourer,2,16,11.966,13.114,0.635,0.000,4,0,0,-603.463,8.589,526.629,2.479
471.880,GOLD,moto,3,0,-4.891,11.981,0.194,0.000,4,0,0,314.061,18.943,498.985,5.173
471.880,BLUE,atv,2,0,43.785,45.674,0.973,0.000,4,0,0,173.221,9.457,547.946,1.955
472.160,YOU reference pilot,original,2,16,11.434,12.405,0.543,0.000,4,0,0,-606.563,8.584,525.461,0.792
472.160,EMBER,tourer,2,17,14.223,17.568,1.000,0.000,4,0,0,-602.366,8.609,530.139,2.236
472.160,GOLD,moto,3,0,-4.864,11.981,0.194,0.000,4,0,0,314.059,18.638,500.316,5.211
472.160,BLUE,atv,2,0,44.350,45.625,0.652,0.000,4,0,0,185.476,9.345,549.497,2.011
472.420,YOU reference pilot,original,2,16,13.168,16.193,1.000,0.000,4,0,0,-605.183,8.595,528.339,0.709
472.420,EMBER,tourer,2,17,16.241,20.620,1.000,0.000,4,0,0,-600.441,8.633,533.642,1.300
472.420,GOLD,moto,3,0,-4.840,11.981,0.194,0.000,4,0,0,314.058,18.359,501.545,5.247
472.420,BLUE,atv,2,0,44.643,45.582,0.478,0.000,4,0,0,196.932,9.209,551.152,1.997
472.680,YOU reference pilot,original,2,17,15.356,18.344,1.000,0.000,4,0,0,-603.091,8.613,531.414,1.064
472.680,EMBER,tourer,2,17,17.972,23.937,1.000,0.000,4,0,0,-597.372,8.648,536.915,0.685
472.680,GOLD,moto,3,0,-4.815,11.981,0.194,0.000,4,0,0,314.056,18.082,502.769,5.285
472.680,BLUE,atv,2,0,44.810,45.544,0.372,0.000,4,0,0,208.429,9.061,552.923,1.941
472.960,YOU reference pilot,original,2,17,17.689,20.088,1.000,0.000,4,0,0,-599.801,8.637,534.716,0.900
472.960,EMBER,tourer,2,17,19.755,27.372,1.000,0.000,4,0,0,-592.825,8.652,539.667,1.399
472.960,GOLD,moto,3,0,-4.788,11.981,0.194,0.000,4,0,0,314.055,17.787,504.080,5.327
472.960,BLUE,atv,2,0,43.481,43.439,0.000,0.000,4,0,0,220.714,8.897,554.838,1.867
473.220,YOU reference pilot,original,2,17,19.723,21.497,0.965,0.000,4,0,0,-595.740,8.651,537.436,0.656
473.220,EMBER,tourer,2,17,21.407,33.818,1.000,0.000,4,0,0,-587.689,8.650,541.262,1.662
473.220,GOLD,moto,3,0,-4.764,11.981,0.194,0.000,4,0,0,314.053,17.515,505.291,5.368
473.220,BLUE,atv,2,0,40.895,39.431,0.000,0.427,4,0,0,231.550,8.754,556.463,1.811
473.480,YOU reference pilot,original,2,17,21.380,22.858,0.798,0.000,4,0,0,-590.938,8.652,539.846,1.095
473.480,EMBER,tourer,2,17,23.108,38.947,1.000,0.000,4,0,0,-581.919,8.645,541.950,1.467
473.480,GOLD,moto,3,0,-4.740,11.981,0.194,0.000,4,0,0,314.051,17.246,506.496,5.409
473.480,BLUE,atv,2,0,38.119,37.126,0.000,0.291,4,0,0,241.716,8.627,557.851,1.780
473.760,YOU reference pilot,original,2,17,23.133,37.040,1.000,0.000,4,0,0,-585.110,8.648,542.084,1.995
473.760,EMBER,tourer,2,17,24.938,41.569,1.000,0.000,4,0,0,-575.170,8.635,541.895,0.943
473.760,GOLD,moto,3,0,-4.714,11.981,0.194,0.000,4,0,0,314.050,16.961,507.788,5.455
473.760,BLUE,atv,2,0,35.236,34.579,0.000,0.193,4,0,0,251.867,8.517,559.010,1.757
474.020,YOU reference pilot,original,2,17,24.818,40.111,1.000,0.000,4,0,0,-579.057,8.640,543.667,2.805
474.020,EMBER,tourer,2,17,26.568,41.569,1.000,0.000,4,0,0,-568.476,8.623,541.372,0.654
474.020,GOLD,moto,3,0,-4.688,11.981,0.194,0.000,4,0,0,314.048,16.700,508.981,5.498
474.020,BLUE,atv,2,0,32.235,30.079,0.000,0.627,4,0,0,260.526,8.451,559.755,1.695
474.280,YOU reference pilot,original,2,17,26.292,40.121,1.000,0.000,4,0,0,-572.452,8.630,544.612,3.333
474.280,EMBER,tourer,2,17,28.097,41.569,1.000,0.000,4,0,0,-561.390,8.611,540.637,1.031
474.280,GOLD,moto,3,0,-4.662,11.981,0.194,0.000,4,0,0,314.046,16.441,510.168,5.542
474.280,BLUE,atv,2,0,29.336,27.054,0.000,0.663,4,0,0,268.438,8.421,560.196,1.662
474.560,YOU reference pilot,original,2,17,27.688,40.136,1.000,0.000,4,0,0,-564.876,8.617,544.486,3.086
474.560,EMBER,tourer,2,17,29.623,41.569,1.000,0.000,4,0,0,-553.333,8.599,539.807,1.548
474.560,GOLD,moto,3,0,-4.635,11.981,0.194,0.000,4,0,0,314.044,16.165,511.440,5.589
474.560,BLUE,atv,2,0,26.174,23.646,0.000,0.734,4,0,0,276.122,8.416,560.364,1.649
474.820,YOU reference pilot,original,2,17,29.048,32.924,1.000,0.000,4,0,0,-557.575,8.605,543.339,2.086
474.820,EMBER,tourer,2,17,30.935,41.546,1.000,0.000,4,0,0,-545.478,8.588,539.099,1.865
474.820,GOLD,moto,3,0,-4.610,11.981,0.194,0.000,4,0,0,314.043,15.912,512.614,5.634
474.820,BLUE,atv,2,0,23.120,22.462,0.000,0.193,4,0,0,282.414,8.427,560.278,1.652
475.080,YOU reference pilot,original,2,17,30.365,33.627,1.000,0.000,4,0,0,-550.006,8.594,541.717,0.912
475.080,EMBER,tourer,2,17,32.155,41.472,1.000,0.000,4,0,0,-537.286,8.580,538.476,2.005
475.080,GOLD,moto,3,0,-4.585,11.981,0.194,0.000,4,0,0,314.041,15.661,513.782,5.678
475.080,BLUE,atv,2,0,19.548,18.251,0.000,0.377,4,0,0,287.936,8.447,560.012,1.660
475.360,YOU reference pilot,original,2,17,31.542,40.202,1.000,0.000,4,0,0,-541.421,8.584,540.399,0.686
475.360,EMBER,tourer,2,17,33.374,41.392,1.000,0.000,4,0,0,-528.117,8.575,537.878,2.010
475.360,GOLD,moto,3,0,-4.559,11.981,0.194,0.000,4,0,0,314.039,15.394,515.033,5.726
475.360,BLUE,atv,2,0,16.372,14.387,0.000,0.576,4,0,0,293.036,8.472,559.592,1.661
475.620,YOU reference pilot,original,2,17,32.601,40.231,1.000,0.000,4,0,0,-533.080,8.577,539.992,0.658
475.620,EMBER,tourer,2,17,34.422,41.318,1.000,0.000,4,0,0,-519.307,8.573,537.355,1.949
475.620,GOLD,moto,3,0,-4.535,11.981,0.194,0.000,4,0,0,314.037,15.148,516.189,5.770
475.620,BLUE,atv,2,0,13.313,12.991,0.000,0.000,4,0,0,296.750,8.489,559.198,1.631
475.880,YOU reference pilot,original,2,17,33.643,40.262,1.000,0.000,4,0,0,-524.457,8.574,540.090,0.848
475.880,EMBER,tourer,2,17,35.396,41.244,1.000,0.000,4,0,0,-510.234,8.577,536.838,1.878
475.880,GOLD,moto,3,0,-4.511,11.981,0.194,0.000,4,0,0,314.035,14.905,517.339,5.814
475.880,BLUE,atv,2,0,12.474,11.276,0.000,0.348,4,0,0,300.093,8.499,558.814,1.544
476.160,YOU reference pilot,original,2,17,34.682,40.300,1.000,0.000,4,0,0,-514.882,8.574,540.337,1.570
476.160,EMBER,tourer,2,17,36.366,41.166,1.000,0.000,4,0,0,-500.192,8.587,536.283,1.826
476.160,GOLD,moto,3,0,-4.486,11.981,0.194,0.000,4,0,0,314.032,14.646,518.572,5.860
476.160,BLUE,atv,2,0,9.649,8.597,0.000,0.305,4,0,0,303.106,8.497,558.470,1.436
476.420,YOU reference pilot,original,2,17,35.554,40.339,1.000,0.000,4,0,0,-505.741,8.580,540.434,2.204
476.420,EMBER,tourer,2,17,37.200,41.094,1.000,0.000,4,0,0,-490.631,8.602,535.788,1.815
476.420,GOLD,moto,3,0,-4.463,11.981,0.194,0.000,4,0,0,314.030,14.408,519.710,5.903
476.420,BLUE,atv,2,0,8.875,8.633,0.000,0.000,4,0,0,305.456,8.442,558.199,1.413
476.680,YOU reference pilot,original,2,17,36.243,40.381,1.000,0.000,4,0,0,-496.404,8.591,540.025,2.331
476.680,EMBER,tourer,2,17,37.973,41.023,1.000,0.000,4,0,0,-480.860,8.624,535.339,1.837
476.680,GOLD,moto,3,0,-4.441,11.981,0.194,0.000,4,0,0,314.027,14.172,520.843,5.944
476.680,BLUE,atv,2,0,10.296,12.128,1.000,0.000,4,0,0,307.861,8.316,557.881,1.598
476.960,YOU reference pilot,original,2,17,37.018,40.429,1.000,0.000,4,0,0,-486.227,8.611,538.690,1.550
476.960,EMBER,tourer,2,17,38.744,40.948,1.000,0.000,4,0,0,-470.119,8.656,534.924,1.906
476.960,GOLD,moto,3,0,-4.417,11.981,0.194,0.000,4,0,0,314.025,13.921,522.056,5.986
476.960,BLUE,atv,2,0,11.785,10.356,0.000,0.410,4,0,0,311.067,8.017,557.225,2.158
477.220,YOU reference pilot,original,2,17,37.635,40.477,1.000,0.000,4,0,0,-476.591,8.635,537.440,0.835
477.220,EMBER,tourer,2,17,39.336,40.880,0.790,0.000,4,0,0,-459.963,8.696,534.592,1.926
477.220,GOLD,moto,3,0,-4.395,11.981,0.194,0.000,4,0,0,314.022,13.689,523.178,6.025
477.220,BLUE,atv,2,0,9.281,8.215,0.000,0.304,4,0,0,313.568,7.613,556.269,2.632
477.480,YOU reference pilot,original,2,17,38.200,40.527,1.000,0.000,4,0,0,-466.739,8.667,536.927,0.715
477.480,EMBER,tourer,2,17,39.680,40.813,0.576,0.000,4,0,0,-449.689,8.749,534.284,1.897
477.480,GOLD,moto,3,0,-4.374,11.981,0.194,0.000,4,0,0,314.019,13.460,524.294,6.061
477.480,BLUE,atv,2,0,6.881,5.811,0.000,0.312,4,0,0,315.290,7.479,555.165,1.999
477.760,YOU reference pilot,original,2,17,38.808,40.585,0.908,0.000,4,0,0,-455.950,8.715,537.031,0.990
477.760,EMBER,tourer,2,17,39.882,40.743,0.435,0.000,4,0,0,-438.550,8.814,533.948,1.848
477.760,GOLD,moto,3,0,-4.352,11.981,0.194,0.000,4,0,0,314.015,13.216,525.491,6.098
477.760,BLUE,atv,2,0,8.191,24.000,1.000,0.000,4,0,0,316.629,7.775,553.843,1.326
478.020,YOU reference pilot,original,2,17,39.210,40.640,0.728,0.000,4,0,0,-445.805,8.770,537.352,1.556
478.020,EMBER,tourer,2,17,39.976,40.680,0.354,0.000,4,0,0,-428.172,8.879,533.613,1.809
478.020,GOLD,moto,3,0,-4.331,11.981,0.194,0.000,4,0,0,314.012,12.991,526.596,6.129
478.020,BLUE,atv,2,0,11.379,24.000,1.000,0.000,4,0,0,318.073,8.174,551.745,0.674
478.280,YOU reference pilot,original,2,17,39.471,40.699,0.621,0.000,4,0,0,-435.574,8.831,537.596,2.122
478.280,EMBER,tourer,2,17,40.015,40.619,0.303,0.000,4,0,0,-417.778,8.947,533.251,1.788
478.280,GOLD,moto,3,0,-4.311,11.981,0.194,0.000,4,0,0,314.009,12.767,527.697,6.159
478.280,BLUE,atv,2,0,14.198,24.000,1.000,0.000,4,0,0,319.414,8.721,548.718,0.499
478.560,YOU reference pilot,original,2,17,39.562,40.764,0.609,0.000,4,0,0,-424.510,8.902,537.247,2.175
478.560,EMBER,tourer,2,17,40.019,40.555,0.268,0.000,4,0,0,-406.581,9.022,532.835,1.784
478.560,GOLD,moto,3,0,-4.290,11.981,0.194,0.000,4,0,0,314.004,12.529,528.877,6.187
478.560,BLUE,atv,2,0,16.948,24.000,1.000,0.000,4,0,0,320.384,9.521,544.512,0.755
478.820,YOU reference pilot,original,2,17,39.720,40.827,0.560,0.000,4,0,0,-414.275,8.970,536.032,1.402
478.820,EMBER,tourer,2,17,40.001,40.499,0.248,0.000,4,0,0,-396.186,9.093,532.433,1.791
478.820,GOLD,moto,3,0,-4.271,11.981,0.194,0.000,4,0,0,314.001,12.310,529.968,6.209
478.820,BLUE,atv,2,0,19.309,24.000,1.000,0.000,4,0,0,320.707,10.390,539.864,0.777
479.080,YOU reference pilot,original,2,17,39.802,40.891,0.548,0.000,4,0,0,-403.992,9.039,534.921,0.832
479.080,EMBER,tourer,2,17,39.971,40.445,0.236,0.000,4,0,0,-385.798,9.163,532.028,1.804
479.080,GOLD,moto,3,0,-4.252,11.981,0.194,0.000,4,0,0,313.996,12.092,531.054,6.229
479.080,BLUE,atv,2,0,21.518,24.000,1.000,0.000,4,0,0,320.520,11.371,534.627,0.572
479.360,YOU reference pilot,original,2,17,39.911,40.963,0.532,0.000,4,0,0,-392.838,9.115,534.534,0.855
479.360,EMBER,tourer,2,18,39.931,40.390,0.228,0.000,4,0,0,-374.621,9.237,531.595,1.817
479.360,GOLD,moto,3,0,-4.233,11.981,0.194,0.000,4,0,0,313.992,11.860,532.218,6.243
479.360,BLUE,atv,2,0,23.069,24.000,0.492,0.000,4,0,0,319.929,12.571,528.469,0.537
479.620,YOU reference pilot,original,2,17,40.036,41.031,0.502,0.000,4,0,0,-382.445,9.185,534.668,1.262
479.620,EMBER,tourer,2,18,39.891,40.342,0.224,0.000,4,0,0,-364.252,9.303,531.203,1.825
479.620,GOLD,moto,3,0,-4.215,11.981,0.194,0.000,4,0,0,313.987,11.646,533.295,6.253
479.620,BLUE,atv,2,0,23.408,24.000,0.302,0.000,4,0,0,319.246,13.763,522.573,0.903
479.880,YOU reference pilot,original,2,18,40.145,41.100,0.481,0.000,4,0,0,-372.022,9.253,534.910,1.832
479.880,EMBER,tourer,2,18,39.850,40.296,0.222,0.000,4,0,0,-353.893,9.367,530.822,1.831
479.880,GOLD,moto,3,0,-4.199,11.981,0.194,0.000,4,0,0,313.983,11.432,534.368,6.259
479.880,BLUE,atv,2,0,23.482,24.000,0.260,0.000,4,0,0,318.594,15.000,516.638,1.304
480.160,YOU reference pilot,original,2,18,40.172,41.177,0.506,0.000,4,0,0,-360.772,9.324,534.910,2.224
480.160,EMBER,tourer,2,18,39.806,40.250,0.221,0.000,4,0,0,-342.749,9.431,530.427,1.833
480.160,GOLD,moto,3,0,-4.189,11.981,0.194,0.000,4,0,0,313.977,11.199,535.519,6.255
480.160,BLUE,atv,3,0,20.544,11.342,0.000,1.000,4,0,0,318.023,16.339,510.408,1.627
480.420,YOU reference pilot,original,2,18,40.190,41.249,0.534,0.000,4,0,0,-350.362,9.387,534.032,1.748
480.420,EMBER,tourer,2,18,39.767,40.211,0.221,0.000,4,0,0,-332.411,9.486,530.075,1.834
480.420,GOLD,moto,3,0,-4.182,11.981,0.194,0.000,4,0,0,313.972,10.984,536.586,6.246
480.420,BLUE,atv,3,0,13.374,11.360,0.000,0.596,4,0,0,317.584,17.265,506.247,1.911
480.680,YOU reference pilot,original,2,18,40.278,41.321,0.523,0.000,4,0,0,-339.976,9.446,532.734,0.947
480.680,EMBER,tourer,2,18,39.730,40.175,0.221,0.000,4,0,0,-322.082,9.535,529.738,1.835
480.680,GOLD,moto,3,0,-4.170,11.981,0.194,0.000,4,0,0,313.966,10.773,537.650,6.233
480.680,BLUE,atv,3,0,11.204,11.378,0.073,0.000,4,0,0,317.100,17.945,503.260,2.288
480.960,YOU reference pilot,original,2,18,40.326,41.401,0.542,0.000,4,0,0,-328.711,9.504,532.056,0.759
480.960,EMBER,tourer,2,18,39.693,40.140,0.222,0.000,4,0,0,-310.968,9.580,529.395,1.836
480.960,GOLD,moto,3,0,-4.153,11.981,0.194,0.000,4,0,0,313.960,10.550,538.793,6.206
480.960,BLUE,atv,3,0,11.066,11.397,0.164,0.000,4,0,0,316.509,18.628,500.285,2.782
481.220,YOU reference pilot,original,2,18,40.432,41.475,0.526,0.000,4,0,0,-318.211,9.552,532.116,1.020
481.220,EMBER,tourer,2,18,39.662,40.111,0.223,0.000,4,0,0,-300.657,9.614,529.097,1.838
481.220,GOLD,moto,3,0,-4.137,11.981,0.194,0.000,4,0,0,313.954,10.343,539.851,6.172
481.220,BLUE,atv,3,0,11.062,11.416,0.178,0.000,4,0,0,315.947,19.264,497.538,3.266
481.480,YOU reference pilot,original,2,18,40.547,41.549,0.505,0.000,4,0,0,-307.687,9.592,532.449,1.575
481.480,EMBER,tourer,2,18,39.635,40.085,0.224,0.000,4,0,0,-290.352,9.639,528.824,1.841
481.480,GOLD,moto,3,0,-4.128,11.981,0.194,0.000,4,0,0,313.948,10.131,540.905,6.128
481.480,BLUE,atv,3,0,11.073,11.436,0.182,0.000,4,0,0,315.427,19.909,494.783,3.720
481.760,YOU reference pilot,original,2,18,40.637,41.629,0.500,0.000,4,0,0,-296.322,9.626,532.752,2.153
481.760,EMBER,tourer,2,18,39.610,40.061,0.225,0.000,4,0,0,-279.261,9.653,528.562,1.846
481.760,GOLD,moto,3,0,-4.128,11.981,0.194,0.000,4,0,0,313.941,9.901,542.038,6.069
481.760,BLUE,atv,3,0,11.087,11.457,0.186,0.000,4,0,0,314.951,20.617,491.802,4.140
482.020,YOU reference pilot,original,2,18,40.610,41.704,0.550,0.000,4,0,0,-285.763,9.647,532.410,2.080
482.020,EMBER,tourer,2,18,39.590,40.042,0.225,0.000,4,0,0,-268.967,9.653,528.350,1.854
482.020,GOLD,moto,3,0,-4.125,11.981,0.194,0.000,4,0,0,313.933,9.691,543.089,5.998
482.020,BLUE,atv,3,0,11.100,11.477,0.189,0.000,4,0,0,314.605,21.289,489.019,4.450
482.280,YOU reference pilot,original,2,18,40.714,41.778,0.535,0.000,4,0,0,-275.252,9.655,531.261,1.242
482.280,EMBER,tourer,2,18,39.575,40.027,0.226,0.000,4,0,0,-258.676,9.638,528.169,1.857
482.280,GOLD,moto,3,0,-4.115,11.981,0.194,0.000,4,0,0,313.925,9.485,544.140,5.913
482.280,BLUE,atv,3,0,11.117,11.497,0.191,0.000,4,0,0,314.350,21.967,486.223,4.683
482.560,YOU reference pilot,original,2,18,40.748,41.858,0.560,0.000,4,0,0,-263.881,9.648,530.347,0.745
482.560,EMBER,tourer,2,18,39.563,40.015,0.226,0.000,4,0,0,-247.598,9.609,528.005,1.856
482.560,GOLD,moto,3,0,-4.112,11.981,0.194,0.000,4,0,0,313.917,9.257,545.270,5.800
482.560,BLUE,atv,3,0,11.134,11.519,0.193,0.000,4,0,0,314.168,22.710,483.205,4.857
482.820,YOU reference pilot,original,2,18,40.831,41.931,0.555,0.000,4,0,0,-253.274,9.626,530.331,0.829
482.820,EMBER,tourer,2,18,39.554,40.008,0.226,0.000,4,0,0,-237.314,9.572,527.878,1.852
482.820,GOLD,moto,3,0,-4.122,11.981,0.194,0.000,4,0,0,313.909,9.038,546.319,5.674
482.820,BLUE,atv,3,0,11.147,11.540,0.197,0.000,4,0,0,314.071,23.423,480.401,4.949
483.080,YOU reference pilot,original,2,18,40.956,42.003,0.528,0.000,4,0,0,-242.650,9.593,530.788,1.290
483.080,EMBER,tourer,2,18,39.549,40.004,0.227,0.000,4,0,0,-227.031,9.526,527.771,1.847
483.080,GOLD,moto,3,0,-4.136,11.981,0.194,0.000,4,0,0,313.900,8.818,547.370,5.522
483.080,BLUE,atv,3,0,11.161,11.560,0.200,0.000,4,0,0,314.026,24.151,477.595,4.986
483.360,YOU reference pilot,original,2,18,41.075,42.080,0.507,0.000,4,0,0,-231.178,9.546,531.370,1.941
483.360,EMBER,tourer,2,18,39.547,40.004,0.229,0.000,4,0,0,-215.958,9.468,527.674,1.842
483.360,GOLD,moto,3,0,-4.146,11.981,0.194,0.000,4,0,0,313.889,8.586,548.505,5.328
483.360,BLUE,atv,3,0,11.178,11.583,0.203,0.000,4,0,0,314.018,24.941,474.570,4.981
483.620,YOU reference pilot,original,2,18,41.077,42.150,0.539,0.000,4,0,0,-220.494,9.493,531.589,2.249
483.620,EMBER,tourer,2,18,39.548,40.008,0.230,0.000,4,0,0,-205.676,9.408,527.600,1.838
483.620,GOLD,moto,3,0,-4.137,11.981,0.194,0.000,4,0,0,313.878,8.381,549.560,5.098
483.620,BLUE,atv,3,0,11.195,11.603,0.205,0.000,4,0,0,314.033,25.684,471.758,4.951
483.880,YOU reference pilot,original,2,18,41.090,41.709,0.310,0.000,4,0,0,-209.834,9.434,530.887,1.670
483.880,EMBER,tourer,2,18,39.552,40.015,0.232,0.000,4,0,0,-195.393,9.343,527.539,1.836
483.880,GOLD,moto,3,0,-4.118,11.981,0.194,0.000,4,0,0,313.866,8.179,550.614,4.847
483.880,BLUE,atv,3,0,11.212,11.624,0.207,0.000,4,0,0,314.058,26.435,468.944,4.909
484.160,YOU reference pilot,original,2,18,41.054,42.292,0.625,0.000,4,0,0,-198.387,9.363,529.806,0.842
484.160,EMBER,tourer,2,18,39.559,40.027,0.235,0.000,4,0,0,-184.318,9.269,527.486,1.834
484.160,GOLD,moto,3,0,-4.100,11.981,0.194,0.000,4,0,0,313.853,7.962,551.742,4.578
484.160,BLUE,atv,3,0,11.231,11.646,0.208,0.000,4,0,0,314.087,27.249,465.910,4.860
484.420,YOU reference pilot,original,2,18,41.137,42.358,0.616,0.000,4,0,0,-187.704,9.292,529.572,0.742
484.420,EMBER,tourer,2,18,39.569,40.043,0.237,0.000,4,0,0,-174.031,9.196,527.448,1.833
484.420,GOLD,moto,3,0,-4.042,11.981,0.194,0.000,4,0,0,313.842,7.803,552.780,4.251
484.420,BLUE,atv,3,0,11.248,11.667,0.210,0.000,4,0,0,314.109,28.012,463.090,4.817
484.680,YOU reference pilot,original,2,18,41.276,42.421,0.578,0.000,4,0,0,-176.996,9.218,529.994,1.049
484.680,EMBER,tourer,2,18,39.581,40.061,0.240,0.000,4,0,0,-163.742,9.122,527.419,1.832
484.680,GOLD,moto,3,0,-3.904,11.981,0.194,0.000,4,0,0,313.832,7.686,553.796,3.905
484.680,BLUE,atv,3,0,11.266,11.687,0.211,0.000,4,0,0,314.124,28.781,460.266,4.780
484.960,YOU reference pilot,original,2,18,41.408,42.426,0.513,0.000,4,0,0,-165.440,9.134,530.703,1.697
484.960,EMBER,tourer,2,18,39.598,40.085,0.244,0.000,4,0,0,-152.657,9.041,527.399,1.830
484.960,GOLD,moto,3,0,-3.690,11.981,0.194,0.000,4,0,0,313.839,7.605,554.850,3.406
484.960,BLUE,atv,3,0,4.729,11.691,0.211,0.000,4,0,0,314.130,29.406,457.980,4.755
485.220,YOU reference pilot,original,2,18,41.450,42.426,0.489,0.000,4,0,0,-154.676,9.056,531.231,2.215
485.220,EMBER,tourer,2,19,39.617,40.111,0.248,0.000,4,0,0,-142.359,8.966,527.388,1.829
485.220,GOLD,moto,3,0,-3.474,11.981,0.194,0.000,4,0,0,313.863,7.534,555.771,2.830
485.220,BLUE,atv,3,0,0.245,11.691,0.211,0.000,4,0,0,314.131,29.507,457.618,4.752
485.480,YOU reference pilot,original,2,19,41.388,42.426,0.521,0.000,4,0,0,-143.909,8.977,530.984,1.994
485.480,EMBER,tourer,2,19,39.638,40.140,0.252,0.000,4,0,0,-132.057,8.892,527.383,1.828
485.480,GOLD,moto,3,0,-3.207,11.981,0.194,0.000,4,0,0,313.900,7.522,556.626,2.168
485.480,BLUE,atv,3,0,-0.420,11.691,0.211,0.000,4,0,0,314.131,29.498,457.648,4.752
485.760,YOU reference pilot,original,2,19,41.320,41.823,0.249,0.000,4,0,0,-132.372,8.895,529.913,1.045
485.760,EMBER,tourer,2,19,39.663,40.176,0.257,0.000,4,0,0,-120.955,8.817,527.383,1.826
485.760,GOLD,moto,3,0,-2.815,11.981,0.194,0.000,4,0,0,313.933,7.538,557.452,1.423
485.760,BLUE,atv,3,0,-1.051,11.691,0.211,0.000,4,0,0,314.131,29.442,457.854,4.754
486.020,YOU reference pilot,original,2,19,41.333,42.426,0.550,0.000,4,0,0,-121.636,8.822,529.415,0.724
486.020,EMBER,tourer,2,19,39.689,40.212,0.262,0.000,4,0,0,-110.639,8.753,527.388,1.825
486.020,GOLD,moto,3,0,-2.410,11.981,0.194,0.000,4,0,0,313.956,7.575,558.123,0.871
486.020,BLUE,atv,3,0,-1.566,11.691,0.211,0.000,4,0,0,314.131,29.350,458.189,4.757
486.280,YOU reference pilot,original,2,19,41.403,42.426,0.515,0.000,4,0,0,-110.884,8.754,529.696,0.883
486.280,EMBER,tourer,2,19,39.718,40.251,0.268,0.000,4,0,0,-100.316,8.696,527.393,1.822
486.280,GOLD,moto,3,0,-2.048,11.981,0.194,0.000,4,0,0,313.975,7.598,558.698,0.534
486.280,BLUE,atv,3,0,-2.021,11.691,0.211,0.000,4,0,0,314.130,29.226,458.644,4.761
486.560,YOU reference pilot,original,2,19,41.492,42.426,0.470,0.000,4,0,0,-99.299,8.691,530.417,1.469
486.560,EMBER,tourer,2,19,39.751,40.297,0.274,0.000,4,0,0,-89.191,8.648,527.396,1.822
486.560,GOLD,moto,3,0,-1.717,11.981,0.194,0.000,4,0,0,313.996,7.609,559.222,0.588
486.560,BLUE,atv,3,0,-2.453,11.691,0.211,0.000,4,0,0,314.129,29.059,459.254,4.767
486.820,YOU reference pilot,original,2,19,41.540,42.426,0.444,0.000,4,0,0,-88.524,8.644,531.071,2.073
486.820,EMBER,tourer,2,19,39.783,40.342,0.281,0.000,4,0,0,-78.852,8.616,527.388,1.819
486.820,GOLD,moto,3,0,-1.456,11.981,0.194,0.000,4,0,0,314.018,7.615,559.632,0.854
486.820,BLUE,atv,3,0,-2.805,11.691,0.211,0.000,4,0,0,314.129,28.878,459.917,4.773
487.080,YOU reference pilot,original,2,19,41.438,42.426,0.492,0.000,4,0,0,-77.733,8.613,531.206,2.216
487.080,EMBER,tourer,2,19,39.818,40.391,0.288,0.000,4,0,0,-68.503,8.590,527.363,1.808
487.080,GOLD,moto,3,0,-1.233,11.981,0.194,0.000,4,0,0,314.039,7.620,559.979,1.141
487.080,BLUE,atv,3,0,-3.115,11.691,0.211,0.000,4,0,0,314.128,28.674,460.663,4.779
487.360,YOU reference pilot,original,2,19,41.464,42.426,0.484,0.000,4,0,0,-66.166,8.584,530.274,1.393
487.360,EMBER,tourer,2,19,39.860,40.446,0.295,0.000,4,0,0,-57.349,8.563,527.316,1.797
487.360,GOLD,moto,3,0,-1.028,11.981,0.194,0.000,4,0,0,314.062,7.624,560.293,1.425
487.360,BLUE,atv,3,0,-3.409,11.691,0.211,0.000,4,0,0,314.127,28.433,461.548,4.787
487.620,YOU reference pilot,original,2,19,41.443,42.426,0.492,0.000,4,0,0,-55.418,8.559,529.420,0.782
487.620,EMBER,tourer,2,19,39.902,40.500,0.301,0.000,4,0,0,-46.980,8.543,527.256,1.792
487.620,GOLD,moto,3,0,-0.867,11.981,0.194,0.000,4,0,0,314.082,7.627,560.538,1.655
487.620,BLUE,atv,3,0,-3.648,11.691,0.211,0.000,4,0,0,314.126,28.192,462.436,4.795
487.880,YOU reference pilot,original,2,19,41.446,42.426,0.492,0.000,4,0,0,-44.642,8.539,529.369,0.791
487.880,EMBER,tourer,2,19,39.946,40.556,0.307,0.000,4,0,0,-36.599,8.529,527.192,1.796
487.880,GOLD,moto,3,0,-0.730,11.981,0.194,0.000,4,0,0,314.102,7.630,560.744,1.853
487.880,BLUE,atv,3,0,-3.859,11.691,0.211,0.000,4,0,0,314.124,27.936,463.381,4.804
488.160,YOU reference pilot,original,2,19,41.504,42.426,0.463,0.000,4,0,0,-33.042,8.526,529.925,1.253
488.160,EMBER,tourer,2,19,39.996,40.620,0.314,0.000,4,0,0,-25.407,8.521,527.140,1.808
488.160,GOLD,moto,3,0,-0.607,11.981,0.194,0.000,4,0,0,314.125,7.630,560.930,2.033
488.160,BLUE,atv,3,0,-4.057,11.691,0.211,0.000,4,0,0,314.123,27.645,464.453,4.813
488.420,YOU reference pilot,original,2,19,40.754,40.835,0.000,0.000,4,0,0,-22.306,8.520,530.579,1.869
488.420,EMBER,tourer,2,19,39.622,39.810,0.089,0.000,4,0,0,-15.059,8.522,527.131,1.825
488.420,GOLD,moto,3,0,-0.508,11.981,0.194,0.000,4,0,0,314.145,7.630,561.074,2.173
488.420,BLUE,atv,3,0,-4.218,11.691,0.211,0.000,4,0,0,314.122,27.364,465.493,4.822
488.680,YOU reference pilot,original,2,19,39.415,38.516,0.000,0.262,4,0,0,-11.927,8.524,531.017,2.257
488.680,EMBER,tourer,2,19,37.705,37.999,0.145,0.000,4,0,0,-5.039,8.532,527.188,1.847
488.680,GOLD,moto,3,0,-0.419,11.981,0.194,0.000,4,0,0,314.164,7.631,561.193,2.290
488.680,BLUE,atv,3,0,-4.359,11.691,0.211,0.000,4,0,0,314.121,27.074,466.571,4.831
488.960,YOU reference pilot,original,2,19,36.840,36.214,0.000,0.182,4,0,0,-1.319,8.538,530.656,1.802
488.960,EMBER,tourer,2,19,35.176,34.643,0.000,0.155,4,0,0,5.161,8.552,527.354,1.870
488.960,GOLD,moto,3,0,-0.333,11.981,0.194,0.000,4,0,0,314.184,7.631,561.297,2.394
488.960,BLUE,atv,3,0,-4.491,11.691,0.211,0.000,4,0,0,314.119,26.752,467.770,4.841
489.220,YOU reference pilot,original,2,19,34.759,33.983,0.000,0.225,4,0,0,7.949,8.560,529.975,1.017
489.220,EMBER,tourer,2,19,32.258,31.198,0.000,0.305,4,0,0,13.901,8.579,527.623,1.889
489.220,GOLD,moto,3,0,-0.262,11.981,0.194,0.000,4,0,0,314.202,7.630,561.373,2.470
489.220,BLUE,atv,3,0,-4.597,11.691,0.211,0.000,4,0,0,314.117,26.446,468.912,4.850
489.480,YOU reference pilot,original,2,19,32.593,31.643,0.000,0.276,4,0,0,16.657,8.590,529.927,0.760
489.480,EMBER,tourer,2,19,30.141,28.630,0.000,0.433,4,0,0,21.984,8.614,528.026,1.898
489.480,GOLD,moto,3,0,-0.197,11.981,0.194,0.000,4,0,0,314.217,7.630,561.432,2.529
489.480,BLUE,atv,3,0,-4.689,11.691,0.211,0.000,4,0,0,314.116,26.134,470.079,4.859
489.760,YOU reference pilot,original,2,19,29.691,28.683,0.000,0.290,4,0,0,25.248,8.632,530.653,0.894
489.760,EMBER,tourer,2,19,27.829,27.256,0.000,0.166,4,0,0,30.032,8.660,528.652,1.877
489.760,GOLD,moto,3,0,-0.135,11.981,0.194,0.000,4,0,0,314.232,7.630,561.477,2.576
489.760,BLUE,atv,3,0,-4.775,11.691,0.211,0.000,4,0,0,314.114,25.793,471.360,4.869
490.020,YOU reference pilot,original,2,19,27.720,27.765,0.000,0.000,4,0,0,32.590,8.680,531.797,1.274
490.020,EMBER,tourer,2,19,26.665,25.740,0.000,0.267,4,0,0,37.026,8.720,529.481,1.877
490.020,GOLD,moto,3,0,-0.083,11.981,0.194,0.000,4,0,0,314.246,7.630,561.505,2.605
490.020,BLUE,atv,3,0,-4.842,11.691,0.211,0.000,4,0,0,314.112,25.473,472.570,4.878
490.280,YOU reference pilot,original,2,19,27.607,30.032,1.000,0.000,4,0,0,39.588,8.758,533.255,1.675
490.280,EMBER,tourer,2,19,27.871,31.374,1.000,0.000,4,0,0,44.012,8.824,530.683,1.941
490.280,GOLD,moto,3,0,-0.037,11.981,0.194,0.000,4,0,0,314.260,7.629,561.519,2.622
490.280,BLUE,atv,3,0,-4.900,11.691,0.211,0.000,4,0,0,314.111,25.149,473.795,4.886
490.560,YOU reference pilot,original,2,19,28.631,30.951,1.000,0.000,4,0,0,47.353,8.907,534.857,1.544
490.560,EMBER,tourer,2,19,28.035,28.822,0.411,0.000,4,0,0,51.666,8.999,532.492,2.180
490.560,GOLD,moto,3,0,0.007,11.981,0.194,0.000,4,0,0,314.275,7.629,561.523,2.629
490.560,BLUE,atv,3,0,-4.952,11.691,0.211,0.000,4,0,0,314.109,24.798,475.129,4.894
490.820,YOU reference pilot,original,2,19,28.643,29.305,0.343,0.000,4,0,0,54.694,9.115,536.153,0.745
490.820,EMBER,tourer,2,19,27.071,24.903,0.000,0.621,4,0,0,58.589,9.215,534.521,2.536
490.820,GOLD,moto,3,0,0.043,11.981,0.194,0.000,4,0,0,314.289,7.628,561.516,2.625
490.820,BLUE,atv,3,0,-4.992,11.691,0.211,0.000,4,0,0,314.107,24.471,476.380,4.901
491.080,YOU reference pilot,original,2,19,26.687,27.585,0.448,0.000,4,0,0,61.755,9.347,537.511,0.955
491.080,EMBER,tourer,2,19,27.459,28.828,0.731,0.000,4,0,0,65.346,9.436,536.600,2.754
491.080,GOLD,moto,3,0,0.076,11.981,0.194,0.000,4,0,0,314.303,7.627,561.500,2.613
491.080,BLUE,atv,3,0,-5.025,11.691,0.211,0.000,4,0,0,314.105,24.143,477.640,4.908
491.360,YOU reference pilot,original,2,19,28.195,35.314,1.000,0.000,4,0,0,69.077,9.549,539.815,0.886
491.360,EMBER,tourer,2,19,28.798,41.473,1.000,0.000,4,0,0,72.824,9.605,539.124,2.181
491.360,GOLD,moto,3,0,0.106,11.981,0.194,0.000,4,0,0,314.318,7.625,561.474,2.591
491.360,BLUE,atv,3,0,-5.052,11.691,0.211,0.000,4,0,0,314.103,23.790,479.006,4.915
491.620,YOU reference pilot,original,2,19,29.748,42.426,1.000,0.000,4,0,0,76.174,9.664,542.401,0.882
491.620,EMBER,tourer,2,19,29.938,41.548,1.000,0.000,4,0,0,80.071,9.685,541.583,1.069
491.620,GOLD,moto,3,0,0.131,11.981,0.194,0.000,4,0,0,314.331,7.624,561.443,2.564
491.620,BLUE,atv,3,0,-5.071,11.691,0.211,0.000,4,0,0,314.101,23.462,480.280,4.920
491.880,YOU reference pilot,original,2,19,31.166,42.426,1.000,0.000,4,0,0,83.746,9.709,544.811,2.045
491.880,EMBER,tourer,2,0,30.983,41.569,1.000,0.000,4,0,0,87.694,9.719,543.773,0.821
491.880,GOLD,moto,3,0,0.153,11.981,0.194,0.000,4,0,0,314.345,7.623,561.406,2.532
491.880,BLUE,atv,3,0,-5.084,11.691,0.211,0.000,4,0,0,314.099,23.135,481.559,4.925
492.160,YOU reference pilot,original,2,0,32.536,42.426,1.000,0.000,4,0,0,92.424,9.742,546.971,3.288
492.160,EMBER,tourer,2,0,32.047,41.569,1.000,0.000,4,0,0,96.327,9.749,545.658,1.720
492.160,GOLD,moto,3,0,0.174,11.981,0.194,0.000,4,0,0,314.359,7.621,561.359,2.492
492.160,BLUE,atv,3,0,-5.093,11.691,0.211,0.000,4,0,0,314.096,22.785,482.940,4.929
492.420,YOU reference pilot,original,2,0,33.550,42.426,1.000,0.000,4,0,0,100.905,9.772,548.464,4.097
492.420,EMBER,tourer,2,0,33.081,41.569,1.000,0.000,4,0,0,104.714,9.773,546.897,2.312
492.420,GOLD,moto,3,0,0.191,11.981,0.194,0.000,4,0,0,314.373,7.619,561.312,2.450
492.420,BLUE,atv,3,0,-5.096,11.691,0.211,0.000,4,0,0,314.094,22.462,484.224,4.932
492.680,YOU reference pilot,original,2,0,34.466,42.426,1.000,0.000,4,0,0,109.714,9.791,549.413,4.455
492.680,EMBER,tourer,2,0,34.081,41.569,1.000,0.000,4,0,0,113.425,9.784,547.628,2.485
492.680,GOLD,moto,3,0,0.205,11.981,0.194,0.000,4,0,0,314.386,7.618,561.260,2.405
492.680,BLUE,atv,3,0,-5.093,11.691,0.211,0.000,4,0,0,314.092,22.143,485.509,4.937
492.960,YOU reference pilot,original,2,0,35.344,42.426,1.000,0.000,4,0,0,119.494,9.798,549.858,4.315
492.960,EMBER,tourer,2,0,35.146,41.569,1.000,0.000,4,0,0,123.124,9.783,547.913,2.210
492.960,GOLD,moto,3,0,0.219,11.981,0.194,0.000,4,0,0,314.401,7.616,561.200,2.353
492.960,BLUE,atv,3,0,-5.081,11.691,0.211,0.000,4,0,0,314.090,21.805,486.892,4.944
493.220,YOU reference pilot,original,2,0,36.082,42.426,1.000,0.000,4,0,0,128.790,9.795,549.868,3.790
493.220,EMBER,tourer,2,0,36.109,41.569,1.000,0.000,4,0,0,132.398,9.772,547.882,1.666
493.220,GOLD,moto,3,0,0.230,11.981,0.194,0.000,4,0,0,314.414,7.614,561.142,2.302
493.220,BLUE,atv,3,0,-5.065,11.691,0.211,0.000,4,0,0,314.089,21.495,488.173,4.956
493.480,YOU reference pilot,original,2,0,36.789,42.426,1.000,0.000,4,0,0,138.271,9.781,549.743,3.096
493.480,EMBER,tourer,2,0,36.989,41.569,1.000,0.000,4,0,0,141.913,9.751,547.820,1.083
493.480,GOLD,moto,3,0,0.240,11.981,0.194,0.000,4,0,0,314.428,7.612,561.080,2.249
493.480,BLUE,atv,3,0,-5.047,11.691,0.211,0.000,4,0,0,314.087,21.187,489.450,4.969
493.760,YOU reference pilot,original,2,0,37.525,42.426,1.000,0.000,4,0,0,148.683,9.751,549.769,2.418
493.760,EMBER,tourer,2,0,37.818,41.569,1.000,0.000,4,0,0,152.398,9.717,547.991,0.705
493.760,GOLD,moto,3,0,0.250,11.981,0.194,0.000,4,0,0,314.442,7.610,561.012,2.190
493.760,BLUE,atv,3,0,-5.027,11.691,0.211,0.000,4,0,0,314.085,20.858,490.821,4.988
494.020,YOU reference pilot,original,2,0,38.191,42.426,1.000,0.000,4,0,0,158.525,9.711,550.154,2.003
494.020,EMBER,tourer,2,0,38.484,41.569,1.000,0.000,4,0,0,162.314,9.672,548.538,0.663
494.020,GOLD,moto,3,0,0.257,11.981,0.194,0.000,4,0,0,314.456,7.608,560.945,2.134
494.020,BLUE,atv,3,0,-5.008,11.691,0.211,0.000,4,0,0,314.084,20.555,492.090,5.007
494.280,YOU reference pilot,original,2,0,38.847,42.426,1.000,0.000,4,0,0,168.513,9.655,550.973,1.807
494.280,EMBER,tourer,2,0,39.083,41.569,1.000,0.000,4,0,0,172.361,9.614,549.504,0.705
494.280,GOLD,moto,3,0,0.263,11.981,0.194,0.000,4,0,0,314.469,7.606,560.878,2.077
494.280,BLUE,atv,3,0,-4.990,11.691,0.211,0.000,4,0,0,314.082,20.254,493.354,5.030
494.560,YOU reference pilot,original,2,0,39.536,42.426,1.000,0.000,4,0,0,179.413,9.568,552.311,1.794
494.560,EMBER,tourer,2,0,39.681,41.569,0.965,0.000,4,0,0,183.302,9.517,550.955,0.698
494.560,GOLD,moto,3,0,0.267,11.981,0.194,0.000,4,0,0,314.484,7.604,560.804,2.016
494.560,BLUE,atv,3,0,-4.970,11.691,0.211,0.000,4,0,0,314.080,19.932,494.710,5.056
494.820,YOU reference pilot,original,2,0,40.082,42.426,1.000,0.000,4,0,0,189.653,9.457,553.873,1.930
494.820,EMBER,tourer,2,0,40.130,41.569,0.735,0.000,4,0,0,193.559,9.400,552.569,0.665
494.820,GOLD,moto,3,0,0.267,11.981,0.194,0.000,4,0,0,314.498,7.602,560.734,1.960
494.820,BLUE,atv,3,0,-4.949,11.691,0.211,0.000,4,0,0,314.079,19.639,495.965,5.084
495.080,YOU reference pilot,original,2,0,40.505,42.426,0.975,0.000,4,0,0,199.992,9.332,555.605,2.136
495.080,EMBER,tourer,2,0,40.477,41.569,0.558,0.000,4,0,0,203.899,9.270,554.304,0.680
495.080,GOLD,moto,3,0,0.266,11.981,0.194,0.000,4,0,0,314.512,7.600,560.665,1.904
495.080,BLUE,atv,3,0,-4.924,11.691,0.211,0.000,4,0,0,314.078,19.350,497.215,5.113
495.360,YOU reference pilot,original,2,0,40.791,42.394,0.806,0.000,4,0,0,211.222,9.188,557.506,2.342
495.360,EMBER,tourer,2,0,40.713,41.007,0.150,0.000,4,0,0,215.119,9.122,556.174,0.743
495.360,GOLD,moto,3,0,0.263,11.981,0.194,0.000,4,0,0,314.528,7.598,560.591,1.845
495.360,BLUE,atv,3,0,-4.898,11.691,0.211,0.000,4,0,0,314.076,19.040,498.554,5.147
495.620,YOU reference pilot,original,2,0,40.299,39.493,0.000,0.238,4,0,0,221.659,9.050,559.198,2.470
495.620,EMBER,tourer,2,0,39.624,39.053,0.000,0.163,4,0,0,225.450,8.983,557.801,0.790
495.620,GOLD,moto,3,0,0.261,11.981,0.194,0.000,4,0,0,314.542,7.597,560.523,1.790
495.620,BLUE,atv,3,0,-4.873,11.691,0.211,0.000,4,0,0,314.075,18.756,499.791,5.180
495.880,YOU reference pilot,original,2,0,38.198,36.975,0.000,0.355,4,0,0,231.759,8.919,560.707,2.523
495.880,EMBER,tourer,2,0,37.656,36.719,0.000,0.267,4,0,0,235.380,8.852,559.219,0.797
495.880,GOLD,moto,3,0,0.257,11.981,0.194,0.000,4,0,0,314.557,7.595,560.455,1.737
495.880,BLUE,atv,3,0,-4.849,11.691,0.211,0.000,4,0,0,314.074,18.475,501.023,5.216
496.160,YOU reference pilot,original,2,0,35.634,34.938,0.000,0.205,4,0,0,241.990,8.790,562.034,2.498
496.160,EMBER,tourer,2,0,34.935,33.089,0.000,0.525,4,0,0,245.438,8.732,560.425,0.757
496.160,GOLD,moto,3,0,0.254,11.981,0.194,0.000,4,0,0,314.572,7.593,560.384,1.680
496.160,BLUE,atv,3,0,-4.822,11.691,0.211,0.000,4,0,0,314.073,18.176,502.343,5.255
496.420,YOU reference pilot,original,2,0,33.156,32.392,0.000,0.224,4,0,0,250.841,8.693,562.925,2.400
496.420,EMBER,tourer,2,0,32.169,30.226,0.000,0.553,4,0,0,254.107,8.647,561.183,0.695
496.420,GOLD,moto,3,0,0.253,11.981,0.194,0.000,4,0,0,314.585,7.591,560.318,1.628
496.420,BLUE,atv,3,0,-4.798,11.691,0.211,0.000,4,0,0,314.072,17.901,503.562,5.293
496.680,YOU reference pilot,original,2,0,30.655,29.927,0.000,0.213,4,0,0,259.061,8.625,563.455,2.261
496.680,EMBER,tourer,2,0,29.572,27.568,0.000,0.570,4,0,0,262.118,8.595,561.588,0.646
496.680,GOLD,moto,3,0,0.252,11.981,0.194,0.000,4,0,0,314.599,7.589,560.252,1.576
496.680,BLUE,atv,3,0,-4.774,11.691,0.211,0.000,4,0,0,314.071,17.628,504.776,5.333
496.960,YOU reference pilot,original,2,0,27.923,27.241,0.000,0.200,4,0,0,267.182,8.587,563.664,2.034
496.960,EMBER,tourer,2,0,26.754,24.625,0.000,0.605,4,0,0,270.001,8.571,561.684,0.657
496.960,GOLD,moto,3,0,0.252,11.981,0.194,0.000,4,0,0,314.613,7.587,560.181,1.520
496.960,BLUE,atv,3,0,-4.749,11.691,0.211,0.000,4,0,0,314.069,17.337,506.076,5.377
497.220,YOU reference pilot,original,2,0,25.204,24.489,0.000,0.209,4,0,0,274.023,8.574,563.589,1.789
497.220,EMBER,tourer,2,0,24.256,22.039,0.000,0.630,4,0,0,276.608,8.567,561.525,0.763
497.220,GOLD,moto,3,0,0.252,11.981,0.194,0.000,4,0,0,314.627,7.586,560.115,1.468
497.220,BLUE,atv,3,0,-4.724,11.691,0.211,0.000,4,0,0,314.068,17.071,507.278,5.419
497.480,YOU reference pilot,original,2,0,22.249,21.109,0.000,0.329,4,0,0,280.169,8.577,563.317,1.548
497.480,EMBER,tourer,2,0,21.694,20.656,0.000,0.295,4,0,0,282.480,8.578,561.185,0.928
497.480,GOLD,moto,3,0,0.252,11.981,0.194,0.000,4,0,0,314.640,7.584,560.049,1.417
497.480,BLUE,atv,3,0,-4.699,11.691,0.211,0.000,4,0,0,314.067,16.808,508.474,5.461
497.760,YOU reference pilot,original,2,0,19.424,17.380,0.000,0.585,4,0,0,286.052,8.592,562.856,1.316
497.760,EMBER,tourer,2,0,18.289,17.015,0.000,0.362,4,0,0,288.029,8.598,560.675,1.121
497.760,GOLD,moto,3,0,0.255,11.981,0.194,0.000,4,0,0,314.654,7.582,559.978,1.361
497.760,BLUE,atv,3,0,-4.671,11.691,0.211,0.000,4,0,0,314.065,16.528,509.755,5.508
498.020,YOU reference pilot,original,2,0,17.419,16.770,0.000,0.189,4,0,0,290.742,8.611,562.333,1.137
498.020,EMBER,tourer,2,0,15.946,13.163,0.000,0.791,4,0,0,292.508,8.619,560.115,1.290
498.020,GOLD,moto,3,0,0.260,11.981,0.194,0.000,4,0,0,314.666,7.580,559.911,1.309
498.020,BLUE,atv,3,0,-4.646,11.691,0.211,0.000,4,0,0,314.064,16.270,510.938,5.551
498.280,YOU reference pilot,original,2,0,13.695,12.258,0.000,0.412,4,0,0,294.745,8.629,561.773,1.003
498.280,EMBER,tourer,2,0,12.673,11.659,0.000,0.288,4,0,0,296.088,8.635,559.576,1.416
498.280,GOLD,moto,3,0,0.266,11.981,0.194,0.000,4,0,0,314.678,7.577,559.842,1.256
498.280,BLUE,atv,3,0,-4.621,11.691,0.211,0.000,4,0,0,314.063,16.016,512.114,5.595
498.560,YOU reference pilot,original,2,0,11.879,12.470,0.326,0.000,4,0,0,298.205,8.642,561.218,0.915
498.560,EMBER,tourer,2,0,11.908,10.085,0.000,0.518,4,0,0,299.461,8.646,559.018,1.503
498.560,GOLD,moto,3,0,0.272,11.981,0.194,0.000,4,0,0,314.691,7.575,559.766,1.198
498.560,BLUE,atv,3,0,-4.595,11.691,0.211,0.000,4,0,0,314.061,15.744,513.375,5.643
498.820,YOU reference pilot,original,2,0,10.687,8.466,0.000,0.634,4,0,0,301.193,8.649,560.716,0.878
498.820,EMBER,tourer,2,0,9.332,8.295,0.000,0.294,4,0,0,302.154,8.647,558.565,1.519
498.820,GOLD,moto,3,0,0.278,11.981,0.194,0.000,4,0,0,314.704,7.573,559.695,1.143
498.820,BLUE,atv,3,0,-4.570,11.691,0.211,0.000,4,0,0,314.060,15.495,514.540,5.687
499.080,YOU reference pilot,original,2,0,8.589,7.848,0.000,0.213,4,0,0,303.607,8.638,560.322,0.865
499.080,EMBER,tourer,2,0,8.056,8.118,0.000,0.000,4,0,0,304.360,8.611,558.202,1.588
499.080,GOLD,moto,3,0,0.285,11.981,0.194,0.000,4,0,0,314.716,7.571,559.621,1.088
499.080,BLUE,atv,3,0,-4.546,11.691,0.211,0.000,4,0,0,314.058,15.248,515.698,5.731
499.360,YOU reference pilot,original,2,0,8.045,7.881,0.000,0.000,4,0,0,305.882,8.572,559.953,0.800
499.360,EMBER,tourer,2,0,8.226,8.692,0.263,0.000,4,0,0,306.579,8.519,557.835,1.750
499.360,GOLD,moto,3,0,0.292,11.981,0.194,0.000,4,0,0,314.729,7.568,559.540,1.028
499.360,BLUE,atv,3,0,-4.521,11.691,0.211,0.000,4,0,0,314.056,14.985,516.940,5.778
499.620,YOU reference pilot,original,2,0,9.617,11.071,0.832,0.000,4,0,0,308.119,8.439,559.563,0.693
499.620,EMBER,tourer,2,0,9.985,10.847,0.486,0.000,4,0,0,308.905,8.357,557.408,2.068
499.620,GOLD,moto,3,0,0.299,11.981,0.194,0.000,4,0,0,314.741,7.566,559.463,0.972
499.620,BLUE,atv,3,0,-4.498,11.691,0.211,0.000,4,0,0,314.054,14.743,518.086,5.821
499.880,YOU reference pilot,original,2,0,5.586,0.000,0.000,1.000,4,0,0,310.222,8.246,559.193,0.699
499.880,EMBER,tourer,2,0,10.298,9.114,0.000,0.336,4,0,0,311.607,8.045,556.719,2.650
499.880,GOLD,moto,3,0,0.307,11.981,0.194,0.000,4,0,0,314.753,7.564,559.384,0.915
499.880,BLUE,atv,3,0,-4.475,11.691,0.211,0.000,4,0,0,314.052,14.504,519.227,5.863
500.160,YOU reference pilot,original,2,0,1.263,0.000,0.000,0.349,4,0,0,311.030,8.103,559.125,0.665
500.160,EMBER,tourer,2,0,7.711,6.233,0.000,0.426,4,0,0,313.931,7.731,555.848,2.775
500.160,GOLD,moto,3,0,0.315,11.981,0.194,0.000,4,0,0,314.766,7.561,559.296,0.855
500.160,BLUE,atv,3,0,-4.450,11.691,0.211,0.000,4,0,0,314.050,14.249,520.450,5.908
500.420,YOU reference pilot,original,2,0,0.322,0.000,0.000,0.000,4,0,0,311.209,8.071,559.113,0.657
500.420,EMBER,tourer,2,0,6.515,10.000,1.000,0.000,4,0,0,315.456,7.743,555.150,1.941
500.420,GOLD,moto,3,0,0.323,11.981,0.194,0.000,4,0,0,314.778,7.559,559.213,0.799
500.420,BLUE,atv,3,0,-4.428,11.691,0.211,0.000,4,0,0,314.048,14.014,521.580,5.948
500.680,YOU reference pilot,original,2,0,0.165,0.000,0.000,0.000,4,0,0,311.263,8.072,559.100,0.667
500.680,EMBER,tourer,2,0,8.880,10.000,0.612,0.000,4,0,0,317.125,7.936,553.985,0.958
500.680,GOLD,moto,3,0,0.331,11.981,0.194,0.000,4,0,0,314.790,7.556,559.128,0.745
500.680,BLUE,atv,3,0,-4.406,11.691,0.211,0.000,4,0,0,314.045,13.782,522.704,5.986
500.960,YOU reference pilot,original,2,0,0.148,0.000,0.000,0.000,4,0,0,311.305,8.069,559.091,0.671
500.960,EMBER,tourer,2,0,10.368,24.000,1.000,0.000,4,0,0,318.895,8.311,552.039,0.752
500.960,GOLD,moto,3,0,0.339,11.981,0.194,0.000,4,0,0,314.803,7.554,559.034,0.690
500.960,BLUE,atv,3,0,-4.383,11.691,0.211,0.000,4,0,0,314.042,13.534,523.909,6.026
501.220,YOU reference pilot,original,2,0,0.146,0.000,0.000,0.000,4,0,0,311.343,8.065,559.083,0.674
501.220,EMBER,tourer,2,0,12.412,24.000,1.000,0.000,4,0,0,320.280,8.793,549.435,1.311
501.220,GOLD,moto,3,0,0.347,11.981,0.194,0.000,4,0,0,314.815,7.551,558.944,0.643
501.220,BLUE,atv,3,0,-4.362,11.691,0.211,0.000,4,0,0,314.039,13.306,525.022,6.061
501.480,YOU reference pilot,original,2,0,0.146,0.000,0.000,0.000,4,0,0,311.380,8.060,559.074,0.676
501.480,EMBER,tourer,2,0,14.304,24.000,1.000,0.000,4,0,0,321.191,9.400,546.113,1.672
501.480,GOLD,moto,3,0,0.356,11.981,0.194,0.000,4,0,0,314.827,7.549,558.852,0.601
501.480,BLUE,atv,3,0,-4.342,11.691,0.211,0.000,4,0,0,314.036,13.080,526.130,6.093
501.760,YOU reference pilot,original,2,0,0.146,0.000,0.000,0.000,4,0,0,311.420,8.055,559.064,0.679
501.760,EMBER,tourer,2,0,16.269,24.000,1.000,0.000,4,0,0,321.507,10.173,541.891,1.630
501.760,GOLD,moto,3,0,0.364,11.981,0.194,0.000,4,0,0,314.839,7.547,558.752,0.565
501.760,BLUE,atv,3,0,-4.320,11.691,0.211,0.000,4,0,0,314.033,12.838,527.318,6.126
502.020,YOU reference pilot,original,2,0,0.146,0.000,0.000,0.000,4,0,0,311.458,8.051,559.056,0.682
502.020,EMBER,tourer,2,0,18.021,24.000,1.000,0.000,4,0,0,321.232,10.984,537.497,1.229
502.020,GOLD,moto,3,0,0.354,11.981,0.194,0.000,4,0,0,314.852,7.548,558.660,0.544
502.020,BLUE,atv,3,0,-4.300,11.691,0.211,0.000,4,0,0,314.030,12.616,528.416,6.152
502.280,YOU reference pilot,original,2,0,0.147,0.000,0.000,0.000,4,0,0,311.495,8.046,559.047,0.684
502.280,EMBER,tourer,2,0,19.688,24.000,1.000,0.000,4,0,0,320.567,11.896,532.709,0.728
502.280,GOLD,moto,3,0,0.337,11.981,0.194,0.000,4,0,0,314.864,7.549,558.571,0.536
502.280,BLUE,atv,3,0,-4.281,11.691,0.211,0.000,4,0,0,314.026,12.396,529.509,6.176
502.560,YOU reference pilot,original,2,0,0.147,0.000,0.000,0.000,4,0,0,311.535,8.042,559.037,0.687
502.560,EMBER,tourer,2,0,21.347,24.000,1.000,0.000,4,0,0,319.642,12.998,527.129,0.808
502.560,GOLD,moto,3,0,0.316,11.981,0.194,0.000,4,0,0,314.877,7.549,558.480,0.538
502.560,BLUE,atv,3,0,-4.260,11.691,0.211,0.000,4,0,0,314.022,12.161,530.681,6.198
502.820,YOU reference pilot,original,2,0,0.147,0.000,0.000,0.000,4,0,0,311.573,8.037,559.029,0.690
502.820,EMBER,tourer,2,0,22.598,24.000,0.733,0.000,4,0,0,318.783,14.130,521.568,1.354
502.820,GOLD,moto,3,0,0.297,11.981,0.194,0.000,4,0,0,314.889,7.550,558.401,0.549
502.820,BLUE,atv,3,0,-4.242,11.691,0.211,0.000,4,0,0,314.018,11.944,531.764,6.213
503.080,YOU reference pilot,original,2,0,0.147,0.000,0.000,0.000,4,0,0,311.610,8.033,559.020,0.693
503.080,EMBER,tourer,2,0,23.075,24.000,0.473,0.000,4,0,0,318.069,15.342,515.785,1.820
503.080,GOLD,moto,3,0,0.278,11.981,0.194,0.000,4,0,0,314.900,7.550,558.326,0.566
503.080,BLUE,atv,3,0,-4.224,11.691,0.211,0.000,4,0,0,314.014,11.729,532.843,6.226
503.360,YOU reference pilot,original,2,0,0.148,0.000,0.000,0.000,4,0,0,311.650,8.028,559.011,0.696
503.360,EMBER,tourer,3,0,19.475,11.905,0.000,1.000,4,0,0,317.543,16.642,509.760,2.109
503.360,GOLD,moto,3,0,0.257,11.981,0.194,0.000,4,0,0,314.911,7.550,558.252,0.590
503.360,BLUE,atv,3,0,-4.205,11.691,0.211,0.000,4,0,0,314.009,11.499,534.001,6.231
503.620,YOU reference pilot,original,2,0,0.148,0.000,0.000,0.000,4,0,0,311.688,8.023,559.001,0.699
503.620,EMBER,tourer,3,0,13.477,11.892,0.000,0.464,4,0,0,317.188,17.541,505.730,2.316
503.620,GOLD,moto,3,0,0.236,11.981,0.194,0.000,4,0,0,314.922,7.550,558.189,0.615
503.620,BLUE,atv,3,0,-4.193,11.691,0.211,0.000,4,0,0,314.004,11.283,535.071,6.231
503.880,YOU reference pilot,original,2,0,0.148,0.000,0.000,0.000,4,0,0,311.725,8.018,558.992,0.702
503.880,EMBER,tourer,3,0,11.629,11.877,0.112,0.000,4,0,0,316.775,18.244,502.637,2.622
503.880,GOLD,moto,3,0,0.213,11.981,0.194,0.000,4,0,0,314.933,7.550,558.131,0.637
503.880,BLUE,atv,3,0,-4.186,11.691,0.211,0.000,4,0,0,313.999,11.067,536.139,6.227
504.160,YOU reference pilot,original,2,0,0.148,0.000,0.000,0.000,4,0,0,311.765,8.013,558.981,0.706
504.160,EMBER,tourer,3,0,11.459,11.861,0.198,0.000,4,0,0,316.242,18.955,499.538,3.053
504.160,GOLD,moto,3,0,0.188,11.981,0.194,0.000,4,0,0,314.945,7.549,558.075,0.654
504.160,BLUE,atv,3,0,-4.175,11.691,0.211,0.000,4,0,0,313.994,10.839,537.286,6.212
504.420,YOU reference pilot,original,2,0,0.148,0.000,0.000,0.000,4,0,0,311.803,8.008,558.972,0.709
504.420,EMBER,tourer,3,0,11.409,11.845,0.217,0.000,4,0,0,315.722,19.617,496.689,3.493
504.420,GOLD,moto,3,0,0.170,11.981,0.194,0.000,4,0,0,314.953,7.549,558.028,0.670
504.420,BLUE,atv,3,0,-4.160,11.691,0.211,0.000,4,0,0,313.988,10.631,538.349,6.190
504.680,YOU reference pilot,original,2,0,0.147,0.000,0.000,0.000,4,0,0,311.840,8.003,558.962,0.712
504.680,EMBER,tourer,3,0,11.380,11.829,0.224,0.000,4,0,0,315.236,20.285,493.846,3.914
504.680,GOLD,moto,3,0,0.163,11.981,0.194,0.000,4,0,0,314.958,7.548,557.984,0.686
504.680,BLUE,atv,3,0,-4.143,11.691,0.211,0.000,4,0,0,313.982,10.424,539.408,6.162
504.960,YOU reference pilot,original,2,0,0.147,0.000,0.000,0.000,4,0,0,311.880,7.998,558.952,0.716
504.960,EMBER,tourer,3,0,11.351,11.811,0.229,0.000,4,0,0,314.792,21.018,490.782,4.305
504.960,GOLD,moto,3,0,0.156,11.981,0.194,0.000,4,0,0,314.964,7.547,557.940,0.702
504.960,BLUE,atv,3,0,-4.129,11.691,0.211,0.000,4,0,0,313.976,10.199,540.544,6.120
505.220,YOU reference pilot,original,2,0,-0.050,0.000,0.000,0.450,4,0,0,311.907,7.995,558.946,0.718
505.220,EMBER,tourer,3,0,11.328,11.793,0.232,0.000,4,0,0,314.472,21.706,487.934,4.592
505.220,GOLD,moto,3,0,0.149,11.981,0.194,0.000,4,0,0,314.970,7.546,557.901,0.718
505.220,BLUE,atv,3,0,-4.127,11.691,0.211,0.000,4,0,0,313.969,9.986,541.597,6.066
505.480,YOU reference pilot,original,2,0,-0.233,0.000,0.000,0.450,4,0,0,311.867,8.000,558.970,0.708
505.480,EMBER,tourer,3,0,11.305,11.775,0.234,0.000,4,0,0,314.242,22.400,485.085,4.804
505.480,GOLD,moto,3,0,0.141,11.981,0.194,0.000,4,0,0,314.975,7.545,557.863,0.733
505.480,BLUE,atv,3,0,-4.125,11.691,0.211,0.000,4,0,0,313.962,9.775,542.648,6.002
505.760,YOU reference pilot,original,2,0,-0.254,0.000,0.000,0.450,4,0,0,311.807,8.008,559.004,0.696
505.760,EMBER,tourer,3,0,11.277,11.755,0.238,0.000,4,0,0,314.088,23.165,482.024,4.953
505.760,GOLD,moto,3,0,0.133,11.981,0.194,0.000,4,0,0,314.981,7.545,557.825,0.749
505.760,BLUE,atv,3,0,-4.114,11.691,0.211,0.000,4,0,0,313.953,9.553,543.780,5.918
506.020,YOU reference pilot,original,2,0,-0.257,0.000,0.000,0.450,4,0,0,311.749,8.016,559.037,0.685
506.020,EMBER,tourer,3,0,11.250,11.736,0.242,0.000,4,0,0,314.014,23.892,479.190,5.021
506.020,GOLD,moto,3,0,0.125,11.981,0.194,0.000,4,0,0,314.987,7.544,557.792,0.763
506.020,BLUE,atv,3,0,-4.109,11.691,0.211,0.000,4,0,0,313.946,9.343,544.829,5.822
506.280,YOU reference pilot,original,2,0,-0.257,0.000,0.000,0.450,4,0,0,311.691,8.023,559.070,0.674
506.280,EMBER,tourer,3,0,11.225,11.716,0.245,0.000,4,0,0,313.990,24.627,476.363,5.035
506.280,GOLD,moto,3,0,0.116,11.981,0.194,0.000,4,0,0,314.992,7.543,557.760,0.776
506.280,BLUE,atv,3,0,-4.115,11.691,0.211,0.000,4,0,0,313.938,9.127,545.877,5.706
506.560,YOU reference pilot,original,2,0,-0.258,0.000,0.000,0.450,4,0,0,311.629,8.031,559.107,0.665
506.560,EMBER,tourer,3,0,11.199,11.695,0.247,0.000,4,0,0,314.000,25.424,473.328,5.010
506.560,GOLD,moto,3,0,0.107,11.981,0.194,0.000,4,0,0,314.998,7.543,557.729,0.789
506.560,BLUE,atv,3,0,-4.129,11.691,0.211,0.000,4,0,0,313.929,8.890,547.006,5.555
506.820,YOU reference pilot,original,2,0,-0.259,0.000,0.000,0.450,4,0,0,311.571,8.039,559.141,0.657
506.820,EMBER,tourer,3,0,11.174,11.675,0.249,0.000,4,0,0,314.029,26.170,470.518,4.965
506.820,GOLD,moto,3,0,0.099,11.981,0.194,0.000,4,0,0,315.003,7.542,557.703,0.801
506.820,BLUE,atv,3,0,-4.139,11.691,0.211,0.000,4,0,0,313.918,8.675,548.059,5.387
507.080,YOU reference pilot,original,2,0,-0.260,0.000,0.000,0.450,4,0,0,311.513,8.046,559.176,0.650
507.080,EMBER,tourer,3,0,11.151,11.655,0.251,0.000,4,0,0,314.064,26.919,467.715,4.913
507.080,GOLD,moto,3,0,0.091,11.981,0.194,0.000,4,0,0,315.008,7.541,557.678,0.811
507.080,BLUE,atv,3,0,-4.134,11.691,0.211,0.000,4,0,0,313.907,8.468,549.112,5.181
507.360,YOU reference pilot,original,2,0,-0.261,0.000,0.000,0.450,4,0,0,311.450,8.053,559.214,0.645
507.360,EMBER,tourer,3,0,11.125,11.633,0.253,0.000,4,0,0,314.099,27.730,464.705,4.856
507.360,GOLD,moto,3,0,0.085,11.981,0.194,0.000,4,0,0,315.012,7.541,557.653,0.823
507.360,BLUE,atv,3,0,-4.114,11.691,0.211,0.000,4,0,0,313.894,8.251,550.246,4.911
507.620,YOU reference pilot,original,2,0,-0.262,0.000,0.000,0.450,4,0,0,311.392,8.061,559.250,0.641
507.620,EMBER,tourer,3,0,11.102,11.612,0.254,0.000,4,0,0,314.124,28.486,461.917,4.810
507.620,GOLD,moto,3,0,0.088,11.981,0.194,0.000,4,0,0,315.014,7.540,557.630,0.834
507.620,BLUE,atv,3,0,-4.098,11.691,0.211,0.000,4,0,0,313.882,8.048,551.293,4.661
507.880,YOU reference pilot,original,2,0,-0.263,0.000,0.000,0.450,4,0,0,311.334,8.068,559.287,0.640
507.880,EMBER,tourer,3,0,10.011,11.594,0.255,0.000,4,0,0,314.139,29.236,459.167,4.774
507.880,GOLD,moto,3,0,0.093,11.981,0.194,0.000,4,0,0,315.015,7.539,557.606,0.847
507.880,BLUE,atv,3,0,-4.057,11.691,0.211,0.000,4,0,0,313.870,7.876,552.331,4.384
508.160,YOU reference pilot,original,2,0,-0.201,0.000,0.000,0.000,4,0,0,311.273,8.075,559.327,0.640
508.160,EMBER,tourer,3,0,2.534,11.594,0.255,0.000,4,0,0,314.144,29.680,457.547,4.756
508.160,GOLD,moto,3,0,0.098,11.981,0.194,0.000,4,0,0,315.016,7.538,557.579,0.861
508.160,BLUE,atv,3,0,-3.917,11.691,0.211,0.000,4,0,0,313.858,7.744,553.429,4.011
508.420,YOU reference pilot,original,2,0,0.102,0.000,0.000,0.000,4,0,0,311.279,8.075,559.332,0.640
508.420,EMBER,tourer,3,0,0.356,11.594,0.255,0.000,4,0,0,314.145,29.737,457.344,4.754
508.420,GOLD,moto,3,0,0.102,11.981,0.194,0.000,4,0,0,315.017,7.537,557.553,0.875
508.420,BLUE,atv,3,0,-3.717,11.691,0.211,0.000,4,0,0,313.855,7.673,554.411,3.625
508.680,YOU reference pilot,original,2,0,0.134,0.000,0.000,0.000,4,0,0,311.311,8.071,559.324,0.640
508.680,EMBER,tourer,3,0,-0.323,11.594,0.255,0.000,4,0,0,314.145,29.736,457.348,4.754
508.680,GOLD,moto,3,0,0.106,11.981,0.194,0.000,4,0,0,315.018,7.536,557.526,0.889
508.680,BLUE,atv,3,0,-3.497,11.691,0.211,0.000,4,0,0,313.861,7.598,555.340,3.139
508.960,YOU reference pilot,original,2,0,0.138,0.000,0.000,0.000,4,0,0,311.349,8.066,559.314,0.640
508.960,EMBER,tourer,3,0,-0.965,11.594,0.255,0.000,4,0,0,314.145,29.686,457.530,4.755
508.960,GOLD,moto,3,0,0.110,11.981,0.194,0.000,4,0,0,315.020,7.535,557.496,0.906
508.960,BLUE,atv,3,0,-3.230,11.691,0.211,0.000,4,0,0,313.874,7.563,556.270,2.465
509.220,YOU reference pilot,original,2,0,0.138,0.000,0.000,0.000,4,0,0,311.384,8.062,559.304,0.640
509.220,EMBER,tourer,3,0,-1.491,11.594,0.255,0.000,4,0,0,314.145,29.600,457.844,4.758
509.220,GOLD,moto,3,0,0.113,11.981,0.194,0.000,4,0,0,315.021,7.534,557.467,0.922
509.220,BLUE,atv,3,0,-2.921,11.691,0.211,0.000,4,0,0,313.890,7.568,557.057,1.797
509.480,YOU reference pilot,original,2,0,0.138,0.000,0.000,0.000,4,0,0,311.419,8.058,559.294,0.640
509.480,EMBER,tourer,3,0,-1.955,11.594,0.255,0.000,4,0,0,314.144,29.480,458.282,4.762
509.480,GOLD,moto,3,0,0.073,11.981,0.194,0.000,4,0,0,315.034,7.532,557.439,0.931
509.480,BLUE,atv,3,0,-1.819,11.691,0.211,0.000,4,0,0,313.952,7.568,557.716,1.201
509.760,YOU reference pilot,original,2,0,0.138,0.000,0.000,0.000,4,0,0,311.457,8.053,559.284,0.640
509.760,EMBER,tourer,3,0,-2.395,11.594,0.255,0.000,4,0,0,314.144,29.318,458.875,4.767
509.760,GOLD,moto,3,0,0.013,11.981,0.194,0.000,4,0,0,315.100,7.522,557.424,0.898
509.760,BLUE,atv,3,0,-0.946,11.691,0.211,0.000,4,0,0,314.089,7.575,558.057,0.885
510.020,YOU reference pilot,original,2,0,0.139,0.000,0.000,0.000,4,0,0,311.493,8.049,559.274,0.641
510.020,EMBER,tourer,3,0,-2.754,11.594,0.255,0.000,4,0,0,314.144,29.140,459.525,4.773
510.020,GOLD,moto,3,0,0.007,11.981,0.194,0.000,4,0,0,315.116,7.524,557.419,0.895
510.020,BLUE,atv,3,0,-0.787,11.691,0.211,0.000,4,0,0,314.143,7.595,558.277,0.727
510.280,YOU reference pilot,original,2,0,0.139,0.000,0.000,0.000,4,0,0,311.528,8.045,559.264,0.641
510.280,EMBER,tourer,3,0,-3.071,11.594,0.255,0.000,4,0,0,314.143,28.940,460.259,4.779
510.280,GOLD,moto,3,0,-0.001,11.981,0.194,0.000,4,0,0,315.134,7.527,557.416,0.888
510.280,BLUE,atv,3,0,-0.622,11.691,0.211,0.000,4,0,0,314.195,7.595,558.453,0.615
510.560,YOU reference pilot,original,2,0,0.139,0.000,0.000,0.000,4,0,0,311.566,8.040,559.253,0.642
510.560,EMBER,tourer,3,0,-3.371,11.594,0.255,0.000,4,0,0,314.142,28.701,461.133,4.787
510.560,GOLD,moto,3,0,-0.010,11.981,0.194,0.000,4,0,0,315.153,7.526,557.415,0.878
510.560,BLUE,atv,3,0,-0.488,11.691,0.211,0.000,4,0,0,314.249,7.588,558.601,0.544
510.820,YOU reference pilot,original,2,0,0.139,0.000,0.000,0.000,4,0,0,311.601,8.036,559.243,0.642
510.820,EMBER,tourer,3,0,-3.615,11.594,0.255,0.000,4,0,0,314.141,28.462,462.012,4.795
510.820,GOLD,moto,3,0,-0.021,11.981,0.194,0.000,4,0,0,315.170,7.524,557.417,0.868
510.820,BLUE,atv,3,0,-0.382,11.691,0.211,0.000,4,0,0,314.299,7.585,558.706,0.519
511.080,YOU reference pilot,original,2,0,0.139,0.000,0.000,0.000,4,0,0,311.637,8.032,559.233,0.643
511.080,EMBER,tourer,3,0,-3.829,11.594,0.255,0.000,4,0,0,314.140,28.208,462.949,4.803
511.080,GOLD,moto,3,0,-0.035,11.981,0.194,0.000,4,0,0,315.189,7.524,557.421,0.855
511.080,BLUE,atv,3,0,-0.285,11.691,0.211,0.000,4,0,0,314.348,7.582,558.785,0.518
511.360,YOU reference pilot,original,2,0,0.140,0.000,0.000,0.000,4,0,0,311.675,8.027,559.221,0.644
511.360,EMBER,tourer,3,0,-4.032,11.594,0.255,0.000,4,0,0,314.139,27.919,464.013,4.812
511.360,GOLD,moto,3,0,-0.052,11.981,0.194,0.000,4,0,0,315.213,7.523,557.429,0.838
511.360,BLUE,atv,3,0,-0.192,11.691,0.211,0.000,4,0,0,314.397,7.577,558.842,0.527
511.620,YOU reference pilot,original,2,0,0.140,0.000,0.000,0.000,4,0,0,311.711,8.022,559.211,0.645
511.620,EMBER,tourer,3,0,-4.196,11.594,0.255,0.000,4,0,0,314.138,27.640,465.048,4.820
511.620,GOLD,moto,3,0,-0.068,11.981,0.194,0.000,4,0,0,315.239,7.523,557.441,0.818
511.620,BLUE,atv,3,0,-0.116,11.691,0.211,0.000,4,0,0,314.439,7.575,558.874,0.539
511.880,YOU reference pilot,original,2,0,0.140,0.000,0.000,0.000,4,0,0,311.746,8.018,559.201,0.646
511.880,EMBER,tourer,3,0,-4.340,11.594,0.255,0.000,4,0,0,314.137,27.350,466.121,4.829
511.880,GOLD,moto,3,0,-0.056,11.981,0.194,0.000,4,0,0,315.267,7.523,557.452,0.798
511.880,BLUE,atv,3,0,-0.065,11.691,0.211,0.000,4,0,0,314.479,7.572,558.889,0.549
512.160,YOU reference pilot,original,2,0,0.324,5.716,1.000,0.000,4,1,0,308.701,8.483,557.669,1.867
512.160,EMBER,tourer,3,0,-4.475,11.594,0.255,0.000,4,0,0,314.136,27.029,467.314,4.839
512.160,GOLD,moto,3,0,-0.036,11.981,0.194,0.000,4,0,0,315.298,7.522,557.458,0.779
512.160,BLUE,atv,3,0,-0.017,11.691,0.211,0.000,4,0,0,314.519,7.571,558.890,0.558
512.420,YOU reference pilot,original,2,0,1.772,0.467,0.000,0.366,4,1,0,309.132,8.304,557.652,1.825
512.420,EMBER,tourer,3,0,-4.583,11.594,0.255,0.000,4,0,0,314.135,26.724,468.452,4.848
512.420,GOLD,moto,3,0,-0.039,11.981,0.194,0.000,4,0,0,315.312,7.525,557.465,0.771
512.420,BLUE,atv,3,0,-0.010,11.691,0.211,0.000,4,0,0,314.535,7.568,558.891,0.559
512.680,YOU reference pilot,original,2,0,0.399,0.000,0.000,0.000,4,1,0,309.363,8.269,557.644,1.824
512.680,EMBER,tourer,3,0,-4.678,11.594,0.255,0.000,4,0,0,314.133,26.413,469.616,4.856
512.680,GOLD,moto,3,0,-0.035,11.981,0.194,0.000,4,0,0,315.324,7.526,557.472,0.762
512.680,BLUE,atv,3,0,-0.008,11.691,0.211,0.000,4,0,0,314.547,7.567,558.890,0.561
512.960,YOU reference pilot,original,2,0,0.157,0.000,0.000,0.000,4,1,0,309.428,8.273,557.642,1.829
512.960,EMBER,tourer,3,0,-4.765,11.594,0.255,0.000,4,0,0,314.132,26.072,470.894,4.866
512.960,GOLD,moto,3,0,-0.033,11.981,0.194,0.000,4,0,0,315.337,7.526,557.479,0.752
512.960,BLUE,atv,3,0,-0.006,11.691,0.211,0.000,4,0,0,314.560,7.567,558.889,0.563
513.220,YOU reference pilot,original,2,0,0.138,0.000,0.000,0.000,4,1,0,309.465,8.270,557.641,1.829
513.220,EMBER,tourer,3,0,-4.834,11.594,0.255,0.000,4,0,0,314.131,25.752,472.101,4.874
513.220,GOLD,moto,3,0,-0.033,11.981,0.194,0.000,4,0,0,315.349,7.526,557.486,0.744
513.220,BLUE,atv,3,0,-0.004,11.691,0.211,0.000,4,0,0,314.573,7.566,558.888,0.565
513.480,YOU reference pilot,original,2,0,0.137,0.000,0.000,0.000,4,1,0,309.501,8.266,557.640,1.829
513.480,EMBER,tourer,3,0,-4.893,11.594,0.255,0.000,4,0,0,314.129,25.428,473.324,4.882
513.480,GOLD,moto,3,0,-0.035,11.981,0.194,0.000,4,0,0,315.361,7.526,557.492,0.735
513.480,BLUE,atv,3,0,-0.001,11.691,0.211,0.000,4,0,0,314.585,7.565,558.886,0.566
513.760,YOU reference pilot,original,2,0,0.137,0.000,0.000,0.000,4,1,0,309.539,8.262,557.639,1.829
513.760,EMBER,tourer,3,0,-4.947,11.594,0.255,0.000,4,0,0,314.128,25.077,474.657,4.891
513.760,GOLD,moto,3,0,-0.038,11.981,0.194,0.000,4,0,0,315.374,7.526,557.500,0.726
513.760,BLUE,atv,3,0,0.004,11.691,0.211,0.000,4,0,0,314.597,7.564,558.882,0.568
514.020,YOU reference pilot,original,2,0,0.138,0.000,0.000,0.000,4,1,0,309.575,8.257,557.639,1.829
514.020,EMBER,tourer,3,0,-4.989,11.594,0.255,0.000,4,0,0,314.126,24.750,475.906,4.898
514.020,GOLD,moto,3,0,-0.045,11.981,0.194,0.000,4,0,0,315.386,7.526,557.509,0.716
514.020,BLUE,atv,3,0,0.009,11.691,0.211,0.000,4,0,0,314.609,7.564,558.878,0.568
514.280,YOU reference pilot,original,2,0,0.138,0.000,0.000,0.000,4,1,0,309.611,8.253,557.638,1.829
514.280,EMBER,tourer,3,0,-5.022,11.594,0.255,0.000,4,0,0,314.124,24.421,477.166,4.905
514.280,GOLD,moto,3,0,-0.064,11.981,0.194,0.000,4,0,0,315.400,7.526,557.522,0.704
514.280,BLUE,atv,3,0,0.011,11.691,0.211,0.000,4,0,0,314.622,7.563,558.873,0.569
514.560,YOU reference pilot,original,2,0,0.139,0.000,0.000,0.000,4,1,0,309.649,8.248,557.637,1.829
514.560,EMBER,tourer,3,0,-5.051,11.594,0.255,0.000,4,0,0,314.122,24.067,478.531,4.911
514.560,GOLD,moto,3,0,-0.088,11.981,0.194,0.000,4,0,0,315.417,7.525,557.540,0.688
514.560,BLUE,atv,3,0,0.011,11.691,0.211,0.000,4,0,0,314.635,7.562,558.867,0.569
514.820,YOU reference pilot,original,2,0,0.140,0.000,0.000,0.000,4,1,0,309.686,8.244,557.636,1.829
514.820,EMBER,tourer,3,0,-5.071,11.594,0.255,0.000,4,0,0,314.121,23.739,479.805,4.917
514.820,GOLD,moto,3,0,-0.111,11.981,0.194,0.000,4,0,0,315.435,7.525,557.563,0.670
514.820,BLUE,atv,3,0,0.009,11.691,0.211,0.000,4,0,0,314.648,7.561,558.861,0.569
515.080,YOU reference pilot,original,2,0,0.140,0.000,0.000,0.000,4,1,0,309.722,8.240,557.635,1.829
515.080,EMBER,tourer,3,0,-5.085,11.594,0.255,0.000,4,0,0,314.119,23.412,481.083,4.922
515.080,GOLD,moto,3,0,-0.132,11.981,0.194,0.000,4,0,0,315.453,7.525,557.592,0.651
515.080,BLUE,atv,3,0,0.008,11.691,0.211,0.000,4,0,0,314.661,7.560,558.856,0.569
515.360,YOU reference pilot,original,2,0,0.141,0.000,0.000,0.000,4,1,0,309.761,8.235,557.633,1.830
515.360,EMBER,tourer,3,0,-5.094,11.594,0.255,0.000,4,0,0,314.117,23.060,482.464,4.926
515.360,GOLD,moto,3,0,-0.152,11.981,0.194,0.000,4,0,0,315.475,7.524,557.628,0.629
515.360,BLUE,atv,3,0,0.007,11.691,0.211,0.000,4,0,0,314.674,7.559,558.851,0.570
515.620,YOU reference pilot,original,2,0,0.142,0.000,0.000,0.000,4,1,0,309.798,8.231,557.631,1.831
515.620,EMBER,tourer,3,0,-5.098,11.594,0.255,0.000,4,0,0,314.115,22.736,483.748,4.929
515.620,GOLD,moto,3,0,-0.171,11.981,0.194,0.000,4,0,0,315.497,7.524,557.667,0.608
515.620,BLUE,atv,3,0,0.007,11.691,0.211,0.000,4,0,0,314.687,7.558,558.846,0.571
515.880,YOU reference pilot,original,2,0,0.142,0.000,0.000,0.000,4,1,0,309.835,8.226,557.630,1.832
515.880,EMBER,tourer,3,0,-5.096,11.594,0.255,0.000,4,0,0,314.113,22.417,485.034,4.933
515.880,GOLD,moto,3,0,-0.201,11.981,0.194,0.000,4,0,0,315.520,7.522,557.713,0.585
515.880,BLUE,atv,3,0,0.008,11.691,0.211,0.000,4,0,0,314.700,7.557,558.841,0.571
516.140,YOU reference pilot,original,2,0,0.143,0.000,0.000,0.000,4,1,0,309.872,8.222,557.628,1.832
516.140,EMBER,tourer,3,0,-5.086,11.594,0.255,0.000,4,0,0,314.111,22.100,486.318,4.939
516.140,GOLD,moto,3,0,-0.235,11.981,0.194,0.000,4,0,0,315.546,7.520,557.765,0.564
516.140,BLUE,atv,3,0,0.009,11.691,0.211,0.000,4,0,0,314.714,7.556,558.835,0.572
516.420,YOU reference pilot,original,2,0,0.144,0.000,0.000,0.000,4,1,0,309.912,8.217,557.626,1.833
516.420,EMBER,tourer,3,0,-5.071,11.594,0.255,0.000,4,0,0,314.109,21.764,487.699,4.950
516.420,GOLD,moto,3,0,-0.267,11.981,0.194,0.000,4,0,0,315.576,7.518,557.831,0.545
516.420,BLUE,atv,3,0,0.010,11.691,0.211,0.000,4,0,0,314.728,7.555,558.829,0.572
516.680,YOU reference pilot,original,2,0,0.145,0.000,0.000,0.000,4,1,0,309.950,8.212,557.625,1.834
516.680,EMBER,tourer,3,0,-5.054,11.594,0.255,0.000,4,0,0,314.107,21.455,488.977,4.962
516.680,GOLD,moto,3,0,-0.291,11.981,0.194,0.000,4,0,0,315.605,7.515,557.898,0.534
516.680,BLUE,atv,3,0,0.010,11.691,0.211,0.000,4,0,0,314.741,7.554,558.824,0.572
516.960,YOU reference pilot,original,2,0,0.145,0.000,0.000,0.000,4,1,0,309.990,8.208,557.623,1.835
516.960,EMBER,tourer,3,0,-5.034,11.594,0.255,0.000,4,0,0,314.106,21.125,490.350,4.979
516.960,GOLD,moto,3,0,-0.311,11.981,0.194,0.000,4,0,0,315.638,7.512,557.977,0.533
516.960,BLUE,atv,3,0,0.011,11.691,0.211,0.000,4,0,0,314.755,7.553,558.818,0.573
517.220,YOU reference pilot,original,2,0,0.146,0.000,0.000,0.000,4,1,0,310.028,8.203,557.621,1.835
517.220,EMBER,tourer,3,0,-5.015,11.594,0.255,0.000,4,0,0,314.105,20.821,491.620,4.996
517.220,GOLD,moto,3,0,-0.326,11.981,0.194,0.000,4,0,0,315.670,7.510,558.055,0.543
517.220,BLUE,atv,3,0,0.012,11.691,0.211,0.000,4,0,0,314.767,7.552,558.811,0.572
517.480,YOU reference pilot,original,2,0,0.085,0.000,0.000,0.450,4,1,0,310.064,8.199,557.619,1.836
517.480,EMBER,tourer,3,0,-4.996,11.594,0.255,0.000,4,0,0,314.104,20.519,492.885,5.018
517.480,GOLD,moto,3,0,-0.335,11.981,0.194,0.000,4,0,0,315.703,7.507,558.135,0.565
517.480,BLUE,atv,3,0,0.012,11.691,0.211,0.000,4,0,0,314.780,7.551,558.805,0.572
517.760,YOU reference pilot,original,2,0,-0.224,0.000,0.000,0.450,4,1,0,310.026,8.203,557.619,1.837
517.760,EMBER,tourer,3,0,-4.976,11.594,0.255,0.000,4,0,0,314.103,20.197,494.243,5.042
517.760,GOLD,moto,3,0,-0.337,11.981,0.194,0.000,4,0,0,315.738,7.505,558.223,0.602
517.760,BLUE,atv,3,0,0.011,11.691,0.211,0.000,4,0,0,314.792,7.551,558.799,0.572
518.020,YOU reference pilot,original,2,0,-0.253,0.000,0.000,0.450,4,1,0,309.963,8.211,557.619,1.839
518.020,EMBER,tourer,3,0,-4.955,11.594,0.255,0.000,4,0,0,314.102,19.902,495.499,5.069
518.020,GOLD,moto,3,0,-0.335,11.981,0.194,0.000,4,0,0,315.770,7.503,558.305,0.645
518.020,BLUE,atv,3,0,0.011,11.691,0.211,0.000,4,0,0,314.803,7.550,558.794,0.572
518.280,YOU reference pilot,original,2,0,-0.257,0.000,0.000,0.450,4,1,0,309.897,8.219,557.619,1.840
518.280,EMBER,tourer,3,0,-4.932,11.594,0.255,0.000,4,0,0,314.101,19.610,496.750,5.096
518.280,GOLD,moto,3,0,-0.330,11.981,0.194,0.000,4,0,0,315.800,7.501,558.386,0.695
518.280,BLUE,atv,3,0,0.013,11.691,0.211,0.000,4,0,0,314.813,7.549,558.788,0.572
518.560,YOU reference pilot,original,2,0,-0.259,0.000,0.000,0.450,4,1,0,309.825,8.227,557.619,1.842
518.560,EMBER,tourer,3,0,-4.905,11.594,0.255,0.000,4,0,0,314.100,19.300,498.091,5.129
518.560,GOLD,moto,3,0,-0.321,11.981,0.194,0.000,4,0,0,315.833,7.499,558.472,0.753
518.560,BLUE,atv,3,0,0.015,11.691,0.211,0.000,4,0,0,314.824,7.548,558.781,0.572
518.820,YOU reference pilot,original,2,0,-0.260,0.000,0.000,0.450,4,1,0,309.757,8.235,557.619,1.843
518.820,EMBER,tourer,3,0,-4.881,11.594,0.255,0.000,4,0,0,314.100,19.015,499.330,5.160
518.820,GOLD,moto,3,0,-0.310,11.981,0.194,0.000,4,0,0,315.862,7.496,558.549,0.809
518.820,BLUE,atv,3,0,0.017,11.691,0.211,0.000,4,0,0,314.834,7.548,558.775,0.572
519.080,YOU reference pilot,original,2,0,-0.261,0.000,0.000,0.450,4,1,0,309.690,8.243,557.620,1.844
519.080,EMBER,tourer,3,0,-4.856,11.594,0.255,0.000,4,0,0,314.099,18.733,500.564,5.195
519.080,GOLD,moto,3,0,-0.297,11.981,0.194,0.000,4,0,0,315.890,7.495,558.622,0.866
519.080,BLUE,atv,3,0,0.019,11.691,0.211,0.000,4,0,0,314.843,7.547,558.768,0.571
519.360,YOU reference pilot,original,2,0,-0.263,0.000,0.000,0.450,4,1,0,309.616,8.252,557.620,1.846
519.360,EMBER,tourer,3,0,-4.830,11.594,0.255,0.000,4,0,0,314.098,18.432,501.885,5.233
519.360,GOLD,moto,3,0,-0.280,11.981,0.194,0.000,4,0,0,315.920,7.493,558.698,0.927
519.360,BLUE,atv,3,0,0.021,11.691,0.211,0.000,4,0,0,314.854,7.547,558.760,0.570
519.620,YOU reference pilot,original,2,0,-0.264,0.000,0.000,0.450,4,1,0,309.548,8.260,557.620,1.847
519.620,EMBER,tourer,3,0,-4.805,11.594,0.255,0.000,4,0,0,314.098,18.156,503.106,5.270
519.620,GOLD,moto,3,0,-0.264,11.981,0.194,0.000,4,0,0,315.947,7.491,558.764,0.983
519.620,BLUE,atv,3,0,0.021,11.691,0.211,0.000,4,0,0,314.863,7.546,558.752,0.569
519.880,YOU reference pilot,original,2,0,-0.265,0.000,0.000,0.450,4,1,0,309.479,8.268,557.620,1.849
519.880,EMBER,tourer,3,0,-4.781,11.594,0.255,0.000,4,0,0,314.097,17.882,504.322,5.308
519.880,GOLD,moto,3,0,-0.243,11.981,0.194,0.000,4,0,0,315.972,7.489,558.824,1.035
519.880,BLUE,atv,3,0,0.022,11.691,0.211,0.000,4,0,0,314.873,7.546,558.744,0.568
520.160,YOU reference pilot,original,2,0,-0.267,0.000,0.000,0.450,4,1,0,309.405,8.277,557.620,1.850
520.160,EMBER,tourer,3,0,-4.756,11.594,0.255,0.000,4,0,0,314.097,17.591,505.624,5.350
520.160,GOLD,moto,3,0,-0.212,11.981,0.194,0.000,4,0,0,315.997,7.489,558.882,1.088
520.160,BLUE,atv,3,0,0.023,11.691,0.211,0.000,4,0,0,314.883,7.545,558.735,0.567
520.420,YOU reference pilot,original,2,0,-0.268,0.000,0.000,0.450,4,1,0,309.335,8.285,557.620,1.852
520.420,EMBER,tourer,3,0,-4.732,11.594,0.255,0.000,4,0,0,314.096,17.323,506.827,5.391
520.420,GOLD,moto,3,0,-0.177,11.981,0.194,0.000,4,0,0,316.019,7.490,558.929,1.132
520.420,BLUE,atv,3,0,0.022,11.691,0.211,0.000,4,0,0,314.892,7.545,558.727,0.566
520.680,YOU reference pilot,original,2,0,0.071,0.664,0.000,0.000,4,1,0,309.317,8.287,557.620,1.852
520.680,EMBER,tourer,3,0,-4.707,11.594,0.255,0.000,4,0,0,314.095,17.059,508.024,5.433
520.680,GOLD,moto,3,0,-0.148,11.981,0.194,0.000,4,0,0,316.039,7.489,558.967,1.170
520.680,BLUE,atv,3,0,0.021,11.691,0.211,0.000,4,0,0,314.901,7.544,558.719,0.565
520.960,YOU reference pilot,original,2,0,0.126,0.160,0.000,0.000,4,1,0,309.348,8.284,557.619,1.853
520.960,EMBER,tourer,3,0,-4.679,11.594,0.255,0.000,4,0,0,314.094,16.778,509.307,5.479
520.960,GOLD,moto,3,0,-0.120,11.981,0.194,0.000,4,0,0,316.058,7.489,559.001,1.204
520.960,BLUE,atv,3,0,0.019,11.691,0.211,0.000,4,0,0,314.911,7.543,558.711,0.565
521.220,YOU reference pilot,original,2,0,0.132,0.000,0.000,0.000,4,1,0,309.382,8.280,557.618,1.853
521.220,EMBER,tourer,3,0,-4.654,11.594,0.255,0.000,4,0,0,314.093,16.519,510.492,5.522
521.220,GOLD,moto,3,0,-0.094,11.981,0.194,0.000,4,0,0,316.075,7.489,559.025,1.230
521.220,BLUE,atv,3,0,0.016,11.691,0.211,0.000,4,0,0,314.919,7.543,558.705,0.564
521.480,YOU reference pilot,original,2,0,0.135,0.000,0.000,0.000,4,1,0,309.417,8.276,557.617,1.853
521.480,EMBER,tourer,3,0,-4.629,11.594,0.255,0.000,4,0,0,314.093,16.263,511.671,5.565
521.480,GOLD,moto,3,0,-0.072,11.981,0.194,0.000,4,0,0,316.089,7.489,559.044,1.252
521.480,BLUE,atv,3,0,0.014,11.691,0.211,0.000,4,0,0,314.928,7.542,558.699,0.564
521.760,YOU reference pilot,original,2,0,0.136,0.000,0.000,0.000,4,1,0,309.455,8.272,557.616,1.853
521.760,EMBER,tourer,3,0,-4.602,11.594,0.255,0.000,4,0,0,314.092,15.991,512.933,5.612
521.760,GOLD,moto,3,0,-0.054,11.981,0.194,0.000,4,0,0,316.103,7.489,559.059,1.270
521.760,BLUE,atv,3,0,0.012,11.691,0.211,0.000,4,0,0,314.938,7.542,558.693,0.564
522.020,YOU reference pilot,original,2,0,0.136,0.000,0.000,0.000,4,1,0,309.490,8.268,557.616,1.853
522.020,EMBER,tourer,3,0,-4.578,11.594,0.255,0.000,4,0,0,314.090,15.741,514.100,5.655
522.020,GOLD,moto,3,0,-0.043,11.981,0.194,0.000,4,0,0,316.115,7.489,559.069,1.285
522.020,BLUE,atv,3,0,0.011,11.691,0.211,0.000,4,0,0,314.947,7.541,558.688,0.564
522.280,YOU reference pilot,original,2,0,0.137,0.000,0.000,0.000,4,1,0,309.525,8.263,557.615,1.853
522.280,EMBER,tourer,3,0,-4.554,11.594,0.255,0.000,4,0,0,314.089,15.493,515.260,5.699
522.280,GOLD,moto,3,0,-0.035,11.981,0.194,0.000,4,0,0,316.126,7.489,559.077,1.297
522.280,BLUE,atv,3,0,0.010,11.691,0.211,0.000,4,0,0,314.957,7.541,558.683,0.564
522.560,YOU reference pilot,original,2,0,0.138,0.000,0.000,0.000,4,1,0,309.564,8.259,557.614,1.853
522.560,EMBER,tourer,3,0,-4.529,11.594,0.255,0.000,4,0,0,314.088,15.229,516.503,5.746
522.560,GOLD,moto,3,0,-0.026,11.981,0.194,0.000,4,0,0,316.138,7.488,559.083,1.308
522.560,BLUE,atv,3,0,0.009,11.691,0.211,0.000,4,0,0,314.967,7.540,558.678,0.564
522.820,YOU reference pilot,original,2,0,0.138,0.000,0.000,0.000,4,1,0,309.600,8.254,557.613,1.853
522.820,EMBER,tourer,3,0,-4.505,11.594,0.255,0.000,4,0,0,314.086,14.986,517.652,5.789
522.820,GOLD,moto,3,0,-0.020,11.981,0.194,0.000,4,0,0,316.148,7.488,559.087,1.317
522.820,BLUE,atv,3,0,0.008,11.691,0.211,0.000,4,0,0,314.977,7.540,558.674,0.565
523.080,YOU reference pilot,original,2,0,0.139,0.000,0.000,0.000,4,1,0,309.635,8.250,557.612,1.853
523.080,EMBER,tourer,3,0,-4.482,11.594,0.255,0.000,4,0,0,314.084,14.746,518.794,5.831
523.080,GOLD,moto,3,0,-0.014,11.981,0.194,0.000,4,0,0,316.158,7.488,559.089,1.325
523.080,BLUE,atv,3,0,0.007,11.691,0.211,0.000,4,0,0,314.986,7.539,558.670,0.565
523.360,YOU reference pilot,original,2,0,0.140,0.000,0.000,0.000,4,1,0,309.674,8.245,557.611,1.853
523.360,EMBER,tourer,3,0,-4.458,11.594,0.255,0.000,4,0,0,314.082,14.489,520.019,5.875
523.360,GOLD,moto,3,0,-0.009,11.981,0.194,0.000,4,0,0,316.169,7.488,559.090,1.332
523.360,BLUE,atv,3,0,-0.001,11.691,0.211,0.000,4,0,0,314.996,7.539,558.668,0.566
523.620,YOU reference pilot,original,2,0,0.140,0.000,0.000,0.000,4,1,0,309.711,8.241,557.610,1.853
523.620,EMBER,tourer,3,0,-4.436,11.594,0.255,0.000,4,0,0,314.080,14.254,521.150,5.916
523.620,GOLD,moto,3,0,-0.012,11.981,0.194,0.000,4,0,0,316.178,7.488,559.091,1.338
523.620,BLUE,atv,3,0,-0.009,11.691,0.211,0.000,4,0,0,315.006,7.538,558.667,0.568
523.880,YOU reference pilot,original,2,0,0.141,0.000,0.000,0.000,4,1,0,309.747,8.237,557.609,1.853
523.880,EMBER,tourer,3,0,-4.414,11.594,0.255,0.000,4,0,0,314.078,14.021,522.276,5.954
523.880,GOLD,moto,3,0,-0.016,11.981,0.194,0.000,4,0,0,316.188,7.487,559.092,1.346
523.880,BLUE,atv,3,0,-0.014,11.691,0.211,0.000,4,0,0,315.017,7.538,558.668,0.570
524.160,YOU reference pilot,original,2,0,0.142,0.000,0.000,0.000,4,1,0,309.787,8.232,557.609,1.853
524.160,EMBER,tourer,3,0,-4.391,11.594,0.255,0.000,4,0,0,314.075,13.772,523.483,5.995
524.160,GOLD,moto,3,0,-0.020,11.981,0.194,0.000,4,0,0,316.199,7.487,559.095,1.354
524.160,BLUE,atv,3,0,-0.018,11.691,0.211,0.000,4,0,0,315.028,7.537,558.671,0.572
524.420,YOU reference pilot,original,2,0,0.142,0.000,0.000,0.000,4,1,0,309.823,8.228,557.608,1.853
524.420,EMBER,tourer,3,0,-4.369,11.594,0.255,0.000,4,0,0,314.072,13.543,524.598,6.030
524.420,GOLD,moto,3,0,-0.022,11.981,0.194,0.000,4,0,0,316.209,7.487,559.099,1.363
524.420,BLUE,atv,3,0,-0.022,11.691,0.211,0.000,4,0,0,315.038,7.537,558.674,0.575
524.680,YOU reference pilot,original,2,0,2.616,2.911,0.181,0.000,4,2,0,309.125,8.325,557.663,1.822
524.680,EMBER,tourer,3,0,-4.349,11.594,0.255,0.000,4,0,0,314.069,13.316,525.708,6.064
524.680,GOLD,moto,3,0,-0.024,11.981,0.194,0.000,4,0,0,316.219,7.487,559.103,1.372
524.680,BLUE,atv,3,0,-0.026,11.691,0.211,0.000,4,0,0,315.049,7.536,558.678,0.579
524.960,YOU reference pilot,original,2,0,1.048,0.000,0.000,0.292,4,2,0,309.687,8.233,557.655,1.807
524.960,EMBER,tourer,3,0,-4.327,11.594,0.255,0.000,4,0,0,314.065,13.074,526.897,6.097
524.960,GOLD,moto,3,0,-0.023,11.981,0.194,0.000,4,0,0,316.230,7.487,559.107,1.382
524.960,BLUE,atv,3,0,-0.027,11.691,0.211,0.000,4,0,0,315.061,7.535,558.682,0.582
525.220,YOU reference pilot,original,2,0,0.259,0.000,0.000,0.000,4,2,0,309.826,8.228,557.653,1.810
525.220,EMBER,tourer,3,0,-4.307,11.594,0.255,0.000,4,0,0,314.062,12.851,527.997,6.125
525.220,GOLD,moto,3,0,-0.023,11.981,0.194,0.000,4,0,0,316.241,7.486,559.111,1.391
525.220,BLUE,atv,3,0,-0.020,11.691,0.211,0.000,4,0,0,315.072,7.535,558.686,0.585
525.480,YOU reference pilot,original,2,0,0.155,0.000,0.000,0.000,4,2,0,309.875,8.222,557.652,1.810
525.480,EMBER,tourer,3,0,-4.287,11.594,0.255,0.000,4,0,0,314.058,12.630,529.092,6.151
525.480,GOLD,moto,3,0,-0.019,11.981,0.194,0.000,4,0,0,316.252,7.486,559.114,1.400
525.480,BLUE,atv,3,0,-0.015,11.691,0.211,0.000,4,0,0,315.083,7.534,558.688,0.588
525.760,YOU reference pilot,original,2,0,0.145,0.000,0.000,0.000,4,2,0,309.916,8.217,557.651,1.810
525.760,EMBER,tourer,3,0,-4.267,11.594,0.255,0.000,4,0,0,314.053,12.394,530.265,6.174
525.760,GOLD,moto,3,0,-0.015,11.981,0.194,0.000,4,0,0,316.263,7.486,559.117,1.408
525.760,BLUE,atv,3,0,-0.011,11.691,0.211,0.000,4,0,0,315.094,7.534,558.690,0.591
526.020,YOU reference pilot,original,2,0,0.145,0.000,0.000,0.000,4,2,0,309.954,8.212,557.650,1.810
526.020,EMBER,tourer,3,0,-4.248,11.594,0.255,0.000,4,0,0,314.049,12.177,531.350,6.192
526.020,GOLD,moto,3,0,-0.012,11.981,0.194,0.000,4,0,0,316.272,7.485,559.118,1.416
526.020,BLUE,atv,3,0,-0.008,11.691,0.211,0.000,4,0,0,315.104,7.533,558.690,0.593
526.280,YOU reference pilot,original,2,0,0.145,0.000,0.000,0.000,4,2,0,309.991,8.207,557.649,1.810
526.280,EMBER,tourer,3,0,-4.230,11.594,0.255,0.000,4,0,0,314.044,11.961,532.430,6.206
526.280,GOLD,moto,3,0,-0.009,11.981,0.194,0.000,4,0,0,316.282,7.485,559.119,1.422
526.280,BLUE,atv,3,0,-0.005,11.691,0.211,0.000,4,0,0,315.114,7.533,558.689,0.595
526.560,YOU reference pilot,original,2,0,0.146,0.000,0.000,0.000,4,2,0,310.032,8.203,557.648,1.810
526.560,EMBER,tourer,3,0,-4.211,11.594,0.255,0.000,4,0,0,314.039,11.730,533.589,6.215
526.560,GOLD,moto,3,0,-0.006,11.981,0.194,0.000,4,0,0,316.292,7.485,559.119,1.428
526.560,BLUE,atv,3,0,-0.001,11.691,0.211,0.000,4,0,0,315.125,7.532,558.688,0.597
526.820,YOU reference pilot,original,2,0,0.146,0.000,0.000,0.000,4,2,0,310.070,8.198,557.646,1.811
526.820,EMBER,tourer,3,0,-4.199,11.594,0.255,0.000,4,0,0,314.034,11.513,534.661,6.219
526.820,GOLD,moto,3,0,-0.003,11.981,0.194,0.000,4,0,0,316.302,7.485,559.118,1.434
526.820,BLUE,atv,3,0,0.001,11.691,0.211,0.000,4,0,0,315.135,7.531,558.686,0.598
527.080,YOU reference pilot,original,2,0,0.147,0.000,0.000,0.000,4,2,0,310.107,8.194,557.644,1.812
527.080,EMBER,tourer,3,0,-4.189,11.594,0.255,0.000,4,0,0,314.028,11.300,535.730,6.216
527.080,GOLD,moto,3,0,-0.001,11.981,0.194,0.000,4,0,0,316.311,7.485,559.117,1.438
527.080,BLUE,atv,3,0,0.003,11.691,0.211,0.000,4,0,0,315.144,7.531,558.684,0.599
527.360,YOU reference pilot,original,2,0,0.147,0.000,0.000,0.000,4,2,0,310.148,8.189,557.643,1.812
527.360,EMBER,tourer,3,0,-4.178,11.594,0.255,0.000,4,0,0,314.021,11.072,536.878,6.205
527.360,GOLD,moto,3,0,0.000,11.981,0.194,0.000,4,0,0,316.320,7.485,559.115,1.443
527.360,BLUE,atv,3,0,0.004,11.691,0.211,0.000,4,0,0,315.154,7.530,558.681,0.600
527.620,YOU reference pilot,original,2,0,0.148,0.000,0.000,0.000,4,2,0,310.187,8.185,557.641,1.813
527.620,EMBER,tourer,3,0,-4.163,11.594,0.255,0.000,4,0,0,314.015,10.861,537.941,6.189
527.620,GOLD,moto,3,0,-0.003,11.981,0.194,0.000,4,0,0,316.329,7.485,559.114,1.448
527.620,BLUE,atv,3,0,-0.002,11.691,0.211,0.000,4,0,0,315.164,7.530,558.679,0.601
527.880,YOU reference pilot,original,2,0,0.148,0.000,0.000,0.000,4,2,0,310.225,8.180,557.639,1.814
527.880,EMBER,tourer,3,0,-4.147,11.594,0.255,0.000,4,0,0,314.008,10.653,539.001,6.165
527.880,GOLD,moto,3,0,-0.006,11.981,0.194,0.000,4,0,0,316.339,7.485,559.113,1.453
527.880,BLUE,atv,3,0,-0.009,11.691,0.211,0.000,4,0,0,315.174,7.529,558.679,0.603
528.160,YOU reference pilot,original,2,0,0.149,0.000,0.000,0.000,4,2,0,310.267,8.176,557.638,1.814
528.160,EMBER,tourer,3,0,-4.134,11.594,0.255,0.000,4,0,0,314.000,10.426,540.138,6.126
528.160,GOLD,moto,3,0,-0.010,11.981,0.194,0.000,4,0,0,316.349,7.485,559.113,1.460
528.160,BLUE,atv,3,0,-0.014,11.691,0.211,0.000,4,0,0,315.184,7.528,558.681,0.606
528.420,YOU reference pilot,original,2,0,0.149,0.000,0.000,0.000,4,2,0,310.305,8.171,557.636,1.814
528.420,EMBER,tourer,3,0,-4.127,11.594,0.255,0.000,4,0,0,313.992,10.216,541.192,6.081
528.420,GOLD,moto,3,0,-0.012,11.981,0.194,0.000,4,0,0,316.358,7.485,559.114,1.466
528.420,BLUE,atv,3,0,-0.018,11.691,0.211,0.000,4,0,0,315.193,7.528,558.683,0.609
528.680,YOU reference pilot,original,2,0,0.150,0.000,0.000,0.000,4,2,0,310.344,8.167,557.634,1.815
528.680,EMBER,tourer,3,0,-4.121,11.594,0.255,0.000,4,0,0,313.983,10.010,542.244,6.025
528.680,GOLD,moto,3,0,-0.013,11.981,0.194,0.000,4,0,0,316.367,7.485,559.115,1.473
528.680,BLUE,atv,3,0,-0.022,11.691,0.211,0.000,4,0,0,315.203,7.527,558.687,0.612
528.960,YOU reference pilot,original,2,0,0.150,0.000,0.000,0.000,4,2,0,310.386,8.162,557.632,1.815
528.960,EMBER,tourer,3,0,-4.114,11.594,0.255,0.000,4,0,0,313.974,9.784,543.374,5.950
528.960,GOLD,moto,3,0,-0.016,11.981,0.194,0.000,4,0,0,316.377,7.485,559.118,1.481
528.960,BLUE,atv,3,0,-0.026,11.691,0.211,0.000,4,0,0,315.214,7.527,558.691,0.616
529.220,YOU reference pilot,original,2,0,0.150,0.000,0.000,0.000,4,2,0,310.425,8.158,557.631,1.815
529.220,EMBER,tourer,3,0,-4.110,11.594,0.255,0.000,4,0,0,313.964,9.571,544.422,5.862
529.220,GOLD,moto,3,0,-0.016,11.981,0.194,0.000,4,0,0,316.386,7.485,559.120,1.488
529.220,BLUE,atv,3,0,-0.024,11.691,0.211,0.000,4,0,0,315.224,7.526,558.695,0.620
529.480,YOU reference pilot,original,2,0,0.151,0.000,0.000,0.000,4,2,0,310.464,8.153,557.629,1.815
529.480,EMBER,tourer,3,0,-4.112,11.594,0.255,0.000,4,0,0,313.953,9.359,545.471,5.755
529.480,GOLD,moto,3,0,-0.016,11.981,0.194,0.000,4,0,0,316.396,7.485,559.122,1.496
529.480,BLUE,atv,3,0,-0.016,11.691,0.211,0.000,4,0,0,315.233,7.526,558.698,0.624
529.760,YOU reference pilot,original,2,0,0.151,0.000,0.000,0.000,4,2,0,310.506,8.148,557.627,1.815
529.760,EMBER,tourer,3,0,-4.122,11.594,0.255,0.000,4,0,0,313.941,9.127,546.600,5.617
529.760,GOLD,moto,3,0,-0.014,11.981,0.194,0.000,4,0,0,316.405,7.484,559.125,1.504
529.760,BLUE,atv,3,0,-0.009,11.691,0.211,0.000,4,0,0,315.244,7.525,558.700,0.627
530.020,YOU reference pilot,original,2,0,-0.104,0.000,0.000,0.450,4,2,0,310.525,8.146,557.626,1.816
530.020,EMBER,tourer,3,0,-4.129,11.594,0.255,0.000,4,0,0,313.928,8.914,547.651,5.463
530.020,GOLD,moto,3,0,-0.010,11.981,0.194,0.000,4,0,0,316.414,7.484,559.126,1.510
530.020,BLUE,atv,3,0,-0.005,11.691,0.211,0.000,4,0,0,315.253,7.525,558.700,0.629
530.280,YOU reference pilot,original,2,0,-0.235,0.000,0.000,0.450,4,2,0,310.474,8.152,557.624,1.820
530.280,EMBER,tourer,3,0,-4.126,11.594,0.255,0.000,4,0,0,313.915,8.707,548.703,5.280
530.280,GOLD,moto,3,0,-0.007,11.981,0.194,0.000,4,0,0,316.422,7.484,559.127,1.516
530.280,BLUE,atv,3,0,-0.002,11.691,0.211,0.000,4,0,0,315.261,7.525,558.699,0.631
530.560,YOU reference pilot,original,2,0,-0.250,0.000,0.000,0.450,4,2,0,310.406,8.160,557.623,1.823
530.560,EMBER,tourer,3,0,-4.112,11.594,0.255,0.000,4,0,0,313.900,8.482,549.833,5.026
530.560,GOLD,moto,3,0,-0.004,11.981,0.194,0.000,4,0,0,316.431,7.484,559.127,1.522
530.560,BLUE,atv,3,0,0.001,11.691,0.211,0.000,4,0,0,315.271,7.524,558.697,0.633
530.820,YOU reference pilot,original,2,0,-0.252,0.000,0.000,0.450,4,2,0,310.340,8.167,557.623,1.826
530.820,EMBER,tourer,3,0,-4.095,11.594,0.255,0.000,4,0,0,313.883,8.283,550.879,4.782
530.820,GOLD,moto,3,0,-0.001,11.981,0.194,0.000,4,0,0,316.439,7.484,559.126,1.526
530.820,BLUE,atv,3,0,0.004,11.691,0.211,0.000,4,0,0,315.279,7.524,558.695,0.634
531.080,YOU reference pilot,original,2,0,-0.253,0.000,0.000,0.450,4,2,0,310.275,8.175,557.622,1.829
531.080,EMBER,tourer,3,0,-4.043,11.594,0.255,0.000,4,0,0,313.867,8.129,551.917,4.544
531.080,GOLD,moto,3,0,0.000,11.981,0.194,0.000,4,0,0,316.446,7.485,559.125,1.530
531.080,BLUE,atv,3,0,0.003,11.691,0.211,0.000,4,0,0,315.287,7.523,558.693,0.636
531.360,YOU reference pilot,original,2,0,-0.254,0.000,0.000,0.450,4,2,0,310.204,8.183,557.621,1.831
531.360,EMBER,tourer,3,0,-3.922,11.594,0.255,0.000,4,0,0,313.857,7.984,553.013,4.185
531.360,GOLD,moto,3,0,-0.002,11.981,0.194,0.000,4,0,0,316.453,7.485,559.124,1.534
531.360,BLUE,atv,3,0,-0.002,11.691,0.211,0.000,4,0,0,315.295,7.522,558.692,0.637
531.620,YOU reference pilot,original,2,0,-0.254,0.000,0.000,0.450,4,2,0,310.139,8.190,557.621,1.833
531.620,EMBER,tourer,3,0,-3.737,11.594,0.255,0.000,4,0,0,313.852,7.879,553.989,3.853
531.620,GOLD,moto,3,0,-0.005,11.981,0.194,0.000,4,0,0,316.459,7.485,559.124,1.538
531.620,BLUE,atv,3,0,-0.007,11.691,0.211,0.000,4,0,0,315.303,7.522,558.691,0.640
531.880,YOU reference pilot,original,2,0,-0.255,0.000,0.000,0.450,4,2,0,310.072,8.198,557.620,1.836
531.880,EMBER,tourer,3,0,-3.513,11.594,0.255,0.000,4,0,0,313.855,7.816,554.923,3.398
531.880,GOLD,moto,3,0,-0.007,11.981,0.194,0.000,4,0,0,316.466,7.485,559.124,1.542
531.880,BLUE,atv,3,0,-0.011,11.691,0.211,0.000,4,0,0,315.310,7.522,558.692,0.643
532.160,YOU reference pilot,original,2,0,-0.256,0.000,0.000,0.450,4,2,0,310.001,8.206,557.619,1.838
532.160,EMBER,tourer,3,0,-3.242,11.594,0.255,0.000,4,0,0,313.863,7.776,555.853,2.828
532.160,GOLD,moto,3,0,-0.082,11.981,0.194,0.000,4,0,0,316.508,7.483,559.130,1.573
532.160,BLUE,atv,3,0,-3.096,11.691,0.211,0.000,4,0,0,315.403,7.485,559.177,0.963
532.420,YOU reference pilot,original,2,0,-0.257,0.000,0.000,0.450,4,2,0,309.934,8.214,557.619,1.840
532.420,EMBER,tourer,3,0,-2.937,11.594,0.255,0.000,4,0,0,313.880,7.778,556.647,2.228
532.420,GOLD,moto,3,0,-0.089,11.981,0.194,0.000,4,0,0,316.523,7.484,559.148,1.595
532.420,BLUE,atv,3,0,-2.928,11.691,0.211,0.000,4,0,0,315.599,7.502,559.921,1.665
532.680,YOU reference pilot,original,2,0,-0.258,0.000,0.000,0.450,4,2,0,309.868,8.222,557.618,1.842
532.680,EMBER,tourer,3,0,-2.629,11.594,0.255,0.000,4,0,0,313.904,7.769,557.362,1.602
532.680,GOLD,moto,3,0,-0.080,11.981,0.194,0.000,4,0,0,316.534,7.485,559.167,1.616
532.680,BLUE,atv,3,0,-2.598,11.691,0.211,0.000,4,0,0,315.792,7.532,560.605,2.350
532.960,YOU reference pilot,original,2,0,-0.097,0.000,0.000,0.000,4,2,0,309.802,8.230,557.617,1.844
532.960,EMBER,tourer,3,0,-2.276,11.594,0.255,0.000,4,0,0,313.927,7.755,558.038,1.052
532.960,GOLD,moto,3,0,-0.066,11.981,0.194,0.000,4,0,0,316.543,7.485,559.186,1.635
532.960,BLUE,atv,3,0,-2.254,11.691,0.211,0.000,4,0,0,315.976,7.537,561.253,3.005
533.220,YOU reference pilot,original,2,0,0.117,0.000,0.000,0.000,4,2,0,309.816,8.228,557.616,1.845
533.220,EMBER,tourer,3,0,-1.964,11.594,0.255,0.000,4,0,0,313.951,7.773,558.585,0.740
533.220,GOLD,moto,3,0,-0.053,11.981,0.194,0.000,4,0,0,316.550,7.485,559.200,1.649
533.220,BLUE,atv,3,0,-1.967,11.691,0.211,0.000,4,0,0,316.127,7.540,561.776,3.538
533.480,YOU reference pilot,original,2,0,0.140,0.000,0.000,0.000,4,2,0,309.851,8.224,557.616,1.845
533.480,EMBER,tourer,3,0,-1.694,11.594,0.255,0.000,4,0,0,313.976,7.783,559.058,0.693
533.480,GOLD,moto,3,0,-0.039,11.981,0.194,0.000,4,0,0,316.554,7.485,559.211,1.659
533.480,BLUE,atv,3,0,-1.704,11.691,0.211,0.000,4,0,0,316.260,7.551,562.230,4.004
533.760,YOU reference pilot,original,2,0,0.143,0.000,0.000,0.000,4,2,0,309.890,8.219,557.615,1.845
533.760,EMBER,tourer,3,0,-1.444,11.594,0.255,0.000,4,0,0,314.004,7.781,559.494,0.870
533.760,GOLD,moto,3,0,-0.027,11.981,0.194,0.000,4,0,0,316.556,7.485,559.220,1.667
533.760,BLUE,atv,3,0,-1.451,11.691,0.211,0.000,4,0,0,316.385,7.559,562.650,4.437
534.020,YOU reference pilot,original,2,0,0.144,0.000,0.000,0.000,4,2,0,309.928,8.215,557.613,1.845
534.020,EMBER,tourer,3,0,-1.238,11.594,0.255,0.000,4,0,0,314.030,7.782,559.840,1.110
534.020,GOLD,moto,3,0,-0.016,11.981,0.194,0.000,4,0,0,316.557,7.485,559.225,1.672
534.020,BLUE,atv,3,0,-1.252,11.691,0.211,0.000,4,0,0,316.487,7.559,562.984,4.781
534.280,YOU reference pilot,original,2,0,0.145,0.000,0.000,0.000,4,2,0,309.965,8.211,557.612,1.845
534.280,EMBER,tourer,3,0,-1.054,11.594,0.255,0.000,4,0,0,314.056,7.787,560.136,1.355
534.280,GOLD,moto,3,0,-0.007,11.981,0.194,0.000,4,0,0,316.558,7.485,559.228,1.674
534.280,BLUE,atv,3,0,-1.079,11.691,0.211,0.000,4,0,0,316.577,7.558,563.272,5.079
534.560,YOU reference pilot,original,2,0,0.146,0.000,0.000,0.000,4,2,0,310.006,8.206,557.610,1.846
534.560,EMBER,tourer,3,0,-0.881,11.594,0.255,0.000,4,0,0,314.083,7.791,560.404,1.594
534.560,GOLD,moto,3,0,0.001,11.981,0.194,0.000,4,0,0,316.559,7.485,559.229,1.675
534.560,BLUE,atv,3,0,-0.927,11.691,0.211,0.000,4,0,0,316.662,7.558,563.539,5.357
534.820,YOU reference pilot,original,2,0,1.383,5.625,1.000,0.000,4,2,0,310.105,8.194,557.608,1.846
534.820,EMBER,tourer,3,0,-0.739,11.594,0.255,0.000,4,0,0,314.107,7.793,560.613,1.786
534.820,GOLD,moto,3,0,0.009,11.981,0.194,0.000,4,0,0,316.558,7.485,559.227,1.674
534.820,BLUE,atv,3,0,-0.816,11.691,0.211,0.000,4,0,0,316.732,7.557,563.755,5.581
535.080,YOU reference pilot,original,2,0,4.216,4.392,0.114,0.000,4,2,0,310.942,8.096,557.600,1.825
535.080,EMBER,tourer,3,0,-0.617,11.594,0.255,0.000,4,0,0,314.132,7.794,560.788,1.951
535.080,GOLD,moto,3,0,0.015,11.981,0.194,0.000,4,0,0,316.558,7.485,559.224,1.672
535.080,BLUE,atv,3,0,-0.729,11.691,0.211,0.000,4,0,0,316.796,7.557,563.946,5.781
535.360,YOU reference pilot,original,2,0,5.570,7.999,1.000,0.000,4,2,0,312.191,7.941,557.559,1.795
535.360,EMBER,tourer,3,0,-0.502,11.594,0.255,0.000,4,0,0,314.159,7.794,560.944,2.099
535.360,GOLD,moto,3,0,0.021,11.981,0.194,0.000,4,0,0,316.557,7.485,559.219,1.667
535.360,BLUE,atv,3,0,-0.663,11.691,0.211,0.000,4,0,0,316.860,7.554,564.130,5.974
535.620,YOU reference pilot,original,2,0,6.453,5.896,0.000,0.154,4,2,0,313.848,7.723,557.381,1.584
535.620,EMBER,tourer,3,0,-0.409,11.594,0.255,0.000,4,0,0,314.183,7.794,561.061,2.213
535.620,GOLD,moto,3,0,0.026,11.981,0.194,0.000,4,0,0,316.556,7.485,559.213,1.662
535.620,BLUE,atv,3,0,-0.618,11.691,0.211,0.000,4,0,0,316.916,7.551,564.288,6.140
535.880,YOU reference pilot,original,2,0,5.310,10.000,1.000,0.000,4,2,0,315.261,7.646,556.988,1.149
535.880,EMBER,tourer,3,0,-0.327,11.594,0.255,0.000,4,0,0,314.208,7.794,561.156,2.306
535.880,GOLD,moto,3,0,0.030,11.981,0.194,0.000,4,0,0,316.554,7.485,559.206,1.656
535.880,BLUE,atv,3,0,-0.582,11.691,0.211,0.000,4,0,0,316.969,7.548,564.435,6.296
536.160,YOU reference pilot,original,2,0,8.573,10.000,0.803,0.000,4,2,0,316.962,7.714,555.985,0.643
536.160,EMBER,tourer,3,0,-0.249,11.594,0.255,0.000,4,0,0,314.233,7.793,561.235,2.386
536.160,GOLD,moto,3,0,0.034,11.981,0.194,0.000,4,0,0,316.552,7.485,559.198,1.649
536.160,BLUE,atv,3,0,-0.556,11.691,0.211,0.000,4,0,0,317.025,7.546,564.586,6.455
536.420,YOU reference pilot,original,2,0,9.481,10.000,0.276,0.000,4,2,0,318.672,7.942,554.348,1.044
536.420,EMBER,tourer,3,0,-0.184,11.594,0.255,0.000,4,0,0,314.257,7.792,561.291,2.443
536.420,GOLD,moto,3,0,0.037,11.981,0.194,0.000,4,0,0,316.550,7.485,559.188,1.641
536.420,BLUE,atv,3,0,-0.546,11.691,0.211,0.000,4,0,0,317.076,7.541,564.721,6.599
536.680,YOU reference pilot,original,2,0,11.505,24.000,1.000,0.000,4,2,0,320.084,8.346,552.068,1.683
536.680,EMBER,tourer,3,0,-0.127,11.594,0.255,0.000,4,0,0,314.281,7.791,561.330,2.485
536.680,GOLD,moto,3,0,0.040,11.981,0.194,0.000,4,0,0,316.548,7.485,559.179,1.633
536.680,BLUE,atv,3,0,-0.540,11.691,0.211,0.000,4,0,0,317.127,7.536,564.853,6.740
536.960,YOU reference pilot,original,2,0,13.816,24.000,1.000,0.000,4,2,0,321.158,8.937,548.714,1.983
536.960,EMBER,tourer,3,0,-0.072,11.594,0.255,0.000,4,0,0,314.306,7.789,561.357,2.516
536.960,GOLD,moto,3,0,0.043,11.981,0.194,0.000,4,0,0,316.545,7.485,559.167,1.623
536.960,BLUE,atv,3,0,-0.537,11.691,0.211,0.000,4,0,0,317.181,7.532,564.995,6.891
537.220,YOU reference pilot,original,2,0,15.800,24.000,1.000,0.000,4,2,0,321.564,9.613,544.925,1.897
537.220,EMBER,tourer,3,0,-0.025,11.594,0.255,0.000,4,0,0,314.330,7.788,561.369,2.532
537.220,GOLD,moto,3,0,0.046,11.981,0.194,0.000,4,0,0,316.543,7.485,559.156,1.613
537.220,BLUE,atv,3,0,-0.537,11.691,0.211,0.000,4,0,0,317.230,7.527,565.126,7.030
537.480,YOU reference pilot,original,2,0,17.687,24.000,1.000,0.000,4,2,0,321.406,10.399,540.625,1.473
537.480,EMBER,tourer,3,0,0.017,11.594,0.255,0.000,4,0,0,314.353,7.786,561.370,2.538
537.480,GOLD,moto,3,0,0.045,11.981,0.194,0.000,4,0,0,316.540,7.485,559.145,1.604
537.480,BLUE,atv,3,0,-0.542,11.691,0.211,0.000,4,0,0,317.279,7.522,565.259,7.171
537.760,YOU reference pilot,original,2,0,19.596,24.000,1.000,0.000,4,2,0,320.761,11.355,535.513,0.841
537.760,EMBER,tourer,3,0,0.057,11.594,0.255,0.000,4,0,0,314.377,7.784,561.359,2.534
537.760,GOLD,moto,3,0,0.041,11.981,0.194,0.000,4,0,0,316.537,7.485,559.133,1.594
537.760,BLUE,atv,3,0,-0.551,11.691,0.211,0.000,4,0,0,317.331,7.517,565.404,7.324
538.020,YOU reference pilot,original,2,0,21.222,24.000,1.000,0.000,4,2,0,319.931,12.356,530.351,0.690
538.020,EMBER,tourer,3,0,0.090,11.594,0.255,0.000,4,0,0,314.400,7.782,561.340,2.521
538.020,GOLD,moto,3,0,0.038,11.981,0.194,0.000,4,0,0,316.534,7.485,559.124,1.585
538.020,BLUE,atv,3,0,-0.564,11.691,0.211,0.000,4,0,0,317.380,7.511,565.541,7.469
538.280,YOU reference pilot,original,2,0,22.568,24.000,0.751,0.000,4,2,0,319.068,13.467,524.807,1.192
538.280,EMBER,tourer,3,0,0.119,11.594,0.255,0.000,4,0,0,314.423,7.780,561.312,2.502
538.280,GOLD,moto,3,0,0.035,11.981,0.194,0.000,4,0,0,316.531,7.485,559.114,1.577
538.280,BLUE,atv,3,0,-0.578,11.691,0.211,0.000,4,0,0,317.431,7.505,565.682,7.617
538.560,YOU reference pilot,original,2,0,23.108,24.000,0.456,0.000,4,2,0,318.277,14.753,518.574,1.719
538.560,EMBER,tourer,3,0,0.148,11.594,0.255,0.000,4,0,0,314.447,7.777,561.274,2.474
538.560,GOLD,moto,3,0,0.033,11.981,0.194,0.000,4,0,0,316.529,7.485,559.105,1.569
538.560,BLUE,atv,3,0,-0.593,11.691,0.211,0.000,4,0,0,317.486,7.499,565.837,7.780
538.820,YOU reference pilot,original,2,0,23.260,24.000,0.374,0.000,4,2,0,317.743,16.002,512.698,2.020
538.820,EMBER,tourer,3,0,0.171,11.594,0.255,0.000,4,0,0,314.470,7.774,561.233,2.442
538.820,GOLD,moto,3,0,0.032,11.981,0.194,0.000,4,0,0,316.526,7.485,559.097,1.561
538.820,BLUE,atv,3,0,-0.608,11.691,0.211,0.000,4,0,0,317.537,7.493,565.985,7.936
