t,station,x,y,z,speed,vx,vy,vz,throttle,brake,steering,grounded,suspension,alignment,up,contacts
0.020,275.866,942.956,114.973,-91.888,23.991,-23.903,-0.196,-2.043,0.000,0.000,0.000,0,0.000,0.000,0.993,"Mountain trunk:(0.961, 0.000, -0.275);Mountain trunk:(0.572, 0.000, -0.820);Mountain trunk:(0.205, 0.037, -0.978);Mountain trunk:(0.205, 0.037, -0.978);Mountain trunk:(0.205, 0.037, -0.978);Mountain trunk:(0.205, 0.037, -0.978);Mountain trunk:(0.228, 0.023, -0.973);Mountain trunk:(0.228, 0.023, -0.973);Mountain trunk:(0.228, 0.023, -0.973);Mountain trunk:(0.228, 0.023, -0.973);Mountain trunk:(0.250, 0.008, -0.968);Mountain trunk:(0.250, 0.008, -0.968);Mountain trunk:(0.250, 0.008, -0.968);Mountain trunk:(0.250, 0.008, -0.968);Mountain trunk:(0.274, -0.006, -0.962);Mountain trunk:(0.274, -0.006, -0.962);Mountain trunk:(0.274, -0.006, -0.962);Mountain trunk:(0.274, -0.006, -0.962);Mountain trunk:(0.260, -0.037, -0.965);Mountain trunk:(0.260, -0.037, -0.965);Mountain trunk:(0.260, -0.037, -0.965);Mountain trunk:(0.260, -0.037, -0.965);Mountain trunk:(0.000, 0.000, -1.000);Mountain trunk:(0.000, 0.000, -1.000);Mountain trunk:(0.000, 0.000, -1.000);Mountain trunk:(0.000, 0.000, -1.000);Mountain trunk:(0.000, 0.000, -1.000);Mountain trunk:(0.000, 0.000, -1.000);Mountain trunk:(0.000, 0.000, -1.000);Mountain trunk:(0.000, 0.000, -1.000);Ground_Mountain_0_1:(-0.165, 0.982, -0.090);Ground_Mountain_0_1:(-0.165, 0.982, -0.090);Ground_Mountain_0_1:(-0.165, 0.982, -0.090);Ground_Mountain_0_1:(-0.165, 0.982, -0.090);Ground_Mountain_0_1:(-0.165, 0.982, -0.090);Ground_Mountain_0_1:(-0.165, 0.982, -0.090);Ground_Mountain_0_2:(-0.006, 0.991, -0.131);Ground_Mountain_0_2:(-0.006, 0.991, -0.131);Ground_Mountain_0_2:(-0.006, 0.991, -0.131);Ground_Mountain_0_2:(-0.006, 0.991, -0.131);Ground_Mountain_0_2:(-0.157, 0.984, -0.090);Ground_Mountain_0_2:(-0.157, 0.984, -0.090);Ground_Mountain_0_2:(-0.157, 0.984, -0.090);Ground_Mountain_0_2:(-0.157, 0.984, -0.090);Mountain trunk:(0.000, 0.000, -1.000);Mountain trunk:(0.000, 0.000, -1.000);Mountain trunk:(0.000, 0.000, -1.000);Mountain trunk:(0.000, 0.000, -1.000);Mountain trunk:(-0.681, -0.001, -0.732);Ground_Mountain_0_1:(-0.146, 0.985, -0.089);Ground_Mountain_0_1:(-0.146, 0.985, -0.089);Ground_Mountain_0_1:(-0.146, 0.985, -0.089);Ground_Mountain_0_1:(-0.146, 0.985, -0.089);Ground_Mountain_0_1:(-0.146, 0.985, -0.089);Ground_Mountain_0_1:(-0.146, 0.985, -0.089);Ground_Mountain_0_2:(-0.111, 0.985, -0.132);Ground_Mountain_0_2:(-0.111, 0.985, -0.132);Ground_Mountain_0_2:(-0.111, 0.985, -0.132);Ground_Mountain_0_1:(-0.136, 0.987, -0.087);Ground_Mountain_0_1:(-0.136, 0.987, -0.087);Ground_Mountain_0_1:(-0.136, 0.987, -0.087);Ground_Mountain_0_1:(-0.136, 0.987, -0.087);Ground_Mountain_0_1:(-0.136, 0.987, -0.087);Ground_Mountain_0_1:(-0.136, 0.987, -0.087);Ground_Mountain_0_1:(-0.133, 0.987, -0.087);Ground_Mountain_0_1:(-0.133, 0.987, -0.087);Ground_Mountain_0_1:(-0.133, 0.987, -0.087);Ground_Mountain_0_1:(-0.133, 0.987, -0.087);Ground_Mountain_0_1:(-0.133, 0.987, -0.087);Ground_Mountain_0_1:(-0.133, 0.987, -0.087);Ground_Mountain_0_1:(-0.129, 0.988, -0.086);Ground_Mountain_0_1:(-0.129, 0.988, -0.086);Ground_Mountain_0_1:(-0.129, 0.988, -0.086);Ground_Mountain_0_1:(-0.129, 0.988, -0.086);Ground_Mountain_0_1:(-0.129, 0.988, -0.086);Ground_Mountain_0_1:(-0.129, 0.988, -0.086);Ground_Mountain_0_1:(-0.130, 0.988, -0.086);Ground_Mountain_0_1:(-0.130, 0.988, -0.086);Ground_Mountain_0_1:(-0.130, 0.988, -0.086);Ground_Mountain_0_1:(-0.130, 0.988, -0.086);Ground_Mountain_0_1:(-0.130, 0.988, -0.086);Ground_Mountain_0_1:(-0.130, 0.988, -0.086);Ground_Mountain_0_1:(-0.081, 0.993, -0.083);Ground_Mountain_0_1:(-0.105, 0.991, -0.084);Ground_Mountain_0_1:(-0.105, 0.991, -0.084);Ground_Mountain_0_1:(-0.105, 0.991, -0.084);Ground_Mountain_0_1:(-0.105, 0.991, -0.084);Ground_Mountain_0_1:(-0.105, 0.991, -0.084);Ground_Mountain_0_1:(-0.105, 0.991, -0.084);Ground_Mountain_0_1:(-0.094, 0.992, -0.084);Ground_Mountain_0_1:(-0.094, 0.992, -0.084);Ground_Mountain_0_1:(-0.094, 0.992, -0.084);Ground_Mountain_0_1:(-0.094, 0.992, -0.084);Ground_Mountain_0_1:(-0.094, 0.992, -0.084);Ground_Mountain_0_1:(-0.094, 0.992, -0.084);Ground_Mountain_0_1:(-0.093, 0.992, -0.084);Ground_Mountain_0_1:(-0.093, 0.992, -0.084);Ground_Mountain_0_1:(-0.093, 0.992, -0.084);Ground_Mountain_0_1:(-0.093, 0.992, -0.084);Ground_Mountain_0_1:(-0.093, 0.992, -0.084);Ground_Mountain_0_1:(-0.093, 0.992, -0.084);Ground_Mountain_0_1:(-0.093, 0.992, -0.084);Ground_Mountain_0_1:(-0.093, 0.992, -0.084);Ground_Mountain_0_1:(-0.093, 0.992, -0.084);Ground_Mountain_0_1:(-0.093, 0.992, -0.084);Ground_Mountain_0_1:(-0.093, 0.992, -0.084);Ground_Mountain_0_1:(-0.093, 0.992, -0.084);Ground_Mountain_0_1:(-0.092, 0.992, -0.082);Ground_Mountain_0_1:(-0.092, 0.992, -0.082);Ground_Mountain_0_1:(-0.092, 0.992, -0.082);Ground_Mountain_0_1:(-0.092, 0.992, -0.082);Ground_Mountain_0_1:(-0.092, 0.992, -0.082);Ground_Mountain_0_1:(-0.092, 0.992, -0.082);Ground_Mountain_1_1:(-0.011, 0.459, -0.888);Ground_Mountain_1_1:(-0.011, 0.459, -0.888);Ground_Mountain_1_1:(-0.011, 0.459, -0.888);Ground_Mountain_1_1:(-0.011, 0.459, -0.888);Ground_Mountain_1_1:(-0.011, 0.459, -0.888);Ground_Mountain_1_1:(-0.011, 0.459, -0.888);"
0.040,275.420,942.773,115.014,-92.057,12.253,-12.079,0.806,-3.183,0.004,0.000,0.026,0,0.000,0.483,0.959,"Ground_Mountain_1_1:(-0.011, 0.459, -0.888);Ground_Mountain_1_1:(-0.011, 0.459, -0.888);Ground_Mountain_1_1:(-0.011, 0.459, -0.888);Ground_Mountain_1_1:(-0.011, 0.459, -0.888);Ground_Mountain_1_1:(-0.011, 0.459, -0.888);Ground_Mountain_1_1:(-0.011, 0.459, -0.888);Ground_Mountain_1_1:(0.996, 0.006, 0.087);Ground_Mountain_1_1:(0.996, 0.006, 0.087);"
0.060,275.153,942.526,115.030,-92.142,12.247,-12.320,0.965,-3.067,1.000,0.000,0.057,2,4.911,18.785,0.939,"Ground_Mountain_1_1:(-0.024, 0.459, -0.888);Ground_Mountain_1_1:(-0.024, 0.459, -0.888);Ground_Mountain_1_1:(-0.024, 0.459, -0.888);Ground_Mountain_1_1:(-0.024, 0.459, -0.888);Ground_Mountain_1_1:(-0.024, 0.459, -0.888);Ground_Mountain_1_1:(-0.024, 0.459, -0.888);"
0.080,274.912,942.275,115.048,-92.214,12.256,-12.535,1.161,-2.862,1.000,0.000,0.022,2,0.350,14.527,0.918,"Ground_Mountain_1_1:(-0.017, 0.461, -0.887);Ground_Mountain_1_1:(-0.017, 0.461, -0.887);Ground_Mountain_1_1:(-0.017, 0.461, -0.887);Ground_Mountain_1_1:(-0.017, 0.461, -0.887);Ground_Mountain_1_1:(-0.017, 0.461, -0.887);Ground_Mountain_1_1:(-0.017, 0.461, -0.887);"
0.100,274.667,942.018,115.071,-92.280,12.278,-12.714,1.435,-2.613,1.000,0.000,-0.005,2,0.000,12.854,0.897,"Ground_Mountain_1_1:(-0.020, 0.460, -0.888);Ground_Mountain_1_1:(-0.020, 0.460, -0.888);Ground_Mountain_1_1:(-0.020, 0.460, -0.888);Ground_Mountain_1_1:(-0.020, 0.460, -0.888);Ground_Mountain_1_1:(-0.020, 0.460, -0.888);Ground_Mountain_1_1:(-0.020, 0.460, -0.888);"
0.120,274.419,941.756,115.099,-92.339,12.322,-12.859,1.757,-2.337,1.000,0.000,-0.026,2,0.000,11.720,0.874,"Ground_Mountain_1_1:(-0.016, 0.465, -0.885);Ground_Mountain_1_1:(-0.016, 0.465, -0.885);Ground_Mountain_1_1:(-0.016, 0.465, -0.885);Ground_Mountain_1_1:(-0.016, 0.465, -0.885);"
0.140,274.168,941.494,115.124,-92.398,12.075,-12.854,1.560,-2.336,1.000,0.000,-0.042,1,0.000,4.596,0.850,"Ground_Mountain_1_1:(-0.014, 0.466, -0.885);Ground_Mountain_1_1:(-0.014, 0.466, -0.885);Ground_Mountain_1_1:(-0.014, 0.466, -0.885);Ground_Mountain_1_1:(-0.014, 0.466, -0.885);Ground_Mountain_1_1:(-0.014, 0.466, -0.885);"
0.160,273.915,941.232,115.144,-92.456,11.801,-12.849,1.364,-2.335,1.000,0.000,-0.057,0,0.000,4.644,0.825,"Ground_Mountain_1_1:(-0.014, 0.466, -0.885);Ground_Mountain_1_1:(-0.014, 0.466, -0.885);Ground_Mountain_1_1:(-0.014, 0.466, -0.885);Ground_Mountain_1_1:(-0.014, 0.466, -0.885);Ground_Mountain_1_1:(-0.014, 0.466, -0.885);"
0.180,273.662,940.969,115.161,-92.512,11.500,-12.844,1.167,-2.334,1.000,0.000,-0.072,0,0.000,4.678,0.800,"Ground_Mountain_1_1:(-0.008, 0.471, -0.882);"
0.200,273.406,940.705,115.173,-92.568,11.172,-12.838,0.970,-2.333,1.000,0.000,-0.087,0,0.000,4.697,0.775,"Ground_Mountain_1_1:(-0.008, 0.471, -0.882);"
0.220,273.150,940.441,115.182,-92.622,10.819,-12.833,0.774,-2.332,1.000,0.000,-0.102,0,0.000,4.704,0.751,""
0.240,272.824,940.177,115.187,-92.675,10.440,-12.828,0.577,-2.331,1.000,0.000,-0.119,0,0.000,4.698,0.727,""
0.260,272.566,939.913,115.188,-92.728,10.037,-12.823,0.381,-2.331,1.000,0.000,-0.134,0,0.000,4.680,0.703,""
0.280,272.307,939.649,115.185,-92.779,9.609,-12.818,0.185,-2.330,1.000,0.000,-0.149,0,0.000,4.651,0.681,""
0.300,272.047,939.384,115.179,-92.829,9.158,-12.813,-0.011,-2.329,1.000,0.000,-0.165,0,0.000,4.613,0.660,""
0.320,271.786,939.120,115.169,-92.879,8.685,-12.808,-0.208,-2.328,1.000,0.000,-0.180,0,0.000,4.565,0.640,""
0.340,271.524,938.855,115.156,-92.927,8.191,-12.803,-0.404,-2.327,1.000,0.000,-0.195,0,0.000,4.509,0.622,""
0.360,271.262,938.591,115.139,-92.975,7.675,-12.797,-0.600,-2.326,1.000,0.000,-0.211,0,0.000,4.445,0.605,""
0.380,270.998,938.326,115.119,-93.022,7.140,-12.792,-0.795,-2.325,1.000,0.000,-0.226,0,0.000,4.375,0.589,""
0.400,270.677,938.062,115.095,-93.068,6.586,-12.787,-0.991,-2.324,1.000,0.000,-0.243,0,0.000,4.299,0.576,""
0.420,270.412,937.798,115.068,-93.113,6.014,-12.782,-1.187,-2.323,1.000,0.000,-0.259,0,0.000,4.218,0.564,""
0.440,270.147,937.534,115.038,-93.158,5.424,-12.777,-1.383,-2.322,1.000,0.000,-0.274,0,0.000,4.132,0.553,""
0.460,269.882,937.271,115.004,-93.202,4.819,-12.772,-1.578,-2.321,1.000,0.000,-0.290,0,0.000,4.041,0.545,""
0.480,269.616,937.007,114.966,-93.245,4.200,-12.767,-1.774,-2.320,1.000,0.000,-0.312,0,0.000,3.948,0.538,""
0.500,269.349,936.745,114.926,-93.288,3.566,-12.762,-1.969,-2.319,1.000,0.000,-0.336,0,0.000,3.851,0.533,""
0.520,269.082,936.482,114.881,-93.330,2.920,-12.757,-2.164,-2.318,1.000,0.000,-0.362,0,0.000,3.752,0.530,""
0.540,268.814,936.220,114.834,-93.371,2.263,-12.751,-2.360,-2.318,1.000,0.000,-0.390,0,0.000,3.650,0.528,""
0.560,268.546,935.958,114.783,-93.413,1.595,-12.746,-2.555,-2.317,1.000,0.000,-0.419,0,0.000,3.547,0.528,""
0.580,268.229,935.697,114.728,-93.453,0.919,-12.741,-2.750,-2.316,1.000,0.000,-0.451,0,0.000,3.443,0.530,""
0.600,267.960,935.436,114.670,-93.493,0.236,-12.736,-2.945,-2.315,1.000,0.000,-0.484,0,0.000,3.337,0.533,""
0.620,267.691,935.176,114.608,-93.533,-0.452,-12.731,-3.140,-2.314,1.000,0.000,-0.519,0,0.000,3.230,0.537,""
0.640,267.422,934.917,114.543,-93.572,-1.145,-12.726,-3.335,-2.313,1.000,0.000,-0.564,0,0.000,3.123,0.543,""
0.660,267.152,934.658,114.475,-93.612,-1.840,-12.721,-3.530,-2.312,1.000,0.000,-0.616,0,0.000,3.015,0.550,""
0.680,266.881,934.399,114.403,-93.650,-2.536,-12.716,-3.724,-2.311,1.000,0.000,-0.673,0,0.000,2.906,0.558,""
0.700,266.611,934.141,114.327,-93.689,-3.230,-12.711,-3.919,-2.310,1.000,0.000,-0.735,0,0.000,2.797,0.568,""
0.720,266.340,933.884,114.248,-93.727,-3.921,-12.706,-4.113,-2.309,1.000,0.000,-0.803,0,0.000,2.689,0.578,""
0.740,266.027,933.627,114.165,-93.765,-4.607,-12.701,-4.308,-2.308,1.000,0.000,-0.876,0,0.000,2.580,0.590,""
0.760,265.755,933.371,114.078,-93.802,-5.286,-12.695,-4.502,-2.307,1.000,0.000,-0.955,0,0.000,2.471,0.602,""
0.780,265.483,933.116,113.988,-93.840,-5.956,-12.690,-4.697,-2.306,1.000,0.000,-1.000,0,0.000,2.362,0.615,""
0.800,265.211,932.861,113.894,-93.877,-6.615,-12.685,-4.891,-2.305,1.000,0.000,-1.000,0,0.000,2.254,0.629,""
0.820,264.938,932.607,113.796,-93.915,-7.260,-12.680,-5.085,-2.305,1.000,0.000,-1.000,0,0.000,2.146,0.644,""
0.840,264.665,932.354,113.695,-93.952,-7.889,-12.675,-5.279,-2.304,1.000,0.000,-1.000,0,0.000,2.039,0.659,""
0.860,264.392,932.101,113.590,-93.989,-8.501,-12.670,-5.473,-2.303,1.000,0.000,-1.000,0,0.000,1.933,0.674,""
0.880,264.118,931.849,113.481,-94.026,-9.093,-12.665,-5.667,-2.302,1.000,0.000,-1.000,0,0.000,1.828,0.689,""
0.900,263.808,931.598,113.368,-94.064,-9.663,-12.660,-5.861,-2.301,1.000,0.000,-1.000,0,0.000,1.725,0.705,""
0.920,263.534,931.347,113.251,-94.101,-10.209,-12.655,-6.055,-2.300,1.000,0.000,-1.000,0,0.000,1.623,0.721,""
0.940,263.259,931.098,113.131,-94.138,-10.729,-12.650,-6.248,-2.299,1.000,0.000,-1.000,0,0.000,1.523,0.737,""
0.960,262.984,930.848,113.006,-94.176,-11.221,-12.645,-6.442,-2.298,1.000,0.000,-1.000,0,0.000,1.426,0.753,""
0.980,262.708,930.600,112.878,-94.213,-11.684,-12.640,-6.636,-2.297,1.000,0.000,-0.996,0,0.000,1.333,0.768,""
1.000,262.432,930.352,112.746,-94.251,-12.114,-12.635,-6.829,-2.296,1.000,0.000,-0.903,0,0.000,1.244,0.784,""
1.020,262.156,930.104,112.609,-94.289,-12.512,-12.630,-7.022,-2.295,1.000,0.000,-0.809,0,0.000,1.161,0.799,""
1.040,261.879,929.858,112.469,-94.327,-12.876,-12.625,-7.216,-2.294,1.000,0.000,-0.717,0,0.000,1.084,0.813,""
1.060,261.601,929.611,112.325,-94.366,-13.203,-12.619,-7.409,-2.294,1.000,0.000,-0.630,0,0.000,1.014,0.827,""
1.080,261.293,929.366,112.177,-94.404,-13.494,-12.614,-7.602,-2.293,1.000,0.000,-0.552,0,0.000,0.955,0.841,""
1.100,261.014,929.121,112.024,-94.444,-13.747,-12.609,-7.795,-2.292,1.000,0.000,-0.478,0,0.000,0.907,0.854,""
1.120,260.735,928.876,111.868,-94.483,-13.961,-12.604,-7.988,-2.291,1.000,0.000,-0.412,0,0.000,0.871,0.866,""
1.140,260.455,928.632,111.708,-94.523,-14.136,-12.599,-8.181,-2.290,1.000,0.000,-0.353,0,0.000,0.849,0.878,""
1.160,260.174,928.388,111.543,-94.563,-14.272,-12.594,-8.374,-2.289,1.000,0.000,-0.300,0,0.000,0.842,0.889,""
1.180,259.893,928.145,111.375,-94.604,-14.368,-12.589,-8.567,-2.288,1.000,0.000,-0.253,0,0.000,0.849,0.899,""
1.200,259.611,927.902,111.202,-94.645,-14.424,-12.584,-8.759,-2.287,1.000,0.000,-0.212,0,0.000,0.870,0.909,""
1.220,259.329,927.659,111.026,-94.686,-14.440,-12.579,-8.952,-2.286,1.000,0.000,-0.173,0,0.000,0.901,0.918,"Ground_Mountain_1_1:(-0.011, 0.477, -0.879);"
1.240,259.022,927.417,110.845,-94.728,-14.418,-12.574,-9.145,-2.285,1.000,0.000,-0.138,0,0.000,0.943,0.925,"Ground_Mountain_1_1:(-0.011, 0.477, -0.879);"
1.260,258.738,927.174,110.660,-94.770,-14.357,-12.569,-9.337,-2.284,1.000,0.000,-0.107,0,0.000,0.991,0.932,"Ground_Mountain_1_1:(-0.011, 0.477, -0.879);"
1.280,258.453,926.932,110.471,-94.813,-14.259,-12.564,-9.529,-2.283,1.000,0.000,-0.078,0,0.000,1.046,0.939,"Ground_Mountain_1_1:(-0.008, 0.482, -0.876);Ground_Mountain_1_1:(-0.008, 0.482, -0.876);Ground_Mountain_1_1:(-0.008, 0.482, -0.876);Ground_Mountain_1_1:(-0.008, 0.482, -0.876);"
1.300,258.167,926.691,110.279,-94.856,-14.123,-12.559,-9.722,-2.283,1.000,0.000,-0.052,0,0.000,1.104,0.944,"Ground_Mountain_1_1:(-0.012, 0.481, -0.877);Ground_Mountain_1_1:(-0.012, 0.481, -0.877);Ground_Mountain_1_1:(-0.012, 0.481, -0.877);Ground_Mountain_1_1:(-0.012, 0.481, -0.877);Ground_Mountain_1_1:(-0.012, 0.481, -0.877);Ground_Mountain_1_1:(-0.012, 0.481, -0.877);"
1.320,257.880,926.449,110.082,-94.900,-13.952,-12.554,-9.914,-2.282,1.000,0.000,-0.028,0,0.000,1.165,0.949,"Ground_Mountain_1_1:(0.005, 0.487, -0.874);Ground_Mountain_1_1:(0.005, 0.487, -0.874);Ground_Mountain_1_1:(0.005, 0.487, -0.874);Ground_Mountain_1_1:(0.005, 0.487, -0.874);Ground_Mountain_1_1:(0.005, 0.487, -0.874);Ground_Mountain_1_1:(0.005, 0.487, -0.874);"
1.340,257.592,926.207,109.881,-94.944,-13.747,-12.549,-10.106,-2.281,1.000,0.000,-0.006,0,0.000,1.227,0.953,"Ground_Mountain_1_1:(0.029, 0.491, -0.871);Ground_Mountain_1_1:(0.029, 0.491, -0.871);Ground_Mountain_1_1:(0.029, 0.491, -0.871);Ground_Mountain_1_1:(0.029, 0.491, -0.871);Ground_Mountain_1_1:(0.029, 0.491, -0.871);Ground_Mountain_1_1:(0.029, 0.491, -0.871);"
1.360,257.303,925.966,109.676,-94.989,-13.508,-12.544,-10.298,-2.280,1.000,0.000,0.015,0,0.000,1.290,0.956,"Ground_Mountain_1_1:(0.033, 0.481, -0.876);Ground_Mountain_1_1:(0.033, 0.481, -0.876);Ground_Mountain_1_1:(0.033, 0.481, -0.876);Ground_Mountain_1_1:(0.033, 0.481, -0.876);Ground_Mountain_1_1:(0.033, 0.481, -0.876);Ground_Mountain_1_1:(0.033, 0.481, -0.876);"
1.380,257.004,925.724,109.466,-95.034,-13.237,-12.539,-10.490,-2.279,1.000,0.000,0.035,0,0.000,1.352,0.958,"Ground_Mountain_1_1:(0.032, 0.473, -0.881);Ground_Mountain_1_1:(0.032, 0.473, -0.881);Ground_Mountain_1_1:(0.032, 0.473, -0.881);Ground_Mountain_1_1:(0.032, 0.473, -0.881);Ground_Mountain_1_1:(0.032, 0.473, -0.881);Ground_Mountain_1_1:(0.032, 0.473, -0.881);"
1.400,256.713,925.485,109.262,-95.097,-12.819,-12.505,-10.260,-3.064,1.000,0.000,0.053,0,0.000,1.413,0.963,"Ground_Mountain_1_1:(0.032, 0.473, -0.881);Ground_Mountain_1_1:(0.032, 0.473, -0.881);Ground_Mountain_1_1:(0.032, 0.473, -0.881);Ground_Mountain_1_1:(0.032, 0.473, -0.881);Ground_Mountain_1_1:(0.032, 0.473, -0.881);Ground_Mountain_1_1:(0.032, 0.473, -0.881);"
1.420,256.424,925.255,109.065,-95.184,-12.032,-12.138,-9.955,-4.041,1.000,0.000,0.048,0,0.000,2.080,0.968,"Ground_Mountain_1_1:(0.044, 0.471, -0.881);Ground_Mountain_1_1:(0.044, 0.471, -0.881);Ground_Mountain_1_1:(0.044, 0.471, -0.881);Ground_Mountain_1_1:(0.044, 0.471, -0.881);Ground_Mountain_1_1:(0.044, 0.471, -0.881);Ground_Mountain_1_1:(0.044, 0.471, -0.881);"
1.440,256.143,925.028,108.881,-95.299,-11.492,-11.880,-9.421,-5.032,1.000,0.000,0.029,0,0.000,2.589,0.976,"Ground_Mountain_1_1:(0.057, 0.476, -0.877);Ground_Mountain_1_1:(0.057, 0.476, -0.877);Ground_Mountain_1_1:(0.057, 0.476, -0.877);Ground_Mountain_1_1:(0.057, 0.476, -0.877);Ground_Mountain_1_1:(0.057, 0.476, -0.877);Ground_Mountain_1_1:(0.057, 0.476, -0.877);"
1.460,255.867,924.801,108.697,-95.422,-11.107,-11.789,-9.373,-5.353,1.000,0.000,0.009,0,0.000,2.302,0.984,"Ground_Mountain_1_1:(0.066, 0.481, -0.874);Ground_Mountain_1_1:(0.066, 0.481, -0.874);Ground_Mountain_1_1:(0.066, 0.481, -0.874);Ground_Mountain_1_1:(0.066, 0.481, -0.874);Ground_Mountain_1_1:(0.066, 0.481, -0.874);Ground_Mountain_1_1:(0.066, 0.481, -0.874);"
1.480,255.589,924.574,108.511,-95.542,-10.738,-11.767,-9.344,-5.315,1.000,0.000,-0.007,1,11.250,2.540,0.988,"Ground_Mountain_1_1:(0.059, 0.482, -0.874);Ground_Mountain_1_1:(0.059, 0.482, -0.874);Ground_Mountain_1_1:(0.059, 0.482, -0.874);Ground_Mountain_1_1:(0.059, 0.482, -0.874);Ground_Mountain_1_1:(0.059, 0.482, -0.874);Ground_Mountain_1_1:(0.059, 0.482, -0.874);"
1.500,255.312,924.358,108.339,-95.657,-9.915,-11.124,-8.628,-4.966,1.000,0.000,-0.020,2,22.500,5.877,0.990,"Ground_Mountain_1_1:(0.059, 0.482, -0.874);Ground_Mountain_1_1:(0.059, 0.482, -0.874);Ground_Mountain_1_1:(0.059, 0.482, -0.874);Ground_Mountain_1_1:(0.059, 0.482, -0.874);Ground_Mountain_1_1:(0.059, 0.482, -0.874);Ground_Mountain_1_1:(0.059, 0.482, -0.874);"
1.520,255.050,924.155,108.181,-95.767,-9.157,-10.457,-7.924,-4.649,1.000,0.000,-0.038,2,22.500,3.574,0.988,"Ground_Mountain_1_1:(0.065, 0.484, -0.872);Ground_Mountain_1_1:(0.065, 0.484, -0.872);Ground_Mountain_1_1:(0.065, 0.484, -0.872);Ground_Mountain_1_1:(0.065, 0.484, -0.872);Ground_Mountain_1_1:(0.065, 0.484, -0.872);Ground_Mountain_1_1:(0.065, 0.484, -0.872);"
1.540,254.801,923.963,108.034,-95.873,-8.444,-9.773,-7.239,-4.350,1.000,0.000,-0.058,2,22.500,2.140,0.983,"Ground_Mountain_1_1:(0.071, 0.487, -0.870);Ground_Mountain_1_1:(0.071, 0.487, -0.870);Ground_Mountain_1_1:(0.071, 0.487, -0.870);Ground_Mountain_1_1:(0.071, 0.487, -0.870);Ground_Mountain_1_1:(0.071, 0.487, -0.870);Ground_Mountain_1_1:(0.071, 0.487, -0.870);"
1.560,254.570,923.785,107.900,-95.975,-7.761,-9.078,-6.575,-4.067,1.000,0.000,-0.079,2,22.500,3.173,0.973,"Ground_Mountain_1_1:(0.083, 0.490, -0.868);Ground_Mountain_1_1:(0.083, 0.490, -0.868);Ground_Mountain_1_1:(0.083, 0.490, -0.868);Ground_Mountain_1_1:(0.083, 0.490, -0.868);Ground_Mountain_1_1:(0.083, 0.490, -0.868);Ground_Mountain_1_1:(0.083, 0.490, -0.868);"
1.580,254.355,923.620,107.777,-96.072,-7.101,-8.371,-5.922,-3.820,1.000,0.000,-0.102,2,22.500,5.070,0.957,"Ground_Mountain_1_1:(0.091, 0.492, -0.866);Ground_Mountain_1_1:(0.091, 0.492, -0.866);Ground_Mountain_1_1:(0.091, 0.492, -0.866);Ground_Mountain_1_1:(0.091, 0.492, -0.866);Ground_Mountain_1_1:(0.091, 0.492, -0.866);Ground_Mountain_1_1:(0.091, 0.492, -0.866);"
1.600,254.155,923.469,107.665,-96.165,-6.462,-7.665,-5.325,-3.598,1.000,0.000,-0.124,2,20.212,7.001,0.936,"Ground_Mountain_1_1:(0.097, 0.496, -0.863);Ground_Mountain_1_1:(0.097, 0.496, -0.863);Ground_Mountain_1_1:(0.097, 0.496, -0.863);Ground_Mountain_1_1:(0.097, 0.496, -0.863);Ground_Mountain_1_1:(0.097, 0.496, -0.863);"
1.620,253.972,923.330,107.561,-96.253,-5.836,-6.971,-4.831,-3.381,1.000,0.000,-0.146,2,15.472,8.662,0.909,"Ground_Mountain_1_1:(0.097, 0.496, -0.863);Ground_Mountain_1_1:(0.097, 0.496, -0.863);Ground_Mountain_1_1:(0.097, 0.496, -0.863);Ground_Mountain_1_1:(0.097, 0.496, -0.863);Ground_Mountain_1_1:(0.097, 0.496, -0.863);"
1.640,253.804,923.204,107.463,-96.336,-5.219,-6.290,-4.426,-3.157,1.000,0.000,-0.166,2,11.185,9.905,0.878,"Ground_Mountain_1_1:(0.097, 0.496, -0.863);Ground_Mountain_1_1:(0.097, 0.496, -0.863);Ground_Mountain_1_1:(0.097, 0.496, -0.863);Ground_Mountain_1_1:(0.097, 0.496, -0.863);Ground_Mountain_1_1:(0.097, 0.496, -0.863);"
1.660,253.650,923.092,107.372,-96.412,-4.608,-5.621,-4.095,-2.922,1.000,0.000,-0.184,2,7.423,10.743,0.843,"Ground_Mountain_1_1:(0.097, 0.496, -0.863);Ground_Mountain_1_1:(0.097, 0.496, -0.863);Ground_Mountain_1_1:(0.097, 0.496, -0.863);Ground_Mountain_1_1:(0.097, 0.496, -0.863);Ground_Mountain_1_1:(0.097, 0.496, -0.863);"
1.680,253.511,922.991,107.285,-96.482,-4.002,-4.964,-3.826,-2.666,1.000,0.000,-0.192,2,4.210,11.254,0.806,"Ground_Mountain_1_1:(0.096, 0.498, -0.862);Ground_Mountain_1_1:(0.096, 0.498, -0.862);Ground_Mountain_1_1:(0.096, 0.498, -0.862);Ground_Mountain_1_1:(0.096, 0.498, -0.862);Ground_Mountain_1_1:(0.096, 0.498, -0.862);Ground_Mountain_1_1:(0.096, 0.498, -0.862);"
1.700,253.386,922.891,107.194,-96.551,-3.937,-4.956,-3.999,-2.680,1.000,0.000,-0.199,1,1.341,5.979,0.766,"Ground_Mountain_1_1:(0.088, 0.489, -0.868);Ground_Mountain_1_1:(0.088, 0.489, -0.868);"
1.720,253.259,922.790,107.098,-96.618,-3.871,-4.954,-4.193,-2.679,1.000,0.000,-0.205,0,0.000,6.055,0.725,""
1.740,253.132,922.689,106.999,-96.684,-3.805,-4.953,-4.388,-2.678,1.000,0.000,-0.209,0,0.000,6.101,0.683,""
1.760,253.002,922.587,106.895,-96.749,-3.738,-4.951,-4.582,-2.677,1.000,0.000,-0.213,0,0.000,6.128,0.640,""
1.780,252.872,922.486,106.788,-96.813,-3.671,-4.949,-4.776,-2.676,1.000,0.000,-0.215,0,0.000,6.138,0.598,""
1.800,252.741,922.384,106.676,-96.876,-3.603,-4.947,-4.971,-2.675,1.000,0.000,-0.217,0,0.000,6.131,0.555,""
1.820,252.619,922.282,106.561,-96.937,-3.534,-4.945,-5.165,-2.674,1.000,0.000,-0.219,0,0.000,6.110,0.514,""
1.840,252.486,922.180,106.443,-96.998,-3.464,-4.943,-5.359,-2.673,1.000,0.000,-0.219,0,0.000,6.075,0.473,""
1.860,252.352,922.078,106.321,-97.057,-3.392,-4.941,-5.553,-2.671,1.000,0.000,-0.219,0,0.000,6.027,0.433,""
1.880,252.217,921.976,106.195,-97.116,-3.319,-4.939,-5.747,-2.670,1.000,0.000,-0.219,0,0.000,5.969,0.395,""
1.900,252.081,921.873,106.066,-97.174,-3.244,-4.937,-5.940,-2.669,1.000,0.000,-0.218,0,0.000,5.901,0.359,""
1.920,251.945,921.771,105.934,-97.231,-3.167,-4.935,-6.134,-2.668,1.000,0.000,-0.219,0,0.000,5.825,0.324,""
1.940,251.807,921.682,105.807,-97.283,-2.550,-4.267,-5.930,-2.471,1.000,0.000,-0.218,2,4.781,15.421,0.295,""
1.960,251.686,921.608,105.686,-97.331,-1.934,-3.598,-5.733,-2.271,1.000,0.000,-0.215,2,4.505,13.876,0.273,""
1.980,251.579,921.548,105.570,-97.374,-1.322,-2.929,-5.540,-2.073,1.000,0.000,-0.212,2,4.530,12.396,0.255,""
2.000,251.488,921.501,105.460,-97.412,-0.713,-2.259,-5.349,-1.882,1.000,0.000,-0.209,2,4.778,10.966,0.243,"Ground_Mountain_1_1:(0.135, 0.464, -0.876);"
2.020,251.411,921.469,105.355,-97.447,-0.107,-1.588,-5.160,-1.699,1.000,0.000,-0.207,2,5.178,9.575,0.235,"Ground_Mountain_1_1:(0.135, 0.464, -0.876);"
2.040,251.350,921.447,105.255,-97.477,0.296,-1.108,-4.915,-1.525,1.000,0.000,-0.204,2,5.672,8.221,0.231,"Ground_Mountain_1_1:(0.135, 0.464, -0.876);"
2.060,251.301,921.434,105.162,-97.505,0.693,-0.630,-4.669,-1.361,1.000,0.000,-0.204,2,6.196,6.900,0.232,"Ground_Mountain_1_1:(0.132, 0.463, -0.877);Ground_Mountain_1_1:(0.132, 0.463, -0.877);"
2.080,251.263,921.432,105.075,-97.529,1.085,-0.152,-4.421,-1.208,1.000,0.000,-0.204,2,6.725,5.616,0.235,"Ground_Mountain_1_1:(0.132, 0.463, -0.877);Ground_Mountain_1_1:(0.132, 0.463, -0.877);"
2.100,251.236,921.439,104.993,-97.549,1.473,0.324,-4.169,-1.064,1.000,0.000,-0.205,2,7.226,4.372,0.242,"Ground_Mountain_1_1:(0.121, 0.463, -0.878);Ground_Mountain_1_1:(0.121, 0.463, -0.878);Ground_Mountain_1_1:(0.121, 0.463, -0.878);Ground_Mountain_1_1:(0.121, 0.463, -0.878);"
2.120,251.221,921.456,104.918,-97.567,1.857,0.799,-3.914,-0.929,1.000,0.000,-0.206,2,7.672,3.174,0.252,"Ground_Mountain_1_1:(0.121, 0.463, -0.878);Ground_Mountain_1_1:(0.121, 0.463, -0.878);Ground_Mountain_1_1:(0.121, 0.463, -0.878);Ground_Mountain_1_1:(0.121, 0.463, -0.878);"
2.140,251.217,921.483,104.848,-97.582,2.237,1.272,-3.655,-0.801,1.000,0.000,-0.207,2,8.045,2.028,0.264,"Ground_Mountain_1_1:(0.121, 0.463, -0.878);Ground_Mountain_1_1:(0.121, 0.463, -0.878);Ground_Mountain_1_1:(0.121, 0.463, -0.878);Ground_Mountain_1_1:(0.121, 0.463, -0.878);"
2.160,251.223,921.519,104.784,-97.596,2.613,1.746,-3.378,-0.727,1.000,0.000,-0.209,4,10.855,0.932,0.278,"Ground_Mountain_1_1:(0.121, 0.463, -0.878);Ground_Mountain_1_1:(0.121, 0.463, -0.878);Ground_Mountain_1_1:(0.121, 0.463, -0.878);Ground_Mountain_1_1:(0.121, 0.463, -0.878);"
2.180,251.241,921.565,104.726,-97.608,2.986,2.219,-3.090,-0.673,1.000,0.000,-0.210,4,11.941,0.263,0.292,"Ground_Mountain_1_1:(0.121, 0.463, -0.878);Ground_Mountain_1_1:(0.121, 0.463, -0.878);Ground_Mountain_1_1:(0.121, 0.463, -0.878);Ground_Mountain_1_1:(0.121, 0.463, -0.878);"
2.200,251.270,921.621,104.673,-97.620,3.356,2.673,-2.859,-0.666,1.000,0.000,-0.212,4,12.570,0.669,0.307,"Ground_Mountain_1_1:(0.121, 0.463, -0.878);Ground_Mountain_1_1:(0.121, 0.463, -0.878);Ground_Mountain_1_1:(0.121, 0.463, -0.878);Ground_Mountain_1_1:(0.121, 0.463, -0.878);"
2.220,251.309,921.684,104.624,-97.632,3.723,3.109,-2.677,-0.691,1.000,0.000,-0.213,4,12.673,1.192,0.322,"Ground_Mountain_1_1:(0.121, 0.463, -0.878);Ground_Mountain_1_1:(0.121, 0.463, -0.878);Ground_Mountain_1_1:(0.121, 0.463, -0.878);Ground_Mountain_1_1:(0.121, 0.463, -0.878);"
2.240,251.356,921.757,104.578,-97.645,4.086,3.530,-2.537,-0.734,1.000,0.000,-0.215,4,12.364,1.610,0.337,"Ground_Mountain_1_1:(0.121, 0.463, -0.878);Ground_Mountain_1_1:(0.121, 0.463, -0.878);Ground_Mountain_1_1:(0.121, 0.463, -0.878);Ground_Mountain_1_1:(0.121, 0.463, -0.878);"
2.260,251.413,921.837,104.533,-97.659,4.447,3.939,-2.430,-0.783,1.000,0.000,-0.217,4,11.758,1.925,0.352,"Ground_Mountain_1_1:(0.121, 0.463, -0.878);Ground_Mountain_1_1:(0.121, 0.463, -0.878);Ground_Mountain_1_1:(0.121, 0.463, -0.878);Ground_Mountain_1_1:(0.121, 0.463, -0.878);"
2.280,251.478,921.925,104.490,-97.674,4.804,4.336,-2.352,-0.830,1.000,0.000,-0.220,4,10.950,2.148,0.365,"Ground_Mountain_1_1:(0.121, 0.463, -0.878);Ground_Mountain_1_1:(0.121, 0.463, -0.878);Ground_Mountain_1_1:(0.121, 0.463, -0.878);Ground_Mountain_1_1:(0.121, 0.463, -0.878);"
2.300,251.550,922.021,104.448,-97.690,5.158,4.724,-2.297,-0.871,1.000,0.000,-0.222,4,10.019,2.293,0.378,"Ground_Mountain_1_1:(0.126, 0.463, -0.878);Ground_Mountain_1_1:(0.126, 0.463, -0.878);Ground_Mountain_1_1:(0.126, 0.463, -0.878);Ground_Mountain_1_1:(0.126, 0.463, -0.878);"
2.320,251.631,922.124,104.406,-97.706,5.509,5.102,-2.263,-0.902,1.000,0.000,-0.224,4,9.029,2.369,0.391,"Ground_Mountain_1_1:(0.126, 0.463, -0.878);Ground_Mountain_1_1:(0.126, 0.463, -0.878);Ground_Mountain_1_1:(0.126, 0.463, -0.878);Ground_Mountain_1_1:(0.126, 0.463, -0.878);"
2.340,251.718,922.235,104.364,-97.723,5.857,5.473,-2.245,-0.920,1.000,0.000,-0.224,4,8.031,2.397,0.402,"Ground_Mountain_1_1:(0.126, 0.463, -0.878);Ground_Mountain_1_1:(0.126, 0.463, -0.878);Ground_Mountain_1_1:(0.126, 0.463, -0.878);Ground_Mountain_1_1:(0.126, 0.463, -0.878);"
2.360,251.812,922.352,104.322,-97.740,6.202,5.836,-2.242,-0.926,1.000,0.000,-0.224,4,7.068,2.368,0.412,"Ground_Mountain_1_1:(0.126, 0.463, -0.878);Ground_Mountain_1_1:(0.126, 0.463, -0.878);Ground_Mountain_1_1:(0.126, 0.463, -0.878);Ground_Mountain_1_1:(0.126, 0.463, -0.878);"
2.380,251.913,922.477,104.280,-97.757,6.543,6.192,-2.251,-0.918,1.000,0.000,-0.223,4,6.167,2.301,0.422,"Ground_Mountain_1_1:(0.123, 0.463, -0.878);Ground_Mountain_1_1:(0.123, 0.463, -0.878);"
2.400,252.021,922.608,104.237,-97.774,6.880,6.543,-2.269,-0.898,1.000,0.000,-0.223,4,5.349,2.203,0.430,""
2.420,252.135,922.747,104.193,-97.790,7.214,6.887,-2.294,-0.866,1.000,0.000,-0.223,4,4.631,2.103,0.438,""
2.440,252.256,922.892,104.148,-97.806,7.545,7.227,-2.322,-0.823,1.000,0.000,-0.223,4,4.023,1.963,0.444,""
2.460,252.383,923.043,104.103,-97.820,7.871,7.562,-2.352,-0.773,1.000,0.000,-0.224,4,3.562,1.823,0.450,""
2.480,252.516,923.201,104.056,-97.834,8.194,7.893,-2.381,-0.717,1.000,0.000,-0.225,4,3.211,1.681,0.455,""
2.500,252.635,923.365,104.010,-97.847,8.513,8.221,-2.407,-0.656,1.000,0.000,-0.225,4,2.987,1.529,0.459,""
2.520,252.776,923.536,103.962,-97.858,8.828,8.545,-2.428,-0.593,1.000,0.000,-0.226,4,2.875,1.379,0.463,""
2.540,252.928,923.713,103.914,-97.868,9.138,8.866,-2.443,-0.527,1.000,0.000,-0.227,4,2.878,1.204,0.465,""
2.560,253.085,923.897,103.866,-97.877,9.445,9.185,-2.450,-0.459,1.000,0.000,-0.228,4,2.936,1.040,0.468,""
2.580,253.248,924.086,103.817,-97.884,9.747,9.500,-2.449,-0.389,1.000,0.000,-0.230,4,3.038,0.890,0.470,""
2.600,253.417,924.282,103.769,-97.891,10.044,9.811,-2.439,-0.318,1.000,0.000,-0.232,4,3.180,0.761,0.471,""
2.620,253.592,924.484,103.721,-97.895,10.337,10.120,-2.419,-0.246,1.000,0.000,-0.234,4,3.348,0.648,0.472,""
2.640,253.774,924.692,103.673,-97.899,10.625,10.425,-2.388,-0.174,1.000,0.000,-0.236,4,3.538,0.549,0.473,""
2.660,253.961,924.906,103.626,-97.901,10.908,10.727,-2.346,-0.101,1.000,0.000,-0.238,4,3.737,0.475,0.473,""
2.680,254.155,925.126,103.581,-97.902,11.186,11.025,-2.292,-0.029,1.000,0.000,-0.240,4,3.971,0.358,0.474,"Ground_Mountain_1_1:(0.071, 0.462, -0.884);Ground_Mountain_1_1:(0.071, 0.462, -0.884);"
2.700,254.355,925.352,103.536,-97.901,11.460,11.320,-2.224,0.040,1.000,0.000,-0.241,4,4.316,0.250,0.474,"Ground_Mountain_1_1:(0.071, 0.462, -0.884);Ground_Mountain_1_1:(0.071, 0.462, -0.884);"
2.720,254.561,925.583,103.493,-97.899,11.728,11.610,-2.141,0.104,1.000,0.000,-0.244,4,4.712,0.163,0.473,"Ground_Mountain_1_1:(0.067, 0.463, -0.884);Ground_Mountain_1_1:(0.067, 0.463, -0.884);Ground_Mountain_1_1:(0.067, 0.463, -0.884);"
2.740,254.772,925.821,103.452,-97.896,11.991,11.896,-2.044,0.165,1.000,0.000,-0.247,4,5.124,0.068,0.473,"Ground_Mountain_1_1:(0.067, 0.463, -0.884);Ground_Mountain_1_1:(0.067, 0.463, -0.884);Ground_Mountain_1_1:(0.067, 0.463, -0.884);"
2.760,254.975,926.064,103.413,-97.891,12.249,12.177,-1.932,0.225,1.000,0.000,-0.249,4,5.478,0.101,0.473,"Ground_Mountain_1_1:(0.067, 0.463, -0.884);Ground_Mountain_1_1:(0.067, 0.463, -0.884);Ground_Mountain_1_1:(0.067, 0.463, -0.884);"
2.780,255.199,926.312,103.377,-97.886,12.501,12.453,-1.808,0.285,1.000,0.000,-0.252,4,5.774,0.173,0.472,"Ground_Mountain_1_1:(0.062, 0.462, -0.885);Ground_Mountain_1_1:(0.062, 0.462, -0.885);Ground_Mountain_1_1:(0.062, 0.462, -0.885);Ground_Mountain_1_1:(0.062, 0.462, -0.885);Ground_Mountain_1_1:(0.062, 0.462, -0.885);Ground_Mountain_1_1:(0.062, 0.462, -0.885);"
2.800,255.429,926.565,103.344,-97.879,12.748,12.723,-1.670,0.345,1.000,0.000,-0.255,4,6.018,0.229,0.472,"Ground_Mountain_1_1:(0.062, 0.462, -0.885);Ground_Mountain_1_1:(0.062, 0.462, -0.885);Ground_Mountain_1_1:(0.062, 0.462, -0.885);Ground_Mountain_1_1:(0.062, 0.462, -0.885);Ground_Mountain_1_1:(0.062, 0.462, -0.885);Ground_Mountain_1_1:(0.062, 0.462, -0.885);"
2.820,255.664,926.824,103.313,-97.871,12.990,12.987,-1.519,0.407,1.000,0.000,-0.259,4,6.223,0.320,0.471,"Ground_Mountain_1_1:(0.066, 0.462, -0.884);Ground_Mountain_1_1:(0.066, 0.462, -0.884);Ground_Mountain_1_1:(0.066, 0.462, -0.884);Ground_Mountain_1_1:(0.066, 0.462, -0.884);Ground_Mountain_1_1:(0.066, 0.462, -0.884);Ground_Mountain_1_1:(0.066, 0.462, -0.884);"
2.840,255.906,927.088,103.286,-97.862,13.226,13.243,-1.354,0.471,1.000,0.000,-0.262,4,6.380,0.352,0.470,"Ground_Mountain_1_1:(0.066, 0.462, -0.884);Ground_Mountain_1_1:(0.066, 0.462, -0.884);Ground_Mountain_1_1:(0.066, 0.462, -0.884);Ground_Mountain_1_1:(0.066, 0.462, -0.884);Ground_Mountain_1_1:(0.066, 0.462, -0.884);Ground_Mountain_1_1:(0.066, 0.462, -0.884);"
2.860,256.153,927.357,103.262,-97.851,13.456,13.493,-1.175,0.532,1.000,0.000,-0.265,4,6.672,0.242,0.470,"Ground_Mountain_1_1:(0.057, 0.461, -0.885);Ground_Mountain_1_1:(0.057, 0.461, -0.885);Ground_Mountain_1_1:(0.057, 0.461, -0.885);Ground_Mountain_1_1:(0.057, 0.461, -0.885);Ground_Mountain_1_1:(0.057, 0.461, -0.885);Ground_Mountain_1_1:(0.057, 0.461, -0.885);"
2.880,256.406,927.631,103.242,-97.840,13.680,13.734,-0.979,0.591,1.000,0.000,-0.269,4,6.986,0.242,0.469,"Ground_Mountain_1_1:(0.049, 0.461, -0.886);Ground_Mountain_1_1:(0.049, 0.461, -0.886);Ground_Mountain_1_1:(0.049, 0.461, -0.886);Ground_Mountain_1_1:(0.049, 0.461, -0.886);Ground_Mountain_1_1:(0.049, 0.461, -0.886);Ground_Mountain_1_1:(0.049, 0.461, -0.886);"
2.900,256.665,927.910,103.227,-97.827,13.898,13.968,-0.770,0.651,1.000,0.000,-0.273,4,7.280,0.289,0.468,"Ground_Mountain_1_1:(0.049, 0.461, -0.886);Ground_Mountain_1_1:(0.049, 0.461, -0.886);Ground_Mountain_1_1:(0.049, 0.461, -0.886);Ground_Mountain_1_1:(0.049, 0.461, -0.886);Ground_Mountain_1_1:(0.049, 0.461, -0.886);Ground_Mountain_1_1:(0.049, 0.461, -0.886);"
2.920,256.930,928.193,103.216,-97.813,14.110,14.192,-0.546,0.712,1.000,0.000,-0.277,4,7.482,0.356,0.468,"Ground_Mountain_1_1:(0.039, 0.460, -0.887);Ground_Mountain_1_1:(0.039, 0.460, -0.887);Ground_Mountain_1_1:(0.039, 0.460, -0.887);Ground_Mountain_1_1:(0.039, 0.460, -0.887);Ground_Mountain_1_1:(0.039, 0.460, -0.887);Ground_Mountain_1_1:(0.039, 0.460, -0.887);"
2.940,257.194,928.480,103.209,-97.797,14.316,14.406,-0.310,0.777,1.000,0.000,-0.280,4,7.606,0.395,0.467,"Ground_Mountain_1_1:(0.039, 0.460, -0.887);Ground_Mountain_1_1:(0.039, 0.460, -0.887);Ground_Mountain_1_1:(0.039, 0.460, -0.887);Ground_Mountain_1_1:(0.039, 0.460, -0.887);Ground_Mountain_1_1:(0.039, 0.460, -0.887);Ground_Mountain_1_1:(0.039, 0.460, -0.887);"
2.960,257.470,928.771,103.208,-97.781,14.516,14.610,-0.060,0.844,1.000,0.000,-0.284,4,7.701,0.361,0.467,"Ground_Mountain_1_1:(0.038, 0.460, -0.887);Ground_Mountain_1_1:(0.038, 0.460, -0.887);Ground_Mountain_1_1:(0.038, 0.460, -0.887);Ground_Mountain_1_1:(0.038, 0.460, -0.887);Ground_Mountain_1_1:(0.038, 0.460, -0.887);Ground_Mountain_1_1:(0.038, 0.460, -0.887);"
2.980,257.751,929.066,103.212,-97.763,14.710,14.803,0.204,0.913,1.000,0.000,-0.287,4,7.784,0.309,0.466,"Ground_Mountain_1_1:(0.030, 0.458, -0.888);Ground_Mountain_1_1:(0.030, 0.458, -0.888);Ground_Mountain_1_1:(0.030, 0.458, -0.888);Ground_Mountain_1_1:(0.030, 0.458, -0.888);Ground_Mountain_1_1:(0.030, 0.458, -0.888);Ground_Mountain_1_1:(0.030, 0.458, -0.888);"
3.000,258.037,929.365,103.221,-97.743,14.897,14.985,0.482,0.985,1.000,0.000,-0.291,4,7.952,0.343,0.465,"Ground_Mountain_1_1:(0.029, 0.458, -0.889);Ground_Mountain_1_1:(0.029, 0.458, -0.889);Ground_Mountain_1_1:(0.029, 0.458, -0.889);Ground_Mountain_1_1:(0.029, 0.458, -0.889);Ground_Mountain_1_1:(0.029, 0.458, -0.889);Ground_Mountain_1_1:(0.029, 0.458, -0.889);"
3.020,258.328,929.667,103.237,-97.722,15.077,15.154,0.773,1.058,1.000,0.000,-0.295,4,8.116,0.375,0.465,"Ground_Mountain_1_1:(0.023, 0.458, -0.889);Ground_Mountain_1_1:(0.023, 0.458, -0.889);Ground_Mountain_1_1:(0.023, 0.458, -0.889);Ground_Mountain_1_1:(0.023, 0.458, -0.889);Ground_Mountain_1_1:(0.023, 0.458, -0.889);Ground_Mountain_1_1:(0.023, 0.458, -0.889);"
3.040,258.624,929.972,103.258,-97.700,15.251,15.310,1.077,1.135,1.000,0.000,-0.300,4,8.219,0.446,0.464,"Ground_Mountain_1_1:(0.023, 0.458, -0.889);Ground_Mountain_1_1:(0.023, 0.458, -0.889);Ground_Mountain_1_1:(0.023, 0.458, -0.889);Ground_Mountain_1_1:(0.023, 0.458, -0.889);Ground_Mountain_1_1:(0.023, 0.458, -0.889);Ground_Mountain_1_1:(0.023, 0.458, -0.889);"
3.060,258.924,930.280,103.286,-97.675,15.419,15.452,1.392,1.218,1.000,0.000,-0.304,4,8.227,0.519,0.463,"Ground_Mountain_1_1:(0.016, 0.456, -0.890);Ground_Mountain_1_1:(0.016, 0.456, -0.890);Ground_Mountain_1_1:(0.016, 0.456, -0.890);Ground_Mountain_1_1:(0.016, 0.456, -0.890);Ground_Mountain_1_1:(0.016, 0.456, -0.890);Ground_Mountain_1_1:(0.016, 0.456, -0.890);"
3.080,259.230,930.591,103.320,-97.649,15.579,15.579,1.718,1.304,1.000,0.000,-0.308,4,8.202,0.439,0.463,"Ground_Mountain_1_1:(0.016, 0.456, -0.890);Ground_Mountain_1_1:(0.016, 0.456, -0.890);Ground_Mountain_1_1:(0.016, 0.456, -0.890);Ground_Mountain_1_1:(0.016, 0.456, -0.890);Ground_Mountain_1_1:(0.016, 0.456, -0.890);Ground_Mountain_1_1:(0.016, 0.456, -0.890);"
3.100,259.558,930.903,103.361,-97.622,15.733,15.691,2.058,1.392,1.000,0.000,-0.313,4,8.261,0.371,0.462,"Ground_Mountain_1_1:(0.014, 0.455, -0.890);Ground_Mountain_1_1:(0.014, 0.455, -0.890);Ground_Mountain_1_1:(0.014, 0.455, -0.890);Ground_Mountain_1_1:(0.014, 0.455, -0.890);Ground_Mountain_1_1:(0.014, 0.455, -0.890);Ground_Mountain_1_1:(0.014, 0.455, -0.890);"
3.120,259.872,931.218,103.409,-97.592,15.880,15.788,2.408,1.486,1.000,0.000,-0.317,4,8.292,0.424,0.461,"Ground_Mountain_1_1:(0.010, 0.453, -0.892);Ground_Mountain_1_1:(0.010, 0.453, -0.892);Ground_Mountain_1_1:(0.010, 0.453, -0.892);Ground_Mountain_1_1:(0.010, 0.453, -0.892);Ground_Mountain_1_1:(0.010, 0.453, -0.892);Ground_Mountain_1_1:(0.010, 0.453, -0.892);"
3.140,260.190,931.534,103.464,-97.561,16.019,15.867,2.768,1.584,1.000,0.000,-0.322,4,8.246,0.498,0.461,"Ground_Mountain_1_1:(0.011, 0.453, -0.892);Ground_Mountain_1_1:(0.011, 0.453, -0.892);Ground_Mountain_1_1:(0.011, 0.453, -0.892);Ground_Mountain_1_1:(0.011, 0.453, -0.892);Ground_Mountain_1_1:(0.011, 0.453, -0.892);Ground_Mountain_1_1:(0.011, 0.453, -0.892);"
3.160,260.511,931.852,103.526,-97.527,16.152,15.929,3.137,1.691,1.000,0.000,-0.325,4,8.093,0.592,0.460,"Ground_Mountain_1_1:(0.010, 0.453, -0.892);Ground_Mountain_1_1:(0.010, 0.453, -0.892);Ground_Mountain_1_1:(0.010, 0.453, -0.892);Ground_Mountain_1_1:(0.010, 0.453, -0.892);Ground_Mountain_1_1:(0.010, 0.453, -0.892);Ground_Mountain_1_1:(0.010, 0.453, -0.892);"
3.180,260.835,932.171,103.596,-97.491,16.277,15.973,3.512,1.807,1.000,0.000,-0.330,4,7.838,0.631,0.459,"Ground_Mountain_1_1:(0.009, 0.452, -0.892);Ground_Mountain_1_1:(0.009, 0.452, -0.892);Ground_Mountain_1_1:(0.009, 0.452, -0.892);Ground_Mountain_1_1:(0.009, 0.452, -0.892);Ground_Mountain_1_1:(0.009, 0.452, -0.892);Ground_Mountain_1_1:(0.009, 0.452, -0.892);"
3.200,261.163,932.490,103.674,-97.453,16.396,15.998,3.895,1.929,1.000,0.000,-0.334,4,7.602,0.467,0.458,"Ground_Mountain_1_1:(0.008, 0.452, -0.892);Ground_Mountain_1_1:(0.008, 0.452, -0.892);Ground_Mountain_1_1:(0.008, 0.452, -0.892);Ground_Mountain_1_1:(0.008, 0.452, -0.892);Ground_Mountain_1_1:(0.008, 0.452, -0.892);Ground_Mountain_1_1:(0.008, 0.452, -0.892);"
3.220,261.493,932.809,103.760,-97.412,16.507,16.004,4.285,2.058,1.000,0.000,-0.338,4,7.428,0.458,0.458,"Ground_Mountain_1_1:(0.004, 0.450, -0.893);Ground_Mountain_1_1:(0.004, 0.450, -0.893);Ground_Mountain_1_1:(0.004, 0.450, -0.893);Ground_Mountain_1_1:(0.004, 0.450, -0.893);Ground_Mountain_1_1:(0.004, 0.450, -0.893);Ground_Mountain_1_1:(0.004, 0.450, -0.893);"
3.240,261.866,933.128,103.853,-97.368,16.611,15.989,4.680,2.195,1.000,0.000,-0.343,4,7.146,0.498,0.457,"Ground_Mountain_1_1:(0.006, 0.449, -0.893);Ground_Mountain_1_1:(0.006, 0.449, -0.893);Ground_Mountain_1_1:(0.006, 0.449, -0.893);Ground_Mountain_1_1:(0.006, 0.449, -0.893);Ground_Mountain_1_1:(0.006, 0.449, -0.893);Ground_Mountain_1_1:(0.006, 0.449, -0.893);"
3.260,262.201,933.446,103.954,-97.321,16.707,15.955,5.079,2.343,1.000,0.000,-0.348,4,6.778,0.558,0.456,"Ground_Mountain_1_1:(0.006, 0.449, -0.893);Ground_Mountain_1_1:(0.006, 0.449, -0.893);Ground_Mountain_1_1:(0.006, 0.449, -0.893);Ground_Mountain_1_1:(0.006, 0.449, -0.893);Ground_Mountain_1_1:(0.006, 0.449, -0.893);Ground_Mountain_1_1:(0.006, 0.449, -0.893);"
3.280,262.538,933.764,104.064,-97.271,16.797,15.899,5.479,2.501,1.000,0.000,-0.352,4,6.324,0.531,0.455,"Ground_Mountain_1_1:(0.010, 0.449, -0.893);Ground_Mountain_1_1:(0.010, 0.449, -0.893);Ground_Mountain_1_1:(0.010, 0.449, -0.893);Ground_Mountain_1_1:(0.010, 0.449, -0.893);Ground_Mountain_1_1:(0.010, 0.449, -0.893);Ground_Mountain_1_1:(0.010, 0.449, -0.893);"
3.300,262.876,934.080,104.181,-97.218,16.879,15.821,5.881,2.671,1.000,0.000,-0.355,4,5.846,0.497,0.454,"Ground_Mountain_1_1:(0.008, 0.449, -0.894);Ground_Mountain_1_1:(0.008, 0.449, -0.894);Ground_Mountain_1_1:(0.008, 0.449, -0.894);Ground_Mountain_1_1:(0.008, 0.449, -0.894);Ground_Mountain_1_1:(0.008, 0.449, -0.894);Ground_Mountain_1_1:(0.008, 0.449, -0.894);"
3.320,263.215,934.394,104.307,-97.161,16.954,15.722,6.284,2.848,1.000,0.000,-0.360,4,5.453,0.365,0.454,"Ground_Mountain_1_1:(0.007, 0.448, -0.894);Ground_Mountain_1_1:(0.007, 0.448, -0.894);Ground_Mountain_1_1:(0.007, 0.448, -0.894);Ground_Mountain_1_1:(0.007, 0.448, -0.894);Ground_Mountain_1_1:(0.007, 0.448, -0.894);Ground_Mountain_1_1:(0.007, 0.448, -0.894);"
3.340,263.554,934.705,104.440,-97.100,17.023,15.600,6.688,3.034,1.000,0.000,-0.364,4,5.088,0.366,0.453,"Ground_Mountain_1_1:(0.006, 0.448, -0.894);Ground_Mountain_1_1:(0.006, 0.448, -0.894);Ground_Mountain_1_1:(0.006, 0.448, -0.894);Ground_Mountain_1_1:(0.006, 0.448, -0.894);Ground_Mountain_1_1:(0.006, 0.448, -0.894);Ground_Mountain_1_1:(0.006, 0.448, -0.894);"
3.360,263.954,935.014,104.582,-97.036,17.084,15.456,7.090,3.228,1.000,0.000,-0.369,4,4.690,0.327,0.452,"Ground_Mountain_1_1:(0.008, 0.447, -0.894);Ground_Mountain_1_1:(0.008, 0.447, -0.894);Ground_Mountain_1_1:(0.008, 0.447, -0.894);Ground_Mountain_1_1:(0.008, 0.447, -0.894);Ground_Mountain_1_1:(0.008, 0.447, -0.894);Ground_Mountain_1_1:(0.008, 0.447, -0.894);"
3.380,264.294,935.320,104.731,-96.967,17.139,15.291,7.489,3.428,1.000,0.000,-0.373,4,4.317,0.318,0.452,"Ground_Mountain_1_1:(0.007, 0.446, -0.895);Ground_Mountain_1_1:(0.007, 0.446, -0.895);Ground_Mountain_1_1:(0.007, 0.446, -0.895);Ground_Mountain_1_1:(0.007, 0.446, -0.895);Ground_Mountain_1_1:(0.007, 0.446, -0.895);Ground_Mountain_1_1:(0.007, 0.446, -0.895);"
3.400,264.632,935.622,104.889,-96.895,17.187,15.107,7.880,3.633,1.000,0.000,-0.376,4,3.916,0.281,0.451,"Ground_Mountain_1_1:(0.006, 0.445, -0.895);Ground_Mountain_1_1:(0.006, 0.445, -0.895);Ground_Mountain_1_1:(0.006, 0.445, -0.895);Ground_Mountain_1_1:(0.006, 0.445, -0.895);Ground_Mountain_1_1:(0.006, 0.445, -0.895);Ground_Mountain_1_1:(0.006, 0.445, -0.895);"
3.420,264.970,935.919,105.054,-96.818,17.227,14.905,8.264,3.838,1.000,0.000,-0.380,4,3.629,0.144,0.450,"Ground_Mountain_1_1:(0.006, 0.439, -0.898);Ground_Mountain_1_1:(0.006, 0.439, -0.898);Ground_Mountain_1_1:(0.006, 0.439, -0.898);Ground_Mountain_1_1:(0.006, 0.439, -0.898);Ground_Mountain_1_1:(0.006, 0.439, -0.898);Ground_Mountain_1_1:(0.006, 0.439, -0.898);"
3.440,265.306,936.213,105.227,-96.737,17.261,14.685,8.641,4.042,1.000,0.000,-0.383,4,3.437,0.118,0.450,"Ground_Mountain_1_1:(0.005, 0.439, -0.898);Ground_Mountain_1_1:(0.005, 0.439, -0.898);Ground_Mountain_1_1:(0.005, 0.439, -0.898);Ground_Mountain_1_1:(0.005, 0.439, -0.898);Ground_Mountain_1_1:(0.005, 0.439, -0.898);Ground_Mountain_1_1:(0.005, 0.439, -0.898);"
3.460,265.641,936.502,105.407,-96.653,17.289,14.446,9.010,4.246,1.000,0.000,-0.387,4,3.268,0.131,0.449,"Ground_Mountain_1_1:(0.005, 0.439, -0.898);Ground_Mountain_1_1:(0.005, 0.439, -0.898);Ground_Mountain_1_1:(0.005, 0.439, -0.898);Ground_Mountain_1_1:(0.005, 0.439, -0.898);Ground_Mountain_1_1:(0.005, 0.439, -0.898);Ground_Mountain_1_1:(0.005, 0.439, -0.898);"
3.480,265.973,936.786,105.594,-96.564,17.310,14.189,9.371,4.450,1.000,0.000,-0.390,4,3.104,0.105,0.448,"Ground_Mountain_1_1:(0.006, 0.437, -0.899);Ground_Mountain_1_1:(0.006, 0.437, -0.899);Ground_Mountain_1_1:(0.006, 0.437, -0.899);Ground_Mountain_1_1:(0.006, 0.437, -0.899);Ground_Mountain_1_1:(0.006, 0.437, -0.899);Ground_Mountain_1_1:(0.006, 0.437, -0.899);"
3.500,266.380,937.064,105.788,-96.471,17.324,13.914,9.725,4.649,1.000,0.000,-0.394,4,3.016,0.031,0.448,"Ground_Mountain_1_1:(0.007, 0.436, -0.900);Ground_Mountain_1_1:(0.007, 0.436, -0.900);Ground_Mountain_1_1:(0.007, 0.436, -0.900);Ground_Mountain_1_1:(0.007, 0.436, -0.900);Ground_Mountain_1_1:(0.007, 0.436, -0.900);Ground_Mountain_1_1:(0.007, 0.436, -0.900);"
3.520,266.705,937.336,105.989,-96.374,17.333,13.621,10.071,4.843,1.000,0.000,-0.397,4,3.031,0.044,0.447,"Ground_Mountain_1_1:(0.007, 0.435, -0.900);Ground_Mountain_1_1:(0.007, 0.435, -0.900);Ground_Mountain_1_1:(0.007, 0.435, -0.900);Ground_Mountain_1_1:(0.007, 0.435, -0.900);Ground_Mountain_1_1:(0.007, 0.435, -0.900);Ground_Mountain_1_1:(0.007, 0.435, -0.900);"
3.540,267.028,937.602,106.197,-96.274,17.336,13.311,10.411,5.030,1.000,0.000,-0.400,4,3.070,0.078,0.446,"Ground_Mountain_1_1:(0.007, 0.434, -0.901);Ground_Mountain_1_1:(0.007, 0.434, -0.901);Ground_Mountain_1_1:(0.007, 0.434, -0.901);Ground_Mountain_1_1:(0.007, 0.434, -0.901);Ground_Mountain_1_1:(0.007, 0.434, -0.901);Ground_Mountain_1_1:(0.007, 0.434, -0.901);"
3.560,267.346,937.862,106.412,-96.170,17.334,12.983,10.742,5.210,1.000,0.000,-0.403,4,3.214,0.089,0.445,"Ground_Mountain_1_1:(0.006, 0.432, -0.902);Ground_Mountain_1_1:(0.006, 0.432, -0.902);Ground_Mountain_1_1:(0.006, 0.432, -0.902);Ground_Mountain_1_1:(0.006, 0.432, -0.902);Ground_Mountain_1_1:(0.006, 0.432, -0.902);Ground_Mountain_1_1:(0.006, 0.432, -0.902);"
3.580,267.660,938.115,106.633,-96.062,17.327,12.638,11.066,5.382,1.000,0.000,-0.405,4,3.382,0.082,0.444,"Ground_Mountain_1_1:(0.006, 0.432, -0.902);Ground_Mountain_1_1:(0.006, 0.432, -0.902);Ground_Mountain_1_1:(0.006, 0.432, -0.902);Ground_Mountain_1_1:(0.006, 0.432, -0.902);Ground_Mountain_1_1:(0.006, 0.432, -0.902);Ground_Mountain_1_1:(0.006, 0.432, -0.902);"
3.600,267.970,938.360,106.860,-95.951,17.315,12.277,11.383,5.543,1.000,0.000,-0.408,4,3.547,0.054,0.443,"Ground_Mountain_1_1:(0.008, 0.431, -0.902);Ground_Mountain_1_1:(0.008, 0.431, -0.902);Ground_Mountain_1_1:(0.008, 0.431, -0.902);Ground_Mountain_1_1:(0.008, 0.431, -0.902);Ground_Mountain_1_1:(0.008, 0.431, -0.902);Ground_Mountain_1_1:(0.008, 0.431, -0.902);"
3.620,268.274,938.598,107.094,-95.838,17.299,11.899,11.691,5.696,1.000,0.000,-0.410,4,3.725,0.084,0.441,"Ground_Mountain_1_1:(0.007, 0.431, -0.902);Ground_Mountain_1_1:(0.007, 0.431, -0.902);Ground_Mountain_1_1:(0.007, 0.431, -0.902);Ground_Mountain_1_1:(0.007, 0.431, -0.902);Ground_Mountain_1_1:(0.007, 0.431, -0.902);Ground_Mountain_1_1:(0.007, 0.431, -0.902);"
3.640,268.665,938.828,107.333,-95.721,17.278,11.505,11.990,5.839,1.000,0.000,-0.413,4,3.980,0.165,0.440,"Ground_Mountain_1_1:(0.008, 0.428, -0.904);Ground_Mountain_1_1:(0.008, 0.428, -0.904);Ground_Mountain_1_1:(0.008, 0.428, -0.904);Ground_Mountain_1_1:(0.008, 0.428, -0.904);Ground_Mountain_1_1:(0.008, 0.428, -0.904);Ground_Mountain_1_1:(0.008, 0.428, -0.904);"
3.660,268.957,939.050,107.578,-95.602,17.254,11.095,12.280,5.973,1.000,0.000,-0.416,4,4.249,0.182,0.439,"Ground_Mountain_1_1:(0.007, 0.426, -0.905);Ground_Mountain_1_1:(0.007, 0.426, -0.905);Ground_Mountain_1_1:(0.007, 0.426, -0.905);Ground_Mountain_1_1:(0.007, 0.426, -0.905);Ground_Mountain_1_1:(0.007, 0.426, -0.905);Ground_Mountain_1_1:(0.007, 0.426, -0.905);"
3.680,269.243,939.264,107.829,-95.480,17.226,10.671,12.561,6.095,1.000,0.000,-0.418,4,4.491,0.167,0.437,"Ground_Mountain_1_1:(0.007, 0.426, -0.905);Ground_Mountain_1_1:(0.007, 0.426, -0.905);Ground_Mountain_1_1:(0.007, 0.426, -0.905);Ground_Mountain_1_1:(0.007, 0.426, -0.905);Ground_Mountain_1_1:(0.007, 0.426, -0.905);Ground_Mountain_1_1:(0.007, 0.426, -0.905);"
3.700,269.523,939.469,108.085,-95.356,17.196,10.231,12.831,6.208,1.000,0.000,-0.420,4,4.645,0.159,0.436,"Ground_Mountain_1_1:(0.009, 0.426, -0.905);Ground_Mountain_1_1:(0.009, 0.426, -0.905);Ground_Mountain_1_1:(0.009, 0.426, -0.905);Ground_Mountain_1_1:(0.009, 0.426, -0.905);Ground_Mountain_1_1:(0.009, 0.426, -0.905);Ground_Mountain_1_1:(0.009, 0.426, -0.905);"
3.720,269.795,939.664,108.347,-95.230,17.162,9.777,13.090,6.312,1.000,0.000,-0.421,4,4.804,0.185,0.435,"Ground_Mountain_1_1:(0.005, 0.424, -0.906);Ground_Mountain_1_1:(0.005, 0.424, -0.906);Ground_Mountain_1_1:(0.005, 0.424, -0.906);Ground_Mountain_1_1:(0.005, 0.424, -0.906);Ground_Mountain_1_1:(0.005, 0.424, -0.906);Ground_Mountain_1_1:(0.005, 0.424, -0.906);"
3.740,270.061,939.850,108.613,-95.102,17.127,9.309,13.337,6.408,1.000,0.000,-0.423,4,4.928,0.226,0.433,"Ground_Mountain_1_1:(0.005, 0.424, -0.906);Ground_Mountain_1_1:(0.005, 0.424, -0.906);Ground_Mountain_1_1:(0.005, 0.424, -0.906);Ground_Mountain_1_1:(0.005, 0.424, -0.906);Ground_Mountain_1_1:(0.005, 0.424, -0.906);Ground_Mountain_1_1:(0.005, 0.424, -0.906);"
3.760,270.318,940.027,108.884,-94.972,17.089,8.828,13.572,6.495,1.000,0.000,-0.424,4,5.054,0.199,0.432,"Ground_Mountain_1_1:(0.007, 0.424, -0.906);Ground_Mountain_1_1:(0.007, 0.424, -0.906);Ground_Mountain_1_1:(0.007, 0.424, -0.906);Ground_Mountain_1_1:(0.007, 0.424, -0.906);Ground_Mountain_1_1:(0.007, 0.424, -0.906);Ground_Mountain_1_1:(0.007, 0.424, -0.906);"
3.780,270.568,940.194,109.160,-94.841,17.050,8.333,13.794,6.573,1.000,0.000,-0.426,4,5.133,0.204,0.431,"Ground_Mountain_1_1:(0.003, 0.429, -0.903);Ground_Mountain_1_1:(0.003, 0.429, -0.903);Ground_Mountain_1_1:(0.003, 0.429, -0.903);Ground_Mountain_1_1:(0.003, 0.429, -0.903);Ground_Mountain_1_1:(0.003, 0.429, -0.903);Ground_Mountain_1_1:(0.003, 0.429, -0.903);"
3.800,270.911,940.350,109.439,-94.708,17.009,7.826,14.001,6.647,1.000,0.000,-0.428,4,5.127,0.285,0.430,"Ground_Mountain_1_1:(0.000, 0.429, -0.903);Ground_Mountain_1_1:(0.000, 0.429, -0.903);Ground_Mountain_1_1:(0.000, 0.429, -0.903);Ground_Mountain_1_1:(0.000, 0.429, -0.903);Ground_Mountain_1_1:(0.000, 0.429, -0.903);Ground_Mountain_1_1:(0.000, 0.429, -0.903);"
3.820,271.142,940.496,109.723,-94.574,16.968,7.307,14.191,6.717,1.000,0.000,-0.430,4,5.092,0.379,0.429,"Ground_Mountain_1_1:(0.000, 0.429, -0.903);Ground_Mountain_1_1:(0.000, 0.429, -0.903);Ground_Mountain_1_1:(0.000, 0.429, -0.903);Ground_Mountain_1_1:(0.000, 0.429, -0.903);Ground_Mountain_1_1:(0.000, 0.429, -0.903);Ground_Mountain_1_1:(0.000, 0.429, -0.903);"
3.840,271.365,940.632,110.010,-94.439,16.926,6.776,14.368,6.779,1.000,0.000,-0.431,4,5.031,0.274,0.428,"Ground_Mountain_1_1:(0.002, 0.428, -0.904);Ground_Mountain_1_1:(0.002, 0.428, -0.904);Ground_Mountain_1_1:(0.002, 0.428, -0.904);Ground_Mountain_1_1:(0.002, 0.428, -0.904);Ground_Mountain_1_1:(0.002, 0.428, -0.904);Ground_Mountain_1_1:(0.002, 0.428, -0.904);"
3.860,271.578,940.757,110.301,-94.302,16.884,6.234,14.529,6.836,1.000,0.000,-0.433,4,4.912,0.241,0.428,"Ground_Mountain_1_1:(0.000, 0.427, -0.904);Ground_Mountain_1_1:(0.000, 0.427, -0.904);Ground_Mountain_1_1:(0.000, 0.427, -0.904);Ground_Mountain_1_1:(0.000, 0.427, -0.904);Ground_Mountain_1_1:(0.000, 0.427, -0.904);Ground_Mountain_1_1:(0.000, 0.427, -0.904);"
3.880,271.781,940.870,110.594,-94.164,16.843,5.682,14.673,6.888,1.000,0.000,-0.434,4,4.768,0.175,0.427,"Ground_Mountain_1_1:(0.000, 0.427, -0.904);Ground_Mountain_1_1:(0.000, 0.427, -0.904);Ground_Mountain_1_1:(0.000, 0.427, -0.904);Ground_Mountain_1_1:(0.000, 0.427, -0.904);Ground_Mountain_1_1:(0.000, 0.427, -0.904);Ground_Mountain_1_1:(0.000, 0.427, -0.904);"
3.900,271.975,940.973,110.890,-94.025,16.803,5.119,14.799,6.937,1.000,0.000,-0.435,4,4.646,0.206,0.427,"Ground_Mountain_1_1:(0.005, 0.425, -0.905);Ground_Mountain_1_1:(0.005, 0.425, -0.905);Ground_Mountain_1_1:(0.005, 0.425, -0.905);Ground_Mountain_1_1:(0.005, 0.425, -0.905);Ground_Mountain_1_1:(0.005, 0.425, -0.905);Ground_Mountain_1_1:(0.005, 0.425, -0.905);"
3.920,272.159,941.064,111.188,-93.886,16.763,4.547,14.908,6.982,1.000,0.000,-0.436,4,4.427,0.204,0.427,"Ground_Mountain_1_1:(0.004, 0.428, -0.904);Ground_Mountain_1_1:(0.004, 0.428, -0.904);Ground_Mountain_1_1:(0.004, 0.428, -0.904);Ground_Mountain_1_1:(0.004, 0.428, -0.904);Ground_Mountain_1_1:(0.004, 0.428, -0.904);Ground_Mountain_1_1:(0.004, 0.428, -0.904);"
3.940,272.332,941.143,111.488,-93.745,16.725,3.966,14.998,7.024,1.000,0.000,-0.438,4,4.206,0.147,0.427,"Ground_Mountain_1_1:(0.002, 0.431, -0.902);Ground_Mountain_1_1:(0.002, 0.431, -0.902);Ground_Mountain_1_1:(0.002, 0.431, -0.902);Ground_Mountain_1_1:(0.002, 0.431, -0.902);Ground_Mountain_1_1:(0.002, 0.431, -0.902);Ground_Mountain_1_1:(0.002, 0.431, -0.902);"
3.960,272.494,941.211,111.789,-93.604,16.689,3.377,15.070,7.063,1.000,0.000,-0.439,4,4.032,0.153,0.427,"Ground_Mountain_1_1:(0.002, 0.431, -0.902);Ground_Mountain_1_1:(0.002, 0.431, -0.902);Ground_Mountain_1_1:(0.002, 0.431, -0.902);Ground_Mountain_1_1:(0.002, 0.431, -0.902);Ground_Mountain_1_1:(0.002, 0.431, -0.902);Ground_Mountain_1_1:(0.002, 0.431, -0.902);"
3.980,272.646,941.266,112.092,-93.462,16.656,2.780,15.124,7.096,1.000,0.000,-0.441,4,3.925,0.110,0.428,"Ground_Mountain_1_1:(0.002, 0.431, -0.902);Ground_Mountain_1_1:(0.002, 0.431, -0.902);Ground_Mountain_1_1:(0.002, 0.431, -0.902);Ground_Mountain_1_1:(0.002, 0.431, -0.902);Ground_Mountain_1_1:(0.002, 0.431, -0.902);Ground_Mountain_1_1:(0.002, 0.431, -0.902);"
4.000,272.786,941.310,112.395,-93.320,16.625,2.175,15.161,7.123,1.000,0.000,-0.442,4,3.852,0.148,0.428,"Ground_Mountain_1_1:(0.004, 0.429, -0.903);Ground_Mountain_1_1:(0.004, 0.429, -0.903);Ground_Mountain_1_1:(0.004, 0.429, -0.903);Ground_Mountain_1_1:(0.004, 0.429, -0.903);Ground_Mountain_1_1:(0.004, 0.429, -0.903);Ground_Mountain_1_1:(0.004, 0.429, -0.903);"
4.020,272.915,941.341,112.699,-93.177,16.598,1.564,15.179,7.143,1.000,0.000,-0.444,4,3.833,0.098,0.428,"Ground_Mountain_1_1:(0.001, 0.429, -0.903);Ground_Mountain_1_1:(0.001, 0.429, -0.903);Ground_Mountain_1_1:(0.001, 0.429, -0.903);Ground_Mountain_1_1:(0.001, 0.429, -0.903);Ground_Mountain_1_1:(0.001, 0.429, -0.903);Ground_Mountain_1_1:(0.001, 0.429, -0.903);"
4.040,273.122,941.360,113.003,-93.034,16.573,0.947,15.182,7.153,1.000,0.000,-0.446,4,3.824,0.059,0.428,"Ground_Mountain_1_1:(0.001, 0.429, -0.903);Ground_Mountain_1_1:(0.001, 0.429, -0.903);Ground_Mountain_1_1:(0.001, 0.429, -0.903);Ground_Mountain_1_1:(0.001, 0.429, -0.903);Ground_Mountain_1_1:(0.001, 0.429, -0.903);Ground_Mountain_1_1:(0.001, 0.429, -0.903);"
4.060,273.225,941.366,113.306,-92.890,16.553,0.324,15.167,7.154,1.000,0.000,-0.448,4,3.790,0.083,0.429,"Ground_Mountain_1_1:(0.001, 0.436, -0.900);Ground_Mountain_1_1:(0.001, 0.436, -0.900);Ground_Mountain_1_1:(0.001, 0.436, -0.900);Ground_Mountain_1_1:(0.001, 0.436, -0.900);Ground_Mountain_1_1:(0.001, 0.436, -0.900);Ground_Mountain_1_1:(0.001, 0.436, -0.900);"
4.080,273.315,941.360,113.609,-92.747,16.536,-0.299,15.133,7.151,1.000,0.000,-0.450,4,3.768,0.279,0.429,"Ground_Mountain_1_1:(-0.002, 0.442, -0.897);Ground_Mountain_1_1:(-0.002, 0.442, -0.897);Ground_Mountain_1_1:(-0.002, 0.442, -0.897);Ground_Mountain_1_1:(-0.002, 0.442, -0.897);Ground_Mountain_1_1:(-0.002, 0.442, -0.897);Ground_Mountain_1_1:(-0.002, 0.442, -0.897);"
4.100,273.393,941.341,113.911,-92.604,16.524,-0.905,15.081,7.150,1.000,0.000,-0.451,4,3.387,0.546,0.429,"Ground_Mountain_1_1:(-0.010, 0.446, -0.895);Ground_Mountain_1_1:(-0.010, 0.446, -0.895);Ground_Mountain_1_1:(-0.010, 0.446, -0.895);Ground_Mountain_1_1:(-0.010, 0.446, -0.895);Ground_Mountain_1_1:(-0.010, 0.446, -0.895);Ground_Mountain_1_1:(-0.010, 0.446, -0.895);"
4.120,273.460,941.311,114.211,-92.461,16.514,-1.497,15.012,7.151,1.000,0.000,-0.453,4,3.018,0.394,0.430,"Ground_Mountain_1_1:(-0.010, 0.446, -0.895);Ground_Mountain_1_1:(-0.010, 0.446, -0.895);Ground_Mountain_1_1:(-0.010, 0.446, -0.895);Ground_Mountain_1_1:(-0.010, 0.446, -0.895);Ground_Mountain_1_1:(-0.010, 0.446, -0.895);Ground_Mountain_1_1:(-0.010, 0.446, -0.895);"
4.140,273.514,941.270,114.510,-92.318,16.508,-2.077,14.926,7.151,1.000,0.000,-0.455,4,2.713,0.277,0.431,"Ground_Mountain_1_1:(-0.010, 0.446, -0.895);Ground_Mountain_1_1:(-0.010, 0.446, -0.895);Ground_Mountain_1_1:(-0.010, 0.446, -0.895);Ground_Mountain_1_1:(-0.010, 0.446, -0.895);Ground_Mountain_1_1:(-0.010, 0.446, -0.895);Ground_Mountain_1_1:(-0.010, 0.446, -0.895);"
4.160,273.557,941.216,114.807,-92.175,16.505,-2.646,14.825,7.149,1.000,0.000,-0.457,4,2.438,0.186,0.433,"Ground_Mountain_1_1:(-0.012, 0.445, -0.895);Ground_Mountain_1_1:(-0.012, 0.445, -0.895);Ground_Mountain_1_1:(-0.012, 0.445, -0.895);Ground_Mountain_1_1:(-0.012, 0.445, -0.895);Ground_Mountain_1_1:(-0.012, 0.445, -0.895);Ground_Mountain_1_1:(-0.012, 0.445, -0.895);"
4.180,273.589,941.152,115.101,-92.032,16.506,-3.207,14.706,7.151,1.000,0.000,-0.458,2,1.780,0.310,0.435,"Ground_Mountain_1_1:(-0.008, 0.445, -0.895);Ground_Mountain_1_1:(-0.008, 0.445, -0.895);Ground_Mountain_1_1:(-0.008, 0.445, -0.895);Ground_Mountain_1_1:(-0.008, 0.445, -0.895);Ground_Mountain_1_1:(-0.008, 0.445, -0.895);Ground_Mountain_1_1:(-0.008, 0.445, -0.895);"
4.200,273.609,941.077,115.394,-91.888,16.510,-3.759,14.568,7.160,1.000,0.000,-0.460,2,1.436,0.375,0.437,"Ground_Mountain_1_1:(-0.010, 0.454, -0.891);Ground_Mountain_1_1:(-0.010, 0.454, -0.891);Ground_Mountain_1_1:(-0.010, 0.454, -0.891);Ground_Mountain_1_1:(-0.010, 0.454, -0.891);Ground_Mountain_1_1:(-0.010, 0.454, -0.891);Ground_Mountain_1_1:(-0.010, 0.454, -0.891);"
4.220,273.618,940.990,115.683,-91.744,16.517,-4.305,14.414,7.171,1.000,0.000,-0.462,2,1.007,0.276,0.440,"Ground_Mountain_1_1:(-0.012, 0.465, -0.885);Ground_Mountain_1_1:(-0.012, 0.465, -0.885);Ground_Mountain_1_1:(-0.012, 0.465, -0.885);Ground_Mountain_1_1:(-0.012, 0.465, -0.885);Ground_Mountain_1_1:(-0.012, 0.465, -0.885);Ground_Mountain_1_1:(-0.012, 0.465, -0.885);"
4.240,273.615,940.893,115.968,-91.600,16.528,-4.844,14.244,7.181,1.000,0.000,-0.465,2,0.664,0.309,0.443,"Ground_Mountain_1_1:(-0.017, 0.465, -0.885);Ground_Mountain_1_1:(-0.017, 0.465, -0.885);Ground_Mountain_1_1:(-0.017, 0.465, -0.885);Ground_Mountain_1_1:(-0.017, 0.465, -0.885);Ground_Mountain_1_1:(-0.017, 0.465, -0.885);Ground_Mountain_1_1:(-0.017, 0.465, -0.885);"
4.260,273.601,940.785,116.250,-91.456,16.542,-5.376,14.060,7.188,1.000,0.000,-0.467,2,0.413,0.374,0.446,"Ground_Mountain_1_1:(-0.017, 0.465, -0.885);Ground_Mountain_1_1:(-0.017, 0.465, -0.885);Ground_Mountain_1_1:(-0.017, 0.465, -0.885);Ground_Mountain_1_1:(-0.017, 0.465, -0.885);Ground_Mountain_1_1:(-0.017, 0.465, -0.885);Ground_Mountain_1_1:(-0.017, 0.465, -0.885);"
4.280,273.576,940.667,116.528,-91.312,16.560,-5.903,13.862,7.192,1.000,0.000,-0.469,2,0.253,0.427,0.449,"Ground_Mountain_1_1:(-0.017, 0.469, -0.883);Ground_Mountain_1_1:(-0.017, 0.469, -0.883);Ground_Mountain_1_1:(-0.017, 0.469, -0.883);Ground_Mountain_1_1:(-0.017, 0.469, -0.883);Ground_Mountain_1_1:(-0.017, 0.469, -0.883);"
4.300,273.540,940.548,116.803,-91.168,16.329,-5.900,13.661,7.187,1.000,0.000,-0.471,1,0.118,3.714,0.452,"Ground_Mountain_1_1:(-0.017, 0.469, -0.883);Ground_Mountain_1_1:(-0.017, 0.469, -0.883);Ground_Mountain_1_1:(-0.017, 0.469, -0.883);Ground_Mountain_1_1:(-0.017, 0.469, -0.883);Ground_Mountain_1_1:(-0.017, 0.469, -0.883);"
4.320,273.503,940.430,117.073,-91.023,16.091,-5.898,13.460,7.185,1.000,0.000,-0.473,0,0.000,3.626,0.457,"Ground_Mountain_1_1:(-0.017, 0.469, -0.883);Ground_Mountain_1_1:(-0.017, 0.469, -0.883);Ground_Mountain_1_1:(-0.017, 0.469, -0.883);Ground_Mountain_1_1:(-0.017, 0.469, -0.883);Ground_Mountain_1_1:(-0.017, 0.469, -0.883);"
4.340,273.466,940.312,117.340,-90.879,15.847,-5.896,13.258,7.182,1.000,0.000,-0.475,0,0.000,3.539,0.463,"Ground_Mountain_1_1:(-0.019, 0.468, -0.883);Ground_Mountain_1_1:(-0.019, 0.468, -0.883);Ground_Mountain_1_1:(-0.019, 0.468, -0.883);Ground_Mountain_1_1:(-0.019, 0.468, -0.883);Ground_Mountain_1_1:(-0.019, 0.468, -0.883);Ground_Mountain_1_1:(-0.019, 0.468, -0.883);Ground_Mountain_1_1:(-0.033, 0.548, -0.836);"
4.360,273.427,940.194,117.603,-90.734,15.598,-5.893,13.057,7.179,1.000,0.000,-0.478,0,0.000,3.452,0.471,"Ground_Mountain_1_1:(-0.019, 0.468, -0.883);Ground_Mountain_1_1:(-0.019, 0.468, -0.883);Ground_Mountain_1_1:(-0.019, 0.468, -0.883);Ground_Mountain_1_1:(-0.019, 0.468, -0.883);Ground_Mountain_1_1:(-0.019, 0.468, -0.883);Ground_Mountain_1_1:(-0.019, 0.468, -0.883);Ground_Mountain_1_1:(-0.033, 0.548, -0.836);"
4.380,273.388,940.076,117.863,-90.589,15.345,-5.891,12.855,7.176,1.000,0.000,-0.482,0,0.000,3.364,0.479,"Ground_Mountain_1_1:(-0.023, 0.468, -0.883);Ground_Mountain_1_1:(-0.023, 0.468, -0.883);Ground_Mountain_1_1:(-0.023, 0.468, -0.883);Ground_Mountain_1_1:(-0.023, 0.468, -0.883);Ground_Mountain_1_1:(-0.023, 0.468, -0.883);Ground_Mountain_1_1:(-0.023, 0.468, -0.883);Ground_Mountain_1_1:(-0.037, 0.555, -0.831);Ground_Mountain_1_1:(-0.037, 0.555, -0.831);"
4.400,273.348,939.958,118.118,-90.444,15.089,-5.889,12.654,7.173,1.000,0.000,-0.485,0,0.000,3.277,0.488,"Ground_Mountain_1_1:(-0.030, 0.465, -0.885);Ground_Mountain_1_1:(-0.030, 0.465, -0.885);Ground_Mountain_1_1:(-0.030, 0.465, -0.885);Ground_Mountain_1_1:(-0.037, 0.555, -0.831);Ground_Mountain_1_1:(-0.037, 0.555, -0.831);"
4.420,273.306,939.840,118.370,-90.299,14.829,-5.886,12.453,7.170,1.000,0.000,-0.489,0,0.000,3.189,0.498,"Ground_Mountain_1_1:(-0.027, 0.463, -0.886);Ground_Mountain_1_1:(-0.027, 0.463, -0.886);Ground_Mountain_1_1:(-0.027, 0.463, -0.886);Ground_Mountain_1_1:(-0.037, 0.555, -0.831);Ground_Mountain_1_1:(-0.037, 0.555, -0.831);"
4.440,273.265,939.722,118.618,-90.154,14.568,-5.884,12.252,7.167,1.000,0.000,-0.493,0,0.000,3.102,0.508,"Ground_Mountain_1_1:(-0.033, 0.548, -0.836);Ground_Mountain_1_1:(-0.033, 0.548, -0.836);Ground_Mountain_1_1:(-0.027, 0.463, -0.886);"
4.460,273.222,939.604,118.862,-90.009,14.306,-5.882,12.051,7.165,1.000,0.000,-0.498,0,0.000,3.014,0.520,""
4.480,273.178,939.486,119.103,-89.864,14.043,-5.879,11.850,7.162,1.000,0.000,-0.503,0,0.000,2.926,0.532,""
4.500,273.134,939.368,119.339,-89.718,13.779,-5.877,11.649,7.159,1.000,0.000,-0.509,0,0.000,2.838,0.545,""
4.520,273.088,939.251,119.572,-89.572,13.516,-5.875,11.448,7.156,1.000,0.000,-0.515,0,0.000,2.751,0.559,""
4.540,273.012,939.133,119.801,-89.427,13.253,-5.872,11.248,7.153,1.000,0.000,-0.519,0,0.000,2.663,0.573,""
4.560,272.967,939.015,120.026,-89.281,12.991,-5.870,11.047,7.150,1.000,0.000,-0.526,0,0.000,2.574,0.588,""
4.580,272.921,938.897,120.247,-89.135,12.731,-5.867,10.846,7.147,1.000,0.000,-0.532,0,0.000,2.486,0.603,""
4.600,272.874,938.779,120.464,-88.988,12.472,-5.865,10.646,7.144,1.000,0.000,-0.538,0,0.000,2.398,0.618,""
4.620,272.826,938.661,120.678,-88.842,12.215,-5.863,10.446,7.142,1.000,0.000,-0.544,0,0.000,2.310,0.634,""
4.640,272.777,938.544,120.887,-88.696,11.960,-5.860,10.245,7.139,1.000,0.000,-0.550,0,0.000,2.222,0.650,""
4.660,272.727,938.426,121.093,-88.549,11.707,-5.858,10.045,7.136,1.000,0.000,-0.556,0,0.000,2.134,0.666,""
4.680,272.676,938.308,121.294,-88.402,11.458,-5.856,9.845,7.133,1.000,0.000,-0.561,0,0.000,2.046,0.682,""
4.700,272.624,938.190,121.491,-88.255,11.211,-5.853,9.645,7.130,1.000,0.000,-0.566,0,0.000,1.959,0.698,""
4.720,272.571,938.072,121.685,-88.108,10.968,-5.851,9.445,7.127,1.000,0.000,-0.571,0,0.000,1.872,0.715,""
4.740,272.518,937.955,121.874,-87.961,10.728,-5.849,9.245,7.125,1.000,0.000,-0.574,0,0.000,1.785,0.731,""
4.760,272.463,937.837,122.060,-87.813,10.492,-5.846,9.045,7.122,1.000,0.000,-0.578,0,0.000,1.700,0.747,""
4.780,272.407,937.719,122.241,-87.666,10.261,-5.844,8.845,7.119,1.000,0.000,-0.580,0,0.000,1.616,0.763,""
4.800,272.350,937.601,122.418,-87.518,10.033,-5.842,8.646,7.116,1.000,0.000,-0.582,0,0.000,1.534,0.778,""
4.820,272.293,937.484,122.591,-87.370,9.810,-5.839,8.446,7.113,1.000,0.000,-0.583,0,0.000,1.453,0.794,""
4.840,272.234,937.366,122.761,-87.222,9.591,-5.837,8.247,7.110,1.000,0.000,-0.584,0,0.000,1.375,0.808,""
4.860,272.174,937.248,122.926,-87.074,9.378,-5.835,8.047,7.107,1.000,0.000,-0.584,0,0.000,1.300,0.823,""
4.880,272.114,937.130,123.086,-86.926,9.169,-5.832,7.848,7.105,1.000,0.000,-0.584,0,0.000,1.228,0.837,""
4.900,272.052,937.013,123.243,-86.778,8.966,-5.830,7.649,7.102,1.000,0.000,-0.583,0,0.000,1.161,0.850,""
4.920,271.989,936.895,123.396,-86.630,8.768,-5.828,7.449,7.099,1.000,0.000,-0.581,0,0.000,1.099,0.863,""
4.940,271.926,936.777,123.544,-86.482,8.575,-5.825,7.250,7.096,1.000,0.000,-0.579,0,0.000,1.042,0.876,""
4.960,271.861,936.660,123.689,-86.333,8.388,-5.823,7.051,7.093,1.000,0.000,-0.577,0,0.000,0.993,0.888,""
4.980,271.795,936.542,123.829,-86.185,8.207,-5.821,6.852,7.090,1.000,0.000,-0.574,0,0.000,0.951,0.899,""
5.000,271.729,936.425,123.965,-86.037,8.032,-5.818,6.654,7.088,1.000,0.000,-0.571,0,0.000,0.918,0.909,""
5.020,271.661,936.307,124.097,-85.888,7.862,-5.816,6.455,7.085,1.000,0.000,-0.568,0,0.000,0.893,0.919,""
5.040,271.592,936.190,124.224,-85.740,7.699,-5.814,6.256,7.082,1.000,0.000,-0.564,0,0.000,0.879,0.928,""
5.060,271.523,936.072,124.348,-85.592,7.541,-5.811,6.057,7.079,1.000,0.000,-0.560,0,0.000,0.874,0.937,""
5.080,271.452,935.955,124.467,-85.443,7.389,-5.809,5.859,7.076,1.000,0.000,-0.557,0,0.000,0.878,0.944,""
5.100,271.380,935.838,124.582,-85.295,7.243,-5.807,5.660,7.073,1.000,0.000,-0.553,0,0.000,0.890,0.952,""
5.120,271.308,935.720,124.693,-85.147,7.103,-5.804,5.462,7.071,1.000,0.000,-0.549,0,0.000,0.910,0.958,""
5.140,271.234,935.603,124.800,-84.999,6.968,-5.802,5.264,7.068,1.000,0.000,-0.545,0,0.000,0.937,0.964,""
5.160,271.160,935.486,124.903,-84.851,6.840,-5.800,5.065,7.065,1.000,0.000,-0.541,0,0.000,0.969,0.969,""
5.180,271.084,935.369,125.002,-84.703,6.716,-5.797,4.867,7.062,1.000,0.000,-0.537,0,0.000,1.005,0.973,""
5.200,271.008,935.252,125.096,-84.556,6.599,-5.795,4.669,7.059,1.000,0.000,-0.533,0,0.000,1.044,0.977,""
5.220,270.930,935.135,125.186,-84.408,6.486,-5.793,4.471,7.056,1.000,0.000,-0.528,0,0.000,1.085,0.980,""
5.240,270.852,935.018,125.273,-84.261,6.379,-5.791,4.273,7.054,1.000,0.000,-0.524,0,0.000,1.127,0.983,""
5.260,270.772,934.901,125.355,-84.114,6.276,-5.788,4.076,7.051,1.000,0.000,-0.520,0,0.000,1.170,0.985,""
5.280,270.710,934.785,125.433,-83.967,6.178,-5.786,3.878,7.048,1.000,0.000,-0.517,0,0.000,1.213,0.986,""
5.300,270.630,934.668,125.506,-83.820,6.085,-5.784,3.680,7.045,1.000,0.000,-0.513,0,0.000,1.256,0.987,""
5.320,270.548,934.551,125.576,-83.673,5.996,-5.781,3.483,7.042,1.000,0.000,-0.509,0,0.000,1.297,0.988,""
5.340,270.465,934.435,125.642,-83.527,5.911,-5.779,3.285,7.040,1.000,0.000,-0.505,0,0.000,1.337,0.988,""
5.360,270.382,934.319,125.704,-83.381,5.829,-5.777,3.088,7.037,1.000,0.000,-0.501,0,0.000,1.375,0.987,""
5.380,270.297,934.202,125.761,-83.235,5.752,-5.774,2.890,7.034,1.000,0.000,-0.497,0,0.000,1.412,0.987,""
5.400,270.212,934.086,125.815,-83.089,5.678,-5.772,2.693,7.031,1.000,0.000,-0.493,0,0.000,1.446,0.986,""
5.420,270.125,933.970,125.864,-82.943,5.606,-5.770,2.496,7.028,1.000,0.000,-0.489,0,0.000,1.478,0.984,""
5.440,270.038,933.854,125.910,-82.798,5.538,-5.767,2.299,7.025,1.000,0.000,-0.485,0,0.000,1.508,0.983,""
5.460,269.949,933.738,125.951,-82.653,5.472,-5.765,2.102,7.023,1.000,0.000,-0.481,0,0.000,1.535,0.981,""
5.480,269.860,933.622,125.989,-82.508,5.408,-5.763,1.905,7.020,1.000,0.000,-0.477,0,0.000,1.559,0.979,""
5.500,269.770,933.506,126.023,-82.364,5.347,-5.760,1.708,7.017,1.000,0.000,-0.473,0,0.000,1.581,0.977,""
5.520,269.679,933.390,126.052,-82.219,5.287,-5.758,1.511,7.014,1.000,0.000,-0.469,0,0.000,1.600,0.975,""
5.540,269.586,933.275,126.078,-82.075,5.229,-5.756,1.314,7.011,1.000,0.000,-0.464,0,0.000,1.617,0.972,""
5.560,269.493,933.159,126.099,-81.931,5.172,-5.754,1.118,7.009,1.000,0.000,-0.461,0,0.000,1.631,0.970,""
5.580,269.399,933.044,126.117,-81.788,5.116,-5.751,0.921,7.006,1.000,0.000,-0.456,0,0.000,1.642,0.967,""
5.600,269.304,932.928,126.131,-81.644,5.061,-5.749,0.725,7.003,1.000,0.000,-0.451,0,0.000,1.651,0.965,""
5.620,269.208,932.813,126.141,-81.501,5.007,-5.747,0.528,7.000,1.000,0.000,-0.446,0,0.000,1.657,0.963,""
5.640,269.111,932.698,126.147,-81.358,4.953,-5.744,0.332,6.997,1.000,0.000,-0.441,0,0.000,1.661,0.960,""
5.660,269.014,932.583,126.149,-81.216,4.899,-5.742,0.136,6.995,1.000,0.000,-0.436,0,0.000,1.662,0.958,""
5.680,268.915,932.468,126.147,-81.073,4.845,-5.740,-0.061,6.992,1.000,0.000,-0.431,0,0.000,1.660,0.956,""
5.700,268.815,932.353,126.141,-80.931,4.791,-5.737,-0.257,6.989,1.000,0.000,-0.426,0,0.000,1.657,0.953,""
5.720,268.714,932.238,126.132,-80.789,4.737,-5.735,-0.453,6.986,1.000,0.000,-0.421,0,0.000,1.651,0.951,""
5.740,268.613,932.123,126.118,-80.647,4.682,-5.733,-0.649,6.983,1.000,0.000,-0.416,0,0.000,1.642,0.949,""
5.760,268.511,932.009,126.101,-80.506,4.627,-5.731,-0.845,6.981,1.000,0.000,-0.411,0,0.000,1.632,0.948,""
5.780,268.428,931.894,126.080,-80.365,4.570,-5.728,-1.040,6.978,1.000,0.000,-0.407,0,0.000,1.619,0.946,""
5.800,268.324,931.780,126.054,-80.224,4.513,-5.726,-1.236,6.975,1.000,0.000,-0.402,0,0.000,1.605,0.945,""
5.820,268.219,931.666,126.025,-80.083,4.454,-5.724,-1.432,6.972,1.000,0.000,-0.397,0,0.000,1.588,0.943,""
5.840,268.113,931.551,125.993,-79.942,4.395,-5.721,-1.627,6.969,1.000,0.000,-0.392,0,0.000,1.570,0.942,""
5.860,268.006,931.437,125.956,-79.802,4.334,-5.719,-1.823,6.967,1.000,0.000,-0.387,0,0.000,1.550,0.941,""
5.880,267.898,931.323,125.915,-79.662,4.271,-5.717,-2.018,6.964,1.000,0.000,-0.383,0,0.000,1.528,0.940,""
5.900,267.789,931.209,125.871,-79.522,4.207,-5.715,-2.213,6.961,1.000,0.000,-0.378,0,0.000,1.505,0.940,""
5.920,267.679,931.095,125.823,-79.382,4.142,-5.712,-2.409,6.958,1.000,0.000,-0.373,0,0.000,1.480,0.939,""
5.940,267.569,930.981,125.770,-79.242,4.075,-5.710,-2.604,6.956,1.000,0.000,-0.369,0,0.000,1.453,0.939,""
5.960,267.457,930.868,125.714,-79.103,4.006,-5.708,-2.799,6.953,1.000,0.000,-0.364,0,0.000,1.426,0.939,""
5.980,267.345,930.754,125.655,-78.964,3.936,-5.705,-2.994,6.950,1.000,0.000,-0.359,0,0.000,1.397,0.939,""
6.000,267.231,930.641,125.591,-78.825,3.864,-5.703,-3.189,6.947,1.000,0.000,-0.356,0,0.000,1.366,0.940,""
6.020,267.117,930.527,125.523,-78.686,3.790,-5.701,-3.384,6.944,1.000,0.000,-0.351,0,0.000,1.335,0.940,""
6.040,267.001,930.414,125.452,-78.548,3.714,-5.699,-3.578,6.942,1.000,0.000,-0.347,0,0.000,1.302,0.941,""
6.060,266.885,930.301,125.377,-78.409,3.637,-5.696,-3.773,6.939,1.000,0.000,-0.342,0,0.000,1.269,0.942,""
6.080,266.768,930.187,125.298,-78.271,3.558,-5.694,-3.968,6.936,1.000,0.000,-0.338,0,0.000,1.234,0.943,""
6.100,266.650,930.074,125.215,-78.133,3.477,-5.692,-4.162,6.933,1.000,0.000,-0.333,0,0.000,1.199,0.944,""
6.120,266.531,929.961,125.128,-77.995,3.395,-5.689,-4.357,6.931,1.000,0.000,-0.329,0,0.000,1.163,0.945,""
6.140,266.411,929.848,125.037,-77.857,3.311,-5.687,-4.551,6.928,1.000,0.000,-0.325,0,0.000,1.126,0.946,""
6.160,266.290,929.736,124.943,-77.719,3.226,-5.685,-4.745,6.925,1.000,0.000,-0.320,0,0.000,1.089,0.948,""
6.180,266.168,929.623,124.844,-77.582,3.139,-5.683,-4.940,6.922,1.000,0.000,-0.316,0,0.000,1.050,0.949,""
6.200,266.059,929.510,124.742,-77.444,3.050,-5.680,-5.134,6.919,1.000,0.000,-0.312,0,0.000,1.012,0.951,""
6.220,265.935,929.398,124.636,-77.307,2.960,-5.678,-5.328,6.917,1.000,0.000,-0.308,0,0.000,0.973,0.952,""
6.240,265.810,929.285,124.526,-77.170,2.869,-5.676,-5.522,6.914,1.000,0.000,-0.303,0,0.000,0.934,0.954,""
6.260,265.684,929.173,124.412,-77.033,2.777,-5.674,-5.716,6.911,1.000,0.000,-0.299,0,0.000,0.894,0.956,""
6.280,265.558,929.060,124.295,-76.897,2.684,-5.671,-5.910,6.908,1.000,0.000,-0.295,0,0.000,0.854,0.958,""
6.300,265.430,928.948,124.173,-76.760,2.589,-5.669,-6.103,6.906,1.000,0.000,-0.290,0,0.000,0.815,0.960,""
6.320,265.302,928.836,124.048,-76.623,2.494,-5.667,-6.297,6.903,1.000,0.000,-0.286,0,0.000,0.775,0.962,""
6.340,265.172,928.724,123.918,-76.487,2.398,-5.664,-6.491,6.900,1.000,0.000,-0.282,0,0.000,0.735,0.964,""
6.360,265.042,928.612,123.785,-76.351,2.301,-5.662,-6.684,6.897,1.000,0.000,-0.279,0,0.000,0.695,0.966,""
6.380,264.910,928.500,123.648,-76.214,2.204,-5.660,-6.878,6.895,1.000,0.000,-0.274,0,0.000,0.655,0.968,""
6.400,264.778,928.388,123.507,-76.078,2.106,-5.658,-7.071,6.892,1.000,0.000,-0.270,0,0.000,0.616,0.970,""
6.420,264.644,928.276,123.363,-75.942,2.008,-5.655,-7.264,6.889,1.000,0.000,-0.266,0,0.000,0.577,0.972,""
6.440,264.510,928.164,123.214,-75.806,1.910,-5.653,-7.457,6.886,1.000,0.000,-0.262,0,0.000,0.539,0.973,""
6.460,264.375,928.053,123.062,-75.671,1.811,-5.651,-7.651,6.884,1.000,0.000,-0.258,0,0.000,0.501,0.975,""
6.480,264.238,927.941,122.905,-75.535,1.713,-5.649,-7.844,6.881,1.000,0.000,-0.254,0,0.000,0.464,0.977,""
6.500,264.101,927.829,122.745,-75.399,1.615,-5.646,-8.037,6.878,1.000,0.000,-0.250,0,0.000,0.428,0.979,""
6.520,263.963,927.718,122.581,-75.264,1.517,-5.644,-8.230,6.875,1.000,0.000,-0.246,0,0.000,0.393,0.981,""
6.540,263.831,927.606,122.413,-75.128,1.419,-5.642,-8.422,6.873,1.000,0.000,-0.242,0,0.000,0.359,0.982,""
6.560,263.691,927.495,122.241,-74.993,1.323,-5.640,-8.615,6.870,1.000,0.000,-0.238,0,0.000,0.327,0.984,""
6.580,263.549,927.384,122.065,-74.858,1.226,-5.637,-8.808,6.867,1.000,0.000,-0.235,0,0.000,0.296,0.985,""
6.600,263.407,927.272,121.886,-74.722,1.131,-5.635,-9.000,6.864,1.000,0.000,-0.231,0,0.000,0.269,0.987,""
6.620,263.264,927.161,121.702,-74.587,1.036,-5.633,-9.193,6.862,1.000,0.000,-0.227,0,0.000,0.244,0.988,""
6.640,263.120,927.050,121.515,-74.452,0.942,-5.631,-9.385,6.859,1.000,0.000,-0.223,0,0.000,0.223,0.990,""
6.660,262.975,926.939,121.324,-74.317,0.849,-5.628,-9.578,6.856,1.000,0.000,-0.219,0,0.000,0.206,0.991,""
6.680,262.828,926.828,121.129,-74.182,0.758,-5.626,-9.770,6.853,1.000,0.000,-0.216,0,0.000,0.195,0.992,"Ground_Mountain_1_1:(-0.264, 0.964, -0.022);Ground_Mountain_1_1:(-0.264, 0.964, -0.022);"
6.700,262.681,926.706,120.948,-74.061,1.371,-5.714,-9.016,6.216,1.000,0.000,-0.213,2,22.500,6.766,0.992,"Ground_Mountain_1_1:(-0.263, 0.965, -0.022);Ground_Mountain_1_1:(-0.263, 0.965, -0.022);Ground_Mountain_1_1:(-0.263, 0.965, -0.022);Ground_Mountain_1_1:(-0.263, 0.965, -0.022);Ground_Mountain_1_1:(-0.263, 0.965, -0.022);Ground_Mountain_1_1:(-0.263, 0.965, -0.022);"
6.720,262.527,926.568,120.797,-73.970,2.696,-5.944,-7.524,5.203,1.000,0.000,-0.209,2,22.500,3.582,0.989,"Ground_Mountain_1_1:(-0.263, 0.965, -0.022);Ground_Mountain_1_1:(-0.263, 0.965, -0.022);Ground_Mountain_1_1:(-0.263, 0.965, -0.022);Ground_Mountain_1_1:(-0.263, 0.965, -0.022);Ground_Mountain_1_1:(-0.263, 0.965, -0.022);Ground_Mountain_1_1:(-0.263, 0.965, -0.022);"
6.740,262.362,926.429,120.661,-73.892,3.545,-6.033,-6.645,4.524,1.000,0.000,-0.209,4,44.434,21.001,0.979,"Ground_Mountain_1_1:(-0.264, 0.964, -0.023);Ground_Mountain_1_1:(-0.264, 0.964, -0.023);Ground_Mountain_1_1:(-0.264, 0.964, -0.023);Ground_Mountain_1_1:(-0.264, 0.964, -0.023);Ground_Mountain_1_1:(-0.264, 0.964, -0.023);Ground_Mountain_1_1:(-0.264, 0.964, -0.023);"
6.760,262.199,926.291,120.549,-73.825,4.151,-6.184,-5.453,3.799,1.000,0.000,-0.209,4,41.360,22.318,0.968,"Ground_Mountain_1_1:(-0.264, 0.964, -0.023);Ground_Mountain_1_1:(-0.264, 0.964, -0.023);Ground_Mountain_1_1:(-0.264, 0.964, -0.023);Ground_Mountain_1_1:(-0.264, 0.964, -0.023);Ground_Mountain_1_1:(-0.264, 0.964, -0.023);Ground_Mountain_1_1:(-0.264, 0.964, -0.023);"
6.780,262.042,926.158,120.499,-73.769,4.280,-6.519,-2.482,2.877,1.000,0.000,-0.210,4,39.358,18.279,0.965,"Ground_Mountain_1_1:(-0.264, 0.964, -0.023);Ground_Mountain_1_1:(-0.264, 0.964, -0.023);Ground_Mountain_1_1:(-0.264, 0.964, -0.023);Ground_Mountain_1_1:(-0.264, 0.964, -0.023);Ground_Mountain_1_1:(-0.264, 0.964, -0.023);Ground_Mountain_1_1:(-0.264, 0.964, -0.023);"
6.800,261.905,926.025,120.460,-73.726,4.615,-6.625,-1.911,2.174,1.000,0.000,-0.210,4,30.113,3.631,0.964,"Ground_Mountain_1_1:(-0.264, 0.964, -0.023);Ground_Mountain_1_1:(-0.264, 0.964, -0.023);Ground_Mountain_1_1:(-0.264, 0.964, -0.023);Ground_Mountain_1_1:(-0.264, 0.964, -0.023);Ground_Mountain_1_1:(-0.264, 0.964, -0.023);Ground_Mountain_1_1:(-0.264, 0.964, -0.023);"
6.820,261.771,925.890,120.428,-73.697,4.965,-6.692,-1.614,1.488,1.000,0.000,-0.211,4,25.467,0.740,0.964,"Ground_Mountain_1_1:(-0.264, 0.964, -0.023);Ground_Mountain_1_1:(-0.264, 0.964, -0.023);Ground_Mountain_1_1:(-0.264, 0.964, -0.023);Ground_Mountain_1_1:(-0.264, 0.964, -0.023);Ground_Mountain_1_1:(-0.264, 0.964, -0.023);Ground_Mountain_1_1:(-0.264, 0.964, -0.023);"
6.840,261.636,925.755,120.400,-73.681,5.308,-6.742,-1.371,0.805,1.000,0.000,-0.211,4,22.604,0.612,0.964,"Ground_Mountain_1_1:(-0.264, 0.964, -0.023);Ground_Mountain_1_1:(-0.264, 0.964, -0.023);Ground_Mountain_1_1:(-0.264, 0.964, -0.023);Ground_Mountain_1_1:(-0.264, 0.964, -0.023);Ground_Mountain_1_1:(-0.264, 0.964, -0.023);Ground_Mountain_1_1:(-0.264, 0.964, -0.023);"
6.860,261.507,925.620,120.377,-73.679,5.647,-6.774,-1.181,0.125,1.000,0.000,-0.212,4,19.868,0.498,0.963,"Ground_Mountain_1_1:(-0.264, 0.964, -0.023);Ground_Mountain_1_1:(-0.264, 0.964, -0.023);Ground_Mountain_1_1:(-0.264, 0.964, -0.023);Ground_Mountain_1_1:(-0.264, 0.964, -0.023);Ground_Mountain_1_1:(-0.264, 0.964, -0.023);Ground_Mountain_1_1:(-0.264, 0.964, -0.023);"
6.880,261.371,925.484,120.356,-73.690,5.983,-6.789,-1.039,-0.553,1.000,0.000,-0.210,4,17.308,0.396,0.963,"Ground_Mountain_1_1:(-0.264, 0.964, -0.023);Ground_Mountain_1_1:(-0.264, 0.964, -0.023);Ground_Mountain_1_1:(-0.264, 0.964, -0.023);Ground_Mountain_1_1:(-0.264, 0.964, -0.023);Ground_Mountain_1_1:(-0.264, 0.964, -0.023);Ground_Mountain_1_1:(-0.264, 0.964, -0.023);"
6.900,261.234,925.348,120.337,-73.714,6.317,-6.788,-0.941,-1.228,1.000,0.000,-0.208,4,14.966,0.312,0.963,"Ground_Mountain_1_1:(-0.264, 0.964, -0.023);Ground_Mountain_1_1:(-0.264, 0.964, -0.023);Ground_Mountain_1_1:(-0.264, 0.964, -0.023);Ground_Mountain_1_1:(-0.264, 0.964, -0.023);Ground_Mountain_1_1:(-0.264, 0.964, -0.023);Ground_Mountain_1_1:(-0.264, 0.964, -0.023);"
6.920,261.096,925.212,120.319,-73.752,6.651,-6.771,-0.882,-1.900,1.000,0.000,-0.205,4,12.867,0.235,0.963,"Ground_Mountain_1_1:(-0.264, 0.964, -0.023);Ground_Mountain_1_1:(-0.264, 0.964, -0.023);Ground_Mountain_1_1:(-0.264, 0.964, -0.023);Ground_Mountain_1_1:(-0.264, 0.964, -0.023);Ground_Mountain_1_1:(-0.264, 0.964, -0.023);Ground_Mountain_1_1:(-0.264, 0.964, -0.023);"
6.940,260.958,925.076,120.302,-73.802,6.984,-6.799,-0.871,-2.479,1.000,0.000,-0.204,4,11.026,0.170,0.963,"Ground_Mountain_1_1:(-0.264, 0.964, -0.023);Ground_Mountain_1_1:(-0.264, 0.964, -0.023);Ground_Mountain_1_1:(-0.264, 0.964, -0.023);Ground_Mountain_1_1:(-0.264, 0.964, -0.023);Ground_Mountain_1_1:(-0.264, 0.964, -0.023);Ground_Mountain_1_1:(-0.264, 0.964, -0.023);"
6.960,260.819,924.939,120.284,-73.861,7.316,-6.865,-0.902,-2.978,1.000,0.000,-0.202,4,9.449,0.115,0.963,"Ground_Mountain_1_1:(-0.263, 0.964, -0.024);Ground_Mountain_1_1:(-0.263, 0.964, -0.024);Ground_Mountain_1_1:(-0.263, 0.964, -0.024);Ground_Mountain_1_1:(-0.263, 0.964, -0.024);Ground_Mountain_1_1:(-0.263, 0.964, -0.024);Ground_Mountain_1_1:(-0.263, 0.964, -0.024);"
6.980,260.677,924.800,120.265,-73.930,7.647,-6.959,-0.967,-3.416,1.000,0.000,-0.199,4,8.132,0.063,0.963,"Ground_Mountain_1_1:(-0.264, 0.964, -0.024);Ground_Mountain_1_1:(-0.264, 0.964, -0.024);Ground_Mountain_1_1:(-0.264, 0.964, -0.024);Ground_Mountain_1_1:(-0.264, 0.964, -0.024);Ground_Mountain_1_1:(-0.264, 0.964, -0.024);Ground_Mountain_1_1:(-0.264, 0.964, -0.024);"
7.000,260.532,924.659,120.243,-74.006,7.976,-7.073,-1.057,-3.807,1.000,0.000,-0.196,4,7.071,0.036,0.963,"Ground_Mountain_1_1:(-0.264, 0.964, -0.024);Ground_Mountain_1_1:(-0.264, 0.964, -0.024);Ground_Mountain_1_1:(-0.264, 0.964, -0.024);Ground_Mountain_1_1:(-0.264, 0.964, -0.024);Ground_Mountain_1_1:(-0.264, 0.964, -0.024);Ground_Mountain_1_1:(-0.264, 0.964, -0.024);"
7.020,260.385,924.515,120.220,-74.089,8.304,-7.203,-1.168,-4.164,1.000,0.000,-0.193,4,6.247,0.007,0.963,"Ground_Mountain_1_1:(-0.264, 0.964, -0.024);Ground_Mountain_1_1:(-0.264, 0.964, -0.024);Ground_Mountain_1_1:(-0.264, 0.964, -0.024);Ground_Mountain_1_1:(-0.264, 0.964, -0.024);Ground_Mountain_1_1:(-0.264, 0.964, -0.024);Ground_Mountain_1_1:(-0.264, 0.964, -0.024);"
7.040,260.233,924.368,120.194,-74.179,8.630,-7.343,-1.294,-4.495,1.000,0.000,-0.191,4,5.644,0.018,0.963,"Ground_Mountain_1_1:(-0.264, 0.964, -0.024);Ground_Mountain_1_1:(-0.264, 0.964, -0.024);Ground_Mountain_1_1:(-0.264, 0.964, -0.024);Ground_Mountain_1_1:(-0.264, 0.964, -0.024);Ground_Mountain_1_1:(-0.264, 0.964, -0.024);Ground_Mountain_1_1:(-0.264, 0.964, -0.024);"
7.060,260.078,924.218,120.166,-74.275,8.954,-7.490,-1.430,-4.806,1.000,0.000,-0.187,4,5.241,0.034,0.963,"Ground_Mountain_1_1:(-0.264, 0.964, -0.023);Ground_Mountain_1_1:(-0.264, 0.964, -0.023);Ground_Mountain_1_1:(-0.264, 0.964, -0.023);Ground_Mountain_1_1:(-0.264, 0.964, -0.023);Ground_Mountain_1_1:(-0.264, 0.964, -0.023);Ground_Mountain_1_1:(-0.264, 0.964, -0.023);"
7.080,259.918,924.065,120.134,-74.377,9.276,-7.642,-1.571,-5.103,1.000,0.000,-0.184,4,5.014,0.046,0.964,"Ground_Mountain_1_1:(-0.263, 0.964, -0.024);Ground_Mountain_1_1:(-0.263, 0.964, -0.024);Ground_Mountain_1_1:(-0.263, 0.964, -0.024);Ground_Mountain_1_1:(-0.263, 0.964, -0.024);Ground_Mountain_1_1:(-0.263, 0.964, -0.024);Ground_Mountain_1_1:(-0.263, 0.964, -0.024);"
7.100,259.754,923.910,120.100,-74.485,9.596,-7.796,-1.714,-5.391,1.000,0.000,-0.182,4,4.944,0.045,0.964,"Ground_Mountain_1_1:(-0.263, 0.964, -0.024);Ground_Mountain_1_1:(-0.263, 0.964, -0.024);Ground_Mountain_1_1:(-0.263, 0.964, -0.024);Ground_Mountain_1_1:(-0.263, 0.964, -0.024);Ground_Mountain_1_1:(-0.263, 0.964, -0.024);Ground_Mountain_1_1:(-0.263, 0.964, -0.024);"
7.120,259.586,923.751,120.063,-74.598,9.913,-7.952,-1.856,-5.671,1.000,0.000,-0.178,4,5.005,0.051,0.964,"Ground_Mountain_1_1:(-0.263, 0.964, -0.024);Ground_Mountain_1_1:(-0.263, 0.964, -0.024);Ground_Mountain_1_1:(-0.263, 0.964, -0.024);Ground_Mountain_1_1:(-0.263, 0.964, -0.024);Ground_Mountain_1_1:(-0.263, 0.964, -0.024);Ground_Mountain_1_1:(-0.263, 0.964, -0.024);"
7.140,259.414,923.589,120.023,-74.717,10.228,-8.109,-1.995,-5.948,1.000,0.000,-0.174,4,5.174,0.054,0.964,"Ground_Mountain_1_1:(-0.263, 0.964, -0.024);Ground_Mountain_1_1:(-0.263, 0.964, -0.024);Ground_Mountain_1_1:(-0.263, 0.964, -0.024);"
7.160,259.244,923.423,119.981,-74.841,10.541,-8.264,-2.128,-6.221,1.000,0.000,-0.171,4,5.426,0.056,0.964,"Ground_Mountain_1_1:(-0.263, 0.964, -0.024);"
7.180,259.063,923.255,119.935,-74.971,10.851,-8.419,-2.254,-6.494,1.000,0.000,-0.167,4,5.741,0.066,0.964,"Ground_Mountain_1_1:(-0.263, 0.964, -0.024);Ground_Mountain_1_1:(-0.263, 0.964, -0.024);"
7.200,258.878,923.084,119.888,-75.107,11.159,-8.572,-2.372,-6.766,1.000,0.000,-0.163,4,6.101,0.064,0.964,"Ground_Mountain_1_1:(-0.263, 0.964, -0.024);Ground_Mountain_1_1:(-0.263, 0.964, -0.024);Ground_Mountain_1_1:(-0.263, 0.964, -0.024);Ground_Mountain_1_1:(-0.263, 0.964, -0.024);Ground_Mountain_1_1:(-0.263, 0.964, -0.024);Ground_Mountain_1_1:(-0.263, 0.964, -0.024);"
7.220,258.689,922.909,119.838,-75.247,11.465,-8.722,-2.481,-7.039,1.000,0.000,-0.158,4,6.490,0.057,0.964,"Ground_Mountain_1_1:(-0.263, 0.965, -0.024);Ground_Mountain_1_1:(-0.263, 0.965, -0.024);Ground_Mountain_1_1:(-0.263, 0.965, -0.024);Ground_Mountain_1_1:(-0.263, 0.965, -0.024);Ground_Mountain_1_1:(-0.263, 0.965, -0.024);Ground_Mountain_1_1:(-0.263, 0.965, -0.024);"
7.240,258.496,922.732,119.787,-75.394,11.768,-8.871,-2.582,-7.313,1.000,0.000,-0.155,4,6.894,0.054,0.964,"Ground_Mountain_1_1:(-0.263, 0.965, -0.024);Ground_Mountain_1_1:(-0.263, 0.965, -0.024);Ground_Mountain_1_1:(-0.263, 0.965, -0.024);Ground_Mountain_1_1:(-0.263, 0.965, -0.024);Ground_Mountain_1_1:(-0.263, 0.965, -0.024);Ground_Mountain_1_1:(-0.263, 0.965, -0.024);"
7.260,258.299,922.552,119.733,-75.545,12.069,-9.016,-2.673,-7.588,1.000,0.000,-0.151,4,7.307,0.034,0.964,"Ground_Mountain_1_1:(-0.262, 0.965, -0.024);Ground_Mountain_1_1:(-0.262, 0.965, -0.024);Ground_Mountain_1_1:(-0.262, 0.965, -0.024);Ground_Mountain_1_1:(-0.262, 0.965, -0.024);Ground_Mountain_1_1:(-0.262, 0.965, -0.024);Ground_Mountain_1_1:(-0.262, 0.965, -0.024);"
7.280,258.098,922.369,119.678,-75.703,12.367,-9.158,-2.755,-7.865,1.000,0.000,-0.146,4,7.715,0.035,0.964,"Ground_Mountain_1_1:(-0.262, 0.965, -0.024);Ground_Mountain_1_1:(-0.262, 0.965, -0.024);Ground_Mountain_1_1:(-0.262, 0.965, -0.024);Ground_Mountain_1_1:(-0.262, 0.965, -0.024);Ground_Mountain_1_1:(-0.262, 0.965, -0.024);Ground_Mountain_1_1:(-0.262, 0.965, -0.024);"
7.300,257.894,922.183,119.622,-75.865,12.663,-9.297,-2.828,-8.143,1.000,0.000,-0.141,4,8.097,0.038,0.964,"Ground_Mountain_1_1:(-0.262, 0.965, -0.024);Ground_Mountain_1_1:(-0.262, 0.965, -0.024);Ground_Mountain_1_1:(-0.262, 0.965, -0.024);Ground_Mountain_1_1:(-0.262, 0.965, -0.024);Ground_Mountain_1_1:(-0.262, 0.965, -0.024);Ground_Mountain_1_1:(-0.262, 0.965, -0.024);"
7.320,257.687,921.994,119.564,-76.034,12.957,-9.433,-2.892,-8.423,1.000,0.000,-0.136,4,8.449,0.039,0.964,"Ground_Mountain_1_1:(-0.261, 0.965, -0.024);Ground_Mountain_1_1:(-0.261, 0.965, -0.024);Ground_Mountain_1_1:(-0.261, 0.965, -0.024);Ground_Mountain_1_1:(-0.261, 0.965, -0.024);Ground_Mountain_1_1:(-0.261, 0.965, -0.024);Ground_Mountain_1_1:(-0.261, 0.965, -0.024);"
7.340,257.475,921.803,119.505,-76.208,13.248,-9.564,-2.949,-8.705,1.000,0.000,-0.131,4,8.773,0.024,0.964,"Ground_Mountain_1_1:(-0.261, 0.965, -0.024);Ground_Mountain_1_1:(-0.261, 0.965, -0.024);Ground_Mountain_1_1:(-0.261, 0.965, -0.024);Ground_Mountain_1_1:(-0.261, 0.965, -0.024);Ground_Mountain_1_1:(-0.261, 0.965, -0.024);Ground_Mountain_1_1:(-0.261, 0.965, -0.024);"
7.360,257.261,921.609,119.445,-76.388,13.538,-9.692,-2.999,-8.987,1.000,0.000,-0.126,4,9.068,0.021,0.964,"Ground_Mountain_1_1:(-0.261, 0.965, -0.024);Ground_Mountain_1_1:(-0.261, 0.965, -0.024);Ground_Mountain_1_1:(-0.261, 0.965, -0.024);Ground_Mountain_1_1:(-0.261, 0.965, -0.024);Ground_Mountain_1_1:(-0.261, 0.965, -0.024);Ground_Mountain_1_1:(-0.261, 0.965, -0.024);"
7.380,257.046,921.413,119.384,-76.573,13.825,-9.817,-3.043,-9.271,1.000,0.000,-0.122,4,9.333,0.014,0.965,"Ground_Mountain_1_1:(-0.261, 0.965, -0.024);Ground_Mountain_1_1:(-0.261, 0.965, -0.024);Ground_Mountain_1_1:(-0.261, 0.965, -0.024);Ground_Mountain_1_1:(-0.261, 0.965, -0.024);Ground_Mountain_1_1:(-0.261, 0.965, -0.024);Ground_Mountain_1_1:(-0.261, 0.965, -0.024);"
7.400,256.825,921.214,119.323,-76.764,14.110,-9.937,-3.080,-9.556,1.000,0.000,-0.117,4,9.563,0.020,0.965,"Ground_Mountain_1_1:(-0.261, 0.965, -0.024);Ground_Mountain_1_1:(-0.261, 0.965, -0.024);Ground_Mountain_1_1:(-0.261, 0.965, -0.024);Ground_Mountain_1_1:(-0.261, 0.965, -0.024);Ground_Mountain_1_1:(-0.261, 0.965, -0.024);Ground_Mountain_1_1:(-0.261, 0.965, -0.024);"
7.420,256.600,921.013,119.260,-76.961,14.392,-10.054,-3.113,-9.841,1.000,0.000,-0.111,4,9.748,0.028,0.965,"Ground_Mountain_1_1:(-0.261, 0.965, -0.024);Ground_Mountain_1_1:(-0.261, 0.965, -0.024);Ground_Mountain_1_1:(-0.261, 0.965, -0.024);Ground_Mountain_1_1:(-0.261, 0.965, -0.024);Ground_Mountain_1_1:(-0.261, 0.965, -0.024);Ground_Mountain_1_1:(-0.261, 0.965, -0.024);"
7.440,256.373,920.810,119.197,-77.164,14.673,-10.167,-3.142,-10.126,1.000,0.000,-0.105,4,9.895,0.029,0.965,"Ground_Mountain_1_1:(-0.260, 0.965, -0.024);Ground_Mountain_1_1:(-0.260, 0.965, -0.024);Ground_Mountain_1_1:(-0.260, 0.965, -0.024);Ground_Mountain_1_1:(-0.260, 0.965, -0.024);Ground_Mountain_1_1:(-0.260, 0.965, -0.024);Ground_Mountain_1_1:(-0.260, 0.965, -0.024);"
7.460,256.143,920.604,119.134,-77.372,14.952,-10.276,-3.168,-10.412,1.000,0.000,-0.100,4,10.013,0.020,0.965,"Ground_Mountain_1_1:(-0.260, 0.965, -0.024);Ground_Mountain_1_1:(-0.260, 0.965, -0.024);Ground_Mountain_1_1:(-0.260, 0.965, -0.024);Ground_Mountain_1_1:(-0.260, 0.965, -0.024);Ground_Mountain_1_1:(-0.260, 0.965, -0.024);Ground_Mountain_1_1:(-0.260, 0.965, -0.024);"
7.480,255.910,920.397,119.070,-77.586,15.229,-10.383,-3.190,-10.697,1.000,0.000,-0.094,4,10.119,0.013,0.965,"Ground_Mountain_1_1:(-0.259, 0.966, -0.024);Ground_Mountain_1_1:(-0.259, 0.966, -0.024);Ground_Mountain_1_1:(-0.259, 0.966, -0.024);Ground_Mountain_1_1:(-0.259, 0.966, -0.024);Ground_Mountain_1_1:(-0.259, 0.966, -0.024);Ground_Mountain_1_1:(-0.259, 0.966, -0.024);"
7.500,255.675,920.187,119.006,-77.805,15.504,-10.486,-3.210,-10.982,1.000,0.000,-0.089,4,10.191,0.011,0.965,"Ground_Mountain_1_1:(-0.259, 0.966, -0.024);Ground_Mountain_1_1:(-0.259, 0.966, -0.024);Ground_Mountain_1_1:(-0.259, 0.966, -0.024);Ground_Mountain_1_1:(-0.259, 0.966, -0.024);Ground_Mountain_1_1:(-0.259, 0.966, -0.024);Ground_Mountain_1_1:(-0.259, 0.966, -0.024);"
7.520,255.437,919.975,118.942,-78.031,15.777,-10.586,-3.228,-11.265,1.000,0.000,-0.083,4,10.228,0.019,0.965,"Ground_Mountain_1_1:(-0.259, 0.966, -0.024);Ground_Mountain_1_1:(-0.259, 0.966, -0.024);Ground_Mountain_1_1:(-0.259, 0.966, -0.024);Ground_Mountain_1_1:(-0.259, 0.966, -0.024);Ground_Mountain_1_1:(-0.259, 0.966, -0.024);Ground_Mountain_1_1:(-0.259, 0.966, -0.024);"
7.540,255.196,919.762,118.877,-78.262,16.048,-10.683,-3.245,-11.547,1.000,0.000,-0.077,4,10.241,0.024,0.965,"Ground_Mountain_1_1:(-0.258, 0.966, -0.025);Ground_Mountain_1_1:(-0.258, 0.966, -0.025);Ground_Mountain_1_1:(-0.258, 0.966, -0.025);Ground_Mountain_1_1:(-0.258, 0.966, -0.025);Ground_Mountain_1_1:(-0.258, 0.966, -0.025);Ground_Mountain_1_1:(-0.258, 0.966, -0.025);"
7.560,254.953,919.546,118.812,-78.498,16.317,-10.778,-3.262,-11.828,1.000,0.000,-0.070,4,10.247,0.019,0.965,"Ground_Mountain_1_1:(-0.258, 0.966, -0.025);Ground_Mountain_1_1:(-0.258, 0.966, -0.025);Ground_Mountain_1_1:(-0.258, 0.966, -0.025);Ground_Mountain_1_1:(-0.258, 0.966, -0.025);Ground_Mountain_1_1:(-0.258, 0.966, -0.025);Ground_Mountain_1_1:(-0.258, 0.966, -0.025);"
7.580,254.705,919.329,118.746,-78.740,16.585,-10.871,-3.278,-12.107,1.000,0.000,-0.064,4,10.250,0.009,0.965,"Ground_Mountain_1_1:(-0.258, 0.966, -0.025);Ground_Mountain_1_1:(-0.258, 0.966, -0.025);Ground_Mountain_1_1:(-0.258, 0.966, -0.025);Ground_Mountain_1_1:(-0.258, 0.966, -0.025);Ground_Mountain_1_1:(-0.258, 0.966, -0.025);Ground_Mountain_1_1:(-0.258, 0.966, -0.025);"
7.600,254.457,919.110,118.680,-78.988,16.851,-10.963,-3.294,-12.383,1.000,0.000,-0.057,4,10.230,0.018,0.965,"Ground_Mountain_1_1:(-0.258, 0.966, -0.025);Ground_Mountain_1_1:(-0.258, 0.966, -0.025);Ground_Mountain_1_1:(-0.258, 0.966, -0.025);Ground_Mountain_1_1:(-0.258, 0.966, -0.025);Ground_Mountain_1_1:(-0.258, 0.966, -0.025);Ground_Mountain_1_1:(-0.258, 0.966, -0.025);"
7.620,254.206,918.889,118.614,-79.241,17.115,-11.054,-3.310,-12.657,1.000,0.000,-0.052,4,10.194,0.026,0.965,"Ground_Mountain_1_1:(-0.257, 0.966, -0.025);Ground_Mountain_1_1:(-0.257, 0.966, -0.025);Ground_Mountain_1_1:(-0.257, 0.966, -0.025);Ground_Mountain_1_1:(-0.257, 0.966, -0.025);Ground_Mountain_1_1:(-0.257, 0.966, -0.025);Ground_Mountain_1_1:(-0.257, 0.966, -0.025);"
7.640,253.953,918.666,118.547,-79.500,17.378,-11.144,-3.327,-12.927,1.000,0.000,-0.045,4,10.148,0.017,0.965,"Ground_Mountain_1_1:(-0.257, 0.966, -0.025);Ground_Mountain_1_1:(-0.257, 0.966, -0.025);Ground_Mountain_1_1:(-0.257, 0.966, -0.025);Ground_Mountain_1_1:(-0.257, 0.966, -0.025);Ground_Mountain_1_1:(-0.257, 0.966, -0.025);Ground_Mountain_1_1:(-0.257, 0.966, -0.025);"
7.660,253.698,918.441,118.481,-79.764,17.639,-11.235,-3.345,-13.194,1.000,0.000,-0.038,4,10.121,0.016,0.965,"Ground_Mountain_1_1:(-0.255, 0.967, -0.025);Ground_Mountain_1_1:(-0.255, 0.967, -0.025);Ground_Mountain_1_1:(-0.255, 0.967, -0.025);Ground_Mountain_1_1:(-0.255, 0.967, -0.025);Ground_Mountain_1_1:(-0.255, 0.967, -0.025);Ground_Mountain_1_1:(-0.255, 0.967, -0.025);"
7.680,253.440,918.215,118.413,-80.033,17.898,-11.326,-3.363,-13.458,1.000,0.000,-0.031,4,10.085,0.026,0.965,"Ground_Mountain_1_1:(-0.254, 0.967, -0.025);Ground_Mountain_1_1:(-0.254, 0.967, -0.025);Ground_Mountain_1_1:(-0.254, 0.967, -0.025);Ground_Mountain_1_1:(-0.254, 0.967, -0.025);Ground_Mountain_1_1:(-0.254, 0.967, -0.025);Ground_Mountain_1_1:(-0.254, 0.967, -0.025);"
7.700,253.180,917.987,118.346,-80.307,18.156,-11.418,-3.383,-13.717,1.000,0.000,-0.024,4,10.029,0.033,0.966,"Ground_Mountain_1_1:(-0.254, 0.967, -0.025);Ground_Mountain_1_1:(-0.254, 0.967, -0.025);Ground_Mountain_1_1:(-0.254, 0.967, -0.025);Ground_Mountain_1_1:(-0.254, 0.967, -0.025);Ground_Mountain_1_1:(-0.254, 0.967, -0.025);Ground_Mountain_1_1:(-0.254, 0.967, -0.025);"
7.720,252.918,917.757,118.278,-80.587,18.413,-11.512,-3.404,-13.972,1.000,0.000,-0.017,4,9.968,0.041,0.966,"Ground_Mountain_1_1:(-0.253, 0.967, -0.025);Ground_Mountain_1_1:(-0.253, 0.967, -0.025);Ground_Mountain_1_1:(-0.253, 0.967, -0.025);Ground_Mountain_1_1:(-0.253, 0.967, -0.025);Ground_Mountain_1_1:(-0.253, 0.967, -0.025);Ground_Mountain_1_1:(-0.253, 0.967, -0.025);"
7.740,252.653,917.524,118.209,-80.871,18.668,-11.608,-3.427,-14.221,1.000,0.000,-0.012,4,9.924,0.024,0.966,"Ground_Mountain_1_1:(-0.253, 0.967, -0.025);Ground_Mountain_1_1:(-0.253, 0.967, -0.025);Ground_Mountain_1_1:(-0.253, 0.967, -0.025);Ground_Mountain_1_1:(-0.253, 0.967, -0.025);Ground_Mountain_1_1:(-0.253, 0.967, -0.025);Ground_Mountain_1_1:(-0.253, 0.967, -0.025);"
7.760,252.376,917.290,118.140,-81.160,18.921,-11.707,-3.451,-14.466,1.000,0.000,-0.004,4,9.912,0.012,0.966,"Ground_Mountain_1_1:(-0.252, 0.967, -0.025);Ground_Mountain_1_1:(-0.252, 0.967, -0.025);Ground_Mountain_1_1:(-0.252, 0.967, -0.025);Ground_Mountain_1_1:(-0.252, 0.967, -0.025);Ground_Mountain_1_1:(-0.252, 0.967, -0.025);Ground_Mountain_1_1:(-0.252, 0.967, -0.025);"
7.780,252.105,917.054,118.071,-81.455,19.173,-11.811,-3.476,-14.705,1.000,0.000,0.003,4,9.891,0.013,0.966,"Ground_Mountain_1_1:(-0.252, 0.967, -0.025);Ground_Mountain_1_1:(-0.252, 0.967, -0.025);Ground_Mountain_1_1:(-0.252, 0.967, -0.025);Ground_Mountain_1_1:(-0.252, 0.967, -0.025);Ground_Mountain_1_1:(-0.252, 0.967, -0.025);Ground_Mountain_1_1:(-0.252, 0.967, -0.025);"
7.800,251.832,916.816,118.001,-81.753,19.424,-11.918,-3.502,-14.938,1.000,0.000,0.010,4,9.863,0.030,0.966,"Ground_Mountain_1_1:(-0.251, 0.968, -0.025);Ground_Mountain_1_1:(-0.251, 0.968, -0.025);Ground_Mountain_1_1:(-0.251, 0.968, -0.025);Ground_Mountain_1_1:(-0.251, 0.968, -0.025);Ground_Mountain_1_1:(-0.251, 0.968, -0.025);Ground_Mountain_1_1:(-0.251, 0.968, -0.025);"
7.820,251.557,916.576,117.930,-82.057,19.673,-12.030,-3.530,-15.165,1.000,0.000,0.018,4,9.846,0.023,0.966,"Ground_Mountain_1_1:(-0.250, 0.968, -0.026);Ground_Mountain_1_1:(-0.250, 0.968, -0.026);Ground_Mountain_1_1:(-0.250, 0.968, -0.026);Ground_Mountain_1_1:(-0.250, 0.968, -0.026);Ground_Mountain_1_1:(-0.250, 0.968, -0.026);Ground_Mountain_1_1:(-0.250, 0.968, -0.026);"
7.840,251.278,916.333,117.859,-82.364,19.921,-12.148,-3.559,-15.385,1.000,0.000,0.023,4,9.849,0.016,0.966,"Ground_Mountain_1_1:(-0.249, 0.968, -0.026);Ground_Mountain_1_1:(-0.249, 0.968, -0.026);Ground_Mountain_1_1:(-0.249, 0.968, -0.026);Ground_Mountain_1_1:(-0.249, 0.968, -0.026);Ground_Mountain_1_1:(-0.249, 0.968, -0.026);Ground_Mountain_1_1:(-0.249, 0.968, -0.026);"
7.860,250.997,916.088,117.787,-82.676,20.167,-12.273,-3.589,-15.597,1.000,0.000,0.031,4,9.855,0.033,0.967,"Ground_Mountain_1_1:(-0.248, 0.968, -0.026);Ground_Mountain_1_1:(-0.248, 0.968, -0.026);Ground_Mountain_1_1:(-0.248, 0.968, -0.026);Ground_Mountain_1_1:(-0.248, 0.968, -0.026);Ground_Mountain_1_1:(-0.248, 0.968, -0.026);Ground_Mountain_1_1:(-0.248, 0.968, -0.026);"
7.880,250.713,915.840,117.715,-82.992,20.411,-12.404,-3.621,-15.802,1.000,0.000,0.038,4,9.853,0.050,0.967,"Ground_Mountain_1_1:(-0.248, 0.968, -0.028);Ground_Mountain_1_1:(-0.248, 0.968, -0.028);Ground_Mountain_1_1:(-0.248, 0.968, -0.028);Ground_Mountain_1_1:(-0.248, 0.968, -0.028);Ground_Mountain_1_1:(-0.248, 0.968, -0.028);Ground_Mountain_1_1:(-0.248, 0.968, -0.028);"
7.900,250.407,915.589,117.642,-83.312,20.654,-12.542,-3.655,-15.999,1.000,0.000,0.046,4,9.849,0.031,0.967,"Ground_Mountain_1_1:(-0.247, 0.969, -0.026);Ground_Mountain_1_1:(-0.247, 0.969, -0.026);Ground_Mountain_1_1:(-0.247, 0.969, -0.026);Ground_Mountain_1_1:(-0.247, 0.969, -0.026);Ground_Mountain_1_1:(-0.247, 0.969, -0.026);Ground_Mountain_1_1:(-0.247, 0.969, -0.026);"
7.920,250.115,915.335,117.568,-83.636,20.896,-12.689,-3.690,-16.187,1.000,0.000,0.053,4,9.858,0.033,0.967,"Ground_Mountain_1_1:(-0.246, 0.969, -0.026);Ground_Mountain_1_1:(-0.246, 0.969, -0.026);Ground_Mountain_1_1:(-0.246, 0.969, -0.026);Ground_Mountain_1_1:(-0.246, 0.969, -0.026);Ground_Mountain_1_1:(-0.246, 0.969, -0.026);Ground_Mountain_1_1:(-0.246, 0.969, -0.026);"
7.940,249.821,915.079,117.493,-83.963,21.136,-12.844,-3.728,-16.367,1.000,0.000,0.059,4,9.849,0.045,0.967,"Ground_Mountain_1_1:(-0.247, 0.969, -0.027);Ground_Mountain_1_1:(-0.247, 0.969, -0.027);Ground_Mountain_1_1:(-0.247, 0.969, -0.027);Ground_Mountain_1_1:(-0.247, 0.969, -0.027);Ground_Mountain_1_1:(-0.247, 0.969, -0.027);Ground_Mountain_1_1:(-0.247, 0.969, -0.027);"
7.960,249.522,914.819,117.418,-84.294,21.374,-13.008,-3.767,-16.537,1.000,0.000,0.066,4,9.836,0.061,0.967,"Ground_Mountain_1_1:(-0.244, 0.969, -0.026);Ground_Mountain_1_1:(-0.244, 0.969, -0.026);Ground_Mountain_1_1:(-0.244, 0.969, -0.026);Ground_Mountain_1_1:(-0.244, 0.969, -0.026);Ground_Mountain_1_1:(-0.244, 0.969, -0.026);Ground_Mountain_1_1:(-0.244, 0.969, -0.026);"
7.980,249.220,914.555,117.342,-84.628,21.611,-13.182,-3.808,-16.696,1.000,0.000,0.073,4,9.855,0.037,0.967,"Ground_Mountain_1_1:(-0.244, 0.969, -0.026);Ground_Mountain_1_1:(-0.244, 0.969, -0.026);Ground_Mountain_1_1:(-0.244, 0.969, -0.026);Ground_Mountain_1_1:(-0.244, 0.969, -0.026);Ground_Mountain_1_1:(-0.244, 0.969, -0.026);Ground_Mountain_1_1:(-0.244, 0.969, -0.026);"
8.000,248.914,914.288,117.265,-84.965,21.846,-13.366,-3.850,-16.846,1.000,0.000,0.081,4,9.928,0.022,0.968,"Ground_Mountain_1_1:(-0.243, 0.970, -0.026);Ground_Mountain_1_1:(-0.243, 0.970, -0.026);Ground_Mountain_1_1:(-0.243, 0.970, -0.026);Ground_Mountain_1_1:(-0.243, 0.970, -0.026);Ground_Mountain_1_1:(-0.243, 0.970, -0.026);Ground_Mountain_1_1:(-0.243, 0.970, -0.026);"
8.020,248.604,914.017,117.187,-85.305,22.079,-13.561,-3.892,-16.984,1.000,0.000,0.088,4,9.987,0.036,0.968,"Ground_Mountain_1_1:(-0.205, 0.947, -0.247);Ground_Mountain_1_1:(-0.205, 0.947, -0.247);Ground_Mountain_1_1:(-0.205, 0.947, -0.247);Ground_Mountain_1_1:(-0.205, 0.947, -0.247);Ground_Mountain_1_1:(-0.205, 0.947, -0.247);Ground_Mountain_1_1:(-0.205, 0.947, -0.247);Ground_Mountain_1_1:(-0.241, 0.970, -0.027);Ground_Mountain_1_1:(-0.241, 0.970, -0.027);Ground_Mountain_1_1:(-0.241, 0.970, -0.027);Ground_Mountain_1_1:(-0.241, 0.970, -0.027);Ground_Mountain_1_1:(-0.241, 0.970, -0.027);Ground_Mountain_1_1:(-0.241, 0.970, -0.027);"
8.040,248.261,913.742,117.108,-85.647,22.302,-13.756,-3.959,-17.104,0.961,0.000,0.094,4,8.952,1.094,0.968,"Ground_Mountain_1_1:(-0.242, 0.970, -0.027);Ground_Mountain_1_1:(-0.242, 0.970, -0.027);Ground_Mountain_1_1:(-0.242, 0.970, -0.027);Ground_Mountain_1_1:(-0.242, 0.970, -0.027);Ground_Mountain_1_1:(-0.242, 0.970, -0.027);Ground_Mountain_1_1:(-0.242, 0.970, -0.027);Ground_Mountain_1_1:(-0.211, 0.944, -0.253);Ground_Mountain_1_1:(-0.211, 0.944, -0.253);Ground_Mountain_1_1:(-0.211, 0.944, -0.253);Ground_Mountain_1_1:(-0.211, 0.944, -0.253);Ground_Mountain_1_1:(-0.211, 0.944, -0.253);"
8.060,247.941,913.464,117.027,-85.992,22.500,-13.943,-4.040,-17.194,0.849,0.000,0.100,4,8.193,0.764,0.968,"Ground_Mountain_1_1:(-0.247, 0.969, -0.026);Ground_Mountain_1_1:(-0.247, 0.969, -0.026);Ground_Mountain_1_1:(-0.247, 0.969, -0.026);Ground_Mountain_1_1:(-0.247, 0.969, -0.026);Ground_Mountain_1_1:(-0.247, 0.969, -0.026);Ground_Mountain_1_1:(-0.247, 0.969, -0.026);Ground_Mountain_1_1:(-0.211, 0.944, -0.253);Ground_Mountain_1_1:(-0.211, 0.944, -0.253);Ground_Mountain_1_1:(-0.211, 0.944, -0.253);Ground_Mountain_1_1:(-0.211, 0.944, -0.253);Ground_Mountain_1_1:(-0.211, 0.944, -0.253);"
8.080,247.617,913.181,116.945,-86.338,22.677,-14.124,-4.141,-17.256,0.750,0.000,0.107,3,7.031,0.752,0.968,"Ground_Mountain_1_1:(-0.245, 0.969, -0.027);Ground_Mountain_1_1:(-0.245, 0.969, -0.027);Ground_Mountain_1_1:(-0.245, 0.969, -0.027);Ground_Mountain_1_1:(-0.245, 0.969, -0.027);Ground_Mountain_1_1:(-0.245, 0.969, -0.027);Ground_Mountain_1_1:(-0.245, 0.969, -0.027);Ground_Mountain_1_1:(-0.205, 0.947, -0.247);Ground_Mountain_1_1:(-0.205, 0.947, -0.247);Ground_Mountain_1_1:(-0.205, 0.947, -0.247);Ground_Mountain_1_1:(-0.205, 0.947, -0.247);"
8.100,247.289,912.896,116.859,-86.685,22.835,-14.299,-4.264,-17.292,0.662,0.000,0.113,3,5.788,1.838,0.968,"Ground_Mountain_1_1:(-0.245, 0.969, -0.029);Ground_Mountain_1_1:(-0.245, 0.969, -0.029);Ground_Mountain_1_1:(-0.245, 0.969, -0.029);Ground_Mountain_1_1:(-0.245, 0.969, -0.029);Ground_Mountain_1_1:(-0.245, 0.969, -0.029);Ground_Mountain_1_1:(-0.245, 0.969, -0.029);Ground_Mountain_1_1:(-0.205, 0.947, -0.247);Ground_Mountain_1_1:(-0.205, 0.947, -0.247);Ground_Mountain_1_1:(-0.205, 0.947, -0.247);Ground_Mountain_1_1:(-0.205, 0.947, -0.247);"
8.120,246.957,912.607,116.771,-87.032,22.976,-14.469,-4.409,-17.304,0.583,0.000,0.119,3,4.334,1.268,0.968,"Ground_Mountain_1_1:(-0.247, 0.968, -0.036);Ground_Mountain_1_1:(-0.247, 0.968, -0.036);Ground_Mountain_1_1:(-0.247, 0.968, -0.036);Ground_Mountain_1_1:(-0.247, 0.968, -0.036);Ground_Mountain_1_1:(-0.247, 0.968, -0.036);Ground_Mountain_1_1:(-0.247, 0.968, -0.036);Ground_Mountain_1_1:(-0.211, 0.944, -0.253);Ground_Mountain_1_1:(-0.211, 0.944, -0.253);Ground_Mountain_1_1:(-0.211, 0.944, -0.253);Ground_Mountain_1_1:(-0.211, 0.944, -0.253);Ground_Mountain_1_1:(-0.211, 0.944, -0.253);"
8.140,246.620,912.314,116.680,-87.380,23.103,-14.635,-4.585,-17.290,0.512,0.000,0.124,3,2.838,0.320,0.968,"Ground_Mountain_1_1:(-0.246, 0.968, -0.042);Ground_Mountain_1_1:(-0.246, 0.968, -0.042);Ground_Mountain_1_1:(-0.246, 0.968, -0.042);Ground_Mountain_1_1:(-0.246, 0.968, -0.042);Ground_Mountain_1_1:(-0.246, 0.968, -0.042);Ground_Mountain_1_1:(-0.246, 0.968, -0.042);Ground_Mountain_1_1:(-0.175, 0.960, -0.218);Ground_Mountain_1_1:(-0.175, 0.960, -0.218);Ground_Mountain_1_1:(-0.175, 0.960, -0.218);"
8.160,246.280,912.019,116.584,-87.727,23.217,-14.798,-4.786,-17.253,0.449,0.000,0.129,2,1.156,0.899,0.968,"Ground_Mountain_1_1:(-0.244, 0.968, -0.049);Ground_Mountain_1_1:(-0.244, 0.968, -0.049);Ground_Mountain_1_1:(-0.244, 0.968, -0.049);Ground_Mountain_1_1:(-0.244, 0.968, -0.049);Ground_Mountain_1_1:(-0.244, 0.968, -0.049);Ground_Mountain_1_1:(-0.244, 0.968, -0.049);Ground_Mountain_1_1:(-0.157, 0.854, -0.496);Ground_Mountain_1_1:(-0.077, 0.899, -0.432);"
8.180,245.894,911.721,116.498,-88.075,23.320,-14.964,-4.990,-17.194,0.392,0.000,0.134,2,0.717,1.333,0.969,"Ground_Mountain_1_1:(-0.197, 0.965, -0.172);Ground_Mountain_1_1:(-0.197, 0.965, -0.172);Ground_Mountain_1_1:(-0.197, 0.965, -0.172);Ground_Mountain_1_1:(-0.197, 0.965, -0.172);Ground_Mountain_1_1:(-0.197, 0.965, -0.172);Ground_Mountain_1_1:(-0.197, 0.965, -0.172);Ground_Mountain_1_1:(-0.165, 0.889, -0.428);Ground_Mountain_1_1:(-0.165, 0.889, -0.428);Ground_Mountain_1_1:(-0.157, 0.854, -0.496);Ground_Mountain_1_1:(-0.077, 0.899, -0.432);"
8.200,245.549,911.423,116.395,-88.421,23.343,-14.962,-5.169,-17.188,0.340,0.000,0.142,1,0.796,1.085,0.970,"Ground_Mountain_1_1:(-0.187, 0.970, -0.154);Ground_Mountain_1_1:(-0.187, 0.970, -0.154);Ground_Mountain_1_1:(-0.187, 0.970, -0.154);Ground_Mountain_1_1:(-0.187, 0.970, -0.154);Ground_Mountain_1_1:(-0.187, 0.970, -0.154);Ground_Mountain_1_1:(-0.187, 0.970, -0.154);Ground_Mountain_1_1:(-0.165, 0.889, -0.428);Ground_Mountain_1_1:(-0.165, 0.889, -0.428);Ground_Mountain_1_1:(-0.165, 0.889, -0.428);Ground_Mountain_1_1:(-0.158, 0.854, -0.496);Ground_Mountain_1_1:(-0.077, 0.899, -0.432);"
8.220,245.199,911.124,116.288,-88.767,23.365,-14.958,-5.354,-17.182,0.328,0.000,0.146,1,0.480,1.087,0.970,"Ground_Mountain_1_1:(-0.195, 0.970, -0.146);Ground_Mountain_1_1:(-0.195, 0.970, -0.146);Ground_Mountain_1_1:(-0.195, 0.970, -0.146);Ground_Mountain_1_1:(-0.195, 0.970, -0.146);Ground_Mountain_1_1:(-0.195, 0.970, -0.146);Ground_Mountain_1_1:(-0.195, 0.970, -0.146);Ground_Mountain_1_1:(-0.165, 0.889, -0.428);Ground_Mountain_1_1:(-0.165, 0.889, -0.428);Ground_Mountain_1_1:(-0.158, 0.854, -0.496);Ground_Mountain_1_1:(-0.077, 0.899, -0.432);"
8.240,244.849,910.826,116.177,-89.112,23.385,-14.954,-5.538,-17.175,0.318,0.000,0.151,1,0.490,1.084,0.970,"Ground_Mountain_1_1:(-0.209, 0.965, -0.161);Ground_Mountain_1_1:(-0.209, 0.965, -0.161);Ground_Mountain_1_1:(-0.209, 0.965, -0.161);Ground_Mountain_1_1:(-0.209, 0.965, -0.161);Ground_Mountain_1_1:(-0.209, 0.965, -0.161);Ground_Mountain_1_1:(-0.209, 0.965, -0.161);Ground_Mountain_1_1:(-0.235, 0.970, -0.065);Ground_Mountain_1_1:(-0.235, 0.970, -0.065);Ground_Mountain_1_1:(-0.235, 0.970, -0.065);Ground_Mountain_1_1:(-0.158, 0.854, -0.496);Ground_Mountain_1_1:(-0.158, 0.854, -0.496);Ground_Mountain_1_1:(-0.077, 0.899, -0.432);"
8.260,244.497,910.528,116.063,-89.457,23.404,-14.948,-5.732,-17.168,0.307,0.000,0.156,0,0.000,1.081,0.970,"Ground_Mountain_1_1:(-0.233, 0.970, -0.072);Ground_Mountain_1_1:(-0.233, 0.970, -0.072);Ground_Mountain_1_1:(-0.233, 0.970, -0.072);"
8.280,244.145,910.230,115.944,-89.802,23.421,-14.942,-5.926,-17.162,0.298,0.000,0.161,0,0.000,1.069,0.970,"Mountain trunk:(0.000, 0.000, 1.000);Mountain trunk:(0.000, 0.000, 1.000);Mountain trunk:(0.000, 0.000, 1.000);Mountain trunk:(0.000, 0.000, 1.000);Ground_Mountain_1_1:(-0.165, 0.889, -0.428);Ground_Mountain_1_1:(-0.165, 0.889, -0.428);"
8.300,243.739,909.932,115.821,-90.003,18.539,-14.936,-6.119,-9.441,0.290,0.000,0.167,0,0.000,1.056,0.967,"Ground_Mountain_1_1:(-0.165, 0.889, -0.428);Ground_Mountain_1_1:(-0.085, 0.929, -0.360);Mountain trunk:(0.000, 0.000, 1.000);Mountain trunk:(0.000, 0.000, 1.000);Mountain trunk:(0.000, 0.000, 1.000);Mountain trunk:(0.000, 0.000, 1.000);"
8.320,243.401,909.634,115.693,-90.203,18.719,-14.930,-6.313,-9.437,1.000,0.000,0.100,0,0.000,3.884,0.960,"Ground_Mountain_1_1:(-0.166, 0.899, -0.404);Ground_Mountain_1_1:(-0.166, 0.899, -0.404);Ground_Mountain_1_1:(-0.166, 0.899, -0.404);Ground_Mountain_1_1:(-0.085, 0.929, -0.360);Ground_Mountain_1_1:(-0.085, 0.929, -0.360);Mountain trunk:(-0.617, -0.038, 0.786);Mountain trunk:(-0.617, -0.038, 0.786);"
8.340,243.061,909.335,115.560,-90.403,18.738,-14.924,-6.507,-9.433,1.000,0.000,0.051,0,0.000,3.931,0.952,"Ground_Mountain_1_1:(-0.085, 0.929, -0.360);Ground_Mountain_1_1:(-0.085, 0.929, -0.360);Mountain trunk:(-0.553, 0.018, 0.833);Mountain trunk:(-0.553, 0.018, 0.833);"
8.360,242.720,909.035,115.423,-90.602,18.599,-14.918,-6.700,-9.430,1.000,0.000,0.003,0,0.000,3.986,0.942,"Ground_Mountain_1_1:(-0.224, 0.952, -0.207);Mountain trunk:(-0.485, 0.075, 0.871);Mountain trunk:(-0.485, 0.075, 0.871);Mountain trunk:(-0.485, 0.075, 0.871);Mountain trunk:(-0.485, 0.075, 0.871);"
8.380,242.377,908.734,115.282,-90.799,18.304,-14.913,-6.894,-9.426,1.000,0.000,-0.047,0,0.000,4.032,0.931,"Ground_Mountain_1_1:(-0.095, 0.904, -0.416);Ground_Mountain_1_1:(-0.095, 0.904, -0.416);Ground_Mountain_1_1:(-0.086, 0.865, -0.495);Ground_Mountain_1_1:(0.012, 0.909, -0.418);Ground_Mountain_1_1:(0.012, 0.909, -0.418);Ground_Mountain_1_1:(0.012, 0.909, -0.418);Mountain trunk:(-0.379, 0.000, 0.925);"
8.400,242.033,908.433,115.137,-90.996,17.858,-14.907,-7.087,-9.422,1.000,0.000,-0.097,0,0.000,4.066,0.919,"Ground_Mountain_1_1:(-0.095, 0.904, -0.416);Ground_Mountain_1_1:(-0.095, 0.904, -0.416);Ground_Mountain_1_1:(-0.238, 0.931, -0.276);Ground_Mountain_1_1:(0.012, 0.909, -0.418);Ground_Mountain_1_1:(-0.086, 0.865, -0.495);Mountain trunk:(-0.758, 0.000, 0.652);"
8.420,241.627,908.132,114.988,-91.192,17.268,-14.901,-7.280,-9.418,1.000,0.000,-0.146,0,0.000,4.090,0.906,"Ground_Mountain_1_1:(-0.095, 0.904, -0.416);Ground_Mountain_1_1:(-0.095, 0.904, -0.416);Ground_Mountain_1_1:(0.012, 0.909, -0.418);Ground_Mountain_1_1:(-0.086, 0.865, -0.495);Mountain trunk:(-1.000, 0.000, 0.000);Mountain trunk:(-1.000, 0.000, 0.000);Mountain trunk:(-1.000, 0.000, 0.000);Mountain trunk:(-1.000, 0.000, 0.000);"
8.440,241.280,907.830,114.835,-91.387,16.540,-14.895,-7.474,-9.415,1.000,0.000,-0.198,0,0.000,4.101,0.892,"Ground_Mountain_1_1:(-0.095, 0.904, -0.416);Ground_Mountain_1_1:(-0.095, 0.904, -0.416);Ground_Mountain_1_1:(-0.095, 0.904, -0.416);Ground_Mountain_1_1:(-0.002, 0.942, -0.336);Ground_Mountain_1_1:(-0.002, 0.942, -0.336);Ground_Mountain_1_1:(0.012, 0.909, -0.418);Mountain trunk:(-1.000, 0.000, 0.000);Mountain trunk:(-1.000, 0.000, 0.000);Mountain trunk:(-1.000, 0.000, 0.000);"
8.460,240.932,907.527,114.678,-91.581,15.684,-14.889,-7.667,-9.411,1.000,0.000,-0.252,0,0.000,4.101,0.878,"Ground_Mountain_1_1:(-0.095, 0.904, -0.416);Ground_Mountain_1_1:(-0.095, 0.904, -0.416);Ground_Mountain_1_1:(-0.002, 0.942, -0.336);Ground_Mountain_1_1:(-0.002, 0.942, -0.336);"
8.480,240.583,907.224,114.517,-91.774,14.707,-14.883,-7.860,-9.407,1.000,0.000,-0.308,0,0.000,4.090,0.865,"Ground_Mountain_1_1:(-0.002, 0.942, -0.336);Ground_Mountain_1_1:(-0.002, 0.942, -0.336);Ground_Mountain_1_1:(-0.002, 0.942, -0.336);Ground_Mountain_1_1:(-0.095, 0.904, -0.416);"
8.500,240.234,906.923,114.355,-91.966,13.603,-14.887,-7.919,-9.472,1.000,0.000,-0.366,1,1.635,4.067,0.855,"Ground_Mountain_1_1:(-0.002, 0.942, -0.336);Ground_Mountain_1_1:(-0.002, 0.886, -0.464);Ground_Mountain_1_1:(-0.002, 0.942, -0.336);Ground_Mountain_1_1:(-0.002, 0.886, -0.464);Ground_Mountain_1_1:(-0.022, 0.926, -0.376);"
8.520,239.819,906.635,114.236,-92.146,12.657,-14.902,-6.366,-9.499,1.000,0.000,-0.423,2,1.641,16.345,0.884,"Ground_Mountain_1_1:(-0.015, 0.932, -0.363);Ground_Mountain_1_1:(-0.015, 0.932, -0.363);Ground_Mountain_1_1:(-0.015, 0.932, -0.363);Ground_Mountain_1_1:(-0.015, 0.932, -0.363);Ground_Mountain_1_1:(-0.015, 0.932, -0.363);Ground_Mountain_1_1:(-0.015, 0.932, -0.363);Ground_Mountain_1_1:(0.106, 0.921, -0.374);Ground_Mountain_1_1:(-0.106, 0.936, -0.334);Ground_Mountain_1_1:(-0.023, 0.966, -0.258);Ground_Mountain_1_1:(-0.106, 0.936, -0.334);Ground_Mountain_1_1:(0.106, 0.921, -0.374);Ground_Mountain_1_1:(-0.023, 0.966, -0.258);Ground_Mountain_1_1:(-0.002, 0.886, -0.464);Ground_Mountain_1_1:(-0.002, 0.886, -0.464);"
8.540,239.494,906.353,114.134,-92.316,12.171,-14.691,-5.539,-9.263,1.000,0.000,-0.455,2,0.000,9.741,0.917,"Ground_Mountain_1_1:(-0.018, 0.930, -0.368);Ground_Mountain_1_1:(-0.018, 0.930, -0.368);Ground_Mountain_1_1:(-0.018, 0.930, -0.368);Ground_Mountain_1_1:(-0.018, 0.930, -0.368);Ground_Mountain_1_1:(-0.018, 0.930, -0.368);Ground_Mountain_1_1:(0.106, 0.921, -0.374);Ground_Mountain_1_1:(-0.287, 0.884, -0.370);Ground_Mountain_1_1:(-0.023, 0.966, -0.258);Ground_Mountain_1_1:(-0.287, 0.884, -0.370);Ground_Mountain_1_1:(-0.023, 0.966, -0.258);Ground_Mountain_1_1:(0.106, 0.921, -0.374);Ground_Mountain_1_1:(-0.002, 0.886, -0.464);Ground_Mountain_1_1:(-0.002, 0.886, -0.464);"
8.560,239.178,906.068,114.032,-92.476,12.387,-14.825,-5.485,-8.666,1.000,0.000,-0.465,2,1.496,20.509,0.942,"Ground_Mountain_1_1:(-0.022, 0.926, -0.376);Ground_Mountain_1_1:(-0.246, 0.917, -0.314);Ground_Mountain_1_1:(-0.022, 0.926, -0.376);Ground_Mountain_1_1:(-0.246, 0.917, -0.314);Ground_Mountain_1_1:(-0.022, 0.926, -0.376);Ground_Mountain_1_1:(-0.023, 0.966, -0.258);Ground_Mountain_1_1:(0.106, 0.921, -0.374);Ground_Mountain_1_1:(0.106, 0.921, -0.374);Ground_Mountain_1_1:(-0.002, 0.886, -0.464);"
8.580,238.861,905.779,113.929,-92.626,12.685,-14.958,-5.402,-8.071,1.000,0.000,-0.469,2,3.948,18.045,0.959,"Ground_Mountain_1_1:(-0.022, 0.926, -0.376);Ground_Mountain_1_1:(-0.206, 0.942, -0.266);Ground_Mountain_1_1:(-0.022, 0.926, -0.376);Ground_Mountain_1_1:(-0.002, 0.942, -0.336);Ground_Mountain_1_1:(-0.022, 0.926, -0.376);Ground_Mountain_1_1:(-0.206, 0.942, -0.266);Ground_Mountain_1_1:(-0.106, 0.936, -0.334);Ground_Mountain_1_1:(-0.106, 0.936, -0.334);Ground_Mountain_1_1:(-0.106, 0.936, -0.334);Ground_Mountain_1_1:(0.106, 0.921, -0.374);Ground_Mountain_1_1:(0.106, 0.921, -0.374);Ground_Mountain_1_1:(-0.002, 0.886, -0.464);"
8.600,238.542,905.487,113.827,-92.767,13.035,-15.094,-5.269,-7.486,1.000,0.000,-0.458,2,6.520,16.870,0.972,"Ground_Mountain_1_1:(-0.168, 0.959, -0.226);Ground_Mountain_1_1:(0.075, 0.954, -0.289);Ground_Mountain_1_1:(-0.022, 0.926, -0.376);Ground_Mountain_1_1:(-0.168, 0.959, -0.226);Ground_Mountain_1_1:(-0.022, 0.926, -0.376);Ground_Mountain_1_1:(0.075, 0.954, -0.289);Ground_Mountain_1_1:(-0.106, 0.936, -0.334);Ground_Mountain_1_1:(-0.106, 0.936, -0.334);Ground_Mountain_1_1:(-0.106, 0.936, -0.334);Ground_Mountain_1_1:(0.106, 0.921, -0.374);Ground_Mountain_1_1:(0.106, 0.921, -0.374);Ground_Mountain_1_1:(-0.002, 0.886, -0.464);Ground_Mountain_1_1:(-0.002, 0.886, -0.464);"
8.620,238.220,905.182,113.747,-92.919,13.008,-15.157,-4.117,-7.336,1.000,0.000,-0.443,3,18.392,15.555,0.968,"Ground_Mountain_1_1:(-0.023, 0.966, -0.258);Ground_Mountain_1_1:(-0.023, 0.966, -0.258);Ground_Mountain_1_1:(-0.023, 0.966, -0.258);Ground_Mountain_1_1:(-0.002, 0.886, -0.464);Ground_Mountain_1_1:(0.075, 0.954, -0.289);Ground_Mountain_1_1:(0.075, 0.954, -0.289);Ground_Mountain_1_1:(-0.022, 0.926, -0.376);Ground_Mountain_1_1:(0.075, 0.954, -0.289);Ground_Mountain_1_1:(-0.022, 0.926, -0.376);Ground_Mountain_1_1:(-0.053, 0.956, -0.290);"
8.640,237.810,904.878,113.685,-93.067,13.139,-15.256,-3.386,-6.930,1.000,0.000,-0.438,3,11.171,4.807,0.963,"Ground_Mountain_1_1:(-0.023, 0.966, -0.258);Ground_Mountain_1_1:(-0.023, 0.966, -0.258);Ground_Mountain_1_1:(-0.023, 0.966, -0.258);Ground_Mountain_1_1:(-0.002, 0.886, -0.464);Ground_Mountain_1_1:(-0.143, 0.968, -0.207);Ground_Mountain_1_1:(0.075, 0.954, -0.289);Ground_Mountain_1_1:(-0.022, 0.926, -0.376);Ground_Mountain_1_1:(-0.022, 0.926, -0.376);Ground_Mountain_1_1:(0.075, 0.954, -0.289);Ground_Mountain_1_1:(-0.123, 0.959, -0.256);"
8.660,237.484,904.569,113.711,-93.238,11.988,-14.954,0.006,-7.230,1.000,0.000,-0.440,3,6.208,2.097,0.939,"Ground_Mountain_1_1:(-0.053, 0.956, -0.290);Ground_Mountain_1_1:(-0.053, 0.956, -0.290);Ground_Mountain_1_1:(-0.053, 0.956, -0.290);Ground_Mountain_1_1:(-0.053, 0.956, -0.290);Ground_Mountain_1_1:(0.075, 0.954, -0.289);Ground_Mountain_1_1:(0.075, 0.954, -0.289);Ground_Mountain_1_1:(0.075, 0.954, -0.289);Ground_Mountain_1_1:(-0.141, 0.963, -0.229);Ground_Mountain_1_1:(0.106, 0.921, -0.374);Ground_Mountain_1_1:(-0.123, 0.959, -0.256);Ground_Mountain_1_1:(-0.023, 0.966, -0.258);"
8.680,237.165,904.273,113.712,-93.369,12.371,-15.047,-0.001,-6.608,1.000,0.000,-0.473,2,0.000,2.256,0.944,"Ground_Mountain_1_1:(0.028, 0.976, -0.214);Ground_Mountain_1_1:(0.028, 0.976, -0.214);Ground_Mountain_1_1:(0.028, 0.976, -0.214);Ground_Mountain_1_1:(-0.053, 0.956, -0.290);Ground_Mountain_1_1:(-0.053, 0.956, -0.290);Ground_Mountain_1_1:(-0.053, 0.956, -0.290);Ground_Mountain_1_1:(-0.053, 0.956, -0.290);Ground_Mountain_1_1:(-0.053, 0.956, -0.290);Ground_Mountain_1_1:(0.075, 0.954, -0.289);Ground_Mountain_1_1:(0.075, 0.954, -0.289);Ground_Mountain_1_1:(0.075, 0.954, -0.289);"
8.700,236.859,903.974,113.712,-93.488,12.798,-15.139,-0.035,-5.979,1.000,0.000,-0.462,2,0.000,1.465,0.947,"Ground_Mountain_1_1:(0.028, 0.976, -0.214);Ground_Mountain_1_1:(0.028, 0.976, -0.214);Ground_Mountain_1_1:(0.028, 0.976, -0.214);Ground_Mountain_1_1:(-0.053, 0.956, -0.290);Ground_Mountain_1_1:(-0.053, 0.956, -0.290);Ground_Mountain_1_1:(-0.053, 0.956, -0.290);Ground_Mountain_1_1:(-0.053, 0.956, -0.290);Ground_Mountain_1_1:(-0.053, 0.956, -0.290);Ground_Mountain_1_1:(0.075, 0.954, -0.289);Ground_Mountain_1_1:(0.075, 0.954, -0.289);Ground_Mountain_1_1:(0.075, 0.954, -0.289);"
8.720,236.552,903.674,113.712,-93.595,13.247,-15.236,-0.070,-5.352,1.000,0.000,-0.447,2,0.000,1.543,0.951,"Ground_Mountain_1_1:(0.028, 0.976, -0.214);Ground_Mountain_1_1:(0.028, 0.976, -0.214);Ground_Mountain_1_1:(0.028, 0.976, -0.214);Ground_Mountain_1_1:(0.028, 0.976, -0.214);Ground_Mountain_1_1:(-0.053, 0.956, -0.290);Ground_Mountain_1_1:(-0.053, 0.956, -0.290);Ground_Mountain_1_1:(-0.053, 0.956, -0.290);Ground_Mountain_1_1:(-0.053, 0.956, -0.290);Ground_Mountain_1_1:(0.075, 0.954, -0.289);Ground_Mountain_1_1:(0.075, 0.954, -0.289);Ground_Mountain_1_1:(0.027, 0.937, -0.349);Ground_Mountain_1_1:(0.027, 0.937, -0.349);Ground_Mountain_1_1:(0.211, 0.916, -0.341);Ground_Mountain_1_1:(0.211, 0.916, -0.341);"
8.740,236.245,903.371,113.710,-93.689,13.700,-15.340,-0.105,-4.727,1.000,0.000,-0.429,2,0.000,1.616,0.953,"Ground_Mountain_1_1:(0.028, 0.976, -0.214);Ground_Mountain_1_1:(0.028, 0.976, -0.214);Ground_Mountain_1_1:(0.028, 0.976, -0.214);Ground_Mountain_1_1:(-0.053, 0.956, -0.290);Ground_Mountain_1_1:(-0.053, 0.956, -0.290);Ground_Mountain_1_1:(0.027, 0.937, -0.349);"
8.760,235.842,903.066,113.708,-93.771,14.146,-15.454,-0.141,-4.105,1.000,0.000,-0.414,2,0.000,1.682,0.956,"Ground_Mountain_1_1:(0.028, 0.976, -0.214);Ground_Mountain_1_1:(0.028, 0.976, -0.214);Ground_Mountain_1_1:(0.028, 0.976, -0.214);Ground_Mountain_1_1:(0.028, 0.976, -0.214);Ground_Mountain_1_1:(-0.146, 0.953, -0.265);Ground_Mountain_1_1:(-0.053, 0.956, -0.290);"
8.780,235.533,902.758,113.706,-93.840,14.576,-15.580,-0.154,-3.493,1.000,0.000,-0.393,2,0.000,1.971,0.957,"Ground_Mountain_1_1:(-0.006, 0.976, -0.216);Ground_Mountain_1_1:(-0.006, 0.976, -0.216);Ground_Mountain_1_1:(-0.006, 0.976, -0.216);Ground_Mountain_1_1:(-0.006, 0.976, -0.216);Ground_Mountain_1_1:(-0.006, 0.976, -0.216);Ground_Mountain_1_1:(-0.006, 0.976, -0.216);Ground_Mountain_1_1:(0.027, 0.937, -0.349);Ground_Mountain_1_1:(0.027, 0.937, -0.349);Ground_Mountain_1_1:(0.150, 0.960, -0.235);Ground_Mountain_1_1:(0.150, 0.960, -0.235);Ground_Mountain_1_1:(0.150, 0.960, -0.235);"
8.800,235.223,902.447,113.702,-93.898,14.984,-15.715,-0.206,-2.874,1.000,0.000,-0.372,2,0.000,1.171,0.959,"Ground_Mountain_1_1:(-0.044, 0.976, -0.215);Ground_Mountain_1_1:(-0.044, 0.976, -0.215);Ground_Mountain_1_1:(-0.044, 0.976, -0.215);Ground_Mountain_1_1:(-0.044, 0.976, -0.215);Ground_Mountain_1_1:(-0.044, 0.976, -0.215);Ground_Mountain_1_1:(-0.044, 0.976, -0.215);Ground_Mountain_1_1:(0.150, 0.960, -0.235);Ground_Mountain_1_1:(0.150, 0.960, -0.235);Ground_Mountain_1_1:(0.150, 0.960, -0.235);Ground_Mountain_1_1:(0.027, 0.937, -0.349);Ground_Mountain_1_1:(0.027, 0.937, -0.349);"
8.820,234.912,902.137,113.694,-93.955,15.129,-15.709,-0.402,-2.873,1.000,0.000,-0.351,1,0.000,0.863,0.961,"Ground_Mountain_1_1:(-0.015, 0.979, -0.205);Ground_Mountain_1_1:(-0.015, 0.979, -0.205);Ground_Mountain_1_1:(-0.015, 0.979, -0.205);Ground_Mountain_1_1:(-0.015, 0.979, -0.205);Ground_Mountain_1_1:(-0.015, 0.979, -0.205);Ground_Mountain_1_1:(-0.015, 0.979, -0.205);Ground_Mountain_1_1:(0.150, 0.960, -0.235);Ground_Mountain_1_1:(0.150, 0.960, -0.235);Ground_Mountain_1_1:(0.027, 0.937, -0.349);"
8.840,234.600,901.826,113.683,-94.012,15.261,-15.703,-0.598,-2.871,1.000,0.000,-0.332,1,0.000,0.839,0.962,"Ground_Mountain_1_1:(-0.023, 0.976, -0.216);Ground_Mountain_1_1:(-0.023, 0.976, -0.216);Ground_Mountain_1_1:(-0.023, 0.976, -0.216);Ground_Mountain_1_1:(-0.023, 0.976, -0.216);Ground_Mountain_1_1:(0.150, 0.960, -0.235);"
8.860,234.288,901.516,113.667,-94.069,15.379,-15.696,-0.794,-2.870,1.000,0.000,-0.320,1,0.000,0.816,0.964,"Ground_Mountain_1_1:(-0.023, 0.978, -0.209);Ground_Mountain_1_1:(-0.023, 0.978, -0.209);Ground_Mountain_1_1:(-0.023, 0.978, -0.209);"
8.880,233.870,901.206,113.648,-94.125,15.484,-15.690,-0.990,-2.869,1.000,0.000,-0.297,0,0.000,0.794,0.965,"Ground_Mountain_1_1:(0.070, 0.987, -0.148);Ground_Mountain_1_1:(0.070, 0.987, -0.148);Ground_Mountain_1_1:(0.070, 0.987, -0.148);Ground_Mountain_1_1:(-0.023, 0.976, -0.216);Ground_Mountain_1_1:(-0.023, 0.976, -0.216);Ground_Mountain_1_1:(-0.023, 0.976, -0.216);Ground_Mountain_1_1:(-0.023, 0.976, -0.216);"
8.900,233.556,900.896,113.625,-94.182,15.576,-15.684,-1.186,-2.868,1.000,0.000,-0.278,0,0.000,0.773,0.967,"Ground_Mountain_1_1:(0.070, 0.987, -0.148);Ground_Mountain_1_1:(0.070, 0.987, -0.148);"
8.920,233.242,900.585,113.598,-94.238,15.654,-15.677,-1.381,-2.867,1.000,0.000,-0.258,1,0.000,0.754,0.968,"Ground_Mountain_0_1:(-0.035, 0.988, -0.148);Ground_Mountain_0_1:(-0.035, 0.988, -0.148);Ground_Mountain_1_1:(-0.041, 0.967, -0.252);"
8.940,232.927,900.275,113.566,-94.294,15.719,-15.671,-1.577,-2.866,1.000,0.000,-0.239,1,0.000,0.736,0.970,"Ground_Mountain_1_1:(-0.029, 0.968, -0.248);Ground_Mountain_0_1:(-0.029, 0.968, -0.248);Ground_Mountain_0_1:(-0.029, 0.968, -0.248);"
8.960,232.612,899.966,113.531,-94.350,15.771,-15.665,-1.768,-2.866,1.000,0.000,-0.226,1,0.223,0.720,0.971,"Ground_Mountain_1_1:(-0.017, 0.970, -0.243);Ground_Mountain_0_1:(-0.017, 0.970, -0.243);Ground_Mountain_0_1:(-0.017, 0.970, -0.243);"
8.980,232.296,899.656,113.493,-94.405,15.809,-15.659,-1.943,-2.870,1.000,0.000,-0.207,1,1.066,0.704,0.973,"Ground_Mountain_1_1:(-0.017, 0.971, -0.238);Ground_Mountain_1_1:(-0.017, 0.971, -0.238);Ground_Mountain_1_1:(-0.017, 0.971, -0.238);Ground_Mountain_0_1:(-0.005, 0.971, -0.238);Ground_Mountain_0_1:(-0.005, 0.971, -0.238);Ground_Mountain_0_1:(-0.005, 0.971, -0.238);Ground_Mountain_0_1:(0.051, 0.997, -0.063);Ground_Mountain_0_1:(0.051, 0.997, -0.063);Ground_Mountain_0_1:(0.051, 0.997, -0.063);"
9.000,231.864,899.340,113.454,-94.452,16.068,-15.923,-1.957,-2.440,1.000,0.000,-0.185,2,5.980,1.579,0.975,"Ground_Mountain_1_1:(-0.008, 0.975, -0.220);Ground_Mountain_1_1:(-0.008, 0.975, -0.220);Ground_Mountain_1_1:(-0.008, 0.975, -0.220);Ground_Mountain_1_1:(-0.008, 0.975, -0.220);Ground_Mountain_1_1:(-0.008, 0.975, -0.220);Ground_Mountain_1_1:(-0.008, 0.975, -0.220);Ground_Mountain_0_1:(0.007, 0.973, -0.231);Ground_Mountain_0_1:(0.007, 0.973, -0.231);Ground_Mountain_0_1:(0.007, 0.973, -0.231);Ground_Mountain_0_1:(0.022, 0.998, -0.066);Ground_Mountain_0_1:(0.022, 0.998, -0.066);Ground_Mountain_0_1:(0.022, 0.998, -0.066);Ground_Mountain_0_1:(-0.116, 0.982, -0.151);"
9.020,231.543,899.018,113.418,-94.494,16.314,-16.178,-1.845,-2.215,1.000,0.000,-0.167,3,13.557,2.035,0.976,"Ground_Mountain_1_1:(-0.010, 0.979, -0.205);Ground_Mountain_1_1:(-0.010, 0.979, -0.205);Ground_Mountain_1_1:(-0.010, 0.979, -0.205);Ground_Mountain_1_1:(-0.010, 0.979, -0.205);Ground_Mountain_1_1:(-0.010, 0.979, -0.205);Ground_Mountain_1_1:(-0.010, 0.979, -0.205);Ground_Mountain_0_1:(0.017, 0.975, -0.224);Ground_Mountain_0_1:(0.017, 0.975, -0.224);Ground_Mountain_0_1:(0.017, 0.975, -0.224);Ground_Mountain_0_1:(0.022, 0.998, -0.066);Ground_Mountain_0_1:(0.022, 0.998, -0.066);Ground_Mountain_0_1:(0.022, 0.998, -0.066);Ground_Mountain_0_1:(-0.116, 0.982, -0.151);Ground_Mountain_0_1:(-0.116, 0.982, -0.151);"
9.040,231.217,898.691,113.384,-94.534,16.552,-16.421,-1.734,-2.125,1.000,0.000,-0.158,3,15.180,2.652,0.978,"Ground_Mountain_1_1:(0.000, 0.980, -0.198);Ground_Mountain_1_1:(0.000, 0.980, -0.198);Ground_Mountain_1_1:(0.000, 0.980, -0.198);Ground_Mountain_1_1:(0.000, 0.980, -0.198);Ground_Mountain_1_1:(0.000, 0.980, -0.198);Ground_Mountain_1_1:(0.000, 0.980, -0.198);Ground_Mountain_0_1:(-0.006, 0.998, -0.066);Ground_Mountain_0_1:(-0.006, 0.998, -0.066);Ground_Mountain_0_1:(-0.006, 0.998, -0.066);Ground_Mountain_0_1:(-0.006, 0.998, -0.066);Ground_Mountain_0_1:(-0.006, 0.998, -0.066);Ground_Mountain_0_1:(0.024, 0.976, -0.215);Ground_Mountain_0_1:(0.024, 0.976, -0.215);Ground_Mountain_0_1:(0.024, 0.976, -0.215);Ground_Mountain_0_1:(-0.116, 0.982, -0.151);Ground_Mountain_0_1:(-0.116, 0.982, -0.151);Ground_Mountain_0_1:(-0.116, 0.982, -0.151);"
9.060,230.887,898.358,113.352,-94.573,16.788,-16.652,-1.619,-2.141,1.000,0.000,-0.147,3,15.946,1.397,0.980,"Ground_Mountain_0_1:(0.009, 0.998, -0.055);Ground_Mountain_0_1:(0.009, 0.998, -0.055);Ground_Mountain_0_1:(0.009, 0.998, -0.055);Ground_Mountain_0_1:(0.009, 0.998, -0.055);Ground_Mountain_0_1:(-0.062, 0.987, -0.149);Ground_Mountain_0_1:(-0.062, 0.987, -0.149);Ground_Mountain_0_1:(-0.062, 0.987, -0.149);Ground_Mountain_0_1:(-0.062, 0.987, -0.149);Ground_Mountain_0_1:(-0.062, 0.987, -0.149);Ground_Mountain_0_1:(-0.062, 0.987, -0.149);"
9.080,230.551,898.020,113.324,-94.615,17.020,-16.871,-1.427,-2.242,1.000,0.000,-0.138,4,20.110,0.580,0.983,"Ground_Mountain_0_1:(-0.007, 0.998, -0.065);Ground_Mountain_0_1:(-0.007, 0.998, -0.065);Ground_Mountain_0_1:(-0.007, 0.998, -0.065);Ground_Mountain_0_1:(-0.007, 0.998, -0.065);Ground_Mountain_0_1:(-0.007, 0.998, -0.065);Ground_Mountain_0_1:(-0.007, 0.998, -0.065);"
9.100,230.059,897.678,113.300,-94.660,17.249,-17.083,-1.236,-2.388,1.000,0.000,-0.128,4,19.908,0.554,0.984,"Ground_Mountain_0_1:(-0.011, 0.997, -0.074);Ground_Mountain_0_1:(-0.011, 0.997, -0.074);Ground_Mountain_0_1:(-0.011, 0.997, -0.074);Ground_Mountain_0_1:(-0.011, 0.997, -0.074);Ground_Mountain_0_1:(-0.011, 0.997, -0.074);Ground_Mountain_0_1:(-0.011, 0.997, -0.074);"
9.120,229.713,897.332,113.280,-94.709,17.475,-17.287,-1.045,-2.563,1.000,0.000,-0.128,4,19.883,0.777,0.986,"Ground_Mountain_0_1:(0.003, 0.998, -0.060);Ground_Mountain_0_1:(0.003, 0.998, -0.060);Ground_Mountain_0_1:(0.003, 0.998, -0.060);Ground_Mountain_0_1:(0.003, 0.998, -0.060);Ground_Mountain_0_1:(0.003, 0.998, -0.060);Ground_Mountain_0_1:(0.003, 0.998, -0.060);Ground_Mountain_0_1:(-0.035, 0.988, -0.148);Ground_Mountain_0_1:(-0.035, 0.988, -0.148);Ground_Mountain_0_1:(-0.035, 0.988, -0.148);"
9.140,229.363,896.982,113.263,-94.761,17.699,-17.485,-0.861,-2.758,1.000,0.000,-0.124,4,19.558,0.980,0.988,"Ground_Mountain_0_1:(0.017, 0.998, -0.056);Ground_Mountain_0_1:(0.017, 0.998, -0.056);Ground_Mountain_0_1:(0.017, 0.998, -0.056);Ground_Mountain_0_1:(0.017, 0.998, -0.056);Ground_Mountain_0_1:(0.017, 0.998, -0.056);Ground_Mountain_0_1:(0.017, 0.998, -0.056);Ground_Mountain_0_1:(0.236, 0.971, -0.037);Ground_Mountain_0_1:(0.236, 0.971, -0.037);Ground_Mountain_0_1:(0.236, 0.971, -0.037);Ground_Mountain_0_1:(-0.035, 0.988, -0.148);Ground_Mountain_0_1:(-0.035, 0.988, -0.148);Ground_Mountain_0_1:(-0.035, 0.988, -0.148);"
9.160,229.009,896.631,113.255,-94.814,17.858,-17.619,-0.443,-2.977,1.000,0.000,-0.120,4,19.119,0.899,0.991,"Ground_Mountain_0_1:(0.236, 0.971, -0.037);Ground_Mountain_0_1:(0.236, 0.971, -0.037);Ground_Mountain_0_1:(0.236, 0.971, -0.037);Ground_Mountain_0_1:(0.236, 0.971, -0.037);Ground_Mountain_0_1:(0.017, 0.998, -0.056);Ground_Mountain_0_1:(0.017, 0.998, -0.056);Ground_Mountain_0_1:(0.017, 0.998, -0.056);Ground_Mountain_0_1:(0.017, 0.998, -0.056);Ground_Mountain_0_1:(0.017, 0.998, -0.056);Ground_Mountain_0_1:(0.017, 0.998, -0.056);Ground_Mountain_0_1:(-0.035, 0.988, -0.148);Ground_Mountain_0_1:(-0.035, 0.988, -0.148);Ground_Mountain_0_1:(-0.035, 0.988, -0.148);"
9.180,228.655,896.285,113.261,-94.864,17.843,-17.589,0.278,-3.088,1.000,0.000,-0.123,4,18.887,5.576,0.995,"Ground_Mountain_0_1:(0.228, 0.973, -0.045);Ground_Mountain_0_1:(0.228, 0.973, -0.045);Ground_Mountain_0_1:(0.228, 0.973, -0.045);Ground_Mountain_0_1:(0.228, 0.973, -0.045);Ground_Mountain_0_1:(0.228, 0.973, -0.045);Ground_Mountain_0_1:(0.228, 0.973, -0.045);Ground_Mountain_0_1:(0.007, 0.999, -0.045);Ground_Mountain_0_1:(0.007, 0.999, -0.045);Ground_Mountain_0_1:(0.007, 0.999, -0.045);Ground_Mountain_0_1:(0.007, 0.999, -0.045);Ground_Mountain_0_1:(0.007, 0.999, -0.045);Ground_Mountain_0_1:(0.007, 0.999, -0.045);"
9.200,228.099,895.946,113.282,-94.924,17.835,-17.532,1.025,-3.218,1.000,0.000,-0.122,4,19.174,12.390,0.993,"Ground_Mountain_0_1:(0.228, 0.973, -0.045);Ground_Mountain_0_1:(0.228, 0.973, -0.045);Ground_Mountain_0_1:(0.228, 0.973, -0.045);Ground_Mountain_0_1:(0.228, 0.973, -0.045);Ground_Mountain_0_1:(0.228, 0.973, -0.045);Ground_Mountain_0_1:(0.228, 0.973, -0.045);Ground_Mountain_0_1:(0.007, 0.999, -0.045);Ground_Mountain_0_1:(0.007, 0.999, -0.045);Ground_Mountain_0_1:(0.007, 0.999, -0.045);Ground_Mountain_0_1:(0.007, 0.999, -0.045);Ground_Mountain_0_1:(0.007, 0.999, -0.045);Ground_Mountain_0_1:(0.007, 0.999, -0.045);"
9.220,227.761,895.606,113.309,-94.990,17.964,-17.604,1.430,-3.425,1.000,0.000,-0.121,4,20.710,12.926,0.989,"Ground_Mountain_0_1:(0.228, 0.973, -0.045);Ground_Mountain_0_1:(0.228, 0.973, -0.045);Ground_Mountain_0_1:(0.228, 0.973, -0.045);Ground_Mountain_0_1:(0.228, 0.973, -0.045);Ground_Mountain_0_1:(0.228, 0.973, -0.045);Ground_Mountain_0_1:(0.228, 0.973, -0.045);Ground_Mountain_0_1:(0.011, 0.999, -0.041);Ground_Mountain_0_1:(0.011, 0.999, -0.041);Ground_Mountain_0_1:(0.011, 0.999, -0.041);Ground_Mountain_0_1:(0.011, 0.999, -0.041);Ground_Mountain_0_1:(0.011, 0.999, -0.041);Ground_Mountain_0_1:(0.011, 0.999, -0.041);"
9.240,227.419,895.261,113.343,-95.061,18.128,-17.710,1.755,-3.651,1.000,0.000,-0.119,4,24.242,13.089,0.984,"Ground_Mountain_0_1:(0.225, 0.973, -0.048);Ground_Mountain_0_1:(0.225, 0.973, -0.048);Ground_Mountain_0_1:(0.225, 0.973, -0.048);Ground_Mountain_0_1:(0.225, 0.973, -0.048);Ground_Mountain_0_1:(0.225, 0.973, -0.048);Ground_Mountain_0_1:(0.225, 0.973, -0.048);Ground_Mountain_0_1:(0.011, 0.999, -0.041);Ground_Mountain_0_1:(0.011, 0.999, -0.041);Ground_Mountain_0_1:(0.011, 0.999, -0.041);Ground_Mountain_0_1:(0.011, 0.999, -0.041);Ground_Mountain_0_1:(0.011, 0.999, -0.041);Ground_Mountain_0_1:(0.011, 0.999, -0.041);"
9.260,227.070,894.941,113.428,-95.130,17.876,-17.233,3.158,-3.874,1.000,0.000,-0.123,4,27.589,10.305,0.972,"Ground_Mountain_0_1:(0.217, 0.975, -0.048);Ground_Mountain_0_1:(0.217, 0.975, -0.048);Ground_Mountain_0_1:(0.206, 0.911, -0.358);Ground_Mountain_0_1:(0.217, 0.975, -0.048);Ground_Mountain_0_1:(0.217, 0.975, -0.048);Ground_Mountain_0_1:(0.217, 0.975, -0.048);Ground_Mountain_0_1:(0.011, 0.999, -0.046);Ground_Mountain_0_1:(0.011, 0.999, -0.046);Ground_Mountain_0_1:(0.011, 0.999, -0.046);Ground_Mountain_0_1:(0.011, 0.999, -0.046);Ground_Mountain_0_1:(0.011, 0.999, -0.046);Ground_Mountain_0_1:(0.011, 0.999, -0.046);Ground_Mountain_0_1:(0.371, 0.927, -0.050);Ground_Mountain_0_1:(0.371, 0.927, -0.050);Ground_Mountain_0_1:(0.371, 0.927, -0.050);"
9.280,226.731,894.649,113.588,-95.216,17.903,-16.153,6.403,-4.530,1.000,0.000,-0.099,4,26.008,16.124,0.954,"Ground_Mountain_0_1:(0.233, 0.972, -0.028);Ground_Mountain_0_1:(0.233, 0.972, -0.028);Ground_Mountain_0_1:(0.255, 0.925, -0.280);Ground_Mountain_0_1:(0.233, 0.972, -0.028);Ground_Mountain_0_1:(0.233, 0.972, -0.028);Ground_Mountain_0_1:(0.233, 0.972, -0.028);Ground_Mountain_0_1:(0.020, 0.999, -0.038);Ground_Mountain_0_1:(0.020, 0.999, -0.038);Ground_Mountain_0_1:(0.020, 0.999, -0.038);Ground_Mountain_0_1:(0.290, 0.916, -0.277);Ground_Mountain_0_1:(0.290, 0.916, -0.277);Ground_Mountain_0_1:(0.290, 0.916, -0.277);Ground_Mountain_0_1:(0.371, 0.927, -0.051);Ground_Mountain_0_1:(0.371, 0.927, -0.051);Ground_Mountain_0_1:(0.371, 0.927, -0.051);Ground_Mountain_0_1:(0.371, 0.927, -0.051);Ground_Mountain_0_1:(-0.005, 1.000, -0.029);"
9.300,226.252,894.347,113.763,-95.308,18.076,-16.264,6.348,-4.799,1.000,0.000,-0.073,4,6.831,15.623,0.944,"Ground_Mountain_0_1:(0.231, 0.972, -0.042);Ground_Mountain_0_1:(0.231, 0.972, -0.042);Ground_Mountain_0_1:(0.231, 0.972, -0.042);Ground_Mountain_0_1:(0.231, 0.972, -0.042);Ground_Mountain_0_1:(0.231, 0.972, -0.042);Ground_Mountain_0_1:(0.231, 0.972, -0.042);Ground_Mountain_0_1:(0.262, 0.950, -0.170);Ground_Mountain_0_1:(0.262, 0.950, -0.170);Ground_Mountain_0_1:(0.262, 0.950, -0.170);Ground_Mountain_0_1:(0.206, 0.911, -0.358);Ground_Mountain_0_1:(0.206, 0.911, -0.358);Ground_Mountain_0_1:(0.206, 0.911, -0.358);Ground_Mountain_0_1:(0.267, 0.922, -0.279);Ground_Mountain_0_1:(0.267, 0.922, -0.279);Ground_Mountain_0_1:(0.267, 0.922, -0.279);Ground_Mountain_0_1:(0.267, 0.922, -0.279);Ground_Mountain_0_1:(0.267, 0.922, -0.279);Ground_Mountain_0_1:(0.267, 0.922, -0.279);Ground_Mountain_0_1:(0.371, 0.927, -0.050);Ground_Mountain_0_1:(0.371, 0.927, -0.050);Ground_Mountain_0_1:(0.371, 0.927, -0.050);Ground_Mountain_0_1:(0.371, 0.927, -0.050);"
9.320,225.894,894.037,113.948,-95.416,18.238,-16.389,6.232,-5.068,1.000,0.000,-0.050,3,2.872,12.754,0.939,"Ground_Mountain_0_1:(0.228, 0.973, -0.045);Ground_Mountain_0_1:(0.228, 0.973, -0.045);Ground_Mountain_0_1:(0.228, 0.973, -0.045);Ground_Mountain_0_1:(0.228, 0.973, -0.045);Ground_Mountain_0_1:(0.228, 0.973, -0.045);Ground_Mountain_0_1:(0.228, 0.973, -0.045);Ground_Mountain_0_1:(0.206, 0.911, -0.358);Ground_Mountain_0_1:(0.262, 0.950, -0.170);Ground_Mountain_0_1:(0.262, 0.950, -0.170);Ground_Mountain_0_1:(0.371, 0.927, -0.051);Ground_Mountain_0_1:(0.371, 0.927, -0.051);Ground_Mountain_0_1:(0.262, 0.950, -0.170);Ground_Mountain_0_1:(0.255, 0.925, -0.280);"
9.340,225.521,893.708,114.071,-95.534,18.389,-16.558,6.053,-5.276,1.000,0.000,-0.048,2,0.000,8.805,0.946,"Ground_Mountain_0_1:(0.228, 0.973, -0.045);Ground_Mountain_0_1:(0.228, 0.973, -0.045);Ground_Mountain_0_1:(0.228, 0.973, -0.045);Ground_Mountain_0_1:(0.228, 0.973, -0.045);Ground_Mountain_0_1:(0.228, 0.973, -0.045);Ground_Mountain_0_1:(0.228, 0.973, -0.045);Ground_Mountain_0_1:(0.262, 0.950, -0.170);Ground_Mountain_0_1:(0.371, 0.927, -0.051);Ground_Mountain_0_1:(0.371, 0.927, -0.051);"
9.360,225.156,893.376,114.190,-95.656,18.541,-16.722,5.872,-5.489,1.000,0.000,-0.047,2,0.000,8.646,0.950,"Ground_Mountain_0_1:(0.220, 0.974, -0.053);Ground_Mountain_0_1:(0.220, 0.974, -0.053);Ground_Mountain_0_1:(0.220, 0.974, -0.053);Ground_Mountain_0_1:(0.262, 0.950, -0.170);Ground_Mountain_0_1:(0.262, 0.950, -0.170);Ground_Mountain_0_1:(0.371, 0.927, -0.051);"
9.380,224.789,893.043,114.304,-95.777,18.466,-16.715,5.674,-5.487,1.000,0.000,-0.047,1,0.000,2.375,0.953,"Ground_Mountain_0_1:(0.262, 0.950, -0.170);Ground_Mountain_0_1:(0.262, 0.950, -0.170);Ground_Mountain_0_1:(0.371, 0.927, -0.051);Ground_Mountain_0_1:(0.220, 0.974, -0.053);Ground_Mountain_0_1:(0.220, 0.974, -0.053);Ground_Mountain_0_1:(0.526, 0.837, -0.150);Ground_Mountain_0_1:(0.526, 0.837, -0.150);"
9.400,224.283,892.711,114.414,-95.898,18.394,-16.709,5.475,-5.485,1.000,0.000,-0.048,1,0.000,2.462,0.954,"Ground_Mountain_0_1:(0.262, 0.950, -0.170);Ground_Mountain_0_1:(0.290, 0.953, 0.086);Ground_Mountain_0_1:(0.290, 0.953, 0.086);Ground_Mountain_0_1:(0.290, 0.953, 0.086);Ground_Mountain_0_1:(0.526, 0.837, -0.150);Ground_Mountain_0_1:(0.526, 0.837, -0.150);Ground_Mountain_0_1:(0.526, 0.837, -0.150);Ground_Mountain_0_1:(0.449, 0.859, -0.244);Ground_Mountain_0_1:(0.220, 0.974, -0.053);"
9.420,223.924,892.375,114.519,-96.024,18.553,-16.855,5.276,-5.749,1.000,0.000,-0.051,2,0.000,6.723,0.953,"Ground_Mountain_0_1:(0.449, 0.858, -0.250);Ground_Mountain_0_1:(0.449, 0.858, -0.250);Ground_Mountain_0_1:(0.449, 0.858, -0.250);Ground_Mountain_0_1:(0.449, 0.858, -0.250);Ground_Mountain_0_1:(0.262, 0.950, -0.170);Ground_Mountain_0_1:(0.262, 0.950, -0.170);Ground_Mountain_0_1:(0.262, 0.950, -0.170);Ground_Mountain_0_1:(0.296, 0.954, 0.045);Ground_Mountain_0_1:(0.526, 0.837, -0.150);"
9.440,223.562,892.039,114.620,-96.150,18.486,-16.848,5.078,-5.746,1.000,0.000,-0.056,1,0.000,2.548,0.951,"Ground_Mountain_0_1:(0.449, 0.858, -0.250);Ground_Mountain_0_1:(0.449, 0.858, -0.250);Ground_Mountain_0_1:(0.449, 0.858, -0.250);Ground_Mountain_0_1:(0.449, 0.858, -0.250);Ground_Mountain_0_1:(0.526, 0.837, -0.150);Ground_Mountain_0_1:(0.526, 0.837, -0.150);Ground_Mountain_0_1:(0.301, 0.953, 0.006);Ground_Mountain_0_1:(0.301, 0.953, 0.006);Ground_Mountain_0_1:(0.301, 0.953, 0.006);"
9.460,223.203,891.704,114.717,-96.275,18.421,-16.841,4.880,-5.744,1.000,0.000,-0.062,1,0.000,2.617,0.948,"Ground_Mountain_0_1:(0.449, 0.858, -0.250);Ground_Mountain_0_1:(0.449, 0.858, -0.250);Ground_Mountain_0_1:(0.449, 0.858, -0.250);Ground_Mountain_0_1:(0.449, 0.858, -0.250);Ground_Mountain_0_1:(0.526, 0.837, -0.150);Ground_Mountain_0_1:(0.526, 0.837, -0.150);Ground_Mountain_0_1:(0.262, 0.950, -0.170);Ground_Mountain_0_1:(0.262, 0.950, -0.170);"
9.480,222.675,891.368,114.809,-96.399,18.358,-16.832,4.691,-5.742,1.000,0.000,-0.074,1,0.471,2.682,0.944,"Ground_Mountain_0_1:(0.448, 0.857, -0.254);Ground_Mountain_0_1:(0.448, 0.857, -0.254);Ground_Mountain_0_1:(0.448, 0.857, -0.254);Ground_Mountain_0_1:(0.448, 0.857, -0.254);Ground_Mountain_0_1:(0.448, 0.857, -0.254);Ground_Mountain_0_1:(0.424, 0.857, -0.294);Ground_Mountain_0_1:(0.526, 0.837, -0.150);Ground_Mountain_0_1:(0.262, 0.950, -0.170);"
9.500,222.318,891.032,114.898,-96.524,18.297,-16.818,4.514,-5.742,1.000,0.000,-0.084,1,1.103,2.750,0.939,"Ground_Mountain_0_1:(0.588, 0.765, -0.263);Ground_Mountain_0_1:(0.588, 0.765, -0.263);Ground_Mountain_0_1:(0.588, 0.765, -0.263);Ground_Mountain_0_1:(0.433, 0.855, -0.284);Ground_Mountain_0_1:(0.433, 0.855, -0.284);Ground_Mountain_0_1:(0.433, 0.855, -0.284);Ground_Mountain_0_1:(0.433, 0.855, -0.284);Ground_Mountain_0_1:(0.433, 0.855, -0.284);Ground_Mountain_0_1:(0.449, 0.859, -0.244);Ground_Mountain_0_1:(0.449, 0.859, -0.244);"
9.520,221.963,890.705,114.996,-96.664,18.031,-16.370,4.874,-5.893,1.000,0.000,-0.094,1,1.823,2.823,0.928,"Ground_Mountain_0_1:(0.588, 0.765, -0.263);Ground_Mountain_0_1:(0.588, 0.765, -0.263);Ground_Mountain_0_1:(0.588, 0.765, -0.263);Ground_Mountain_0_1:(0.435, 0.855, -0.282);Ground_Mountain_0_1:(0.435, 0.855, -0.282);Ground_Mountain_0_1:(0.435, 0.855, -0.282);Ground_Mountain_0_1:(0.435, 0.855, -0.282);Ground_Mountain_0_1:(0.316, 0.939, -0.137);Ground_Mountain_0_1:(0.316, 0.939, -0.137);Ground_Mountain_0_1:(0.526, 0.837, -0.150);"
9.540,221.608,890.392,115.092,-96.812,17.976,-16.018,5.207,-6.408,1.000,0.000,-0.122,2,5.149,19.071,0.899,"Ground_Mountain_0_1:(0.588, 0.765, -0.263);Ground_Mountain_0_1:(0.588, 0.765, -0.263);Ground_Mountain_0_1:(0.588, 0.765, -0.263);Ground_Mountain_0_1:(0.588, 0.765, -0.263);Ground_Mountain_0_1:(0.588, 0.765, -0.263);Ground_Mountain_0_1:(0.588, 0.765, -0.263);Ground_Mountain_0_1:(0.435, 0.855, -0.282);Ground_Mountain_0_1:(0.435, 0.855, -0.282);Ground_Mountain_0_1:(0.435, 0.855, -0.282);Ground_Mountain_0_1:(0.435, 0.855, -0.282);Ground_Mountain_0_1:(0.307, 0.928, -0.212);Ground_Mountain_0_1:(0.307, 0.928, -0.212);"
9.560,221.265,890.139,115.226,-97.000,17.387,-14.776,6.470,-7.011,1.000,0.000,-0.151,2,4.384,21.647,0.814,"Ground_Mountain_0_1:(0.588, 0.765, -0.263);Ground_Mountain_0_1:(0.588, 0.765, -0.263);Ground_Mountain_0_1:(0.588, 0.765, -0.263);Ground_Mountain_0_1:(0.588, 0.765, -0.263);Ground_Mountain_0_1:(0.588, 0.765, -0.263);Ground_Mountain_0_1:(0.588, 0.765, -0.263);Ground_Mountain_0_1:(0.607, 0.790, -0.086);Ground_Mountain_0_1:(0.607, 0.790, -0.086);Ground_Mountain_0_1:(0.607, 0.790, -0.086);Ground_Mountain_0_1:(0.333, 0.899, -0.283);Ground_Mountain_0_1:(0.444, 0.857, -0.261);Ground_Mountain_0_1:(0.444, 0.857, -0.261);Ground_Mountain_0_1:(0.444, 0.857, -0.261);Ground_Mountain_0_1:(0.444, 0.857, -0.261);Ground_Mountain_0_1:(0.444, 0.857, -0.261);Ground_Mountain_0_1:(0.444, 0.857, -0.261);"
9.580,220.672,889.954,115.411,-97.212,16.109,-12.357,8.728,-7.950,1.000,0.000,-0.227,2,2.669,31.310,0.705,"Ground_Mountain_0_1:(0.588, 0.765, -0.263);Ground_Mountain_0_1:(0.588, 0.765, -0.263);Ground_Mountain_0_1:(0.588, 0.765, -0.263);Ground_Mountain_0_1:(0.588, 0.765, -0.263);Ground_Mountain_0_1:(0.588, 0.765, -0.263);Ground_Mountain_0_1:(0.588, 0.765, -0.263);Ground_Mountain_0_1:(0.440, 0.856, -0.273);Ground_Mountain_0_1:(0.440, 0.856, -0.273);Ground_Mountain_0_1:(0.440, 0.856, -0.273);Ground_Mountain_0_1:(0.440, 0.856, -0.273);Ground_Mountain_0_1:(0.440, 0.856, -0.273);Ground_Mountain_0_1:(0.440, 0.856, -0.273);Ground_Mountain_0_1:(0.607, 0.790, -0.086);Ground_Mountain_0_1:(0.607, 0.790, -0.086);Ground_Mountain_0_1:(0.607, 0.790, -0.086);"
9.600,220.390,889.725,115.566,-97.375,16.391,-12.352,8.529,-7.947,1.000,0.000,-0.311,1,0.000,7.307,0.650,"Ground_Mountain_0_1:(0.587, 0.765, -0.263);Ground_Mountain_0_1:(0.587, 0.765, -0.263);Ground_Mountain_0_1:(0.587, 0.765, -0.263);Ground_Mountain_0_1:(0.587, 0.765, -0.263);Ground_Mountain_0_1:(0.587, 0.765, -0.263);Ground_Mountain_0_1:(0.424, 0.857, -0.294);Ground_Mountain_0_1:(0.424, 0.857, -0.294);"
9.620,220.089,889.494,115.717,-97.538,16.569,-12.347,8.329,-7.944,1.000,0.000,-0.360,1,0.000,7.369,0.592,"Ground_Mountain_0_1:(0.587, 0.765, -0.264);Ground_Mountain_0_1:(0.587, 0.765, -0.264);Ground_Mountain_0_1:(0.587, 0.765, -0.264);Ground_Mountain_0_1:(0.473, 0.650, -0.595);Ground_Mountain_0_1:(0.588, 0.765, -0.263);Ground_Mountain_0_1:(0.588, 0.765, -0.263);Ground_Mountain_0_1:(0.424, 0.857, -0.294);Ground_Mountain_0_1:(0.424, 0.857, -0.294);"
9.640,219.790,889.261,115.863,-97.699,16.653,-12.342,8.130,-7.940,1.000,0.000,-0.415,1,0.000,7.404,0.533,"Ground_Mountain_0_1:(0.587, 0.765, -0.264);Ground_Mountain_0_1:(0.587, 0.765, -0.264);Ground_Mountain_0_1:(0.587, 0.765, -0.264);Ground_Mountain_0_1:(0.587, 0.765, -0.264);Ground_Mountain_0_1:(0.530, 0.592, -0.607);Ground_Mountain_0_1:(0.424, 0.857, -0.294);Ground_Mountain_0_1:(0.424, 0.857, -0.294);"
9.660,219.491,889.027,116.005,-97.859,16.649,-12.337,7.930,-7.937,1.000,0.000,-0.474,1,0.000,7.411,0.473,"Ground_Mountain_0_1:(0.587, 0.765, -0.264);Ground_Mountain_0_1:(0.587, 0.765, -0.264);Ground_Mountain_0_1:(0.587, 0.765, -0.264);Ground_Mountain_0_1:(0.587, 0.765, -0.264);Ground_Mountain_0_1:(0.582, 0.533, -0.615);Ground_Mountain_0_1:(0.582, 0.533, -0.615);"
9.680,218.724,888.793,116.144,-98.019,16.575,-12.251,7.793,-8.014,1.000,0.000,-0.552,1,6.497,7.394,0.415,"Ground_Mountain_0_1:(0.587, 0.765, -0.264);Ground_Mountain_0_1:(0.587, 0.765, -0.264);Ground_Mountain_0_1:(0.587, 0.765, -0.264);Ground_Mountain_0_1:(0.587, 0.765, -0.264);Ground_Mountain_0_1:(0.426, 0.598, -0.678);Ground_Mountain_0_1:(0.426, 0.598, -0.678);Ground_Mountain_0_1:(0.462, 0.603, -0.650);Ground_Mountain_0_1:(0.462, 0.603, -0.650);"
9.700,218.446,888.560,116.282,-98.181,16.446,-12.132,7.664,-8.116,1.000,0.000,-0.615,1,8.491,7.215,0.361,"Ground_Mountain_0_1:(0.587, 0.765, -0.264);Ground_Mountain_0_1:(0.587, 0.765, -0.264);Ground_Mountain_0_1:(0.587, 0.765, -0.264);Ground_Mountain_0_1:(0.426, 0.598, -0.678);Ground_Mountain_0_1:(0.426, 0.598, -0.678);Ground_Mountain_0_1:(0.426, 0.598, -0.678);Ground_Mountain_0_1:(0.462, 0.603, -0.650);"
9.720,218.168,888.328,116.419,-98.344,16.279,-11.988,7.537,-8.237,1.000,0.000,-0.674,1,10.010,6.974,0.311,"Ground_Mountain_0_1:(0.587, 0.765, -0.264);Ground_Mountain_0_1:(0.587, 0.765, -0.264);Ground_Mountain_0_1:(0.587, 0.765, -0.264);Ground_Mountain_0_1:(0.462, 0.603, -0.650);Ground_Mountain_0_1:(0.462, 0.603, -0.650);Ground_Mountain_0_1:(0.462, 0.603, -0.650);Ground_Mountain_0_1:(-0.207, 0.647, -0.734);"
9.740,217.892,888.098,116.555,-98.510,16.092,-11.811,7.421,-8.374,1.000,0.000,-0.727,1,11.072,6.683,0.268,"Ground_Mountain_0_1:(0.587, 0.765, -0.264);Ground_Mountain_0_1:(0.587, 0.765, -0.264);Ground_Mountain_0_1:(0.441, 0.600, -0.667);Ground_Mountain_0_1:(0.441, 0.600, -0.667);Ground_Mountain_0_1:(0.441, 0.600, -0.667);Ground_Mountain_0_1:(0.441, 0.600, -0.667);Ground_Mountain_0_1:(0.441, 0.600, -0.667);Ground_Mountain_0_1:(-0.207, 0.647, -0.734);Ground_Mountain_0_1:(-0.207, 0.647, -0.734);"
9.760,217.250,887.869,116.690,-98.678,15.887,-11.652,7.277,-8.496,1.000,0.000,-0.745,1,10.326,6.306,0.230,"Ground_Mountain_0_1:(0.444, 0.601, -0.665);Ground_Mountain_0_1:(0.444, 0.601, -0.665);Ground_Mountain_0_1:(0.444, 0.601, -0.665);Ground_Mountain_0_1:(0.444, 0.601, -0.665);Ground_Mountain_0_1:(0.444, 0.601, -0.665);Ground_Mountain_0_1:(0.444, 0.601, -0.665);Ground_Mountain_0_1:(0.587, 0.765, -0.264);Ground_Mountain_0_1:(0.587, 0.765, -0.264);Ground_Mountain_0_1:(-0.207, 0.647, -0.734);"
9.780,217.024,887.643,116.826,-98.848,15.713,-11.521,7.201,-8.546,1.000,0.000,-0.787,0,0.000,5.990,0.201,"Ground_Mountain_0_1:(0.438, 0.600, -0.669);Ground_Mountain_0_1:(0.438, 0.600, -0.669);Ground_Mountain_0_1:(0.438, 0.600, -0.669);Ground_Mountain_0_1:(0.438, 0.600, -0.669);Ground_Mountain_0_1:(0.438, 0.600, -0.669);Ground_Mountain_0_1:(0.438, 0.600, -0.669);Ground_Mountain_0_1:(-0.207, 0.647, -0.734);Ground_Mountain_0_1:(-0.207, 0.647, -0.734);Ground_Mountain_0_1:(0.587, 0.765, -0.264);"
9.800,216.799,887.416,116.958,-99.017,15.502,-11.517,7.002,-8.543,1.000,0.000,-0.819,0,0.000,5.542,0.173,"Ground_Mountain_0_1:(-0.207, 0.647, -0.734);Ground_Mountain_0_1:(-0.207, 0.647, -0.734);Ground_Mountain_0_1:(-0.207, 0.647, -0.734);Ground_Mountain_0_1:(0.426, 0.598, -0.678);"
9.820,216.574,887.188,117.087,-99.185,15.280,-11.512,6.803,-8.539,1.000,0.000,-0.848,0,0.000,5.441,0.148,""
9.840,216.347,886.961,117.213,-99.354,15.052,-11.507,6.604,-8.536,1.000,0.000,-0.872,0,0.000,5.338,0.124,""
9.860,216.119,886.733,117.335,-99.522,14.818,-11.503,6.405,-8.532,1.000,0.000,-0.892,0,0.000,5.234,0.102,""
9.880,215.708,886.505,117.453,-99.691,14.581,-11.498,6.207,-8.529,1.000,0.000,-0.936,0,0.000,5.130,0.083,""
9.900,215.499,886.277,117.569,-99.859,14.341,-11.494,6.008,-8.526,1.000,0.000,-0.949,0,0.000,5.025,0.065,""
9.920,215.288,886.050,117.680,-100.027,14.100,-11.489,5.809,-8.522,1.000,0.000,-0.958,0,0.000,4.921,0.049,""
9.940,215.077,885.822,117.789,-100.195,13.860,-11.484,5.611,-8.519,1.000,0.000,-0.964,0,0.000,4.818,0.036,""
9.960,214.865,885.594,117.894,-100.362,13.621,-11.480,5.413,-8.515,1.000,0.000,-0.967,0,0.000,4.716,0.024,""
9.980,214.651,885.366,117.995,-100.530,13.385,-11.475,5.214,-8.512,1.000,0.000,-0.967,0,0.000,4.615,0.014,""
10.000,214.194,885.138,118.093,-100.698,13.152,-11.471,5.016,-8.508,1.000,0.000,-0.945,0,0.000,4.517,0.005,""
10.020,213.982,884.910,118.188,-100.865,12.922,-11.466,4.818,-8.505,1.000,0.000,-0.943,0,0.000,4.420,-0.001,""
10.040,213.770,884.682,118.279,-101.033,12.696,-11.462,4.620,-8.502,1.000,0.000,-0.939,0,0.000,4.326,-0.006,""
10.060,213.556,884.454,118.366,-101.200,12.475,-11.457,4.422,-8.498,1.000,0.000,-0.933,0,0.000,4.234,-0.010,""
10.080,213.341,884.227,118.450,-101.368,12.259,-11.452,4.224,-8.495,1.000,0.000,-0.927,0,0.000,4.144,-0.011,""
10.100,213.124,883.999,118.531,-101.535,12.049,-11.448,4.026,-8.491,1.000,0.000,-0.919,0,0.000,4.056,-0.011,""
10.120,212.401,883.771,118.608,-101.702,11.844,-11.443,3.829,-8.488,1.000,0.000,-0.882,0,0.000,3.971,-0.010,""
10.140,212.176,883.544,118.681,-101.869,11.645,-11.439,3.631,-8.485,1.000,0.000,-0.875,0,0.000,3.888,-0.007,""
10.160,211.950,883.317,118.751,-102.037,11.452,-11.434,3.433,-8.481,1.000,0.000,-0.867,0,0.000,3.807,-0.002,""
10.180,211.722,883.089,118.817,-102.204,11.265,-11.429,3.236,-8.478,1.000,0.000,-0.866,0,0.000,3.728,0.004,""
10.200,211.494,882.862,118.880,-102.370,11.085,-11.425,3.038,-8.475,1.000,0.000,-0.856,0,0.000,3.651,0.011,""
10.220,211.264,882.635,118.940,-102.537,10.911,-11.420,2.841,-8.471,1.000,0.000,-0.846,0,0.000,3.575,0.019,""
10.240,211.034,882.407,118.995,-102.704,10.744,-11.416,2.644,-8.468,1.000,0.000,-0.836,0,0.000,3.502,0.029,""
10.260,210.801,882.180,119.047,-102.871,10.584,-11.411,2.447,-8.464,1.000,0.000,-0.826,0,0.000,3.430,0.041,""
10.280,210.568,881.953,119.096,-103.037,10.431,-11.407,2.250,-8.461,1.000,0.000,-0.817,0,0.000,3.359,0.053,""
10.300,210.334,881.726,119.141,-103.204,10.284,-11.402,2.052,-8.458,1.000,0.000,-0.808,0,0.000,3.289,0.067,""
10.320,210.098,881.498,119.182,-103.370,10.145,-11.398,1.856,-8.454,1.000,0.000,-0.799,0,0.000,3.221,0.081,""
10.340,209.241,881.271,119.220,-103.536,10.013,-11.393,1.659,-8.451,1.000,0.000,-0.786,0,0.000,3.153,0.097,""
10.360,208.998,881.044,119.254,-103.702,9.888,-11.388,1.462,-8.447,1.000,0.000,-0.781,0,0.000,3.085,0.114,""
10.380,208.754,880.817,119.284,-103.868,9.771,-11.384,1.265,-8.444,1.000,0.000,-0.777,0,0.000,3.018,0.133,""
10.400,208.509,880.589,119.311,-104.034,9.661,-11.379,1.069,-8.441,1.000,0.000,-0.755,0,0.000,2.951,0.152,""
10.420,208.263,880.362,119.334,-104.200,9.559,-11.375,0.872,-8.437,1.000,0.000,-0.750,0,0.000,2.883,0.172,""
10.440,208.016,880.134,119.353,-104.366,9.465,-11.370,0.676,-8.434,1.000,0.000,-0.745,0,0.000,2.816,0.193,""
10.460,207.767,879.906,119.369,-104.531,9.379,-11.366,0.479,-8.431,1.000,0.000,-0.741,0,0.000,2.748,0.214,""
10.480,207.517,879.679,119.381,-104.697,9.301,-11.361,0.283,-8.427,1.000,0.000,-0.738,0,0.000,2.679,0.237,""
10.500,207.265,879.451,119.389,-104.862,9.231,-11.357,0.087,-8.424,1.000,0.000,-0.736,0,0.000,2.609,0.260,""
10.520,206.346,879.223,119.393,-105.027,9.170,-11.352,-0.110,-8.420,1.000,0.000,-0.759,0,0.000,2.539,0.284,""
10.540,206.088,878.994,119.394,-105.192,9.117,-11.347,-0.306,-8.417,1.000,0.000,-0.762,0,0.000,2.467,0.309,""
10.560,205.829,878.766,119.391,-105.357,9.073,-11.343,-0.502,-8.414,1.000,0.000,-0.729,0,0.000,2.394,0.334,""
10.580,205.569,878.537,119.384,-105.521,9.038,-11.338,-0.698,-8.410,1.000,0.000,-0.732,0,0.000,2.319,0.360,""
10.600,205.307,878.308,119.374,-105.686,9.011,-11.334,-0.893,-8.407,1.000,0.000,-0.736,0,0.000,2.243,0.386,""
10.620,205.044,878.079,119.359,-105.850,8.994,-11.329,-1.089,-8.404,1.000,0.000,-0.741,0,0.000,2.165,0.412,""
10.640,204.780,877.850,119.341,-106.015,8.985,-11.325,-1.285,-8.400,1.000,0.000,-0.747,0,0.000,2.086,0.439,""
10.660,203.801,877.620,119.319,-106.179,8.986,-11.320,-1.480,-8.397,1.000,0.000,-0.817,0,0.000,2.005,0.465,""
10.680,203.531,877.391,119.293,-106.343,8.996,-11.316,-1.676,-8.394,1.000,0.000,-0.834,0,0.000,1.922,0.492,""
10.700,203.259,877.161,119.263,-106.507,9.014,-11.311,-1.871,-8.390,1.000,0.000,-0.783,0,0.000,1.838,0.519,""
10.720,202.986,876.930,119.229,-106.671,9.042,-11.307,-2.067,-8.387,1.000,0.000,-0.796,0,0.000,1.753,0.545,""
10.740,202.712,876.700,119.191,-106.835,9.080,-11.302,-2.262,-8.383,1.000,0.000,-0.810,0,0.000,1.667,0.572,""
10.760,202.436,876.469,119.150,-106.999,9.126,-11.298,-2.457,-8.380,1.000,0.000,-0.824,0,0.000,1.579,0.598,""
10.780,202.159,876.238,119.104,-107.162,9.181,-11.293,-2.652,-8.377,1.000,0.000,-0.836,0,0.000,1.491,0.624,""
10.800,201.130,876.007,119.054,-107.326,9.244,-11.289,-2.848,-8.373,1.000,0.000,-0.897,0,0.000,1.403,0.649,""
10.820,200.848,875.775,119.000,-107.490,9.317,-11.284,-3.042,-8.370,1.000,0.000,-0.915,0,0.000,1.316,0.674,""
10.840,200.564,875.543,118.942,-107.653,9.397,-11.280,-3.237,-8.367,1.000,0.000,-0.924,0,0.000,1.229,0.698,""
10.860,200.279,875.311,118.880,-107.817,9.486,-11.275,-3.432,-8.363,1.000,0.000,-0.915,0,0.000,1.144,0.722,""
10.880,199.993,875.079,118.814,-107.980,9.583,-11.271,-3.627,-8.360,1.000,0.000,-0.867,0,0.000,1.063,0.745,""
10.900,199.705,874.847,118.744,-108.143,9.687,-11.266,-3.822,-8.357,1.000,0.000,-0.739,0,0.000,0.986,0.767,""
10.920,199.416,874.614,118.669,-108.307,9.798,-11.262,-4.016,-8.353,1.000,0.000,-0.437,0,0.000,0.915,0.788,""
10.940,198.384,874.381,118.591,-108.470,9.917,-11.257,-4.211,-8.350,1.000,0.000,-0.023,0,0.000,0.852,0.808,""
10.960,198.091,874.148,118.508,-108.634,10.041,-11.253,-4.405,-8.347,1.000,0.000,1.000,0,0.000,0.800,0.827,""
10.980,197.796,873.915,118.421,-108.797,10.172,-11.248,-4.600,-8.343,1.000,0.000,1.000,0,0.000,0.761,0.845,""
11.000,197.501,873.682,118.330,-108.961,10.308,-11.244,-4.794,-8.340,1.000,0.000,1.000,0,0.000,0.738,0.862,""
11.020,197.204,873.449,118.234,-109.124,10.449,-11.239,-4.988,-8.337,1.000,0.000,1.000,0,0.000,0.731,0.878,""
11.040,196.906,873.216,118.135,-109.288,10.595,-11.235,-5.182,-8.333,1.000,0.000,1.000,0,0.000,0.741,0.893,""
11.060,195.867,872.983,118.031,-109.452,10.745,-11.230,-5.376,-8.330,1.000,0.000,1.000,0,0.000,0.767,0.906,""
11.080,195.565,872.750,117.923,-109.616,10.898,-11.226,-5.570,-8.327,1.000,0.000,1.000,0,0.000,0.807,0.919,""
11.100,195.263,872.516,117.811,-109.779,11.054,-11.221,-5.764,-8.323,1.000,0.000,1.000,0,0.000,0.858,0.930,""
11.120,194.960,872.283,117.695,-109.943,11.213,-11.217,-5.958,-8.320,1.000,0.000,1.000,0,0.000,0.918,0.940,""
11.140,194.656,872.050,117.574,-110.107,11.374,-11.212,-6.152,-8.317,1.000,0.000,1.000,0,0.000,0.984,0.949,""
11.160,193.634,871.817,117.450,-110.272,11.536,-11.208,-6.345,-8.313,1.000,0.000,1.000,0,0.000,1.054,0.957,""
11.180,193.328,871.584,117.321,-110.436,11.700,-11.203,-6.539,-8.310,1.000,0.000,1.000,0,0.000,1.127,0.964,""
11.200,193.020,871.351,117.188,-110.600,11.864,-11.199,-6.732,-8.307,1.000,0.000,1.000,0,0.000,1.201,0.969,""
11.220,192.712,871.119,117.050,-110.765,12.028,-11.194,-6.926,-8.303,1.000,0.000,1.000,0,0.000,1.276,0.974,""
11.240,192.403,870.886,116.909,-110.929,12.192,-11.190,-7.119,-8.300,1.000,0.000,0.990,0,0.000,1.350,0.978,""
11.260,191.382,870.654,116.764,-111.094,12.355,-11.185,-7.312,-8.297,1.000,0.000,0.869,0,0.000,1.422,0.980,""
11.280,191.072,870.422,116.614,-111.258,12.516,-11.181,-7.506,-8.293,1.000,0.000,0.818,0,0.000,1.492,0.982,""
11.300,190.761,870.190,116.460,-111.423,12.677,-11.176,-7.699,-8.290,1.000,0.000,0.774,0,0.000,1.560,0.983,""
11.320,190.449,869.959,116.303,-111.588,12.835,-11.172,-7.892,-8.287,1.000,0.000,0.735,0,0.000,1.626,0.983,""
11.340,190.137,869.728,116.141,-111.753,12.991,-11.167,-8.085,-8.283,1.000,0.000,0.701,0,0.000,1.688,0.983,""
11.360,189.151,869.497,115.975,-111.918,13.145,-11.163,-8.278,-8.280,1.000,0.000,0.632,0,0.000,1.747,0.982,""
11.380,188.838,869.266,115.805,-112.083,13.296,-11.158,-8.470,-8.277,1.000,0.000,0.607,0,0.000,1.802,0.980,""
11.400,188.525,869.036,115.631,-112.249,13.444,-11.154,-8.663,-8.274,1.000,0.000,0.585,0,0.000,1.853,0.978,""
11.420,188.212,868.806,115.453,-112.414,13.589,-11.149,-8.856,-8.270,1.000,0.000,0.566,0,0.000,1.901,0.975,""
11.440,187.897,868.576,115.271,-112.580,13.731,-11.145,-9.048,-8.267,1.000,0.000,0.569,0,0.000,1.945,0.972,""
11.460,187.025,868.347,115.085,-112.745,13.870,-11.141,-9.241,-8.264,1.000,0.000,0.509,0,0.000,1.985,0.968,""
11.480,186.710,868.118,114.896,-112.911,14.005,-11.136,-9.433,-8.260,1.000,0.000,0.496,0,0.000,2.021,0.964,""
11.500,186.395,867.890,114.702,-113.076,14.136,-11.132,-9.626,-8.257,1.000,0.000,0.484,0,0.000,2.053,0.960,""
11.520,186.079,867.661,114.504,-113.242,14.264,-11.127,-9.818,-8.254,1.000,0.000,0.487,0,0.000,2.081,0.956,""
11.540,185.763,867.433,114.303,-113.408,14.389,-11.123,-10.010,-8.250,1.000,0.000,0.477,0,0.000,2.105,0.951,""
11.560,185.446,867.206,114.098,-113.573,14.509,-11.118,-10.202,-8.247,1.000,0.000,0.468,0,0.000,2.126,0.947,""
11.580,184.637,866.979,113.889,-113.739,14.626,-11.114,-10.394,-8.244,1.000,0.000,0.438,0,0.000,2.142,0.942,""
11.600,184.319,866.752,113.676,-113.905,14.739,-11.109,-10.586,-8.240,1.000,0.000,0.431,0,0.000,2.155,0.938,""
11.620,184.001,866.525,113.459,-114.071,14.849,-11.105,-10.778,-8.237,1.000,0.000,0.425,0,0.000,2.164,0.933,""
11.640,183.683,866.299,113.238,-114.237,14.954,-11.100,-10.970,-8.234,1.000,0.000,0.419,0,0.000,2.170,0.929,""
11.660,183.364,866.074,113.014,-114.403,15.057,-11.096,-11.162,-8.231,1.000,0.000,0.413,0,0.000,2.173,0.924,""
11.680,182.603,865.848,112.785,-114.569,15.156,-11.092,-11.353,-8.227,1.000,0.000,0.390,0,0.000,2.172,0.920,""
11.700,182.283,865.623,112.553,-114.734,15.251,-11.087,-11.545,-8.224,1.000,0.000,0.385,0,0.000,2.167,0.916,""
11.720,181.963,865.398,112.318,-114.900,15.343,-11.083,-11.736,-8.221,1.000,0.000,0.381,0,0.000,2.160,0.913,""
11.740,181.642,865.174,112.078,-115.066,15.431,-11.078,-11.928,-8.217,1.000,0.000,0.378,0,0.000,2.150,0.909,""
11.760,181.320,864.950,111.835,-115.232,15.516,-11.074,-12.119,-8.214,1.000,0.000,0.374,0,0.000,2.137,0.906,""
11.780,180.614,864.726,111.588,-115.398,15.598,-11.069,-12.311,-8.211,1.000,0.000,0.355,0,0.000,2.122,0.903,""
11.800,180.292,864.503,111.337,-115.564,15.676,-11.065,-12.502,-8.208,1.000,0.000,0.352,0,0.000,2.103,0.900,""
11.820,179.969,864.280,111.082,-115.729,15.751,-11.061,-12.693,-8.204,1.000,0.000,0.349,0,0.000,2.083,0.898,""
11.840,179.646,864.057,110.824,-115.895,15.823,-11.056,-12.884,-8.201,1.000,0.000,0.347,0,0.000,2.059,0.896,""
11.860,179.322,863.834,110.562,-116.061,15.892,-11.052,-13.075,-8.198,1.000,0.000,0.345,0,0.000,2.034,0.894,""
11.880,178.642,863.612,110.296,-116.227,15.957,-11.047,-13.266,-8.194,1.000,0.000,0.327,0,0.000,2.007,0.892,""
11.900,178.318,863.390,110.027,-116.392,16.020,-11.043,-13.457,-8.191,1.000,0.000,0.325,0,0.000,1.977,0.891,""
11.920,177.994,863.169,109.754,-116.558,16.079,-11.038,-13.647,-8.188,1.000,0.000,0.323,0,0.000,1.946,0.890,""
11.940,177.669,862.947,109.477,-116.723,16.135,-11.034,-13.838,-8.185,1.000,0.000,0.319,0,0.000,1.913,0.890,""
11.960,177.343,862.726,109.196,-116.889,16.188,-11.030,-14.029,-8.181,1.000,0.000,0.318,0,0.000,1.878,0.890,""
11.980,176.726,862.506,108.912,-117.054,16.237,-11.025,-14.219,-8.178,1.000,0.000,0.305,0,0.000,1.841,0.890,""
12.000,176.399,862.285,108.624,-117.219,16.283,-11.021,-14.409,-8.175,1.000,0.000,0.303,0,0.000,1.804,0.890,""
12.020,176.073,862.065,108.332,-117.385,16.326,-11.016,-14.600,-8.172,1.000,0.000,0.298,0,0.000,1.764,0.891,""
12.040,175.745,861.845,108.037,-117.550,16.366,-11.012,-14.790,-8.168,1.000,0.000,0.297,0,0.000,1.724,0.892,""
12.060,175.418,861.626,107.737,-117.715,16.401,-11.008,-14.980,-8.165,1.000,0.000,0.296,0,0.000,1.682,0.893,""
12.080,174.853,861.406,107.434,-117.880,16.434,-11.003,-15.170,-8.162,1.000,0.000,0.287,0,0.000,1.639,0.895,""
12.100,174.524,861.187,107.128,-118.045,16.463,-10.999,-15.361,-8.158,1.000,0.000,0.286,0,0.000,1.595,0.897,""
12.120,174.195,860.969,106.817,-118.210,16.488,-10.994,-15.550,-8.155,1.000,0.000,0.280,0,0.000,1.550,0.899,""
12.140,173.866,860.750,106.503,-118.374,16.509,-10.990,-15.740,-8.152,1.000,0.000,0.279,0,0.000,1.504,0.901,""
12.160,173.536,860.532,106.185,-118.539,16.526,-10.986,-15.930,-8.149,1.000,0.000,0.279,0,0.000,1.457,0.903,""
12.180,173.023,860.314,105.863,-118.703,16.540,-10.981,-16.120,-8.145,1.000,0.000,0.273,0,0.000,1.410,0.906,""
12.200,172.692,860.096,105.538,-118.868,16.549,-10.977,-16.310,-8.142,1.000,0.000,0.273,0,0.000,1.362,0.909,""
12.220,172.361,859.878,105.209,-119.032,16.554,-10.972,-16.499,-8.139,1.000,0.000,0.266,0,0.000,1.314,0.912,""
12.240,172.029,859.661,104.876,-119.197,16.555,-10.968,-16.689,-8.136,1.000,0.000,0.266,0,0.000,1.265,0.915,""
12.260,171.697,859.444,104.539,-119.361,16.552,-10.964,-16.878,-8.132,1.000,0.000,0.267,0,0.000,1.216,0.918,""
12.280,171.365,859.227,104.199,-119.525,16.544,-10.959,-17.068,-8.129,1.000,0.000,0.268,0,0.000,1.167,0.921,""
12.300,170.910,859.010,103.855,-119.689,16.531,-10.955,-17.257,-8.126,1.000,0.000,0.265,0,0.000,1.118,0.924,""
12.320,170.576,858.793,103.507,-119.852,16.514,-10.951,-17.446,-8.123,1.000,0.000,0.258,0,0.000,1.068,0.928,""
12.340,170.242,858.577,103.155,-120.016,16.493,-10.946,-17.635,-8.119,1.000,0.000,0.259,0,0.000,1.019,0.931,"Ground_Mountain_0_1:(0.342, 0.525, -0.780);"
12.360,169.907,858.385,102.822,-120.191,15.965,-10.354,-16.921,-8.526,1.000,0.000,0.260,0,0.000,0.970,0.950,"Ground_Mountain_0_1:(0.342, 0.525, -0.780);Ground_Mountain_0_1:(0.342, 0.525, -0.780);Ground_Mountain_0_1:(0.510, 0.784, -0.355);Ground_Mountain_0_1:(0.779, 0.277, -0.562);Ground_Mountain_0_1:(0.779, 0.277, -0.562);Ground_Mountain_0_1:(0.779, 0.277, -0.562);"
12.380,169.586,858.298,102.610,-120.529,16.866,-8.013,-12.561,-11.724,1.000,0.000,0.278,0,0.000,1.984,0.964,"Ground_Mountain_0_1:(0.810, 0.228, -0.541);Ground_Mountain_0_1:(0.810, 0.228, -0.541);Ground_Mountain_0_1:(0.119, 0.724, -0.680);Ground_Mountain_0_1:(0.510, 0.784, -0.355);Ground_Mountain_0_1:(0.510, 0.784, -0.355);Ground_Mountain_0_1:(0.810, 0.228, -0.541);"
12.400,169.189,858.203,102.387,-120.811,16.618,-6.663,-10.626,-12.675,1.000,0.000,0.294,1,2.675,13.952,0.928,"Ground_Mountain_0_1:(0.119, 0.724, -0.680);Ground_Mountain_0_1:(0.119, 0.724, -0.680);Ground_Mountain_0_1:(0.119, 0.724, -0.680);Ground_Mountain_0_1:(0.871, -0.088, -0.483);Ground_Mountain_0_1:(-0.047, 0.964, -0.262);Ground_Mountain_0_1:(-0.047, 0.964, -0.262);Ground_Mountain_0_1:(-0.047, 0.964, -0.262);Ground_Mountain_0_1:(0.510, 0.784, -0.355);Ground_Mountain_0_1:(0.656, 0.556, -0.510);Ground_Mountain_0_1:(0.656, 0.556, -0.510);"
12.420,168.884,858.136,102.202,-121.106,15.181,-4.351,-8.419,-13.209,1.000,0.000,0.296,1,0.760,10.630,0.866,"Ground_Mountain_0_1:(0.091, 0.928, -0.362);Ground_Mountain_0_1:(0.510, 0.784, -0.355);Ground_Mountain_0_1:(0.119, 0.724, -0.680);Ground_Mountain_0_1:(0.510, 0.784, -0.355);Ground_Mountain_0_1:(0.510, 0.784, -0.355);Ground_Mountain_0_1:(0.510, 0.784, -0.355);Ground_Mountain_0_1:(0.656, 0.556, -0.510);Ground_Mountain_0_1:(0.656, 0.556, -0.510);"
12.440,168.596,858.078,102.030,-121.404,14.838,-4.225,-8.480,-13.231,1.000,0.000,0.287,0,0.000,10.081,0.792,"Ground_Mountain_0_1:(0.677, 0.418, -0.605);Ground_Mountain_0_1:(0.491, 0.411, -0.768);Ground_Mountain_0_1:(0.510, 0.784, -0.355);Ground_Mountain_0_1:(0.510, 0.784, -0.355);Ground_Mountain_0_1:(0.510, 0.784, -0.355);Ground_Mountain_0_1:(0.160, 0.866, -0.474);Ground_Mountain_0_1:(0.656, 0.556, -0.510);Ground_Mountain_0_1:(0.656, 0.556, -0.510);"
12.460,168.316,858.017,101.848,-121.705,14.373,-4.223,-8.673,-13.226,1.000,0.000,0.271,0,0.000,7.831,0.692,"Ground_Mountain_0_1:(0.656, 0.556, -0.510);Ground_Mountain_0_1:(0.510, 0.784, -0.355);Ground_Mountain_0_1:(0.193, 0.792, -0.579);"
12.480,168.030,857.937,101.652,-121.985,14.003,-4.221,-8.865,-13.221,1.000,0.000,0.258,0,0.000,7.953,0.627,"Ground_Mountain_0_1:(0.656, 0.556, -0.510);"
12.500,167.742,857.857,101.452,-122.263,13.577,-4.219,-9.058,-13.215,1.000,0.000,0.251,0,0.000,7.985,0.559,"Ground_Mountain_0_1:(0.656, 0.556, -0.510);Ground_Mountain_0_1:(0.656, 0.556, -0.510);"
12.520,167.455,857.774,101.248,-122.539,13.100,-4.218,-9.251,-13.210,1.000,0.000,0.245,0,0.000,7.983,0.491,"Ground_Mountain_0_1:(0.492, 0.418, -0.764);Ground_Mountain_0_1:(0.492, 0.418, -0.764);Ground_Mountain_0_1:(0.656, 0.556, -0.510);"
12.540,167.166,857.690,101.040,-122.813,12.580,-4.216,-9.443,-13.205,1.000,0.000,0.239,0,0.000,7.950,0.423,""
12.560,166.877,857.605,100.828,-123.085,12.022,-4.214,-9.635,-13.200,1.000,0.000,0.234,0,0.000,7.888,0.356,""
12.580,166.587,857.518,100.614,-123.356,11.432,-4.213,-9.828,-13.194,1.000,0.000,0.230,0,0.000,7.801,0.291,""
12.600,166.297,857.431,100.396,-123.626,10.814,-4.211,-10.020,-13.189,1.000,0.000,0.225,0,0.000,7.690,0.228,""
12.620,166.006,857.342,100.174,-123.894,10.172,-4.209,-10.212,-13.184,1.000,0.000,0.221,0,0.000,7.559,0.168,""
12.640,165.715,857.252,99.950,-124.161,9.511,-4.208,-10.404,-13.178,1.000,0.000,0.218,0,0.000,7.410,0.111,"Ground_Mountain_0_1:(0.677, 0.425, -0.601);"
12.660,165.499,857.162,99.723,-124.427,8.834,-4.206,-10.596,-13.173,1.000,0.000,0.216,0,0.000,7.248,0.057,"Ground_Mountain_0_1:(0.677, 0.425, -0.601);Ground_Mountain_0_1:(0.656, 0.562, -0.504);"
12.680,165.207,857.072,99.494,-124.692,8.143,-4.204,-10.788,-13.168,1.000,0.000,0.213,0,0.000,7.073,0.007,"Ground_Mountain_0_1:(0.588, 0.369, -0.720);Ground_Mountain_0_1:(0.493, 0.423, -0.761);Ground_Mountain_0_1:(0.493, 0.423, -0.761);Ground_Mountain_0_1:(0.493, 0.423, -0.761);"
12.700,164.915,856.980,99.261,-124.956,7.441,-4.203,-10.980,-13.163,1.000,0.000,0.209,0,0.000,6.889,-0.040,"Ground_Mountain_0_1:(0.493, 0.423, -0.761);"
12.720,164.623,856.889,99.025,-125.220,6.730,-4.201,-11.171,-13.157,1.000,0.000,0.206,0,0.000,6.698,-0.083,"Ground_Mountain_0_1:(0.493, 0.423, -0.761);"
12.740,164.331,856.796,98.787,-125.482,6.012,-4.199,-11.363,-13.152,1.000,0.000,0.202,0,0.000,6.503,-0.122,"Ground_Mountain_0_1:(0.493, 0.423, -0.761);"
12.760,164.038,856.704,98.546,-125.744,5.288,-4.198,-11.555,-13.147,1.000,0.000,0.198,0,0.000,6.304,-0.157,""
12.780,163.897,856.612,98.302,-126.006,4.558,-4.196,-11.746,-13.142,1.000,0.000,0.198,0,0.000,6.105,-0.189,""
12.800,163.605,856.519,98.056,-126.267,3.824,-4.194,-11.937,-13.136,1.000,0.000,0.186,0,0.000,5.905,-0.217,""
12.820,163.312,856.426,97.806,-126.527,3.087,-4.193,-12.129,-13.131,1.000,0.000,0.175,0,0.000,5.707,-0.242,""
12.840,163.018,856.333,97.554,-126.788,2.346,-4.191,-12.320,-13.126,1.000,0.000,0.159,0,0.000,5.512,-0.264,"Ground_Mountain_0_1:(0.668, 0.430, -0.608);"
12.860,162.725,856.241,97.299,-127.048,1.601,-4.189,-12.511,-13.121,1.000,0.000,0.150,0,0.000,5.321,-0.282,"Ground_Mountain_0_1:(0.668, 0.430, -0.608);Ground_Mountain_0_1:(0.668, 0.430, -0.608);"
12.880,162.431,856.148,97.040,-127.308,0.854,-4.188,-12.702,-13.115,1.000,0.000,0.141,0,0.000,5.134,-0.297,"Ground_Mountain_0_1:(0.581, 0.374, -0.723);"
12.900,162.136,856.055,96.779,-127.567,0.104,-4.186,-12.893,-13.110,1.000,0.000,0.132,0,0.000,4.953,-0.309,""
12.920,162.079,855.962,96.515,-127.826,-0.649,-4.184,-13.084,-13.105,1.000,0.000,0.128,0,0.000,4.777,-0.318,""
12.940,161.784,855.870,96.247,-128.086,-1.405,-4.182,-13.275,-13.100,1.000,0.000,0.122,0,0.000,4.607,-0.325,""
12.960,161.490,855.777,95.977,-128.345,-2.164,-4.181,-13.466,-13.094,1.000,0.000,0.117,0,0.000,4.444,-0.329,""
12.980,161.195,855.685,95.703,-128.603,-2.925,-4.179,-13.657,-13.089,1.000,0.000,0.108,0,0.000,4.288,-0.330,""
13.000,160.899,855.593,95.427,-128.862,-3.689,-4.177,-13.847,-13.084,1.000,0.000,0.104,0,0.000,4.138,-0.329,""
13.020,160.603,855.501,95.147,-129.121,-4.454,-4.176,-14.038,-13.079,1.000,0.000,0.099,0,0.000,3.996,-0.326,""
13.040,160.355,855.409,94.864,-129.379,-5.222,-4.174,-14.229,-13.073,1.000,0.000,0.095,0,0.000,3.860,-0.320,""
13.060,160.355,855.317,94.578,-129.637,-5.991,-4.172,-14.419,-13.068,1.000,0.000,0.094,0,0.000,3.731,-0.313,""
13.080,160.061,855.226,94.288,-129.895,-6.761,-4.171,-14.609,-13.063,1.000,0.000,0.087,0,0.000,3.609,-0.303,""
13.100,159.765,855.135,93.996,-130.153,-7.532,-4.169,-14.800,-13.058,1.000,0.000,0.078,0,0.000,3.493,-0.291,""
13.120,159.469,855.044,93.700,-130.411,-8.302,-4.167,-14.990,-13.052,1.000,0.000,0.072,0,0.000,3.383,-0.277,""
13.140,159.173,854.953,93.400,-130.669,-9.070,-4.166,-15.180,-13.047,1.000,0.000,0.063,0,0.000,3.279,-0.261,""
13.160,158.876,854.863,93.098,-130.926,-9.837,-4.164,-15.370,-13.042,1.000,0.000,0.057,0,0.000,3.181,-0.244,""
13.180,158.610,854.772,92.792,-131.183,-10.600,-4.162,-15.560,-13.037,1.000,0.000,0.052,0,0.000,3.087,-0.225,""
13.200,158.610,854.683,92.483,-131.440,-11.358,-4.161,-15.750,-13.032,1.000,0.000,0.048,0,0.000,2.999,-0.204,""
13.220,158.417,854.593,92.170,-131.697,-12.111,-4.159,-15.940,-13.026,1.000,0.000,0.041,0,0.000,2.914,-0.182,""
13.240,158.121,854.504,91.854,-131.954,-12.855,-4.157,-16.129,-13.021,1.000,0.000,0.034,0,0.000,2.834,-0.158,""
13.260,157.824,854.415,91.535,-132.210,-13.590,-4.156,-16.319,-13.016,1.000,0.000,0.027,0,0.000,2.756,-0.133,""
13.280,157.528,854.326,91.212,-132.466,-14.313,-4.154,-16.509,-13.011,1.000,0.000,0.017,0,0.000,2.681,-0.106,""
13.300,157.231,854.238,90.886,-132.722,-15.023,-4.152,-16.698,-13.006,1.000,0.000,0.008,0,0.000,2.609,-0.078,""
13.320,156.933,854.150,90.557,-132.978,-15.718,-4.151,-16.888,-13.000,1.000,0.000,-0.002,0,0.000,2.538,-0.049,""
13.340,156.879,854.062,90.224,-133.233,-16.394,-4.149,-17.077,-12.995,1.000,0.000,-0.010,0,0.000,2.468,-0.018,""
13.360,156.879,853.975,89.887,-133.488,-17.051,-4.147,-17.266,-12.990,1.000,0.000,-0.023,0,0.000,2.399,0.013,""
13.380,156.586,853.889,89.547,-133.743,-17.684,-4.146,-17.456,-12.985,1.000,0.000,-0.037,0,0.000,2.330,0.046,""
13.400,156.291,853.802,89.204,-133.998,-18.292,-4.144,-17.645,-12.980,1.000,0.000,-0.054,0,0.000,2.261,0.079,""
13.420,155.995,853.717,88.857,-134.252,-18.873,-4.143,-17.834,-12.974,1.000,0.000,-0.080,0,0.000,2.190,0.113,""
13.440,155.699,853.632,88.506,-134.506,-19.422,-4.141,-18.023,-12.969,1.000,0.000,-0.104,0,0.000,2.119,0.148,""
13.460,155.403,853.547,88.152,-134.760,-19.938,-4.139,-18.212,-12.964,1.000,0.000,-0.134,0,0.000,2.046,0.184,""
13.480,155.159,853.463,87.794,-135.013,-20.419,-4.138,-18.400,-12.959,1.000,0.000,-0.167,0,0.000,1.971,0.220,""
13.500,155.159,853.379,87.432,-135.266,-20.860,-4.136,-18.589,-12.954,1.000,0.000,-0.201,0,0.000,1.894,0.256,""
13.520,155.159,853.296,87.067,-135.519,-21.260,-4.134,-18.778,-12.948,1.000,0.000,-0.255,0,0.000,1.815,0.293,""
13.540,154.960,853.214,86.698,-135.771,-21.617,-4.133,-18.967,-12.943,1.000,0.000,-0.310,0,0.000,1.733,0.330,""
13.560,154.668,853.132,86.325,-136.023,-21.927,-4.131,-19.155,-12.938,1.000,0.000,-0.379,0,0.000,1.649,0.367,""
13.580,154.376,853.050,85.948,-136.275,-22.189,-4.129,-19.344,-12.933,1.000,0.000,-0.458,0,0.000,1.562,0.403,""
13.600,154.083,852.970,85.568,-136.527,-22.400,-4.128,-19.532,-12.928,1.000,0.000,-0.547,0,0.000,1.472,0.440,""
13.620,153.790,852.890,85.184,-136.778,-22.558,-4.126,-19.720,-12.923,1.000,0.000,-0.658,0,0.000,1.381,0.476,""
13.640,153.498,852.810,84.796,-137.029,-22.662,-4.124,-19.908,-12.917,1.000,0.000,-0.748,0,0.000,1.287,0.512,"Ground_Mountain_0_1:(0.282, 0.592, -0.755);Ground_Mountain_0_1:(0.044, 0.838, -0.543);"
13.660,153.449,852.731,84.403,-137.280,-22.711,-4.123,-20.097,-12.912,1.000,0.000,-0.823,0,0.000,1.192,0.547,"Ground_Mountain_0_1:(0.044, 0.838, -0.543);Ground_Mountain_0_1:(0.044, 0.838, -0.543);Ground_Mountain_0_1:(0.282, 0.592, -0.755);"
13.680,153.449,852.878,84.302,-137.622,-17.988,1.365,-12.084,-14.961,1.000,0.000,-0.884,0,0.000,1.097,0.716,"Ground_Mountain_0_1:(0.044, 0.838, -0.543);Ground_Mountain_0_1:(0.044, 0.838, -0.543);Ground_Mountain_0_1:(0.044, 0.838, -0.543);Ground_Mountain_0_1:(0.282, 0.592, -0.755);Ground_Mountain_0_1:(0.282, 0.592, -0.755);Ground_Mountain_0_1:(0.282, 0.592, -0.755);Ground_Mountain_0_1:(0.613, 0.663, -0.430);Ground_Mountain_0_1:(0.613, 0.663, -0.430);Ground_Mountain_0_1:(0.613, 0.663, -0.430);Ground_Mountain_0_1:(0.233, 0.623, -0.747);Ground_Mountain_0_1:(0.233, 0.623, -0.747);Ground_Mountain_0_1:(0.422, 0.885, -0.198);Ground_Mountain_0_1:(0.422, 0.885, -0.198);Ground_Mountain_0_1:(0.624, 0.584, -0.519);Ground_Mountain_0_1:(0.647, 0.470, -0.600);Ground_Mountain_0_1:(0.647, 0.470, -0.600);"
13.700,153.449,852.992,84.249,-137.980,-12.940,3.391,-8.117,-15.369,1.000,0.000,-0.549,0,0.000,10.801,0.645,"Ground_Mountain_0_1:(0.044, 0.838, -0.543);Ground_Mountain_0_1:(0.044, 0.838, -0.543);Ground_Mountain_0_1:(0.044, 0.838, -0.543);Ground_Mountain_0_1:(0.613, 0.663, -0.430);Ground_Mountain_0_1:(0.613, 0.663, -0.430);Ground_Mountain_0_1:(0.613, 0.663, -0.430);Ground_Mountain_0_1:(0.613, 0.663, -0.430);Ground_Mountain_0_1:(0.233, 0.623, -0.747);Ground_Mountain_0_1:(0.233, 0.623, -0.747);Ground_Mountain_0_1:(0.233, 0.623, -0.747);Ground_Mountain_0_1:(0.052, 0.995, -0.083);Ground_Mountain_0_1:(0.345, 0.923, -0.174);Ground_Mountain_0_1:(0.345, 0.923, -0.174);Ground_Mountain_0_1:(0.345, 0.923, -0.174);Ground_Mountain_0_1:(0.422, 0.885, -0.198);"
13.720,153.449,853.064,84.078,-138.297,-11.903,3.390,-8.310,-15.363,1.000,0.000,-0.471,0,0.000,8.017,0.630,"Ground_Mountain_0_1:(0.344, 0.923, -0.174);Ground_Mountain_0_1:(0.344, 0.923, -0.174);Ground_Mountain_0_1:(0.044, 0.838, -0.543);Ground_Mountain_0_1:(0.044, 0.838, -0.543);Ground_Mountain_0_1:(0.613, 0.663, -0.430);Ground_Mountain_0_1:(0.613, 0.663, -0.430);Ground_Mountain_0_1:(0.052, 0.995, -0.083);Ground_Mountain_0_1:(0.052, 0.995, -0.083);Ground_Mountain_0_1:(0.052, 0.995, -0.083);Ground_Mountain_0_1:(0.233, 0.623, -0.747);Ground_Mountain_0_1:(-0.051, 0.981, -0.185);"
13.740,153.320,853.136,83.904,-138.612,-10.792,3.389,-8.503,-15.357,1.000,0.000,-0.441,0,0.000,6.548,0.613,"Ground_Mountain_0_1:(0.052, 0.995, -0.083);Ground_Mountain_0_1:(0.052, 0.995, -0.083);Ground_Mountain_0_1:(0.052, 0.995, -0.083);Ground_Mountain_0_1:(0.052, 0.995, -0.083);Ground_Mountain_0_1:(0.044, 0.838, -0.543);Ground_Mountain_0_1:(0.044, 0.838, -0.543);Ground_Mountain_0_1:(0.345, 0.923, -0.174);Ground_Mountain_0_1:(0.613, 0.663, -0.430);"
13.760,153.156,853.206,83.732,-138.926,-9.516,3.373,-8.424,-15.402,1.000,0.000,-0.414,0,0.000,6.516,0.602,"Ground_Mountain_0_1:(-0.051, 0.981, -0.185);Ground_Mountain_0_1:(-0.051, 0.981, -0.185);Ground_Mountain_0_1:(-0.051, 0.981, -0.185);Ground_Mountain_0_1:(-0.051, 0.981, -0.185);Ground_Mountain_0_1:(0.344, 0.923, -0.174);Ground_Mountain_0_1:(0.044, 0.838, -0.543);Ground_Mountain_0_1:(0.052, 0.995, -0.083);"
13.780,152.993,853.278,83.673,-139.207,-4.891,3.715,-3.531,-14.765,1.000,0.000,-0.397,0,0.000,5.771,0.638,"Ground_Mountain_0_1:(-0.051, 0.981, -0.185);Ground_Mountain_0_1:(-0.051, 0.981, -0.185);Ground_Mountain_0_1:(-0.051, 0.981, -0.185);Ground_Mountain_0_1:(-0.051, 0.981, -0.185);Ground_Mountain_0_1:(0.052, 0.995, -0.083);Ground_Mountain_0_1:(0.052, 0.995, -0.083);Ground_Mountain_0_1:(0.345, 0.923, -0.174);Ground_Mountain_0_1:(0.345, 0.923, -0.174);Ground_Mountain_0_1:(-0.052, 0.995, -0.081);Ground_Mountain_0_1:(-0.052, 0.995, -0.081);Ground_Mountain_0_1:(-0.052, 0.995, -0.081);"
13.800,152.873,853.351,83.624,-139.486,-4.004,3.757,-2.956,-14.665,1.000,0.000,-0.395,0,0.000,0.552,0.677,"Ground_Mountain_0_1:(-0.051, 0.981, -0.185);Ground_Mountain_0_1:(-0.051, 0.981, -0.185);Ground_Mountain_0_1:(-0.051, 0.981, -0.185);Ground_Mountain_0_1:(0.052, 0.995, -0.083);Ground_Mountain_0_1:(0.052, 0.995, -0.083);Ground_Mountain_0_1:(0.345, 0.923, -0.174);"
13.820,152.758,853.426,83.572,-139.764,-3.658,3.753,-3.113,-14.660,1.000,0.000,-0.406,0,0.000,0.167,0.713,"Ground_Mountain_0_1:(-0.052, 0.995, -0.081);Ground_Mountain_0_1:(-0.052, 0.995, -0.081);Ground_Mountain_0_1:(-0.051, 0.981, -0.185);Ground_Mountain_0_1:(-0.051, 0.981, -0.185);Ground_Mountain_0_1:(0.052, 0.995, -0.083);Ground_Mountain_0_1:(0.344, 0.923, -0.174);"
13.840,152.643,853.502,83.516,-140.042,-3.279,3.752,-3.308,-14.654,1.000,0.000,-0.417,0,0.000,0.047,0.748,"Ground_Mountain_0_1:(-0.052, 0.995, -0.081);Ground_Mountain_0_1:(-0.052, 0.995, -0.081);Ground_Mountain_0_1:(-0.051, 0.981, -0.185);Ground_Mountain_0_1:(-0.051, 0.981, -0.185);"
13.860,152.529,853.580,83.455,-140.319,-2.844,3.750,-3.502,-14.648,1.000,0.000,-0.422,0,0.000,0.222,0.780,"Ground_Mountain_0_1:(-0.052, 0.995, -0.081);Ground_Mountain_0_1:(-0.052, 0.995, -0.081);Ground_Mountain_0_1:(-0.051, 0.981, -0.185);Ground_Mountain_0_1:(-0.051, 0.981, -0.185);"
13.880,152.415,853.658,83.389,-140.597,-2.356,3.749,-3.697,-14.642,1.000,0.000,-0.418,0,0.000,0.423,0.810,"Ground_Mountain_0_1:(-0.052, 0.995, -0.080);Ground_Mountain_0_1:(-0.052, 0.995, -0.080);Ground_Mountain_0_1:(-0.052, 0.995, -0.080);Ground_Mountain_0_1:(-0.052, 0.995, -0.080);Ground_Mountain_0_1:(-0.051, 0.981, -0.185);Ground_Mountain_0_1:(-0.051, 0.981, -0.185);"
13.900,152.301,853.737,83.319,-140.874,-1.819,3.747,-3.892,-14.636,1.000,0.000,-0.404,1,0.000,0.624,0.838,"Ground_Mountain_0_1:(-0.052, 0.995, -0.080);Ground_Mountain_0_1:(-0.052, 0.995, -0.080);Ground_Mountain_0_1:(-0.052, 0.995, -0.080);Ground_Mountain_0_1:(-0.052, 0.995, -0.080);Ground_Mountain_0_1:(-0.052, 0.995, -0.080);Ground_Mountain_0_1:(-0.051, 0.981, -0.185);"
13.920,152.186,853.818,83.245,-141.152,-1.236,3.746,-4.086,-14.630,1.000,0.000,-0.378,1,0.000,0.823,0.862,"Ground_Mountain_0_1:(-0.052, 0.995, -0.080);Ground_Mountain_0_1:(-0.052, 0.995, -0.080);Ground_Mountain_0_1:(-0.052, 0.995, -0.080);Ground_Mountain_0_1:(-0.052, 0.995, -0.080);"
13.940,152.072,853.903,83.168,-141.419,-0.474,3.884,-4.116,-13.989,1.000,0.000,-0.340,2,5.893,8.014,0.885,"Ground_Mountain_0_1:(-0.052, 0.995, -0.080);Ground_Mountain_0_1:(-0.052, 0.995, -0.080);Ground_Mountain_0_1:(-0.052, 0.995, -0.080);Ground_Mountain_0_1:(-0.052, 0.995, -0.080);"
13.960,151.967,853.992,83.093,-141.676,0.198,4.002,-4.065,-13.362,1.000,0.000,-0.296,2,10.365,7.966,0.905,"Ground_Mountain_0_1:(-0.051, 0.996, -0.079);Ground_Mountain_0_1:(-0.051, 0.996, -0.079);Ground_Mountain_0_1:(-0.051, 0.996, -0.079);Ground_Mountain_0_1:(-0.051, 0.996, -0.079);"
13.980,151.871,854.085,83.019,-141.923,0.809,4.113,-3.953,-12.741,1.000,0.000,-0.254,2,13.444,8.189,0.924,"Ground_Mountain_0_1:(-0.051, 0.996, -0.079);Ground_Mountain_0_1:(-0.051, 0.996, -0.079);Ground_Mountain_0_1:(-0.051, 0.996, -0.079);Ground_Mountain_0_1:(-0.051, 0.996, -0.079);"
14.000,151.785,854.181,82.948,-142.158,1.378,4.228,-3.800,-12.119,1.000,0.000,-0.219,2,15.409,8.754,0.941,"Ground_Mountain_0_1:(-0.051, 0.996, -0.079);Ground_Mountain_0_1:(-0.051, 0.996, -0.079);Ground_Mountain_0_1:(-0.051, 0.996, -0.079);Ground_Mountain_0_1:(-0.051, 0.996, -0.079);Ground_Mountain_0_1:(-0.051, 0.996, -0.079);Ground_Mountain_0_1:(-0.051, 0.996, -0.079);"
14.020,151.745,854.280,82.880,-142.383,1.917,4.356,-3.622,-11.495,1.000,0.000,-0.190,2,16.498,9.595,0.956,"Ground_Mountain_0_1:(-0.051, 0.996, -0.079);Ground_Mountain_0_1:(-0.051, 0.996, -0.079);Ground_Mountain_0_1:(-0.051, 0.996, -0.079);Ground_Mountain_0_1:(-0.051, 0.996, -0.079);Ground_Mountain_0_1:(-0.051, 0.996, -0.079);Ground_Mountain_0_1:(-0.051, 0.996, -0.079);"
14.040,151.745,854.384,82.815,-142.596,2.442,4.500,-3.419,-10.865,1.000,0.000,-0.167,2,16.902,10.661,0.970,"Ground_Mountain_0_1:(-0.051, 0.996, -0.079);Ground_Mountain_0_1:(-0.051, 0.996, -0.079);Ground_Mountain_0_1:(-0.051, 0.996, -0.079);Ground_Mountain_0_1:(-0.051, 0.996, -0.079);Ground_Mountain_0_1:(-0.051, 0.996, -0.079);Ground_Mountain_0_1:(-0.051, 0.996, -0.079);"
14.060,151.745,854.491,82.754,-142.797,2.942,4.665,-3.229,-10.235,1.000,0.000,-0.149,2,16.622,11.848,0.981,"Ground_Mountain_0_1:(-0.050, 0.996, -0.078);Ground_Mountain_0_1:(-0.050, 0.996, -0.078);Ground_Mountain_0_1:(-0.050, 0.996, -0.078);Ground_Mountain_0_1:(-0.050, 0.996, -0.078);Ground_Mountain_0_1:(-0.050, 0.996, -0.078);Ground_Mountain_0_1:(-0.050, 0.996, -0.078);"
14.080,151.745,854.600,82.699,-142.987,3.398,4.807,-2.825,-9.604,1.000,0.000,-0.134,3,27.369,12.945,0.989,"Ground_Mountain_0_1:(-0.050, 0.996, -0.079);Ground_Mountain_0_1:(-0.050, 0.996, -0.079);Ground_Mountain_0_1:(-0.050, 0.996, -0.079);Ground_Mountain_0_1:(-0.050, 0.996, -0.079);Ground_Mountain_0_1:(-0.050, 0.996, -0.079);Ground_Mountain_0_1:(-0.050, 0.996, -0.079);"
14.100,151.745,854.710,82.657,-143.165,3.795,4.946,-2.216,-8.969,1.000,0.000,-0.124,4,37.473,12.569,0.994,"Ground_Mountain_0_1:(-0.050, 0.996, -0.079);Ground_Mountain_0_1:(-0.050, 0.996, -0.079);Ground_Mountain_0_1:(-0.050, 0.996, -0.079);Ground_Mountain_0_1:(-0.050, 0.996, -0.079);Ground_Mountain_0_1:(-0.050, 0.996, -0.079);Ground_Mountain_0_1:(-0.050, 0.996, -0.079);"
14.120,151.745,854.821,82.625,-143.331,4.148,5.119,-1.640,-8.333,1.000,0.000,-0.118,4,35.670,11.108,0.997,"Ground_Mountain_0_1:(-0.050, 0.996, -0.079);Ground_Mountain_0_1:(-0.050, 0.996, -0.079);Ground_Mountain_0_1:(-0.050, 0.996, -0.079);Ground_Mountain_0_1:(-0.050, 0.996, -0.079);Ground_Mountain_0_1:(-0.050, 0.996, -0.079);Ground_Mountain_0_1:(-0.050, 0.996, -0.079);"
14.140,151.745,854.935,82.603,-143.485,4.469,5.318,-1.116,-7.696,1.000,0.000,-0.114,4,32.961,9.542,0.999,"Ground_Mountain_0_1:(-0.050, 0.996, -0.079);Ground_Mountain_0_1:(-0.050, 0.996, -0.079);Ground_Mountain_0_1:(-0.050, 0.996, -0.079);Ground_Mountain_0_1:(-0.050, 0.996, -0.079);Ground_Mountain_0_1:(-0.050, 0.996, -0.079);Ground_Mountain_0_1:(-0.050, 0.996, -0.079);"
14.160,151.745,855.050,82.590,-143.627,4.769,5.535,-0.626,-7.052,1.000,0.000,-0.112,4,29.209,7.953,0.999,"Ground_Mountain_0_1:(-0.049, 0.996, -0.079);Ground_Mountain_0_1:(-0.049, 0.996, -0.079);Ground_Mountain_0_1:(-0.049, 0.996, -0.079);Ground_Mountain_0_1:(-0.049, 0.996, -0.079);Ground_Mountain_0_1:(-0.049, 0.996, -0.079);Ground_Mountain_0_1:(-0.049, 0.996, -0.079);"
14.180,151.745,855.169,82.587,-143.757,5.045,5.753,-0.195,-6.413,1.000,0.000,-0.112,4,24.768,5.913,1.000,"Ground_Mountain_0_1:(-0.049, 0.996, -0.079);Ground_Mountain_0_1:(-0.049, 0.996, -0.079);Ground_Mountain_0_1:(-0.049, 0.996, -0.079);Ground_Mountain_0_1:(-0.049, 0.996, -0.079);Ground_Mountain_0_1:(-0.049, 0.996, -0.079);Ground_Mountain_0_1:(-0.049, 0.996, -0.079);"
14.200,151.745,855.290,82.588,-143.875,5.327,5.986,0.077,-5.784,1.000,0.000,-0.113,4,20.394,4.028,1.000,"Ground_Mountain_0_1:(-0.049, 0.996, -0.079);Ground_Mountain_0_1:(-0.049, 0.996, -0.079);Ground_Mountain_0_1:(-0.049, 0.996, -0.079);Ground_Mountain_0_1:(-0.049, 0.996, -0.079);Ground_Mountain_0_1:(-0.049, 0.996, -0.079);Ground_Mountain_0_1:(-0.049, 0.996, -0.079);"
14.220,151.745,855.416,82.594,-143.981,5.608,6.219,0.286,-5.158,1.000,0.000,-0.115,4,17.205,3.253,1.000,"Ground_Mountain_0_1:(-0.049, 0.996, -0.079);Ground_Mountain_0_1:(-0.049, 0.996, -0.079);Ground_Mountain_0_1:(-0.049, 0.996, -0.079);Ground_Mountain_0_1:(-0.049, 0.996, -0.079);Ground_Mountain_0_1:(-0.049, 0.996, -0.079);Ground_Mountain_0_1:(-0.049, 0.996, -0.079);"
14.240,151.745,855.546,82.603,-144.074,5.890,6.451,0.441,-4.533,1.000,0.000,-0.115,4,14.528,2.629,1.000,"Ground_Mountain_0_1:(-0.049, 0.996, -0.079);Ground_Mountain_0_1:(-0.049, 0.996, -0.079);Ground_Mountain_0_1:(-0.049, 0.996, -0.079);Ground_Mountain_0_1:(-0.049, 0.996, -0.079);Ground_Mountain_0_1:(-0.049, 0.996, -0.079);Ground_Mountain_0_1:(-0.049, 0.996, -0.079);"
14.260,151.745,855.680,82.614,-144.154,6.172,6.679,0.552,-3.909,1.000,0.000,-0.116,4,12.341,2.127,1.000,"Ground_Mountain_0_1:(-0.049, 0.996, -0.079);Ground_Mountain_0_1:(-0.049, 0.996, -0.079);Ground_Mountain_0_1:(-0.049, 0.996, -0.079);Ground_Mountain_0_1:(-0.049, 0.996, -0.079);Ground_Mountain_0_1:(-0.049, 0.996, -0.079);Ground_Mountain_0_1:(-0.049, 0.996, -0.079);"
14.280,151.745,855.818,82.626,-144.221,6.455,6.904,0.629,-3.285,1.000,0.000,-0.117,4,10.612,1.749,0.999,"Ground_Mountain_0_1:(-0.049, 0.996, -0.079);Ground_Mountain_0_1:(-0.049, 0.996, -0.079);Ground_Mountain_0_1:(-0.049, 0.996, -0.079);Ground_Mountain_0_1:(-0.049, 0.996, -0.079);Ground_Mountain_0_1:(-0.049, 0.996, -0.079);Ground_Mountain_0_1:(-0.049, 0.996, -0.079);"
14.300,151.745,855.960,82.640,-144.276,6.739,7.124,0.679,-2.662,1.000,0.000,-0.118,4,9.298,1.480,0.999,"Ground_Mountain_0_1:(-0.049, 0.996, -0.079);Ground_Mountain_0_1:(-0.049, 0.996, -0.079);Ground_Mountain_0_1:(-0.049, 0.996, -0.079);Ground_Mountain_0_1:(-0.049, 0.996, -0.079);Ground_Mountain_0_1:(-0.049, 0.996, -0.079);Ground_Mountain_0_1:(-0.049, 0.996, -0.079);"
14.320,151.804,856.106,82.654,-144.319,7.023,7.340,0.710,-2.038,1.000,0.000,-0.119,4,8.346,1.303,0.999,"Ground_Mountain_0_1:(-0.049, 0.996, -0.079);Ground_Mountain_0_1:(-0.049, 0.996, -0.079);Ground_Mountain_0_1:(-0.049, 0.996, -0.079);Ground_Mountain_0_1:(-0.049, 0.996, -0.079);Ground_Mountain_0_1:(-0.049, 0.996, -0.079);Ground_Mountain_0_1:(-0.049, 0.996, -0.079);"
14.340,151.897,856.256,82.668,-144.349,7.306,7.551,0.729,-1.414,1.000,0.000,-0.121,4,7.709,1.195,0.998,"Ground_Mountain_0_1:(-0.049, 0.996, -0.079);Ground_Mountain_0_1:(-0.049, 0.996, -0.079);Ground_Mountain_0_1:(-0.049, 0.996, -0.079);Ground_Mountain_0_1:(-0.049, 0.996, -0.079);Ground_Mountain_0_1:(-0.049, 0.996, -0.079);Ground_Mountain_0_1:(-0.049, 0.996, -0.079);"
14.360,152.000,856.411,82.683,-144.367,7.589,7.769,0.733,-0.869,1.000,0.000,-0.122,4,7.332,1.129,0.998,"Ground_Mountain_0_1:(-0.049, 0.996, -0.079);Ground_Mountain_0_1:(-0.049, 0.996, -0.079);Ground_Mountain_0_1:(-0.049, 0.996, -0.079);Ground_Mountain_0_1:(-0.049, 0.996, -0.079);Ground_Mountain_0_1:(-0.049, 0.996, -0.079);Ground_Mountain_0_1:(-0.049, 0.996, -0.079);"
14.380,152.114,856.570,82.697,-144.377,7.870,7.996,0.727,-0.427,1.000,0.000,-0.124,4,7.174,1.084,0.998,"Ground_Mountain_0_1:(-0.049, 0.996, -0.080);Ground_Mountain_0_1:(-0.049, 0.996, -0.080);Ground_Mountain_0_1:(-0.049, 0.996, -0.080);Ground_Mountain_0_1:(-0.049, 0.996, -0.080);Ground_Mountain_0_1:(-0.049, 0.996, -0.080);Ground_Mountain_0_1:(-0.049, 0.996, -0.080);"
14.400,152.236,856.733,82.711,-144.379,8.150,8.230,0.716,-0.065,1.000,0.000,-0.125,4,7.184,1.045,0.997,"Ground_Mountain_0_1:(-0.049, 0.996, -0.080);Ground_Mountain_0_1:(-0.049, 0.996, -0.080);Ground_Mountain_0_1:(-0.049, 0.996, -0.080);Ground_Mountain_0_1:(-0.049, 0.996, -0.080);Ground_Mountain_0_1:(-0.049, 0.996, -0.080);Ground_Mountain_0_1:(-0.049, 0.996, -0.080);"
14.420,152.366,856.902,82.725,-144.376,8.428,8.470,0.702,0.235,1.000,0.000,-0.127,4,7.308,1.005,0.997,"Ground_Mountain_0_1:(-0.049, 0.996, -0.080);Ground_Mountain_0_1:(-0.049, 0.996, -0.080);Ground_Mountain_0_1:(-0.049, 0.996, -0.080);Ground_Mountain_0_1:(-0.049, 0.996, -0.080);Ground_Mountain_0_1:(-0.049, 0.996, -0.080);Ground_Mountain_0_1:(-0.049, 0.996, -0.080);"
14.440,152.503,857.075,82.739,-144.367,8.703,8.714,0.688,0.489,1.000,0.000,-0.128,4,7.509,0.934,0.997,"Ground_Mountain_0_1:(-0.049, 0.995, -0.081);Ground_Mountain_0_1:(-0.049, 0.995, -0.081);Ground_Mountain_0_1:(-0.049, 0.995, -0.081);Ground_Mountain_0_1:(-0.049, 0.995, -0.081);Ground_Mountain_0_1:(-0.049, 0.995, -0.081);Ground_Mountain_0_1:(-0.049, 0.995, -0.081);"
14.460,152.647,857.254,82.753,-144.353,8.976,8.959,0.678,0.706,1.000,0.000,-0.130,4,7.754,0.883,0.997,"Ground_Mountain_0_1:(-0.049, 0.996, -0.081);Ground_Mountain_0_1:(-0.049, 0.996, -0.081);Ground_Mountain_0_1:(-0.049, 0.996, -0.081);Ground_Mountain_0_1:(-0.049, 0.996, -0.081);Ground_Mountain_0_1:(-0.049, 0.996, -0.081);Ground_Mountain_0_1:(-0.049, 0.996, -0.081);"
14.480,152.798,857.437,82.766,-144.336,9.247,9.205,0.670,0.897,1.000,0.000,-0.131,4,8.015,0.831,0.996,"Ground_Mountain_0_1:(-0.049, 0.996, -0.081);Ground_Mountain_0_1:(-0.049, 0.996, -0.081);Ground_Mountain_0_1:(-0.049, 0.996, -0.081);Ground_Mountain_0_1:(-0.049, 0.996, -0.081);Ground_Mountain_0_1:(-0.049, 0.996, -0.081);Ground_Mountain_0_1:(-0.049, 0.996, -0.081);"
14.500,152.955,857.625,82.779,-144.315,9.516,9.452,0.665,1.067,1.000,0.000,-0.133,4,8.278,0.774,0.996,"Ground_Mountain_0_1:(-0.049, 0.996, -0.081);Ground_Mountain_0_1:(-0.049, 0.996, -0.081);Ground_Mountain_0_1:(-0.049, 0.996, -0.081);Ground_Mountain_0_1:(-0.049, 0.996, -0.081);Ground_Mountain_0_1:(-0.049, 0.996, -0.081);Ground_Mountain_0_1:(-0.049, 0.996, -0.081);"
14.520,153.118,857.819,82.792,-144.291,9.782,9.698,0.665,1.223,1.000,0.000,-0.134,4,8.533,0.710,0.996,"Ground_Mountain_0_1:(-0.049, 0.996, -0.081);Ground_Mountain_0_1:(-0.049, 0.996, -0.081);Ground_Mountain_0_1:(-0.049, 0.996, -0.081);Ground_Mountain_0_1:(-0.049, 0.996, -0.081);Ground_Mountain_0_1:(-0.049, 0.996, -0.081);Ground_Mountain_0_1:(-0.049, 0.996, -0.081);"
14.540,153.286,858.017,82.806,-144.264,10.046,9.942,0.669,1.368,1.000,0.000,-0.135,4,8.777,0.617,0.996,"Ground_Mountain_0_1:(-0.049, 0.996, -0.081);Ground_Mountain_0_1:(-0.049, 0.996, -0.081);Ground_Mountain_0_1:(-0.049, 0.996, -0.081);Ground_Mountain_0_1:(-0.049, 0.996, -0.081);Ground_Mountain_0_1:(-0.049, 0.996, -0.081);Ground_Mountain_0_1:(-0.049, 0.996, -0.081);"
14.560,153.449,858.220,82.819,-144.234,10.307,10.185,0.677,1.506,1.000,0.000,-0.137,4,9.001,0.555,0.996,"Ground_Mountain_0_1:(-0.049, 0.996, -0.081);Ground_Mountain_0_1:(-0.049, 0.996, -0.081);Ground_Mountain_0_1:(-0.049, 0.996, -0.081);Ground_Mountain_0_1:(-0.049, 0.996, -0.081);Ground_Mountain_0_1:(-0.049, 0.996, -0.081);Ground_Mountain_0_1:(-0.049, 0.996, -0.081);"
14.580,153.449,858.428,82.833,-144.201,10.567,10.426,0.688,1.640,1.000,0.000,-0.136,4,9.197,0.493,0.995,"Ground_Mountain_0_1:(-0.049, 0.996, -0.081);Ground_Mountain_0_1:(-0.049, 0.996, -0.081);Ground_Mountain_0_1:(-0.049, 0.996, -0.081);Ground_Mountain_0_1:(-0.049, 0.996, -0.081);Ground_Mountain_0_1:(-0.049, 0.996, -0.081);Ground_Mountain_0_1:(-0.049, 0.996, -0.081);"
14.600,153.449,858.641,82.847,-144.166,10.824,10.664,0.703,1.771,1.000,0.000,-0.136,4,9.363,0.434,0.995,"Ground_Mountain_0_1:(-0.050, 0.995, -0.082);Ground_Mountain_0_1:(-0.050, 0.995, -0.082);Ground_Mountain_0_1:(-0.050, 0.995, -0.082);Ground_Mountain_0_1:(-0.050, 0.995, -0.082);Ground_Mountain_0_1:(-0.050, 0.995, -0.082);Ground_Mountain_0_1:(-0.050, 0.995, -0.082);"
14.620,153.449,858.859,82.861,-144.128,11.079,10.900,0.720,1.902,1.000,0.000,-0.136,4,9.501,0.363,0.995,"Ground_Mountain_0_1:(-0.050, 0.995, -0.082);Ground_Mountain_0_1:(-0.050, 0.995, -0.082);Ground_Mountain_0_1:(-0.050, 0.995, -0.082);Ground_Mountain_0_1:(-0.050, 0.995, -0.082);Ground_Mountain_0_1:(-0.050, 0.995, -0.082);Ground_Mountain_0_1:(-0.050, 0.995, -0.082);"
14.640,153.449,859.081,82.876,-144.087,11.332,11.132,0.739,2.034,1.000,0.000,-0.135,4,9.618,0.304,0.995,"Ground_Mountain_0_1:(-0.049, 0.995, -0.082);Ground_Mountain_0_1:(-0.049, 0.995, -0.082);Ground_Mountain_0_1:(-0.049, 0.995, -0.082);Ground_Mountain_0_1:(-0.049, 0.995, -0.082);Ground_Mountain_0_1:(-0.049, 0.995, -0.082);Ground_Mountain_0_1:(-0.049, 0.995, -0.082);"
14.660,153.449,859.308,82.891,-144.044,11.584,11.362,0.761,2.167,1.000,0.000,-0.135,4,9.702,0.273,0.995,"Ground_Mountain_0_1:(-0.049, 0.995, -0.082);Ground_Mountain_0_1:(-0.049, 0.995, -0.082);Ground_Mountain_0_1:(-0.049, 0.995, -0.082);Ground_Mountain_0_1:(-0.049, 0.995, -0.082);Ground_Mountain_0_1:(-0.049, 0.995, -0.082);Ground_Mountain_0_1:(-0.049, 0.995, -0.082);"
14.680,153.526,859.540,82.907,-143.998,11.833,11.588,0.783,2.303,1.000,0.000,-0.129,4,9.758,0.233,0.995,"Ground_Mountain_0_1:(-0.049, 0.995, -0.082);Ground_Mountain_0_1:(-0.049, 0.995, -0.082);Ground_Mountain_0_1:(-0.049, 0.995, -0.082);Ground_Mountain_0_1:(-0.049, 0.995, -0.082);Ground_Mountain_0_1:(-0.049, 0.995, -0.082);Ground_Mountain_0_1:(-0.049, 0.995, -0.082);"
14.700,153.735,859.776,82.923,-143.949,12.080,11.812,0.806,2.441,1.000,0.000,-0.136,4,9.798,0.178,0.995,"Ground_Mountain_0_1:(-0.049, 0.995, -0.082);Ground_Mountain_0_1:(-0.049, 0.995, -0.082);Ground_Mountain_0_1:(-0.049, 0.995, -0.082);Ground_Mountain_0_1:(-0.049, 0.995, -0.082);Ground_Mountain_0_1:(-0.049, 0.995, -0.082);Ground_Mountain_0_1:(-0.049, 0.995, -0.082);"
14.720,153.949,860.016,82.940,-143.897,12.325,12.032,0.830,2.583,1.000,0.000,-0.138,4,9.826,0.151,0.995,"Ground_Mountain_0_1:(-0.049, 0.995, -0.082);Ground_Mountain_0_1:(-0.049, 0.995, -0.082);Ground_Mountain_0_1:(-0.049, 0.995, -0.082);Ground_Mountain_0_1:(-0.049, 0.995, -0.082);Ground_Mountain_0_1:(-0.049, 0.995, -0.082);Ground_Mountain_0_1:(-0.049, 0.995, -0.082);"
14.740,154.168,860.261,82.957,-143.843,12.568,12.248,0.854,2.729,1.000,0.000,-0.139,4,9.839,0.127,0.995,"Ground_Mountain_0_1:(-0.050, 0.995, -0.083);Ground_Mountain_0_1:(-0.050, 0.995, -0.083);Ground_Mountain_0_1:(-0.050, 0.995, -0.083);Ground_Mountain_0_1:(-0.050, 0.995, -0.083);Ground_Mountain_0_1:(-0.050, 0.995, -0.083);Ground_Mountain_0_1:(-0.050, 0.995, -0.083);"
14.760,154.393,860.510,82.974,-143.785,12.810,12.461,0.879,2.878,1.000,0.000,-0.141,4,9.840,0.106,0.995,"Ground_Mountain_0_1:(-0.050, 0.995, -0.083);Ground_Mountain_0_1:(-0.050, 0.995, -0.083);Ground_Mountain_0_1:(-0.050, 0.995, -0.083);Ground_Mountain_0_1:(-0.050, 0.995, -0.083);Ground_Mountain_0_1:(-0.050, 0.995, -0.083);Ground_Mountain_0_1:(-0.050, 0.995, -0.083);"
14.780,154.622,860.764,82.992,-143.725,13.049,12.669,0.904,3.033,1.000,0.000,-0.142,4,9.846,0.066,0.995,"Ground_Mountain_0_1:(-0.050, 0.995, -0.083);Ground_Mountain_0_1:(-0.050, 0.995, -0.083);Ground_Mountain_0_1:(-0.050, 0.995, -0.083);Ground_Mountain_0_1:(-0.050, 0.995, -0.083);Ground_Mountain_0_1:(-0.050, 0.995, -0.083);Ground_Mountain_0_1:(-0.050, 0.995, -0.083);"
14.800,154.857,861.021,83.011,-143.661,13.286,12.874,0.930,3.192,1.000,0.000,-0.144,4,9.842,0.065,0.995,"Ground_Mountain_0_1:(-0.050, 0.995, -0.084);Ground_Mountain_0_1:(-0.050, 0.995, -0.084);Ground_Mountain_0_1:(-0.050, 0.995, -0.084);Ground_Mountain_0_1:(-0.050, 0.995, -0.084);Ground_Mountain_0_1:(-0.050, 0.995, -0.084);Ground_Mountain_0_1:(-0.050, 0.995, -0.084);"
14.820,155.097,861.283,83.030,-143.594,13.522,13.075,0.955,3.356,1.000,0.000,-0.145,4,9.830,0.063,0.995,"Ground_Mountain_0_1:(-0.050, 0.995, -0.084);Ground_Mountain_0_1:(-0.050, 0.995, -0.084);Ground_Mountain_0_1:(-0.050, 0.995, -0.084);Ground_Mountain_0_1:(-0.050, 0.995, -0.084);Ground_Mountain_0_1:(-0.050, 0.995, -0.084);Ground_Mountain_0_1:(-0.050, 0.995, -0.084);"
14.840,155.159,861.548,83.050,-143.523,13.755,13.271,0.981,3.526,1.000,0.000,-0.145,4,9.822,0.055,0.995,"Ground_Mountain_0_1:(-0.050, 0.995, -0.084);Ground_Mountain_0_1:(-0.050, 0.995, -0.084);Ground_Mountain_0_1:(-0.050, 0.995, -0.084);Ground_Mountain_0_1:(-0.050, 0.995, -0.084);Ground_Mountain_0_1:(-0.050, 0.995, -0.084);Ground_Mountain_0_1:(-0.050, 0.995, -0.084);"
14.860,155.159,861.817,83.070,-143.449,13.987,13.463,1.006,3.702,1.000,0.000,-0.145,4,9.807,0.054,0.995,"Ground_Mountain_0_1:(-0.050, 0.995, -0.085);Ground_Mountain_0_1:(-0.050, 0.995, -0.085);Ground_Mountain_0_1:(-0.050, 0.995, -0.085);Ground_Mountain_0_1:(-0.050, 0.995, -0.085);Ground_Mountain_0_1:(-0.050, 0.995, -0.085);Ground_Mountain_0_1:(-0.050, 0.995, -0.085);"
14.880,155.159,862.090,83.091,-143.371,14.217,13.651,1.032,3.882,1.000,0.000,-0.145,4,9.790,0.047,0.995,"Ground_Mountain_0_1:(-0.050, 0.995, -0.085);Ground_Mountain_0_1:(-0.050, 0.995, -0.085);Ground_Mountain_0_1:(-0.050, 0.995, -0.085);Ground_Mountain_0_1:(-0.050, 0.995, -0.085);Ground_Mountain_0_1:(-0.050, 0.995, -0.085);Ground_Mountain_0_1:(-0.050, 0.995, -0.085);"
14.900,155.159,862.367,83.112,-143.290,14.445,13.833,1.057,4.069,1.000,0.000,-0.144,4,9.784,0.043,0.995,"Ground_Mountain_0_1:(-0.050, 0.995, -0.085);Ground_Mountain_0_1:(-0.050, 0.995, -0.085);Ground_Mountain_0_1:(-0.050, 0.995, -0.085);Ground_Mountain_0_1:(-0.050, 0.995, -0.085);Ground_Mountain_0_1:(-0.050, 0.995, -0.085);Ground_Mountain_0_1:(-0.050, 0.995, -0.085);"
14.920,155.301,862.647,83.133,-143.205,14.671,14.011,1.084,4.261,1.000,0.000,-0.145,4,9.787,0.035,0.995,"Ground_Mountain_0_1:(-0.051, 0.995, -0.086);Ground_Mountain_0_1:(-0.051, 0.995, -0.086);Ground_Mountain_0_1:(-0.051, 0.995, -0.086);Ground_Mountain_0_1:(-0.051, 0.995, -0.086);Ground_Mountain_0_1:(-0.051, 0.995, -0.086);Ground_Mountain_0_1:(-0.051, 0.995, -0.086);"
14.940,155.569,862.931,83.156,-143.115,14.895,14.184,1.111,4.458,1.000,0.000,-0.147,4,9.795,0.047,0.995,"Ground_Mountain_0_1:(-0.051, 0.995, -0.086);Ground_Mountain_0_1:(-0.051, 0.995, -0.086);Ground_Mountain_0_1:(-0.051, 0.995, -0.086);Ground_Mountain_0_1:(-0.051, 0.995, -0.086);Ground_Mountain_0_1:(-0.051, 0.995, -0.086);Ground_Mountain_0_1:(-0.051, 0.995, -0.086);"
14.960,155.842,863.218,83.178,-143.022,15.117,14.352,1.138,4.661,1.000,0.000,-0.149,4,9.811,0.034,0.995,"Ground_Mountain_0_1:(-0.051, 0.995, -0.087);Ground_Mountain_0_1:(-0.051, 0.995, -0.087);Ground_Mountain_0_1:(-0.051, 0.995, -0.087);Ground_Mountain_0_1:(-0.051, 0.995, -0.087);Ground_Mountain_0_1:(-0.051, 0.995, -0.087);Ground_Mountain_0_1:(-0.051, 0.995, -0.087);"
14.980,156.121,863.508,83.202,-142.925,15.338,14.515,1.165,4.869,1.000,0.000,-0.151,4,9.812,0.030,0.995,"Ground_Mountain_0_1:(-0.052, 0.995, -0.088);Ground_Mountain_0_1:(-0.052, 0.995, -0.088);Ground_Mountain_0_1:(-0.052, 0.995, -0.088);Ground_Mountain_0_1:(-0.052, 0.995, -0.088);Ground_Mountain_0_1:(-0.052, 0.995, -0.088);Ground_Mountain_0_1:(-0.052, 0.995, -0.088);"
15.000,156.404,863.802,83.225,-142.823,15.556,14.672,1.193,5.083,1.000,0.000,-0.152,4,9.810,0.028,0.995,"Ground_Mountain_0_1:(-0.051, 0.995, -0.088);Ground_Mountain_0_1:(-0.051, 0.995, -0.088);Ground_Mountain_0_1:(-0.051, 0.995, -0.088);Ground_Mountain_0_1:(-0.051, 0.995, -0.088);Ground_Mountain_0_1:(-0.051, 0.995, -0.088);Ground_Mountain_0_1:(-0.051, 0.995, -0.088);"
15.020,156.693,864.098,83.250,-142.717,15.773,14.823,1.222,5.303,1.000,0.000,-0.154,4,9.825,0.024,0.995,"Ground_Mountain_0_1:(-0.052, 0.995, -0.089);Ground_Mountain_0_1:(-0.052, 0.995, -0.089);Ground_Mountain_0_1:(-0.052, 0.995, -0.089);Ground_Mountain_0_1:(-0.052, 0.995, -0.089);Ground_Mountain_0_1:(-0.052, 0.995, -0.089);Ground_Mountain_0_1:(-0.052, 0.995, -0.089);"
15.040,156.879,864.397,83.275,-142.607,15.987,14.969,1.251,5.529,1.000,0.000,-0.161,4,9.846,0.033,0.995,"Ground_Mountain_0_1:(-0.052, 0.995, -0.089);Ground_Mountain_0_1:(-0.052, 0.995, -0.089);Ground_Mountain_0_1:(-0.052, 0.995, -0.089);Ground_Mountain_0_1:(-0.052, 0.995, -0.089);Ground_Mountain_0_1:(-0.052, 0.995, -0.089);Ground_Mountain_0_1:(-0.052, 0.995, -0.089);"
15.060,156.879,864.699,83.301,-142.492,16.200,15.108,1.282,5.761,1.000,0.000,-0.155,4,9.880,0.016,0.995,"Ground_Mountain_0_1:(-0.052, 0.995, -0.089);Ground_Mountain_0_1:(-0.052, 0.995, -0.089);Ground_Mountain_0_1:(-0.052, 0.995, -0.089);Ground_Mountain_0_1:(-0.052, 0.995, -0.089);Ground_Mountain_0_1:(-0.052, 0.995, -0.089);Ground_Mountain_0_1:(-0.052, 0.995, -0.089);"
15.080,156.879,865.004,83.327,-142.372,16.410,15.240,1.313,5.999,1.000,0.000,-0.155,4,9.903,0.004,0.995,"Ground_Mountain_0_1:(-0.052, 0.995, -0.090);Ground_Mountain_0_1:(-0.052, 0.995, -0.090);Ground_Mountain_0_1:(-0.052, 0.995, -0.090);Ground_Mountain_0_1:(-0.052, 0.995, -0.090);Ground_Mountain_0_1:(-0.052, 0.995, -0.090);Ground_Mountain_0_1:(-0.052, 0.995, -0.090);"
15.100,157.046,865.312,83.354,-142.247,16.619,15.367,1.345,6.243,1.000,0.000,-0.156,4,9.920,0.014,0.995,"Ground_Mountain_0_1:(-0.052, 0.995, -0.090);Ground_Mountain_0_1:(-0.052, 0.995, -0.090);Ground_Mountain_0_1:(-0.052, 0.995, -0.090);Ground_Mountain_0_1:(-0.052, 0.995, -0.090);Ground_Mountain_0_1:(-0.052, 0.995, -0.090);Ground_Mountain_0_1:(-0.052, 0.995, -0.090);"
15.120,157.358,865.621,83.381,-142.117,16.826,15.486,1.377,6.493,1.000,0.000,-0.164,4,9.937,0.006,0.995,"Ground_Mountain_0_1:(-0.052, 0.995, -0.090);Ground_Mountain_0_1:(-0.052, 0.995, -0.090);Ground_Mountain_0_1:(-0.052, 0.995, -0.090);Ground_Mountain_0_1:(-0.052, 0.995, -0.090);Ground_Mountain_0_1:(-0.052, 0.995, -0.090);Ground_Mountain_0_1:(-0.052, 0.995, -0.090);"
15.140,157.675,865.933,83.409,-141.982,17.031,15.599,1.411,6.749,1.000,0.000,-0.166,4,9.969,0.008,0.995,"Ground_Mountain_0_1:(-0.052, 0.995, -0.091);Ground_Mountain_0_1:(-0.052, 0.995, -0.091);Ground_Mountain_0_1:(-0.052, 0.995, -0.091);Ground_Mountain_0_1:(-0.052, 0.995, -0.091);Ground_Mountain_0_1:(-0.052, 0.995, -0.091);Ground_Mountain_0_1:(-0.052, 0.995, -0.091);"
15.160,157.997,866.247,83.438,-141.842,17.233,15.704,1.445,7.011,1.000,0.000,-0.168,4,9.995,0.012,0.995,"Ground_Mountain_0_1:(-0.052, 0.994, -0.091);Ground_Mountain_0_1:(-0.052, 0.994, -0.091);Ground_Mountain_0_1:(-0.052, 0.994, -0.091);Ground_Mountain_0_1:(-0.052, 0.994, -0.091);Ground_Mountain_0_1:(-0.052, 0.994, -0.091);Ground_Mountain_0_1:(-0.052, 0.994, -0.091);"
15.180,158.325,866.563,83.468,-141.697,17.434,15.801,1.480,7.280,1.000,0.000,-0.171,4,10.015,0.022,0.995,"Ground_Mountain_0_1:(-0.053, 0.994, -0.092);Ground_Mountain_0_1:(-0.053, 0.994, -0.092);Ground_Mountain_0_1:(-0.053, 0.994, -0.092);Ground_Mountain_0_1:(-0.053, 0.994, -0.092);Ground_Mountain_0_1:(-0.053, 0.994, -0.092);Ground_Mountain_0_1:(-0.053, 0.994, -0.092);"
15.200,158.610,866.881,83.498,-141.546,17.632,15.891,1.516,7.555,1.000,0.000,-0.173,4,10.036,0.015,0.995,"Ground_Mountain_0_1:(-0.053, 0.994, -0.092);Ground_Mountain_0_1:(-0.053, 0.994, -0.092);Ground_Mountain_0_1:(-0.053, 0.994, -0.092);Ground_Mountain_0_1:(-0.053, 0.994, -0.092);Ground_Mountain_0_1:(-0.053, 0.994, -0.092);Ground_Mountain_0_1:(-0.053, 0.994, -0.092);"
15.220,158.610,867.200,83.529,-141.389,17.829,15.972,1.553,7.836,1.000,0.000,-0.172,4,10.071,0.026,0.995,"Ground_Mountain_0_1:(-0.053, 0.994, -0.093);Ground_Mountain_0_1:(-0.053, 0.994, -0.093);Ground_Mountain_0_1:(-0.053, 0.994, -0.093);Ground_Mountain_0_1:(-0.053, 0.994, -0.093);Ground_Mountain_0_1:(-0.053, 0.994, -0.093);Ground_Mountain_0_1:(-0.053, 0.994, -0.093);"
15.240,158.620,867.521,83.561,-141.227,18.023,16.044,1.591,8.124,1.000,0.000,-0.172,4,10.101,0.023,0.995,"Ground_Mountain_0_1:(-0.054, 0.994, -0.093);Ground_Mountain_0_1:(-0.054, 0.994, -0.093);Ground_Mountain_0_1:(-0.054, 0.994, -0.093);Ground_Mountain_0_1:(-0.054, 0.994, -0.093);Ground_Mountain_0_1:(-0.054, 0.994, -0.093);Ground_Mountain_0_1:(-0.054, 0.994, -0.093);"
15.260,158.966,867.843,83.594,-141.058,18.215,16.107,1.629,8.419,1.000,0.000,-0.175,4,10.116,0.039,0.995,"Ground_Mountain_0_1:(-0.054, 0.994, -0.095);Ground_Mountain_0_1:(-0.054, 0.994, -0.095);Ground_Mountain_0_1:(-0.054, 0.994, -0.095);Ground_Mountain_0_1:(-0.054, 0.994, -0.095);Ground_Mountain_0_1:(-0.054, 0.994, -0.095);Ground_Mountain_0_1:(-0.054, 0.994, -0.095);"
15.280,159.316,868.167,83.627,-140.884,18.405,16.162,1.668,8.719,1.000,0.000,-0.177,4,10.121,0.038,0.995,"Ground_Mountain_0_1:(-0.054, 0.994, -0.095);Ground_Mountain_0_1:(-0.054, 0.994, -0.095);Ground_Mountain_0_1:(-0.054, 0.994, -0.095);Ground_Mountain_0_1:(-0.054, 0.994, -0.095);Ground_Mountain_0_1:(-0.054, 0.994, -0.095);Ground_Mountain_0_1:(-0.054, 0.994, -0.095);"
15.300,159.672,868.491,83.661,-140.704,18.593,16.207,1.708,9.025,1.000,0.000,-0.185,4,10.152,0.029,0.995,"Ground_Mountain_0_1:(-0.054, 0.994, -0.095);Ground_Mountain_0_1:(-0.054, 0.994, -0.095);Ground_Mountain_0_1:(-0.054, 0.994, -0.095);Ground_Mountain_0_1:(-0.054, 0.994, -0.095);Ground_Mountain_0_1:(-0.054, 0.994, -0.095);Ground_Mountain_0_1:(-0.054, 0.994, -0.095);"
15.320,160.032,868.815,83.696,-140.517,18.779,16.242,1.749,9.338,1.000,0.000,-0.188,4,10.190,0.033,0.994,"Ground_Mountain_0_1:(-0.055, 0.994, -0.096);Ground_Mountain_0_1:(-0.055, 0.994, -0.096);Ground_Mountain_0_1:(-0.055, 0.994, -0.096);Ground_Mountain_0_1:(-0.055, 0.994, -0.096);Ground_Mountain_0_1:(-0.055, 0.994, -0.096);Ground_Mountain_0_1:(-0.055, 0.994, -0.096);"
15.340,160.355,869.141,83.732,-140.324,18.962,16.267,1.790,9.657,1.000,0.000,-0.190,4,10.208,0.047,0.994,"Ground_Mountain_0_1:(-0.054, 0.994, -0.096);Ground_Mountain_0_1:(-0.054, 0.994, -0.096);Ground_Mountain_0_1:(-0.054, 0.994, -0.096);Ground_Mountain_0_1:(-0.054, 0.994, -0.096);Ground_Mountain_0_1:(-0.054, 0.994, -0.096);Ground_Mountain_0_1:(-0.054, 0.994, -0.096);"
15.360,160.355,869.466,83.768,-140.125,19.143,16.281,1.831,9.982,1.000,0.000,-0.190,4,10.211,0.049,0.994,"Ground_Mountain_0_1:(-0.055, 0.994, -0.097);Ground_Mountain_0_1:(-0.055, 0.994, -0.097);Ground_Mountain_0_1:(-0.055, 0.994, -0.097);Ground_Mountain_0_1:(-0.055, 0.994, -0.097);Ground_Mountain_0_1:(-0.055, 0.994, -0.097);Ground_Mountain_0_1:(-0.055, 0.994, -0.097);"
15.380,160.527,869.792,83.806,-139.919,19.322,16.284,1.874,10.314,1.000,0.000,-0.191,4,10.237,0.038,0.994,"Ground_Mountain_0_1:(-0.054, 0.994, -0.097);Ground_Mountain_0_1:(-0.054, 0.994, -0.097);Ground_Mountain_0_1:(-0.054, 0.994, -0.097);Ground_Mountain_0_1:(-0.054, 0.994, -0.097);Ground_Mountain_0_1:(-0.054, 0.994, -0.097);Ground_Mountain_0_1:(-0.054, 0.994, -0.097);"
15.400,160.905,870.117,83.844,-139.706,19.499,16.275,1.917,10.652,1.000,0.000,-0.193,4,10.267,0.040,0.994,"Ground_Mountain_0_1:(-0.055, 0.994, -0.098);Ground_Mountain_0_1:(-0.055, 0.994, -0.098);Ground_Mountain_0_1:(-0.055, 0.994, -0.098);Ground_Mountain_0_1:(-0.055, 0.994, -0.098);Ground_Mountain_0_1:(-0.055, 0.994, -0.098);Ground_Mountain_0_1:(-0.055, 0.994, -0.098);"
15.420,161.288,870.442,83.883,-139.486,19.673,16.254,1.960,10.995,1.000,0.000,-0.196,4,10.278,0.056,0.994,"Ground_Mountain_0_1:(-0.055, 0.994, -0.099);Ground_Mountain_0_1:(-0.055, 0.994, -0.099);Ground_Mountain_0_1:(-0.055, 0.994, -0.099);Ground_Mountain_0_1:(-0.055, 0.994, -0.099);Ground_Mountain_0_1:(-0.055, 0.994, -0.099);Ground_Mountain_0_1:(-0.055, 0.994, -0.099);"
15.440,161.675,870.767,83.923,-139.259,19.845,16.222,2.004,11.344,1.000,0.000,-0.199,4,10.283,0.049,0.994,"Ground_Mountain_0_1:(-0.055, 0.994, -0.099);Ground_Mountain_0_1:(-0.055, 0.994, -0.099);Ground_Mountain_0_1:(-0.055, 0.994, -0.099);Ground_Mountain_0_1:(-0.055, 0.994, -0.099);Ground_Mountain_0_1:(-0.055, 0.994, -0.099);Ground_Mountain_0_1:(-0.055, 0.994, -0.099);"
15.460,162.066,871.090,83.964,-139.025,20.015,16.177,2.048,11.698,1.000,0.000,-0.207,4,10.323,0.050,0.994,"Ground_Mountain_0_1:(-0.056, 0.993, -0.100);Ground_Mountain_0_1:(-0.056, 0.993, -0.100);Ground_Mountain_0_1:(-0.056, 0.993, -0.100);Ground_Mountain_0_1:(-0.056, 0.993, -0.100);Ground_Mountain_0_1:(-0.056, 0.993, -0.100);Ground_Mountain_0_1:(-0.056, 0.993, -0.100);"
15.480,162.117,871.413,84.006,-138.785,20.182,16.119,2.094,12.057,1.000,0.000,-0.207,4,10.347,0.049,0.994,"Ground_Mountain_0_1:(-0.056, 0.993, -0.100);Ground_Mountain_0_1:(-0.056, 0.993, -0.100);Ground_Mountain_0_1:(-0.056, 0.993, -0.100);Ground_Mountain_0_1:(-0.056, 0.993, -0.100);Ground_Mountain_0_1:(-0.056, 0.993, -0.100);Ground_Mountain_0_1:(-0.056, 0.993, -0.100);"
15.500,162.431,871.733,84.049,-138.536,20.347,16.047,2.138,12.421,1.000,0.000,-0.209,4,10.347,0.066,0.994,"Ground_Mountain_0_1:(-0.057, 0.993, -0.102);Ground_Mountain_0_1:(-0.057, 0.993, -0.102);Ground_Mountain_0_1:(-0.057, 0.993, -0.102);Ground_Mountain_0_1:(-0.057, 0.993, -0.102);Ground_Mountain_0_1:(-0.057, 0.993, -0.102);Ground_Mountain_0_1:(-0.057, 0.993, -0.102);"
15.520,162.835,872.053,84.093,-138.281,20.509,15.961,2.184,12.791,1.000,0.000,-0.212,4,10.371,0.054,0.994,"Ground_Mountain_0_1:(-0.056, 0.993, -0.102);Ground_Mountain_0_1:(-0.056, 0.993, -0.102);Ground_Mountain_0_1:(-0.056, 0.993, -0.102);Ground_Mountain_0_1:(-0.056, 0.993, -0.102);Ground_Mountain_0_1:(-0.056, 0.993, -0.102);Ground_Mountain_0_1:(-0.056, 0.993, -0.102);"
15.540,163.242,872.370,84.137,-138.017,20.669,15.860,2.230,13.165,1.000,0.000,-0.215,4,10.408,0.060,0.994,"Ground_Mountain_0_1:(-0.057, 0.993, -0.103);Ground_Mountain_0_1:(-0.057, 0.993, -0.103);Ground_Mountain_0_1:(-0.057, 0.993, -0.103);Ground_Mountain_0_1:(-0.057, 0.993, -0.103);Ground_Mountain_0_1:(-0.057, 0.993, -0.103);Ground_Mountain_0_1:(-0.057, 0.993, -0.103);"
15.560,163.654,872.684,84.183,-137.747,20.826,15.745,2.276,13.543,1.000,0.000,-0.218,4,10.422,0.068,0.994,"Ground_Mountain_0_1:(-0.057, 0.993, -0.104);Ground_Mountain_0_1:(-0.057, 0.993, -0.104);Ground_Mountain_0_1:(-0.057, 0.993, -0.104);Ground_Mountain_0_1:(-0.057, 0.993, -0.104);Ground_Mountain_0_1:(-0.057, 0.993, -0.104);Ground_Mountain_0_1:(-0.057, 0.993, -0.104);"
15.580,163.898,872.997,84.229,-137.468,20.981,15.615,2.323,13.926,1.000,0.000,-0.220,4,10.429,0.061,0.994,"Ground_Mountain_0_1:(-0.057, 0.993, -0.104);Ground_Mountain_0_1:(-0.057, 0.993, -0.104);Ground_Mountain_0_1:(-0.057, 0.993, -0.104);Ground_Mountain_0_1:(-0.057, 0.993, -0.104);Ground_Mountain_0_1:(-0.057, 0.993, -0.104);Ground_Mountain_0_1:(-0.057, 0.993, -0.104);"
15.600,164.197,873.306,84.277,-137.182,21.133,15.468,2.370,14.311,1.000,0.000,-0.227,4,10.479,0.054,0.994,"Ground_Mountain_0_1:(-0.057, 0.993, -0.104);Ground_Mountain_0_1:(-0.057, 0.993, -0.104);Ground_Mountain_0_1:(-0.057, 0.993, -0.104);Ground_Mountain_0_1:(-0.057, 0.993, -0.104);Ground_Mountain_0_1:(-0.057, 0.993, -0.104);Ground_Mountain_0_1:(-0.057, 0.993, -0.104);"
15.620,164.619,873.612,84.325,-136.889,21.282,15.306,2.417,14.700,1.000,0.000,-0.230,4,10.497,0.072,0.993,"Ground_Mountain_0_1:(-0.058, 0.993, -0.105);Ground_Mountain_0_1:(-0.058, 0.993, -0.105);Ground_Mountain_0_1:(-0.058, 0.993, -0.105);Ground_Mountain_0_1:(-0.058, 0.993, -0.105);Ground_Mountain_0_1:(-0.058, 0.993, -0.105);Ground_Mountain_0_1:(-0.058, 0.993, -0.105);"
15.640,165.044,873.915,84.374,-136.587,21.429,15.126,2.463,15.092,1.000,0.000,-0.233,4,10.500,0.070,0.993,"Ground_Mountain_0_1:(-0.059, 0.993, -0.107);Ground_Mountain_0_1:(-0.059, 0.993, -0.107);Ground_Mountain_0_1:(-0.059, 0.993, -0.107);Ground_Mountain_0_1:(-0.059, 0.993, -0.107);Ground_Mountain_0_1:(-0.059, 0.993, -0.107);Ground_Mountain_0_1:(-0.059, 0.993, -0.107);"
15.660,165.472,874.213,84.424,-136.277,21.572,14.929,2.510,15.486,1.000,0.000,-0.236,4,10.545,0.064,0.993,"Ground_Mountain_0_1:(-0.058, 0.993, -0.107);Ground_Mountain_0_1:(-0.058, 0.993, -0.107);Ground_Mountain_0_1:(-0.058, 0.993, -0.107);Ground_Mountain_0_1:(-0.058, 0.993, -0.107);Ground_Mountain_0_1:(-0.058, 0.993, -0.107);Ground_Mountain_0_1:(-0.058, 0.993, -0.107);"
15.680,165.752,874.507,84.475,-135.960,21.714,14.714,2.557,15.883,1.000,0.000,-0.238,4,10.579,0.070,0.993,"Ground_Mountain_0_1:(-0.059, 0.992, -0.108);Ground_Mountain_0_1:(-0.059, 0.992, -0.108);Ground_Mountain_0_1:(-0.059, 0.992, -0.108);Ground_Mountain_0_1:(-0.059, 0.992, -0.108);Ground_Mountain_0_1:(-0.059, 0.992, -0.108);Ground_Mountain_0_1:(-0.059, 0.992, -0.108);"
15.700,166.186,874.797,84.528,-135.635,21.852,14.481,2.604,16.280,1.000,0.000,-0.245,4,10.589,0.087,0.993,"Ground_Mountain_0_1:(-0.060, 0.992, -0.109);Ground_Mountain_0_1:(-0.060, 0.992, -0.109);Ground_Mountain_0_1:(-0.060, 0.992, -0.109);Ground_Mountain_0_1:(-0.060, 0.992, -0.109);Ground_Mountain_0_1:(-0.060, 0.992, -0.109);Ground_Mountain_0_1:(-0.060, 0.992, -0.109);"
15.720,166.622,875.081,84.581,-135.301,21.987,14.230,2.650,16.678,1.000,0.000,-0.248,4,10.616,0.079,0.993,"Ground_Mountain_0_1:(-0.060, 0.992, -0.109);Ground_Mountain_0_1:(-0.060, 0.992, -0.109);Ground_Mountain_0_1:(-0.060, 0.992, -0.109);Ground_Mountain_0_1:(-0.060, 0.992, -0.109);Ground_Mountain_0_1:(-0.060, 0.992, -0.109);Ground_Mountain_0_1:(-0.060, 0.992, -0.109);"
15.740,167.061,875.360,84.634,-134.960,22.119,13.958,2.697,17.077,1.000,0.000,-0.251,4,10.666,0.076,0.993,"Ground_Mountain_0_1:(-0.061, 0.992, -0.110);Ground_Mountain_0_1:(-0.061, 0.992, -0.110);Ground_Mountain_0_1:(-0.061, 0.992, -0.110);Ground_Mountain_0_1:(-0.061, 0.992, -0.110);Ground_Mountain_0_1:(-0.061, 0.992, -0.110);Ground_Mountain_0_1:(-0.061, 0.992, -0.110);"
15.760,167.501,875.634,84.689,-134.611,22.236,13.661,2.741,17.465,0.940,0.000,-0.254,4,10.679,0.085,0.993,"Ground_Mountain_0_1:(-0.061, 0.992, -0.111);Ground_Mountain_0_1:(-0.061, 0.992, -0.111);Ground_Mountain_0_1:(-0.061, 0.992, -0.111);Ground_Mountain_0_1:(-0.061, 0.992, -0.111);Ground_Mountain_0_1:(-0.061, 0.992, -0.111);Ground_Mountain_0_1:(-0.061, 0.992, -0.111);"
15.780,167.944,875.900,84.745,-134.254,22.338,13.336,2.783,17.842,0.882,0.000,-0.261,4,10.698,0.084,0.993,"Ground_Mountain_0_1:(-0.061, 0.992, -0.112);Ground_Mountain_0_1:(-0.061, 0.992, -0.112);Ground_Mountain_0_1:(-0.061, 0.992, -0.112);Ground_Mountain_0_1:(-0.061, 0.992, -0.112);Ground_Mountain_0_1:(-0.061, 0.992, -0.112);Ground_Mountain_0_1:(-0.061, 0.992, -0.112);"
15.800,168.386,876.160,84.801,-133.890,22.427,12.987,2.824,18.208,0.831,0.000,-0.264,4,10.756,0.083,0.993,"Ground_Mountain_0_1:(-0.062, 0.992, -0.113);Ground_Mountain_0_1:(-0.062, 0.992, -0.113);Ground_Mountain_0_1:(-0.062, 0.992, -0.113);Ground_Mountain_0_1:(-0.062, 0.992, -0.113);Ground_Mountain_0_1:(-0.062, 0.992, -0.113);Ground_Mountain_0_1:(-0.062, 0.992, -0.113);"
15.820,168.829,876.412,84.858,-133.519,22.504,12.613,2.862,18.564,0.786,0.000,-0.267,4,10.782,0.094,0.993,"Ground_Mountain_0_1:(-0.062, 0.992, -0.114);Ground_Mountain_0_1:(-0.062, 0.992, -0.114);Ground_Mountain_0_1:(-0.062, 0.992, -0.114);Ground_Mountain_0_1:(-0.062, 0.992, -0.114);Ground_Mountain_0_1:(-0.062, 0.992, -0.114);Ground_Mountain_0_1:(-0.062, 0.992, -0.114);"
15.840,169.272,876.656,84.916,-133.141,22.571,12.215,2.898,18.909,0.748,0.000,-0.270,4,10.790,0.093,0.992,"Ground_Mountain_0_1:(-0.062, 0.992, -0.114);Ground_Mountain_0_1:(-0.062, 0.992, -0.114);Ground_Mountain_0_1:(-0.062, 0.992, -0.114);Ground_Mountain_0_1:(-0.062, 0.992, -0.114);Ground_Mountain_0_1:(-0.062, 0.992, -0.114);Ground_Mountain_0_1:(-0.062, 0.992, -0.114);"
15.860,169.848,876.892,84.975,-132.756,22.628,11.794,2.933,19.243,0.715,0.000,-0.277,4,10.833,0.101,0.992,"Ground_Mountain_0_1:(-0.063, 0.991, -0.115);Ground_Mountain_0_1:(-0.063, 0.991, -0.115);Ground_Mountain_0_1:(-0.063, 0.991, -0.115);Ground_Mountain_0_1:(-0.063, 0.991, -0.115);Ground_Mountain_0_1:(-0.063, 0.991, -0.115);Ground_Mountain_0_1:(-0.063, 0.991, -0.115);"
15.880,170.289,877.119,85.034,-132.365,22.677,11.351,2.966,19.566,0.686,0.000,-0.280,4,10.874,0.100,0.992,"Ground_Mountain_0_1:(-0.064, 0.991, -0.117);Ground_Mountain_0_1:(-0.064, 0.991, -0.117);Ground_Mountain_0_1:(-0.064, 0.991, -0.117);Ground_Mountain_0_1:(-0.064, 0.991, -0.117);Ground_Mountain_0_1:(-0.064, 0.991, -0.117);Ground_Mountain_0_1:(-0.064, 0.991, -0.117);"
15.900,170.728,877.337,85.094,-131.968,22.718,10.886,2.996,19.877,0.662,0.000,-0.283,4,10.887,0.094,0.992,"Ground_Mountain_0_1:(-0.064, 0.991, -0.117);Ground_Mountain_0_1:(-0.064, 0.991, -0.117);Ground_Mountain_0_1:(-0.064, 0.991, -0.117);Ground_Mountain_0_1:(-0.064, 0.991, -0.117);Ground_Mountain_0_1:(-0.064, 0.991, -0.117);Ground_Mountain_0_1:(-0.064, 0.991, -0.117);"
15.920,171.436,877.544,85.155,-131.565,22.753,10.401,3.024,20.177,0.641,0.000,-0.287,4,10.913,0.103,0.992,"Ground_Mountain_0_1:(-0.064, 0.991, -0.118);Ground_Mountain_0_1:(-0.064, 0.991, -0.118);Ground_Mountain_0_1:(-0.064, 0.991, -0.118);Ground_Mountain_0_1:(-0.064, 0.991, -0.118);Ground_Mountain_0_1:(-0.064, 0.991, -0.118);Ground_Mountain_0_1:(-0.064, 0.991, -0.118);"
15.940,171.869,877.742,85.216,-131.156,22.781,9.895,3.050,20.464,0.624,0.000,-0.293,4,10.946,0.116,0.992,"Ground_Mountain_0_1:(-0.064, 0.991, -0.118);Ground_Mountain_0_1:(-0.064, 0.991, -0.118);Ground_Mountain_0_1:(-0.064, 0.991, -0.118);Ground_Mountain_0_1:(-0.064, 0.991, -0.118);Ground_Mountain_0_1:(-0.064, 0.991, -0.118);Ground_Mountain_0_1:(-0.064, 0.991, -0.118);"
15.960,172.300,877.929,85.277,-130.741,22.805,9.369,3.074,20.738,0.609,0.000,-0.295,4,10.949,0.114,0.992,"Ground_Mountain_0_1:(-0.065, 0.991, -0.120);Ground_Mountain_0_1:(-0.065, 0.991, -0.120);Ground_Mountain_0_1:(-0.065, 0.991, -0.120);Ground_Mountain_0_1:(-0.065, 0.991, -0.120);Ground_Mountain_0_1:(-0.065, 0.991, -0.120);Ground_Mountain_0_1:(-0.065, 0.991, -0.120);"
15.980,172.726,878.106,85.339,-130.321,22.823,8.824,3.095,20.999,0.598,0.000,-0.297,4,10.969,0.115,0.992,"Ground_Mountain_0_1:(-0.066, 0.991, -0.121);Ground_Mountain_0_1:(-0.066, 0.991, -0.121);Ground_Mountain_0_1:(-0.066, 0.991, -0.121);Ground_Mountain_0_1:(-0.066, 0.991, -0.121);Ground_Mountain_0_1:(-0.066, 0.991, -0.121);Ground_Mountain_0_1:(-0.066, 0.991, -0.121);"
16.000,173.516,878.271,85.401,-129.897,22.838,8.263,3.114,21.245,0.588,0.000,-0.304,4,10.998,0.116,0.992,"Ground_Mountain_0_1:(-0.066, 0.990, -0.121);Ground_Mountain_0_1:(-0.066, 0.990, -0.121);Ground_Mountain_0_1:(-0.066, 0.990, -0.121);Ground_Mountain_0_1:(-0.066, 0.990, -0.121);Ground_Mountain_0_1:(-0.066, 0.990, -0.121);Ground_Mountain_0_1:(-0.066, 0.990, -0.121);"
16.020,173.932,878.425,85.464,-129.468,22.848,7.695,3.130,21.474,0.581,0.000,-0.306,4,11.005,0.129,0.991,"Ground_Mountain_0_1:(-0.066, 0.990, -0.122);Ground_Mountain_0_1:(-0.066, 0.990, -0.122);Ground_Mountain_0_1:(-0.066, 0.990, -0.122);Ground_Mountain_0_1:(-0.066, 0.990, -0.122);Ground_Mountain_0_1:(-0.066, 0.990, -0.122);Ground_Mountain_0_1:(-0.066, 0.990, -0.122);"
16.040,174.343,878.567,85.527,-129.034,22.855,7.118,3.144,21.686,0.576,0.000,-0.308,4,11.013,0.128,0.991,"Ground_Mountain_0_1:(-0.067, 0.990, -0.122);Ground_Mountain_0_1:(-0.067, 0.990, -0.122);Ground_Mountain_0_1:(-0.067, 0.990, -0.122);Ground_Mountain_0_1:(-0.067, 0.990, -0.122);Ground_Mountain_0_1:(-0.067, 0.990, -0.122);Ground_Mountain_0_1:(-0.067, 0.990, -0.122);"
16.060,174.749,878.698,85.590,-128.597,22.858,6.535,3.154,21.880,0.573,0.000,-0.310,4,11.012,0.128,0.991,"Ground_Mountain_0_1:(-0.067, 0.990, -0.124);Ground_Mountain_0_1:(-0.067, 0.990, -0.124);Ground_Mountain_0_1:(-0.067, 0.990, -0.124);Ground_Mountain_0_1:(-0.067, 0.990, -0.124);Ground_Mountain_0_1:(-0.067, 0.990, -0.124);Ground_Mountain_0_1:(-0.067, 0.990, -0.124);"
16.080,175.643,878.816,85.653,-128.156,22.858,5.946,3.163,22.057,0.571,0.000,-0.316,4,11.027,0.121,0.991,"Ground_Mountain_0_1:(-0.068, 0.990, -0.125);Ground_Mountain_0_1:(-0.068, 0.990, -0.125);Ground_Mountain_0_1:(-0.068, 0.990, -0.125);Ground_Mountain_0_1:(-0.068, 0.990, -0.125);Ground_Mountain_0_1:(-0.068, 0.990, -0.125);Ground_Mountain_0_1:(-0.068, 0.990, -0.125);"
16.100,176.034,878.923,85.716,-127.712,22.854,5.350,3.169,22.216,0.571,0.000,-0.318,4,11.021,0.128,0.991,"Ground_Mountain_0_1:(-0.069, 0.990, -0.125);Ground_Mountain_0_1:(-0.069, 0.990, -0.125);Ground_Mountain_0_1:(-0.069, 0.990, -0.125);Ground_Mountain_0_1:(-0.069, 0.990, -0.125);Ground_Mountain_0_1:(-0.069, 0.990, -0.125);Ground_Mountain_0_1:(-0.069, 0.990, -0.125);"
16.120,176.419,879.018,85.780,-127.265,22.848,4.750,3.172,22.358,0.573,0.000,-0.319,4,11.012,0.139,0.991,"Ground_Mountain_0_1:(-0.068, 0.990, -0.125);Ground_Mountain_0_1:(-0.068, 0.990, -0.125);Ground_Mountain_0_1:(-0.068, 0.990, -0.125);Ground_Mountain_0_1:(-0.068, 0.990, -0.125);Ground_Mountain_0_1:(-0.068, 0.990, -0.125);Ground_Mountain_0_1:(-0.068, 0.990, -0.125);"
16.140,177.393,879.009,85.841,-126.892,19.287,0.000,3.171,19.034,0.576,0.000,-0.325,4,10.991,0.140,0.984,"Mountain trunk:(-0.769, 0.000, -0.640);Ground_Mountain_0_1:(-0.069, 0.989, -0.127);Ground_Mountain_0_1:(-0.069, 0.989, -0.127);Ground_Mountain_0_1:(-0.069, 0.989, -0.127);Ground_Mountain_0_1:(-0.069, 0.989, -0.127);Ground_Mountain_0_1:(-0.069, 0.989, -0.127);Ground_Mountain_0_1:(-0.069, 0.989, -0.127);"
16.160,177.643,878.999,85.904,-126.514,19.393,-0.134,3.215,19.213,1.000,0.000,-0.311,4,11.234,13.476,0.978,"Ground_Mountain_0_1:(-0.069, 0.989, -0.127);Ground_Mountain_0_1:(-0.069, 0.989, -0.127);Ground_Mountain_0_1:(-0.069, 0.989, -0.127);Ground_Mountain_0_1:(-0.069, 0.989, -0.127);Ground_Mountain_0_1:(-0.069, 0.989, -0.127);Ground_Mountain_0_1:(-0.069, 0.989, -0.127);Mountain trunk:(-0.995, -0.100, -0.009);Mountain trunk:(-0.995, -0.100, -0.009);Mountain trunk:(-0.995, -0.100, -0.009);Mountain trunk:(-0.995, -0.100, -0.009);"
16.180,177.896,878.982,85.967,-126.132,19.441,-0.591,3.260,19.346,1.000,0.000,-0.307,4,12.707,11.735,0.972,"Ground_Mountain_0_1:(-0.071, 0.989, -0.129);Ground_Mountain_0_1:(-0.071, 0.989, -0.129);Ground_Mountain_0_1:(-0.071, 0.989, -0.129);Ground_Mountain_0_1:(-0.071, 0.989, -0.129);Ground_Mountain_0_1:(-0.071, 0.989, -0.129);Ground_Mountain_0_1:(-0.071, 0.989, -0.129);Mountain trunk:(-0.987, -0.138, -0.080);Mountain trunk:(-0.987, -0.138, -0.080);Mountain trunk:(-0.987, -0.138, -0.080);Mountain trunk:(-0.987, -0.138, -0.080);"
16.200,178.146,878.953,86.032,-125.747,19.472,-1.248,3.291,19.415,1.000,0.000,-0.302,4,13.215,10.071,0.967,"Ground_Mountain_0_1:(-0.071, 0.989, -0.128);Ground_Mountain_0_1:(-0.071, 0.989, -0.128);Ground_Mountain_0_1:(-0.071, 0.989, -0.128);Ground_Mountain_0_1:(-0.071, 0.989, -0.128);Ground_Mountain_0_1:(-0.071, 0.989, -0.128);Ground_Mountain_0_1:(-0.071, 0.989, -0.128);Mountain trunk:(-0.976, -0.169, -0.140);Mountain trunk:(-0.976, -0.169, -0.140);Mountain trunk:(-0.976, -0.169, -0.140);Mountain trunk:(-0.976, -0.169, -0.140);"
16.220,178.389,878.912,86.097,-125.361,19.501,-1.920,3.309,19.445,1.000,0.000,-0.296,4,12.862,8.480,0.964,"Ground_Mountain_0_1:(-0.071, 0.989, -0.128);Ground_Mountain_0_1:(-0.071, 0.989, -0.128);Ground_Mountain_0_1:(-0.071, 0.989, -0.128);Ground_Mountain_0_1:(-0.071, 0.989, -0.128);Ground_Mountain_0_1:(-0.071, 0.989, -0.128);Ground_Mountain_0_1:(-0.071, 0.989, -0.128);Mountain trunk:(-0.962, -0.194, -0.191);Mountain trunk:(-0.962, -0.194, -0.191);Mountain trunk:(-0.962, -0.194, -0.191);Mountain trunk:(-0.962, -0.194, -0.191);"
16.240,178.625,878.859,86.162,-124.974,19.534,-2.594,3.303,19.444,1.000,0.000,-0.291,3,11.939,7.063,0.961,"Ground_Mountain_0_1:(-0.071, 0.989, -0.129);Ground_Mountain_0_1:(-0.071, 0.989, -0.129);Ground_Mountain_0_1:(-0.071, 0.989, -0.129);Ground_Mountain_0_1:(-0.071, 0.989, -0.129);Ground_Mountain_0_1:(-0.071, 0.989, -0.129);Ground_Mountain_0_1:(-0.071, 0.989, -0.129);Mountain trunk:(-0.948, -0.213, -0.236);Mountain trunk:(-0.948, -0.213, -0.236);Mountain trunk:(-0.948, -0.213, -0.236);Mountain trunk:(-0.948, -0.213, -0.236);"
16.260,179.448,878.793,86.227,-124.587,19.577,-3.267,3.268,19.418,1.000,0.000,-0.283,3,10.645,5.740,0.960,"Ground_Mountain_0_1:(-0.072, 0.989, -0.130);Ground_Mountain_0_1:(-0.072, 0.989, -0.130);Ground_Mountain_0_1:(-0.072, 0.989, -0.130);Ground_Mountain_0_1:(-0.072, 0.989, -0.130);Ground_Mountain_0_1:(-0.072, 0.989, -0.130);Ground_Mountain_0_1:(-0.072, 0.989, -0.130);Mountain trunk:(-1.000, 0.000, 0.000);Mountain trunk:(-1.000, 0.000, 0.000);Mountain trunk:(-1.000, 0.000, 0.000);Mountain trunk:(-1.000, 0.000, 0.000);"
16.280,179.661,878.714,86.291,-124.199,19.629,-3.935,3.200,19.373,1.000,0.000,-0.279,3,9.163,4.581,0.960,"Ground_Mountain_0_1:(-0.073, 0.989, -0.131);Ground_Mountain_0_1:(-0.073, 0.989, -0.131);Ground_Mountain_0_1:(-0.073, 0.989, -0.131);Ground_Mountain_0_1:(-0.073, 0.989, -0.131);Ground_Mountain_0_1:(-0.073, 0.989, -0.131);Ground_Mountain_0_1:(-0.073, 0.989, -0.131);Mountain trunk:(-1.000, 0.000, 0.000);Mountain trunk:(-1.000, 0.000, 0.000);Mountain trunk:(-1.000, 0.000, 0.000);"
16.300,179.863,878.622,86.353,-123.813,19.690,-4.596,3.100,19.312,1.000,0.000,-0.275,3,7.637,3.603,0.960,"Ground_Mountain_0_1:(-0.073, 0.989, -0.131);Ground_Mountain_0_1:(-0.073, 0.989, -0.131);Ground_Mountain_0_1:(-0.073, 0.989, -0.131);Ground_Mountain_0_1:(-0.073, 0.989, -0.131);Ground_Mountain_0_1:(-0.073, 0.989, -0.131);Ground_Mountain_0_1:(-0.073, 0.989, -0.131);Mountain trunk:(-0.666, 0.000, 0.746);"
16.320,180.055,878.518,86.413,-123.428,19.761,-5.248,2.952,19.238,1.000,0.000,-0.272,2,5.325,2.795,0.961,"Ground_Mountain_0_1:(-0.073, 0.989, -0.132);Ground_Mountain_0_1:(-0.073, 0.989, -0.132);Ground_Mountain_0_1:(-0.073, 0.989, -0.132);Ground_Mountain_0_1:(-0.073, 0.989, -0.132);Ground_Mountain_0_1:(-0.073, 0.989, -0.132);Ground_Mountain_0_1:(-0.073, 0.989, -0.132);"
16.340,180.237,878.402,86.469,-123.044,19.840,-5.894,2.784,19.149,1.000,0.000,-0.270,2,4.416,1.993,0.963,"Ground_Mountain_0_1:(-0.073, 0.989, -0.132);Ground_Mountain_0_1:(-0.073, 0.989, -0.132);Ground_Mountain_0_1:(-0.073, 0.989, -0.132);Ground_Mountain_0_1:(-0.073, 0.989, -0.132);Ground_Mountain_0_1:(-0.073, 0.989, -0.132);Ground_Mountain_0_1:(-0.073, 0.989, -0.132);"
16.360,180.407,878.271,86.520,-122.700,18.527,-6.535,2.599,17.401,1.000,0.000,-0.269,2,3.652,1.391,0.959,"Mountain trunk:(0.000, 0.000, -1.000);Mountain trunk:(0.000, 0.000, -1.000);Mountain trunk:(0.000, 0.000, -1.000);Ground_Mountain_0_1:(-0.074, 0.988, -0.133);Ground_Mountain_0_1:(-0.074, 0.988, -0.133);Ground_Mountain_0_1:(-0.074, 0.988, -0.133);Ground_Mountain_0_1:(-0.074, 0.988, -0.133);Ground_Mountain_0_1:(-0.074, 0.988, -0.133);Ground_Mountain_0_1:(-0.074, 0.988, -0.133);"
16.380,180.540,878.113,86.552,-122.619,9.250,-7.181,2.437,6.084,1.000,0.000,-0.254,2,4.966,7.006,0.901,"Ground_Mountain_0_1:(-0.075, 0.988, -0.133);Ground_Mountain_0_1:(-0.075, 0.988, -0.133);Ground_Mountain_0_1:(-0.075, 0.988, -0.133);Ground_Mountain_0_1:(-0.075, 0.988, -0.133);Ground_Mountain_0_1:(-0.075, 0.988, -0.133);Ground_Mountain_0_1:(-0.075, 0.988, -0.133);Mountain trunk:(0.000, 0.000, -1.000);Mountain trunk:(0.000, 0.000, -1.000);Mountain trunk:(0.000, 0.000, -1.000);Mountain trunk:(0.000, 0.000, -1.000);"
16.400,180.482,877.964,86.601,-122.567,7.401,-7.146,2.986,3.598,1.000,0.000,-0.144,1,11.250,10.678,0.861,"Ground_Mountain_0_1:(-0.074, 0.988, -0.133);Ground_Mountain_0_1:(-0.074, 0.988, -0.133);Ground_Mountain_0_1:(-0.074, 0.988, -0.133);Ground_Mountain_0_1:(-0.074, 0.988, -0.133);Ground_Mountain_0_1:(-0.074, 0.988, -0.133);Ground_Mountain_0_1:(-0.074, 0.988, -0.133);Ground_Mountain_0_1:(-0.073, 0.989, -0.129);Mountain trunk:(0.000, 0.000, -1.000);Mountain trunk:(0.000, 0.000, -1.000);Mountain trunk:(0.000, 0.000, -1.000);"
16.420,180.414,877.816,86.656,-122.513,7.406,-7.175,3.226,3.401,1.000,0.000,-0.113,1,7.109,6.653,0.830,"Ground_Mountain_0_1:(-0.073, 0.989, -0.132);Ground_Mountain_0_1:(-0.073, 0.989, -0.132);Mountain trunk:(-0.848, 0.000, -0.529);"
16.440,180.351,877.668,86.710,-122.458,7.409,-7.194,3.128,3.351,1.000,0.000,-0.101,1,4.021,5.462,0.798,"Ground_Mountain_0_1:(-0.076, 0.988, -0.132);Ground_Mountain_0_1:(-0.076, 0.988, -0.132);Mountain trunk:(-0.843, 0.000, -0.538);"
16.460,180.287,877.520,86.761,-122.402,7.388,-7.210,2.986,3.312,1.000,0.000,-0.091,1,3.456,5.316,0.767,"Ground_Mountain_0_1:(-0.076, 0.988, -0.132);Ground_Mountain_0_1:(-0.076, 0.988, -0.132);"
16.480,180.224,877.372,86.809,-122.345,7.347,-7.225,2.836,3.275,1.000,0.000,-0.082,1,3.103,5.272,0.736,"Ground_Mountain_0_1:(-0.076, 0.988, -0.132);Ground_Mountain_0_1:(-0.076, 0.988, -0.132);"
16.500,180.160,877.223,86.854,-122.289,7.291,-7.238,2.679,3.241,1.000,0.000,-0.075,1,2.691,5.221,0.706,"Ground_Mountain_0_1:(-0.076, 0.988, -0.132);Ground_Mountain_0_1:(-0.076, 0.988, -0.132);"
16.520,180.096,877.075,86.897,-122.232,7.219,-7.249,2.513,3.211,1.000,0.000,-0.069,1,2.230,5.165,0.677,"Ground_Mountain_0_1:(-0.076, 0.988, -0.132);"
16.540,180.031,876.927,86.936,-122.174,7.135,-7.257,2.339,3.187,1.000,0.000,-0.063,1,1.735,5.108,0.649,"Ground_Mountain_0_1:(-0.076, 0.988, -0.132);"
16.560,179.966,876.779,86.971,-122.116,7.039,-7.262,2.158,3.169,1.000,0.000,-0.059,1,1.221,5.050,0.622,"Ground_Mountain_0_1:(-0.076, 0.988, -0.132);"
16.580,179.901,876.632,87.003,-122.058,6.933,-7.264,1.970,3.158,1.000,0.000,-0.054,1,0.701,4.995,0.597,"Ground_Mountain_0_1:(-0.076, 0.988, -0.132);"
16.600,179.835,876.484,87.032,-121.999,6.818,-7.261,1.773,3.157,1.000,0.000,-0.050,0,0.000,4.942,0.572,"Ground_Mountain_0_1:(-0.076, 0.988, -0.132);"
16.620,179.769,876.337,87.057,-121.940,6.695,-7.258,1.576,3.155,1.000,0.000,-0.047,0,0.000,4.899,0.549,"Ground_Mountain_0_1:(-0.075, 0.989, -0.131);Ground_Mountain_0_1:(-0.075, 0.989, -0.131);Ground_Mountain_0_1:(-0.075, 0.989, -0.131);"
16.640,179.703,876.189,87.078,-121.880,6.565,-7.255,1.379,3.154,1.000,0.000,-0.044,0,0.000,4.849,0.526,"Ground_Mountain_0_1:(-0.074, 0.989, -0.131);Ground_Mountain_0_1:(-0.074, 0.989, -0.131);Ground_Mountain_0_1:(-0.074, 0.989, -0.131);Ground_Mountain_0_1:(-0.074, 0.989, -0.131);"
16.660,179.636,876.043,87.096,-121.820,6.429,-7.252,1.183,3.153,1.000,0.000,-0.042,0,0.000,4.794,0.506,"Ground_Mountain_0_1:(-0.074, 0.989, -0.131);Ground_Mountain_0_1:(-0.074, 0.989, -0.131);"
16.680,179.570,875.896,87.110,-121.760,6.287,-7.249,0.986,3.152,1.000,0.000,-0.040,0,0.000,4.734,0.486,"Ground_Mountain_0_1:(-0.074, 0.989, -0.131);Ground_Mountain_0_1:(-0.074, 0.989, -0.131);"
16.700,179.502,875.749,87.121,-121.699,6.139,-7.246,0.790,3.150,1.000,0.000,-0.038,0,0.000,4.670,0.469,"Ground_Mountain_0_1:(-0.074, 0.989, -0.130);Ground_Mountain_0_1:(-0.074, 0.989, -0.130);Ground_Mountain_0_1:(-0.074, 0.989, -0.130);Ground_Mountain_0_1:(-0.074, 0.989, -0.130);"
16.720,179.435,875.603,87.129,-121.638,5.988,-7.244,0.593,3.149,1.000,0.000,-0.036,0,0.000,4.602,0.452,"Ground_Mountain_0_1:(-0.075, 0.989, -0.130);Ground_Mountain_0_1:(-0.075, 0.989, -0.130);Ground_Mountain_0_1:(-0.075, 0.989, -0.130);"
16.740,179.367,875.456,87.132,-121.576,5.832,-7.241,0.397,3.148,1.000,0.000,-0.035,0,0.000,4.531,0.438,"Ground_Mountain_0_1:(-0.075, 0.989, -0.130);Ground_Mountain_0_1:(-0.075, 0.989, -0.130);"
16.760,179.299,875.310,87.133,-121.515,5.673,-7.238,0.200,3.147,1.000,0.000,-0.033,0,0.000,4.458,0.424,"Ground_Mountain_0_1:(-0.075, 0.989, -0.130);Ground_Mountain_0_1:(-0.075, 0.989, -0.130);"
16.780,178.720,875.164,87.130,-121.453,5.511,-7.235,0.004,3.145,1.000,0.000,-0.037,0,0.000,4.383,0.413,"Ground_Mountain_0_1:(-0.075, 0.989, -0.130);Ground_Mountain_0_1:(-0.075, 0.989, -0.130);"
16.800,178.653,875.018,87.123,-121.391,5.346,-7.232,-0.192,3.144,1.000,0.000,-0.036,0,0.000,4.306,0.403,"Ground_Mountain_0_1:(-0.075, 0.989, -0.130);Ground_Mountain_0_1:(-0.075, 0.989, -0.130);"
16.820,178.586,874.872,87.113,-121.329,5.180,-7.229,-0.388,3.143,1.000,0.000,-0.035,0,0.000,4.227,0.394,"Ground_Mountain_0_1:(-0.075, 0.989, -0.130);Ground_Mountain_0_1:(-0.075, 0.989, -0.130);"
16.840,178.519,874.727,87.099,-121.266,5.011,-7.226,-0.584,3.141,1.000,0.000,-0.035,0,0.000,4.148,0.387,"Ground_Mountain_0_1:(-0.075, 0.989, -0.130);"
16.860,178.450,874.582,87.088,-121.203,4.983,-7.211,-0.562,3.123,1.000,0.000,-0.035,0,0.000,4.067,0.387,"Ground_Mountain_0_1:(-0.075, 0.989, -0.130);"
16.880,178.383,874.438,87.080,-121.140,4.993,-7.195,-0.508,3.103,1.000,0.000,-0.035,0,0.000,3.671,0.394,"Ground_Mountain_0_1:(-0.075, 0.989, -0.130);"
16.900,178.318,874.294,87.071,-121.077,4.925,-7.186,-0.599,3.093,1.000,0.000,-0.035,0,0.000,3.231,0.405,"Ground_Mountain_0_1:(-0.075, 0.989, -0.130);"
16.920,178.253,874.151,87.060,-121.014,4.845,-7.179,-0.720,3.086,1.000,0.000,-0.036,0,0.000,2.998,0.418,"Ground_Mountain_0_1:(-0.075, 0.989, -0.130);"
16.940,178.188,874.008,87.047,-120.950,4.765,-7.173,-0.851,3.080,1.000,0.000,-0.036,0,0.000,2.807,0.434,"Ground_Mountain_0_1:(-0.075, 0.989, -0.130);"
16.960,178.123,873.866,87.033,-120.886,4.691,-7.167,-0.984,3.074,1.000,0.000,-0.037,0,0.000,2.626,0.452,"Ground_Mountain_0_1:(-0.075, 0.989, -0.130);Ground_Mountain_0_1:(-0.075, 0.989, -0.130);"
16.980,178.057,873.724,87.016,-120.822,4.616,-7.161,-1.129,3.069,1.000,0.000,-0.039,0,0.000,2.444,0.472,"Ground_Mountain_0_1:(-0.078, 0.988, -0.130);Ground_Mountain_0_1:(-0.078, 0.988, -0.130);"
17.000,177.992,873.582,86.997,-120.758,4.550,-7.156,-1.269,3.064,1.000,0.000,-0.041,0,0.000,2.277,0.494,"Ground_Mountain_0_1:(-0.078, 0.988, -0.130);Ground_Mountain_0_1:(-0.078, 0.988, -0.130);"
17.020,177.927,873.440,86.975,-120.693,4.490,-7.150,-1.413,3.059,1.000,0.000,-0.043,0,0.000,2.097,0.518,"Ground_Mountain_0_1:(-0.078, 0.988, -0.130);Ground_Mountain_0_1:(-0.078, 0.988, -0.130);"
17.040,177.862,873.299,86.951,-120.628,4.437,-7.145,-1.560,3.054,1.000,0.000,-0.046,0,0.000,1.918,0.543,"Ground_Mountain_0_1:(-0.078, 0.988, -0.130);"
17.060,177.797,873.159,86.924,-120.562,4.391,-7.140,-1.709,3.049,1.000,0.000,-0.050,0,0.000,1.739,0.570,"Ground_Mountain_0_1:(-0.078, 0.988, -0.130);"
17.080,177.731,873.018,86.895,-120.496,4.353,-7.135,-1.861,3.045,1.000,0.000,-0.054,1,0.000,1.557,0.597,"Ground_Mountain_0_1:(-0.078, 0.988, -0.130);"
17.100,177.666,872.878,86.862,-120.430,4.326,-7.129,-2.011,3.040,1.000,0.000,-0.060,1,0.000,1.375,0.626,"Ground_Mountain_0_1:(-0.077, 0.989, -0.130);Ground_Mountain_0_1:(-0.077, 0.989, -0.130);Ground_Mountain_0_1:(-0.077, 0.989, -0.130);"
17.120,177.601,872.739,86.827,-120.363,4.307,-7.124,-2.165,3.036,1.000,0.000,-0.067,1,0.000,1.185,0.655,"Ground_Mountain_0_1:(-0.077, 0.989, -0.129);Ground_Mountain_0_1:(-0.077, 0.989, -0.129);"
17.140,177.536,872.599,86.789,-120.295,4.299,-7.120,-2.323,3.032,1.000,0.000,-0.075,1,0.000,1.001,0.685,"Ground_Mountain_0_1:(-0.077, 0.989, -0.129);Ground_Mountain_0_1:(-0.077, 0.989, -0.129);"
17.160,177.471,872.461,86.748,-120.228,4.302,-7.115,-2.483,3.028,1.000,0.000,-0.085,1,0.000,0.822,0.714,"Ground_Mountain_0_1:(-0.077, 0.989, -0.129);Ground_Mountain_0_1:(-0.077, 0.989, -0.129);"
17.180,177.405,872.322,86.703,-120.159,4.316,-7.114,-2.640,3.019,1.000,0.000,-0.097,1,0.503,0.654,0.744,"Ground_Mountain_0_1:(-0.077, 0.989, -0.129);Ground_Mountain_0_1:(-0.077, 0.989, -0.129);"
17.200,177.340,872.192,86.663,-120.095,4.187,-6.878,-2.448,2.888,1.000,0.000,-0.110,1,1.084,0.506,0.774,"Ground_Mountain_0_1:(-0.075, 0.989, -0.128);Ground_Mountain_0_1:(0.531, 0.807, -0.258);Ground_Mountain_0_1:(0.531, 0.807, -0.258);Ground_Mountain_0_1:(0.531, 0.807, -0.258);Ground_Mountain_0_1:(0.053, 0.990, -0.128);"
17.220,177.279,872.101,86.639,-120.032,3.872,-5.534,-1.561,3.003,1.000,0.000,-0.132,2,5.299,1.466,0.803,"Ground_Mountain_0_1:(-0.075, 0.989, -0.128);Ground_Mountain_0_1:(-0.075, 0.989, -0.128);Ground_Mountain_0_1:(0.531, 0.807, -0.258);Ground_Mountain_0_1:(0.531, 0.807, -0.258);Ground_Mountain_0_1:(0.531, 0.807, -0.258);Ground_Mountain_0_1:(0.053, 0.990, -0.128);"
17.240,177.249,872.021,86.619,-119.958,4.023,-5.085,-1.424,3.489,1.000,0.000,-0.168,2,3.699,15.859,0.832,"Ground_Mountain_0_1:(0.053, 0.990, -0.128);Ground_Mountain_0_1:(0.053, 0.990, -0.128);Ground_Mountain_0_1:(-0.077, 0.989, -0.129);Ground_Mountain_0_1:(-0.077, 0.989, -0.129);Ground_Mountain_0_1:(0.039, 0.734, -0.678);Ground_Mountain_0_1:(0.039, 0.734, -0.678);Ground_Mountain_0_1:(0.531, 0.807, -0.258);"
17.260,176.797,871.953,86.599,-119.878,4.046,-4.583,-1.275,3.826,1.000,0.000,-0.205,2,6.700,15.923,0.851,"Ground_Mountain_0_1:(0.053, 0.990, -0.128);Ground_Mountain_0_1:(0.053, 0.990, -0.128);Ground_Mountain_0_1:(0.039, 0.734, -0.678);Ground_Mountain_0_1:(0.039, 0.734, -0.678);Ground_Mountain_0_1:(0.531, 0.807, -0.258);Ground_Mountain_0_1:(-0.077, 0.989, -0.129);Ground_Mountain_0_1:(-0.077, 0.989, -0.129);"
17.280,176.797,871.895,86.581,-119.793,4.077,-4.116,-1.046,4.052,1.000,0.000,-0.223,2,8.413,24.627,0.861,"Ground_Mountain_0_1:(0.039, 0.734, -0.678);Ground_Mountain_0_1:(0.039, 0.734, -0.678);Ground_Mountain_0_1:(0.531, 0.807, -0.258);Ground_Mountain_0_1:(0.053, 0.990, -0.128);Ground_Mountain_0_1:(0.053, 0.990, -0.128);Ground_Mountain_0_1:(-0.077, 0.989, -0.130);Ground_Mountain_0_1:(-0.077, 0.989, -0.130);Ground_Mountain_0_1:(-0.077, 0.989, -0.130);"
17.300,177.243,871.854,86.578,-119.708,4.174,-3.479,-0.509,4.224,1.000,0.000,-0.227,3,21.118,27.448,0.861,"Ground_Mountain_0_1:(0.039, 0.734, -0.678);Ground_Mountain_0_1:(0.531, 0.807, -0.258);Ground_Mountain_0_1:(0.053, 0.990, -0.128);Ground_Mountain_0_1:(0.053, 0.990, -0.128);Ground_Mountain_0_1:(-0.077, 0.989, -0.130);Ground_Mountain_0_1:(-0.077, 0.989, -0.130);Ground_Mountain_0_1:(-0.077, 0.989, -0.130);Ground_Mountain_0_1:(-0.077, 0.989, -0.130);Ground_Mountain_0_1:(-0.075, 0.950, -0.303);"
17.320,177.268,871.852,86.662,-119.686,3.542,-2.631,1.330,2.551,1.000,0.000,-0.233,3,20.637,28.281,0.884,"Ground_Mountain_0_1:(0.039, 0.734, -0.678);Ground_Mountain_0_1:(0.039, 0.734, -0.678);Ground_Mountain_0_1:(0.039, 0.734, -0.678);Ground_Mountain_0_1:(-0.076, 0.989, -0.129);Ground_Mountain_0_1:(-0.076, 0.989, -0.129);Ground_Mountain_0_1:(-0.076, 0.989, -0.129);Ground_Mountain_0_1:(-0.076, 0.989, -0.129);Ground_Mountain_0_1:(-0.076, 0.989, -0.129);Ground_Mountain_0_1:(0.053, 0.990, -0.128);Ground_Mountain_0_1:(0.053, 0.990, -0.128);Ground_Mountain_0_1:(0.053, 0.990, -0.128);Ground_Mountain_0_1:(-0.075, 0.950, -0.303);Ground_Mountain_0_1:(-0.075, 0.950, -0.303);"
17.340,177.298,871.852,86.722,-119.654,3.901,-2.286,2.268,2.531,1.000,0.000,-0.239,2,7.365,33.015,0.853,"Ground_Mountain_0_1:(-0.077, 0.989, -0.129);Ground_Mountain_0_1:(-0.077, 0.989, -0.129);Ground_Mountain_0_1:(-0.077, 0.989, -0.129);Ground_Mountain_0_1:(-0.077, 0.989, -0.129);Ground_Mountain_0_1:(0.039, 0.734, -0.678);Ground_Mountain_0_1:(0.039, 0.734, -0.678);Ground_Mountain_0_1:(0.053, 0.990, -0.128);Ground_Mountain_0_1:(0.053, 0.990, -0.128);Ground_Mountain_0_1:(-0.075, 0.950, -0.303);"
17.360,177.331,871.819,86.769,-119.584,4.111,-2.135,2.328,2.824,1.000,0.000,-0.228,2,3.879,29.241,0.858,"Ground_Mountain_0_1:(-0.077, 0.989, -0.130);Ground_Mountain_0_1:(-0.077, 0.989, -0.130);Ground_Mountain_0_1:(-0.077, 0.989, -0.130);Ground_Mountain_0_1:(-0.075, 0.950, -0.303);"
17.380,177.362,871.786,86.817,-119.510,4.324,-2.049,2.358,3.112,1.000,0.000,-0.233,2,2.721,26.706,0.860,"Ground_Mountain_0_1:(-0.077, 0.989, -0.130);Ground_Mountain_0_1:(-0.077, 0.989, -0.130);Ground_Mountain_0_1:(-0.077, 0.989, -0.130);Ground_Mountain_0_1:(-0.075, 0.950, -0.303);"
17.400,177.396,871.751,86.865,-119.433,4.542,-2.017,2.360,3.395,1.000,0.000,-0.237,2,1.642,24.298,0.862,"Ground_Mountain_0_1:(-0.078, 0.988, -0.130);Ground_Mountain_0_1:(-0.078, 0.988, -0.130);Ground_Mountain_0_1:(-0.075, 0.950, -0.303);"
17.420,177.431,871.715,86.913,-119.351,4.762,-1.975,2.382,3.673,1.000,0.000,-0.241,3,4.080,18.445,0.863,"Ground_Mountain_0_1:(-0.075, 0.950, -0.303);Ground_Mountain_0_1:(-0.078, 0.988, -0.130);"
17.440,177.467,871.678,86.961,-119.266,4.986,-1.977,2.387,3.941,1.000,0.000,-0.245,3,3.191,16.455,0.864,"Ground_Mountain_0_1:(0.318, 0.484, -0.815);Ground_Mountain_0_1:(-0.075, 0.950, -0.303);"
17.460,177.506,871.639,87.012,-119.184,5.068,-1.930,2.507,4.005,1.000,0.000,-0.248,3,3.282,14.605,0.865,"Ground_Mountain_0_1:(0.318, 0.484, -0.815);"
17.480,177.541,871.601,87.069,-119.122,4.705,-1.753,2.850,3.475,1.000,0.000,-0.250,2,1.573,9.451,0.866,"Ground_Mountain_0_1:(0.318, 0.484, -0.815);Ground_Mountain_0_1:(-0.808, 0.316, -0.498);Ground_Mountain_0_1:(-0.808, 0.316, -0.498);"
17.500,177.565,871.560,87.127,-119.062,4.806,-1.789,2.962,3.500,1.000,0.000,-0.249,2,0.000,4.819,0.864,"Ground_Mountain_0_1:(0.318, 0.484, -0.815);Ground_Mountain_0_1:(-0.818, 0.296, -0.493);Ground_Mountain_0_1:(-0.818, 0.296, -0.493);"
17.520,177.587,871.521,87.186,-118.999,4.967,-1.732,3.002,3.670,1.000,0.000,-0.248,2,0.000,6.675,0.861,"Ground_Mountain_0_1:(0.318, 0.484, -0.815);Ground_Mountain_0_1:(-0.831, 0.269, -0.486);Ground_Mountain_0_1:(-0.831, 0.269, -0.486);"
17.540,177.612,871.482,87.245,-118.930,5.189,-1.722,3.006,3.918,1.000,0.000,-0.248,2,0.000,7.499,0.855,"Ground_Mountain_0_1:(0.415, 0.861, -0.295);Ground_Mountain_0_1:(0.415, 0.861, -0.295);Ground_Mountain_0_1:(0.415, 0.861, -0.295);"
17.560,177.640,871.444,87.303,-118.856,5.401,-1.735,3.014,4.154,1.000,0.000,-0.247,2,0.000,7.244,0.848,"Ground_Mountain_0_1:(0.400, 0.855, -0.330);Ground_Mountain_0_1:(0.400, 0.855, -0.330);Ground_Mountain_0_1:(0.400, 0.855, -0.330);"
17.580,177.673,871.405,87.362,-118.777,5.605,-1.767,3.026,4.378,1.000,0.000,-0.247,2,0.000,6.982,0.840,"Ground_Mountain_0_1:(0.387, 0.848, -0.362);Ground_Mountain_0_1:(0.387, 0.848, -0.362);Ground_Mountain_0_1:(0.387, 0.848, -0.362);"
17.600,177.708,871.367,87.420,-118.692,5.799,-1.817,3.041,4.592,1.000,0.000,-0.246,2,0.000,6.715,0.831,"Ground_Mountain_0_1:(0.376, 0.840, -0.392);Ground_Mountain_0_1:(0.376, 0.840, -0.392);Ground_Mountain_0_1:(0.376, 0.840, -0.392);"
17.620,177.746,871.327,87.478,-118.604,5.985,-1.877,3.068,4.793,1.000,0.000,-0.245,2,0.544,6.442,0.821,"Ground_Mountain_0_1:(0.366, 0.831, -0.419);Ground_Mountain_0_1:(0.366, 0.831, -0.419);Ground_Mountain_0_1:(0.366, 0.831, -0.419);"
17.640,177.787,871.287,87.540,-118.517,6.137,-1.913,3.180,4.908,1.000,0.000,-0.244,2,2.416,3.177,0.806,"Ground_Mountain_0_1:(0.358, 0.821, -0.445);Ground_Mountain_0_1:(0.358, 0.821, -0.445);Ground_Mountain_0_1:(0.358, 0.821, -0.445);"
17.660,177.828,871.250,87.606,-118.431,6.295,-1.919,3.361,4.999,1.000,0.000,-0.242,3,8.402,3.064,0.787,"Ground_Mountain_0_1:(0.348, 0.806, -0.478);Ground_Mountain_0_1:(0.348, 0.806, -0.478);Ground_Mountain_0_1:(0.348, 0.806, -0.478);"
17.680,177.869,871.212,87.677,-118.345,6.445,-1.911,3.578,5.056,1.000,0.000,-0.240,3,10.970,3.273,0.766,"Ground_Mountain_0_1:(0.336, 0.787, -0.517);Ground_Mountain_0_1:(0.336, 0.787, -0.517);Ground_Mountain_0_1:(0.336, 0.787, -0.517);"
17.700,177.913,871.195,87.838,-118.321,6.062,-1.376,5.639,3.040,1.000,0.000,-0.238,3,13.096,3.461,0.788,"Ground_Mountain_0_1:(0.326, 0.766, -0.555);Ground_Mountain_0_1:(0.326, 0.766, -0.555);Ground_Mountain_0_1:(0.326, 0.766, -0.555);Ground_Mountain_0_1:(0.039, 0.734, -0.678);"
17.720,177.948,871.169,87.946,-118.263,6.289,-1.236,5.653,3.292,1.000,0.000,-0.247,2,0.000,7.362,0.771,"Ground_Mountain_0_1:(0.332, 0.788, -0.519);Ground_Mountain_0_1:(0.332, 0.788, -0.519);Ground_Mountain_0_1:(0.332, 0.788, -0.519);"
17.740,177.989,871.144,88.055,-118.200,6.504,-1.149,5.680,3.515,1.000,0.000,-0.245,2,0.000,6.922,0.754,"Ground_Mountain_0_1:(0.325, 0.771, -0.547);Ground_Mountain_0_1:(0.325, 0.771, -0.547);Ground_Mountain_0_1:(0.325, 0.771, -0.547);"
17.760,178.034,871.121,88.165,-118.133,6.707,-1.105,5.716,3.714,1.000,0.000,-0.244,2,0.000,6.513,0.737,"Ground_Mountain_0_1:(0.320, 0.754, -0.573);Ground_Mountain_0_1:(0.320, 0.754, -0.573);Ground_Mountain_0_1:(0.320, 0.754, -0.573);"
17.780,178.084,871.099,88.275,-118.061,6.899,-1.097,5.759,3.894,1.000,0.000,-0.243,2,0.000,6.132,0.719,"Ground_Mountain_0_1:(0.317, 0.737, -0.597);Ground_Mountain_0_1:(0.317, 0.737, -0.597);Ground_Mountain_0_1:(0.317, 0.737, -0.597);"
17.800,178.137,871.077,88.386,-117.985,7.079,-1.118,5.807,4.057,1.000,0.000,-0.242,2,0.000,5.778,0.701,"Ground_Mountain_0_1:(0.316, 0.719, -0.619);Ground_Mountain_0_1:(0.316, 0.719, -0.619);Ground_Mountain_0_1:(0.316, 0.719, -0.619);Ground_Mountain_0_1:(0.641, 0.392, -0.660);Ground_Mountain_0_1:(0.641, 0.392, -0.660);"
17.820,178.192,871.054,88.498,-117.906,7.249,-1.162,5.860,4.206,1.000,0.000,-0.241,2,0.000,5.448,0.684,"Ground_Mountain_0_1:(0.316, 0.701, -0.639);Ground_Mountain_0_1:(0.316, 0.701, -0.639);Ground_Mountain_0_1:(0.641, 0.392, -0.660);Ground_Mountain_0_1:(0.641, 0.392, -0.660);"
17.840,178.250,871.030,88.612,-117.824,7.408,-1.226,5.916,4.344,1.000,0.000,-0.240,2,0.000,5.141,0.667,"Ground_Mountain_0_1:(0.317, 0.684, -0.657);Ground_Mountain_0_1:(0.317, 0.684, -0.657);Ground_Mountain_0_1:(0.317, 0.684, -0.657);Ground_Mountain_0_1:(0.641, 0.392, -0.660);Ground_Mountain_0_1:(0.641, 0.392, -0.660);"
17.860,178.309,871.005,88.727,-117.738,7.559,-1.306,5.973,4.472,1.000,0.000,-0.239,2,0.000,4.854,0.650,"Ground_Mountain_0_1:(0.320, 0.667, -0.673);Ground_Mountain_0_1:(0.320, 0.667, -0.673);Ground_Mountain_0_1:(0.320, 0.667, -0.673);Ground_Mountain_0_1:(0.641, 0.392, -0.660);Ground_Mountain_0_1:(0.641, 0.392, -0.660);"
17.880,178.370,870.978,88.843,-117.650,7.700,-1.398,6.035,4.589,1.000,0.000,-0.238,2,0.207,4.585,0.634,"Ground_Mountain_0_1:(0.323, 0.650, -0.688);Ground_Mountain_0_1:(0.323, 0.650, -0.688);Ground_Mountain_0_1:(0.641, 0.392, -0.660);Ground_Mountain_0_1:(0.641, 0.392, -0.660);"
17.900,178.432,870.950,88.960,-117.560,7.835,-1.497,6.105,4.689,1.000,0.000,-0.238,2,0.816,4.338,0.618,"Ground_Mountain_0_1:(0.641, 0.392, -0.660);Ground_Mountain_0_1:(0.641, 0.392, -0.660);Ground_Mountain_0_1:(0.328, 0.634, -0.700);Ground_Mountain_0_1:(0.328, 0.634, -0.700);"
17.920,178.494,870.920,89.080,-117.467,7.962,-1.600,6.182,4.775,1.000,0.000,-0.237,2,1.400,4.127,0.603,"Ground_Mountain_0_1:(0.641, 0.392, -0.660);Ground_Mountain_0_1:(0.641, 0.392, -0.660);Ground_Mountain_0_1:(0.334, 0.618, -0.712);Ground_Mountain_0_1:(0.334, 0.618, -0.712);"
17.940,178.557,870.888,89.201,-117.372,8.084,-1.707,6.265,4.847,1.000,0.000,-0.236,2,1.961,3.970,0.587,"Ground_Mountain_0_1:(0.641, 0.392, -0.660);Ground_Mountain_0_1:(0.641, 0.392, -0.660);Ground_Mountain_0_1:(0.341, 0.603, -0.722);Ground_Mountain_0_1:(0.341, 0.603, -0.722);"
17.960,178.620,870.855,89.324,-117.277,8.201,-1.795,6.382,4.872,1.000,0.000,-0.236,3,5.128,3.335,0.573,"Ground_Mountain_0_1:(0.641, 0.392, -0.660);Ground_Mountain_0_1:(0.641, 0.392, -0.660);Ground_Mountain_0_1:(0.349, 0.587, -0.730);Ground_Mountain_0_1:(0.349, 0.587, -0.730);"
17.980,178.682,870.820,89.452,-117.182,8.316,-1.853,6.565,4.800,1.000,0.000,-0.236,4,10.191,4.312,0.560,"Ground_Mountain_0_1:(0.641, 0.392, -0.660);Ground_Mountain_0_1:(0.641, 0.392, -0.660);Ground_Mountain_0_1:(0.357, 0.573, -0.737);Ground_Mountain_0_1:(0.357, 0.573, -0.737);"
18.000,178.745,870.785,89.584,-117.089,8.431,-1.898,6.760,4.706,1.000,0.000,-0.235,4,11.582,3.661,0.548,"Ground_Mountain_0_1:(0.641, 0.392, -0.660);Ground_Mountain_0_1:(0.641, 0.392, -0.660);Ground_Mountain_0_1:(0.367, 0.560, -0.743);Ground_Mountain_0_1:(0.367, 0.560, -0.743);"
