t,station,x,y,z,speed,vx,vy,vz,throttle,brake,steering,grounded,suspension,alignment,up,contacts
0.020,275.685,943.149,114.207,-92.275,15.774,-15.730,0.187,-1.660,0.000,0.000,0.000,2,14.552,17.071,0.998,"Ground_Mountain_0_1:(-0.503, 0.631, 0.591);Ground_Mountain_0_1:(-0.503, 0.631, 0.591);Ground_Mountain_0_1:(-0.503, 0.631, 0.591);Ground_Mountain_0_1:(-0.503, 0.631, 0.591);Ground_Mountain_0_1:(-0.503, 0.631, 0.591);Ground_Mountain_0_1:(-0.503, 0.631, 0.591);Ground_Mountain_0_1:(-0.613, 0.577, 0.540);Ground_Mountain_0_1:(-0.613, 0.577, 0.540);Ground_Mountain_0_1:(-0.614, 0.770, 0.173);Ground_Mountain_0_1:(-0.614, 0.770, 0.173);Ground_Mountain_0_1:(-0.512, 0.618, 0.596);Ground_Mountain_0_1:(-0.512, 0.618, 0.596);Ground_Mountain_0_1:(-0.512, 0.618, 0.596);Ground_Mountain_0_1:(-0.512, 0.618, 0.596);Ground_Mountain_0_1:(-0.613, 0.577, 0.540);Ground_Mountain_0_1:(-0.613, 0.577, 0.540);Ground_Mountain_0_1:(-0.613, 0.577, 0.540);Ground_Mountain_0_1:(-0.613, 0.577, 0.540);Ground_Mountain_0_1:(-0.613, 0.577, 0.540);Ground_Mountain_0_1:(-0.613, 0.577, 0.540);Ground_Mountain_0_1:(-0.613, 0.577, 0.540);Ground_Mountain_0_1:(-0.540, 0.577, 0.613);Ground_Mountain_0_1:(-0.540, 0.577, 0.613);Ground_Mountain_0_1:(-0.540, 0.577, 0.613);Ground_Mountain_0_1:(-0.647, 0.692, 0.320);Ground_Mountain_0_1:(-0.540, 0.577, 0.613);Ground_Mountain_0_1:(-0.540, 0.577, 0.613);Ground_Mountain_0_1:(-0.540, 0.577, 0.613);Ground_Mountain_0_1:(-0.647, 0.692, 0.320);Ground_Mountain_0_1:(-0.540, 0.577, 0.613);Ground_Mountain_0_1:(-0.540, 0.577, 0.613);Ground_Mountain_0_1:(-0.540, 0.577, 0.613);Ground_Mountain_0_1:(-0.540, 0.577, 0.613);Ground_Mountain_0_1:(-0.533, 0.580, 0.616);Ground_Mountain_0_1:(-0.533, 0.580, 0.616);Ground_Mountain_0_1:(-0.533, 0.580, 0.616);Ground_Mountain_0_1:(-0.533, 0.580, 0.616);Ground_Mountain_0_1:(-0.647, 0.692, 0.320);Ground_Mountain_0_1:(-0.513, 0.586, 0.627);Ground_Mountain_0_1:(-0.513, 0.586, 0.627);Ground_Mountain_0_1:(-0.513, 0.586, 0.627);Ground_Mountain_0_1:(-0.513, 0.586, 0.627);Ground_Mountain_0_1:(-0.513, 0.586, 0.627);Ground_Mountain_0_1:(-0.508, 0.586, 0.632);Ground_Mountain_0_1:(-0.508, 0.586, 0.632);Ground_Mountain_0_1:(-0.508, 0.586, 0.632);Ground_Mountain_0_1:(-0.508, 0.586, 0.632);Ground_Mountain_0_1:(-0.508, 0.586, 0.632);Ground_Mountain_1_1:(-0.005, 0.458, -0.889);Ground_Mountain_1_1:(-0.005, 0.458, -0.889);Ground_Mountain_1_1:(-0.005, 0.458, -0.889);Ground_Mountain_1_1:(-0.005, 0.458, -0.889);Ground_Mountain_1_1:(-0.005, 0.458, -0.889);Ground_Mountain_1_1:(-0.005, 0.458, -0.889);"
0.040,275.399,942.834,114.209,-92.323,15.789,-15.754,-0.009,-1.672,0.113,0.000,-0.001,2,1.187,14.303,0.996,"Ground_Mountain_1_1:(-0.004, 0.456, -0.890);Ground_Mountain_1_1:(-0.004, 0.456, -0.890);Ground_Mountain_1_1:(-0.004, 0.456, -0.890);Ground_Mountain_1_1:(-0.004, 0.456, -0.890);Ground_Mountain_1_1:(-0.004, 0.456, -0.890);Ground_Mountain_1_1:(-0.004, 0.456, -0.890);"
0.060,274.999,942.521,114.204,-92.360,15.802,-15.747,-0.205,-1.671,0.106,0.000,-0.001,1,0.000,0.613,0.995,"Ground_Mountain_1_1:(-0.011, 0.463, -0.886);Ground_Mountain_1_1:(-0.011, 0.463, -0.886);Ground_Mountain_1_1:(-0.011, 0.463, -0.886);Ground_Mountain_1_1:(-0.011, 0.463, -0.886);Ground_Mountain_1_1:(-0.011, 0.463, -0.886);"
0.080,274.691,942.207,114.196,-92.398,15.812,-15.741,-0.401,-1.671,0.099,0.000,0.010,1,0.000,0.633,0.993,"Ground_Mountain_1_1:(-0.005, 0.467, -0.884);Ground_Mountain_1_1:(-0.005, 0.467, -0.884);Ground_Mountain_1_1:(-0.005, 0.467, -0.884);Ground_Mountain_1_1:(-0.005, 0.467, -0.884);"
0.100,274.383,941.894,114.183,-92.435,15.819,-15.735,-0.597,-1.670,0.094,0.000,0.020,0,0.000,0.652,0.992,"Ground_Mountain_1_1:(-0.005, 0.468, -0.884);Ground_Mountain_1_1:(-0.005, 0.468, -0.884);Ground_Mountain_1_1:(-0.005, 0.468, -0.884);Ground_Mountain_1_1:(-0.005, 0.468, -0.884);Ground_Mountain_1_1:(-0.005, 0.468, -0.884);"
0.120,274.074,941.581,114.167,-92.472,15.822,-15.728,-0.793,-1.669,0.091,0.000,0.031,0,0.000,0.670,0.990,"Ground_Mountain_1_1:(-0.005, 0.468, -0.884);Ground_Mountain_1_1:(-0.005, 0.468, -0.884);Ground_Mountain_1_1:(-0.005, 0.468, -0.884);Ground_Mountain_1_1:(-0.005, 0.468, -0.884);Ground_Mountain_1_1:(-0.005, 0.468, -0.884);"
0.140,273.764,941.268,114.147,-92.509,15.823,-15.722,-0.989,-1.669,0.089,0.000,0.041,0,0.000,0.688,0.988,"Ground_Mountain_1_1:(-0.005, 0.468, -0.884);Ground_Mountain_1_1:(-0.005, 0.468, -0.884);Ground_Mountain_1_1:(-0.005, 0.468, -0.884);Ground_Mountain_1_1:(-0.005, 0.468, -0.884);Ground_Mountain_1_1:(-0.005, 0.468, -0.884);"
0.160,273.453,940.955,114.122,-92.546,15.821,-15.716,-1.185,-1.668,0.088,0.000,0.051,0,0.000,0.704,0.986,"Ground_Mountain_1_1:(-0.005, 0.447, -0.895);Ground_Mountain_1_1:(-0.005, 0.447, -0.895);Ground_Mountain_1_1:(-0.005, 0.447, -0.895);Ground_Mountain_1_1:(-0.005, 0.447, -0.895);Ground_Mountain_1_1:(-0.005, 0.447, -0.895);Ground_Mountain_1_1:(-0.005, 0.447, -0.895);"
0.180,273.141,940.642,114.094,-92.583,15.816,-15.710,-1.380,-1.667,0.090,0.000,0.060,0,0.000,0.720,0.984,"Ground_Mountain_1_1:(-0.005, 0.452, -0.892);Ground_Mountain_1_1:(-0.005, 0.452, -0.892);Ground_Mountain_1_1:(-0.005, 0.452, -0.892);Ground_Mountain_1_1:(-0.005, 0.452, -0.892);Ground_Mountain_1_1:(-0.005, 0.452, -0.892);Ground_Mountain_1_1:(-0.005, 0.452, -0.892);"
0.200,272.751,940.329,114.062,-92.620,15.809,-15.703,-1.576,-1.667,0.092,0.000,0.068,0,0.000,0.735,0.981,"Ground_Mountain_1_1:(-0.005, 0.439, -0.898);Ground_Mountain_1_1:(-0.005, 0.439, -0.898);Ground_Mountain_1_1:(-0.005, 0.439, -0.898);Ground_Mountain_1_1:(-0.005, 0.439, -0.898);Ground_Mountain_1_1:(-0.005, 0.439, -0.898);Ground_Mountain_1_1:(-0.005, 0.439, -0.898);"
0.220,272.439,940.017,114.026,-92.657,15.799,-15.697,-1.771,-1.666,0.096,0.000,0.077,0,0.000,0.748,0.979,"Ground_Mountain_1_1:(-0.005, 0.439, -0.898);Ground_Mountain_1_1:(-0.005, 0.439, -0.898);Ground_Mountain_1_1:(-0.005, 0.439, -0.898);Ground_Mountain_1_1:(-0.005, 0.439, -0.898);Ground_Mountain_1_1:(-0.005, 0.439, -0.898);Ground_Mountain_1_1:(-0.005, 0.439, -0.898);"
0.240,272.125,939.705,113.986,-92.693,15.786,-15.691,-1.967,-1.665,0.101,0.000,0.086,0,0.000,0.762,0.976,"Ground_Mountain_1_1:(-0.003, 0.440, -0.898);Ground_Mountain_1_1:(-0.003, 0.440, -0.898);Ground_Mountain_1_1:(-0.003, 0.440, -0.898);Ground_Mountain_1_1:(-0.003, 0.440, -0.898);Ground_Mountain_1_1:(-0.003, 0.440, -0.898);"
0.260,271.811,939.393,113.942,-92.729,15.772,-15.684,-2.162,-1.665,0.107,0.000,0.095,0,0.000,0.774,0.974,"Ground_Mountain_1_1:(-0.003, 0.440, -0.898);Ground_Mountain_1_1:(-0.003, 0.440, -0.898);Ground_Mountain_1_1:(-0.003, 0.440, -0.898);Ground_Mountain_1_1:(-0.003, 0.440, -0.898);Ground_Mountain_1_1:(-0.003, 0.440, -0.898);"
0.280,271.496,939.080,113.894,-92.766,15.755,-15.678,-2.357,-1.664,0.114,0.000,0.103,0,0.000,0.785,0.971,"Ground_Mountain_1_1:(-0.003, 0.440, -0.898);Ground_Mountain_1_1:(-0.003, 0.440, -0.898);Ground_Mountain_1_1:(-0.003, 0.440, -0.898);Ground_Mountain_1_1:(-0.003, 0.440, -0.898);Ground_Mountain_1_1:(-0.003, 0.440, -0.898);"
0.300,271.180,938.769,113.842,-92.802,15.736,-15.672,-2.553,-1.663,0.123,0.000,0.112,0,0.000,0.796,0.968,"Ground_Mountain_1_1:(-0.003, 0.440, -0.898);Ground_Mountain_1_1:(-0.003, 0.440, -0.898);Ground_Mountain_1_1:(-0.003, 0.440, -0.898);Ground_Mountain_1_1:(-0.003, 0.440, -0.898);Ground_Mountain_1_1:(-0.003, 0.440, -0.898);"
0.320,270.863,938.457,113.787,-92.838,15.715,-15.666,-2.748,-1.663,0.132,0.000,0.119,0,0.000,0.805,0.966,"Ground_Mountain_1_1:(-0.013, 0.433, -0.901);Ground_Mountain_1_1:(-0.013, 0.433, -0.901);"
0.340,270.478,938.145,113.727,-92.873,15.693,-15.659,-2.943,-1.662,0.142,0.000,0.126,0,0.000,0.814,0.963,"Ground_Mountain_1_1:(-0.005, 0.436, -0.900);Ground_Mountain_1_1:(-0.005, 0.436, -0.900);"
0.360,270.160,937.834,113.663,-92.909,15.668,-15.653,-3.138,-1.661,0.154,0.000,0.134,0,0.000,0.822,0.960,"Ground_Mountain_1_1:(-0.003, 0.437, -0.899);Ground_Mountain_1_1:(-0.003, 0.437, -0.899);Ground_Mountain_1_1:(-0.003, 0.437, -0.899);"
0.380,269.841,937.522,113.596,-92.945,15.642,-15.647,-3.333,-1.661,0.166,0.000,0.141,0,0.000,0.830,0.957,"Ground_Mountain_1_1:(-0.003, 0.437, -0.899);Ground_Mountain_1_1:(-0.003, 0.437, -0.899);Ground_Mountain_1_1:(-0.003, 0.437, -0.899);"
0.400,269.520,937.211,113.525,-92.980,15.615,-15.641,-3.527,-1.660,0.179,0.000,0.148,0,0.000,0.836,0.955,"Ground_Mountain_1_1:(-0.003, 0.437, -0.899);Ground_Mountain_1_1:(-0.003, 0.437, -0.899);Ground_Mountain_1_1:(-0.003, 0.437, -0.899);"
0.420,269.199,936.900,113.449,-93.015,15.585,-15.634,-3.722,-1.659,0.193,0.000,0.155,0,0.000,0.842,0.952,"Ground_Mountain_1_1:(-0.002, 0.438, -0.899);Ground_Mountain_1_1:(-0.002, 0.438, -0.899);Ground_Mountain_1_1:(-0.002, 0.438, -0.899);Ground_Mountain_1_1:(-0.002, 0.438, -0.899);"
0.440,268.878,936.589,113.370,-93.050,15.555,-15.628,-3.917,-1.659,0.207,0.000,0.163,0,0.000,0.847,0.949,"Ground_Mountain_1_1:(-0.018, 0.439, -0.898);"
0.460,268.555,936.278,113.287,-93.085,15.522,-15.622,-4.111,-1.658,0.223,0.000,0.169,0,0.000,0.851,0.947,"Ground_Mountain_1_1:(-0.018, 0.439, -0.898);"
0.480,268.175,935.967,113.201,-93.120,15.489,-15.616,-4.306,-1.657,0.239,0.000,0.175,0,0.000,0.854,0.944,"Ground_Mountain_1_1:(-0.010, 0.442, -0.897);Ground_Mountain_1_1:(-0.010, 0.442, -0.897);"
0.500,267.851,935.656,113.110,-93.155,15.454,-15.609,-4.500,-1.657,0.256,0.000,0.181,0,0.000,0.857,0.942,"Ground_Mountain_1_1:(-0.007, 0.443, -0.896);Ground_Mountain_1_1:(-0.007, 0.443, -0.896);Ground_Mountain_1_1:(-0.007, 0.443, -0.896);"
0.520,267.525,935.346,113.015,-93.189,15.418,-15.603,-4.694,-1.656,0.273,0.000,0.188,0,0.000,0.859,0.939,"Ground_Mountain_1_1:(-0.008, 0.443, -0.896);Ground_Mountain_1_1:(-0.008, 0.443, -0.896);Ground_Mountain_1_1:(-0.008, 0.443, -0.896);"
0.540,267.199,935.035,112.921,-93.226,15.401,-15.575,-4.682,-1.727,0.291,0.000,0.194,1,10.996,0.860,0.937,"Ground_Mountain_1_1:(-0.002, 0.445, -0.895);Ground_Mountain_1_1:(-0.002, 0.445, -0.895);"
0.560,266.872,934.724,112.827,-93.264,15.402,-15.547,-4.673,-1.799,0.300,0.000,0.200,1,10.856,0.890,0.934,"Ground_Mountain_1_1:(-0.016, 0.445, -0.895);Ground_Mountain_1_1:(-0.016, 0.445, -0.895);Ground_Mountain_1_1:(-0.016, 0.445, -0.895);"
0.580,266.545,934.412,112.733,-93.304,15.422,-15.520,-4.671,-1.871,0.299,0.000,0.208,1,10.534,0.933,0.931,"Ground_Mountain_1_1:(-0.015, 0.449, -0.894);Ground_Mountain_1_1:(-0.015, 0.449, -0.894);"
0.600,266.218,934.100,112.638,-93.346,15.459,-15.495,-4.677,-1.941,0.289,0.000,0.215,1,10.065,0.986,0.928,"Ground_Mountain_1_1:(-0.015, 0.449, -0.894);Ground_Mountain_1_1:(-0.015, 0.449, -0.894);"
0.620,265.842,933.788,112.543,-93.389,15.510,-15.472,-4.696,-2.009,0.271,0.000,0.221,1,9.468,1.048,0.924,"Ground_Mountain_1_1:(-0.012, 0.450, -0.893);Ground_Mountain_1_1:(-0.012, 0.450, -0.893);Ground_Mountain_1_1:(-0.012, 0.450, -0.893);"
0.640,265.514,933.476,112.447,-93.434,15.574,-15.452,-4.726,-2.074,0.245,0.000,0.229,1,8.871,1.117,0.920,"Ground_Mountain_1_1:(-0.012, 0.450, -0.893);Ground_Mountain_1_1:(-0.012, 0.450, -0.893);Ground_Mountain_1_1:(-0.012, 0.450, -0.893);"
0.660,265.184,933.163,112.351,-93.481,15.648,-15.436,-4.770,-2.137,0.213,0.000,0.237,1,8.201,1.189,0.915,"Ground_Mountain_1_1:(-0.006, 0.452, -0.892);Ground_Mountain_1_1:(-0.006, 0.452, -0.892);"
0.680,264.855,932.850,112.253,-93.528,15.730,-15.422,-4.829,-2.195,0.176,0.000,0.245,1,7.391,1.262,0.910,"Ground_Mountain_1_1:(-0.006, 0.452, -0.892);Ground_Mountain_1_1:(-0.006, 0.452, -0.892);"
0.700,264.524,932.537,112.153,-93.577,15.817,-15.411,-4.905,-2.248,0.135,0.000,0.255,1,6.463,1.335,0.904,"Ground_Mountain_1_1:(-0.019, 0.456, -0.890);Ground_Mountain_1_1:(-0.019, 0.456, -0.890);"
0.720,264.193,932.224,112.049,-93.626,15.904,-15.405,-5.100,-2.247,0.091,0.000,0.265,0,0.000,1.404,0.897,"Ground_Mountain_1_1:(-0.019, 0.456, -0.890);Ground_Mountain_1_1:(-0.019, 0.456, -0.890);"
0.740,263.822,931.911,111.941,-93.675,15.990,-15.399,-5.294,-2.246,0.048,0.000,0.273,0,0.000,1.422,0.890,"Ground_Mountain_1_1:(-0.020, 0.457, -0.889);Ground_Mountain_1_1:(-0.020, 0.457, -0.889);Ground_Mountain_1_1:(-0.020, 0.457, -0.889);Ground_Mountain_1_1:(-0.020, 0.457, -0.889);"
0.760,263.489,931.599,111.829,-93.723,16.076,-15.393,-5.488,-2.245,0.005,0.000,0.282,0,0.000,1.438,0.883,"Ground_Mountain_1_1:(-0.016, 0.457, -0.889);Ground_Mountain_1_1:(-0.016, 0.457, -0.889);Ground_Mountain_1_1:(-0.016, 0.457, -0.889);"
0.780,263.155,931.287,111.714,-93.771,16.162,-15.386,-5.682,-2.244,0.000,0.000,0.291,0,0.000,1.453,0.876,"Ground_Mountain_1_1:(-0.010, 0.459, -0.888);Ground_Mountain_1_1:(-0.010, 0.459, -0.888);"
0.800,262.820,930.975,111.594,-93.820,16.247,-15.380,-5.875,-2.243,0.000,0.000,0.300,0,0.000,1.467,0.869,"Ground_Mountain_1_1:(-0.011, 0.462, -0.887);Ground_Mountain_1_1:(-0.011, 0.462, -0.887);Ground_Mountain_1_1:(-0.011, 0.462, -0.887);"
0.820,262.485,930.663,111.471,-93.867,16.332,-15.374,-6.069,-2.242,0.000,0.000,0.311,0,0.000,1.479,0.861,"Ground_Mountain_1_1:(-0.021, 0.461, -0.887);Ground_Mountain_1_1:(-0.021, 0.461, -0.887);Ground_Mountain_1_1:(-0.021, 0.461, -0.887);Ground_Mountain_1_1:(-0.021, 0.461, -0.887);"
0.840,262.149,930.352,111.343,-93.915,16.417,-15.368,-6.263,-2.241,0.000,0.000,0.320,0,0.000,1.490,0.854,"Ground_Mountain_1_1:(-0.022, 0.463, -0.886);Ground_Mountain_1_1:(-0.022, 0.463, -0.886);"
0.860,261.812,930.041,111.212,-93.963,16.502,-15.362,-6.456,-2.240,0.000,0.000,0.329,0,0.000,1.500,0.846,"Ground_Mountain_1_1:(-0.023, 0.465, -0.885);Ground_Mountain_1_1:(-0.023, 0.465, -0.885);Ground_Mountain_1_1:(-0.023, 0.465, -0.885);Ground_Mountain_1_1:(-0.023, 0.465, -0.885);"
0.880,261.444,929.730,111.077,-94.010,16.587,-15.356,-6.650,-2.240,0.000,0.000,0.337,0,0.000,1.508,0.839,"Ground_Mountain_1_1:(-0.020, 0.467, -0.884);Ground_Mountain_1_1:(-0.020, 0.467, -0.884);Ground_Mountain_1_1:(-0.020, 0.467, -0.884);"
0.900,261.105,929.418,110.939,-94.058,16.674,-15.358,-6.783,-2.277,0.000,0.000,0.346,1,3.597,1.516,0.831,"Ground_Mountain_1_1:(-0.018, 0.470, -0.883);Ground_Mountain_1_1:(-0.018, 0.470, -0.883);Ground_Mountain_1_1:(-0.018, 0.470, -0.883);Ground_Mountain_1_1:(-0.018, 0.470, -0.883);"
0.920,260.765,929.107,110.798,-94.107,16.762,-15.361,-6.921,-2.312,0.000,0.000,0.355,1,3.338,1.555,0.822,"Ground_Mountain_1_1:(-0.012, 0.470, -0.882);Ground_Mountain_1_1:(-0.012, 0.470, -0.882);Ground_Mountain_1_1:(-0.012, 0.470, -0.882);"
0.940,260.425,928.796,110.655,-94.156,16.851,-15.364,-7.065,-2.344,0.000,0.000,0.367,1,3.014,1.592,0.814,"Ground_Mountain_1_1:(-0.012, 0.472, -0.881);Ground_Mountain_1_1:(-0.012, 0.472, -0.881);Ground_Mountain_1_1:(-0.012, 0.472, -0.881);Ground_Mountain_1_1:(-0.012, 0.472, -0.881);"
0.960,260.083,928.484,110.508,-94.206,16.939,-15.366,-7.216,-2.372,0.000,0.000,0.377,1,2.626,1.627,0.804,"Ground_Mountain_1_1:(-0.015, 0.479, -0.878);Ground_Mountain_1_1:(-0.015, 0.479, -0.878);Ground_Mountain_1_1:(-0.015, 0.479, -0.878);Ground_Mountain_1_1:(-0.015, 0.479, -0.878);Ground_Mountain_1_1:(-0.015, 0.479, -0.878);Ground_Mountain_1_1:(-0.015, 0.479, -0.878);"
0.980,259.741,928.173,110.358,-94.256,17.028,-15.369,-7.371,-2.398,0.000,0.000,0.386,1,2.372,1.658,0.795,"Ground_Mountain_1_1:(-0.004, 0.483, -0.875);Ground_Mountain_1_1:(-0.004, 0.483, -0.875);Ground_Mountain_1_1:(-0.004, 0.483, -0.875);Ground_Mountain_1_1:(-0.004, 0.483, -0.875);Ground_Mountain_1_1:(-0.004, 0.483, -0.875);"
1.000,259.398,927.861,110.204,-94.307,17.116,-15.371,-7.529,-2.422,0.000,0.200,0.397,1,2.182,1.686,0.785,"Ground_Mountain_1_1:(0.009, 0.484, -0.875);Ground_Mountain_1_1:(0.009, 0.484, -0.875);Ground_Mountain_1_1:(0.009, 0.484, -0.875);Ground_Mountain_1_1:(0.009, 0.484, -0.875);Ground_Mountain_1_1:(0.009, 0.484, -0.875);Ground_Mountain_1_1:(0.009, 0.484, -0.875);"
1.020,259.032,927.556,110.046,-94.361,17.106,-15.161,-7.777,-2.575,0.000,0.200,0.406,2,6.276,8.484,0.776,"Ground_Mountain_1_1:(0.009, 0.478, -0.878);Ground_Mountain_1_1:(0.009, 0.478, -0.878);Ground_Mountain_1_1:(0.009, 0.478, -0.878);Ground_Mountain_1_1:(0.009, 0.478, -0.878);Ground_Mountain_1_1:(0.009, 0.478, -0.878);Ground_Mountain_1_1:(0.009, 0.478, -0.878);"
1.040,258.692,927.255,109.885,-94.418,17.098,-14.986,-7.969,-2.713,0.000,0.200,0.411,2,6.982,7.268,0.768,"Ground_Mountain_1_1:(0.009, 0.478, -0.878);Ground_Mountain_1_1:(0.009, 0.478, -0.878);Ground_Mountain_1_1:(0.009, 0.478, -0.878);Ground_Mountain_1_1:(0.009, 0.478, -0.878);Ground_Mountain_1_1:(0.009, 0.478, -0.878);Ground_Mountain_1_1:(0.009, 0.478, -0.878);"
1.060,258.356,926.959,109.721,-94.478,17.086,-14.855,-8.091,-2.832,0.000,0.200,0.415,2,7.870,6.122,0.760,"Ground_Mountain_1_1:(0.004, 0.475, -0.880);Ground_Mountain_1_1:(0.004, 0.475, -0.880);Ground_Mountain_1_1:(0.004, 0.475, -0.880);Ground_Mountain_1_1:(0.004, 0.475, -0.880);Ground_Mountain_1_1:(0.004, 0.475, -0.880);Ground_Mountain_1_1:(0.004, 0.475, -0.880);"
1.080,258.023,926.666,109.556,-94.540,17.067,-14.769,-8.140,-2.931,0.000,0.200,0.412,2,8.800,5.125,0.753,"Ground_Mountain_1_1:(0.027, 0.475, -0.880);Ground_Mountain_1_1:(0.027, 0.475, -0.880);Ground_Mountain_1_1:(0.027, 0.475, -0.880);Ground_Mountain_1_1:(0.027, 0.475, -0.880);Ground_Mountain_1_1:(0.027, 0.475, -0.880);Ground_Mountain_1_1:(0.027, 0.475, -0.880);"
1.100,257.693,926.379,109.396,-94.612,16.950,-14.653,-7.880,-3.392,0.000,0.200,0.407,4,16.187,4.368,0.747,"Ground_Mountain_1_1:(0.032, 0.473, -0.881);Ground_Mountain_1_1:(0.032, 0.473, -0.881);Ground_Mountain_1_1:(0.032, 0.473, -0.881);Ground_Mountain_1_1:(0.032, 0.473, -0.881);Ground_Mountain_1_1:(0.032, 0.473, -0.881);Ground_Mountain_1_1:(0.032, 0.473, -0.881);"
1.120,257.369,926.095,109.242,-94.688,16.834,-14.605,-7.626,-3.601,0.000,0.000,0.400,4,16.371,2.115,0.739,"Ground_Mountain_1_1:(0.032, 0.473, -0.881);Ground_Mountain_1_1:(0.032, 0.473, -0.881);Ground_Mountain_1_1:(0.032, 0.473, -0.881);Ground_Mountain_1_1:(0.032, 0.473, -0.881);Ground_Mountain_1_1:(0.032, 0.473, -0.881);Ground_Mountain_1_1:(0.032, 0.473, -0.881);"
1.140,257.042,925.810,109.092,-94.768,16.734,-14.590,-7.378,-3.735,0.000,0.000,0.392,4,17.453,3.005,0.729,"Ground_Mountain_1_1:(0.033, 0.479, -0.877);Ground_Mountain_1_1:(0.033, 0.479, -0.877);Ground_Mountain_1_1:(0.033, 0.479, -0.877);Ground_Mountain_1_1:(0.033, 0.479, -0.877);Ground_Mountain_1_1:(0.033, 0.479, -0.877);Ground_Mountain_1_1:(0.033, 0.479, -0.877);"
1.160,256.722,925.525,108.947,-94.850,16.627,-14.584,-7.088,-3.869,0.000,0.000,0.384,4,18.240,2.636,0.718,"Ground_Mountain_1_1:(0.032, 0.466, -0.884);Ground_Mountain_1_1:(0.032, 0.466, -0.884);Ground_Mountain_1_1:(0.032, 0.466, -0.884);Ground_Mountain_1_1:(0.032, 0.466, -0.884);Ground_Mountain_1_1:(0.032, 0.466, -0.884);Ground_Mountain_1_1:(0.032, 0.466, -0.884);"
1.180,256.402,925.242,108.810,-94.939,16.504,-14.570,-6.743,-4.032,0.000,0.000,0.375,4,18.039,2.313,0.703,"Ground_Mountain_1_1:(0.058, 0.477, -0.877);Ground_Mountain_1_1:(0.058, 0.477, -0.877);Ground_Mountain_1_1:(0.058, 0.477, -0.877);Ground_Mountain_1_1:(0.058, 0.477, -0.877);Ground_Mountain_1_1:(0.058, 0.477, -0.877);Ground_Mountain_1_1:(0.058, 0.477, -0.877);"
1.200,256.086,924.958,108.679,-95.028,16.387,-14.568,-6.421,-4.128,0.000,0.000,0.370,4,17.567,2.752,0.688,"Ground_Mountain_1_1:(0.063, 0.479, -0.876);Ground_Mountain_1_1:(0.063, 0.479, -0.876);Ground_Mountain_1_1:(0.063, 0.479, -0.876);Ground_Mountain_1_1:(0.063, 0.479, -0.876);Ground_Mountain_1_1:(0.063, 0.479, -0.876);Ground_Mountain_1_1:(0.063, 0.479, -0.876);"
1.220,255.771,924.672,108.553,-95.117,16.261,-14.565,-6.080,-4.212,0.000,0.000,0.362,4,17.294,2.961,0.673,"Ground_Mountain_1_1:(0.066, 0.481, -0.874);Ground_Mountain_1_1:(0.066, 0.481, -0.874);Ground_Mountain_1_1:(0.066, 0.481, -0.874);Ground_Mountain_1_1:(0.066, 0.481, -0.874);Ground_Mountain_1_1:(0.066, 0.481, -0.874);Ground_Mountain_1_1:(0.066, 0.481, -0.874);"
1.240,255.455,924.385,108.434,-95.206,16.128,-14.561,-5.730,-4.268,0.000,0.000,0.353,4,16.174,3.090,0.659,"Ground_Mountain_1_1:(0.059, 0.482, -0.874);Ground_Mountain_1_1:(0.059, 0.482, -0.874);Ground_Mountain_1_1:(0.059, 0.482, -0.874);Ground_Mountain_1_1:(0.059, 0.482, -0.874);Ground_Mountain_1_1:(0.059, 0.482, -0.874);Ground_Mountain_1_1:(0.059, 0.482, -0.874);"
1.260,255.141,924.098,108.323,-95.295,15.988,-14.553,-5.379,-4.291,0.000,0.000,0.344,4,14.601,3.149,0.644,"Ground_Mountain_1_1:(0.059, 0.482, -0.874);Ground_Mountain_1_1:(0.059, 0.482, -0.874);Ground_Mountain_1_1:(0.059, 0.482, -0.874);Ground_Mountain_1_1:(0.059, 0.482, -0.874);Ground_Mountain_1_1:(0.059, 0.482, -0.874);Ground_Mountain_1_1:(0.059, 0.482, -0.874);"
1.280,254.827,923.811,108.218,-95.384,15.844,-14.542,-5.031,-4.279,0.006,0.000,0.335,4,12.887,3.186,0.629,"Ground_Mountain_1_1:(0.079, 0.490, -0.868);Ground_Mountain_1_1:(0.079, 0.490, -0.868);Ground_Mountain_1_1:(0.079, 0.490, -0.868);Ground_Mountain_1_1:(0.079, 0.490, -0.868);Ground_Mountain_1_1:(0.079, 0.490, -0.868);Ground_Mountain_1_1:(0.079, 0.490, -0.868);"
1.300,254.516,923.521,108.120,-95.473,15.856,-14.681,-4.717,-4.269,0.078,0.000,0.327,4,11.735,3.651,0.615,"Ground_Mountain_1_1:(0.079, 0.490, -0.868);Ground_Mountain_1_1:(0.079, 0.490, -0.868);Ground_Mountain_1_1:(0.079, 0.490, -0.868);Ground_Mountain_1_1:(0.079, 0.490, -0.868);Ground_Mountain_1_1:(0.079, 0.490, -0.868);Ground_Mountain_1_1:(0.079, 0.490, -0.868);"
1.320,254.203,923.228,108.028,-95.560,15.860,-14.811,-4.393,-4.236,0.072,0.000,0.317,4,11.036,3.579,0.602,"Ground_Mountain_1_1:(0.092, 0.495, -0.864);Ground_Mountain_1_1:(0.092, 0.495, -0.864);Ground_Mountain_1_1:(0.092, 0.495, -0.864);Ground_Mountain_1_1:(0.092, 0.495, -0.864);Ground_Mountain_1_1:(0.092, 0.495, -0.864);Ground_Mountain_1_1:(0.092, 0.495, -0.864);"
1.340,253.890,922.932,107.943,-95.646,15.858,-14.931,-4.062,-4.182,0.070,0.000,0.310,4,10.288,3.481,0.589,"Ground_Mountain_1_1:(0.092, 0.495, -0.864);Ground_Mountain_1_1:(0.092, 0.495, -0.864);Ground_Mountain_1_1:(0.092, 0.495, -0.864);Ground_Mountain_1_1:(0.092, 0.495, -0.864);Ground_Mountain_1_1:(0.092, 0.495, -0.864);Ground_Mountain_1_1:(0.092, 0.495, -0.864);"
1.360,253.575,922.634,107.865,-95.731,15.851,-15.042,-3.729,-4.104,0.071,0.000,0.300,4,9.394,3.379,0.577,"Ground_Mountain_1_1:(0.086, 0.502, -0.861);Ground_Mountain_1_1:(0.086, 0.502, -0.861);Ground_Mountain_1_1:(0.086, 0.502, -0.861);Ground_Mountain_1_1:(0.086, 0.502, -0.861);Ground_Mountain_1_1:(0.086, 0.502, -0.861);Ground_Mountain_1_1:(0.086, 0.502, -0.861);"
1.380,253.261,922.333,107.794,-95.813,15.841,-15.144,-3.398,-4.002,0.074,0.000,0.290,4,8.356,3.289,0.565,"Ground_Mountain_1_1:(0.102, 0.509, -0.855);Ground_Mountain_1_1:(0.102, 0.509, -0.855);Ground_Mountain_1_1:(0.102, 0.509, -0.855);Ground_Mountain_1_1:(0.102, 0.509, -0.855);Ground_Mountain_1_1:(0.102, 0.509, -0.855);Ground_Mountain_1_1:(0.102, 0.509, -0.855);"
1.400,252.946,922.031,107.730,-95.892,15.829,-15.236,-3.070,-3.876,0.079,0.000,0.281,4,7.691,3.743,0.555,"Ground_Mountain_1_1:(0.102, 0.509, -0.855);Ground_Mountain_1_1:(0.102, 0.509, -0.855);Ground_Mountain_1_1:(0.102, 0.509, -0.855);Ground_Mountain_1_1:(0.102, 0.509, -0.855);Ground_Mountain_1_1:(0.102, 0.509, -0.855);Ground_Mountain_1_1:(0.102, 0.509, -0.855);"
1.420,252.635,921.726,107.672,-95.969,15.814,-15.317,-2.733,-3.752,0.086,0.000,0.271,4,8.039,3.530,0.546,"Ground_Mountain_1_1:(0.118, 0.515, -0.849);Ground_Mountain_1_1:(0.118, 0.515, -0.849);Ground_Mountain_1_1:(0.118, 0.515, -0.849);Ground_Mountain_1_1:(0.118, 0.515, -0.849);Ground_Mountain_1_1:(0.118, 0.515, -0.849);Ground_Mountain_1_1:(0.118, 0.515, -0.849);"
1.440,252.323,921.421,107.622,-96.043,15.799,-15.387,-2.391,-3.630,0.093,0.000,0.262,4,8.322,3.326,0.537,"Ground_Mountain_1_1:(0.118, 0.515, -0.849);Ground_Mountain_1_1:(0.118, 0.515, -0.849);Ground_Mountain_1_1:(0.118, 0.515, -0.849);Ground_Mountain_1_1:(0.118, 0.515, -0.849);Ground_Mountain_1_1:(0.118, 0.515, -0.849);Ground_Mountain_1_1:(0.118, 0.515, -0.849);"
1.460,252.009,921.114,107.579,-96.114,15.782,-15.445,-2.047,-3.510,0.101,0.000,0.252,4,8.533,3.132,0.529,"Ground_Mountain_1_1:(0.131, 0.499, -0.856);Ground_Mountain_1_1:(0.131, 0.499, -0.856);Ground_Mountain_1_1:(0.131, 0.499, -0.856);Ground_Mountain_1_1:(0.131, 0.499, -0.856);Ground_Mountain_1_1:(0.131, 0.499, -0.856);Ground_Mountain_1_1:(0.131, 0.499, -0.856);"
1.480,251.696,920.806,107.543,-96.183,15.765,-15.493,-1.706,-3.390,0.109,0.000,0.245,4,8.564,2.970,0.522,"Ground_Mountain_1_1:(0.096, 0.522, -0.848);Ground_Mountain_1_1:(0.096, 0.522, -0.848);Ground_Mountain_1_1:(0.096, 0.522, -0.848);Ground_Mountain_1_1:(0.096, 0.522, -0.848);Ground_Mountain_1_1:(0.096, 0.522, -0.848);Ground_Mountain_1_1:(0.096, 0.522, -0.848);"
1.500,251.383,920.497,107.514,-96.249,15.749,-15.530,-1.369,-3.272,0.117,0.000,0.236,4,8.434,2.675,0.516,"Ground_Mountain_1_1:(0.098, 0.508, -0.856);Ground_Mountain_1_1:(0.098, 0.508, -0.856);Ground_Mountain_1_1:(0.098, 0.508, -0.856);Ground_Mountain_1_1:(0.098, 0.508, -0.856);Ground_Mountain_1_1:(0.098, 0.508, -0.856);Ground_Mountain_1_1:(0.098, 0.508, -0.856);"
1.520,251.072,920.187,107.492,-96.313,15.732,-15.558,-1.034,-3.158,0.126,0.000,0.227,4,8.806,2.685,0.511,"Ground_Mountain_1_1:(0.111, 0.508, -0.854);Ground_Mountain_1_1:(0.111, 0.508, -0.854);Ground_Mountain_1_1:(0.111, 0.508, -0.854);Ground_Mountain_1_1:(0.111, 0.508, -0.854);Ground_Mountain_1_1:(0.111, 0.508, -0.854);Ground_Mountain_1_1:(0.111, 0.508, -0.854);"
1.540,250.762,919.877,107.476,-96.375,15.715,-15.576,-0.701,-3.053,0.134,0.000,0.218,4,9.185,2.506,0.506,"Ground_Mountain_1_1:(0.123, 0.509, -0.852);Ground_Mountain_1_1:(0.123, 0.509, -0.852);Ground_Mountain_1_1:(0.123, 0.509, -0.852);Ground_Mountain_1_1:(0.123, 0.509, -0.852);Ground_Mountain_1_1:(0.123, 0.509, -0.852);Ground_Mountain_1_1:(0.123, 0.509, -0.852);"
1.560,250.454,919.567,107.468,-96.435,15.699,-15.583,-0.370,-2.966,0.142,0.000,0.208,4,9.309,1.820,0.502,"Ground_Mountain_1_1:(0.123, 0.496, -0.860);Ground_Mountain_1_1:(0.123, 0.496, -0.860);Ground_Mountain_1_1:(0.123, 0.496, -0.860);Ground_Mountain_1_1:(0.123, 0.496, -0.860);Ground_Mountain_1_1:(0.123, 0.496, -0.860);Ground_Mountain_1_1:(0.123, 0.496, -0.860);"
1.580,250.158,919.257,107.466,-96.493,15.683,-15.582,-0.048,-2.885,0.151,0.000,0.200,4,8.959,1.389,0.498,"Ground_Mountain_1_1:(0.137, 0.481, -0.866);Ground_Mountain_1_1:(0.137, 0.481, -0.866);Ground_Mountain_1_1:(0.137, 0.481, -0.866);Ground_Mountain_1_1:(0.137, 0.481, -0.866);Ground_Mountain_1_1:(0.137, 0.481, -0.866);Ground_Mountain_1_1:(0.137, 0.481, -0.866);"
1.600,249.853,918.946,107.470,-96.549,15.668,-15.576,0.262,-2.798,0.158,0.000,0.194,4,8.426,1.337,0.495,"Ground_Mountain_1_1:(0.142, 0.481, -0.865);Ground_Mountain_1_1:(0.142, 0.481, -0.865);Ground_Mountain_1_1:(0.142, 0.481, -0.865);Ground_Mountain_1_1:(0.142, 0.481, -0.865);Ground_Mountain_1_1:(0.142, 0.481, -0.865);Ground_Mountain_1_1:(0.142, 0.481, -0.865);"
1.620,249.549,918.636,107.480,-96.604,15.653,-15.563,0.562,-2.715,0.166,0.000,0.185,4,8.055,0.922,0.491,"Ground_Mountain_1_1:(0.152, 0.476, -0.866);Ground_Mountain_1_1:(0.152, 0.476, -0.866);Ground_Mountain_1_1:(0.152, 0.476, -0.866);Ground_Mountain_1_1:(0.152, 0.476, -0.866);Ground_Mountain_1_1:(0.152, 0.476, -0.866);Ground_Mountain_1_1:(0.152, 0.476, -0.866);"
1.640,249.247,918.326,107.496,-96.657,15.639,-15.545,0.848,-2.627,0.174,0.000,0.176,4,7.528,0.894,0.488,"Ground_Mountain_1_1:(0.148, 0.470, -0.870);Ground_Mountain_1_1:(0.148, 0.470, -0.870);Ground_Mountain_1_1:(0.148, 0.470, -0.870);Ground_Mountain_1_1:(0.148, 0.470, -0.870);Ground_Mountain_1_1:(0.148, 0.470, -0.870);Ground_Mountain_1_1:(0.148, 0.470, -0.870);"
1.660,248.946,918.017,107.518,-96.708,15.625,-15.524,1.121,-2.534,0.181,0.000,0.168,4,6.989,0.868,0.485,"Ground_Mountain_1_1:(0.151, 0.465, -0.872);Ground_Mountain_1_1:(0.151, 0.465, -0.872);Ground_Mountain_1_1:(0.151, 0.465, -0.872);Ground_Mountain_1_1:(0.151, 0.465, -0.872);Ground_Mountain_1_1:(0.151, 0.465, -0.872);Ground_Mountain_1_1:(0.151, 0.465, -0.872);"
1.680,248.648,917.708,107.545,-96.757,15.612,-15.500,1.379,-2.434,0.188,0.000,0.160,4,6.452,0.844,0.482,"Ground_Mountain_1_1:(0.151, 0.465, -0.872);Ground_Mountain_1_1:(0.151, 0.465, -0.872);Ground_Mountain_1_1:(0.151, 0.465, -0.872);Ground_Mountain_1_1:(0.151, 0.465, -0.872);Ground_Mountain_1_1:(0.151, 0.465, -0.872);Ground_Mountain_1_1:(0.151, 0.465, -0.872);"
1.700,248.351,917.399,107.576,-96.804,15.599,-15.473,1.624,-2.330,0.194,0.000,0.151,4,5.933,0.820,0.480,"Ground_Mountain_1_1:(0.160, 0.468, -0.869);Ground_Mountain_1_1:(0.160, 0.468, -0.869);Ground_Mountain_1_1:(0.160, 0.468, -0.869);Ground_Mountain_1_1:(0.160, 0.468, -0.869);Ground_Mountain_1_1:(0.160, 0.468, -0.869);Ground_Mountain_1_1:(0.160, 0.468, -0.869);"
1.720,248.067,917.091,107.613,-96.848,15.587,-15.444,1.855,-2.221,0.200,0.000,0.143,4,5.523,0.814,0.477,"Ground_Mountain_1_1:(0.162, 0.469, -0.868);Ground_Mountain_1_1:(0.162, 0.469, -0.868);Ground_Mountain_1_1:(0.162, 0.469, -0.868);Ground_Mountain_1_1:(0.162, 0.469, -0.868);Ground_Mountain_1_1:(0.162, 0.469, -0.868);Ground_Mountain_1_1:(0.162, 0.469, -0.868);"
1.740,247.774,916.783,107.654,-96.891,15.576,-15.413,2.076,-2.113,0.206,0.000,0.138,4,5.376,0.804,0.475,"Ground_Mountain_1_1:(0.161, 0.472, -0.867);Ground_Mountain_1_1:(0.161, 0.472, -0.867);Ground_Mountain_1_1:(0.161, 0.472, -0.867);Ground_Mountain_1_1:(0.161, 0.472, -0.867);Ground_Mountain_1_1:(0.161, 0.472, -0.867);Ground_Mountain_1_1:(0.161, 0.472, -0.867);"
1.760,247.482,916.476,107.699,-96.931,15.565,-15.380,2.285,-2.008,0.212,0.000,0.130,4,5.248,0.802,0.473,"Ground_Mountain_1_1:(0.161, 0.472, -0.867);Ground_Mountain_1_1:(0.161, 0.472, -0.867);Ground_Mountain_1_1:(0.161, 0.472, -0.867);Ground_Mountain_1_1:(0.161, 0.472, -0.867);Ground_Mountain_1_1:(0.161, 0.472, -0.867);Ground_Mountain_1_1:(0.161, 0.472, -0.867);"
1.780,247.191,916.170,107.748,-96.969,15.555,-15.346,2.484,-1.902,0.217,0.000,0.122,4,5.002,0.769,0.471,"Ground_Mountain_1_1:(0.161, 0.472, -0.867);Ground_Mountain_1_1:(0.161, 0.472, -0.867);Ground_Mountain_1_1:(0.161, 0.472, -0.867);Ground_Mountain_1_1:(0.161, 0.472, -0.867);Ground_Mountain_1_1:(0.161, 0.472, -0.867);Ground_Mountain_1_1:(0.161, 0.472, -0.867);"
1.800,246.903,915.864,107.801,-97.005,15.545,-15.311,2.671,-1.798,0.222,0.000,0.114,4,4.771,0.734,0.470,"Ground_Mountain_1_1:(0.161, 0.472, -0.867);Ground_Mountain_1_1:(0.161, 0.472, -0.867);Ground_Mountain_1_1:(0.161, 0.472, -0.867);Ground_Mountain_1_1:(0.161, 0.472, -0.867);Ground_Mountain_1_1:(0.161, 0.472, -0.867);Ground_Mountain_1_1:(0.161, 0.472, -0.867);"
1.820,246.616,915.559,107.858,-97.039,15.536,-15.275,2.847,-1.693,0.227,0.000,0.107,4,4.568,0.694,0.468,"Ground_Mountain_1_1:(0.173, 0.475, -0.863);Ground_Mountain_1_1:(0.173, 0.475, -0.863);Ground_Mountain_1_1:(0.173, 0.475, -0.863);Ground_Mountain_1_1:(0.173, 0.475, -0.863);Ground_Mountain_1_1:(0.173, 0.475, -0.863);Ground_Mountain_1_1:(0.173, 0.475, -0.863);"
1.840,246.332,915.255,107.918,-97.071,15.527,-15.240,3.013,-1.591,0.232,0.000,0.099,4,4.546,0.716,0.467,"Ground_Mountain_1_1:(0.176, 0.476, -0.862);Ground_Mountain_1_1:(0.176, 0.476, -0.862);Ground_Mountain_1_1:(0.176, 0.476, -0.862);Ground_Mountain_1_1:(0.176, 0.476, -0.862);Ground_Mountain_1_1:(0.176, 0.476, -0.862);Ground_Mountain_1_1:(0.176, 0.476, -0.862);"
1.860,246.055,914.951,107.981,-97.101,15.519,-15.203,3.172,-1.496,0.236,0.000,0.091,4,4.788,0.723,0.466,"Ground_Mountain_1_1:(0.185, 0.479, -0.858);Ground_Mountain_1_1:(0.185, 0.479, -0.858);Ground_Mountain_1_1:(0.185, 0.479, -0.858);Ground_Mountain_1_1:(0.185, 0.479, -0.858);Ground_Mountain_1_1:(0.185, 0.479, -0.858);Ground_Mountain_1_1:(0.185, 0.479, -0.858);"
1.880,245.772,914.648,108.047,-97.129,15.512,-15.166,3.324,-1.409,0.240,0.000,0.087,4,4.946,0.645,0.466,"Ground_Mountain_1_1:(0.168, 0.482, -0.860);Ground_Mountain_1_1:(0.168, 0.482, -0.860);Ground_Mountain_1_1:(0.168, 0.482, -0.860);Ground_Mountain_1_1:(0.168, 0.482, -0.860);Ground_Mountain_1_1:(0.168, 0.482, -0.860);Ground_Mountain_1_1:(0.168, 0.482, -0.860);"
1.900,245.491,914.346,108.116,-97.156,15.505,-15.129,3.467,-1.325,0.244,0.000,0.079,4,4.839,0.696,0.465,"Ground_Mountain_1_1:(0.165, 0.483, -0.860);Ground_Mountain_1_1:(0.165, 0.483, -0.860);Ground_Mountain_1_1:(0.165, 0.483, -0.860);Ground_Mountain_1_1:(0.165, 0.483, -0.860);Ground_Mountain_1_1:(0.165, 0.483, -0.860);Ground_Mountain_1_1:(0.165, 0.483, -0.860);"
1.920,245.211,914.045,108.188,-97.181,15.498,-15.093,3.599,-1.243,0.248,0.000,0.072,4,4.645,0.651,0.465,"Ground_Mountain_1_1:(0.165, 0.483, -0.860);Ground_Mountain_1_1:(0.165, 0.483, -0.860);Ground_Mountain_1_1:(0.165, 0.483, -0.860);Ground_Mountain_1_1:(0.165, 0.483, -0.860);Ground_Mountain_1_1:(0.165, 0.483, -0.860);Ground_Mountain_1_1:(0.165, 0.483, -0.860);"
1.940,244.933,913.744,108.263,-97.204,15.492,-15.059,3.721,-1.162,0.251,0.000,0.064,4,4.495,0.581,0.465,"Ground_Mountain_1_1:(0.173, 0.485, -0.857);Ground_Mountain_1_1:(0.173, 0.485, -0.857);Ground_Mountain_1_1:(0.173, 0.485, -0.857);Ground_Mountain_1_1:(0.173, 0.485, -0.857);Ground_Mountain_1_1:(0.173, 0.485, -0.857);Ground_Mountain_1_1:(0.173, 0.485, -0.857);"
1.960,244.656,913.444,108.339,-97.226,15.486,-15.026,3.836,-1.085,0.254,0.000,0.057,4,4.577,0.549,0.465,"Ground_Mountain_1_1:(0.179, 0.487, -0.855);Ground_Mountain_1_1:(0.179, 0.487, -0.855);Ground_Mountain_1_1:(0.179, 0.487, -0.855);Ground_Mountain_1_1:(0.179, 0.487, -0.855);Ground_Mountain_1_1:(0.179, 0.487, -0.855);Ground_Mountain_1_1:(0.179, 0.487, -0.855);"
1.980,244.380,913.144,108.418,-97.246,15.481,-14.993,3.946,-1.017,0.257,0.000,0.050,4,4.997,0.773,0.465,"Ground_Mountain_1_1:(0.193, 0.491, -0.850);Ground_Mountain_1_1:(0.193, 0.491, -0.850);Ground_Mountain_1_1:(0.193, 0.491, -0.850);Ground_Mountain_1_1:(0.193, 0.491, -0.850);Ground_Mountain_1_1:(0.193, 0.491, -0.850);Ground_Mountain_1_1:(0.193, 0.491, -0.850);"
2.000,244.106,912.846,108.500,-97.265,15.476,-14.960,4.051,-0.960,0.259,0.000,0.043,4,5.381,0.570,0.466,"Ground_Mountain_1_1:(0.185, 0.498, -0.847);Ground_Mountain_1_1:(0.185, 0.498, -0.847);Ground_Mountain_1_1:(0.185, 0.498, -0.847);Ground_Mountain_1_1:(0.185, 0.498, -0.847);Ground_Mountain_1_1:(0.185, 0.498, -0.847);Ground_Mountain_1_1:(0.185, 0.498, -0.847);"
2.020,243.830,912.548,108.583,-97.283,15.472,-14.928,4.150,-0.911,0.262,0.000,0.038,4,5.483,0.537,0.466,"Ground_Mountain_1_1:(0.167, 0.499, -0.850);Ground_Mountain_1_1:(0.167, 0.499, -0.850);Ground_Mountain_1_1:(0.167, 0.499, -0.850);Ground_Mountain_1_1:(0.167, 0.499, -0.850);Ground_Mountain_1_1:(0.167, 0.499, -0.850);Ground_Mountain_1_1:(0.167, 0.499, -0.850);"
2.040,243.556,912.250,108.668,-97.300,15.468,-14.899,4.238,-0.860,0.264,0.000,0.031,4,5.135,0.648,0.467,"Ground_Mountain_1_1:(0.167, 0.499, -0.850);Ground_Mountain_1_1:(0.167, 0.499, -0.850);Ground_Mountain_1_1:(0.167, 0.499, -0.850);Ground_Mountain_1_1:(0.167, 0.499, -0.850);Ground_Mountain_1_1:(0.167, 0.499, -0.850);Ground_Mountain_1_1:(0.167, 0.499, -0.850);"
2.060,243.284,911.953,108.754,-97.316,15.465,-14.873,4.315,-0.806,0.266,0.000,0.024,4,4.799,0.518,0.468,"Ground_Mountain_1_1:(0.185, 0.502, -0.845);Ground_Mountain_1_1:(0.185, 0.502, -0.845);Ground_Mountain_1_1:(0.185, 0.502, -0.845);Ground_Mountain_1_1:(0.185, 0.502, -0.845);Ground_Mountain_1_1:(0.185, 0.502, -0.845);Ground_Mountain_1_1:(0.185, 0.502, -0.845);"
2.080,243.012,911.656,108.842,-97.331,15.462,-14.849,4.385,-0.756,0.267,0.000,0.017,4,4.778,0.479,0.469,"Ground_Mountain_1_1:(0.193, 0.504, -0.842);Ground_Mountain_1_1:(0.193, 0.504, -0.842);Ground_Mountain_1_1:(0.193, 0.504, -0.842);Ground_Mountain_1_1:(0.193, 0.504, -0.842);Ground_Mountain_1_1:(0.193, 0.504, -0.842);Ground_Mountain_1_1:(0.193, 0.504, -0.842);"
2.100,242.742,911.360,108.932,-97.345,15.460,-14.826,4.450,-0.714,0.269,0.000,0.011,4,5.119,0.581,0.471,"Ground_Mountain_1_1:(0.204, 0.507, -0.837);Ground_Mountain_1_1:(0.204, 0.507, -0.837);Ground_Mountain_1_1:(0.204, 0.507, -0.837);Ground_Mountain_1_1:(0.204, 0.507, -0.837);Ground_Mountain_1_1:(0.204, 0.507, -0.837);Ground_Mountain_1_1:(0.204, 0.507, -0.837);"
2.120,242.472,911.064,109.022,-97.358,15.458,-14.803,4.513,-0.685,0.270,0.000,0.004,4,5.724,0.630,0.472,"Ground_Mountain_1_1:(0.211, 0.509, -0.834);Ground_Mountain_1_1:(0.211, 0.509, -0.834);Ground_Mountain_1_1:(0.211, 0.509, -0.834);Ground_Mountain_1_1:(0.211, 0.509, -0.834);Ground_Mountain_1_1:(0.211, 0.509, -0.834);Ground_Mountain_1_1:(0.211, 0.509, -0.834);"
2.140,242.203,910.769,109.114,-97.371,15.456,-14.782,4.570,-0.664,0.271,0.000,-0.002,4,5.872,0.429,0.474,"Ground_Mountain_1_1:(0.194, 0.520, -0.832);Ground_Mountain_1_1:(0.194, 0.520, -0.832);Ground_Mountain_1_1:(0.194, 0.520, -0.832);Ground_Mountain_1_1:(0.194, 0.520, -0.832);Ground_Mountain_1_1:(0.194, 0.520, -0.832);Ground_Mountain_1_1:(0.194, 0.520, -0.832);"
2.160,241.919,910.474,109.207,-97.384,15.455,-14.764,4.620,-0.644,0.272,0.000,-0.006,4,5.675,0.711,0.476,"Ground_Mountain_1_1:(0.175, 0.521, -0.835);Ground_Mountain_1_1:(0.175, 0.521, -0.835);Ground_Mountain_1_1:(0.175, 0.521, -0.835);Ground_Mountain_1_1:(0.175, 0.521, -0.835);Ground_Mountain_1_1:(0.175, 0.521, -0.835);Ground_Mountain_1_1:(0.175, 0.521, -0.835);"
2.180,241.649,910.179,109.301,-97.396,15.454,-14.750,4.657,-0.617,0.273,0.000,-0.011,4,5.032,0.660,0.478,"Ground_Mountain_1_1:(0.175, 0.521, -0.835);Ground_Mountain_1_1:(0.175, 0.521, -0.835);Ground_Mountain_1_1:(0.175, 0.521, -0.835);Ground_Mountain_1_1:(0.175, 0.521, -0.835);Ground_Mountain_1_1:(0.175, 0.521, -0.835);Ground_Mountain_1_1:(0.175, 0.521, -0.835);"
2.200,241.380,909.885,109.395,-97.407,15.453,-14.740,4.683,-0.586,0.273,0.000,-0.016,4,4.638,0.424,0.480,"Ground_Mountain_1_1:(0.201, 0.529, -0.825);Ground_Mountain_1_1:(0.201, 0.529, -0.825);Ground_Mountain_1_1:(0.201, 0.529, -0.825);Ground_Mountain_1_1:(0.201, 0.529, -0.825);Ground_Mountain_1_1:(0.201, 0.529, -0.825);Ground_Mountain_1_1:(0.201, 0.529, -0.825);"
2.220,241.112,909.591,109.490,-97.418,15.453,-14.733,4.703,-0.557,0.273,0.000,-0.021,4,4.687,0.735,0.482,"Ground_Mountain_1_1:(0.201, 0.529, -0.825);Ground_Mountain_1_1:(0.201, 0.529, -0.825);Ground_Mountain_1_1:(0.201, 0.529, -0.825);Ground_Mountain_1_1:(0.201, 0.529, -0.825);Ground_Mountain_1_1:(0.201, 0.529, -0.825);Ground_Mountain_1_1:(0.201, 0.529, -0.825);"
2.240,240.843,909.296,109.585,-97.428,15.453,-14.726,4.721,-0.542,0.274,0.000,-0.026,4,5.266,1.062,0.484,"Ground_Mountain_1_1:(0.225, 0.536, -0.813);Ground_Mountain_1_1:(0.225, 0.536, -0.813);Ground_Mountain_1_1:(0.225, 0.536, -0.813);Ground_Mountain_1_1:(0.225, 0.536, -0.813);Ground_Mountain_1_1:(0.225, 0.536, -0.813);Ground_Mountain_1_1:(0.225, 0.536, -0.813);"
2.260,240.575,909.002,109.680,-97.438,15.454,-14.718,4.741,-0.542,0.273,0.000,-0.030,4,5.982,0.665,0.487,"Ground_Mountain_1_1:(0.225, 0.536, -0.813);Ground_Mountain_1_1:(0.225, 0.536, -0.813);Ground_Mountain_1_1:(0.225, 0.536, -0.813);Ground_Mountain_1_1:(0.225, 0.536, -0.813);Ground_Mountain_1_1:(0.225, 0.536, -0.813);Ground_Mountain_1_1:(0.225, 0.536, -0.813);"
2.280,240.308,908.708,109.776,-97.449,15.454,-14.713,4.756,-0.547,0.273,0.000,-0.032,4,6.000,0.356,0.490,"Ground_Mountain_1_1:(0.186, 0.553, -0.812);Ground_Mountain_1_1:(0.186, 0.553, -0.812);Ground_Mountain_1_1:(0.186, 0.553, -0.812);Ground_Mountain_1_1:(0.186, 0.553, -0.812);Ground_Mountain_1_1:(0.186, 0.553, -0.812);Ground_Mountain_1_1:(0.186, 0.553, -0.812);"
2.300,240.040,908.415,109.872,-97.459,15.455,-14.711,4.760,-0.545,0.273,0.000,-0.033,4,5.470,0.878,0.493,"Ground_Mountain_1_1:(0.250, 0.556, -0.792);Ground_Mountain_1_1:(0.250, 0.556, -0.792);Ground_Mountain_1_1:(0.250, 0.556, -0.792);Ground_Mountain_1_1:(0.250, 0.556, -0.792);Ground_Mountain_1_1:(0.161, 0.549, -0.820);Ground_Mountain_1_1:(0.161, 0.549, -0.820);Ground_Mountain_1_1:(0.161, 0.549, -0.820);Ground_Mountain_1_1:(0.161, 0.549, -0.820);Ground_Mountain_1_1:(0.161, 0.549, -0.820);Ground_Mountain_1_1:(0.161, 0.549, -0.820);"
2.320,239.731,908.121,109.968,-97.469,15.457,-14.715,4.750,-0.531,0.272,0.000,-0.034,4,4.618,0.522,0.496,"Ground_Mountain_1_1:(0.259, 0.579, -0.773);Ground_Mountain_1_1:(0.259, 0.579, -0.773);Ground_Mountain_1_1:(0.259, 0.579, -0.773);Ground_Mountain_1_1:(0.259, 0.579, -0.773);Ground_Mountain_1_1:(0.259, 0.579, -0.773);Ground_Mountain_1_1:(0.259, 0.579, -0.773);Ground_Mountain_1_1:(0.160, 0.555, -0.816);Ground_Mountain_1_1:(0.160, 0.555, -0.816);Ground_Mountain_1_1:(0.160, 0.555, -0.816);Ground_Mountain_1_1:(0.160, 0.555, -0.816);Ground_Mountain_1_1:(0.160, 0.555, -0.816);Ground_Mountain_1_1:(0.160, 0.555, -0.816);"
2.340,239.462,907.826,110.064,-97.479,15.458,-14.721,4.733,-0.515,0.272,0.000,-0.034,4,4.348,0.450,0.499,"Ground_Mountain_1_1:(0.256, 0.571, -0.780);Ground_Mountain_1_1:(0.256, 0.571, -0.780);Ground_Mountain_1_1:(0.256, 0.571, -0.780);Ground_Mountain_1_1:(0.256, 0.571, -0.780);Ground_Mountain_1_1:(0.256, 0.571, -0.780);Ground_Mountain_1_1:(0.256, 0.571, -0.780);Ground_Mountain_1_1:(0.159, 0.561, -0.812);Ground_Mountain_1_1:(0.159, 0.561, -0.812);Ground_Mountain_1_1:(0.159, 0.561, -0.812);Ground_Mountain_1_1:(0.159, 0.561, -0.812);Ground_Mountain_1_1:(0.159, 0.561, -0.812);Ground_Mountain_1_1:(0.159, 0.561, -0.812);"
2.360,239.192,907.532,110.159,-97.488,15.459,-14.728,4.715,-0.509,0.271,0.000,-0.035,4,4.774,0.813,0.503,"Ground_Mountain_1_1:(0.259, 0.579, -0.773);Ground_Mountain_1_1:(0.259, 0.579, -0.773);Ground_Mountain_1_1:(0.259, 0.579, -0.773);Ground_Mountain_1_1:(0.259, 0.579, -0.773);Ground_Mountain_1_1:(0.259, 0.579, -0.773);Ground_Mountain_1_1:(0.259, 0.579, -0.773);Ground_Mountain_1_1:(0.160, 0.555, -0.816);Ground_Mountain_1_1:(0.160, 0.555, -0.816);Ground_Mountain_1_1:(0.160, 0.555, -0.816);Ground_Mountain_1_1:(0.160, 0.555, -0.816);Ground_Mountain_1_1:(0.160, 0.555, -0.816);Ground_Mountain_1_1:(0.160, 0.555, -0.816);"
2.380,238.923,907.238,110.254,-97.498,15.461,-14.733,4.702,-0.519,0.270,0.000,-0.035,4,5.684,1.285,0.506,"Ground_Mountain_1_1:(0.259, 0.579, -0.773);Ground_Mountain_1_1:(0.259, 0.579, -0.773);Ground_Mountain_1_1:(0.259, 0.579, -0.773);Ground_Mountain_1_1:(0.259, 0.579, -0.773);Ground_Mountain_1_1:(0.259, 0.579, -0.773);Ground_Mountain_1_1:(0.259, 0.579, -0.773);Ground_Mountain_1_1:(0.158, 0.567, -0.808);Ground_Mountain_1_1:(0.158, 0.567, -0.808);Ground_Mountain_1_1:(0.158, 0.567, -0.808);Ground_Mountain_1_1:(0.158, 0.567, -0.808);"
2.400,238.653,906.943,110.349,-97.508,15.463,-14.736,4.693,-0.542,0.269,0.000,-0.035,4,6.351,0.499,0.510,"Ground_Mountain_1_1:(0.174, 0.537, -0.825);Ground_Mountain_1_1:(0.174, 0.537, -0.825);Ground_Mountain_1_1:(0.174, 0.537, -0.825);Ground_Mountain_1_1:(0.174, 0.537, -0.825);Ground_Mountain_1_1:(0.174, 0.537, -0.825);Ground_Mountain_1_1:(0.174, 0.537, -0.825);Ground_Mountain_1_1:(0.250, 0.556, -0.792);Ground_Mountain_1_1:(0.250, 0.556, -0.792);Ground_Mountain_1_1:(0.250, 0.556, -0.792);Ground_Mountain_1_1:(0.250, 0.556, -0.792);"
2.420,238.383,906.649,110.444,-97.519,15.465,-14.741,4.680,-0.565,0.268,0.000,-0.032,4,6.236,0.344,0.514,"Ground_Mountain_1_1:(0.175, 0.539, -0.824);Ground_Mountain_1_1:(0.175, 0.539, -0.824);Ground_Mountain_1_1:(0.175, 0.539, -0.824);Ground_Mountain_1_1:(0.175, 0.539, -0.824);Ground_Mountain_1_1:(0.175, 0.539, -0.824);Ground_Mountain_1_1:(0.175, 0.539, -0.824);"
2.440,238.113,906.354,110.538,-97.529,15.467,-14.751,4.654,-0.569,0.267,0.000,-0.030,4,5.139,1.185,0.519,"Ground_Mountain_1_1:(0.175, 0.541, -0.822);Ground_Mountain_1_1:(0.175, 0.541, -0.822);Ground_Mountain_1_1:(0.175, 0.541, -0.822);Ground_Mountain_1_1:(0.175, 0.541, -0.822);Ground_Mountain_1_1:(0.175, 0.541, -0.822);Ground_Mountain_1_1:(0.175, 0.541, -0.822);"
2.460,237.760,906.059,110.632,-97.540,15.469,-14.765,4.615,-0.557,0.266,0.000,-0.028,4,4.181,0.660,0.523,"Ground_Mountain_1_1:(0.182, 0.535, -0.825);Ground_Mountain_1_1:(0.182, 0.535, -0.825);Ground_Mountain_1_1:(0.182, 0.535, -0.825);Ground_Mountain_1_1:(0.182, 0.535, -0.825);Ground_Mountain_1_1:(0.182, 0.535, -0.825);Ground_Mountain_1_1:(0.182, 0.535, -0.825);Ground_Mountain_1_1:(0.266, 0.655, -0.708);Ground_Mountain_1_1:(0.266, 0.655, -0.708);Ground_Mountain_1_1:(0.266, 0.655, -0.708);"
2.480,237.488,905.764,110.724,-97.550,15.471,-14.782,4.571,-0.542,0.265,0.000,-0.026,4,3.988,1.043,0.527,"Ground_Mountain_1_1:(0.188, 0.530, -0.827);Ground_Mountain_1_1:(0.188, 0.530, -0.827);Ground_Mountain_1_1:(0.188, 0.530, -0.827);Ground_Mountain_1_1:(0.188, 0.530, -0.827);Ground_Mountain_1_1:(0.188, 0.530, -0.827);Ground_Mountain_1_1:(0.188, 0.530, -0.827);Ground_Mountain_1_1:(0.266, 0.655, -0.708);Ground_Mountain_1_1:(0.266, 0.655, -0.708);Ground_Mountain_1_1:(0.266, 0.655, -0.708);"
2.500,237.216,905.468,110.816,-97.559,15.474,-14.796,4.532,-0.539,0.264,0.000,-0.024,4,4.682,1.535,0.533,"Ground_Mountain_1_1:(0.195, 0.527, -0.827);Ground_Mountain_1_1:(0.195, 0.527, -0.827);Ground_Mountain_1_1:(0.195, 0.527, -0.827);Ground_Mountain_1_1:(0.195, 0.527, -0.827);Ground_Mountain_1_1:(0.195, 0.527, -0.827);Ground_Mountain_1_1:(0.195, 0.527, -0.827);Ground_Mountain_1_1:(0.265, 0.655, -0.708);Ground_Mountain_1_1:(0.265, 0.655, -0.708);Ground_Mountain_1_1:(0.265, 0.655, -0.708);Ground_Mountain_1_1:(0.265, 0.655, -0.708);"
2.520,236.943,905.172,110.908,-97.569,15.476,-14.806,4.505,-0.554,0.263,0.000,-0.022,4,5.785,1.364,0.538,"Ground_Mountain_1_1:(0.196, 0.533, -0.823);Ground_Mountain_1_1:(0.196, 0.533, -0.823);Ground_Mountain_1_1:(0.196, 0.533, -0.823);Ground_Mountain_1_1:(0.196, 0.533, -0.823);Ground_Mountain_1_1:(0.196, 0.533, -0.823);Ground_Mountain_1_1:(0.196, 0.533, -0.823);Ground_Mountain_1_1:(0.266, 0.655, -0.708);Ground_Mountain_1_1:(0.266, 0.655, -0.708);Ground_Mountain_1_1:(0.266, 0.655, -0.708);Ground_Mountain_1_1:(0.266, 0.655, -0.708);"
2.540,236.670,904.876,110.999,-97.580,15.478,-14.816,4.480,-0.572,0.262,0.000,-0.020,4,6.061,0.416,0.543,"Ground_Mountain_1_1:(0.197, 0.538, -0.820);Ground_Mountain_1_1:(0.197, 0.538, -0.820);Ground_Mountain_1_1:(0.197, 0.538, -0.820);Ground_Mountain_1_1:(0.197, 0.538, -0.820);Ground_Mountain_1_1:(0.197, 0.538, -0.820);Ground_Mountain_1_1:(0.197, 0.538, -0.820);"
2.560,236.397,904.580,111.090,-97.590,15.481,-14.827,4.450,-0.578,0.261,0.000,-0.014,4,5.506,0.757,0.549,"Ground_Mountain_1_1:(0.198, 0.543, -0.816);Ground_Mountain_1_1:(0.198, 0.543, -0.816);Ground_Mountain_1_1:(0.198, 0.543, -0.816);Ground_Mountain_1_1:(0.198, 0.543, -0.816);Ground_Mountain_1_1:(0.198, 0.543, -0.816);Ground_Mountain_1_1:(0.198, 0.543, -0.816);Ground_Mountain_1_1:(0.142, 0.617, -0.774);Ground_Mountain_1_1:(0.142, 0.617, -0.774);Ground_Mountain_1_1:(0.142, 0.617, -0.774);Ground_Mountain_1_1:(0.142, 0.617, -0.774);"
2.580,236.123,904.283,111.179,-97.600,15.483,-14.846,4.398,-0.550,0.260,0.000,-0.011,4,3.605,1.435,0.555,"Ground_Mountain_1_1:(0.198, 0.549, -0.812);Ground_Mountain_1_1:(0.198, 0.549, -0.812);Ground_Mountain_1_1:(0.198, 0.549, -0.812);Ground_Mountain_1_1:(0.198, 0.549, -0.812);Ground_Mountain_1_1:(0.198, 0.549, -0.812);Ground_Mountain_1_1:(0.198, 0.549, -0.812);Ground_Mountain_1_1:(0.142, 0.617, -0.774);Ground_Mountain_1_1:(0.142, 0.617, -0.774);Ground_Mountain_1_1:(0.142, 0.617, -0.774);Ground_Mountain_1_1:(0.142, 0.617, -0.774);"
2.600,235.727,903.985,111.268,-97.609,15.486,-14.871,4.331,-0.502,0.259,0.000,-0.008,3,2.305,0.762,0.561,"Ground_Mountain_1_1:(0.198, 0.555, -0.808);Ground_Mountain_1_1:(0.243, 0.721, -0.649);Ground_Mountain_1_1:(0.198, 0.555, -0.808);Ground_Mountain_1_1:(0.198, 0.555, -0.808);Ground_Mountain_1_1:(0.198, 0.555, -0.808);Ground_Mountain_1_1:(0.243, 0.721, -0.649);Ground_Mountain_1_1:(0.142, 0.617, -0.774);Ground_Mountain_1_1:(0.142, 0.617, -0.774);Ground_Mountain_1_1:(0.142, 0.617, -0.774);"
2.620,235.452,903.687,111.355,-97.617,15.488,-14.894,4.268,-0.460,0.257,0.000,-0.006,3,2.820,1.667,0.567,"Ground_Mountain_1_1:(0.188, 0.571, -0.799);Ground_Mountain_1_1:(0.243, 0.721, -0.649);Ground_Mountain_1_1:(0.188, 0.571, -0.799);Ground_Mountain_1_1:(0.188, 0.571, -0.799);Ground_Mountain_1_1:(0.188, 0.571, -0.799);Ground_Mountain_1_1:(0.188, 0.571, -0.799);"
2.640,235.177,903.389,111.441,-97.624,15.491,-14.913,4.215,-0.431,0.256,0.000,-0.004,3,3.644,1.531,0.574,"Ground_Mountain_1_1:(0.197, 0.567, -0.800);Ground_Mountain_1_1:(0.197, 0.567, -0.800);Ground_Mountain_1_1:(0.197, 0.567, -0.800);Ground_Mountain_1_1:(0.197, 0.567, -0.800);Ground_Mountain_1_1:(0.243, 0.721, -0.649);Ground_Mountain_1_1:(0.197, 0.567, -0.800);"
2.660,234.901,903.090,111.526,-97.631,15.494,-14.929,4.173,-0.413,0.254,0.000,-0.002,3,4.400,1.493,0.581,"Ground_Mountain_1_1:(0.196, 0.574, -0.795);Ground_Mountain_1_1:(0.196, 0.574, -0.795);Ground_Mountain_1_1:(0.196, 0.574, -0.795);Ground_Mountain_1_1:(0.196, 0.574, -0.795);Ground_Mountain_1_1:(0.196, 0.574, -0.795);Ground_Mountain_1_1:(0.196, 0.574, -0.795);Ground_Mountain_1_1:(0.243, 0.721, -0.649);Ground_Mountain_1_1:(0.243, 0.721, -0.649);"
2.680,234.624,902.799,111.622,-97.641,15.484,-14.947,4.123,-0.379,0.253,0.000,0.005,3,3.809,0.506,0.594,"Ground_Mountain_1_1:(0.105, 0.675, -0.730);Ground_Mountain_1_1:(0.105, 0.675, -0.730);Ground_Mountain_1_1:(0.105, 0.675, -0.730);Ground_Mountain_1_1:(0.195, 0.581, -0.790);Ground_Mountain_1_1:(0.195, 0.581, -0.790);Ground_Mountain_1_1:(0.195, 0.581, -0.790);Ground_Mountain_1_1:(0.053, 0.742, -0.668);Ground_Mountain_1_1:(0.243, 0.721, -0.649);Ground_Mountain_1_1:(0.243, 0.721, -0.649);"
2.700,234.357,902.500,111.707,-97.647,15.485,-14.960,4.087,-0.316,0.258,0.000,0.000,2,3.102,1.843,0.601,"Ground_Mountain_1_1:(0.106, 0.675, -0.730);Ground_Mountain_1_1:(0.106, 0.675, -0.730);Ground_Mountain_1_1:(0.106, 0.675, -0.730);Ground_Mountain_1_1:(0.243, 0.721, -0.649);Ground_Mountain_1_1:(0.243, 0.721, -0.649);Ground_Mountain_1_1:(0.053, 0.742, -0.668);Ground_Mountain_1_1:(0.053, 0.742, -0.668);"
2.720,233.945,902.200,111.789,-97.650,15.488,-14.980,4.033,-0.242,0.258,0.000,0.000,2,2.281,0.304,0.609,"Ground_Mountain_1_1:(0.243, 0.721, -0.649);Ground_Mountain_1_1:(0.243, 0.721, -0.649);Ground_Mountain_1_1:(0.243, 0.721, -0.649);Ground_Mountain_1_1:(0.243, 0.721, -0.649);Ground_Mountain_1_1:(0.105, 0.675, -0.730);Ground_Mountain_1_1:(0.105, 0.675, -0.730);Ground_Mountain_1_1:(0.105, 0.675, -0.730);Ground_Mountain_1_1:(0.053, 0.742, -0.668);"
2.740,233.667,901.898,111.871,-97.652,15.492,-15.003,3.968,-0.171,0.256,0.000,0.001,2,2.135,1.851,0.616,"Ground_Mountain_1_1:(0.243, 0.721, -0.649);Ground_Mountain_1_1:(0.243, 0.721, -0.649);Ground_Mountain_1_1:(0.243, 0.721, -0.649);Ground_Mountain_1_1:(0.243, 0.721, -0.649);Ground_Mountain_1_1:(0.243, 0.721, -0.649);Ground_Mountain_1_1:(0.053, 0.742, -0.668);Ground_Mountain_1_1:(0.053, 0.742, -0.668);Ground_Mountain_1_1:(0.106, 0.675, -0.730);Ground_Mountain_1_1:(0.106, 0.675, -0.730);Ground_Mountain_1_1:(0.106, 0.675, -0.730);"
2.760,233.388,901.597,111.951,-97.653,15.497,-15.024,3.908,-0.104,0.254,0.000,0.002,2,2.485,1.863,0.624,"Ground_Mountain_1_1:(0.243, 0.721, -0.649);Ground_Mountain_1_1:(0.243, 0.721, -0.649);Ground_Mountain_1_1:(0.243, 0.721, -0.649);Ground_Mountain_1_1:(0.243, 0.721, -0.649);Ground_Mountain_1_1:(0.053, 0.742, -0.668);Ground_Mountain_1_1:(0.053, 0.742, -0.668);Ground_Mountain_1_1:(0.053, 0.742, -0.668);Ground_Mountain_1_1:(0.106, 0.675, -0.730);"
2.780,233.110,901.295,112.030,-97.652,15.502,-15.043,3.853,-0.041,0.252,0.000,0.003,2,2.847,1.942,0.632,"Ground_Mountain_1_1:(0.053, 0.742, -0.668);Ground_Mountain_1_1:(0.053, 0.742, -0.668);Ground_Mountain_1_1:(0.053, 0.742, -0.668);Ground_Mountain_1_1:(0.206, 0.624, -0.754);Ground_Mountain_1_1:(0.206, 0.624, -0.754);"
2.800,232.830,900.992,112.109,-97.650,15.506,-15.061,3.798,0.029,0.249,0.000,0.004,2,2.959,1.580,0.640,"Ground_Mountain_1_1:(0.187, 0.792, -0.582);Ground_Mountain_1_1:(0.202, 0.632, -0.748);Ground_Mountain_1_1:(0.053, 0.742, -0.668);Ground_Mountain_1_1:(0.202, 0.632, -0.748);Ground_Mountain_1_1:(0.202, 0.632, -0.748);"
2.820,232.550,900.690,112.183,-97.648,15.446,-15.052,3.608,0.019,0.247,0.000,0.009,1,0.659,1.152,0.648,"Ground_Mountain_1_1:(0.053, 0.742, -0.668);Ground_Mountain_1_1:(0.053, 0.742, -0.668);Ground_Mountain_1_1:(0.053, 0.742, -0.668);Ground_Mountain_1_1:(0.053, 0.742, -0.668);Ground_Mountain_1_1:(0.196, 0.640, -0.743);Ground_Mountain_1_1:(0.196, 0.640, -0.743);Ground_Mountain_1_1:(0.196, 0.640, -0.743);Ground_Mountain_1_1:(0.187, 0.792, -0.582);"
2.840,232.270,900.387,112.254,-97.646,15.387,-15.046,3.411,0.019,0.277,0.000,0.008,0,0.000,1.123,0.657,"Ground_Mountain_1_1:(0.053, 0.742, -0.668);Ground_Mountain_1_1:(0.053, 0.742, -0.668);Ground_Mountain_1_1:(0.053, 0.742, -0.668);Ground_Mountain_1_1:(0.187, 0.792, -0.582);"
2.860,231.848,900.085,112.320,-97.644,15.329,-15.040,3.213,0.019,0.306,0.000,0.006,0,0.000,1.098,0.666,"Ground_Mountain_0_1:(0.041, 0.805, -0.592);Ground_Mountain_1_1:(0.187, 0.792, -0.582);Ground_Mountain_1_1:(0.187, 0.792, -0.582);Ground_Mountain_1_1:(0.187, 0.792, -0.582);Ground_Mountain_1_1:(0.053, 0.742, -0.668);"
2.880,231.566,899.782,112.383,-97.642,15.273,-15.034,3.016,0.019,0.335,0.000,0.005,0,0.000,1.072,0.674,"Ground_Mountain_1_1:(0.187, 0.792, -0.582);Ground_Mountain_1_1:(0.187, 0.792, -0.582);Ground_Mountain_0_1:(0.041, 0.805, -0.592);"
2.900,231.284,899.480,112.442,-97.639,15.217,-15.028,2.819,0.019,0.364,0.000,0.004,0,0.000,1.046,0.684,"Ground_Mountain_1_1:(0.187, 0.792, -0.582);Ground_Mountain_1_1:(0.187, 0.792, -0.582);Ground_Mountain_0_1:(0.041, 0.805, -0.592);"
2.920,231.001,899.178,112.497,-97.637,15.163,-15.022,2.621,0.019,0.391,0.000,0.003,0,0.000,1.020,0.693,"Ground_Mountain_1_1:(0.187, 0.792, -0.582);Ground_Mountain_1_1:(0.187, 0.792, -0.582);Ground_Mountain_0_1:(0.041, 0.805, -0.592);"
2.940,230.718,898.876,112.548,-97.634,15.111,-15.016,2.424,0.019,0.418,0.000,0.006,0,0.000,0.993,0.702,"Ground_Mountain_1_1:(0.187, 0.792, -0.582);Ground_Mountain_1_1:(0.187, 0.792, -0.582);Ground_Mountain_0_1:(0.161, 0.693, -0.703);"
2.960,230.434,898.574,112.595,-97.632,15.060,-15.010,2.227,0.019,0.445,0.000,0.000,0,0.000,0.966,0.712,"Ground_Mountain_0_1:(0.041, 0.805, -0.592);"
2.980,230.055,898.272,112.639,-97.629,15.010,-15.004,2.030,0.019,0.470,0.000,-0.008,0,0.000,0.939,0.721,""
3.000,229.761,897.970,112.678,-97.626,14.961,-14.998,1.833,0.019,0.495,0.000,-0.015,0,0.000,0.912,0.731,"Ground_Mountain_0_1:(0.209, 0.859, -0.467);Ground_Mountain_0_1:(0.209, 0.859, -0.467);"
3.020,229.467,897.669,112.713,-97.623,14.915,-14.992,1.636,0.019,0.519,0.000,-0.021,0,0.000,0.884,0.740,"Ground_Mountain_0_1:(0.209, 0.859, -0.467);Ground_Mountain_0_1:(0.209, 0.859, -0.467);"
3.040,229.173,897.367,112.745,-97.620,14.869,-14.986,1.440,0.019,0.543,0.000,-0.021,0,0.000,0.856,0.750,"Ground_Mountain_0_1:(0.209, 0.859, -0.467);Ground_Mountain_0_1:(0.209, 0.859, -0.467);"
3.060,228.878,897.066,112.773,-97.617,14.826,-14.980,1.243,0.019,0.565,0.000,-0.033,0,0.000,0.828,0.760,"Ground_Mountain_0_1:(0.209, 0.859, -0.467);Ground_Mountain_0_1:(0.209, 0.859, -0.467);Ground_Mountain_0_1:(0.156, 0.919, -0.361);"
3.080,228.584,896.765,112.796,-97.613,14.784,-14.974,1.046,0.019,0.587,0.000,-0.046,0,0.000,0.800,0.769,"Ground_Mountain_0_1:(0.209, 0.859, -0.467);Ground_Mountain_0_1:(0.017, 0.879, -0.477);Ground_Mountain_0_1:(0.181, 0.915, -0.360);Ground_Mountain_0_1:(0.181, 0.915, -0.360);Ground_Mountain_0_1:(0.181, 0.915, -0.360);Ground_Mountain_0_1:(0.181, 0.915, -0.360);"
3.100,228.199,896.463,112.816,-97.610,14.744,-14.968,0.850,0.019,0.608,0.000,-0.061,0,0.000,0.771,0.779,"Ground_Mountain_0_1:(0.017, 0.879, -0.477);Ground_Mountain_0_1:(0.017, 0.879, -0.477);Ground_Mountain_0_1:(0.181, 0.915, -0.360);Ground_Mountain_0_1:(0.181, 0.915, -0.360);Ground_Mountain_0_1:(0.181, 0.915, -0.360);Ground_Mountain_0_1:(0.181, 0.915, -0.360);"
3.120,227.907,896.162,112.832,-97.606,14.705,-14.962,0.653,0.019,0.628,0.000,-0.074,0,0.000,0.743,0.788,"Ground_Mountain_0_1:(0.290, 0.916, -0.277);Ground_Mountain_0_1:(0.290, 0.916, -0.277);Ground_Mountain_0_1:(0.290, 0.916, -0.277);Ground_Mountain_0_1:(0.176, 0.916, -0.360);Ground_Mountain_0_1:(0.176, 0.916, -0.360);Ground_Mountain_0_1:(0.176, 0.916, -0.360);Ground_Mountain_0_1:(0.176, 0.916, -0.360);Ground_Mountain_0_1:(0.176, 0.916, -0.360);Ground_Mountain_0_1:(0.017, 0.879, -0.477);"
3.140,227.617,895.861,112.848,-97.594,14.847,-15.041,0.710,0.438,0.647,0.000,-0.087,2,4.242,4.454,0.798,"Ground_Mountain_0_1:(0.290, 0.916, -0.277);Ground_Mountain_0_1:(0.290, 0.916, -0.277);Ground_Mountain_0_1:(0.181, 0.915, -0.360);Ground_Mountain_0_1:(0.181, 0.915, -0.360);Ground_Mountain_0_1:(0.181, 0.915, -0.360);Ground_Mountain_0_1:(0.181, 0.915, -0.360);"
3.160,227.328,895.567,112.878,-97.577,14.874,-14.961,1.280,0.577,0.576,0.000,-0.099,3,10.006,3.498,0.811,"Ground_Mountain_0_1:(0.290, 0.916, -0.277);Ground_Mountain_0_1:(0.290, 0.916, -0.277);Ground_Mountain_0_1:(0.290, 0.916, -0.277);Ground_Mountain_0_1:(0.290, 0.916, -0.277);Ground_Mountain_0_1:(0.181, 0.915, -0.360);Ground_Mountain_0_1:(0.181, 0.915, -0.360);Ground_Mountain_0_1:(0.181, 0.915, -0.360);Ground_Mountain_0_1:(0.181, 0.915, -0.360);"
3.180,227.044,895.281,112.918,-97.555,14.832,-14.833,1.829,0.693,0.563,0.000,-0.123,3,9.993,4.172,0.825,"Ground_Mountain_0_1:(0.290, 0.916, -0.277);Ground_Mountain_0_1:(0.290, 0.916, -0.277);Ground_Mountain_0_1:(0.290, 0.916, -0.277);Ground_Mountain_0_1:(0.290, 0.916, -0.277);Ground_Mountain_0_1:(0.173, 0.917, -0.360);Ground_Mountain_0_1:(0.173, 0.917, -0.360);Ground_Mountain_0_1:(0.173, 0.917, -0.360);Ground_Mountain_0_1:(0.173, 0.917, -0.360);Ground_Mountain_0_1:(0.173, 0.917, -0.360);Ground_Mountain_0_1:(0.173, 0.917, -0.360);"
3.200,226.765,894.996,112.965,-97.531,14.862,-14.821,2.179,0.747,0.584,0.000,-0.153,4,17.371,11.770,0.837,"Ground_Mountain_0_1:(0.290, 0.916, -0.277);Ground_Mountain_0_1:(0.290, 0.916, -0.277);Ground_Mountain_0_1:(0.290, 0.916, -0.277);Ground_Mountain_0_1:(0.290, 0.916, -0.277);Ground_Mountain_0_1:(0.181, 0.915, -0.360);Ground_Mountain_0_1:(0.181, 0.915, -0.360);Ground_Mountain_0_1:(0.181, 0.915, -0.360);Ground_Mountain_0_1:(0.181, 0.915, -0.360);Ground_Mountain_0_1:(0.181, 0.915, -0.360);Ground_Mountain_0_1:(0.181, 0.915, -0.360);"
3.220,226.423,894.708,113.017,-97.507,14.915,-14.838,2.468,0.763,0.569,0.000,-0.182,4,22.179,12.586,0.847,"Ground_Mountain_0_1:(0.267, 0.922, -0.279);Ground_Mountain_0_1:(0.267, 0.922, -0.279);Ground_Mountain_0_1:(0.267, 0.922, -0.279);Ground_Mountain_0_1:(0.267, 0.922, -0.279);Ground_Mountain_0_1:(0.267, 0.922, -0.279);Ground_Mountain_0_1:(0.267, 0.922, -0.279);Ground_Mountain_0_1:(0.189, 0.914, -0.359);Ground_Mountain_0_1:(0.189, 0.914, -0.359);Ground_Mountain_0_1:(0.189, 0.914, -0.359);Ground_Mountain_0_1:(0.189, 0.914, -0.359);Ground_Mountain_0_1:(0.189, 0.914, -0.359);Ground_Mountain_0_1:(0.189, 0.914, -0.359);Ground_Mountain_0_1:(0.211, 0.475, 0.855);"
3.240,226.149,894.420,113.076,-97.484,14.960,-14.807,2.839,0.726,0.543,0.000,-0.204,4,26.056,10.983,0.855,"Ground_Mountain_0_1:(0.267, 0.922, -0.279);Ground_Mountain_0_1:(0.267, 0.922, -0.279);Ground_Mountain_0_1:(0.267, 0.922, -0.279);Ground_Mountain_0_1:(0.267, 0.922, -0.279);Ground_Mountain_0_1:(0.267, 0.922, -0.279);Ground_Mountain_0_1:(0.267, 0.922, -0.279);Ground_Mountain_0_1:(0.225, 0.919, -0.325);Ground_Mountain_0_1:(0.225, 0.919, -0.325);Ground_Mountain_0_1:(0.225, 0.919, -0.325);Ground_Mountain_0_1:(0.225, 0.919, -0.325);Ground_Mountain_0_1:(0.225, 0.919, -0.325);Ground_Mountain_0_1:(0.225, 0.919, -0.325);"
3.260,225.871,894.134,113.156,-97.461,14.939,-14.521,3.667,0.550,0.520,0.000,-0.225,4,28.118,9.603,0.873,"Ground_Mountain_0_1:(0.272, 0.921, -0.279);Ground_Mountain_0_1:(0.272, 0.921, -0.279);Ground_Mountain_0_1:(0.272, 0.921, -0.279);Ground_Mountain_0_1:(0.272, 0.921, -0.279);Ground_Mountain_0_1:(0.272, 0.921, -0.279);Ground_Mountain_0_1:(0.272, 0.921, -0.279);Ground_Mountain_0_1:(0.225, 0.919, -0.325);Ground_Mountain_0_1:(0.225, 0.919, -0.325);Ground_Mountain_0_1:(0.225, 0.919, -0.325);Ground_Mountain_0_1:(0.225, 0.919, -0.325);Ground_Mountain_0_1:(0.225, 0.919, -0.325);Ground_Mountain_0_1:(0.225, 0.919, -0.325);"
3.280,225.586,893.846,113.239,-97.439,15.019,-14.508,3.953,0.517,0.530,0.000,-0.243,4,23.025,11.823,0.888,"Ground_Mountain_0_1:(0.272, 0.921, -0.279);Ground_Mountain_0_1:(0.272, 0.921, -0.279);Ground_Mountain_0_1:(0.272, 0.921, -0.279);Ground_Mountain_0_1:(0.272, 0.921, -0.279);Ground_Mountain_0_1:(0.272, 0.921, -0.279);Ground_Mountain_0_1:(0.272, 0.921, -0.279);Ground_Mountain_0_1:(0.225, 0.919, -0.325);Ground_Mountain_0_1:(0.225, 0.919, -0.325);Ground_Mountain_0_1:(0.225, 0.919, -0.325);Ground_Mountain_0_1:(0.225, 0.919, -0.325);Ground_Mountain_0_1:(0.225, 0.919, -0.325);Ground_Mountain_0_1:(0.225, 0.919, -0.325);"
3.300,225.299,893.558,113.327,-97.420,15.088,-14.492,4.213,0.476,0.491,0.000,-0.258,4,21.869,11.183,0.900,"Ground_Mountain_0_1:(0.263, 0.922, -0.283);Ground_Mountain_0_1:(0.263, 0.922, -0.283);Ground_Mountain_0_1:(0.263, 0.922, -0.283);Ground_Mountain_0_1:(0.263, 0.922, -0.283);Ground_Mountain_0_1:(0.263, 0.922, -0.283);Ground_Mountain_0_1:(0.263, 0.922, -0.283);"
3.320,225.008,893.270,113.418,-97.403,15.147,-14.479,4.437,0.422,0.456,0.000,-0.268,4,20.339,10.471,0.909,"Ground_Mountain_0_1:(0.263, 0.922, -0.283);Ground_Mountain_0_1:(0.263, 0.922, -0.283);Ground_Mountain_0_1:(0.263, 0.922, -0.283);Ground_Mountain_0_1:(0.263, 0.922, -0.283);Ground_Mountain_0_1:(0.263, 0.922, -0.283);Ground_Mountain_0_1:(0.263, 0.922, -0.283);"
3.340,224.616,892.981,113.513,-97.388,15.196,-14.474,4.616,0.350,0.427,0.000,-0.276,4,18.472,9.761,0.918,"Ground_Mountain_0_1:(0.269, 0.921, -0.283);Ground_Mountain_0_1:(0.269, 0.921, -0.283);Ground_Mountain_0_1:(0.269, 0.921, -0.283);Ground_Mountain_0_1:(0.269, 0.921, -0.283);Ground_Mountain_0_1:(0.269, 0.921, -0.283);Ground_Mountain_0_1:(0.269, 0.921, -0.283);"
3.360,224.325,892.696,113.612,-97.378,15.205,-14.391,4.912,0.206,0.402,0.000,-0.290,4,16.177,9.061,0.921,"Ground_Mountain_0_1:(0.251, 0.925, -0.284);Ground_Mountain_0_1:(0.251, 0.925, -0.284);Ground_Mountain_0_1:(0.251, 0.925, -0.284);Ground_Mountain_0_1:(0.251, 0.925, -0.284);Ground_Mountain_0_1:(0.251, 0.925, -0.284);Ground_Mountain_0_1:(0.251, 0.925, -0.284);Ground_Mountain_0_1:(0.446, 0.853, -0.269);Ground_Mountain_0_1:(0.446, 0.853, -0.269);Ground_Mountain_0_1:(0.446, 0.853, -0.269);Ground_Mountain_0_1:(0.446, 0.853, -0.269);"
3.380,224.033,892.419,113.718,-97.377,15.092,-14.109,5.387,0.051,0.398,0.000,-0.295,4,14.657,6.656,0.914,"Ground_Mountain_0_1:(0.251, 0.925, -0.284);Ground_Mountain_0_1:(0.251, 0.925, -0.284);Ground_Mountain_0_1:(0.251, 0.925, -0.284);Ground_Mountain_0_1:(0.251, 0.925, -0.284);Ground_Mountain_0_1:(0.251, 0.925, -0.284);Ground_Mountain_0_1:(0.251, 0.925, -0.284);Ground_Mountain_0_1:(0.439, 0.855, -0.278);Ground_Mountain_0_1:(0.439, 0.855, -0.278);Ground_Mountain_0_1:(0.439, 0.855, -0.278);Ground_Mountain_0_1:(0.439, 0.855, -0.278);Ground_Mountain_0_1:(0.439, 0.855, -0.278);Ground_Mountain_0_1:(0.439, 0.855, -0.278);"
3.400,223.745,892.144,113.827,-97.381,15.092,-14.029,5.592,-0.112,0.454,0.000,-0.302,4,12.901,5.855,0.905,"Ground_Mountain_0_1:(0.439, 0.855, -0.278);Ground_Mountain_0_1:(0.439, 0.855, -0.278);Ground_Mountain_0_1:(0.439, 0.855, -0.278);Ground_Mountain_0_1:(0.439, 0.855, -0.278);Ground_Mountain_0_1:(0.439, 0.855, -0.278);Ground_Mountain_0_1:(0.439, 0.855, -0.278);Ground_Mountain_0_1:(0.249, 0.925, -0.286);Ground_Mountain_0_1:(0.249, 0.925, -0.286);Ground_Mountain_0_1:(0.249, 0.925, -0.286);Ground_Mountain_0_1:(0.249, 0.925, -0.286);Ground_Mountain_0_1:(0.249, 0.925, -0.286);Ground_Mountain_0_1:(0.249, 0.925, -0.286);"
3.420,223.456,891.869,113.939,-97.388,15.133,-14.040,5.670,-0.286,0.454,0.000,-0.309,4,13.340,6.937,0.897,"Ground_Mountain_0_1:(0.432, 0.856, -0.286);Ground_Mountain_0_1:(0.432, 0.856, -0.286);Ground_Mountain_0_1:(0.432, 0.856, -0.286);Ground_Mountain_0_1:(0.432, 0.856, -0.286);Ground_Mountain_0_1:(0.432, 0.856, -0.286);Ground_Mountain_0_1:(0.432, 0.856, -0.286);Ground_Mountain_0_1:(0.249, 0.925, -0.286);Ground_Mountain_0_1:(0.249, 0.925, -0.286);Ground_Mountain_0_1:(0.249, 0.925, -0.286);Ground_Mountain_0_1:(0.249, 0.925, -0.286);Ground_Mountain_0_1:(0.249, 0.925, -0.286);Ground_Mountain_0_1:(0.249, 0.925, -0.286);"
3.440,223.164,891.592,114.052,-97.399,15.166,-14.044,5.739,-0.480,0.433,0.000,-0.316,4,14.222,6.238,0.890,"Ground_Mountain_0_1:(0.432, 0.856, -0.286);Ground_Mountain_0_1:(0.432, 0.856, -0.286);Ground_Mountain_0_1:(0.432, 0.856, -0.286);Ground_Mountain_0_1:(0.432, 0.856, -0.286);Ground_Mountain_0_1:(0.432, 0.856, -0.286);Ground_Mountain_0_1:(0.432, 0.856, -0.286);Ground_Mountain_0_1:(0.243, 0.925, -0.292);Ground_Mountain_0_1:(0.243, 0.925, -0.292);Ground_Mountain_0_1:(0.243, 0.925, -0.292);Ground_Mountain_0_1:(0.243, 0.925, -0.292);"
3.460,222.870,891.314,114.166,-97.414,15.189,-14.038,5.801,-0.696,0.417,0.000,-0.320,4,14.398,5.466,0.884,"Ground_Mountain_0_1:(0.432, 0.856, -0.286);Ground_Mountain_0_1:(0.432, 0.856, -0.286);Ground_Mountain_0_1:(0.432, 0.856, -0.286);Ground_Mountain_0_1:(0.432, 0.856, -0.286);Ground_Mountain_0_1:(0.432, 0.856, -0.286);Ground_Mountain_0_1:(0.432, 0.856, -0.286);Ground_Mountain_0_1:(0.243, 0.925, -0.292);Ground_Mountain_0_1:(0.243, 0.925, -0.292);Ground_Mountain_0_1:(0.243, 0.925, -0.292);Ground_Mountain_0_1:(0.243, 0.925, -0.292);"
3.480,222.379,891.036,114.282,-97.434,15.207,-14.022,5.865,-0.939,0.406,0.000,-0.321,4,14.892,2.822,0.878,"Ground_Mountain_0_1:(0.432, 0.856, -0.286);Ground_Mountain_0_1:(0.432, 0.856, -0.286);Ground_Mountain_0_1:(0.432, 0.856, -0.286);Ground_Mountain_0_1:(0.432, 0.856, -0.286);Ground_Mountain_0_1:(0.432, 0.856, -0.286);Ground_Mountain_0_1:(0.432, 0.856, -0.286);Ground_Mountain_0_1:(0.243, 0.925, -0.292);Ground_Mountain_0_1:(0.243, 0.925, -0.292);Ground_Mountain_0_1:(0.243, 0.925, -0.292);Ground_Mountain_0_1:(0.243, 0.925, -0.292);"
3.500,222.081,890.789,114.411,-97.462,14.863,-13.293,6.592,-1.250,0.397,0.000,-0.323,4,16.280,2.610,0.852,"Ground_Mountain_0_1:(0.588, 0.765, -0.263);Ground_Mountain_0_1:(0.588, 0.765, -0.263);Ground_Mountain_0_1:(0.588, 0.765, -0.263);Ground_Mountain_0_1:(0.588, 0.765, -0.263);Ground_Mountain_0_1:(0.432, 0.856, -0.286);Ground_Mountain_0_1:(0.432, 0.856, -0.286);Ground_Mountain_0_1:(0.432, 0.856, -0.286);Ground_Mountain_0_1:(0.432, 0.856, -0.286);Ground_Mountain_0_1:(0.432, 0.856, -0.286);Ground_Mountain_0_1:(0.432, 0.856, -0.286);"
3.520,221.802,890.536,114.541,-97.494,14.848,-13.134,6.807,-1.554,0.568,0.000,-0.344,4,14.878,11.733,0.832,"Ground_Mountain_0_1:(0.588, 0.765, -0.263);Ground_Mountain_0_1:(0.588, 0.765, -0.263);Ground_Mountain_0_1:(0.588, 0.765, -0.263);Ground_Mountain_0_1:(0.588, 0.765, -0.263);Ground_Mountain_0_1:(0.588, 0.765, -0.263);Ground_Mountain_0_1:(0.588, 0.765, -0.263);Ground_Mountain_0_1:(0.439, 0.855, -0.278);Ground_Mountain_0_1:(0.439, 0.855, -0.278);Ground_Mountain_0_1:(0.439, 0.855, -0.278);Ground_Mountain_0_1:(0.439, 0.855, -0.278);Ground_Mountain_0_1:(0.439, 0.855, -0.278);Ground_Mountain_0_1:(0.439, 0.855, -0.278);"
3.540,221.517,890.285,114.679,-97.531,14.847,-12.931,7.088,-1.928,0.576,0.000,-0.360,4,18.057,11.483,0.817,"Ground_Mountain_0_1:(0.588, 0.765, -0.263);Ground_Mountain_0_1:(0.588, 0.765, -0.263);Ground_Mountain_0_1:(0.588, 0.765, -0.263);Ground_Mountain_0_1:(0.588, 0.765, -0.263);Ground_Mountain_0_1:(0.588, 0.765, -0.263);Ground_Mountain_0_1:(0.588, 0.765, -0.263);Ground_Mountain_0_1:(0.432, 0.856, -0.286);Ground_Mountain_0_1:(0.432, 0.856, -0.286);Ground_Mountain_0_1:(0.432, 0.856, -0.286);Ground_Mountain_0_1:(0.432, 0.856, -0.286);Ground_Mountain_0_1:(0.432, 0.856, -0.286);Ground_Mountain_0_1:(0.432, 0.856, -0.286);"
3.560,221.228,890.035,114.820,-97.575,14.876,-12.833,7.240,-2.237,0.576,0.000,-0.402,4,18.488,8.884,0.805,"Ground_Mountain_0_1:(0.587, 0.765, -0.263);Ground_Mountain_0_1:(0.587, 0.765, -0.263);Ground_Mountain_0_1:(0.587, 0.765, -0.263);Ground_Mountain_0_1:(0.587, 0.765, -0.263);Ground_Mountain_0_1:(0.587, 0.765, -0.263);Ground_Mountain_0_1:(0.587, 0.765, -0.263);Ground_Mountain_0_1:(0.432, 0.856, -0.286);Ground_Mountain_0_1:(0.432, 0.856, -0.286);Ground_Mountain_0_1:(0.432, 0.856, -0.286);Ground_Mountain_0_1:(0.432, 0.856, -0.286);Ground_Mountain_0_1:(0.432, 0.856, -0.286);Ground_Mountain_0_1:(0.432, 0.856, -0.286);"
3.580,220.612,889.836,115.005,-97.641,14.820,-12.750,7.359,-2.555,0.562,0.000,-0.407,4,19.390,7.868,0.785,"Ground_Mountain_0_1:(0.523, 0.805, -0.281);Ground_Mountain_0_1:(0.523, 0.805, -0.281);Ground_Mountain_0_1:(0.462, 0.603, -0.650);Ground_Mountain_0_1:(0.523, 0.805, -0.281);Ground_Mountain_0_1:(0.523, 0.805, -0.281);Ground_Mountain_0_1:(0.523, 0.805, -0.281);Ground_Mountain_0_1:(0.424, 0.857, -0.294);Ground_Mountain_0_1:(0.424, 0.857, -0.294);Ground_Mountain_0_1:(0.424, 0.857, -0.294);Ground_Mountain_0_1:(0.424, 0.857, -0.294);"
3.600,220.349,889.635,115.189,-97.712,14.729,-12.201,7.923,-3.271,0.590,0.000,-0.382,4,22.020,7.621,0.762,"Ground_Mountain_0_1:(0.424, 0.857, -0.294);Ground_Mountain_0_1:(0.424, 0.857, -0.294);Ground_Mountain_0_1:(0.424, 0.857, -0.294);Ground_Mountain_0_1:(0.424, 0.857, -0.294);Ground_Mountain_0_1:(0.587, 0.775, -0.234);Ground_Mountain_0_1:(0.587, 0.775, -0.234);Ground_Mountain_0_1:(0.462, 0.603, -0.650);Ground_Mountain_0_1:(0.587, 0.775, -0.234);Ground_Mountain_0_1:(0.587, 0.775, -0.234);Ground_Mountain_0_1:(0.587, 0.775, -0.234);"
3.620,220.082,889.390,115.347,-97.793,14.772,-12.112,7.862,-3.714,0.636,0.000,-0.339,3,13.722,4.361,0.766,"Ground_Mountain_0_1:(0.424, 0.857, -0.294);Ground_Mountain_0_1:(0.424, 0.857, -0.294);Ground_Mountain_0_1:(0.424, 0.857, -0.294);Ground_Mountain_0_1:(0.424, 0.857, -0.294);Ground_Mountain_0_1:(0.588, 0.765, -0.263);Ground_Mountain_0_1:(0.588, 0.765, -0.263);Ground_Mountain_0_1:(0.588, 0.765, -0.263);Ground_Mountain_0_1:(0.588, 0.765, -0.263);Ground_Mountain_0_1:(0.635, 0.762, -0.126);Ground_Mountain_0_1:(0.635, 0.762, -0.126);Ground_Mountain_0_1:(0.635, 0.762, -0.126);Ground_Mountain_0_1:(0.635, 0.762, -0.126);Ground_Mountain_0_1:(0.635, 0.762, -0.126);Ground_Mountain_0_1:(0.635, 0.762, -0.126);"
3.640,219.785,889.216,115.570,-97.891,14.745,-12.040,7.778,-4.131,0.614,0.000,-0.349,3,11.980,4.558,0.787,"Ground_Mountain_0_1:(0.588, 0.765, -0.263);Ground_Mountain_0_1:(0.588, 0.765, -0.263);Ground_Mountain_0_1:(0.588, 0.765, -0.263);Ground_Mountain_0_1:(0.588, 0.765, -0.263);Ground_Mountain_0_1:(0.588, 0.765, -0.263);Ground_Mountain_0_1:(0.588, 0.765, -0.263);Ground_Mountain_0_1:(0.424, 0.857, -0.294);Ground_Mountain_0_1:(0.424, 0.857, -0.294);Ground_Mountain_0_1:(0.424, 0.857, -0.294);Ground_Mountain_0_1:(0.462, 0.603, -0.650);Ground_Mountain_0_1:(0.462, 0.603, -0.650);Ground_Mountain_0_1:(0.462, 0.603, -0.650);"
3.660,219.522,889.047,115.794,-98.011,14.709,-12.050,7.613,-4.482,0.628,0.000,-0.216,2,5.710,2.186,0.795,"Ground_Mountain_0_1:(0.588, 0.765, -0.263);Ground_Mountain_0_1:(0.588, 0.765, -0.263);Ground_Mountain_0_1:(0.588, 0.765, -0.263);Ground_Mountain_0_1:(0.588, 0.765, -0.263);Ground_Mountain_0_1:(0.588, 0.765, -0.263);Ground_Mountain_0_1:(0.588, 0.765, -0.263);Ground_Mountain_0_1:(0.426, 0.598, -0.678);Ground_Mountain_0_1:(0.462, 0.603, -0.650);Ground_Mountain_0_1:(0.462, 0.603, -0.650);"
3.680,218.725,888.803,115.946,-98.106,14.593,-12.018,7.451,-4.474,0.645,0.000,-0.015,1,2.358,0.953,0.806,"Ground_Mountain_0_1:(0.588, 0.765, -0.263);Ground_Mountain_0_1:(0.588, 0.765, -0.263);Ground_Mountain_0_1:(0.588, 0.765, -0.263);Ground_Mountain_0_1:(0.588, 0.765, -0.263);"
3.700,218.453,888.608,116.127,-98.231,14.340,-11.993,7.280,-4.469,0.703,0.000,-0.034,1,1.718,0.945,0.800,"Ground_Mountain_0_1:(0.587, 0.765, -0.264);Ground_Mountain_0_1:(0.587, 0.765, -0.264);Ground_Mountain_0_1:(0.587, 0.765, -0.264);Ground_Mountain_0_1:(0.587, 0.765, -0.264);Ground_Mountain_0_1:(0.462, 0.603, -0.650);Ground_Mountain_0_1:(0.462, 0.603, -0.650);"
3.720,218.217,888.382,116.289,-98.344,14.203,-11.970,7.105,-4.464,0.830,0.000,0.022,1,1.505,0.942,0.812,"Ground_Mountain_0_1:(0.587, 0.765, -0.264);Ground_Mountain_0_1:(0.587, 0.765, -0.264);Ground_Mountain_0_1:(0.587, 0.765, -0.264);Ground_Mountain_0_1:(0.462, 0.603, -0.650);"
3.740,217.956,888.140,116.432,-98.441,14.085,-11.965,6.906,-4.462,0.898,0.000,0.040,0,0.000,0.920,0.823,"Ground_Mountain_0_1:(0.587, 0.765, -0.264);Ground_Mountain_0_1:(0.587, 0.765, -0.264);Ground_Mountain_0_1:(0.587, 0.765, -0.264);Ground_Mountain_0_1:(0.426, 0.598, -0.678);Ground_Mountain_0_1:(0.426, 0.598, -0.678);"
3.760,217.279,887.897,116.569,-98.536,13.965,-11.961,6.707,-4.460,0.957,0.000,0.024,0,0.000,0.919,0.833,"Ground_Mountain_0_1:(0.587, 0.765, -0.264);Ground_Mountain_0_1:(0.587, 0.765, -0.264);Ground_Mountain_0_1:(0.587, 0.765, -0.264);Ground_Mountain_0_1:(0.462, 0.603, -0.650);Ground_Mountain_0_1:(-0.261, 0.913, -0.314);Ground_Mountain_0_1:(-0.261, 0.913, -0.314);Ground_Mountain_0_1:(-0.261, 0.913, -0.314);"
3.780,217.059,887.655,116.701,-98.631,13.845,-11.956,6.508,-4.459,1.000,0.000,0.008,0,0.000,0.922,0.842,"Ground_Mountain_0_1:(0.587, 0.765, -0.263);Ground_Mountain_0_1:(0.587, 0.765, -0.263);Ground_Mountain_0_1:(0.587, 0.765, -0.263);Ground_Mountain_0_1:(0.462, 0.603, -0.650);Ground_Mountain_0_1:(-0.261, 0.913, -0.314);Ground_Mountain_0_1:(-0.261, 0.913, -0.314);"
3.800,216.837,887.412,116.830,-98.726,13.725,-11.951,6.309,-4.457,1.000,0.000,-0.007,0,0.000,0.926,0.851,"Ground_Mountain_0_1:(0.426, 0.598, -0.678);Ground_Mountain_0_1:(0.587, 0.765, -0.264);Ground_Mountain_0_1:(0.587, 0.765, -0.264);Ground_Mountain_0_1:(0.587, 0.765, -0.264);Ground_Mountain_0_1:(-0.261, 0.913, -0.314);Ground_Mountain_0_1:(-0.261, 0.913, -0.314);"
3.820,216.614,887.169,116.954,-98.822,13.605,-11.946,6.111,-4.455,1.000,0.000,-0.022,0,0.000,0.932,0.859,""
3.840,216.391,886.927,117.075,-98.917,13.486,-11.941,5.912,-4.453,1.000,0.000,-0.037,0,0.000,0.939,0.866,""
3.860,216.166,886.684,117.191,-99.011,13.368,-11.937,5.714,-4.451,1.000,0.000,-0.051,0,0.000,0.948,0.873,""
3.880,215.748,886.441,117.303,-99.106,13.251,-11.932,5.515,-4.450,1.000,0.000,-0.060,0,0.000,0.957,0.879,""
3.900,215.542,886.199,117.411,-99.201,13.136,-11.927,5.317,-4.448,1.000,0.000,-0.072,0,0.000,0.968,0.884,""
3.920,215.336,885.956,117.514,-99.296,13.023,-11.922,5.119,-4.446,1.000,0.000,-0.084,0,0.000,0.979,0.889,""
3.940,215.128,885.714,117.614,-99.390,12.912,-11.918,4.920,-4.444,1.000,0.000,-0.094,0,0.000,0.991,0.893,""
3.960,214.918,885.472,117.709,-99.484,12.804,-11.913,4.722,-4.443,1.000,0.000,-0.143,0,0.000,1.004,0.897,""
3.980,214.708,885.229,117.801,-99.579,12.698,-11.908,4.524,-4.441,1.000,0.000,-0.154,0,0.000,1.017,0.900,""
4.000,214.496,884.987,117.888,-99.673,12.594,-11.903,4.326,-4.439,1.000,0.000,-0.164,0,0.000,1.030,0.902,""
4.020,214.056,884.745,117.971,-99.767,12.494,-11.899,4.129,-4.437,1.000,0.000,-0.160,0,0.000,1.044,0.904,""
4.040,213.847,884.503,118.050,-99.861,12.397,-11.894,3.931,-4.435,1.000,0.000,-0.168,0,0.000,1.059,0.905,""
4.060,213.636,884.261,118.125,-99.954,12.303,-11.889,3.733,-4.434,1.000,0.000,-0.173,0,0.000,1.073,0.906,""
4.080,213.424,884.019,118.196,-100.048,12.213,-11.884,3.535,-4.432,1.000,0.000,-0.178,0,0.000,1.087,0.907,"Mountain trunk:(0.982, 0.000, -0.188);"
4.100,213.211,883.778,118.263,-100.141,12.126,-11.880,3.338,-4.430,1.000,0.000,-0.182,0,0.000,1.101,0.907,"Mountain trunk:(0.641, 0.000, -0.767);"
4.120,212.533,883.552,118.324,-100.248,11.925,-11.273,3.140,-5.147,1.000,0.000,-0.157,0,0.000,1.115,0.903,"Mountain trunk:(0.642, 0.000, -0.767);"
4.140,212.322,883.356,118.382,-100.377,11.475,-10.038,3.062,-6.225,1.000,0.000,-0.136,0,0.000,1.391,0.891,"Mountain trunk:(0.667, 0.000, -0.745);"
4.160,212.131,883.197,118.435,-100.529,11.035,-8.904,2.963,-7.087,1.000,0.000,-0.104,0,0.000,1.877,0.870,"Mountain trunk:(0.716, 0.000, -0.699);"
4.180,211.963,883.233,118.457,-100.669,5.098,-0.074,1.740,-6.538,1.000,0.000,-0.071,0,0.000,2.323,0.831,"Mountain trunk:(1.000, 0.000, 0.000);Mountain trunk:(1.000, 0.000, 0.000);"
4.200,211.960,883.245,118.477,-100.807,5.166,-0.074,1.544,-6.535,1.000,0.000,-0.430,0,0.000,3.124,0.792,"Mountain trunk:(1.000, 0.000, 0.000);Mountain trunk:(1.000, 0.000, 0.000);"
4.220,211.935,883.256,118.492,-100.945,5.231,-0.074,1.347,-6.532,1.000,0.000,-0.527,0,0.000,3.181,0.750,"Mountain trunk:(1.000, 0.000, 0.000);Mountain trunk:(1.000, 0.000, 0.000);"
4.240,211.909,883.267,118.503,-101.082,5.293,-0.074,1.150,-6.530,1.000,0.000,-0.614,0,0.000,3.230,0.706,"Mountain trunk:(0.805, 0.000, -0.593);"
4.260,211.880,883.277,118.509,-101.217,5.353,-0.074,0.954,-6.527,1.000,0.000,-0.687,0,0.000,3.271,0.661,""
4.280,211.850,883.286,118.511,-101.352,5.412,-0.074,0.757,-6.524,1.000,0.000,-0.746,0,0.000,3.304,0.614,""
4.300,211.818,883.294,118.509,-101.485,5.469,-0.074,0.561,-6.522,1.000,0.000,-0.793,0,0.000,3.329,0.567,""
4.320,211.784,883.302,118.503,-101.618,5.526,-0.074,0.364,-6.519,1.000,0.000,-0.829,0,0.000,3.346,0.518,""
4.340,211.749,883.309,118.493,-101.749,5.583,-0.074,0.168,-6.517,1.000,0.000,-0.857,0,0.000,3.355,0.470,""
4.360,211.712,883.315,118.478,-101.880,5.641,-0.074,-0.028,-6.514,1.000,0.000,-0.877,0,0.000,3.358,0.422,""
4.380,211.673,883.321,118.461,-102.010,5.699,-0.074,-0.224,-6.511,1.000,0.000,-0.890,0,0.000,3.354,0.374,""
4.400,211.632,883.326,118.439,-102.139,5.758,-0.074,-0.420,-6.509,1.000,0.000,-0.898,0,0.000,3.344,0.327,""
4.420,211.589,883.330,118.414,-102.267,5.819,-0.074,-0.616,-6.506,1.000,0.000,-0.902,0,0.000,3.328,0.280,""
4.440,211.545,883.334,118.385,-102.395,5.882,-0.074,-0.812,-6.504,1.000,0.000,-0.904,0,0.000,3.306,0.235,""
4.460,211.500,883.337,118.352,-102.522,5.947,-0.074,-1.008,-6.501,1.000,0.000,-0.903,0,0.000,3.279,0.191,""
4.480,211.453,883.340,118.316,-102.649,6.014,-0.074,-1.204,-6.498,1.000,0.000,-0.900,0,0.000,3.248,0.148,""
4.500,211.404,883.342,118.276,-102.775,6.083,-0.073,-1.399,-6.496,1.000,0.000,-0.896,0,0.000,3.213,0.106,""
4.520,211.354,883.344,118.233,-102.900,6.156,-0.073,-1.595,-6.493,1.000,0.000,-0.891,0,0.000,3.174,0.066,""
4.540,211.302,883.345,118.187,-103.025,6.231,-0.073,-1.790,-6.491,1.000,0.000,-0.886,0,0.000,3.132,0.028,""
4.560,211.249,883.346,118.137,-103.150,6.309,-0.073,-1.986,-6.488,1.000,0.000,-0.880,0,0.000,3.087,-0.009,""
4.580,211.194,883.347,118.083,-103.274,6.390,-0.073,-2.181,-6.485,1.000,0.000,-0.874,0,0.000,3.040,-0.044,""
4.600,211.138,883.347,118.026,-103.398,6.474,-0.073,-2.376,-6.483,1.000,0.000,-0.868,0,0.000,2.991,-0.077,""
4.620,211.080,883.347,117.966,-103.522,6.561,-0.073,-2.571,-6.480,1.000,0.000,-0.863,0,0.000,2.939,-0.109,""
4.640,211.021,883.346,117.903,-103.645,6.652,-0.073,-2.767,-6.478,1.000,0.000,-0.857,0,0.000,2.887,-0.139,""
4.660,210.961,883.346,117.835,-103.768,6.746,-0.073,-2.962,-6.475,1.000,0.000,-0.852,0,0.000,2.833,-0.167,""
4.680,210.899,883.345,117.765,-103.891,6.844,-0.073,-3.157,-6.472,1.000,0.000,-0.847,0,0.000,2.779,-0.193,""
4.700,210.836,883.343,117.691,-104.014,6.944,-0.073,-3.351,-6.470,1.000,0.000,-0.843,0,0.000,2.724,-0.218,""
4.720,210.772,883.342,117.614,-104.136,7.049,-0.073,-3.546,-6.467,1.000,0.000,-0.838,0,0.000,2.668,-0.241,""
4.740,210.706,883.340,117.533,-104.259,7.156,-0.073,-3.741,-6.465,1.000,0.000,-0.834,0,0.000,2.613,-0.262,""
4.760,210.639,883.339,117.449,-104.381,7.267,-0.073,-3.935,-6.462,1.000,0.000,-0.831,0,0.000,2.558,-0.282,""
4.780,210.571,883.337,117.361,-104.503,7.381,-0.073,-4.130,-6.460,1.000,0.000,-0.827,0,0.000,2.503,-0.300,""
4.800,210.501,883.335,117.270,-104.625,7.498,-0.073,-4.324,-6.457,1.000,0.000,-0.824,0,0.000,2.448,-0.316,""
4.820,210.430,883.333,117.175,-104.747,7.619,-0.073,-4.519,-6.454,1.000,0.000,-0.822,0,0.000,2.395,-0.331,""
4.840,210.358,883.330,117.077,-104.869,7.742,-0.073,-4.713,-6.452,1.000,0.000,-0.842,0,0.000,2.342,-0.345,""
4.860,210.284,883.328,116.976,-104.991,7.869,-0.073,-4.907,-6.449,1.000,0.000,-0.839,0,0.000,2.290,-0.357,""
4.880,210.209,883.326,116.871,-105.113,7.999,-0.073,-5.102,-6.447,1.000,0.000,-0.837,0,0.000,2.239,-0.367,""
4.900,210.133,883.323,116.762,-105.235,8.132,-0.073,-5.296,-6.444,1.000,0.000,-0.835,0,0.000,2.189,-0.376,""
4.920,209.401,883.321,116.650,-105.357,8.267,-0.073,-5.490,-6.441,1.000,0.000,-0.791,0,0.000,2.141,-0.384,""
4.940,209.320,883.318,116.535,-105.478,8.405,-0.073,-5.684,-6.439,1.000,0.000,-0.790,0,0.000,2.093,-0.391,""
4.960,209.238,883.315,116.416,-105.600,8.546,-0.073,-5.877,-6.436,1.000,0.000,-0.789,0,0.000,2.047,-0.396,""
4.980,209.154,883.313,116.293,-105.722,8.689,-0.073,-6.071,-6.434,1.000,0.000,-0.789,0,0.000,2.003,-0.400,""
5.000,209.070,883.310,116.167,-105.844,8.835,-0.073,-6.265,-6.431,1.000,0.000,-0.788,0,0.000,1.960,-0.403,""
5.020,208.984,883.307,116.037,-105.965,8.983,-0.073,-6.459,-6.429,1.000,0.000,-0.788,0,0.000,1.919,-0.405,""
5.040,208.897,883.304,115.904,-106.087,9.133,-0.073,-6.652,-6.426,1.000,0.000,-0.788,0,0.000,1.879,-0.405,""
5.060,208.808,883.301,115.768,-106.209,9.284,-0.073,-6.846,-6.423,1.000,0.000,-0.788,0,0.000,1.840,-0.405,""
5.080,208.719,883.298,115.627,-106.331,9.438,-0.073,-7.039,-6.421,1.000,0.000,-0.788,0,0.000,1.803,-0.403,""
5.100,208.628,883.295,115.483,-106.452,9.592,-0.073,-7.232,-6.418,1.000,0.000,-0.788,0,0.000,1.768,-0.400,""
5.120,208.536,883.293,115.336,-106.574,9.748,-0.073,-7.425,-6.416,1.000,0.000,-0.802,0,0.000,1.734,-0.397,""
5.140,208.442,883.289,115.185,-106.696,9.905,-0.073,-7.619,-6.413,1.000,0.000,-0.802,0,0.000,1.702,-0.392,""
5.160,208.348,883.286,115.030,-106.818,10.063,-0.073,-7.812,-6.411,1.000,0.000,-0.802,0,0.000,1.671,-0.386,""
5.180,208.252,883.283,114.872,-106.940,10.221,-0.072,-8.005,-6.408,1.000,0.000,-0.801,0,0.000,1.642,-0.380,""
5.200,208.155,883.280,114.710,-107.062,10.379,-0.072,-8.198,-6.405,1.000,0.000,-0.800,0,0.000,1.614,-0.372,""
5.220,208.056,883.277,114.545,-107.184,10.537,-0.072,-8.390,-6.403,1.000,0.000,-0.799,0,0.000,1.587,-0.364,""
5.240,207.957,883.274,114.376,-107.306,10.695,-0.072,-8.583,-6.400,1.000,0.000,-0.798,0,0.000,1.562,-0.354,""
5.260,207.856,883.271,114.203,-107.428,10.852,-0.072,-8.776,-6.398,1.000,0.000,-0.796,0,0.000,1.538,-0.344,""
5.280,207.754,883.267,114.027,-107.550,11.007,-0.072,-8.968,-6.395,1.000,0.000,-0.794,0,0.000,1.515,-0.333,""
5.300,207.650,883.264,113.847,-107.672,11.162,-0.072,-9.161,-6.393,1.000,0.000,-0.792,0,0.000,1.494,-0.321,""
5.320,207.545,883.261,113.663,-107.794,11.314,-0.072,-9.353,-6.390,1.000,0.000,-0.788,0,0.000,1.473,-0.308,""
5.340,207.439,883.257,113.476,-107.917,11.464,-0.072,-9.546,-6.388,1.000,0.000,-0.785,0,0.000,1.453,-0.295,""
5.360,207.332,883.254,113.285,-108.039,11.611,-0.072,-9.738,-6.385,1.000,0.000,-0.780,0,0.000,1.435,-0.280,""
5.380,206.519,883.250,113.091,-108.161,11.755,-0.072,-9.930,-6.382,1.000,0.000,-0.765,0,0.000,1.417,-0.265,""
5.400,206.408,883.246,112.893,-108.284,11.895,-0.072,-10.123,-6.380,1.000,0.000,-0.760,0,0.000,1.400,-0.249,""
5.420,206.295,883.243,112.691,-108.406,12.031,-0.072,-10.315,-6.377,1.000,0.000,-0.755,0,0.000,1.384,-0.233,""
5.440,206.182,883.239,112.486,-108.529,12.163,-0.072,-10.507,-6.375,1.000,0.000,-0.748,0,0.000,1.368,-0.215,""
5.460,206.067,883.235,112.277,-108.652,12.289,-0.072,-10.699,-6.372,1.000,0.000,-0.741,0,0.000,1.352,-0.197,""
5.480,205.951,883.231,112.065,-108.774,12.409,-0.072,-10.890,-6.370,1.000,0.000,-0.733,0,0.000,1.337,-0.178,""
5.500,205.833,883.227,111.848,-108.897,12.523,-0.072,-11.082,-6.367,1.000,0.000,-0.724,0,0.000,1.323,-0.159,""
5.520,205.714,883.223,111.629,-109.020,12.631,-0.072,-11.274,-6.365,1.000,0.000,-0.715,0,0.000,1.308,-0.139,""
5.540,205.594,883.218,111.405,-109.144,12.731,-0.072,-11.465,-6.362,1.000,0.000,-0.704,0,0.000,1.294,-0.118,""
5.560,205.473,883.214,111.178,-109.267,12.822,-0.072,-11.657,-6.359,1.000,0.000,-0.693,0,0.000,1.280,-0.097,""
5.580,205.350,883.209,110.947,-109.390,12.906,-0.072,-11.848,-6.357,1.000,0.000,-0.681,0,0.000,1.266,-0.075,""
5.600,205.226,883.205,110.712,-109.514,12.980,-0.072,-12.040,-6.354,1.000,0.000,-0.668,0,0.000,1.251,-0.053,""
5.620,205.101,883.200,110.474,-109.637,13.044,-0.072,-12.231,-6.352,1.000,0.000,-0.655,0,0.000,1.237,-0.030,""
5.640,204.974,883.195,110.232,-109.761,13.097,-0.072,-12.422,-6.349,1.000,0.000,-0.649,0,0.000,1.222,-0.007,""
5.660,204.846,883.190,109.987,-109.885,13.139,-0.072,-12.614,-6.347,1.000,0.000,-0.635,0,0.000,1.207,0.017,""
5.680,204.717,883.185,109.737,-110.009,13.170,-0.072,-12.805,-6.344,1.000,0.000,-0.621,0,0.000,1.191,0.041,""
5.700,204.586,883.180,109.484,-110.134,13.188,-0.072,-12.996,-6.342,1.000,0.000,-0.607,0,0.000,1.175,0.066,""
5.720,203.736,883.175,109.228,-110.258,13.194,-0.072,-13.187,-6.339,1.000,0.000,-0.584,0,0.000,1.158,0.091,""
5.740,203.603,883.170,108.967,-110.383,13.185,-0.072,-13.377,-6.337,1.000,0.000,-0.569,0,0.000,1.141,0.117,""
5.760,203.468,883.164,108.703,-110.507,13.163,-0.072,-13.568,-6.334,1.000,0.000,-0.555,0,0.000,1.123,0.142,""
5.780,203.333,883.159,108.435,-110.633,13.125,-0.072,-13.759,-6.332,1.000,0.000,-0.541,0,0.000,1.104,0.168,""
5.800,203.196,883.153,108.164,-110.758,13.072,-0.072,-13.949,-6.329,1.000,0.000,-0.527,0,0.000,1.085,0.194,""
5.820,203.057,883.147,107.888,-110.883,13.004,-0.072,-14.140,-6.327,1.000,0.000,-0.513,0,0.000,1.064,0.221,""
5.840,202.917,883.141,107.609,-111.009,12.919,-0.072,-14.330,-6.324,1.000,0.000,-0.499,0,0.000,1.043,0.247,""
5.860,202.776,883.135,107.326,-111.135,12.817,-0.072,-14.521,-6.321,1.000,0.000,-0.487,0,0.000,1.021,0.274,""
5.880,202.634,883.129,107.039,-111.261,12.697,-0.071,-14.711,-6.319,1.000,0.000,-0.483,0,0.000,0.998,0.301,""
5.900,202.490,883.123,106.749,-111.387,12.560,-0.071,-14.901,-6.316,1.000,0.000,-0.472,0,0.000,0.975,0.328,""
5.920,202.345,883.116,106.454,-111.514,12.405,-0.071,-15.092,-6.314,1.000,0.000,-0.461,0,0.000,0.950,0.354,""
5.940,202.198,883.110,106.156,-111.641,12.231,-0.071,-15.282,-6.311,1.000,0.000,-0.450,0,0.000,0.925,0.381,""
5.960,202.050,883.103,105.854,-111.768,12.038,-0.071,-15.472,-6.309,1.000,0.000,-0.441,0,0.000,0.898,0.408,""
5.980,201.901,883.097,105.548,-111.895,11.826,-0.071,-15.662,-6.306,1.000,0.000,-0.432,0,0.000,0.871,0.434,""
6.000,201.050,883.090,105.239,-112.023,11.595,-0.071,-15.851,-6.304,1.000,0.000,-0.413,0,0.000,0.843,0.460,""
6.020,200.900,883.083,104.925,-112.151,11.345,-0.071,-16.041,-6.301,1.000,0.000,-0.405,0,0.000,0.815,0.486,""
6.040,200.748,883.076,104.608,-112.279,11.075,-0.071,-16.231,-6.299,1.000,0.000,-0.398,0,0.000,0.786,0.512,""
6.060,200.596,883.069,104.286,-112.407,10.785,-0.071,-16.421,-6.296,1.000,0.000,-0.392,0,0.000,0.756,0.537,""
6.080,200.441,883.062,103.961,-112.536,10.476,-0.071,-16.610,-6.294,1.000,0.000,-0.387,0,0.000,0.726,0.562,""
6.100,200.286,883.055,103.632,-112.664,10.148,-0.071,-16.800,-6.291,1.000,0.000,-0.382,0,0.000,0.696,0.586,""
6.120,200.129,883.048,103.299,-112.793,9.800,-0.071,-16.989,-6.289,1.000,0.000,-0.379,0,0.000,0.666,0.610,""
6.140,199.972,883.041,102.962,-112.923,9.434,-0.071,-17.178,-6.286,1.000,0.000,-0.376,0,0.000,0.635,0.633,""
6.160,199.812,883.034,102.621,-113.052,9.048,-0.071,-17.368,-6.284,1.000,0.000,-0.374,0,0.000,0.606,0.656,""
6.180,199.652,883.027,102.276,-113.182,8.644,-0.071,-17.557,-6.281,1.000,0.000,-0.374,0,0.000,0.577,0.679,""
6.200,199.490,883.020,101.927,-113.312,8.223,-0.071,-17.746,-6.279,1.000,0.000,-0.374,0,0.000,0.549,0.700,""
6.220,199.327,883.012,101.574,-113.442,7.783,-0.071,-17.935,-6.276,1.000,0.000,-0.375,0,0.000,0.523,0.721,""
6.240,198.464,883.005,101.217,-113.573,7.327,-0.071,-18.124,-6.274,1.000,0.000,-0.373,0,0.000,0.499,0.741,""
6.260,198.301,882.998,100.857,-113.703,6.855,-0.071,-18.313,-6.271,1.000,0.000,-0.376,0,0.000,0.477,0.760,""
6.280,198.136,882.991,100.492,-113.834,6.366,-0.071,-18.501,-6.269,1.000,0.000,-0.368,0,0.000,0.458,0.779,""
6.300,197.970,882.984,100.123,-113.965,5.863,-0.071,-18.690,-6.266,1.000,0.000,-0.372,0,0.000,0.443,0.797,""
6.320,197.804,882.977,99.750,-114.096,5.345,-0.071,-18.879,-6.264,1.000,0.000,-0.378,0,0.000,0.433,0.814,""
6.340,197.636,882.970,99.373,-114.227,4.814,-0.071,-19.067,-6.261,1.000,0.000,-0.385,0,0.000,0.427,0.830,""
6.360,197.467,882.963,98.992,-114.359,4.271,-0.071,-19.256,-6.259,1.000,0.000,-0.401,0,0.000,0.426,0.845,""
6.380,197.297,882.957,98.607,-114.490,3.716,-0.071,-19.444,-6.256,1.000,0.000,-0.405,0,0.000,0.430,0.859,""
6.400,197.125,882.950,98.219,-114.622,3.149,-0.071,-19.633,-6.254,1.000,0.000,-0.408,0,0.000,0.439,0.873,""
6.420,196.953,882.944,97.826,-114.754,2.573,-0.071,-19.821,-6.251,1.000,0.000,-0.413,0,0.000,0.453,0.885,""
6.440,196.108,882.937,97.429,-114.886,1.989,-0.071,-20.009,-6.249,1.000,0.000,-0.398,0,0.000,0.471,0.897,""
6.460,195.937,882.931,97.028,-115.018,1.396,-0.071,-20.197,-6.246,1.000,0.000,-0.402,0,0.000,0.493,0.907,""
6.480,195.764,882.925,96.623,-115.150,0.796,-0.071,-20.385,-6.244,1.000,0.000,-0.407,0,0.000,0.518,0.917,""
6.500,195.591,882.919,96.214,-115.282,0.191,-0.071,-20.573,-6.241,1.000,0.000,-0.413,0,0.000,0.546,0.926,""
6.520,195.416,882.913,95.801,-115.414,-0.420,-0.071,-20.761,-6.239,1.000,0.000,-0.418,0,0.000,0.576,0.934,""
6.540,195.241,882.908,95.384,-115.546,-1.034,-0.071,-20.949,-6.236,1.000,0.000,-0.441,0,0.000,0.607,0.941,""
6.560,195.064,882.902,94.963,-115.678,-1.651,-0.071,-21.137,-6.234,1.000,0.000,-0.452,0,0.000,0.639,0.947,""
6.580,194.887,882.897,94.538,-115.810,-2.270,-0.070,-21.324,-6.231,1.000,0.000,-0.464,0,0.000,0.672,0.952,""
6.600,194.709,882.843,94.159,-115.944,-4.941,-0.572,-18.650,-5.456,1.000,0.000,-0.474,0,0.000,0.706,0.933,"Mountain trunk:(-0.167, 0.952, 0.257);Mountain trunk:(-0.167, 0.952, 0.257);Mountain trunk:(-0.167, 0.952, 0.257);"
6.620,194.502,882.805,93.777,-116.068,-6.511,-0.705,-18.774,-5.454,1.000,0.000,-0.601,0,0.000,5.368,0.908,"Mountain trunk:(-0.902, 0.432, 0.000);"
6.640,193.662,882.770,93.389,-116.192,-7.897,-0.705,-18.963,-5.452,1.000,0.000,-0.651,0,0.000,3.545,0.875,"Mountain trunk:(-1.000, 0.000, 0.000);Mountain trunk:(-1.000, 0.000, 0.000);Mountain trunk:(-1.000, 0.000, 0.000);Mountain trunk:(-1.000, 0.000, 0.000);"
6.660,193.475,882.736,92.994,-116.317,-9.193,-0.705,-19.151,-5.450,1.000,0.000,-0.717,0,0.000,3.576,0.835,"Mountain trunk:(-1.000, 0.000, 0.000);Mountain trunk:(-1.000, 0.000, 0.000);Mountain trunk:(-1.000, 0.000, 0.000);"
6.680,193.287,882.704,92.594,-116.441,-10.389,-0.704,-19.340,-5.448,1.000,0.000,-0.745,0,0.000,3.683,0.788,"Mountain trunk:(-1.000, 0.000, 0.000);Mountain trunk:(-1.000, 0.000, 0.000);Mountain trunk:(-1.000, 0.000, 0.000);"
6.700,193.100,882.674,92.189,-116.566,-11.475,-0.704,-19.528,-5.446,1.000,0.000,-0.714,0,0.000,3.778,0.736,"Mountain trunk:(-1.000, 0.000, 0.000);Mountain trunk:(-1.000, 0.000, 0.000);Mountain trunk:(-1.000, 0.000, 0.000);"
6.720,192.914,882.646,91.779,-116.690,-12.445,-0.704,-19.717,-5.443,1.000,0.000,-0.582,0,0.000,3.859,0.678,"Mountain trunk:(-0.973, 0.000, -0.229);"
6.740,192.728,882.621,91.363,-116.813,-13.294,-0.703,-19.905,-5.441,1.000,0.000,-0.422,0,0.000,3.926,0.616,"Mountain trunk:(-0.925, 0.000, -0.381);"
6.760,192.543,882.598,90.943,-116.936,-14.018,-0.703,-20.093,-5.439,1.000,0.000,-0.266,0,0.000,3.980,0.551,""
6.780,192.359,882.576,90.519,-117.058,-14.617,-0.703,-20.281,-5.437,1.000,0.000,-0.142,0,0.000,4.019,0.484,""
6.800,192.175,882.557,90.090,-117.180,-15.089,-0.703,-20.469,-5.435,1.000,0.000,-0.052,0,0.000,4.045,0.415,""
6.820,191.427,882.540,89.657,-117.301,-15.437,-0.702,-20.657,-5.432,1.000,0.000,-0.004,0,0.000,4.057,0.345,""
6.840,191.250,882.524,89.221,-117.421,-15.663,-0.702,-20.845,-5.430,1.000,0.000,0.033,0,0.000,4.057,0.275,""
6.860,191.075,882.511,88.780,-117.541,-15.771,-0.702,-21.033,-5.428,1.000,0.000,0.056,0,0.000,4.044,0.205,""
6.880,190.900,882.499,88.337,-117.659,-15.764,-0.701,-21.220,-5.426,1.000,0.000,0.070,0,0.000,4.020,0.136,""
6.900,190.726,882.487,87.897,-117.778,-15.330,-0.727,-21.092,-5.471,1.000,0.000,0.079,0,0.000,3.984,0.071,"Ground_Mountain_0_1:(-0.081, 0.986, -0.147);Ground_Mountain_0_1:(-0.081, 0.986, -0.147);"
6.920,190.554,882.463,87.588,-117.907,-9.522,-1.234,-14.967,-6.400,1.000,0.000,0.088,0,0.000,3.879,0.039,"Ground_Mountain_0_1:(-0.079, 0.986, -0.146);Ground_Mountain_0_1:(-0.079, 0.986, -0.146);Ground_Mountain_0_1:(-0.079, 0.986, -0.146);Ground_Mountain_0_1:(-0.079, 0.986, -0.146);Ground_Mountain_0_1:(-0.079, 0.986, -0.146);Ground_Mountain_0_1:(-0.079, 0.986, -0.146);"
6.940,190.395,882.433,87.328,-118.039,-6.745,-1.417,-12.867,-6.736,1.000,0.000,0.151,0,0.000,7.840,0.030,"Ground_Mountain_0_1:(-0.079, 0.986, -0.146);Ground_Mountain_0_1:(-0.079, 0.986, -0.146);Ground_Mountain_0_1:(-0.079, 0.986, -0.146);Ground_Mountain_0_1:(-0.079, 0.986, -0.146);Ground_Mountain_0_1:(-0.079, 0.986, -0.146);Ground_Mountain_0_1:(-0.079, 0.986, -0.146);"
6.960,190.240,882.381,87.223,-118.178,-4.823,-2.620,-5.035,-6.924,1.000,0.000,0.192,0,0.000,6.371,0.012,"Ground_Mountain_0_1:(-0.080, 0.986, -0.146);Ground_Mountain_0_1:(-0.080, 0.986, -0.146);Ground_Mountain_0_1:(-0.080, 0.986, -0.146);Ground_Mountain_0_1:(-0.080, 0.986, -0.146);Ground_Mountain_0_1:(-0.080, 0.986, -0.146);Ground_Mountain_0_1:(-0.080, 0.986, -0.146);"
6.980,190.099,882.322,87.172,-118.312,-4.129,-2.943,-2.059,-6.686,1.000,0.000,0.196,0,0.000,2.920,-0.021,"Ground_Mountain_0_1:(-0.080, 0.986, -0.146);Ground_Mountain_0_1:(-0.080, 0.986, -0.146);Ground_Mountain_0_1:(-0.080, 0.986, -0.146);Ground_Mountain_0_1:(-0.080, 0.986, -0.146);Ground_Mountain_0_1:(-0.080, 0.986, -0.146);Ground_Mountain_0_1:(-0.080, 0.986, -0.146);"
7.000,189.968,882.261,87.134,-118.444,-3.890,-3.088,-1.448,-6.592,1.000,0.000,0.195,0,0.000,2.912,-0.056,"Ground_Mountain_0_1:(-0.081, 0.986, -0.146);Ground_Mountain_0_1:(-0.081, 0.986, -0.146);Ground_Mountain_0_1:(-0.081, 0.986, -0.146);Ground_Mountain_0_1:(-0.081, 0.986, -0.146);Ground_Mountain_0_1:(-0.081, 0.986, -0.146);Ground_Mountain_0_1:(-0.081, 0.986, -0.146);"
7.020,189.839,882.199,87.096,-118.575,-3.794,-3.138,-1.350,-6.555,1.000,0.000,0.194,0,0.000,2.969,-0.092,"Ground_Mountain_0_1:(-0.080, 0.986, -0.146);Ground_Mountain_0_1:(-0.080, 0.986, -0.146);Ground_Mountain_0_1:(-0.080, 0.986, -0.146);Ground_Mountain_0_1:(-0.080, 0.986, -0.146);Ground_Mountain_0_1:(-0.080, 0.986, -0.146);Ground_Mountain_0_1:(-0.080, 0.986, -0.146);"
7.040,189.165,882.137,87.060,-118.706,-3.720,-3.173,-1.329,-6.527,1.000,0.000,0.193,0,0.000,2.977,-0.129,"Ground_Mountain_0_1:(-0.080, 0.986, -0.145);Ground_Mountain_0_1:(-0.080, 0.986, -0.145);Ground_Mountain_0_1:(-0.080, 0.986, -0.145);Ground_Mountain_0_1:(-0.080, 0.986, -0.145);Ground_Mountain_0_1:(-0.080, 0.986, -0.145);Ground_Mountain_0_1:(-0.080, 0.986, -0.145);"
7.060,189.034,882.073,87.031,-118.836,-3.630,-3.223,-1.228,-6.490,1.000,0.000,0.191,0,0.000,2.978,-0.144,"Ground_Mountain_0_1:(-0.080, 0.986, -0.145);Ground_Mountain_0_1:(-0.080, 0.986, -0.145);Ground_Mountain_0_1:(-0.080, 0.986, -0.145);Ground_Mountain_0_1:(-0.080, 0.986, -0.145);Ground_Mountain_0_1:(-0.080, 0.986, -0.145);Ground_Mountain_0_1:(-0.080, 0.986, -0.145);"
7.080,188.904,882.009,87.005,-118.965,-3.572,-3.254,-1.228,-6.464,1.000,0.000,0.190,0,0.000,2.360,-0.147,"Ground_Mountain_0_1:(-0.080, 0.986, -0.145);Ground_Mountain_0_1:(-0.080, 0.986, -0.145);Ground_Mountain_0_1:(-0.080, 0.986, -0.145);Ground_Mountain_0_1:(-0.080, 0.986, -0.145);Ground_Mountain_0_1:(-0.080, 0.986, -0.145);Ground_Mountain_0_1:(-0.080, 0.986, -0.145);"
7.100,188.774,881.944,86.981,-119.095,-3.552,-3.251,-1.235,-6.455,1.000,0.000,0.189,0,0.000,1.967,-0.146,"Ground_Mountain_0_1:(-0.079, 0.986, -0.144);Ground_Mountain_0_1:(-0.079, 0.986, -0.144);Ground_Mountain_0_1:(-0.079, 0.986, -0.144);Ground_Mountain_0_1:(-0.079, 0.986, -0.144);Ground_Mountain_0_1:(-0.079, 0.986, -0.144);Ground_Mountain_0_1:(-0.079, 0.986, -0.144);"
7.120,188.644,881.879,86.957,-119.224,-3.531,-3.248,-1.203,-6.445,1.000,0.000,0.189,0,0.000,1.846,-0.146,"Ground_Mountain_0_1:(-0.079, 0.986, -0.144);Ground_Mountain_0_1:(-0.079, 0.986, -0.144);Ground_Mountain_0_1:(-0.079, 0.986, -0.144);Ground_Mountain_0_1:(-0.079, 0.986, -0.144);Ground_Mountain_0_1:(-0.079, 0.986, -0.144);Ground_Mountain_0_1:(-0.079, 0.986, -0.144);"
7.140,188.514,881.815,86.934,-119.353,-3.515,-3.246,-1.187,-6.435,1.000,0.000,0.188,0,0.000,1.863,-0.146,"Ground_Mountain_0_1:(-0.078, 0.987, -0.143);Ground_Mountain_0_1:(-0.078, 0.987, -0.143);Ground_Mountain_0_1:(-0.078, 0.987, -0.143);Ground_Mountain_0_1:(-0.078, 0.987, -0.143);Ground_Mountain_0_1:(-0.078, 0.987, -0.143);Ground_Mountain_0_1:(-0.078, 0.987, -0.143);"
7.160,188.385,881.750,86.910,-119.482,-3.506,-3.243,-1.195,-6.426,1.000,0.000,0.187,0,0.000,1.863,-0.145,"Ground_Mountain_0_1:(-0.078, 0.987, -0.143);Ground_Mountain_0_1:(-0.078, 0.987, -0.143);Ground_Mountain_0_1:(-0.078, 0.987, -0.143);Ground_Mountain_0_1:(-0.078, 0.987, -0.143);Ground_Mountain_0_1:(-0.078, 0.987, -0.143);Ground_Mountain_0_1:(-0.078, 0.987, -0.143);"
7.180,188.255,881.685,86.886,-119.611,-3.503,-3.235,-1.197,-6.420,1.000,0.000,0.187,0,0.000,1.856,-0.144,"Ground_Mountain_0_1:(-0.078, 0.987, -0.143);Ground_Mountain_0_1:(-0.078, 0.987, -0.143);Ground_Mountain_0_1:(-0.078, 0.987, -0.143);Ground_Mountain_0_1:(-0.078, 0.987, -0.143);Ground_Mountain_0_1:(-0.078, 0.987, -0.143);Ground_Mountain_0_1:(-0.078, 0.987, -0.143);"
7.200,188.126,881.620,86.863,-119.739,-3.498,-3.231,-1.193,-6.411,1.000,0.000,0.186,0,0.000,1.858,-0.144,"Ground_Mountain_0_1:(-0.078, 0.987, -0.142);Ground_Mountain_0_1:(-0.078, 0.987, -0.142);Ground_Mountain_0_1:(-0.078, 0.987, -0.142);Ground_Mountain_0_1:(-0.078, 0.987, -0.142);Ground_Mountain_0_1:(-0.078, 0.987, -0.142);Ground_Mountain_0_1:(-0.078, 0.987, -0.142);"
7.220,187.997,881.556,86.839,-119.867,-3.495,-3.227,-1.196,-6.402,1.000,0.000,0.186,0,0.000,1.864,-0.143,"Ground_Mountain_0_1:(-0.078, 0.987, -0.142);Ground_Mountain_0_1:(-0.078, 0.987, -0.142);Ground_Mountain_0_1:(-0.078, 0.987, -0.142);Ground_Mountain_0_1:(-0.078, 0.987, -0.142);Ground_Mountain_0_1:(-0.078, 0.987, -0.142);Ground_Mountain_0_1:(-0.078, 0.987, -0.142);"
7.240,187.868,881.491,86.815,-119.995,-3.496,-3.219,-1.192,-6.395,1.000,0.000,0.185,0,0.000,1.876,-0.143,"Ground_Mountain_0_1:(-0.078, 0.987, -0.142);Ground_Mountain_0_1:(-0.078, 0.987, -0.142);Ground_Mountain_0_1:(-0.078, 0.987, -0.142);Ground_Mountain_0_1:(-0.078, 0.987, -0.142);Ground_Mountain_0_1:(-0.078, 0.987, -0.142);Ground_Mountain_0_1:(-0.078, 0.987, -0.142);"
7.260,187.740,881.427,86.792,-120.122,-3.497,-3.212,-1.187,-6.388,1.000,0.000,0.185,0,0.000,1.862,-0.142,"Ground_Mountain_0_1:(-0.078, 0.987, -0.141);Ground_Mountain_0_1:(-0.078, 0.987, -0.141);Ground_Mountain_0_1:(-0.078, 0.987, -0.141);Ground_Mountain_0_1:(-0.078, 0.987, -0.141);Ground_Mountain_0_1:(-0.078, 0.987, -0.141);Ground_Mountain_0_1:(-0.078, 0.987, -0.141);"
7.280,186.856,881.363,86.768,-120.250,-3.493,-3.209,-1.171,-6.378,1.000,0.000,0.185,0,0.000,1.867,-0.143,"Ground_Mountain_0_1:(-0.077, 0.987, -0.141);Ground_Mountain_0_1:(-0.077, 0.987, -0.141);Ground_Mountain_0_1:(-0.077, 0.987, -0.141);Ground_Mountain_0_1:(-0.077, 0.987, -0.141);Ground_Mountain_0_1:(-0.077, 0.987, -0.141);Ground_Mountain_0_1:(-0.077, 0.987, -0.141);"
7.300,186.727,881.298,86.745,-120.377,-3.489,-3.207,-1.165,-6.367,1.000,0.000,0.185,0,0.000,1.882,-0.143,"Ground_Mountain_0_1:(-0.077, 0.987, -0.141);Ground_Mountain_0_1:(-0.077, 0.987, -0.141);Ground_Mountain_0_1:(-0.077, 0.987, -0.141);Ground_Mountain_0_1:(-0.077, 0.987, -0.141);Ground_Mountain_0_1:(-0.077, 0.987, -0.141);Ground_Mountain_0_1:(-0.077, 0.987, -0.141);"
7.320,186.597,881.234,86.721,-120.504,-3.487,-3.203,-1.161,-6.358,1.000,0.000,0.184,0,0.000,1.891,-0.144,"Ground_Mountain_0_1:(-0.077, 0.987, -0.141);Ground_Mountain_0_1:(-0.077, 0.987, -0.141);Ground_Mountain_0_1:(-0.077, 0.987, -0.141);Ground_Mountain_0_1:(-0.077, 0.987, -0.141);Ground_Mountain_0_1:(-0.077, 0.987, -0.141);Ground_Mountain_0_1:(-0.077, 0.987, -0.141);"
7.340,186.467,881.170,86.698,-120.631,-3.490,-3.195,-1.155,-6.350,1.000,0.000,0.184,0,0.000,1.889,-0.144,"Ground_Mountain_0_1:(-0.076, 0.987, -0.140);Ground_Mountain_0_1:(-0.076, 0.987, -0.140);Ground_Mountain_0_1:(-0.076, 0.987, -0.140);Ground_Mountain_0_1:(-0.076, 0.987, -0.140);Ground_Mountain_0_1:(-0.076, 0.987, -0.140);Ground_Mountain_0_1:(-0.076, 0.987, -0.140);"
7.360,186.338,881.106,86.675,-120.757,-3.494,-3.186,-1.157,-6.344,1.000,0.000,0.183,0,0.000,1.872,-0.143,"Ground_Mountain_0_1:(-0.076, 0.987, -0.140);Ground_Mountain_0_1:(-0.076, 0.987, -0.140);Ground_Mountain_0_1:(-0.076, 0.987, -0.140);Ground_Mountain_0_1:(-0.076, 0.987, -0.140);Ground_Mountain_0_1:(-0.076, 0.987, -0.140);Ground_Mountain_0_1:(-0.076, 0.987, -0.140);"
7.380,186.209,881.043,86.652,-120.884,-3.497,-3.177,-1.160,-6.337,1.000,0.000,0.183,0,0.000,1.866,-0.143,"Ground_Mountain_0_1:(-0.077, 0.987, -0.140);Ground_Mountain_0_1:(-0.077, 0.987, -0.140);Ground_Mountain_0_1:(-0.077, 0.987, -0.140);Ground_Mountain_0_1:(-0.077, 0.987, -0.140);Ground_Mountain_0_1:(-0.077, 0.987, -0.140);Ground_Mountain_0_1:(-0.077, 0.987, -0.140);"
7.400,186.080,880.979,86.630,-121.010,-3.499,-3.168,-1.147,-6.329,1.000,0.000,0.183,0,0.000,1.866,-0.142,"Ground_Mountain_0_1:(-0.076, 0.987, -0.139);Ground_Mountain_0_1:(-0.076, 0.987, -0.139);Ground_Mountain_0_1:(-0.076, 0.987, -0.139);Ground_Mountain_0_1:(-0.076, 0.987, -0.139);Ground_Mountain_0_1:(-0.076, 0.987, -0.139);Ground_Mountain_0_1:(-0.076, 0.987, -0.139);"
7.420,185.952,880.916,86.607,-121.137,-3.504,-3.157,-1.152,-6.323,1.000,0.000,0.182,0,0.000,1.869,-0.142,"Ground_Mountain_0_1:(-0.076, 0.987, -0.139);Ground_Mountain_0_1:(-0.076, 0.987, -0.139);Ground_Mountain_0_1:(-0.076, 0.987, -0.139);Ground_Mountain_0_1:(-0.076, 0.987, -0.139);Ground_Mountain_0_1:(-0.076, 0.987, -0.139);Ground_Mountain_0_1:(-0.076, 0.987, -0.139);"
7.440,185.823,880.853,86.584,-121.263,-3.510,-3.145,-1.157,-6.318,1.000,0.000,0.182,0,0.000,1.863,-0.141,"Ground_Mountain_0_1:(-0.077, 0.987, -0.139);Ground_Mountain_0_1:(-0.077, 0.987, -0.139);Ground_Mountain_0_1:(-0.077, 0.987, -0.139);Ground_Mountain_0_1:(-0.077, 0.987, -0.139);Ground_Mountain_0_1:(-0.077, 0.987, -0.139);Ground_Mountain_0_1:(-0.077, 0.987, -0.139);"
7.460,185.695,880.790,86.562,-121.389,-3.511,-3.136,-1.141,-6.310,1.000,0.000,0.181,0,0.000,1.854,-0.140,"Ground_Mountain_0_1:(-0.076, 0.987, -0.138);Ground_Mountain_0_1:(-0.076, 0.987, -0.138);Ground_Mountain_0_1:(-0.076, 0.987, -0.138);Ground_Mountain_0_1:(-0.076, 0.987, -0.138);Ground_Mountain_0_1:(-0.076, 0.987, -0.138);Ground_Mountain_0_1:(-0.076, 0.987, -0.138);"
7.480,184.763,880.727,86.539,-121.515,-3.511,-3.130,-1.139,-6.301,1.000,0.000,0.182,0,0.000,1.865,-0.140,"Ground_Mountain_0_1:(-0.076, 0.987, -0.138);Ground_Mountain_0_1:(-0.076, 0.987, -0.138);Ground_Mountain_0_1:(-0.076, 0.987, -0.138);Ground_Mountain_0_1:(-0.076, 0.987, -0.138);Ground_Mountain_0_1:(-0.076, 0.987, -0.138);Ground_Mountain_0_1:(-0.076, 0.987, -0.138);"
7.500,184.634,880.665,86.517,-121.641,-3.509,-3.126,-1.134,-6.292,1.000,0.000,0.181,0,0.000,1.874,-0.140,"Ground_Mountain_0_1:(-0.076, 0.987, -0.138);Ground_Mountain_0_1:(-0.076, 0.987, -0.138);Ground_Mountain_0_1:(-0.076, 0.987, -0.138);Ground_Mountain_0_1:(-0.076, 0.987, -0.138);Ground_Mountain_0_1:(-0.076, 0.987, -0.138);Ground_Mountain_0_1:(-0.076, 0.987, -0.138);"
7.520,184.505,880.602,86.494,-121.766,-3.507,-3.120,-1.122,-6.282,1.000,0.000,0.181,0,0.000,1.876,-0.140,"Ground_Mountain_0_1:(-0.076, 0.988, -0.138);Ground_Mountain_0_1:(-0.076, 0.988, -0.138);Ground_Mountain_0_1:(-0.076, 0.988, -0.138);Ground_Mountain_0_1:(-0.076, 0.988, -0.138);Ground_Mountain_0_1:(-0.076, 0.988, -0.138);Ground_Mountain_0_1:(-0.076, 0.988, -0.138);"
7.540,184.376,880.540,86.472,-121.891,-3.504,-3.115,-1.104,-6.271,1.000,0.000,0.181,0,0.000,1.880,-0.140,"Ground_Mountain_0_1:(-0.075, 0.988, -0.136);Ground_Mountain_0_1:(-0.075, 0.988, -0.136);Ground_Mountain_0_1:(-0.075, 0.988, -0.136);Ground_Mountain_0_1:(-0.075, 0.988, -0.136);Ground_Mountain_0_1:(-0.075, 0.988, -0.136);Ground_Mountain_0_1:(-0.075, 0.988, -0.136);"
7.560,184.248,880.478,86.450,-122.017,-3.508,-3.106,-1.117,-6.265,1.000,0.000,0.180,0,0.000,1.881,-0.140,"Ground_Mountain_0_1:(-0.076, 0.988, -0.137);Ground_Mountain_0_1:(-0.076, 0.988, -0.137);Ground_Mountain_0_1:(-0.076, 0.988, -0.137);Ground_Mountain_0_1:(-0.076, 0.988, -0.137);Ground_Mountain_0_1:(-0.076, 0.988, -0.137);Ground_Mountain_0_1:(-0.076, 0.988, -0.137);"
7.580,184.120,880.416,86.428,-122.142,-3.512,-3.095,-1.120,-6.258,1.000,0.000,0.180,0,0.000,1.868,-0.139,"Ground_Mountain_0_1:(-0.076, 0.988, -0.137);Ground_Mountain_0_1:(-0.076, 0.988, -0.137);Ground_Mountain_0_1:(-0.076, 0.988, -0.137);Ground_Mountain_0_1:(-0.076, 0.988, -0.137);Ground_Mountain_0_1:(-0.076, 0.988, -0.137);Ground_Mountain_0_1:(-0.076, 0.988, -0.137);"
7.600,183.992,880.354,86.406,-122.267,-3.519,-3.081,-1.118,-6.253,1.000,0.000,0.180,0,0.000,1.860,-0.138,"Ground_Mountain_0_1:(-0.076, 0.988, -0.137);Ground_Mountain_0_1:(-0.076, 0.988, -0.137);Ground_Mountain_0_1:(-0.076, 0.988, -0.137);Ground_Mountain_0_1:(-0.076, 0.988, -0.137);Ground_Mountain_0_1:(-0.076, 0.988, -0.137);Ground_Mountain_0_1:(-0.076, 0.988, -0.137);"
7.620,183.864,880.292,86.385,-122.391,-3.523,-3.068,-1.109,-6.247,1.000,0.000,0.179,0,0.000,1.854,-0.137,"Ground_Mountain_0_1:(-0.076, 0.988, -0.136);Ground_Mountain_0_1:(-0.076, 0.988, -0.136);Ground_Mountain_0_1:(-0.076, 0.988, -0.136);Ground_Mountain_0_1:(-0.076, 0.988, -0.136);Ground_Mountain_0_1:(-0.076, 0.988, -0.136);Ground_Mountain_0_1:(-0.076, 0.988, -0.136);"
7.640,183.737,880.231,86.363,-122.516,-3.528,-3.056,-1.110,-6.241,1.000,0.000,0.179,0,0.000,1.858,-0.137,"Ground_Mountain_0_1:(-0.076, 0.988, -0.136);Ground_Mountain_0_1:(-0.076, 0.988, -0.136);Ground_Mountain_0_1:(-0.076, 0.988, -0.136);Ground_Mountain_0_1:(-0.076, 0.988, -0.136);Ground_Mountain_0_1:(-0.076, 0.988, -0.136);Ground_Mountain_0_1:(-0.076, 0.988, -0.136);"
7.660,183.610,880.170,86.341,-122.641,-3.531,-3.045,-1.104,-6.234,1.000,0.000,0.178,0,0.000,1.859,-0.136,"Ground_Mountain_0_1:(-0.076, 0.988, -0.136);Ground_Mountain_0_1:(-0.076, 0.988, -0.136);Ground_Mountain_0_1:(-0.076, 0.988, -0.136);Ground_Mountain_0_1:(-0.076, 0.988, -0.136);Ground_Mountain_0_1:(-0.076, 0.988, -0.136);Ground_Mountain_0_1:(-0.076, 0.988, -0.136);"
7.680,183.483,880.109,86.319,-122.765,-3.529,-3.039,-1.100,-6.225,1.000,0.000,0.178,0,0.000,1.864,-0.136,"Ground_Mountain_0_1:(-0.076, 0.988, -0.136);Ground_Mountain_0_1:(-0.076, 0.988, -0.136);Ground_Mountain_0_1:(-0.076, 0.988, -0.136);Ground_Mountain_0_1:(-0.076, 0.988, -0.136);Ground_Mountain_0_1:(-0.076, 0.988, -0.136);Ground_Mountain_0_1:(-0.076, 0.988, -0.136);"
7.700,182.576,880.048,86.297,-122.889,-3.526,-3.034,-1.097,-6.215,1.000,0.000,0.179,0,0.000,1.874,-0.136,"Ground_Mountain_0_1:(-0.076, 0.988, -0.136);Ground_Mountain_0_1:(-0.076, 0.988, -0.136);Ground_Mountain_0_1:(-0.076, 0.988, -0.136);Ground_Mountain_0_1:(-0.076, 0.988, -0.136);Ground_Mountain_0_1:(-0.076, 0.988, -0.136);Ground_Mountain_0_1:(-0.076, 0.988, -0.136);"
7.720,182.449,879.988,86.276,-123.013,-3.524,-3.029,-1.087,-6.205,1.000,0.000,0.178,0,0.000,1.876,-0.136,"Ground_Mountain_0_1:(-0.074, 0.988, -0.135);Ground_Mountain_0_1:(-0.074, 0.988, -0.135);Ground_Mountain_0_1:(-0.074, 0.988, -0.135);Ground_Mountain_0_1:(-0.074, 0.988, -0.135);Ground_Mountain_0_1:(-0.074, 0.988, -0.135);Ground_Mountain_0_1:(-0.074, 0.988, -0.135);"
7.740,182.321,879.927,86.255,-123.137,-3.520,-3.023,-1.067,-6.194,1.000,0.000,0.178,0,0.000,1.875,-0.136,"Ground_Mountain_0_1:(-0.074, 0.988, -0.135);Ground_Mountain_0_1:(-0.074, 0.988, -0.135);Ground_Mountain_0_1:(-0.074, 0.988, -0.135);Ground_Mountain_0_1:(-0.074, 0.988, -0.135);Ground_Mountain_0_1:(-0.074, 0.988, -0.135);Ground_Mountain_0_1:(-0.074, 0.988, -0.135);"
7.760,182.194,879.867,86.234,-123.260,-3.519,-3.015,-1.058,-6.185,1.000,0.000,0.178,0,0.000,1.880,-0.136,"Ground_Mountain_0_1:(-0.073, 0.988, -0.134);Ground_Mountain_0_1:(-0.073, 0.988, -0.134);Ground_Mountain_0_1:(-0.073, 0.988, -0.134);Ground_Mountain_0_1:(-0.073, 0.988, -0.134);Ground_Mountain_0_1:(-0.073, 0.988, -0.134);Ground_Mountain_0_1:(-0.073, 0.988, -0.134);"
7.780,182.067,879.806,86.213,-123.384,-3.524,-3.003,-1.062,-6.178,1.000,0.000,0.177,0,0.000,1.872,-0.135,"Ground_Mountain_0_1:(-0.073, 0.988, -0.134);Ground_Mountain_0_1:(-0.073, 0.988, -0.134);Ground_Mountain_0_1:(-0.073, 0.988, -0.134);Ground_Mountain_0_1:(-0.073, 0.988, -0.134);Ground_Mountain_0_1:(-0.073, 0.988, -0.134);Ground_Mountain_0_1:(-0.073, 0.988, -0.134);"
7.800,181.940,879.747,86.192,-123.507,-3.527,-2.992,-1.062,-6.171,1.000,0.000,0.177,0,0.000,1.858,-0.134,"Ground_Mountain_0_1:(-0.073, 0.988, -0.133);Ground_Mountain_0_1:(-0.073, 0.988, -0.133);Ground_Mountain_0_1:(-0.073, 0.988, -0.133);Ground_Mountain_0_1:(-0.073, 0.988, -0.133);Ground_Mountain_0_1:(-0.073, 0.988, -0.133);Ground_Mountain_0_1:(-0.073, 0.988, -0.133);"
7.820,181.814,879.687,86.171,-123.630,-3.528,-2.981,-1.057,-6.162,1.000,0.000,0.177,0,0.000,1.858,-0.134,"Ground_Mountain_0_1:(-0.073, 0.988, -0.133);Ground_Mountain_0_1:(-0.073, 0.988, -0.133);Ground_Mountain_0_1:(-0.073, 0.988, -0.133);Ground_Mountain_0_1:(-0.073, 0.988, -0.133);Ground_Mountain_0_1:(-0.073, 0.988, -0.133);Ground_Mountain_0_1:(-0.073, 0.988, -0.133);"
7.840,181.687,879.627,86.149,-123.753,-3.528,-2.973,-1.063,-6.154,1.000,0.000,0.176,0,0.000,1.860,-0.133,"Ground_Mountain_0_1:(-0.073, 0.988, -0.133);Ground_Mountain_0_1:(-0.073, 0.988, -0.133);Ground_Mountain_0_1:(-0.073, 0.988, -0.133);Ground_Mountain_0_1:(-0.073, 0.988, -0.133);Ground_Mountain_0_1:(-0.073, 0.988, -0.133);Ground_Mountain_0_1:(-0.073, 0.988, -0.133);"
7.860,181.561,879.568,86.128,-123.876,-3.528,-2.965,-1.061,-6.145,1.000,0.000,0.176,0,0.000,1.865,-0.133,"Ground_Mountain_0_1:(-0.073, 0.988, -0.133);Ground_Mountain_0_1:(-0.073, 0.988, -0.133);Ground_Mountain_0_1:(-0.073, 0.988, -0.133);Ground_Mountain_0_1:(-0.073, 0.988, -0.133);Ground_Mountain_0_1:(-0.073, 0.988, -0.133);Ground_Mountain_0_1:(-0.073, 0.988, -0.133);"
7.880,181.436,879.508,86.107,-123.999,-3.528,-2.956,-1.055,-6.136,1.000,0.000,0.175,0,0.000,1.868,-0.132,"Ground_Mountain_0_1:(-0.073, 0.988, -0.133);Ground_Mountain_0_1:(-0.073, 0.988, -0.133);Ground_Mountain_0_1:(-0.073, 0.988, -0.133);Ground_Mountain_0_1:(-0.073, 0.988, -0.133);Ground_Mountain_0_1:(-0.073, 0.988, -0.133);Ground_Mountain_0_1:(-0.073, 0.988, -0.133);"
7.900,180.542,879.449,86.086,-124.121,-3.525,-2.949,-1.051,-6.126,1.000,0.000,0.176,0,0.000,1.864,-0.132,"Ground_Mountain_0_1:(-0.072, 0.989, -0.132);Ground_Mountain_0_1:(-0.072, 0.989, -0.132);Ground_Mountain_0_1:(-0.072, 0.989, -0.132);Ground_Mountain_0_1:(-0.072, 0.989, -0.132);Ground_Mountain_0_1:(-0.072, 0.989, -0.132);Ground_Mountain_0_1:(-0.072, 0.989, -0.132);"
7.920,180.416,879.390,86.066,-124.243,-3.518,-2.948,-1.041,-6.113,1.000,0.000,0.176,0,0.000,1.872,-0.132,"Ground_Mountain_0_1:(-0.073, 0.989, -0.132);Ground_Mountain_0_1:(-0.073, 0.989, -0.132);Ground_Mountain_0_1:(-0.073, 0.989, -0.132);Ground_Mountain_0_1:(-0.073, 0.989, -0.132);Ground_Mountain_0_1:(-0.073, 0.989, -0.132);Ground_Mountain_0_1:(-0.073, 0.989, -0.132);"
7.940,180.290,879.331,86.045,-124.365,-3.512,-2.946,-1.038,-6.101,1.000,0.000,0.175,0,0.000,1.886,-0.132,"Ground_Mountain_0_1:(-0.072, 0.989, -0.132);Ground_Mountain_0_1:(-0.072, 0.989, -0.132);Ground_Mountain_0_1:(-0.072, 0.989, -0.132);Ground_Mountain_0_1:(-0.072, 0.989, -0.132);Ground_Mountain_0_1:(-0.072, 0.989, -0.132);Ground_Mountain_0_1:(-0.072, 0.989, -0.132);"
7.960,180.164,879.274,86.027,-124.479,-3.089,-2.898,-0.946,-5.618,1.000,0.000,0.175,0,0.000,1.888,-0.129,"Mountain trunk:(0.000, 0.000, 1.000);Mountain trunk:(0.000, 0.000, 1.000);Ground_Mountain_0_1:(-0.072, 0.989, -0.132);Ground_Mountain_0_1:(-0.072, 0.989, -0.132);Ground_Mountain_0_1:(-0.072, 0.989, -0.132);Ground_Mountain_0_1:(-0.072, 0.989, -0.132);Ground_Mountain_0_1:(-0.072, 0.989, -0.132);Ground_Mountain_0_1:(-0.072, 0.989, -0.132);"
7.980,180.045,879.205,86.009,-124.574,-1.965,-3.478,-0.878,-4.674,1.000,0.000,0.173,0,0.000,1.785,-0.130,"Ground_Mountain_0_1:(-0.072, 0.989, -0.131);Ground_Mountain_0_1:(-0.072, 0.989, -0.131);Ground_Mountain_0_1:(-0.072, 0.989, -0.131);Ground_Mountain_0_1:(-0.072, 0.989, -0.131);Ground_Mountain_0_1:(-0.072, 0.989, -0.131);Ground_Mountain_0_1:(-0.072, 0.989, -0.131);Mountain trunk:(-0.553, 0.000, 0.833);"
8.000,179.930,879.124,85.993,-124.641,-0.362,-4.132,-0.744,-3.245,1.000,0.000,0.171,0,0.000,1.908,-0.132,"Ground_Mountain_0_1:(-0.072, 0.989, -0.131);Ground_Mountain_0_1:(-0.072, 0.989, -0.131);Ground_Mountain_0_1:(-0.072, 0.989, -0.131);Ground_Mountain_0_1:(-0.072, 0.989, -0.131);Ground_Mountain_0_1:(-0.072, 0.989, -0.131);Ground_Mountain_0_1:(-0.072, 0.989, -0.131);Mountain trunk:(-0.555, 0.000, 0.832);"
8.020,179.824,879.043,85.978,-124.707,-0.318,-4.119,-0.735,-3.237,1.000,0.000,0.166,0,0.000,1.951,-0.134,"Ground_Mountain_0_1:(-0.071, 0.989, -0.131);Ground_Mountain_0_1:(-0.071, 0.989, -0.131);Ground_Mountain_0_1:(-0.071, 0.989, -0.131);Ground_Mountain_0_1:(-0.071, 0.989, -0.131);Ground_Mountain_0_1:(-0.071, 0.989, -0.131);Ground_Mountain_0_1:(-0.071, 0.989, -0.131);Mountain trunk:(-1.000, 0.000, 0.000);Mountain trunk:(-1.000, 0.000, 0.000);Mountain trunk:(-1.000, 0.000, 0.000);"
8.040,179.718,878.962,85.964,-124.773,-0.280,-4.105,-0.731,-3.233,1.000,0.000,0.166,0,0.000,1.925,-0.135,"Ground_Mountain_0_1:(-0.072, 0.989, -0.131);Ground_Mountain_0_1:(-0.072, 0.989, -0.131);Ground_Mountain_0_1:(-0.072, 0.989, -0.131);Ground_Mountain_0_1:(-0.072, 0.989, -0.131);Ground_Mountain_0_1:(-0.072, 0.989, -0.131);Ground_Mountain_0_1:(-0.072, 0.989, -0.131);Mountain trunk:(-1.000, 0.000, 0.000);Mountain trunk:(-1.000, 0.000, 0.000);Mountain trunk:(-1.000, 0.000, 0.000);"
8.060,179.613,878.882,85.949,-124.840,-0.252,-4.088,-0.737,-3.233,1.000,0.000,0.165,0,0.000,1.914,-0.136,"Ground_Mountain_0_1:(-0.073, 0.989, -0.130);Ground_Mountain_0_1:(-0.073, 0.989, -0.130);Ground_Mountain_0_1:(-0.073, 0.989, -0.130);Ground_Mountain_0_1:(-0.073, 0.989, -0.130);Ground_Mountain_0_1:(-0.073, 0.989, -0.130);Ground_Mountain_0_1:(-0.073, 0.989, -0.130);Mountain trunk:(-1.000, 0.000, 0.000);Mountain trunk:(-1.000, 0.000, 0.000);Mountain trunk:(-1.000, 0.000, 0.000);"
8.080,179.508,878.801,85.934,-124.906,-0.226,-4.071,-0.737,-3.233,1.000,0.000,0.165,0,0.000,1.894,-0.136,"Ground_Mountain_0_1:(-0.073, 0.989, -0.130);Ground_Mountain_0_1:(-0.073, 0.989, -0.130);Ground_Mountain_0_1:(-0.073, 0.989, -0.130);Ground_Mountain_0_1:(-0.073, 0.989, -0.130);Ground_Mountain_0_1:(-0.073, 0.989, -0.130);Ground_Mountain_0_1:(-0.073, 0.989, -0.130);"
8.100,179.403,878.721,85.920,-124.972,-0.204,-4.053,-0.736,-3.233,1.000,0.000,0.164,0,0.000,1.880,-0.135,"Ground_Mountain_0_1:(-0.072, 0.989, -0.130);Ground_Mountain_0_1:(-0.072, 0.989, -0.130);Ground_Mountain_0_1:(-0.072, 0.989, -0.130);Ground_Mountain_0_1:(-0.072, 0.989, -0.130);Ground_Mountain_0_1:(-0.072, 0.989, -0.130);Ground_Mountain_0_1:(-0.072, 0.989, -0.130);"
8.120,178.704,878.641,85.905,-125.038,-0.185,-4.035,-0.732,-3.233,1.000,0.000,0.164,0,0.000,1.864,-0.135,"Ground_Mountain_0_1:(-0.072, 0.989, -0.130);Ground_Mountain_0_1:(-0.072, 0.989, -0.130);Ground_Mountain_0_1:(-0.072, 0.989, -0.130);Ground_Mountain_0_1:(-0.072, 0.989, -0.130);Ground_Mountain_0_1:(-0.072, 0.989, -0.130);Ground_Mountain_0_1:(-0.072, 0.989, -0.130);"
8.140,178.600,878.562,85.891,-125.104,-0.168,-4.017,-0.725,-3.232,1.000,0.000,0.164,0,0.000,1.872,-0.135,"Ground_Mountain_0_1:(-0.071, 0.989, -0.129);Ground_Mountain_0_1:(-0.071, 0.989, -0.129);Ground_Mountain_0_1:(-0.071, 0.989, -0.129);Ground_Mountain_0_1:(-0.071, 0.989, -0.129);Ground_Mountain_0_1:(-0.071, 0.989, -0.129);Ground_Mountain_0_1:(-0.071, 0.989, -0.129);"
8.160,178.496,878.483,85.877,-125.169,-0.155,-3.999,-0.722,-3.232,1.000,0.000,0.163,0,0.000,1.878,-0.135,"Ground_Mountain_0_1:(-0.071, 0.989, -0.129);Ground_Mountain_0_1:(-0.071, 0.989, -0.129);Ground_Mountain_0_1:(-0.071, 0.989, -0.129);Ground_Mountain_0_1:(-0.071, 0.989, -0.129);Ground_Mountain_0_1:(-0.071, 0.989, -0.129);Ground_Mountain_0_1:(-0.071, 0.989, -0.129);"
8.180,178.392,878.404,85.862,-125.235,-0.144,-3.982,-0.721,-3.232,1.000,0.000,0.163,0,0.000,1.884,-0.135,"Ground_Mountain_0_1:(-0.071, 0.989, -0.129);Ground_Mountain_0_1:(-0.071, 0.989, -0.129);Ground_Mountain_0_1:(-0.071, 0.989, -0.129);Ground_Mountain_0_1:(-0.071, 0.989, -0.129);Ground_Mountain_0_1:(-0.071, 0.989, -0.129);Ground_Mountain_0_1:(-0.071, 0.989, -0.129);"
8.200,178.289,878.325,85.848,-125.300,-0.137,-3.963,-0.712,-3.231,1.000,0.000,0.163,0,0.000,1.885,-0.135,"Ground_Mountain_0_1:(-0.071, 0.989, -0.129);Ground_Mountain_0_1:(-0.071, 0.989, -0.129);Ground_Mountain_0_1:(-0.071, 0.989, -0.129);Ground_Mountain_0_1:(-0.071, 0.989, -0.129);Ground_Mountain_0_1:(-0.071, 0.989, -0.129);Ground_Mountain_0_1:(-0.071, 0.989, -0.129);"
8.220,178.186,878.247,85.834,-125.366,-0.133,-3.946,-0.712,-3.230,1.000,0.000,0.162,0,0.000,1.882,-0.135,"Ground_Mountain_0_1:(-0.072, 0.989, -0.129);Ground_Mountain_0_1:(-0.072, 0.989, -0.129);Ground_Mountain_0_1:(-0.072, 0.989, -0.129);Ground_Mountain_0_1:(-0.072, 0.989, -0.129);Ground_Mountain_0_1:(-0.072, 0.989, -0.129);Ground_Mountain_0_1:(-0.072, 0.989, -0.129);"
8.240,178.083,878.169,85.820,-125.431,-0.131,-3.929,-0.709,-3.230,1.000,0.000,0.162,0,0.000,1.882,-0.135,"Ground_Mountain_0_1:(-0.072, 0.989, -0.129);Ground_Mountain_0_1:(-0.072, 0.989, -0.129);Ground_Mountain_0_1:(-0.072, 0.989, -0.129);Ground_Mountain_0_1:(-0.072, 0.989, -0.129);Ground_Mountain_0_1:(-0.072, 0.989, -0.129);Ground_Mountain_0_1:(-0.072, 0.989, -0.129);"
8.260,177.981,878.091,85.806,-125.496,-0.132,-3.911,-0.701,-3.229,1.000,0.000,0.162,0,0.000,1.879,-0.135,"Ground_Mountain_0_1:(-0.071, 0.989, -0.128);Ground_Mountain_0_1:(-0.071, 0.989, -0.128);Ground_Mountain_0_1:(-0.071, 0.989, -0.128);Ground_Mountain_0_1:(-0.071, 0.989, -0.128);Ground_Mountain_0_1:(-0.071, 0.989, -0.128);Ground_Mountain_0_1:(-0.071, 0.989, -0.128);"
8.280,177.879,878.013,85.792,-125.560,-0.136,-3.893,-0.695,-3.228,1.000,0.000,0.162,0,0.000,1.878,-0.135,"Ground_Mountain_0_1:(-0.071, 0.989, -0.128);Ground_Mountain_0_1:(-0.071, 0.989, -0.128);Ground_Mountain_0_1:(-0.071, 0.989, -0.128);Ground_Mountain_0_1:(-0.071, 0.989, -0.128);Ground_Mountain_0_1:(-0.071, 0.989, -0.128);Ground_Mountain_0_1:(-0.071, 0.989, -0.128);"
8.300,177.777,877.936,85.778,-125.625,-0.143,-3.876,-0.699,-3.227,1.000,0.000,0.162,0,0.000,1.875,-0.135,"Ground_Mountain_0_1:(-0.071, 0.989, -0.128);Ground_Mountain_0_1:(-0.071, 0.989, -0.128);Ground_Mountain_0_1:(-0.071, 0.989, -0.128);Ground_Mountain_0_1:(-0.071, 0.989, -0.128);Ground_Mountain_0_1:(-0.071, 0.989, -0.128);Ground_Mountain_0_1:(-0.071, 0.989, -0.128);"
8.320,177.675,877.858,85.765,-125.690,-0.149,-3.860,-0.695,-3.224,1.000,0.000,0.162,0,0.000,1.863,-0.134,"Ground_Mountain_0_1:(-0.071, 0.989, -0.127);Ground_Mountain_0_1:(-0.071, 0.989, -0.127);Ground_Mountain_0_1:(-0.071, 0.989, -0.127);Ground_Mountain_0_1:(-0.071, 0.989, -0.127);Ground_Mountain_0_1:(-0.071, 0.989, -0.127);Ground_Mountain_0_1:(-0.071, 0.989, -0.127);"
8.340,177.574,877.781,85.751,-125.754,-0.158,-3.843,-0.692,-3.222,1.000,0.000,0.162,0,0.000,1.862,-0.134,"Ground_Mountain_0_1:(-0.070, 0.989, -0.127);Ground_Mountain_0_1:(-0.070, 0.989, -0.127);Ground_Mountain_0_1:(-0.070, 0.989, -0.127);Ground_Mountain_0_1:(-0.070, 0.989, -0.127);Ground_Mountain_0_1:(-0.070, 0.989, -0.127);Ground_Mountain_0_1:(-0.070, 0.989, -0.127);"
8.360,177.473,877.705,85.737,-125.818,-0.167,-3.827,-0.696,-3.220,1.000,0.000,0.162,0,0.000,1.864,-0.133,"Ground_Mountain_0_1:(-0.070, 0.989, -0.127);Ground_Mountain_0_1:(-0.070, 0.989, -0.127);Ground_Mountain_0_1:(-0.070, 0.989, -0.127);Ground_Mountain_0_1:(-0.070, 0.989, -0.127);Ground_Mountain_0_1:(-0.070, 0.989, -0.127);Ground_Mountain_0_1:(-0.070, 0.989, -0.127);"
8.380,177.372,877.629,85.723,-125.883,-0.174,-3.811,-0.698,-3.216,1.000,0.000,0.162,0,0.000,1.865,-0.133,"Ground_Mountain_0_1:(-0.071, 0.989, -0.127);Ground_Mountain_0_1:(-0.071, 0.989, -0.127);Ground_Mountain_0_1:(-0.071, 0.989, -0.127);Ground_Mountain_0_1:(-0.071, 0.989, -0.127);Ground_Mountain_0_1:(-0.071, 0.989, -0.127);Ground_Mountain_0_1:(-0.071, 0.989, -0.127);"
8.400,176.706,877.553,85.709,-125.947,-0.181,-3.796,-0.703,-3.213,1.000,0.000,0.163,0,0.000,1.872,-0.133,"Ground_Mountain_0_1:(-0.071, 0.989, -0.128);Ground_Mountain_0_1:(-0.071, 0.989, -0.128);Ground_Mountain_0_1:(-0.071, 0.989, -0.128);Ground_Mountain_0_1:(-0.071, 0.989, -0.128);Ground_Mountain_0_1:(-0.071, 0.989, -0.128);Ground_Mountain_0_1:(-0.071, 0.989, -0.128);"
8.420,176.606,877.477,85.696,-126.011,-0.190,-3.779,-0.691,-3.211,1.000,0.000,0.163,0,0.000,1.877,-0.132,"Ground_Mountain_0_1:(-0.071, 0.989, -0.127);Ground_Mountain_0_1:(-0.071, 0.989, -0.127);Ground_Mountain_0_1:(-0.071, 0.989, -0.127);Ground_Mountain_0_1:(-0.071, 0.989, -0.127);Ground_Mountain_0_1:(-0.071, 0.989, -0.127);Ground_Mountain_0_1:(-0.071, 0.989, -0.127);"
8.440,176.506,877.402,85.682,-126.075,-0.198,-3.763,-0.689,-3.208,1.000,0.000,0.163,0,0.000,1.873,-0.132,"Ground_Mountain_0_1:(-0.070, 0.989, -0.126);Ground_Mountain_0_1:(-0.070, 0.989, -0.126);Ground_Mountain_0_1:(-0.070, 0.989, -0.126);Ground_Mountain_0_1:(-0.070, 0.989, -0.126);Ground_Mountain_0_1:(-0.070, 0.989, -0.126);Ground_Mountain_0_1:(-0.070, 0.989, -0.126);"
8.460,176.407,877.327,85.668,-126.139,-0.204,-3.747,-0.679,-3.204,1.000,0.000,0.163,0,0.000,1.875,-0.132,"Ground_Mountain_0_1:(-0.070, 0.990, -0.126);Ground_Mountain_0_1:(-0.070, 0.990, -0.126);Ground_Mountain_0_1:(-0.070, 0.990, -0.126);Ground_Mountain_0_1:(-0.070, 0.990, -0.126);Ground_Mountain_0_1:(-0.070, 0.990, -0.126);Ground_Mountain_0_1:(-0.070, 0.990, -0.126);"
8.480,176.308,877.252,85.655,-126.203,-0.211,-3.731,-0.674,-3.201,1.000,0.000,0.163,0,0.000,1.883,-0.133,"Ground_Mountain_0_1:(-0.069, 0.990, -0.126);Ground_Mountain_0_1:(-0.069, 0.990, -0.126);Ground_Mountain_0_1:(-0.069, 0.990, -0.126);Ground_Mountain_0_1:(-0.069, 0.990, -0.126);Ground_Mountain_0_1:(-0.069, 0.990, -0.126);Ground_Mountain_0_1:(-0.069, 0.990, -0.126);"
8.500,176.209,877.178,85.641,-126.267,-0.220,-3.714,-0.671,-3.198,1.000,0.000,0.164,0,0.000,1.890,-0.133,"Ground_Mountain_0_1:(-0.069, 0.990, -0.126);Ground_Mountain_0_1:(-0.069, 0.990, -0.126);Ground_Mountain_0_1:(-0.069, 0.990, -0.126);Ground_Mountain_0_1:(-0.069, 0.990, -0.126);Ground_Mountain_0_1:(-0.069, 0.990, -0.126);Ground_Mountain_0_1:(-0.069, 0.990, -0.126);"
8.520,176.110,877.104,85.628,-126.331,-0.229,-3.697,-0.671,-3.196,1.000,0.000,0.164,0,0.000,1.881,-0.133,"Ground_Mountain_0_1:(-0.069, 0.990, -0.126);Ground_Mountain_0_1:(-0.069, 0.990, -0.126);Ground_Mountain_0_1:(-0.069, 0.990, -0.126);Ground_Mountain_0_1:(-0.069, 0.990, -0.126);Ground_Mountain_0_1:(-0.069, 0.990, -0.126);Ground_Mountain_0_1:(-0.069, 0.990, -0.126);"
8.540,176.012,877.031,85.614,-126.395,-0.238,-3.680,-0.669,-3.194,1.000,0.000,0.164,0,0.000,1.884,-0.134,"Ground_Mountain_0_1:(-0.069, 0.990, -0.126);Ground_Mountain_0_1:(-0.069, 0.990, -0.126);Ground_Mountain_0_1:(-0.069, 0.990, -0.126);Ground_Mountain_0_1:(-0.069, 0.990, -0.126);Ground_Mountain_0_1:(-0.069, 0.990, -0.126);Ground_Mountain_0_1:(-0.069, 0.990, -0.126);"
8.560,175.914,876.957,85.601,-126.459,-0.247,-3.663,-0.663,-3.192,1.000,0.000,0.164,0,0.000,1.893,-0.134,"Ground_Mountain_0_1:(-0.069, 0.990, -0.125);Ground_Mountain_0_1:(-0.069, 0.990, -0.125);Ground_Mountain_0_1:(-0.069, 0.990, -0.125);Ground_Mountain_0_1:(-0.069, 0.990, -0.125);Ground_Mountain_0_1:(-0.069, 0.990, -0.125);Ground_Mountain_0_1:(-0.069, 0.990, -0.125);"
8.580,175.816,876.884,85.588,-126.523,-0.253,-3.648,-0.666,-3.187,1.000,0.000,0.164,0,0.000,1.887,-0.134,"Ground_Mountain_0_1:(-0.070, 0.990, -0.125);Ground_Mountain_0_1:(-0.070, 0.990, -0.125);Ground_Mountain_0_1:(-0.070, 0.990, -0.125);Ground_Mountain_0_1:(-0.070, 0.990, -0.125);Ground_Mountain_0_1:(-0.070, 0.990, -0.125);Ground_Mountain_0_1:(-0.070, 0.990, -0.125);"
8.600,175.718,876.812,85.575,-126.586,-0.262,-3.631,-0.667,-3.185,1.000,0.000,0.164,0,0.000,1.888,-0.133,"Ground_Mountain_0_1:(-0.070, 0.990, -0.125);Ground_Mountain_0_1:(-0.070, 0.990, -0.125);Ground_Mountain_0_1:(-0.070, 0.990, -0.125);Ground_Mountain_0_1:(-0.070, 0.990, -0.125);Ground_Mountain_0_1:(-0.070, 0.990, -0.125);Ground_Mountain_0_1:(-0.070, 0.990, -0.125);"
8.620,175.621,876.739,85.562,-126.650,-0.273,-3.614,-0.670,-3.184,1.000,0.000,0.164,0,0.000,1.879,-0.133,"Ground_Mountain_0_1:(-0.070, 0.990, -0.125);Ground_Mountain_0_1:(-0.070, 0.990, -0.125);Ground_Mountain_0_1:(-0.070, 0.990, -0.125);Ground_Mountain_0_1:(-0.070, 0.990, -0.125);Ground_Mountain_0_1:(-0.070, 0.990, -0.125);Ground_Mountain_0_1:(-0.070, 0.990, -0.125);"
8.640,175.524,876.667,85.549,-126.714,-0.285,-3.595,-0.671,-3.184,1.000,0.000,0.164,0,0.000,1.865,-0.133,"Ground_Mountain_0_1:(-0.070, 0.990, -0.125);Ground_Mountain_0_1:(-0.070, 0.990, -0.125);Ground_Mountain_0_1:(-0.070, 0.990, -0.125);Ground_Mountain_0_1:(-0.070, 0.990, -0.125);Ground_Mountain_0_1:(-0.070, 0.990, -0.125);Ground_Mountain_0_1:(-0.070, 0.990, -0.125);"
8.660,175.427,876.596,85.536,-126.777,-0.297,-3.575,-0.667,-3.184,1.000,0.000,0.164,0,0.000,1.856,-0.132,"Ground_Mountain_0_1:(-0.070, 0.990, -0.125);Ground_Mountain_0_1:(-0.070, 0.990, -0.125);Ground_Mountain_0_1:(-0.070, 0.990, -0.125);Ground_Mountain_0_1:(-0.070, 0.990, -0.125);Ground_Mountain_0_1:(-0.070, 0.990, -0.125);Ground_Mountain_0_1:(-0.070, 0.990, -0.125);"
8.680,175.331,876.525,85.523,-126.841,-0.308,-3.557,-0.666,-3.184,1.000,0.000,0.164,0,0.000,1.858,-0.131,"Ground_Mountain_0_1:(-0.070, 0.990, -0.125);Ground_Mountain_0_1:(-0.070, 0.990, -0.125);Ground_Mountain_0_1:(-0.070, 0.990, -0.125);Ground_Mountain_0_1:(-0.070, 0.990, -0.125);Ground_Mountain_0_1:(-0.070, 0.990, -0.125);Ground_Mountain_0_1:(-0.070, 0.990, -0.125);"
8.700,174.777,876.454,85.510,-126.905,-0.319,-3.539,-0.664,-3.183,1.000,0.000,0.165,0,0.000,1.862,-0.131,"Ground_Mountain_0_1:(-0.070, 0.990, -0.125);Ground_Mountain_0_1:(-0.070, 0.990, -0.125);Ground_Mountain_0_1:(-0.070, 0.990, -0.125);Ground_Mountain_0_1:(-0.070, 0.990, -0.125);Ground_Mountain_0_1:(-0.070, 0.990, -0.125);Ground_Mountain_0_1:(-0.070, 0.990, -0.125);"
8.720,174.681,876.383,85.497,-126.968,-0.329,-3.520,-0.653,-3.181,1.000,0.000,0.165,0,0.000,1.865,-0.131,"Ground_Mountain_0_1:(-0.069, 0.990, -0.124);Ground_Mountain_0_1:(-0.069, 0.990, -0.124);Ground_Mountain_0_1:(-0.069, 0.990, -0.124);Ground_Mountain_0_1:(-0.069, 0.990, -0.124);Ground_Mountain_0_1:(-0.069, 0.990, -0.124);Ground_Mountain_0_1:(-0.069, 0.990, -0.124);"
8.740,174.585,876.313,85.484,-127.032,-0.336,-3.504,-0.654,-3.178,1.000,0.000,0.165,0,0.000,1.870,-0.131,"Ground_Mountain_0_1:(-0.069, 0.990, -0.124);Ground_Mountain_0_1:(-0.069, 0.990, -0.124);Ground_Mountain_0_1:(-0.069, 0.990, -0.124);Ground_Mountain_0_1:(-0.069, 0.990, -0.124);Ground_Mountain_0_1:(-0.069, 0.990, -0.124);Ground_Mountain_0_1:(-0.069, 0.990, -0.124);"
8.760,174.490,876.244,85.471,-127.095,-0.343,-3.489,-0.656,-3.174,1.000,0.000,0.165,0,0.000,1.877,-0.130,"Ground_Mountain_0_1:(-0.070, 0.990, -0.124);Ground_Mountain_0_1:(-0.070, 0.990, -0.124);Ground_Mountain_0_1:(-0.070, 0.990, -0.124);Ground_Mountain_0_1:(-0.070, 0.990, -0.124);Ground_Mountain_0_1:(-0.070, 0.990, -0.124);Ground_Mountain_0_1:(-0.070, 0.990, -0.124);"
8.780,174.395,876.174,85.458,-127.159,-0.352,-3.471,-0.637,-3.171,1.000,0.000,0.165,0,0.000,1.872,-0.130,"Ground_Mountain_0_1:(-0.069, 0.990, -0.123);Ground_Mountain_0_1:(-0.069, 0.990, -0.123);Ground_Mountain_0_1:(-0.069, 0.990, -0.123);Ground_Mountain_0_1:(-0.069, 0.990, -0.123);Ground_Mountain_0_1:(-0.069, 0.990, -0.123);Ground_Mountain_0_1:(-0.069, 0.990, -0.123);"
8.800,174.301,876.105,85.446,-127.222,-0.360,-3.454,-0.638,-3.169,1.000,0.000,0.165,0,0.000,1.881,-0.130,"Ground_Mountain_0_1:(-0.069, 0.990, -0.123);Ground_Mountain_0_1:(-0.069, 0.990, -0.123);Ground_Mountain_0_1:(-0.069, 0.990, -0.123);Ground_Mountain_0_1:(-0.069, 0.990, -0.123);Ground_Mountain_0_1:(-0.069, 0.990, -0.123);Ground_Mountain_0_1:(-0.069, 0.990, -0.123);"
8.820,174.206,876.036,85.433,-127.285,-0.368,-3.437,-0.634,-3.166,1.000,0.000,0.165,0,0.000,1.882,-0.130,"Ground_Mountain_0_1:(-0.069, 0.990, -0.123);Ground_Mountain_0_1:(-0.069, 0.990, -0.123);Ground_Mountain_0_1:(-0.069, 0.990, -0.123);Ground_Mountain_0_1:(-0.069, 0.990, -0.123);Ground_Mountain_0_1:(-0.069, 0.990, -0.123);Ground_Mountain_0_1:(-0.069, 0.990, -0.123);"
8.840,174.112,875.968,85.420,-127.349,-0.377,-3.420,-0.633,-3.163,1.000,0.000,0.165,0,0.000,1.877,-0.130,"Ground_Mountain_0_1:(-0.069, 0.990, -0.123);Ground_Mountain_0_1:(-0.069, 0.990, -0.123);Ground_Mountain_0_1:(-0.069, 0.990, -0.123);Ground_Mountain_0_1:(-0.069, 0.990, -0.123);Ground_Mountain_0_1:(-0.069, 0.990, -0.123);Ground_Mountain_0_1:(-0.069, 0.990, -0.123);"
8.860,174.018,875.900,85.408,-127.412,-0.386,-3.402,-0.625,-3.161,1.000,0.000,0.165,0,0.000,1.873,-0.130,"Ground_Mountain_0_1:(-0.069, 0.990, -0.122);Ground_Mountain_0_1:(-0.069, 0.990, -0.122);Ground_Mountain_0_1:(-0.069, 0.990, -0.122);Ground_Mountain_0_1:(-0.069, 0.990, -0.122);Ground_Mountain_0_1:(-0.069, 0.990, -0.122);Ground_Mountain_0_1:(-0.069, 0.990, -0.122);"
8.880,173.925,875.832,85.396,-127.475,-0.395,-3.385,-0.625,-3.158,1.000,0.000,0.165,0,0.000,1.868,-0.129,"Ground_Mountain_0_1:(-0.069, 0.990, -0.122);Ground_Mountain_0_1:(-0.069, 0.990, -0.122);Ground_Mountain_0_1:(-0.069, 0.990, -0.122);Ground_Mountain_0_1:(-0.069, 0.990, -0.122);Ground_Mountain_0_1:(-0.069, 0.990, -0.122);Ground_Mountain_0_1:(-0.069, 0.990, -0.122);"
8.900,173.832,875.765,85.383,-127.538,-0.402,-3.369,-0.624,-3.154,1.000,0.000,0.165,0,0.000,1.866,-0.129,"Ground_Mountain_0_1:(-0.069, 0.990, -0.122);Ground_Mountain_0_1:(-0.069, 0.990, -0.122);Ground_Mountain_0_1:(-0.069, 0.990, -0.122);Ground_Mountain_0_1:(-0.069, 0.990, -0.122);Ground_Mountain_0_1:(-0.069, 0.990, -0.122);Ground_Mountain_0_1:(-0.069, 0.990, -0.122);"
8.920,173.739,875.698,85.371,-127.601,-0.409,-3.353,-0.621,-3.150,1.000,0.000,0.166,0,0.000,1.867,-0.129,"Ground_Mountain_0_1:(-0.068, 0.990, -0.122);Ground_Mountain_0_1:(-0.068, 0.990, -0.122);Ground_Mountain_0_1:(-0.068, 0.990, -0.122);Ground_Mountain_0_1:(-0.068, 0.990, -0.122);Ground_Mountain_0_1:(-0.068, 0.990, -0.122);Ground_Mountain_0_1:(-0.068, 0.990, -0.122);"
8.940,173.646,875.631,85.359,-127.664,-0.413,-3.339,-0.628,-3.144,1.000,0.000,0.166,0,0.000,1.870,-0.128,"Ground_Mountain_0_1:(-0.068, 0.990, -0.122);Ground_Mountain_0_1:(-0.068, 0.990, -0.122);Ground_Mountain_0_1:(-0.068, 0.990, -0.122);Ground_Mountain_0_1:(-0.068, 0.990, -0.122);Ground_Mountain_0_1:(-0.068, 0.990, -0.122);Ground_Mountain_0_1:(-0.068, 0.990, -0.122);"
8.960,173.554,875.564,85.346,-127.727,-0.418,-3.325,-0.631,-3.138,1.000,0.000,0.166,0,0.000,1.883,-0.128,"Ground_Mountain_0_1:(-0.069, 0.990, -0.122);Ground_Mountain_0_1:(-0.069, 0.990, -0.122);Ground_Mountain_0_1:(-0.069, 0.990, -0.122);Ground_Mountain_0_1:(-0.069, 0.990, -0.122);Ground_Mountain_0_1:(-0.069, 0.990, -0.122);Ground_Mountain_0_1:(-0.069, 0.990, -0.122);"
8.980,173.462,875.498,85.333,-127.789,-0.424,-3.309,-0.625,-3.134,1.000,0.000,0.166,0,0.000,1.885,-0.128,"Ground_Mountain_0_1:(-0.069, 0.990, -0.122);Ground_Mountain_0_1:(-0.069, 0.990, -0.122);Ground_Mountain_0_1:(-0.069, 0.990, -0.122);Ground_Mountain_0_1:(-0.069, 0.990, -0.122);Ground_Mountain_0_1:(-0.069, 0.990, -0.122);Ground_Mountain_0_1:(-0.069, 0.990, -0.122);"
9.000,173.370,875.432,85.321,-127.852,-0.432,-3.292,-0.622,-3.130,1.000,0.000,0.166,0,0.000,1.883,-0.128,"Ground_Mountain_0_1:(-0.068, 0.990, -0.122);Ground_Mountain_0_1:(-0.068, 0.990, -0.122);Ground_Mountain_0_1:(-0.068, 0.990, -0.122);Ground_Mountain_0_1:(-0.068, 0.990, -0.122);Ground_Mountain_0_1:(-0.068, 0.990, -0.122);Ground_Mountain_0_1:(-0.068, 0.990, -0.122);"
9.020,172.947,875.367,85.309,-127.914,-0.440,-3.276,-0.619,-3.127,1.000,0.000,0.166,0,0.000,1.873,-0.127,"Ground_Mountain_0_1:(-0.068, 0.990, -0.121);Ground_Mountain_0_1:(-0.068, 0.990, -0.121);Ground_Mountain_0_1:(-0.068, 0.990, -0.121);Ground_Mountain_0_1:(-0.068, 0.990, -0.121);Ground_Mountain_0_1:(-0.068, 0.990, -0.121);Ground_Mountain_0_1:(-0.068, 0.990, -0.121);"
9.040,172.856,875.302,85.297,-127.977,-0.445,-3.260,-0.612,-3.122,1.000,0.000,0.166,0,0.000,1.865,-0.127,"Ground_Mountain_0_1:(-0.068, 0.990, -0.121);Ground_Mountain_0_1:(-0.068, 0.990, -0.121);Ground_Mountain_0_1:(-0.068, 0.990, -0.121);Ground_Mountain_0_1:(-0.068, 0.990, -0.121);Ground_Mountain_0_1:(-0.068, 0.990, -0.121);Ground_Mountain_0_1:(-0.068, 0.990, -0.121);"
9.060,172.765,875.237,85.284,-128.039,-0.450,-3.246,-0.611,-3.116,1.000,0.000,0.166,0,0.000,1.879,-0.127,"Ground_Mountain_0_1:(-0.068, 0.990, -0.121);Ground_Mountain_0_1:(-0.068, 0.990, -0.121);Ground_Mountain_0_1:(-0.068, 0.990, -0.121);Ground_Mountain_0_1:(-0.068, 0.990, -0.121);Ground_Mountain_0_1:(-0.068, 0.990, -0.121);Ground_Mountain_0_1:(-0.068, 0.990, -0.121);"
9.080,172.674,875.172,85.272,-128.101,-0.454,-3.230,-0.598,-3.110,1.000,0.000,0.166,0,0.000,1.886,-0.128,"Ground_Mountain_0_1:(-0.067, 0.990, -0.120);Ground_Mountain_0_1:(-0.067, 0.990, -0.120);Ground_Mountain_0_1:(-0.067, 0.990, -0.120);Ground_Mountain_0_1:(-0.067, 0.990, -0.120);Ground_Mountain_0_1:(-0.067, 0.990, -0.120);Ground_Mountain_0_1:(-0.067, 0.990, -0.120);"
9.100,172.584,875.108,85.260,-128.163,-0.462,-3.214,-0.602,-3.106,1.000,0.000,0.166,0,0.000,1.897,-0.128,"Ground_Mountain_0_1:(-0.068, 0.990, -0.120);Ground_Mountain_0_1:(-0.068, 0.990, -0.120);Ground_Mountain_0_1:(-0.068, 0.990, -0.120);Ground_Mountain_0_1:(-0.068, 0.990, -0.120);Ground_Mountain_0_1:(-0.068, 0.990, -0.120);Ground_Mountain_0_1:(-0.068, 0.990, -0.120);"
9.120,172.494,875.044,85.248,-128.225,-0.469,-3.197,-0.595,-3.102,1.000,0.000,0.166,0,0.000,1.890,-0.128,"Ground_Mountain_0_1:(-0.067, 0.990, -0.120);Ground_Mountain_0_1:(-0.067, 0.990, -0.120);Ground_Mountain_0_1:(-0.067, 0.990, -0.120);Ground_Mountain_0_1:(-0.067, 0.990, -0.120);Ground_Mountain_0_1:(-0.067, 0.990, -0.120);Ground_Mountain_0_1:(-0.067, 0.990, -0.120);"
9.140,172.404,874.980,85.237,-128.287,-0.475,-3.181,-0.595,-3.097,1.000,0.000,0.166,0,0.000,1.889,-0.128,"Ground_Mountain_0_1:(-0.067, 0.990, -0.120);Ground_Mountain_0_1:(-0.067, 0.990, -0.120);Ground_Mountain_0_1:(-0.067, 0.990, -0.120);Ground_Mountain_0_1:(-0.067, 0.990, -0.120);Ground_Mountain_0_1:(-0.067, 0.990, -0.120);Ground_Mountain_0_1:(-0.067, 0.990, -0.120);"
9.160,172.315,874.917,85.225,-128.349,-0.480,-3.166,-0.589,-3.091,1.000,0.000,0.166,0,0.000,1.888,-0.128,"Ground_Mountain_0_1:(-0.067, 0.991, -0.119);Ground_Mountain_0_1:(-0.067, 0.991, -0.119);Ground_Mountain_0_1:(-0.067, 0.991, -0.119);Ground_Mountain_0_1:(-0.067, 0.991, -0.119);Ground_Mountain_0_1:(-0.067, 0.991, -0.119);Ground_Mountain_0_1:(-0.067, 0.991, -0.119);"
9.180,172.226,874.854,85.213,-128.411,-0.486,-3.151,-0.597,-3.086,1.000,0.000,0.167,0,0.000,1.887,-0.128,"Ground_Mountain_0_1:(-0.068, 0.990, -0.120);Ground_Mountain_0_1:(-0.068, 0.990, -0.120);Ground_Mountain_0_1:(-0.068, 0.990, -0.120);Ground_Mountain_0_1:(-0.068, 0.990, -0.120);Ground_Mountain_0_1:(-0.068, 0.990, -0.120);Ground_Mountain_0_1:(-0.068, 0.990, -0.120);"
9.200,172.137,874.791,85.201,-128.472,-0.494,-3.135,-0.594,-3.082,1.000,0.000,0.167,0,0.000,1.884,-0.128,"Ground_Mountain_0_1:(-0.068, 0.990, -0.120);Ground_Mountain_0_1:(-0.068, 0.990, -0.120);Ground_Mountain_0_1:(-0.068, 0.990, -0.120);Ground_Mountain_0_1:(-0.068, 0.990, -0.120);Ground_Mountain_0_1:(-0.068, 0.990, -0.120);Ground_Mountain_0_1:(-0.068, 0.990, -0.120);"
9.220,172.049,874.729,85.190,-128.534,-0.503,-3.117,-0.592,-3.080,1.000,0.000,0.167,0,0.000,1.876,-0.128,"Ground_Mountain_0_1:(-0.067, 0.991, -0.119);Ground_Mountain_0_1:(-0.067, 0.991, -0.119);Ground_Mountain_0_1:(-0.067, 0.991, -0.119);Ground_Mountain_0_1:(-0.067, 0.991, -0.119);Ground_Mountain_0_1:(-0.067, 0.991, -0.119);Ground_Mountain_0_1:(-0.067, 0.991, -0.119);"
9.240,171.961,874.667,85.178,-128.596,-0.514,-3.098,-0.596,-3.078,1.000,0.000,0.167,0,0.000,1.867,-0.127,"Ground_Mountain_0_1:(-0.067, 0.991, -0.119);Ground_Mountain_0_1:(-0.067, 0.991, -0.119);Ground_Mountain_0_1:(-0.067, 0.991, -0.119);Ground_Mountain_0_1:(-0.067, 0.991, -0.119);Ground_Mountain_0_1:(-0.067, 0.991, -0.119);Ground_Mountain_0_1:(-0.067, 0.991, -0.119);"
9.260,171.873,874.605,85.167,-128.657,-0.524,-3.080,-0.595,-3.076,1.000,0.000,0.167,0,0.000,1.858,-0.127,"Ground_Mountain_0_1:(-0.068, 0.991, -0.119);Ground_Mountain_0_1:(-0.068, 0.991, -0.119);Ground_Mountain_0_1:(-0.068, 0.991, -0.119);Ground_Mountain_0_1:(-0.068, 0.991, -0.119);Ground_Mountain_0_1:(-0.068, 0.991, -0.119);Ground_Mountain_0_1:(-0.068, 0.991, -0.119);"
9.280,171.785,874.544,85.155,-128.718,-0.533,-3.062,-0.591,-3.073,1.000,0.000,0.167,0,0.000,1.861,-0.126,"Ground_Mountain_0_1:(-0.068, 0.991, -0.119);Ground_Mountain_0_1:(-0.068, 0.991, -0.119);Ground_Mountain_0_1:(-0.068, 0.991, -0.119);Ground_Mountain_0_1:(-0.068, 0.991, -0.119);Ground_Mountain_0_1:(-0.068, 0.991, -0.119);Ground_Mountain_0_1:(-0.068, 0.991, -0.119);"
9.300,171.698,874.483,85.143,-128.780,-0.542,-3.044,-0.588,-3.070,1.000,0.000,0.167,0,0.000,1.866,-0.126,"Ground_Mountain_0_1:(-0.068, 0.991, -0.119);Ground_Mountain_0_1:(-0.068, 0.991, -0.119);Ground_Mountain_0_1:(-0.068, 0.991, -0.119);Ground_Mountain_0_1:(-0.068, 0.991, -0.119);Ground_Mountain_0_1:(-0.068, 0.991, -0.119);Ground_Mountain_0_1:(-0.068, 0.991, -0.119);"
9.320,171.611,874.422,85.132,-128.841,-0.550,-3.027,-0.587,-3.067,1.000,0.000,0.167,0,0.000,1.868,-0.126,"Ground_Mountain_0_1:(-0.068, 0.991, -0.119);Ground_Mountain_0_1:(-0.068, 0.991, -0.119);Ground_Mountain_0_1:(-0.068, 0.991, -0.119);Ground_Mountain_0_1:(-0.068, 0.991, -0.119);Ground_Mountain_0_1:(-0.068, 0.991, -0.119);Ground_Mountain_0_1:(-0.068, 0.991, -0.119);"
9.340,171.524,874.362,85.120,-128.902,-0.558,-3.009,-0.579,-3.063,1.000,0.000,0.167,0,0.000,1.867,-0.125,"Ground_Mountain_0_1:(-0.067, 0.991, -0.119);Ground_Mountain_0_1:(-0.067, 0.991, -0.119);Ground_Mountain_0_1:(-0.067, 0.991, -0.119);Ground_Mountain_0_1:(-0.067, 0.991, -0.119);Ground_Mountain_0_1:(-0.067, 0.991, -0.119);Ground_Mountain_0_1:(-0.067, 0.991, -0.119);"
9.360,171.438,874.302,85.109,-128.964,-0.564,-2.993,-0.577,-3.059,1.000,0.000,0.167,0,0.000,1.873,-0.125,"Ground_Mountain_0_1:(-0.067, 0.991, -0.118);Ground_Mountain_0_1:(-0.067, 0.991, -0.118);Ground_Mountain_0_1:(-0.067, 0.991, -0.118);Ground_Mountain_0_1:(-0.067, 0.991, -0.118);Ground_Mountain_0_1:(-0.067, 0.991, -0.118);Ground_Mountain_0_1:(-0.067, 0.991, -0.118);"
9.380,171.108,874.243,85.098,-129.025,-0.569,-2.978,-0.576,-3.053,1.000,0.000,0.167,0,0.000,1.875,-0.125,"Ground_Mountain_0_1:(-0.067, 0.991, -0.118);Ground_Mountain_0_1:(-0.067, 0.991, -0.118);Ground_Mountain_0_1:(-0.067, 0.991, -0.118);Ground_Mountain_0_1:(-0.067, 0.991, -0.118);Ground_Mountain_0_1:(-0.067, 0.991, -0.118);Ground_Mountain_0_1:(-0.067, 0.991, -0.118);"
9.400,171.022,874.183,85.086,-129.085,-0.575,-2.962,-0.573,-3.047,1.000,0.000,0.167,0,0.000,1.880,-0.125,"Ground_Mountain_0_1:(-0.067, 0.991, -0.118);Ground_Mountain_0_1:(-0.067, 0.991, -0.118);Ground_Mountain_0_1:(-0.067, 0.991, -0.118);Ground_Mountain_0_1:(-0.067, 0.991, -0.118);Ground_Mountain_0_1:(-0.067, 0.991, -0.118);Ground_Mountain_0_1:(-0.067, 0.991, -0.118);"
9.420,170.937,874.124,85.075,-129.146,-0.582,-2.945,-0.563,-3.043,1.000,0.000,0.167,0,0.000,1.874,-0.125,"Ground_Mountain_0_1:(-0.067, 0.991, -0.118);Ground_Mountain_0_1:(-0.067, 0.991, -0.118);Ground_Mountain_0_1:(-0.067, 0.991, -0.118);Ground_Mountain_0_1:(-0.067, 0.991, -0.118);Ground_Mountain_0_1:(-0.067, 0.991, -0.118);Ground_Mountain_0_1:(-0.067, 0.991, -0.118);"
9.440,170.852,874.066,85.064,-129.207,-0.589,-2.928,-0.560,-3.038,1.000,0.000,0.167,0,0.000,1.882,-0.125,"Ground_Mountain_0_1:(-0.067, 0.991, -0.118);Ground_Mountain_0_1:(-0.067, 0.991, -0.118);Ground_Mountain_0_1:(-0.067, 0.991, -0.118);Ground_Mountain_0_1:(-0.067, 0.991, -0.118);Ground_Mountain_0_1:(-0.067, 0.991, -0.118);Ground_Mountain_0_1:(-0.067, 0.991, -0.118);"
9.460,170.767,874.008,85.053,-129.268,-0.595,-2.912,-0.558,-3.033,1.000,0.000,0.167,0,0.000,1.882,-0.125,"Ground_Mountain_0_1:(-0.067, 0.991, -0.118);Ground_Mountain_0_1:(-0.067, 0.991, -0.118);Ground_Mountain_0_1:(-0.067, 0.991, -0.118);Ground_Mountain_0_1:(-0.067, 0.991, -0.118);Ground_Mountain_0_1:(-0.067, 0.991, -0.118);Ground_Mountain_0_1:(-0.067, 0.991, -0.118);"
9.480,170.682,873.950,85.042,-129.328,-0.602,-2.895,-0.551,-3.028,1.000,0.000,0.167,0,0.000,1.876,-0.125,"Ground_Mountain_0_1:(-0.066, 0.991, -0.117);Ground_Mountain_0_1:(-0.066, 0.991, -0.117);Ground_Mountain_0_1:(-0.066, 0.991, -0.117);Ground_Mountain_0_1:(-0.066, 0.991, -0.117);Ground_Mountain_0_1:(-0.066, 0.991, -0.117);Ground_Mountain_0_1:(-0.066, 0.991, -0.117);"
9.500,170.598,873.892,85.031,-129.389,-0.609,-2.878,-0.548,-3.024,1.000,0.000,0.167,0,0.000,1.879,-0.125,"Ground_Mountain_0_1:(-0.066, 0.991, -0.117);Ground_Mountain_0_1:(-0.066, 0.991, -0.117);Ground_Mountain_0_1:(-0.066, 0.991, -0.117);Ground_Mountain_0_1:(-0.066, 0.991, -0.117);Ground_Mountain_0_1:(-0.066, 0.991, -0.117);Ground_Mountain_0_1:(-0.066, 0.991, -0.117);"
9.520,170.514,873.835,85.020,-129.449,-0.617,-2.861,-0.549,-3.019,1.000,0.000,0.167,0,0.000,1.869,-0.124,"Ground_Mountain_0_1:(-0.066, 0.991, -0.117);Ground_Mountain_0_1:(-0.066, 0.991, -0.117);Ground_Mountain_0_1:(-0.066, 0.991, -0.117);Ground_Mountain_0_1:(-0.066, 0.991, -0.117);Ground_Mountain_0_1:(-0.066, 0.991, -0.117);Ground_Mountain_0_1:(-0.066, 0.991, -0.117);"
9.540,170.431,873.778,85.010,-129.509,-0.623,-2.845,-0.548,-3.014,1.000,0.000,0.167,0,0.000,1.865,-0.124,"Ground_Mountain_0_1:(-0.066, 0.991, -0.117);Ground_Mountain_0_1:(-0.066, 0.991, -0.117);Ground_Mountain_0_1:(-0.066, 0.991, -0.117);Ground_Mountain_0_1:(-0.066, 0.991, -0.117);Ground_Mountain_0_1:(-0.066, 0.991, -0.117);Ground_Mountain_0_1:(-0.066, 0.991, -0.117);"
9.560,170.347,873.721,84.999,-129.569,-0.629,-2.829,-0.547,-3.009,1.000,0.000,0.167,0,0.000,1.869,-0.123,"Ground_Mountain_0_1:(-0.066, 0.991, -0.116);Ground_Mountain_0_1:(-0.066, 0.991, -0.116);Ground_Mountain_0_1:(-0.066, 0.991, -0.116);Ground_Mountain_0_1:(-0.066, 0.991, -0.116);Ground_Mountain_0_1:(-0.066, 0.991, -0.116);Ground_Mountain_0_1:(-0.066, 0.991, -0.116);"
9.580,170.264,873.665,84.988,-129.629,-0.634,-2.814,-0.545,-3.002,1.000,0.000,0.167,0,0.000,1.870,-0.123,"Ground_Mountain_0_1:(-0.065, 0.991, -0.116);Ground_Mountain_0_1:(-0.065, 0.991, -0.116);Ground_Mountain_0_1:(-0.065, 0.991, -0.116);Ground_Mountain_0_1:(-0.065, 0.991, -0.116);Ground_Mountain_0_1:(-0.065, 0.991, -0.116);Ground_Mountain_0_1:(-0.065, 0.991, -0.116);"
9.600,170.182,873.609,84.977,-129.689,-0.637,-2.800,-0.547,-2.995,1.000,0.000,0.167,0,0.000,1.876,-0.123,"Ground_Mountain_0_1:(-0.065, 0.991, -0.116);Ground_Mountain_0_1:(-0.065, 0.991, -0.116);Ground_Mountain_0_1:(-0.065, 0.991, -0.116);Ground_Mountain_0_1:(-0.065, 0.991, -0.116);Ground_Mountain_0_1:(-0.065, 0.991, -0.116);Ground_Mountain_0_1:(-0.065, 0.991, -0.116);"
9.620,170.099,873.553,84.966,-129.749,-0.641,-2.785,-0.547,-2.989,1.000,0.000,0.167,0,0.000,1.884,-0.123,"Ground_Mountain_0_1:(-0.066, 0.991, -0.116);Ground_Mountain_0_1:(-0.066, 0.991, -0.116);Ground_Mountain_0_1:(-0.066, 0.991, -0.116);Ground_Mountain_0_1:(-0.066, 0.991, -0.116);Ground_Mountain_0_1:(-0.066, 0.991, -0.116);Ground_Mountain_0_1:(-0.066, 0.991, -0.116);"
9.640,170.017,873.498,84.955,-129.809,-0.647,-2.770,-0.546,-2.983,1.000,0.000,0.167,0,0.000,1.885,-0.122,"Ground_Mountain_0_1:(-0.066, 0.991, -0.116);Ground_Mountain_0_1:(-0.066, 0.991, -0.116);Ground_Mountain_0_1:(-0.066, 0.991, -0.116);Ground_Mountain_0_1:(-0.066, 0.991, -0.116);Ground_Mountain_0_1:(-0.066, 0.991, -0.116);Ground_Mountain_0_1:(-0.066, 0.991, -0.116);"
9.660,169.935,873.443,84.945,-129.868,-0.653,-2.754,-0.543,-2.977,1.000,0.000,0.167,0,0.000,1.882,-0.122,"Ground_Mountain_0_1:(-0.066, 0.991, -0.116);Ground_Mountain_0_1:(-0.066, 0.991, -0.116);Ground_Mountain_0_1:(-0.066, 0.991, -0.116);Ground_Mountain_0_1:(-0.066, 0.991, -0.116);Ground_Mountain_0_1:(-0.066, 0.991, -0.116);Ground_Mountain_0_1:(-0.066, 0.991, -0.116);"
9.680,169.854,873.388,84.934,-129.928,-0.659,-2.737,-0.540,-2.972,1.000,0.000,0.167,0,0.000,1.877,-0.122,"Ground_Mountain_0_1:(-0.065, 0.991, -0.116);Ground_Mountain_0_1:(-0.065, 0.991, -0.116);Ground_Mountain_0_1:(-0.065, 0.991, -0.116);Ground_Mountain_0_1:(-0.065, 0.991, -0.116);Ground_Mountain_0_1:(-0.065, 0.991, -0.116);Ground_Mountain_0_1:(-0.065, 0.991, -0.116);"
9.700,169.773,873.334,84.923,-129.987,-0.663,-2.722,-0.530,-2.965,1.000,0.000,0.167,0,0.000,1.873,-0.122,"Ground_Mountain_0_1:(-0.065, 0.991, -0.115);Ground_Mountain_0_1:(-0.065, 0.991, -0.115);Ground_Mountain_0_1:(-0.065, 0.991, -0.115);Ground_Mountain_0_1:(-0.065, 0.991, -0.115);Ground_Mountain_0_1:(-0.065, 0.991, -0.115);Ground_Mountain_0_1:(-0.065, 0.991, -0.115);"
9.720,169.692,873.279,84.913,-130.046,-0.666,-2.708,-0.528,-2.957,1.000,0.000,0.167,0,0.000,1.882,-0.122,"Ground_Mountain_0_1:(-0.065, 0.991, -0.115);Ground_Mountain_0_1:(-0.065, 0.991, -0.115);Ground_Mountain_0_1:(-0.065, 0.991, -0.115);Ground_Mountain_0_1:(-0.065, 0.991, -0.115);Ground_Mountain_0_1:(-0.065, 0.991, -0.115);Ground_Mountain_0_1:(-0.065, 0.991, -0.115);"
9.740,169.611,873.225,84.902,-130.105,-0.669,-2.693,-0.522,-2.950,1.000,0.000,0.167,0,0.000,1.886,-0.122,"Ground_Mountain_0_1:(-0.065, 0.991, -0.115);Ground_Mountain_0_1:(-0.065, 0.991, -0.115);Ground_Mountain_0_1:(-0.065, 0.991, -0.115);Ground_Mountain_0_1:(-0.065, 0.991, -0.115);Ground_Mountain_0_1:(-0.065, 0.991, -0.115);Ground_Mountain_0_1:(-0.065, 0.991, -0.115);"
9.760,169.531,873.172,84.892,-130.164,-0.675,-2.677,-0.522,-2.944,1.000,0.000,0.167,0,0.000,1.893,-0.123,"Ground_Mountain_0_1:(-0.065, 0.991, -0.115);Ground_Mountain_0_1:(-0.065, 0.991, -0.115);Ground_Mountain_0_1:(-0.065, 0.991, -0.115);Ground_Mountain_0_1:(-0.065, 0.991, -0.115);Ground_Mountain_0_1:(-0.065, 0.991, -0.115);Ground_Mountain_0_1:(-0.065, 0.991, -0.115);"
9.780,169.451,873.119,84.881,-130.223,-0.681,-2.661,-0.517,-2.938,1.000,0.000,0.167,0,0.000,1.882,-0.123,"Ground_Mountain_0_1:(-0.065, 0.991, -0.115);Ground_Mountain_0_1:(-0.065, 0.991, -0.115);Ground_Mountain_0_1:(-0.065, 0.991, -0.115);Ground_Mountain_0_1:(-0.065, 0.991, -0.115);Ground_Mountain_0_1:(-0.065, 0.991, -0.115);Ground_Mountain_0_1:(-0.065, 0.991, -0.115);"
9.800,169.252,873.066,84.871,-130.281,-0.686,-2.646,-0.515,-2.932,1.000,0.000,0.167,0,0.000,1.884,-0.123,"Ground_Mountain_0_1:(-0.065, 0.991, -0.115);Ground_Mountain_0_1:(-0.065, 0.991, -0.115);Ground_Mountain_0_1:(-0.065, 0.991, -0.115);Ground_Mountain_0_1:(-0.065, 0.991, -0.115);Ground_Mountain_0_1:(-0.065, 0.991, -0.115);Ground_Mountain_0_1:(-0.065, 0.991, -0.115);"
9.820,169.172,873.013,84.861,-130.340,-0.691,-2.630,-0.515,-2.925,1.000,0.000,0.167,0,0.000,1.890,-0.123,"Ground_Mountain_0_1:(-0.065, 0.991, -0.115);Ground_Mountain_0_1:(-0.065, 0.991, -0.115);Ground_Mountain_0_1:(-0.065, 0.991, -0.115);Ground_Mountain_0_1:(-0.065, 0.991, -0.115);Ground_Mountain_0_1:(-0.065, 0.991, -0.115);Ground_Mountain_0_1:(-0.065, 0.991, -0.115);"
9.840,169.093,872.961,84.851,-130.398,-0.694,-2.615,-0.508,-2.918,1.000,0.000,0.167,0,0.000,1.889,-0.123,"Ground_Mountain_0_1:(-0.065, 0.991, -0.114);Ground_Mountain_0_1:(-0.065, 0.991, -0.114);Ground_Mountain_0_1:(-0.065, 0.991, -0.114);Ground_Mountain_0_1:(-0.065, 0.991, -0.114);Ground_Mountain_0_1:(-0.065, 0.991, -0.114);Ground_Mountain_0_1:(-0.065, 0.991, -0.114);"
9.860,169.015,872.909,84.841,-130.456,-0.700,-2.600,-0.514,-2.912,1.000,0.000,0.167,0,0.000,1.887,-0.123,"Ground_Mountain_0_1:(-0.066, 0.991, -0.114);Ground_Mountain_0_1:(-0.066, 0.991, -0.114);Ground_Mountain_0_1:(-0.066, 0.991, -0.114);Ground_Mountain_0_1:(-0.066, 0.991, -0.114);Ground_Mountain_0_1:(-0.066, 0.991, -0.114);Ground_Mountain_0_1:(-0.066, 0.991, -0.114);"
9.880,168.936,872.857,84.830,-130.514,-0.706,-2.585,-0.513,-2.906,1.000,0.000,0.167,0,0.000,1.885,-0.123,"Ground_Mountain_0_1:(-0.066, 0.991, -0.115);Ground_Mountain_0_1:(-0.066, 0.991, -0.115);Ground_Mountain_0_1:(-0.066, 0.991, -0.115);Ground_Mountain_0_1:(-0.066, 0.991, -0.115);Ground_Mountain_0_1:(-0.066, 0.991, -0.115);Ground_Mountain_0_1:(-0.066, 0.991, -0.115);"
9.900,168.858,872.806,84.820,-130.572,-0.712,-2.568,-0.508,-2.900,1.000,0.000,0.167,0,0.000,1.886,-0.123,"Ground_Mountain_0_1:(-0.066, 0.991, -0.114);Ground_Mountain_0_1:(-0.066, 0.991, -0.114);Ground_Mountain_0_1:(-0.066, 0.991, -0.114);Ground_Mountain_0_1:(-0.066, 0.991, -0.114);Ground_Mountain_0_1:(-0.066, 0.991, -0.114);Ground_Mountain_0_1:(-0.066, 0.991, -0.114);"
9.920,168.781,872.755,84.810,-130.630,-0.720,-2.550,-0.510,-2.896,1.000,0.000,0.167,0,0.000,1.881,-0.122,"Ground_Mountain_0_1:(-0.066, 0.991, -0.114);Ground_Mountain_0_1:(-0.066, 0.991, -0.114);Ground_Mountain_0_1:(-0.066, 0.991, -0.114);Ground_Mountain_0_1:(-0.066, 0.991, -0.114);Ground_Mountain_0_1:(-0.066, 0.991, -0.114);Ground_Mountain_0_1:(-0.066, 0.991, -0.114);"
9.940,168.703,872.704,84.801,-130.688,-0.729,-2.532,-0.512,-2.892,1.000,0.000,0.167,0,0.000,1.871,-0.122,"Ground_Mountain_0_1:(-0.065, 0.991, -0.114);Ground_Mountain_0_1:(-0.065, 0.991, -0.114);Ground_Mountain_0_1:(-0.065, 0.991, -0.114);Ground_Mountain_0_1:(-0.065, 0.991, -0.114);Ground_Mountain_0_1:(-0.065, 0.991, -0.114);Ground_Mountain_0_1:(-0.065, 0.991, -0.114);"
9.960,168.626,872.654,84.791,-130.746,-0.738,-2.513,-0.511,-2.889,1.000,0.000,0.167,0,0.000,1.863,-0.121,"Ground_Mountain_0_1:(-0.065, 0.991, -0.114);Ground_Mountain_0_1:(-0.065, 0.991, -0.114);Ground_Mountain_0_1:(-0.065, 0.991, -0.114);Ground_Mountain_0_1:(-0.065, 0.991, -0.114);Ground_Mountain_0_1:(-0.065, 0.991, -0.114);Ground_Mountain_0_1:(-0.065, 0.991, -0.114);"
9.980,168.549,872.604,84.781,-130.803,-0.746,-2.495,-0.507,-2.884,1.000,0.000,0.167,0,0.000,1.862,-0.121,"Ground_Mountain_0_1:(-0.065, 0.991, -0.114);Ground_Mountain_0_1:(-0.065, 0.991, -0.114);Ground_Mountain_0_1:(-0.065, 0.991, -0.114);Ground_Mountain_0_1:(-0.065, 0.991, -0.114);Ground_Mountain_0_1:(-0.065, 0.991, -0.114);Ground_Mountain_0_1:(-0.065, 0.991, -0.114);"
10.000,168.473,872.554,84.771,-130.861,-0.753,-2.477,-0.502,-2.879,1.000,0.000,0.167,0,0.000,1.866,-0.121,"Ground_Mountain_0_1:(-0.065, 0.991, -0.114);Ground_Mountain_0_1:(-0.065, 0.991, -0.114);Ground_Mountain_0_1:(-0.065, 0.991, -0.114);Ground_Mountain_0_1:(-0.065, 0.991, -0.114);Ground_Mountain_0_1:(-0.065, 0.991, -0.114);Ground_Mountain_0_1:(-0.065, 0.991, -0.114);"
10.020,168.397,872.505,84.761,-130.918,-0.761,-2.460,-0.503,-2.875,1.000,0.000,0.167,0,0.000,1.870,-0.120,"Ground_Mountain_0_1:(-0.065, 0.991, -0.114);Ground_Mountain_0_1:(-0.065, 0.991, -0.114);Ground_Mountain_0_1:(-0.065, 0.991, -0.114);Ground_Mountain_0_1:(-0.065, 0.991, -0.114);Ground_Mountain_0_1:(-0.065, 0.991, -0.114);Ground_Mountain_0_1:(-0.065, 0.991, -0.114);"
10.040,168.321,872.456,84.751,-130.976,-0.768,-2.442,-0.494,-2.869,1.000,0.000,0.167,0,0.000,1.869,-0.120,"Ground_Mountain_0_1:(-0.064, 0.992, -0.113);Ground_Mountain_0_1:(-0.064, 0.992, -0.113);Ground_Mountain_0_1:(-0.064, 0.992, -0.113);Ground_Mountain_0_1:(-0.064, 0.992, -0.113);Ground_Mountain_0_1:(-0.064, 0.992, -0.113);Ground_Mountain_0_1:(-0.064, 0.992, -0.113);"
10.060,168.245,872.407,84.742,-131.033,-0.773,-2.426,-0.491,-2.863,1.000,0.000,0.167,0,0.000,1.873,-0.120,"Ground_Mountain_0_1:(-0.064, 0.992, -0.113);Ground_Mountain_0_1:(-0.064, 0.992, -0.113);Ground_Mountain_0_1:(-0.064, 0.992, -0.113);Ground_Mountain_0_1:(-0.064, 0.992, -0.113);Ground_Mountain_0_1:(-0.064, 0.992, -0.113);Ground_Mountain_0_1:(-0.064, 0.992, -0.113);"
10.080,168.170,872.359,84.732,-131.090,-0.778,-2.411,-0.489,-2.856,1.000,0.000,0.167,0,0.000,1.879,-0.120,"Ground_Mountain_0_1:(-0.064, 0.992, -0.113);Ground_Mountain_0_1:(-0.064, 0.992, -0.113);Ground_Mountain_0_1:(-0.064, 0.992, -0.113);Ground_Mountain_0_1:(-0.064, 0.992, -0.113);Ground_Mountain_0_1:(-0.064, 0.992, -0.113);Ground_Mountain_0_1:(-0.064, 0.992, -0.113);"
10.100,168.095,872.311,84.722,-131.147,-0.783,-2.395,-0.493,-2.849,1.000,0.000,0.167,0,0.000,1.881,-0.120,"Ground_Mountain_0_1:(-0.065, 0.991, -0.113);Ground_Mountain_0_1:(-0.065, 0.991, -0.113);Ground_Mountain_0_1:(-0.065, 0.991, -0.113);Ground_Mountain_0_1:(-0.065, 0.991, -0.113);Ground_Mountain_0_1:(-0.065, 0.991, -0.113);Ground_Mountain_0_1:(-0.065, 0.991, -0.113);"
10.120,168.021,872.264,84.713,-131.204,-0.789,-2.378,-0.481,-2.843,1.000,0.000,0.167,0,0.000,1.875,-0.120,"Ground_Mountain_0_1:(-0.065, 0.992, -0.112);Ground_Mountain_0_1:(-0.065, 0.992, -0.112);Ground_Mountain_0_1:(-0.065, 0.992, -0.112);Ground_Mountain_0_1:(-0.065, 0.992, -0.112);Ground_Mountain_0_1:(-0.065, 0.992, -0.112);Ground_Mountain_0_1:(-0.065, 0.992, -0.112);"
10.140,167.947,872.216,84.703,-131.260,-0.795,-2.362,-0.479,-2.837,1.000,0.000,0.167,0,0.000,1.881,-0.120,"Ground_Mountain_0_1:(-0.065, 0.992, -0.112);Ground_Mountain_0_1:(-0.065, 0.992, -0.112);Ground_Mountain_0_1:(-0.065, 0.992, -0.112);Ground_Mountain_0_1:(-0.065, 0.992, -0.112);Ground_Mountain_0_1:(-0.065, 0.992, -0.112);Ground_Mountain_0_1:(-0.065, 0.992, -0.112);"
10.160,167.873,872.169,84.694,-131.317,-0.801,-2.345,-0.476,-2.831,1.000,0.000,0.167,0,0.000,1.883,-0.120,"Ground_Mountain_0_1:(-0.065, 0.992, -0.112);Ground_Mountain_0_1:(-0.065, 0.992, -0.112);Ground_Mountain_0_1:(-0.065, 0.992, -0.112);Ground_Mountain_0_1:(-0.065, 0.992, -0.112);Ground_Mountain_0_1:(-0.065, 0.992, -0.112);Ground_Mountain_0_1:(-0.065, 0.992, -0.112);"
10.180,167.799,872.123,84.684,-131.373,-0.807,-2.328,-0.475,-2.825,1.000,0.000,0.167,0,0.000,1.882,-0.120,"Ground_Mountain_0_1:(-0.065, 0.992, -0.112);Ground_Mountain_0_1:(-0.065, 0.992, -0.112);Ground_Mountain_0_1:(-0.065, 0.992, -0.112);Ground_Mountain_0_1:(-0.065, 0.992, -0.112);Ground_Mountain_0_1:(-0.065, 0.992, -0.112);Ground_Mountain_0_1:(-0.065, 0.992, -0.112);"
10.200,167.726,872.076,84.675,-131.429,-0.813,-2.312,-0.474,-2.819,1.000,0.000,0.167,0,0.000,1.881,-0.119,"Ground_Mountain_0_1:(-0.063, 0.992, -0.111);Ground_Mountain_0_1:(-0.063, 0.992, -0.111);Ground_Mountain_0_1:(-0.063, 0.992, -0.111);Ground_Mountain_0_1:(-0.063, 0.992, -0.111);Ground_Mountain_0_1:(-0.063, 0.992, -0.111);Ground_Mountain_0_1:(-0.063, 0.992, -0.111);"
10.220,167.653,872.030,84.666,-131.486,-0.819,-2.294,-0.463,-2.812,1.000,0.000,0.167,0,0.000,1.875,-0.119,"Ground_Mountain_0_1:(-0.064, 0.992, -0.111);Ground_Mountain_0_1:(-0.064, 0.992, -0.111);Ground_Mountain_0_1:(-0.064, 0.992, -0.111);Ground_Mountain_0_1:(-0.064, 0.992, -0.111);Ground_Mountain_0_1:(-0.064, 0.992, -0.111);Ground_Mountain_0_1:(-0.064, 0.992, -0.111);"
10.240,167.581,871.985,84.657,-131.542,-0.828,-2.276,-0.466,-2.807,1.000,0.000,0.167,0,0.000,1.877,-0.119,"Ground_Mountain_0_1:(-0.064, 0.992, -0.111);Ground_Mountain_0_1:(-0.064, 0.992, -0.111);Ground_Mountain_0_1:(-0.064, 0.992, -0.111);Ground_Mountain_0_1:(-0.064, 0.992, -0.111);Ground_Mountain_0_1:(-0.064, 0.992, -0.111);Ground_Mountain_0_1:(-0.064, 0.992, -0.111);"
10.260,167.507,871.940,84.648,-131.598,-0.836,-2.258,-0.464,-2.802,1.000,0.000,0.167,0,0.000,1.869,-0.119,"Ground_Mountain_0_1:(-0.064, 0.992, -0.111);Ground_Mountain_0_1:(-0.064, 0.992, -0.111);Ground_Mountain_0_1:(-0.064, 0.992, -0.111);Ground_Mountain_0_1:(-0.064, 0.992, -0.111);Ground_Mountain_0_1:(-0.064, 0.992, -0.111);Ground_Mountain_0_1:(-0.064, 0.992, -0.111);"
10.280,167.435,871.895,84.639,-131.654,-0.842,-2.240,-0.458,-2.796,1.000,0.000,0.166,0,0.000,1.870,-0.118,"Ground_Mountain_0_1:(-0.063, 0.992, -0.111);Ground_Mountain_0_1:(-0.063, 0.992, -0.111);Ground_Mountain_0_1:(-0.063, 0.992, -0.111);Ground_Mountain_0_1:(-0.063, 0.992, -0.111);Ground_Mountain_0_1:(-0.063, 0.992, -0.111);Ground_Mountain_0_1:(-0.063, 0.992, -0.111);"
10.300,167.363,871.850,84.630,-131.709,-0.849,-2.222,-0.458,-2.791,1.000,0.000,0.166,0,0.000,1.872,-0.118,"Ground_Mountain_0_1:(-0.063, 0.992, -0.111);Ground_Mountain_0_1:(-0.063, 0.992, -0.111);Ground_Mountain_0_1:(-0.063, 0.992, -0.111);Ground_Mountain_0_1:(-0.063, 0.992, -0.111);Ground_Mountain_0_1:(-0.063, 0.992, -0.111);Ground_Mountain_0_1:(-0.063, 0.992, -0.111);"
10.320,167.292,871.806,84.621,-131.765,-0.856,-2.205,-0.459,-2.785,1.000,0.000,0.166,0,0.000,1.872,-0.118,"Ground_Mountain_0_1:(-0.064, 0.992, -0.111);Ground_Mountain_0_1:(-0.064, 0.992, -0.111);Ground_Mountain_0_1:(-0.064, 0.992, -0.111);Ground_Mountain_0_1:(-0.064, 0.992, -0.111);Ground_Mountain_0_1:(-0.064, 0.992, -0.111);Ground_Mountain_0_1:(-0.064, 0.992, -0.111);"
10.340,167.221,871.762,84.612,-131.820,-0.863,-2.188,-0.457,-2.779,1.000,0.000,0.166,0,0.000,1.873,-0.117,"Ground_Mountain_0_1:(-0.064, 0.992, -0.111);Ground_Mountain_0_1:(-0.064, 0.992, -0.111);Ground_Mountain_0_1:(-0.064, 0.992, -0.111);Ground_Mountain_0_1:(-0.064, 0.992, -0.111);Ground_Mountain_0_1:(-0.064, 0.992, -0.111);Ground_Mountain_0_1:(-0.064, 0.992, -0.111);"
10.360,167.151,871.719,84.602,-131.876,-0.870,-2.171,-0.455,-2.773,1.000,0.000,0.166,0,0.000,1.873,-0.117,"Ground_Mountain_0_1:(-0.064, 0.992, -0.111);Ground_Mountain_0_1:(-0.064, 0.992, -0.111);Ground_Mountain_0_1:(-0.064, 0.992, -0.111);Ground_Mountain_0_1:(-0.064, 0.992, -0.111);Ground_Mountain_0_1:(-0.064, 0.992, -0.111);Ground_Mountain_0_1:(-0.064, 0.992, -0.111);"
10.380,167.080,871.676,84.594,-131.931,-0.876,-2.154,-0.452,-2.767,1.000,0.000,0.166,0,0.000,1.873,-0.117,"Ground_Mountain_0_1:(-0.063, 0.992, -0.111);Ground_Mountain_0_1:(-0.063, 0.992, -0.111);Ground_Mountain_0_1:(-0.063, 0.992, -0.111);Ground_Mountain_0_1:(-0.063, 0.992, -0.111);Ground_Mountain_0_1:(-0.063, 0.992, -0.111);Ground_Mountain_0_1:(-0.063, 0.992, -0.111);"
10.400,167.011,871.633,84.584,-131.986,-0.884,-2.136,-0.453,-2.761,1.000,0.000,0.166,0,0.000,1.874,-0.117,"Ground_Mountain_0_1:(-0.063, 0.992, -0.111);Ground_Mountain_0_1:(-0.063, 0.992, -0.111);Ground_Mountain_0_1:(-0.063, 0.992, -0.111);Ground_Mountain_0_1:(-0.063, 0.992, -0.111);Ground_Mountain_0_1:(-0.063, 0.992, -0.111);Ground_Mountain_0_1:(-0.063, 0.992, -0.111);"
10.420,166.941,871.590,84.576,-132.041,-0.891,-2.118,-0.450,-2.755,1.000,0.000,0.166,0,0.000,1.875,-0.116,"Ground_Mountain_0_1:(-0.063, 0.992, -0.111);Ground_Mountain_0_1:(-0.063, 0.992, -0.111);Ground_Mountain_0_1:(-0.063, 0.992, -0.111);Ground_Mountain_0_1:(-0.063, 0.992, -0.111);Ground_Mountain_0_1:(-0.063, 0.992, -0.111);Ground_Mountain_0_1:(-0.063, 0.992, -0.111);"
10.440,166.872,871.548,84.567,-132.096,-0.898,-2.101,-0.451,-2.749,1.000,0.000,0.166,0,0.000,1.874,-0.116,"Ground_Mountain_0_1:(-0.063, 0.992, -0.111);Ground_Mountain_0_1:(-0.063, 0.992, -0.111);Ground_Mountain_0_1:(-0.063, 0.992, -0.111);Ground_Mountain_0_1:(-0.063, 0.992, -0.111);Ground_Mountain_0_1:(-0.063, 0.992, -0.111);Ground_Mountain_0_1:(-0.063, 0.992, -0.111);"
10.460,166.803,871.507,84.558,-132.151,-0.903,-2.084,-0.441,-2.742,1.000,0.000,0.166,0,0.000,1.878,-0.116,"Ground_Mountain_0_1:(-0.063, 0.992, -0.110);Ground_Mountain_0_1:(-0.063, 0.992, -0.110);Ground_Mountain_0_1:(-0.063, 0.992, -0.110);Ground_Mountain_0_1:(-0.063, 0.992, -0.110);Ground_Mountain_0_1:(-0.063, 0.992, -0.110);Ground_Mountain_0_1:(-0.063, 0.992, -0.110);"
10.480,166.734,871.465,84.549,-132.206,-0.909,-2.068,-0.438,-2.735,1.000,0.000,0.166,0,0.000,1.882,-0.116,"Ground_Mountain_0_1:(-0.063, 0.992, -0.110);Ground_Mountain_0_1:(-0.063, 0.992, -0.110);Ground_Mountain_0_1:(-0.063, 0.992, -0.110);Ground_Mountain_0_1:(-0.063, 0.992, -0.110);Ground_Mountain_0_1:(-0.063, 0.992, -0.110);Ground_Mountain_0_1:(-0.063, 0.992, -0.110);"
10.500,166.666,871.424,84.540,-132.260,-0.915,-2.052,-0.435,-2.728,1.000,0.000,0.166,0,0.000,1.885,-0.116,"Ground_Mountain_0_1:(-0.063, 0.992, -0.110);Ground_Mountain_0_1:(-0.063, 0.992, -0.110);Ground_Mountain_0_1:(-0.063, 0.992, -0.110);Ground_Mountain_0_1:(-0.063, 0.992, -0.110);Ground_Mountain_0_1:(-0.063, 0.992, -0.110);Ground_Mountain_0_1:(-0.063, 0.992, -0.110);"
10.520,166.598,871.383,84.532,-132.314,-0.922,-2.034,-0.431,-2.721,1.000,0.000,0.166,0,0.000,1.889,-0.117,"Ground_Mountain_0_1:(-0.063, 0.992, -0.110);Ground_Mountain_0_1:(-0.063, 0.992, -0.110);Ground_Mountain_0_1:(-0.063, 0.992, -0.110);Ground_Mountain_0_1:(-0.063, 0.992, -0.110);Ground_Mountain_0_1:(-0.063, 0.992, -0.110);Ground_Mountain_0_1:(-0.063, 0.992, -0.110);"
10.540,166.531,871.343,84.523,-132.368,-0.930,-2.015,-0.431,-2.716,1.000,0.000,0.166,0,0.000,1.886,-0.117,"Ground_Mountain_0_1:(-0.063, 0.992, -0.110);Ground_Mountain_0_1:(-0.063, 0.992, -0.110);Ground_Mountain_0_1:(-0.063, 0.992, -0.110);Ground_Mountain_0_1:(-0.063, 0.992, -0.110);Ground_Mountain_0_1:(-0.063, 0.992, -0.110);Ground_Mountain_0_1:(-0.063, 0.992, -0.110);"
10.560,166.463,871.303,84.514,-132.423,-0.939,-1.997,-0.428,-2.710,1.000,0.000,0.166,0,0.000,1.885,-0.117,"Ground_Mountain_0_1:(-0.063, 0.992, -0.110);Ground_Mountain_0_1:(-0.063, 0.992, -0.110);Ground_Mountain_0_1:(-0.063, 0.992, -0.110);Ground_Mountain_0_1:(-0.063, 0.992, -0.110);Ground_Mountain_0_1:(-0.063, 0.992, -0.110);Ground_Mountain_0_1:(-0.063, 0.992, -0.110);"
10.580,166.397,871.263,84.506,-132.477,-0.947,-1.978,-0.426,-2.705,1.000,0.000,0.166,0,0.000,1.877,-0.117,"Ground_Mountain_0_1:(-0.063, 0.992, -0.110);Ground_Mountain_0_1:(-0.063, 0.992, -0.110);Ground_Mountain_0_1:(-0.063, 0.992, -0.110);Ground_Mountain_0_1:(-0.063, 0.992, -0.110);Ground_Mountain_0_1:(-0.063, 0.992, -0.110);Ground_Mountain_0_1:(-0.063, 0.992, -0.110);"
10.600,166.330,871.224,84.497,-132.530,-0.956,-1.959,-0.425,-2.699,1.000,0.000,0.166,0,0.000,1.887,-0.117,"Ground_Mountain_0_1:(-0.063, 0.992, -0.110);Ground_Mountain_0_1:(-0.063, 0.992, -0.110);Ground_Mountain_0_1:(-0.063, 0.992, -0.110);Ground_Mountain_0_1:(-0.063, 0.992, -0.110);Ground_Mountain_0_1:(-0.063, 0.992, -0.110);Ground_Mountain_0_1:(-0.063, 0.992, -0.110);"
10.620,166.264,871.185,84.489,-132.584,-0.966,-1.940,-0.420,-2.694,1.000,0.000,0.166,0,0.000,1.880,-0.117,"Ground_Mountain_0_1:(-0.062, 0.992, -0.110);Ground_Mountain_0_1:(-0.062, 0.992, -0.110);Ground_Mountain_0_1:(-0.062, 0.992, -0.110);Ground_Mountain_0_1:(-0.062, 0.992, -0.110);Ground_Mountain_0_1:(-0.062, 0.992, -0.110);Ground_Mountain_0_1:(-0.062, 0.992, -0.110);"
10.640,166.198,871.146,84.481,-132.638,-0.975,-1.920,-0.420,-2.689,1.000,0.000,0.166,0,0.000,1.879,-0.117,"Ground_Mountain_0_1:(-0.063, 0.992, -0.110);Ground_Mountain_0_1:(-0.063, 0.992, -0.110);Ground_Mountain_0_1:(-0.063, 0.992, -0.110);Ground_Mountain_0_1:(-0.063, 0.992, -0.110);Ground_Mountain_0_1:(-0.063, 0.992, -0.110);Ground_Mountain_0_1:(-0.063, 0.992, -0.110);"
10.660,166.133,871.108,84.472,-132.691,-0.984,-1.902,-0.419,-2.683,1.000,0.000,0.166,0,0.000,1.880,-0.117,"Ground_Mountain_0_1:(-0.063, 0.992, -0.110);Ground_Mountain_0_1:(-0.063, 0.992, -0.110);Ground_Mountain_0_1:(-0.063, 0.992, -0.110);Ground_Mountain_0_1:(-0.063, 0.992, -0.110);Ground_Mountain_0_1:(-0.063, 0.992, -0.110);Ground_Mountain_0_1:(-0.063, 0.992, -0.110);"
10.680,166.068,871.070,84.464,-132.745,-0.993,-1.882,-0.417,-2.678,1.000,0.000,0.166,0,0.000,1.888,-0.117,"Ground_Mountain_0_1:(-0.062, 0.992, -0.109);Ground_Mountain_0_1:(-0.062, 0.992, -0.109);Ground_Mountain_0_1:(-0.062, 0.992, -0.109);Ground_Mountain_0_1:(-0.062, 0.992, -0.109);Ground_Mountain_0_1:(-0.062, 0.992, -0.109);Ground_Mountain_0_1:(-0.062, 0.992, -0.109);"
10.700,166.003,871.033,84.456,-132.798,-1.003,-1.863,-0.418,-2.672,1.000,0.000,0.166,0,0.000,1.887,-0.117,"Ground_Mountain_0_1:(-0.062, 0.992, -0.109);Ground_Mountain_0_1:(-0.062, 0.992, -0.109);Ground_Mountain_0_1:(-0.062, 0.992, -0.109);Ground_Mountain_0_1:(-0.062, 0.992, -0.109);Ground_Mountain_0_1:(-0.062, 0.992, -0.109);Ground_Mountain_0_1:(-0.062, 0.992, -0.109);"
10.720,165.938,870.996,84.448,-132.851,-1.012,-1.844,-0.416,-2.667,1.000,0.000,0.166,0,0.000,1.889,-0.116,"Ground_Mountain_0_1:(-0.062, 0.992, -0.109);Ground_Mountain_0_1:(-0.062, 0.992, -0.109);Ground_Mountain_0_1:(-0.062, 0.992, -0.109);Ground_Mountain_0_1:(-0.062, 0.992, -0.109);Ground_Mountain_0_1:(-0.062, 0.992, -0.109);Ground_Mountain_0_1:(-0.062, 0.992, -0.109);"
10.740,165.874,870.960,84.440,-132.904,-1.021,-1.825,-0.414,-2.661,1.000,0.000,0.166,0,0.000,1.888,-0.116,"Ground_Mountain_0_1:(-0.063, 0.992, -0.109);Ground_Mountain_0_1:(-0.063, 0.992, -0.109);Ground_Mountain_0_1:(-0.063, 0.992, -0.109);Ground_Mountain_0_1:(-0.063, 0.992, -0.109);Ground_Mountain_0_1:(-0.063, 0.992, -0.109);Ground_Mountain_0_1:(-0.063, 0.992, -0.109);"
10.760,165.811,870.923,84.432,-132.957,-1.032,-1.804,-0.410,-2.656,1.000,0.000,0.166,0,0.000,1.888,-0.116,"Ground_Mountain_0_1:(-0.062, 0.992, -0.108);Ground_Mountain_0_1:(-0.062, 0.992, -0.108);Ground_Mountain_0_1:(-0.062, 0.992, -0.108);Ground_Mountain_0_1:(-0.062, 0.992, -0.108);Ground_Mountain_0_1:(-0.062, 0.992, -0.108);Ground_Mountain_0_1:(-0.062, 0.992, -0.108);"
10.780,165.747,870.888,84.424,-133.010,-1.046,-1.781,-0.410,-2.653,1.000,0.000,0.166,0,0.000,1.880,-0.116,"Ground_Mountain_0_1:(-0.062, 0.992, -0.108);Ground_Mountain_0_1:(-0.062, 0.992, -0.108);Ground_Mountain_0_1:(-0.062, 0.992, -0.108);Ground_Mountain_0_1:(-0.062, 0.992, -0.108);Ground_Mountain_0_1:(-0.062, 0.992, -0.108);Ground_Mountain_0_1:(-0.062, 0.992, -0.108);"
10.800,165.698,870.852,84.416,-133.063,-1.061,-1.757,-0.413,-2.650,1.000,0.000,0.166,0,0.000,1.874,-0.115,"Ground_Mountain_0_1:(-0.063, 0.992, -0.108);Ground_Mountain_0_1:(-0.063, 0.992, -0.108);Ground_Mountain_0_1:(-0.063, 0.992, -0.108);Ground_Mountain_0_1:(-0.063, 0.992, -0.108);Ground_Mountain_0_1:(-0.063, 0.992, -0.108);Ground_Mountain_0_1:(-0.063, 0.992, -0.108);"
10.820,165.698,870.817,84.408,-133.116,-1.075,-1.733,-0.409,-2.647,1.000,0.000,0.166,0,0.000,1.870,-0.115,"Ground_Mountain_0_1:(-0.062, 0.992, -0.108);Ground_Mountain_0_1:(-0.062, 0.992, -0.108);Ground_Mountain_0_1:(-0.062, 0.992, -0.108);Ground_Mountain_0_1:(-0.062, 0.992, -0.108);Ground_Mountain_0_1:(-0.062, 0.992, -0.108);Ground_Mountain_0_1:(-0.062, 0.992, -0.108);"
10.840,165.694,870.783,84.400,-133.168,-1.090,-1.710,-0.408,-2.644,1.000,0.000,0.166,0,0.000,1.871,-0.115,"Ground_Mountain_0_1:(-0.062, 0.992, -0.108);Ground_Mountain_0_1:(-0.062, 0.992, -0.108);Ground_Mountain_0_1:(-0.062, 0.992, -0.108);Ground_Mountain_0_1:(-0.062, 0.992, -0.108);Ground_Mountain_0_1:(-0.062, 0.992, -0.108);Ground_Mountain_0_1:(-0.062, 0.992, -0.108);"
10.860,165.632,870.749,84.392,-133.221,-1.102,-1.687,-0.401,-2.639,1.000,0.000,0.166,0,0.000,1.869,-0.114,"Ground_Mountain_0_1:(-0.062, 0.992, -0.108);Ground_Mountain_0_1:(-0.062, 0.992, -0.108);Ground_Mountain_0_1:(-0.062, 0.992, -0.108);Ground_Mountain_0_1:(-0.062, 0.992, -0.108);Ground_Mountain_0_1:(-0.062, 0.992, -0.108);Ground_Mountain_0_1:(-0.062, 0.992, -0.108);"
10.880,165.571,870.716,84.384,-133.273,-1.114,-1.665,-0.397,-2.635,1.000,0.000,0.166,0,0.000,1.872,-0.114,"Ground_Mountain_0_1:(-0.062, 0.992, -0.108);Ground_Mountain_0_1:(-0.062, 0.992, -0.108);Ground_Mountain_0_1:(-0.062, 0.992, -0.108);Ground_Mountain_0_1:(-0.062, 0.992, -0.108);Ground_Mountain_0_1:(-0.062, 0.992, -0.108);Ground_Mountain_0_1:(-0.062, 0.992, -0.108);"
10.900,165.510,870.683,84.376,-133.326,-1.125,-1.644,-0.397,-2.629,1.000,0.000,0.165,0,0.000,1.875,-0.114,"Ground_Mountain_0_1:(-0.062, 0.992, -0.108);Ground_Mountain_0_1:(-0.062, 0.992, -0.108);Ground_Mountain_0_1:(-0.062, 0.992, -0.108);Ground_Mountain_0_1:(-0.062, 0.992, -0.108);Ground_Mountain_0_1:(-0.062, 0.992, -0.108);Ground_Mountain_0_1:(-0.062, 0.992, -0.108);"
10.920,165.449,870.650,84.369,-133.378,-1.136,-1.623,-0.393,-2.624,1.000,0.000,0.165,0,0.000,1.879,-0.114,"Ground_Mountain_0_1:(-0.062, 0.992, -0.108);Ground_Mountain_0_1:(-0.062, 0.992, -0.108);Ground_Mountain_0_1:(-0.062, 0.992, -0.108);Ground_Mountain_0_1:(-0.062, 0.992, -0.108);Ground_Mountain_0_1:(-0.062, 0.992, -0.108);Ground_Mountain_0_1:(-0.062, 0.992, -0.108);"
10.940,165.389,870.618,84.361,-133.430,-1.146,-1.602,-0.391,-2.619,1.000,0.000,0.165,0,0.000,1.880,-0.114,"Ground_Mountain_0_1:(-0.062, 0.992, -0.108);Ground_Mountain_0_1:(-0.062, 0.992, -0.108);Ground_Mountain_0_1:(-0.062, 0.992, -0.108);Ground_Mountain_0_1:(-0.062, 0.992, -0.108);Ground_Mountain_0_1:(-0.062, 0.992, -0.108);Ground_Mountain_0_1:(-0.062, 0.992, -0.108);"
10.960,165.329,870.586,84.353,-133.482,-1.157,-1.580,-0.384,-2.613,1.000,0.000,0.165,0,0.000,1.880,-0.114,"Ground_Mountain_0_1:(-0.061, 0.992, -0.107);Ground_Mountain_0_1:(-0.061, 0.992, -0.107);Ground_Mountain_0_1:(-0.061, 0.992, -0.107);Ground_Mountain_0_1:(-0.061, 0.992, -0.107);Ground_Mountain_0_1:(-0.061, 0.992, -0.107);Ground_Mountain_0_1:(-0.061, 0.992, -0.107);"
10.980,165.270,870.555,84.346,-133.534,-1.167,-1.560,-0.382,-2.606,1.000,0.000,0.165,0,0.000,1.882,-0.114,"Ground_Mountain_0_1:(-0.062, 0.992, -0.107);Ground_Mountain_0_1:(-0.062, 0.992, -0.107);Ground_Mountain_0_1:(-0.062, 0.992, -0.107);Ground_Mountain_0_1:(-0.062, 0.992, -0.107);Ground_Mountain_0_1:(-0.062, 0.992, -0.107);Ground_Mountain_0_1:(-0.062, 0.992, -0.107);"
11.000,165.211,870.524,84.338,-133.586,-1.178,-1.539,-0.382,-2.601,1.000,0.000,0.165,0,0.000,1.882,-0.114,"Ground_Mountain_0_1:(-0.061, 0.992, -0.107);Ground_Mountain_0_1:(-0.061, 0.992, -0.107);Ground_Mountain_0_1:(-0.061, 0.992, -0.107);Ground_Mountain_0_1:(-0.061, 0.992, -0.107);Ground_Mountain_0_1:(-0.061, 0.992, -0.107);Ground_Mountain_0_1:(-0.061, 0.992, -0.107);"
11.020,165.152,870.493,84.331,-133.637,-1.188,-1.519,-0.381,-2.594,1.000,0.000,0.165,0,0.000,1.880,-0.114,"Ground_Mountain_0_1:(-0.061, 0.992, -0.107);Ground_Mountain_0_1:(-0.061, 0.992, -0.107);Ground_Mountain_0_1:(-0.061, 0.992, -0.107);Ground_Mountain_0_1:(-0.061, 0.992, -0.107);Ground_Mountain_0_1:(-0.061, 0.992, -0.107);Ground_Mountain_0_1:(-0.061, 0.992, -0.107);"
11.040,165.094,870.463,84.323,-133.689,-1.198,-1.498,-0.379,-2.588,1.000,0.000,0.165,0,0.000,1.881,-0.114,"Ground_Mountain_0_1:(-0.061, 0.992, -0.107);Ground_Mountain_0_1:(-0.061, 0.992, -0.107);Ground_Mountain_0_1:(-0.061, 0.992, -0.107);Ground_Mountain_0_1:(-0.061, 0.992, -0.107);Ground_Mountain_0_1:(-0.061, 0.992, -0.107);Ground_Mountain_0_1:(-0.061, 0.992, -0.107);"
11.060,165.036,870.433,84.316,-133.740,-1.208,-1.476,-0.372,-2.582,1.000,0.000,0.165,0,0.000,1.880,-0.113,"Ground_Mountain_0_1:(-0.060, 0.993, -0.106);Ground_Mountain_0_1:(-0.060, 0.993, -0.106);Ground_Mountain_0_1:(-0.060, 0.993, -0.106);Ground_Mountain_0_1:(-0.060, 0.993, -0.106);Ground_Mountain_0_1:(-0.060, 0.993, -0.106);Ground_Mountain_0_1:(-0.060, 0.993, -0.106);"
11.080,164.978,870.404,84.309,-133.792,-1.218,-1.456,-0.376,-2.576,1.000,0.000,0.165,0,0.000,1.874,-0.113,"Ground_Mountain_0_1:(-0.061, 0.992, -0.107);Ground_Mountain_0_1:(-0.061, 0.992, -0.107);Ground_Mountain_0_1:(-0.061, 0.992, -0.107);Ground_Mountain_0_1:(-0.061, 0.992, -0.107);Ground_Mountain_0_1:(-0.061, 0.992, -0.107);Ground_Mountain_0_1:(-0.061, 0.992, -0.107);"
11.100,164.921,870.375,84.302,-133.843,-1.226,-1.437,-0.368,-2.568,1.000,0.000,0.165,0,0.000,1.876,-0.113,"Ground_Mountain_0_1:(-0.061, 0.992, -0.106);Ground_Mountain_0_1:(-0.061, 0.992, -0.106);Ground_Mountain_0_1:(-0.061, 0.992, -0.106);Ground_Mountain_0_1:(-0.061, 0.992, -0.106);Ground_Mountain_0_1:(-0.061, 0.992, -0.106);Ground_Mountain_0_1:(-0.061, 0.992, -0.106);"
11.120,164.864,870.346,84.294,-133.894,-1.233,-1.418,-0.371,-2.560,1.000,0.000,0.165,0,0.000,1.879,-0.113,"Ground_Mountain_0_1:(-0.061, 0.992, -0.107);Ground_Mountain_0_1:(-0.061, 0.992, -0.107);Ground_Mountain_0_1:(-0.061, 0.992, -0.107);Ground_Mountain_0_1:(-0.061, 0.992, -0.107);Ground_Mountain_0_1:(-0.061, 0.992, -0.107);Ground_Mountain_0_1:(-0.061, 0.992, -0.107);"
11.140,164.808,870.318,84.287,-133.944,-1.241,-1.399,-0.366,-2.552,1.000,0.000,0.165,0,0.000,1.876,-0.112,"Ground_Mountain_0_1:(-0.061, 0.992, -0.106);Ground_Mountain_0_1:(-0.061, 0.992, -0.106);Ground_Mountain_0_1:(-0.061, 0.992, -0.106);Ground_Mountain_0_1:(-0.061, 0.992, -0.106);Ground_Mountain_0_1:(-0.061, 0.992, -0.106);Ground_Mountain_0_1:(-0.061, 0.992, -0.106);"
11.160,164.752,870.290,84.280,-133.995,-1.249,-1.380,-0.367,-2.545,1.000,0.000,0.165,0,0.000,1.871,-0.112,"Ground_Mountain_0_1:(-0.061, 0.992, -0.106);Ground_Mountain_0_1:(-0.061, 0.992, -0.106);Ground_Mountain_0_1:(-0.061, 0.992, -0.106);Ground_Mountain_0_1:(-0.061, 0.992, -0.106);Ground_Mountain_0_1:(-0.061, 0.992, -0.106);Ground_Mountain_0_1:(-0.061, 0.992, -0.106);"
11.180,164.696,870.263,84.273,-134.046,-1.256,-1.361,-0.363,-2.537,1.000,0.000,0.165,0,0.000,1.869,-0.112,"Ground_Mountain_0_1:(-0.061, 0.992, -0.106);Ground_Mountain_0_1:(-0.061, 0.992, -0.106);Ground_Mountain_0_1:(-0.061, 0.992, -0.106);Ground_Mountain_0_1:(-0.061, 0.992, -0.106);Ground_Mountain_0_1:(-0.061, 0.992, -0.106);Ground_Mountain_0_1:(-0.061, 0.992, -0.106);"
11.200,164.641,870.236,84.266,-134.096,-1.262,-1.343,-0.359,-2.528,1.000,0.000,0.165,0,0.000,1.872,-0.111,"Ground_Mountain_0_1:(-0.061, 0.992, -0.106);Ground_Mountain_0_1:(-0.061, 0.992, -0.106);Ground_Mountain_0_1:(-0.061, 0.992, -0.106);Ground_Mountain_0_1:(-0.061, 0.992, -0.106);Ground_Mountain_0_1:(-0.061, 0.992, -0.106);Ground_Mountain_0_1:(-0.061, 0.992, -0.106);"
11.220,164.586,870.209,84.259,-134.146,-1.267,-1.326,-0.357,-2.519,1.000,0.000,0.165,0,0.000,1.874,-0.111,"Ground_Mountain_0_1:(-0.061, 0.993, -0.106);Ground_Mountain_0_1:(-0.061, 0.993, -0.106);Ground_Mountain_0_1:(-0.061, 0.993, -0.106);Ground_Mountain_0_1:(-0.061, 0.993, -0.106);Ground_Mountain_0_1:(-0.061, 0.993, -0.106);Ground_Mountain_0_1:(-0.061, 0.993, -0.106);"
11.240,164.532,870.183,84.252,-134.196,-1.271,-1.309,-0.356,-2.510,1.000,0.000,0.165,0,0.000,1.874,-0.111,"Ground_Mountain_0_1:(-0.061, 0.993, -0.106);Ground_Mountain_0_1:(-0.061, 0.993, -0.106);Ground_Mountain_0_1:(-0.061, 0.993, -0.106);Ground_Mountain_0_1:(-0.061, 0.993, -0.106);Ground_Mountain_0_1:(-0.061, 0.993, -0.106);Ground_Mountain_0_1:(-0.061, 0.993, -0.106);"
11.260,164.478,870.157,84.245,-134.246,-1.275,-1.293,-0.353,-2.501,1.000,0.000,0.165,0,0.000,1.873,-0.111,"Ground_Mountain_0_1:(-0.061, 0.993, -0.106);Ground_Mountain_0_1:(-0.061, 0.993, -0.106);Ground_Mountain_0_1:(-0.061, 0.993, -0.106);Ground_Mountain_0_1:(-0.061, 0.993, -0.106);Ground_Mountain_0_1:(-0.061, 0.993, -0.106);Ground_Mountain_0_1:(-0.061, 0.993, -0.106);"
11.280,164.424,870.131,84.238,-134.296,-1.279,-1.277,-0.351,-2.491,1.000,0.000,0.165,0,0.000,1.874,-0.110,"Ground_Mountain_0_1:(-0.061, 0.992, -0.106);Ground_Mountain_0_1:(-0.061, 0.992, -0.106);Ground_Mountain_0_1:(-0.061, 0.992, -0.106);Ground_Mountain_0_1:(-0.061, 0.992, -0.106);Ground_Mountain_0_1:(-0.061, 0.992, -0.106);Ground_Mountain_0_1:(-0.061, 0.992, -0.106);"
11.300,164.371,870.106,84.232,-134.345,-1.281,-1.262,-0.349,-2.481,1.000,0.000,0.165,0,0.000,1.874,-0.110,"Ground_Mountain_0_1:(-0.061, 0.993, -0.106);Ground_Mountain_0_1:(-0.061, 0.993, -0.106);Ground_Mountain_0_1:(-0.061, 0.993, -0.106);Ground_Mountain_0_1:(-0.061, 0.993, -0.106);Ground_Mountain_0_1:(-0.061, 0.993, -0.106);Ground_Mountain_0_1:(-0.061, 0.993, -0.106);"
11.320,164.318,870.081,84.225,-134.394,-1.284,-1.247,-0.346,-2.470,1.000,0.000,0.165,0,0.000,1.875,-0.110,"Ground_Mountain_0_1:(-0.061, 0.993, -0.106);Ground_Mountain_0_1:(-0.061, 0.993, -0.106);Ground_Mountain_0_1:(-0.061, 0.993, -0.106);Ground_Mountain_0_1:(-0.061, 0.993, -0.106);Ground_Mountain_0_1:(-0.061, 0.993, -0.106);Ground_Mountain_0_1:(-0.061, 0.993, -0.106);"
11.340,164.265,870.056,84.218,-134.443,-1.285,-1.233,-0.343,-2.459,1.000,0.000,0.165,0,0.000,1.875,-0.110,"Ground_Mountain_0_1:(-0.060, 0.993, -0.106);Ground_Mountain_0_1:(-0.060, 0.993, -0.106);Ground_Mountain_0_1:(-0.060, 0.993, -0.106);Ground_Mountain_0_1:(-0.060, 0.993, -0.106);Ground_Mountain_0_1:(-0.060, 0.993, -0.106);Ground_Mountain_0_1:(-0.060, 0.993, -0.106);"
11.360,164.213,870.031,84.211,-134.492,-1.284,-1.220,-0.340,-2.448,1.000,0.000,0.165,0,0.000,1.876,-0.110,"Ground_Mountain_0_1:(-0.061, 0.993, -0.106);Ground_Mountain_0_1:(-0.061, 0.993, -0.106);Ground_Mountain_0_1:(-0.061, 0.993, -0.106);Ground_Mountain_0_1:(-0.061, 0.993, -0.106);Ground_Mountain_0_1:(-0.061, 0.993, -0.106);Ground_Mountain_0_1:(-0.061, 0.993, -0.106);"
11.380,164.161,870.007,84.205,-134.541,-1.283,-1.208,-0.339,-2.435,1.000,0.000,0.165,0,0.000,1.880,-0.109,"Ground_Mountain_0_1:(-0.060, 0.993, -0.106);Ground_Mountain_0_1:(-0.060, 0.993, -0.106);Ground_Mountain_0_1:(-0.060, 0.993, -0.106);Ground_Mountain_0_1:(-0.060, 0.993, -0.106);Ground_Mountain_0_1:(-0.060, 0.993, -0.106);Ground_Mountain_0_1:(-0.060, 0.993, -0.106);"
11.400,164.109,869.983,84.198,-134.589,-1.282,-1.197,-0.337,-2.423,1.000,0.000,0.165,0,0.000,1.884,-0.109,"Ground_Mountain_0_1:(-0.061, 0.993, -0.106);Ground_Mountain_0_1:(-0.061, 0.993, -0.106);Ground_Mountain_0_1:(-0.061, 0.993, -0.106);Ground_Mountain_0_1:(-0.061, 0.993, -0.106);Ground_Mountain_0_1:(-0.061, 0.993, -0.106);Ground_Mountain_0_1:(-0.061, 0.993, -0.106);"
11.420,164.058,869.959,84.191,-134.637,-1.281,-1.185,-0.336,-2.411,1.000,0.000,0.164,0,0.000,1.882,-0.109,"Ground_Mountain_0_1:(-0.061, 0.993, -0.106);Ground_Mountain_0_1:(-0.061, 0.993, -0.106);Ground_Mountain_0_1:(-0.061, 0.993, -0.106);Ground_Mountain_0_1:(-0.061, 0.993, -0.106);Ground_Mountain_0_1:(-0.061, 0.993, -0.106);Ground_Mountain_0_1:(-0.061, 0.993, -0.106);"
11.440,164.007,869.936,84.185,-134.685,-1.278,-1.173,-0.328,-2.398,1.000,0.000,0.164,0,0.000,1.881,-0.109,"Ground_Mountain_0_1:(-0.060, 0.993, -0.105);Ground_Mountain_0_1:(-0.060, 0.993, -0.105);Ground_Mountain_0_1:(-0.060, 0.993, -0.105);Ground_Mountain_0_1:(-0.060, 0.993, -0.105);Ground_Mountain_0_1:(-0.060, 0.993, -0.105);Ground_Mountain_0_1:(-0.060, 0.993, -0.105);"
11.460,163.956,869.912,84.178,-134.732,-1.276,-1.163,-0.325,-2.386,1.000,0.000,0.164,0,0.000,1.884,-0.109,"Ground_Mountain_0_1:(-0.061, 0.993, -0.105);Ground_Mountain_0_1:(-0.061, 0.993, -0.105);Ground_Mountain_0_1:(-0.061, 0.993, -0.105);Ground_Mountain_0_1:(-0.061, 0.993, -0.105);Ground_Mountain_0_1:(-0.061, 0.993, -0.105);Ground_Mountain_0_1:(-0.061, 0.993, -0.105);"
11.480,163.906,869.889,84.172,-134.779,-1.272,-1.152,-0.320,-2.372,1.000,0.000,0.164,0,0.000,1.886,-0.109,"Ground_Mountain_0_1:(-0.060, 0.993, -0.105);Ground_Mountain_0_1:(-0.060, 0.993, -0.105);Ground_Mountain_0_1:(-0.060, 0.993, -0.105);Ground_Mountain_0_1:(-0.060, 0.993, -0.105);Ground_Mountain_0_1:(-0.060, 0.993, -0.105);Ground_Mountain_0_1:(-0.060, 0.993, -0.105);"
11.500,163.898,869.866,84.166,-134.827,-1.270,-1.142,-0.318,-2.360,1.000,0.000,0.164,0,0.000,1.886,-0.109,"Ground_Mountain_0_1:(-0.060, 0.993, -0.105);Ground_Mountain_0_1:(-0.060, 0.993, -0.105);Ground_Mountain_0_1:(-0.060, 0.993, -0.105);Ground_Mountain_0_1:(-0.060, 0.993, -0.105);Ground_Mountain_0_1:(-0.060, 0.993, -0.105);Ground_Mountain_0_1:(-0.060, 0.993, -0.105);"
11.520,163.898,869.843,84.159,-134.873,-1.267,-1.131,-0.316,-2.347,1.000,0.000,0.164,0,0.000,1.885,-0.109,"Ground_Mountain_0_1:(-0.060, 0.993, -0.105);Ground_Mountain_0_1:(-0.060, 0.993, -0.105);Ground_Mountain_0_1:(-0.060, 0.993, -0.105);Ground_Mountain_0_1:(-0.060, 0.993, -0.105);Ground_Mountain_0_1:(-0.060, 0.993, -0.105);Ground_Mountain_0_1:(-0.060, 0.993, -0.105);"
11.540,163.898,869.821,84.153,-134.920,-1.264,-1.120,-0.314,-2.334,1.000,0.000,0.164,0,0.000,1.884,-0.109,"Ground_Mountain_0_1:(-0.060, 0.993, -0.105);Ground_Mountain_0_1:(-0.060, 0.993, -0.105);Ground_Mountain_0_1:(-0.060, 0.993, -0.105);Ground_Mountain_0_1:(-0.060, 0.993, -0.105);Ground_Mountain_0_1:(-0.060, 0.993, -0.105);Ground_Mountain_0_1:(-0.060, 0.993, -0.105);"
11.560,163.898,869.798,84.147,-134.966,-1.261,-1.109,-0.311,-2.321,1.000,0.000,0.164,0,0.000,1.881,-0.109,"Ground_Mountain_0_1:(-0.060, 0.993, -0.105);Ground_Mountain_0_1:(-0.060, 0.993, -0.105);Ground_Mountain_0_1:(-0.060, 0.993, -0.105);Ground_Mountain_0_1:(-0.060, 0.993, -0.105);Ground_Mountain_0_1:(-0.060, 0.993, -0.105);Ground_Mountain_0_1:(-0.060, 0.993, -0.105);"
11.580,163.898,869.776,84.141,-135.012,-1.258,-1.098,-0.307,-2.308,1.000,0.000,0.163,0,0.000,1.880,-0.109,"Ground_Mountain_0_1:(-0.059, 0.993, -0.104);Ground_Mountain_0_1:(-0.059, 0.993, -0.104);Ground_Mountain_0_1:(-0.059, 0.993, -0.104);Ground_Mountain_0_1:(-0.059, 0.993, -0.104);Ground_Mountain_0_1:(-0.059, 0.993, -0.104);Ground_Mountain_0_1:(-0.059, 0.993, -0.104);"
11.600,163.873,869.755,84.135,-135.058,-1.248,-1.093,-0.304,-2.292,1.000,0.000,0.163,0,0.000,1.881,-0.109,"Ground_Mountain_0_1:(-0.059, 0.993, -0.104);Ground_Mountain_0_1:(-0.059, 0.993, -0.104);Ground_Mountain_0_1:(-0.059, 0.993, -0.104);Ground_Mountain_0_1:(-0.059, 0.993, -0.104);Ground_Mountain_0_1:(-0.059, 0.993, -0.104);Ground_Mountain_0_1:(-0.059, 0.993, -0.104);"
11.620,163.825,869.733,84.129,-135.103,-1.244,-1.081,-0.303,-2.279,1.000,0.000,0.163,0,0.000,1.883,-0.109,"Ground_Mountain_0_1:(-0.059, 0.993, -0.104);Ground_Mountain_0_1:(-0.059, 0.993, -0.104);Ground_Mountain_0_1:(-0.059, 0.993, -0.104);Ground_Mountain_0_1:(-0.059, 0.993, -0.104);Ground_Mountain_0_1:(-0.059, 0.993, -0.104);Ground_Mountain_0_1:(-0.059, 0.993, -0.104);"
11.640,163.778,869.711,84.123,-135.149,-1.241,-1.071,-0.302,-2.266,1.000,0.000,0.163,0,0.000,1.871,-0.108,"Ground_Mountain_0_1:(-0.059, 0.993, -0.104);Ground_Mountain_0_1:(-0.059, 0.993, -0.104);Ground_Mountain_0_1:(-0.059, 0.993, -0.104);Ground_Mountain_0_1:(-0.059, 0.993, -0.104);Ground_Mountain_0_1:(-0.059, 0.993, -0.104);Ground_Mountain_0_1:(-0.059, 0.993, -0.104);"
11.660,163.731,869.690,84.117,-135.194,-1.237,-1.060,-0.300,-2.253,1.000,0.000,0.163,0,0.000,1.874,-0.108,"Ground_Mountain_0_1:(-0.059, 0.993, -0.104);Ground_Mountain_0_1:(-0.059, 0.993, -0.104);Ground_Mountain_0_1:(-0.059, 0.993, -0.104);Ground_Mountain_0_1:(-0.059, 0.993, -0.104);Ground_Mountain_0_1:(-0.059, 0.993, -0.104);Ground_Mountain_0_1:(-0.059, 0.993, -0.104);"
11.680,163.684,869.669,84.111,-135.238,-1.232,-1.050,-0.300,-2.239,1.000,0.000,0.163,0,0.000,1.876,-0.108,"Ground_Mountain_0_1:(-0.060, 0.993, -0.104);Ground_Mountain_0_1:(-0.060, 0.993, -0.104);Ground_Mountain_0_1:(-0.060, 0.993, -0.104);Ground_Mountain_0_1:(-0.060, 0.993, -0.104);Ground_Mountain_0_1:(-0.060, 0.993, -0.104);Ground_Mountain_0_1:(-0.060, 0.993, -0.104);"
11.700,163.637,869.648,84.105,-135.283,-1.227,-1.041,-0.297,-2.225,1.000,0.000,0.163,0,0.000,1.878,-0.108,"Ground_Mountain_0_1:(-0.060, 0.993, -0.104);Ground_Mountain_0_1:(-0.060, 0.993, -0.104);Ground_Mountain_0_1:(-0.060, 0.993, -0.104);Ground_Mountain_0_1:(-0.060, 0.993, -0.104);Ground_Mountain_0_1:(-0.060, 0.993, -0.104);Ground_Mountain_0_1:(-0.060, 0.993, -0.104);"
11.720,163.591,869.627,84.099,-135.327,-1.221,-1.033,-0.296,-2.211,1.000,0.000,0.162,0,0.000,1.881,-0.108,"Ground_Mountain_0_1:(-0.059, 0.993, -0.104);Ground_Mountain_0_1:(-0.059, 0.993, -0.104);Ground_Mountain_0_1:(-0.059, 0.993, -0.104);Ground_Mountain_0_1:(-0.059, 0.993, -0.104);Ground_Mountain_0_1:(-0.059, 0.993, -0.104);Ground_Mountain_0_1:(-0.059, 0.993, -0.104);"
11.740,163.546,869.607,84.093,-135.371,-1.215,-1.025,-0.292,-2.197,1.000,0.000,0.162,0,0.000,1.885,-0.107,"Ground_Mountain_0_1:(-0.059, 0.993, -0.103);Ground_Mountain_0_1:(-0.059, 0.993, -0.103);Ground_Mountain_0_1:(-0.059, 0.993, -0.103);Ground_Mountain_0_1:(-0.059, 0.993, -0.103);Ground_Mountain_0_1:(-0.059, 0.993, -0.103);Ground_Mountain_0_1:(-0.059, 0.993, -0.103);"
11.760,163.500,869.586,84.088,-135.414,-1.209,-1.017,-0.293,-2.182,1.000,0.000,0.162,0,0.000,1.886,-0.107,"Ground_Mountain_0_1:(-0.059, 0.993, -0.103);Ground_Mountain_0_1:(-0.059, 0.993, -0.103);Ground_Mountain_0_1:(-0.059, 0.993, -0.103);Ground_Mountain_0_1:(-0.059, 0.993, -0.103);Ground_Mountain_0_1:(-0.059, 0.993, -0.103);Ground_Mountain_0_1:(-0.059, 0.993, -0.103);"
11.780,163.455,869.566,84.082,-135.457,-1.203,-1.008,-0.289,-2.168,1.000,0.000,0.162,0,0.000,1.887,-0.107,"Ground_Mountain_0_1:(-0.059, 0.993, -0.103);Ground_Mountain_0_1:(-0.059, 0.993, -0.103);Ground_Mountain_0_1:(-0.059, 0.993, -0.103);Ground_Mountain_0_1:(-0.059, 0.993, -0.103);Ground_Mountain_0_1:(-0.059, 0.993, -0.103);Ground_Mountain_0_1:(-0.059, 0.993, -0.103);"
11.800,163.410,869.546,84.076,-135.500,-1.198,-0.999,-0.289,-2.154,1.000,0.000,0.162,0,0.000,1.885,-0.107,"Ground_Mountain_0_1:(-0.059, 0.993, -0.103);Ground_Mountain_0_1:(-0.059, 0.993, -0.103);Ground_Mountain_0_1:(-0.059, 0.993, -0.103);Ground_Mountain_0_1:(-0.059, 0.993, -0.103);Ground_Mountain_0_1:(-0.059, 0.993, -0.103);Ground_Mountain_0_1:(-0.059, 0.993, -0.103);"
11.820,163.365,869.526,84.071,-135.543,-1.194,-0.989,-0.285,-2.140,1.000,0.000,0.162,0,0.000,1.883,-0.107,"Ground_Mountain_0_1:(-0.059, 0.993, -0.103);Ground_Mountain_0_1:(-0.059, 0.993, -0.103);Ground_Mountain_0_1:(-0.059, 0.993, -0.103);Ground_Mountain_0_1:(-0.059, 0.993, -0.103);Ground_Mountain_0_1:(-0.059, 0.993, -0.103);Ground_Mountain_0_1:(-0.059, 0.993, -0.103);"
11.840,163.321,869.506,84.065,-135.586,-1.189,-0.979,-0.283,-2.127,1.000,0.000,0.162,0,0.000,1.879,-0.107,"Ground_Mountain_0_1:(-0.059, 0.993, -0.103);Ground_Mountain_0_1:(-0.059, 0.993, -0.103);Ground_Mountain_0_1:(-0.059, 0.993, -0.103);Ground_Mountain_0_1:(-0.059, 0.993, -0.103);Ground_Mountain_0_1:(-0.059, 0.993, -0.103);Ground_Mountain_0_1:(-0.059, 0.993, -0.103);"
11.860,163.278,869.487,84.059,-135.628,-1.184,-0.970,-0.282,-2.113,1.000,0.000,0.162,0,0.000,1.879,-0.106,"Ground_Mountain_0_1:(-0.059, 0.993, -0.103);Ground_Mountain_0_1:(-0.059, 0.993, -0.103);Ground_Mountain_0_1:(-0.059, 0.993, -0.103);Ground_Mountain_0_1:(-0.059, 0.993, -0.103);Ground_Mountain_0_1:(-0.059, 0.993, -0.103);Ground_Mountain_0_1:(-0.059, 0.993, -0.103);"
11.880,163.234,869.468,84.054,-135.670,-1.179,-0.960,-0.278,-2.099,1.000,0.000,0.161,0,0.000,1.880,-0.106,"Ground_Mountain_0_1:(-0.059, 0.993, -0.103);Ground_Mountain_0_1:(-0.059, 0.993, -0.103);Ground_Mountain_0_1:(-0.059, 0.993, -0.103);Ground_Mountain_0_1:(-0.059, 0.993, -0.103);Ground_Mountain_0_1:(-0.059, 0.993, -0.103);Ground_Mountain_0_1:(-0.059, 0.993, -0.103);"
11.900,163.191,869.449,84.048,-135.711,-1.175,-0.950,-0.277,-2.085,1.000,0.000,0.161,0,0.000,1.880,-0.106,"Ground_Mountain_0_1:(-0.059, 0.993, -0.103);Ground_Mountain_0_1:(-0.059, 0.993, -0.103);Ground_Mountain_0_1:(-0.059, 0.993, -0.103);Ground_Mountain_0_1:(-0.059, 0.993, -0.103);Ground_Mountain_0_1:(-0.059, 0.993, -0.103);Ground_Mountain_0_1:(-0.059, 0.993, -0.103);"
11.920,163.148,869.430,84.043,-135.752,-1.170,-0.940,-0.275,-2.072,1.000,0.000,0.162,0,0.000,1.876,-0.106,"Ground_Mountain_0_1:(-0.059, 0.993, -0.103);Ground_Mountain_0_1:(-0.059, 0.993, -0.103);Ground_Mountain_0_1:(-0.059, 0.993, -0.103);Ground_Mountain_0_1:(-0.059, 0.993, -0.103);Ground_Mountain_0_1:(-0.059, 0.993, -0.103);Ground_Mountain_0_1:(-0.059, 0.993, -0.103);"
11.940,163.105,869.411,84.037,-135.794,-1.164,-0.931,-0.274,-2.057,1.000,0.000,0.161,0,0.000,1.877,-0.106,"Ground_Mountain_0_1:(-0.059, 0.993, -0.103);Ground_Mountain_0_1:(-0.059, 0.993, -0.103);Ground_Mountain_0_1:(-0.059, 0.993, -0.103);Ground_Mountain_0_1:(-0.059, 0.993, -0.103);Ground_Mountain_0_1:(-0.059, 0.993, -0.103);Ground_Mountain_0_1:(-0.059, 0.993, -0.103);"
11.960,163.063,869.392,84.032,-135.834,-1.157,-0.923,-0.272,-2.043,1.000,0.000,0.161,0,0.000,1.882,-0.106,"Ground_Mountain_0_1:(-0.059, 0.993, -0.103);Ground_Mountain_0_1:(-0.059, 0.993, -0.103);Ground_Mountain_0_1:(-0.059, 0.993, -0.103);Ground_Mountain_0_1:(-0.059, 0.993, -0.103);Ground_Mountain_0_1:(-0.059, 0.993, -0.103);Ground_Mountain_0_1:(-0.059, 0.993, -0.103);"
11.980,163.021,869.374,84.027,-135.875,-1.149,-0.916,-0.264,-2.027,1.000,0.000,0.161,0,0.000,1.885,-0.106,"Ground_Mountain_0_1:(-0.058, 0.993, -0.102);Ground_Mountain_0_1:(-0.058, 0.993, -0.102);Ground_Mountain_0_1:(-0.058, 0.993, -0.102);Ground_Mountain_0_1:(-0.058, 0.993, -0.102);Ground_Mountain_0_1:(-0.058, 0.993, -0.102);Ground_Mountain_0_1:(-0.058, 0.993, -0.102);"
12.000,162.980,869.356,84.021,-135.915,-1.141,-0.910,-0.262,-2.012,1.000,0.000,0.161,0,0.000,1.889,-0.106,"Ground_Mountain_0_1:(-0.058, 0.993, -0.102);Ground_Mountain_0_1:(-0.058, 0.993, -0.102);Ground_Mountain_0_1:(-0.058, 0.993, -0.102);Ground_Mountain_0_1:(-0.058, 0.993, -0.102);Ground_Mountain_0_1:(-0.058, 0.993, -0.102);Ground_Mountain_0_1:(-0.058, 0.993, -0.102);"
12.020,162.939,869.338,84.016,-135.955,-1.133,-0.904,-0.261,-1.996,1.000,0.000,0.161,0,0.000,1.890,-0.106,"Ground_Mountain_0_1:(-0.058, 0.993, -0.102);Ground_Mountain_0_1:(-0.058, 0.993, -0.102);Ground_Mountain_0_1:(-0.058, 0.993, -0.102);Ground_Mountain_0_1:(-0.058, 0.993, -0.102);Ground_Mountain_0_1:(-0.058, 0.993, -0.102);Ground_Mountain_0_1:(-0.058, 0.993, -0.102);"
12.040,162.898,869.320,84.011,-135.994,-1.125,-0.897,-0.259,-1.981,1.000,0.000,0.161,0,0.000,1.890,-0.106,"Ground_Mountain_0_1:(-0.059, 0.993, -0.102);Ground_Mountain_0_1:(-0.059, 0.993, -0.102);Ground_Mountain_0_1:(-0.059, 0.993, -0.102);Ground_Mountain_0_1:(-0.059, 0.993, -0.102);Ground_Mountain_0_1:(-0.059, 0.993, -0.102);Ground_Mountain_0_1:(-0.059, 0.993, -0.102);"
12.060,162.857,869.302,84.006,-136.033,-1.116,-0.891,-0.257,-1.965,1.000,0.000,0.161,0,0.000,1.889,-0.106,"Ground_Mountain_0_1:(-0.058, 0.993, -0.102);Ground_Mountain_0_1:(-0.058, 0.993, -0.102);Ground_Mountain_0_1:(-0.058, 0.993, -0.102);Ground_Mountain_0_1:(-0.058, 0.993, -0.102);Ground_Mountain_0_1:(-0.058, 0.993, -0.102);Ground_Mountain_0_1:(-0.058, 0.993, -0.102);"
12.080,162.817,869.284,84.001,-136.072,-1.108,-0.884,-0.255,-1.950,1.000,0.000,0.161,0,0.000,1.889,-0.106,"Ground_Mountain_0_1:(-0.058, 0.993, -0.102);Ground_Mountain_0_1:(-0.058, 0.993, -0.102);Ground_Mountain_0_1:(-0.058, 0.993, -0.102);Ground_Mountain_0_1:(-0.058, 0.993, -0.102);Ground_Mountain_0_1:(-0.058, 0.993, -0.102);Ground_Mountain_0_1:(-0.058, 0.993, -0.102);"
12.100,162.777,869.266,83.996,-136.111,-1.100,-0.878,-0.254,-1.935,1.000,0.000,0.160,0,0.000,1.888,-0.106,"Ground_Mountain_0_1:(-0.059, 0.993, -0.102);Ground_Mountain_0_1:(-0.059, 0.993, -0.102);Ground_Mountain_0_1:(-0.059, 0.993, -0.102);Ground_Mountain_0_1:(-0.059, 0.993, -0.102);Ground_Mountain_0_1:(-0.059, 0.993, -0.102);Ground_Mountain_0_1:(-0.059, 0.993, -0.102);"
12.120,162.737,869.249,83.991,-136.149,-1.092,-0.871,-0.249,-1.919,1.000,0.000,0.160,0,0.000,1.888,-0.106,"Ground_Mountain_0_1:(-0.058, 0.993, -0.102);Ground_Mountain_0_1:(-0.058, 0.993, -0.102);Ground_Mountain_0_1:(-0.058, 0.993, -0.102);Ground_Mountain_0_1:(-0.058, 0.993, -0.102);Ground_Mountain_0_1:(-0.058, 0.993, -0.102);Ground_Mountain_0_1:(-0.058, 0.993, -0.102);"
12.140,162.698,869.231,83.986,-136.187,-1.085,-0.863,-0.247,-1.904,1.000,0.000,0.160,0,0.000,1.887,-0.106,"Ground_Mountain_0_1:(-0.058, 0.993, -0.102);Ground_Mountain_0_1:(-0.058, 0.993, -0.102);Ground_Mountain_0_1:(-0.058, 0.993, -0.102);Ground_Mountain_0_1:(-0.058, 0.993, -0.102);Ground_Mountain_0_1:(-0.058, 0.993, -0.102);Ground_Mountain_0_1:(-0.058, 0.993, -0.102);"
12.160,162.659,869.214,83.981,-136.225,-1.077,-0.856,-0.245,-1.889,1.000,0.000,0.160,0,0.000,1.886,-0.106,"Ground_Mountain_0_1:(-0.058, 0.993, -0.102);Ground_Mountain_0_1:(-0.058, 0.993, -0.102);Ground_Mountain_0_1:(-0.058, 0.993, -0.102);Ground_Mountain_0_1:(-0.058, 0.993, -0.102);Ground_Mountain_0_1:(-0.058, 0.993, -0.102);Ground_Mountain_0_1:(-0.058, 0.993, -0.102);"
12.180,162.620,869.197,83.976,-136.262,-1.069,-0.849,-0.243,-1.874,1.000,0.000,0.160,0,0.000,1.887,-0.106,"Ground_Mountain_0_1:(-0.058, 0.993, -0.102);Ground_Mountain_0_1:(-0.058, 0.993, -0.102);Ground_Mountain_0_1:(-0.058, 0.993, -0.102);Ground_Mountain_0_1:(-0.058, 0.993, -0.102);Ground_Mountain_0_1:(-0.058, 0.993, -0.102);Ground_Mountain_0_1:(-0.058, 0.993, -0.102);"
12.200,162.581,869.180,83.971,-136.299,-1.061,-0.843,-0.243,-1.858,1.000,0.000,0.160,0,0.000,1.889,-0.106,"Ground_Mountain_0_1:(-0.058, 0.993, -0.102);Ground_Mountain_0_1:(-0.058, 0.993, -0.102);Ground_Mountain_0_1:(-0.058, 0.993, -0.102);Ground_Mountain_0_1:(-0.058, 0.993, -0.102);Ground_Mountain_0_1:(-0.058, 0.993, -0.102);Ground_Mountain_0_1:(-0.058, 0.993, -0.102);"
12.220,162.543,869.163,83.966,-136.336,-1.053,-0.836,-0.241,-1.843,1.000,0.000,0.160,0,0.000,1.890,-0.106,"Ground_Mountain_0_1:(-0.058, 0.993, -0.102);Ground_Mountain_0_1:(-0.058, 0.993, -0.102);Ground_Mountain_0_1:(-0.058, 0.993, -0.102);Ground_Mountain_0_1:(-0.058, 0.993, -0.102);Ground_Mountain_0_1:(-0.058, 0.993, -0.102);Ground_Mountain_0_1:(-0.058, 0.993, -0.102);"
12.240,162.505,869.147,83.962,-136.372,-1.045,-0.830,-0.237,-1.827,1.000,0.000,0.160,0,0.000,1.890,-0.106,"Ground_Mountain_0_1:(-0.058, 0.993, -0.102);Ground_Mountain_0_1:(-0.058, 0.993, -0.102);Ground_Mountain_0_1:(-0.058, 0.993, -0.102);Ground_Mountain_0_1:(-0.058, 0.993, -0.102);Ground_Mountain_0_1:(-0.058, 0.993, -0.102);Ground_Mountain_0_1:(-0.058, 0.993, -0.102);"
12.260,162.468,869.130,83.957,-136.408,-1.037,-0.822,-0.235,-1.812,1.000,0.000,0.160,0,0.000,1.889,-0.106,"Ground_Mountain_0_1:(-0.058, 0.993, -0.102);Ground_Mountain_0_1:(-0.058, 0.993, -0.102);Ground_Mountain_0_1:(-0.058, 0.993, -0.102);Ground_Mountain_0_1:(-0.058, 0.993, -0.102);Ground_Mountain_0_1:(-0.058, 0.993, -0.102);Ground_Mountain_0_1:(-0.058, 0.993, -0.102);"
12.280,162.431,869.114,83.953,-136.444,-1.030,-0.814,-0.234,-1.797,1.000,0.000,0.160,0,0.000,1.887,-0.106,"Ground_Mountain_0_1:(-0.058, 0.993, -0.101);Ground_Mountain_0_1:(-0.058, 0.993, -0.101);Ground_Mountain_0_1:(-0.058, 0.993, -0.101);Ground_Mountain_0_1:(-0.058, 0.993, -0.101);Ground_Mountain_0_1:(-0.058, 0.993, -0.101);Ground_Mountain_0_1:(-0.058, 0.993, -0.101);"
12.300,162.394,869.098,83.948,-136.480,-1.023,-0.806,-0.234,-1.783,1.000,0.000,0.159,0,0.000,1.887,-0.106,"Ground_Mountain_0_1:(-0.058, 0.993, -0.101);Ground_Mountain_0_1:(-0.058, 0.993, -0.101);Ground_Mountain_0_1:(-0.058, 0.993, -0.101);Ground_Mountain_0_1:(-0.058, 0.993, -0.101);Ground_Mountain_0_1:(-0.058, 0.993, -0.101);Ground_Mountain_0_1:(-0.058, 0.993, -0.101);"
12.320,162.357,869.082,83.943,-136.515,-1.016,-0.799,-0.232,-1.768,1.000,0.000,0.159,0,0.000,1.887,-0.106,"Ground_Mountain_0_1:(-0.058, 0.993, -0.102);Ground_Mountain_0_1:(-0.058, 0.993, -0.102);Ground_Mountain_0_1:(-0.058, 0.993, -0.102);Ground_Mountain_0_1:(-0.058, 0.993, -0.102);Ground_Mountain_0_1:(-0.058, 0.993, -0.102);Ground_Mountain_0_1:(-0.058, 0.993, -0.102);"
12.340,162.321,869.066,83.939,-136.550,-1.009,-0.791,-0.230,-1.753,1.000,0.000,0.159,0,0.000,1.887,-0.106,"Ground_Mountain_0_1:(-0.058, 0.993, -0.102);Ground_Mountain_0_1:(-0.058, 0.993, -0.102);Ground_Mountain_0_1:(-0.058, 0.993, -0.102);Ground_Mountain_0_1:(-0.058, 0.993, -0.102);Ground_Mountain_0_1:(-0.058, 0.993, -0.102);Ground_Mountain_0_1:(-0.058, 0.993, -0.102);"
12.360,162.285,869.050,83.934,-136.585,-1.002,-0.783,-0.227,-1.738,1.000,0.000,0.159,0,0.000,1.887,-0.106,"Ground_Mountain_0_1:(-0.058, 0.993, -0.101);Ground_Mountain_0_1:(-0.058, 0.993, -0.101);Ground_Mountain_0_1:(-0.058, 0.993, -0.101);Ground_Mountain_0_1:(-0.058, 0.993, -0.101);Ground_Mountain_0_1:(-0.058, 0.993, -0.101);Ground_Mountain_0_1:(-0.058, 0.993, -0.101);"
12.380,162.250,869.034,83.930,-136.619,-0.995,-0.775,-0.227,-1.724,1.000,0.000,0.159,0,0.000,1.888,-0.106,"Ground_Mountain_0_1:(-0.058, 0.993, -0.102);Ground_Mountain_0_1:(-0.058, 0.993, -0.102);Ground_Mountain_0_1:(-0.058, 0.993, -0.102);Ground_Mountain_0_1:(-0.058, 0.993, -0.102);Ground_Mountain_0_1:(-0.058, 0.993, -0.102);Ground_Mountain_0_1:(-0.058, 0.993, -0.102);"
12.400,162.215,869.019,83.926,-136.653,-0.987,-0.768,-0.224,-1.708,1.000,0.000,0.159,0,0.000,1.887,-0.106,"Ground_Mountain_0_1:(-0.058, 0.993, -0.102);Ground_Mountain_0_1:(-0.058, 0.993, -0.102);Ground_Mountain_0_1:(-0.058, 0.993, -0.102);Ground_Mountain_0_1:(-0.058, 0.993, -0.102);Ground_Mountain_0_1:(-0.058, 0.993, -0.102);Ground_Mountain_0_1:(-0.058, 0.993, -0.102);"
12.420,162.180,869.004,83.921,-136.687,-0.979,-0.761,-0.222,-1.693,1.000,0.000,0.159,0,0.000,1.890,-0.106,"Ground_Mountain_0_1:(-0.058, 0.993, -0.102);Ground_Mountain_0_1:(-0.058, 0.993, -0.102);Ground_Mountain_0_1:(-0.058, 0.993, -0.102);Ground_Mountain_0_1:(-0.058, 0.993, -0.102);Ground_Mountain_0_1:(-0.058, 0.993, -0.102);Ground_Mountain_0_1:(-0.058, 0.993, -0.102);"
12.440,162.145,868.989,83.917,-136.720,-0.971,-0.754,-0.219,-1.678,1.000,0.000,0.159,0,0.000,1.890,-0.105,"Ground_Mountain_0_1:(-0.058, 0.993, -0.102);Ground_Mountain_0_1:(-0.058, 0.993, -0.102);Ground_Mountain_0_1:(-0.058, 0.993, -0.102);Ground_Mountain_0_1:(-0.058, 0.993, -0.102);Ground_Mountain_0_1:(-0.058, 0.993, -0.102);Ground_Mountain_0_1:(-0.058, 0.993, -0.102);"
12.460,162.117,868.973,83.913,-136.753,-0.965,-0.745,-0.218,-1.663,1.000,0.000,0.159,0,0.000,1.889,-0.105,"Ground_Mountain_0_1:(-0.058, 0.993, -0.101);Ground_Mountain_0_1:(-0.058, 0.993, -0.101);Ground_Mountain_0_1:(-0.058, 0.993, -0.101);Ground_Mountain_0_1:(-0.058, 0.993, -0.101);Ground_Mountain_0_1:(-0.058, 0.993, -0.101);Ground_Mountain_0_1:(-0.058, 0.993, -0.101);"
12.480,162.117,868.959,83.909,-136.786,-0.959,-0.736,-0.217,-1.649,1.000,0.000,0.158,0,0.000,1.885,-0.105,"Ground_Mountain_0_1:(-0.058, 0.993, -0.101);Ground_Mountain_0_1:(-0.058, 0.993, -0.101);Ground_Mountain_0_1:(-0.058, 0.993, -0.101);Ground_Mountain_0_1:(-0.058, 0.993, -0.101);Ground_Mountain_0_1:(-0.058, 0.993, -0.101);Ground_Mountain_0_1:(-0.058, 0.993, -0.101);"
12.500,162.117,868.944,83.904,-136.819,-0.954,-0.726,-0.216,-1.636,1.000,0.000,0.158,0,0.000,1.880,-0.105,"Ground_Mountain_0_1:(-0.058, 0.993, -0.101);Ground_Mountain_0_1:(-0.058, 0.993, -0.101);Ground_Mountain_0_1:(-0.058, 0.993, -0.101);Ground_Mountain_0_1:(-0.058, 0.993, -0.101);Ground_Mountain_0_1:(-0.058, 0.993, -0.101);Ground_Mountain_0_1:(-0.058, 0.993, -0.101);"
12.520,162.117,868.930,83.900,-136.851,-0.949,-0.715,-0.215,-1.622,1.000,0.000,0.158,0,0.000,1.877,-0.105,"Ground_Mountain_0_1:(-0.058, 0.993, -0.101);Ground_Mountain_0_1:(-0.058, 0.993, -0.101);Ground_Mountain_0_1:(-0.058, 0.993, -0.101);Ground_Mountain_0_1:(-0.058, 0.993, -0.101);Ground_Mountain_0_1:(-0.058, 0.993, -0.101);Ground_Mountain_0_1:(-0.058, 0.993, -0.101);"
12.540,162.117,868.915,83.896,-136.883,-0.945,-0.704,-0.213,-1.608,1.000,0.000,0.158,0,0.000,1.874,-0.105,"Ground_Mountain_0_1:(-0.058, 0.993, -0.101);Ground_Mountain_0_1:(-0.058, 0.993, -0.101);Ground_Mountain_0_1:(-0.058, 0.993, -0.101);Ground_Mountain_0_1:(-0.058, 0.993, -0.101);Ground_Mountain_0_1:(-0.058, 0.993, -0.101);Ground_Mountain_0_1:(-0.058, 0.993, -0.101);"
12.560,162.117,868.901,83.892,-136.915,-0.940,-0.692,-0.210,-1.595,1.000,0.000,0.158,0,0.000,1.874,-0.104,"Ground_Mountain_0_1:(-0.058, 0.993, -0.100);Ground_Mountain_0_1:(-0.058, 0.993, -0.100);Ground_Mountain_0_1:(-0.058, 0.993, -0.100);Ground_Mountain_0_1:(-0.058, 0.993, -0.100);Ground_Mountain_0_1:(-0.058, 0.993, -0.100);Ground_Mountain_0_1:(-0.058, 0.993, -0.100);"
12.580,162.117,868.888,83.888,-136.946,-0.934,-0.683,-0.208,-1.581,1.000,0.000,0.158,0,0.000,1.873,-0.104,"Ground_Mountain_0_1:(-0.058, 0.993, -0.100);Ground_Mountain_0_1:(-0.058, 0.993, -0.100);Ground_Mountain_0_1:(-0.058, 0.993, -0.100);Ground_Mountain_0_1:(-0.058, 0.993, -0.100);Ground_Mountain_0_1:(-0.058, 0.993, -0.100);Ground_Mountain_0_1:(-0.058, 0.993, -0.100);"
12.600,162.117,868.874,83.884,-136.978,-0.927,-0.674,-0.203,-1.565,1.000,0.000,0.158,0,0.000,1.879,-0.104,"Ground_Mountain_0_1:(-0.058, 0.993, -0.100);Ground_Mountain_0_1:(-0.058, 0.993, -0.100);Ground_Mountain_0_1:(-0.058, 0.993, -0.100);Ground_Mountain_0_1:(-0.058, 0.993, -0.100);Ground_Mountain_0_1:(-0.058, 0.993, -0.100);Ground_Mountain_0_1:(-0.058, 0.993, -0.100);"
12.620,162.117,868.861,83.880,-137.009,-0.919,-0.666,-0.202,-1.551,1.000,0.000,0.158,0,0.000,1.881,-0.104,"Ground_Mountain_0_1:(-0.058, 0.993, -0.100);Ground_Mountain_0_1:(-0.058, 0.993, -0.100);Ground_Mountain_0_1:(-0.058, 0.993, -0.100);Ground_Mountain_0_1:(-0.058, 0.993, -0.100);Ground_Mountain_0_1:(-0.058, 0.993, -0.100);Ground_Mountain_0_1:(-0.058, 0.993, -0.100);"
12.640,162.117,868.848,83.876,-137.039,-0.912,-0.658,-0.201,-1.536,1.000,0.000,0.157,0,0.000,1.881,-0.104,"Ground_Mountain_0_1:(-0.058, 0.993, -0.100);Ground_Mountain_0_1:(-0.058, 0.993, -0.100);Ground_Mountain_0_1:(-0.058, 0.993, -0.100);Ground_Mountain_0_1:(-0.058, 0.993, -0.100);Ground_Mountain_0_1:(-0.058, 0.993, -0.100);Ground_Mountain_0_1:(-0.058, 0.993, -0.100);"
12.660,162.117,868.834,83.873,-137.070,-0.904,-0.650,-0.197,-1.520,1.000,0.000,0.157,0,0.000,1.880,-0.103,"Ground_Mountain_0_1:(-0.058, 0.993, -0.100);Ground_Mountain_0_1:(-0.058, 0.993, -0.100);Ground_Mountain_0_1:(-0.058, 0.993, -0.100);Ground_Mountain_0_1:(-0.058, 0.993, -0.100);Ground_Mountain_0_1:(-0.058, 0.993, -0.100);Ground_Mountain_0_1:(-0.058, 0.993, -0.100);"
12.680,162.117,868.822,83.869,-137.100,-0.897,-0.642,-0.196,-1.505,1.000,0.000,0.157,0,0.000,1.881,-0.103,"Ground_Mountain_0_1:(-0.057, 0.993, -0.100);Ground_Mountain_0_1:(-0.057, 0.993, -0.100);Ground_Mountain_0_1:(-0.057, 0.993, -0.100);Ground_Mountain_0_1:(-0.057, 0.993, -0.100);Ground_Mountain_0_1:(-0.057, 0.993, -0.100);Ground_Mountain_0_1:(-0.057, 0.993, -0.100);"
12.700,162.117,868.809,83.865,-137.129,-0.887,-0.636,-0.193,-1.489,1.000,0.000,0.157,0,0.000,1.880,-0.103,"Ground_Mountain_0_1:(-0.057, 0.993, -0.100);Ground_Mountain_0_1:(-0.057, 0.993, -0.100);Ground_Mountain_0_1:(-0.057, 0.993, -0.100);Ground_Mountain_0_1:(-0.057, 0.993, -0.100);Ground_Mountain_0_1:(-0.057, 0.993, -0.100);Ground_Mountain_0_1:(-0.057, 0.993, -0.100);"
12.720,162.092,868.796,83.861,-137.159,-0.878,-0.630,-0.190,-1.473,1.000,0.000,0.157,0,0.000,1.884,-0.103,"Ground_Mountain_0_1:(-0.057, 0.993, -0.100);Ground_Mountain_0_1:(-0.057, 0.993, -0.100);Ground_Mountain_0_1:(-0.057, 0.993, -0.100);Ground_Mountain_0_1:(-0.057, 0.993, -0.100);Ground_Mountain_0_1:(-0.057, 0.993, -0.100);Ground_Mountain_0_1:(-0.057, 0.993, -0.100);"
12.740,162.063,868.784,83.858,-137.188,-0.868,-0.624,-0.188,-1.457,1.000,0.000,0.157,0,0.000,1.886,-0.103,"Ground_Mountain_0_1:(-0.057, 0.993, -0.100);Ground_Mountain_0_1:(-0.057, 0.993, -0.100);Ground_Mountain_0_1:(-0.057, 0.993, -0.100);Ground_Mountain_0_1:(-0.057, 0.993, -0.100);Ground_Mountain_0_1:(-0.057, 0.993, -0.100);Ground_Mountain_0_1:(-0.057, 0.993, -0.100);"
12.760,162.034,868.771,83.854,-137.216,-0.858,-0.618,-0.186,-1.441,1.000,0.000,0.157,0,0.000,1.886,-0.103,"Ground_Mountain_0_1:(-0.057, 0.993, -0.100);Ground_Mountain_0_1:(-0.057, 0.993, -0.100);Ground_Mountain_0_1:(-0.057, 0.993, -0.100);Ground_Mountain_0_1:(-0.057, 0.993, -0.100);Ground_Mountain_0_1:(-0.057, 0.993, -0.100);Ground_Mountain_0_1:(-0.057, 0.993, -0.100);"
12.780,162.005,868.759,83.850,-137.245,-0.848,-0.613,-0.184,-1.425,1.000,0.000,0.157,0,0.000,1.887,-0.103,"Ground_Mountain_0_1:(-0.057, 0.993, -0.100);Ground_Mountain_0_1:(-0.057, 0.993, -0.100);Ground_Mountain_0_1:(-0.057, 0.993, -0.100);Ground_Mountain_0_1:(-0.057, 0.993, -0.100);Ground_Mountain_0_1:(-0.057, 0.993, -0.100);Ground_Mountain_0_1:(-0.057, 0.993, -0.100);"
12.800,161.976,868.747,83.847,-137.273,-0.839,-0.607,-0.183,-1.409,1.000,0.000,0.157,0,0.000,1.887,-0.103,"Ground_Mountain_0_1:(-0.057, 0.993, -0.100);Ground_Mountain_0_1:(-0.057, 0.993, -0.100);Ground_Mountain_0_1:(-0.057, 0.993, -0.100);Ground_Mountain_0_1:(-0.057, 0.993, -0.100);Ground_Mountain_0_1:(-0.057, 0.993, -0.100);Ground_Mountain_0_1:(-0.057, 0.993, -0.100);"
12.820,161.948,868.734,83.843,-137.301,-0.828,-0.602,-0.180,-1.392,1.000,0.000,0.156,0,0.000,1.887,-0.103,"Ground_Mountain_0_1:(-0.057, 0.993, -0.100);Ground_Mountain_0_1:(-0.057, 0.993, -0.100);Ground_Mountain_0_1:(-0.057, 0.993, -0.100);Ground_Mountain_0_1:(-0.057, 0.993, -0.100);Ground_Mountain_0_1:(-0.057, 0.993, -0.100);Ground_Mountain_0_1:(-0.057, 0.993, -0.100);"
12.840,161.920,868.722,83.840,-137.328,-0.818,-0.597,-0.178,-1.376,1.000,0.000,0.156,0,0.000,1.889,-0.103,"Ground_Mountain_0_1:(-0.057, 0.993, -0.100);Ground_Mountain_0_1:(-0.057, 0.993, -0.100);Ground_Mountain_0_1:(-0.057, 0.993, -0.100);Ground_Mountain_0_1:(-0.057, 0.993, -0.100);Ground_Mountain_0_1:(-0.057, 0.993, -0.100);Ground_Mountain_0_1:(-0.057, 0.993, -0.100);"
12.860,161.892,868.711,83.836,-137.355,-0.807,-0.592,-0.177,-1.359,1.000,0.000,0.156,0,0.000,1.890,-0.103,"Ground_Mountain_0_1:(-0.057, 0.993, -0.100);Ground_Mountain_0_1:(-0.057, 0.993, -0.100);Ground_Mountain_0_1:(-0.057, 0.993, -0.100);Ground_Mountain_0_1:(-0.057, 0.993, -0.100);Ground_Mountain_0_1:(-0.057, 0.993, -0.100);Ground_Mountain_0_1:(-0.057, 0.993, -0.100);"
12.880,161.865,868.699,83.833,-137.382,-0.797,-0.588,-0.175,-1.343,1.000,0.000,0.156,0,0.000,1.891,-0.103,"Ground_Mountain_0_1:(-0.057, 0.993, -0.100);Ground_Mountain_0_1:(-0.057, 0.993, -0.100);Ground_Mountain_0_1:(-0.057, 0.993, -0.100);Ground_Mountain_0_1:(-0.057, 0.993, -0.100);Ground_Mountain_0_1:(-0.057, 0.993, -0.100);Ground_Mountain_0_1:(-0.057, 0.993, -0.100);"
12.900,161.838,868.687,83.830,-137.408,-0.786,-0.582,-0.173,-1.327,1.000,0.000,0.156,0,0.000,1.891,-0.103,"Ground_Mountain_0_1:(-0.057, 0.993, -0.100);Ground_Mountain_0_1:(-0.057, 0.993, -0.100);Ground_Mountain_0_1:(-0.057, 0.993, -0.100);Ground_Mountain_0_1:(-0.057, 0.993, -0.100);Ground_Mountain_0_1:(-0.057, 0.993, -0.100);Ground_Mountain_0_1:(-0.057, 0.993, -0.100);"
12.920,161.811,868.676,83.826,-137.434,-0.776,-0.577,-0.170,-1.310,1.000,0.000,0.156,0,0.000,1.890,-0.103,"Ground_Mountain_0_1:(-0.057, 0.993, -0.100);Ground_Mountain_0_1:(-0.057, 0.993, -0.100);Ground_Mountain_0_1:(-0.057, 0.993, -0.100);Ground_Mountain_0_1:(-0.057, 0.993, -0.100);Ground_Mountain_0_1:(-0.057, 0.993, -0.100);Ground_Mountain_0_1:(-0.057, 0.993, -0.100);"
12.940,161.784,868.664,83.823,-137.460,-0.766,-0.572,-0.168,-1.294,1.000,0.000,0.156,0,0.000,1.890,-0.103,"Ground_Mountain_0_1:(-0.057, 0.993, -0.100);Ground_Mountain_0_1:(-0.057, 0.993, -0.100);Ground_Mountain_0_1:(-0.057, 0.993, -0.100);Ground_Mountain_0_1:(-0.057, 0.993, -0.100);Ground_Mountain_0_1:(-0.057, 0.993, -0.100);Ground_Mountain_0_1:(-0.057, 0.993, -0.100);"
12.960,161.758,868.653,83.820,-137.486,-0.754,-0.568,-0.159,-1.277,1.000,0.000,0.156,0,0.000,1.890,-0.103,"Ground_Mountain_0_1:(-0.057, 0.993, -0.100);Ground_Mountain_0_1:(-0.057, 0.993, -0.100);Ground_Mountain_0_1:(-0.057, 0.993, -0.100);Ground_Mountain_0_1:(-0.057, 0.993, -0.100);Ground_Mountain_0_1:(-0.057, 0.993, -0.100);Ground_Mountain_0_1:(-0.057, 0.993, -0.100);"
12.980,161.732,868.641,83.817,-137.511,-0.745,-0.561,-0.161,-1.261,1.000,0.000,0.156,0,0.000,1.887,-0.103,"Ground_Mountain_0_1:(-0.057, 0.993, -0.100);Ground_Mountain_0_1:(-0.057, 0.993, -0.100);Ground_Mountain_0_1:(-0.057, 0.993, -0.100);Ground_Mountain_0_1:(-0.057, 0.993, -0.100);Ground_Mountain_0_1:(-0.057, 0.993, -0.100);Ground_Mountain_0_1:(-0.057, 0.993, -0.100);"
13.000,161.707,868.630,83.814,-137.536,-0.736,-0.554,-0.158,-1.246,1.000,0.000,0.156,0,0.000,1.887,-0.103,"Ground_Mountain_0_1:(-0.058, 0.993, -0.099);Ground_Mountain_0_1:(-0.058, 0.993, -0.099);Ground_Mountain_0_1:(-0.058, 0.993, -0.099);Ground_Mountain_0_1:(-0.058, 0.993, -0.099);Ground_Mountain_0_1:(-0.058, 0.993, -0.099);Ground_Mountain_0_1:(-0.058, 0.993, -0.099);"
13.020,161.681,868.619,83.811,-137.560,-0.728,-0.547,-0.156,-1.230,1.000,0.000,0.156,0,0.000,1.890,-0.103,"Ground_Mountain_0_1:(-0.057, 0.993, -0.099);Ground_Mountain_0_1:(-0.057, 0.993, -0.099);Ground_Mountain_0_1:(-0.057, 0.993, -0.099);Ground_Mountain_0_1:(-0.057, 0.993, -0.099);Ground_Mountain_0_1:(-0.057, 0.993, -0.099);Ground_Mountain_0_1:(-0.057, 0.993, -0.099);"
13.040,161.657,868.608,83.808,-137.584,-0.719,-0.540,-0.155,-1.215,1.000,0.000,0.156,0,0.000,1.889,-0.103,"Ground_Mountain_0_1:(-0.057, 0.993, -0.099);Ground_Mountain_0_1:(-0.057, 0.993, -0.099);Ground_Mountain_0_1:(-0.057, 0.993, -0.099);Ground_Mountain_0_1:(-0.057, 0.993, -0.099);Ground_Mountain_0_1:(-0.057, 0.993, -0.099);Ground_Mountain_0_1:(-0.057, 0.993, -0.099);"
13.060,161.632,868.597,83.805,-137.608,-0.710,-0.534,-0.153,-1.199,1.000,0.000,0.156,0,0.000,1.887,-0.103,"Ground_Mountain_0_1:(-0.057, 0.993, -0.099);Ground_Mountain_0_1:(-0.057, 0.993, -0.099);Ground_Mountain_0_1:(-0.057, 0.993, -0.099);Ground_Mountain_0_1:(-0.057, 0.993, -0.099);Ground_Mountain_0_1:(-0.057, 0.993, -0.099);Ground_Mountain_0_1:(-0.057, 0.993, -0.099);"
13.080,161.608,868.587,83.802,-137.632,-0.702,-0.527,-0.152,-1.184,1.000,0.000,0.156,0,0.000,1.889,-0.103,"Ground_Mountain_0_1:(-0.058, 0.993, -0.099);Ground_Mountain_0_1:(-0.058, 0.993, -0.099);Ground_Mountain_0_1:(-0.058, 0.993, -0.099);Ground_Mountain_0_1:(-0.058, 0.993, -0.099);Ground_Mountain_0_1:(-0.058, 0.993, -0.099);Ground_Mountain_0_1:(-0.058, 0.993, -0.099);"
13.100,161.584,868.576,83.799,-137.655,-0.693,-0.520,-0.150,-1.168,1.000,0.000,0.156,0,0.000,1.889,-0.103,"Ground_Mountain_0_1:(-0.057, 0.993, -0.099);Ground_Mountain_0_1:(-0.057, 0.993, -0.099);Ground_Mountain_0_1:(-0.057, 0.993, -0.099);Ground_Mountain_0_1:(-0.057, 0.993, -0.099);Ground_Mountain_0_1:(-0.057, 0.993, -0.099);Ground_Mountain_0_1:(-0.057, 0.993, -0.099);"
13.120,161.560,868.566,83.796,-137.678,-0.684,-0.513,-0.149,-1.153,1.000,0.000,0.155,0,0.000,1.887,-0.103,"Ground_Mountain_0_1:(-0.057, 0.993, -0.099);Ground_Mountain_0_1:(-0.057, 0.993, -0.099);Ground_Mountain_0_1:(-0.057, 0.993, -0.099);Ground_Mountain_0_1:(-0.057, 0.993, -0.099);Ground_Mountain_0_1:(-0.057, 0.993, -0.099);Ground_Mountain_0_1:(-0.057, 0.993, -0.099);"
13.140,161.537,868.556,83.793,-137.701,-0.676,-0.506,-0.145,-1.137,1.000,0.000,0.155,0,0.000,1.887,-0.103,"Ground_Mountain_0_1:(-0.057, 0.993, -0.099);Ground_Mountain_0_1:(-0.057, 0.993, -0.099);Ground_Mountain_0_1:(-0.057, 0.993, -0.099);Ground_Mountain_0_1:(-0.057, 0.993, -0.099);Ground_Mountain_0_1:(-0.057, 0.993, -0.099);Ground_Mountain_0_1:(-0.057, 0.993, -0.099);"
13.160,161.514,868.546,83.790,-137.723,-0.668,-0.497,-0.147,-1.123,1.000,0.000,0.155,0,0.000,1.888,-0.103,"Ground_Mountain_0_1:(-0.057, 0.993, -0.099);Ground_Mountain_0_1:(-0.057, 0.993, -0.099);Ground_Mountain_0_1:(-0.057, 0.993, -0.099);Ground_Mountain_0_1:(-0.057, 0.993, -0.099);Ground_Mountain_0_1:(-0.057, 0.993, -0.099);Ground_Mountain_0_1:(-0.057, 0.993, -0.099);"
13.180,161.491,868.536,83.787,-137.745,-0.660,-0.489,-0.142,-1.107,1.000,0.000,0.155,0,0.000,1.882,-0.103,"Ground_Mountain_0_1:(-0.057, 0.993, -0.099);Ground_Mountain_0_1:(-0.057, 0.993, -0.099);Ground_Mountain_0_1:(-0.057, 0.993, -0.099);Ground_Mountain_0_1:(-0.057, 0.993, -0.099);Ground_Mountain_0_1:(-0.057, 0.993, -0.099);Ground_Mountain_0_1:(-0.057, 0.993, -0.099);"
13.200,161.468,868.526,83.785,-137.767,-0.654,-0.480,-0.144,-1.093,1.000,0.000,0.155,0,0.000,1.882,-0.102,"Ground_Mountain_0_1:(-0.056, 0.994, -0.099);Ground_Mountain_0_1:(-0.056, 0.994, -0.099);Ground_Mountain_0_1:(-0.056, 0.994, -0.099);Ground_Mountain_0_1:(-0.056, 0.994, -0.099);Ground_Mountain_0_1:(-0.056, 0.994, -0.099);Ground_Mountain_0_1:(-0.056, 0.994, -0.099);"
13.220,161.446,868.517,83.782,-137.788,-0.647,-0.471,-0.140,-1.078,1.000,0.000,0.156,0,0.000,1.879,-0.102,"Ground_Mountain_0_1:(-0.056, 0.994, -0.099);Ground_Mountain_0_1:(-0.056, 0.994, -0.099);Ground_Mountain_0_1:(-0.056, 0.994, -0.099);Ground_Mountain_0_1:(-0.056, 0.994, -0.099);Ground_Mountain_0_1:(-0.056, 0.994, -0.099);Ground_Mountain_0_1:(-0.056, 0.994, -0.099);"
13.240,161.425,868.507,83.779,-137.809,-0.639,-0.462,-0.138,-1.063,1.000,0.000,0.155,0,0.000,1.879,-0.102,"Ground_Mountain_0_1:(-0.056, 0.994, -0.099);Ground_Mountain_0_1:(-0.056, 0.994, -0.099);Ground_Mountain_0_1:(-0.056, 0.994, -0.099);Ground_Mountain_0_1:(-0.056, 0.994, -0.099);Ground_Mountain_0_1:(-0.056, 0.994, -0.099);Ground_Mountain_0_1:(-0.056, 0.994, -0.099);"
13.260,161.403,868.498,83.777,-137.830,-0.632,-0.454,-0.137,-1.048,1.000,0.000,0.155,0,0.000,1.880,-0.102,"Ground_Mountain_0_1:(-0.056, 0.994, -0.099);Ground_Mountain_0_1:(-0.056, 0.994, -0.099);Ground_Mountain_0_1:(-0.056, 0.994, -0.099);Ground_Mountain_0_1:(-0.056, 0.994, -0.099);Ground_Mountain_0_1:(-0.056, 0.994, -0.099);Ground_Mountain_0_1:(-0.056, 0.994, -0.099);"
13.280,161.382,868.489,83.774,-137.851,-0.625,-0.444,-0.135,-1.034,1.000,0.000,0.155,0,0.000,1.879,-0.102,"Ground_Mountain_0_1:(-0.057, 0.993, -0.099);Ground_Mountain_0_1:(-0.057, 0.993, -0.099);Ground_Mountain_0_1:(-0.057, 0.993, -0.099);Ground_Mountain_0_1:(-0.057, 0.993, -0.099);Ground_Mountain_0_1:(-0.057, 0.993, -0.099);Ground_Mountain_0_1:(-0.057, 0.993, -0.099);"
13.300,161.361,868.480,83.772,-137.871,-0.618,-0.434,-0.132,-1.019,1.000,0.000,0.155,0,0.000,1.877,-0.102,"Ground_Mountain_0_1:(-0.057, 0.993, -0.099);Ground_Mountain_0_1:(-0.057, 0.993, -0.099);Ground_Mountain_0_1:(-0.057, 0.993, -0.099);Ground_Mountain_0_1:(-0.057, 0.993, -0.099);Ground_Mountain_0_1:(-0.057, 0.993, -0.099);Ground_Mountain_0_1:(-0.057, 0.993, -0.099);"
13.320,161.341,868.472,83.769,-137.891,-0.611,-0.426,-0.130,-1.004,1.000,0.000,0.155,0,0.000,1.878,-0.102,"Ground_Mountain_0_1:(-0.057, 0.994, -0.099);Ground_Mountain_0_1:(-0.057, 0.994, -0.099);Ground_Mountain_0_1:(-0.057, 0.994, -0.099);Ground_Mountain_0_1:(-0.057, 0.994, -0.099);Ground_Mountain_0_1:(-0.057, 0.994, -0.099);Ground_Mountain_0_1:(-0.057, 0.994, -0.099);"
13.340,161.321,868.463,83.767,-137.911,-0.603,-0.417,-0.127,-0.989,1.000,0.000,0.155,0,0.000,1.880,-0.102,"Ground_Mountain_0_1:(-0.057, 0.993, -0.099);Ground_Mountain_0_1:(-0.057, 0.993, -0.099);Ground_Mountain_0_1:(-0.057, 0.993, -0.099);Ground_Mountain_0_1:(-0.057, 0.993, -0.099);Ground_Mountain_0_1:(-0.057, 0.993, -0.099);Ground_Mountain_0_1:(-0.057, 0.993, -0.099);"
13.360,161.301,868.455,83.765,-137.930,-0.596,-0.409,-0.124,-0.974,1.000,0.000,0.155,0,0.000,1.880,-0.101,"Ground_Mountain_0_1:(-0.056, 0.994, -0.099);Ground_Mountain_0_1:(-0.056, 0.994, -0.099);Ground_Mountain_0_1:(-0.056, 0.994, -0.099);Ground_Mountain_0_1:(-0.056, 0.994, -0.099);Ground_Mountain_0_1:(-0.056, 0.994, -0.099);Ground_Mountain_0_1:(-0.056, 0.994, -0.099);"
13.380,161.282,868.447,83.762,-137.949,-0.588,-0.400,-0.124,-0.959,1.000,0.000,0.155,0,0.000,1.880,-0.101,"Ground_Mountain_0_1:(-0.057, 0.993, -0.099);Ground_Mountain_0_1:(-0.057, 0.993, -0.099);Ground_Mountain_0_1:(-0.057, 0.993, -0.099);Ground_Mountain_0_1:(-0.057, 0.993, -0.099);Ground_Mountain_0_1:(-0.057, 0.993, -0.099);Ground_Mountain_0_1:(-0.057, 0.993, -0.099);"
13.400,161.263,868.439,83.760,-137.968,-0.582,-0.391,-0.124,-0.945,1.000,0.000,0.155,0,0.000,1.880,-0.101,"Ground_Mountain_0_1:(-0.057, 0.993, -0.099);Ground_Mountain_0_1:(-0.057, 0.993, -0.099);Ground_Mountain_0_1:(-0.057, 0.993, -0.099);Ground_Mountain_0_1:(-0.057, 0.993, -0.099);Ground_Mountain_0_1:(-0.057, 0.993, -0.099);Ground_Mountain_0_1:(-0.057, 0.993, -0.099);"
13.420,161.244,868.431,83.758,-137.986,-0.570,-0.386,-0.114,-0.928,1.000,0.000,0.155,0,0.000,1.880,-0.101,"Ground_Mountain_0_1:(-0.057, 0.993, -0.099);Ground_Mountain_0_1:(-0.057, 0.993, -0.099);Ground_Mountain_0_1:(-0.057, 0.993, -0.099);Ground_Mountain_0_1:(-0.057, 0.993, -0.099);Ground_Mountain_0_1:(-0.057, 0.993, -0.099);Ground_Mountain_0_1:(-0.057, 0.993, -0.099);"
13.440,161.226,868.424,83.755,-138.005,-0.563,-0.377,-0.118,-0.914,1.000,0.000,0.155,0,0.000,1.887,-0.101,"Ground_Mountain_0_1:(-0.057, 0.993, -0.099);Ground_Mountain_0_1:(-0.057, 0.993, -0.099);Ground_Mountain_0_1:(-0.057, 0.993, -0.099);Ground_Mountain_0_1:(-0.057, 0.993, -0.099);Ground_Mountain_0_1:(-0.057, 0.993, -0.099);Ground_Mountain_0_1:(-0.057, 0.993, -0.099);"
13.460,161.208,868.416,83.753,-138.022,-0.552,-0.372,-0.112,-0.897,1.000,0.000,0.155,0,0.000,1.881,-0.101,"Ground_Mountain_0_1:(-0.057, 0.993, -0.099);Ground_Mountain_0_1:(-0.057, 0.993, -0.099);Ground_Mountain_0_1:(-0.057, 0.993, -0.099);Ground_Mountain_0_1:(-0.057, 0.993, -0.099);Ground_Mountain_0_1:(-0.057, 0.993, -0.099);Ground_Mountain_0_1:(-0.057, 0.993, -0.099);"
13.480,161.190,868.409,83.751,-138.040,-0.545,-0.363,-0.115,-0.882,1.000,0.000,0.155,0,0.000,1.886,-0.101,"Ground_Mountain_0_1:(-0.057, 0.993, -0.099);Ground_Mountain_0_1:(-0.057, 0.993, -0.099);Ground_Mountain_0_1:(-0.057, 0.993, -0.099);Ground_Mountain_0_1:(-0.057, 0.993, -0.099);Ground_Mountain_0_1:(-0.057, 0.993, -0.099);Ground_Mountain_0_1:(-0.057, 0.993, -0.099);"
13.500,161.172,868.402,83.749,-138.057,-0.535,-0.357,-0.109,-0.866,1.000,0.000,0.155,0,0.000,1.881,-0.101,"Ground_Mountain_0_1:(-0.057, 0.993, -0.099);Ground_Mountain_0_1:(-0.057, 0.993, -0.099);Ground_Mountain_0_1:(-0.057, 0.993, -0.099);Ground_Mountain_0_1:(-0.057, 0.993, -0.099);Ground_Mountain_0_1:(-0.057, 0.993, -0.099);Ground_Mountain_0_1:(-0.057, 0.993, -0.099);"
13.520,161.155,868.395,83.747,-138.074,-0.523,-0.353,-0.103,-0.849,1.000,0.000,0.155,0,0.000,1.885,-0.101,"Ground_Mountain_0_1:(-0.057, 0.993, -0.099);Ground_Mountain_0_1:(-0.057, 0.993, -0.099);Ground_Mountain_0_1:(-0.057, 0.993, -0.099);Ground_Mountain_0_1:(-0.057, 0.993, -0.099);Ground_Mountain_0_1:(-0.057, 0.993, -0.099);Ground_Mountain_0_1:(-0.057, 0.993, -0.099);"
13.540,161.138,868.388,83.745,-138.091,-0.516,-0.344,-0.110,-0.835,1.000,0.000,0.155,0,0.000,1.888,-0.101,"Ground_Mountain_0_1:(-0.057, 0.993, -0.099);Ground_Mountain_0_1:(-0.057, 0.993, -0.099);Ground_Mountain_0_1:(-0.057, 0.993, -0.099);Ground_Mountain_0_1:(-0.057, 0.993, -0.099);Ground_Mountain_0_1:(-0.057, 0.993, -0.099);Ground_Mountain_0_1:(-0.057, 0.993, -0.099);"
13.560,161.122,868.381,83.743,-138.107,-0.507,-0.337,-0.104,-0.819,1.000,0.000,0.155,0,0.000,1.880,-0.101,"Ground_Mountain_0_1:(-0.057, 0.993, -0.099);Ground_Mountain_0_1:(-0.057, 0.993, -0.099);Ground_Mountain_0_1:(-0.057, 0.993, -0.099);Ground_Mountain_0_1:(-0.057, 0.993, -0.099);Ground_Mountain_0_1:(-0.057, 0.993, -0.099);Ground_Mountain_0_1:(-0.057, 0.993, -0.099);"
13.580,161.106,868.374,83.741,-138.123,-0.497,-0.331,-0.100,-0.803,1.000,0.000,0.154,0,0.000,1.884,-0.100,"Ground_Mountain_0_1:(-0.057, 0.993, -0.099);Ground_Mountain_0_1:(-0.057, 0.993, -0.099);Ground_Mountain_0_1:(-0.057, 0.993, -0.099);Ground_Mountain_0_1:(-0.057, 0.993, -0.099);Ground_Mountain_0_1:(-0.057, 0.993, -0.099);Ground_Mountain_0_1:(-0.057, 0.993, -0.099);"
13.600,161.090,868.367,83.739,-138.139,-0.487,-0.325,-0.098,-0.787,1.000,0.000,0.154,0,0.000,1.887,-0.100,"Ground_Mountain_0_1:(-0.057, 0.993, -0.099);Ground_Mountain_0_1:(-0.057, 0.993, -0.099);Ground_Mountain_0_1:(-0.057, 0.993, -0.099);Ground_Mountain_0_1:(-0.057, 0.993, -0.099);Ground_Mountain_0_1:(-0.057, 0.993, -0.099);Ground_Mountain_0_1:(-0.057, 0.993, -0.099);"
13.620,161.074,868.361,83.737,-138.154,-0.477,-0.319,-0.098,-0.771,1.000,0.000,0.154,0,0.000,1.886,-0.100,"Ground_Mountain_0_1:(-0.057, 0.994, -0.099);Ground_Mountain_0_1:(-0.057, 0.994, -0.099);Ground_Mountain_0_1:(-0.057, 0.994, -0.099);Ground_Mountain_0_1:(-0.057, 0.994, -0.099);Ground_Mountain_0_1:(-0.057, 0.994, -0.099);Ground_Mountain_0_1:(-0.057, 0.994, -0.099);"
13.640,161.059,868.355,83.735,-138.169,-0.467,-0.313,-0.095,-0.755,1.000,0.000,0.154,0,0.000,1.885,-0.100,"Ground_Mountain_0_1:(-0.056, 0.994, -0.099);Ground_Mountain_0_1:(-0.056, 0.994, -0.099);Ground_Mountain_0_1:(-0.056, 0.994, -0.099);Ground_Mountain_0_1:(-0.056, 0.994, -0.099);Ground_Mountain_0_1:(-0.056, 0.994, -0.099);Ground_Mountain_0_1:(-0.056, 0.994, -0.099);"
13.660,161.044,868.348,83.733,-138.184,-0.457,-0.307,-0.093,-0.740,1.000,0.000,0.154,0,0.000,1.886,-0.100,"Ground_Mountain_0_1:(-0.056, 0.994, -0.099);Ground_Mountain_0_1:(-0.056, 0.994, -0.099);Ground_Mountain_0_1:(-0.056, 0.994, -0.099);Ground_Mountain_0_1:(-0.056, 0.994, -0.099);Ground_Mountain_0_1:(-0.056, 0.994, -0.099);Ground_Mountain_0_1:(-0.056, 0.994, -0.099);"
13.680,161.029,868.342,83.732,-138.198,-0.448,-0.300,-0.091,-0.724,1.000,0.000,0.154,0,0.000,1.886,-0.100,"Ground_Mountain_0_1:(-0.056, 0.994, -0.099);Ground_Mountain_0_1:(-0.056, 0.994, -0.099);Ground_Mountain_0_1:(-0.056, 0.994, -0.099);Ground_Mountain_0_1:(-0.056, 0.994, -0.099);Ground_Mountain_0_1:(-0.056, 0.994, -0.099);Ground_Mountain_0_1:(-0.056, 0.994, -0.099);"
13.700,161.015,868.336,83.730,-138.212,-0.438,-0.294,-0.090,-0.708,1.000,0.000,0.154,0,0.000,1.886,-0.100,"Ground_Mountain_0_1:(-0.056, 0.994, -0.099);Ground_Mountain_0_1:(-0.056, 0.994, -0.099);Ground_Mountain_0_1:(-0.056, 0.994, -0.099);Ground_Mountain_0_1:(-0.056, 0.994, -0.099);Ground_Mountain_0_1:(-0.056, 0.994, -0.099);Ground_Mountain_0_1:(-0.056, 0.994, -0.099);"
13.720,161.001,868.331,83.728,-138.226,-0.428,-0.288,-0.087,-0.692,1.000,0.000,0.154,0,0.000,1.885,-0.100,"Ground_Mountain_0_1:(-0.056, 0.994, -0.099);Ground_Mountain_0_1:(-0.056, 0.994, -0.099);Ground_Mountain_0_1:(-0.056, 0.994, -0.099);Ground_Mountain_0_1:(-0.056, 0.994, -0.099);Ground_Mountain_0_1:(-0.056, 0.994, -0.099);Ground_Mountain_0_1:(-0.056, 0.994, -0.099);"
13.740,160.987,868.325,83.727,-138.239,-0.419,-0.281,-0.086,-0.677,1.000,0.000,0.154,0,0.000,1.885,-0.100,"Ground_Mountain_0_1:(-0.056, 0.994, -0.099);Ground_Mountain_0_1:(-0.056, 0.994, -0.099);Ground_Mountain_0_1:(-0.056, 0.994, -0.099);Ground_Mountain_0_1:(-0.056, 0.994, -0.099);Ground_Mountain_0_1:(-0.056, 0.994, -0.099);Ground_Mountain_0_1:(-0.056, 0.994, -0.099);"
13.760,160.973,868.319,83.725,-138.252,-0.409,-0.274,-0.084,-0.661,1.000,0.000,0.154,0,0.000,1.885,-0.100,"Ground_Mountain_0_1:(-0.057, 0.993, -0.099);Ground_Mountain_0_1:(-0.057, 0.993, -0.099);Ground_Mountain_0_1:(-0.057, 0.993, -0.099);Ground_Mountain_0_1:(-0.057, 0.993, -0.099);Ground_Mountain_0_1:(-0.057, 0.993, -0.099);Ground_Mountain_0_1:(-0.057, 0.993, -0.099);"
13.780,160.960,868.314,83.723,-138.265,-0.400,-0.268,-0.082,-0.645,1.000,0.000,0.154,0,0.000,1.885,-0.100,"Ground_Mountain_0_1:(-0.057, 0.994, -0.099);Ground_Mountain_0_1:(-0.057, 0.994, -0.099);Ground_Mountain_0_1:(-0.057, 0.994, -0.099);Ground_Mountain_0_1:(-0.057, 0.994, -0.099);Ground_Mountain_0_1:(-0.057, 0.994, -0.099);Ground_Mountain_0_1:(-0.057, 0.994, -0.099);"
13.800,160.948,868.309,83.722,-138.278,-0.390,-0.261,-0.080,-0.629,1.000,0.000,0.154,0,0.000,1.885,-0.100,"Ground_Mountain_0_1:(-0.056, 0.994, -0.099);Ground_Mountain_0_1:(-0.056, 0.994, -0.099);Ground_Mountain_0_1:(-0.056, 0.994, -0.099);Ground_Mountain_0_1:(-0.056, 0.994, -0.099);Ground_Mountain_0_1:(-0.056, 0.994, -0.099);Ground_Mountain_0_1:(-0.056, 0.994, -0.099);"
13.820,160.935,868.303,83.720,-138.290,-0.381,-0.254,-0.078,-0.614,1.000,0.000,0.154,0,0.000,1.885,-0.100,"Ground_Mountain_0_1:(-0.056, 0.994, -0.099);Ground_Mountain_0_1:(-0.056, 0.994, -0.099);Ground_Mountain_0_1:(-0.056, 0.994, -0.099);Ground_Mountain_0_1:(-0.056, 0.994, -0.099);Ground_Mountain_0_1:(-0.056, 0.994, -0.099);Ground_Mountain_0_1:(-0.056, 0.994, -0.099);"
13.840,160.923,868.298,83.719,-138.302,-0.372,-0.248,-0.076,-0.598,1.000,0.000,0.154,0,0.000,1.885,-0.100,"Ground_Mountain_0_1:(-0.056, 0.994, -0.099);Ground_Mountain_0_1:(-0.056, 0.994, -0.099);Ground_Mountain_0_1:(-0.056, 0.994, -0.099);Ground_Mountain_0_1:(-0.056, 0.994, -0.099);Ground_Mountain_0_1:(-0.056, 0.994, -0.099);Ground_Mountain_0_1:(-0.056, 0.994, -0.099);"
13.860,160.911,868.293,83.717,-138.313,-0.362,-0.241,-0.075,-0.583,1.000,0.000,0.154,0,0.000,1.885,-0.099,"Ground_Mountain_0_1:(-0.056, 0.994, -0.098);Ground_Mountain_0_1:(-0.056, 0.994, -0.098);Ground_Mountain_0_1:(-0.056, 0.994, -0.098);Ground_Mountain_0_1:(-0.056, 0.994, -0.098);Ground_Mountain_0_1:(-0.056, 0.994, -0.098);Ground_Mountain_0_1:(-0.056, 0.994, -0.098);"
13.880,160.899,868.289,83.716,-138.325,-0.353,-0.234,-0.073,-0.567,1.000,0.000,0.154,0,0.000,1.884,-0.099,"Ground_Mountain_0_1:(-0.057, 0.994, -0.099);Ground_Mountain_0_1:(-0.057, 0.994, -0.099);Ground_Mountain_0_1:(-0.057, 0.994, -0.099);Ground_Mountain_0_1:(-0.057, 0.994, -0.099);Ground_Mountain_0_1:(-0.057, 0.994, -0.099);Ground_Mountain_0_1:(-0.057, 0.994, -0.099);"
13.900,160.888,868.284,83.715,-138.336,-0.344,-0.228,-0.071,-0.551,1.000,0.000,0.154,0,0.000,1.884,-0.099,"Ground_Mountain_0_1:(-0.057, 0.993, -0.099);Ground_Mountain_0_1:(-0.057, 0.993, -0.099);Ground_Mountain_0_1:(-0.057, 0.993, -0.099);Ground_Mountain_0_1:(-0.057, 0.993, -0.099);Ground_Mountain_0_1:(-0.057, 0.993, -0.099);Ground_Mountain_0_1:(-0.057, 0.993, -0.099);"
13.920,160.877,868.280,83.713,-138.346,-0.334,-0.221,-0.069,-0.536,1.000,0.000,0.154,0,0.000,1.884,-0.099,"Ground_Mountain_0_1:(-0.057, 0.993, -0.099);Ground_Mountain_0_1:(-0.057, 0.993, -0.099);Ground_Mountain_0_1:(-0.057, 0.993, -0.099);Ground_Mountain_0_1:(-0.057, 0.993, -0.099);Ground_Mountain_0_1:(-0.057, 0.993, -0.099);Ground_Mountain_0_1:(-0.057, 0.993, -0.099);"
13.940,160.867,868.275,83.712,-138.356,-0.325,-0.214,-0.066,-0.520,1.000,0.000,0.154,0,0.000,1.884,-0.099,"Ground_Mountain_0_1:(-0.057, 0.993, -0.099);Ground_Mountain_0_1:(-0.057, 0.993, -0.099);Ground_Mountain_0_1:(-0.057, 0.993, -0.099);Ground_Mountain_0_1:(-0.057, 0.993, -0.099);Ground_Mountain_0_1:(-0.057, 0.993, -0.099);Ground_Mountain_0_1:(-0.057, 0.993, -0.099);"
13.960,160.856,868.271,83.711,-138.366,-0.315,-0.207,-0.066,-0.505,1.000,0.000,0.154,0,0.000,1.884,-0.099,"Ground_Mountain_0_1:(-0.057, 0.993, -0.099);Ground_Mountain_0_1:(-0.057, 0.993, -0.099);Ground_Mountain_0_1:(-0.057, 0.993, -0.099);Ground_Mountain_0_1:(-0.057, 0.993, -0.099);Ground_Mountain_0_1:(-0.057, 0.993, -0.099);Ground_Mountain_0_1:(-0.057, 0.993, -0.099);"
13.980,160.846,868.267,83.710,-138.376,-0.306,-0.201,-0.063,-0.489,1.000,0.000,0.154,0,0.000,1.884,-0.099,"Ground_Mountain_0_1:(-0.057, 0.993, -0.099);Ground_Mountain_0_1:(-0.057, 0.993, -0.099);Ground_Mountain_0_1:(-0.057, 0.993, -0.099);Ground_Mountain_0_1:(-0.057, 0.993, -0.099);Ground_Mountain_0_1:(-0.057, 0.993, -0.099);Ground_Mountain_0_1:(-0.057, 0.993, -0.099);"
14.000,160.837,868.263,83.709,-138.386,-0.296,-0.194,-0.061,-0.474,1.000,0.000,0.154,0,0.000,1.884,-0.099,"Ground_Mountain_0_1:(-0.057, 0.993, -0.099);Ground_Mountain_0_1:(-0.057, 0.993, -0.099);Ground_Mountain_0_1:(-0.057, 0.993, -0.099);Ground_Mountain_0_1:(-0.057, 0.993, -0.099);Ground_Mountain_0_1:(-0.057, 0.993, -0.099);Ground_Mountain_0_1:(-0.057, 0.993, -0.099);"
14.020,160.827,868.259,83.708,-138.395,-0.287,-0.187,-0.060,-0.458,1.000,0.000,0.154,0,0.000,1.884,-0.099,"Ground_Mountain_0_1:(-0.057, 0.993, -0.099);Ground_Mountain_0_1:(-0.057, 0.993, -0.099);Ground_Mountain_0_1:(-0.057, 0.993, -0.099);Ground_Mountain_0_1:(-0.057, 0.993, -0.099);Ground_Mountain_0_1:(-0.057, 0.993, -0.099);Ground_Mountain_0_1:(-0.057, 0.993, -0.099);"
14.040,160.818,868.255,83.706,-138.403,-0.277,-0.181,-0.057,-0.442,1.000,0.000,0.154,0,0.000,1.883,-0.099,"Ground_Mountain_0_1:(-0.057, 0.993, -0.099);Ground_Mountain_0_1:(-0.057, 0.993, -0.099);Ground_Mountain_0_1:(-0.057, 0.993, -0.099);Ground_Mountain_0_1:(-0.057, 0.993, -0.099);Ground_Mountain_0_1:(-0.057, 0.993, -0.099);Ground_Mountain_0_1:(-0.057, 0.993, -0.099);"
14.060,160.810,868.252,83.705,-138.412,-0.268,-0.174,-0.056,-0.427,1.000,0.000,0.154,0,0.000,1.884,-0.099,"Ground_Mountain_0_1:(-0.057, 0.993, -0.099);Ground_Mountain_0_1:(-0.057, 0.993, -0.099);Ground_Mountain_0_1:(-0.057, 0.993, -0.099);Ground_Mountain_0_1:(-0.057, 0.993, -0.099);Ground_Mountain_0_1:(-0.057, 0.993, -0.099);Ground_Mountain_0_1:(-0.057, 0.993, -0.099);"
14.080,160.801,868.248,83.704,-138.420,-0.259,-0.168,-0.053,-0.412,1.000,0.000,0.154,0,0.000,1.883,-0.099,"Ground_Mountain_0_1:(-0.057, 0.993, -0.099);Ground_Mountain_0_1:(-0.057, 0.993, -0.099);Ground_Mountain_0_1:(-0.057, 0.993, -0.099);Ground_Mountain_0_1:(-0.057, 0.993, -0.099);Ground_Mountain_0_1:(-0.057, 0.993, -0.099);Ground_Mountain_0_1:(-0.057, 0.993, -0.099);"
14.100,160.793,868.245,83.703,-138.428,-0.250,-0.161,-0.052,-0.396,1.000,0.000,0.154,0,0.000,1.884,-0.099,"Ground_Mountain_0_1:(-0.057, 0.993, -0.099);Ground_Mountain_0_1:(-0.057, 0.993, -0.099);Ground_Mountain_0_1:(-0.057, 0.993, -0.099);Ground_Mountain_0_1:(-0.057, 0.993, -0.099);Ground_Mountain_0_1:(-0.057, 0.993, -0.099);Ground_Mountain_0_1:(-0.057, 0.993, -0.099);"
14.120,160.785,868.242,83.703,-138.435,-0.240,-0.154,-0.050,-0.381,1.000,0.000,0.154,0,0.000,1.884,-0.099,"Ground_Mountain_0_1:(-0.057, 0.993, -0.099);Ground_Mountain_0_1:(-0.057, 0.993, -0.099);Ground_Mountain_0_1:(-0.057, 0.993, -0.099);Ground_Mountain_0_1:(-0.057, 0.993, -0.099);Ground_Mountain_0_1:(-0.057, 0.993, -0.099);Ground_Mountain_0_1:(-0.057, 0.993, -0.099);"
14.140,160.778,868.239,83.702,-138.443,-0.230,-0.148,-0.047,-0.365,1.000,0.000,0.154,0,0.000,1.884,-0.099,"Ground_Mountain_0_1:(-0.056, 0.994, -0.098);Ground_Mountain_0_1:(-0.056, 0.994, -0.098);Ground_Mountain_0_1:(-0.056, 0.994, -0.098);Ground_Mountain_0_1:(-0.056, 0.994, -0.098);Ground_Mountain_0_1:(-0.056, 0.994, -0.098);Ground_Mountain_0_1:(-0.056, 0.994, -0.098);"
14.160,160.771,868.236,83.701,-138.449,-0.221,-0.141,-0.046,-0.349,1.000,0.000,0.154,0,0.000,1.884,-0.099,"Ground_Mountain_0_1:(-0.056, 0.994, -0.098);Ground_Mountain_0_1:(-0.056, 0.994, -0.098);Ground_Mountain_0_1:(-0.056, 0.994, -0.098);Ground_Mountain_0_1:(-0.056, 0.994, -0.098);Ground_Mountain_0_1:(-0.056, 0.994, -0.098);Ground_Mountain_0_1:(-0.056, 0.994, -0.098);"
14.180,160.764,868.233,83.700,-138.456,-0.211,-0.135,-0.043,-0.333,1.000,0.000,0.154,0,0.000,1.884,-0.099,"Ground_Mountain_0_1:(-0.056, 0.994, -0.098);Ground_Mountain_0_1:(-0.056, 0.994, -0.098);Ground_Mountain_0_1:(-0.056, 0.994, -0.098);Ground_Mountain_0_1:(-0.056, 0.994, -0.098);Ground_Mountain_0_1:(-0.056, 0.994, -0.098);Ground_Mountain_0_1:(-0.056, 0.994, -0.098);"
14.200,160.757,868.230,83.699,-138.462,-0.201,-0.128,-0.041,-0.318,1.000,0.000,0.154,0,0.000,1.885,-0.099,"Ground_Mountain_0_1:(-0.056, 0.994, -0.098);Ground_Mountain_0_1:(-0.056, 0.994, -0.098);Ground_Mountain_0_1:(-0.056, 0.994, -0.098);Ground_Mountain_0_1:(-0.056, 0.994, -0.098);Ground_Mountain_0_1:(-0.056, 0.994, -0.098);Ground_Mountain_0_1:(-0.056, 0.994, -0.098);"
14.220,160.751,868.228,83.699,-138.468,-0.191,-0.122,-0.041,-0.302,1.000,0.000,0.154,0,0.000,1.885,-0.099,"Ground_Mountain_0_1:(-0.057, 0.994, -0.098);Ground_Mountain_0_1:(-0.057, 0.994, -0.098);Ground_Mountain_0_1:(-0.057, 0.994, -0.098);Ground_Mountain_0_1:(-0.057, 0.994, -0.098);Ground_Mountain_0_1:(-0.057, 0.994, -0.098);Ground_Mountain_0_1:(-0.057, 0.994, -0.098);"
14.240,160.745,868.225,83.698,-138.474,-0.181,-0.116,-0.037,-0.286,1.000,0.000,0.154,0,0.000,1.884,-0.099,"Ground_Mountain_0_1:(-0.057, 0.994, -0.098);Ground_Mountain_0_1:(-0.057, 0.994, -0.098);Ground_Mountain_0_1:(-0.057, 0.994, -0.098);Ground_Mountain_0_1:(-0.057, 0.994, -0.098);Ground_Mountain_0_1:(-0.057, 0.994, -0.098);Ground_Mountain_0_1:(-0.057, 0.994, -0.098);"
14.260,160.739,868.223,83.697,-138.479,-0.172,-0.109,-0.037,-0.271,1.000,0.000,0.154,0,0.000,1.885,-0.099,"Ground_Mountain_0_1:(-0.056, 0.994, -0.098);Ground_Mountain_0_1:(-0.056, 0.994, -0.098);Ground_Mountain_0_1:(-0.056, 0.994, -0.098);Ground_Mountain_0_1:(-0.056, 0.994, -0.098);Ground_Mountain_0_1:(-0.056, 0.994, -0.098);Ground_Mountain_0_1:(-0.056, 0.994, -0.098);"
14.280,160.734,868.221,83.697,-138.484,-0.162,-0.103,-0.033,-0.255,1.000,0.000,0.154,0,0.000,1.885,-0.099,"Ground_Mountain_0_1:(-0.056, 0.994, -0.098);Ground_Mountain_0_1:(-0.056, 0.994, -0.098);Ground_Mountain_0_1:(-0.056, 0.994, -0.098);Ground_Mountain_0_1:(-0.056, 0.994, -0.098);Ground_Mountain_0_1:(-0.056, 0.994, -0.098);Ground_Mountain_0_1:(-0.056, 0.994, -0.098);"
14.300,160.729,868.219,83.696,-138.489,-0.152,-0.096,-0.033,-0.240,1.000,0.000,0.154,0,0.000,1.885,-0.099,"Ground_Mountain_0_1:(-0.057, 0.994, -0.098);Ground_Mountain_0_1:(-0.057, 0.994, -0.098);Ground_Mountain_0_1:(-0.057, 0.994, -0.098);Ground_Mountain_0_1:(-0.057, 0.994, -0.098);Ground_Mountain_0_1:(-0.057, 0.994, -0.098);Ground_Mountain_0_1:(-0.057, 0.994, -0.098);"
14.320,160.724,868.217,83.695,-138.493,-0.142,-0.090,-0.029,-0.224,1.000,0.000,0.154,0,0.000,1.885,-0.099,"Ground_Mountain_0_1:(-0.057, 0.994, -0.098);Ground_Mountain_0_1:(-0.057, 0.994, -0.098);Ground_Mountain_0_1:(-0.057, 0.994, -0.098);Ground_Mountain_0_1:(-0.057, 0.994, -0.098);Ground_Mountain_0_1:(-0.057, 0.994, -0.098);Ground_Mountain_0_1:(-0.057, 0.994, -0.098);"
14.340,160.720,868.215,83.695,-138.497,-0.132,-0.084,-0.029,-0.208,1.000,0.000,0.154,0,0.000,1.885,-0.099,"Ground_Mountain_0_1:(-0.057, 0.994, -0.098);Ground_Mountain_0_1:(-0.057, 0.994, -0.098);Ground_Mountain_0_1:(-0.057, 0.994, -0.098);Ground_Mountain_0_1:(-0.057, 0.994, -0.098);Ground_Mountain_0_1:(-0.057, 0.994, -0.098);Ground_Mountain_0_1:(-0.057, 0.994, -0.098);"
14.360,160.716,868.214,83.694,-138.501,-0.123,-0.077,-0.028,-0.193,1.000,0.000,0.154,0,0.000,1.884,-0.098,"Ground_Mountain_0_1:(-0.056, 0.994, -0.098);Ground_Mountain_0_1:(-0.056, 0.994, -0.098);Ground_Mountain_0_1:(-0.056, 0.994, -0.098);Ground_Mountain_0_1:(-0.056, 0.994, -0.098);Ground_Mountain_0_1:(-0.056, 0.994, -0.098);Ground_Mountain_0_1:(-0.056, 0.994, -0.098);"
14.380,160.712,868.212,83.694,-138.505,-0.113,-0.070,-0.026,-0.177,1.000,0.000,0.154,0,0.000,1.884,-0.098,"Ground_Mountain_0_1:(-0.056, 0.994, -0.098);Ground_Mountain_0_1:(-0.056, 0.994, -0.098);Ground_Mountain_0_1:(-0.056, 0.994, -0.098);Ground_Mountain_0_1:(-0.056, 0.994, -0.098);Ground_Mountain_0_1:(-0.056, 0.994, -0.098);Ground_Mountain_0_1:(-0.056, 0.994, -0.098);"
14.400,160.708,868.211,83.694,-138.508,-0.103,-0.064,-0.024,-0.161,1.000,0.000,0.154,0,0.000,1.885,-0.098,"Ground_Mountain_0_1:(-0.056, 0.994, -0.098);Ground_Mountain_0_1:(-0.056, 0.994, -0.098);Ground_Mountain_0_1:(-0.056, 0.994, -0.098);Ground_Mountain_0_1:(-0.056, 0.994, -0.098);Ground_Mountain_0_1:(-0.056, 0.994, -0.098);Ground_Mountain_0_1:(-0.056, 0.994, -0.098);"
14.420,160.705,868.210,83.693,-138.511,-0.094,-0.057,-0.022,-0.146,1.000,0.000,0.154,0,0.000,1.885,-0.098,"Ground_Mountain_0_1:(-0.056, 0.994, -0.098);Ground_Mountain_0_1:(-0.056, 0.994, -0.098);Ground_Mountain_0_1:(-0.056, 0.994, -0.098);Ground_Mountain_0_1:(-0.056, 0.994, -0.098);Ground_Mountain_0_1:(-0.056, 0.994, -0.098);Ground_Mountain_0_1:(-0.056, 0.994, -0.098);"
14.440,160.702,868.209,83.693,-138.513,-0.084,-0.050,-0.019,-0.130,1.000,0.000,0.154,0,0.000,1.884,-0.098,"Ground_Mountain_0_1:(-0.056, 0.994, -0.098);Ground_Mountain_0_1:(-0.056, 0.994, -0.098);Ground_Mountain_0_1:(-0.056, 0.994, -0.098);Ground_Mountain_0_1:(-0.056, 0.994, -0.098);Ground_Mountain_0_1:(-0.056, 0.994, -0.098);Ground_Mountain_0_1:(-0.056, 0.994, -0.098);"
14.460,160.700,868.208,83.693,-138.515,-0.074,-0.044,-0.018,-0.115,1.000,0.000,0.154,0,0.000,1.884,-0.098,"Ground_Mountain_0_1:(-0.056, 0.994, -0.098);Ground_Mountain_0_1:(-0.056, 0.994, -0.098);Ground_Mountain_0_1:(-0.056, 0.994, -0.098);Ground_Mountain_0_1:(-0.056, 0.994, -0.098);Ground_Mountain_0_1:(-0.056, 0.994, -0.098);Ground_Mountain_0_1:(-0.056, 0.994, -0.098);"
14.480,160.698,868.207,83.693,-138.517,-0.064,-0.037,-0.016,-0.099,1.000,0.000,0.154,0,0.000,1.884,-0.098,"Ground_Mountain_0_1:(-0.056, 0.994, -0.098);Ground_Mountain_0_1:(-0.056, 0.994, -0.098);Ground_Mountain_0_1:(-0.056, 0.994, -0.098);Ground_Mountain_0_1:(-0.056, 0.994, -0.098);Ground_Mountain_0_1:(-0.056, 0.994, -0.098);Ground_Mountain_0_1:(-0.056, 0.994, -0.098);"
14.500,160.696,868.206,83.692,-138.519,-0.055,-0.031,-0.015,-0.083,1.000,0.000,0.154,0,0.000,1.884,-0.098,"Ground_Mountain_0_1:(-0.056, 0.994, -0.098);Ground_Mountain_0_1:(-0.056, 0.994, -0.098);Ground_Mountain_0_1:(-0.056, 0.994, -0.098);Ground_Mountain_0_1:(-0.056, 0.994, -0.098);Ground_Mountain_0_1:(-0.056, 0.994, -0.098);Ground_Mountain_0_1:(-0.056, 0.994, -0.098);"
14.520,160.694,868.206,83.692,-138.520,-0.045,-0.024,-0.013,-0.068,1.000,0.000,0.154,0,0.000,1.884,-0.098,"Ground_Mountain_0_1:(-0.056, 0.994, -0.098);Ground_Mountain_0_1:(-0.056, 0.994, -0.098);Ground_Mountain_0_1:(-0.056, 0.994, -0.098);Ground_Mountain_0_1:(-0.056, 0.994, -0.098);Ground_Mountain_0_1:(-0.056, 0.994, -0.098);Ground_Mountain_0_1:(-0.056, 0.994, -0.098);"
14.540,160.693,868.205,83.692,-138.521,-0.035,-0.018,-0.010,-0.052,1.000,0.000,0.154,0,0.000,1.884,-0.098,"Ground_Mountain_0_1:(-0.056, 0.994, -0.098);Ground_Mountain_0_1:(-0.056, 0.994, -0.098);Ground_Mountain_0_1:(-0.056, 0.994, -0.098);Ground_Mountain_0_1:(-0.056, 0.994, -0.098);Ground_Mountain_0_1:(-0.056, 0.994, -0.098);Ground_Mountain_0_1:(-0.056, 0.994, -0.098);"
14.560,160.692,868.205,83.692,-138.522,-0.025,-0.012,-0.008,-0.036,1.000,0.000,0.154,0,0.000,1.885,-0.098,"Ground_Mountain_0_1:(-0.056, 0.994, -0.098);Ground_Mountain_0_1:(-0.056, 0.994, -0.098);Ground_Mountain_0_1:(-0.056, 0.994, -0.098);Ground_Mountain_0_1:(-0.056, 0.994, -0.098);Ground_Mountain_0_1:(-0.056, 0.994, -0.098);Ground_Mountain_0_1:(-0.056, 0.994, -0.098);"
14.580,160.691,868.205,83.692,-138.522,-0.015,-0.006,-0.006,-0.021,1.000,0.000,0.154,0,0.000,1.885,-0.098,"Ground_Mountain_0_1:(-0.056, 0.994, -0.098);Ground_Mountain_0_1:(-0.056, 0.994, -0.098);Ground_Mountain_0_1:(-0.056, 0.994, -0.098);Ground_Mountain_0_1:(-0.056, 0.994, -0.098);Ground_Mountain_0_1:(-0.056, 0.994, -0.098);Ground_Mountain_0_1:(-0.056, 0.994, -0.098);"
14.600,160.691,868.204,83.692,-138.522,-0.010,-0.002,-0.005,-0.012,1.000,0.000,0.154,0,0.000,1.886,-0.098,"Ground_Mountain_0_1:(-0.056, 0.994, -0.098);Ground_Mountain_0_1:(-0.056, 0.994, -0.098);Ground_Mountain_0_1:(-0.056, 0.994, -0.098);Ground_Mountain_0_1:(-0.056, 0.994, -0.098);Ground_Mountain_0_1:(-0.056, 0.994, -0.098);Ground_Mountain_0_1:(-0.056, 0.994, -0.098);"
14.620,160.691,868.204,83.692,-138.522,-0.004,0.000,-0.003,-0.005,1.000,0.000,0.154,0,0.000,1.885,-0.098,"Ground_Mountain_0_1:(-0.056, 0.994, -0.098);Ground_Mountain_0_1:(-0.056, 0.994, -0.098);Ground_Mountain_0_1:(-0.056, 0.994, -0.098);Ground_Mountain_0_1:(-0.056, 0.994, -0.098);Ground_Mountain_0_1:(-0.056, 0.994, -0.098);Ground_Mountain_0_1:(-0.056, 0.994, -0.098);"
14.640,160.690,868.204,83.692,-138.522,-0.001,0.002,-0.003,0.000,1.000,0.000,0.154,0,0.000,1.886,-0.098,"Ground_Mountain_0_1:(-0.056, 0.994, -0.098);Ground_Mountain_0_1:(-0.056, 0.994, -0.098);Ground_Mountain_0_1:(-0.056, 0.994, -0.098);Ground_Mountain_0_1:(-0.056, 0.994, -0.098);Ground_Mountain_0_1:(-0.056, 0.994, -0.098);Ground_Mountain_0_1:(-0.056, 0.994, -0.098);"
14.660,160.690,868.204,83.692,-138.522,0.000,0.002,-0.003,0.001,1.000,0.000,0.154,0,0.000,1.887,-0.098,"Ground_Mountain_0_1:(-0.056, 0.994, -0.098);Ground_Mountain_0_1:(-0.056, 0.994, -0.098);Ground_Mountain_0_1:(-0.056, 0.994, -0.098);Ground_Mountain_0_1:(-0.056, 0.994, -0.098);Ground_Mountain_0_1:(-0.056, 0.994, -0.098);Ground_Mountain_0_1:(-0.056, 0.994, -0.098);"
14.680,160.690,868.204,83.692,-138.522,0.000,0.002,-0.002,0.001,1.000,0.000,0.154,0,0.000,1.887,-0.098,"Ground_Mountain_0_1:(-0.056, 0.994, -0.098);Ground_Mountain_0_1:(-0.056, 0.994, -0.098);Ground_Mountain_0_1:(-0.056, 0.994, -0.098);Ground_Mountain_0_1:(-0.056, 0.994, -0.098);Ground_Mountain_0_1:(-0.056, 0.994, -0.098);Ground_Mountain_0_1:(-0.056, 0.994, -0.098);"
14.700,160.690,868.204,83.692,-138.522,-0.001,0.002,-0.002,0.000,1.000,0.000,0.154,0,0.000,1.887,-0.098,"Ground_Mountain_0_1:(-0.056, 0.994, -0.098);Ground_Mountain_0_1:(-0.056, 0.994, -0.098);Ground_Mountain_0_1:(-0.056, 0.994, -0.098);Ground_Mountain_0_1:(-0.056, 0.994, -0.098);Ground_Mountain_0_1:(-0.056, 0.994, -0.098);Ground_Mountain_0_1:(-0.056, 0.994, -0.098);"
14.720,160.690,868.204,83.692,-138.522,0.000,0.002,-0.002,0.001,1.000,0.000,0.154,0,0.000,1.887,-0.098,"Ground_Mountain_0_1:(-0.056, 0.994, -0.098);Ground_Mountain_0_1:(-0.056, 0.994, -0.098);Ground_Mountain_0_1:(-0.056, 0.994, -0.098);Ground_Mountain_0_1:(-0.056, 0.994, -0.098);Ground_Mountain_0_1:(-0.056, 0.994, -0.098);Ground_Mountain_0_1:(-0.056, 0.994, -0.098);"
14.740,160.690,868.204,83.692,-138.522,-0.001,0.002,-0.002,0.000,1.000,0.000,0.154,0,0.000,1.887,-0.098,"Ground_Mountain_0_1:(-0.056, 0.994, -0.098);Ground_Mountain_0_1:(-0.056, 0.994, -0.098);Ground_Mountain_0_1:(-0.056, 0.994, -0.098);Ground_Mountain_0_1:(-0.056, 0.994, -0.098);Ground_Mountain_0_1:(-0.056, 0.994, -0.098);Ground_Mountain_0_1:(-0.056, 0.994, -0.098);"
14.760,160.690,868.204,83.692,-138.522,0.000,0.002,-0.002,0.001,1.000,0.000,0.154,0,0.000,1.887,-0.098,"Ground_Mountain_0_1:(-0.056, 0.994, -0.098);Ground_Mountain_0_1:(-0.056, 0.994, -0.098);Ground_Mountain_0_1:(-0.056, 0.994, -0.098);Ground_Mountain_0_1:(-0.056, 0.994, -0.098);Ground_Mountain_0_1:(-0.056, 0.994, -0.098);Ground_Mountain_0_1:(-0.056, 0.994, -0.098);"
14.780,160.690,868.204,83.692,-138.522,0.000,0.001,-0.002,0.000,1.000,0.000,0.154,0,0.000,1.888,-0.098,"Ground_Mountain_0_1:(-0.056, 0.994, -0.098);Ground_Mountain_0_1:(-0.056, 0.994, -0.098);Ground_Mountain_0_1:(-0.056, 0.994, -0.098);Ground_Mountain_0_1:(-0.056, 0.994, -0.098);Ground_Mountain_0_1:(-0.056, 0.994, -0.098);Ground_Mountain_0_1:(-0.056, 0.994, -0.098);"
14.800,160.690,868.204,83.692,-138.522,-0.001,0.002,-0.002,0.001,1.000,0.000,0.154,0,0.000,1.888,-0.098,"Ground_Mountain_0_1:(-0.056, 0.994, -0.098);Ground_Mountain_0_1:(-0.056, 0.994, -0.098);Ground_Mountain_0_1:(-0.056, 0.994, -0.098);Ground_Mountain_0_1:(-0.056, 0.994, -0.098);Ground_Mountain_0_1:(-0.056, 0.994, -0.098);Ground_Mountain_0_1:(-0.056, 0.994, -0.098);"
14.820,160.690,868.204,83.692,-138.522,0.000,0.002,-0.003,0.001,1.000,0.000,0.154,0,0.000,1.887,-0.098,"Ground_Mountain_0_1:(-0.056, 0.994, -0.098);Ground_Mountain_0_1:(-0.056, 0.994, -0.098);Ground_Mountain_0_1:(-0.056, 0.994, -0.098);Ground_Mountain_0_1:(-0.056, 0.994, -0.098);Ground_Mountain_0_1:(-0.056, 0.994, -0.098);Ground_Mountain_0_1:(-0.056, 0.994, -0.098);"
14.840,160.690,868.204,83.692,-138.522,0.000,0.001,-0.002,0.001,1.000,0.000,0.154,0,0.000,1.887,-0.098,"Ground_Mountain_0_1:(-0.056, 0.994, -0.098);Ground_Mountain_0_1:(-0.056, 0.994, -0.098);Ground_Mountain_0_1:(-0.056, 0.994, -0.098);Ground_Mountain_0_1:(-0.056, 0.994, -0.098);Ground_Mountain_0_1:(-0.056, 0.994, -0.098);Ground_Mountain_0_1:(-0.056, 0.994, -0.098);"
14.860,160.690,868.204,83.692,-138.522,-0.001,0.002,-0.002,0.000,1.000,0.000,0.154,0,0.000,1.888,-0.098,"Ground_Mountain_0_1:(-0.056, 0.994, -0.098);Ground_Mountain_0_1:(-0.056, 0.994, -0.098);Ground_Mountain_0_1:(-0.056, 0.994, -0.098);Ground_Mountain_0_1:(-0.056, 0.994, -0.098);Ground_Mountain_0_1:(-0.056, 0.994, -0.098);Ground_Mountain_0_1:(-0.056, 0.994, -0.098);"
14.880,160.690,868.204,83.692,-138.522,0.000,0.001,-0.002,0.001,1.000,0.000,0.154,0,0.000,1.887,-0.098,"Ground_Mountain_0_1:(-0.056, 0.994, -0.098);Ground_Mountain_0_1:(-0.056, 0.994, -0.098);Ground_Mountain_0_1:(-0.056, 0.994, -0.098);Ground_Mountain_0_1:(-0.056, 0.994, -0.098);Ground_Mountain_0_1:(-0.056, 0.994, -0.098);Ground_Mountain_0_1:(-0.056, 0.994, -0.098);"
14.900,160.690,868.204,83.692,-138.522,-0.001,0.002,-0.002,0.000,1.000,0.000,0.154,0,0.000,1.888,-0.098,"Ground_Mountain_0_1:(-0.056, 0.994, -0.098);Ground_Mountain_0_1:(-0.056, 0.994, -0.098);Ground_Mountain_0_1:(-0.056, 0.994, -0.098);Ground_Mountain_0_1:(-0.056, 0.994, -0.098);Ground_Mountain_0_1:(-0.056, 0.994, -0.098);Ground_Mountain_0_1:(-0.056, 0.994, -0.098);"
14.920,160.690,868.204,83.692,-138.522,0.000,0.002,-0.002,0.001,1.000,0.000,0.154,0,0.000,1.887,-0.098,"Ground_Mountain_0_1:(-0.056, 0.994, -0.098);Ground_Mountain_0_1:(-0.056, 0.994, -0.098);Ground_Mountain_0_1:(-0.056, 0.994, -0.098);Ground_Mountain_0_1:(-0.056, 0.994, -0.098);Ground_Mountain_0_1:(-0.056, 0.994, -0.098);Ground_Mountain_0_1:(-0.056, 0.994, -0.098);"
14.940,160.690,868.204,83.692,-138.522,-0.001,0.002,-0.002,0.000,1.000,0.000,0.154,0,0.000,1.887,-0.098,"Ground_Mountain_0_1:(-0.056, 0.994, -0.098);Ground_Mountain_0_1:(-0.056, 0.994, -0.098);Ground_Mountain_0_1:(-0.056, 0.994, -0.098);Ground_Mountain_0_1:(-0.056, 0.994, -0.098);Ground_Mountain_0_1:(-0.056, 0.994, -0.098);Ground_Mountain_0_1:(-0.056, 0.994, -0.098);"
14.960,160.690,868.204,83.692,-138.522,0.000,0.001,-0.002,0.001,1.000,0.000,0.154,0,0.000,1.887,-0.098,"Ground_Mountain_0_1:(-0.056, 0.994, -0.098);Ground_Mountain_0_1:(-0.056, 0.994, -0.098);Ground_Mountain_0_1:(-0.056, 0.994, -0.098);Ground_Mountain_0_1:(-0.056, 0.994, -0.098);Ground_Mountain_0_1:(-0.056, 0.994, -0.098);Ground_Mountain_0_1:(-0.056, 0.994, -0.098);"
14.980,160.690,868.204,83.692,-138.522,-0.001,0.002,-0.002,0.000,1.000,0.000,0.154,0,0.000,1.887,-0.098,"Ground_Mountain_0_1:(-0.056, 0.994, -0.098);Ground_Mountain_0_1:(-0.056, 0.994, -0.098);Ground_Mountain_0_1:(-0.056, 0.994, -0.098);Ground_Mountain_0_1:(-0.056, 0.994, -0.098);Ground_Mountain_0_1:(-0.056, 0.994, -0.098);Ground_Mountain_0_1:(-0.056, 0.994, -0.098);"
15.000,160.690,868.204,83.692,-138.522,0.000,0.002,-0.002,0.001,1.000,0.000,0.154,0,0.000,1.887,-0.098,"Ground_Mountain_0_1:(-0.056, 0.994, -0.098);Ground_Mountain_0_1:(-0.056, 0.994, -0.098);Ground_Mountain_0_1:(-0.056, 0.994, -0.098);Ground_Mountain_0_1:(-0.056, 0.994, -0.098);Ground_Mountain_0_1:(-0.056, 0.994, -0.098);Ground_Mountain_0_1:(-0.056, 0.994, -0.098);"
15.020,160.690,868.204,83.692,-138.522,-0.001,0.002,-0.002,0.000,1.000,0.000,0.154,0,0.000,1.887,-0.098,"Ground_Mountain_0_1:(-0.056, 0.994, -0.098);Ground_Mountain_0_1:(-0.056, 0.994, -0.098);Ground_Mountain_0_1:(-0.056, 0.994, -0.098);Ground_Mountain_0_1:(-0.056, 0.994, -0.098);Ground_Mountain_0_1:(-0.056, 0.994, -0.098);Ground_Mountain_0_1:(-0.056, 0.994, -0.098);"
15.040,160.690,868.204,83.692,-138.522,0.000,0.001,-0.002,0.001,1.000,0.000,0.154,0,0.000,1.887,-0.098,"Ground_Mountain_0_1:(-0.056, 0.994, -0.098);Ground_Mountain_0_1:(-0.056, 0.994, -0.098);Ground_Mountain_0_1:(-0.056, 0.994, -0.098);Ground_Mountain_0_1:(-0.056, 0.994, -0.098);Ground_Mountain_0_1:(-0.056, 0.994, -0.098);Ground_Mountain_0_1:(-0.056, 0.994, -0.098);"
15.060,160.690,868.204,83.692,-138.522,-0.001,0.002,-0.002,0.000,1.000,0.000,0.154,0,0.000,1.887,-0.098,"Ground_Mountain_0_1:(-0.056, 0.994, -0.098);Ground_Mountain_0_1:(-0.056, 0.994, -0.098);Ground_Mountain_0_1:(-0.056, 0.994, -0.098);Ground_Mountain_0_1:(-0.056, 0.994, -0.098);Ground_Mountain_0_1:(-0.056, 0.994, -0.098);Ground_Mountain_0_1:(-0.056, 0.994, -0.098);"
15.080,160.690,868.204,83.692,-138.522,0.000,0.002,-0.002,0.001,1.000,0.000,0.154,0,0.000,1.887,-0.098,"Ground_Mountain_0_1:(-0.056, 0.994, -0.098);Ground_Mountain_0_1:(-0.056, 0.994, -0.098);Ground_Mountain_0_1:(-0.056, 0.994, -0.098);Ground_Mountain_0_1:(-0.056, 0.994, -0.098);Ground_Mountain_0_1:(-0.056, 0.994, -0.098);Ground_Mountain_0_1:(-0.056, 0.994, -0.098);"
15.100,160.690,868.204,83.692,-138.522,-0.001,0.002,-0.002,0.000,1.000,0.000,0.154,0,0.000,1.887,-0.098,"Ground_Mountain_0_1:(-0.056, 0.994, -0.098);Ground_Mountain_0_1:(-0.056, 0.994, -0.098);Ground_Mountain_0_1:(-0.056, 0.994, -0.098);Ground_Mountain_0_1:(-0.056, 0.994, -0.098);Ground_Mountain_0_1:(-0.056, 0.994, -0.098);Ground_Mountain_0_1:(-0.056, 0.994, -0.098);"
15.120,160.690,868.204,83.692,-138.522,0.000,0.002,-0.002,0.001,1.000,0.000,0.154,0,0.000,1.887,-0.098,"Ground_Mountain_0_1:(-0.056, 0.994, -0.098);Ground_Mountain_0_1:(-0.056, 0.994, -0.098);Ground_Mountain_0_1:(-0.056, 0.994, -0.098);Ground_Mountain_0_1:(-0.056, 0.994, -0.098);Ground_Mountain_0_1:(-0.056, 0.994, -0.098);Ground_Mountain_0_1:(-0.056, 0.994, -0.098);"
15.140,160.690,868.204,83.692,-138.522,-0.001,0.002,-0.002,0.000,1.000,0.000,0.154,0,0.000,1.887,-0.098,"Ground_Mountain_0_1:(-0.056, 0.994, -0.098);Ground_Mountain_0_1:(-0.056, 0.994, -0.098);Ground_Mountain_0_1:(-0.056, 0.994, -0.098);Ground_Mountain_0_1:(-0.056, 0.994, -0.098);Ground_Mountain_0_1:(-0.056, 0.994, -0.098);Ground_Mountain_0_1:(-0.056, 0.994, -0.098);"
15.160,160.690,868.204,83.692,-138.522,0.000,0.002,-0.002,0.001,1.000,0.000,0.154,0,0.000,1.887,-0.098,"Ground_Mountain_0_1:(-0.056, 0.994, -0.098);Ground_Mountain_0_1:(-0.056, 0.994, -0.098);Ground_Mountain_0_1:(-0.056, 0.994, -0.098);Ground_Mountain_0_1:(-0.056, 0.994, -0.098);Ground_Mountain_0_1:(-0.056, 0.994, -0.098);Ground_Mountain_0_1:(-0.056, 0.994, -0.098);"
15.180,160.690,868.204,83.692,-138.522,-0.001,0.002,-0.002,0.000,1.000,0.000,0.154,0,0.000,1.887,-0.098,"Ground_Mountain_0_1:(-0.056, 0.994, -0.098);Ground_Mountain_0_1:(-0.056, 0.994, -0.098);Ground_Mountain_0_1:(-0.056, 0.994, -0.098);Ground_Mountain_0_1:(-0.056, 0.994, -0.098);Ground_Mountain_0_1:(-0.056, 0.994, -0.098);Ground_Mountain_0_1:(-0.056, 0.994, -0.098);"
15.200,160.690,868.204,83.692,-138.522,0.000,0.002,-0.002,0.001,1.000,0.000,0.154,0,0.000,1.887,-0.098,"Ground_Mountain_0_1:(-0.056, 0.994, -0.098);Ground_Mountain_0_1:(-0.056, 0.994, -0.098);Ground_Mountain_0_1:(-0.056, 0.994, -0.098);Ground_Mountain_0_1:(-0.056, 0.994, -0.098);Ground_Mountain_0_1:(-0.056, 0.994, -0.098);Ground_Mountain_0_1:(-0.056, 0.994, -0.098);"
15.220,160.690,868.204,83.692,-138.522,-0.001,0.002,-0.002,0.000,1.000,0.000,0.154,0,0.000,1.887,-0.098,"Ground_Mountain_0_1:(-0.056, 0.994, -0.098);Ground_Mountain_0_1:(-0.056, 0.994, -0.098);Ground_Mountain_0_1:(-0.056, 0.994, -0.098);Ground_Mountain_0_1:(-0.056, 0.994, -0.098);Ground_Mountain_0_1:(-0.056, 0.994, -0.098);Ground_Mountain_0_1:(-0.056, 0.994, -0.098);"
15.240,160.690,868.204,83.692,-138.522,0.000,0.002,-0.002,0.001,1.000,0.000,0.154,0,0.000,1.887,-0.098,"Ground_Mountain_0_1:(-0.056, 0.994, -0.098);Ground_Mountain_0_1:(-0.056, 0.994, -0.098);Ground_Mountain_0_1:(-0.056, 0.994, -0.098);Ground_Mountain_0_1:(-0.056, 0.994, -0.098);Ground_Mountain_0_1:(-0.056, 0.994, -0.098);Ground_Mountain_0_1:(-0.056, 0.994, -0.098);"
15.260,160.690,868.204,83.692,-138.522,-0.001,0.002,-0.002,0.000,1.000,0.000,0.154,0,0.000,1.887,-0.098,"Ground_Mountain_0_1:(-0.056, 0.994, -0.098);Ground_Mountain_0_1:(-0.056, 0.994, -0.098);Ground_Mountain_0_1:(-0.056, 0.994, -0.098);Ground_Mountain_0_1:(-0.056, 0.994, -0.098);Ground_Mountain_0_1:(-0.056, 0.994, -0.098);Ground_Mountain_0_1:(-0.056, 0.994, -0.098);"
15.280,160.690,868.204,83.692,-138.522,0.000,0.002,-0.002,0.001,1.000,0.000,0.154,0,0.000,1.887,-0.098,"Ground_Mountain_0_1:(-0.056, 0.994, -0.098);Ground_Mountain_0_1:(-0.056, 0.994, -0.098);Ground_Mountain_0_1:(-0.056, 0.994, -0.098);Ground_Mountain_0_1:(-0.056, 0.994, -0.098);Ground_Mountain_0_1:(-0.056, 0.994, -0.098);Ground_Mountain_0_1:(-0.056, 0.994, -0.098);"
15.300,160.690,868.204,83.692,-138.522,-0.001,0.002,-0.002,0.000,1.000,0.000,0.154,0,0.000,1.887,-0.098,"Ground_Mountain_0_1:(-0.056, 0.994, -0.098);Ground_Mountain_0_1:(-0.056, 0.994, -0.098);Ground_Mountain_0_1:(-0.056, 0.994, -0.098);Ground_Mountain_0_1:(-0.056, 0.994, -0.098);Ground_Mountain_0_1:(-0.056, 0.994, -0.098);Ground_Mountain_0_1:(-0.056, 0.994, -0.098);"
15.320,160.690,868.204,83.692,-138.522,0.000,0.001,-0.002,0.001,1.000,0.000,0.154,0,0.000,1.887,-0.098,"Ground_Mountain_0_1:(-0.056, 0.994, -0.098);Ground_Mountain_0_1:(-0.056, 0.994, -0.098);Ground_Mountain_0_1:(-0.056, 0.994, -0.098);Ground_Mountain_0_1:(-0.056, 0.994, -0.098);Ground_Mountain_0_1:(-0.056, 0.994, -0.098);Ground_Mountain_0_1:(-0.056, 0.994, -0.098);"
15.340,160.690,868.204,83.692,-138.522,-0.001,0.002,-0.003,0.000,1.000,0.000,0.154,0,0.000,1.887,-0.098,"Ground_Mountain_0_1:(-0.056, 0.994, -0.098);Ground_Mountain_0_1:(-0.056, 0.994, -0.098);Ground_Mountain_0_1:(-0.056, 0.994, -0.098);Ground_Mountain_0_1:(-0.056, 0.994, -0.098);Ground_Mountain_0_1:(-0.056, 0.994, -0.098);Ground_Mountain_0_1:(-0.056, 0.994, -0.098);"
15.360,160.690,868.204,83.692,-138.522,0.000,0.002,-0.002,0.001,1.000,0.000,0.154,0,0.000,1.887,-0.098,"Ground_Mountain_0_1:(-0.056, 0.994, -0.098);Ground_Mountain_0_1:(-0.056, 0.994, -0.098);Ground_Mountain_0_1:(-0.056, 0.994, -0.098);Ground_Mountain_0_1:(-0.056, 0.994, -0.098);Ground_Mountain_0_1:(-0.056, 0.994, -0.098);Ground_Mountain_0_1:(-0.056, 0.994, -0.098);"
15.380,160.690,868.204,83.692,-138.522,-0.001,0.002,-0.002,0.000,1.000,0.000,0.154,0,0.000,1.887,-0.098,"Ground_Mountain_0_1:(-0.056, 0.994, -0.098);Ground_Mountain_0_1:(-0.056, 0.994, -0.098);Ground_Mountain_0_1:(-0.056, 0.994, -0.098);Ground_Mountain_0_1:(-0.056, 0.994, -0.098);Ground_Mountain_0_1:(-0.056, 0.994, -0.098);Ground_Mountain_0_1:(-0.056, 0.994, -0.098);"
15.400,160.690,868.204,83.692,-138.522,0.000,0.002,-0.002,0.001,1.000,0.000,0.154,0,0.000,1.887,-0.098,"Ground_Mountain_0_1:(-0.056, 0.994, -0.098);Ground_Mountain_0_1:(-0.056, 0.994, -0.098);Ground_Mountain_0_1:(-0.056, 0.994, -0.098);Ground_Mountain_0_1:(-0.056, 0.994, -0.098);Ground_Mountain_0_1:(-0.056, 0.994, -0.098);Ground_Mountain_0_1:(-0.056, 0.994, -0.098);"
15.420,160.690,868.204,83.692,-138.522,-0.001,0.002,-0.002,0.000,1.000,0.000,0.154,0,0.000,1.887,-0.098,"Ground_Mountain_0_1:(-0.056, 0.994, -0.098);Ground_Mountain_0_1:(-0.056, 0.994, -0.098);Ground_Mountain_0_1:(-0.056, 0.994, -0.098);Ground_Mountain_0_1:(-0.056, 0.994, -0.098);Ground_Mountain_0_1:(-0.056, 0.994, -0.098);Ground_Mountain_0_1:(-0.056, 0.994, -0.098);"
15.440,160.690,868.204,83.692,-138.522,0.000,0.002,-0.002,0.001,1.000,0.000,0.154,0,0.000,1.887,-0.098,"Ground_Mountain_0_1:(-0.056, 0.994, -0.098);Ground_Mountain_0_1:(-0.056, 0.994, -0.098);Ground_Mountain_0_1:(-0.056, 0.994, -0.098);Ground_Mountain_0_1:(-0.056, 0.994, -0.098);Ground_Mountain_0_1:(-0.056, 0.994, -0.098);Ground_Mountain_0_1:(-0.056, 0.994, -0.098);"
15.460,160.690,868.204,83.692,-138.522,-0.001,0.002,-0.002,0.000,1.000,0.000,0.154,0,0.000,1.887,-0.098,"Ground_Mountain_0_1:(-0.056, 0.994, -0.098);Ground_Mountain_0_1:(-0.056, 0.994, -0.098);Ground_Mountain_0_1:(-0.056, 0.994, -0.098);Ground_Mountain_0_1:(-0.056, 0.994, -0.098);Ground_Mountain_0_1:(-0.056, 0.994, -0.098);Ground_Mountain_0_1:(-0.056, 0.994, -0.098);"
15.480,160.690,868.204,83.692,-138.522,0.000,0.002,-0.002,0.001,1.000,0.000,0.154,0,0.000,1.887,-0.098,"Ground_Mountain_0_1:(-0.056, 0.994, -0.098);Ground_Mountain_0_1:(-0.056, 0.994, -0.098);Ground_Mountain_0_1:(-0.056, 0.994, -0.098);Ground_Mountain_0_1:(-0.056, 0.994, -0.098);Ground_Mountain_0_1:(-0.056, 0.994, -0.098);Ground_Mountain_0_1:(-0.056, 0.994, -0.098);"
15.500,160.690,868.204,83.692,-138.522,-0.001,0.002,-0.002,0.000,1.000,0.000,0.154,0,0.000,1.887,-0.098,"Ground_Mountain_0_1:(-0.056, 0.994, -0.098);Ground_Mountain_0_1:(-0.056, 0.994, -0.098);Ground_Mountain_0_1:(-0.056, 0.994, -0.098);Ground_Mountain_0_1:(-0.056, 0.994, -0.098);Ground_Mountain_0_1:(-0.056, 0.994, -0.098);Ground_Mountain_0_1:(-0.056, 0.994, -0.098);"
15.520,160.690,868.204,83.692,-138.522,0.000,0.002,-0.002,0.001,1.000,0.000,0.154,0,0.000,1.887,-0.098,"Ground_Mountain_0_1:(-0.056, 0.994, -0.098);Ground_Mountain_0_1:(-0.056, 0.994, -0.098);Ground_Mountain_0_1:(-0.056, 0.994, -0.098);Ground_Mountain_0_1:(-0.056, 0.994, -0.098);Ground_Mountain_0_1:(-0.056, 0.994, -0.098);Ground_Mountain_0_1:(-0.056, 0.994, -0.098);"
15.540,160.690,868.204,83.692,-138.522,-0.001,0.002,-0.002,0.000,1.000,0.000,0.154,0,0.000,1.887,-0.098,"Ground_Mountain_0_1:(-0.056, 0.994, -0.098);Ground_Mountain_0_1:(-0.056, 0.994, -0.098);Ground_Mountain_0_1:(-0.056, 0.994, -0.098);Ground_Mountain_0_1:(-0.056, 0.994, -0.098);Ground_Mountain_0_1:(-0.056, 0.994, -0.098);Ground_Mountain_0_1:(-0.056, 0.994, -0.098);"
15.560,160.690,868.204,83.692,-138.522,0.000,0.001,-0.002,0.001,1.000,0.000,0.154,0,0.000,1.887,-0.098,"Ground_Mountain_0_1:(-0.056, 0.994, -0.098);Ground_Mountain_0_1:(-0.056, 0.994, -0.098);Ground_Mountain_0_1:(-0.056, 0.994, -0.098);Ground_Mountain_0_1:(-0.056, 0.994, -0.098);Ground_Mountain_0_1:(-0.056, 0.994, -0.098);Ground_Mountain_0_1:(-0.056, 0.994, -0.098);"
15.580,160.690,868.204,83.692,-138.522,-0.001,0.002,-0.002,0.000,1.000,0.000,0.154,0,0.000,1.887,-0.098,"Ground_Mountain_0_1:(-0.056, 0.994, -0.098);Ground_Mountain_0_1:(-0.056, 0.994, -0.098);Ground_Mountain_0_1:(-0.056, 0.994, -0.098);Ground_Mountain_0_1:(-0.056, 0.994, -0.098);Ground_Mountain_0_1:(-0.056, 0.994, -0.098);Ground_Mountain_0_1:(-0.056, 0.994, -0.098);"
15.600,160.690,868.204,83.692,-138.522,0.000,0.002,-0.002,0.001,1.000,0.000,0.154,0,0.000,1.887,-0.098,"Ground_Mountain_0_1:(-0.056, 0.994, -0.098);Ground_Mountain_0_1:(-0.056, 0.994, -0.098);Ground_Mountain_0_1:(-0.056, 0.994, -0.098);Ground_Mountain_0_1:(-0.056, 0.994, -0.098);Ground_Mountain_0_1:(-0.056, 0.994, -0.098);Ground_Mountain_0_1:(-0.056, 0.994, -0.098);"
15.620,160.690,868.204,83.692,-138.522,-0.001,0.001,-0.002,0.000,1.000,0.000,0.154,0,0.000,1.887,-0.098,"Ground_Mountain_0_1:(-0.056, 0.994, -0.098);Ground_Mountain_0_1:(-0.056, 0.994, -0.098);Ground_Mountain_0_1:(-0.056, 0.994, -0.098);Ground_Mountain_0_1:(-0.056, 0.994, -0.098);Ground_Mountain_0_1:(-0.056, 0.994, -0.098);Ground_Mountain_0_1:(-0.056, 0.994, -0.098);"
15.640,160.690,868.204,83.692,-138.522,-0.001,0.002,-0.002,0.001,1.000,0.000,0.154,0,0.000,1.888,-0.098,"Ground_Mountain_0_1:(-0.056, 0.994, -0.098);Ground_Mountain_0_1:(-0.056, 0.994, -0.098);Ground_Mountain_0_1:(-0.056, 0.994, -0.098);Ground_Mountain_0_1:(-0.056, 0.994, -0.098);Ground_Mountain_0_1:(-0.056, 0.994, -0.098);Ground_Mountain_0_1:(-0.056, 0.994, -0.098);"
15.660,160.690,868.204,83.692,-138.522,0.000,0.002,-0.002,0.001,1.000,0.000,0.154,0,0.000,1.887,-0.098,"Ground_Mountain_0_1:(-0.056, 0.994, -0.098);Ground_Mountain_0_1:(-0.056, 0.994, -0.098);Ground_Mountain_0_1:(-0.056, 0.994, -0.098);Ground_Mountain_0_1:(-0.056, 0.994, -0.098);Ground_Mountain_0_1:(-0.056, 0.994, -0.098);Ground_Mountain_0_1:(-0.056, 0.994, -0.098);"
15.680,160.690,868.204,83.692,-138.522,0.000,0.001,-0.002,0.001,1.000,0.000,0.154,0,0.000,1.888,-0.098,"Ground_Mountain_0_1:(-0.056, 0.994, -0.098);Ground_Mountain_0_1:(-0.056, 0.994, -0.098);Ground_Mountain_0_1:(-0.056, 0.994, -0.098);Ground_Mountain_0_1:(-0.056, 0.994, -0.098);Ground_Mountain_0_1:(-0.056, 0.994, -0.098);Ground_Mountain_0_1:(-0.056, 0.994, -0.098);"
15.700,160.690,868.204,83.692,-138.522,-0.001,0.002,-0.002,0.000,1.000,0.000,0.154,0,0.000,1.888,-0.098,"Ground_Mountain_0_1:(-0.056, 0.994, -0.098);Ground_Mountain_0_1:(-0.056, 0.994, -0.098);Ground_Mountain_0_1:(-0.056, 0.994, -0.098);Ground_Mountain_0_1:(-0.056, 0.994, -0.098);Ground_Mountain_0_1:(-0.056, 0.994, -0.098);Ground_Mountain_0_1:(-0.056, 0.994, -0.098);"
15.720,160.690,868.204,83.692,-138.522,0.000,0.001,-0.002,0.001,1.000,0.000,0.154,0,0.000,1.887,-0.098,"Ground_Mountain_0_1:(-0.056, 0.994, -0.098);Ground_Mountain_0_1:(-0.056, 0.994, -0.098);Ground_Mountain_0_1:(-0.056, 0.994, -0.098);Ground_Mountain_0_1:(-0.056, 0.994, -0.098);Ground_Mountain_0_1:(-0.056, 0.994, -0.098);Ground_Mountain_0_1:(-0.056, 0.994, -0.098);"
15.740,160.690,868.204,83.692,-138.522,-0.001,0.002,-0.003,0.000,1.000,0.000,0.154,0,0.000,1.888,-0.098,"Ground_Mountain_0_1:(-0.056, 0.994, -0.098);Ground_Mountain_0_1:(-0.056, 0.994, -0.098);Ground_Mountain_0_1:(-0.056, 0.994, -0.098);Ground_Mountain_0_1:(-0.056, 0.994, -0.098);Ground_Mountain_0_1:(-0.056, 0.994, -0.098);Ground_Mountain_0_1:(-0.056, 0.994, -0.098);"
15.760,160.690,868.204,83.692,-138.522,0.000,0.001,-0.002,0.001,1.000,0.000,0.154,0,0.000,1.887,-0.098,"Ground_Mountain_0_1:(-0.056, 0.994, -0.098);Ground_Mountain_0_1:(-0.056, 0.994, -0.098);Ground_Mountain_0_1:(-0.056, 0.994, -0.098);Ground_Mountain_0_1:(-0.056, 0.994, -0.098);Ground_Mountain_0_1:(-0.056, 0.994, -0.098);Ground_Mountain_0_1:(-0.056, 0.994, -0.098);"
15.780,160.690,868.204,83.692,-138.522,-0.001,0.002,-0.003,0.000,1.000,0.000,0.154,0,0.000,1.887,-0.098,"Ground_Mountain_0_1:(-0.056, 0.994, -0.098);Ground_Mountain_0_1:(-0.056, 0.994, -0.098);Ground_Mountain_0_1:(-0.056, 0.994, -0.098);Ground_Mountain_0_1:(-0.056, 0.994, -0.098);Ground_Mountain_0_1:(-0.056, 0.994, -0.098);Ground_Mountain_0_1:(-0.056, 0.994, -0.098);"
15.800,160.690,868.204,83.692,-138.522,0.000,0.002,-0.002,0.001,1.000,0.000,0.154,0,0.000,1.887,-0.098,"Ground_Mountain_0_1:(-0.056, 0.994, -0.098);Ground_Mountain_0_1:(-0.056, 0.994, -0.098);Ground_Mountain_0_1:(-0.056, 0.994, -0.098);Ground_Mountain_0_1:(-0.056, 0.994, -0.098);Ground_Mountain_0_1:(-0.056, 0.994, -0.098);Ground_Mountain_0_1:(-0.056, 0.994, -0.098);"
15.820,160.690,868.204,83.692,-138.522,-0.001,0.002,-0.002,0.000,1.000,0.000,0.154,0,0.000,1.887,-0.098,"Ground_Mountain_0_1:(-0.056, 0.994, -0.098);Ground_Mountain_0_1:(-0.056, 0.994, -0.098);Ground_Mountain_0_1:(-0.056, 0.994, -0.098);Ground_Mountain_0_1:(-0.056, 0.994, -0.098);Ground_Mountain_0_1:(-0.056, 0.994, -0.098);Ground_Mountain_0_1:(-0.056, 0.994, -0.098);"
15.840,160.690,868.204,83.692,-138.522,0.000,0.002,-0.002,0.001,1.000,0.000,0.154,0,0.000,1.887,-0.098,"Ground_Mountain_0_1:(-0.056, 0.994, -0.098);Ground_Mountain_0_1:(-0.056, 0.994, -0.098);Ground_Mountain_0_1:(-0.056, 0.994, -0.098);Ground_Mountain_0_1:(-0.056, 0.994, -0.098);Ground_Mountain_0_1:(-0.056, 0.994, -0.098);Ground_Mountain_0_1:(-0.056, 0.994, -0.098);"
15.860,160.690,868.204,83.692,-138.522,-0.001,0.002,-0.002,0.000,1.000,0.000,0.154,0,0.000,1.887,-0.098,"Ground_Mountain_0_1:(-0.056, 0.994, -0.098);Ground_Mountain_0_1:(-0.056, 0.994, -0.098);Ground_Mountain_0_1:(-0.056, 0.994, -0.098);Ground_Mountain_0_1:(-0.056, 0.994, -0.098);Ground_Mountain_0_1:(-0.056, 0.994, -0.098);Ground_Mountain_0_1:(-0.056, 0.994, -0.098);"
15.880,160.690,868.204,83.692,-138.522,0.000,0.002,-0.002,0.001,1.000,0.000,0.154,0,0.000,1.887,-0.098,"Ground_Mountain_0_1:(-0.056, 0.994, -0.098);Ground_Mountain_0_1:(-0.056, 0.994, -0.098);Ground_Mountain_0_1:(-0.056, 0.994, -0.098);Ground_Mountain_0_1:(-0.056, 0.994, -0.098);Ground_Mountain_0_1:(-0.056, 0.994, -0.098);Ground_Mountain_0_1:(-0.056, 0.994, -0.098);"
15.900,160.690,868.204,83.692,-138.522,-0.001,0.002,-0.002,0.000,1.000,0.000,0.154,0,0.000,1.887,-0.098,"Ground_Mountain_0_1:(-0.056, 0.994, -0.098);Ground_Mountain_0_1:(-0.056, 0.994, -0.098);Ground_Mountain_0_1:(-0.056, 0.994, -0.098);Ground_Mountain_0_1:(-0.056, 0.994, -0.098);Ground_Mountain_0_1:(-0.056, 0.994, -0.098);Ground_Mountain_0_1:(-0.056, 0.994, -0.098);"
15.920,160.690,868.204,83.692,-138.522,0.000,0.002,-0.002,0.001,1.000,0.000,0.154,0,0.000,1.887,-0.098,"Ground_Mountain_0_1:(-0.056, 0.994, -0.098);Ground_Mountain_0_1:(-0.056, 0.994, -0.098);Ground_Mountain_0_1:(-0.056, 0.994, -0.098);Ground_Mountain_0_1:(-0.056, 0.994, -0.098);Ground_Mountain_0_1:(-0.056, 0.994, -0.098);Ground_Mountain_0_1:(-0.056, 0.994, -0.098);"
15.940,160.690,868.204,83.692,-138.522,-0.001,0.002,-0.002,0.000,1.000,0.000,0.154,0,0.000,1.887,-0.098,"Ground_Mountain_0_1:(-0.056, 0.994, -0.098);Ground_Mountain_0_1:(-0.056, 0.994, -0.098);Ground_Mountain_0_1:(-0.056, 0.994, -0.098);Ground_Mountain_0_1:(-0.056, 0.994, -0.098);Ground_Mountain_0_1:(-0.056, 0.994, -0.098);Ground_Mountain_0_1:(-0.056, 0.994, -0.098);"
15.960,160.690,868.204,83.692,-138.522,0.000,0.002,-0.002,0.001,1.000,0.000,0.154,0,0.000,1.887,-0.098,"Ground_Mountain_0_1:(-0.056, 0.994, -0.098);Ground_Mountain_0_1:(-0.056, 0.994, -0.098);Ground_Mountain_0_1:(-0.056, 0.994, -0.098);Ground_Mountain_0_1:(-0.056, 0.994, -0.098);Ground_Mountain_0_1:(-0.056, 0.994, -0.098);Ground_Mountain_0_1:(-0.056, 0.994, -0.098);"
15.980,160.690,868.204,83.692,-138.522,0.000,0.001,-0.003,0.000,1.000,0.000,0.154,0,0.000,1.887,-0.098,"Ground_Mountain_0_1:(-0.056, 0.994, -0.098);Ground_Mountain_0_1:(-0.056, 0.994, -0.098);Ground_Mountain_0_1:(-0.056, 0.994, -0.098);Ground_Mountain_0_1:(-0.056, 0.994, -0.098);Ground_Mountain_0_1:(-0.056, 0.994, -0.098);Ground_Mountain_0_1:(-0.056, 0.994, -0.098);"
16.000,160.690,868.204,83.692,-138.522,-0.001,0.002,-0.002,0.001,1.000,0.000,0.154,0,0.000,1.888,-0.098,"Ground_Mountain_0_1:(-0.056, 0.994, -0.098);Ground_Mountain_0_1:(-0.056, 0.994, -0.098);Ground_Mountain_0_1:(-0.056, 0.994, -0.098);Ground_Mountain_0_1:(-0.056, 0.994, -0.098);Ground_Mountain_0_1:(-0.056, 0.994, -0.098);Ground_Mountain_0_1:(-0.056, 0.994, -0.098);"
16.020,160.690,868.204,83.692,-138.522,0.000,0.002,-0.003,0.001,1.000,0.000,0.154,0,0.000,1.887,-0.098,"Ground_Mountain_0_1:(-0.056, 0.994, -0.098);Ground_Mountain_0_1:(-0.056, 0.994, -0.098);Ground_Mountain_0_1:(-0.056, 0.994, -0.098);Ground_Mountain_0_1:(-0.056, 0.994, -0.098);Ground_Mountain_0_1:(-0.056, 0.994, -0.098);Ground_Mountain_0_1:(-0.056, 0.994, -0.098);"
16.040,160.690,868.204,83.692,-138.522,0.000,0.001,-0.002,0.001,1.000,0.000,0.154,0,0.000,1.888,-0.098,"Ground_Mountain_0_1:(-0.056, 0.994, -0.098);Ground_Mountain_0_1:(-0.056, 0.994, -0.098);Ground_Mountain_0_1:(-0.056, 0.994, -0.098);Ground_Mountain_0_1:(-0.056, 0.994, -0.098);Ground_Mountain_0_1:(-0.056, 0.994, -0.098);Ground_Mountain_0_1:(-0.056, 0.994, -0.098);"
16.060,160.690,868.204,83.692,-138.522,-0.001,0.002,-0.002,0.000,1.000,0.000,0.154,0,0.000,1.888,-0.098,"Ground_Mountain_0_1:(-0.056, 0.994, -0.098);Ground_Mountain_0_1:(-0.056, 0.994, -0.098);Ground_Mountain_0_1:(-0.056, 0.994, -0.098);Ground_Mountain_0_1:(-0.056, 0.994, -0.098);Ground_Mountain_0_1:(-0.056, 0.994, -0.098);Ground_Mountain_0_1:(-0.056, 0.994, -0.098);"
16.080,160.690,868.204,83.692,-138.522,0.000,0.002,-0.002,0.001,1.000,0.000,0.154,0,0.000,1.887,-0.098,"Ground_Mountain_0_1:(-0.056, 0.994, -0.098);Ground_Mountain_0_1:(-0.056, 0.994, -0.098);Ground_Mountain_0_1:(-0.056, 0.994, -0.098);Ground_Mountain_0_1:(-0.056, 0.994, -0.098);Ground_Mountain_0_1:(-0.056, 0.994, -0.098);Ground_Mountain_0_1:(-0.056, 0.994, -0.098);"
16.100,160.690,868.204,83.692,-138.522,-0.001,0.002,-0.002,0.000,1.000,0.000,0.154,0,0.000,1.887,-0.098,"Ground_Mountain_0_1:(-0.056, 0.994, -0.098);Ground_Mountain_0_1:(-0.056, 0.994, -0.098);Ground_Mountain_0_1:(-0.056, 0.994, -0.098);Ground_Mountain_0_1:(-0.056, 0.994, -0.098);Ground_Mountain_0_1:(-0.056, 0.994, -0.098);Ground_Mountain_0_1:(-0.056, 0.994, -0.098);"
16.120,160.690,868.204,83.692,-138.522,0.000,0.002,-0.002,0.001,1.000,0.000,0.154,0,0.000,1.887,-0.098,"Ground_Mountain_0_1:(-0.056, 0.994, -0.098);Ground_Mountain_0_1:(-0.056, 0.994, -0.098);Ground_Mountain_0_1:(-0.056, 0.994, -0.098);Ground_Mountain_0_1:(-0.056, 0.994, -0.098);Ground_Mountain_0_1:(-0.056, 0.994, -0.098);Ground_Mountain_0_1:(-0.056, 0.994, -0.098);"
16.140,160.690,868.204,83.692,-138.522,-0.001,0.002,-0.002,0.000,1.000,0.000,0.154,0,0.000,1.887,-0.098,"Ground_Mountain_0_1:(-0.056, 0.994, -0.098);Ground_Mountain_0_1:(-0.056, 0.994, -0.098);Ground_Mountain_0_1:(-0.056, 0.994, -0.098);Ground_Mountain_0_1:(-0.056, 0.994, -0.098);Ground_Mountain_0_1:(-0.056, 0.994, -0.098);Ground_Mountain_0_1:(-0.056, 0.994, -0.098);"
16.160,160.690,868.204,83.692,-138.522,0.000,0.002,-0.003,0.001,1.000,0.000,0.154,0,0.000,1.887,-0.098,"Ground_Mountain_0_1:(-0.056, 0.994, -0.098);Ground_Mountain_0_1:(-0.056, 0.994, -0.098);Ground_Mountain_0_1:(-0.056, 0.994, -0.098);Ground_Mountain_0_1:(-0.056, 0.994, -0.098);Ground_Mountain_0_1:(-0.056, 0.994, -0.098);Ground_Mountain_0_1:(-0.056, 0.994, -0.098);"
16.180,160.690,868.204,83.692,-138.522,-0.001,0.002,-0.002,0.000,1.000,0.000,0.154,0,0.000,1.887,-0.098,"Ground_Mountain_0_1:(-0.056, 0.994, -0.098);Ground_Mountain_0_1:(-0.056, 0.994, -0.098);Ground_Mountain_0_1:(-0.056, 0.994, -0.098);Ground_Mountain_0_1:(-0.056, 0.994, -0.098);Ground_Mountain_0_1:(-0.056, 0.994, -0.098);Ground_Mountain_0_1:(-0.056, 0.994, -0.098);"
16.200,160.690,868.204,83.692,-138.522,0.000,0.002,-0.002,0.001,1.000,0.000,0.154,0,0.000,1.887,-0.098,"Ground_Mountain_0_1:(-0.056, 0.994, -0.098);Ground_Mountain_0_1:(-0.056, 0.994, -0.098);Ground_Mountain_0_1:(-0.056, 0.994, -0.098);Ground_Mountain_0_1:(-0.056, 0.994, -0.098);Ground_Mountain_0_1:(-0.056, 0.994, -0.098);Ground_Mountain_0_1:(-0.056, 0.994, -0.098);"
16.220,160.690,868.204,83.692,-138.522,-0.001,0.002,-0.002,0.000,1.000,0.000,0.154,0,0.000,1.887,-0.098,"Ground_Mountain_0_1:(-0.056, 0.994, -0.098);Ground_Mountain_0_1:(-0.056, 0.994, -0.098);Ground_Mountain_0_1:(-0.056, 0.994, -0.098);Ground_Mountain_0_1:(-0.056, 0.994, -0.098);Ground_Mountain_0_1:(-0.056, 0.994, -0.098);Ground_Mountain_0_1:(-0.056, 0.994, -0.098);"
16.240,160.690,868.204,83.692,-138.522,0.000,0.002,-0.002,0.001,1.000,0.000,0.154,0,0.000,1.887,-0.098,"Ground_Mountain_0_1:(-0.056, 0.994, -0.098);Ground_Mountain_0_1:(-0.056, 0.994, -0.098);Ground_Mountain_0_1:(-0.056, 0.994, -0.098);Ground_Mountain_0_1:(-0.056, 0.994, -0.098);Ground_Mountain_0_1:(-0.056, 0.994, -0.098);Ground_Mountain_0_1:(-0.056, 0.994, -0.098);"
16.260,160.690,868.204,83.692,-138.522,-0.001,0.002,-0.002,0.000,1.000,0.000,0.154,0,0.000,1.887,-0.098,"Ground_Mountain_0_1:(-0.056, 0.994, -0.098);Ground_Mountain_0_1:(-0.056, 0.994, -0.098);Ground_Mountain_0_1:(-0.056, 0.994, -0.098);Ground_Mountain_0_1:(-0.056, 0.994, -0.098);Ground_Mountain_0_1:(-0.056, 0.994, -0.098);Ground_Mountain_0_1:(-0.056, 0.994, -0.098);"
16.280,160.690,868.204,83.692,-138.522,0.000,0.001,-0.002,0.001,1.000,0.000,0.154,0,0.000,1.887,-0.098,"Ground_Mountain_0_1:(-0.056, 0.994, -0.098);Ground_Mountain_0_1:(-0.056, 0.994, -0.098);Ground_Mountain_0_1:(-0.056, 0.994, -0.098);Ground_Mountain_0_1:(-0.056, 0.994, -0.098);Ground_Mountain_0_1:(-0.056, 0.994, -0.098);Ground_Mountain_0_1:(-0.056, 0.994, -0.098);"
16.300,160.690,868.204,83.692,-138.522,-0.001,0.002,-0.002,0.000,1.000,0.000,0.154,0,0.000,1.887,-0.098,"Ground_Mountain_0_1:(-0.056, 0.994, -0.098);Ground_Mountain_0_1:(-0.056, 0.994, -0.098);Ground_Mountain_0_1:(-0.056, 0.994, -0.098);Ground_Mountain_0_1:(-0.056, 0.994, -0.098);Ground_Mountain_0_1:(-0.056, 0.994, -0.098);Ground_Mountain_0_1:(-0.056, 0.994, -0.098);"
16.320,160.690,868.204,83.692,-138.522,0.000,0.002,-0.002,0.001,1.000,0.000,0.154,0,0.000,1.887,-0.098,"Ground_Mountain_0_1:(-0.056, 0.994, -0.098);Ground_Mountain_0_1:(-0.056, 0.994, -0.098);Ground_Mountain_0_1:(-0.056, 0.994, -0.098);Ground_Mountain_0_1:(-0.056, 0.994, -0.098);Ground_Mountain_0_1:(-0.056, 0.994, -0.098);Ground_Mountain_0_1:(-0.056, 0.994, -0.098);"
16.340,160.690,868.204,83.692,-138.522,-0.001,0.002,-0.002,0.000,1.000,0.000,0.154,0,0.000,1.887,-0.098,"Ground_Mountain_0_1:(-0.056, 0.994, -0.098);Ground_Mountain_0_1:(-0.056, 0.994, -0.098);Ground_Mountain_0_1:(-0.056, 0.994, -0.098);Ground_Mountain_0_1:(-0.056, 0.994, -0.098);Ground_Mountain_0_1:(-0.056, 0.994, -0.098);Ground_Mountain_0_1:(-0.056, 0.994, -0.098);"
16.360,160.690,868.204,83.692,-138.522,0.000,0.002,-0.002,0.001,1.000,0.000,0.154,0,0.000,1.887,-0.098,"Ground_Mountain_0_1:(-0.056, 0.994, -0.098);Ground_Mountain_0_1:(-0.056, 0.994, -0.098);Ground_Mountain_0_1:(-0.056, 0.994, -0.098);Ground_Mountain_0_1:(-0.056, 0.994, -0.098);Ground_Mountain_0_1:(-0.056, 0.994, -0.098);Ground_Mountain_0_1:(-0.056, 0.994, -0.098);"
16.380,160.690,868.204,83.692,-138.522,-0.001,0.002,-0.002,0.000,1.000,0.000,0.154,0,0.000,1.887,-0.098,"Ground_Mountain_0_1:(-0.056, 0.994, -0.098);Ground_Mountain_0_1:(-0.056, 0.994, -0.098);Ground_Mountain_0_1:(-0.056, 0.994, -0.098);Ground_Mountain_0_1:(-0.056, 0.994, -0.098);Ground_Mountain_0_1:(-0.056, 0.994, -0.098);Ground_Mountain_0_1:(-0.056, 0.994, -0.098);"
16.400,160.690,868.204,83.692,-138.522,0.000,0.001,-0.002,0.001,1.000,0.000,0.154,0,0.000,1.887,-0.098,"Ground_Mountain_0_1:(-0.056, 0.994, -0.098);Ground_Mountain_0_1:(-0.056, 0.994, -0.098);Ground_Mountain_0_1:(-0.056, 0.994, -0.098);Ground_Mountain_0_1:(-0.056, 0.994, -0.098);Ground_Mountain_0_1:(-0.056, 0.994, -0.098);Ground_Mountain_0_1:(-0.056, 0.994, -0.098);"
16.420,160.690,868.204,83.692,-138.522,-0.001,0.002,-0.003,0.000,1.000,0.000,0.154,0,0.000,1.887,-0.098,"Ground_Mountain_0_1:(-0.056, 0.994, -0.098);Ground_Mountain_0_1:(-0.056, 0.994, -0.098);Ground_Mountain_0_1:(-0.056, 0.994, -0.098);Ground_Mountain_0_1:(-0.056, 0.994, -0.098);Ground_Mountain_0_1:(-0.056, 0.994, -0.098);Ground_Mountain_0_1:(-0.056, 0.994, -0.098);"
16.440,160.690,868.204,83.692,-138.522,0.000,0.002,-0.002,0.001,1.000,0.000,0.154,0,0.000,1.887,-0.098,"Ground_Mountain_0_1:(-0.056, 0.994, -0.098);Ground_Mountain_0_1:(-0.056, 0.994, -0.098);Ground_Mountain_0_1:(-0.056, 0.994, -0.098);Ground_Mountain_0_1:(-0.056, 0.994, -0.098);Ground_Mountain_0_1:(-0.056, 0.994, -0.098);Ground_Mountain_0_1:(-0.056, 0.994, -0.098);"
16.460,160.690,868.204,83.692,-138.522,-0.001,0.002,-0.002,0.000,1.000,0.000,0.154,0,0.000,1.887,-0.098,"Ground_Mountain_0_1:(-0.056, 0.994, -0.098);Ground_Mountain_0_1:(-0.056, 0.994, -0.098);Ground_Mountain_0_1:(-0.056, 0.994, -0.098);Ground_Mountain_0_1:(-0.056, 0.994, -0.098);Ground_Mountain_0_1:(-0.056, 0.994, -0.098);Ground_Mountain_0_1:(-0.056, 0.994, -0.098);"
16.480,160.690,868.204,83.692,-138.522,0.000,0.001,-0.002,0.001,1.000,0.000,0.154,0,0.000,1.887,-0.098,"Ground_Mountain_0_1:(-0.056, 0.994, -0.098);Ground_Mountain_0_1:(-0.056, 0.994, -0.098);Ground_Mountain_0_1:(-0.056, 0.994, -0.098);Ground_Mountain_0_1:(-0.056, 0.994, -0.098);Ground_Mountain_0_1:(-0.056, 0.994, -0.098);Ground_Mountain_0_1:(-0.056, 0.994, -0.098);"
16.500,160.690,868.204,83.692,-138.522,-0.001,0.001,-0.002,0.000,1.000,0.000,0.154,0,0.000,1.888,-0.098,"Ground_Mountain_0_1:(-0.056, 0.994, -0.098);Ground_Mountain_0_1:(-0.056, 0.994, -0.098);Ground_Mountain_0_1:(-0.056, 0.994, -0.098);Ground_Mountain_0_1:(-0.056, 0.994, -0.098);Ground_Mountain_0_1:(-0.056, 0.994, -0.098);Ground_Mountain_0_1:(-0.056, 0.994, -0.098);"
16.520,160.690,868.204,83.692,-138.522,-0.001,0.002,-0.002,0.001,1.000,0.000,0.154,0,0.000,1.888,-0.098,"Ground_Mountain_0_1:(-0.056, 0.994, -0.098);Ground_Mountain_0_1:(-0.056, 0.994, -0.098);Ground_Mountain_0_1:(-0.056, 0.994, -0.098);Ground_Mountain_0_1:(-0.056, 0.994, -0.098);Ground_Mountain_0_1:(-0.056, 0.994, -0.098);Ground_Mountain_0_1:(-0.056, 0.994, -0.098);"
16.540,160.690,868.204,83.692,-138.522,0.000,0.002,-0.003,0.001,1.000,0.000,0.154,0,0.000,1.887,-0.098,"Ground_Mountain_0_1:(-0.056, 0.994, -0.098);Ground_Mountain_0_1:(-0.056, 0.994, -0.098);Ground_Mountain_0_1:(-0.056, 0.994, -0.098);Ground_Mountain_0_1:(-0.056, 0.994, -0.098);Ground_Mountain_0_1:(-0.056, 0.994, -0.098);Ground_Mountain_0_1:(-0.056, 0.994, -0.098);"
16.560,160.690,868.204,83.692,-138.522,0.000,0.001,-0.002,0.001,1.000,0.000,0.154,0,0.000,1.887,-0.098,"Ground_Mountain_0_1:(-0.056, 0.994, -0.098);Ground_Mountain_0_1:(-0.056, 0.994, -0.098);Ground_Mountain_0_1:(-0.056, 0.994, -0.098);Ground_Mountain_0_1:(-0.056, 0.994, -0.098);Ground_Mountain_0_1:(-0.056, 0.994, -0.098);Ground_Mountain_0_1:(-0.056, 0.994, -0.098);"
16.580,160.690,868.204,83.692,-138.522,-0.001,0.002,-0.002,0.000,1.000,0.000,0.154,0,0.000,1.888,-0.098,"Ground_Mountain_0_1:(-0.056, 0.994, -0.098);Ground_Mountain_0_1:(-0.056, 0.994, -0.098);Ground_Mountain_0_1:(-0.056, 0.994, -0.098);Ground_Mountain_0_1:(-0.056, 0.994, -0.098);Ground_Mountain_0_1:(-0.056, 0.994, -0.098);Ground_Mountain_0_1:(-0.056, 0.994, -0.098);"
16.600,160.690,868.204,83.692,-138.522,0.000,0.002,-0.002,0.001,1.000,0.000,0.154,0,0.000,1.887,-0.098,"Ground_Mountain_0_1:(-0.056, 0.994, -0.098);Ground_Mountain_0_1:(-0.056, 0.994, -0.098);Ground_Mountain_0_1:(-0.056, 0.994, -0.098);Ground_Mountain_0_1:(-0.056, 0.994, -0.098);Ground_Mountain_0_1:(-0.056, 0.994, -0.098);Ground_Mountain_0_1:(-0.056, 0.994, -0.098);"
16.620,160.690,868.204,83.692,-138.522,-0.001,0.002,-0.002,0.000,1.000,0.000,0.154,0,0.000,1.887,-0.098,"Ground_Mountain_0_1:(-0.056, 0.994, -0.098);Ground_Mountain_0_1:(-0.056, 0.994, -0.098);Ground_Mountain_0_1:(-0.056, 0.994, -0.098);Ground_Mountain_0_1:(-0.056, 0.994, -0.098);Ground_Mountain_0_1:(-0.056, 0.994, -0.098);Ground_Mountain_0_1:(-0.056, 0.994, -0.098);"
16.640,160.690,868.204,83.692,-138.522,0.000,0.002,-0.002,0.001,1.000,0.000,0.154,0,0.000,1.887,-0.098,"Ground_Mountain_0_1:(-0.056, 0.994, -0.098);Ground_Mountain_0_1:(-0.056, 0.994, -0.098);Ground_Mountain_0_1:(-0.056, 0.994, -0.098);Ground_Mountain_0_1:(-0.056, 0.994, -0.098);Ground_Mountain_0_1:(-0.056, 0.994, -0.098);Ground_Mountain_0_1:(-0.056, 0.994, -0.098);"
16.660,160.690,868.204,83.692,-138.522,0.000,0.001,-0.003,0.000,1.000,0.000,0.154,0,0.000,1.888,-0.098,"Ground_Mountain_0_1:(-0.056, 0.994, -0.098);Ground_Mountain_0_1:(-0.056, 0.994, -0.098);Ground_Mountain_0_1:(-0.056, 0.994, -0.098);Ground_Mountain_0_1:(-0.056, 0.994, -0.098);Ground_Mountain_0_1:(-0.056, 0.994, -0.098);Ground_Mountain_0_1:(-0.056, 0.994, -0.098);"
16.680,160.690,868.204,83.692,-138.522,-0.001,0.002,-0.002,0.001,1.000,0.000,0.154,0,0.000,1.888,-0.098,"Ground_Mountain_0_1:(-0.056, 0.994, -0.098);Ground_Mountain_0_1:(-0.056, 0.994, -0.098);Ground_Mountain_0_1:(-0.056, 0.994, -0.098);Ground_Mountain_0_1:(-0.056, 0.994, -0.098);Ground_Mountain_0_1:(-0.056, 0.994, -0.098);Ground_Mountain_0_1:(-0.056, 0.994, -0.098);"
16.700,160.690,868.204,83.692,-138.522,0.000,0.002,-0.003,0.001,1.000,0.000,0.154,0,0.000,1.887,-0.098,"Ground_Mountain_0_1:(-0.056, 0.994, -0.098);Ground_Mountain_0_1:(-0.056, 0.994, -0.098);Ground_Mountain_0_1:(-0.056, 0.994, -0.098);Ground_Mountain_0_1:(-0.056, 0.994, -0.098);Ground_Mountain_0_1:(-0.056, 0.994, -0.098);Ground_Mountain_0_1:(-0.056, 0.994, -0.098);"
16.720,160.690,868.204,83.692,-138.522,0.000,0.001,-0.002,0.001,1.000,0.000,0.154,0,0.000,1.887,-0.098,"Ground_Mountain_0_1:(-0.056, 0.994, -0.098);Ground_Mountain_0_1:(-0.056, 0.994, -0.098);Ground_Mountain_0_1:(-0.056, 0.994, -0.098);Ground_Mountain_0_1:(-0.056, 0.994, -0.098);Ground_Mountain_0_1:(-0.056, 0.994, -0.098);Ground_Mountain_0_1:(-0.056, 0.994, -0.098);"
16.740,160.690,868.204,83.692,-138.522,-0.001,0.002,-0.002,0.000,1.000,0.000,0.154,0,0.000,1.888,-0.098,"Ground_Mountain_0_1:(-0.056, 0.994, -0.098);Ground_Mountain_0_1:(-0.056, 0.994, -0.098);Ground_Mountain_0_1:(-0.056, 0.994, -0.098);Ground_Mountain_0_1:(-0.056, 0.994, -0.098);Ground_Mountain_0_1:(-0.056, 0.994, -0.098);Ground_Mountain_0_1:(-0.056, 0.994, -0.098);"
16.760,160.690,868.204,83.692,-138.522,0.000,0.001,-0.002,0.001,1.000,0.000,0.154,0,0.000,1.887,-0.098,"Ground_Mountain_0_1:(-0.056, 0.994, -0.098);Ground_Mountain_0_1:(-0.056, 0.994, -0.098);Ground_Mountain_0_1:(-0.056, 0.994, -0.098);Ground_Mountain_0_1:(-0.056, 0.994, -0.098);Ground_Mountain_0_1:(-0.056, 0.994, -0.098);Ground_Mountain_0_1:(-0.056, 0.994, -0.098);"
16.780,160.690,868.204,83.692,-138.522,-0.001,0.002,-0.002,0.000,1.000,0.000,0.154,0,0.000,1.888,-0.098,"Ground_Mountain_0_1:(-0.056, 0.994, -0.098);Ground_Mountain_0_1:(-0.056, 0.994, -0.098);Ground_Mountain_0_1:(-0.056, 0.994, -0.098);Ground_Mountain_0_1:(-0.056, 0.994, -0.098);Ground_Mountain_0_1:(-0.056, 0.994, -0.098);Ground_Mountain_0_1:(-0.056, 0.994, -0.098);"
16.800,160.690,868.204,83.692,-138.522,0.000,0.002,-0.002,0.001,1.000,0.000,0.154,0,0.000,1.887,-0.098,"Ground_Mountain_0_1:(-0.056, 0.994, -0.098);Ground_Mountain_0_1:(-0.056, 0.994, -0.098);Ground_Mountain_0_1:(-0.056, 0.994, -0.098);Ground_Mountain_0_1:(-0.056, 0.994, -0.098);Ground_Mountain_0_1:(-0.056, 0.994, -0.098);Ground_Mountain_0_1:(-0.056, 0.994, -0.098);"
16.820,160.690,868.204,83.692,-138.522,-0.001,0.002,-0.002,0.000,1.000,0.000,0.154,0,0.000,1.887,-0.098,"Ground_Mountain_0_1:(-0.056, 0.994, -0.098);Ground_Mountain_0_1:(-0.056, 0.994, -0.098);Ground_Mountain_0_1:(-0.056, 0.994, -0.098);Ground_Mountain_0_1:(-0.056, 0.994, -0.098);Ground_Mountain_0_1:(-0.056, 0.994, -0.098);Ground_Mountain_0_1:(-0.056, 0.994, -0.098);"
16.840,160.690,868.204,83.692,-138.522,0.000,0.002,-0.002,0.001,1.000,0.000,0.154,0,0.000,1.887,-0.098,"Ground_Mountain_0_1:(-0.056, 0.994, -0.098);Ground_Mountain_0_1:(-0.056, 0.994, -0.098);Ground_Mountain_0_1:(-0.056, 0.994, -0.098);Ground_Mountain_0_1:(-0.056, 0.994, -0.098);Ground_Mountain_0_1:(-0.056, 0.994, -0.098);Ground_Mountain_0_1:(-0.056, 0.994, -0.098);"
16.860,160.690,868.204,83.692,-138.522,0.000,0.001,-0.003,0.000,1.000,0.000,0.154,0,0.000,1.887,-0.098,"Ground_Mountain_0_1:(-0.056, 0.994, -0.098);Ground_Mountain_0_1:(-0.056, 0.994, -0.098);Ground_Mountain_0_1:(-0.056, 0.994, -0.098);Ground_Mountain_0_1:(-0.056, 0.994, -0.098);Ground_Mountain_0_1:(-0.056, 0.994, -0.098);Ground_Mountain_0_1:(-0.056, 0.994, -0.098);"
16.880,160.690,868.204,83.692,-138.522,-0.001,0.002,-0.002,0.001,1.000,0.000,0.154,0,0.000,1.888,-0.098,"Ground_Mountain_0_1:(-0.056, 0.994, -0.098);Ground_Mountain_0_1:(-0.056, 0.994, -0.098);Ground_Mountain_0_1:(-0.056, 0.994, -0.098);Ground_Mountain_0_1:(-0.056, 0.994, -0.098);Ground_Mountain_0_1:(-0.056, 0.994, -0.098);Ground_Mountain_0_1:(-0.056, 0.994, -0.098);"
16.900,160.690,868.204,83.692,-138.522,0.000,0.002,-0.003,0.001,1.000,0.000,0.154,0,0.000,1.887,-0.098,"Ground_Mountain_0_1:(-0.056, 0.994, -0.098);Ground_Mountain_0_1:(-0.056, 0.994, -0.098);Ground_Mountain_0_1:(-0.056, 0.994, -0.098);Ground_Mountain_0_1:(-0.056, 0.994, -0.098);Ground_Mountain_0_1:(-0.056, 0.994, -0.098);Ground_Mountain_0_1:(-0.056, 0.994, -0.098);"
16.920,160.690,868.204,83.692,-138.522,0.000,0.001,-0.002,0.001,1.000,0.000,0.154,0,0.000,1.887,-0.098,"Ground_Mountain_0_1:(-0.056, 0.994, -0.098);Ground_Mountain_0_1:(-0.056, 0.994, -0.098);Ground_Mountain_0_1:(-0.056, 0.994, -0.098);Ground_Mountain_0_1:(-0.056, 0.994, -0.098);Ground_Mountain_0_1:(-0.056, 0.994, -0.098);Ground_Mountain_0_1:(-0.056, 0.994, -0.098);"
16.940,160.690,868.204,83.692,-138.522,-0.001,0.002,-0.002,0.000,1.000,0.000,0.154,0,0.000,1.888,-0.098,"Ground_Mountain_0_1:(-0.056, 0.994, -0.098);Ground_Mountain_0_1:(-0.056, 0.994, -0.098);Ground_Mountain_0_1:(-0.056, 0.994, -0.098);Ground_Mountain_0_1:(-0.056, 0.994, -0.098);Ground_Mountain_0_1:(-0.056, 0.994, -0.098);Ground_Mountain_0_1:(-0.056, 0.994, -0.098);"
16.960,160.690,868.204,83.692,-138.522,0.000,0.001,-0.002,0.001,1.000,0.000,0.154,0,0.000,1.887,-0.098,"Ground_Mountain_0_1:(-0.056, 0.994, -0.098);Ground_Mountain_0_1:(-0.056, 0.994, -0.098);Ground_Mountain_0_1:(-0.056, 0.994, -0.098);Ground_Mountain_0_1:(-0.056, 0.994, -0.098);Ground_Mountain_0_1:(-0.056, 0.994, -0.098);Ground_Mountain_0_1:(-0.056, 0.994, -0.098);"
16.980,160.690,868.204,83.692,-138.522,-0.001,0.002,-0.002,0.000,1.000,0.000,0.154,0,0.000,1.888,-0.098,"Ground_Mountain_0_1:(-0.056, 0.994, -0.098);Ground_Mountain_0_1:(-0.056, 0.994, -0.098);Ground_Mountain_0_1:(-0.056, 0.994, -0.098);Ground_Mountain_0_1:(-0.056, 0.994, -0.098);Ground_Mountain_0_1:(-0.056, 0.994, -0.098);Ground_Mountain_0_1:(-0.056, 0.994, -0.098);"
17.000,160.690,868.204,83.692,-138.522,0.000,0.002,-0.002,0.001,1.000,0.000,0.154,0,0.000,1.887,-0.098,"Ground_Mountain_0_1:(-0.056, 0.994, -0.098);Ground_Mountain_0_1:(-0.056, 0.994, -0.098);Ground_Mountain_0_1:(-0.056, 0.994, -0.098);Ground_Mountain_0_1:(-0.056, 0.994, -0.098);Ground_Mountain_0_1:(-0.056, 0.994, -0.098);Ground_Mountain_0_1:(-0.056, 0.994, -0.098);"
17.020,160.690,868.204,83.692,-138.522,-0.001,0.002,-0.002,0.000,1.000,0.000,0.154,0,0.000,1.887,-0.098,"Ground_Mountain_0_1:(-0.056, 0.994, -0.098);Ground_Mountain_0_1:(-0.056, 0.994, -0.098);Ground_Mountain_0_1:(-0.056, 0.994, -0.098);Ground_Mountain_0_1:(-0.056, 0.994, -0.098);Ground_Mountain_0_1:(-0.056, 0.994, -0.098);Ground_Mountain_0_1:(-0.056, 0.994, -0.098);"
17.040,160.690,868.204,83.692,-138.522,0.000,0.002,-0.002,0.001,1.000,0.000,0.154,0,0.000,1.887,-0.098,"Ground_Mountain_0_1:(-0.056, 0.994, -0.098);Ground_Mountain_0_1:(-0.056, 0.994, -0.098);Ground_Mountain_0_1:(-0.056, 0.994, -0.098);Ground_Mountain_0_1:(-0.056, 0.994, -0.098);Ground_Mountain_0_1:(-0.056, 0.994, -0.098);Ground_Mountain_0_1:(-0.056, 0.994, -0.098);"
17.060,160.690,868.204,83.692,-138.522,0.000,0.001,-0.003,0.000,1.000,0.000,0.154,0,0.000,1.887,-0.098,"Ground_Mountain_0_1:(-0.056, 0.994, -0.098);Ground_Mountain_0_1:(-0.056, 0.994, -0.098);Ground_Mountain_0_1:(-0.056, 0.994, -0.098);Ground_Mountain_0_1:(-0.056, 0.994, -0.098);Ground_Mountain_0_1:(-0.056, 0.994, -0.098);Ground_Mountain_0_1:(-0.056, 0.994, -0.098);"
17.080,160.690,868.204,83.692,-138.522,0.000,0.002,-0.002,0.001,1.000,0.000,0.154,0,0.000,1.888,-0.098,"Ground_Mountain_0_1:(-0.056, 0.994, -0.098);Ground_Mountain_0_1:(-0.056, 0.994, -0.098);Ground_Mountain_0_1:(-0.056, 0.994, -0.098);Ground_Mountain_0_1:(-0.056, 0.994, -0.098);Ground_Mountain_0_1:(-0.056, 0.994, -0.098);Ground_Mountain_0_1:(-0.056, 0.994, -0.098);"
17.100,160.690,868.204,83.692,-138.522,0.000,0.002,-0.002,0.001,1.000,0.000,0.154,0,0.000,1.887,-0.098,"Ground_Mountain_0_1:(-0.056, 0.994, -0.098);Ground_Mountain_0_1:(-0.056, 0.994, -0.098);Ground_Mountain_0_1:(-0.056, 0.994, -0.098);Ground_Mountain_0_1:(-0.056, 0.994, -0.098);Ground_Mountain_0_1:(-0.056, 0.994, -0.098);Ground_Mountain_0_1:(-0.056, 0.994, -0.098);"
17.120,160.690,868.204,83.692,-138.522,0.000,0.001,-0.002,0.001,1.000,0.000,0.154,0,0.000,1.888,-0.098,"Ground_Mountain_0_1:(-0.056, 0.994, -0.098);Ground_Mountain_0_1:(-0.056, 0.994, -0.098);Ground_Mountain_0_1:(-0.056, 0.994, -0.098);Ground_Mountain_0_1:(-0.056, 0.994, -0.098);Ground_Mountain_0_1:(-0.056, 0.994, -0.098);Ground_Mountain_0_1:(-0.056, 0.994, -0.098);"
17.140,160.690,868.204,83.692,-138.522,-0.001,0.002,-0.002,0.000,1.000,0.000,0.154,0,0.000,1.888,-0.098,"Ground_Mountain_0_1:(-0.056, 0.994, -0.098);Ground_Mountain_0_1:(-0.056, 0.994, -0.098);Ground_Mountain_0_1:(-0.056, 0.994, -0.098);Ground_Mountain_0_1:(-0.056, 0.994, -0.098);Ground_Mountain_0_1:(-0.056, 0.994, -0.098);Ground_Mountain_0_1:(-0.056, 0.994, -0.098);"
17.160,160.690,868.204,83.692,-138.522,0.000,0.001,-0.002,0.001,1.000,0.000,0.154,0,0.000,1.887,-0.098,"Ground_Mountain_0_1:(-0.056, 0.994, -0.098);Ground_Mountain_0_1:(-0.056, 0.994, -0.098);Ground_Mountain_0_1:(-0.056, 0.994, -0.098);Ground_Mountain_0_1:(-0.056, 0.994, -0.098);Ground_Mountain_0_1:(-0.056, 0.994, -0.098);Ground_Mountain_0_1:(-0.056, 0.994, -0.098);"
17.180,160.690,868.204,83.692,-138.522,-0.001,0.002,-0.003,0.000,1.000,0.000,0.154,0,0.000,1.888,-0.098,"Ground_Mountain_0_1:(-0.056, 0.994, -0.098);Ground_Mountain_0_1:(-0.056, 0.994, -0.098);Ground_Mountain_0_1:(-0.056, 0.994, -0.098);Ground_Mountain_0_1:(-0.056, 0.994, -0.098);Ground_Mountain_0_1:(-0.056, 0.994, -0.098);Ground_Mountain_0_1:(-0.056, 0.994, -0.098);"
17.200,160.690,868.204,83.692,-138.522,0.000,0.002,-0.002,0.001,1.000,0.000,0.154,0,0.000,1.887,-0.098,"Ground_Mountain_0_1:(-0.056, 0.994, -0.098);Ground_Mountain_0_1:(-0.056, 0.994, -0.098);Ground_Mountain_0_1:(-0.056, 0.994, -0.098);Ground_Mountain_0_1:(-0.056, 0.994, -0.098);Ground_Mountain_0_1:(-0.056, 0.994, -0.098);Ground_Mountain_0_1:(-0.056, 0.994, -0.098);"
17.220,160.690,868.204,83.692,-138.522,-0.001,0.002,-0.002,0.000,1.000,0.000,0.154,0,0.000,1.887,-0.098,"Ground_Mountain_0_1:(-0.056, 0.994, -0.098);Ground_Mountain_0_1:(-0.056, 0.994, -0.098);Ground_Mountain_0_1:(-0.056, 0.994, -0.098);Ground_Mountain_0_1:(-0.056, 0.994, -0.098);Ground_Mountain_0_1:(-0.056, 0.994, -0.098);Ground_Mountain_0_1:(-0.056, 0.994, -0.098);"
17.240,160.690,868.204,83.692,-138.522,0.000,0.001,-0.002,0.001,1.000,0.000,0.154,0,0.000,1.887,-0.098,"Ground_Mountain_0_1:(-0.056, 0.994, -0.098);Ground_Mountain_0_1:(-0.056, 0.994, -0.098);Ground_Mountain_0_1:(-0.056, 0.994, -0.098);Ground_Mountain_0_1:(-0.056, 0.994, -0.098);Ground_Mountain_0_1:(-0.056, 0.994, -0.098);Ground_Mountain_0_1:(-0.056, 0.994, -0.098);"
17.260,160.690,868.204,83.692,-138.522,-0.001,0.002,-0.002,0.000,1.000,0.000,0.154,0,0.000,1.887,-0.098,"Ground_Mountain_0_1:(-0.056, 0.994, -0.098);Ground_Mountain_0_1:(-0.056, 0.994, -0.098);Ground_Mountain_0_1:(-0.056, 0.994, -0.098);Ground_Mountain_0_1:(-0.056, 0.994, -0.098);Ground_Mountain_0_1:(-0.056, 0.994, -0.098);Ground_Mountain_0_1:(-0.056, 0.994, -0.098);"
17.280,160.690,868.204,83.692,-138.522,0.000,0.002,-0.002,0.001,1.000,0.000,0.154,0,0.000,1.887,-0.098,"Ground_Mountain_0_1:(-0.056, 0.994, -0.098);Ground_Mountain_0_1:(-0.056, 0.994, -0.098);Ground_Mountain_0_1:(-0.056, 0.994, -0.098);Ground_Mountain_0_1:(-0.056, 0.994, -0.098);Ground_Mountain_0_1:(-0.056, 0.994, -0.098);Ground_Mountain_0_1:(-0.056, 0.994, -0.098);"
17.300,160.690,868.204,83.692,-138.522,-0.001,0.002,-0.002,0.000,1.000,0.000,0.154,0,0.000,1.887,-0.098,"Ground_Mountain_0_1:(-0.056, 0.994, -0.098);Ground_Mountain_0_1:(-0.056, 0.994, -0.098);Ground_Mountain_0_1:(-0.056, 0.994, -0.098);Ground_Mountain_0_1:(-0.056, 0.994, -0.098);Ground_Mountain_0_1:(-0.056, 0.994, -0.098);Ground_Mountain_0_1:(-0.056, 0.994, -0.098);"
17.320,160.690,868.204,83.692,-138.522,0.000,0.002,-0.002,0.001,1.000,0.000,0.154,0,0.000,1.887,-0.098,"Ground_Mountain_0_1:(-0.056, 0.994, -0.098);Ground_Mountain_0_1:(-0.056, 0.994, -0.098);Ground_Mountain_0_1:(-0.056, 0.994, -0.098);Ground_Mountain_0_1:(-0.056, 0.994, -0.098);Ground_Mountain_0_1:(-0.056, 0.994, -0.098);Ground_Mountain_0_1:(-0.056, 0.994, -0.098);"
17.340,160.690,868.204,83.692,-138.522,-0.001,0.002,-0.002,0.000,1.000,0.000,0.154,0,0.000,1.887,-0.098,"Ground_Mountain_0_1:(-0.056, 0.994, -0.098);Ground_Mountain_0_1:(-0.056, 0.994, -0.098);Ground_Mountain_0_1:(-0.056, 0.994, -0.098);Ground_Mountain_0_1:(-0.056, 0.994, -0.098);Ground_Mountain_0_1:(-0.056, 0.994, -0.098);Ground_Mountain_0_1:(-0.056, 0.994, -0.098);"
17.360,160.690,868.204,83.692,-138.522,0.000,0.002,-0.002,0.001,1.000,0.000,0.154,0,0.000,1.887,-0.098,"Ground_Mountain_0_1:(-0.056, 0.994, -0.098);Ground_Mountain_0_1:(-0.056, 0.994, -0.098);Ground_Mountain_0_1:(-0.056, 0.994, -0.098);Ground_Mountain_0_1:(-0.056, 0.994, -0.098);Ground_Mountain_0_1:(-0.056, 0.994, -0.098);Ground_Mountain_0_1:(-0.056, 0.994, -0.098);"
17.380,160.690,868.204,83.692,-138.522,-0.001,0.002,-0.002,0.000,1.000,0.000,0.154,0,0.000,1.887,-0.098,"Ground_Mountain_0_1:(-0.056, 0.994, -0.098);Ground_Mountain_0_1:(-0.056, 0.994, -0.098);Ground_Mountain_0_1:(-0.056, 0.994, -0.098);Ground_Mountain_0_1:(-0.056, 0.994, -0.098);Ground_Mountain_0_1:(-0.056, 0.994, -0.098);Ground_Mountain_0_1:(-0.056, 0.994, -0.098);"
17.400,160.690,868.204,83.692,-138.522,0.000,0.001,-0.002,0.001,1.000,0.000,0.154,0,0.000,1.887,-0.098,"Ground_Mountain_0_1:(-0.056, 0.994, -0.098);Ground_Mountain_0_1:(-0.056, 0.994, -0.098);Ground_Mountain_0_1:(-0.056, 0.994, -0.098);Ground_Mountain_0_1:(-0.056, 0.994, -0.098);Ground_Mountain_0_1:(-0.056, 0.994, -0.098);Ground_Mountain_0_1:(-0.056, 0.994, -0.098);"
17.420,160.690,868.204,83.692,-138.522,-0.001,0.002,-0.002,0.000,1.000,0.000,0.154,0,0.000,1.887,-0.098,"Ground_Mountain_0_1:(-0.056, 0.994, -0.098);Ground_Mountain_0_1:(-0.056, 0.994, -0.098);Ground_Mountain_0_1:(-0.056, 0.994, -0.098);Ground_Mountain_0_1:(-0.056, 0.994, -0.098);Ground_Mountain_0_1:(-0.056, 0.994, -0.098);Ground_Mountain_0_1:(-0.056, 0.994, -0.098);"
17.440,160.690,868.204,83.692,-138.522,0.000,0.001,-0.002,0.001,1.000,0.000,0.154,0,0.000,1.887,-0.098,"Ground_Mountain_0_1:(-0.056, 0.994, -0.098);Ground_Mountain_0_1:(-0.056, 0.994, -0.098);Ground_Mountain_0_1:(-0.056, 0.994, -0.098);Ground_Mountain_0_1:(-0.056, 0.994, -0.098);Ground_Mountain_0_1:(-0.056, 0.994, -0.098);Ground_Mountain_0_1:(-0.056, 0.994, -0.098);"
17.460,160.690,868.204,83.692,-138.522,-0.001,0.002,-0.002,0.000,1.000,0.000,0.154,0,0.000,1.887,-0.098,"Ground_Mountain_0_1:(-0.056, 0.994, -0.098);Ground_Mountain_0_1:(-0.056, 0.994, -0.098);Ground_Mountain_0_1:(-0.056, 0.994, -0.098);Ground_Mountain_0_1:(-0.056, 0.994, -0.098);Ground_Mountain_0_1:(-0.056, 0.994, -0.098);Ground_Mountain_0_1:(-0.056, 0.994, -0.098);"
17.480,160.690,868.204,83.692,-138.522,0.000,0.002,-0.002,0.001,1.000,0.000,0.154,0,0.000,1.887,-0.098,"Ground_Mountain_0_1:(-0.056, 0.994, -0.098);Ground_Mountain_0_1:(-0.056, 0.994, -0.098);Ground_Mountain_0_1:(-0.056, 0.994, -0.098);Ground_Mountain_0_1:(-0.056, 0.994, -0.098);Ground_Mountain_0_1:(-0.056, 0.994, -0.098);Ground_Mountain_0_1:(-0.056, 0.994, -0.098);"
17.500,160.690,868.204,83.692,-138.522,-0.001,0.002,-0.002,0.000,1.000,0.000,0.154,0,0.000,1.887,-0.098,"Ground_Mountain_0_1:(-0.056, 0.994, -0.098);Ground_Mountain_0_1:(-0.056, 0.994, -0.098);Ground_Mountain_0_1:(-0.056, 0.994, -0.098);Ground_Mountain_0_1:(-0.056, 0.994, -0.098);Ground_Mountain_0_1:(-0.056, 0.994, -0.098);Ground_Mountain_0_1:(-0.056, 0.994, -0.098);"
17.520,160.690,868.204,83.692,-138.522,0.000,0.002,-0.002,0.001,1.000,0.000,0.154,0,0.000,1.887,-0.098,"Ground_Mountain_0_1:(-0.056, 0.994, -0.098);Ground_Mountain_0_1:(-0.056, 0.994, -0.098);Ground_Mountain_0_1:(-0.056, 0.994, -0.098);Ground_Mountain_0_1:(-0.056, 0.994, -0.098);Ground_Mountain_0_1:(-0.056, 0.994, -0.098);Ground_Mountain_0_1:(-0.056, 0.994, -0.098);"
17.540,160.690,868.204,83.692,-138.522,-0.001,0.002,-0.002,0.000,1.000,0.000,0.154,0,0.000,1.887,-0.098,"Ground_Mountain_0_1:(-0.056, 0.994, -0.098);Ground_Mountain_0_1:(-0.056, 0.994, -0.098);Ground_Mountain_0_1:(-0.056, 0.994, -0.098);Ground_Mountain_0_1:(-0.056, 0.994, -0.098);Ground_Mountain_0_1:(-0.056, 0.994, -0.098);Ground_Mountain_0_1:(-0.056, 0.994, -0.098);"
17.560,160.690,868.204,83.692,-138.522,0.000,0.001,-0.002,0.001,1.000,0.000,0.154,0,0.000,1.887,-0.098,"Ground_Mountain_0_1:(-0.056, 0.994, -0.098);Ground_Mountain_0_1:(-0.056, 0.994, -0.098);Ground_Mountain_0_1:(-0.056, 0.994, -0.098);Ground_Mountain_0_1:(-0.056, 0.994, -0.098);Ground_Mountain_0_1:(-0.056, 0.994, -0.098);Ground_Mountain_0_1:(-0.056, 0.994, -0.098);"
17.580,160.690,868.204,83.692,-138.522,-0.001,0.002,-0.002,0.000,1.000,0.000,0.154,0,0.000,1.887,-0.098,"Ground_Mountain_0_1:(-0.056, 0.994, -0.098);Ground_Mountain_0_1:(-0.056, 0.994, -0.098);Ground_Mountain_0_1:(-0.056, 0.994, -0.098);Ground_Mountain_0_1:(-0.056, 0.994, -0.098);Ground_Mountain_0_1:(-0.056, 0.994, -0.098);Ground_Mountain_0_1:(-0.056, 0.994, -0.098);"
17.600,160.690,868.204,83.692,-138.522,0.000,0.002,-0.002,0.001,1.000,0.000,0.154,0,0.000,1.887,-0.098,"Ground_Mountain_0_1:(-0.056, 0.994, -0.098);Ground_Mountain_0_1:(-0.056, 0.994, -0.098);Ground_Mountain_0_1:(-0.056, 0.994, -0.098);Ground_Mountain_0_1:(-0.056, 0.994, -0.098);Ground_Mountain_0_1:(-0.056, 0.994, -0.098);Ground_Mountain_0_1:(-0.056, 0.994, -0.098);"
17.620,160.690,868.204,83.692,-138.522,-0.001,0.002,-0.002,0.000,1.000,0.000,0.154,0,0.000,1.887,-0.098,"Ground_Mountain_0_1:(-0.056, 0.994, -0.098);Ground_Mountain_0_1:(-0.056, 0.994, -0.098);Ground_Mountain_0_1:(-0.056, 0.994, -0.098);Ground_Mountain_0_1:(-0.056, 0.994, -0.098);Ground_Mountain_0_1:(-0.056, 0.994, -0.098);Ground_Mountain_0_1:(-0.056, 0.994, -0.098);"
17.640,160.690,868.204,83.692,-138.522,0.000,0.002,-0.002,0.001,1.000,0.000,0.154,0,0.000,1.887,-0.098,"Ground_Mountain_0_1:(-0.056, 0.994, -0.098);Ground_Mountain_0_1:(-0.056, 0.994, -0.098);Ground_Mountain_0_1:(-0.056, 0.994, -0.098);Ground_Mountain_0_1:(-0.056, 0.994, -0.098);Ground_Mountain_0_1:(-0.056, 0.994, -0.098);Ground_Mountain_0_1:(-0.056, 0.994, -0.098);"
17.660,160.690,868.204,83.692,-138.522,-0.001,0.002,-0.002,0.000,1.000,0.000,0.154,0,0.000,1.887,-0.098,"Ground_Mountain_0_1:(-0.056, 0.994, -0.098);Ground_Mountain_0_1:(-0.056, 0.994, -0.098);Ground_Mountain_0_1:(-0.056, 0.994, -0.098);Ground_Mountain_0_1:(-0.056, 0.994, -0.098);Ground_Mountain_0_1:(-0.056, 0.994, -0.098);Ground_Mountain_0_1:(-0.056, 0.994, -0.098);"
17.680,160.690,868.204,83.692,-138.522,0.000,0.001,-0.002,0.001,1.000,0.000,0.154,0,0.000,1.887,-0.098,"Ground_Mountain_0_1:(-0.056, 0.994, -0.098);Ground_Mountain_0_1:(-0.056, 0.994, -0.098);Ground_Mountain_0_1:(-0.056, 0.994, -0.098);Ground_Mountain_0_1:(-0.056, 0.994, -0.098);Ground_Mountain_0_1:(-0.056, 0.994, -0.098);Ground_Mountain_0_1:(-0.056, 0.994, -0.098);"
17.700,160.690,868.204,83.692,-138.522,-0.001,0.002,-0.003,0.000,1.000,0.000,0.154,0,0.000,1.887,-0.098,"Ground_Mountain_0_1:(-0.056, 0.994, -0.098);Ground_Mountain_0_1:(-0.056, 0.994, -0.098);Ground_Mountain_0_1:(-0.056, 0.994, -0.098);Ground_Mountain_0_1:(-0.056, 0.994, -0.098);Ground_Mountain_0_1:(-0.056, 0.994, -0.098);Ground_Mountain_0_1:(-0.056, 0.994, -0.098);"
17.720,160.690,868.204,83.692,-138.522,0.000,0.002,-0.002,0.001,1.000,0.000,0.154,0,0.000,1.887,-0.098,"Ground_Mountain_0_1:(-0.056, 0.994, -0.098);Ground_Mountain_0_1:(-0.056, 0.994, -0.098);Ground_Mountain_0_1:(-0.056, 0.994, -0.098);Ground_Mountain_0_1:(-0.056, 0.994, -0.098);Ground_Mountain_0_1:(-0.056, 0.994, -0.098);Ground_Mountain_0_1:(-0.056, 0.994, -0.098);"
17.740,160.690,868.204,83.692,-138.522,-0.001,0.002,-0.002,0.000,1.000,0.000,0.154,0,0.000,1.887,-0.098,"Ground_Mountain_0_1:(-0.056, 0.994, -0.098);Ground_Mountain_0_1:(-0.056, 0.994, -0.098);Ground_Mountain_0_1:(-0.056, 0.994, -0.098);Ground_Mountain_0_1:(-0.056, 0.994, -0.098);Ground_Mountain_0_1:(-0.056, 0.994, -0.098);Ground_Mountain_0_1:(-0.056, 0.994, -0.098);"
17.760,160.690,868.204,83.692,-138.522,0.000,0.001,-0.002,0.001,1.000,0.000,0.154,0,0.000,1.887,-0.098,"Ground_Mountain_0_1:(-0.056, 0.994, -0.098);Ground_Mountain_0_1:(-0.056, 0.994, -0.098);Ground_Mountain_0_1:(-0.056, 0.994, -0.098);Ground_Mountain_0_1:(-0.056, 0.994, -0.098);Ground_Mountain_0_1:(-0.056, 0.994, -0.098);Ground_Mountain_0_1:(-0.056, 0.994, -0.098);"
17.780,160.690,868.204,83.692,-138.522,-0.001,0.002,-0.002,0.000,1.000,0.000,0.154,0,0.000,1.887,-0.098,"Ground_Mountain_0_1:(-0.056, 0.994, -0.098);Ground_Mountain_0_1:(-0.056, 0.994, -0.098);Ground_Mountain_0_1:(-0.056, 0.994, -0.098);Ground_Mountain_0_1:(-0.056, 0.994, -0.098);Ground_Mountain_0_1:(-0.056, 0.994, -0.098);Ground_Mountain_0_1:(-0.056, 0.994, -0.098);"
17.800,160.690,868.204,83.692,-138.522,0.000,0.001,-0.002,0.001,1.000,0.000,0.154,0,0.000,1.887,-0.098,"Ground_Mountain_0_1:(-0.056, 0.994, -0.098);Ground_Mountain_0_1:(-0.056, 0.994, -0.098);Ground_Mountain_0_1:(-0.056, 0.994, -0.098);Ground_Mountain_0_1:(-0.056, 0.994, -0.098);Ground_Mountain_0_1:(-0.056, 0.994, -0.098);Ground_Mountain_0_1:(-0.056, 0.994, -0.098);"
17.820,160.690,868.204,83.692,-138.522,-0.001,0.002,-0.002,0.000,1.000,0.000,0.154,0,0.000,1.887,-0.098,"Ground_Mountain_0_1:(-0.056, 0.994, -0.098);Ground_Mountain_0_1:(-0.056, 0.994, -0.098);Ground_Mountain_0_1:(-0.056, 0.994, -0.098);Ground_Mountain_0_1:(-0.056, 0.994, -0.098);Ground_Mountain_0_1:(-0.056, 0.994, -0.098);Ground_Mountain_0_1:(-0.056, 0.994, -0.098);"
17.840,160.690,868.204,83.692,-138.522,0.000,0.002,-0.002,0.001,1.000,0.000,0.154,0,0.000,1.887,-0.098,"Ground_Mountain_0_1:(-0.056, 0.994, -0.098);Ground_Mountain_0_1:(-0.056, 0.994, -0.098);Ground_Mountain_0_1:(-0.056, 0.994, -0.098);Ground_Mountain_0_1:(-0.056, 0.994, -0.098);Ground_Mountain_0_1:(-0.056, 0.994, -0.098);Ground_Mountain_0_1:(-0.056, 0.994, -0.098);"
17.860,160.690,868.204,83.692,-138.522,-0.001,0.002,-0.003,0.000,1.000,0.000,0.154,0,0.000,1.887,-0.098,"Ground_Mountain_0_1:(-0.056, 0.994, -0.098);Ground_Mountain_0_1:(-0.056, 0.994, -0.098);Ground_Mountain_0_1:(-0.056, 0.994, -0.098);Ground_Mountain_0_1:(-0.056, 0.994, -0.098);Ground_Mountain_0_1:(-0.056, 0.994, -0.098);Ground_Mountain_0_1:(-0.056, 0.994, -0.098);"
17.880,160.690,868.204,83.692,-138.522,0.000,0.002,-0.002,0.001,1.000,0.000,0.154,0,0.000,1.887,-0.098,"Ground_Mountain_0_1:(-0.056, 0.994, -0.098);Ground_Mountain_0_1:(-0.056, 0.994, -0.098);Ground_Mountain_0_1:(-0.056, 0.994, -0.098);Ground_Mountain_0_1:(-0.056, 0.994, -0.098);Ground_Mountain_0_1:(-0.056, 0.994, -0.098);Ground_Mountain_0_1:(-0.056, 0.994, -0.098);"
17.900,160.690,868.204,83.692,-138.522,-0.001,0.002,-0.002,0.000,1.000,0.000,0.154,0,0.000,1.887,-0.098,"Ground_Mountain_0_1:(-0.056, 0.994, -0.098);Ground_Mountain_0_1:(-0.056, 0.994, -0.098);Ground_Mountain_0_1:(-0.056, 0.994, -0.098);Ground_Mountain_0_1:(-0.056, 0.994, -0.098);Ground_Mountain_0_1:(-0.056, 0.994, -0.098);Ground_Mountain_0_1:(-0.056, 0.994, -0.098);"
17.920,160.690,868.204,83.692,-138.522,0.000,0.001,-0.002,0.001,1.000,0.000,0.154,0,0.000,1.887,-0.098,"Ground_Mountain_0_1:(-0.056, 0.994, -0.098);Ground_Mountain_0_1:(-0.056, 0.994, -0.098);Ground_Mountain_0_1:(-0.056, 0.994, -0.098);Ground_Mountain_0_1:(-0.056, 0.994, -0.098);Ground_Mountain_0_1:(-0.056, 0.994, -0.098);Ground_Mountain_0_1:(-0.056, 0.994, -0.098);"
17.940,160.690,868.204,83.692,-138.522,-0.001,0.002,-0.002,0.000,1.000,0.000,0.154,0,0.000,1.887,-0.098,"Ground_Mountain_0_1:(-0.056, 0.994, -0.098);Ground_Mountain_0_1:(-0.056, 0.994, -0.098);Ground_Mountain_0_1:(-0.056, 0.994, -0.098);Ground_Mountain_0_1:(-0.056, 0.994, -0.098);Ground_Mountain_0_1:(-0.056, 0.994, -0.098);Ground_Mountain_0_1:(-0.056, 0.994, -0.098);"
17.960,160.690,868.204,83.692,-138.522,0.000,0.002,-0.002,0.001,1.000,0.000,0.154,0,0.000,1.887,-0.098,"Ground_Mountain_0_1:(-0.056, 0.994, -0.098);Ground_Mountain_0_1:(-0.056, 0.994, -0.098);Ground_Mountain_0_1:(-0.056, 0.994, -0.098);Ground_Mountain_0_1:(-0.056, 0.994, -0.098);Ground_Mountain_0_1:(-0.056, 0.994, -0.098);Ground_Mountain_0_1:(-0.056, 0.994, -0.098);"
17.980,160.690,868.204,83.692,-138.522,-0.001,0.002,-0.002,0.000,1.000,0.000,0.154,0,0.000,1.887,-0.098,"Ground_Mountain_0_1:(-0.056, 0.994, -0.098);Ground_Mountain_0_1:(-0.056, 0.994, -0.098);Ground_Mountain_0_1:(-0.056, 0.994, -0.098);Ground_Mountain_0_1:(-0.056, 0.994, -0.098);Ground_Mountain_0_1:(-0.056, 0.994, -0.098);Ground_Mountain_0_1:(-0.056, 0.994, -0.098);"
18.000,160.690,868.204,83.692,-138.522,0.000,0.001,-0.002,0.001,1.000,0.000,0.154,0,0.000,1.887,-0.098,"Ground_Mountain_0_1:(-0.056, 0.994, -0.098);Ground_Mountain_0_1:(-0.056, 0.994, -0.098);Ground_Mountain_0_1:(-0.056, 0.994, -0.098);Ground_Mountain_0_1:(-0.056, 0.994, -0.098);Ground_Mountain_0_1:(-0.056, 0.994, -0.098);Ground_Mountain_0_1:(-0.056, 0.994, -0.098);"
