t,station,x,y,z,speed,vx,vy,vz,throttle,brake,steering,grounded,suspension,alignment,up,contacts
0.020,601.979,967.584,163.723,141.149,15.850,13.320,-0.047,-8.591,0.000,0.000,0.021,4,7.777,0.851,1.000,"Ground_Mountain_2_2:(0.013, 0.992, -0.126);Ground_Mountain_2_2:(0.013, 0.992, -0.126);Ground_Mountain_2_2:(0.013, 0.992, -0.126);Ground_Mountain_2_2:(0.013, 0.992, -0.126);Ground_Mountain_2_2:(0.013, 0.992, -0.126);Ground_Mountain_2_2:(0.013, 0.992, -0.126);Ground_Mountain_2_2:(0.013, 0.992, -0.125);Ground_Mountain_2_2:(0.013, 0.992, -0.125);Ground_Mountain_2_2:(0.013, 0.992, -0.125);Ground_Mountain_2_2:(0.013, 0.992, -0.125);Ground_Mountain_2_2:(0.013, 0.992, -0.125);Ground_Mountain_2_2:(0.013, 0.992, -0.125);Ground_Mountain_2_2:(0.007, 0.992, -0.129);Ground_Mountain_2_2:(0.007, 0.992, -0.129);Ground_Mountain_2_2:(0.007, 0.992, -0.129);Ground_Mountain_2_2:(0.007, 0.992, -0.129);Ground_Mountain_2_2:(0.007, 0.992, -0.129);Ground_Mountain_2_2:(0.007, 0.992, -0.129);Ground_Mountain_2_2:(0.007, 0.992, -0.129);Ground_Mountain_2_2:(0.007, 0.992, -0.129);Ground_Mountain_2_2:(0.007, 0.992, -0.129);Ground_Mountain_2_2:(0.007, 0.992, -0.129);Ground_Mountain_2_2:(0.007, 0.992, -0.129);Ground_Mountain_2_2:(0.007, 0.992, -0.129);Ground_Mountain_2_2:(0.007, 0.992, -0.129);Ground_Mountain_2_2:(0.007, 0.992, -0.129);Ground_Mountain_2_2:(0.007, 0.992, -0.129);Ground_Mountain_2_2:(0.007, 0.992, -0.129);Ground_Mountain_2_2:(0.007, 0.992, -0.129);Ground_Mountain_2_2:(0.007, 0.992, -0.129);Ground_Mountain_2_2:(0.007, 0.992, -0.129);Ground_Mountain_2_2:(0.007, 0.992, -0.129);Ground_Mountain_2_2:(0.007, 0.992, -0.129);Ground_Mountain_2_2:(0.007, 0.992, -0.129);Ground_Mountain_2_2:(0.007, 0.992, -0.129);Ground_Mountain_2_2:(0.007, 0.992, -0.129);Ground_Mountain_2_2:(0.007, 0.992, -0.123);Ground_Mountain_2_2:(0.007, 0.992, -0.123);Ground_Mountain_2_2:(0.007, 0.992, -0.123);Ground_Mountain_2_2:(0.007, 0.992, -0.123);Ground_Mountain_2_2:(0.007, 0.992, -0.123);Ground_Mountain_2_2:(0.007, 0.992, -0.123);Ground_Mountain_2_2:(0.007, 0.993, -0.120);Ground_Mountain_2_2:(0.007, 0.993, -0.120);Ground_Mountain_2_2:(0.007, 0.993, -0.120);Ground_Mountain_2_2:(0.007, 0.993, -0.120);Ground_Mountain_2_2:(0.007, 0.993, -0.120);Ground_Mountain_2_2:(0.007, 0.993, -0.120);Ground_Mountain_2_2:(0.003, 0.993, -0.119);Ground_Mountain_2_2:(0.003, 0.993, -0.119);Ground_Mountain_2_2:(0.003, 0.993, -0.119);Ground_Mountain_2_2:(0.003, 0.993, -0.119);Ground_Mountain_2_2:(0.003, 0.993, -0.119);Ground_Mountain_2_2:(0.003, 0.993, -0.119);Ground_Mountain_2_2:(0.002, 0.992, -0.123);Ground_Mountain_2_2:(0.002, 0.992, -0.123);Ground_Mountain_2_2:(0.002, 0.992, -0.123);Ground_Mountain_2_2:(0.002, 0.992, -0.123);Ground_Mountain_2_2:(0.002, 0.992, -0.123);Ground_Mountain_2_2:(0.002, 0.992, -0.123);Ground_Mountain_2_2:(0.002, 0.992, -0.123);Ground_Mountain_2_2:(0.002, 0.992, -0.123);Ground_Mountain_2_2:(0.002, 0.992, -0.123);Ground_Mountain_2_2:(0.002, 0.992, -0.123);Ground_Mountain_2_2:(0.002, 0.992, -0.123);Ground_Mountain_2_2:(0.002, 0.992, -0.123);Ground_Mountain_2_2:(-0.004, 0.992, -0.125);Ground_Mountain_2_2:(-0.004, 0.992, -0.125);Ground_Mountain_2_2:(-0.004, 0.992, -0.125);Ground_Mountain_2_2:(-0.004, 0.992, -0.125);Ground_Mountain_2_2:(-0.004, 0.992, -0.125);Ground_Mountain_2_2:(-0.004, 0.992, -0.125);Ground_Mountain_2_2:(-0.004, 0.992, -0.125);Ground_Mountain_2_2:(-0.004, 0.992, -0.125);Ground_Mountain_2_2:(-0.004, 0.992, -0.125);Ground_Mountain_2_2:(-0.004, 0.992, -0.125);Ground_Mountain_2_2:(-0.004, 0.992, -0.125);Ground_Mountain_2_2:(-0.004, 0.992, -0.125);Ground_Mountain_2_2:(-0.004, 0.992, -0.122);Ground_Mountain_2_2:(-0.004, 0.992, -0.122);Ground_Mountain_2_2:(-0.004, 0.992, -0.122);Ground_Mountain_2_2:(-0.004, 0.992, -0.122);Ground_Mountain_2_2:(-0.004, 0.992, -0.122);Ground_Mountain_2_2:(-0.004, 0.992, -0.122);Ground_Mountain_2_2:(-0.004, 0.993, -0.117);Ground_Mountain_2_2:(-0.004, 0.993, -0.117);Ground_Mountain_2_2:(-0.004, 0.993, -0.117);Ground_Mountain_2_2:(-0.004, 0.993, -0.117);Ground_Mountain_2_2:(-0.004, 0.993, -0.117);Ground_Mountain_2_2:(-0.004, 0.993, -0.117);Ground_Mountain_2_2:(-0.006, 0.993, -0.116);Ground_Mountain_2_2:(-0.006, 0.993, -0.116);Ground_Mountain_2_2:(-0.006, 0.993, -0.116);Ground_Mountain_2_2:(-0.006, 0.993, -0.116);Ground_Mountain_2_2:(-0.006, 0.993, -0.116);Ground_Mountain_2_2:(-0.006, 0.993, -0.116);Ground_Mountain_2_2:(-0.007, 0.993, -0.117);Ground_Mountain_2_2:(-0.007, 0.993, -0.117);Ground_Mountain_2_2:(-0.007, 0.993, -0.117);Ground_Mountain_2_2:(-0.007, 0.993, -0.117);Ground_Mountain_2_2:(-0.007, 0.993, -0.117);Ground_Mountain_2_2:(-0.007, 0.993, -0.117);Ground_Mountain_2_2:(-0.007, 0.993, -0.117);Ground_Mountain_2_2:(-0.007, 0.993, -0.117);Ground_Mountain_2_2:(-0.007, 0.993, -0.117);Ground_Mountain_2_2:(-0.007, 0.993, -0.117);Ground_Mountain_2_2:(-0.007, 0.993, -0.117);Ground_Mountain_2_2:(-0.007, 0.993, -0.117);Ground_Mountain_2_2:(-0.009, 0.993, -0.119);Ground_Mountain_2_2:(-0.009, 0.993, -0.119);Ground_Mountain_2_2:(-0.009, 0.993, -0.119);Ground_Mountain_2_2:(-0.009, 0.993, -0.119);Ground_Mountain_2_2:(-0.009, 0.993, -0.119);Ground_Mountain_2_2:(-0.009, 0.993, -0.119);Ground_Mountain_2_2:(-0.009, 0.993, -0.117);Ground_Mountain_2_2:(-0.009, 0.993, -0.117);Ground_Mountain_2_2:(-0.009, 0.993, -0.117);Ground_Mountain_2_2:(-0.009, 0.993, -0.117);Ground_Mountain_2_2:(-0.009, 0.993, -0.117);Ground_Mountain_2_2:(-0.009, 0.993, -0.117);Ground_Mountain_1_4:(-0.028, 0.999, 0.033);Ground_Mountain_1_4:(-0.028, 0.999, 0.033);Ground_Mountain_1_4:(-0.028, 0.999, 0.033);Ground_Mountain_1_4:(-0.028, 0.999, 0.033);Ground_Mountain_1_4:(-0.028, 0.999, 0.033);Ground_Mountain_1_4:(-0.028, 0.999, 0.033);"
0.040,601.663,967.850,163.722,140.977,15.863,13.330,-0.058,-8.600,0.075,0.000,0.022,4,9.239,0.432,1.000,"Ground_Mountain_1_4:(-0.028, 0.999, 0.033);Ground_Mountain_1_4:(-0.028, 0.999, 0.033);Ground_Mountain_1_4:(-0.028, 0.999, 0.033);Ground_Mountain_1_4:(-0.028, 0.999, 0.033);Ground_Mountain_1_4:(-0.028, 0.999, 0.033);Ground_Mountain_1_4:(-0.028, 0.999, 0.033);"
0.060,601.346,968.117,163.721,140.805,15.874,13.338,-0.043,-8.609,0.068,0.000,0.023,4,10.509,0.168,1.000,"Ground_Mountain_1_4:(-0.029, 0.999, 0.028);Ground_Mountain_1_4:(-0.029, 0.999, 0.028);Ground_Mountain_1_4:(-0.029, 0.999, 0.028);Ground_Mountain_1_4:(-0.029, 0.999, 0.028);Ground_Mountain_1_4:(-0.029, 0.999, 0.028);Ground_Mountain_1_4:(-0.029, 0.999, 0.028);"
0.080,601.030,968.383,163.721,140.633,15.883,13.342,-0.006,-8.618,0.063,0.000,0.023,4,11.625,0.110,1.000,"Ground_Mountain_1_4:(-0.029, 0.999, 0.020);Ground_Mountain_1_4:(-0.029, 0.999, 0.020);Ground_Mountain_1_4:(-0.029, 0.999, 0.020);Ground_Mountain_1_4:(-0.029, 0.999, 0.020);Ground_Mountain_1_4:(-0.029, 0.999, 0.020);Ground_Mountain_1_4:(-0.029, 0.999, 0.020);"
0.100,600.713,968.649,163.722,140.461,15.890,13.344,0.050,-8.629,0.059,0.000,0.024,4,12.556,0.227,1.000,"Ground_Mountain_1_4:(-0.029, 0.999, 0.020);Ground_Mountain_1_4:(-0.029, 0.999, 0.020);Ground_Mountain_1_4:(-0.029, 0.999, 0.020);Ground_Mountain_1_4:(-0.029, 0.999, 0.020);Ground_Mountain_1_4:(-0.029, 0.999, 0.020);Ground_Mountain_1_4:(-0.029, 0.999, 0.020);"
0.120,600.396,968.915,163.724,140.289,15.896,13.342,0.119,-8.641,0.055,0.000,0.024,4,13.237,0.408,1.000,"Ground_Mountain_1_4:(-0.029, 0.999, 0.020);Ground_Mountain_1_4:(-0.029, 0.999, 0.020);Ground_Mountain_1_4:(-0.029, 0.999, 0.020);Ground_Mountain_1_4:(-0.029, 0.999, 0.020);Ground_Mountain_1_4:(-0.029, 0.999, 0.020);Ground_Mountain_1_4:(-0.029, 0.999, 0.020);"
0.140,600.173,969.181,163.728,140.116,15.900,13.338,0.195,-8.655,0.052,0.000,0.024,4,13.608,0.539,1.000,"Ground_Mountain_1_4:(-0.021, 1.000, 0.018);Ground_Mountain_1_4:(-0.021, 1.000, 0.018);Ground_Mountain_1_4:(-0.021, 1.000, 0.018);Ground_Mountain_1_4:(-0.021, 1.000, 0.018);Ground_Mountain_1_4:(-0.021, 1.000, 0.018);Ground_Mountain_1_4:(-0.021, 1.000, 0.018);"
0.160,599.856,969.445,163.734,139.945,15.761,13.211,0.269,-8.591,0.050,0.000,0.025,4,13.731,0.532,1.000,"Ground_Mountain_1_4:(-0.017, 1.000, 0.019);Ground_Mountain_1_4:(-0.017, 1.000, 0.019);Ground_Mountain_1_4:(-0.017, 1.000, 0.019);Ground_Mountain_1_4:(-0.017, 1.000, 0.019);Ground_Mountain_1_4:(-0.017, 1.000, 0.019);Ground_Mountain_1_4:(-0.017, 1.000, 0.019);"
0.180,599.541,969.709,163.741,139.773,15.782,13.218,0.347,-8.617,0.120,0.000,0.025,4,13.641,0.639,1.000,"Ground_Mountain_1_4:(-0.012, 1.000, 0.019);Ground_Mountain_1_4:(-0.012, 1.000, 0.019);Ground_Mountain_1_4:(-0.012, 1.000, 0.019);Ground_Mountain_1_4:(-0.012, 1.000, 0.019);Ground_Mountain_1_4:(-0.012, 1.000, 0.019);Ground_Mountain_1_4:(-0.012, 1.000, 0.019);"
0.200,599.226,969.973,163.749,139.600,15.801,13.222,0.418,-8.642,0.109,0.000,0.025,4,13.339,0.572,1.000,"Ground_Mountain_1_4:(-0.017, 1.000, 0.019);Ground_Mountain_1_4:(-0.017, 1.000, 0.019);Ground_Mountain_1_4:(-0.017, 1.000, 0.019);Ground_Mountain_1_4:(-0.017, 1.000, 0.019);Ground_Mountain_1_4:(-0.017, 1.000, 0.019);Ground_Mountain_1_4:(-0.017, 1.000, 0.019);"
0.220,598.911,970.237,163.759,139.427,15.817,13.222,0.481,-8.668,0.100,0.000,0.025,4,12.919,0.534,1.000,"Ground_Mountain_1_4:(-0.017, 1.000, 0.016);Ground_Mountain_1_4:(-0.017, 1.000, 0.016);Ground_Mountain_1_4:(-0.017, 1.000, 0.016);Ground_Mountain_1_4:(-0.017, 1.000, 0.016);Ground_Mountain_1_4:(-0.017, 1.000, 0.016);Ground_Mountain_1_4:(-0.017, 1.000, 0.016);"
0.240,598.595,970.501,163.769,139.254,15.830,13.219,0.533,-8.694,0.092,0.000,0.026,4,12.401,0.426,1.000,"Ground_Mountain_1_4:(-0.017, 1.000, 0.016);Ground_Mountain_1_4:(-0.017, 1.000, 0.016);Ground_Mountain_1_4:(-0.017, 1.000, 0.016);Ground_Mountain_1_4:(-0.017, 1.000, 0.016);Ground_Mountain_1_4:(-0.017, 1.000, 0.016);Ground_Mountain_1_4:(-0.017, 1.000, 0.016);"
0.260,598.278,970.765,163.781,139.079,15.841,13.214,0.573,-8.720,0.085,0.000,0.026,4,11.803,0.354,1.000,"Ground_Mountain_1_4:(-0.017, 1.000, 0.016);Ground_Mountain_1_4:(-0.017, 1.000, 0.016);Ground_Mountain_1_4:(-0.017, 1.000, 0.016);Ground_Mountain_1_4:(-0.017, 1.000, 0.016);Ground_Mountain_1_4:(-0.017, 1.000, 0.016);Ground_Mountain_1_4:(-0.017, 1.000, 0.016);"
0.280,598.056,971.030,163.793,138.905,15.851,13.208,0.600,-8.746,0.079,0.000,0.026,4,11.146,0.297,1.000,"Ground_Mountain_1_4:(-0.008, 1.000, 0.015);Ground_Mountain_1_4:(-0.008, 1.000, 0.015);Ground_Mountain_1_4:(-0.008, 1.000, 0.015);Ground_Mountain_1_4:(-0.008, 1.000, 0.015);Ground_Mountain_1_4:(-0.008, 1.000, 0.015);Ground_Mountain_1_4:(-0.008, 1.000, 0.015);"
0.300,597.739,971.294,163.805,138.729,15.859,13.200,0.612,-8.772,0.075,0.000,0.026,4,10.417,0.248,1.000,"Ground_Mountain_1_4:(-0.010, 1.000, 0.015);Ground_Mountain_1_4:(-0.010, 1.000, 0.015);Ground_Mountain_1_4:(-0.010, 1.000, 0.015);Ground_Mountain_1_4:(-0.010, 1.000, 0.015);Ground_Mountain_1_4:(-0.010, 1.000, 0.015);Ground_Mountain_1_4:(-0.010, 1.000, 0.015);"
0.320,597.421,971.558,163.817,138.553,15.866,13.191,0.611,-8.799,0.071,0.000,0.026,4,9.735,0.233,1.000,"Ground_Mountain_1_4:(-0.002, 1.000, 0.013);Ground_Mountain_1_4:(-0.002, 1.000, 0.013);Ground_Mountain_1_4:(-0.002, 1.000, 0.013);Ground_Mountain_1_4:(-0.002, 1.000, 0.013);Ground_Mountain_1_4:(-0.002, 1.000, 0.013);Ground_Mountain_1_4:(-0.002, 1.000, 0.013);"
0.340,597.104,971.822,163.829,138.377,15.872,13.181,0.596,-8.826,0.067,0.000,0.026,4,9.068,0.171,1.000,"Ground_Mountain_1_4:(-0.002, 1.000, 0.013);Ground_Mountain_1_4:(-0.002, 1.000, 0.013);Ground_Mountain_1_4:(-0.002, 1.000, 0.013);Ground_Mountain_1_4:(-0.002, 1.000, 0.013);Ground_Mountain_1_4:(-0.002, 1.000, 0.013);Ground_Mountain_1_4:(-0.002, 1.000, 0.013);"
0.360,596.787,972.085,163.840,138.199,15.878,13.171,0.569,-8.853,0.064,0.000,0.026,4,8.446,0.086,1.000,"Ground_Mountain_1_4:(-0.002, 1.000, 0.013);Ground_Mountain_1_4:(-0.002, 1.000, 0.013);Ground_Mountain_1_4:(-0.002, 1.000, 0.013);Ground_Mountain_1_4:(-0.002, 1.000, 0.013);Ground_Mountain_1_4:(-0.002, 1.000, 0.013);Ground_Mountain_1_4:(-0.002, 1.000, 0.013);"
0.380,596.469,972.349,163.851,138.022,15.883,13.159,0.531,-8.881,0.061,0.000,0.026,4,7.888,0.065,1.000,"Ground_Mountain_1_4:(-0.002, 1.000, 0.009);Ground_Mountain_1_4:(-0.002, 1.000, 0.009);Ground_Mountain_1_4:(-0.002, 1.000, 0.009);Ground_Mountain_1_4:(-0.002, 1.000, 0.009);Ground_Mountain_1_4:(-0.002, 1.000, 0.009);Ground_Mountain_1_4:(-0.002, 1.000, 0.009);"
0.400,596.151,972.612,163.861,137.843,15.887,13.147,0.483,-8.909,0.059,0.000,0.026,4,7.432,0.058,1.000,"Ground_Mountain_1_4:(-0.002, 1.000, 0.009);Ground_Mountain_1_4:(-0.002, 1.000, 0.009);Ground_Mountain_1_4:(-0.002, 1.000, 0.009);Ground_Mountain_1_4:(-0.002, 1.000, 0.009);Ground_Mountain_1_4:(-0.002, 1.000, 0.009);Ground_Mountain_1_4:(-0.002, 1.000, 0.009);"
0.420,595.926,972.875,163.869,137.665,15.891,13.135,0.429,-8.937,0.056,0.000,0.026,4,7.084,0.092,1.000,"Ground_Mountain_1_4:(-0.002, 1.000, 0.009);Ground_Mountain_1_4:(-0.002, 1.000, 0.009);Ground_Mountain_1_4:(-0.002, 1.000, 0.009);Ground_Mountain_1_4:(-0.002, 1.000, 0.009);Ground_Mountain_1_4:(-0.002, 1.000, 0.009);Ground_Mountain_1_4:(-0.002, 1.000, 0.009);"
0.440,595.608,973.138,163.877,137.485,15.895,13.121,0.369,-8.966,0.054,0.000,0.026,4,6.802,0.109,1.000,"Ground_Mountain_1_4:(-0.001, 1.000, 0.009);Ground_Mountain_1_4:(-0.001, 1.000, 0.009);Ground_Mountain_1_4:(-0.001, 1.000, 0.009);Ground_Mountain_1_4:(-0.001, 1.000, 0.009);Ground_Mountain_1_4:(-0.001, 1.000, 0.009);Ground_Mountain_1_4:(-0.001, 1.000, 0.009);"
0.460,595.290,973.401,163.883,137.305,15.899,13.108,0.304,-8.995,0.052,0.000,0.026,4,6.555,0.184,1.000,"Ground_Mountain_1_4:(0.007, 1.000, 0.003);Ground_Mountain_1_4:(0.007, 1.000, 0.003);Ground_Mountain_1_4:(0.007, 1.000, 0.003);Ground_Mountain_1_4:(0.007, 1.000, 0.003);Ground_Mountain_1_4:(0.007, 1.000, 0.003);Ground_Mountain_1_4:(0.007, 1.000, 0.003);"
0.480,594.971,973.663,163.888,137.124,15.903,13.094,0.235,-9.023,0.050,0.000,0.026,4,6.359,0.182,1.000,"Ground_Mountain_1_4:(0.008, 1.000, 0.007);Ground_Mountain_1_4:(0.008, 1.000, 0.007);Ground_Mountain_1_4:(0.008, 1.000, 0.007);Ground_Mountain_1_4:(0.008, 1.000, 0.007);Ground_Mountain_1_4:(0.008, 1.000, 0.007);Ground_Mountain_1_4:(0.008, 1.000, 0.007);"
0.500,594.653,973.923,163.891,136.945,15.764,12.963,0.164,-8.970,0.048,0.000,0.026,4,6.198,0.189,1.000,"Ground_Mountain_1_4:(0.008, 1.000, 0.007);Ground_Mountain_1_4:(0.008, 1.000, 0.007);Ground_Mountain_1_4:(0.008, 1.000, 0.007);Ground_Mountain_1_4:(0.008, 1.000, 0.007);Ground_Mountain_1_4:(0.008, 1.000, 0.007);Ground_Mountain_1_4:(0.008, 1.000, 0.007);"
0.520,594.337,974.183,163.893,136.764,15.787,12.964,0.090,-9.010,0.118,0.000,0.026,4,6.124,0.239,1.000,"Ground_Mountain_1_4:(0.008, 1.000, 0.000);Ground_Mountain_1_4:(0.008, 1.000, 0.000);Ground_Mountain_1_4:(0.008, 1.000, 0.000);Ground_Mountain_1_4:(0.008, 1.000, 0.000);Ground_Mountain_1_4:(0.008, 1.000, 0.000);Ground_Mountain_1_4:(0.008, 1.000, 0.000);"
0.540,594.032,974.443,163.893,136.583,15.807,12.963,0.017,-9.048,0.107,0.000,0.026,4,6.183,0.280,1.000,"Ground_Mountain_1_4:(0.008, 1.000, -0.003);Ground_Mountain_1_4:(0.008, 1.000, -0.003);Ground_Mountain_1_4:(0.008, 1.000, -0.003);Ground_Mountain_1_4:(0.008, 1.000, -0.003);Ground_Mountain_1_4:(0.008, 1.000, -0.003);Ground_Mountain_1_4:(0.008, 1.000, -0.003);"
0.560,593.794,974.702,163.892,136.401,15.825,12.959,-0.053,-9.085,0.097,0.000,0.026,4,6.321,0.290,1.000,"Ground_Mountain_1_4:(0.008, 1.000, -0.003);Ground_Mountain_1_4:(0.008, 1.000, -0.003);Ground_Mountain_1_4:(0.008, 1.000, -0.003);Ground_Mountain_1_4:(0.008, 1.000, -0.003);Ground_Mountain_1_4:(0.008, 1.000, -0.003);Ground_Mountain_1_4:(0.008, 1.000, -0.003);"
0.580,593.477,974.962,163.890,136.218,15.841,12.954,-0.120,-9.120,0.088,0.000,0.026,4,6.475,0.276,1.000,"Ground_Mountain_1_4:(0.008, 1.000, -0.003);Ground_Mountain_1_4:(0.008, 1.000, -0.003);Ground_Mountain_1_4:(0.008, 1.000, -0.003);Ground_Mountain_1_4:(0.008, 1.000, -0.003);Ground_Mountain_1_4:(0.008, 1.000, -0.003);Ground_Mountain_1_4:(0.008, 1.000, -0.003);"
0.600,593.160,975.221,163.886,136.035,15.855,12.947,-0.184,-9.154,0.080,0.000,0.026,4,6.610,0.242,1.000,"Ground_Mountain_1_4:(0.013, 1.000, -0.005);Ground_Mountain_1_4:(0.013, 1.000, -0.005);Ground_Mountain_1_4:(0.013, 1.000, -0.005);Ground_Mountain_1_4:(0.013, 1.000, -0.005);Ground_Mountain_1_4:(0.013, 1.000, -0.005);Ground_Mountain_1_4:(0.013, 1.000, -0.005);"
0.620,592.842,975.480,163.881,135.851,15.868,12.938,-0.244,-9.188,0.072,0.000,0.026,4,6.789,0.273,1.000,"Ground_Mountain_1_4:(0.016, 1.000, -0.007);Ground_Mountain_1_4:(0.016, 1.000, -0.007);Ground_Mountain_1_4:(0.016, 1.000, -0.007);Ground_Mountain_1_4:(0.016, 1.000, -0.007);Ground_Mountain_1_4:(0.016, 1.000, -0.007);Ground_Mountain_1_4:(0.016, 1.000, -0.007);"
0.640,592.524,975.739,163.875,135.666,15.880,12.929,-0.301,-9.221,0.066,0.000,0.026,4,6.976,0.222,1.000,"Ground_Mountain_1_4:(0.019, 1.000, -0.006);Ground_Mountain_1_4:(0.019, 1.000, -0.006);Ground_Mountain_1_4:(0.019, 1.000, -0.006);Ground_Mountain_1_4:(0.019, 1.000, -0.006);Ground_Mountain_1_4:(0.019, 1.000, -0.006);Ground_Mountain_1_4:(0.019, 1.000, -0.006);"
0.660,592.206,975.998,163.868,135.481,15.890,12.918,-0.354,-9.253,0.060,0.000,0.026,4,7.174,0.259,1.000,"Ground_Mountain_1_4:(0.019, 1.000, -0.006);Ground_Mountain_1_4:(0.019, 1.000, -0.006);Ground_Mountain_1_4:(0.019, 1.000, -0.006);Ground_Mountain_1_4:(0.019, 1.000, -0.006);Ground_Mountain_1_4:(0.019, 1.000, -0.006);Ground_Mountain_1_4:(0.019, 1.000, -0.006);"
0.680,591.955,976.257,163.860,135.295,15.900,12.906,-0.403,-9.284,0.055,0.000,0.026,4,7.371,0.265,1.000,"Ground_Mountain_1_4:(0.019, 1.000, -0.006);Ground_Mountain_1_4:(0.019, 1.000, -0.006);Ground_Mountain_1_4:(0.019, 1.000, -0.006);Ground_Mountain_1_4:(0.019, 1.000, -0.006);Ground_Mountain_1_4:(0.019, 1.000, -0.006);Ground_Mountain_1_4:(0.019, 1.000, -0.006);"
0.700,591.662,976.515,163.851,135.108,15.908,12.894,-0.448,-9.314,0.050,0.000,0.025,4,7.574,0.279,1.000,"Ground_Mountain_1_4:(0.019, 1.000, -0.006);Ground_Mountain_1_4:(0.019, 1.000, -0.006);Ground_Mountain_1_4:(0.019, 1.000, -0.006);Ground_Mountain_1_4:(0.019, 1.000, -0.006);Ground_Mountain_1_4:(0.019, 1.000, -0.006);Ground_Mountain_1_4:(0.019, 1.000, -0.006);"
0.720,591.343,976.771,163.841,134.922,15.773,12.765,-0.485,-9.259,0.046,0.000,0.025,4,7.778,0.291,1.000,"Ground_Mountain_1_4:(0.019, 1.000, -0.006);Ground_Mountain_1_4:(0.019, 1.000, -0.006);Ground_Mountain_1_4:(0.019, 1.000, -0.006);Ground_Mountain_1_4:(0.019, 1.000, -0.006);Ground_Mountain_1_4:(0.019, 1.000, -0.006);Ground_Mountain_1_4:(0.019, 1.000, -0.006);"
0.740,591.027,977.026,163.831,134.736,15.799,12.766,-0.522,-9.300,0.114,0.000,0.025,4,7.950,0.253,1.000,"Ground_Mountain_1_4:(0.024, 1.000, -0.013);Ground_Mountain_1_4:(0.024, 1.000, -0.013);Ground_Mountain_1_4:(0.024, 1.000, -0.013);Ground_Mountain_1_4:(0.024, 1.000, -0.013);Ground_Mountain_1_4:(0.024, 1.000, -0.013);Ground_Mountain_1_4:(0.024, 1.000, -0.013);"
0.760,590.710,977.282,163.820,134.549,15.823,12.765,-0.557,-9.339,0.100,0.000,0.025,4,8.121,0.285,1.000,"Ground_Mountain_1_4:(0.025, 1.000, -0.013);Ground_Mountain_1_4:(0.025, 1.000, -0.013);Ground_Mountain_1_4:(0.025, 1.000, -0.013);Ground_Mountain_1_4:(0.025, 1.000, -0.013);Ground_Mountain_1_4:(0.025, 1.000, -0.013);Ground_Mountain_1_4:(0.025, 1.000, -0.013);"
0.780,590.393,977.538,163.808,134.361,15.843,12.762,-0.587,-9.377,0.089,0.000,0.025,4,8.300,0.267,1.000,"Ground_Mountain_1_4:(0.026, 1.000, -0.013);Ground_Mountain_1_4:(0.026, 1.000, -0.013);Ground_Mountain_1_4:(0.026, 1.000, -0.013);Ground_Mountain_1_4:(0.026, 1.000, -0.013);Ground_Mountain_1_4:(0.026, 1.000, -0.013);Ground_Mountain_1_4:(0.026, 1.000, -0.013);"
0.800,590.076,977.793,163.795,134.173,15.861,12.757,-0.615,-9.412,0.079,0.000,0.025,4,8.459,0.201,1.000,"Ground_Mountain_1_4:(0.028, 0.999, -0.016);Ground_Mountain_1_4:(0.028, 0.999, -0.016);Ground_Mountain_1_4:(0.028, 0.999, -0.016);Ground_Mountain_1_4:(0.028, 0.999, -0.016);Ground_Mountain_1_4:(0.028, 0.999, -0.016);Ground_Mountain_1_4:(0.028, 0.999, -0.016);"
0.820,589.845,978.049,163.783,133.983,15.877,12.750,-0.640,-9.447,0.070,0.000,0.025,4,8.556,0.212,1.000,"Ground_Mountain_1_4:(0.028, 0.999, -0.016);Ground_Mountain_1_4:(0.028, 0.999, -0.016);Ground_Mountain_1_4:(0.028, 0.999, -0.016);Ground_Mountain_1_4:(0.028, 0.999, -0.016);Ground_Mountain_1_4:(0.028, 0.999, -0.016);Ground_Mountain_1_4:(0.028, 0.999, -0.016);"
0.840,589.527,978.304,163.769,133.793,15.891,12.741,-0.663,-9.481,0.062,0.000,0.025,4,8.669,0.234,1.000,"Ground_Mountain_1_4:(0.028, 0.999, -0.016);Ground_Mountain_1_4:(0.028, 0.999, -0.016);Ground_Mountain_1_4:(0.028, 0.999, -0.016);Ground_Mountain_1_4:(0.028, 0.999, -0.016);Ground_Mountain_1_4:(0.028, 0.999, -0.016);Ground_Mountain_1_4:(0.028, 0.999, -0.016);"
0.860,589.208,978.559,163.756,133.603,15.904,12.731,-0.683,-9.513,0.055,0.000,0.025,4,8.793,0.257,1.000,"Ground_Mountain_1_4:(0.028, 0.999, -0.016);Ground_Mountain_1_4:(0.028, 0.999, -0.016);Ground_Mountain_1_4:(0.028, 0.999, -0.016);Ground_Mountain_1_4:(0.028, 0.999, -0.016);Ground_Mountain_1_4:(0.028, 0.999, -0.016);Ground_Mountain_1_4:(0.028, 0.999, -0.016);"
0.880,588.890,978.811,163.742,133.413,15.772,12.607,-0.696,-9.458,0.048,0.000,0.025,4,8.924,0.255,1.000,"Ground_Mountain_1_4:(0.028, 0.999, -0.016);Ground_Mountain_1_4:(0.028, 0.999, -0.016);Ground_Mountain_1_4:(0.028, 0.999, -0.016);Ground_Mountain_1_4:(0.028, 0.999, -0.016);Ground_Mountain_1_4:(0.028, 0.999, -0.016);Ground_Mountain_1_4:(0.028, 0.999, -0.016);"
0.900,588.574,979.064,163.728,133.223,15.801,12.610,-0.713,-9.500,0.114,0.000,0.025,4,9.002,0.241,1.000,"Ground_Mountain_1_4:(0.028, 0.999, -0.017);Ground_Mountain_1_4:(0.028, 0.999, -0.017);Ground_Mountain_1_4:(0.028, 0.999, -0.017);Ground_Mountain_1_4:(0.028, 0.999, -0.017);Ground_Mountain_1_4:(0.028, 0.999, -0.017);Ground_Mountain_1_4:(0.028, 0.999, -0.017);"
0.920,588.257,979.317,163.713,133.032,15.826,12.611,-0.729,-9.540,0.100,0.000,0.025,4,9.035,0.224,1.000,"Ground_Mountain_1_4:(0.033, 0.999, -0.019);Ground_Mountain_1_4:(0.033, 0.999, -0.019);Ground_Mountain_1_4:(0.033, 0.999, -0.019);Ground_Mountain_1_4:(0.033, 0.999, -0.019);Ground_Mountain_1_4:(0.033, 0.999, -0.019);Ground_Mountain_1_4:(0.033, 0.999, -0.019);"
0.940,587.940,979.569,163.698,132.840,15.849,12.609,-0.744,-9.578,0.087,0.000,0.025,4,9.073,0.240,1.000,"Ground_Mountain_1_4:(0.034, 0.999, -0.022);Ground_Mountain_1_4:(0.034, 0.999, -0.022);Ground_Mountain_1_4:(0.034, 0.999, -0.022);Ground_Mountain_1_4:(0.034, 0.999, -0.022);Ground_Mountain_1_4:(0.034, 0.999, -0.022);Ground_Mountain_1_4:(0.034, 0.999, -0.022);"
0.960,587.709,979.821,163.683,132.648,15.868,12.605,-0.759,-9.614,0.076,0.000,0.024,4,9.118,0.245,1.000,"Ground_Mountain_1_4:(0.035, 0.999, -0.024);Ground_Mountain_1_4:(0.035, 0.999, -0.024);Ground_Mountain_1_4:(0.035, 0.999, -0.024);Ground_Mountain_1_4:(0.035, 0.999, -0.024);Ground_Mountain_1_4:(0.035, 0.999, -0.024);Ground_Mountain_1_4:(0.035, 0.999, -0.024);"
0.980,587.391,980.074,163.667,132.454,15.886,12.599,-0.772,-9.649,0.066,0.000,0.024,4,9.176,0.251,0.999,"Ground_Mountain_1_4:(0.035, 0.999, -0.024);Ground_Mountain_1_4:(0.035, 0.999, -0.024);Ground_Mountain_1_4:(0.035, 0.999, -0.024);Ground_Mountain_1_4:(0.035, 0.999, -0.024);Ground_Mountain_1_4:(0.035, 0.999, -0.024);Ground_Mountain_1_4:(0.035, 0.999, -0.024);"
1.000,587.073,980.326,163.652,132.260,15.901,12.592,-0.784,-9.683,0.057,0.000,0.024,4,9.222,0.223,0.999,"Ground_Mountain_1_4:(0.035, 0.999, -0.024);Ground_Mountain_1_4:(0.035, 0.999, -0.024);Ground_Mountain_1_4:(0.035, 0.999, -0.024);Ground_Mountain_1_4:(0.035, 0.999, -0.024);Ground_Mountain_1_4:(0.035, 0.999, -0.024);Ground_Mountain_1_4:(0.035, 0.999, -0.024);"
1.020,586.754,980.576,163.636,132.068,15.771,12.471,-0.789,-9.627,0.050,0.000,0.024,4,9.260,0.203,0.999,"Ground_Mountain_1_4:(0.035, 0.999, -0.026);Ground_Mountain_1_4:(0.035, 0.999, -0.026);Ground_Mountain_1_4:(0.035, 0.999, -0.026);Ground_Mountain_1_4:(0.035, 0.999, -0.026);Ground_Mountain_1_4:(0.035, 0.999, -0.026);Ground_Mountain_1_4:(0.035, 0.999, -0.026);"
1.040,586.438,980.825,163.620,131.874,15.802,12.476,-0.800,-9.670,0.114,0.000,0.024,4,9.290,0.198,0.999,"Ground_Mountain_1_4:(0.035, 0.999, -0.026);Ground_Mountain_1_4:(0.035, 0.999, -0.026);Ground_Mountain_1_4:(0.035, 0.999, -0.026);Ground_Mountain_1_4:(0.035, 0.999, -0.026);Ground_Mountain_1_4:(0.035, 0.999, -0.026);Ground_Mountain_1_4:(0.035, 0.999, -0.026);"
1.060,586.122,981.075,163.604,131.680,15.829,12.478,-0.811,-9.710,0.099,0.000,0.024,4,9.337,0.197,0.999,"Ground_Mountain_1_4:(0.035, 0.999, -0.025);Ground_Mountain_1_4:(0.035, 0.999, -0.025);Ground_Mountain_1_4:(0.035, 0.999, -0.025);Ground_Mountain_1_4:(0.035, 0.999, -0.025);Ground_Mountain_1_4:(0.035, 0.999, -0.025);Ground_Mountain_1_4:(0.035, 0.999, -0.025);"
1.080,585.805,981.325,163.587,131.484,15.853,12.477,-0.820,-9.749,0.085,0.000,0.024,4,9.385,0.207,0.999,"Ground_Mountain_1_4:(0.036, 0.999, -0.025);Ground_Mountain_1_4:(0.036, 0.999, -0.025);Ground_Mountain_1_4:(0.036, 0.999, -0.025);Ground_Mountain_1_4:(0.036, 0.999, -0.025);Ground_Mountain_1_4:(0.036, 0.999, -0.025);Ground_Mountain_1_4:(0.036, 0.999, -0.025);"
1.100,585.572,981.575,163.571,131.288,15.874,12.474,-0.829,-9.785,0.073,0.000,0.024,4,9.417,0.170,0.999,"Ground_Mountain_1_4:(0.037, 0.999, -0.027);Ground_Mountain_1_4:(0.037, 0.999, -0.027);Ground_Mountain_1_4:(0.037, 0.999, -0.027);Ground_Mountain_1_4:(0.037, 0.999, -0.027);Ground_Mountain_1_4:(0.037, 0.999, -0.027);Ground_Mountain_1_4:(0.037, 0.999, -0.027);"
1.120,585.254,981.824,163.554,131.092,15.892,12.469,-0.838,-9.820,0.063,0.000,0.024,4,9.405,0.140,0.999,"Ground_Mountain_1_4:(0.038, 0.999, -0.027);Ground_Mountain_1_4:(0.038, 0.999, -0.027);Ground_Mountain_1_4:(0.038, 0.999, -0.027);Ground_Mountain_1_4:(0.038, 0.999, -0.027);Ground_Mountain_1_4:(0.038, 0.999, -0.027);Ground_Mountain_1_4:(0.038, 0.999, -0.027);"
1.140,584.936,982.074,163.537,130.894,15.908,12.462,-0.847,-9.853,0.054,0.000,0.023,4,9.373,0.154,0.999,"Ground_Mountain_1_4:(0.038, 0.999, -0.027);Ground_Mountain_1_4:(0.038, 0.999, -0.027);Ground_Mountain_1_4:(0.038, 0.999, -0.027);Ground_Mountain_1_4:(0.038, 0.999, -0.027);Ground_Mountain_1_4:(0.038, 0.999, -0.027);Ground_Mountain_1_4:(0.038, 0.999, -0.027);"
1.160,584.617,982.321,163.520,130.698,15.779,12.343,-0.849,-9.796,0.046,0.000,0.023,4,9.359,0.166,0.999,"Ground_Mountain_1_3:(0.035, 0.999, -0.022);Ground_Mountain_1_3:(0.035, 0.999, -0.022);Ground_Mountain_1_3:(0.035, 0.999, -0.022);Ground_Mountain_1_4:(0.038, 0.999, -0.032);Ground_Mountain_1_4:(0.038, 0.999, -0.032);Ground_Mountain_1_4:(0.038, 0.999, -0.032);Ground_Mountain_1_4:(0.038, 0.999, -0.032);Ground_Mountain_1_4:(0.038, 0.999, -0.032);Ground_Mountain_1_4:(0.038, 0.999, -0.032);"
1.180,584.302,982.568,163.503,130.501,15.810,12.348,-0.860,-9.839,0.111,0.000,0.023,4,9.353,0.176,0.999,"Ground_Mountain_1_4:(0.038, 0.999, -0.032);Ground_Mountain_1_4:(0.038, 0.999, -0.032);Ground_Mountain_1_4:(0.038, 0.999, -0.032);Ground_Mountain_1_4:(0.038, 0.999, -0.032);Ground_Mountain_1_4:(0.038, 0.999, -0.032);Ground_Mountain_1_4:(0.038, 0.999, -0.032);Ground_Mountain_1_3:(0.036, 0.999, -0.023);Ground_Mountain_1_3:(0.036, 0.999, -0.023);Ground_Mountain_1_3:(0.036, 0.999, -0.023);"
1.200,583.985,982.815,163.485,130.303,15.838,12.350,-0.870,-9.879,0.095,0.000,0.023,4,9.369,0.157,0.999,"Ground_Mountain_1_4:(0.038, 0.999, -0.032);Ground_Mountain_1_4:(0.038, 0.999, -0.032);Ground_Mountain_1_4:(0.038, 0.999, -0.032);Ground_Mountain_1_4:(0.038, 0.999, -0.032);Ground_Mountain_1_4:(0.038, 0.999, -0.032);Ground_Mountain_1_4:(0.038, 0.999, -0.032);Ground_Mountain_1_3:(0.037, 0.999, -0.024);Ground_Mountain_1_3:(0.037, 0.999, -0.024);Ground_Mountain_1_3:(0.037, 0.999, -0.024);"
1.220,583.668,983.062,163.468,130.105,15.862,12.350,-0.879,-9.917,0.081,0.000,0.023,4,9.365,0.141,0.999,"Ground_Mountain_1_4:(0.040, 0.999, -0.032);Ground_Mountain_1_4:(0.040, 0.999, -0.032);Ground_Mountain_1_4:(0.040, 0.999, -0.032);Ground_Mountain_1_4:(0.040, 0.999, -0.032);Ground_Mountain_1_4:(0.040, 0.999, -0.032);Ground_Mountain_1_4:(0.040, 0.999, -0.032);Ground_Mountain_1_3:(0.037, 0.999, -0.025);Ground_Mountain_1_3:(0.037, 0.999, -0.025);Ground_Mountain_1_3:(0.037, 0.999, -0.025);Ground_Mountain_1_3:(0.037, 0.999, -0.025);"
1.240,583.433,983.309,163.450,129.906,15.883,12.347,-0.889,-9.953,0.069,0.000,0.023,4,9.355,0.152,0.999,"Ground_Mountain_1_4:(0.040, 0.999, -0.032);Ground_Mountain_1_4:(0.040, 0.999, -0.032);Ground_Mountain_1_4:(0.040, 0.999, -0.032);Ground_Mountain_1_4:(0.040, 0.999, -0.032);Ground_Mountain_1_4:(0.040, 0.999, -0.032);Ground_Mountain_1_4:(0.040, 0.999, -0.032);Ground_Mountain_1_3:(0.041, 0.999, -0.029);Ground_Mountain_1_3:(0.041, 0.999, -0.029);Ground_Mountain_1_3:(0.041, 0.999, -0.029);Ground_Mountain_1_3:(0.041, 0.999, -0.029);Ground_Mountain_1_3:(0.041, 0.999, -0.029);Ground_Mountain_1_3:(0.041, 0.999, -0.029);"
1.260,583.115,983.556,163.432,129.706,15.901,12.342,-0.899,-9.987,0.059,0.000,0.023,4,9.361,0.141,0.999,"Ground_Mountain_1_4:(0.041, 0.999, -0.032);Ground_Mountain_1_4:(0.041, 0.999, -0.032);Ground_Mountain_1_4:(0.041, 0.999, -0.032);Ground_Mountain_1_4:(0.041, 0.999, -0.032);Ground_Mountain_1_3:(0.041, 0.999, -0.029);Ground_Mountain_1_3:(0.041, 0.999, -0.029);Ground_Mountain_1_3:(0.041, 0.999, -0.029);Ground_Mountain_1_3:(0.041, 0.999, -0.029);Ground_Mountain_1_3:(0.041, 0.999, -0.029);Ground_Mountain_1_3:(0.041, 0.999, -0.029);"
1.280,582.796,983.801,163.414,129.507,15.774,12.225,-0.901,-9.929,0.050,0.000,0.023,4,9.354,0.132,0.999,"Ground_Mountain_1_4:(0.041, 0.999, -0.032);Ground_Mountain_1_4:(0.041, 0.999, -0.032);Ground_Mountain_1_4:(0.041, 0.999, -0.032);Ground_Mountain_1_4:(0.041, 0.999, -0.032);Ground_Mountain_1_3:(0.042, 0.999, -0.030);Ground_Mountain_1_3:(0.042, 0.999, -0.030);Ground_Mountain_1_3:(0.042, 0.999, -0.030);Ground_Mountain_1_3:(0.042, 0.999, -0.030);Ground_Mountain_1_3:(0.042, 0.999, -0.030);Ground_Mountain_1_3:(0.042, 0.999, -0.030);"
1.300,582.481,984.046,163.396,129.307,15.807,12.232,-0.912,-9.973,0.113,0.000,0.023,4,9.336,0.128,0.999,"Ground_Mountain_1_4:(0.041, 0.999, -0.032);Ground_Mountain_1_4:(0.041, 0.999, -0.032);Ground_Mountain_1_4:(0.041, 0.999, -0.032);Ground_Mountain_1_3:(0.042, 0.999, -0.030);Ground_Mountain_1_3:(0.042, 0.999, -0.030);Ground_Mountain_1_3:(0.042, 0.999, -0.030);Ground_Mountain_1_3:(0.042, 0.999, -0.030);Ground_Mountain_1_3:(0.042, 0.999, -0.030);Ground_Mountain_1_3:(0.042, 0.999, -0.030);"
1.320,582.164,984.291,163.377,129.107,15.836,12.235,-0.922,-10.014,0.096,0.000,0.023,4,9.339,0.126,0.999,"Ground_Mountain_1_4:(0.041, 0.999, -0.032);Ground_Mountain_1_4:(0.041, 0.999, -0.032);Ground_Mountain_1_4:(0.041, 0.999, -0.032);Ground_Mountain_1_3:(0.042, 0.999, -0.031);Ground_Mountain_1_3:(0.042, 0.999, -0.031);Ground_Mountain_1_3:(0.042, 0.999, -0.031);Ground_Mountain_1_3:(0.042, 0.999, -0.031);Ground_Mountain_1_3:(0.042, 0.999, -0.031);Ground_Mountain_1_3:(0.042, 0.999, -0.031);"
1.340,581.847,984.535,163.359,128.906,15.861,12.236,-0.933,-10.052,0.082,0.000,0.022,4,9.350,0.136,0.999,"Ground_Mountain_1_4:(0.041, 0.999, -0.032);Ground_Mountain_1_4:(0.041, 0.999, -0.032);Ground_Mountain_1_4:(0.041, 0.999, -0.032);Ground_Mountain_1_3:(0.043, 0.999, -0.031);Ground_Mountain_1_3:(0.043, 0.999, -0.031);Ground_Mountain_1_3:(0.043, 0.999, -0.031);Ground_Mountain_1_3:(0.043, 0.999, -0.031);Ground_Mountain_1_3:(0.043, 0.999, -0.031);Ground_Mountain_1_3:(0.043, 0.999, -0.031);"
1.360,581.530,984.780,163.340,128.704,15.883,12.234,-0.942,-10.088,0.069,0.000,0.022,4,9.372,0.145,0.999,"Ground_Mountain_1_3:(0.042, 0.998, -0.036);Ground_Mountain_1_3:(0.042, 0.998, -0.036);Ground_Mountain_1_3:(0.042, 0.998, -0.036);Ground_Mountain_1_3:(0.042, 0.998, -0.036);Ground_Mountain_1_3:(0.042, 0.998, -0.036);Ground_Mountain_1_3:(0.042, 0.998, -0.036);"
1.380,581.292,985.025,163.321,128.501,15.903,12.229,-0.951,-10.122,0.058,0.000,0.022,4,9.381,0.128,0.999,"Ground_Mountain_1_3:(0.044, 0.998, -0.036);Ground_Mountain_1_3:(0.044, 0.998, -0.036);Ground_Mountain_1_3:(0.044, 0.998, -0.036);Ground_Mountain_1_3:(0.044, 0.998, -0.036);Ground_Mountain_1_3:(0.044, 0.998, -0.036);Ground_Mountain_1_3:(0.044, 0.998, -0.036);"
1.400,580.974,985.267,163.302,128.300,15.776,12.114,-0.952,-10.063,0.049,0.000,0.022,4,9.370,0.120,0.999,"Ground_Mountain_1_3:(0.044, 0.998, -0.036);Ground_Mountain_1_3:(0.044, 0.998, -0.036);Ground_Mountain_1_3:(0.044, 0.998, -0.036);Ground_Mountain_1_3:(0.044, 0.998, -0.036);Ground_Mountain_1_3:(0.044, 0.998, -0.036);Ground_Mountain_1_3:(0.044, 0.998, -0.036);"
1.420,580.658,985.510,163.282,128.097,15.810,12.121,-0.963,-10.106,0.112,0.000,0.022,4,9.360,0.112,0.999,"Ground_Mountain_1_3:(0.045, 0.998, -0.038);Ground_Mountain_1_3:(0.045, 0.998, -0.038);Ground_Mountain_1_3:(0.045, 0.998, -0.038);Ground_Mountain_1_3:(0.045, 0.998, -0.038);Ground_Mountain_1_3:(0.045, 0.998, -0.038);Ground_Mountain_1_3:(0.045, 0.998, -0.038);"
1.440,580.342,985.752,163.263,127.894,15.840,12.125,-0.973,-10.146,0.095,0.000,0.022,4,9.366,0.112,0.999,"Ground_Mountain_1_3:(0.045, 0.998, -0.038);Ground_Mountain_1_3:(0.045, 0.998, -0.038);Ground_Mountain_1_3:(0.045, 0.998, -0.038);Ground_Mountain_1_3:(0.045, 0.998, -0.038);Ground_Mountain_1_3:(0.045, 0.998, -0.038);Ground_Mountain_1_3:(0.045, 0.998, -0.038);"
1.460,580.025,985.995,163.243,127.690,15.865,12.126,-0.983,-10.184,0.080,0.000,0.022,4,9.381,0.115,0.998,"Ground_Mountain_1_3:(0.045, 0.998, -0.038);Ground_Mountain_1_3:(0.045, 0.998, -0.038);Ground_Mountain_1_3:(0.045, 0.998, -0.038);Ground_Mountain_1_3:(0.045, 0.998, -0.038);Ground_Mountain_1_3:(0.045, 0.998, -0.038);Ground_Mountain_1_3:(0.045, 0.998, -0.038);"
1.480,579.707,986.238,163.223,127.486,15.887,12.125,-0.992,-10.220,0.067,0.000,0.022,4,9.407,0.118,0.998,"Ground_Mountain_1_3:(0.045, 0.998, -0.038);Ground_Mountain_1_3:(0.045, 0.998, -0.038);Ground_Mountain_1_3:(0.045, 0.998, -0.038);Ground_Mountain_1_3:(0.045, 0.998, -0.038);Ground_Mountain_1_3:(0.045, 0.998, -0.038);Ground_Mountain_1_3:(0.045, 0.998, -0.038);"
1.500,579.389,986.480,163.203,127.281,15.907,12.121,-1.000,-10.254,0.056,0.000,0.021,4,9.443,0.114,0.998,"Ground_Mountain_1_3:(0.045, 0.998, -0.039);Ground_Mountain_1_3:(0.045, 0.998, -0.039);Ground_Mountain_1_3:(0.045, 0.998, -0.039);Ground_Mountain_1_3:(0.045, 0.998, -0.039);Ground_Mountain_1_3:(0.045, 0.998, -0.039);Ground_Mountain_1_3:(0.045, 0.998, -0.039);"
1.520,579.150,986.721,163.183,127.077,15.781,12.007,-0.999,-10.192,0.047,0.000,0.021,4,9.477,0.108,0.998,"Ground_Mountain_1_3:(0.044, 0.998, -0.040);Ground_Mountain_1_3:(0.044, 0.998, -0.040);Ground_Mountain_1_3:(0.044, 0.998, -0.040);Ground_Mountain_1_3:(0.044, 0.998, -0.040);Ground_Mountain_1_3:(0.044, 0.998, -0.040);Ground_Mountain_1_3:(0.044, 0.998, -0.040);"
1.540,578.834,986.961,163.163,126.872,15.815,12.015,-1.006,-10.235,0.110,0.000,0.021,4,9.503,0.104,0.998,"Ground_Mountain_1_3:(0.043, 0.998, -0.041);Ground_Mountain_1_3:(0.043, 0.998, -0.041);Ground_Mountain_1_3:(0.043, 0.998, -0.041);Ground_Mountain_1_3:(0.043, 0.998, -0.041);Ground_Mountain_1_3:(0.043, 0.998, -0.041);Ground_Mountain_1_3:(0.043, 0.998, -0.041);"
1.560,578.518,987.201,163.143,126.666,15.844,12.019,-1.013,-10.275,0.093,0.000,0.021,4,9.537,0.098,0.998,"Ground_Mountain_1_3:(0.045, 0.998, -0.041);Ground_Mountain_1_3:(0.045, 0.998, -0.041);Ground_Mountain_1_3:(0.045, 0.998, -0.041);Ground_Mountain_1_3:(0.045, 0.998, -0.041);Ground_Mountain_1_3:(0.045, 0.998, -0.041);Ground_Mountain_1_3:(0.045, 0.998, -0.041);"
1.580,578.201,987.442,163.123,126.460,15.870,12.020,-1.019,-10.313,0.078,0.000,0.021,4,9.577,0.115,0.998,"Ground_Mountain_1_3:(0.044, 0.998, -0.042);Ground_Mountain_1_3:(0.044, 0.998, -0.042);Ground_Mountain_1_3:(0.044, 0.998, -0.042);Ground_Mountain_1_3:(0.044, 0.998, -0.042);Ground_Mountain_1_3:(0.044, 0.998, -0.042);Ground_Mountain_1_3:(0.044, 0.998, -0.042);"
1.600,577.883,987.682,163.102,126.253,15.892,12.019,-1.024,-10.348,0.065,0.000,0.021,4,9.623,0.106,0.998,"Ground_Mountain_1_3:(0.044, 0.998, -0.042);Ground_Mountain_1_3:(0.044, 0.998, -0.042);Ground_Mountain_1_3:(0.044, 0.998, -0.042);Ground_Mountain_1_3:(0.044, 0.998, -0.042);Ground_Mountain_1_3:(0.044, 0.998, -0.042);Ground_Mountain_1_3:(0.044, 0.998, -0.042);"
1.620,577.565,987.923,163.082,126.045,15.912,12.016,-1.027,-10.381,0.054,0.000,0.020,4,9.683,0.111,0.998,"Ground_Mountain_1_3:(0.044, 0.998, -0.042);Ground_Mountain_1_3:(0.044, 0.998, -0.042);Ground_Mountain_1_3:(0.044, 0.998, -0.042);Ground_Mountain_1_3:(0.044, 0.998, -0.042);Ground_Mountain_1_3:(0.044, 0.998, -0.042);Ground_Mountain_1_3:(0.044, 0.998, -0.042);"
1.640,577.247,988.161,163.061,125.839,15.785,11.904,-1.021,-10.318,0.044,0.000,0.020,4,9.747,0.097,0.998,"Ground_Mountain_1_3:(0.042, 0.998, -0.043);Ground_Mountain_1_3:(0.042, 0.998, -0.043);Ground_Mountain_1_3:(0.042, 0.998, -0.043);Ground_Mountain_1_3:(0.042, 0.998, -0.043);Ground_Mountain_1_3:(0.042, 0.998, -0.043);Ground_Mountain_1_3:(0.042, 0.998, -0.043);"
1.660,577.008,988.399,163.041,125.631,15.819,11.912,-1.022,-10.360,0.107,0.000,0.020,4,9.809,0.084,0.998,"Ground_Mountain_1_3:(0.042, 0.998, -0.043);Ground_Mountain_1_3:(0.042, 0.998, -0.043);Ground_Mountain_1_3:(0.042, 0.998, -0.043);Ground_Mountain_1_3:(0.042, 0.998, -0.043);Ground_Mountain_1_3:(0.042, 0.998, -0.043);Ground_Mountain_1_3:(0.042, 0.998, -0.043);"
1.680,576.691,988.637,163.020,125.423,15.849,11.916,-1.023,-10.400,0.090,0.000,0.020,4,9.866,0.070,0.998,"Ground_Mountain_1_3:(0.042, 0.998, -0.043);Ground_Mountain_1_3:(0.042, 0.998, -0.043);Ground_Mountain_1_3:(0.042, 0.998, -0.043);Ground_Mountain_1_3:(0.042, 0.998, -0.043);Ground_Mountain_1_3:(0.042, 0.998, -0.043);Ground_Mountain_1_3:(0.042, 0.998, -0.043);"
1.700,576.374,988.876,163.000,125.214,15.874,11.918,-1.022,-10.436,0.076,0.000,0.020,4,9.917,0.056,0.998,"Ground_Mountain_1_3:(0.042, 0.998, -0.043);Ground_Mountain_1_3:(0.042, 0.998, -0.043);Ground_Mountain_1_3:(0.042, 0.998, -0.043);Ground_Mountain_1_3:(0.042, 0.998, -0.043);Ground_Mountain_1_3:(0.042, 0.998, -0.043);Ground_Mountain_1_3:(0.042, 0.998, -0.043);"
1.720,576.057,989.114,162.979,125.005,15.896,11.918,-1.020,-10.471,0.063,0.000,0.019,4,9.970,0.058,0.998,"Ground_Mountain_1_3:(0.043, 0.998, -0.042);Ground_Mountain_1_3:(0.043, 0.998, -0.042);Ground_Mountain_1_3:(0.043, 0.998, -0.042);Ground_Mountain_1_3:(0.043, 0.998, -0.042);Ground_Mountain_1_3:(0.043, 0.998, -0.042);Ground_Mountain_1_3:(0.043, 0.998, -0.042);"
1.740,575.739,989.352,162.959,124.795,15.915,11.915,-1.016,-10.503,0.052,0.000,0.019,4,10.023,0.043,0.998,"Ground_Mountain_1_3:(0.042, 0.998, -0.043);Ground_Mountain_1_3:(0.042, 0.998, -0.043);Ground_Mountain_1_3:(0.042, 0.998, -0.043);Ground_Mountain_1_3:(0.042, 0.998, -0.043);Ground_Mountain_1_3:(0.042, 0.998, -0.043);Ground_Mountain_1_3:(0.042, 0.998, -0.043);"
1.760,575.421,989.588,162.939,124.586,15.789,11.804,-1.003,-10.438,0.042,0.000,0.019,4,10.066,0.027,0.998,"Ground_Mountain_1_3:(0.042, 0.998, -0.043);Ground_Mountain_1_3:(0.042, 0.998, -0.043);Ground_Mountain_1_3:(0.042, 0.998, -0.043);Ground_Mountain_1_3:(0.042, 0.998, -0.043);Ground_Mountain_1_3:(0.042, 0.998, -0.043);Ground_Mountain_1_3:(0.042, 0.998, -0.043);"
1.780,575.105,989.824,162.919,124.376,15.822,11.812,-0.999,-10.480,0.106,0.000,0.019,4,10.097,0.030,0.998,"Ground_Mountain_1_3:(0.042, 0.998, -0.043);Ground_Mountain_1_3:(0.042, 0.998, -0.043);Ground_Mountain_1_3:(0.042, 0.998, -0.043);Ground_Mountain_1_3:(0.042, 0.998, -0.043);Ground_Mountain_1_3:(0.042, 0.998, -0.043);Ground_Mountain_1_3:(0.042, 0.998, -0.043);"
1.800,574.864,990.061,162.899,124.166,15.851,11.817,-0.995,-10.518,0.089,0.000,0.018,4,10.122,0.021,0.998,"Ground_Mountain_1_3:(0.042, 0.998, -0.043);Ground_Mountain_1_3:(0.042, 0.998, -0.043);Ground_Mountain_1_3:(0.042, 0.998, -0.043);Ground_Mountain_1_3:(0.042, 0.998, -0.043);Ground_Mountain_1_3:(0.042, 0.998, -0.043);Ground_Mountain_1_3:(0.042, 0.998, -0.043);"
1.820,574.547,990.297,162.879,123.955,15.876,11.820,-0.989,-10.554,0.074,0.000,0.018,4,10.141,0.013,0.998,"Ground_Mountain_1_3:(0.042, 0.998, -0.043);Ground_Mountain_1_3:(0.042, 0.998, -0.043);Ground_Mountain_1_3:(0.042, 0.998, -0.043);Ground_Mountain_1_3:(0.042, 0.998, -0.043);Ground_Mountain_1_3:(0.042, 0.998, -0.043);Ground_Mountain_1_3:(0.042, 0.998, -0.043);"
1.840,574.229,990.533,162.860,123.743,15.898,11.820,-0.983,-10.587,0.062,0.000,0.018,4,10.151,0.010,0.998,"Ground_Mountain_1_3:(0.042, 0.998, -0.043);Ground_Mountain_1_3:(0.042, 0.998, -0.043);Ground_Mountain_1_3:(0.042, 0.998, -0.043);Ground_Mountain_1_3:(0.042, 0.998, -0.043);Ground_Mountain_1_3:(0.042, 0.998, -0.043);Ground_Mountain_1_3:(0.042, 0.998, -0.043);"
1.860,573.911,990.770,162.840,123.531,15.917,11.818,-0.977,-10.619,0.051,0.000,0.018,4,10.151,0.015,0.998,"Ground_Mountain_1_3:(0.042, 0.998, -0.043);Ground_Mountain_1_3:(0.042, 0.998, -0.043);Ground_Mountain_1_3:(0.042, 0.998, -0.043);Ground_Mountain_1_3:(0.042, 0.998, -0.043);Ground_Mountain_1_3:(0.042, 0.998, -0.043);Ground_Mountain_1_3:(0.042, 0.998, -0.043);"
1.880,573.593,991.004,162.821,123.319,15.790,11.708,-0.963,-10.551,0.041,0.000,0.017,4,10.141,0.005,0.998,"Ground_Mountain_1_3:(0.042, 0.998, -0.042);Ground_Mountain_1_3:(0.042, 0.998, -0.042);Ground_Mountain_1_3:(0.042, 0.998, -0.042);Ground_Mountain_1_3:(0.042, 0.998, -0.042);Ground_Mountain_1_3:(0.042, 0.998, -0.042);Ground_Mountain_1_3:(0.042, 0.998, -0.042);"
1.900,573.277,991.238,162.802,123.108,15.824,11.717,-0.958,-10.592,0.105,0.000,0.017,4,10.128,0.007,0.998,"Ground_Mountain_1_3:(0.041, 0.998, -0.043);Ground_Mountain_1_3:(0.041, 0.998, -0.043);Ground_Mountain_1_3:(0.041, 0.998, -0.043);Ground_Mountain_1_3:(0.041, 0.998, -0.043);Ground_Mountain_1_3:(0.041, 0.998, -0.043);Ground_Mountain_1_3:(0.041, 0.998, -0.043);"
1.920,572.961,991.472,162.783,122.895,15.852,11.723,-0.954,-10.629,0.088,0.000,0.017,4,10.113,0.014,0.998,"Ground_Mountain_1_3:(0.041, 0.998, -0.043);Ground_Mountain_1_3:(0.041, 0.998, -0.043);Ground_Mountain_1_3:(0.041, 0.998, -0.043);Ground_Mountain_1_3:(0.041, 0.998, -0.043);Ground_Mountain_1_3:(0.041, 0.998, -0.043);Ground_Mountain_1_3:(0.041, 0.998, -0.043);"
1.940,572.718,991.707,162.764,122.682,15.877,11.726,-0.949,-10.663,0.074,0.000,0.017,4,10.109,0.011,0.998,"Ground_Mountain_1_3:(0.039, 0.998, -0.042);Ground_Mountain_1_3:(0.039, 0.998, -0.042);Ground_Mountain_1_3:(0.039, 0.998, -0.042);Ground_Mountain_1_3:(0.039, 0.998, -0.042);Ground_Mountain_1_3:(0.039, 0.998, -0.042);Ground_Mountain_1_3:(0.039, 0.998, -0.042);"
1.960,572.400,991.941,162.745,122.468,15.899,11.726,-0.944,-10.695,0.061,0.000,0.016,4,10.122,0.027,0.998,"Ground_Mountain_1_3:(0.039, 0.998, -0.041);Ground_Mountain_1_3:(0.039, 0.998, -0.041);Ground_Mountain_1_3:(0.039, 0.998, -0.041);Ground_Mountain_1_3:(0.039, 0.998, -0.041);Ground_Mountain_1_3:(0.039, 0.998, -0.041);Ground_Mountain_1_3:(0.039, 0.998, -0.041);"
1.980,572.083,992.176,162.726,122.253,15.918,11.725,-0.938,-10.725,0.051,0.000,0.016,4,10.135,0.015,0.998,"Ground_Mountain_1_3:(0.038, 0.998, -0.041);Ground_Mountain_1_3:(0.038, 0.998, -0.041);Ground_Mountain_1_3:(0.038, 0.998, -0.041);Ground_Mountain_1_3:(0.038, 0.998, -0.041);Ground_Mountain_1_3:(0.038, 0.998, -0.041);Ground_Mountain_1_3:(0.038, 0.998, -0.041);"
2.000,571.764,992.408,162.707,122.040,15.791,11.617,-0.924,-10.656,0.041,0.000,0.016,4,10.145,0.006,0.998,"Ground_Mountain_1_3:(0.038, 0.998, -0.041);Ground_Mountain_1_3:(0.038, 0.998, -0.041);Ground_Mountain_1_3:(0.038, 0.998, -0.041);Ground_Mountain_1_3:(0.038, 0.998, -0.041);Ground_Mountain_1_3:(0.038, 0.998, -0.041);Ground_Mountain_1_3:(0.038, 0.998, -0.041);"
2.020,571.448,992.640,162.689,121.826,15.824,11.627,-0.919,-10.695,0.105,0.000,0.015,4,10.151,0.016,0.998,"Ground_Mountain_1_3:(0.038, 0.998, -0.041);Ground_Mountain_1_3:(0.038, 0.998, -0.041);Ground_Mountain_1_3:(0.038, 0.998, -0.041);Ground_Mountain_1_3:(0.038, 0.998, -0.041);Ground_Mountain_1_3:(0.038, 0.998, -0.041);Ground_Mountain_1_3:(0.038, 0.998, -0.041);"
2.040,571.132,992.873,162.671,121.611,15.852,11.633,-0.913,-10.731,0.088,0.000,0.015,4,10.161,0.011,0.998,"Ground_Mountain_1_3:(0.037, 0.998, -0.041);Ground_Mountain_1_3:(0.037, 0.998, -0.041);Ground_Mountain_1_3:(0.037, 0.998, -0.041);Ground_Mountain_1_3:(0.037, 0.998, -0.041);Ground_Mountain_1_3:(0.037, 0.998, -0.041);Ground_Mountain_1_3:(0.037, 0.998, -0.041);"
2.060,570.815,993.105,162.653,121.396,15.877,11.637,-0.907,-10.763,0.074,0.000,0.015,4,10.188,0.018,0.998,"Ground_Mountain_1_3:(0.037, 0.998, -0.041);Ground_Mountain_1_3:(0.037, 0.998, -0.041);Ground_Mountain_1_3:(0.037, 0.998, -0.041);Ground_Mountain_1_3:(0.037, 0.998, -0.041);Ground_Mountain_1_3:(0.037, 0.998, -0.041);Ground_Mountain_1_3:(0.037, 0.998, -0.041);"
2.080,570.570,993.338,162.635,121.180,15.899,11.639,-0.900,-10.794,0.061,0.000,0.015,4,10.215,0.026,0.998,"Ground_Mountain_1_3:(0.036, 0.999, -0.041);Ground_Mountain_1_3:(0.036, 0.999, -0.041);Ground_Mountain_1_3:(0.036, 0.999, -0.041);Ground_Mountain_1_3:(0.036, 0.999, -0.041);Ground_Mountain_1_3:(0.036, 0.999, -0.041);Ground_Mountain_1_3:(0.036, 0.999, -0.041);"
2.100,570.252,993.571,162.617,120.964,15.917,11.638,-0.892,-10.822,0.051,0.000,0.015,4,10.235,0.026,0.998,"Ground_Mountain_1_3:(0.035, 0.999, -0.042);Ground_Mountain_1_3:(0.035, 0.999, -0.042);Ground_Mountain_1_3:(0.035, 0.999, -0.042);Ground_Mountain_1_3:(0.035, 0.999, -0.042);Ground_Mountain_1_3:(0.035, 0.999, -0.042);Ground_Mountain_1_3:(0.035, 0.999, -0.042);"
2.120,569.934,993.801,162.599,120.749,15.790,11.532,-0.876,-10.750,0.041,0.000,0.014,4,10.258,0.027,0.998,"Ground_Mountain_1_3:(0.033, 0.999, -0.041);Ground_Mountain_1_3:(0.033, 0.999, -0.041);Ground_Mountain_1_3:(0.033, 0.999, -0.041);Ground_Mountain_1_3:(0.033, 0.999, -0.041);Ground_Mountain_1_3:(0.033, 0.999, -0.041);Ground_Mountain_1_3:(0.033, 0.999, -0.041);"
2.140,569.618,994.032,162.582,120.533,15.823,11.543,-0.869,-10.788,0.105,0.000,0.014,4,10.282,0.036,0.998,"Ground_Mountain_1_3:(0.033, 0.999, -0.041);Ground_Mountain_1_3:(0.033, 0.999, -0.041);Ground_Mountain_1_3:(0.033, 0.999, -0.041);Ground_Mountain_1_3:(0.033, 0.999, -0.041);Ground_Mountain_1_3:(0.033, 0.999, -0.041);Ground_Mountain_1_3:(0.033, 0.999, -0.041);"
2.160,569.302,994.263,162.565,120.317,15.851,11.550,-0.860,-10.822,0.089,0.000,0.014,4,10.295,0.035,0.998,"Ground_Mountain_1_3:(0.033, 0.999, -0.041);Ground_Mountain_1_3:(0.033, 0.999, -0.041);Ground_Mountain_1_3:(0.033, 0.999, -0.041);Ground_Mountain_1_3:(0.033, 0.999, -0.041);Ground_Mountain_1_3:(0.033, 0.999, -0.041);Ground_Mountain_1_3:(0.033, 0.999, -0.041);"
2.180,568.985,994.494,162.548,120.100,15.876,11.555,-0.851,-10.854,0.074,0.000,0.014,4,10.309,0.046,0.998,"Ground_Mountain_1_3:(0.034, 0.999, -0.041);Ground_Mountain_1_3:(0.034, 0.999, -0.041);Ground_Mountain_1_3:(0.034, 0.999, -0.041);Ground_Mountain_1_3:(0.034, 0.999, -0.041);Ground_Mountain_1_3:(0.034, 0.999, -0.041);Ground_Mountain_1_3:(0.034, 0.999, -0.041);"
2.200,568.667,994.725,162.531,119.882,15.897,11.557,-0.842,-10.883,0.062,0.000,0.013,4,10.316,0.057,0.998,"Ground_Mountain_1_3:(0.034, 0.999, -0.041);Ground_Mountain_1_3:(0.034, 0.999, -0.041);Ground_Mountain_1_3:(0.034, 0.999, -0.041);Ground_Mountain_1_3:(0.034, 0.999, -0.041);Ground_Mountain_1_3:(0.034, 0.999, -0.041);Ground_Mountain_1_3:(0.034, 0.999, -0.041);"
2.220,568.397,994.956,162.514,119.664,15.915,11.558,-0.833,-10.910,0.052,0.000,0.013,4,10.326,0.054,0.998,"Ground_Mountain_1_3:(0.033, 0.999, -0.041);Ground_Mountain_1_3:(0.033, 0.999, -0.041);Ground_Mountain_1_3:(0.033, 0.999, -0.041);Ground_Mountain_1_3:(0.033, 0.999, -0.041);Ground_Mountain_1_3:(0.033, 0.999, -0.041);Ground_Mountain_1_3:(0.033, 0.999, -0.041);"
2.240,568.078,995.185,162.498,119.447,15.788,11.453,-0.816,-10.836,0.042,0.000,0.013,4,10.338,0.056,0.998,"Ground_Mountain_1_3:(0.033, 0.999, -0.041);Ground_Mountain_1_3:(0.033, 0.999, -0.041);Ground_Mountain_1_3:(0.033, 0.999, -0.041);Ground_Mountain_1_3:(0.033, 0.999, -0.041);Ground_Mountain_1_3:(0.033, 0.999, -0.041);Ground_Mountain_1_3:(0.033, 0.999, -0.041);"
2.260,567.763,995.414,162.482,119.230,15.820,11.465,-0.806,-10.872,0.106,0.000,0.013,4,10.348,0.065,0.999,"Ground_Mountain_1_3:(0.032, 0.999, -0.039);Ground_Mountain_1_3:(0.032, 0.999, -0.039);Ground_Mountain_1_3:(0.032, 0.999, -0.039);Ground_Mountain_1_3:(0.032, 0.999, -0.039);Ground_Mountain_1_3:(0.032, 0.999, -0.039);Ground_Mountain_1_3:(0.032, 0.999, -0.039);"
2.280,567.447,995.643,162.466,119.012,15.849,11.473,-0.797,-10.905,0.090,0.000,0.012,4,10.356,0.063,0.999,"Ground_Mountain_1_3:(0.032, 0.999, -0.038);Ground_Mountain_1_3:(0.032, 0.999, -0.038);Ground_Mountain_1_3:(0.032, 0.999, -0.038);Ground_Mountain_1_3:(0.032, 0.999, -0.038);Ground_Mountain_1_3:(0.032, 0.999, -0.038);Ground_Mountain_1_3:(0.032, 0.999, -0.038);"
2.300,567.130,995.873,162.450,118.793,15.873,11.479,-0.787,-10.935,0.076,0.000,0.012,4,10.372,0.062,0.999,"Ground_Mountain_1_3:(0.031, 0.999, -0.038);Ground_Mountain_1_3:(0.031, 0.999, -0.038);Ground_Mountain_1_3:(0.031, 0.999, -0.038);Ground_Mountain_1_3:(0.031, 0.999, -0.038);Ground_Mountain_1_3:(0.031, 0.999, -0.038);Ground_Mountain_1_3:(0.031, 0.999, -0.038);"
2.320,566.812,996.102,162.435,118.574,15.894,11.483,-0.776,-10.963,0.063,0.000,0.012,4,10.376,0.074,0.999,"Ground_Mountain_1_3:(0.030, 0.999, -0.037);Ground_Mountain_1_3:(0.030, 0.999, -0.037);Ground_Mountain_1_3:(0.030, 0.999, -0.037);Ground_Mountain_1_3:(0.030, 0.999, -0.037);Ground_Mountain_1_3:(0.030, 0.999, -0.037);Ground_Mountain_1_3:(0.030, 0.999, -0.037);"
2.340,566.518,996.332,162.419,118.354,15.912,11.484,-0.766,-10.988,0.053,0.000,0.012,4,10.367,0.081,0.999,"Ground_Mountain_1_3:(0.030, 0.999, -0.037);Ground_Mountain_1_3:(0.030, 0.999, -0.037);Ground_Mountain_1_3:(0.030, 0.999, -0.037);Ground_Mountain_1_3:(0.030, 0.999, -0.037);Ground_Mountain_1_3:(0.030, 0.999, -0.037);Ground_Mountain_1_3:(0.030, 0.999, -0.037);"
2.360,566.200,996.559,162.404,118.136,15.784,11.381,-0.749,-10.912,0.044,0.000,0.011,4,10.347,0.087,0.999,"Ground_Mountain_1_3:(0.030, 0.999, -0.037);Ground_Mountain_1_3:(0.030, 0.999, -0.037);Ground_Mountain_1_3:(0.030, 0.999, -0.037);Ground_Mountain_1_3:(0.030, 0.999, -0.037);Ground_Mountain_1_3:(0.030, 0.999, -0.037);Ground_Mountain_1_3:(0.030, 0.999, -0.037);"
2.380,565.884,996.787,162.390,117.917,15.817,11.394,-0.740,-10.947,0.108,0.000,0.011,4,10.324,0.081,0.999,"Ground_Mountain_1_3:(0.030, 0.999, -0.037);Ground_Mountain_1_3:(0.030, 0.999, -0.037);Ground_Mountain_1_3:(0.030, 0.999, -0.037);Ground_Mountain_1_3:(0.030, 0.999, -0.037);Ground_Mountain_1_3:(0.030, 0.999, -0.037);Ground_Mountain_1_3:(0.030, 0.999, -0.037);"
2.400,565.568,997.015,162.375,117.698,15.845,11.403,-0.731,-10.978,0.091,0.000,0.011,4,10.294,0.077,0.999,"Ground_Mountain_1_3:(0.030, 0.999, -0.037);Ground_Mountain_1_3:(0.030, 0.999, -0.037);Ground_Mountain_1_3:(0.030, 0.999, -0.037);Ground_Mountain_1_3:(0.030, 0.999, -0.037);Ground_Mountain_1_3:(0.030, 0.999, -0.037);Ground_Mountain_1_3:(0.030, 0.999, -0.037);"
2.420,565.251,997.243,162.360,117.478,15.869,11.410,-0.723,-11.007,0.077,0.000,0.011,4,10.263,0.083,0.999,"Ground_Mountain_1_3:(0.031, 0.999, -0.037);Ground_Mountain_1_3:(0.031, 0.999, -0.037);Ground_Mountain_1_3:(0.031, 0.999, -0.037);Ground_Mountain_1_3:(0.031, 0.999, -0.037);Ground_Mountain_1_3:(0.031, 0.999, -0.037);Ground_Mountain_1_3:(0.031, 0.999, -0.037);"
2.440,564.960,997.471,162.346,117.257,15.890,11.414,-0.716,-11.033,0.065,0.000,0.011,4,10.222,0.084,0.999,"Ground_Mountain_1_3:(0.031, 0.999, -0.037);Ground_Mountain_1_3:(0.031, 0.999, -0.037);Ground_Mountain_1_3:(0.031, 0.999, -0.037);Ground_Mountain_1_3:(0.031, 0.999, -0.037);Ground_Mountain_1_3:(0.031, 0.999, -0.037);Ground_Mountain_1_3:(0.031, 0.999, -0.037);"
2.460,564.642,997.699,162.332,117.036,15.908,11.416,-0.710,-11.056,0.055,0.000,0.010,4,10.167,0.102,0.999,"Ground_Mountain_1_3:(0.032, 0.999, -0.037);Ground_Mountain_1_3:(0.032, 0.999, -0.037);Ground_Mountain_1_3:(0.032, 0.999, -0.037);Ground_Mountain_1_3:(0.032, 0.999, -0.037);Ground_Mountain_1_3:(0.032, 0.999, -0.037);Ground_Mountain_1_3:(0.032, 0.999, -0.037);"
2.480,564.324,997.925,162.318,116.816,15.781,11.315,-0.698,-10.978,0.046,0.000,0.010,4,10.093,0.118,0.999,"Ground_Mountain_1_3:(0.032, 0.999, -0.037);Ground_Mountain_1_3:(0.032, 0.999, -0.037);Ground_Mountain_1_3:(0.032, 0.999, -0.037);Ground_Mountain_1_3:(0.032, 0.999, -0.037);Ground_Mountain_1_3:(0.032, 0.999, -0.037);Ground_Mountain_1_3:(0.032, 0.999, -0.037);"
2.500,564.009,998.152,162.304,116.596,15.813,11.328,-0.695,-11.012,0.110,0.000,0.010,4,10.010,0.107,0.999,"Ground_Mountain_1_3:(0.032, 0.999, -0.038);Ground_Mountain_1_3:(0.032, 0.999, -0.038);Ground_Mountain_1_3:(0.032, 0.999, -0.038);Ground_Mountain_1_3:(0.032, 0.999, -0.038);Ground_Mountain_1_3:(0.032, 0.999, -0.038);Ground_Mountain_1_3:(0.032, 0.999, -0.038);"
2.520,563.692,998.379,162.290,116.376,15.841,11.338,-0.694,-11.042,0.093,0.000,0.010,4,9.920,0.107,0.999,"Ground_Mountain_1_3:(0.032, 0.999, -0.038);Ground_Mountain_1_3:(0.032, 0.999, -0.038);Ground_Mountain_1_3:(0.032, 0.999, -0.038);Ground_Mountain_1_3:(0.032, 0.999, -0.038);Ground_Mountain_1_3:(0.032, 0.999, -0.038);Ground_Mountain_1_3:(0.032, 0.999, -0.038);"
2.540,563.376,998.605,162.276,116.154,15.866,11.346,-0.695,-11.069,0.079,0.000,0.010,4,9.810,0.107,0.999,"Ground_Mountain_1_3:(0.032, 0.999, -0.039);Ground_Mountain_1_3:(0.032, 0.999, -0.039);Ground_Mountain_1_3:(0.032, 0.999, -0.039);Ground_Mountain_1_3:(0.032, 0.999, -0.039);Ground_Mountain_1_3:(0.032, 0.999, -0.039);Ground_Mountain_1_3:(0.032, 0.999, -0.039);"
2.560,563.087,998.832,162.262,115.932,15.887,11.351,-0.699,-11.093,0.067,0.000,0.009,4,9.681,0.097,0.999,"Ground_Mountain_1_3:(0.033, 0.999, -0.039);Ground_Mountain_1_3:(0.033, 0.999, -0.039);Ground_Mountain_1_3:(0.033, 0.999, -0.039);Ground_Mountain_1_3:(0.033, 0.999, -0.039);Ground_Mountain_1_3:(0.033, 0.999, -0.039);Ground_Mountain_1_3:(0.033, 0.999, -0.039);"
2.580,562.770,999.059,162.248,115.710,15.905,11.354,-0.705,-11.115,0.057,0.000,0.009,4,9.547,0.085,0.999,"Ground_Mountain_1_3:(0.032, 0.999, -0.039);Ground_Mountain_1_3:(0.032, 0.999, -0.039);Ground_Mountain_1_3:(0.032, 0.999, -0.039);Ground_Mountain_1_3:(0.032, 0.999, -0.039);Ground_Mountain_1_3:(0.032, 0.999, -0.039);Ground_Mountain_1_3:(0.032, 0.999, -0.039);"
2.600,562.451,999.285,162.234,115.489,15.777,11.254,-0.706,-11.035,0.048,0.000,0.009,4,9.420,0.055,0.999,"Ground_Mountain_2_3:(0.023, 0.999, -0.043);Ground_Mountain_2_3:(0.023, 0.999, -0.043);Ground_Mountain_2_3:(0.023, 0.999, -0.043);Ground_Mountain_1_3:(0.034, 0.999, -0.039);Ground_Mountain_1_3:(0.034, 0.999, -0.039);Ground_Mountain_1_3:(0.034, 0.999, -0.039);Ground_Mountain_1_3:(0.034, 0.999, -0.039);Ground_Mountain_1_3:(0.034, 0.999, -0.039);Ground_Mountain_1_3:(0.034, 0.999, -0.039);"
2.620,562.136,999.510,162.220,115.268,15.810,11.268,-0.718,-11.067,0.111,0.000,0.009,4,9.303,0.038,0.999,"Ground_Mountain_1_3:(0.034, 0.999, -0.039);Ground_Mountain_1_3:(0.034, 0.999, -0.039);Ground_Mountain_1_3:(0.034, 0.999, -0.039);Ground_Mountain_1_3:(0.034, 0.999, -0.039);Ground_Mountain_1_3:(0.034, 0.999, -0.039);Ground_Mountain_1_3:(0.034, 0.999, -0.039);Ground_Mountain_2_3:(0.023, 0.999, -0.043);Ground_Mountain_2_3:(0.023, 0.999, -0.043);Ground_Mountain_2_3:(0.023, 0.999, -0.043);"
2.640,561.820,999.736,162.205,115.046,15.839,11.279,-0.731,-11.096,0.095,0.000,0.009,4,9.224,0.054,0.999,"Ground_Mountain_1_3:(0.034, 0.999, -0.041);Ground_Mountain_1_3:(0.034, 0.999, -0.041);Ground_Mountain_1_3:(0.034, 0.999, -0.041);Ground_Mountain_1_3:(0.034, 0.999, -0.041);Ground_Mountain_1_3:(0.034, 0.999, -0.041);Ground_Mountain_1_3:(0.034, 0.999, -0.041);Ground_Mountain_2_3:(0.023, 0.999, -0.043);Ground_Mountain_2_3:(0.023, 0.999, -0.043);Ground_Mountain_2_3:(0.023, 0.999, -0.043);Ground_Mountain_2_3:(0.023, 0.999, -0.043);"
2.660,561.503,999.961,162.190,114.823,15.863,11.287,-0.744,-11.122,0.081,0.000,0.009,4,9.183,0.104,0.999,"Ground_Mountain_1_3:(0.034, 0.999, -0.041);Ground_Mountain_1_3:(0.034, 0.999, -0.041);Ground_Mountain_1_3:(0.034, 0.999, -0.041);Ground_Mountain_1_3:(0.034, 0.999, -0.041);Ground_Mountain_1_3:(0.034, 0.999, -0.041);Ground_Mountain_1_3:(0.034, 0.999, -0.041);Ground_Mountain_2_3:(0.023, 0.999, -0.043);Ground_Mountain_2_3:(0.023, 0.999, -0.043);Ground_Mountain_2_3:(0.023, 0.999, -0.043);Ground_Mountain_2_3:(0.023, 0.999, -0.043);"
2.680,561.204,1000.187,162.175,114.600,15.885,11.294,-0.758,-11.145,0.068,0.000,0.008,4,9.171,0.097,0.999,"Ground_Mountain_1_3:(0.034, 0.999, -0.043);Ground_Mountain_1_3:(0.034, 0.999, -0.043);Ground_Mountain_1_3:(0.034, 0.999, -0.043);Ground_Mountain_1_3:(0.034, 0.999, -0.043);Ground_Mountain_2_3:(0.023, 1.000, -0.012);Ground_Mountain_2_3:(0.023, 1.000, -0.012);Ground_Mountain_2_3:(0.023, 1.000, -0.012);Ground_Mountain_2_3:(0.023, 1.000, -0.012);Ground_Mountain_2_3:(0.023, 1.000, -0.012);Ground_Mountain_2_3:(0.023, 1.000, -0.012);"
2.700,560.886,1000.413,162.160,114.377,15.904,11.298,-0.770,-11.166,0.058,0.000,0.008,4,9.255,0.309,0.999,"Ground_Mountain_1_3:(0.034, 0.999, -0.043);Ground_Mountain_1_3:(0.034, 0.999, -0.043);Ground_Mountain_1_3:(0.034, 0.999, -0.043);Ground_Mountain_1_3:(0.034, 0.999, -0.043);Ground_Mountain_2_3:(0.023, 1.000, -0.012);Ground_Mountain_2_3:(0.023, 1.000, -0.012);Ground_Mountain_2_3:(0.023, 1.000, -0.012);Ground_Mountain_2_3:(0.023, 1.000, -0.012);Ground_Mountain_2_3:(0.023, 1.000, -0.012);Ground_Mountain_2_3:(0.023, 1.000, -0.012);"
2.720,560.568,1000.637,162.144,114.155,15.777,11.200,-0.770,-11.085,0.048,0.000,0.008,4,9.578,0.546,0.999,"Ground_Mountain_1_3:(0.034, 0.999, -0.043);Ground_Mountain_1_3:(0.034, 0.999, -0.043);Ground_Mountain_1_3:(0.034, 0.999, -0.043);Ground_Mountain_1_3:(0.034, 0.999, -0.043);Ground_Mountain_2_3:(0.023, 1.000, -0.002);Ground_Mountain_2_3:(0.023, 1.000, -0.002);Ground_Mountain_2_3:(0.023, 1.000, -0.002);Ground_Mountain_2_3:(0.023, 1.000, -0.002);Ground_Mountain_2_3:(0.023, 1.000, -0.002);Ground_Mountain_2_3:(0.023, 1.000, -0.002);"
2.740,560.252,1000.861,162.129,113.933,15.810,11.215,-0.765,-11.117,0.112,0.000,0.008,4,10.100,0.441,0.999,"Ground_Mountain_1_3:(0.031, 0.999, -0.039);Ground_Mountain_1_3:(0.031, 0.999, -0.039);Ground_Mountain_1_3:(0.031, 0.999, -0.039);Ground_Mountain_2_3:(0.023, 1.000, -0.012);Ground_Mountain_2_3:(0.023, 1.000, -0.012);Ground_Mountain_2_3:(0.023, 1.000, -0.012);Ground_Mountain_2_3:(0.023, 1.000, -0.012);Ground_Mountain_2_3:(0.023, 1.000, -0.012);Ground_Mountain_2_3:(0.023, 1.000, -0.012);"
2.760,559.936,1001.086,162.114,113.711,15.839,11.228,-0.750,-11.146,0.095,0.000,0.008,4,10.595,0.313,0.999,"Ground_Mountain_1_3:(0.031, 0.999, -0.038);Ground_Mountain_1_3:(0.031, 0.999, -0.038);Ground_Mountain_1_3:(0.031, 0.999, -0.038);Ground_Mountain_2_3:(0.023, 1.000, -0.012);Ground_Mountain_2_3:(0.023, 1.000, -0.012);Ground_Mountain_2_3:(0.023, 1.000, -0.012);Ground_Mountain_2_3:(0.023, 1.000, -0.012);Ground_Mountain_2_3:(0.023, 1.000, -0.012);Ground_Mountain_2_3:(0.023, 1.000, -0.012);"
2.780,559.620,1001.305,162.106,113.488,15.791,11.157,-0.427,-11.166,0.081,0.000,0.008,4,11.065,0.177,0.999,"Ground_Mountain_2_3:(-0.262, 0.965, 0.018);Ground_Mountain_2_3:(-0.262, 0.965, 0.018);Ground_Mountain_2_3:(-0.262, 0.965, 0.018);Ground_Mountain_2_3:(0.027, 1.000, -0.009);Ground_Mountain_2_3:(0.027, 1.000, -0.009);Ground_Mountain_2_3:(0.027, 1.000, -0.009);Ground_Mountain_2_3:(0.027, 1.000, -0.009);Ground_Mountain_2_3:(0.027, 1.000, -0.009);Ground_Mountain_2_3:(0.027, 1.000, -0.009);"
2.800,559.283,1001.510,162.110,113.266,15.608,10.896,0.227,-11.177,0.105,0.000,0.004,4,10.179,4.768,0.999,"Ground_Mountain_2_3:(-0.262, 0.965, 0.018);Ground_Mountain_2_3:(-0.262, 0.965, 0.018);Ground_Mountain_2_3:(-0.262, 0.965, 0.018);Ground_Mountain_2_3:(0.023, 1.000, -0.012);Ground_Mountain_2_3:(0.023, 1.000, -0.012);Ground_Mountain_2_3:(0.023, 1.000, -0.012);Ground_Mountain_2_3:(0.023, 1.000, -0.012);Ground_Mountain_2_3:(0.023, 1.000, -0.012);Ground_Mountain_2_3:(0.023, 1.000, -0.012);"
2.820,558.981,1001.714,162.119,113.043,15.588,10.828,0.470,-11.203,0.196,0.000,-0.010,4,10.137,12.675,0.997,"Ground_Mountain_2_3:(-0.262, 0.965, 0.018);Ground_Mountain_2_3:(-0.262, 0.965, 0.018);Ground_Mountain_2_3:(-0.262, 0.965, 0.018);Ground_Mountain_2_3:(-0.262, 0.965, 0.018);Ground_Mountain_2_3:(0.023, 1.000, -0.002);Ground_Mountain_2_3:(0.023, 1.000, -0.002);Ground_Mountain_2_3:(0.023, 1.000, -0.002);Ground_Mountain_2_3:(0.023, 1.000, -0.002);Ground_Mountain_2_3:(0.023, 1.000, -0.002);Ground_Mountain_2_3:(0.023, 1.000, -0.002);"
2.840,558.680,1001.915,162.141,112.832,15.370,10.666,1.183,-11.006,0.206,0.000,-0.024,4,13.612,13.339,0.993,"Ground_Mountain_2_3:(-0.262, 0.965, 0.018);Ground_Mountain_2_3:(-0.262, 0.965, 0.018);Ground_Mountain_2_3:(-0.262, 0.965, 0.018);Ground_Mountain_2_3:(-0.262, 0.965, 0.018);Ground_Mountain_2_3:(-0.246, 0.905, 0.346);Ground_Mountain_2_3:(-0.246, 0.905, 0.346);Ground_Mountain_2_3:(-0.246, 0.905, 0.346);Ground_Mountain_2_3:(0.023, 1.000, -0.002);Ground_Mountain_2_3:(0.023, 1.000, -0.002);Ground_Mountain_2_3:(0.023, 1.000, -0.002);Ground_Mountain_2_3:(0.023, 1.000, -0.002);Ground_Mountain_2_3:(0.023, 1.000, -0.002);Ground_Mountain_2_3:(0.023, 1.000, -0.002);"
2.860,558.388,1002.115,162.181,112.636,15.069,10.448,2.069,-10.668,0.315,0.000,-0.028,4,15.917,15.744,0.986,"Ground_Mountain_2_3:(-0.246, 0.905, 0.346);Ground_Mountain_2_3:(-0.246, 0.905, 0.346);Ground_Mountain_2_3:(-0.246, 0.905, 0.346);Ground_Mountain_2_3:(-0.262, 0.965, 0.018);Ground_Mountain_2_3:(-0.262, 0.965, 0.018);Ground_Mountain_2_3:(-0.262, 0.965, 0.018);Ground_Mountain_2_3:(-0.262, 0.965, 0.018);Ground_Mountain_2_3:(-0.262, 0.965, 0.018);Ground_Mountain_2_3:(0.023, 1.000, 0.018);Ground_Mountain_2_3:(0.023, 1.000, 0.018);Ground_Mountain_2_3:(0.023, 1.000, 0.018);Ground_Mountain_2_3:(0.023, 1.000, 0.018);Ground_Mountain_2_3:(-0.350, 0.905, 0.243);Ground_Mountain_2_3:(-0.350, 0.905, 0.243);"
2.880,558.106,1002.316,162.230,112.442,15.036,10.343,2.615,-10.618,0.465,0.000,-0.022,4,19.534,21.216,0.976,"Ground_Mountain_2_3:(-0.246, 0.905, 0.346);Ground_Mountain_2_3:(-0.246, 0.905, 0.346);Ground_Mountain_2_3:(-0.246, 0.905, 0.346);Ground_Mountain_2_3:(0.023, 1.000, 0.018);Ground_Mountain_2_3:(0.023, 1.000, 0.018);Ground_Mountain_2_3:(0.023, 1.000, 0.018);Ground_Mountain_2_3:(0.023, 1.000, 0.018);Ground_Mountain_2_3:(-0.262, 0.965, 0.018);Ground_Mountain_2_3:(-0.262, 0.965, 0.018);Ground_Mountain_2_3:(-0.262, 0.965, 0.018);Ground_Mountain_2_3:(-0.262, 0.965, 0.018);Ground_Mountain_2_3:(-0.262, 0.965, 0.018);Ground_Mountain_2_3:(-0.350, 0.905, 0.243);Ground_Mountain_2_3:(-0.350, 0.905, 0.243);"
2.900,557.824,1002.516,162.288,112.248,15.013,10.219,2.957,-10.658,0.482,0.000,-0.015,4,19.684,19.852,0.962,"Ground_Mountain_2_3:(-0.246, 0.905, 0.346);Ground_Mountain_2_3:(-0.246, 0.905, 0.346);Ground_Mountain_2_3:(-0.246, 0.905, 0.346);Ground_Mountain_2_3:(-0.246, 0.905, 0.346);Ground_Mountain_2_3:(0.023, 1.000, 0.018);Ground_Mountain_2_3:(0.023, 1.000, 0.018);Ground_Mountain_2_3:(0.023, 1.000, 0.018);Ground_Mountain_2_3:(0.023, 1.000, 0.018);Ground_Mountain_2_3:(-0.262, 0.965, 0.018);Ground_Mountain_2_3:(-0.262, 0.965, 0.018);Ground_Mountain_2_3:(-0.262, 0.965, 0.018);Ground_Mountain_2_3:(-0.262, 0.965, 0.018);Ground_Mountain_2_3:(-0.350, 0.905, 0.243);Ground_Mountain_2_3:(-0.350, 0.905, 0.243);"
2.920,557.409,1002.711,162.382,112.059,14.851,9.739,4.613,-10.221,0.494,0.000,-0.012,4,23.681,18.883,0.953,"Ground_Mountain_2_3:(-0.246, 0.905, 0.346);Ground_Mountain_2_3:(-0.246, 0.905, 0.346);Ground_Mountain_2_3:(-0.246, 0.905, 0.346);Ground_Mountain_2_3:(-0.246, 0.905, 0.346);Ground_Mountain_2_3:(-0.262, 0.965, 0.018);Ground_Mountain_2_3:(-0.262, 0.965, 0.018);Ground_Mountain_2_3:(-0.262, 0.965, 0.018);Ground_Mountain_2_3:(-0.262, 0.965, 0.018);Ground_Mountain_2_3:(-0.262, 0.965, 0.018);Ground_Mountain_2_3:(0.023, 1.000, 0.018);Ground_Mountain_2_3:(0.023, 1.000, 0.018);Ground_Mountain_2_3:(0.023, 1.000, 0.018);Ground_Mountain_2_3:(-0.350, 0.905, 0.243);Ground_Mountain_2_3:(-0.350, 0.905, 0.243);"
2.940,557.122,1002.906,162.474,111.860,14.943,9.764,4.701,-10.291,0.574,0.000,-0.013,4,12.596,10.520,0.947,"Ground_Mountain_2_3:(-0.262, 0.965, 0.018);Ground_Mountain_2_3:(-0.262, 0.965, 0.018);Ground_Mountain_2_3:(-0.262, 0.965, 0.018);Ground_Mountain_2_3:(-0.262, 0.965, 0.018);Ground_Mountain_2_3:(-0.262, 0.965, 0.018);Ground_Mountain_2_3:(-0.246, 0.905, 0.346);Ground_Mountain_2_3:(-0.246, 0.905, 0.346);Ground_Mountain_2_3:(-0.246, 0.905, 0.346);Ground_Mountain_2_3:(-0.246, 0.905, 0.346);Ground_Mountain_2_3:(0.023, 1.000, 0.018);Ground_Mountain_2_3:(0.023, 1.000, 0.018);Ground_Mountain_2_3:(0.023, 1.000, 0.018);"
2.960,556.829,1003.100,162.571,111.660,14.971,9.743,4.936,-10.241,0.528,0.000,-0.015,4,13.992,9.328,0.940,"Ground_Mountain_2_3:(-0.262, 0.965, 0.018);Ground_Mountain_2_3:(-0.262, 0.965, 0.018);Ground_Mountain_2_3:(-0.262, 0.965, 0.018);Ground_Mountain_2_3:(-0.262, 0.965, 0.018);Ground_Mountain_2_3:(-0.246, 0.905, 0.346);Ground_Mountain_2_3:(-0.246, 0.905, 0.346);Ground_Mountain_2_3:(-0.246, 0.905, 0.346);Ground_Mountain_2_3:(-0.246, 0.905, 0.346);Ground_Mountain_2_3:(0.023, 1.000, 0.018);Ground_Mountain_2_3:(0.023, 1.000, 0.018);Ground_Mountain_2_3:(0.023, 1.000, 0.018);"
2.980,556.536,1003.272,162.681,111.467,14.794,9.348,5.547,-10.036,0.514,0.000,-0.016,4,14.166,6.668,0.924,"Ground_Mountain_2_3:(-0.400, 0.856, 0.328);Ground_Mountain_2_3:(-0.400, 0.856, 0.328);Ground_Mountain_2_3:(-0.400, 0.856, 0.328);Ground_Mountain_2_3:(-0.246, 0.905, 0.346);Ground_Mountain_2_3:(-0.246, 0.905, 0.346);Ground_Mountain_2_3:(-0.246, 0.905, 0.346);Ground_Mountain_2_3:(-0.246, 0.905, 0.346);Ground_Mountain_2_3:(-0.246, 0.905, 0.346);Ground_Mountain_2_3:(-0.262, 0.965, 0.018);Ground_Mountain_2_3:(-0.262, 0.965, 0.018);Ground_Mountain_2_3:(-0.262, 0.965, 0.018);Ground_Mountain_2_3:(-0.262, 0.965, 0.018);"
3.000,556.255,1003.449,162.792,111.271,14.850,9.326,5.744,-10.038,0.603,0.000,-0.021,4,13.734,10.827,0.910,"Ground_Mountain_2_3:(-0.400, 0.856, 0.328);Ground_Mountain_2_3:(-0.400, 0.856, 0.328);Ground_Mountain_2_3:(-0.400, 0.856, 0.328);Ground_Mountain_2_3:(-0.262, 0.965, 0.018);Ground_Mountain_2_3:(-0.262, 0.965, 0.018);Ground_Mountain_2_3:(-0.262, 0.965, 0.018);Ground_Mountain_2_3:(-0.246, 0.905, 0.346);Ground_Mountain_2_3:(-0.246, 0.905, 0.346);Ground_Mountain_2_3:(-0.246, 0.905, 0.346);Ground_Mountain_2_3:(-0.246, 0.905, 0.346);Ground_Mountain_2_3:(-0.246, 0.905, 0.346);"
3.020,555.968,1003.627,162.909,111.074,14.893,9.273,5.994,-10.014,0.575,0.000,-0.024,4,17.743,10.331,0.898,"Ground_Mountain_2_3:(-0.400, 0.856, 0.328);Ground_Mountain_2_3:(-0.400, 0.856, 0.328);Ground_Mountain_2_3:(-0.400, 0.856, 0.328);Ground_Mountain_2_3:(-0.400, 0.856, 0.328);Ground_Mountain_2_3:(-0.262, 0.965, 0.018);Ground_Mountain_2_3:(-0.262, 0.965, 0.018);Ground_Mountain_2_3:(-0.262, 0.965, 0.018);Ground_Mountain_2_3:(-0.246, 0.905, 0.346);Ground_Mountain_2_3:(-0.246, 0.905, 0.346);Ground_Mountain_2_3:(-0.246, 0.905, 0.346);Ground_Mountain_2_3:(-0.246, 0.905, 0.346);Ground_Mountain_2_3:(-0.246, 0.905, 0.346);"
3.040,555.679,1003.804,163.031,110.876,14.930,9.206,6.267,-9.971,0.554,0.000,-0.026,4,20.618,8.992,0.887,"Ground_Mountain_2_3:(-0.400, 0.856, 0.328);Ground_Mountain_2_3:(-0.400, 0.856, 0.328);Ground_Mountain_2_3:(-0.400, 0.856, 0.328);Ground_Mountain_2_3:(-0.400, 0.856, 0.328);Ground_Mountain_2_3:(-0.400, 0.856, 0.328);Ground_Mountain_2_3:(-0.246, 0.905, 0.346);Ground_Mountain_2_3:(-0.246, 0.905, 0.346);Ground_Mountain_2_3:(-0.246, 0.905, 0.346);Ground_Mountain_2_3:(-0.246, 0.905, 0.346);Ground_Mountain_2_3:(-0.384, 0.821, 0.422);Ground_Mountain_2_3:(-0.384, 0.821, 0.422);Ground_Mountain_2_3:(-0.384, 0.821, 0.422);"
3.060,555.342,1003.981,163.163,110.683,14.930,9.043,6.721,-9.808,0.535,0.000,-0.027,4,22.410,8.094,0.878,"Ground_Mountain_2_3:(-0.400, 0.856, 0.328);Ground_Mountain_2_3:(-0.400, 0.856, 0.328);Ground_Mountain_2_3:(-0.400, 0.856, 0.328);Ground_Mountain_2_3:(-0.400, 0.856, 0.328);Ground_Mountain_2_3:(-0.400, 0.856, 0.328);Ground_Mountain_2_3:(-0.246, 0.905, 0.346);Ground_Mountain_2_3:(-0.246, 0.905, 0.346);Ground_Mountain_2_3:(-0.246, 0.905, 0.346);Ground_Mountain_2_3:(-0.246, 0.905, 0.346);Ground_Mountain_2_3:(-0.384, 0.821, 0.422);Ground_Mountain_2_3:(-0.384, 0.821, 0.422);Ground_Mountain_2_3:(-0.384, 0.821, 0.422);"
3.080,555.050,1004.151,163.318,110.503,14.791,8.649,7.522,-9.354,0.535,0.000,-0.027,4,21.089,5.513,0.872,"Ground_Mountain_2_3:(-0.400, 0.856, 0.328);Ground_Mountain_2_3:(-0.400, 0.856, 0.328);Ground_Mountain_2_3:(-0.400, 0.856, 0.328);Ground_Mountain_2_3:(-0.400, 0.856, 0.328);Ground_Mountain_2_3:(-0.400, 0.856, 0.328);Ground_Mountain_2_3:(-0.246, 0.905, 0.346);Ground_Mountain_2_3:(-0.246, 0.905, 0.346);Ground_Mountain_2_3:(-0.246, 0.905, 0.346);Ground_Mountain_2_3:(-0.246, 0.905, 0.346);Ground_Mountain_2_3:(-0.384, 0.821, 0.422);Ground_Mountain_2_3:(-0.384, 0.821, 0.422);Ground_Mountain_2_3:(-0.384, 0.821, 0.422);Ground_Mountain_2_3:(-0.350, 0.905, 0.243);Ground_Mountain_2_3:(-0.350, 0.905, 0.243);"
3.100,554.758,1004.320,163.468,110.318,14.859,8.636,7.645,-9.370,0.605,0.000,-0.031,4,13.720,7.498,0.862,"Ground_Mountain_2_3:(-0.384, 0.821, 0.422);Ground_Mountain_2_3:(-0.384, 0.821, 0.422);Ground_Mountain_2_3:(-0.384, 0.821, 0.422);Ground_Mountain_2_3:(-0.384, 0.821, 0.422);Ground_Mountain_2_3:(-0.400, 0.856, 0.328);Ground_Mountain_2_3:(-0.400, 0.856, 0.328);Ground_Mountain_2_3:(-0.400, 0.856, 0.328);Ground_Mountain_2_3:(-0.400, 0.856, 0.328);Ground_Mountain_2_3:(-0.246, 0.905, 0.346);Ground_Mountain_2_3:(-0.246, 0.905, 0.346);Ground_Mountain_2_3:(-0.246, 0.905, 0.346);Ground_Mountain_2_3:(-0.246, 0.905, 0.346);"
3.120,554.466,1004.489,163.621,110.132,14.912,8.607,7.787,-9.363,0.570,0.000,-0.031,4,15.104,5.641,0.855,"Ground_Mountain_2_3:(-0.384, 0.821, 0.422);Ground_Mountain_2_3:(-0.384, 0.821, 0.422);Ground_Mountain_2_3:(-0.384, 0.821, 0.422);Ground_Mountain_2_3:(-0.384, 0.821, 0.422);Ground_Mountain_2_3:(-0.246, 0.905, 0.346);Ground_Mountain_2_3:(-0.246, 0.905, 0.346);Ground_Mountain_2_3:(-0.246, 0.905, 0.346);Ground_Mountain_2_3:(-0.400, 0.856, 0.328);Ground_Mountain_2_3:(-0.400, 0.856, 0.328);Ground_Mountain_2_3:(-0.400, 0.856, 0.328);Ground_Mountain_2_3:(-0.400, 0.856, 0.328);Ground_Mountain_2_3:(-0.400, 0.856, 0.328);"
3.140,554.173,1004.657,163.778,109.947,14.953,8.566,7.940,-9.337,0.544,0.000,-0.030,4,15.957,4.158,0.848,"Ground_Mountain_2_3:(-0.384, 0.821, 0.422);Ground_Mountain_2_3:(-0.384, 0.821, 0.422);Ground_Mountain_2_3:(-0.384, 0.821, 0.422);Ground_Mountain_2_3:(-0.384, 0.821, 0.422);Ground_Mountain_2_3:(-0.400, 0.856, 0.328);Ground_Mountain_2_3:(-0.400, 0.856, 0.328);Ground_Mountain_2_3:(-0.400, 0.856, 0.328);Ground_Mountain_2_3:(-0.400, 0.856, 0.328);Ground_Mountain_2_3:(-0.400, 0.856, 0.328);Ground_Mountain_2_3:(-0.246, 0.905, 0.346);Ground_Mountain_2_3:(-0.246, 0.905, 0.346);Ground_Mountain_2_3:(-0.246, 0.905, 0.346);"
3.160,553.877,1004.825,163.939,109.762,14.987,8.520,8.097,-9.298,0.523,0.000,-0.029,4,16.484,3.547,0.842,"Ground_Mountain_2_3:(-0.384, 0.821, 0.422);Ground_Mountain_2_3:(-0.384, 0.821, 0.422);Ground_Mountain_2_3:(-0.384, 0.821, 0.422);Ground_Mountain_2_3:(-0.384, 0.821, 0.422);Ground_Mountain_2_3:(-0.400, 0.856, 0.328);Ground_Mountain_2_3:(-0.400, 0.856, 0.328);Ground_Mountain_2_3:(-0.400, 0.856, 0.328);Ground_Mountain_2_3:(-0.400, 0.856, 0.328);Ground_Mountain_2_3:(-0.400, 0.856, 0.328);Ground_Mountain_2_3:(-0.246, 0.905, 0.346);Ground_Mountain_2_3:(-0.246, 0.905, 0.346);Ground_Mountain_2_3:(-0.246, 0.905, 0.346);"
3.180,553.581,1004.992,164.102,109.578,15.014,8.472,8.251,-9.250,0.507,0.000,-0.028,4,16.446,2.857,0.838,"Ground_Mountain_2_3:(-0.384, 0.821, 0.422);Ground_Mountain_2_3:(-0.384, 0.821, 0.422);Ground_Mountain_2_3:(-0.384, 0.821, 0.422);Ground_Mountain_2_3:(-0.384, 0.821, 0.422);Ground_Mountain_2_3:(-0.400, 0.856, 0.328);Ground_Mountain_2_3:(-0.400, 0.856, 0.328);Ground_Mountain_2_3:(-0.400, 0.856, 0.328);Ground_Mountain_2_3:(-0.400, 0.856, 0.328);"
3.200,553.283,1005.159,164.269,109.395,15.035,8.425,8.399,-9.196,0.493,0.000,-0.026,4,16.306,2.519,0.834,"Ground_Mountain_2_3:(-0.370, 0.826, 0.424);Ground_Mountain_2_3:(-0.370, 0.826, 0.424);Ground_Mountain_2_3:(-0.370, 0.826, 0.424);Ground_Mountain_2_3:(-0.370, 0.826, 0.424);Ground_Mountain_2_3:(-0.370, 0.826, 0.424);Ground_Mountain_2_3:(-0.370, 0.826, 0.424);Ground_Mountain_2_3:(-0.400, 0.856, 0.328);Ground_Mountain_2_3:(-0.400, 0.856, 0.328);Ground_Mountain_2_3:(-0.400, 0.856, 0.328);"
3.220,552.996,1005.325,164.439,109.212,15.053,8.378,8.542,-9.137,0.482,0.000,-0.025,4,16.093,2.138,0.830,"Ground_Mountain_2_3:(-0.370, 0.826, 0.424);Ground_Mountain_2_3:(-0.370, 0.826, 0.424);Ground_Mountain_2_3:(-0.370, 0.826, 0.424);Ground_Mountain_2_3:(-0.370, 0.826, 0.424);Ground_Mountain_2_3:(-0.370, 0.826, 0.424);Ground_Mountain_2_3:(-0.370, 0.826, 0.424);Ground_Mountain_2_3:(-0.400, 0.856, 0.328);Ground_Mountain_2_3:(-0.400, 0.856, 0.328);Ground_Mountain_2_3:(-0.400, 0.856, 0.328);"
3.240,552.697,1005.490,164.612,109.031,15.068,8.335,8.674,-9.077,0.473,0.000,-0.023,4,15.568,2.103,0.828,"Ground_Mountain_2_3:(-0.370, 0.826, 0.424);Ground_Mountain_2_3:(-0.370, 0.826, 0.424);Ground_Mountain_2_3:(-0.370, 0.826, 0.424);Ground_Mountain_2_3:(-0.370, 0.826, 0.424);Ground_Mountain_2_3:(-0.370, 0.826, 0.424);Ground_Mountain_2_3:(-0.370, 0.826, 0.424);"
3.260,552.397,1005.655,164.787,108.851,15.079,8.300,8.789,-9.021,0.466,0.000,-0.021,4,14.723,1.848,0.825,"Ground_Mountain_2_3:(-0.371, 0.827, 0.421);Ground_Mountain_2_3:(-0.371, 0.827, 0.421);Ground_Mountain_2_3:(-0.371, 0.827, 0.421);Ground_Mountain_2_3:(-0.371, 0.827, 0.421);Ground_Mountain_2_3:(-0.371, 0.827, 0.421);Ground_Mountain_2_3:(-0.371, 0.827, 0.421);"
3.280,552.097,1005.820,164.964,108.672,15.088,8.274,8.883,-8.970,0.460,0.000,-0.019,4,13.600,1.808,0.824,"Ground_Mountain_2_3:(-0.372, 0.827, 0.422);Ground_Mountain_2_3:(-0.372, 0.827, 0.422);Ground_Mountain_2_3:(-0.372, 0.827, 0.422);Ground_Mountain_2_3:(-0.372, 0.827, 0.422);Ground_Mountain_2_3:(-0.372, 0.827, 0.422);Ground_Mountain_2_3:(-0.372, 0.827, 0.422);"
3.300,551.796,1005.985,165.143,108.494,15.095,8.260,8.949,-8.931,0.456,0.000,-0.017,4,12.109,1.672,0.823,"Ground_Mountain_2_3:(-0.372, 0.827, 0.422);Ground_Mountain_2_3:(-0.372, 0.827, 0.422);Ground_Mountain_2_3:(-0.372, 0.827, 0.422);Ground_Mountain_2_3:(-0.372, 0.827, 0.422);Ground_Mountain_2_3:(-0.372, 0.827, 0.422);Ground_Mountain_2_3:(-0.372, 0.827, 0.422);"
3.320,551.495,1006.150,165.322,108.315,15.100,8.260,8.980,-8.909,0.452,0.000,-0.016,4,10.188,1.751,0.822,"Ground_Mountain_2_3:(-0.382, 0.824, 0.418);Ground_Mountain_2_3:(-0.382, 0.824, 0.418);Ground_Mountain_2_3:(-0.382, 0.824, 0.418);Ground_Mountain_2_3:(-0.382, 0.824, 0.418);Ground_Mountain_2_3:(-0.382, 0.824, 0.418);Ground_Mountain_2_3:(-0.382, 0.824, 0.418);"
3.340,551.193,1006.315,165.502,108.137,15.103,8.278,8.976,-8.903,0.450,0.000,-0.014,4,8.049,1.303,0.823,"Ground_Mountain_2_3:(-0.382, 0.824, 0.418);Ground_Mountain_2_3:(-0.382, 0.824, 0.418);Ground_Mountain_2_3:(-0.382, 0.824, 0.418);Ground_Mountain_2_3:(-0.382, 0.824, 0.418);Ground_Mountain_2_3:(-0.382, 0.824, 0.418);Ground_Mountain_2_3:(-0.382, 0.824, 0.418);Ground_Mountain_2_3:(-0.271, 0.887, 0.374);Ground_Mountain_2_3:(-0.271, 0.887, 0.374);Ground_Mountain_2_3:(-0.271, 0.887, 0.374);"
3.360,550.893,1006.482,165.681,107.958,15.106,8.314,8.937,-8.913,0.448,0.000,-0.012,4,5.965,0.938,0.825,"Ground_Mountain_2_3:(-0.271, 0.887, 0.374);Ground_Mountain_2_3:(-0.271, 0.887, 0.374);Ground_Mountain_2_3:(-0.271, 0.887, 0.374);Ground_Mountain_2_3:(-0.271, 0.887, 0.374);Ground_Mountain_2_3:(-0.375, 0.827, 0.419);Ground_Mountain_2_3:(-0.375, 0.827, 0.419);Ground_Mountain_2_3:(-0.375, 0.827, 0.419);Ground_Mountain_2_3:(-0.375, 0.827, 0.419);Ground_Mountain_2_3:(-0.375, 0.827, 0.419);Ground_Mountain_2_3:(-0.375, 0.827, 0.419);"
3.380,550.672,1006.650,165.859,107.778,15.108,8.365,8.868,-8.937,0.447,0.000,-0.010,4,4.217,0.589,0.827,"Ground_Mountain_2_3:(-0.271, 0.887, 0.374);Ground_Mountain_2_3:(-0.271, 0.887, 0.374);Ground_Mountain_2_3:(-0.271, 0.887, 0.374);Ground_Mountain_2_3:(-0.271, 0.887, 0.374);Ground_Mountain_2_3:(-0.363, 0.829, 0.426);Ground_Mountain_2_3:(-0.363, 0.829, 0.426);Ground_Mountain_2_3:(-0.363, 0.829, 0.426);Ground_Mountain_2_3:(-0.363, 0.829, 0.426);Ground_Mountain_2_3:(-0.363, 0.829, 0.426);Ground_Mountain_2_3:(-0.363, 0.829, 0.426);Ground_Mountain_2_3:(-0.364, 0.888, 0.283);Ground_Mountain_2_3:(-0.364, 0.888, 0.283);Ground_Mountain_2_3:(-0.364, 0.888, 0.283);Ground_Mountain_2_3:(-0.364, 0.888, 0.283);Ground_Mountain_2_3:(-0.364, 0.888, 0.283);"
3.400,550.372,1006.819,166.036,107.598,15.110,8.421,8.783,-8.970,0.446,0.000,-0.008,3,3.339,0.313,0.830,"Ground_Mountain_2_3:(-0.271, 0.887, 0.374);Ground_Mountain_2_3:(-0.271, 0.887, 0.374);Ground_Mountain_2_3:(-0.356, 0.831, 0.427);Ground_Mountain_2_3:(-0.356, 0.831, 0.427);Ground_Mountain_2_3:(-0.356, 0.831, 0.427);Ground_Mountain_2_3:(-0.356, 0.831, 0.427);Ground_Mountain_2_3:(-0.356, 0.831, 0.427);Ground_Mountain_2_3:(-0.356, 0.831, 0.427);Ground_Mountain_2_3:(-0.364, 0.888, 0.283);Ground_Mountain_2_3:(-0.364, 0.888, 0.283);Ground_Mountain_2_3:(-0.364, 0.888, 0.283);Ground_Mountain_2_3:(-0.364, 0.888, 0.283);"
3.420,550.071,1006.989,166.211,107.416,15.113,8.488,8.680,-9.010,0.445,0.000,-0.006,2,2.151,0.577,0.834,"Ground_Mountain_2_3:(-0.393, 0.830, 0.394);Ground_Mountain_2_3:(-0.393, 0.830, 0.394);Ground_Mountain_2_3:(-0.393, 0.830, 0.394);Ground_Mountain_2_3:(-0.393, 0.830, 0.394);Ground_Mountain_2_3:(-0.271, 0.887, 0.374);Ground_Mountain_2_3:(-0.271, 0.887, 0.374);"
3.440,549.770,1007.162,166.383,107.234,15.116,8.563,8.548,-9.068,0.444,0.000,-0.004,2,0.721,0.874,0.837,"Ground_Mountain_2_3:(-0.390, 0.834, 0.390);Ground_Mountain_2_3:(-0.390, 0.834, 0.390);Ground_Mountain_2_3:(-0.390, 0.834, 0.390);Ground_Mountain_2_3:(-0.390, 0.834, 0.390);Ground_Mountain_2_3:(-0.271, 0.887, 0.374);Ground_Mountain_2_3:(-0.271, 0.887, 0.374);"
3.460,549.468,1007.335,166.552,107.050,15.121,8.644,8.404,-9.130,0.442,0.000,-0.001,2,0.000,0.721,0.841,"Ground_Mountain_2_3:(-0.364, 0.888, 0.283);Ground_Mountain_2_3:(-0.364, 0.888, 0.283);Ground_Mountain_2_3:(-0.271, 0.887, 0.374);Ground_Mountain_2_3:(-0.271, 0.887, 0.374);"
3.480,549.165,1007.510,166.718,106.864,15.126,8.725,8.260,-9.192,0.440,0.000,0.001,2,0.000,0.621,0.844,"Ground_Mountain_2_3:(-0.364, 0.888, 0.283);Ground_Mountain_2_3:(-0.364, 0.888, 0.283);Ground_Mountain_2_3:(-0.271, 0.887, 0.374);Ground_Mountain_2_3:(-0.271, 0.887, 0.374);"
3.500,548.863,1007.686,166.880,106.679,15.015,8.721,8.061,-9.189,0.437,0.000,0.004,0,0.000,0.828,0.848,"Ground_Mountain_2_3:(-0.364, 0.888, 0.283);Ground_Mountain_2_3:(-0.364, 0.888, 0.283);Ground_Mountain_2_3:(-0.271, 0.887, 0.374);Ground_Mountain_2_3:(-0.271, 0.887, 0.374);"
3.520,548.650,1007.861,167.038,106.494,14.905,8.718,7.861,-9.185,0.493,0.000,0.007,0,0.000,0.808,0.852,"Ground_Mountain_2_3:(-0.364, 0.888, 0.283);Ground_Mountain_2_3:(-0.271, 0.887, 0.374);"
3.540,548.582,1008.036,167.193,106.309,14.796,8.714,7.662,-9.181,0.548,0.000,0.009,0,0.000,0.788,0.855,""
3.560,548.309,1008.211,167.343,106.124,14.690,8.711,7.463,-9.177,0.602,0.000,0.012,0,0.000,0.768,0.859,""
3.580,548.036,1008.386,167.489,105.939,14.585,8.707,7.264,-9.174,0.655,0.000,0.016,0,0.000,0.747,0.863,""
3.600,547.763,1008.562,167.632,105.753,14.482,8.704,7.065,-9.170,0.708,0.000,0.019,0,0.000,0.727,0.867,""
3.620,547.491,1008.737,167.770,105.568,14.380,8.700,6.866,-9.166,0.759,0.000,0.022,0,0.000,0.706,0.871,""
3.640,547.220,1008.912,167.905,105.383,14.281,8.697,6.667,-9.163,0.810,0.000,0.025,0,0.000,0.685,0.875,""
3.660,546.949,1009.087,168.035,105.198,14.184,8.693,6.468,-9.159,0.859,0.000,0.029,0,0.000,0.664,0.880,""
3.680,546.679,1009.262,168.162,105.013,14.089,8.690,6.269,-9.155,0.908,0.000,0.032,0,0.000,0.643,0.884,""
3.700,546.618,1009.437,168.284,104.828,13.995,8.686,6.071,-9.152,0.956,0.000,0.036,0,0.000,0.621,0.888,""
3.720,546.618,1009.612,168.403,104.644,13.904,8.683,5.872,-9.148,1.000,0.000,0.039,0,0.000,0.600,0.892,""
3.740,546.613,1009.787,168.518,104.459,13.816,8.679,5.674,-9.145,1.000,0.000,0.043,0,0.000,0.578,0.897,""
3.760,546.390,1009.962,168.628,104.274,13.729,8.676,5.475,-9.141,1.000,0.000,0.047,0,0.000,0.556,0.901,""
3.780,546.167,1010.137,168.735,104.089,13.645,8.673,5.277,-9.137,1.000,0.000,0.051,0,0.000,0.534,0.905,""
3.800,545.942,1010.312,168.838,103.904,13.563,8.669,5.079,-9.134,1.000,0.000,0.054,0,0.000,0.513,0.909,""
3.820,545.717,1010.487,168.937,103.720,13.483,8.666,4.881,-9.130,1.000,0.000,0.058,0,0.000,0.491,0.914,""
3.840,545.490,1010.662,169.032,103.535,13.405,8.662,4.683,-9.126,1.000,0.000,0.062,0,0.000,0.469,0.918,""
3.860,545.263,1010.837,169.122,103.351,13.331,8.659,4.485,-9.123,1.000,0.000,0.065,0,0.000,0.447,0.922,""
3.880,545.035,1011.012,169.209,103.166,13.258,8.655,4.287,-9.119,1.000,0.000,0.069,0,0.000,0.425,0.926,""
3.900,544.807,1011.187,169.292,102.981,13.188,8.652,4.089,-9.115,1.000,0.000,0.072,0,0.000,0.403,0.930,""
3.920,544.577,1011.361,169.371,102.797,13.120,8.648,3.891,-9.112,1.000,0.000,0.075,0,0.000,0.381,0.934,""
3.940,544.533,1011.536,169.446,102.613,13.055,8.645,3.693,-9.108,1.000,0.000,0.079,0,0.000,0.359,0.938,""
3.960,544.481,1011.711,169.517,102.428,12.993,8.641,3.496,-9.104,1.000,0.000,0.083,0,0.000,0.337,0.941,""
3.980,544.262,1011.886,169.584,102.244,12.933,8.638,3.298,-9.101,1.000,0.000,0.086,0,0.000,0.316,0.945,""
4.000,544.041,1012.060,169.647,102.060,12.876,8.634,3.101,-9.097,1.000,0.000,0.089,0,0.000,0.294,0.949,""
4.020,543.819,1012.235,169.706,101.876,12.821,8.631,2.904,-9.093,1.000,0.000,0.092,0,0.000,0.273,0.952,""
4.040,543.596,1012.409,169.761,101.692,12.769,8.628,2.706,-9.090,1.000,0.000,0.094,0,0.000,0.252,0.955,""
4.060,543.372,1012.584,169.812,101.508,12.720,8.624,2.509,-9.086,1.000,0.000,0.097,0,0.000,0.231,0.959,""
4.080,543.146,1012.758,169.859,101.324,12.673,8.621,2.312,-9.083,1.000,0.000,0.099,0,0.000,0.211,0.962,""
4.100,542.919,1012.933,169.902,101.140,12.629,8.617,2.115,-9.079,1.000,0.000,0.101,0,0.000,0.191,0.965,""
4.120,542.692,1013.107,169.942,100.956,12.587,8.614,1.918,-9.075,1.000,0.000,0.102,0,0.000,0.172,0.968,""
4.140,542.463,1013.282,169.977,100.772,12.549,8.610,1.721,-9.072,1.000,0.000,0.104,0,0.000,0.153,0.971,""
4.160,542.215,1013.456,170.008,100.589,12.513,8.607,1.524,-9.068,1.000,0.000,0.104,0,0.000,0.135,0.973,""
4.180,541.983,1013.630,170.035,100.405,12.480,8.603,1.327,-9.064,1.000,0.000,0.105,0,0.000,0.119,0.976,""
4.200,541.750,1013.804,170.059,100.222,12.449,8.600,1.131,-9.061,1.000,0.000,0.107,0,0.000,0.105,0.978,""
4.220,541.515,1013.978,170.078,100.038,12.421,8.597,0.934,-9.057,1.000,0.000,0.107,0,0.000,0.093,0.980,""
4.240,541.280,1014.152,170.093,99.855,12.396,8.593,0.738,-9.054,1.000,0.000,0.108,0,0.000,0.084,0.982,""
4.260,541.043,1014.326,170.105,99.672,12.374,8.590,0.541,-9.050,1.000,0.000,0.109,0,0.000,0.080,0.984,""
4.280,540.805,1014.500,170.112,99.488,12.354,8.586,0.345,-9.046,1.000,0.000,0.109,0,0.000,0.081,0.986,""
4.300,540.566,1014.674,170.115,99.305,12.337,8.583,0.149,-9.043,1.000,0.000,0.110,0,0.000,0.086,0.988,""
4.320,540.326,1014.848,170.115,99.122,12.322,8.579,-0.047,-9.039,1.000,0.000,0.110,0,0.000,0.095,0.990,""
4.340,540.058,1015.022,170.111,98.940,12.311,8.576,-0.244,-9.035,1.000,0.000,0.109,0,0.000,0.106,0.991,""
4.360,539.815,1015.195,170.102,98.757,12.301,8.573,-0.440,-9.032,1.000,0.000,0.109,0,0.000,0.119,0.992,""
4.380,539.571,1015.369,170.090,98.574,12.295,8.569,-0.635,-9.028,1.000,0.000,0.109,0,0.000,0.133,0.994,""
4.400,539.327,1015.542,170.073,98.392,12.291,8.566,-0.831,-9.025,1.000,0.000,0.109,0,0.000,0.148,0.995,""
4.420,539.081,1015.716,170.053,98.209,12.289,8.562,-1.027,-9.021,1.000,0.000,0.109,0,0.000,0.163,0.996,""
4.440,538.834,1015.889,170.029,98.027,12.291,8.559,-1.223,-9.017,1.000,0.000,0.108,0,0.000,0.178,0.997,""
4.460,538.586,1016.062,170.001,97.844,12.294,8.555,-1.418,-9.014,1.000,0.000,0.108,0,0.000,0.193,0.997,""
4.480,538.337,1016.235,169.969,97.662,12.300,8.552,-1.614,-9.010,1.000,0.000,0.108,0,0.000,0.208,0.998,""
4.500,538.087,1016.408,169.933,97.480,12.309,8.549,-1.810,-9.007,1.000,0.000,0.107,0,0.000,0.223,0.998,""
4.520,537.790,1016.581,169.893,97.298,12.320,8.545,-2.005,-9.003,1.000,0.000,0.106,0,0.000,0.238,0.999,""
4.540,537.538,1016.754,169.849,97.116,12.333,8.542,-2.200,-8.999,1.000,0.000,0.106,0,0.000,0.252,0.999,""
4.560,537.285,1016.927,169.801,96.934,12.348,8.538,-2.395,-8.996,1.000,0.000,0.105,0,0.000,0.266,0.999,""
4.580,537.030,1017.100,169.749,96.753,12.366,8.535,-2.591,-8.992,1.000,0.000,0.105,0,0.000,0.280,0.999,""
4.600,536.775,1017.272,169.693,96.571,12.386,8.531,-2.786,-8.989,1.000,0.000,0.105,0,0.000,0.293,0.999,""
4.620,536.519,1017.445,169.634,96.390,12.408,8.528,-2.981,-8.985,1.000,0.000,0.104,0,0.000,0.306,0.999,""
4.640,536.262,1017.617,169.570,96.208,12.432,8.525,-3.176,-8.981,1.000,0.000,0.104,0,0.000,0.319,0.999,""
4.660,536.004,1017.790,169.503,96.027,12.458,8.521,-3.371,-8.978,1.000,0.000,0.104,0,0.000,0.331,0.999,""
4.680,535.707,1017.962,169.431,95.846,12.487,8.518,-3.565,-8.974,1.000,0.000,0.103,0,0.000,0.343,0.998,""
4.700,535.447,1018.134,169.356,95.665,12.517,8.514,-3.760,-8.971,1.000,0.000,0.102,0,0.000,0.354,0.998,""
4.720,535.186,1018.306,169.277,95.484,12.549,8.511,-3.955,-8.967,1.000,0.000,0.102,0,0.000,0.365,0.997,""
4.740,534.925,1018.478,169.194,95.303,12.582,8.508,-4.149,-8.963,1.000,0.000,0.102,0,0.000,0.375,0.997,""
4.760,534.662,1018.650,169.106,95.123,12.618,8.504,-4.344,-8.960,1.000,0.000,0.102,0,0.000,0.385,0.996,""
4.780,534.399,1018.822,169.016,94.942,12.655,8.501,-4.538,-8.956,1.000,0.000,0.102,0,0.000,0.395,0.996,""
4.800,534.135,1018.993,168.921,94.762,12.694,8.497,-4.732,-8.953,1.000,0.000,0.102,0,0.000,0.404,0.995,""
4.820,533.869,1019.165,168.822,94.581,12.734,8.494,-4.927,-8.949,1.000,0.000,0.102,0,0.000,0.413,0.994,""
4.840,533.575,1019.336,168.719,94.401,12.776,8.491,-5.121,-8.945,1.000,0.000,0.102,0,0.000,0.421,0.994,""
4.860,533.308,1019.508,168.613,94.221,12.819,8.487,-5.315,-8.942,1.000,0.000,0.101,0,0.000,0.429,0.993,""
4.880,533.041,1019.679,168.502,94.041,12.864,8.484,-5.509,-8.938,1.000,0.000,0.102,0,0.000,0.436,0.992,""
4.900,532.773,1019.850,168.388,93.861,12.909,8.480,-5.703,-8.935,1.000,0.000,0.102,0,0.000,0.443,0.991,""
4.920,532.504,1020.021,168.270,93.682,12.956,8.477,-5.897,-8.931,1.000,0.000,0.102,0,0.000,0.450,0.990,""
4.940,532.234,1020.192,168.148,93.502,13.004,8.474,-6.090,-8.928,1.000,0.000,0.102,0,0.000,0.456,0.989,""
4.960,531.963,1020.363,168.022,93.322,13.053,8.470,-6.284,-8.924,1.000,0.000,0.103,0,0.000,0.461,0.989,""
4.980,531.692,1020.533,167.892,93.143,13.103,8.467,-6.478,-8.920,1.000,0.000,0.103,0,0.000,0.467,0.988,""
5.000,531.392,1020.704,167.759,92.964,13.154,8.463,-6.671,-8.917,1.000,0.000,0.103,0,0.000,0.471,0.987,""
5.020,531.120,1020.874,167.621,92.785,13.205,8.460,-6.865,-8.913,1.000,0.000,0.103,0,0.000,0.476,0.986,""
5.040,530.847,1021.045,167.480,92.606,13.257,8.457,-7.058,-8.910,1.000,0.000,0.104,0,0.000,0.480,0.985,""
5.060,530.573,1021.215,167.334,92.427,13.310,8.453,-7.251,-8.906,1.000,0.000,0.105,0,0.000,0.483,0.984,""
5.080,530.298,1021.385,167.185,92.248,13.363,8.450,-7.444,-8.903,1.000,0.000,0.105,0,0.000,0.486,0.983,""
5.100,530.023,1021.555,167.032,92.069,13.417,8.447,-7.638,-8.899,1.000,0.000,0.106,0,0.000,0.489,0.983,""
5.120,529.747,1021.725,166.875,91.891,13.470,8.443,-7.831,-8.896,1.000,0.000,0.107,0,0.000,0.491,0.982,""
5.140,529.470,1021.895,166.715,91.712,13.525,8.440,-8.024,-8.892,1.000,0.000,0.108,0,0.000,0.493,0.981,""
5.160,529.148,1022.065,166.550,91.534,13.579,8.436,-8.217,-8.888,1.000,0.000,0.108,0,0.000,0.494,0.980,""
5.180,528.872,1022.234,166.382,91.356,13.633,8.433,-8.409,-8.885,1.000,0.000,0.109,0,0.000,0.495,0.979,""
5.200,528.594,1022.404,166.210,91.177,13.688,8.430,-8.602,-8.881,1.000,0.000,0.110,0,0.000,0.496,0.979,""
5.220,528.316,1022.573,166.033,90.999,13.742,8.426,-8.795,-8.878,1.000,0.000,0.111,0,0.000,0.496,0.978,""
5.240,528.038,1022.742,165.854,90.822,13.796,8.423,-8.987,-8.874,1.000,0.000,0.112,0,0.000,0.496,0.977,""
5.260,527.758,1022.911,165.670,90.644,13.850,8.420,-9.180,-8.871,1.000,0.000,0.113,0,0.000,0.496,0.977,""
5.280,527.478,1023.080,165.482,90.466,13.903,8.416,-9.372,-8.867,1.000,0.000,0.114,0,0.000,0.495,0.976,""
5.300,527.197,1023.249,165.291,90.288,13.956,8.413,-9.565,-8.864,1.000,0.000,0.115,0,0.000,0.494,0.976,""
5.320,526.918,1023.418,165.095,90.111,14.009,8.409,-9.757,-8.860,1.000,0.000,0.116,0,0.000,0.492,0.975,""
5.340,526.638,1023.587,164.896,89.934,14.061,8.406,-9.949,-8.856,0.996,0.000,0.118,0,0.000,0.490,0.975,""
5.360,526.356,1023.756,164.693,89.756,14.112,8.403,-10.141,-8.853,0.970,0.000,0.119,0,0.000,0.488,0.974,""
5.380,526.074,1023.924,164.487,89.579,14.162,8.399,-10.334,-8.849,0.944,0.000,0.121,0,0.000,0.486,0.974,""
5.400,525.791,1024.093,164.276,89.402,14.212,8.396,-10.525,-8.846,0.919,0.000,0.123,0,0.000,0.483,0.974,""
5.420,525.508,1024.261,164.061,89.225,14.260,8.393,-10.717,-8.842,0.894,0.000,0.124,0,0.000,0.480,0.973,""
5.440,525.224,1024.429,163.843,89.049,14.308,8.389,-10.909,-8.839,0.870,0.000,0.125,0,0.000,0.476,0.973,""
5.460,524.939,1024.597,163.621,88.872,14.354,8.386,-11.101,-8.835,0.846,0.000,0.127,0,0.000,0.472,0.973,""
5.480,524.668,1024.765,163.395,88.695,14.399,8.383,-11.293,-8.832,0.823,0.000,0.129,0,0.000,0.468,0.973,""
5.500,524.384,1024.933,163.166,88.519,14.443,8.379,-11.484,-8.828,0.801,0.000,0.131,0,0.000,0.464,0.972,""
5.520,524.099,1025.101,162.932,88.342,14.485,8.376,-11.676,-8.825,0.779,0.000,0.133,0,0.000,0.460,0.972,""
5.540,523.814,1025.268,162.695,88.166,14.526,8.373,-11.867,-8.821,0.757,0.000,0.135,0,0.000,0.455,0.972,""
5.560,523.528,1025.436,162.453,87.990,14.565,8.369,-12.059,-8.818,0.737,0.000,0.137,0,0.000,0.450,0.972,""
5.580,523.242,1025.603,162.208,87.814,14.603,8.366,-12.250,-8.814,0.717,0.000,0.138,0,0.000,0.444,0.972,""
5.600,522.955,1025.771,161.960,87.638,14.639,8.362,-12.441,-8.811,0.698,0.000,0.141,0,0.000,0.439,0.972,""
5.620,522.667,1025.938,161.707,87.462,14.674,8.359,-12.632,-8.807,0.680,0.000,0.143,0,0.000,0.433,0.973,""
5.640,522.411,1026.105,161.451,87.286,14.706,8.356,-12.823,-8.803,0.663,0.000,0.145,0,0.000,0.427,0.973,""
5.660,522.126,1026.272,161.190,87.111,14.737,8.352,-13.014,-8.800,0.647,0.000,0.148,0,0.000,0.421,0.973,""
5.680,521.839,1026.439,160.926,86.935,14.766,8.349,-13.205,-8.796,0.632,0.000,0.150,0,0.000,0.414,0.973,""
5.700,521.552,1026.606,160.659,86.759,14.792,8.346,-13.396,-8.793,0.617,0.000,0.153,0,0.000,0.408,0.973,"Ground_Mountain_2_3:(0.113, 0.983, -0.143);"
5.720,521.265,1026.775,160.435,86.584,14.591,9.030,-11.292,-8.953,0.604,0.000,0.155,4,45.000,0.868,0.981,"Ground_Mountain_2_3:(0.117, 0.984, -0.137);Ground_Mountain_2_3:(0.117, 0.984, -0.137);Ground_Mountain_2_3:(0.117, 0.984, -0.137);Ground_Mountain_2_3:(0.117, 0.984, -0.137);Ground_Mountain_2_3:(0.117, 0.984, -0.137);Ground_Mountain_2_3:(0.117, 0.984, -0.137);"
5.740,520.984,1026.959,160.351,86.405,13.455,9.300,-4.208,-8.987,0.705,0.000,0.155,4,45.000,12.849,0.983,"Ground_Mountain_2_3:(0.115, 0.984, -0.137);Ground_Mountain_2_3:(0.115, 0.984, -0.137);Ground_Mountain_2_3:(0.115, 0.984, -0.137);Ground_Mountain_2_3:(0.115, 0.984, -0.137);Ground_Mountain_2_3:(0.115, 0.984, -0.137);Ground_Mountain_2_3:(0.115, 0.984, -0.137);"
5.760,520.718,1027.151,160.297,86.223,13.548,9.681,-2.720,-9.110,1.000,0.000,0.161,4,32.971,2.507,0.984,"Ground_Mountain_2_3:(0.115, 0.984, -0.137);Ground_Mountain_2_3:(0.115, 0.984, -0.137);Ground_Mountain_2_3:(0.115, 0.984, -0.137);Ground_Mountain_2_3:(0.115, 0.984, -0.137);Ground_Mountain_2_3:(0.115, 0.984, -0.137);Ground_Mountain_2_3:(0.115, 0.984, -0.137);"
5.780,520.457,1027.351,160.250,86.039,13.835,10.032,-2.419,-9.230,1.000,0.000,0.163,4,21.666,1.110,0.984,"Ground_Mountain_2_3:(0.112, 0.985, -0.131);Ground_Mountain_2_3:(0.112, 0.985, -0.131);Ground_Mountain_2_3:(0.112, 0.985, -0.131);Ground_Mountain_2_3:(0.112, 0.985, -0.131);Ground_Mountain_2_3:(0.112, 0.985, -0.131);Ground_Mountain_2_3:(0.112, 0.985, -0.131);"
5.800,520.228,1027.558,160.204,85.852,14.143,10.356,-2.283,-9.367,1.000,0.000,0.165,4,19.088,0.688,0.984,"Ground_Mountain_2_3:(0.112, 0.985, -0.131);Ground_Mountain_2_3:(0.112, 0.985, -0.131);Ground_Mountain_2_3:(0.112, 0.985, -0.131);Ground_Mountain_2_3:(0.112, 0.985, -0.131);Ground_Mountain_2_3:(0.112, 0.985, -0.131);Ground_Mountain_2_3:(0.112, 0.985, -0.131);"
5.820,519.948,1027.770,160.161,85.661,14.430,10.635,-2.175,-9.515,0.928,0.000,0.164,4,17.536,0.577,0.985,"Ground_Mountain_2_3:(0.111, 0.985, -0.134);Ground_Mountain_2_3:(0.111, 0.985, -0.134);Ground_Mountain_2_3:(0.111, 0.985, -0.134);Ground_Mountain_2_3:(0.111, 0.985, -0.134);Ground_Mountain_2_3:(0.111, 0.985, -0.134);Ground_Mountain_2_3:(0.111, 0.985, -0.134);"
5.840,519.663,1027.987,160.119,85.468,14.675,10.858,-2.090,-9.659,0.785,0.000,0.162,4,16.016,0.509,0.985,"Ground_Mountain_2_3:(0.117, 0.985, -0.125);Ground_Mountain_2_3:(0.117, 0.985, -0.125);Ground_Mountain_2_3:(0.117, 0.985, -0.125);Ground_Mountain_2_3:(0.117, 0.985, -0.125);Ground_Mountain_2_3:(0.117, 0.985, -0.125);Ground_Mountain_2_3:(0.117, 0.985, -0.125);"
5.860,519.373,1028.207,160.079,85.272,14.884,11.029,-2.029,-9.801,0.662,0.000,0.160,4,14.574,0.469,0.985,"Ground_Mountain_2_3:(0.117, 0.985, -0.125);Ground_Mountain_2_3:(0.117, 0.985, -0.125);Ground_Mountain_2_3:(0.117, 0.985, -0.125);Ground_Mountain_2_3:(0.117, 0.985, -0.125);Ground_Mountain_2_3:(0.117, 0.985, -0.125);Ground_Mountain_2_3:(0.117, 0.985, -0.125);"
5.880,519.080,1028.430,160.039,85.073,15.063,11.157,-1.989,-9.942,0.558,0.000,0.157,4,13.262,0.451,0.985,"Ground_Mountain_2_3:(0.117, 0.986, -0.122);Ground_Mountain_2_3:(0.117, 0.986, -0.122);Ground_Mountain_2_3:(0.117, 0.986, -0.122);Ground_Mountain_2_3:(0.117, 0.986, -0.122);Ground_Mountain_2_3:(0.117, 0.986, -0.122);Ground_Mountain_2_3:(0.117, 0.986, -0.122);"
5.900,518.782,1028.655,160.000,84.872,15.216,11.246,-1.967,-10.082,0.468,0.000,0.153,4,12.110,0.409,0.985,"Ground_Mountain_2_3:(0.117, 0.986, -0.122);Ground_Mountain_2_3:(0.117, 0.986, -0.122);Ground_Mountain_2_3:(0.117, 0.986, -0.122);Ground_Mountain_2_3:(0.117, 0.986, -0.122);Ground_Mountain_2_3:(0.117, 0.986, -0.122);Ground_Mountain_2_3:(0.117, 0.986, -0.122);"
5.920,518.482,1028.880,159.960,84.668,15.347,11.301,-1.963,-10.223,0.392,0.000,0.150,4,11.085,0.349,0.985,"Ground_Mountain_2_3:(0.116, 0.987, -0.115);Ground_Mountain_2_3:(0.116, 0.987, -0.115);Ground_Mountain_2_3:(0.116, 0.987, -0.115);Ground_Mountain_2_3:(0.116, 0.987, -0.115);Ground_Mountain_2_3:(0.116, 0.987, -0.115);Ground_Mountain_2_3:(0.116, 0.987, -0.115);"
5.940,518.235,1029.107,159.921,84.460,15.459,11.326,-1.973,-10.363,0.327,0.000,0.147,4,10.200,0.294,0.985,"Ground_Mountain_2_3:(0.116, 0.987, -0.115);Ground_Mountain_2_3:(0.116, 0.987, -0.115);Ground_Mountain_2_3:(0.116, 0.987, -0.115);Ground_Mountain_2_3:(0.116, 0.987, -0.115);Ground_Mountain_2_3:(0.116, 0.987, -0.115);Ground_Mountain_2_3:(0.116, 0.987, -0.115);"
5.960,517.929,1029.333,159.881,84.250,15.554,11.327,-1.994,-10.502,0.271,0.000,0.144,4,9.494,0.301,0.985,"Ground_Mountain_2_3:(0.121, 0.987, -0.103);Ground_Mountain_2_3:(0.121, 0.987, -0.103);Ground_Mountain_2_3:(0.121, 0.987, -0.103);Ground_Mountain_2_3:(0.121, 0.987, -0.103);Ground_Mountain_2_3:(0.121, 0.987, -0.103);Ground_Mountain_2_3:(0.121, 0.987, -0.103);"
5.980,517.622,1029.559,159.841,84.038,15.637,11.308,-2.023,-10.640,0.223,0.000,0.140,4,8.966,0.319,0.986,"Ground_Mountain_2_3:(0.121, 0.988, -0.100);Ground_Mountain_2_3:(0.121, 0.988, -0.100);Ground_Mountain_2_3:(0.121, 0.988, -0.100);Ground_Mountain_2_3:(0.121, 0.988, -0.100);Ground_Mountain_2_3:(0.121, 0.988, -0.100);Ground_Mountain_2_3:(0.121, 0.988, -0.100);"
6.000,517.312,1029.785,159.799,83.823,15.707,11.270,-2.058,-10.776,0.182,0.000,0.136,4,8.569,0.270,0.986,"Ground_Mountain_2_3:(0.121, 0.988, -0.100);Ground_Mountain_2_3:(0.121, 0.988, -0.100);Ground_Mountain_2_3:(0.121, 0.988, -0.100);Ground_Mountain_2_3:(0.121, 0.988, -0.100);Ground_Mountain_2_3:(0.121, 0.988, -0.100);Ground_Mountain_2_3:(0.121, 0.988, -0.100);"
6.020,517.000,1030.009,159.758,83.605,15.767,11.218,-2.096,-10.911,0.147,0.000,0.131,4,8.274,0.227,0.986,"Ground_Mountain_2_3:(0.121, 0.988, -0.100);Ground_Mountain_2_3:(0.121, 0.988, -0.100);Ground_Mountain_2_3:(0.121, 0.988, -0.100);Ground_Mountain_2_3:(0.121, 0.988, -0.100);Ground_Mountain_2_3:(0.121, 0.988, -0.100);Ground_Mountain_2_3:(0.121, 0.988, -0.100);"
6.040,516.687,1030.232,159.715,83.384,15.820,11.153,-2.138,-11.044,0.116,0.000,0.127,4,8.076,0.201,0.986,"Ground_Mountain_2_3:(0.121, 0.988, -0.100);Ground_Mountain_2_3:(0.121, 0.988, -0.100);Ground_Mountain_2_3:(0.121, 0.988, -0.100);Ground_Mountain_2_3:(0.121, 0.988, -0.100);Ground_Mountain_2_3:(0.121, 0.988, -0.100);Ground_Mountain_2_3:(0.121, 0.988, -0.100);"
6.060,516.372,1030.453,159.671,83.161,15.864,11.078,-2.179,-11.173,0.090,0.000,0.123,4,7.986,0.214,0.986,"Ground_Mountain_2_3:(0.121, 0.988, -0.100);Ground_Mountain_2_3:(0.121, 0.988, -0.100);Ground_Mountain_2_3:(0.121, 0.988, -0.100);Ground_Mountain_2_3:(0.121, 0.988, -0.100);Ground_Mountain_2_3:(0.121, 0.988, -0.100);Ground_Mountain_2_3:(0.121, 0.988, -0.100);"
6.080,516.077,1030.673,159.627,82.935,15.903,10.995,-2.217,-11.300,0.068,0.000,0.119,4,8.033,0.228,0.986,"Ground_Mountain_2_3:(0.115, 0.988, -0.106);Ground_Mountain_2_3:(0.115, 0.988, -0.106);Ground_Mountain_2_3:(0.115, 0.988, -0.106);Ground_Mountain_2_3:(0.115, 0.988, -0.106);Ground_Mountain_2_3:(0.115, 0.988, -0.106);Ground_Mountain_2_3:(0.115, 0.988, -0.106);"
6.100,515.800,1030.889,159.583,82.709,15.793,10.812,-2.230,-11.319,0.049,0.000,0.115,4,8.181,0.193,0.987,"Ground_Mountain_2_3:(0.114, 0.989, -0.099);Ground_Mountain_2_3:(0.114, 0.989, -0.099);Ground_Mountain_2_3:(0.114, 0.989, -0.099);Ground_Mountain_2_3:(0.114, 0.989, -0.099);Ground_Mountain_2_3:(0.114, 0.989, -0.099);Ground_Mountain_2_3:(0.114, 0.989, -0.099);"
6.120,515.486,1031.103,159.537,82.481,15.841,10.731,-2.262,-11.454,0.103,0.000,0.112,4,8.370,0.177,0.987,"Ground_Mountain_2_3:(0.114, 0.989, -0.096);Ground_Mountain_2_3:(0.114, 0.989, -0.096);Ground_Mountain_2_3:(0.114, 0.989, -0.096);Ground_Mountain_2_3:(0.114, 0.989, -0.096);Ground_Mountain_2_3:(0.114, 0.989, -0.096);Ground_Mountain_2_3:(0.114, 0.989, -0.096);"
6.140,515.170,1031.316,159.492,82.249,15.882,10.645,-2.289,-11.584,0.080,0.000,0.108,4,8.611,0.170,0.987,"Ground_Mountain_2_3:(0.115, 0.989, -0.090);Ground_Mountain_2_3:(0.115, 0.989, -0.090);Ground_Mountain_2_3:(0.115, 0.989, -0.090);Ground_Mountain_2_3:(0.115, 0.989, -0.090);Ground_Mountain_2_3:(0.115, 0.989, -0.090);Ground_Mountain_2_3:(0.115, 0.989, -0.090);"
6.160,514.853,1031.527,159.446,82.016,15.918,10.556,-2.307,-11.710,0.059,0.000,0.103,4,8.928,0.174,0.987,"Ground_Mountain_2_3:(0.114, 0.989, -0.090);Ground_Mountain_2_3:(0.114, 0.989, -0.090);Ground_Mountain_2_3:(0.114, 0.989, -0.090);Ground_Mountain_2_3:(0.114, 0.989, -0.090);Ground_Mountain_2_3:(0.114, 0.989, -0.090);Ground_Mountain_2_3:(0.114, 0.989, -0.090);"
6.180,514.536,1031.735,159.400,81.782,15.805,10.374,-2.298,-11.721,0.041,0.000,0.099,4,9.223,0.169,0.988,"Ground_Mountain_2_3:(0.115, 0.989, -0.090);Ground_Mountain_2_3:(0.115, 0.989, -0.090);Ground_Mountain_2_3:(0.115, 0.989, -0.090);Ground_Mountain_2_3:(0.115, 0.989, -0.090);Ground_Mountain_2_3:(0.115, 0.989, -0.090);Ground_Mountain_2_3:(0.115, 0.989, -0.090);"
6.200,514.220,1031.941,159.354,81.545,15.851,10.293,-2.306,-11.851,0.097,0.000,0.096,4,9.497,0.188,0.988,"Ground_Mountain_2_3:(0.116, 0.989, -0.090);Ground_Mountain_2_3:(0.116, 0.989, -0.090);Ground_Mountain_2_3:(0.116, 0.989, -0.090);Ground_Mountain_2_3:(0.116, 0.989, -0.090);Ground_Mountain_2_3:(0.116, 0.989, -0.090);Ground_Mountain_2_3:(0.116, 0.989, -0.090);"
6.220,513.904,1032.145,159.308,81.306,15.890,10.209,-2.308,-11.974,0.075,0.000,0.092,4,9.713,0.205,0.988,"Ground_Mountain_2_3:(0.116, 0.989, -0.090);Ground_Mountain_2_3:(0.116, 0.989, -0.090);Ground_Mountain_2_3:(0.116, 0.989, -0.090);Ground_Mountain_2_3:(0.116, 0.989, -0.090);Ground_Mountain_2_3:(0.116, 0.989, -0.090);Ground_Mountain_2_3:(0.116, 0.989, -0.090);"
6.240,513.656,1032.347,159.262,81.065,15.925,10.124,-2.305,-12.091,0.055,0.000,0.089,4,9.935,0.185,0.988,"Ground_Mountain_2_3:(0.116, 0.989, -0.090);Ground_Mountain_2_3:(0.116, 0.989, -0.090);Ground_Mountain_2_3:(0.116, 0.989, -0.090);Ground_Mountain_2_3:(0.116, 0.989, -0.090);Ground_Mountain_2_3:(0.116, 0.989, -0.090);Ground_Mountain_2_3:(0.116, 0.989, -0.090);"
6.260,513.338,1032.546,159.216,80.824,15.811,9.951,-2.276,-12.090,0.038,0.000,0.085,4,10.209,0.171,0.989,"Ground_Mountain_2_3:(0.116, 0.989, -0.087);Ground_Mountain_2_3:(0.116, 0.989, -0.087);Ground_Mountain_2_3:(0.116, 0.989, -0.087);Ground_Mountain_2_3:(0.116, 0.989, -0.087);Ground_Mountain_2_3:(0.116, 0.989, -0.087);Ground_Mountain_2_3:(0.116, 0.989, -0.087);"
6.280,513.022,1032.744,159.171,80.580,15.855,9.877,-2.263,-12.210,0.095,0.000,0.082,4,10.475,0.203,0.989,"Ground_Mountain_2_3:(0.118, 0.990, -0.078);Ground_Mountain_2_3:(0.118, 0.990, -0.078);Ground_Mountain_2_3:(0.118, 0.990, -0.078);Ground_Mountain_2_3:(0.118, 0.990, -0.078);Ground_Mountain_2_3:(0.118, 0.990, -0.078);Ground_Mountain_2_3:(0.118, 0.990, -0.078);"
6.300,512.705,1032.940,159.126,80.334,15.894,9.801,-2.245,-12.323,0.072,0.000,0.078,4,10.661,0.211,0.989,"Ground_Mountain_2_3:(0.111, 0.990, -0.084);Ground_Mountain_2_3:(0.111, 0.990, -0.084);Ground_Mountain_2_3:(0.111, 0.990, -0.084);Ground_Mountain_2_3:(0.111, 0.990, -0.084);Ground_Mountain_2_3:(0.111, 0.990, -0.084);Ground_Mountain_2_3:(0.111, 0.990, -0.084);"
6.320,512.388,1033.134,159.082,80.086,15.927,9.725,-2.223,-12.429,0.053,0.000,0.074,4,10.811,0.195,0.989,"Ground_Mountain_2_3:(0.111, 0.990, -0.084);Ground_Mountain_2_3:(0.111, 0.990, -0.084);Ground_Mountain_2_3:(0.111, 0.990, -0.084);Ground_Mountain_2_3:(0.111, 0.990, -0.084);Ground_Mountain_2_3:(0.111, 0.990, -0.084);Ground_Mountain_2_3:(0.111, 0.990, -0.084);"
6.340,512.070,1033.326,159.038,79.839,15.813,9.566,-2.179,-12.414,0.036,0.000,0.071,4,10.914,0.201,0.989,"Ground_Mountain_2_3:(0.116, 0.990, -0.082);Ground_Mountain_2_3:(0.116, 0.990, -0.082);Ground_Mountain_2_3:(0.116, 0.990, -0.082);Ground_Mountain_2_3:(0.116, 0.990, -0.082);Ground_Mountain_2_3:(0.116, 0.990, -0.082);Ground_Mountain_2_3:(0.116, 0.990, -0.082);"
6.360,511.753,1033.516,158.995,79.589,15.857,9.501,-2.156,-12.522,0.094,0.000,0.068,4,10.976,0.211,0.990,"Ground_Mountain_2_3:(0.116, 0.990, -0.083);Ground_Mountain_2_3:(0.116, 0.990, -0.083);Ground_Mountain_2_3:(0.116, 0.990, -0.083);Ground_Mountain_2_3:(0.116, 0.990, -0.083);Ground_Mountain_2_3:(0.116, 0.990, -0.083);Ground_Mountain_2_3:(0.116, 0.990, -0.083);"
6.380,511.511,1033.705,158.953,79.337,15.895,9.436,-2.131,-12.623,0.072,0.000,0.066,4,10.950,0.283,0.990,"Ground_Mountain_2_3:(0.116, 0.990, -0.083);Ground_Mountain_2_3:(0.116, 0.990, -0.083);Ground_Mountain_2_3:(0.116, 0.990, -0.083);Ground_Mountain_2_3:(0.116, 0.990, -0.083);Ground_Mountain_2_3:(0.116, 0.990, -0.083);Ground_Mountain_2_3:(0.116, 0.990, -0.083);"
6.400,511.193,1033.892,158.910,79.083,15.927,9.371,-2.108,-12.716,0.053,0.000,0.062,4,10.847,0.251,0.990,"Ground_Mountain_2_3:(0.123, 0.989, -0.082);Ground_Mountain_2_3:(0.123, 0.989, -0.082);Ground_Mountain_2_3:(0.123, 0.989, -0.082);Ground_Mountain_2_3:(0.123, 0.989, -0.082);Ground_Mountain_2_3:(0.123, 0.989, -0.082);Ground_Mountain_2_3:(0.123, 0.989, -0.082);"
6.420,510.875,1034.077,158.869,78.830,15.812,9.224,-2.068,-12.685,0.036,0.000,0.059,4,10.690,0.293,0.990,"Ground_Mountain_2_3:(0.123, 0.989, -0.081);Ground_Mountain_2_3:(0.123, 0.989, -0.081);Ground_Mountain_2_3:(0.123, 0.989, -0.081);Ground_Mountain_2_3:(0.123, 0.989, -0.081);Ground_Mountain_2_3:(0.123, 0.989, -0.081);Ground_Mountain_2_3:(0.123, 0.989, -0.081);"
6.440,510.559,1034.260,158.828,78.575,15.856,9.170,-2.052,-12.781,0.094,0.000,0.056,4,10.528,0.255,0.990,"Ground_Mountain_2_3:(0.123, 0.989, -0.076);Ground_Mountain_2_3:(0.123, 0.989, -0.076);Ground_Mountain_2_3:(0.123, 0.989, -0.076);Ground_Mountain_2_3:(0.123, 0.989, -0.076);Ground_Mountain_2_3:(0.123, 0.989, -0.076);Ground_Mountain_2_3:(0.123, 0.989, -0.076);"
6.460,510.242,1034.443,158.787,78.318,15.894,9.115,-2.038,-12.869,0.072,0.000,0.053,4,10.393,0.150,0.990,"Ground_Mountain_2_3:(0.123, 0.990, -0.073);Ground_Mountain_2_3:(0.123, 0.990, -0.073);Ground_Mountain_2_3:(0.123, 0.990, -0.073);Ground_Mountain_2_3:(0.123, 0.990, -0.073);Ground_Mountain_2_3:(0.123, 0.990, -0.073);Ground_Mountain_2_3:(0.123, 0.990, -0.073);"
6.480,509.924,1034.624,158.747,78.059,15.926,9.059,-2.024,-12.949,0.053,0.000,0.050,4,10.323,0.191,0.990,"Ground_Mountain_2_3:(0.116, 0.990, -0.081);Ground_Mountain_2_3:(0.116, 0.990, -0.081);Ground_Mountain_2_3:(0.116, 0.990, -0.081);Ground_Mountain_2_3:(0.116, 0.990, -0.081);Ground_Mountain_2_3:(0.116, 0.990, -0.081);Ground_Mountain_2_3:(0.116, 0.990, -0.081);"
6.500,509.606,1034.803,158.707,77.801,15.811,8.926,-1.994,-12.905,0.037,0.000,0.048,4,10.200,0.132,0.990,"Ground_Mountain_2_3:(0.108, 0.990, -0.088);Ground_Mountain_2_3:(0.108, 0.990, -0.088);Ground_Mountain_2_3:(0.108, 0.990, -0.088);Ground_Mountain_2_3:(0.108, 0.990, -0.088);Ground_Mountain_2_3:(0.108, 0.990, -0.088);Ground_Mountain_2_3:(0.108, 0.990, -0.088);"
6.520,509.369,1034.981,158.667,77.542,15.855,8.882,-1.988,-12.989,0.094,0.000,0.046,4,10.023,0.185,0.990,"Ground_Mountain_2_3:(0.108, 0.990, -0.088);Ground_Mountain_2_3:(0.108, 0.990, -0.088);Ground_Mountain_2_3:(0.108, 0.990, -0.088);Ground_Mountain_2_3:(0.108, 0.990, -0.088);Ground_Mountain_2_3:(0.108, 0.990, -0.088);Ground_Mountain_2_3:(0.108, 0.990, -0.088);"
6.540,509.052,1035.158,158.628,77.281,15.893,8.837,-1.984,-13.066,0.073,0.000,0.043,4,9.851,0.138,0.990,"Ground_Mountain_2_3:(0.112, 0.990, -0.088);Ground_Mountain_2_3:(0.112, 0.990, -0.088);Ground_Mountain_2_3:(0.112, 0.990, -0.088);Ground_Mountain_2_3:(0.112, 0.990, -0.088);Ground_Mountain_2_3:(0.112, 0.990, -0.088);Ground_Mountain_2_3:(0.112, 0.990, -0.088);"
6.560,508.735,1035.334,158.588,77.019,15.925,8.791,-1.984,-13.136,0.054,0.000,0.041,4,9.703,0.208,0.990,"Ground_Mountain_2_3:(0.112, 0.990, -0.088);Ground_Mountain_2_3:(0.112, 0.990, -0.088);Ground_Mountain_2_3:(0.112, 0.990, -0.088);Ground_Mountain_2_3:(0.112, 0.990, -0.088);Ground_Mountain_2_3:(0.112, 0.990, -0.088);Ground_Mountain_2_3:(0.112, 0.990, -0.088);"
6.580,508.417,1035.508,158.549,76.758,15.810,8.669,-1.966,-13.080,0.037,0.000,0.038,4,9.670,0.156,0.990,"Ground_Mountain_2_3:(0.118, 0.989, -0.085);Ground_Mountain_2_3:(0.118, 0.989, -0.085);Ground_Mountain_2_3:(0.118, 0.989, -0.085);Ground_Mountain_2_3:(0.118, 0.989, -0.085);Ground_Mountain_2_3:(0.118, 0.989, -0.085);Ground_Mountain_2_3:(0.118, 0.989, -0.085);"
6.600,508.101,1035.681,158.509,76.495,15.854,8.635,-1.967,-13.155,0.095,0.000,0.036,4,9.672,0.156,0.990,"Ground_Mountain_2_3:(0.132, 0.988, -0.078);Ground_Mountain_2_3:(0.132, 0.988, -0.078);Ground_Mountain_2_3:(0.132, 0.988, -0.078);Ground_Mountain_2_3:(0.132, 0.988, -0.078);Ground_Mountain_2_3:(0.132, 0.988, -0.078);Ground_Mountain_2_3:(0.132, 0.988, -0.078);Ground_Mountain_2_3:(0.132, 0.988, -0.078);Ground_Mountain_2_3:(0.132, 0.988, -0.078);Ground_Mountain_2_3:(0.132, 0.988, -0.078);Ground_Mountain_2_3:(0.132, 0.988, -0.078);Ground_Mountain_2_3:(0.132, 0.988, -0.078);Ground_Mountain_2_3:(0.132, 0.988, -0.078);"
6.620,507.785,1035.853,158.470,76.231,15.892,8.600,-1.969,-13.222,0.073,0.000,0.034,4,9.607,0.075,0.990,"Ground_Mountain_2_3:(0.132, 0.988, -0.075);Ground_Mountain_2_3:(0.132, 0.988, -0.075);Ground_Mountain_2_3:(0.132, 0.988, -0.075);Ground_Mountain_2_3:(0.132, 0.988, -0.075);Ground_Mountain_2_3:(0.132, 0.988, -0.075);Ground_Mountain_2_3:(0.132, 0.988, -0.075);Ground_Mountain_2_3:(0.132, 0.988, -0.075);Ground_Mountain_2_3:(0.132, 0.988, -0.075);Ground_Mountain_2_3:(0.132, 0.988, -0.075);Ground_Mountain_2_3:(0.132, 0.988, -0.075);Ground_Mountain_2_3:(0.132, 0.988, -0.075);Ground_Mountain_2_3:(0.132, 0.988, -0.075);"
6.640,507.467,1036.025,158.430,75.966,15.924,8.565,-1.971,-13.284,0.054,0.000,0.032,4,9.577,0.114,0.990,"Ground_Mountain_2_3:(0.138, 0.988, -0.075);Ground_Mountain_2_3:(0.138, 0.988, -0.075);Ground_Mountain_2_3:(0.138, 0.988, -0.075);Ground_Mountain_2_3:(0.138, 0.988, -0.075);Ground_Mountain_2_3:(0.138, 0.988, -0.075);Ground_Mountain_2_3:(0.138, 0.988, -0.075);Ground_Mountain_2_3:(0.138, 0.988, -0.075);Ground_Mountain_2_3:(0.138, 0.988, -0.075);Ground_Mountain_2_3:(0.138, 0.988, -0.075);Ground_Mountain_2_3:(0.138, 0.988, -0.075);Ground_Mountain_2_3:(0.138, 0.988, -0.075);Ground_Mountain_2_3:(0.138, 0.988, -0.075);"
6.660,507.230,1036.194,158.391,75.702,15.809,8.454,-1.957,-13.219,0.038,0.000,0.030,4,9.448,0.441,0.990,"Ground_Mountain_2_3:(0.135, 0.988, -0.075);Ground_Mountain_2_3:(0.135, 0.988, -0.075);Ground_Mountain_2_3:(0.135, 0.988, -0.075);Ground_Mountain_2_3:(0.135, 0.988, -0.075);Ground_Mountain_2_3:(0.135, 0.988, -0.075);Ground_Mountain_2_3:(0.135, 0.988, -0.075);Ground_Mountain_2_3:(0.135, 0.988, -0.075);Ground_Mountain_2_3:(0.135, 0.988, -0.075);Ground_Mountain_2_3:(0.135, 0.988, -0.075);Ground_Mountain_2_3:(0.135, 0.988, -0.075);Ground_Mountain_2_3:(0.135, 0.988, -0.075);Ground_Mountain_2_3:(0.135, 0.988, -0.075);"
6.680,506.914,1036.363,158.352,75.436,15.853,8.428,-1.970,-13.285,0.095,0.000,0.028,4,9.254,0.695,0.990,"Ground_Mountain_2_3:(0.125, 0.989, -0.085);Ground_Mountain_2_3:(0.125, 0.989, -0.085);Ground_Mountain_2_3:(0.125, 0.989, -0.085);Ground_Mountain_2_3:(0.125, 0.989, -0.085);Ground_Mountain_2_3:(0.125, 0.989, -0.085);Ground_Mountain_2_3:(0.125, 0.989, -0.085);Ground_Mountain_2_3:(0.125, 0.989, -0.085);Ground_Mountain_2_3:(0.125, 0.989, -0.085);Ground_Mountain_2_3:(0.125, 0.989, -0.085);Ground_Mountain_2_3:(0.125, 0.989, -0.085);Ground_Mountain_2_3:(0.125, 0.989, -0.085);Ground_Mountain_2_3:(0.125, 0.989, -0.085);"
6.700,506.598,1036.531,158.312,75.169,15.890,8.400,-1.985,-13.345,0.074,0.000,0.026,4,9.064,0.513,0.990,"Ground_Mountain_2_3:(0.125, 0.989, -0.085);Ground_Mountain_2_3:(0.125, 0.989, -0.085);Ground_Mountain_2_3:(0.125, 0.989, -0.085);Ground_Mountain_2_3:(0.125, 0.989, -0.085);Ground_Mountain_2_3:(0.125, 0.989, -0.085);Ground_Mountain_2_3:(0.125, 0.989, -0.085);Ground_Mountain_2_3:(0.125, 0.989, -0.085);Ground_Mountain_2_3:(0.125, 0.989, -0.085);Ground_Mountain_2_3:(0.125, 0.989, -0.085);Ground_Mountain_2_3:(0.125, 0.989, -0.085);Ground_Mountain_2_3:(0.125, 0.989, -0.085);"
6.720,506.281,1036.699,158.272,74.901,15.923,8.372,-2.004,-13.398,0.055,0.000,0.024,4,8.801,0.380,0.990,"Ground_Mountain_2_3:(0.135, 0.988, -0.078);Ground_Mountain_2_3:(0.135, 0.988, -0.078);Ground_Mountain_2_3:(0.135, 0.988, -0.078);Ground_Mountain_2_3:(0.135, 0.988, -0.078);Ground_Mountain_2_3:(0.135, 0.988, -0.078);Ground_Mountain_2_3:(0.135, 0.988, -0.078);Ground_Mountain_2_3:(0.135, 0.988, -0.078);Ground_Mountain_2_3:(0.135, 0.988, -0.078);Ground_Mountain_2_3:(0.135, 0.988, -0.078);Ground_Mountain_2_3:(0.135, 0.988, -0.078);"
6.740,505.963,1036.865,158.232,74.635,15.809,8.271,-2.007,-13.325,0.038,0.000,0.023,4,8.633,0.273,0.990,"Ground_Mountain_2_3:(0.125, 0.989, -0.082);Ground_Mountain_2_3:(0.125, 0.989, -0.082);Ground_Mountain_2_3:(0.125, 0.989, -0.082);Ground_Mountain_2_3:(0.125, 0.989, -0.082);Ground_Mountain_2_3:(0.125, 0.989, -0.082);Ground_Mountain_2_3:(0.125, 0.989, -0.082);"
6.760,505.648,1037.030,158.191,74.367,15.853,8.252,-2.036,-13.384,0.096,0.000,0.021,4,8.478,0.593,0.990,"Ground_Mountain_2_3:(0.125, 0.989, -0.075);Ground_Mountain_2_3:(0.125, 0.989, -0.075);Ground_Mountain_2_3:(0.125, 0.989, -0.075);Ground_Mountain_2_3:(0.125, 0.989, -0.075);Ground_Mountain_2_3:(0.125, 0.989, -0.075);Ground_Mountain_2_3:(0.125, 0.989, -0.075);"
6.780,505.331,1037.195,158.150,74.098,15.891,8.232,-2.065,-13.437,0.074,0.000,0.020,4,8.425,0.503,0.989,"Ground_Mountain_2_3:(0.128, 0.989, -0.075);Ground_Mountain_2_3:(0.128, 0.989, -0.075);Ground_Mountain_2_3:(0.128, 0.989, -0.075);Ground_Mountain_2_3:(0.128, 0.989, -0.075);Ground_Mountain_2_3:(0.128, 0.989, -0.075);Ground_Mountain_2_3:(0.128, 0.989, -0.075);"
6.800,505.097,1037.359,158.108,73.828,15.924,8.212,-2.093,-13.484,0.055,0.000,0.018,4,8.428,0.458,0.989,"Ground_Mountain_2_3:(0.128, 0.989, -0.075);Ground_Mountain_2_3:(0.128, 0.989, -0.075);Ground_Mountain_2_3:(0.128, 0.989, -0.075);Ground_Mountain_2_3:(0.128, 0.989, -0.075);Ground_Mountain_2_3:(0.128, 0.989, -0.075);Ground_Mountain_2_3:(0.128, 0.989, -0.075);"
6.820,504.780,1037.522,158.066,73.560,15.810,8.119,-2.100,-13.404,0.038,0.000,0.017,4,8.474,0.408,0.989,"Ground_Mountain_2_3:(0.114, 0.989, -0.092);Ground_Mountain_2_3:(0.114, 0.989, -0.092);Ground_Mountain_2_3:(0.114, 0.989, -0.092);Ground_Mountain_2_3:(0.114, 0.989, -0.092);Ground_Mountain_2_3:(0.114, 0.989, -0.092);Ground_Mountain_2_3:(0.114, 0.989, -0.092);"
6.840,504.464,1037.684,158.023,73.291,15.855,8.108,-2.127,-13.459,0.095,0.000,0.016,4,8.552,0.186,0.989,"Ground_Mountain_2_3:(0.120, 0.989, -0.089);Ground_Mountain_2_3:(0.120, 0.989, -0.089);Ground_Mountain_2_3:(0.120, 0.989, -0.089);Ground_Mountain_2_3:(0.120, 0.989, -0.089);Ground_Mountain_2_3:(0.120, 0.989, -0.089);Ground_Mountain_2_3:(0.120, 0.989, -0.089);"
6.860,504.148,1037.846,157.980,73.020,15.893,8.096,-2.153,-13.507,0.073,0.000,0.014,4,8.592,0.150,0.989,"Ground_Mountain_2_3:(0.120, 0.989, -0.089);Ground_Mountain_2_3:(0.120, 0.989, -0.089);Ground_Mountain_2_3:(0.120, 0.989, -0.089);Ground_Mountain_2_3:(0.120, 0.989, -0.089);Ground_Mountain_2_3:(0.120, 0.989, -0.089);Ground_Mountain_2_3:(0.120, 0.989, -0.089);"
6.880,503.831,1038.008,157.937,72.749,15.927,8.084,-2.174,-13.551,0.053,0.000,0.013,4,8.765,0.126,0.989,"Ground_Mountain_2_3:(0.126, 0.989, -0.082);Ground_Mountain_2_3:(0.126, 0.989, -0.082);Ground_Mountain_2_3:(0.126, 0.989, -0.082);Ground_Mountain_2_3:(0.126, 0.989, -0.082);Ground_Mountain_2_3:(0.126, 0.989, -0.082);Ground_Mountain_2_3:(0.126, 0.989, -0.082);"
6.900,503.513,1038.168,157.893,72.480,15.813,8.000,-2.172,-13.467,0.037,0.000,0.012,4,8.928,0.102,0.989,"Ground_Mountain_2_3:(0.116, 0.990, -0.084);Ground_Mountain_2_3:(0.116, 0.990, -0.084);Ground_Mountain_2_3:(0.116, 0.990, -0.084);Ground_Mountain_2_3:(0.116, 0.990, -0.084);Ground_Mountain_2_3:(0.116, 0.990, -0.084);Ground_Mountain_2_3:(0.116, 0.990, -0.084);"
6.920,503.198,1038.328,157.850,72.210,15.857,7.998,-2.185,-13.518,0.094,0.000,0.011,4,9.213,0.271,0.989,"Ground_Mountain_2_3:(0.116, 0.990, -0.081);Ground_Mountain_2_3:(0.116, 0.990, -0.081);Ground_Mountain_2_3:(0.116, 0.990, -0.081);Ground_Mountain_2_3:(0.116, 0.990, -0.081);Ground_Mountain_2_3:(0.116, 0.990, -0.081);Ground_Mountain_2_3:(0.116, 0.990, -0.081);"
6.940,502.966,1038.488,157.806,71.938,15.896,7.994,-2.191,-13.564,0.071,0.000,0.011,4,9.532,0.238,0.989,"Ground_Mountain_2_3:(0.122, 0.990, -0.077);Ground_Mountain_2_3:(0.122, 0.990, -0.077);Ground_Mountain_2_3:(0.122, 0.990, -0.077);Ground_Mountain_2_3:(0.122, 0.990, -0.077);Ground_Mountain_2_3:(0.122, 0.990, -0.077);Ground_Mountain_2_3:(0.122, 0.990, -0.077);"
6.960,502.648,1038.647,157.762,71.666,15.929,7.990,-2.196,-13.605,0.052,0.000,0.010,4,9.616,0.090,0.989,"Ground_Mountain_2_3:(0.118, 0.989, -0.087);Ground_Mountain_2_3:(0.118, 0.989, -0.087);Ground_Mountain_2_3:(0.118, 0.989, -0.087);Ground_Mountain_2_3:(0.118, 0.989, -0.087);Ground_Mountain_2_3:(0.118, 0.989, -0.087);Ground_Mountain_2_3:(0.118, 0.989, -0.087);"
6.980,502.331,1038.806,157.718,71.396,15.815,7.914,-2.179,-13.518,0.035,0.000,0.009,4,9.664,0.119,0.989,"Ground_Mountain_2_3:(0.118, 0.989, -0.087);Ground_Mountain_2_3:(0.118, 0.989, -0.087);Ground_Mountain_2_3:(0.118, 0.989, -0.087);Ground_Mountain_2_3:(0.118, 0.989, -0.087);Ground_Mountain_2_3:(0.118, 0.989, -0.087);Ground_Mountain_2_3:(0.118, 0.989, -0.087);"
7.000,502.015,1038.964,157.675,71.125,15.859,7.918,-2.185,-13.567,0.093,0.000,0.008,4,9.617,0.098,0.989,"Ground_Mountain_2_3:(0.118, 0.989, -0.087);Ground_Mountain_2_3:(0.118, 0.989, -0.087);Ground_Mountain_2_3:(0.118, 0.989, -0.087);Ground_Mountain_2_3:(0.118, 0.989, -0.087);Ground_Mountain_2_3:(0.118, 0.989, -0.087);Ground_Mountain_2_3:(0.118, 0.989, -0.087);"
7.020,501.699,1039.123,157.631,70.852,15.897,7.921,-2.190,-13.609,0.071,0.000,0.008,4,9.658,0.221,0.989,"Ground_Mountain_2_3:(0.124, 0.989, -0.083);Ground_Mountain_2_3:(0.124, 0.989, -0.083);Ground_Mountain_2_3:(0.124, 0.989, -0.083);Ground_Mountain_2_3:(0.124, 0.989, -0.083);Ground_Mountain_2_3:(0.124, 0.989, -0.083);Ground_Mountain_2_3:(0.124, 0.989, -0.083);"
7.040,501.382,1039.281,157.587,70.579,15.931,7.922,-2.194,-13.647,0.051,0.000,0.007,4,9.708,0.193,0.989,"Ground_Mountain_2_3:(0.105, 0.989, -0.100);Ground_Mountain_2_3:(0.105, 0.989, -0.100);Ground_Mountain_2_3:(0.105, 0.989, -0.100);Ground_Mountain_2_3:(0.105, 0.989, -0.100);Ground_Mountain_2_3:(0.105, 0.989, -0.100);Ground_Mountain_2_3:(0.105, 0.989, -0.100);"
7.060,501.065,1039.438,157.543,70.308,15.816,7.852,-2.178,-13.556,0.035,0.000,0.006,4,9.713,0.477,0.989,"Ground_Mountain_2_3:(0.110, 0.989, -0.094);Ground_Mountain_2_3:(0.110, 0.989, -0.094);Ground_Mountain_2_3:(0.110, 0.989, -0.094);Ground_Mountain_2_3:(0.110, 0.989, -0.094);Ground_Mountain_2_3:(0.110, 0.989, -0.094);Ground_Mountain_2_3:(0.110, 0.989, -0.094);"
7.080,500.837,1039.595,157.500,70.036,15.860,7.860,-2.183,-13.602,0.092,0.000,0.006,4,9.749,0.415,0.989,"Ground_Mountain_2_3:(0.110, 0.989, -0.094);Ground_Mountain_2_3:(0.110, 0.989, -0.094);Ground_Mountain_2_3:(0.110, 0.989, -0.094);Ground_Mountain_2_3:(0.110, 0.989, -0.094);Ground_Mountain_2_3:(0.110, 0.989, -0.094);Ground_Mountain_2_3:(0.110, 0.989, -0.094);"
7.100,500.520,1039.753,157.456,69.763,15.899,7.867,-2.187,-13.642,0.070,0.000,0.005,4,9.738,0.233,0.989,"Ground_Mountain_2_3:(0.110, 0.989, -0.094);Ground_Mountain_2_3:(0.110, 0.989, -0.094);Ground_Mountain_2_3:(0.110, 0.989, -0.094);Ground_Mountain_2_3:(0.110, 0.989, -0.094);Ground_Mountain_2_3:(0.110, 0.989, -0.094);Ground_Mountain_2_3:(0.110, 0.989, -0.094);"
7.120,500.203,1039.910,157.412,69.489,15.932,7.871,-2.191,-13.678,0.051,0.000,0.005,4,9.681,0.191,0.989,"Ground_Mountain_2_3:(0.110, 0.989, -0.094);Ground_Mountain_2_3:(0.110, 0.989, -0.094);Ground_Mountain_2_3:(0.110, 0.989, -0.094);Ground_Mountain_2_3:(0.110, 0.989, -0.094);Ground_Mountain_2_3:(0.110, 0.989, -0.094);Ground_Mountain_2_3:(0.110, 0.989, -0.094);"
7.140,499.885,1040.066,157.368,69.217,15.817,7.804,-2.178,-13.585,0.034,0.000,0.005,4,9.486,0.420,0.989,"Ground_Mountain_2_3:(0.115, 0.989, -0.094);Ground_Mountain_2_3:(0.115, 0.989, -0.094);Ground_Mountain_2_3:(0.115, 0.989, -0.094);Ground_Mountain_2_3:(0.115, 0.989, -0.094);Ground_Mountain_2_3:(0.115, 0.989, -0.094);Ground_Mountain_2_3:(0.115, 0.989, -0.094);"
7.160,499.569,1040.222,157.325,68.944,15.862,7.815,-2.193,-13.628,0.091,0.000,0.005,4,9.282,0.305,0.989,"Ground_Mountain_2_3:(0.115, 0.989, -0.094);Ground_Mountain_2_3:(0.115, 0.989, -0.094);Ground_Mountain_2_3:(0.115, 0.989, -0.094);Ground_Mountain_2_3:(0.115, 0.989, -0.094);Ground_Mountain_2_3:(0.115, 0.989, -0.094);Ground_Mountain_2_3:(0.115, 0.989, -0.094);"
7.180,499.253,1040.378,157.280,68.671,15.900,7.823,-2.208,-13.666,0.069,0.000,0.004,4,9.207,0.224,0.989,"Ground_Mountain_2_3:(0.115, 0.989, -0.089);Ground_Mountain_2_3:(0.115, 0.989, -0.089);Ground_Mountain_2_3:(0.115, 0.989, -0.089);Ground_Mountain_2_3:(0.115, 0.989, -0.089);Ground_Mountain_2_3:(0.115, 0.989, -0.089);Ground_Mountain_2_3:(0.115, 0.989, -0.089);"
7.200,498.936,1040.533,157.236,68.399,15.791,7.759,-2.203,-13.576,0.050,0.000,0.004,4,9.157,0.118,0.989,"Ground_Mountain_2_3:(0.106, 0.990, -0.098);Ground_Mountain_2_3:(0.106, 0.990, -0.098);Ground_Mountain_2_3:(0.106, 0.990, -0.098);Ground_Mountain_2_3:(0.106, 0.990, -0.098);Ground_Mountain_2_3:(0.106, 0.990, -0.098);Ground_Mountain_2_3:(0.106, 0.990, -0.098);"
7.220,498.708,1040.689,157.192,68.126,15.839,7.773,-2.219,-13.621,0.105,0.000,0.004,4,9.209,0.251,0.989,"Ground_Mountain_2_3:(0.106, 0.990, -0.098);Ground_Mountain_2_3:(0.106, 0.990, -0.098);Ground_Mountain_2_3:(0.106, 0.990, -0.098);Ground_Mountain_2_3:(0.106, 0.990, -0.098);Ground_Mountain_2_3:(0.106, 0.990, -0.098);Ground_Mountain_2_3:(0.106, 0.990, -0.098);"
7.240,498.391,1040.844,157.147,67.853,15.881,7.785,-2.233,-13.661,0.080,0.000,0.004,4,9.262,0.268,0.989,"Ground_Mountain_2_3:(0.099, 0.990, -0.104);Ground_Mountain_2_3:(0.099, 0.990, -0.104);Ground_Mountain_2_3:(0.099, 0.990, -0.104);Ground_Mountain_2_3:(0.099, 0.990, -0.104);Ground_Mountain_2_3:(0.099, 0.990, -0.104);Ground_Mountain_2_3:(0.099, 0.990, -0.104);"
7.260,498.074,1041.000,157.102,67.579,15.917,7.794,-2.245,-13.696,0.059,0.000,0.004,4,9.296,0.254,0.989,"Ground_Mountain_2_3:(0.097, 0.990, -0.103);Ground_Mountain_2_3:(0.097, 0.990, -0.103);Ground_Mountain_2_3:(0.097, 0.990, -0.103);Ground_Mountain_2_3:(0.097, 0.990, -0.103);Ground_Mountain_2_3:(0.097, 0.990, -0.103);Ground_Mountain_2_3:(0.097, 0.990, -0.103);"
7.280,497.756,1041.155,157.058,67.306,15.806,7.732,-2.236,-13.604,0.041,0.000,0.004,4,9.352,0.227,0.989,"Ground_Mountain_2_3:(0.102, 0.989, -0.103);Ground_Mountain_2_3:(0.102, 0.989, -0.103);Ground_Mountain_2_3:(0.102, 0.989, -0.103);Ground_Mountain_2_3:(0.102, 0.989, -0.103);Ground_Mountain_2_3:(0.102, 0.989, -0.103);Ground_Mountain_2_3:(0.102, 0.989, -0.103);"
7.300,497.441,1041.309,157.013,67.033,15.853,7.747,-2.249,-13.647,0.097,0.000,0.004,4,9.381,0.102,0.989,"Ground_Mountain_2_3:(0.102, 0.989, -0.103);Ground_Mountain_2_3:(0.102, 0.989, -0.103);Ground_Mountain_2_3:(0.102, 0.989, -0.103);Ground_Mountain_2_3:(0.102, 0.989, -0.103);Ground_Mountain_2_3:(0.102, 0.989, -0.103);Ground_Mountain_2_3:(0.102, 0.989, -0.103);"
7.320,497.125,1041.464,156.968,66.759,15.893,7.760,-2.257,-13.685,0.074,0.000,0.004,4,9.558,0.137,0.989,"Ground_Mountain_2_3:(0.116, 0.989, -0.092);Ground_Mountain_2_3:(0.116, 0.989, -0.092);Ground_Mountain_2_3:(0.116, 0.989, -0.092);Ground_Mountain_2_3:(0.116, 0.989, -0.092);Ground_Mountain_2_3:(0.116, 0.989, -0.092);Ground_Mountain_2_3:(0.116, 0.989, -0.092);"
7.340,496.808,1041.619,156.922,66.485,15.928,7.771,-2.260,-13.719,0.054,0.000,0.004,4,9.786,0.089,0.989,"Ground_Mountain_2_3:(0.159, 0.985, -0.062);Ground_Mountain_2_3:(0.159, 0.985, -0.062);Ground_Mountain_2_3:(0.159, 0.985, -0.062);Ground_Mountain_2_3:(0.159, 0.985, -0.062);Ground_Mountain_2_3:(0.159, 0.985, -0.062);Ground_Mountain_2_3:(0.159, 0.985, -0.062);Ground_Mountain_2_3:(0.095, 0.990, -0.107);Ground_Mountain_2_3:(0.095, 0.990, -0.107);Ground_Mountain_2_3:(0.095, 0.990, -0.107);Ground_Mountain_2_3:(0.095, 0.990, -0.107);Ground_Mountain_2_3:(0.095, 0.990, -0.107);Ground_Mountain_2_3:(0.095, 0.990, -0.107);"
7.360,496.581,1041.773,156.878,66.212,15.815,7.711,-2.239,-13.625,0.036,0.000,0.004,4,9.985,0.107,0.989,"Ground_Mountain_2_3:(0.159, 0.985, -0.062);Ground_Mountain_2_3:(0.159, 0.985, -0.062);Ground_Mountain_2_3:(0.159, 0.985, -0.062);Ground_Mountain_2_3:(0.159, 0.985, -0.062);Ground_Mountain_2_3:(0.159, 0.985, -0.062);Ground_Mountain_2_3:(0.159, 0.985, -0.062);Ground_Mountain_2_3:(0.099, 0.990, -0.101);Ground_Mountain_2_3:(0.099, 0.990, -0.101);Ground_Mountain_2_3:(0.099, 0.990, -0.101);Ground_Mountain_2_3:(0.099, 0.990, -0.101);Ground_Mountain_2_3:(0.099, 0.990, -0.101);Ground_Mountain_2_3:(0.099, 0.990, -0.101);"
7.380,496.265,1041.928,156.833,65.939,15.860,7.728,-2.237,-13.668,0.093,0.000,0.004,4,10.071,0.089,0.989,"Ground_Mountain_2_3:(0.159, 0.985, -0.064);Ground_Mountain_2_3:(0.159, 0.985, -0.064);Ground_Mountain_2_3:(0.159, 0.985, -0.064);Ground_Mountain_2_3:(0.159, 0.985, -0.064);Ground_Mountain_2_3:(0.159, 0.985, -0.064);Ground_Mountain_2_3:(0.088, 0.990, -0.114);Ground_Mountain_2_3:(0.088, 0.990, -0.114);Ground_Mountain_2_3:(0.088, 0.990, -0.114);Ground_Mountain_2_3:(0.088, 0.990, -0.114);Ground_Mountain_2_3:(0.088, 0.990, -0.114);Ground_Mountain_2_3:(0.088, 0.990, -0.114);"
7.400,495.949,1042.082,156.788,65.665,15.899,7.742,-2.236,-13.706,0.070,0.000,0.005,4,10.058,0.277,0.989,"Ground_Mountain_2_3:(0.159, 0.985, -0.064);Ground_Mountain_2_3:(0.159, 0.985, -0.064);Ground_Mountain_2_3:(0.159, 0.985, -0.064);Ground_Mountain_2_3:(0.159, 0.985, -0.064);Ground_Mountain_2_3:(0.159, 0.985, -0.064);Ground_Mountain_2_3:(0.092, 0.989, -0.114);Ground_Mountain_2_3:(0.092, 0.989, -0.114);Ground_Mountain_2_3:(0.092, 0.989, -0.114);Ground_Mountain_2_3:(0.092, 0.989, -0.114);Ground_Mountain_2_3:(0.092, 0.989, -0.114);Ground_Mountain_2_3:(0.092, 0.989, -0.114);"
7.420,495.631,1042.237,156.744,65.390,15.933,7.754,-2.236,-13.739,0.050,0.000,0.005,4,9.968,0.217,0.989,"Ground_Mountain_2_3:(0.159, 0.985, -0.064);Ground_Mountain_2_3:(0.159, 0.985, -0.064);Ground_Mountain_2_3:(0.159, 0.985, -0.064);Ground_Mountain_2_3:(0.159, 0.985, -0.064);Ground_Mountain_2_3:(0.159, 0.985, -0.064);Ground_Mountain_2_3:(0.092, 0.989, -0.114);Ground_Mountain_2_3:(0.092, 0.989, -0.114);Ground_Mountain_2_3:(0.092, 0.989, -0.114);Ground_Mountain_2_3:(0.092, 0.989, -0.114);Ground_Mountain_2_3:(0.092, 0.989, -0.114);Ground_Mountain_2_3:(0.092, 0.989, -0.114);"
7.440,495.313,1042.391,156.699,65.117,15.819,7.694,-2.216,-13.644,0.033,0.000,0.005,4,9.867,0.157,0.989,"Ground_Mountain_2_3:(0.159, 0.985, -0.064);Ground_Mountain_2_3:(0.159, 0.985, -0.064);Ground_Mountain_2_3:(0.159, 0.985, -0.064);Ground_Mountain_2_3:(0.159, 0.985, -0.064);Ground_Mountain_2_3:(0.159, 0.985, -0.064);Ground_Mountain_2_3:(0.092, 0.989, -0.114);Ground_Mountain_2_3:(0.092, 0.989, -0.114);Ground_Mountain_2_3:(0.092, 0.989, -0.114);Ground_Mountain_2_3:(0.092, 0.989, -0.114);Ground_Mountain_2_3:(0.092, 0.989, -0.114);Ground_Mountain_2_3:(0.092, 0.989, -0.114);"
7.460,494.997,1042.545,156.655,64.843,15.864,7.710,-2.221,-13.686,0.090,0.000,0.006,4,9.732,0.167,0.989,"Ground_Mountain_2_3:(0.159, 0.985, -0.067);Ground_Mountain_2_3:(0.159, 0.985, -0.067);Ground_Mountain_2_3:(0.159, 0.985, -0.067);Ground_Mountain_2_3:(0.159, 0.985, -0.067);Ground_Mountain_2_3:(0.159, 0.985, -0.067);Ground_Mountain_2_3:(0.159, 0.985, -0.067);Ground_Mountain_2_3:(0.095, 0.990, -0.107);Ground_Mountain_2_3:(0.095, 0.990, -0.107);Ground_Mountain_2_3:(0.095, 0.990, -0.107);Ground_Mountain_2_3:(0.095, 0.990, -0.107);Ground_Mountain_2_3:(0.095, 0.990, -0.107);Ground_Mountain_2_3:(0.095, 0.990, -0.107);"
7.480,494.680,1042.699,156.610,64.568,15.903,7.722,-2.230,-13.722,0.068,0.000,0.006,4,9.575,0.258,0.989,"Ground_Mountain_2_3:(0.091, 0.989, -0.118);Ground_Mountain_2_3:(0.091, 0.989, -0.118);Ground_Mountain_2_3:(0.091, 0.989, -0.118);Ground_Mountain_2_3:(0.091, 0.989, -0.118);Ground_Mountain_2_3:(0.091, 0.989, -0.118);Ground_Mountain_2_3:(0.091, 0.989, -0.118);Ground_Mountain_2_3:(0.138, 0.987, -0.080);Ground_Mountain_2_3:(0.138, 0.987, -0.080);Ground_Mountain_2_3:(0.138, 0.987, -0.080);Ground_Mountain_2_3:(0.138, 0.987, -0.080);Ground_Mountain_2_3:(0.138, 0.987, -0.080);Ground_Mountain_2_3:(0.138, 0.987, -0.080);"
7.500,494.455,1042.852,156.566,64.295,15.794,7.663,-2.220,-13.631,0.049,0.000,0.006,4,9.403,0.095,0.989,"Ground_Mountain_2_3:(0.091, 0.989, -0.118);Ground_Mountain_2_3:(0.091, 0.989, -0.118);Ground_Mountain_2_3:(0.091, 0.989, -0.118);Ground_Mountain_2_3:(0.091, 0.989, -0.118);Ground_Mountain_2_3:(0.091, 0.989, -0.118);Ground_Mountain_2_3:(0.091, 0.989, -0.118);Ground_Mountain_2_3:(0.127, 0.989, -0.078);Ground_Mountain_2_3:(0.127, 0.989, -0.078);Ground_Mountain_2_3:(0.127, 0.989, -0.078);Ground_Mountain_2_3:(0.127, 0.989, -0.078);Ground_Mountain_2_3:(0.127, 0.989, -0.078);Ground_Mountain_2_3:(0.127, 0.989, -0.078);"
7.520,494.139,1043.005,156.521,64.021,15.842,7.679,-2.234,-13.675,0.103,0.000,0.007,4,9.316,0.116,0.989,"Ground_Mountain_2_3:(0.091, 0.989, -0.118);Ground_Mountain_2_3:(0.091, 0.989, -0.118);Ground_Mountain_2_3:(0.091, 0.989, -0.118);Ground_Mountain_2_3:(0.091, 0.989, -0.118);Ground_Mountain_2_3:(0.091, 0.989, -0.118);Ground_Mountain_2_3:(0.091, 0.989, -0.118);Ground_Mountain_2_3:(0.091, 0.989, -0.118);Ground_Mountain_2_3:(0.091, 0.989, -0.118);Ground_Mountain_2_3:(0.091, 0.989, -0.118);Ground_Mountain_2_3:(0.091, 0.989, -0.118);Ground_Mountain_2_3:(0.091, 0.989, -0.118);Ground_Mountain_2_3:(0.091, 0.989, -0.118);"
7.540,493.823,1043.159,156.476,63.747,15.884,7.692,-2.249,-13.714,0.079,0.000,0.007,4,9.258,0.126,0.989,"Ground_Mountain_2_3:(0.095, 0.990, -0.109);Ground_Mountain_2_3:(0.095, 0.990, -0.109);Ground_Mountain_2_3:(0.095, 0.990, -0.109);Ground_Mountain_2_3:(0.095, 0.990, -0.109);Ground_Mountain_2_3:(0.095, 0.990, -0.109);Ground_Mountain_2_3:(0.095, 0.990, -0.109);"
7.560,493.505,1043.313,156.431,63.472,15.921,7.702,-2.264,-13.749,0.058,0.000,0.008,4,9.226,0.123,0.989,"Ground_Mountain_2_3:(0.095, 0.990, -0.109);Ground_Mountain_2_3:(0.095, 0.990, -0.109);Ground_Mountain_2_3:(0.095, 0.990, -0.109);Ground_Mountain_2_3:(0.095, 0.990, -0.109);Ground_Mountain_2_3:(0.095, 0.990, -0.109);Ground_Mountain_2_3:(0.095, 0.990, -0.109);"
7.580,493.187,1043.466,156.386,63.198,15.809,7.641,-2.257,-13.655,0.040,0.000,0.008,4,9.223,0.110,0.989,"Ground_Mountain_2_3:(0.104, 0.988, -0.112);Ground_Mountain_2_3:(0.104, 0.988, -0.112);Ground_Mountain_2_3:(0.104, 0.988, -0.112);Ground_Mountain_2_3:(0.104, 0.988, -0.112);Ground_Mountain_2_3:(0.104, 0.988, -0.112);Ground_Mountain_2_3:(0.104, 0.988, -0.112);"
7.600,492.871,1043.618,156.340,62.924,15.856,7.655,-2.272,-13.699,0.095,0.000,0.008,4,9.272,0.156,0.989,"Ground_Mountain_2_3:(0.104, 0.988, -0.112);Ground_Mountain_2_3:(0.104, 0.988, -0.112);Ground_Mountain_2_3:(0.104, 0.988, -0.112);Ground_Mountain_2_3:(0.104, 0.988, -0.112);Ground_Mountain_2_3:(0.104, 0.988, -0.112);Ground_Mountain_2_3:(0.104, 0.988, -0.112);"
7.620,492.554,1043.771,156.295,62.649,15.896,7.667,-2.284,-13.737,0.072,0.000,0.009,4,9.369,0.302,0.989,"Ground_Mountain_2_3:(0.104, 0.989, -0.109);Ground_Mountain_2_3:(0.104, 0.989, -0.109);Ground_Mountain_2_3:(0.104, 0.989, -0.109);Ground_Mountain_2_3:(0.104, 0.989, -0.109);Ground_Mountain_2_3:(0.104, 0.989, -0.109);Ground_Mountain_2_3:(0.104, 0.989, -0.109);"
7.640,492.333,1043.925,156.249,62.374,15.932,7.675,-2.294,-13.771,0.052,0.000,0.009,4,9.410,0.144,0.989,"Ground_Mountain_2_3:(0.102, 0.990, -0.099);Ground_Mountain_2_3:(0.102, 0.990, -0.099);Ground_Mountain_2_3:(0.102, 0.990, -0.099);Ground_Mountain_2_3:(0.102, 0.990, -0.099);Ground_Mountain_2_3:(0.102, 0.990, -0.099);Ground_Mountain_2_3:(0.102, 0.990, -0.099);"
7.660,492.015,1044.077,156.203,62.100,15.819,7.613,-2.281,-13.678,0.034,0.000,0.010,4,9.565,0.286,0.989,"Ground_Mountain_2_3:(0.104, 0.990, -0.099);Ground_Mountain_2_3:(0.104, 0.990, -0.099);Ground_Mountain_2_3:(0.104, 0.990, -0.099);Ground_Mountain_2_3:(0.104, 0.990, -0.099);Ground_Mountain_2_3:(0.104, 0.990, -0.099);Ground_Mountain_2_3:(0.104, 0.990, -0.099);"
7.680,491.699,1044.229,156.157,61.825,15.864,7.627,-2.287,-13.722,0.091,0.000,0.010,4,9.744,0.262,0.989,"Ground_Mountain_2_3:(0.104, 0.990, -0.099);Ground_Mountain_2_3:(0.104, 0.990, -0.099);Ground_Mountain_2_3:(0.104, 0.990, -0.099);Ground_Mountain_2_3:(0.104, 0.990, -0.099);Ground_Mountain_2_3:(0.104, 0.990, -0.099);Ground_Mountain_2_3:(0.104, 0.990, -0.099);"
7.700,491.381,1044.382,156.112,61.550,15.904,7.637,-2.289,-13.761,0.068,0.000,0.011,4,9.851,0.116,0.989,"Ground_Mountain_2_3:(0.104, 0.990, -0.099);Ground_Mountain_2_3:(0.104, 0.990, -0.099);Ground_Mountain_2_3:(0.104, 0.990, -0.099);Ground_Mountain_2_3:(0.104, 0.990, -0.099);Ground_Mountain_2_3:(0.104, 0.990, -0.099);Ground_Mountain_2_3:(0.104, 0.990, -0.099);"
7.720,491.064,1044.533,156.066,61.277,15.795,7.576,-2.270,-13.672,0.048,0.000,0.012,4,9.826,0.131,0.989,"Ground_Mountain_2_3:(0.098, 0.989, -0.111);Ground_Mountain_2_3:(0.098, 0.989, -0.111);Ground_Mountain_2_3:(0.098, 0.989, -0.111);Ground_Mountain_2_3:(0.098, 0.989, -0.111);Ground_Mountain_2_3:(0.098, 0.989, -0.111);Ground_Mountain_2_3:(0.098, 0.989, -0.111);"
7.740,490.748,1044.685,156.021,61.002,15.843,7.590,-2.277,-13.720,0.103,0.000,0.012,4,9.710,0.118,0.989,"Ground_Mountain_2_3:(0.098, 0.989, -0.111);Ground_Mountain_2_3:(0.098, 0.989, -0.111);Ground_Mountain_2_3:(0.098, 0.989, -0.111);Ground_Mountain_2_3:(0.098, 0.989, -0.111);Ground_Mountain_2_3:(0.098, 0.989, -0.111);Ground_Mountain_2_3:(0.098, 0.989, -0.111);"
7.760,490.431,1044.837,155.975,60.727,15.886,7.600,-2.283,-13.762,0.078,0.000,0.012,4,9.685,0.095,0.989,"Ground_Mountain_2_3:(0.092, 0.990, -0.110);Ground_Mountain_2_3:(0.092, 0.990, -0.110);Ground_Mountain_2_3:(0.092, 0.990, -0.110);Ground_Mountain_2_3:(0.092, 0.990, -0.110);Ground_Mountain_2_3:(0.092, 0.990, -0.110);Ground_Mountain_2_3:(0.092, 0.990, -0.110);"
7.780,490.213,1044.989,155.929,60.451,15.922,7.607,-2.288,-13.799,0.057,0.000,0.013,4,9.727,0.116,0.989,"Ground_Mountain_2_3:(0.098, 0.990, -0.103);Ground_Mountain_2_3:(0.098, 0.990, -0.103);Ground_Mountain_2_3:(0.098, 0.990, -0.103);Ground_Mountain_2_3:(0.098, 0.990, -0.103);Ground_Mountain_2_3:(0.098, 0.990, -0.103);Ground_Mountain_2_3:(0.098, 0.990, -0.103);"
7.800,489.894,1045.139,155.884,60.176,15.811,7.543,-2.270,-13.709,0.039,0.000,0.014,4,9.779,0.227,0.989,"Ground_Mountain_2_3:(0.099, 0.990, -0.103);Ground_Mountain_2_3:(0.099, 0.990, -0.103);Ground_Mountain_2_3:(0.099, 0.990, -0.103);Ground_Mountain_2_3:(0.099, 0.990, -0.103);Ground_Mountain_2_3:(0.099, 0.990, -0.103);Ground_Mountain_2_3:(0.099, 0.990, -0.103);"
7.820,489.578,1045.290,155.838,59.901,15.857,7.554,-2.276,-13.756,0.095,0.000,0.014,4,9.728,0.182,0.989,"Ground_Mountain_2_3:(0.099, 0.990, -0.103);Ground_Mountain_2_3:(0.099, 0.990, -0.103);Ground_Mountain_2_3:(0.099, 0.990, -0.103);Ground_Mountain_2_3:(0.099, 0.990, -0.103);Ground_Mountain_2_3:(0.099, 0.990, -0.103);Ground_Mountain_2_3:(0.099, 0.990, -0.103);"
7.840,489.261,1045.441,155.793,59.625,15.898,7.561,-2.282,-13.797,0.071,0.000,0.015,4,9.684,0.144,0.989,"Ground_Mountain_2_3:(0.105, 0.989, -0.103);Ground_Mountain_2_3:(0.105, 0.989, -0.103);Ground_Mountain_2_3:(0.105, 0.989, -0.103);Ground_Mountain_2_3:(0.105, 0.989, -0.103);Ground_Mountain_2_3:(0.105, 0.989, -0.103);Ground_Mountain_2_3:(0.105, 0.989, -0.103);"
7.860,488.943,1045.592,155.747,59.348,15.933,7.565,-2.288,-13.835,0.051,0.000,0.016,4,9.646,0.109,0.989,"Ground_Mountain_2_3:(0.087, 0.989, -0.119);Ground_Mountain_2_3:(0.087, 0.989, -0.119);Ground_Mountain_2_3:(0.087, 0.989, -0.119);Ground_Mountain_2_3:(0.087, 0.989, -0.119);Ground_Mountain_2_3:(0.087, 0.989, -0.119);Ground_Mountain_2_3:(0.087, 0.989, -0.119);"
7.880,488.625,1045.742,155.701,59.073,15.820,7.498,-2.274,-13.743,0.034,0.000,0.016,4,9.581,0.076,0.989,"Ground_Mountain_2_3:(0.092, 0.989, -0.119);Ground_Mountain_2_3:(0.092, 0.989, -0.119);Ground_Mountain_2_3:(0.092, 0.989, -0.119);Ground_Mountain_2_3:(0.092, 0.989, -0.119);Ground_Mountain_2_3:(0.092, 0.989, -0.119);Ground_Mountain_2_3:(0.092, 0.989, -0.119);"
7.900,488.360,1045.892,155.656,58.797,15.865,7.505,-2.284,-13.790,0.090,0.000,0.017,4,9.503,0.093,0.989,"Ground_Mountain_2_3:(0.091, 0.989, -0.119);Ground_Mountain_2_3:(0.091, 0.989, -0.119);Ground_Mountain_2_3:(0.091, 0.989, -0.119);Ground_Mountain_2_3:(0.091, 0.989, -0.119);Ground_Mountain_2_3:(0.091, 0.989, -0.119);Ground_Mountain_2_3:(0.091, 0.989, -0.119);"
7.920,488.094,1046.042,155.610,58.520,15.905,7.509,-2.295,-13.832,0.067,0.000,0.018,4,9.423,0.241,0.989,"Ground_Mountain_2_3:(0.091, 0.989, -0.119);Ground_Mountain_2_3:(0.091, 0.989, -0.119);Ground_Mountain_2_3:(0.091, 0.989, -0.119);Ground_Mountain_2_3:(0.091, 0.989, -0.119);Ground_Mountain_2_3:(0.091, 0.989, -0.119);Ground_Mountain_2_3:(0.091, 0.989, -0.119);"
7.940,487.776,1046.191,155.564,58.245,15.796,7.442,-2.284,-13.745,0.048,0.000,0.018,4,9.469,0.424,0.989,"Ground_Mountain_2_3:(0.091, 0.989, -0.113);Ground_Mountain_2_3:(0.091, 0.989, -0.113);Ground_Mountain_2_3:(0.091, 0.989, -0.113);Ground_Mountain_2_3:(0.091, 0.989, -0.113);Ground_Mountain_2_3:(0.091, 0.989, -0.113);Ground_Mountain_2_3:(0.091, 0.989, -0.113);"
7.960,487.460,1046.340,155.518,57.969,15.845,7.449,-2.293,-13.796,0.102,0.000,0.019,4,9.594,0.151,0.989,"Ground_Mountain_2_3:(0.091, 0.989, -0.113);Ground_Mountain_2_3:(0.091, 0.989, -0.113);Ground_Mountain_2_3:(0.091, 0.989, -0.113);Ground_Mountain_2_3:(0.091, 0.989, -0.113);Ground_Mountain_2_3:(0.091, 0.989, -0.113);Ground_Mountain_2_3:(0.091, 0.989, -0.113);"
7.980,487.143,1046.489,155.472,57.692,15.887,7.452,-2.299,-13.842,0.078,0.000,0.019,4,9.663,0.214,0.989,"Ground_Mountain_2_3:(0.095, 0.989, -0.109);Ground_Mountain_2_3:(0.095, 0.989, -0.109);Ground_Mountain_2_3:(0.095, 0.989, -0.109);Ground_Mountain_2_3:(0.095, 0.989, -0.109);Ground_Mountain_2_3:(0.095, 0.989, -0.109);Ground_Mountain_2_3:(0.095, 0.989, -0.109);"
8.000,486.826,1046.638,155.426,57.414,15.924,7.452,-2.304,-13.883,0.056,0.000,0.020,4,9.672,0.197,0.989,"Ground_Mountain_2_3:(0.095, 0.989, -0.109);Ground_Mountain_2_3:(0.095, 0.989, -0.109);Ground_Mountain_2_3:(0.095, 0.989, -0.109);Ground_Mountain_2_3:(0.095, 0.989, -0.109);Ground_Mountain_2_3:(0.095, 0.989, -0.109);Ground_Mountain_2_3:(0.095, 0.989, -0.109);"
8.020,486.507,1046.785,155.380,57.138,15.812,7.383,-2.289,-13.795,0.038,0.000,0.021,4,9.613,0.130,0.989,"Ground_Mountain_2_3:(0.095, 0.989, -0.109);Ground_Mountain_2_3:(0.095, 0.989, -0.109);Ground_Mountain_2_3:(0.095, 0.989, -0.109);Ground_Mountain_2_3:(0.095, 0.989, -0.109);Ground_Mountain_2_3:(0.095, 0.989, -0.109);Ground_Mountain_2_3:(0.095, 0.989, -0.109);"
8.040,486.299,1046.933,155.335,56.861,15.859,7.386,-2.297,-13.845,0.094,0.000,0.021,4,9.561,0.240,0.989,"Ground_Mountain_2_3:(0.084, 0.990, -0.116);Ground_Mountain_2_3:(0.084, 0.990, -0.116);Ground_Mountain_2_3:(0.084, 0.990, -0.116);Ground_Mountain_2_3:(0.084, 0.990, -0.116);Ground_Mountain_2_3:(0.084, 0.990, -0.116);Ground_Mountain_2_3:(0.084, 0.990, -0.116);"
8.060,485.982,1047.080,155.288,56.584,15.899,7.386,-2.303,-13.891,0.071,0.000,0.022,4,9.702,0.078,0.989,"Ground_Mountain_2_3:(0.084, 0.990, -0.116);Ground_Mountain_2_3:(0.084, 0.990, -0.116);Ground_Mountain_2_3:(0.084, 0.990, -0.116);Ground_Mountain_2_3:(0.084, 0.990, -0.116);Ground_Mountain_2_3:(0.084, 0.990, -0.116);Ground_Mountain_2_3:(0.084, 0.990, -0.116);"
8.080,485.664,1047.228,155.242,56.305,15.934,7.382,-2.305,-13.932,0.050,0.000,0.023,4,9.794,0.056,0.989,"Ground_Mountain_2_3:(0.088, 0.990, -0.112);Ground_Mountain_2_3:(0.088, 0.990, -0.112);Ground_Mountain_2_3:(0.088, 0.990, -0.112);Ground_Mountain_2_3:(0.088, 0.990, -0.112);Ground_Mountain_2_3:(0.088, 0.990, -0.112);Ground_Mountain_2_3:(0.088, 0.990, -0.112);"
8.100,485.346,1047.374,155.197,56.028,15.821,7.311,-2.286,-13.844,0.033,0.000,0.023,4,9.881,0.042,0.989,"Ground_Mountain_2_3:(0.088, 0.990, -0.112);Ground_Mountain_2_3:(0.088, 0.990, -0.112);Ground_Mountain_2_3:(0.088, 0.990, -0.112);Ground_Mountain_2_3:(0.088, 0.990, -0.112);Ground_Mountain_2_3:(0.088, 0.990, -0.112);Ground_Mountain_2_3:(0.088, 0.990, -0.112);"
8.120,485.029,1047.520,155.151,55.750,15.866,7.311,-2.288,-13.895,0.089,0.000,0.024,4,9.934,0.288,0.989,"Ground_Mountain_2_3:(0.092, 0.990, -0.111);Ground_Mountain_2_3:(0.092, 0.990, -0.111);Ground_Mountain_2_3:(0.092, 0.990, -0.111);Ground_Mountain_2_3:(0.092, 0.990, -0.111);Ground_Mountain_2_3:(0.092, 0.990, -0.111);Ground_Mountain_2_3:(0.092, 0.990, -0.111);"
8.140,484.712,1047.666,155.105,55.471,15.906,7.307,-2.289,-13.942,0.067,0.000,0.024,4,9.895,0.238,0.989,"Ground_Mountain_2_3:(0.092, 0.990, -0.111);Ground_Mountain_2_3:(0.092, 0.990, -0.111);Ground_Mountain_2_3:(0.092, 0.990, -0.111);Ground_Mountain_2_3:(0.092, 0.990, -0.111);Ground_Mountain_2_3:(0.092, 0.990, -0.111);Ground_Mountain_2_3:(0.092, 0.990, -0.111);"
8.160,484.394,1047.811,155.060,55.194,15.796,7.236,-2.271,-13.858,0.047,0.000,0.026,4,9.795,0.119,0.989,"Ground_Mountain_2_3:(0.092, 0.990, -0.111);Ground_Mountain_2_3:(0.092, 0.990, -0.111);Ground_Mountain_2_3:(0.092, 0.990, -0.111);Ground_Mountain_2_3:(0.092, 0.990, -0.111);Ground_Mountain_2_3:(0.092, 0.990, -0.111);Ground_Mountain_2_3:(0.092, 0.990, -0.111);"
8.180,484.192,1047.955,155.014,54.916,15.845,7.234,-2.278,-13.913,0.102,0.000,0.026,4,9.691,0.079,0.989,"Ground_Mountain_2_3:(0.079, 0.989, -0.124);Ground_Mountain_2_3:(0.079, 0.989, -0.124);Ground_Mountain_2_3:(0.079, 0.989, -0.124);Ground_Mountain_2_3:(0.079, 0.989, -0.124);Ground_Mountain_2_3:(0.079, 0.989, -0.124);Ground_Mountain_2_3:(0.079, 0.989, -0.124);"
8.200,483.875,1048.099,154.968,54.636,15.887,7.229,-2.287,-13.962,0.077,0.000,0.027,4,9.555,0.110,0.989,"Ground_Mountain_2_3:(0.078, 0.989, -0.125);Ground_Mountain_2_3:(0.078, 0.989, -0.125);Ground_Mountain_2_3:(0.078, 0.989, -0.125);Ground_Mountain_2_3:(0.078, 0.989, -0.125);Ground_Mountain_2_3:(0.078, 0.989, -0.125);Ground_Mountain_2_3:(0.078, 0.989, -0.125);"
8.220,483.557,1048.244,154.922,54.356,15.924,7.220,-2.296,-14.006,0.056,0.000,0.027,4,9.473,0.153,0.989,"Ground_Mountain_2_3:(0.082, 0.989, -0.120);Ground_Mountain_2_3:(0.082, 0.989, -0.120);Ground_Mountain_2_3:(0.082, 0.989, -0.120);Ground_Mountain_2_3:(0.082, 0.989, -0.120);Ground_Mountain_2_3:(0.082, 0.989, -0.120);Ground_Mountain_2_3:(0.082, 0.989, -0.120);"
8.240,483.238,1048.387,154.877,54.077,15.812,7.145,-2.283,-13.921,0.038,0.000,0.028,4,9.580,0.275,0.989,"Ground_Mountain_2_3:(0.082, 0.989, -0.120);Ground_Mountain_2_3:(0.082, 0.989, -0.120);Ground_Mountain_2_3:(0.082, 0.989, -0.120);Ground_Mountain_2_3:(0.082, 0.989, -0.120);Ground_Mountain_2_3:(0.082, 0.989, -0.120);Ground_Mountain_2_3:(0.082, 0.989, -0.120);"
8.260,482.922,1048.529,154.831,53.798,15.859,7.139,-2.291,-13.975,0.094,0.000,0.028,4,9.601,0.115,0.989,"Ground_Mountain_2_3:(0.091, 0.989, -0.115);Ground_Mountain_2_3:(0.091, 0.989, -0.115);Ground_Mountain_2_3:(0.091, 0.989, -0.115);Ground_Mountain_2_3:(0.091, 0.989, -0.115);Ground_Mountain_2_3:(0.091, 0.989, -0.115);Ground_Mountain_2_3:(0.091, 0.989, -0.115);"
8.280,482.605,1048.672,154.785,53.517,15.899,7.130,-2.298,-14.025,0.071,0.000,0.029,4,9.593,0.109,0.989,"Ground_Mountain_2_3:(0.091, 0.989, -0.115);Ground_Mountain_2_3:(0.091, 0.989, -0.115);Ground_Mountain_2_3:(0.091, 0.989, -0.115);Ground_Mountain_2_3:(0.091, 0.989, -0.115);Ground_Mountain_2_3:(0.091, 0.989, -0.115);Ground_Mountain_2_3:(0.091, 0.989, -0.115);"
8.300,482.309,1048.814,154.739,53.236,15.934,7.118,-2.305,-14.069,0.050,0.000,0.030,4,9.547,0.189,0.989,"Ground_Mountain_2_3:(0.091, 0.989, -0.115);Ground_Mountain_2_3:(0.091, 0.989, -0.115);Ground_Mountain_2_3:(0.091, 0.989, -0.115);Ground_Mountain_2_3:(0.091, 0.989, -0.115);Ground_Mountain_2_3:(0.091, 0.989, -0.115);Ground_Mountain_2_3:(0.091, 0.989, -0.115);"
8.320,482.086,1048.955,154.693,52.956,15.821,7.039,-2.293,-13.983,0.033,0.000,0.031,4,9.486,0.039,0.989,"Ground_Mountain_2_3:(0.080, 0.989, -0.121);Ground_Mountain_2_3:(0.080, 0.989, -0.121);Ground_Mountain_2_3:(0.080, 0.989, -0.121);Ground_Mountain_2_3:(0.080, 0.989, -0.121);Ground_Mountain_2_3:(0.080, 0.989, -0.121);Ground_Mountain_2_3:(0.080, 0.989, -0.121);"
8.340,481.769,1049.095,154.647,52.675,15.866,7.030,-2.300,-14.038,0.090,0.000,0.031,4,9.614,0.130,0.989,"Ground_Mountain_2_3:(0.085, 0.990, -0.117);Ground_Mountain_2_3:(0.085, 0.990, -0.117);Ground_Mountain_2_3:(0.085, 0.990, -0.117);Ground_Mountain_2_3:(0.085, 0.990, -0.117);Ground_Mountain_2_3:(0.085, 0.990, -0.117);Ground_Mountain_2_3:(0.085, 0.990, -0.117);"
8.360,481.452,1049.236,154.601,52.393,15.906,7.017,-2.304,-14.088,0.067,0.000,0.032,4,9.754,0.106,0.989,"Ground_Mountain_2_3:(0.080, 0.990, -0.117);Ground_Mountain_2_3:(0.080, 0.990, -0.117);Ground_Mountain_2_3:(0.080, 0.990, -0.117);Ground_Mountain_2_3:(0.080, 0.990, -0.117);Ground_Mountain_2_3:(0.080, 0.990, -0.117);Ground_Mountain_2_3:(0.080, 0.990, -0.117);"
8.380,481.134,1049.374,154.555,52.113,15.796,6.940,-2.286,-14.006,0.047,0.000,0.032,4,9.845,0.084,0.989,"Ground_Mountain_2_3:(0.080, 0.990, -0.117);Ground_Mountain_2_3:(0.080, 0.990, -0.117);Ground_Mountain_2_3:(0.080, 0.990, -0.117);Ground_Mountain_2_3:(0.080, 0.990, -0.117);Ground_Mountain_2_3:(0.080, 0.990, -0.117);Ground_Mountain_2_3:(0.080, 0.990, -0.117);"
8.400,480.818,1049.513,154.510,51.832,15.845,6.930,-2.288,-14.066,0.102,0.000,0.033,4,9.923,0.066,0.989,"Ground_Mountain_2_3:(0.085, 0.989, -0.117);Ground_Mountain_2_3:(0.085, 0.989, -0.117);Ground_Mountain_2_3:(0.085, 0.989, -0.117);Ground_Mountain_2_3:(0.085, 0.989, -0.117);Ground_Mountain_2_3:(0.085, 0.989, -0.117);Ground_Mountain_2_3:(0.085, 0.989, -0.117);"
8.420,480.501,1049.651,154.464,51.550,15.887,6.916,-2.289,-14.119,0.078,0.000,0.034,4,9.954,0.251,0.989,"Ground_Mountain_2_3:(0.085, 0.989, -0.117);Ground_Mountain_2_3:(0.085, 0.989, -0.117);Ground_Mountain_2_3:(0.085, 0.989, -0.117);Ground_Mountain_2_3:(0.085, 0.989, -0.117);Ground_Mountain_2_3:(0.085, 0.989, -0.117);Ground_Mountain_2_3:(0.085, 0.989, -0.117);"
8.440,480.309,1049.789,154.418,51.266,15.923,6.899,-2.290,-14.168,0.057,0.000,0.035,4,9.865,0.131,0.989,"Ground_Mountain_2_3:(0.085, 0.989, -0.117);Ground_Mountain_2_3:(0.085, 0.989, -0.117);Ground_Mountain_2_3:(0.085, 0.989, -0.117);Ground_Mountain_2_3:(0.085, 0.989, -0.117);Ground_Mountain_2_3:(0.085, 0.989, -0.117);Ground_Mountain_2_3:(0.085, 0.989, -0.117);"
8.460,479.991,1049.925,154.373,50.984,15.811,6.818,-2.272,-14.085,0.038,0.000,0.035,4,9.754,0.091,0.989,"Ground_Mountain_2_3:(0.085, 0.989, -0.117);Ground_Mountain_2_3:(0.085, 0.989, -0.117);Ground_Mountain_2_3:(0.085, 0.989, -0.117);Ground_Mountain_2_3:(0.085, 0.989, -0.117);Ground_Mountain_2_3:(0.085, 0.989, -0.117);Ground_Mountain_2_3:(0.085, 0.989, -0.117);"
8.480,479.674,1050.061,154.327,50.701,15.858,6.803,-2.280,-14.143,0.094,0.000,0.036,4,9.606,0.177,0.989,"Ground_Mountain_2_3:(0.073, 0.989, -0.127);Ground_Mountain_2_3:(0.073, 0.989, -0.127);Ground_Mountain_2_3:(0.073, 0.989, -0.127);Ground_Mountain_2_3:(0.073, 0.989, -0.127);Ground_Mountain_2_3:(0.073, 0.989, -0.127);Ground_Mountain_2_3:(0.073, 0.989, -0.127);"
8.500,479.357,1050.197,154.281,50.417,15.898,6.785,-2.289,-14.196,0.071,0.000,0.036,4,9.483,0.247,0.989,"Ground_Mountain_2_3:(0.078, 0.990, -0.119);Ground_Mountain_2_3:(0.078, 0.990, -0.119);Ground_Mountain_2_3:(0.078, 0.990, -0.119);Ground_Mountain_2_3:(0.078, 0.990, -0.119);Ground_Mountain_2_3:(0.078, 0.990, -0.119);Ground_Mountain_2_3:(0.078, 0.990, -0.119);"
8.520,479.039,1050.332,154.235,50.132,15.933,6.763,-2.293,-14.244,0.051,0.000,0.037,4,9.691,0.440,0.989,"Ground_Mountain_2_3:(0.078, 0.990, -0.119);Ground_Mountain_2_3:(0.078, 0.990, -0.119);Ground_Mountain_2_3:(0.078, 0.990, -0.119);Ground_Mountain_2_3:(0.078, 0.990, -0.119);Ground_Mountain_2_3:(0.078, 0.990, -0.119);Ground_Mountain_2_3:(0.078, 0.990, -0.119);"
8.540,478.720,1050.465,154.190,49.849,15.820,6.680,-2.275,-14.160,0.034,0.000,0.038,4,9.787,0.159,0.989,"Ground_Mountain_2_3:(0.082, 0.990, -0.112);Ground_Mountain_2_3:(0.082, 0.990, -0.112);Ground_Mountain_2_3:(0.082, 0.990, -0.112);Ground_Mountain_2_3:(0.082, 0.990, -0.112);Ground_Mountain_2_3:(0.082, 0.990, -0.112);Ground_Mountain_2_3:(0.082, 0.990, -0.112);"
8.560,478.404,1050.599,154.144,49.565,15.865,6.662,-2.277,-14.219,0.090,0.000,0.038,4,9.847,0.134,0.989,"Ground_Mountain_2_3:(0.082, 0.990, -0.112);Ground_Mountain_2_3:(0.082, 0.990, -0.112);Ground_Mountain_2_3:(0.082, 0.990, -0.112);Ground_Mountain_2_3:(0.082, 0.990, -0.112);Ground_Mountain_2_3:(0.082, 0.990, -0.112);Ground_Mountain_2_3:(0.082, 0.990, -0.112);"
8.580,478.218,1050.731,154.099,49.279,15.904,6.640,-2.279,-14.273,0.068,0.000,0.039,4,9.854,0.146,0.989,"Ground_Mountain_2_3:(0.082, 0.990, -0.112);Ground_Mountain_2_3:(0.082, 0.990, -0.112);Ground_Mountain_2_3:(0.082, 0.990, -0.112);Ground_Mountain_2_3:(0.082, 0.990, -0.112);Ground_Mountain_2_3:(0.082, 0.990, -0.112);Ground_Mountain_2_3:(0.082, 0.990, -0.112);"
8.600,477.900,1050.862,154.053,48.995,15.795,6.557,-2.262,-14.192,0.048,0.000,0.040,4,9.732,0.176,0.989,"Ground_Mountain_2_3:(0.074, 0.990, -0.120);Ground_Mountain_2_3:(0.074, 0.990, -0.120);Ground_Mountain_2_3:(0.074, 0.990, -0.120);Ground_Mountain_2_3:(0.074, 0.990, -0.120);Ground_Mountain_2_3:(0.074, 0.990, -0.120);Ground_Mountain_2_3:(0.074, 0.990, -0.120);"
8.620,477.584,1050.993,154.008,48.710,15.843,6.537,-2.262,-14.255,0.103,0.000,0.040,4,9.930,0.213,0.989,"Ground_Mountain_2_3:(0.079, 0.991, -0.112);Ground_Mountain_2_3:(0.079, 0.991, -0.112);Ground_Mountain_2_3:(0.079, 0.991, -0.112);Ground_Mountain_2_3:(0.079, 0.991, -0.112);Ground_Mountain_2_3:(0.079, 0.991, -0.112);Ground_Mountain_2_3:(0.079, 0.991, -0.112);"
8.640,477.267,1051.123,153.963,48.424,15.885,6.514,-2.258,-14.313,0.078,0.000,0.041,4,10.189,0.188,0.990,"Ground_Mountain_2_3:(0.063, 0.991, -0.120);Ground_Mountain_2_3:(0.063, 0.991, -0.120);Ground_Mountain_2_3:(0.063, 0.991, -0.120);Ground_Mountain_2_3:(0.063, 0.991, -0.120);Ground_Mountain_2_3:(0.063, 0.991, -0.120);Ground_Mountain_2_3:(0.063, 0.991, -0.120);"
8.660,476.950,1051.253,153.918,48.137,15.921,6.489,-2.249,-14.366,0.057,0.000,0.042,4,10.373,0.155,0.990,"Ground_Mountain_2_3:(0.063, 0.991, -0.120);Ground_Mountain_2_3:(0.063, 0.991, -0.120);Ground_Mountain_2_3:(0.063, 0.991, -0.120);Ground_Mountain_2_3:(0.063, 0.991, -0.120);Ground_Mountain_2_3:(0.063, 0.991, -0.120);Ground_Mountain_2_3:(0.063, 0.991, -0.120);"
8.680,476.631,1051.380,153.874,47.852,15.809,6.404,-2.218,-14.285,0.039,0.000,0.042,4,10.517,0.131,0.990,"Ground_Mountain_2_3:(0.063, 0.991, -0.120);Ground_Mountain_2_3:(0.063, 0.991, -0.120);Ground_Mountain_2_3:(0.063, 0.991, -0.120);Ground_Mountain_2_3:(0.063, 0.991, -0.120);Ground_Mountain_2_3:(0.063, 0.991, -0.120);Ground_Mountain_2_3:(0.063, 0.991, -0.120);"
8.700,476.452,1051.508,153.830,47.565,15.855,6.380,-2.209,-14.347,0.096,0.000,0.043,4,10.532,0.429,0.990,"Ground_Mountain_2_3:(0.091, 0.989, -0.119);Ground_Mountain_2_3:(0.091, 0.989, -0.119);Ground_Mountain_2_3:(0.091, 0.989, -0.119);Ground_Mountain_2_3:(0.091, 0.989, -0.119);Ground_Mountain_2_3:(0.091, 0.989, -0.119);Ground_Mountain_2_3:(0.091, 0.989, -0.119);"
8.720,476.138,1051.635,153.786,47.277,15.895,6.353,-2.199,-14.405,0.073,0.000,0.043,4,10.476,0.362,0.990,"Ground_Mountain_2_3:(0.091, 0.989, -0.119);Ground_Mountain_2_3:(0.091, 0.989, -0.119);Ground_Mountain_2_3:(0.091, 0.989, -0.119);Ground_Mountain_2_3:(0.091, 0.989, -0.119);Ground_Mountain_2_3:(0.091, 0.989, -0.119);Ground_Mountain_2_3:(0.091, 0.989, -0.119);"
8.740,475.821,1051.761,153.742,46.987,15.929,6.323,-2.191,-14.457,0.053,0.000,0.044,4,10.315,0.278,0.990,"Ground_Mountain_2_3:(0.082, 0.988, -0.128);Ground_Mountain_2_3:(0.082, 0.988, -0.128);Ground_Mountain_2_3:(0.082, 0.988, -0.128);Ground_Mountain_2_3:(0.082, 0.988, -0.128);Ground_Mountain_2_3:(0.082, 0.988, -0.128);Ground_Mountain_2_3:(0.082, 0.988, -0.128);"
8.760,475.502,1051.885,153.699,46.700,15.815,6.235,-2.166,-14.374,0.036,0.000,0.045,4,10.078,0.220,0.990,"Ground_Mountain_2_3:(0.055, 0.990, -0.131);Ground_Mountain_2_3:(0.055, 0.990, -0.131);Ground_Mountain_2_3:(0.055, 0.990, -0.131);Ground_Mountain_2_3:(0.055, 0.990, -0.131);Ground_Mountain_2_3:(0.055, 0.990, -0.131);Ground_Mountain_2_3:(0.055, 0.990, -0.131);Ground_Mountain_2_3:(0.138, 0.986, -0.094);Ground_Mountain_2_3:(0.138, 0.986, -0.094);Ground_Mountain_2_3:(0.138, 0.986, -0.094);Ground_Mountain_2_3:(0.138, 0.986, -0.094);Ground_Mountain_2_3:(0.138, 0.986, -0.094);Ground_Mountain_2_3:(0.138, 0.986, -0.094);"
8.780,475.186,1052.009,153.655,46.411,15.860,6.206,-2.169,-14.435,0.092,0.000,0.045,4,9.838,0.249,0.990,"Ground_Mountain_2_3:(0.055, 0.990, -0.130);Ground_Mountain_2_3:(0.055, 0.990, -0.130);Ground_Mountain_2_3:(0.055, 0.990, -0.130);Ground_Mountain_2_3:(0.055, 0.990, -0.130);Ground_Mountain_2_3:(0.055, 0.990, -0.130);Ground_Mountain_2_3:(0.055, 0.990, -0.130);Ground_Mountain_2_3:(0.138, 0.987, -0.084);Ground_Mountain_2_3:(0.138, 0.987, -0.084);Ground_Mountain_2_3:(0.138, 0.987, -0.084);Ground_Mountain_2_3:(0.138, 0.987, -0.084);Ground_Mountain_2_3:(0.138, 0.987, -0.084);Ground_Mountain_2_3:(0.138, 0.987, -0.084);"
8.800,474.869,1052.133,153.612,46.121,15.899,6.174,-2.172,-14.491,0.070,0.000,0.046,4,9.772,0.245,0.990,"Ground_Mountain_2_3:(0.057, 0.990, -0.133);Ground_Mountain_2_3:(0.057, 0.990, -0.133);Ground_Mountain_2_3:(0.057, 0.990, -0.133);Ground_Mountain_2_3:(0.057, 0.990, -0.133);Ground_Mountain_2_3:(0.057, 0.990, -0.133);Ground_Mountain_2_3:(0.057, 0.990, -0.133);Ground_Mountain_2_3:(0.138, 0.987, -0.084);Ground_Mountain_2_3:(0.138, 0.987, -0.084);Ground_Mountain_2_3:(0.138, 0.987, -0.084);Ground_Mountain_2_3:(0.138, 0.987, -0.084);Ground_Mountain_2_3:(0.138, 0.987, -0.084);Ground_Mountain_2_3:(0.138, 0.987, -0.084);"
8.820,474.551,1052.256,153.568,45.830,15.932,6.140,-2.174,-14.542,0.051,0.000,0.046,4,9.769,0.241,0.990,"Ground_Mountain_2_3:(0.057, 0.990, -0.133);Ground_Mountain_2_3:(0.057, 0.990, -0.133);Ground_Mountain_2_3:(0.057, 0.990, -0.133);Ground_Mountain_2_3:(0.057, 0.990, -0.133);Ground_Mountain_2_3:(0.057, 0.990, -0.133);Ground_Mountain_2_3:(0.057, 0.990, -0.133);Ground_Mountain_2_3:(0.138, 0.987, -0.084);Ground_Mountain_2_3:(0.138, 0.987, -0.084);Ground_Mountain_2_3:(0.138, 0.987, -0.084);Ground_Mountain_2_3:(0.138, 0.987, -0.084);Ground_Mountain_2_3:(0.138, 0.987, -0.084);Ground_Mountain_2_3:(0.138, 0.987, -0.084);"
8.840,474.378,1052.376,153.525,45.541,15.818,6.049,-2.159,-14.458,0.034,0.000,0.047,4,9.512,0.216,0.990,"Ground_Mountain_2_3:(0.056, 0.989, -0.134);Ground_Mountain_2_3:(0.056, 0.989, -0.134);Ground_Mountain_2_3:(0.056, 0.989, -0.134);Ground_Mountain_2_3:(0.056, 0.989, -0.134);Ground_Mountain_2_3:(0.056, 0.989, -0.134);Ground_Mountain_2_3:(0.056, 0.989, -0.134);Ground_Mountain_2_3:(0.138, 0.986, -0.094);Ground_Mountain_2_3:(0.138, 0.986, -0.094);Ground_Mountain_2_3:(0.138, 0.986, -0.094);Ground_Mountain_2_3:(0.138, 0.986, -0.094);Ground_Mountain_2_3:(0.138, 0.986, -0.094);Ground_Mountain_2_3:(0.138, 0.986, -0.094);"
8.860,474.061,1052.497,153.482,45.250,15.862,6.015,-2.176,-14.518,0.091,0.000,0.047,4,9.137,0.165,0.990,"Ground_Mountain_2_3:(0.056, 0.989, -0.134);Ground_Mountain_2_3:(0.056, 0.989, -0.134);Ground_Mountain_2_3:(0.056, 0.989, -0.134);Ground_Mountain_2_3:(0.056, 0.989, -0.134);Ground_Mountain_2_3:(0.056, 0.989, -0.134);Ground_Mountain_2_3:(0.056, 0.989, -0.134);Ground_Mountain_2_3:(0.138, 0.986, -0.094);Ground_Mountain_2_3:(0.138, 0.986, -0.094);Ground_Mountain_2_3:(0.138, 0.986, -0.094);Ground_Mountain_2_3:(0.138, 0.986, -0.094);Ground_Mountain_2_3:(0.138, 0.986, -0.094);Ground_Mountain_2_3:(0.138, 0.986, -0.094);"
8.880,473.744,1052.616,153.438,44.959,15.901,5.979,-2.197,-14.572,0.069,0.000,0.048,4,8.826,0.508,0.990,"Ground_Mountain_2_3:(0.056, 0.989, -0.134);Ground_Mountain_2_3:(0.056, 0.989, -0.134);Ground_Mountain_2_3:(0.056, 0.989, -0.134);Ground_Mountain_2_3:(0.056, 0.989, -0.134);Ground_Mountain_2_3:(0.056, 0.989, -0.134);Ground_Mountain_2_3:(0.056, 0.989, -0.134);Ground_Mountain_2_3:(0.138, 0.986, -0.094);Ground_Mountain_2_3:(0.138, 0.986, -0.094);Ground_Mountain_2_3:(0.138, 0.986, -0.094);Ground_Mountain_2_3:(0.138, 0.986, -0.094);Ground_Mountain_2_3:(0.138, 0.986, -0.094);Ground_Mountain_2_3:(0.138, 0.986, -0.094);"
8.900,473.426,1052.734,153.394,44.669,15.791,5.887,-2.201,-14.489,0.050,0.000,0.049,4,8.670,0.209,0.990,"Ground_Mountain_2_3:(0.070, 0.990, -0.122);Ground_Mountain_2_3:(0.070, 0.990, -0.122);Ground_Mountain_2_3:(0.070, 0.990, -0.122);Ground_Mountain_2_3:(0.070, 0.990, -0.122);Ground_Mountain_2_3:(0.070, 0.990, -0.122);Ground_Mountain_2_3:(0.070, 0.990, -0.122);"
8.920,473.110,1052.851,153.349,44.378,15.839,5.852,-2.225,-14.552,0.104,0.000,0.049,4,8.731,0.346,0.990,"Ground_Mountain_2_3:(0.067, 0.990, -0.120);Ground_Mountain_2_3:(0.067, 0.990, -0.120);Ground_Mountain_2_3:(0.067, 0.990, -0.120);Ground_Mountain_2_3:(0.067, 0.990, -0.120);Ground_Mountain_2_3:(0.067, 0.990, -0.120);Ground_Mountain_2_3:(0.067, 0.990, -0.120);"
8.940,472.793,1052.968,153.304,44.085,15.881,5.813,-2.245,-14.610,0.080,0.000,0.050,4,8.963,0.338,0.990,"Ground_Mountain_2_3:(0.072, 0.990, -0.117);Ground_Mountain_2_3:(0.072, 0.990, -0.117);Ground_Mountain_2_3:(0.072, 0.990, -0.117);Ground_Mountain_2_3:(0.072, 0.990, -0.117);Ground_Mountain_2_3:(0.072, 0.990, -0.117);Ground_Mountain_2_3:(0.072, 0.990, -0.117);"
8.960,472.631,1053.083,153.259,43.792,15.917,5.773,-2.261,-14.663,0.059,0.000,0.050,4,9.085,0.306,0.989,"Ground_Mountain_2_3:(0.072, 0.990, -0.118);Ground_Mountain_2_3:(0.072, 0.990, -0.118);Ground_Mountain_2_3:(0.072, 0.990, -0.118);Ground_Mountain_2_3:(0.072, 0.990, -0.118);Ground_Mountain_2_3:(0.072, 0.990, -0.118);Ground_Mountain_2_3:(0.072, 0.990, -0.118);"
8.980,472.313,1053.197,153.214,43.500,15.806,5.680,-2.255,-14.579,0.041,0.000,0.051,4,9.224,0.255,0.989,"Ground_Mountain_2_3:(0.055, 0.990, -0.126);Ground_Mountain_2_3:(0.055, 0.990, -0.126);Ground_Mountain_2_3:(0.055, 0.990, -0.126);Ground_Mountain_2_3:(0.055, 0.990, -0.126);Ground_Mountain_2_3:(0.055, 0.990, -0.126);Ground_Mountain_2_3:(0.055, 0.990, -0.126);"
9.000,471.996,1053.309,153.168,43.207,15.852,5.641,-2.267,-14.643,0.097,0.000,0.051,4,9.386,0.191,0.989,"Ground_Mountain_2_3:(0.055, 0.990, -0.126);Ground_Mountain_2_3:(0.055, 0.990, -0.126);Ground_Mountain_2_3:(0.055, 0.990, -0.126);Ground_Mountain_2_3:(0.055, 0.990, -0.126);Ground_Mountain_2_3:(0.055, 0.990, -0.126);Ground_Mountain_2_3:(0.055, 0.990, -0.126);"
9.020,471.679,1053.421,153.123,42.913,15.892,5.599,-2.276,-14.701,0.074,0.000,0.052,4,9.514,0.241,0.990,"Ground_Mountain_2_3:(0.055, 0.990, -0.126);Ground_Mountain_2_3:(0.055, 0.990, -0.126);Ground_Mountain_2_3:(0.055, 0.990, -0.126);Ground_Mountain_2_3:(0.055, 0.990, -0.126);Ground_Mountain_2_3:(0.055, 0.990, -0.126);Ground_Mountain_2_3:(0.055, 0.990, -0.126);"
9.040,471.362,1053.532,153.077,42.618,15.927,5.556,-2.276,-14.755,0.054,0.000,0.053,4,9.896,0.192,0.990,"Ground_Mountain_2_3:(0.067, 0.990, -0.127);Ground_Mountain_2_3:(0.067, 0.990, -0.127);Ground_Mountain_2_3:(0.067, 0.990, -0.127);Ground_Mountain_2_3:(0.067, 0.990, -0.127);Ground_Mountain_2_3:(0.067, 0.990, -0.127);Ground_Mountain_2_3:(0.067, 0.990, -0.127);"
9.060,471.043,1053.641,153.032,42.325,15.813,5.462,-2.251,-14.671,0.037,0.000,0.053,4,10.258,0.243,0.990,"Ground_Mountain_2_3:(0.207, 0.976, -0.065);Ground_Mountain_2_3:(0.207, 0.976, -0.065);Ground_Mountain_2_3:(0.207, 0.976, -0.065);Ground_Mountain_2_3:(0.207, 0.976, -0.065);Ground_Mountain_2_3:(0.207, 0.976, -0.065);Ground_Mountain_2_3:(0.074, 0.990, -0.122);Ground_Mountain_2_3:(0.074, 0.990, -0.122);Ground_Mountain_2_3:(0.074, 0.990, -0.122);Ground_Mountain_2_3:(0.074, 0.990, -0.122);Ground_Mountain_2_3:(0.074, 0.990, -0.122);Ground_Mountain_2_3:(0.074, 0.990, -0.122);"
9.080,470.810,1053.749,152.988,42.031,15.858,5.421,-2.239,-14.737,0.093,0.000,0.053,4,10.534,0.248,0.990,"Ground_Mountain_2_3:(0.207, 0.976, -0.065);Ground_Mountain_2_3:(0.207, 0.976, -0.065);Ground_Mountain_2_3:(0.207, 0.976, -0.065);Ground_Mountain_2_3:(0.207, 0.976, -0.065);Ground_Mountain_2_3:(0.207, 0.976, -0.065);Ground_Mountain_2_3:(0.074, 0.990, -0.122);Ground_Mountain_2_3:(0.074, 0.990, -0.122);Ground_Mountain_2_3:(0.074, 0.990, -0.122);Ground_Mountain_2_3:(0.074, 0.990, -0.122);Ground_Mountain_2_3:(0.074, 0.990, -0.122);Ground_Mountain_2_3:(0.074, 0.990, -0.122);"
9.100,470.575,1053.856,152.943,41.735,15.897,5.377,-2.225,-14.797,0.071,0.000,0.054,4,10.618,0.254,0.990,"Ground_Mountain_2_3:(0.207, 0.976, -0.065);Ground_Mountain_2_3:(0.207, 0.976, -0.065);Ground_Mountain_2_3:(0.207, 0.976, -0.065);Ground_Mountain_2_3:(0.207, 0.976, -0.065);Ground_Mountain_2_3:(0.207, 0.976, -0.065);Ground_Mountain_2_3:(0.074, 0.990, -0.122);Ground_Mountain_2_3:(0.074, 0.990, -0.122);Ground_Mountain_2_3:(0.074, 0.990, -0.122);Ground_Mountain_2_3:(0.074, 0.990, -0.122);Ground_Mountain_2_3:(0.074, 0.990, -0.122);Ground_Mountain_2_3:(0.074, 0.990, -0.122);"
9.120,470.257,1053.963,152.899,41.438,15.930,5.330,-2.210,-14.851,0.052,0.000,0.054,4,10.622,0.251,0.990,"Ground_Mountain_2_3:(0.207, 0.976, -0.065);Ground_Mountain_2_3:(0.207, 0.976, -0.065);Ground_Mountain_2_3:(0.207, 0.976, -0.065);Ground_Mountain_2_3:(0.207, 0.976, -0.065);Ground_Mountain_2_3:(0.207, 0.976, -0.065);Ground_Mountain_2_3:(0.070, 0.990, -0.126);Ground_Mountain_2_3:(0.070, 0.990, -0.126);Ground_Mountain_2_3:(0.070, 0.990, -0.126);Ground_Mountain_2_3:(0.070, 0.990, -0.126);Ground_Mountain_2_3:(0.070, 0.990, -0.126);Ground_Mountain_2_3:(0.070, 0.990, -0.126);"
9.140,469.938,1054.068,152.856,41.143,15.815,5.235,-2.176,-14.767,0.035,0.000,0.055,4,10.493,0.488,0.990,"Ground_Mountain_2_3:(0.207, 0.976, -0.065);Ground_Mountain_2_3:(0.207, 0.976, -0.065);Ground_Mountain_2_3:(0.207, 0.976, -0.065);Ground_Mountain_2_3:(0.207, 0.976, -0.065);Ground_Mountain_2_3:(0.207, 0.976, -0.065);Ground_Mountain_2_3:(0.070, 0.990, -0.126);Ground_Mountain_2_3:(0.070, 0.990, -0.126);Ground_Mountain_2_3:(0.070, 0.990, -0.126);Ground_Mountain_2_3:(0.070, 0.990, -0.126);Ground_Mountain_2_3:(0.070, 0.990, -0.126);Ground_Mountain_2_3:(0.070, 0.990, -0.126);"
9.160,469.622,1054.171,152.812,40.846,15.859,5.190,-2.170,-14.831,0.092,0.000,0.055,4,10.207,0.353,0.990,"Ground_Mountain_2_3:(0.207, 0.976, -0.065);Ground_Mountain_2_3:(0.207, 0.976, -0.065);Ground_Mountain_2_3:(0.207, 0.976, -0.065);Ground_Mountain_2_3:(0.207, 0.976, -0.065);Ground_Mountain_2_3:(0.207, 0.976, -0.065);Ground_Mountain_2_3:(0.083, 0.989, -0.126);Ground_Mountain_2_3:(0.083, 0.989, -0.126);Ground_Mountain_2_3:(0.083, 0.989, -0.126);Ground_Mountain_2_3:(0.083, 0.989, -0.126);Ground_Mountain_2_3:(0.083, 0.989, -0.126);Ground_Mountain_2_3:(0.083, 0.989, -0.126);"
9.180,469.305,1054.274,152.769,40.548,15.897,5.141,-2.170,-14.889,0.070,0.000,0.055,4,9.842,0.618,0.990,"Ground_Mountain_2_3:(0.207, 0.975, -0.084);Ground_Mountain_2_3:(0.207, 0.975, -0.084);Ground_Mountain_2_3:(0.207, 0.975, -0.084);Ground_Mountain_2_3:(0.207, 0.975, -0.084);Ground_Mountain_2_3:(0.207, 0.975, -0.084);Ground_Mountain_2_3:(0.207, 0.975, -0.084);Ground_Mountain_2_3:(0.093, 0.990, -0.111);Ground_Mountain_2_3:(0.093, 0.990, -0.111);Ground_Mountain_2_3:(0.093, 0.990, -0.111);Ground_Mountain_2_3:(0.093, 0.990, -0.111);Ground_Mountain_2_3:(0.093, 0.990, -0.111);Ground_Mountain_2_3:(0.093, 0.990, -0.111);"
9.200,468.987,1054.376,152.725,40.249,15.930,5.090,-2.171,-14.942,0.051,0.000,0.055,4,9.685,0.739,0.990,"Ground_Mountain_2_3:(0.040, 0.991, -0.129);Ground_Mountain_2_3:(0.040, 0.991, -0.129);Ground_Mountain_2_3:(0.040, 0.991, -0.129);Ground_Mountain_2_3:(0.100, 0.988, -0.120);Ground_Mountain_2_3:(0.100, 0.988, -0.120);Ground_Mountain_2_3:(0.100, 0.988, -0.120);Ground_Mountain_2_3:(0.100, 0.988, -0.120);Ground_Mountain_2_3:(0.100, 0.988, -0.120);Ground_Mountain_2_3:(0.100, 0.988, -0.120);"
9.220,468.843,1054.476,152.682,39.952,15.815,4.994,-2.152,-14.855,0.035,0.000,0.056,4,9.706,0.298,0.990,"Ground_Mountain_2_3:(0.040, 0.991, -0.129);Ground_Mountain_2_3:(0.040, 0.991, -0.129);Ground_Mountain_2_3:(0.040, 0.991, -0.129);Ground_Mountain_2_3:(0.100, 0.988, -0.120);Ground_Mountain_2_3:(0.100, 0.988, -0.120);Ground_Mountain_2_3:(0.100, 0.988, -0.120);Ground_Mountain_2_3:(0.100, 0.988, -0.120);Ground_Mountain_2_3:(0.100, 0.988, -0.120);Ground_Mountain_2_3:(0.100, 0.988, -0.120);"
9.240,468.526,1054.575,152.639,39.653,15.859,4.945,-2.157,-14.917,0.092,0.000,0.056,4,9.575,0.555,0.990,"Ground_Mountain_2_3:(0.040, 0.991, -0.129);Ground_Mountain_2_3:(0.040, 0.991, -0.129);Ground_Mountain_2_3:(0.040, 0.991, -0.129);Ground_Mountain_2_3:(0.100, 0.988, -0.120);Ground_Mountain_2_3:(0.100, 0.988, -0.120);Ground_Mountain_2_3:(0.100, 0.988, -0.120);Ground_Mountain_2_3:(0.100, 0.988, -0.120);Ground_Mountain_2_3:(0.100, 0.988, -0.120);Ground_Mountain_2_3:(0.100, 0.988, -0.120);"
9.260,468.209,1054.673,152.596,39.354,15.897,4.893,-2.167,-14.973,0.070,0.000,0.056,4,9.312,0.172,0.990,"Ground_Mountain_2_3:(0.040, 0.991, -0.129);Ground_Mountain_2_3:(0.040, 0.991, -0.129);Ground_Mountain_2_3:(0.040, 0.991, -0.129);Ground_Mountain_2_3:(0.091, 0.987, -0.129);Ground_Mountain_2_3:(0.091, 0.987, -0.129);Ground_Mountain_2_3:(0.091, 0.987, -0.129);Ground_Mountain_2_3:(0.091, 0.987, -0.129);Ground_Mountain_2_3:(0.091, 0.987, -0.129);Ground_Mountain_2_3:(0.091, 0.987, -0.129);"
9.280,467.891,1054.770,152.552,39.053,15.931,4.839,-2.182,-15.024,0.051,0.000,0.056,4,9.017,0.168,0.990,"Ground_Mountain_2_3:(0.091, 0.989, -0.120);Ground_Mountain_2_3:(0.091, 0.989, -0.120);Ground_Mountain_2_3:(0.091, 0.989, -0.120);Ground_Mountain_2_3:(0.091, 0.989, -0.120);Ground_Mountain_2_3:(0.091, 0.989, -0.120);Ground_Mountain_2_3:(0.091, 0.989, -0.120);"
9.300,467.572,1054.865,152.508,38.755,15.816,4.742,-2.179,-14.934,0.035,0.000,0.056,4,8.988,0.399,0.990,"Ground_Mountain_2_3:(0.091, 0.989, -0.116);Ground_Mountain_2_3:(0.091, 0.989, -0.116);Ground_Mountain_2_3:(0.091, 0.989, -0.116);Ground_Mountain_2_3:(0.091, 0.989, -0.116);Ground_Mountain_2_3:(0.091, 0.989, -0.116);Ground_Mountain_2_3:(0.091, 0.989, -0.116);"
9.320,467.256,1054.959,152.465,38.455,15.860,4.690,-2.188,-14.995,0.092,0.000,0.056,4,9.397,0.210,0.990,"Ground_Mountain_2_3:(0.082, 0.991, -0.103);Ground_Mountain_2_3:(0.082, 0.991, -0.103);Ground_Mountain_2_3:(0.082, 0.991, -0.103);Ground_Mountain_2_3:(0.082, 0.991, -0.103);Ground_Mountain_2_3:(0.082, 0.991, -0.103);Ground_Mountain_2_3:(0.082, 0.991, -0.103);"
9.340,467.123,1055.052,152.421,38.154,15.898,4.636,-2.189,-15.052,0.070,0.000,0.056,4,9.782,0.270,0.990,"Ground_Mountain_2_3:(0.082, 0.991, -0.103);Ground_Mountain_2_3:(0.082, 0.991, -0.103);Ground_Mountain_2_3:(0.082, 0.991, -0.103);Ground_Mountain_2_3:(0.082, 0.991, -0.103);Ground_Mountain_2_3:(0.082, 0.991, -0.103);Ground_Mountain_2_3:(0.082, 0.991, -0.103);"
9.360,466.805,1055.144,152.377,37.852,15.930,4.582,-2.183,-15.104,0.051,0.000,0.056,4,10.139,0.431,0.990,"Ground_Mountain_2_3:(0.082, 0.991, -0.103);Ground_Mountain_2_3:(0.082, 0.991, -0.103);Ground_Mountain_2_3:(0.082, 0.991, -0.103);Ground_Mountain_2_3:(0.082, 0.991, -0.103);Ground_Mountain_2_3:(0.082, 0.991, -0.103);Ground_Mountain_2_3:(0.082, 0.991, -0.103);"
9.380,466.486,1055.234,152.334,37.552,15.815,4.487,-2.156,-15.015,0.035,0.000,0.056,4,10.264,0.385,0.990,"Ground_Mountain_2_3:(0.054, 0.992, -0.113);Ground_Mountain_2_3:(0.054, 0.992, -0.113);Ground_Mountain_2_3:(0.054, 0.992, -0.113);Ground_Mountain_2_3:(0.054, 0.992, -0.113);Ground_Mountain_2_3:(0.054, 0.992, -0.113);Ground_Mountain_2_3:(0.054, 0.992, -0.113);Ground_Mountain_2_3:(0.054, 0.992, -0.113);Ground_Mountain_2_3:(0.054, 0.992, -0.113);Ground_Mountain_2_3:(0.054, 0.992, -0.113);Ground_Mountain_2_3:(0.054, 0.992, -0.113);Ground_Mountain_2_3:(0.054, 0.992, -0.113);Ground_Mountain_2_3:(0.054, 0.992, -0.113);"
9.400,466.170,1055.322,152.291,37.251,15.859,4.434,-2.147,-15.078,0.092,0.000,0.056,4,10.374,0.345,0.990,"Ground_Mountain_2_3:(0.054, 0.991, -0.122);Ground_Mountain_2_3:(0.054, 0.991, -0.122);Ground_Mountain_2_3:(0.054, 0.991, -0.122);Ground_Mountain_2_3:(0.054, 0.991, -0.122);Ground_Mountain_2_3:(0.054, 0.991, -0.122);Ground_Mountain_2_3:(0.054, 0.991, -0.122);"
9.420,465.853,1055.410,152.249,36.948,15.896,4.380,-2.137,-15.135,0.071,0.000,0.056,4,10.385,0.488,0.990,"Ground_Mountain_2_3:(0.054, 0.991, -0.122);Ground_Mountain_2_3:(0.054, 0.991, -0.122);Ground_Mountain_2_3:(0.054, 0.991, -0.122);Ground_Mountain_2_3:(0.054, 0.991, -0.122);Ground_Mountain_2_3:(0.054, 0.991, -0.122);Ground_Mountain_2_3:(0.054, 0.991, -0.122);"
9.440,465.535,1055.496,152.206,36.645,15.929,4.323,-2.124,-15.187,0.052,0.000,0.056,4,10.546,0.495,0.990,"Ground_Mountain_2_3:(0.050, 0.991, -0.125);Ground_Mountain_2_3:(0.050, 0.991, -0.125);Ground_Mountain_2_3:(0.050, 0.991, -0.125);Ground_Mountain_2_3:(0.050, 0.991, -0.125);Ground_Mountain_2_3:(0.050, 0.991, -0.125);Ground_Mountain_2_3:(0.050, 0.991, -0.125);"
9.460,465.395,1055.580,152.164,36.343,15.813,4.230,-2.090,-15.097,0.036,0.000,0.056,4,10.687,0.419,0.990,"Ground_Mountain_2_3:(0.065, 0.991, -0.115);Ground_Mountain_2_3:(0.065, 0.991, -0.115);Ground_Mountain_2_3:(0.065, 0.991, -0.115);Ground_Mountain_2_3:(0.065, 0.991, -0.115);Ground_Mountain_2_3:(0.065, 0.991, -0.115);Ground_Mountain_2_3:(0.065, 0.991, -0.115);"
9.480,465.097,1055.664,152.123,36.040,15.856,4.176,-2.072,-15.159,0.093,0.000,0.056,4,10.836,0.369,0.990,"Ground_Mountain_2_3:(0.065, 0.991, -0.115);Ground_Mountain_2_3:(0.065, 0.991, -0.115);Ground_Mountain_2_3:(0.065, 0.991, -0.115);Ground_Mountain_2_3:(0.065, 0.991, -0.115);Ground_Mountain_2_3:(0.065, 0.991, -0.115);Ground_Mountain_2_3:(0.065, 0.991, -0.115);"
9.500,464.780,1055.746,152.082,35.736,15.893,4.120,-2.052,-15.216,0.072,0.000,0.055,4,10.918,0.319,0.991,"Ground_Mountain_2_3:(0.062, 0.992, -0.113);Ground_Mountain_2_3:(0.062, 0.992, -0.113);Ground_Mountain_2_3:(0.062, 0.992, -0.113);Ground_Mountain_2_3:(0.062, 0.992, -0.113);Ground_Mountain_2_3:(0.062, 0.992, -0.113);Ground_Mountain_2_3:(0.062, 0.992, -0.113);"
9.520,464.463,1055.827,152.041,35.431,15.925,4.063,-2.032,-15.268,0.053,0.000,0.055,4,10.768,0.412,0.991,"Ground_Mountain_2_3:(0.058, 0.991, -0.117);Ground_Mountain_2_3:(0.058, 0.991, -0.117);Ground_Mountain_2_3:(0.058, 0.991, -0.117);Ground_Mountain_2_3:(0.058, 0.991, -0.117);Ground_Mountain_2_3:(0.058, 0.991, -0.117);Ground_Mountain_2_3:(0.058, 0.991, -0.117);"
9.540,464.144,1055.906,152.001,35.127,15.809,3.970,-1.999,-15.176,0.037,0.000,0.055,4,10.480,0.349,0.991,"Ground_Mountain_2_3:(0.046, 0.992, -0.120);Ground_Mountain_2_3:(0.046, 0.992, -0.120);Ground_Mountain_2_3:(0.046, 0.992, -0.120);Ground_Mountain_2_3:(0.046, 0.992, -0.120);Ground_Mountain_2_3:(0.046, 0.992, -0.120);Ground_Mountain_2_3:(0.046, 0.992, -0.120);Ground_Mountain_2_3:(0.170, 0.978, -0.123);Ground_Mountain_2_3:(0.170, 0.978, -0.123);Ground_Mountain_2_3:(0.170, 0.978, -0.123);"
9.560,463.828,1055.984,151.962,34.822,15.852,3.914,-1.994,-15.236,0.095,0.000,0.055,4,10.119,0.266,0.991,"Ground_Mountain_2_3:(0.170, 0.978, -0.123);Ground_Mountain_2_3:(0.170, 0.978, -0.123);Ground_Mountain_2_3:(0.170, 0.978, -0.123);Ground_Mountain_2_3:(0.045, 0.992, -0.121);Ground_Mountain_2_3:(0.045, 0.992, -0.121);Ground_Mountain_2_3:(0.045, 0.992, -0.121);Ground_Mountain_2_3:(0.045, 0.992, -0.121);Ground_Mountain_2_3:(0.045, 0.992, -0.121);Ground_Mountain_2_3:(0.045, 0.992, -0.121);"
9.580,463.641,1056.061,151.922,34.516,15.890,3.855,-1.995,-15.289,0.074,0.000,0.055,4,9.803,0.157,0.991,"Ground_Mountain_2_3:(0.112, 0.988, -0.107);Ground_Mountain_2_3:(0.112, 0.988, -0.107);Ground_Mountain_2_3:(0.112, 0.988, -0.107);Ground_Mountain_2_3:(0.112, 0.988, -0.107);Ground_Mountain_2_3:(0.112, 0.988, -0.107);Ground_Mountain_2_3:(0.112, 0.988, -0.107);Ground_Mountain_2_3:(0.035, 0.991, -0.128);Ground_Mountain_2_3:(0.035, 0.991, -0.128);Ground_Mountain_2_3:(0.035, 0.991, -0.128);Ground_Mountain_2_3:(0.035, 0.991, -0.128);Ground_Mountain_2_3:(0.035, 0.991, -0.128);Ground_Mountain_2_3:(0.035, 0.991, -0.128);"
9.600,463.400,1056.137,151.882,34.209,15.922,3.797,-1.994,-15.338,0.055,0.000,0.055,4,9.619,1.101,0.991,"Ground_Mountain_2_3:(0.058, 0.991, -0.119);Ground_Mountain_2_3:(0.058, 0.991, -0.119);Ground_Mountain_2_3:(0.058, 0.991, -0.119);Ground_Mountain_2_3:(0.058, 0.991, -0.119);Ground_Mountain_2_3:(0.058, 0.991, -0.119);Ground_Mountain_2_3:(0.058, 0.991, -0.119);Ground_Mountain_2_3:(0.151, 0.985, -0.083);Ground_Mountain_2_3:(0.151, 0.985, -0.083);Ground_Mountain_2_3:(0.151, 0.985, -0.083);Ground_Mountain_2_3:(0.151, 0.985, -0.083);Ground_Mountain_2_3:(0.151, 0.985, -0.083);Ground_Mountain_2_3:(0.151, 0.985, -0.083);"
9.620,463.082,1056.212,151.842,33.904,15.806,3.705,-1.981,-15.242,0.039,0.000,0.054,4,9.277,0.632,0.991,"Ground_Mountain_2_3:(0.058, 0.991, -0.119);Ground_Mountain_2_3:(0.058, 0.991, -0.119);Ground_Mountain_2_3:(0.058, 0.991, -0.119);Ground_Mountain_2_3:(0.058, 0.991, -0.119);Ground_Mountain_2_3:(0.058, 0.991, -0.119);Ground_Mountain_2_3:(0.058, 0.991, -0.119);Ground_Mountain_2_3:(0.131, 0.986, -0.103);Ground_Mountain_2_3:(0.131, 0.986, -0.103);Ground_Mountain_2_3:(0.131, 0.986, -0.103);Ground_Mountain_2_3:(0.131, 0.986, -0.103);Ground_Mountain_2_3:(0.131, 0.986, -0.103);Ground_Mountain_2_3:(0.131, 0.986, -0.103);"
9.640,462.765,1056.285,151.802,33.598,15.850,3.647,-2.000,-15.299,0.097,0.000,0.054,4,8.797,0.542,0.990,"Ground_Mountain_2_3:(0.059, 0.991, -0.119);Ground_Mountain_2_3:(0.059, 0.991, -0.119);Ground_Mountain_2_3:(0.059, 0.991, -0.119);Ground_Mountain_2_3:(0.059, 0.991, -0.119);Ground_Mountain_2_3:(0.059, 0.991, -0.119);Ground_Mountain_2_3:(0.059, 0.991, -0.119);Ground_Mountain_2_3:(0.131, 0.986, -0.103);Ground_Mountain_2_3:(0.131, 0.986, -0.103);Ground_Mountain_2_3:(0.131, 0.986, -0.103);Ground_Mountain_2_3:(0.131, 0.986, -0.103);Ground_Mountain_2_3:(0.131, 0.986, -0.103);Ground_Mountain_2_3:(0.131, 0.986, -0.103);"
9.660,462.448,1056.357,151.762,33.291,15.888,3.587,-2.025,-15.349,0.075,0.000,0.053,4,8.424,0.460,0.990,"Ground_Mountain_2_3:(0.059, 0.991, -0.120);Ground_Mountain_2_3:(0.059, 0.991, -0.120);Ground_Mountain_2_3:(0.059, 0.991, -0.120);Ground_Mountain_2_3:(0.059, 0.991, -0.120);Ground_Mountain_2_3:(0.059, 0.991, -0.120);Ground_Mountain_2_3:(0.059, 0.991, -0.120);Ground_Mountain_2_3:(0.131, 0.986, -0.103);Ground_Mountain_2_3:(0.131, 0.986, -0.103);Ground_Mountain_2_3:(0.131, 0.986, -0.103);Ground_Mountain_2_3:(0.131, 0.986, -0.103);Ground_Mountain_2_3:(0.131, 0.986, -0.103);Ground_Mountain_2_3:(0.131, 0.986, -0.103);"
9.680,462.130,1056.428,151.720,32.983,15.921,3.526,-2.055,-15.393,0.056,0.000,0.053,4,8.135,0.384,0.990,"Ground_Mountain_2_3:(0.060, 0.991, -0.120);Ground_Mountain_2_3:(0.060, 0.991, -0.120);Ground_Mountain_2_3:(0.060, 0.991, -0.120);Ground_Mountain_2_3:(0.060, 0.991, -0.120);Ground_Mountain_2_3:(0.060, 0.991, -0.120);Ground_Mountain_2_3:(0.060, 0.991, -0.120);Ground_Mountain_2_3:(0.131, 0.986, -0.103);Ground_Mountain_2_3:(0.131, 0.986, -0.103);Ground_Mountain_2_3:(0.131, 0.986, -0.103);Ground_Mountain_2_3:(0.131, 0.986, -0.103);Ground_Mountain_2_3:(0.131, 0.986, -0.103);Ground_Mountain_2_3:(0.131, 0.986, -0.103);"
9.700,461.912,1056.497,151.679,32.677,15.806,3.435,-2.068,-15.293,0.040,0.000,0.053,4,7.963,0.762,0.990,"Ground_Mountain_2_3:(0.119, 0.988, -0.095);Ground_Mountain_2_3:(0.119, 0.988, -0.095);Ground_Mountain_2_3:(0.119, 0.988, -0.095);Ground_Mountain_2_3:(0.119, 0.988, -0.095);Ground_Mountain_2_3:(0.119, 0.988, -0.095);Ground_Mountain_2_3:(0.119, 0.988, -0.095);Ground_Mountain_2_3:(0.060, 0.991, -0.122);Ground_Mountain_2_3:(0.060, 0.991, -0.122);Ground_Mountain_2_3:(0.060, 0.991, -0.122);Ground_Mountain_2_3:(0.060, 0.991, -0.122);Ground_Mountain_2_3:(0.060, 0.991, -0.122);Ground_Mountain_2_3:(0.060, 0.991, -0.122);"
9.720,461.715,1056.565,151.637,32.370,15.850,3.377,-2.097,-15.348,0.097,0.000,0.053,4,8.127,0.935,0.990,"Ground_Mountain_2_3:(0.131, 0.987, -0.090);Ground_Mountain_2_3:(0.131, 0.987, -0.090);Ground_Mountain_2_3:(0.131, 0.987, -0.090);Ground_Mountain_2_3:(0.131, 0.987, -0.090);Ground_Mountain_2_3:(0.131, 0.987, -0.090);Ground_Mountain_2_3:(0.131, 0.987, -0.090);Ground_Mountain_2_3:(0.050, 0.991, -0.125);Ground_Mountain_2_3:(0.050, 0.991, -0.125);Ground_Mountain_2_3:(0.050, 0.991, -0.125);Ground_Mountain_2_3:(0.050, 0.991, -0.125);Ground_Mountain_2_3:(0.050, 0.991, -0.125);Ground_Mountain_2_3:(0.050, 0.991, -0.125);"
9.740,461.398,1056.632,151.595,32.062,15.888,3.317,-2.121,-15.397,0.075,0.000,0.053,4,8.440,0.436,0.990,"Ground_Mountain_2_3:(0.121, 0.988, -0.093);Ground_Mountain_2_3:(0.121, 0.988, -0.093);Ground_Mountain_2_3:(0.121, 0.988, -0.093);Ground_Mountain_2_3:(0.121, 0.988, -0.093);Ground_Mountain_2_3:(0.121, 0.988, -0.093);Ground_Mountain_2_3:(0.121, 0.988, -0.093);Ground_Mountain_2_3:(0.059, 0.990, -0.125);Ground_Mountain_2_3:(0.059, 0.990, -0.125);Ground_Mountain_2_3:(0.059, 0.990, -0.125);Ground_Mountain_2_3:(0.059, 0.990, -0.125);"
9.760,461.080,1056.697,151.552,31.753,15.921,3.257,-2.141,-15.441,0.056,0.000,0.052,4,8.664,0.191,0.990,"Ground_Mountain_2_3:(0.100, 0.989, -0.109);Ground_Mountain_2_3:(0.100, 0.989, -0.109);Ground_Mountain_2_3:(0.100, 0.989, -0.109);Ground_Mountain_2_3:(0.100, 0.989, -0.109);Ground_Mountain_2_3:(0.100, 0.989, -0.109);Ground_Mountain_2_3:(0.100, 0.989, -0.109);"
9.780,460.762,1056.761,151.509,31.447,15.807,3.170,-2.138,-15.342,0.039,0.000,0.052,4,8.829,0.158,0.989,"Ground_Mountain_2_3:(0.096, 0.989, -0.115);Ground_Mountain_2_3:(0.096, 0.989, -0.115);Ground_Mountain_2_3:(0.096, 0.989, -0.115);Ground_Mountain_2_3:(0.096, 0.989, -0.115);Ground_Mountain_2_3:(0.096, 0.989, -0.115);Ground_Mountain_2_3:(0.096, 0.989, -0.115);"
9.800,460.446,1056.824,151.466,31.139,15.851,3.112,-2.157,-15.396,0.097,0.000,0.051,4,8.856,0.377,0.989,"Ground_Mountain_2_3:(0.097, 0.989, -0.115);Ground_Mountain_2_3:(0.097, 0.989, -0.115);Ground_Mountain_2_3:(0.097, 0.989, -0.115);Ground_Mountain_2_3:(0.097, 0.989, -0.115);Ground_Mountain_2_3:(0.097, 0.989, -0.115);Ground_Mountain_2_3:(0.097, 0.989, -0.115);"
9.820,460.209,1056.885,151.422,30.830,15.889,3.053,-2.173,-15.445,0.075,0.000,0.051,4,8.938,0.308,0.989,"Ground_Mountain_2_3:(0.097, 0.989, -0.114);Ground_Mountain_2_3:(0.097, 0.989, -0.114);Ground_Mountain_2_3:(0.097, 0.989, -0.114);Ground_Mountain_2_3:(0.097, 0.989, -0.114);Ground_Mountain_2_3:(0.097, 0.989, -0.114);Ground_Mountain_2_3:(0.097, 0.989, -0.114);"
9.840,459.990,1056.945,151.379,30.521,15.922,2.995,-2.178,-15.489,0.056,0.000,0.051,4,9.423,0.301,0.989,"Ground_Mountain_2_2:(0.068, 0.993, -0.097);Ground_Mountain_2_2:(0.068, 0.993, -0.097);Ground_Mountain_2_2:(0.068, 0.993, -0.097);Ground_Mountain_2_2:(0.068, 0.993, -0.097);Ground_Mountain_2_3:(0.098, 0.989, -0.107);Ground_Mountain_2_3:(0.098, 0.989, -0.107);Ground_Mountain_2_3:(0.098, 0.989, -0.107);Ground_Mountain_2_3:(0.098, 0.989, -0.107);Ground_Mountain_2_3:(0.098, 0.989, -0.107);Ground_Mountain_2_3:(0.098, 0.989, -0.107);"
9.860,459.671,1057.004,151.336,30.213,15.807,2.913,-2.155,-15.390,0.039,0.000,0.050,4,10.061,0.484,0.989,"Ground_Mountain_2_3:(0.089, 0.991, -0.104);Ground_Mountain_2_3:(0.089, 0.991, -0.104);Ground_Mountain_2_3:(0.089, 0.991, -0.104);Ground_Mountain_2_3:(0.089, 0.991, -0.104);Ground_Mountain_2_3:(0.089, 0.991, -0.104);Ground_Mountain_2_3:(0.089, 0.991, -0.104);Ground_Mountain_2_2:(0.068, 0.993, -0.097);Ground_Mountain_2_2:(0.068, 0.993, -0.097);Ground_Mountain_2_2:(0.068, 0.993, -0.097);Ground_Mountain_2_2:(0.068, 0.993, -0.097);"
9.880,459.355,1057.061,151.293,29.904,15.850,2.859,-2.139,-15.447,0.097,0.000,0.050,4,10.556,0.438,0.989,"Ground_Mountain_2_3:(0.082, 0.990, -0.111);Ground_Mountain_2_3:(0.082, 0.990, -0.111);Ground_Mountain_2_3:(0.082, 0.990, -0.111);Ground_Mountain_2_3:(0.082, 0.990, -0.111);Ground_Mountain_2_3:(0.082, 0.990, -0.111);Ground_Mountain_2_3:(0.082, 0.990, -0.111);Ground_Mountain_2_2:(0.059, 0.993, -0.107);Ground_Mountain_2_2:(0.059, 0.993, -0.107);Ground_Mountain_2_2:(0.059, 0.993, -0.107);Ground_Mountain_2_2:(0.059, 0.993, -0.107);Ground_Mountain_2_2:(0.059, 0.993, -0.107);Ground_Mountain_2_2:(0.059, 0.993, -0.107);"
9.900,459.039,1057.117,151.250,29.594,15.888,2.804,-2.119,-15.498,0.075,0.000,0.050,4,10.829,0.601,0.989,"Ground_Mountain_2_3:(0.082, 0.990, -0.111);Ground_Mountain_2_3:(0.082, 0.990, -0.111);Ground_Mountain_2_3:(0.082, 0.990, -0.111);Ground_Mountain_2_3:(0.082, 0.990, -0.111);Ground_Mountain_2_3:(0.082, 0.990, -0.111);Ground_Mountain_2_3:(0.082, 0.990, -0.111);Ground_Mountain_2_2:(0.059, 0.993, -0.107);Ground_Mountain_2_2:(0.059, 0.993, -0.107);Ground_Mountain_2_2:(0.059, 0.993, -0.107);Ground_Mountain_2_2:(0.059, 0.993, -0.107);Ground_Mountain_2_2:(0.059, 0.993, -0.107);Ground_Mountain_2_2:(0.059, 0.993, -0.107);"
9.920,458.721,1057.172,151.209,29.284,15.920,2.749,-2.097,-15.544,0.056,0.000,0.049,4,10.923,0.711,0.990,"Ground_Mountain_2_3:(0.082, 0.990, -0.111);Ground_Mountain_2_3:(0.082, 0.990, -0.111);Ground_Mountain_2_3:(0.082, 0.990, -0.111);Ground_Mountain_2_3:(0.082, 0.990, -0.111);Ground_Mountain_2_3:(0.082, 0.990, -0.111);Ground_Mountain_2_3:(0.082, 0.990, -0.111);Ground_Mountain_2_2:(0.059, 0.993, -0.107);Ground_Mountain_2_2:(0.059, 0.993, -0.107);Ground_Mountain_2_2:(0.059, 0.993, -0.107);Ground_Mountain_2_2:(0.059, 0.993, -0.107);Ground_Mountain_2_2:(0.059, 0.993, -0.107);Ground_Mountain_2_2:(0.059, 0.993, -0.107);"
9.940,458.403,1057.225,151.167,28.975,15.805,2.672,-2.056,-15.445,0.040,0.000,0.048,4,10.912,0.825,0.990,"Ground_Mountain_2_3:(0.068, 0.990, -0.125);Ground_Mountain_2_3:(0.068, 0.990, -0.125);Ground_Mountain_2_3:(0.068, 0.990, -0.125);Ground_Mountain_2_3:(0.068, 0.990, -0.125);Ground_Mountain_2_2:(0.054, 0.992, -0.111);Ground_Mountain_2_2:(0.054, 0.992, -0.111);Ground_Mountain_2_2:(0.054, 0.992, -0.111);Ground_Mountain_2_2:(0.054, 0.992, -0.111);Ground_Mountain_2_2:(0.054, 0.992, -0.111);Ground_Mountain_2_2:(0.054, 0.992, -0.111);"
9.960,458.214,1057.278,151.127,28.665,15.848,2.619,-2.036,-15.501,0.098,0.000,0.048,4,10.916,0.625,0.990,"Ground_Mountain_2_3:(0.068, 0.990, -0.125);Ground_Mountain_2_3:(0.068, 0.990, -0.125);Ground_Mountain_2_3:(0.068, 0.990, -0.125);Ground_Mountain_2_3:(0.068, 0.990, -0.125);Ground_Mountain_2_2:(0.064, 0.992, -0.112);Ground_Mountain_2_2:(0.064, 0.992, -0.112);Ground_Mountain_2_2:(0.064, 0.992, -0.112);Ground_Mountain_2_2:(0.064, 0.992, -0.112);Ground_Mountain_2_2:(0.064, 0.992, -0.112);Ground_Mountain_2_2:(0.064, 0.992, -0.112);"
9.980,457.897,1057.329,151.087,28.354,15.885,2.565,-2.011,-15.551,0.076,0.000,0.048,4,11.102,0.510,0.990,"Ground_Mountain_2_2:(0.064, 0.992, -0.112);Ground_Mountain_2_2:(0.064, 0.992, -0.112);Ground_Mountain_2_2:(0.064, 0.992, -0.112);Ground_Mountain_2_2:(0.064, 0.992, -0.112);Ground_Mountain_2_2:(0.064, 0.992, -0.112);Ground_Mountain_2_2:(0.064, 0.992, -0.112);"
10.000,457.580,1057.379,151.047,28.043,15.917,2.511,-1.979,-15.596,0.058,0.000,0.048,4,11.380,0.432,0.990,"Ground_Mountain_2_2:(0.064, 0.992, -0.112);Ground_Mountain_2_2:(0.064, 0.992, -0.112);Ground_Mountain_2_2:(0.064, 0.992, -0.112);Ground_Mountain_2_2:(0.064, 0.992, -0.112);Ground_Mountain_2_2:(0.064, 0.992, -0.112);Ground_Mountain_2_2:(0.064, 0.992, -0.112);"
10.020,457.262,1057.427,151.009,27.733,15.801,2.436,-1.929,-15.496,0.042,0.000,0.047,4,11.551,0.521,0.990,"Ground_Mountain_2_2:(0.063, 0.992, -0.111);Ground_Mountain_2_2:(0.063, 0.992, -0.111);Ground_Mountain_2_2:(0.063, 0.992, -0.111);Ground_Mountain_2_2:(0.063, 0.992, -0.111);Ground_Mountain_2_2:(0.063, 0.992, -0.111);Ground_Mountain_2_2:(0.063, 0.992, -0.111);"
10.040,456.946,1057.474,150.971,27.422,15.844,2.384,-1.896,-15.552,0.099,0.000,0.047,4,11.560,0.439,0.990,"Ground_Mountain_2_2:(0.052, 0.992, -0.116);Ground_Mountain_2_2:(0.052, 0.992, -0.116);Ground_Mountain_2_2:(0.052, 0.992, -0.116);Ground_Mountain_2_2:(0.052, 0.992, -0.116);Ground_Mountain_2_2:(0.052, 0.992, -0.116);Ground_Mountain_2_2:(0.052, 0.992, -0.116);"
10.060,456.629,1057.521,150.933,27.110,15.881,2.330,-1.866,-15.602,0.078,0.000,0.046,4,11.411,0.546,0.991,"Ground_Mountain_2_2:(0.045, 0.992, -0.115);Ground_Mountain_2_2:(0.045, 0.992, -0.115);Ground_Mountain_2_2:(0.045, 0.992, -0.115);Ground_Mountain_2_2:(0.045, 0.992, -0.115);Ground_Mountain_2_2:(0.045, 0.992, -0.115);Ground_Mountain_2_2:(0.045, 0.992, -0.115);"
10.080,456.423,1057.566,150.897,26.797,15.913,2.275,-1.840,-15.645,0.060,0.000,0.046,4,11.166,0.485,0.991,"Ground_Mountain_2_2:(0.037, 0.992, -0.118);Ground_Mountain_2_2:(0.037, 0.992, -0.118);Ground_Mountain_2_2:(0.037, 0.992, -0.118);Ground_Mountain_2_2:(0.037, 0.992, -0.118);Ground_Mountain_2_2:(0.037, 0.992, -0.118);Ground_Mountain_2_2:(0.037, 0.992, -0.118);"
10.100,456.120,1057.609,150.861,26.487,15.797,2.202,-1.800,-15.543,0.044,0.000,0.045,4,11.078,0.518,0.991,"Ground_Mountain_2_2:(0.032, 0.993, -0.112);Ground_Mountain_2_2:(0.032, 0.993, -0.112);Ground_Mountain_2_2:(0.032, 0.993, -0.112);Ground_Mountain_2_2:(0.032, 0.993, -0.112);Ground_Mountain_2_2:(0.032, 0.993, -0.112);Ground_Mountain_2_2:(0.032, 0.993, -0.112);"
10.120,455.804,1057.652,150.825,26.175,15.840,2.149,-1.778,-15.596,0.102,0.000,0.045,4,11.050,0.375,0.991,"Ground_Mountain_2_2:(0.057, 0.992, -0.109);Ground_Mountain_2_2:(0.057, 0.992, -0.109);Ground_Mountain_2_2:(0.057, 0.992, -0.109);Ground_Mountain_2_2:(0.057, 0.992, -0.109);Ground_Mountain_2_2:(0.057, 0.992, -0.109);Ground_Mountain_2_2:(0.057, 0.992, -0.109);"
10.140,455.488,1057.693,150.792,25.863,15.877,2.094,-1.756,-15.643,0.080,0.000,0.045,4,10.998,0.296,0.992,"Ground_Mountain_2_2:(0.277, 0.955, -0.105);Ground_Mountain_2_2:(0.065, 0.992, -0.107);Ground_Mountain_2_2:(0.065, 0.992, -0.107);Ground_Mountain_2_2:(0.065, 0.992, -0.107);Ground_Mountain_2_2:(0.065, 0.992, -0.107);Ground_Mountain_2_2:(0.065, 0.992, -0.107);"
10.160,455.171,1057.733,150.757,25.549,15.908,2.044,-1.730,-15.685,0.061,0.000,0.045,4,11.194,0.217,0.992,"Ground_Mountain_2_2:(0.277, 0.955, -0.105);Ground_Mountain_2_2:(0.056, 0.993, -0.105);Ground_Mountain_2_2:(0.056, 0.993, -0.105);Ground_Mountain_2_2:(0.056, 0.993, -0.105);Ground_Mountain_2_2:(0.056, 0.993, -0.105);Ground_Mountain_2_2:(0.056, 0.993, -0.105);"
10.180,454.853,1057.772,150.723,25.238,15.792,1.976,-1.692,-15.580,0.046,0.000,0.044,4,10.981,0.268,0.992,"Ground_Mountain_2_2:(0.277, 0.955, -0.105);Ground_Mountain_2_2:(0.035, 0.993, -0.112);Ground_Mountain_2_2:(0.035, 0.993, -0.112);Ground_Mountain_2_2:(0.035, 0.993, -0.112);Ground_Mountain_2_2:(0.035, 0.993, -0.112);Ground_Mountain_2_2:(0.035, 0.993, -0.112);"
10.200,454.537,1057.810,150.690,24.925,15.834,1.925,-1.678,-15.631,0.104,0.000,0.044,4,10.701,0.313,0.992,"Ground_Mountain_2_2:(0.277, 0.955, -0.105);Ground_Mountain_2_2:(0.035, 0.993, -0.112);Ground_Mountain_2_2:(0.035, 0.993, -0.112);Ground_Mountain_2_2:(0.035, 0.993, -0.112);Ground_Mountain_2_2:(0.035, 0.993, -0.112);Ground_Mountain_2_2:(0.035, 0.993, -0.112);"
10.220,454.345,1057.847,150.657,24.612,15.871,1.873,-1.666,-15.675,0.083,0.000,0.044,4,10.341,1.073,0.992,"Ground_Mountain_2_2:(0.026, 0.993, -0.112);Ground_Mountain_2_2:(0.026, 0.993, -0.112);Ground_Mountain_2_2:(0.026, 0.993, -0.112);Ground_Mountain_2_2:(0.026, 0.993, -0.112);Ground_Mountain_2_2:(0.026, 0.993, -0.112);Ground_Mountain_2_2:(0.026, 0.993, -0.112);Ground_Mountain_2_2:(0.271, 0.958, -0.093);Ground_Mountain_2_2:(0.271, 0.958, -0.093);Ground_Mountain_2_2:(0.271, 0.958, -0.093);Ground_Mountain_2_2:(0.271, 0.958, -0.093);Ground_Mountain_2_2:(0.271, 0.958, -0.093);Ground_Mountain_2_2:(0.271, 0.958, -0.093);"
10.240,454.028,1057.883,150.623,24.297,15.903,1.821,-1.661,-15.714,0.064,0.000,0.043,4,9.989,0.797,0.993,"Ground_Mountain_2_2:(0.277, 0.955, -0.105);Ground_Mountain_2_2:(0.047, 0.993, -0.108);Ground_Mountain_2_2:(0.047, 0.993, -0.108);Ground_Mountain_2_2:(0.277, 0.955, -0.105);Ground_Mountain_2_2:(0.047, 0.993, -0.108);Ground_Mountain_2_2:(0.047, 0.993, -0.108);Ground_Mountain_2_2:(0.259, 0.962, -0.088);Ground_Mountain_2_2:(0.259, 0.962, -0.088);Ground_Mountain_2_2:(0.259, 0.962, -0.088);Ground_Mountain_2_2:(0.259, 0.962, -0.088);Ground_Mountain_2_2:(0.259, 0.962, -0.088);Ground_Mountain_2_2:(0.259, 0.962, -0.088);"
10.260,453.709,1057.917,150.591,23.985,15.787,1.753,-1.645,-15.606,0.049,0.000,0.043,4,9.668,0.728,0.993,"Ground_Mountain_2_2:(0.277, 0.955, -0.105);Ground_Mountain_2_2:(0.046, 0.993, -0.108);Ground_Mountain_2_2:(0.046, 0.993, -0.108);Ground_Mountain_2_2:(0.277, 0.955, -0.105);Ground_Mountain_2_2:(0.046, 0.993, -0.108);Ground_Mountain_2_2:(0.046, 0.993, -0.108);Ground_Mountain_2_2:(0.259, 0.962, -0.088);Ground_Mountain_2_2:(0.259, 0.962, -0.088);Ground_Mountain_2_2:(0.259, 0.962, -0.088);Ground_Mountain_2_2:(0.259, 0.962, -0.088);Ground_Mountain_2_2:(0.259, 0.962, -0.088);Ground_Mountain_2_2:(0.259, 0.962, -0.088);"
10.280,453.394,1057.951,150.557,23.672,15.830,1.701,-1.653,-15.655,0.107,0.000,0.042,4,9.373,0.661,0.993,"Ground_Mountain_2_2:(0.277, 0.955, -0.105);Ground_Mountain_2_2:(0.045, 0.993, -0.109);Ground_Mountain_2_2:(0.045, 0.993, -0.109);Ground_Mountain_2_2:(0.277, 0.955, -0.105);Ground_Mountain_2_2:(0.045, 0.993, -0.109);Ground_Mountain_2_2:(0.045, 0.993, -0.109);Ground_Mountain_2_2:(0.259, 0.962, -0.088);Ground_Mountain_2_2:(0.259, 0.962, -0.088);Ground_Mountain_2_2:(0.259, 0.962, -0.088);Ground_Mountain_2_2:(0.259, 0.962, -0.088);Ground_Mountain_2_2:(0.259, 0.962, -0.088);Ground_Mountain_2_2:(0.259, 0.962, -0.088);"
10.300,453.077,1057.984,150.524,23.358,15.867,1.650,-1.663,-15.696,0.085,0.000,0.042,4,9.081,1.821,0.993,"Ground_Mountain_2_2:(0.259, 0.962, -0.088);Ground_Mountain_2_2:(0.259, 0.962, -0.088);Ground_Mountain_2_2:(0.259, 0.962, -0.088);Ground_Mountain_2_2:(0.259, 0.962, -0.088);Ground_Mountain_2_2:(0.259, 0.962, -0.088);Ground_Mountain_2_2:(0.259, 0.962, -0.088);Ground_Mountain_2_2:(0.277, 0.955, -0.105);Ground_Mountain_2_2:(0.037, 0.993, -0.110);Ground_Mountain_2_2:(0.037, 0.993, -0.110);Ground_Mountain_2_2:(0.037, 0.993, -0.110);Ground_Mountain_2_2:(0.037, 0.993, -0.110);Ground_Mountain_2_2:(0.037, 0.993, -0.110);"
10.320,452.759,1058.016,150.491,23.043,15.899,1.598,-1.681,-15.732,0.066,0.000,0.041,4,8.672,1.557,0.992,"Ground_Mountain_2_2:(0.259, 0.962, -0.088);Ground_Mountain_2_2:(0.259, 0.962, -0.088);Ground_Mountain_2_2:(0.259, 0.962, -0.088);Ground_Mountain_2_2:(0.259, 0.962, -0.088);Ground_Mountain_2_2:(0.259, 0.962, -0.088);Ground_Mountain_2_2:(0.259, 0.962, -0.088);Ground_Mountain_2_2:(0.277, 0.955, -0.105);Ground_Mountain_2_2:(0.036, 0.993, -0.110);Ground_Mountain_2_2:(0.036, 0.993, -0.110);Ground_Mountain_2_2:(0.036, 0.993, -0.110);Ground_Mountain_2_2:(0.036, 0.993, -0.110);Ground_Mountain_2_2:(0.036, 0.993, -0.110);"
10.340,452.545,1058.047,150.456,22.727,15.927,1.545,-1.704,-15.764,0.050,0.000,0.041,4,8.366,1.391,0.992,"Ground_Mountain_2_2:(0.247, 0.965, -0.089);Ground_Mountain_2_2:(0.247, 0.965, -0.089);Ground_Mountain_2_2:(0.247, 0.965, -0.089);Ground_Mountain_2_2:(0.247, 0.965, -0.089);Ground_Mountain_2_2:(0.247, 0.965, -0.089);Ground_Mountain_2_2:(0.247, 0.965, -0.089);Ground_Mountain_2_2:(0.277, 0.955, -0.105);Ground_Mountain_2_2:(0.028, 0.993, -0.111);Ground_Mountain_2_2:(0.028, 0.993, -0.111);Ground_Mountain_2_2:(0.028, 0.993, -0.111);Ground_Mountain_2_2:(0.028, 0.993, -0.111);Ground_Mountain_2_2:(0.028, 0.993, -0.111);"
10.360,452.245,1058.077,150.422,22.414,15.808,1.481,-1.715,-15.648,0.036,0.000,0.041,4,8.141,1.007,0.992,"Ground_Mountain_2_2:(0.044, 0.993, -0.109);Ground_Mountain_2_2:(0.044, 0.993, -0.109);Ground_Mountain_2_2:(0.044, 0.993, -0.109);Ground_Mountain_2_2:(0.044, 0.993, -0.109);Ground_Mountain_2_2:(0.044, 0.993, -0.109);Ground_Mountain_2_2:(0.044, 0.993, -0.109);Ground_Mountain_2_2:(0.254, 0.964, -0.076);Ground_Mountain_2_2:(0.254, 0.964, -0.076);Ground_Mountain_2_2:(0.254, 0.964, -0.076);Ground_Mountain_2_2:(0.254, 0.964, -0.076);Ground_Mountain_2_2:(0.254, 0.964, -0.076);Ground_Mountain_2_2:(0.254, 0.964, -0.076);"
10.380,451.928,1058.106,150.387,22.100,15.849,1.428,-1.745,-15.691,0.096,0.000,0.040,4,8.145,0.672,0.992,"Ground_Mountain_2_2:(0.045, 0.993, -0.110);Ground_Mountain_2_2:(0.045, 0.993, -0.110);Ground_Mountain_2_2:(0.045, 0.993, -0.110);Ground_Mountain_2_2:(0.045, 0.993, -0.110);Ground_Mountain_2_2:(0.045, 0.993, -0.110);Ground_Mountain_2_2:(0.045, 0.993, -0.110);Ground_Mountain_2_2:(0.225, 0.970, -0.091);Ground_Mountain_2_2:(0.225, 0.970, -0.091);Ground_Mountain_2_2:(0.225, 0.970, -0.091);Ground_Mountain_2_2:(0.225, 0.970, -0.091);Ground_Mountain_2_2:(0.225, 0.970, -0.091);Ground_Mountain_2_2:(0.225, 0.970, -0.091);"
