time,x,y,z,speed,vx,vy,vz,throttle,brake,steer,wheels,suspension,alignment,up,contact
0.009,1064.208,145.989,201.275,39.626,-39.626,-0.069,0.000,0.000,0.000,0.000,4,7.803,1.754,1.000,"Ground_Mountain_2_4:(0.080, 0.997, 0.000) separation=0.4076934;Ground_Mountain_2_4:(0.080, 0.997, 0.000) separation=0.2203031;Ground_Mountain_2_4:(0.080, 0.997, 0.000) separation=0.4076934;Ground_Mountain_2_4:(0.080, 0.997, 0.000) separation=0.2203031;Ground_Mountain_2_4:(0.080, 0.997, 0.000) separation=0.2357482;Ground_Mountain_2_4:(0.080, 0.997, 0.000) separation=0.2357483;Ground_Summit authored launch:(0.080, 0.997, 0.000) separation=0.1604845;Ground_Summit authored launch:(0.080, 0.997, 0.000) separation=0.3478748;Ground_Summit authored launch:(0.080, 0.997, 0.000) separation=0.3478748;Ground_Summit authored launch:(0.080, 0.997, 0.000) separation=0.1604845;Ground_Summit authored launch:(0.080, 0.997, 0.000) separation=0.1707076;Ground_Summit authored launch:(0.080, 0.997, 0.000) separation=0.1755565;"
0.029,1063.417,145.989,201.275,39.628,-39.629,0.001,0.000,0.187,0.000,0.000,4,13.233,1.075,1.000,"Ground_Mountain_2_4:(0.080, 0.997, 0.000) separation=0.34066;Ground_Mountain_2_4:(0.080, 0.997, 0.000) separation=0.158208;Ground_Mountain_2_4:(0.080, 0.997, 0.000) separation=0.34066;Ground_Mountain_2_4:(0.080, 0.997, 0.000) separation=0.158208;Ground_Mountain_2_4:(0.080, 0.997, 0.000) separation=0.158208;Ground_Mountain_2_4:(0.080, 0.997, 0.000) separation=0.1918063;Ground_Summit authored launch:(0.080, 0.997, 0.000) separation=0.09839237;Ground_Summit authored launch:(0.080, 0.997, 0.000) separation=0.2808523;Ground_Summit authored launch:(0.080, 0.997, 0.000) separation=0.2808523;Ground_Summit authored launch:(0.080, 0.997, 0.000) separation=0.09839239;Ground_Summit authored launch:(0.080, 0.997, 0.000) separation=0.1698691;Ground_Summit authored launch:(0.080, 0.997, 0.000) separation=0.1745894;"
0.049,1062.631,145.999,201.275,39.532,-39.531,0.510,0.000,0.186,0.000,0.000,4,17.959,0.526,1.000,"Ground_Mountain_2_4:(0.080, 0.997, 0.000) separation=0.2731834;Ground_Mountain_2_4:(0.080, 0.997, 0.000) separation=0.09932845;Ground_Mountain_2_4:(0.080, 0.997, 0.000) separation=0.2731833;Ground_Mountain_2_4:(0.080, 0.997, 0.000) separation=0.09932844;Ground_Mountain_2_4:(0.080, 0.997, 0.000) separation=0.09932846;Ground_Mountain_2_4:(0.080, 0.997, 0.000) separation=0.1899681;Ground_Summit authored launch:(0.080, 0.997, 0.000) separation=0.03952447;Ground_Summit authored launch:(0.080, 0.997, 0.000) separation=0.2133847;Ground_Summit authored launch:(0.080, 0.997, 0.000) separation=0.2133847;Ground_Summit authored launch:(0.080, 0.997, 0.000) separation=0.0395245;Ground_Summit authored launch:(0.080, 0.997, 0.000) separation=0.09182328;Ground_Summit authored launch:(0.080, 0.997, 0.000) separation=0.09631974;"
0.069,1061.850,146.021,201.275,39.433,-39.428,1.126,0.003,0.234,0.000,0.000,4,23.068,4.210,0.999,"Ground_Mountain_2_4:(0.080, 0.997, 0.000) separation=0.1990571;Ground_Mountain_2_4:(0.080, 0.997, 0.000) separation=0.06771933;Ground_Mountain_2_4:(0.080, 0.997, 0.000) separation=0.199046;Ground_Mountain_2_4:(0.080, 0.997, 0.000) separation=0.06773039;Ground_Mountain_2_4:(0.080, 0.997, 0.000) separation=0.06771934;Ground_Mountain_2_4:(0.080, 0.997, 0.000) separation=0.0680404;Ground_Summit authored launch:(0.080, 0.997, 0.000) separation=0.007922646;Ground_Summit authored launch:(0.080, 0.997, 0.000) separation=0.1392399;Ground_Summit authored launch:(0.080, 0.997, 0.000) separation=0.1392534;Ground_Summit authored launch:(0.080, 0.997, 0.000) separation=0.007909181;Ground_Summit authored launch:(0.080, 0.997, 0.000) separation=0.03544834;Ground_Summit authored launch:(0.080, 0.997, 0.000) separation=0.03884086;Ground_Summit authored launch:(0.080, 0.997, 0.000) separation=0.05783737;"
0.089,1061.070,146.057,201.275,39.354,-39.328,1.816,0.004,0.284,0.000,0.000,4,29.929,8.128,0.997,"Ground_Mountain_2_4:(0.080, 0.997, 0.000) separation=0.1245177;Ground_Mountain_2_4:(0.080, 0.997, 0.000) separation=0.06142333;Ground_Mountain_2_4:(0.080, 0.997, 0.000) separation=0.1245114;Ground_Mountain_2_4:(0.080, 0.997, 0.000) separation=0.06142964;Ground_Mountain_2_4:(0.080, 0.997, 0.000) separation=0.06142682;Ground_Mountain_2_4:(0.080, 0.997, 0.000) separation=0.08276746;Ground_Summit authored launch:(0.080, 0.997, 0.000) separation=0.001608528;Ground_Summit authored launch:(0.080, 0.997, 0.000) separation=0.06468861;Ground_Summit authored launch:(0.080, 0.997, 0.000) separation=0.06469923;Ground_Summit authored launch:(0.080, 0.997, 0.000) separation=0.001597893;Ground_Summit authored launch:(0.080, 0.997, 0.000) separation=0.009062469;Ground_Summit authored launch:(0.080, 0.997, 0.000) separation=0.01069024;Ground_Summit authored launch:(0.080, 0.997, 0.000) separation=0.05158213;"
0.109,1060.289,146.114,201.275,39.233,-39.129,2.865,0.001,0.323,0.000,0.000,4,32.867,6.328,0.997,"Ground_Mountain_2_4:(0.080, 0.997, 0.000) separation=0.07271984;Ground_Mountain_2_4:(0.080, 0.997, 0.000) separation=0.06010519;Ground_Mountain_2_4:(0.080, 0.997, 0.000) separation=0.07272124;Ground_Mountain_2_4:(0.080, 0.997, 0.000) separation=0.06010376;Ground_Mountain_2_4:(0.080, 0.997, 0.000) separation=0.06078887;Ground_Mountain_2_4:(0.080, 0.997, 0.000) separation=0.06078887;Ground_Summit authored launch:(0.080, 0.997, 0.000) separation=0.0003178662;Ground_Summit authored launch:(0.080, 0.997, 0.000) separation=0.01292986;Ground_Summit authored launch:(0.080, 0.997, 0.000) separation=0.01292735;Ground_Summit authored launch:(0.080, 0.997, 0.000) separation=0.0003203536;Ground_Summit authored launch:(0.080, 0.997, 0.000) separation=0.0006524026;Ground_Summit authored launch:(0.080, 0.997, 0.000) separation=0.0009763241;"
0.129,1059.507,146.178,201.275,39.239,-39.108,3.199,-0.001,0.384,0.000,0.000,4,26.074,1.264,0.997,"Ground_Mountain_2_4:(0.080, 0.997, 0.000) separation=0.06240594;Ground_Mountain_2_4:(0.080, 0.997, 0.000) separation=0.05988641;Ground_Mountain_2_4:(0.080, 0.997, 0.000) separation=0.06240625;Ground_Mountain_2_4:(0.080, 0.997, 0.000) separation=0.05988612;Ground_Mountain_2_4:(0.080, 0.997, 0.000) separation=0.05988634;Ground_Mountain_2_4:(0.080, 0.997, 0.000) separation=0.06027269;Ground_Summit authored launch:(0.080, 0.997, 0.000) separation=7.288571E-05;Ground_Summit authored launch:(0.080, 0.997, 0.000) separation=0.002595548;Ground_Summit authored launch:(0.080, 0.997, 0.000) separation=0.002595156;Ground_Summit authored launch:(0.080, 0.997, 0.000) separation=7.32817E-05;Ground_Summit authored launch:(0.080, 0.997, 0.000) separation=0.0007068515;Ground_Summit authored launch:(0.080, 0.997, 0.000) separation=0.0009818077;Ground_Summit authored launch:(0.080, 0.997, 0.000) separation=0.05007854;"
0.149,1058.726,146.248,201.275,39.246,-39.092,3.488,-0.002,0.381,0.000,0.000,4,24.230,0.930,0.996,"Ground_Mountain_2_4:(0.080, 0.997, 0.000) separation=0.06032923;Ground_Mountain_2_4:(0.080, 0.997, 0.000) separation=0.06478996;Ground_Mountain_2_4:(0.080, 0.997, 0.000) separation=0.06033982;Ground_Mountain_2_4:(0.080, 0.997, 0.000) separation=0.0647794;Ground_Mountain_2_4:(0.080, 0.997, 0.000) separation=0.06033397;Ground_Mountain_2_4:(0.080, 0.997, 0.000) separation=0.06156603;Ground_Summit authored launch:(0.080, 0.997, 0.000) separation=0.004962102;Ground_Summit authored launch:(0.080, 0.997, 0.000) separation=0.0005222035;Ground_Summit authored launch:(0.080, 0.997, 0.000) separation=0.0005217791;Ground_Summit authored launch:(0.080, 0.997, 0.000) separation=0.00496253;Ground_Summit authored launch:(0.080, 0.997, 0.000) separation=0.00176486;Ground_Summit authored launch:(0.080, 0.997, 0.000) separation=0.001765817;Ground_Summit authored launch:(0.080, 0.997, 0.000) separation=0.05052206;"
0.169,1057.945,146.322,201.275,39.253,-39.077,3.735,-0.003,0.377,0.000,0.000,4,22.152,0.758,0.996,"Ground_Mountain_2_4:(0.080, 0.997, 0.000) separation=0.06488734;Ground_Mountain_2_4:(0.080, 0.997, 0.000) separation=0.07457289;Ground_Mountain_2_4:(0.080, 0.997, 0.000) separation=0.06488627;Ground_Mountain_2_4:(0.080, 0.997, 0.000) separation=0.07457399;Ground_Mountain_2_4:(0.080, 0.997, 0.000) separation=0.06661898;Ground_Mountain_2_4:(0.080, 0.997, 0.000) separation=0.07039237;Ground_Summit authored launch:(0.080, 0.997, 0.000) separation=0.01475936;Ground_Summit authored launch:(0.080, 0.997, 0.000) separation=0.005081393;Ground_Summit authored launch:(0.080, 0.997, 0.000) separation=0.005080998;Ground_Summit authored launch:(0.080, 0.997, 0.000) separation=0.01475974;Ground_Summit authored launch:(0.080, 0.997, 0.000) separation=0.008686916;Ground_Summit authored launch:(0.080, 0.997, 0.000) separation=0.008688539;"
0.189,1057.164,146.401,201.275,39.259,-39.065,3.936,-0.004,0.373,0.000,0.000,4,19.888,0.606,0.996,"Ground_Mountain_2_4:(0.080, 0.997, 0.000) separation=0.07512605;Ground_Mountain_2_4:(0.080, 0.997, 0.000) separation=0.08857354;Ground_Mountain_2_4:(0.080, 0.997, 0.000) separation=0.07512454;Ground_Mountain_2_4:(0.080, 0.997, 0.000) separation=0.08857506;Ground_Mountain_2_4:(0.080, 0.997, 0.000) separation=0.07512495;Ground_Mountain_2_4:(0.080, 0.997, 0.000) separation=0.08006763;Ground_Summit authored launch:(0.080, 0.997, 0.000) separation=0.02877691;Ground_Summit authored launch:(0.080, 0.997, 0.000) separation=0.01532792;Ground_Summit authored launch:(0.080, 0.997, 0.000) separation=0.01532763;Ground_Summit authored launch:(0.080, 0.997, 0.000) separation=0.02877721;Ground_Summit authored launch:(0.080, 0.997, 0.000) separation=0.01584856;Ground_Summit authored launch:(0.080, 0.997, 0.000) separation=0.01585093;"
0.209,1056.383,146.483,201.275,39.265,-39.057,4.091,-0.005,0.370,0.000,0.000,4,17.562,0.473,0.996,"Ground_Mountain_2_4:(0.080, 0.997, 0.000) separation=0.09003296;Ground_Mountain_2_4:(0.080, 0.997, 0.000) separation=0.1060075;Ground_Mountain_2_4:(0.080, 0.997, 0.000) separation=0.09003115;Ground_Mountain_2_4:(0.080, 0.997, 0.000) separation=0.1060093;Ground_Mountain_2_4:(0.080, 0.997, 0.000) separation=0.09003258;Ground_Mountain_2_4:(0.080, 0.997, 0.000) separation=0.09209681;Ground_Summit authored launch:(0.080, 0.997, 0.000) separation=0.04621252;Ground_Summit authored launch:(0.080, 0.997, 0.000) separation=0.03022829;Ground_Summit authored launch:(0.080, 0.997, 0.000) separation=0.03022814;Ground_Summit authored launch:(0.080, 0.997, 0.000) separation=0.04621269;Ground_Summit authored launch:(0.080, 0.997, 0.000) separation=0.03232899;Ground_Summit authored launch:(0.080, 0.997, 0.000) separation=0.03233248;"
0.229,1055.602,146.567,201.275,39.270,-39.052,4.201,-0.006,0.368,0.000,0.000,4,15.271,0.359,0.996,"Ground_Mountain_2_4:(0.080, 0.997, 0.000) separation=0.1085462;Ground_Mountain_2_4:(0.080, 0.997, 0.000) separation=0.1260524;Ground_Mountain_2_4:(0.080, 0.997, 0.000) separation=0.1085436;Ground_Mountain_2_4:(0.080, 0.997, 0.000) separation=0.126055;Ground_Mountain_2_4:(0.080, 0.997, 0.000) separation=0.1090772;Ground_Mountain_2_4:(0.080, 0.997, 0.000) separation=0.1199168;Ground_Summit authored launch:(0.080, 0.997, 0.000) separation=0.06624562;Ground_Summit authored launch:(0.080, 0.997, 0.000) separation=0.04874232;Ground_Summit authored launch:(0.080, 0.997, 0.000) separation=0.04874228;Ground_Summit authored launch:(0.080, 0.997, 0.000) separation=0.06624566;Ground_Summit authored launch:(0.080, 0.997, 0.000) separation=0.05267701;Ground_Summit authored launch:(0.080, 0.997, 0.000) separation=0.05267909;"
0.249,1054.821,146.652,201.275,39.274,-39.050,4.266,-0.006,0.365,0.000,0.000,4,13.095,0.261,0.996,"Ground_Mountain_2_4:(0.080, 0.997, 0.000) separation=0.1296574;Ground_Mountain_2_4:(0.080, 0.997, 0.000) separation=0.1478783;Ground_Mountain_2_4:(0.080, 0.997, 0.000) separation=0.1296553;Ground_Mountain_2_4:(0.080, 0.997, 0.000) separation=0.1478804;Ground_Mountain_2_4:(0.080, 0.997, 0.000) separation=0.1296563;Ground_Mountain_2_4:(0.080, 0.997, 0.000) separation=0.1354055;Ground_Summit authored launch:(0.080, 0.997, 0.000) separation=0.08805132;Ground_Summit authored launch:(0.080, 0.997, 0.000) separation=0.06984528;Ground_Summit authored launch:(0.080, 0.997, 0.000) separation=0.06984539;Ground_Summit authored launch:(0.080, 0.997, 0.000) separation=0.0880512;Ground_Summit authored launch:(0.080, 0.997, 0.000) separation=0.07561976;Ground_Summit authored launch:(0.080, 0.997, 0.000) separation=0.07562172;"
0.269,1054.040,146.738,201.274,39.278,-39.052,4.293,-0.006,0.363,0.000,0.000,4,11.097,0.179,0.996,"Ground_Mountain_2_4:(0.080, 0.997, 0.000) separation=0.1524338;Ground_Mountain_2_4:(0.080, 0.997, 0.000) separation=0.170697;Ground_Mountain_2_4:(0.080, 0.997, 0.000) separation=0.1524318;Ground_Mountain_2_4:(0.080, 0.997, 0.000) separation=0.170699;Ground_Mountain_2_4:(0.080, 0.997, 0.000) separation=0.1563717;Ground_Mountain_2_4:(0.080, 0.997, 0.000) separation=0.1676759;Ground_Summit authored launch:(0.080, 0.997, 0.000) separation=0.1108655;Ground_Summit authored launch:(0.080, 0.997, 0.000) separation=0.09259537;Ground_Summit authored launch:(0.080, 0.997, 0.000) separation=0.09259553;Ground_Summit authored launch:(0.080, 0.997, 0.000) separation=0.1108654;Ground_Summit authored launch:(0.080, 0.997, 0.000) separation=0.0925954;Ground_Summit authored launch:(0.080, 0.997, 0.000) separation=0.09275857;"
0.289,1053.259,146.824,201.274,39.281,-39.057,4.283,-0.006,0.361,0.000,0.000,4,9.319,0.112,0.996,"Ground_Mountain_2_4:(0.080, 0.997, 0.000) separation=0.1758881;Ground_Mountain_2_4:(0.080, 0.997, 0.000) separation=0.1937227;Ground_Mountain_2_4:(0.080, 0.997, 0.000) separation=0.175886;Ground_Mountain_2_4:(0.080, 0.997, 0.000) separation=0.1937247;Ground_Mountain_2_4:(0.080, 0.997, 0.000) separation=0.1758864;Ground_Mountain_2_4:(0.080, 0.997, 0.000) separation=0.1848122;Ground_Summit authored launch:(0.080, 0.997, 0.000) separation=0.1339287;Ground_Summit authored launch:(0.080, 0.997, 0.000) separation=0.1160914;Ground_Summit authored launch:(0.080, 0.997, 0.000) separation=0.1160915;Ground_Summit authored launch:(0.080, 0.997, 0.000) separation=0.1339285;Ground_Summit authored launch:(0.080, 0.997, 0.000) separation=0.1174417;Ground_Summit authored launch:(0.080, 0.997, 0.000) separation=0.1174435;"
0.309,1052.478,146.909,201.274,39.285,-39.064,4.243,-0.007,0.359,0.000,0.000,4,7.787,0.057,0.996,"Ground_Mountain_2_4:(0.080, 0.997, 0.000) separation=0.1993983;Ground_Mountain_2_4:(0.080, 0.997, 0.000) separation=0.2164403;Ground_Mountain_2_4:(0.080, 0.997, 0.000) separation=0.1993964;Ground_Mountain_2_4:(0.080, 0.997, 0.000) separation=0.2164422;Ground_Mountain_2_4:(0.080, 0.997, 0.000) separation=0.1993977;Ground_Mountain_2_4:(0.080, 0.997, 0.000) separation=0.2022228;Ground_Summit authored launch:(0.080, 0.997, 0.000) separation=0.156629;Ground_Summit authored launch:(0.080, 0.997, 0.000) separation=0.1395947;Ground_Summit authored launch:(0.080, 0.997, 0.000) separation=0.1395948;Ground_Summit authored launch:(0.080, 0.997, 0.000) separation=0.1566289;Ground_Summit authored launch:(0.080, 0.997, 0.000) separation=0.1424624;Ground_Summit authored launch:(0.080, 0.997, 0.000) separation=0.1424642;"
0.329,1051.696,146.992,201.274,39.288,-39.073,4.178,-0.007,0.358,0.000,0.000,4,6.519,0.013,0.996,"Ground_Mountain_2_4:(0.080, 0.997, 0.000) separation=0.2222389;Ground_Mountain_2_4:(0.080, 0.997, 0.000) separation=0.2381957;Ground_Mountain_2_4:(0.080, 0.997, 0.000) separation=0.2222371;Ground_Mountain_2_4:(0.080, 0.997, 0.000) separation=0.2381976;Ground_Mountain_2_4:(0.080, 0.997, 0.000) separation=0.2232991;Ground_Mountain_2_4:(0.080, 0.997, 0.000) separation=0.2331655;Ground_Summit authored launch:(0.080, 0.997, 0.000) separation=0.1783971;Ground_Summit authored launch:(0.080, 0.997, 0.000) separation=0.1624287;Ground_Summit authored launch:(0.080, 0.997, 0.000) separation=0.1624288;Ground_Summit authored launch:(0.080, 0.997, 0.000) separation=0.178397;Ground_Summit authored launch:(0.080, 0.997, 0.000) separation=0.1665961;Ground_Summit authored launch:(0.080, 0.997, 0.000) separation=0.1665978;"
0.349,1050.914,147.074,201.274,39.291,-39.084,4.093,-0.007,0.356,0.000,0.000,4,5.514,0.020,0.996,"Ground_Mountain_2_4:(0.080, 0.997, 0.000) separation=0.2438031;Ground_Mountain_2_4:(0.080, 0.997, 0.000) separation=0.2585399;Ground_Mountain_2_4:(0.080, 0.997, 0.000) separation=0.243802;Ground_Mountain_2_4:(0.080, 0.997, 0.000) separation=0.258541;Ground_Mountain_2_4:(0.080, 0.997, 0.000) separation=0.2438025;Ground_Mountain_2_4:(0.080, 0.997, 0.000) separation=0.2489738;Ground_Summit authored launch:(0.080, 0.997, 0.000) separation=0.1987569;Ground_Summit authored launch:(0.080, 0.997, 0.000) separation=0.1840279;Ground_Summit authored launch:(0.080, 0.997, 0.000) separation=0.184028;Ground_Summit authored launch:(0.080, 0.997, 0.000) separation=0.1987568;Ground_Summit authored launch:(0.080, 0.997, 0.000) separation=0.1892349;Ground_Summit authored launch:(0.080, 0.997, 0.000) separation=0.1892363;"
0.369,1050.132,147.154,201.274,39.294,-39.096,3.993,-0.007,0.355,0.000,0.000,4,4.768,0.046,0.996,"Ground_Mountain_2_4:(0.080, 0.997, 0.000) separation=0.2637638;Ground_Mountain_2_4:(0.080, 0.997, 0.000) separation=0.2771357;Ground_Mountain_2_4:(0.080, 0.997, 0.000) separation=0.2637628;Ground_Mountain_2_4:(0.080, 0.997, 0.000) separation=0.2771367;Ground_Mountain_2_4:(0.080, 0.997, 0.000) separation=0.2637638;Ground_Mountain_2_4:(0.080, 0.997, 0.000) separation=0.2639882;Ground_Summit authored launch:(0.080, 0.997, 0.000) separation=0.2173567;Ground_Summit authored launch:(0.080, 0.997, 0.000) separation=0.2039638;Ground_Summit authored launch:(0.080, 0.997, 0.000) separation=0.2039638;Ground_Summit authored launch:(0.080, 0.997, 0.000) separation=0.2173566;Ground_Summit authored launch:(0.080, 0.997, 0.000) separation=0.2042205;Ground_Summit authored launch:(0.080, 0.997, 0.000) separation=0.2042218;"
0.389,1049.349,147.232,201.274,39.297,-39.109,3.883,-0.006,0.353,0.000,0.000,4,4.266,0.064,0.996,"Ground_Mountain_2_4:(0.080, 0.997, 0.000) separation=0.281714;Ground_Mountain_2_4:(0.080, 0.997, 0.000) separation=0.2937215;Ground_Mountain_2_4:(0.080, 0.997, 0.000) separation=0.2817131;Ground_Mountain_2_4:(0.080, 0.997, 0.000) separation=0.2937224;Ground_Mountain_2_4:(0.080, 0.997, 0.000) separation=0.2817132;Ground_Mountain_2_4:(0.080, 0.997, 0.000) separation=0.2881413;Ground_Summit authored launch:(0.080, 0.997, 0.000) separation=0.23392;Ground_Summit authored launch:(0.080, 0.997, 0.000) separation=0.2218992;Ground_Summit authored launch:(0.080, 0.997, 0.000) separation=0.2218992;Ground_Summit authored launch:(0.080, 0.997, 0.000) separation=0.2339201;Ground_Summit authored launch:(0.080, 0.997, 0.000) separation=0.2232393;Ground_Summit authored launch:(0.080, 0.997, 0.000) separation=0.2232405;"
0.409,1048.567,147.307,201.274,39.300,-39.122,3.768,-0.006,0.351,0.000,0.000,4,3.989,0.077,0.996,"Ground_Mountain_2_4:(0.080, 0.997, 0.000) separation=0.297446;Ground_Mountain_2_4:(0.080, 0.997, 0.000) separation=0.3081037;Ground_Mountain_2_4:(0.080, 0.997, 0.000) separation=0.2974452;Ground_Mountain_2_4:(0.080, 0.997, 0.000) separation=0.3081044;Ground_Mountain_2_4:(0.080, 0.997, 0.000) separation=0.2974457;Ground_Mountain_2_4:(0.080, 0.997, 0.000) separation=0.2995854;Ground_Summit authored launch:(0.080, 0.997, 0.000) separation=0.2482745;Ground_Summit authored launch:(0.080, 0.997, 0.000) separation=0.2376329;Ground_Summit authored launch:(0.080, 0.997, 0.000) separation=0.2376329;Ground_Summit authored launch:(0.080, 0.997, 0.000) separation=0.2482746;Ground_Summit authored launch:(0.080, 0.997, 0.000) separation=0.2398019;Ground_Summit authored launch:(0.080, 0.997, 0.000) separation=0.2398029;"
0.429,1047.784,147.380,201.273,39.303,-39.135,3.651,-0.006,0.350,0.000,0.000,4,3.910,0.084,0.997,"Ground_Mountain_2_4:(0.080, 0.997, 0.000) separation=0.3108481;Ground_Mountain_2_4:(0.080, 0.997, 0.000) separation=0.3201538;Ground_Mountain_2_4:(0.080, 0.997, 0.000) separation=0.3108473;Ground_Mountain_2_4:(0.080, 0.997, 0.000) separation=0.3201545;Ground_Mountain_2_4:(0.080, 0.997, 0.000) separation=0.3117963;Ground_Mountain_2_4:(0.080, 0.997, 0.000) separation=0.3175592;Ground_Summit authored launch:(0.080, 0.997, 0.000) separation=0.2603229;Ground_Summit authored launch:(0.080, 0.997, 0.000) separation=0.2510259;Ground_Summit authored launch:(0.080, 0.997, 0.000) separation=0.2510257;Ground_Summit authored launch:(0.080, 0.997, 0.000) separation=0.260323;Ground_Summit authored launch:(0.080, 0.997, 0.000) separation=0.2537901;Ground_Summit authored launch:(0.080, 0.997, 0.000) separation=0.2537911;"
0.449,1047.001,147.451,201.273,39.307,-39.148,3.536,-0.006,0.348,0.000,0.000,4,4.006,0.088,0.997,"Ground_Mountain_2_4:(0.080, 0.997, 0.000) separation=0.3218606;Ground_Mountain_2_4:(0.080, 0.997, 0.000) separation=0.3298734;Ground_Mountain_2_4:(0.080, 0.997, 0.000) separation=0.32186;Ground_Mountain_2_4:(0.080, 0.997, 0.000) separation=0.329874;Ground_Mountain_2_4:(0.080, 0.997, 0.000) separation=0.3218602;Ground_Mountain_2_4:(0.080, 0.997, 0.000) separation=0.3249599;Ground_Summit authored launch:(0.080, 0.997, 0.000) separation=0.2700671;Ground_Summit authored launch:(0.080, 0.997, 0.000) separation=0.2620555;Ground_Summit authored launch:(0.080, 0.997, 0.000) separation=0.2620552;Ground_Summit authored launch:(0.080, 0.997, 0.000) separation=0.2700674;Ground_Summit authored launch:(0.080, 0.997, 0.000) separation=0.2651714;Ground_Summit authored launch:(0.080, 0.997, 0.000) separation=0.2651723;"
0.469,1046.218,147.519,201.273,39.310,-39.161,3.426,-0.005,0.347,0.000,0.000,4,4.248,0.088,0.997,"Ground_Mountain_2_4:(0.080, 0.997, 0.000) separation=0.330497;Ground_Mountain_2_4:(0.080, 0.997, 0.000) separation=0.3373237;Ground_Mountain_2_4:(0.080, 0.997, 0.000) separation=0.3304965;Ground_Mountain_2_4:(0.080, 0.997, 0.000) separation=0.3373242;Ground_Mountain_2_4:(0.080, 0.997, 0.000) separation=0.330497;Ground_Mountain_2_4:(0.080, 0.997, 0.000) separation=0.33085;Ground_Summit authored launch:(0.080, 0.997, 0.000) separation=0.2775281;Ground_Summit authored launch:(0.080, 0.997, 0.000) separation=0.2707069;Ground_Summit authored launch:(0.080, 0.997, 0.000) separation=0.2707066;Ground_Summit authored launch:(0.080, 0.997, 0.000) separation=0.2775284;Ground_Summit authored launch:(0.080, 0.997, 0.000) separation=0.2710777;Ground_Summit authored launch:(0.080, 0.997, 0.000) separation=0.2710785;"
0.489,1045.434,147.586,201.273,39.313,-39.172,3.323,-0.005,0.345,0.000,0.000,4,4.608,0.086,0.997,"Ground_Mountain_2_4:(0.080, 0.997, 0.000) separation=0.3369281;Ground_Mountain_2_4:(0.080, 0.997, 0.000) separation=0.3426572;Ground_Mountain_2_4:(0.080, 0.997, 0.000) separation=0.3369279;Ground_Mountain_2_4:(0.080, 0.997, 0.000) separation=0.3426574;Ground_Mountain_2_4:(0.080, 0.997, 0.000) separation=0.336928;Ground_Mountain_2_4:(0.080, 0.997, 0.000) separation=0.3402035;Ground_Summit authored launch:(0.080, 0.997, 0.000) separation=0.2828361;Ground_Summit authored launch:(0.080, 0.997, 0.000) separation=0.2771093;Ground_Summit authored launch:(0.080, 0.997, 0.000) separation=0.2771091;Ground_Summit authored launch:(0.080, 0.997, 0.000) separation=0.2828363;Ground_Summit authored launch:(0.080, 0.997, 0.000) separation=0.2779497;Ground_Summit authored launch:(0.080, 0.997, 0.000) separation=0.2779503;"
0.509,1044.650,147.650,201.273,39.316,-39.183,3.229,-0.004,0.344,0.000,0.000,4,5.056,0.082,0.997,"Ground_Mountain_2_4:(0.080, 0.997, 0.000) separation=0.3412055;Ground_Mountain_2_4:(0.080, 0.997, 0.000) separation=0.3459278;Ground_Mountain_2_4:(0.080, 0.997, 0.000) separation=0.3412054;Ground_Mountain_2_4:(0.080, 0.997, 0.000) separation=0.345928;Ground_Mountain_2_4:(0.080, 0.997, 0.000) separation=0.3412054;Ground_Mountain_2_4:(0.080, 0.997, 0.000) separation=0.3423247;Ground_Summit authored launch:(0.080, 0.997, 0.000) separation=0.2861245;Ground_Summit authored launch:(0.080, 0.997, 0.000) separation=0.2813886;Ground_Summit authored launch:(0.080, 0.997, 0.000) separation=0.2813885;Ground_Summit authored launch:(0.080, 0.997, 0.000) separation=0.2861246;Ground_Summit authored launch:(0.080, 0.997, 0.000) separation=0.2825209;Ground_Summit authored launch:(0.080, 0.997, 0.000) separation=0.2825212;"
0.529,1043.866,147.713,201.273,39.319,-39.193,3.146,-0.004,0.342,0.000,0.000,4,5.572,0.077,0.997,"Ground_Mountain_2_4:(0.080, 0.997, 0.000) separation=0.3434984;Ground_Mountain_2_4:(0.080, 0.997, 0.000) separation=0.3473587;Ground_Mountain_2_4:(0.080, 0.997, 0.000) separation=0.3434982;Ground_Mountain_2_4:(0.080, 0.997, 0.000) separation=0.3473588;Ground_Mountain_2_4:(0.080, 0.997, 0.000) separation=0.3440249;Ground_Mountain_2_4:(0.080, 0.997, 0.000) separation=0.3464143;Ground_Summit authored launch:(0.080, 0.997, 0.000) separation=0.2875583;Ground_Summit authored launch:(0.080, 0.997, 0.000) separation=0.2837095;Ground_Summit authored launch:(0.080, 0.997, 0.000) separation=0.2837095;Ground_Summit authored launch:(0.080, 0.997, 0.000) separation=0.2875583;Ground_Summit authored launch:(0.080, 0.997, 0.000) separation=0.284985;Ground_Summit authored launch:(0.080, 0.997, 0.000) separation=0.2849851;"
0.549,1043.082,147.775,201.273,39.322,-39.201,3.073,-0.003,0.341,0.000,0.000,4,6.126,0.071,0.997,"Ground_Mountain_2_4:(0.080, 0.997, 0.000) separation=0.344114;Ground_Mountain_2_4:(0.080, 0.997, 0.000) separation=0.3471728;Ground_Mountain_2_4:(0.080, 0.997, 0.000) separation=0.3441139;Ground_Mountain_2_4:(0.080, 0.997, 0.000) separation=0.3471729;Ground_Mountain_2_4:(0.080, 0.997, 0.000) separation=0.344114;Ground_Mountain_2_4:(0.080, 0.997, 0.000) separation=0.3453925;Ground_Summit authored launch:(0.080, 0.997, 0.000) separation=0.2873773;Ground_Summit authored launch:(0.080, 0.997, 0.000) separation=0.2843113;Ground_Summit authored launch:(0.080, 0.997, 0.000) separation=0.2843114;Ground_Summit authored launch:(0.080, 0.997, 0.000) separation=0.2873772;Ground_Summit authored launch:(0.080, 0.997, 0.000) separation=0.2843114;Ground_Summit authored launch:(0.080, 0.997, 0.000) separation=0.2843807;"
0.569,1042.298,147.835,201.273,39.324,-39.209,3.012,-0.003,0.339,0.000,0.000,4,6.702,0.065,0.997,"Ground_Mountain_2_4:(0.080, 0.997, 0.000) separation=0.3431879;Ground_Mountain_2_4:(0.080, 0.997, 0.000) separation=0.3455674;Ground_Mountain_2_4:(0.080, 0.997, 0.000) separation=0.3431879;Ground_Mountain_2_4:(0.080, 0.997, 0.000) separation=0.3455674;Ground_Mountain_2_4:(0.080, 0.997, 0.000) separation=0.3431879;Ground_Mountain_2_4:(0.080, 0.997, 0.000) separation=0.343394;Ground_Summit authored launch:(0.080, 0.997, 0.000) separation=0.2857669;Ground_Summit authored launch:(0.080, 0.997, 0.000) separation=0.283383;Ground_Summit authored launch:(0.080, 0.997, 0.000) separation=0.2833833;Ground_Summit authored launch:(0.080, 0.997, 0.000) separation=0.2857667;Ground_Summit authored launch:(0.080, 0.997, 0.000) separation=0.2835952;Ground_Summit authored launch:(0.080, 0.997, 0.000) separation=0.2835954;"
0.589,1041.514,147.894,201.273,39.327,-39.216,2.962,-0.002,0.338,0.000,0.000,4,7.276,0.058,0.997,"Ground_Mountain_2_4:(0.080, 0.997, 0.000) separation=0.341005;Ground_Mountain_2_4:(0.080, 0.997, 0.000) separation=0.3428101;Ground_Mountain_2_4:(0.080, 0.997, 0.000) separation=0.341005;Ground_Mountain_2_4:(0.080, 0.997, 0.000) separation=0.3428101;Ground_Mountain_2_4:(0.080, 0.997, 0.000) separation=0.341005;Ground_Mountain_2_4:(0.080, 0.997, 0.000) separation=0.3420974;Ground_Summit authored launch:(0.080, 0.997, 0.000) separation=0.2830022;Ground_Summit authored launch:(0.080, 0.997, 0.000) separation=0.2812049;Ground_Summit authored launch:(0.080, 0.997, 0.000) separation=0.2812052;Ground_Summit authored launch:(0.080, 0.997, 0.000) separation=0.2830019;Ground_Summit authored launch:(0.080, 0.997, 0.000) separation=0.2815306;Ground_Summit authored launch:(0.080, 0.997, 0.000) separation=0.2815309;"
0.609,1040.729,147.953,201.273,39.330,-39.222,2.924,-0.001,0.336,0.000,0.000,4,7.836,0.051,0.997,"Ground_Mountain_2_4:(0.080, 0.997, 0.000) separation=0.3377471;Ground_Mountain_2_4:(0.080, 0.997, 0.000) separation=0.3390649;Ground_Mountain_2_4:(0.080, 0.997, 0.000) separation=0.3377471;Ground_Mountain_2_4:(0.080, 0.997, 0.000) separation=0.3390648;Ground_Mountain_2_4:(0.080, 0.997, 0.000) separation=0.3377471;Ground_Mountain_2_4:(0.080, 0.997, 0.000) separation=0.3380999;Ground_Summit authored launch:(0.080, 0.997, 0.000) separation=0.2792699;Ground_Summit authored launch:(0.080, 0.997, 0.000) separation=0.2779601;Ground_Summit authored launch:(0.080, 0.997, 0.000) separation=0.2779604;Ground_Summit authored launch:(0.080, 0.997, 0.000) separation=0.2792697;Ground_Summit authored launch:(0.080, 0.997, 0.000) separation=0.2783155;Ground_Summit authored launch:(0.080, 0.997, 0.000) separation=0.2783158;"
0.629,1039.945,148.011,201.273,39.332,-39.226,2.897,0.000,0.335,0.000,0.000,4,8.391,0.102,0.997,"Ground_Mountain_2_4:(0.083, 0.997, 0.000) separation=0.3337187;Ground_Mountain_2_4:(0.083, 0.997, 0.000) separation=0.3295185;Ground_Mountain_2_4:(0.083, 0.997, 0.000) separation=0.3337187;Ground_Mountain_2_4:(0.083, 0.997, 0.000) separation=0.3295194;Ground_Mountain_2_4:(0.083, 0.997, 0.000) separation=0.333874;Ground_Mountain_2_4:(0.083, 0.997, 0.000) separation=0.3344382;Ground_Summit authored launch:(0.081, 0.997, 0.000) separation=0.2722873;Ground_Summit authored launch:(0.081, 0.997, 0.000) separation=0.2739138;Ground_Summit authored launch:(0.081, 0.997, 0.000) separation=0.273914;Ground_Summit authored launch:(0.081, 0.997, 0.000) separation=0.2722866;Ground_Summit authored launch:(0.081, 0.997, 0.000) separation=0.274236;Ground_Summit authored launch:(0.081, 0.997, 0.000) separation=0.2742363;"
0.649,1039.160,148.068,201.273,39.335,-39.230,2.882,0.000,0.334,0.000,0.000,4,9.019,0.086,0.997,"Ground_Mountain_2_4:(0.087, 0.996, 0.000) separation=0.3290505;Ground_Mountain_2_4:(0.087, 0.996, 0.000) separation=0.3164406;Ground_Mountain_2_4:(0.087, 0.996, 0.000) separation=0.3290505;Ground_Mountain_2_4:(0.087, 0.996, 0.000) separation=0.3164415;Ground_Mountain_2_4:(0.087, 0.996, 0.000) separation=0.3164411;Ground_Mountain_2_4:(0.087, 0.996, 0.000) separation=0.3238111;Ground_Summit authored launch:(0.088, 0.996, 0.000) separation=0.2604455;Ground_Summit authored launch:(0.088, 0.996, 0.000) separation=0.2692285;Ground_Summit authored launch:(0.088, 0.996, 0.000) separation=0.2692287;Ground_Summit authored launch:(0.088, 0.996, 0.000) separation=0.2604434;Ground_Summit authored launch:(0.088, 0.996, 0.000) separation=0.2637004;Ground_Summit authored launch:(0.088, 0.996, 0.000) separation=0.264598;"
0.669,1038.375,148.126,201.273,39.337,-39.232,2.884,0.001,0.333,0.000,0.000,4,9.844,0.229,0.997,"Ground_Mountain_2_4:(0.093, 0.996, 0.000) separation=0.3239613;Ground_Mountain_2_4:(0.093, 0.996, 0.000) separation=0.3018515;Ground_Mountain_2_4:(0.093, 0.996, 0.000) separation=0.3239613;Ground_Mountain_2_4:(0.093, 0.996, 0.000) separation=0.301857;Ground_Mountain_2_4:(0.093, 0.996, 0.000) separation=0.3037844;Ground_Mountain_2_4:(0.093, 0.996, 0.000) separation=0.3037844;Ground_Summit authored launch:(0.095, 0.995, 0.000) separation=0.2425353;Ground_Summit authored launch:(0.095, 0.995, 0.000) separation=0.2641504;Ground_Summit authored launch:(0.095, 0.995, 0.000) separation=0.2641505;Ground_Summit authored launch:(0.095, 0.995, 0.000) separation=0.242531;Ground_Summit authored launch:(0.095, 0.995, 0.000) separation=0.2425311;Ground_Summit authored launch:(0.095, 0.995, 0.000) separation=0.2439935;"
0.689,1037.591,148.184,201.273,39.339,-39.232,2.907,0.002,0.332,0.000,0.000,4,10.926,0.259,0.997,"Ground_Mountain_2_4:(0.104, 0.995, 0.000) separation=0.3133881;Ground_Mountain_2_4:(0.104, 0.995, 0.000) separation=0.2727185;Ground_Mountain_2_4:(0.104, 0.995, 0.000) separation=0.3133864;Ground_Mountain_2_4:(0.104, 0.995, 0.000) separation=0.2727239;Ground_Mountain_2_4:(0.104, 0.995, 0.000) separation=0.2727197;Ground_Mountain_2_4:(0.104, 0.995, 0.000) separation=0.2819203;Ground_Summit authored launch:(0.097, 0.995, 0.000) separation=0.2174512;Ground_Summit authored launch:(0.097, 0.995, 0.000) separation=0.2562153;Ground_Summit authored launch:(0.097, 0.995, 0.000) separation=0.2562164;Ground_Summit authored launch:(0.097, 0.995, 0.000) separation=0.2174461;Ground_Summit authored launch:(0.097, 0.995, 0.000) separation=0.2373084;Ground_Summit authored launch:(0.097, 0.995, 0.000) separation=0.238799;"
0.709,1036.807,148.243,201.273,39.340,-39.230,2.959,0.003,0.331,0.000,0.000,4,12.324,0.359,0.997,"Ground_Mountain_2_4:(0.104, 0.995, 0.000) separation=0.2999336;Ground_Mountain_2_4:(0.104, 0.995, 0.000) separation=0.2445118;Ground_Mountain_2_4:(0.104, 0.995, 0.000) separation=0.2999314;Ground_Mountain_2_4:(0.104, 0.995, 0.000) separation=0.2445184;Ground_Mountain_2_4:(0.104, 0.995, 0.000) separation=0.2445167;Ground_Mountain_2_4:(0.104, 0.995, 0.000) separation=0.2769881;Ground_Summit authored launch:(0.107, 0.994, 0.000) separation=0.1868544;Ground_Summit authored launch:(0.107, 0.994, 0.000) separation=0.2439022;Ground_Summit authored launch:(0.107, 0.994, 0.000) separation=0.2439058;Ground_Summit authored launch:(0.107, 0.994, 0.000) separation=0.1868459;Ground_Summit authored launch:(0.107, 0.994, 0.000) separation=0.2066897;Ground_Summit authored launch:(0.107, 0.994, 0.000) separation=0.208756;"
0.729,1036.023,148.304,201.273,39.342,-39.224,3.044,0.004,0.330,0.000,0.000,4,13.965,0.411,0.996,"Ground_Mountain_2_4:(0.117, 0.993, 0.000) separation=0.2854359;Ground_Mountain_2_4:(0.117, 0.993, 0.000) separation=0.2094375;Ground_Mountain_2_4:(0.117, 0.993, 0.000) separation=0.2854283;Ground_Mountain_2_4:(0.117, 0.993, 0.000) separation=0.2094506;Ground_Mountain_2_4:(0.117, 0.993, 0.000) separation=0.2298433;Ground_Mountain_2_4:(0.117, 0.993, 0.000) separation=0.2298433;Ground_Summit authored launch:(0.117, 0.993, 0.000) separation=0.1520602;Ground_Summit authored launch:(0.117, 0.993, 0.000) separation=0.2261561;Ground_Summit authored launch:(0.117, 0.993, 0.000) separation=0.2261627;Ground_Summit authored launch:(0.117, 0.993, 0.000) separation=0.1520479;Ground_Summit authored launch:(0.117, 0.993, 0.000) separation=0.1674217;Ground_Summit authored launch:(0.117, 0.993, 0.000) separation=0.1700448;"
0.749,1035.239,148.367,201.273,39.342,-39.215,3.167,0.005,0.329,0.000,-0.001,4,15.848,0.314,0.996,"Ground_Mountain_2_4:(0.124, 0.992, 0.000) separation=0.2572508;Ground_Mountain_2_4:(0.124, 0.992, 0.000) separation=0.1690809;Ground_Mountain_2_4:(0.124, 0.992, 0.000) separation=0.2572424;Ground_Mountain_2_4:(0.124, 0.992, 0.000) separation=0.1690956;Ground_Mountain_2_4:(0.124, 0.992, 0.000) separation=0.1690874;Ground_Mountain_2_4:(0.124, 0.992, 0.000) separation=0.200063;Ground_Summit authored launch:(0.124, 0.992, 0.000) separation=0.1138225;Ground_Summit authored launch:(0.124, 0.992, 0.000) separation=0.20201;Ground_Summit authored launch:(0.124, 0.992, 0.000) separation=0.202017;Ground_Summit authored launch:(0.124, 0.992, 0.000) separation=0.1138058;Ground_Summit authored launch:(0.124, 0.992, 0.000) separation=0.1205304;Ground_Summit authored launch:(0.124, 0.992, 0.000) separation=0.1236874;"
0.769,1034.456,148.434,201.273,39.343,-39.202,3.329,0.006,0.329,0.000,0.000,4,17.861,0.198,0.996,"Ground_Mountain_2_4:(0.124, 0.992, 0.000) separation=0.2308323;Ground_Mountain_2_4:(0.124, 0.992, 0.000) separation=0.1319124;Ground_Mountain_2_4:(0.124, 0.992, 0.000) separation=0.2308235;Ground_Mountain_2_4:(0.124, 0.992, 0.000) separation=0.1319284;Ground_Mountain_2_4:(0.124, 0.992, 0.000) separation=0.1319281;Ground_Mountain_2_4:(0.124, 0.992, 0.000) separation=0.196985;Ground_Summit authored launch:(0.127, 0.992, 0.000) separation=0.07262457;Ground_Summit authored launch:(0.127, 0.992, 0.000) separation=0.1730812;Ground_Summit authored launch:(0.127, 0.992, 0.000) separation=0.1730922;Ground_Summit authored launch:(0.127, 0.992, 0.000) separation=0.07260709;Ground_Summit authored launch:(0.127, 0.992, 0.000) separation=0.1186424;Ground_Summit authored launch:(0.127, 0.992, 0.000) separation=0.1216637;"
0.789,1033.676,148.508,201.273,39.299,-39.124,3.705,0.006,0.329,0.000,0.000,4,19.966,0.181,0.995,"Ground_Mountain_2_4:(0.144, 0.990, 0.000) separation=0.1982582;Ground_Mountain_2_4:(0.144, 0.990, 0.000) separation=0.08324172;Ground_Mountain_2_4:(0.144, 0.990, 0.000) separation=0.198245;Ground_Mountain_2_4:(0.144, 0.990, 0.000) separation=0.08326113;Ground_Mountain_2_4:(0.144, 0.990, 0.000) separation=0.08324441;Ground_Mountain_2_4:(0.144, 0.990, 0.000) separation=0.09617189;Ground_Summit authored launch:(0.138, 0.990, 0.000) separation=0.02775738;Ground_Summit authored launch:(0.138, 0.990, 0.000) separation=0.1409124;Ground_Summit authored launch:(0.138, 0.990, 0.000) separation=0.1409269;Ground_Summit authored launch:(0.138, 0.990, 0.000) separation=0.02773608;Ground_Summit authored launch:(0.138, 0.990, 0.000) separation=0.06758195;Ground_Summit authored launch:(0.138, 0.990, 0.000) separation=0.07107374;"
0.809,1032.905,148.595,201.274,39.198,-38.962,4.342,0.011,0.351,0.000,-0.001,4,22.536,2.045,0.992,"Ground_Mountain_2_4:(0.144, 0.990, 0.000) separation=0.1572147;Ground_Mountain_2_4:(0.144, 0.990, 0.000) separation=0.05034841;Ground_Mountain_2_4:(0.144, 0.990, 0.000) separation=0.1572033;Ground_Mountain_2_4:(0.144, 0.990, 0.000) separation=0.05036696;Ground_Mountain_2_4:(0.144, 0.990, 0.000) separation=0.05036092;Ground_Mountain_2_4:(0.144, 0.990, 0.000) separation=0.1023899;Ground_Summit authored launch:(0.148, 0.989, 0.000) separation=-0.006456254;Ground_Summit authored launch:(0.148, 0.989, 0.000) separation=0.1018994;Ground_Summit authored launch:(0.148, 0.989, 0.000) separation=0.1019049;Ground_Summit authored launch:(0.148, 0.989, 0.000) separation=-0.006468644;Ground_Summit authored launch:(0.148, 0.989, 0.000) separation=0.02029541;Ground_Summit authored launch:(0.148, 0.989, 0.000) separation=0.02380237;Ground_Summit authored launch:(0.166, 0.986, 0.000) separation=0.04836902;"
0.829,1032.137,148.701,201.274,39.072,-38.726,5.217,0.013,0.401,0.000,0.000,4,27.861,6.786,0.989,"Ground_Mountain_2_4:(0.151, 0.989, 0.000) separation=0.1104266;Ground_Mountain_2_4:(0.151, 0.989, 0.000) separation=0.04659554;Ground_Mountain_2_4:(0.151, 0.989, 0.000) separation=0.1104035;Ground_Mountain_2_4:(0.151, 0.989, 0.000) separation=0.04662759;Ground_Mountain_2_4:(0.151, 0.989, 0.000) separation=0.06040275;Ground_Mountain_2_4:(0.151, 0.989, 0.000) separation=0.06042489;Ground_Summit authored launch:(0.156, 0.988, 0.000) separation=-0.0109548;Ground_Summit authored launch:(0.156, 0.988, 0.000) separation=0.05109157;Ground_Summit authored launch:(0.156, 0.988, 0.000) separation=0.05109432;Ground_Summit authored launch:(0.156, 0.988, 0.000) separation=-0.01096319;Ground_Summit authored launch:(0.156, 0.988, 0.000) separation=-0.001529306;Ground_Summit authored launch:(0.156, 0.988, 0.000) separation=0.0009169877;Ground_Summit authored launch:(0.176, 0.984, 0.000) separation=0.04619873;"
0.849,1031.372,148.826,201.274,38.949,-38.461,6.146,0.016,0.464,0.000,0.000,4,28.333,5.513,0.988,"Ground_Mountain_2_4:(0.164, 0.986, 0.000) separation=0.07392471;Ground_Mountain_2_4:(0.164, 0.986, 0.000) separation=0.04354203;Ground_Mountain_2_4:(0.164, 0.986, 0.000) separation=0.07392424;Ground_Mountain_2_4:(0.164, 0.986, 0.000) separation=0.04354519;Ground_Mountain_2_4:(0.164, 0.986, 0.000) separation=0.04354316;Ground_Mountain_2_4:(0.164, 0.986, 0.000) separation=0.05622256;Ground_Summit authored launch:(0.166, 0.986, 0.000) separation=-0.0107781;Ground_Summit authored launch:(0.166, 0.986, 0.000) separation=0.01844747;Ground_Summit authored launch:(0.166, 0.986, 0.000) separation=0.01844187;Ground_Summit authored launch:(0.166, 0.986, 0.000) separation=-0.01077547;Ground_Summit authored launch:(0.166, 0.986, 0.000) separation=-0.01067743;Ground_Summit authored launch:(0.166, 0.986, 0.000) separation=-0.00891161;"
0.869,1030.606,148.956,201.274,38.958,-38.424,6.428,0.014,0.525,0.000,0.000,4,23.788,1.455,0.986,"Ground_Mountain_2_4:(0.164, 0.986, 0.000) separation=0.07090355;Ground_Mountain_2_4:(0.164, 0.986, 0.000) separation=0.04793142;Ground_Mountain_2_4:(0.164, 0.986, 0.000) separation=0.07150092;Ground_Mountain_2_4:(0.164, 0.986, 0.000) separation=0.0473341;Ground_Mountain_2_4:(0.164, 0.986, 0.000) separation=0.04739949;Ground_Mountain_2_4:(0.164, 0.986, 0.000) separation=0.06653276;Ground_Summit authored launch:(0.169, 0.986, 0.000) separation=-0.010901;Ground_Summit authored launch:(0.169, 0.986, 0.000) separation=0.0147123;Ground_Summit authored launch:(0.169, 0.986, 0.000) separation=0.01411042;Ground_Summit authored launch:(0.169, 0.986, 0.000) separation=-0.01029996;Ground_Summit authored launch:(0.169, 0.986, 0.000) separation=0.004743367;Ground_Summit authored launch:(0.169, 0.986, 0.000) separation=0.005322337;Ground_Summit authored launch:(0.186, 0.983, 0.000) separation=0.04080427;"
0.889,1029.843,149.097,201.274,38.932,-38.320,6.872,0.018,0.521,0.000,0.000,4,24.364,1.098,0.985,"Ground_Mountain_2_4:(0.184, 0.983, 0.000) separation=0.06820085;Ground_Mountain_2_4:(0.184, 0.983, 0.000) separation=0.04244045;Ground_Mountain_2_4:(0.184, 0.983, 0.000) separation=0.06831122;Ground_Mountain_2_4:(0.184, 0.983, 0.000) separation=0.042331;Ground_Mountain_2_4:(0.184, 0.983, 0.000) separation=0.04243615;Ground_Mountain_2_4:(0.184, 0.983, 0.000) separation=0.0439415;Ground_Summit authored launch:(0.179, 0.984, 0.000) separation=-0.0135322;Ground_Summit authored launch:(0.179, 0.984, 0.000) separation=0.0106693;Ground_Summit authored launch:(0.179, 0.984, 0.000) separation=0.01054898;Ground_Summit authored launch:(0.179, 0.984, 0.000) separation=-0.01341253;Ground_Summit authored launch:(0.179, 0.984, 0.000) separation=-0.002067238;Ground_Summit authored launch:(0.179, 0.984, 0.000) separation=-0.0009066164;Ground_Summit authored launch:(0.196, 0.981, 0.000) separation=0.04058433;"
0.909,1029.082,149.243,201.275,38.925,-38.252,7.206,0.020,0.534,0.000,0.000,4,23.170,0.913,0.983,"Ground_Mountain_2_4:(0.184, 0.983, 0.000) separation=0.06632106;Ground_Mountain_2_4:(0.184, 0.983, 0.000) separation=0.04406038;Ground_Mountain_2_4:(0.184, 0.983, 0.000) separation=0.06634319;Ground_Mountain_2_4:(0.184, 0.983, 0.000) separation=0.04403826;Ground_Mountain_2_4:(0.184, 0.983, 0.000) separation=0.04404786;Ground_Mountain_2_4:(0.184, 0.983, 0.000) separation=0.05882645;Ground_Summit authored launch:(0.189, 0.982, 0.000) separation=-0.0115994;Ground_Summit authored launch:(0.189, 0.982, 0.000) separation=0.01207929;Ground_Summit authored launch:(0.189, 0.982, 0.000) separation=0.01205274;Ground_Summit authored launch:(0.189, 0.982, 0.000) separation=-0.01157298;Ground_Summit authored launch:(0.189, 0.982, 0.000) separation=-0.004668027;Ground_Summit authored launch:(0.189, 0.982, 0.000) separation=-0.003298283;Ground_Summit authored launch:(0.206, 0.979, 0.000) separation=0.04488751;"
0.929,1028.320,149.394,201.275,38.931,-38.209,7.467,0.015,0.538,0.000,0.000,4,22.847,0.998,0.982,"Ground_Mountain_2_4:(0.191, 0.982, 0.000) separation=0.07096364;Ground_Mountain_2_4:(0.191, 0.982, 0.000) separation=0.04927903;Ground_Mountain_2_4:(0.191, 0.982, 0.000) separation=0.07098576;Ground_Mountain_2_4:(0.191, 0.982, 0.000) separation=0.04925691;Ground_Mountain_2_4:(0.191, 0.982, 0.000) separation=0.05329835;Ground_Mountain_2_4:(0.191, 0.982, 0.000) separation=0.05332047;Ground_Summit authored launch:(0.196, 0.981, 0.000) separation=-0.008782521;Ground_Summit authored launch:(0.196, 0.981, 0.000) separation=0.01281678;Ground_Summit authored launch:(0.196, 0.981, 0.000) separation=0.01281082;Ground_Summit authored launch:(0.196, 0.981, 0.000) separation=-0.008776184;Ground_Summit authored launch:(0.196, 0.981, 0.000) separation=-0.007231683;Ground_Summit authored launch:(0.196, 0.981, 0.000) separation=-0.00571993;"
0.949,1027.559,149.549,201.275,38.935,-38.161,7.729,0.012,0.534,0.000,0.000,4,22.919,0.837,0.981,"Ground_Mountain_2_4:(0.204, 0.979, 0.000) separation=0.06894864;Ground_Mountain_2_4:(0.204, 0.979, 0.000) separation=0.04460073;Ground_Mountain_2_4:(0.204, 0.979, 0.000) separation=0.06897076;Ground_Mountain_2_4:(0.204, 0.979, 0.000) separation=0.04457862;Ground_Mountain_2_4:(0.204, 0.979, 0.000) separation=0.04459545;Ground_Mountain_2_4:(0.204, 0.979, 0.000) separation=0.05257073;Ground_Summit authored launch:(0.197, 0.980, 0.000) separation=-0.009536192;Ground_Summit authored launch:(0.197, 0.980, 0.000) separation=0.01305245;Ground_Summit authored launch:(0.197, 0.980, 0.000) separation=0.01305109;Ground_Summit authored launch:(0.197, 0.980, 0.000) separation=-0.009534398;Ground_Summit authored launch:(0.197, 0.980, 0.000) separation=0.005251199;Ground_Summit authored launch:(0.197, 0.980, 0.000) separation=0.006334275;Ground_Summit authored launch:(0.215, 0.977, 0.000) separation=0.0416247;"
0.969,1026.801,149.712,201.275,38.929,-38.092,8.030,0.012,0.532,0.000,0.000,4,22.415,0.567,0.979,"Ground_Mountain_2_4:(0.204, 0.979, 0.000) separation=0.07041448;Ground_Mountain_2_4:(0.204, 0.979, 0.000) separation=0.04186968;Ground_Mountain_2_4:(0.204, 0.979, 0.000) separation=0.07041437;Ground_Mountain_2_4:(0.204, 0.979, 0.000) separation=0.0418689;Ground_Mountain_2_4:(0.204, 0.979, 0.000) separation=0.0418691;Ground_Mountain_2_4:(0.204, 0.979, 0.000) separation=0.06191963;Ground_Summit authored launch:(0.209, 0.978, 0.000) separation=-0.01495999;Ground_Summit authored launch:(0.209, 0.978, 0.000) separation=0.01488812;Ground_Summit authored launch:(0.209, 0.978, 0.000) separation=0.01488766;Ground_Summit authored launch:(0.209, 0.978, 0.000) separation=-0.01495906;Ground_Summit authored launch:(0.209, 0.978, 0.000) separation=-0.001388818;Ground_Summit authored launch:(0.209, 0.978, 0.000) separation=1.552301E-05;Ground_Summit authored launch:(0.225, 0.974, 0.000) separation=0.03860813;"
0.989,1026.043,149.880,201.275,38.928,-38.031,8.308,0.013,0.536,0.000,0.000,4,22.902,0.769,0.978,"Ground_Mountain_2_4:(0.220, 0.975, 0.000) separation=0.07153341;Ground_Mountain_2_4:(0.220, 0.975, 0.000) separation=0.04406265;Ground_Mountain_2_4:(0.220, 0.975, 0.000) separation=0.07153378;Ground_Mountain_2_4:(0.220, 0.975, 0.000) separation=0.04406141;Ground_Mountain_2_4:(0.220, 0.975, 0.000) separation=0.05592922;Ground_Mountain_2_4:(0.220, 0.975, 0.000) separation=0.05595276;Ground_Summit authored launch:(0.217, 0.976, 0.000) separation=-0.01225606;Ground_Summit authored launch:(0.217, 0.976, 0.000) separation=0.01343624;Ground_Summit authored launch:(0.217, 0.976, 0.000) separation=0.01343462;Ground_Summit authored launch:(0.217, 0.976, 0.000) separation=-0.01225376;Ground_Summit authored launch:(0.217, 0.976, 0.000) separation=-0.004189044;Ground_Summit authored launch:(0.217, 0.976, 0.000) separation=-0.002767506;Ground_Summit authored launch:(0.234, 0.972, 0.000) separation=0.04376835;"
1.009,1025.287,150.054,201.276,38.923,-37.962,8.597,0.014,0.536,0.000,0.000,4,23.284,0.830,0.976,"Ground_Mountain_2_4:(0.223, 0.975, 0.000) separation=0.06642467;Ground_Mountain_2_4:(0.223, 0.975, 0.000) separation=0.04363751;Ground_Mountain_2_4:(0.223, 0.975, 0.000) separation=0.06644678;Ground_Mountain_2_4:(0.223, 0.975, 0.000) separation=0.04361454;Ground_Mountain_2_4:(0.223, 0.975, 0.000) separation=0.04362762;Ground_Mountain_2_4:(0.223, 0.975, 0.000) separation=0.0560278;Ground_Summit authored launch:(0.225, 0.974, 0.000) separation=-0.01050502;Ground_Summit authored launch:(0.225, 0.974, 0.000) separation=0.0122009;Ground_Summit authored launch:(0.225, 0.974, 0.000) separation=0.01220056;Ground_Summit authored launch:(0.225, 0.974, 0.000) separation=-0.0105033;Ground_Summit authored launch:(0.225, 0.974, 0.000) separation=-0.007996917;Ground_Summit authored launch:(0.225, 0.974, 0.000) separation=-0.006488413;"
1.029,1024.531,150.232,201.276,38.922,-37.900,8.865,0.011,0.538,0.000,0.000,4,23.302,0.772,0.975,"Ground_Mountain_2_4:(0.223, 0.975, 0.000) separation=0.06820658;Ground_Mountain_2_4:(0.223, 0.975, 0.000) separation=0.04813292;Ground_Mountain_2_4:(0.223, 0.975, 0.000) separation=0.06816202;Ground_Mountain_2_4:(0.223, 0.975, 0.000) separation=0.04817662;Ground_Mountain_2_4:(0.223, 0.975, 0.000) separation=0.04817453;Ground_Mountain_2_4:(0.223, 0.975, 0.000) separation=0.0645996;Ground_Summit authored launch:(0.226, 0.974, 0.000) separation=-0.009794682;Ground_Summit authored launch:(0.226, 0.974, 0.000) separation=0.01141796;Ground_Summit authored launch:(0.226, 0.974, 0.000) separation=0.01144716;Ground_Summit authored launch:(0.226, 0.974, 0.000) separation=-0.009822749;Ground_Summit authored launch:(0.226, 0.974, 0.000) separation=0.004760116;Ground_Summit authored launch:(0.226, 0.974, 0.000) separation=0.005787373;Ground_Summit authored launch:(0.244, 0.970, 0.000) separation=0.0409849;"
1.049,1023.778,150.417,201.276,38.915,-37.825,9.147,0.012,0.539,0.000,0.000,4,22.731,0.520,0.973,"Ground_Mountain_2_4:(0.242, 0.970, 0.000) separation=0.06939843;Ground_Mountain_2_4:(0.242, 0.970, 0.000) separation=0.03957992;Ground_Mountain_2_4:(0.242, 0.970, 0.000) separation=0.06937692;Ground_Mountain_2_4:(0.242, 0.970, 0.000) separation=0.03959969;Ground_Mountain_2_4:(0.242, 0.970, 0.000) separation=0.03958175;Ground_Mountain_2_4:(0.242, 0.970, 0.000) separation=0.04325417;Ground_Summit authored launch:(0.238, 0.971, 0.000) separation=-0.01512134;Ground_Summit authored launch:(0.238, 0.971, 0.000) separation=0.01297413;Ground_Summit authored launch:(0.238, 0.971, 0.000) separation=0.01298007;Ground_Summit authored launch:(0.238, 0.971, 0.000) separation=-0.01512605;Ground_Summit authored launch:(0.238, 0.971, 0.000) separation=-0.00156951;Ground_Summit authored launch:(0.238, 0.971, 0.000) separation=-0.0002308786;Ground_Summit authored launch:(0.253, 0.967, 0.000) separation=0.03814128;"
1.069,1023.028,150.609,201.276,38.897,-37.725,9.479,0.015,0.542,0.000,0.000,4,23.284,0.618,0.971,"Ground_Mountain_2_4:(0.242, 0.970, 0.000) separation=0.06573044;Ground_Mountain_2_4:(0.242, 0.970, 0.000) separation=0.04280771;Ground_Mountain_2_4:(0.242, 0.970, 0.000) separation=0.06573032;Ground_Mountain_2_4:(0.242, 0.970, 0.000) separation=0.04280695;Ground_Mountain_2_4:(0.242, 0.970, 0.000) separation=0.04280722;Ground_Mountain_2_4:(0.242, 0.970, 0.000) separation=0.05836341;Ground_Summit authored launch:(0.247, 0.969, 0.000) separation=-0.01240572;Ground_Summit authored launch:(0.247, 0.969, 0.000) separation=0.0116669;Ground_Summit authored launch:(0.247, 0.969, 0.000) separation=0.01166728;Ground_Summit authored launch:(0.247, 0.969, 0.000) separation=-0.01240462;Ground_Summit authored launch:(0.247, 0.969, 0.000) separation=-0.00416559;Ground_Summit authored launch:(0.247, 0.969, 0.000) separation=-0.002801389;Ground_Summit authored launch:(0.263, 0.965, 0.000) separation=0.04332599;"
1.089,1022.277,150.805,201.276,38.894,-37.655,9.739,0.011,0.551,0.000,0.000,4,22.959,0.816,0.969,"Ground_Mountain_2_4:(0.252, 0.968, 0.000) separation=0.07035011;Ground_Mountain_2_4:(0.252, 0.968, 0.000) separation=0.04758415;Ground_Mountain_2_4:(0.252, 0.968, 0.000) separation=0.07034866;Ground_Mountain_2_4:(0.252, 0.968, 0.000) separation=0.04758039;Ground_Mountain_2_4:(0.252, 0.968, 0.000) separation=0.05315265;Ground_Mountain_2_4:(0.252, 0.968, 0.000) separation=0.05317593;Ground_Summit authored launch:(0.253, 0.967, 0.000) separation=-0.009332061;Ground_Summit authored launch:(0.253, 0.967, 0.000) separation=0.0124557;Ground_Summit authored launch:(0.253, 0.967, 0.000) separation=0.01246396;Ground_Summit authored launch:(0.253, 0.967, 0.000) separation=-0.009337547;Ground_Summit authored launch:(0.253, 0.967, 0.000) separation=-0.006523609;Ground_Summit authored launch:(0.253, 0.967, 0.000) separation=-0.005061835;"
1.109,1021.527,151.005,201.276,38.889,-37.583,9.997,0.008,0.553,0.000,0.000,4,22.866,0.694,0.968,"Ground_Mountain_2_4:(0.261, 0.965, 0.000) separation=0.0675531;Ground_Mountain_2_4:(0.261, 0.965, 0.000) separation=0.04370382;Ground_Mountain_2_4:(0.261, 0.965, 0.000) separation=0.06753121;Ground_Mountain_2_4:(0.261, 0.965, 0.000) separation=0.04372397;Ground_Mountain_2_4:(0.261, 0.965, 0.000) separation=0.04370922;Ground_Mountain_2_4:(0.261, 0.965, 0.000) separation=0.05240238;Ground_Summit authored launch:(0.255, 0.967, 0.000) separation=-0.009444267;Ground_Summit authored launch:(0.255, 0.967, 0.000) separation=0.01274453;Ground_Summit authored launch:(0.255, 0.967, 0.000) separation=0.01274672;Ground_Summit authored launch:(0.255, 0.967, 0.000) separation=-0.009444479;Ground_Summit authored launch:(0.255, 0.967, 0.000) separation=0.005514175;Ground_Summit authored launch:(0.255, 0.967, 0.000) separation=0.006555527;Ground_Summit authored launch:(0.272, 0.962, 0.000) separation=0.04127502;"
1.129,1020.780,151.212,201.277,38.885,-37.512,10.240,0.006,0.556,0.000,0.000,4,22.143,0.453,0.966,"Ground_Mountain_2_4:(0.261, 0.965, 0.000) separation=0.0702056;Ground_Mountain_2_4:(0.261, 0.965, 0.000) separation=0.04121092;Ground_Mountain_2_4:(0.261, 0.965, 0.000) separation=0.07020536;Ground_Mountain_2_4:(0.261, 0.965, 0.000) separation=0.0412086;Ground_Mountain_2_4:(0.261, 0.965, 0.000) separation=0.04120907;Ground_Mountain_2_4:(0.261, 0.965, 0.000) separation=0.06161499;Ground_Summit authored launch:(0.264, 0.964, 0.000) separation=-0.01497006;Ground_Summit authored launch:(0.264, 0.964, 0.000) separation=0.01509356;Ground_Summit authored launch:(0.264, 0.964, 0.000) separation=0.01509431;Ground_Summit authored launch:(0.264, 0.964, 0.000) separation=-0.01496875;Ground_Summit authored launch:(0.264, 0.964, 0.000) separation=-0.0008563101;Ground_Summit authored launch:(0.264, 0.964, 0.000) separation=0.0005290508;Ground_Summit authored launch:(0.281, 0.960, 0.000) separation=0.03824264;"
1.149,1020.036,151.425,201.277,38.870,-37.417,10.530,0.010,0.558,0.000,0.000,4,22.638,0.355,0.963,"Ground_Mountain_2_4:(0.277, 0.961, 0.000) separation=0.07189193;Ground_Mountain_2_4:(0.277, 0.961, 0.000) separation=0.04190687;Ground_Mountain_2_4:(0.277, 0.961, 0.000) separation=0.07189313;Ground_Mountain_2_4:(0.277, 0.961, 0.000) separation=0.04190311;Ground_Mountain_2_4:(0.277, 0.961, 0.000) separation=0.05476947;Ground_Mountain_2_4:(0.277, 0.961, 0.000) separation=0.05479351;Ground_Summit authored launch:(0.275, 0.961, 0.000) separation=-0.01350546;Ground_Summit authored launch:(0.275, 0.961, 0.000) separation=0.01486939;Ground_Summit authored launch:(0.275, 0.961, 0.000) separation=0.01486823;Ground_Summit authored launch:(0.275, 0.961, 0.000) separation=-0.01350205;Ground_Summit authored launch:(0.275, 0.961, 0.000) separation=-0.004659414;Ground_Summit authored launch:(0.275, 0.961, 0.000) separation=-0.003182828;Ground_Summit authored launch:(0.290, 0.957, 0.000) separation=0.04220381;"
1.169,1019.292,151.642,201.277,38.863,-37.334,10.791,0.007,0.565,0.000,0.000,4,23.109,0.875,0.962,"Ground_Mountain_2_4:(0.280, 0.960, 0.000) separation=0.06652895;Ground_Mountain_2_4:(0.280, 0.960, 0.000) separation=0.04404141;Ground_Mountain_2_4:(0.280, 0.960, 0.000) separation=0.06652887;Ground_Mountain_2_4:(0.280, 0.960, 0.000) separation=0.04403894;Ground_Mountain_2_4:(0.280, 0.960, 0.000) separation=0.04404032;Ground_Mountain_2_4:(0.280, 0.960, 0.000) separation=0.05635828;Ground_Summit authored launch:(0.281, 0.960, 0.000) separation=-0.009334981;Ground_Summit authored launch:(0.281, 0.960, 0.000) separation=0.01324176;Ground_Summit authored launch:(0.281, 0.960, 0.000) separation=0.01324454;Ground_Summit authored launch:(0.281, 0.960, 0.000) separation=-0.009333932;Ground_Summit authored launch:(0.281, 0.960, 0.000) separation=-0.006725371;Ground_Summit authored launch:(0.281, 0.960, 0.000) separation=-0.005245566;"
1.189,1018.549,151.864,201.277,38.854,-37.250,11.051,0.004,0.569,0.000,0.000,4,23.071,0.748,0.960,"Ground_Mountain_2_4:(0.280, 0.960, 0.000) separation=0.06885608;Ground_Mountain_2_4:(0.280, 0.960, 0.000) separation=0.0477898;Ground_Mountain_2_4:(0.280, 0.960, 0.000) separation=0.06885509;Ground_Mountain_2_4:(0.280, 0.960, 0.000) separation=0.04778824;Ground_Mountain_2_4:(0.280, 0.960, 0.000) separation=0.04778832;Ground_Mountain_2_4:(0.280, 0.960, 0.000) separation=0.06463695;Ground_Summit authored launch:(0.283, 0.959, 0.000) separation=-0.009323329;Ground_Summit authored launch:(0.283, 0.959, 0.000) separation=0.01272281;Ground_Summit authored launch:(0.283, 0.959, 0.000) separation=0.01272461;Ground_Summit authored launch:(0.283, 0.959, 0.000) separation=-0.009322309;Ground_Summit authored launch:(0.283, 0.959, 0.000) separation=0.005343616;Ground_Summit authored launch:(0.283, 0.959, 0.000) separation=0.006384432;Ground_Summit authored launch:(0.300, 0.954, 0.000) separation=0.04155254;"
1.209,1017.810,152.092,201.277,38.846,-37.167,11.297,0.003,0.573,0.000,0.000,4,22.347,0.525,0.958,"Ground_Mountain_2_4:(0.298, 0.955, 0.000) separation=0.07010528;Ground_Mountain_2_4:(0.298, 0.955, 0.000) separation=0.03938432;Ground_Mountain_2_4:(0.298, 0.955, 0.000) separation=0.07010628;Ground_Mountain_2_4:(0.298, 0.955, 0.000) separation=0.03938079;Ground_Mountain_2_4:(0.298, 0.955, 0.000) separation=0.03938404;Ground_Mountain_2_4:(0.298, 0.955, 0.000) separation=0.04260191;Ground_Summit authored launch:(0.292, 0.956, 0.000) separation=-0.01454401;Ground_Summit authored launch:(0.292, 0.956, 0.000) separation=0.01462434;Ground_Summit authored launch:(0.292, 0.956, 0.000) separation=0.01462507;Ground_Summit authored launch:(0.292, 0.956, 0.000) separation=-0.01454193;Ground_Summit authored launch:(0.292, 0.956, 0.000) separation=-0.001106322;Ground_Summit authored launch:(0.292, 0.956, 0.000) separation=0.0002652407;Ground_Summit authored launch:(0.309, 0.951, 0.000) separation=0.03886944;"
1.229,1017.072,152.326,201.277,38.829,-37.062,11.581,0.006,0.577,0.000,0.000,4,22.743,0.419,0.955,"Ground_Mountain_2_4:(0.298, 0.955, 0.000) separation=0.06772313;Ground_Mountain_2_4:(0.298, 0.955, 0.000) separation=0.04123447;Ground_Mountain_2_4:(0.298, 0.955, 0.000) separation=0.06772304;Ground_Mountain_2_4:(0.298, 0.955, 0.000) separation=0.04123204;Ground_Mountain_2_4:(0.298, 0.955, 0.000) separation=0.04123306;Ground_Mountain_2_4:(0.298, 0.955, 0.000) separation=0.05770245;Ground_Summit authored launch:(0.303, 0.953, 0.000) separation=-0.01293042;Ground_Summit authored launch:(0.303, 0.953, 0.000) separation=0.01442618;Ground_Summit authored launch:(0.303, 0.953, 0.000) separation=0.01442504;Ground_Summit authored launch:(0.303, 0.953, 0.000) separation=-0.01292629;Ground_Summit authored launch:(0.303, 0.953, 0.000) separation=-0.004922539;Ground_Summit authored launch:(0.303, 0.953, 0.000) separation=-0.003461421;Ground_Summit authored launch:(0.317, 0.948, 0.000) separation=0.04304203;"
1.249,1016.336,152.564,201.277,38.818,-36.969,11.841,0.004,0.585,0.000,0.000,4,23.122,0.853,0.953,"Ground_Mountain_2_4:(0.310, 0.951, 0.000) separation=0.06991448;Ground_Mountain_2_4:(0.310, 0.951, 0.000) separation=0.04740503;Ground_Mountain_2_4:(0.310, 0.951, 0.000) separation=0.06991274;Ground_Mountain_2_4:(0.310, 0.951, 0.000) separation=0.04740006;Ground_Mountain_2_4:(0.310, 0.951, 0.000) separation=0.0516789;Ground_Mountain_2_4:(0.310, 0.951, 0.000) separation=0.05168886;Ground_Summit authored launch:(0.309, 0.951, 0.000) separation=-0.008779436;Ground_Summit authored launch:(0.309, 0.951, 0.000) separation=0.01296729;Ground_Summit authored launch:(0.309, 0.951, 0.000) separation=0.01296955;Ground_Summit authored launch:(0.309, 0.951, 0.000) separation=-0.008776838;Ground_Summit authored launch:(0.309, 0.951, 0.000) separation=-0.007102728;Ground_Summit authored launch:(0.309, 0.951, 0.000) separation=-0.00562498;"
1.269,1015.600,152.806,201.277,38.807,-36.874,12.096,0.002,0.591,0.000,0.000,4,22.932,0.725,0.952,"Ground_Mountain_2_4:(0.316, 0.949, 0.000) separation=0.06699905;Ground_Mountain_2_4:(0.316, 0.949, 0.000) separation=0.04350916;Ground_Mountain_2_4:(0.316, 0.949, 0.000) separation=0.0669995;Ground_Mountain_2_4:(0.316, 0.949, 0.000) separation=0.0435054;Ground_Mountain_2_4:(0.316, 0.949, 0.000) separation=0.04350826;Ground_Mountain_2_4:(0.316, 0.949, 0.000) separation=0.0509426;Ground_Summit authored launch:(0.310, 0.951, 0.000) separation=-0.009062797;Ground_Summit authored launch:(0.310, 0.951, 0.000) separation=0.01295065;Ground_Summit authored launch:(0.310, 0.951, 0.000) separation=0.01295269;Ground_Summit authored launch:(0.310, 0.951, 0.000) separation=-0.00906135;Ground_Summit authored launch:(0.310, 0.951, 0.000) separation=0.005065501;Ground_Summit authored launch:(0.310, 0.951, 0.000) separation=0.006124794;Ground_Summit authored launch:(0.326, 0.945, 0.000) separation=0.04224557;"
1.289,1014.868,153.055,201.277,38.796,-36.782,12.338,0.001,0.597,0.000,0.000,4,22.113,0.517,0.950,"Ground_Mountain_2_4:(0.316, 0.949, 0.000) separation=0.06939385;Ground_Mountain_2_4:(0.316, 0.949, 0.000) separation=0.04102052;Ground_Mountain_2_4:(0.316, 0.949, 0.000) separation=0.06939358;Ground_Mountain_2_4:(0.316, 0.949, 0.000) separation=0.04101748;Ground_Mountain_2_4:(0.316, 0.949, 0.000) separation=0.04101828;Ground_Mountain_2_4:(0.316, 0.949, 0.000) separation=0.06036511;Ground_Summit authored launch:(0.320, 0.947, 0.000) separation=-0.01379421;Ground_Summit authored launch:(0.320, 0.947, 0.000) separation=0.01536629;Ground_Summit authored launch:(0.320, 0.947, 0.000) separation=0.01536757;Ground_Summit authored launch:(0.320, 0.947, 0.000) separation=-0.01379198;Ground_Summit authored launch:(0.320, 0.947, 0.000) separation=-0.001344621;Ground_Summit authored launch:(0.320, 0.947, 0.000) separation=5.13792E-05;Ground_Summit authored launch:(0.335, 0.942, 0.000) separation=0.04010743;"
1.309,1014.138,153.309,201.277,38.779,-36.674,12.605,0.003,0.602,0.000,0.000,4,22.522,0.456,0.947,"Ground_Mountain_2_4:(0.334, 0.943, 0.000) separation=0.07168008;Ground_Mountain_2_4:(0.334, 0.943, 0.000) separation=0.04390103;Ground_Mountain_2_4:(0.334, 0.943, 0.000) separation=0.07168166;Ground_Mountain_2_4:(0.334, 0.943, 0.000) separation=0.04389614;Ground_Mountain_2_4:(0.334, 0.943, 0.000) separation=0.05402684;Ground_Mountain_2_4:(0.334, 0.943, 0.000) separation=0.05403846;Ground_Summit authored launch:(0.329, 0.944, 0.000) separation=-0.01084584;Ground_Summit authored launch:(0.329, 0.944, 0.000) separation=0.01549477;Ground_Summit authored launch:(0.329, 0.944, 0.000) separation=0.0154945;Ground_Summit authored launch:(0.329, 0.944, 0.000) separation=-0.01084186;Ground_Summit authored launch:(0.329, 0.944, 0.000) separation=-0.004302233;Ground_Summit authored launch:(0.329, 0.944, 0.000) separation=-0.002839684;Ground_Summit authored launch:(0.344, 0.939, 0.000) separation=0.04566965;"
1.329,1013.409,153.567,201.277,38.766,-36.573,12.855,0.002,0.610,0.000,0.000,4,22.644,0.768,0.945,"Ground_Mountain_2_4:(0.334, 0.943, 0.000) separation=0.06767196;Ground_Mountain_2_4:(0.334, 0.943, 0.000) separation=0.04424547;Ground_Mountain_2_4:(0.334, 0.943, 0.000) separation=0.06767216;Ground_Mountain_2_4:(0.334, 0.943, 0.000) separation=0.04424116;Ground_Mountain_2_4:(0.334, 0.943, 0.000) separation=0.04424393;Ground_Mountain_2_4:(0.334, 0.943, 0.000) separation=0.05513379;Ground_Summit authored launch:(0.334, 0.943, 0.000) separation=-0.007565051;Ground_Summit authored launch:(0.334, 0.943, 0.000) separation=0.01503236;Ground_Summit authored launch:(0.334, 0.943, 0.000) separation=0.01503453;Ground_Summit authored launch:(0.334, 0.943, 0.000) separation=-0.007561356;Ground_Summit authored launch:(0.334, 0.943, 0.000) separation=-0.006018162;Ground_Summit authored launch:(0.334, 0.943, 0.000) separation=-0.00601431;"
1.349,1012.681,153.830,201.277,38.753,-36.475,13.094,0.000,0.617,0.000,0.000,4,22.108,0.637,0.944,"Ground_Mountain_2_4:(0.334, 0.943, 0.000) separation=0.0710071;Ground_Mountain_2_4:(0.334, 0.943, 0.000) separation=0.04551156;Ground_Mountain_2_4:(0.334, 0.943, 0.000) separation=0.07100616;Ground_Mountain_2_4:(0.334, 0.943, 0.000) separation=0.04550841;Ground_Mountain_2_4:(0.334, 0.943, 0.000) separation=0.04550883;Ground_Mountain_2_4:(0.334, 0.943, 0.000) separation=0.06450975;Ground_Summit authored launch:(0.336, 0.942, 0.000) separation=-0.009884775;Ground_Summit authored launch:(0.336, 0.942, 0.000) separation=0.01627739;Ground_Summit authored launch:(0.336, 0.942, 0.000) separation=0.01628041;Ground_Summit authored launch:(0.336, 0.942, 0.000) separation=-0.009883786;Ground_Summit authored launch:(0.336, 0.942, 0.000) separation=0.004699469;Ground_Summit authored launch:(0.336, 0.942, 0.000) separation=0.005907863;Ground_Summit authored launch:(0.352, 0.936, 0.000) separation=0.04215592;"
1.369,1011.957,154.098,201.277,38.740,-36.377,13.325,0.000,0.624,0.000,0.000,4,21.515,0.459,0.941,"Ground_Mountain_2_4:(0.351, 0.936, 0.000) separation=0.07354027;Ground_Mountain_2_4:(0.351, 0.936, 0.000) separation=0.04059394;Ground_Mountain_2_4:(0.351, 0.936, 0.000) separation=0.07354245;Ground_Mountain_2_4:(0.351, 0.936, 0.000) separation=0.04058775;Ground_Mountain_2_4:(0.351, 0.936, 0.000) separation=0.05643857;Ground_Mountain_2_4:(0.351, 0.936, 0.000) separation=0.05644783;Ground_Summit authored launch:(0.347, 0.938, 0.000) separation=-0.01296127;Ground_Summit authored launch:(0.347, 0.938, 0.000) separation=0.01862124;Ground_Summit authored launch:(0.347, 0.938, 0.000) separation=0.01862279;Ground_Summit authored launch:(0.347, 0.938, 0.000) separation=-0.01295873;Ground_Summit authored launch:(0.347, 0.938, 0.000) separation=-0.001650274;Ground_Summit authored launch:(0.347, 0.938, 0.000) separation=-0.0001459122;Ground_Summit authored launch:(0.361, 0.933, 0.000) separation=0.04172871;"
1.389,1011.236,154.371,201.277,38.722,-36.264,13.579,0.002,0.630,0.000,0.000,4,21.908,0.520,0.939,"Ground_Mountain_2_4:(0.351, 0.936, 0.000) separation=0.07089323;Ground_Mountain_2_4:(0.351, 0.936, 0.000) separation=0.04270868;Ground_Mountain_2_4:(0.351, 0.936, 0.000) separation=0.07089357;Ground_Mountain_2_4:(0.351, 0.936, 0.000) separation=0.04270425;Ground_Mountain_2_4:(0.351, 0.936, 0.000) separation=0.04270652;Ground_Mountain_2_4:(0.351, 0.936, 0.000) separation=0.05765715;Ground_Summit authored launch:(0.355, 0.935, 0.000) separation=-0.009633899;Ground_Summit authored launch:(0.355, 0.935, 0.000) separation=0.01916658;Ground_Summit authored launch:(0.355, 0.935, 0.000) separation=0.01916733;Ground_Summit authored launch:(0.355, 0.935, 0.000) separation=-0.009630395;Ground_Summit authored launch:(0.355, 0.935, 0.000) separation=-0.005001873;Ground_Summit authored launch:(0.355, 0.935, 0.000) separation=-0.003427118;"
1.409,1010.513,154.647,201.277,38.707,-36.160,13.814,0.000,0.639,0.000,0.000,4,21.957,0.721,0.938,"Ground_Mountain_2_4:(0.351, 0.936, 0.000) separation=0.07377887;Ground_Mountain_2_4:(0.351, 0.936, 0.000) separation=0.04926357;Ground_Mountain_2_4:(0.351, 0.936, 0.000) separation=0.07377755;Ground_Mountain_2_4:(0.351, 0.936, 0.000) separation=0.04926085;Ground_Mountain_2_4:(0.351, 0.936, 0.000) separation=0.04926088;Ground_Mountain_2_4:(0.351, 0.936, 0.000) separation=0.06795707;Ground_Summit authored launch:(0.354, 0.935, 0.000) separation=-0.006622016;Ground_Summit authored launch:(0.354, 0.935, 0.000) separation=0.0184871;Ground_Summit authored launch:(0.354, 0.935, 0.000) separation=0.01849034;Ground_Summit authored launch:(0.354, 0.935, 0.000) separation=-0.006620756;Ground_Summit authored launch:(0.354, 0.935, 0.000) separation=0.009547025;Ground_Summit authored launch:(0.354, 0.935, 0.000) separation=0.01063073;Ground_Summit authored launch:(0.369, 0.929, 0.000) separation=0.04375854;"
1.429,1009.793,154.928,201.277,38.693,-36.064,14.027,-0.001,0.647,0.000,0.000,4,20.833,0.576,0.937,"Ground_Mountain_2_4:(0.368, 0.930, 0.000) separation=0.07454219;Ground_Mountain_2_4:(0.368, 0.930, 0.000) separation=0.03991019;Ground_Mountain_2_4:(0.368, 0.930, 0.000) separation=0.07589428;Ground_Mountain_2_4:(0.368, 0.930, 0.000) separation=0.03855377;Ground_Mountain_2_4:(0.368, 0.930, 0.000) separation=0.03977248;Ground_Mountain_2_4:(0.368, 0.930, 0.000) separation=0.04428408;Ground_Summit authored launch:(0.353, 0.936, 0.000) separation=-0.01383212;Ground_Summit authored launch:(0.353, 0.936, 0.000) separation=0.02219891;Ground_Summit authored launch:(0.353, 0.936, 0.000) separation=0.02086079;Ground_Summit authored launch:(0.353, 0.936, 0.000) separation=-0.0124824;Ground_Summit authored launch:(0.353, 0.936, 0.000) separation=0.002889872;Ground_Summit authored launch:(0.353, 0.936, 0.000) separation=0.003050824;Ground_Summit authored launch:(0.377, 0.926, 0.000) separation=0.03922623;"
1.449,1009.075,155.213,201.277,38.680,-35.974,14.223,-0.002,0.654,0.000,0.000,4,19.879,0.404,0.935,"Ground_Mountain_2_4:(0.368, 0.930, 0.000) separation=0.07621422;Ground_Mountain_2_4:(0.368, 0.930, 0.000) separation=0.0346536;Ground_Mountain_2_4:(0.368, 0.930, 0.000) separation=0.07829579;Ground_Mountain_2_4:(0.368, 0.930, 0.000) separation=0.03256785;Ground_Mountain_2_4:(0.368, 0.930, 0.000) separation=0.03340894;Ground_Mountain_2_4:(0.368, 0.930, 0.000) separation=0.05786425;Ground_Summit authored launch:(0.358, 0.934, 0.001) separation=-0.02020371;Ground_Summit authored launch:(0.358, 0.934, 0.001) separation=0.02605181;Ground_Summit authored launch:(0.358, 0.934, 0.001) separation=0.02397552;Ground_Summit authored launch:(0.358, 0.934, 0.001) separation=-0.01810637;Ground_Summit authored launch:(0.358, 0.934, 0.001) separation=-0.007600963;Ground_Summit authored launch:(0.358, 0.934, 0.001) separation=-0.007442683;Ground_Summit authored launch:(0.386, 0.923, 0.000) separation=0.0355503;"
1.469,1008.358,155.501,201.277,38.667,-35.884,14.417,-0.003,0.660,0.000,0.000,4,19.805,0.339,0.934,"Ground_Mountain_2_4:(0.376, 0.927, 0.000) separation=0.08170307;Ground_Mountain_2_4:(0.376, 0.927, 0.000) separation=0.03394937;Ground_Mountain_2_4:(0.376, 0.927, 0.000) separation=0.08210178;Ground_Mountain_2_4:(0.376, 0.927, 0.000) separation=0.03354143;Ground_Mountain_2_4:(0.376, 0.927, 0.000) separation=0.03895567;Ground_Mountain_2_4:(0.376, 0.927, 0.000) separation=0.03938872;Ground_Summit authored launch:(0.357, 0.934, 0.000) separation=-0.02111584;Ground_Summit authored launch:(0.357, 0.934, 0.000) separation=0.02644049;Ground_Summit authored launch:(0.357, 0.934, 0.000) separation=0.02603695;Ground_Summit authored launch:(0.357, 0.934, 0.000) separation=-0.02068329;Ground_Summit authored launch:(0.357, 0.934, 0.000) separation=-0.01880592;Ground_Summit authored launch:(0.357, 0.934, 0.000) separation=-0.01704139;"
1.489,1007.646,155.795,201.277,38.657,-35.798,14.599,-0.003,0.667,0.000,0.000,4,19.132,0.283,0.931,"Ground_Mountain_2_4:(0.384, 0.923, 0.000) separation=0.07924648;Ground_Mountain_2_4:(0.384, 0.923, 0.000) separation=0.02342227;Ground_Mountain_2_4:(0.384, 0.923, 0.000) separation=0.07960418;Ground_Mountain_2_4:(0.384, 0.923, 0.000) separation=0.0230608;Ground_Mountain_2_4:(0.384, 0.923, 0.000) separation=0.02334875;Ground_Mountain_2_4:(0.384, 0.923, 0.000) separation=0.03453103;Ground_Summit authored launch:(0.366, 0.931, 0.000) separation=-0.02822858;Ground_Summit authored launch:(0.366, 0.931, 0.000) separation=0.02710696;Ground_Summit authored launch:(0.366, 0.931, 0.000) separation=0.02674448;Ground_Summit authored launch:(0.366, 0.931, 0.000) separation=-0.02783623;Ground_Summit authored launch:(0.366, 0.931, 0.000) separation=-0.002678037;Ground_Summit authored launch:(0.366, 0.931, 0.000) separation=-0.001053989;Ground_Summit authored launch:(0.394, 0.919, 0.000) separation=0.02340117;"
1.509,1006.940,156.095,201.277,38.635,-35.668,14.848,-0.002,0.672,0.000,0.000,4,20.169,0.268,0.925,"Ground_Mountain_2_4:(0.384, 0.923, 0.000) separation=0.07632108;Ground_Mountain_2_4:(0.384, 0.923, 0.000) separation=0.02599429;Ground_Mountain_2_4:(0.384, 0.923, 0.000) separation=0.07636762;Ground_Mountain_2_4:(0.384, 0.923, 0.000) separation=0.02594304;Ground_Mountain_2_4:(0.384, 0.923, 0.000) separation=0.02595869;Ground_Mountain_2_4:(0.384, 0.923, 0.000) separation=0.0548695;Ground_Mountain_2_4:(0.406, 0.914, 0.000) separation=0.08427915;Ground_Summit authored launch:(0.387, 0.922, 0.000) separation=-0.02709058;Ground_Summit authored launch:(0.387, 0.922, 0.000) separation=0.0237804;Ground_Summit authored launch:(0.387, 0.922, 0.000) separation=0.02371874;Ground_Summit authored launch:(0.387, 0.922, 0.000) separation=-0.02702477;Ground_Summit authored launch:(0.387, 0.922, 0.000) separation=-0.0110307;Ground_Summit authored launch:(0.387, 0.922, 0.000) separation=-0.009057892;Ground_Summit authored launch:(0.402, 0.916, 0.000) separation=0.02725956;"
1.529,1006.234,156.399,201.276,38.616,-35.539,15.106,0.000,0.682,0.000,0.000,4,22.574,0.839,0.921,"Ground_Mountain_2_4:(0.398, 0.917, 0.000) separation=0.07085982;Ground_Mountain_2_4:(0.398, 0.917, 0.000) separation=0.04023436;Ground_Mountain_2_4:(0.398, 0.917, 0.000) separation=0.07090642;Ground_Mountain_2_4:(0.398, 0.917, 0.000) separation=0.0401839;Ground_Mountain_2_4:(0.398, 0.917, 0.000) separation=0.04845466;Ground_Mountain_2_4:(0.398, 0.917, 0.000) separation=0.04852119;Ground_Summit authored launch:(0.395, 0.919, 0.000) separation=-0.0134694;Ground_Summit authored launch:(0.395, 0.919, 0.000) separation=0.0160268;Ground_Summit authored launch:(0.395, 0.919, 0.000) separation=0.01601034;Ground_Summit authored launch:(0.395, 0.919, 0.000) separation=-0.01344836;Ground_Summit authored launch:(0.395, 0.919, 0.000) separation=-0.008589327;Ground_Summit authored launch:(0.395, 0.919, 0.000) separation=-0.007017478;"
1.549,1005.527,156.706,201.276,38.599,-35.412,15.359,-0.002,0.692,0.000,0.000,4,23.162,0.851,0.920,"Ground_Mountain_2_4:(0.400, 0.916, 0.000) separation=0.06389263;Ground_Mountain_2_4:(0.400, 0.916, 0.000) separation=0.04196624;Ground_Mountain_2_4:(0.400, 0.916, 0.000) separation=0.06389301;Ground_Mountain_2_4:(0.400, 0.916, 0.000) separation=0.04196122;Ground_Mountain_2_4:(0.400, 0.916, 0.000) separation=0.04196477;Ground_Mountain_2_4:(0.400, 0.916, 0.000) separation=0.050688;Ground_Summit authored launch:(0.396, 0.918, 0.000) separation=-0.008325517;Ground_Summit authored launch:(0.396, 0.918, 0.000) separation=0.01248932;Ground_Summit authored launch:(0.396, 0.918, 0.000) separation=0.01248839;Ground_Summit authored launch:(0.396, 0.918, 0.000) separation=-0.008319827;Ground_Summit authored launch:(0.396, 0.918, 0.000) separation=0.00586766;Ground_Summit authored launch:(0.396, 0.918, 0.000) separation=0.006824545;Ground_Summit authored launch:(0.410, 0.912, 0.000) separation=0.0420939;"
1.569,1004.824,157.019,201.276,38.583,-35.292,15.595,-0.003,0.701,0.000,0.000,4,22.234,0.674,0.917,"Ground_Mountain_2_4:(0.400, 0.916, 0.000) separation=0.06660306;Ground_Mountain_2_4:(0.400, 0.916, 0.000) separation=0.04081412;Ground_Mountain_2_4:(0.400, 0.916, 0.000) separation=0.06660236;Ground_Mountain_2_4:(0.400, 0.916, 0.000) separation=0.04081019;Ground_Mountain_2_4:(0.400, 0.916, 0.000) separation=0.04081106;Ground_Mountain_2_4:(0.400, 0.916, 0.000) separation=0.05907643;Ground_Summit authored launch:(0.403, 0.915, 0.000) separation=-0.01243109;Ground_Summit authored launch:(0.403, 0.915, 0.000) separation=0.01364813;Ground_Summit authored launch:(0.403, 0.915, 0.000) separation=0.01364902;Ground_Summit authored launch:(0.403, 0.915, 0.000) separation=-0.0124272;Ground_Summit authored launch:(0.403, 0.915, 0.000) separation=7.554889E-05;Ground_Summit authored launch:(0.403, 0.915, 0.000) separation=0.001341283;Ground_Summit authored launch:(0.418, 0.909, 0.000) separation=0.04077554;"
1.589,1004.124,157.336,201.276,38.567,-35.171,15.826,-0.004,0.709,0.000,0.000,4,21.941,0.496,0.915,"Ground_Mountain_2_4:(0.414, 0.910, 0.000) separation=0.06865272;Ground_Mountain_2_4:(0.414, 0.910, 0.000) separation=0.04114481;Ground_Mountain_2_4:(0.414, 0.910, 0.000) separation=0.06865501;Ground_Mountain_2_4:(0.414, 0.910, 0.000) separation=0.04113793;Ground_Mountain_2_4:(0.414, 0.910, 0.000) separation=0.05199669;Ground_Mountain_2_4:(0.414, 0.910, 0.000) separation=0.05201608;Ground_Summit authored launch:(0.412, 0.911, 0.000) separation=-0.01151317;Ground_Summit authored launch:(0.412, 0.911, 0.000) separation=0.01494151;Ground_Summit authored launch:(0.412, 0.911, 0.000) separation=0.01494226;Ground_Summit authored launch:(0.412, 0.911, 0.000) separation=-0.01150902;Ground_Summit authored launch:(0.412, 0.911, 0.000) separation=-0.004415393;Ground_Summit authored launch:(0.412, 0.911, 0.000) separation=-0.002980232;Ground_Summit authored launch:(0.425, 0.905, 0.000) separation=0.04449496;"
1.609,1003.425,157.658,201.276,38.550,-35.049,16.056,-0.005,0.716,0.000,0.000,4,21.951,0.467,0.913,"Ground_Mountain_2_4:(0.416, 0.909, 0.000) separation=0.06672886;Ground_Mountain_2_4:(0.416, 0.909, 0.000) separation=0.04270682;Ground_Mountain_2_4:(0.416, 0.909, 0.000) separation=0.06672929;Ground_Mountain_2_4:(0.416, 0.909, 0.000) separation=0.04270184;Ground_Mountain_2_4:(0.416, 0.909, 0.000) separation=0.04270497;Ground_Mountain_2_4:(0.416, 0.909, 0.000) separation=0.05363792;Ground_Summit authored launch:(0.418, 0.909, 0.000) separation=-0.007312685;Ground_Summit authored launch:(0.418, 0.909, 0.000) separation=0.01622267;Ground_Summit authored launch:(0.418, 0.909, 0.000) separation=0.01622608;Ground_Summit authored launch:(0.418, 0.909, 0.000) separation=-0.007308492;Ground_Summit authored launch:(0.418, 0.909, 0.000) separation=-0.007308602;Ground_Summit authored launch:(0.418, 0.909, 0.000) separation=-0.005809277;"
1.629,1002.727,157.984,201.276,38.533,-34.931,16.273,-0.005,0.725,0.000,0.000,4,21.185,0.394,0.912,"Ground_Mountain_2_4:(0.416, 0.909, 0.000) separation=0.07161295;Ground_Mountain_2_4:(0.416, 0.909, 0.000) separation=0.04514074;Ground_Mountain_2_4:(0.416, 0.909, 0.000) separation=0.07161199;Ground_Mountain_2_4:(0.416, 0.909, 0.000) separation=0.04513637;Ground_Mountain_2_4:(0.416, 0.909, 0.000) separation=0.04513705;Ground_Mountain_2_4:(0.416, 0.909, 0.000) separation=0.06425518;Ground_Summit authored launch:(0.419, 0.908, 0.000) separation=-0.008129776;Ground_Summit authored launch:(0.419, 0.908, 0.000) separation=0.01857263;Ground_Summit authored launch:(0.419, 0.908, 0.000) separation=0.01857677;Ground_Summit authored launch:(0.419, 0.908, 0.000) separation=-0.008128786;Ground_Summit authored launch:(0.419, 0.908, 0.000) separation=0.006021321;Ground_Summit authored launch:(0.419, 0.908, 0.000) separation=0.007247418;Ground_Summit authored launch:(0.433, 0.901, 0.000) separation=0.04413974;"
1.649,1002.033,158.314,201.276,38.518,-34.823,16.468,-0.006,0.734,0.000,0.000,4,20.012,0.213,0.909,"Ground_Mountain_2_4:(0.429, 0.903, 0.000) separation=0.07615478;Ground_Mountain_2_4:(0.429, 0.903, 0.000) separation=0.04040417;Ground_Mountain_2_4:(0.429, 0.903, 0.000) separation=0.07615831;Ground_Mountain_2_4:(0.429, 0.903, 0.000) separation=0.04039538;Ground_Mountain_2_4:(0.429, 0.903, 0.000) separation=0.05534876;Ground_Mountain_2_4:(0.429, 0.903, 0.000) separation=0.05537468;Ground_Summit authored launch:(0.427, 0.904, 0.000) separation=-0.01138532;Ground_Summit authored launch:(0.427, 0.904, 0.000) separation=0.02336414;Ground_Summit authored launch:(0.427, 0.904, 0.000) separation=0.02336636;Ground_Summit authored launch:(0.427, 0.904, 0.000) separation=-0.01138261;Ground_Summit authored launch:(0.427, 0.904, 0.000) separation=-0.0008742511;Ground_Summit authored launch:(0.427, 0.904, 0.000) separation=0.0007449687;Ground_Summit authored launch:(0.441, 0.898, 0.000) separation=0.04369634;"
1.669,1001.342,158.648,201.276,38.501,-34.711,16.665,-0.005,0.741,0.000,0.000,4,19.790,0.228,0.907,"Ground_Mountain_2_4:(0.432, 0.902, 0.000) separation=0.07674271;Ground_Mountain_2_4:(0.432, 0.902, 0.000) separation=0.04087215;Ground_Mountain_2_4:(0.432, 0.902, 0.000) separation=0.07674454;Ground_Mountain_2_4:(0.432, 0.902, 0.000) separation=0.04086506;Ground_Mountain_2_4:(0.432, 0.902, 0.000) separation=0.04086915;Ground_Mountain_2_4:(0.432, 0.902, 0.000) separation=0.05653793;Ground_Summit authored launch:(0.436, 0.900, 0.000) separation=-0.009108901;Ground_Summit authored launch:(0.436, 0.900, 0.000) separation=0.02697776;Ground_Summit authored launch:(0.436, 0.900, 0.000) separation=0.02697948;Ground_Summit authored launch:(0.436, 0.900, 0.000) separation=-0.009105527;Ground_Summit authored launch:(0.436, 0.900, 0.000) separation=-0.006531447;Ground_Summit authored launch:(0.436, 0.900, 0.000) separation=-0.004709482;"
1.689,1000.650,158.985,201.276,38.484,-34.602,16.855,-0.006,0.749,0.000,0.000,4,19.761,0.275,0.906,"Ground_Mountain_2_4:(0.432, 0.902, 0.000) separation=0.08113247;Ground_Mountain_2_4:(0.432, 0.902, 0.000) separation=0.04702812;Ground_Mountain_2_4:(0.432, 0.902, 0.000) separation=0.08113238;Ground_Mountain_2_4:(0.432, 0.902, 0.000) separation=0.047023;Ground_Mountain_2_4:(0.432, 0.902, 0.000) separation=0.0470235;Ground_Mountain_2_4:(0.432, 0.902, 0.000) separation=0.07112405;Ground_Summit authored launch:(0.434, 0.901, 0.000) separation=-0.006168932;Ground_Summit authored launch:(0.434, 0.901, 0.000) separation=0.02805264;Ground_Summit authored launch:(0.434, 0.901, 0.000) separation=0.02805743;Ground_Summit authored launch:(0.434, 0.901, 0.000) separation=-0.006168602;Ground_Summit authored launch:(0.434, 0.901, 0.000) separation=0.01177919;Ground_Summit authored launch:(0.434, 0.901, 0.000) separation=0.01317343;Ground_Summit authored launch:(0.448, 0.894, 0.000) separation=0.04533014;"
1.709,999.963,159.326,201.276,38.470,-34.503,17.025,-0.006,0.758,0.000,0.000,4,18.633,0.208,0.903,"Ground_Mountain_1_4:(0.452, 0.892, 0.000) separation=0.04037072;Ground_Mountain_1_4:(0.452, 0.892, 0.000) separation=0.05912643;Ground_Mountain_1_4:(0.452, 0.892, 0.000) separation=0.05958247;Ground_Mountain_1_4:(0.452, 0.892, 0.000) separation=0.03996299;Ground_Mountain_2_4:(0.434, 0.901, 0.000) separation=0.05914905;Ground_Mountain_2_4:(0.434, 0.901, 0.000) separation=0.05955973;Ground_Mountain_2_4:(0.434, 0.901, 0.000) separation=0.08300096;Ground_Mountain_2_4:(0.434, 0.901, 0.000) separation=0.08481474;Ground_Mountain_2_4:(0.434, 0.901, 0.000) separation=0.08440307;Ground_Summit authored launch:(0.443, 0.896, 0.000) separation=-0.01119056;Ground_Summit authored launch:(0.443, 0.896, 0.000) separation=0.03270681;Ground_Summit authored launch:(0.443, 0.896, 0.000) separation=0.03231987;Ground_Summit authored launch:(0.443, 0.896, 0.000) separation=-0.01079874;Ground_Summit authored launch:(0.443, 0.896, 0.000) separation=0.003298074;Ground_Summit authored launch:(0.443, 0.896, 0.000) separation=0.004740703;Ground_Summit authored launch:(0.455, 0.890, 0.000) separation=0.04317009;"
1.729,999.278,159.671,201.275,38.456,-34.400,17.199,-0.006,0.765,0.000,0.000,4,18.829,0.248,0.901,"Ground_Mountain_2_4:(0.435, 0.900, 0.000) separation=0.08442305;Ground_Mountain_2_4:(0.435, 0.900, 0.000) separation=0.07618142;Ground_Mountain_2_4:(0.435, 0.900, 0.000) separation=0.07627529;Ground_Mountain_2_4:(0.435, 0.900, 0.000) separation=0.08438662;Ground_Mountain_2_4:(0.435, 0.900, 0.000) separation=0.08432898;Ground_Summit authored launch:(0.449, 0.893, 0.000) separation=-0.008492112;Ground_Summit authored launch:(0.449, 0.893, 0.000) separation=0.03457206;Ground_Summit authored launch:(0.449, 0.893, 0.000) separation=0.03449649;Ground_Summit authored launch:(0.449, 0.893, 0.000) separation=-0.00841158;Ground_Summit authored launch:(0.449, 0.893, 0.000) separation=-0.003417492;Ground_Summit authored launch:(0.449, 0.893, 0.000) separation=-0.001501856;Ground_Mountain_1_4:(0.452, 0.892, 0.000) separation=0.04150492;Ground_Mountain_1_4:(0.452, 0.892, 0.000) separation=0.04145947;Ground_Mountain_1_4:(0.452, 0.892, 0.000) separation=0.06078807;Ground_Mountain_1_4:(0.452, 0.892, 0.000) separation=0.07615997;Ground_Mountain_1_4:(0.452, 0.892, 0.000) separation=0.07629666;Ground_Mountain_1_4:(0.452, 0.892, 0.000) separation=0.04140866;"
1.749,998.593,160.019,201.275,38.439,-34.295,17.373,-0.007,0.772,0.000,0.000,4,18.900,0.190,0.899,"Ground_Mountain_2_4:(0.436, 0.900, 0.000) separation=0.08838557;Ground_Mountain_2_4:(0.436, 0.900, 0.000) separation=0.08784145;Ground_Mountain_2_4:(0.436, 0.900, 0.000) separation=0.08784214;Ground_Mountain_2_4:(0.436, 0.900, 0.000) separation=0.08838484;Ground_Mountain_2_4:(0.436, 0.900, 0.000) separation=0.08838439;Ground_Summit authored launch:(0.451, 0.893, 0.000) separation=-0.007056057;Ground_Summit authored launch:(0.451, 0.893, 0.000) separation=0.03535767;Ground_Summit authored launch:(0.451, 0.893, 0.000) separation=0.03534707;Ground_Summit authored launch:(0.451, 0.893, 0.000) separation=-0.007040452;Ground_Summit authored launch:(0.451, 0.893, 0.000) separation=0.01511297;Ground_Summit authored launch:(0.451, 0.893, 0.000) separation=0.016695;Ground_Summit authored launch:(0.463, 0.886, 0.000) separation=0.04386792;Ground_Summit authored launch:(0.463, 0.886, 0.000) separation=0.04386792;Ground_Mountain_1_4:(0.452, 0.892, 0.000) separation=0.04599594;Ground_Mountain_1_4:(0.452, 0.892, 0.000) separation=0.04599023;Ground_Mountain_1_4:(0.452, 0.892, 0.000) separation=0.07586277;Ground_Mountain_1_4:(0.452, 0.892, 0.000) separation=0.08782521;Ground_Mountain_1_4:(0.452, 0.892, 0.000) separation=0.08785838;Ground_Mountain_1_4:(0.452, 0.892, 0.000) separation=0.0459899;"
1.769,997.912,160.371,201.275,38.426,-34.195,17.537,-0.007,0.780,0.000,0.000,4,18.315,0.177,0.896,"Ground_Mountain_1_4:(0.462, 0.887, 0.000) separation=0.08860394;Ground_Mountain_1_4:(0.462, 0.887, 0.000) separation=0.03943268;Ground_Mountain_1_4:(0.462, 0.887, 0.000) separation=0.08860895;Ground_Mountain_1_4:(0.462, 0.887, 0.000) separation=0.03942259;Ground_Mountain_1_4:(0.462, 0.887, 0.000) separation=0.03943229;Ground_Mountain_1_4:(0.462, 0.887, 0.000) separation=0.04136115;Ground_Summit authored launch:(0.458, 0.889, 0.000) separation=-0.01099643;Ground_Summit authored launch:(0.458, 0.889, 0.000) separation=0.03733363;Ground_Summit authored launch:(0.458, 0.889, 0.000) separation=0.03733334;Ground_Summit authored launch:(0.458, 0.889, 0.000) separation=-0.01099123;Ground_Summit authored launch:(0.458, 0.889, 0.000) separation=-0.004954159;Ground_Summit authored launch:(0.458, 0.889, 0.000) separation=0.00567919;Ground_Summit authored launch:(0.470, 0.883, 0.000) separation=0.0428313;"
1.789,997.234,160.726,201.275,38.408,-34.077,17.725,-0.005,0.787,0.000,0.000,4,18.768,0.249,0.893,"Ground_Mountain_1_4:(0.462, 0.887, 0.000) separation=0.08709557;Ground_Mountain_1_4:(0.462, 0.887, 0.000) separation=0.04088252;Ground_Mountain_1_4:(0.462, 0.887, 0.000) separation=0.08709852;Ground_Mountain_1_4:(0.462, 0.887, 0.000) separation=0.04087448;Ground_Mountain_1_4:(0.462, 0.887, 0.000) separation=0.04087847;Ground_Mountain_1_4:(0.462, 0.887, 0.000) separation=0.06237769;Ground_Summit authored launch:(0.465, 0.885, 0.000) separation=-0.008813806;Ground_Summit authored launch:(0.465, 0.885, 0.000) separation=0.03737193;Ground_Summit authored launch:(0.465, 0.885, 0.000) separation=0.03737363;Ground_Summit authored launch:(0.465, 0.885, 0.000) separation=-0.008810541;Ground_Summit authored launch:(0.465, 0.885, 0.000) separation=-0.002063513;Ground_Summit authored launch:(0.465, 0.885, 0.000) separation=-7.241964E-06;"
1.809,996.555,161.084,201.275,38.391,-33.967,17.903,-0.005,0.796,0.000,0.000,4,19.108,0.521,0.892,"Ground_Mountain_1_4:(0.462, 0.887, 0.000) separation=0.0894086;Ground_Mountain_1_4:(0.462, 0.887, 0.000) separation=0.04689244;Ground_Mountain_1_4:(0.462, 0.887, 0.000) separation=0.08936515;Ground_Mountain_1_4:(0.462, 0.887, 0.000) separation=0.04693079;Ground_Mountain_1_4:(0.462, 0.887, 0.000) separation=0.04692978;Ground_Mountain_1_4:(0.462, 0.887, 0.000) separation=0.07721597;Ground_Summit authored launch:(0.464, 0.886, 0.000) separation=-0.005915157;Ground_Summit authored launch:(0.464, 0.886, 0.000) separation=0.03649237;Ground_Summit authored launch:(0.464, 0.886, 0.000) separation=0.03649795;Ground_Summit authored launch:(0.464, 0.886, 0.000) separation=-0.005915565;Ground_Summit authored launch:(0.464, 0.886, 0.000) separation=0.0169971;Ground_Summit authored launch:(0.464, 0.886, 0.000) separation=0.01857457;Ground_Summit authored launch:(0.477, 0.879, 0.000) separation=0.04462484;"
1.829,995.881,161.446,201.275,38.377,-33.863,18.067,-0.006,0.805,0.000,0.000,4,18.374,0.436,0.889,"Ground_Mountain_1_4:(0.476, 0.880, 0.000) separation=0.08774343;Ground_Mountain_1_4:(0.476, 0.880, 0.000) separation=0.03881972;Ground_Mountain_1_4:(0.476, 0.880, 0.000) separation=0.08880962;Ground_Mountain_1_4:(0.476, 0.880, 0.000) separation=0.03774966;Ground_Mountain_1_4:(0.476, 0.880, 0.000) separation=0.03875613;Ground_Mountain_1_4:(0.476, 0.880, 0.000) separation=0.04200432;Ground_Summit authored launch:(0.471, 0.882, 0.000) separation=-0.01203471;Ground_Summit authored launch:(0.471, 0.882, 0.000) separation=0.03820528;Ground_Summit authored launch:(0.471, 0.882, 0.000) separation=0.03715706;Ground_Summit authored launch:(0.471, 0.882, 0.000) separation=-0.01098208;Ground_Summit authored launch:(0.471, 0.882, 0.000) separation=0.006844699;Ground_Summit authored launch:(0.471, 0.882, 0.000) separation=0.00775215;Ground_Summit authored launch:(0.484, 0.875, 0.000) separation=0.04144728;"
1.849,995.209,161.812,201.275,38.357,-33.734,18.263,-0.002,0.811,0.000,0.000,4,18.783,0.431,0.886,"Ground_Mountain_1_4:(0.476, 0.880, 0.000) separation=0.08641551;Ground_Mountain_1_4:(0.476, 0.880, 0.000) separation=0.03936908;Ground_Mountain_1_4:(0.476, 0.880, 0.000) separation=0.08659513;Ground_Mountain_1_4:(0.476, 0.880, 0.000) separation=0.03918523;Ground_Mountain_1_4:(0.476, 0.880, 0.000) separation=0.03927279;Ground_Mountain_1_4:(0.476, 0.880, 0.000) separation=0.06186673;Ground_Summit authored launch:(0.479, 0.878, 0.000) separation=-0.01017783;Ground_Summit authored launch:(0.479, 0.878, 0.000) separation=0.03713518;Ground_Summit authored launch:(0.479, 0.878, 0.000) separation=0.03692749;Ground_Summit authored launch:(0.479, 0.878, 0.000) separation=-0.009965505;Ground_Summit authored launch:(0.479, 0.878, 0.000) separation=-0.002278119;Ground_Summit authored launch:(0.479, 0.878, 0.000) separation=-0.0004120469;"
1.869,994.538,162.180,201.275,38.341,-33.619,18.442,-0.003,0.821,0.000,0.000,4,19.220,0.616,0.884,"Ground_Mountain_1_4:(0.476, 0.880, 0.000) separation=0.08810848;Ground_Mountain_1_4:(0.476, 0.880, 0.000) separation=0.04635974;Ground_Mountain_1_4:(0.476, 0.880, 0.000) separation=0.08815332;Ground_Mountain_1_4:(0.476, 0.880, 0.000) separation=0.04631061;Ground_Mountain_1_4:(0.476, 0.880, 0.000) separation=0.0463112;Ground_Mountain_1_4:(0.476, 0.880, 0.000) separation=0.07641968;Ground_Summit authored launch:(0.478, 0.878, 0.000) separation=-0.006104602;Ground_Summit authored launch:(0.478, 0.878, 0.000) separation=0.03550821;Ground_Summit authored launch:(0.478, 0.878, 0.000) separation=0.03547132;Ground_Summit authored launch:(0.478, 0.878, 0.000) separation=-0.00606302;Ground_Summit authored launch:(0.478, 0.878, 0.000) separation=0.01684311;Ground_Summit authored launch:(0.478, 0.878, 0.000) separation=0.01835141;Ground_Summit authored launch:(0.491, 0.871, 0.000) separation=0.04424536;"
1.889,993.870,162.553,201.274,38.327,-33.510,18.610,-0.004,0.830,0.000,0.000,4,18.543,0.503,0.881,"Ground_Mountain_1_4:(0.490, 0.872, 0.000) separation=0.08622328;Ground_Mountain_1_4:(0.490, 0.872, 0.000) separation=0.03846516;Ground_Mountain_1_4:(0.490, 0.872, 0.000) separation=0.08627092;Ground_Mountain_1_4:(0.490, 0.872, 0.000) separation=0.03841402;Ground_Mountain_1_4:(0.490, 0.872, 0.000) separation=0.03846169;Ground_Mountain_1_4:(0.490, 0.872, 0.000) separation=0.04202497;Ground_Summit authored launch:(0.485, 0.874, 0.000) separation=-0.01090964;Ground_Summit authored launch:(0.485, 0.874, 0.000) separation=0.03625642;Ground_Summit authored launch:(0.485, 0.874, 0.000) separation=0.03619014;Ground_Summit authored launch:(0.485, 0.874, 0.000) separation=-0.01084029;Ground_Summit authored launch:(0.485, 0.874, 0.000) separation=0.006781161;Ground_Summit authored launch:(0.485, 0.874, 0.000) separation=0.008604527;Ground_Summit authored launch:(0.498, 0.867, 0.000) separation=0.04244947;"
1.909,993.205,162.929,201.274,38.311,-33.392,18.787,-0.002,0.837,0.000,0.000,4,18.734,0.488,0.878,"Ground_Mountain_1_4:(0.490, 0.872, 0.000) separation=0.08518016;Ground_Mountain_1_4:(0.490, 0.872, 0.000) separation=0.03905712;Ground_Mountain_1_4:(0.490, 0.872, 0.000) separation=0.08518225;Ground_Mountain_1_4:(0.490, 0.872, 0.000) separation=0.03905153;Ground_Mountain_1_4:(0.490, 0.872, 0.000) separation=0.03905419;Ground_Mountain_1_4:(0.490, 0.872, 0.000) separation=0.06132603;Ground_Summit authored launch:(0.493, 0.870, 0.000) separation=-0.009874087;Ground_Summit authored launch:(0.493, 0.870, 0.000) separation=0.03605876;Ground_Summit authored launch:(0.493, 0.870, 0.000) separation=0.03604685;Ground_Summit authored launch:(0.493, 0.870, 0.000) separation=-0.009859016;Ground_Summit authored launch:(0.493, 0.870, 0.000) separation=-0.002108216;Ground_Summit authored launch:(0.493, 0.870, 0.000) separation=-8.231401E-05;"
1.929,992.541,163.308,201.274,38.294,-33.274,18.965,-0.003,0.845,0.000,0.000,4,19.182,0.494,0.877,"Ground_Mountain_1_4:(0.490, 0.872, 0.000) separation=0.08739772;Ground_Mountain_1_4:(0.490, 0.872, 0.000) separation=0.0458942;Ground_Mountain_1_4:(0.490, 0.872, 0.000) separation=0.08739813;Ground_Mountain_1_4:(0.490, 0.872, 0.000) separation=0.04589099;Ground_Mountain_1_4:(0.490, 0.872, 0.000) separation=0.04589099;Ground_Mountain_1_4:(0.490, 0.872, 0.000) separation=0.07577637;Ground_Summit authored launch:(0.492, 0.871, 0.000) separation=-0.006023599;Ground_Summit authored launch:(0.492, 0.871, 0.000) separation=0.03525273;Ground_Summit authored launch:(0.492, 0.871, 0.000) separation=0.03525418;Ground_Summit authored launch:(0.492, 0.871, 0.000) separation=-0.006021744;Ground_Summit authored launch:(0.492, 0.871, 0.000) separation=0.01675829;Ground_Summit authored launch:(0.492, 0.871, 0.000) separation=0.01829517;Ground_Summit authored launch:(0.505, 0.863, 0.000) separation=0.04434368;"
1.949,991.880,163.691,201.274,38.280,-33.164,19.129,-0.003,0.853,0.000,0.000,4,18.372,0.404,0.874,"Ground_Mountain_1_4:(0.503, 0.864, 0.000) separation=0.08604912;Ground_Mountain_1_4:(0.503, 0.864, 0.000) separation=0.03816628;Ground_Mountain_1_4:(0.503, 0.864, 0.000) separation=0.08596337;Ground_Mountain_1_4:(0.503, 0.864, 0.000) separation=0.03824926;Ground_Mountain_1_4:(0.503, 0.864, 0.000) separation=0.03817156;Ground_Mountain_1_4:(0.503, 0.864, 0.000) separation=0.04148245;Ground_Summit authored launch:(0.499, 0.867, 0.000) separation=-0.01061568;Ground_Summit authored launch:(0.499, 0.867, 0.000) separation=0.03644697;Ground_Summit authored launch:(0.499, 0.867, 0.000) separation=0.03655902;Ground_Summit authored launch:(0.499, 0.867, 0.000) separation=-0.01072548;Ground_Summit authored launch:(0.499, 0.867, 0.000) separation=0.006736517;Ground_Summit authored launch:(0.499, 0.867, 0.000) separation=0.008633435;Ground_Summit authored launch:(0.511, 0.859, 0.000) separation=0.0426676;"
1.969,991.221,164.077,201.274,38.266,-33.051,19.294,-0.003,0.860,0.000,0.000,4,18.436,0.404,0.871,"Ground_Mountain_1_4:(0.503, 0.864, 0.000) separation=0.0857483;Ground_Mountain_1_4:(0.503, 0.864, 0.000) separation=0.03886813;Ground_Mountain_1_4:(0.503, 0.864, 0.000) separation=0.08570538;Ground_Mountain_1_4:(0.503, 0.864, 0.000) separation=0.03890898;Ground_Mountain_1_4:(0.503, 0.864, 0.000) separation=0.03888929;Ground_Mountain_1_4:(0.503, 0.864, 0.000) separation=0.0611251;Ground_Summit authored launch:(0.506, 0.863, 0.000) separation=-0.00958788;Ground_Summit authored launch:(0.506, 0.863, 0.000) separation=0.03692181;Ground_Summit authored launch:(0.506, 0.863, 0.000) separation=0.03694511;Ground_Summit authored launch:(0.506, 0.863, 0.000) separation=-0.009608636;Ground_Summit authored launch:(0.506, 0.863, 0.000) separation=-0.002242446;Ground_Summit authored launch:(0.506, 0.863, 0.000) separation=-0.0001774728;"
1.989,990.563,164.466,201.274,38.250,-32.935,19.462,-0.004,0.867,0.000,0.000,4,18.674,0.332,0.870,"Ground_Mountain_1_4:(0.503, 0.864, 0.000) separation=0.08898593;Ground_Mountain_1_4:(0.503, 0.864, 0.000) separation=0.04458058;Ground_Mountain_1_4:(0.503, 0.864, 0.000) separation=0.08894236;Ground_Mountain_1_4:(0.503, 0.864, 0.000) separation=0.04462139;Ground_Mountain_1_4:(0.503, 0.864, 0.000) separation=0.04462031;Ground_Mountain_1_4:(0.503, 0.864, 0.000) separation=0.07631543;Ground_Summit authored launch:(0.506, 0.863, 0.000) separation=-0.006852034;Ground_Summit authored launch:(0.506, 0.863, 0.000) separation=0.0371788;Ground_Summit authored launch:(0.506, 0.863, 0.000) separation=0.03718646;Ground_Summit authored launch:(0.506, 0.863, 0.000) separation=-0.006857036;Ground_Summit authored launch:(0.506, 0.863, 0.000) separation=0.01675823;Ground_Summit authored launch:(0.506, 0.863, 0.000) separation=0.01839039;Ground_Summit authored launch:(0.518, 0.856, 0.000) separation=0.04368326;"
2.009,989.909,164.859,201.274,38.236,-32.827,19.617,-0.004,0.875,0.000,0.000,4,17.823,0.277,0.867,"Ground_Mountain_1_4:(0.517, 0.856, 0.000) separation=0.08800036;Ground_Mountain_1_4:(0.517, 0.856, 0.000) separation=0.03715806;Ground_Mountain_1_4:(0.517, 0.856, 0.000) separation=0.08795836;Ground_Mountain_1_4:(0.517, 0.856, 0.000) separation=0.037198;Ground_Mountain_1_4:(0.517, 0.856, 0.000) separation=0.03715986;Ground_Mountain_1_4:(0.517, 0.856, 0.000) separation=0.03961417;Ground_Summit authored launch:(0.512, 0.859, 0.000) separation=-0.01136908;Ground_Summit authored launch:(0.512, 0.859, 0.000) separation=0.03883763;Ground_Summit authored launch:(0.512, 0.859, 0.000) separation=0.03890448;Ground_Summit authored launch:(0.512, 0.859, 0.000) separation=-0.01143378;Ground_Summit authored launch:(0.512, 0.859, 0.000) separation=0.006123185;Ground_Summit authored launch:(0.512, 0.859, 0.000) separation=0.008131593;Ground_Summit authored launch:(0.524, 0.852, 0.000) separation=0.04215649;"
2.029,989.258,165.255,201.274,38.222,-32.714,19.776,-0.003,0.882,0.000,0.000,4,18.033,0.318,0.864,"Ground_Mountain_1_4:(0.517, 0.856, 0.000) separation=0.08739741;Ground_Mountain_1_4:(0.517, 0.856, 0.000) separation=0.03844653;Ground_Mountain_1_4:(0.517, 0.856, 0.000) separation=0.08735465;Ground_Mountain_1_4:(0.517, 0.856, 0.000) separation=0.03848725;Ground_Mountain_1_4:(0.517, 0.856, 0.000) separation=0.03846666;Ground_Mountain_1_4:(0.517, 0.856, 0.000) separation=0.06068477;Ground_Summit authored launch:(0.520, 0.854, 0.000) separation=-0.009336866;Ground_Summit authored launch:(0.520, 0.854, 0.000) separation=0.0391776;Ground_Summit authored launch:(0.520, 0.854, 0.000) separation=0.03919222;Ground_Summit authored launch:(0.520, 0.854, 0.000) separation=-0.009349237;Ground_Summit authored launch:(0.520, 0.854, 0.000) separation=-0.002915561;Ground_Summit authored launch:(0.520, 0.854, 0.000) separation=-0.0007679164;"
2.049,988.607,165.654,201.274,38.206,-32.597,19.940,-0.003,0.889,0.000,0.000,4,18.399,0.310,0.863,"Ground_Mountain_1_4:(0.517, 0.856, 0.000) separation=0.09026799;Ground_Mountain_1_4:(0.517, 0.856, 0.000) separation=0.04496087;Ground_Mountain_1_4:(0.517, 0.856, 0.000) separation=0.09022435;Ground_Mountain_1_4:(0.517, 0.856, 0.000) separation=0.04500247;Ground_Mountain_1_4:(0.517, 0.856, 0.000) separation=0.04500017;Ground_Mountain_1_4:(0.517, 0.856, 0.000) separation=0.07695207;Ground_Summit authored launch:(0.519, 0.855, 0.000) separation=-0.005721141;Ground_Summit authored launch:(0.519, 0.855, 0.000) separation=0.03905385;Ground_Summit authored launch:(0.519, 0.855, 0.000) separation=0.03905991;Ground_Summit authored launch:(0.519, 0.855, 0.000) separation=-0.005724832;Ground_Summit authored launch:(0.519, 0.855, 0.000) separation=0.01742589;Ground_Summit authored launch:(0.519, 0.855, 0.000) separation=0.01910558;Ground_Summit authored launch:(0.531, 0.848, 0.000) separation=0.04518807;"
2.069,987.959,166.056,201.274,38.193,-32.489,20.090,-0.003,0.897,0.000,0.000,4,17.562,0.262,0.860,"Ground_Mountain_1_4:(0.530, 0.848, 0.000) separation=0.08967933;Ground_Mountain_1_4:(0.530, 0.848, 0.000) separation=0.03864014;Ground_Mountain_1_4:(0.530, 0.848, 0.000) separation=0.08981439;Ground_Mountain_1_4:(0.530, 0.848, 0.000) separation=0.03850315;Ground_Mountain_1_4:(0.530, 0.848, 0.000) separation=0.03863841;Ground_Mountain_1_4:(0.530, 0.848, 0.000) separation=0.0393272;Ground_Summit authored launch:(0.526, 0.850, 0.000) separation=-0.009890988;Ground_Summit authored launch:(0.526, 0.850, 0.000) separation=0.04092628;Ground_Summit authored launch:(0.526, 0.850, 0.000) separation=0.04079819;Ground_Summit authored launch:(0.526, 0.850, 0.000) separation=-0.009760963;Ground_Summit authored launch:(0.526, 0.850, 0.000) separation=0.006547689;Ground_Summit authored launch:(0.526, 0.850, 0.000) separation=0.008473068;Ground_Summit authored launch:(0.537, 0.844, 0.000) separation=0.04409894;"
2.089,987.314,166.461,201.274,38.179,-32.377,20.243,-0.003,0.904,0.000,0.000,4,17.742,0.303,0.857,"Ground_Mountain_1_4:(0.530, 0.848, 0.000) separation=0.08913139;Ground_Mountain_1_4:(0.530, 0.848, 0.000) separation=0.0397212;Ground_Mountain_1_4:(0.530, 0.848, 0.000) separation=0.08913295;Ground_Mountain_1_4:(0.530, 0.848, 0.000) separation=0.03971763;Ground_Mountain_1_4:(0.530, 0.848, 0.000) separation=0.03971958;Ground_Mountain_1_4:(0.530, 0.848, 0.000) separation=0.06083429;Ground_Summit authored launch:(0.533, 0.846, 0.000) separation=-0.007469234;Ground_Summit authored launch:(0.533, 0.846, 0.000) separation=0.04151867;Ground_Summit authored launch:(0.533, 0.846, 0.000) separation=0.04149416;Ground_Summit authored launch:(0.533, 0.846, 0.000) separation=-0.007442466;Ground_Summit authored launch:(0.533, 0.846, 0.000) separation=-0.002846509;Ground_Summit authored launch:(0.533, 0.846, 0.000) separation=-0.0006768405;"
2.109,986.670,166.869,201.274,38.163,-32.263,20.397,-0.003,0.911,0.000,0.000,4,17.879,0.263,0.856,"Ground_Mountain_1_4:(0.530, 0.848, 0.000) separation=0.09227817;Ground_Mountain_1_4:(0.530, 0.848, 0.000) separation=0.0446627;Ground_Mountain_1_4:(0.530, 0.848, 0.000) separation=0.092279;Ground_Mountain_1_4:(0.530, 0.848, 0.000) separation=0.04465988;Ground_Mountain_1_4:(0.530, 0.848, 0.000) separation=0.04466015;Ground_Mountain_1_4:(0.530, 0.848, 0.000) separation=0.07755816;Ground_Summit authored launch:(0.532, 0.847, 0.000) separation=-0.00528541;Ground_Summit authored launch:(0.532, 0.847, 0.000) separation=0.04184432;Ground_Summit authored launch:(0.532, 0.847, 0.000) separation=0.04184167;Ground_Summit authored launch:(0.532, 0.847, 0.000) separation=-0.005280521;Ground_Summit authored launch:(0.532, 0.847, 0.000) separation=0.01752847;Ground_Summit authored launch:(0.532, 0.847, 0.000) separation=0.01931375;Ground_Summit authored launch:(0.543, 0.840, 0.000) separation=0.04613933;"
2.129,986.029,167.280,201.274,38.150,-32.157,20.539,-0.003,0.919,0.000,0.000,4,17.102,0.229,0.853,"Ground_Mountain_1_4:(0.538, 0.843, 0.000) separation=0.09229288;Ground_Mountain_1_4:(0.538, 0.843, 0.000) separation=0.03933638;Ground_Mountain_1_4:(0.538, 0.843, 0.000) separation=0.09233962;Ground_Mountain_1_4:(0.538, 0.843, 0.000) separation=0.0392877;Ground_Mountain_1_4:(0.538, 0.843, 0.000) separation=0.05928788;Ground_Mountain_1_4:(0.538, 0.843, 0.000) separation=0.05933213;Ground_Summit authored launch:(0.539, 0.842, 0.000) separation=-0.008893326;Ground_Summit authored launch:(0.539, 0.842, 0.000) separation=0.04378254;Ground_Summit authored launch:(0.539, 0.842, 0.000) separation=0.04377087;Ground_Summit authored launch:(0.539, 0.842, 0.000) separation=-0.008879947;Ground_Summit authored launch:(0.539, 0.842, 0.000) separation=0.005824089;Ground_Summit authored launch:(0.539, 0.842, 0.000) separation=0.007967204;Ground_Summit authored launch:(0.549, 0.836, 0.000) separation=0.04562449;"
2.149,985.390,167.694,201.273,38.136,-32.048,20.684,-0.003,0.925,0.000,0.000,4,17.259,0.274,0.850,"Ground_Mountain_1_4:(0.542, 0.840, 0.000) separation=0.09167235;Ground_Mountain_1_4:(0.542, 0.840, 0.000) separation=0.03984765;Ground_Mountain_1_4:(0.542, 0.840, 0.000) separation=0.09167415;Ground_Mountain_1_4:(0.542, 0.840, 0.000) separation=0.0398439;Ground_Mountain_1_4:(0.542, 0.840, 0.000) separation=0.03984612;Ground_Mountain_1_4:(0.542, 0.840, 0.000) separation=0.05977249;Ground_Summit authored launch:(0.545, 0.838, 0.000) separation=-0.006513762;Ground_Summit authored launch:(0.545, 0.838, 0.000) separation=0.04474685;Ground_Summit authored launch:(0.545, 0.838, 0.000) separation=0.04474558;Ground_Summit authored launch:(0.545, 0.838, 0.000) separation=-0.006510627;Ground_Summit authored launch:(0.545, 0.838, 0.000) separation=-0.0045003;Ground_Summit authored launch:(0.545, 0.838, 0.000) separation=-0.002192587;"
2.169,984.752,168.110,201.273,38.121,-31.936,20.829,-0.003,0.932,0.000,0.000,4,17.373,0.239,0.849,"Ground_Mountain_1_4:(0.542, 0.840, 0.000) separation=0.09453306;Ground_Mountain_1_4:(0.542, 0.840, 0.000) separation=0.04418157;Ground_Mountain_1_4:(0.542, 0.840, 0.000) separation=0.09453378;Ground_Mountain_1_4:(0.542, 0.840, 0.000) separation=0.04417955;Ground_Mountain_1_4:(0.542, 0.840, 0.000) separation=0.04417986;Ground_Mountain_1_4:(0.542, 0.840, 0.000) separation=0.07772073;Ground_Summit authored launch:(0.544, 0.839, 0.000) separation=-0.005022122;Ground_Summit authored launch:(0.544, 0.839, 0.000) separation=0.04480495;Ground_Summit authored launch:(0.544, 0.839, 0.000) separation=0.04480659;Ground_Summit authored launch:(0.544, 0.839, 0.000) separation=-0.005022097;Ground_Summit authored launch:(0.544, 0.839, 0.000) separation=0.01688835;Ground_Summit authored launch:(0.544, 0.839, 0.000) separation=0.01880577;Ground_Summit authored launch:(0.555, 0.832, 0.000) separation=0.04710907;"
2.189,984.117,168.529,201.273,38.108,-31.832,20.964,-0.003,0.940,0.000,0.000,4,16.687,0.217,0.846,"Ground_Mountain_1_4:(0.550, 0.835, 0.000) separation=0.09513342;Ground_Mountain_1_4:(0.550, 0.835, 0.000) separation=0.03995351;Ground_Mountain_1_4:(0.550, 0.835, 0.000) separation=0.09509099;Ground_Mountain_1_4:(0.550, 0.835, 0.000) separation=0.03999464;Ground_Mountain_1_4:(0.550, 0.835, 0.000) separation=0.05729181;Ground_Mountain_1_4:(0.550, 0.835, 0.000) separation=0.05733609;Ground_Summit authored launch:(0.550, 0.835, 0.000) separation=-0.008103614;Ground_Summit authored launch:(0.550, 0.835, 0.000) separation=0.04668068;Ground_Summit authored launch:(0.550, 0.835, 0.000) separation=0.04672797;Ground_Summit authored launch:(0.550, 0.835, 0.000) separation=-0.008149725;Ground_Summit authored launch:(0.550, 0.835, 0.000) separation=0.004094154;Ground_Summit authored launch:(0.550, 0.835, 0.000) separation=0.006368339;"
2.209,983.485,168.952,201.273,38.095,-31.725,21.102,-0.003,0.946,0.000,0.000,4,16.749,0.252,0.843,"Ground_Mountain_1_4:(0.554, 0.832, 0.000) separation=0.09422734;Ground_Mountain_1_4:(0.554, 0.832, 0.000) separation=0.03915647;Ground_Mountain_1_4:(0.554, 0.832, 0.000) separation=0.09422874;Ground_Mountain_1_4:(0.554, 0.832, 0.000) separation=0.03915381;Ground_Mountain_1_4:(0.554, 0.832, 0.000) separation=0.03915551;Ground_Mountain_1_4:(0.554, 0.832, 0.000) separation=0.05721548;Ground_Summit authored launch:(0.557, 0.830, 0.000) separation=-0.006399305;Ground_Summit authored launch:(0.557, 0.830, 0.000) separation=0.04805049;Ground_Summit authored launch:(0.557, 0.830, 0.000) separation=0.04806086;Ground_Summit authored launch:(0.557, 0.830, 0.000) separation=-0.006408464;Ground_Summit authored launch:(0.557, 0.830, 0.000) separation=-0.006402314;Ground_Summit authored launch:(0.557, 0.830, 0.000) separation=-0.005602956;"
2.229,982.854,169.376,201.273,38.080,-31.615,21.241,-0.003,0.953,0.000,0.000,4,16.991,0.340,0.842,"Ground_Mountain_1_4:(0.554, 0.832, 0.000) separation=0.09608699;Ground_Mountain_1_4:(0.554, 0.832, 0.000) separation=0.04334847;Ground_Mountain_1_4:(0.554, 0.832, 0.000) separation=0.09608743;Ground_Mountain_1_4:(0.554, 0.832, 0.000) separation=0.04334739;Ground_Mountain_1_4:(0.554, 0.832, 0.000) separation=0.04334763;Ground_Mountain_1_4:(0.554, 0.832, 0.000) separation=0.07664657;Ground_Summit authored launch:(0.556, 0.831, 0.000) separation=-0.004962808;Ground_Summit authored launch:(0.556, 0.831, 0.000) separation=0.04713659;Ground_Summit authored launch:(0.556, 0.831, 0.000) separation=0.04713994;Ground_Summit authored launch:(0.556, 0.831, 0.000) separation=-0.004965102;Ground_Summit authored launch:(0.556, 0.831, 0.000) separation=0.01502931;Ground_Summit authored launch:(0.556, 0.831, 0.000) separation=0.01707664;Ground_Summit authored launch:(0.567, 0.824, 0.000) separation=0.04801303;"
2.249,982.226,169.804,201.273,38.067,-31.512,21.371,-0.002,0.960,0.000,0.000,4,16.411,0.308,0.839,"Ground_Mountain_1_4:(0.562, 0.827, 0.000) separation=0.09723799;Ground_Mountain_1_4:(0.562, 0.827, 0.000) separation=0.04063553;Ground_Mountain_1_4:(0.562, 0.827, 0.000) separation=0.09728319;Ground_Mountain_1_4:(0.562, 0.827, 0.000) separation=0.04058971;Ground_Mountain_1_4:(0.562, 0.827, 0.000) separation=0.05404133;Ground_Mountain_1_4:(0.562, 0.827, 0.000) separation=0.05408555;Ground_Summit authored launch:(0.563, 0.826, 0.000) separation=-0.007538097;Ground_Summit authored launch:(0.563, 0.826, 0.000) separation=0.04892997;Ground_Summit authored launch:(0.563, 0.826, 0.000) separation=0.04886568;Ground_Summit authored launch:(0.563, 0.826, 0.000) separation=-0.007473292;Ground_Summit authored launch:(0.563, 0.826, 0.000) separation=0.001179487;Ground_Summit authored launch:(0.563, 0.826, 0.000) separation=0.003501564;"
2.269,981.598,170.233,201.273,38.053,-31.405,21.505,-0.002,0.966,0.000,0.000,4,16.690,0.268,0.837,"Ground_Mountain_1_4:(0.566, 0.824, 0.000) separation=0.09519138;Ground_Mountain_1_4:(0.566, 0.824, 0.000) separation=0.04029922;Ground_Mountain_1_4:(0.566, 0.824, 0.000) separation=0.0951921;Ground_Mountain_1_4:(0.566, 0.824, 0.000) separation=0.04029786;Ground_Mountain_1_4:(0.566, 0.824, 0.000) separation=0.04029888;Ground_Mountain_1_4:(0.566, 0.824, 0.000) separation=0.05468211;Ground_Summit authored launch:(0.562, 0.827, 0.000) separation=-0.00508978;Ground_Summit authored launch:(0.562, 0.827, 0.000) separation=0.04959613;Ground_Summit authored launch:(0.562, 0.827, 0.000) separation=0.04958416;Ground_Summit authored launch:(0.562, 0.827, 0.000) separation=-0.00507731;Ground_Summit authored launch:(0.562, 0.827, 0.000) separation=0.02283496;Ground_Summit authored launch:(0.562, 0.827, 0.000) separation=0.0248147;Ground_Summit authored launch:(0.573, 0.820, 0.000) separation=0.04566944;"
2.289,980.974,170.666,201.273,38.041,-31.303,21.631,-0.001,0.974,0.000,0.000,4,16.136,0.251,0.835,"Ground_Mountain_1_4:(0.566, 0.824, 0.000) separation=0.09836337;Ground_Mountain_1_4:(0.566, 0.824, 0.000) separation=0.03899167;Ground_Mountain_1_4:(0.566, 0.824, 0.000) separation=0.09845187;Ground_Mountain_1_4:(0.566, 0.824, 0.000) separation=0.0389032;Ground_Mountain_1_4:(0.566, 0.824, 0.000) separation=0.03893003;Ground_Mountain_1_4:(0.566, 0.824, 0.000) separation=0.07346991;Ground_Summit authored launch:(0.569, 0.822, 0.000) separation=-0.008460723;Ground_Summit authored launch:(0.569, 0.822, 0.000) separation=0.05033395;Ground_Summit authored launch:(0.569, 0.822, 0.000) separation=0.05027772;Ground_Summit authored launch:(0.569, 0.822, 0.000) separation=-0.008404518;Ground_Summit authored launch:(0.569, 0.822, 0.000) separation=0.009722859;Ground_Summit authored launch:(0.569, 0.822, 0.000) separation=0.01199332;Ground_Summit authored launch:(0.578, 0.816, 0.000) separation=0.04547319;"
2.309,980.353,171.102,201.273,38.029,-31.198,21.760,-0.001,0.979,0.000,0.000,4,16.366,0.299,0.832,"Ground_Mountain_1_4:(0.574, 0.819, 0.000) separation=0.09867302;Ground_Mountain_1_4:(0.574, 0.819, 0.000) separation=0.04156996;Ground_Mountain_1_4:(0.574, 0.819, 0.000) separation=0.09871726;Ground_Mountain_1_4:(0.574, 0.819, 0.000) separation=0.04152574;Ground_Mountain_1_4:(0.574, 0.819, 0.000) separation=0.0497691;Ground_Mountain_1_4:(0.574, 0.819, 0.000) separation=0.04981336;Ground_Summit authored launch:(0.575, 0.818, 0.000) separation=-0.006590131;Ground_Summit authored launch:(0.575, 0.818, 0.000) separation=0.05039856;Ground_Summit authored launch:(0.575, 0.818, 0.000) separation=0.05038754;Ground_Summit authored launch:(0.575, 0.818, 0.000) separation=-0.006578981;Ground_Summit authored launch:(0.575, 0.818, 0.000) separation=-0.00273931;Ground_Summit authored launch:(0.575, 0.818, 0.000) separation=-0.0002716482;"
2.329,979.731,171.539,201.273,38.015,-31.089,21.893,-0.001,0.985,0.000,0.000,4,16.626,0.264,0.830,"Ground_Mountain_1_4:(0.578, 0.816, 0.000) separation=0.09573257;Ground_Mountain_1_4:(0.578, 0.816, 0.000) separation=0.04060546;Ground_Mountain_1_4:(0.578, 0.816, 0.000) separation=0.09573335;Ground_Mountain_1_4:(0.578, 0.816, 0.000) separation=0.04060407;Ground_Mountain_1_4:(0.578, 0.816, 0.000) separation=0.04060525;Ground_Mountain_1_4:(0.578, 0.816, 0.000) separation=0.05040762;Ground_Summit authored launch:(0.574, 0.819, 0.000) separation=-0.00487102;Ground_Summit authored launch:(0.574, 0.819, 0.000) separation=0.05013036;Ground_Summit authored launch:(0.574, 0.819, 0.000) separation=0.05012872;Ground_Summit authored launch:(0.574, 0.819, 0.000) separation=-0.004869355;Ground_Summit authored launch:(0.574, 0.819, 0.000) separation=0.01972079;Ground_Summit authored launch:(0.574, 0.819, 0.000) separation=0.021799;Ground_Summit authored launch:(0.584, 0.812, 0.000) separation=0.04699263;"
2.349,979.114,171.979,201.273,38.003,-30.985,22.018,-0.001,0.993,0.000,0.000,4,16.095,0.250,0.827,"Ground_Mountain_1_4:(0.578, 0.816, 0.000) separation=0.09800141;Ground_Mountain_1_4:(0.578, 0.816, 0.000) separation=0.03869447;Ground_Mountain_1_4:(0.578, 0.816, 0.000) separation=0.09804498;Ground_Mountain_1_4:(0.578, 0.816, 0.000) separation=0.03865151;Ground_Mountain_1_4:(0.578, 0.816, 0.000) separation=0.03866866;Ground_Mountain_1_4:(0.578, 0.816, 0.000) separation=0.06959668;Ground_Summit authored launch:(0.580, 0.814, 0.000) separation=-0.007572756;Ground_Summit authored launch:(0.580, 0.814, 0.000) separation=0.0510079;Ground_Summit authored launch:(0.580, 0.814, 0.000) separation=0.05098317;Ground_Summit authored launch:(0.580, 0.814, 0.000) separation=-0.007548474;Ground_Summit authored launch:(0.580, 0.814, 0.000) separation=0.005676448;Ground_Summit authored launch:(0.580, 0.814, 0.000) separation=0.008054554;"
2.369,978.498,172.422,201.273,37.991,-30.878,22.146,0.000,0.998,0.000,0.000,4,16.310,0.294,0.825,"Ground_Mountain_1_4:(0.585, 0.811, 0.000) separation=0.09978377;Ground_Mountain_1_4:(0.585, 0.811, 0.000) separation=0.04317138;Ground_Mountain_1_4:(0.585, 0.811, 0.000) separation=0.09978271;Ground_Mountain_1_4:(0.585, 0.811, 0.000) separation=0.04317303;Ground_Mountain_1_4:(0.585, 0.811, 0.000) separation=0.04494682;Ground_Mountain_1_4:(0.585, 0.811, 0.000) separation=0.04494685;Ground_Summit authored launch:(0.586, 0.810, 0.000) separation=-0.005119416;Ground_Summit authored launch:(0.586, 0.810, 0.000) separation=0.05142457;Ground_Summit authored launch:(0.586, 0.810, 0.000) separation=0.05141991;Ground_Summit authored launch:(0.586, 0.810, 0.000) separation=-0.005115186;Ground_Summit authored launch:(0.586, 0.810, 0.000) separation=-0.005118728;Ground_Summit authored launch:(0.586, 0.810, 0.000) separation=-0.004707038;"
2.389,977.883,172.867,201.273,37.977,-30.769,22.276,0.000,1.000,0.000,0.000,4,16.418,0.253,0.823,"Ground_Mountain_1_4:(0.589, 0.808, 0.000) separation=0.09658402;Ground_Mountain_1_4:(0.589, 0.808, 0.000) separation=0.04122243;Ground_Mountain_1_4:(0.589, 0.808, 0.000) separation=0.09658318;Ground_Mountain_1_4:(0.589, 0.808, 0.000) separation=0.04122386;Ground_Mountain_1_4:(0.589, 0.808, 0.000) separation=0.04122248;Ground_Mountain_1_4:(0.589, 0.808, 0.000) separation=0.04536951;Ground_Summit authored launch:(0.585, 0.811, 0.000) separation=-0.004503021;Ground_Summit authored launch:(0.585, 0.811, 0.000) separation=0.05077175;Ground_Summit authored launch:(0.585, 0.811, 0.000) separation=0.0507708;Ground_Summit authored launch:(0.585, 0.811, 0.000) separation=-0.004502656;Ground_Summit authored launch:(0.585, 0.811, 0.000) separation=0.01579818;Ground_Summit authored launch:(0.585, 0.811, 0.000) separation=0.01797438;Ground_Summit authored launch:(0.595, 0.804, 0.000) separation=0.04861939;"
2.409,977.272,173.315,201.273,37.964,-30.664,22.397,0.001,1.000,0.000,0.000,4,15.926,0.318,0.820,"Ground_Mountain_1_4:(0.589, 0.808, 0.000) separation=0.09815343;Ground_Mountain_1_4:(0.589, 0.808, 0.000) separation=0.03890632;Ground_Mountain_1_4:(0.589, 0.808, 0.000) separation=0.09815272;Ground_Mountain_1_4:(0.589, 0.808, 0.000) separation=0.03890764;Ground_Mountain_1_4:(0.589, 0.808, 0.000) separation=0.03890699;Ground_Mountain_1_4:(0.589, 0.808, 0.000) separation=0.06531477;Ground_Summit authored launch:(0.591, 0.806, 0.000) separation=-0.00623007;Ground_Summit authored launch:(0.591, 0.806, 0.000) separation=0.05215047;Ground_Summit authored launch:(0.591, 0.806, 0.000) separation=0.05213747;Ground_Summit authored launch:(0.591, 0.806, 0.000) separation=-0.006218122;Ground_Summit authored launch:(0.591, 0.806, 0.000) separation=0.001021147;Ground_Summit authored launch:(0.591, 0.806, 0.000) separation=0.003497422;"
2.429,976.661,173.765,201.273,37.948,-30.556,22.520,0.001,1.000,0.000,0.000,4,16.042,0.270,0.819,"Ground_Mountain_1_4:(0.589, 0.808, 0.000) separation=0.1016098;Ground_Mountain_1_4:(0.589, 0.808, 0.000) separation=0.04292902;Ground_Mountain_1_4:(0.589, 0.808, 0.000) separation=0.1016088;Ground_Mountain_1_4:(0.589, 0.808, 0.000) separation=0.04293124;Ground_Mountain_1_4:(0.589, 0.808, 0.000) separation=0.04293105;Ground_Mountain_1_4:(0.589, 0.808, 0.000) separation=0.08428356;Ground_Summit authored launch:(0.591, 0.807, 0.000) separation=-0.004696144;Ground_Summit authored launch:(0.591, 0.807, 0.000) separation=0.05302295;Ground_Summit authored launch:(0.591, 0.807, 0.000) separation=0.05302007;Ground_Summit authored launch:(0.591, 0.807, 0.000) separation=-0.00469441;Ground_Summit authored launch:(0.591, 0.807, 0.000) separation=0.0231446;Ground_Summit authored launch:(0.591, 0.807, 0.000) separation=0.0252791;Ground_Summit authored launch:(0.600, 0.800, 0.000) separation=0.04654664;"
2.449,976.054,174.218,201.273,37.934,-30.454,22.635,0.001,1.000,0.000,0.000,4,15.571,0.262,0.816,"Ground_Mountain_1_4:(0.596, 0.803, 0.000) separation=0.09957831;Ground_Mountain_1_4:(0.596, 0.803, 0.000) separation=0.03906412;Ground_Mountain_1_4:(0.596, 0.803, 0.000) separation=0.09957633;Ground_Mountain_1_4:(0.596, 0.803, 0.000) separation=0.03906728;Ground_Mountain_1_4:(0.596, 0.803, 0.000) separation=0.06063518;Ground_Mountain_1_4:(0.596, 0.803, 0.000) separation=0.06063518;Ground_Summit authored launch:(0.597, 0.802, 0.000) separation=-0.006918599;Ground_Summit authored launch:(0.597, 0.802, 0.000) separation=0.05365202;Ground_Summit authored launch:(0.597, 0.802, 0.000) separation=0.05364162;Ground_Summit authored launch:(0.597, 0.802, 0.000) separation=-0.006909809;Ground_Summit authored launch:(0.597, 0.802, 0.000) separation=0.009041846;Ground_Summit authored launch:(0.597, 0.802, 0.000) separation=0.01147622;Ground_Summit authored launch:(0.606, 0.796, 0.000) separation=0.04753658;"
2.469,975.449,174.673,201.273,37.919,-30.349,22.750,0.002,1.000,0.000,0.000,4,15.626,0.295,0.814,"Ground_Mountain_1_4:(0.599, 0.800, 0.000) separation=0.09930113;Ground_Mountain_1_4:(0.599, 0.800, 0.000) separation=0.03866963;Ground_Mountain_1_4:(0.599, 0.800, 0.000) separation=0.09929874;Ground_Mountain_1_4:(0.599, 0.800, 0.000) separation=0.03867381;Ground_Mountain_1_4:(0.599, 0.800, 0.000) separation=0.0386712;Ground_Mountain_1_4:(0.599, 0.800, 0.000) separation=0.05993205;Ground_Summit authored launch:(0.602, 0.798, 0.000) separation=-0.00525702;Ground_Summit authored launch:(0.602, 0.798, 0.000) separation=0.05444192;Ground_Summit authored launch:(0.602, 0.798, 0.000) separation=0.05443945;Ground_Summit authored launch:(0.602, 0.798, 0.000) separation=-0.005256161;Ground_Summit authored launch:(0.602, 0.798, 0.000) separation=-0.00260964;Ground_Summit authored launch:(0.602, 0.798, 0.000) separation=-0.002601206;"
2.489,974.845,175.130,201.273,37.903,-30.241,22.867,0.002,1.000,0.000,0.000,4,15.734,0.255,0.812,"Ground_Mountain_1_4:(0.599, 0.800, 0.000) separation=0.1018386;Ground_Mountain_1_4:(0.599, 0.800, 0.000) separation=0.04201613;Ground_Mountain_1_4:(0.599, 0.800, 0.000) separation=0.1018362;Ground_Mountain_1_4:(0.599, 0.800, 0.000) separation=0.04202086;Ground_Mountain_1_4:(0.599, 0.800, 0.000) separation=0.04201987;Ground_Mountain_1_4:(0.599, 0.800, 0.000) separation=0.08041522;Ground_Summit authored launch:(0.601, 0.799, 0.000) separation=-0.004436554;Ground_Summit authored launch:(0.601, 0.799, 0.000) separation=0.054401;Ground_Summit authored launch:(0.601, 0.799, 0.000) separation=0.05439956;Ground_Summit authored launch:(0.601, 0.799, 0.000) separation=-0.004436901;Ground_Summit authored launch:(0.601, 0.799, 0.000) separation=0.01838434;Ground_Summit authored launch:(0.601, 0.799, 0.000) separation=0.02066305;Ground_Summit authored launch:(0.611, 0.792, 0.000) separation=0.04826891;"
2.509,974.243,175.589,201.273,37.887,-30.138,22.977,0.003,1.000,0.000,0.000,4,15.331,0.327,0.809,"Ground_Mountain_1_4:(0.607, 0.795, 0.000) separation=0.1016024;Ground_Mountain_1_4:(0.607, 0.795, 0.000) separation=0.04053053;Ground_Mountain_1_4:(0.607, 0.795, 0.000) separation=0.1016424;Ground_Mountain_1_4:(0.607, 0.795, 0.000) separation=0.04049286;Ground_Mountain_1_4:(0.607, 0.795, 0.000) separation=0.05428806;Ground_Mountain_1_4:(0.607, 0.795, 0.000) separation=0.05433232;Ground_Summit authored launch:(0.607, 0.794, 0.000) separation=-0.005699134;Ground_Summit authored launch:(0.607, 0.794, 0.000) separation=0.05545671;Ground_Summit authored launch:(0.607, 0.794, 0.000) separation=0.05545212;Ground_Summit authored launch:(0.607, 0.794, 0.000) separation=-0.005696768;Ground_Summit authored launch:(0.607, 0.794, 0.000) separation=0.003093421;Ground_Summit authored launch:(0.607, 0.794, 0.000) separation=0.005663693;"
2.529,973.643,176.050,201.273,37.869,-30.032,23.088,0.003,1.000,0.000,0.000,4,15.394,0.274,0.808,"Ground_Mountain_1_4:(0.610, 0.792, 0.000) separation=0.1005132;Ground_Mountain_1_4:(0.610, 0.792, 0.000) separation=0.03937;Ground_Mountain_1_4:(0.610, 0.792, 0.000) separation=0.1005393;Ground_Mountain_1_4:(0.610, 0.792, 0.000) separation=0.0393758;Ground_Mountain_1_4:(0.610, 0.792, 0.000) separation=0.03937137;Ground_Mountain_1_4:(0.610, 0.792, 0.000) separation=0.05373105;Ground_Summit authored launch:(0.608, 0.794, 0.000) separation=-0.004493719;Ground_Summit authored launch:(0.608, 0.794, 0.000) separation=0.05678247;Ground_Summit authored launch:(0.608, 0.794, 0.000) separation=0.056781;Ground_Summit authored launch:(0.608, 0.794, 0.000) separation=-0.00449341;Ground_Summit authored launch:(0.608, 0.794, 0.000) separation=0.02563164;Ground_Summit authored launch:(0.608, 0.794, 0.000) separation=0.02788216;Ground_Summit authored launch:(0.616, 0.788, 0.000) separation=0.04654294;"
2.549,973.046,176.514,201.273,37.852,-29.930,23.192,0.004,1.000,0.000,0.000,4,15.030,0.275,0.805,"Ground_Mountain_1_4:(0.610, 0.792, 0.000) separation=0.1031999;Ground_Mountain_1_4:(0.610, 0.792, 0.000) separation=0.03888334;Ground_Mountain_1_4:(0.610, 0.792, 0.000) separation=0.1031961;Ground_Mountain_1_4:(0.610, 0.792, 0.000) separation=0.03888997;Ground_Mountain_1_4:(0.610, 0.792, 0.000) separation=0.03888765;Ground_Mountain_1_4:(0.610, 0.792, 0.000) separation=0.07466349;Ground_Summit authored launch:(0.613, 0.790, 0.000) separation=-0.006331589;Ground_Summit authored launch:(0.613, 0.790, 0.000) separation=0.05698515;Ground_Summit authored launch:(0.613, 0.790, 0.000) separation=0.05698109;Ground_Summit authored launch:(0.613, 0.790, 0.000) separation=-0.006330272;Ground_Summit authored launch:(0.613, 0.790, 0.000) separation=0.01068109;Ground_Summit authored launch:(0.613, 0.790, 0.000) separation=0.01321915;Ground_Summit authored launch:(0.621, 0.784, 0.000) separation=0.04799569;"
2.569,972.451,176.979,201.273,37.835,-29.827,23.297,0.004,1.000,0.000,0.000,4,15.054,0.302,0.803,"Ground_Mountain_1_4:(0.617, 0.787, 0.000) separation=0.10432;Ground_Mountain_1_4:(0.617, 0.787, 0.000) separation=0.04168269;Ground_Mountain_1_4:(0.617, 0.787, 0.000) separation=0.1043142;Ground_Mountain_1_4:(0.617, 0.787, 0.000) separation=0.04169129;Ground_Mountain_1_4:(0.617, 0.787, 0.000) separation=0.04610938;Ground_Mountain_1_4:(0.617, 0.787, 0.000) separation=0.04610941;Ground_Summit authored launch:(0.618, 0.786, 0.000) separation=-0.00501816;Ground_Summit authored launch:(0.618, 0.786, 0.000) separation=0.05773945;Ground_Summit authored launch:(0.618, 0.786, 0.000) separation=0.05773813;Ground_Summit authored launch:(0.618, 0.786, 0.000) separation=-0.005019376;Ground_Summit authored launch:(0.618, 0.786, 0.000) separation=-0.005019397;Ground_Summit authored launch:(0.618, 0.786, 0.000) separation=-0.00228098;"
2.589,971.857,177.447,201.274,37.816,-29.720,23.403,0.005,1.000,0.000,0.000,4,15.184,0.266,0.801,"Ground_Mountain_1_4:(0.620, 0.784, 0.000) separation=0.1017609;Ground_Mountain_1_4:(0.620, 0.784, 0.000) separation=0.03990388;Ground_Mountain_1_4:(0.620, 0.784, 0.000) separation=0.1017561;Ground_Mountain_1_4:(0.620, 0.784, 0.000) separation=0.03991148;Ground_Mountain_1_4:(0.620, 0.784, 0.000) separation=0.03990453;Ground_Mountain_1_4:(0.620, 0.784, 0.000) separation=0.04574135;Ground_Summit authored launch:(0.617, 0.787, 0.000) separation=-0.004259689;Ground_Summit authored launch:(0.617, 0.787, 0.000) separation=0.05773642;Ground_Summit authored launch:(0.617, 0.787, 0.000) separation=0.05773412;Ground_Summit authored launch:(0.617, 0.787, 0.000) separation=-0.004260302;Ground_Summit authored launch:(0.617, 0.787, 0.000) separation=0.01936382;Ground_Summit authored launch:(0.617, 0.787, 0.000) separation=0.0217627;Ground_Summit authored launch:(0.626, 0.780, 0.000) separation=0.04847038;"
2.609,971.266,177.917,201.274,37.798,-29.617,23.504,0.005,1.000,0.000,0.000,4,14.888,0.341,0.799,"Ground_Mountain_1_4:(0.620, 0.784, 0.000) separation=0.1033409;Ground_Mountain_1_4:(0.620, 0.784, 0.000) separation=0.0388201;Ground_Mountain_1_4:(0.620, 0.784, 0.000) separation=0.1033368;Ground_Mountain_1_4:(0.620, 0.784, 0.000) separation=0.03882704;Ground_Mountain_1_4:(0.620, 0.784, 0.000) separation=0.03882357;Ground_Mountain_1_4:(0.620, 0.784, 0.000) separation=0.0679214;Ground_Summit authored launch:(0.623, 0.782, 0.000) separation=-0.00507807;Ground_Summit authored launch:(0.623, 0.782, 0.000) separation=0.05839209;Ground_Summit authored launch:(0.623, 0.782, 0.000) separation=0.05839058;Ground_Summit authored launch:(0.623, 0.782, 0.000) separation=-0.005080069;Ground_Summit authored launch:(0.623, 0.782, 0.000) separation=0.003122568;Ground_Summit authored launch:(0.623, 0.782, 0.000) separation=0.005796254;"
2.629,970.677,178.388,201.274,37.779,-29.512,23.606,0.005,1.000,0.000,0.000,4,14.923,0.287,0.797,"Ground_Mountain_1_4:(0.624, 0.782, 0.000) separation=0.04196727;Ground_Mountain_1_4:(0.624, 0.782, 0.000) separation=0.04193377;Ground_Mountain_1_4:(0.624, 0.782, 0.000) separation=0.08823034;Ground_Mountain_1_4:(0.624, 0.782, 0.000) separation=0.1065585;Ground_Mountain_1_4:(0.624, 0.782, 0.000) separation=0.1065215;Ground_Mountain_1_4:(0.624, 0.782, 0.000) separation=0.04193033;Ground_Summit authored launch:(0.622, 0.783, 0.000) separation=-0.004255621;Ground_Summit authored launch:(0.622, 0.783, 0.000) separation=0.05967895;Ground_Summit authored launch:(0.622, 0.783, 0.000) separation=0.0596761;Ground_Summit authored launch:(0.622, 0.783, 0.000) separation=-0.004256176;Ground_Summit authored launch:(0.622, 0.783, 0.000) separation=0.02622193;Ground_Summit authored launch:(0.622, 0.783, 0.000) separation=0.02858895;"
2.649,970.085,178.860,201.274,37.762,-29.539,23.547,0.006,1.000,0.000,0.000,4,7.074,9.074,0.799,"Ground_Mountain_1_4:(0.611, 0.792, 0.000) separation=0.1041541;Ground_Mountain_1_4:(0.611, 0.792, 0.000) separation=0.06084752;Ground_Mountain_1_4:(0.611, 0.792, 0.000) separation=0.06080326;Ground_Mountain_1_4:(0.611, 0.792, 0.000) separation=0.104215;Ground_Mountain_1_4:(0.611, 0.792, 0.000) separation=0.1041487;Ground_Mountain_1_4:(0.611, 0.792, 0.000) separation=0.1041836;Ground_Summit authored launch:(0.624, 0.782, 0.000) separation=0.01301008;Ground_Summit authored launch:(0.624, 0.782, 0.000) separation=0.05965345;Ground_Summit authored launch:(0.624, 0.782, 0.000) separation=0.05965237;Ground_Summit authored launch:(0.624, 0.782, 0.000) separation=0.01301748;Ground_Summit authored launch:(0.624, 0.782, 0.000) separation=0.04636851;Ground_Summit authored launch:(0.624, 0.782, 0.000) separation=0.04850042;"
2.669,969.493,179.331,201.274,37.735,-29.543,23.505,0.007,1.000,0.000,0.000,2,5.868,1.559,0.801,"Ground_Mountain_1_4:(0.624, 0.782, 0.000) separation=0.107427;Ground_Mountain_1_4:(0.624, 0.782, 0.000) separation=0.0796321;Ground_Mountain_1_4:(0.624, 0.782, 0.000) separation=0.0796321;Ground_Mountain_1_4:(0.624, 0.782, 0.000) separation=0.1074315;Ground_Mountain_1_4:(0.624, 0.782, 0.000) separation=0.1074368;Ground_Mountain_1_4:(-0.133, 0.991, 0.000) separation=0.6595145;Ground_Mountain_1_4:(-0.133, 0.991, 0.000) separation=0.1119345;Ground_Mountain_1_4:(-0.133, 0.991, 0.000) separation=0.1119346;Ground_Summit authored launch:(0.626, 0.780, 0.000) separation=0.0638409;Ground_Summit authored launch:(0.626, 0.780, 0.000) separation=0.06384342;Ground_Summit authored launch:(0.626, 0.780, 0.000) separation=0.03170791;Ground_Summit authored launch:(0.626, 0.780, 0.000) separation=0.03170052;"
2.689,968.897,179.798,201.274,37.721,-29.703,23.285,0.007,1.000,0.000,0.000,2,0.665,14.126,0.807,"Ground_Mountain_1_4:(0.624, 0.782, 0.000) separation=0.1115235;Ground_Mountain_1_4:(0.624, 0.782, 0.000) separation=0.1033965;Ground_Mountain_1_4:(0.624, 0.782, 0.000) separation=0.1033965;Ground_Mountain_1_4:(0.624, 0.782, 0.000) separation=0.1115331;Ground_Mountain_1_4:(0.624, 0.782, 0.000) separation=0.1115347;Ground_Mountain_1_4:(-0.133, 0.991, 0.000) separation=0.6876356;Ground_Mountain_1_4:(-0.133, 0.991, 0.000) separation=0.1447164;Ground_Mountain_1_4:(-0.133, 0.991, 0.000) separation=0.1447164;Ground_Summit authored launch:(0.598, 0.801, 0.000) separation=0.06547713;Ground_Summit authored launch:(0.598, 0.801, 0.000) separation=0.06548145;Ground_Summit authored launch:(0.598, 0.801, 0.000) separation=0.05523399;Ground_Summit authored launch:(0.598, 0.801, 0.000) separation=0.05522615;"
2.709,968.301,180.261,201.274,37.576,-29.691,23.080,0.007,1.000,0.000,-0.001,0,0.000,1.794,0.813,"Ground_Mountain_1_4:(-0.133, 0.991, 0.000) separation=0.7229749;Ground_Mountain_1_4:(-0.133, 0.991, 0.000) separation=0.4410601;Ground_Mountain_1_4:(-0.133, 0.991, 0.000) separation=0.4407842;"
2.729,967.705,180.721,201.274,37.429,-29.679,22.875,0.007,1.000,0.000,0.000,0,0.000,1.723,0.820,""
2.749,967.109,181.176,201.275,37.280,-29.667,22.669,0.007,1.000,0.000,0.000,0,0.000,1.651,0.827,""
2.769,966.513,181.627,201.275,37.128,-29.655,22.464,0.007,1.000,0.000,-0.001,0,0.000,1.579,0.834,""
2.789,965.917,182.074,201.275,36.973,-29.643,22.259,0.007,1.000,0.000,-0.001,0,0.000,1.506,0.841,""
2.809,965.321,182.518,201.275,36.814,-29.631,22.054,0.007,1.000,0.000,-0.001,0,0.000,1.433,0.848,""
2.829,964.725,182.957,201.275,36.652,-29.620,21.849,0.007,1.000,0.000,-0.001,0,0.000,1.359,0.856,""
2.849,964.129,183.392,201.275,36.485,-29.608,21.644,0.007,1.000,0.000,-0.001,0,0.000,1.285,0.863,""
2.869,963.534,183.822,201.275,36.314,-29.596,21.439,0.007,1.000,0.000,-0.001,0,0.000,1.211,0.871,""
2.889,962.938,184.249,201.275,36.138,-29.584,21.235,0.007,1.000,0.000,-0.001,0,0.000,1.137,0.878,""
2.909,962.343,184.672,201.276,35.957,-29.572,21.030,0.007,1.000,0.000,-0.001,0,0.000,1.062,0.886,""
2.929,961.748,185.091,201.276,35.771,-29.560,20.826,0.007,1.000,0.000,-0.001,0,0.000,0.987,0.893,""
2.949,961.153,185.505,201.276,35.579,-29.549,20.621,0.007,1.000,0.000,-0.001,0,0.000,0.913,0.900,""
2.969,960.558,185.915,201.276,35.383,-29.537,20.417,0.007,1.000,0.000,-0.001,0,0.000,0.838,0.907,""
2.989,959.963,186.322,201.276,35.181,-29.525,20.213,0.007,1.000,0.000,-0.001,0,0.000,0.764,0.914,""
3.009,959.368,186.724,201.276,34.974,-29.513,20.008,0.007,1.000,0.000,-0.001,0,0.000,0.690,0.921,""
3.029,958.774,187.122,201.276,34.761,-29.501,19.804,0.007,1.000,0.000,-0.001,0,0.000,0.617,0.928,""
3.049,958.179,187.515,201.277,34.544,-29.490,19.600,0.007,1.000,0.000,-0.001,0,0.000,0.544,0.934,""
3.069,957.585,187.905,201.277,34.321,-29.478,19.396,0.007,1.000,0.000,-0.001,0,0.000,0.472,0.940,""
3.089,956.991,188.290,201.277,34.094,-29.466,19.192,0.007,1.000,0.000,-0.002,0,0.000,0.400,0.946,""
3.109,956.398,188.672,201.277,33.862,-29.454,18.989,0.007,1.000,0.000,-0.002,0,0.000,0.329,0.952,""
3.129,955.804,189.049,201.277,33.626,-29.442,18.785,0.007,1.000,0.000,-0.002,0,0.000,0.260,0.957,""
3.149,955.210,189.422,201.277,33.387,-29.431,18.581,0.007,1.000,0.000,-0.002,0,0.000,0.191,0.962,""
3.169,954.617,189.791,201.277,33.143,-29.419,18.378,0.007,1.000,0.000,-0.002,0,0.000,0.123,0.967,""
3.189,954.024,190.156,201.278,32.897,-29.407,18.174,0.007,1.000,0.000,-0.002,0,0.000,0.057,0.971,""
3.209,953.432,190.516,201.278,32.649,-29.395,17.971,0.007,1.000,0.000,-0.002,0,0.000,0.009,0.975,""
3.229,952.839,190.873,201.278,32.398,-29.384,17.767,0.007,1.000,0.000,-0.002,0,0.000,0.072,0.979,""
3.249,952.247,191.225,201.278,32.146,-29.372,17.564,0.007,1.000,0.000,-0.002,0,0.000,0.135,0.982,""
3.269,951.655,191.573,201.278,31.892,-29.360,17.361,0.007,1.000,0.000,-0.002,0,0.000,0.196,0.985,""
3.289,951.063,191.917,201.278,31.638,-29.348,17.158,0.007,1.000,0.000,-0.002,0,0.000,0.255,0.988,""
3.309,950.472,192.257,201.278,31.385,-29.337,16.955,0.007,1.000,0.000,-0.002,0,0.000,0.312,0.991,""
3.329,949.881,192.592,201.279,31.131,-29.325,16.752,0.007,1.000,0.000,-0.002,0,0.000,0.368,0.993,""
3.349,949.290,192.924,201.279,30.879,-29.313,16.549,0.007,1.000,0.000,-0.002,0,0.000,0.422,0.995,""
3.369,948.700,193.251,201.279,30.629,-29.301,16.347,0.007,1.000,0.000,-0.002,0,0.000,0.474,0.996,""
3.389,948.109,193.574,201.279,30.381,-29.290,16.144,0.007,1.000,0.000,-0.002,0,0.000,0.524,0.997,""
3.409,947.519,193.893,201.279,30.136,-29.278,15.941,0.007,1.000,0.000,-0.002,0,0.000,0.572,0.998,""
3.429,946.930,194.208,201.279,29.894,-29.266,15.739,0.007,1.000,0.000,-0.002,0,0.000,0.618,0.999,""
3.449,946.341,194.519,201.279,29.657,-29.255,15.536,0.007,1.000,0.000,-0.002,0,0.000,0.662,1.000,""
3.469,945.752,194.826,201.279,29.424,-29.243,15.334,0.007,1.000,0.000,-0.002,0,0.000,0.703,1.000,""
3.489,945.163,195.129,201.280,29.196,-29.231,15.132,0.007,1.000,0.000,-0.002,0,0.000,0.743,1.000,""
3.509,944.575,195.427,201.280,28.973,-29.219,14.930,0.007,1.000,0.000,-0.003,0,0.000,0.780,1.000,""
3.529,943.987,195.722,201.280,28.756,-29.208,14.728,0.007,1.000,0.000,-0.003,0,0.000,0.815,1.000,""
3.549,943.399,196.012,201.280,28.546,-29.196,14.526,0.007,1.000,0.000,-0.003,0,0.000,0.848,0.999,""
3.569,942.812,196.298,201.280,28.343,-29.184,14.324,0.007,1.000,0.000,-0.003,0,0.000,0.879,0.998,""
3.589,942.225,196.581,201.280,28.146,-29.173,14.122,0.007,1.000,0.000,-0.003,0,0.000,0.908,0.998,""
3.609,941.638,196.859,201.280,27.957,-29.161,13.920,0.007,1.000,0.000,-0.003,0,0.000,0.934,0.997,""
3.629,941.052,197.133,201.281,27.777,-29.149,13.718,0.007,1.000,0.000,-0.003,0,0.000,0.958,0.996,""
3.649,940.466,197.403,201.281,27.604,-29.138,13.517,0.007,1.000,0.000,-0.003,0,0.000,0.981,0.995,""
3.669,939.881,197.669,201.281,27.440,-29.126,13.315,0.007,1.000,0.000,-0.003,0,0.000,1.000,0.994,""
3.689,939.296,197.931,201.281,27.284,-29.114,13.114,0.007,1.000,0.000,-0.003,0,0.000,1.018,0.992,""
3.709,938.711,198.189,201.281,27.137,-29.103,12.912,0.007,1.000,0.000,-0.003,0,0.000,1.034,0.991,""
3.729,938.127,198.443,201.281,26.999,-29.091,12.711,0.007,1.000,0.000,-0.003,0,0.000,1.048,0.990,""
3.749,937.543,198.692,201.281,26.870,-29.079,12.510,0.007,1.000,0.000,-0.003,0,0.000,1.059,0.989,""
3.769,936.959,198.938,201.282,26.750,-29.068,12.309,0.007,1.000,0.000,-0.003,0,0.000,1.069,0.987,""
3.789,936.376,199.180,201.282,26.640,-29.056,12.108,0.007,1.000,0.000,-0.003,0,0.000,1.076,0.986,""
3.809,935.793,199.418,201.282,26.539,-29.045,11.907,0.007,1.000,0.000,-0.003,0,0.000,1.082,0.985,""
3.829,935.210,199.652,201.282,26.447,-29.033,11.706,0.007,1.000,0.000,-0.003,0,0.000,1.086,0.984,""
3.849,934.628,199.881,201.282,26.364,-29.021,11.505,0.007,1.000,0.000,-0.003,0,0.000,1.088,0.982,""
3.869,934.046,200.107,201.282,26.290,-29.010,11.304,0.007,1.000,0.000,-0.003,0,0.000,1.088,0.981,""
3.889,933.465,200.329,201.282,26.226,-28.998,11.104,0.007,1.000,0.000,-0.003,0,0.000,1.087,0.980,""
3.909,932.884,200.547,201.283,26.170,-28.987,10.903,0.007,1.000,0.000,-0.004,0,0.000,1.084,0.979,""
3.929,932.303,200.760,201.283,26.123,-28.975,10.703,0.007,1.000,0.000,-0.004,0,0.000,1.079,0.978,""
3.949,931.722,200.970,201.283,26.085,-28.963,10.502,0.007,1.000,0.000,-0.004,0,0.000,1.073,0.977,""
3.969,931.142,201.176,201.283,26.055,-28.952,10.302,0.007,1.000,0.000,-0.004,0,0.000,1.065,0.977,""
3.989,930.563,201.378,201.283,26.033,-28.940,10.102,0.007,1.000,0.000,-0.004,0,0.000,1.055,0.976,""
4.009,929.983,201.576,201.283,26.019,-28.929,9.901,0.007,1.000,0.000,-0.004,0,0.000,1.045,0.975,""
4.029,929.404,201.770,201.283,26.013,-28.917,9.701,0.007,1.000,0.000,-0.004,0,0.000,1.033,0.975,""
4.049,928.825,201.960,201.283,26.014,-28.905,9.501,0.007,1.000,0.000,-0.004,0,0.000,1.019,0.974,""
4.069,928.247,202.145,201.284,26.022,-28.894,9.301,0.007,1.000,0.000,-0.004,0,0.000,1.005,0.974,""
4.089,927.669,202.327,201.284,26.037,-28.882,9.102,0.007,1.000,0.000,-0.004,0,0.000,0.989,0.974,""
4.109,927.092,202.505,201.284,26.059,-28.871,8.902,0.007,1.000,0.000,-0.004,0,0.000,0.972,0.973,""
4.129,926.514,202.679,201.284,26.086,-28.859,8.702,0.007,1.000,0.000,-0.004,0,0.000,0.954,0.973,""
4.149,925.937,202.849,201.284,26.119,-28.848,8.503,0.007,1.000,0.000,-0.004,0,0.000,0.936,0.973,""
4.169,925.361,203.016,201.284,26.158,-28.836,8.303,0.007,1.000,0.000,-0.004,0,0.000,0.916,0.973,""
4.189,924.784,203.178,201.284,26.202,-28.825,8.104,0.007,1.000,0.000,-0.004,0,0.000,0.895,0.973,""
4.209,924.208,203.336,201.285,26.250,-28.813,7.904,0.007,1.000,0.000,-0.004,0,0.000,0.873,0.974,""
4.229,923.633,203.490,201.285,26.303,-28.802,7.705,0.007,1.000,0.000,-0.004,0,0.000,0.851,0.974,""
4.249,923.057,203.640,201.285,26.359,-28.790,7.506,0.007,1.000,0.000,-0.004,0,0.000,0.828,0.974,""
4.269,922.482,203.786,201.285,26.419,-28.779,7.307,0.007,1.000,0.000,-0.004,0,0.000,0.804,0.975,""
4.289,921.908,203.929,201.285,26.482,-28.767,7.108,0.007,1.000,0.000,-0.004,0,0.000,0.780,0.975,""
4.309,921.333,204.067,201.285,26.548,-28.756,6.909,0.007,1.000,0.000,-0.004,0,0.000,0.754,0.976,""
4.329,920.759,204.201,201.285,26.617,-28.744,6.710,0.007,1.000,0.000,-0.004,0,0.000,0.729,0.976,""
4.349,920.185,204.332,201.286,26.687,-28.733,6.511,0.007,1.000,0.000,-0.004,0,0.000,0.703,0.977,""
4.369,919.612,204.458,201.286,26.759,-28.721,6.312,0.007,1.000,0.000,-0.004,0,0.000,0.676,0.978,""
4.389,919.038,204.581,201.286,26.832,-28.710,6.114,0.007,1.000,0.000,-0.005,0,0.000,0.650,0.979,""
4.409,918.466,204.699,201.286,26.907,-28.698,5.915,0.007,1.000,0.000,-0.005,0,0.000,0.622,0.979,""
4.429,917.893,204.814,201.286,26.982,-28.687,5.717,0.007,1.000,0.000,-0.005,0,0.000,0.595,0.980,""
4.449,917.321,204.924,201.286,27.057,-28.675,5.518,0.007,1.000,0.000,-0.005,0,0.000,0.567,0.981,""
4.469,916.749,205.031,201.286,27.132,-28.664,5.320,0.007,1.000,0.000,-0.005,0,0.000,0.539,0.982,""
4.489,916.177,205.134,201.287,27.206,-28.652,5.122,0.007,1.000,0.000,-0.005,0,0.000,0.511,0.983,""
4.509,915.605,205.232,201.287,27.280,-28.641,4.923,0.007,1.000,0.000,-0.005,0,0.000,0.483,0.984,""
4.529,915.034,205.327,201.287,27.354,-28.629,4.725,0.007,1.000,0.000,-0.005,0,0.000,0.455,0.984,""
4.549,914.463,205.418,201.287,27.425,-28.618,4.527,0.007,1.000,0.000,-0.005,0,0.000,0.427,0.985,""
4.569,913.893,205.505,201.287,27.496,-28.606,4.329,0.007,1.000,0.000,-0.005,0,0.000,0.399,0.986,""
4.589,913.322,205.588,201.287,27.564,-28.595,4.131,0.007,1.000,0.000,-0.005,0,0.000,0.371,0.987,""
4.609,912.752,205.667,201.287,27.631,-28.583,3.934,0.007,1.000,0.000,-0.005,0,0.000,0.343,0.988,""
4.629,912.182,205.742,201.287,27.695,-28.572,3.736,0.007,1.000,0.000,-0.005,0,0.000,0.315,0.989,""
4.649,911.612,205.813,201.288,27.757,-28.561,3.538,0.007,1.000,0.000,-0.005,0,0.000,0.288,0.990,""
4.669,911.043,205.880,201.288,27.816,-28.549,3.341,0.007,1.000,0.000,-0.005,0,0.000,0.260,0.990,""
4.689,910.474,205.943,201.288,27.873,-28.538,3.143,0.007,1.000,0.000,-0.005,0,0.000,0.233,0.991,""
4.709,909.905,206.002,201.288,27.927,-28.526,2.946,0.007,1.000,0.000,-0.005,0,0.000,0.207,0.992,""
4.729,909.336,206.057,201.288,27.978,-28.515,2.749,0.007,1.000,0.000,-0.005,0,0.000,0.180,0.993,""
4.749,908.768,206.108,201.288,28.025,-28.504,2.551,0.007,1.000,0.000,-0.005,0,0.000,0.154,0.993,""
4.769,908.200,206.156,201.288,28.070,-28.492,2.354,0.007,1.000,0.000,-0.005,0,0.000,0.129,0.994,""
4.789,907.632,206.199,201.289,28.111,-28.481,2.157,0.007,1.000,0.000,-0.005,0,0.000,0.103,0.995,""
4.809,907.064,206.238,201.289,28.148,-28.469,1.960,0.007,1.000,0.000,-0.005,0,0.000,0.079,0.995,""
4.829,906.497,206.274,201.289,28.183,-28.458,1.763,0.007,1.000,0.000,-0.005,0,0.000,0.054,0.996,""
4.849,905.929,206.305,201.289,28.214,-28.447,1.567,0.007,1.000,0.000,-0.005,0,0.000,0.031,0.996,""
4.869,905.362,206.333,201.289,28.241,-28.435,1.370,0.007,1.000,0.000,-0.005,0,0.000,0.008,0.997,""
4.889,904.796,206.356,201.289,28.265,-28.424,1.173,0.007,1.000,0.000,-0.005,0,0.000,0.015,0.997,""
4.909,904.229,206.376,201.289,28.285,-28.412,0.977,0.007,1.000,0.000,-0.005,0,0.000,0.037,0.998,""
4.929,903.663,206.392,201.290,28.302,-28.401,0.780,0.007,1.000,0.000,-0.006,0,0.000,0.058,0.998,""
4.949,903.097,206.403,201.290,28.315,-28.390,0.584,0.007,1.000,0.000,-0.006,0,0.000,0.079,0.999,""
4.969,902.531,206.411,201.290,28.326,-28.378,0.387,0.007,1.000,0.000,-0.006,0,0.000,0.099,0.999,""
4.989,901.965,206.415,201.290,28.332,-28.367,0.191,0.007,1.000,0.000,-0.006,0,0.000,0.119,0.999,""
5.009,901.399,206.415,201.290,28.336,-28.356,-0.005,0.007,1.000,0.000,-0.006,0,0.000,0.138,0.999,""
5.029,900.834,206.411,201.290,28.336,-28.344,-0.201,0.007,1.000,0.000,-0.006,0,0.000,0.156,0.999,""
5.049,900.269,206.403,201.290,28.334,-28.333,-0.397,0.007,1.000,0.000,-0.006,0,0.000,0.173,1.000,""
5.069,899.704,206.391,201.290,28.328,-28.322,-0.593,0.007,1.000,0.000,-0.006,0,0.000,0.190,1.000,""
5.089,899.139,206.376,201.291,28.319,-28.310,-0.789,0.007,1.000,0.000,-0.006,0,0.000,0.206,1.000,""
5.109,898.575,206.356,201.291,28.308,-28.299,-0.985,0.007,1.000,0.000,-0.006,0,0.000,0.221,1.000,""
5.129,898.010,206.332,201.291,28.294,-28.288,-1.181,0.007,1.000,0.000,-0.006,0,0.000,0.235,1.000,""
5.149,897.446,206.305,201.291,28.277,-28.276,-1.376,0.007,1.000,0.000,-0.006,0,0.000,0.249,1.000,""
5.169,896.882,206.273,201.291,28.259,-28.265,-1.572,0.007,1.000,0.000,-0.006,0,0.000,0.262,1.000,""
5.189,896.318,206.238,201.291,28.237,-28.254,-1.767,0.007,1.000,0.000,-0.006,0,0.000,0.274,1.000,""
5.209,895.755,206.199,201.291,28.214,-28.242,-1.963,0.007,1.000,0.000,-0.006,0,0.000,0.286,1.000,""
5.229,895.191,206.156,201.292,28.189,-28.231,-2.158,0.007,1.000,0.000,-0.006,0,0.000,0.297,1.000,""
5.249,894.628,206.108,201.292,28.162,-28.220,-2.353,0.007,1.000,0.000,-0.006,0,0.000,0.307,1.000,""
5.269,894.065,206.057,201.292,28.133,-28.209,-2.549,0.007,1.000,0.000,-0.006,0,0.000,0.316,1.000,""
5.289,893.502,206.003,201.292,28.103,-28.197,-2.744,0.007,1.000,0.000,-0.006,0,0.000,0.325,1.000,""
5.309,892.940,205.944,201.292,28.071,-28.186,-2.939,0.007,1.000,0.000,-0.006,0,0.000,0.332,0.999,""
5.329,892.377,205.881,201.292,28.038,-28.175,-3.134,0.007,1.000,0.000,-0.006,0,0.000,0.339,0.999,""
5.349,891.815,205.814,201.292,28.004,-28.163,-3.329,0.007,1.000,0.000,-0.006,0,0.000,0.346,0.999,""
5.369,891.253,205.744,201.292,27.969,-28.152,-3.523,0.007,1.000,0.000,-0.006,0,0.000,0.352,0.999,""
5.389,890.691,205.669,201.293,27.933,-28.141,-3.718,0.007,1.000,0.000,-0.006,0,0.000,0.356,0.999,""
5.409,890.129,205.591,201.293,27.896,-28.130,-3.913,0.007,1.000,0.000,-0.006,0,0.000,0.361,0.999,""
5.429,889.568,205.509,201.293,27.859,-28.118,-4.107,0.007,1.000,0.000,-0.006,0,0.000,0.364,0.999,""
5.449,889.006,205.423,201.293,27.822,-28.107,-4.302,0.007,1.000,0.000,-0.006,0,0.000,0.367,0.998,""
5.469,888.445,205.333,201.293,27.784,-28.096,-4.496,0.007,1.000,0.000,-0.007,0,0.000,0.370,0.998,""
5.489,887.884,205.239,201.293,27.746,-28.085,-4.691,0.007,1.000,0.000,-0.007,0,0.000,0.371,0.998,""
5.509,887.323,205.141,201.293,27.708,-28.073,-4.885,0.007,1.000,0.000,-0.007,0,0.000,0.372,0.998,""
5.529,886.763,205.040,201.294,27.670,-28.062,-5.079,0.007,1.000,0.000,-0.007,0,0.000,0.373,0.998,""
5.549,886.202,204.934,201.294,27.632,-28.051,-5.273,0.007,1.000,0.000,-0.007,0,0.000,0.372,0.998,""
5.569,885.642,204.825,201.294,27.595,-28.040,-5.467,0.007,1.000,0.000,-0.007,0,0.000,0.372,0.998,""
5.589,885.082,204.712,201.294,27.558,-28.029,-5.661,0.007,1.000,0.000,-0.007,0,0.000,0.370,0.997,""
5.609,884.522,204.594,201.294,27.521,-28.017,-5.855,0.007,1.000,0.000,-0.007,0,0.000,0.368,0.997,""
5.629,883.962,204.473,201.294,27.485,-28.006,-6.049,0.007,1.000,0.000,-0.007,0,0.000,0.366,0.997,""
5.649,883.402,204.349,201.294,27.450,-27.995,-6.242,0.007,1.000,0.000,-0.007,0,0.000,0.363,0.997,""
5.669,882.843,204.220,201.295,27.416,-27.984,-6.436,0.007,1.000,0.000,-0.007,0,0.000,0.359,0.997,""
5.689,882.284,204.087,201.295,27.382,-27.973,-6.629,0.007,1.000,0.000,-0.007,0,0.000,0.356,0.997,""
5.709,881.725,203.951,201.295,27.350,-27.961,-6.823,0.007,1.000,0.000,-0.007,0,0.000,0.351,0.997,""
5.729,881.166,203.810,201.295,27.318,-27.950,-7.016,0.007,1.000,0.000,-0.007,0,0.000,0.346,0.997,""
5.749,880.607,203.666,201.295,27.287,-27.939,-7.210,0.007,1.000,0.000,-0.007,0,0.000,0.341,0.997,""
5.769,880.049,203.518,201.295,27.258,-27.928,-7.403,0.007,1.000,0.000,-0.007,0,0.000,0.335,0.997,""
5.789,879.491,203.366,201.295,27.230,-27.917,-7.596,0.007,1.000,0.000,-0.007,0,0.000,0.329,0.997,""
5.809,878.932,203.210,201.296,27.203,-27.905,-7.789,0.007,1.000,0.000,-0.007,0,0.000,0.323,0.997,""
5.829,878.375,203.051,201.296,27.177,-27.894,-7.982,0.007,1.000,0.000,-0.007,0,0.000,0.316,0.997,""
5.849,877.817,202.887,201.296,27.153,-27.883,-8.175,0.007,1.000,0.000,-0.007,0,0.000,0.309,0.997,""
5.869,877.259,202.720,201.296,27.130,-27.872,-8.368,0.007,1.000,0.000,-0.007,0,0.000,0.302,0.997,""
5.889,876.702,202.549,201.296,27.108,-27.861,-8.561,0.007,1.000,0.000,-0.007,0,0.000,0.294,0.997,""
5.909,876.145,202.374,201.296,27.088,-27.850,-8.753,0.007,1.000,0.000,-0.007,0,0.000,0.286,0.997,""
5.929,875.588,202.195,201.296,27.069,-27.839,-8.946,0.007,1.000,0.000,-0.007,0,0.000,0.278,0.997,""
5.949,875.031,202.012,201.296,27.051,-27.827,-9.139,0.007,1.000,0.000,-0.007,0,0.000,0.270,0.997,""
5.969,874.475,201.825,201.297,27.035,-27.816,-9.331,0.007,1.000,0.000,-0.007,0,0.000,0.261,0.997,""
5.989,873.918,201.635,201.297,27.020,-27.805,-9.523,0.007,1.000,0.000,-0.007,0,0.000,0.252,0.997,""
6.009,873.362,201.441,201.297,27.007,-27.794,-9.716,0.007,1.000,0.000,-0.007,0,0.000,0.243,0.997,""
6.029,872.806,201.243,201.297,26.995,-27.783,-9.908,0.007,1.000,0.000,-0.007,0,0.000,0.234,0.997,""
6.049,872.250,201.041,201.297,26.985,-27.772,-10.100,0.007,1.000,0.000,-0.008,0,0.000,0.225,0.997,""
6.069,871.695,200.835,201.297,26.976,-27.761,-10.292,0.007,1.000,0.000,-0.008,0,0.000,0.215,0.998,""
6.089,871.139,200.625,201.297,26.969,-27.750,-10.484,0.007,1.000,0.000,-0.008,0,0.000,0.206,0.998,""
6.109,870.584,200.412,201.298,26.963,-27.739,-10.676,0.007,1.000,0.000,-0.008,0,0.000,0.196,0.998,""
6.129,870.029,200.194,201.298,26.958,-27.727,-10.868,0.007,1.000,0.000,-0.008,0,0.000,0.187,0.998,""
6.149,869.475,199.973,201.298,26.955,-27.716,-11.060,0.007,1.000,0.000,-0.008,0,0.000,0.177,0.998,""
6.169,868.920,199.748,201.298,26.952,-27.705,-11.251,0.007,1.000,0.000,-0.008,0,0.000,0.167,0.998,""
6.189,868.366,199.519,201.298,26.952,-27.694,-11.443,0.007,1.000,0.000,-0.008,0,0.000,0.158,0.998,""
6.209,867.811,199.287,201.298,26.952,-27.683,-11.635,0.007,1.000,0.000,-0.008,0,0.000,0.148,0.998,""
6.229,867.257,199.050,201.298,26.954,-27.672,-11.826,0.007,1.000,0.000,-0.008,0,0.000,0.138,0.998,""
6.249,866.704,198.810,201.299,26.957,-27.661,-12.017,0.007,1.000,0.000,-0.008,0,0.000,0.129,0.998,""
6.269,866.150,198.566,201.299,26.961,-27.650,-12.209,0.007,1.000,0.000,-0.008,0,0.000,0.119,0.999,""
6.289,865.597,198.318,201.299,26.966,-27.639,-12.400,0.007,1.000,0.000,-0.008,0,0.000,0.109,0.999,""
6.309,865.044,198.066,201.299,26.973,-27.628,-12.591,0.007,1.000,0.000,-0.008,0,0.000,0.100,0.999,""
6.329,864.491,197.810,201.299,26.980,-27.617,-12.782,0.007,1.000,0.000,-0.008,0,0.000,0.090,0.999,""
6.349,863.938,197.551,201.299,26.988,-27.606,-12.973,0.007,1.000,0.000,-0.008,0,0.000,0.081,0.999,""
6.369,863.386,197.288,201.299,26.998,-27.595,-13.164,0.007,1.000,0.000,-0.008,0,0.000,0.072,0.999,""
6.389,862.834,197.021,201.300,27.008,-27.584,-13.355,0.007,1.000,0.000,-0.008,0,0.000,0.063,0.999,""
6.409,862.282,196.750,201.300,27.019,-27.573,-13.546,0.007,1.000,0.000,-0.008,0,0.000,0.054,0.999,""
6.429,861.730,196.475,201.300,27.031,-27.562,-13.737,0.007,1.000,0.000,-0.008,0,0.000,0.045,0.999,""
6.449,861.178,196.196,201.300,27.044,-27.551,-13.927,0.007,1.000,0.000,-0.008,0,0.000,0.036,0.999,""
6.469,860.627,195.914,201.300,27.057,-27.539,-14.118,0.007,1.000,0.000,-0.008,0,0.000,0.028,0.999,""
6.489,860.076,195.628,201.300,27.071,-27.528,-14.308,0.007,1.000,0.000,-0.008,0,0.000,0.019,1.000,""
6.509,859.525,195.338,201.300,27.086,-27.517,-14.499,0.007,1.000,0.000,-0.008,0,0.000,0.011,1.000,""
6.529,858.974,195.044,201.300,27.101,-27.506,-14.689,0.007,1.000,0.000,-0.008,0,0.000,0.003,1.000,""
6.549,858.424,194.747,201.301,27.117,-27.495,-14.879,0.007,1.000,0.000,-0.008,0,0.000,0.004,1.000,""
6.569,857.873,194.445,201.301,27.133,-27.484,-15.069,0.007,1.000,0.000,-0.008,0,0.000,0.012,1.000,""
6.589,857.323,194.140,201.301,27.150,-27.473,-15.259,0.007,1.000,0.000,-0.008,0,0.000,0.019,1.000,""
6.609,856.773,193.831,201.301,27.167,-27.462,-15.449,0.007,1.000,0.000,-0.008,0,0.000,0.027,1.000,""
6.629,856.224,193.518,201.301,27.184,-27.451,-15.639,0.007,1.000,0.000,-0.008,0,0.000,0.033,1.000,""
6.649,855.674,193.202,201.301,27.202,-27.440,-15.829,0.007,1.000,0.000,-0.008,0,0.000,0.040,1.000,""
6.669,855.125,192.881,201.301,27.220,-27.430,-16.019,0.007,1.000,0.000,-0.009,0,0.000,0.047,1.000,""
6.689,854.576,192.557,201.302,27.238,-27.419,-16.209,0.007,1.000,0.000,-0.009,0,0.000,0.053,1.000,""
6.709,854.028,192.229,201.302,27.256,-27.408,-16.398,0.007,1.000,0.000,-0.009,0,0.000,0.059,1.000,""
6.729,853.479,191.897,201.302,27.274,-27.397,-16.588,0.007,1.000,0.000,-0.009,0,0.000,0.064,1.000,""
6.749,852.931,191.562,201.302,27.292,-27.386,-16.777,0.007,1.000,0.000,-0.009,0,0.000,0.070,1.000,""
6.769,852.383,191.223,201.302,27.310,-27.375,-16.967,0.007,1.000,0.000,-0.009,0,0.000,0.075,1.000,""
6.789,851.835,190.879,201.302,27.328,-27.364,-17.156,0.007,1.000,0.000,-0.009,0,0.000,0.080,1.000,""
6.809,851.288,190.533,201.302,27.346,-27.353,-17.345,0.007,1.000,0.000,-0.009,0,0.000,0.085,1.000,""
6.829,850.741,190.182,201.303,27.364,-27.342,-17.535,0.007,1.000,0.000,-0.009,0,0.000,0.089,1.000,""
6.849,850.193,189.827,201.303,27.381,-27.331,-17.724,0.007,1.000,0.000,-0.009,0,0.000,0.094,1.000,""
6.869,849.647,189.469,201.303,27.398,-27.320,-17.913,0.007,1.000,0.000,-0.009,0,0.000,0.097,1.000,""
6.889,849.100,189.107,201.303,27.415,-27.309,-18.102,0.007,1.000,0.000,-0.009,0,0.000,0.101,1.000,""
6.909,848.554,188.741,201.303,27.432,-27.298,-18.291,0.007,1.000,0.000,-0.009,0,0.000,0.105,1.000,""
6.929,848.008,188.372,201.303,27.448,-27.287,-18.479,0.007,1.000,0.000,-0.009,0,0.000,0.108,1.000,""
6.949,847.462,187.998,201.303,27.464,-27.276,-18.668,0.007,1.000,0.000,-0.009,0,0.000,0.111,1.000,""
6.969,846.916,187.621,201.304,27.479,-27.265,-18.857,0.007,1.000,0.000,-0.009,0,0.000,0.113,1.000,""
6.989,846.371,187.240,201.304,27.494,-27.254,-19.045,0.007,1.000,0.000,-0.009,0,0.000,0.116,1.000,""
7.009,845.825,186.856,201.304,27.508,-27.244,-19.234,0.006,1.000,0.000,-0.009,0,0.000,0.118,1.000,""
7.029,845.280,186.467,201.304,27.522,-27.233,-19.422,0.006,1.000,0.000,-0.009,0,0.000,0.120,1.000,""
7.049,844.736,186.075,201.304,27.535,-27.222,-19.611,0.006,1.000,0.000,-0.009,0,0.000,0.122,1.000,""
7.069,844.191,185.679,201.304,27.547,-27.211,-19.799,0.006,1.000,0.000,-0.009,0,0.000,0.123,1.000,""
7.089,843.647,185.279,201.304,27.559,-27.200,-19.987,0.006,1.000,0.000,-0.009,0,0.000,0.125,1.000,""
7.109,843.103,184.876,201.304,27.570,-27.189,-20.175,0.006,1.000,0.000,-0.009,0,0.000,0.126,1.000,""
7.129,842.559,184.468,201.305,27.580,-27.178,-20.363,0.006,1.000,0.000,-0.009,0,0.000,0.126,1.000,""
7.149,842.015,184.057,201.305,27.590,-27.167,-20.551,0.006,1.000,0.000,-0.009,0,0.000,0.127,1.000,""
7.169,841.472,183.643,201.305,27.598,-27.157,-20.739,0.006,1.000,0.000,-0.009,0,0.000,0.127,1.000,""
7.189,840.929,183.224,201.305,27.606,-27.146,-20.927,0.006,1.000,0.000,-0.009,0,0.000,0.127,1.000,""
7.209,840.386,182.802,201.305,27.613,-27.135,-21.115,0.006,1.000,0.000,-0.009,0,0.000,0.127,1.000,""
7.229,839.843,182.376,201.305,27.619,-27.124,-21.302,0.006,1.000,0.000,-0.009,0,0.000,0.127,1.000,""
7.249,839.301,181.946,201.305,27.625,-27.113,-21.490,0.006,1.000,0.000,-0.009,0,0.000,0.127,1.000,""
7.269,838.759,181.512,201.305,27.629,-27.102,-21.678,0.006,1.000,0.000,-0.009,0,0.000,0.126,1.000,""
7.289,838.217,181.075,201.306,27.632,-27.091,-21.865,0.006,1.000,0.000,-0.009,0,0.000,0.125,1.000,""
7.309,837.675,180.634,201.306,27.635,-27.081,-22.052,0.006,1.000,0.000,-0.009,0,0.000,0.124,1.000,""
7.329,837.134,180.189,201.306,27.637,-27.070,-22.240,0.006,1.000,0.000,-0.009,0,0.000,0.123,1.000,""
7.349,836.592,179.741,201.306,27.637,-27.059,-22.427,0.006,1.000,0.000,-0.009,0,0.000,0.122,1.000,""
7.369,836.051,179.288,201.306,27.637,-27.048,-22.614,0.006,1.000,0.000,-0.010,0,0.000,0.120,1.000,""
7.389,835.510,178.832,201.306,27.636,-27.037,-22.801,0.006,1.000,0.000,-0.010,0,0.000,0.119,1.000,""
7.409,834.970,178.373,201.306,27.633,-27.026,-22.988,0.006,1.000,0.000,-0.010,0,0.000,0.117,1.000,""
7.429,834.430,177.909,201.306,27.630,-27.016,-23.175,0.006,1.000,0.000,-0.010,0,0.000,0.115,1.000,""
7.449,833.889,177.442,201.307,27.626,-27.005,-23.362,0.006,1.000,0.000,-0.010,0,0.000,0.113,1.000,""
7.469,833.350,176.971,201.307,27.621,-26.994,-23.549,0.006,1.000,0.000,-0.010,0,0.000,0.111,1.000,""
7.489,832.810,176.496,201.307,27.615,-26.983,-23.735,0.006,1.000,0.000,-0.010,0,0.000,0.108,1.000,""
7.509,832.270,176.018,201.307,27.607,-26.972,-23.922,0.006,1.000,0.000,-0.010,0,0.000,0.106,1.000,""
7.529,831.731,175.536,201.307,27.599,-26.962,-24.109,0.006,1.000,0.000,-0.010,0,0.000,0.103,1.000,""
7.549,831.192,175.050,201.307,27.590,-26.951,-24.295,0.006,1.000,0.000,-0.010,0,0.000,0.101,1.000,""
7.569,830.654,174.560,201.307,27.580,-26.940,-24.481,0.006,1.000,0.000,-0.010,0,0.000,0.098,1.000,""
7.589,830.115,174.067,201.307,27.569,-26.929,-24.668,0.006,1.000,0.000,-0.010,0,0.000,0.095,1.000,""
7.609,829.577,173.570,201.308,27.557,-26.919,-24.854,0.006,1.000,0.000,-0.010,0,0.000,0.092,1.000,""
7.629,829.039,173.069,201.308,27.544,-26.908,-25.040,0.006,1.000,0.000,-0.010,0,0.000,0.089,1.000,""
7.649,828.501,172.564,201.308,27.530,-26.897,-25.226,0.006,1.000,0.000,-0.010,0,0.000,0.086,1.000,""
7.669,827.963,172.056,201.308,27.515,-26.886,-25.412,0.006,1.000,0.000,-0.010,0,0.000,0.083,1.000,""
7.689,827.426,171.544,201.308,27.500,-26.876,-25.598,0.006,1.000,0.000,-0.010,0,0.000,0.080,1.000,""
7.709,826.889,171.028,201.308,27.483,-26.865,-25.784,0.006,1.000,0.000,-0.010,0,0.000,0.077,1.000,""
7.729,826.352,170.509,201.308,27.466,-26.854,-25.970,0.006,1.000,0.000,-0.010,0,0.000,0.074,1.000,""
7.749,825.815,169.986,201.308,27.448,-26.843,-26.156,0.006,1.000,0.000,-0.010,0,0.000,0.071,1.000,""
7.769,825.278,169.459,201.309,27.429,-26.833,-26.341,0.006,1.000,0.000,-0.010,0,0.000,0.067,1.000,""
7.789,824.742,168.929,201.309,27.409,-26.822,-26.527,0.006,1.000,0.000,-0.010,0,0.000,0.064,1.000,""
7.809,824.206,168.394,201.309,27.388,-26.811,-26.712,0.006,1.000,0.000,-0.010,0,0.000,0.061,1.000,""
7.829,823.670,167.856,201.309,27.367,-26.800,-26.898,0.006,1.000,0.000,-0.010,0,0.000,0.057,1.000,""
7.849,823.135,167.315,201.309,27.345,-26.790,-27.083,0.006,1.000,0.000,-0.010,0,0.000,0.054,1.000,""
7.869,822.599,166.769,201.309,27.322,-26.779,-27.269,0.006,1.000,0.000,-0.010,0,0.000,0.051,1.000,""
7.889,822.064,166.220,201.309,27.298,-26.768,-27.454,0.006,1.000,0.000,-0.010,0,0.000,0.047,1.000,""
7.909,821.529,165.667,201.309,27.274,-26.757,-27.639,0.006,1.000,0.000,-0.010,0,0.000,0.044,1.000,""
7.929,820.994,165.111,201.309,27.249,-26.747,-27.824,0.006,1.000,0.000,-0.010,0,0.000,0.041,1.000,""
7.949,820.460,164.551,201.310,27.224,-26.736,-28.009,0.006,1.000,0.000,-0.010,0,0.000,0.038,1.000,""
7.969,819.925,163.987,201.310,27.198,-26.725,-28.194,0.006,1.000,0.000,-0.010,0,0.000,0.034,1.000,""
7.989,819.391,163.419,201.310,27.172,-26.715,-28.379,0.006,1.000,0.000,-0.010,0,0.000,0.031,1.000,""
8.009,818.857,162.848,201.310,27.145,-26.704,-28.563,0.006,1.000,0.000,-0.010,0,0.000,0.028,1.000,""
8.029,818.324,162.273,201.310,27.118,-26.693,-28.748,0.006,1.000,0.000,-0.010,0,0.000,0.025,1.000,""
8.049,817.790,161.694,201.310,27.090,-26.683,-28.933,0.006,1.000,0.000,-0.010,0,0.000,0.022,1.000,""
8.069,817.257,161.112,201.310,27.062,-26.672,-29.117,0.006,1.000,0.000,-0.010,0,0.000,0.019,1.000,""
8.089,816.724,160.526,201.310,27.033,-26.661,-29.302,0.006,1.000,0.000,-0.010,0,0.000,0.015,1.000,""
8.109,816.191,159.936,201.311,27.004,-26.651,-29.486,0.006,1.000,0.000,-0.010,0,0.000,0.013,1.000,""
8.129,815.659,159.343,201.311,26.975,-26.640,-29.671,0.006,1.000,0.000,-0.011,0,0.000,0.010,1.000,""
8.149,815.126,158.746,201.311,26.945,-26.629,-29.855,0.006,1.000,0.000,-0.011,0,0.000,0.007,1.000,""
8.169,814.594,158.145,201.311,26.916,-26.619,-30.039,0.006,1.000,0.000,-0.011,0,0.000,0.004,1.000,""
8.189,814.062,157.541,201.311,26.886,-26.608,-30.223,0.006,1.000,0.000,-0.011,0,0.000,0.001,1.000,""
8.209,813.530,156.932,201.311,26.856,-26.597,-30.407,0.006,1.000,0.000,-0.011,0,0.000,0.001,1.000,""
8.229,812.999,156.321,201.311,26.826,-26.587,-30.591,0.006,1.000,0.000,-0.011,0,0.000,0.004,1.000,""
8.249,812.468,155.705,201.311,26.795,-26.576,-30.775,0.006,1.000,0.000,-0.011,0,0.000,0.007,1.000,""
8.269,811.936,155.086,201.312,26.765,-26.565,-30.959,0.006,1.000,0.000,-0.011,0,0.000,0.009,1.000,""
8.289,811.406,154.463,201.312,26.735,-26.555,-31.143,0.006,1.000,0.000,-0.011,0,0.000,0.011,1.000,""
8.309,810.875,153.837,201.312,26.704,-26.544,-31.326,0.006,1.000,0.000,-0.011,0,0.000,0.014,1.000,""
8.329,810.344,153.206,201.312,26.674,-26.534,-31.510,0.006,1.000,0.000,-0.011,0,0.000,0.016,1.000,""
8.349,809.799,152.663,201.310,27.798,-26.783,-27.140,0.001,1.000,0.000,-0.011,0,0.000,0.018,0.999,"Ground_Mountain_0_4:(-0.057, 0.998, -0.001) separation=0.5831335;Ground_Mountain_0_4:(-0.057, 0.998, -0.001) separation=0.6948174;Ground_Mountain_0_4:(-0.057, 0.998, -0.001) separation=0.5980388;Ground_Mountain_0_4:(-0.057, 0.998, -0.001) separation=0.7151139;Ground_Mountain_0_4:(-0.057, 0.998, -0.001) separation=0.5837406;Ground_Mountain_0_4:(-0.057, 0.998, -0.001) separation=0.5837781;"
8.369,809.235,152.528,201.313,28.341,-28.029,-6.754,-0.005,1.000,0.000,-0.010,4,45.000,10.118,0.999,"Ground_Mountain_0_4:(-0.053, 0.999, 0.002) separation=0.1219034;Ground_Mountain_0_4:(-0.053, 0.999, 0.002) separation=0.1215306;Ground_Mountain_0_4:(-0.053, 0.999, 0.002) separation=0.1170754;Ground_Mountain_0_4:(-0.053, 0.999, 0.002) separation=0.1634472;Ground_Mountain_0_4:(-0.053, 0.999, 0.002) separation=0.1221757;Ground_Mountain_0_4:(-0.053, 0.999, 0.002) separation=0.122179;"
8.389,808.683,152.490,201.320,27.660,-27.600,-1.889,0.057,1.000,0.000,-0.011,4,45.000,5.561,0.998,"Ground_Mountain_0_4:(-0.047, 0.999, 0.010) separation=0.03136367;Ground_Mountain_0_4:(-0.047, 0.999, 0.010) separation=-0.005041854;Ground_Mountain_0_4:(-0.047, 0.999, 0.010) separation=0.03299526;Ground_Mountain_0_4:(-0.047, 0.999, 0.010) separation=0.02978818;Ground_Mountain_0_4:(-0.047, 0.999, 0.010) separation=0.02788749;Ground_Mountain_0_4:(-0.047, 0.999, 0.010) separation=0.0290795;"
8.409,808.131,152.471,201.323,27.720,-27.702,-1.014,0.076,1.000,0.000,-0.010,4,27.716,5.045,0.999,"Ground_Mountain_0_4:(-0.033, 0.999, 0.024) separation=0.0131348;Ground_Mountain_0_4:(-0.033, 0.999, 0.024) separation=-0.0129025;Ground_Mountain_0_4:(-0.033, 0.999, 0.024) separation=0.03227047;Ground_Mountain_0_4:(-0.033, 0.999, 0.024) separation=-0.003092192;Ground_Mountain_0_4:(-0.033, 0.999, 0.024) separation=-0.003375471;Ground_Mountain_0_4:(-0.033, 0.999, 0.024) separation=-0.001471221;Ground_Mountain_0_4:(-0.026, 0.999, 0.031) separation=0.03710094;"
8.429,807.574,152.456,201.325,27.890,-27.882,-0.778,0.087,1.000,0.000,-0.010,4,21.909,0.416,0.999,"Ground_Mountain_0_4:(-0.030, 0.999, 0.028) separation=0.01017283;Ground_Mountain_0_4:(-0.030, 0.999, 0.028) separation=-0.00661728;Ground_Mountain_0_4:(-0.030, 0.999, 0.028) separation=0.03520263;Ground_Mountain_0_4:(-0.030, 0.999, 0.028) separation=-0.004552506;Ground_Mountain_0_4:(-0.030, 0.999, 0.028) separation=-0.005936503;Ground_Mountain_0_4:(-0.030, 0.999, 0.028) separation=-0.004618645;"
8.449,807.014,152.445,201.327,28.059,-28.059,-0.572,0.096,1.000,0.000,-0.011,4,20.379,0.407,0.999,"Ground_Mountain_0_4:(-0.030, 0.999, 0.028) separation=0.01730203;Ground_Mountain_0_4:(-0.030, 0.999, 0.028) separation=-0.003438881;Ground_Mountain_0_4:(-0.030, 0.999, 0.028) separation=0.03290455;Ground_Mountain_0_4:(-0.030, 0.999, 0.028) separation=-0.002915075;Ground_Mountain_0_4:(-0.030, 0.999, 0.028) separation=-0.003028214;Ground_Mountain_0_4:(-0.030, 0.999, 0.028) separation=-0.002933502;"
8.469,806.450,152.437,201.329,28.226,-28.232,-0.398,0.102,1.000,0.000,-0.010,4,18.743,0.239,0.999,"Ground_Mountain_0_4:(-0.030, 0.999, 0.028) separation=0.02993887;Ground_Mountain_0_4:(-0.030, 0.999, 0.028) separation=0.001986059;Ground_Mountain_0_4:(-0.030, 0.999, 0.028) separation=0.03478409;Ground_Mountain_0_4:(-0.030, 0.999, 0.028) separation=0.002198642;Ground_Mountain_0_4:(-0.030, 0.999, 0.028) separation=0.002191633;Ground_Mountain_0_4:(-0.030, 0.999, 0.028) separation=0.003636122;"
8.489,805.882,152.431,201.332,28.392,-28.402,-0.254,0.103,1.000,0.000,-0.009,4,17.246,0.259,0.999,"Ground_Mountain_0_4:(-0.026, 0.999, 0.031) separation=0.03957086;Ground_Mountain_0_4:(-0.026, 0.999, 0.031) separation=0.01091309;Ground_Mountain_0_4:(-0.026, 0.999, 0.031) separation=0.03993868;Ground_Mountain_0_4:(-0.026, 0.999, 0.031) separation=0.01081475;Ground_Mountain_0_4:(-0.026, 0.999, 0.031) separation=0.01081789;Ground_Mountain_0_4:(-0.026, 0.999, 0.031) separation=0.01090506;"
8.509,805.311,152.429,201.334,28.557,-28.570,-0.139,0.101,1.000,0.000,-0.008,4,15.785,0.268,0.999,"Ground_Mountain_0_4:(-0.026, 0.999, 0.031) separation=0.04728202;Ground_Mountain_0_4:(-0.026, 0.999, 0.031) separation=0.02266471;Ground_Mountain_0_4:(-0.026, 0.999, 0.031) separation=0.04784277;Ground_Mountain_0_4:(-0.026, 0.999, 0.031) separation=0.02231268;Ground_Mountain_0_4:(-0.026, 0.999, 0.031) separation=0.02232409;Ground_Mountain_0_4:(-0.026, 0.999, 0.031) separation=0.02250129;"
8.529,804.737,152.428,201.336,28.720,-28.735,-0.051,0.094,1.000,0.000,-0.006,4,14.384,0.270,0.999,"Ground_Mountain_0_4:(-0.026, 0.999, 0.031) separation=0.0575427;Ground_Mountain_0_4:(-0.026, 0.999, 0.031) separation=0.03666072;Ground_Mountain_0_4:(-0.026, 0.999, 0.031) separation=0.05819255;Ground_Mountain_0_4:(-0.026, 0.999, 0.031) separation=0.03611147;Ground_Mountain_0_4:(-0.026, 0.999, 0.031) separation=0.0361298;Ground_Mountain_0_4:(-0.026, 0.999, 0.031) separation=0.0361869;"
8.549,804.159,152.428,201.337,28.882,-28.898,0.010,0.085,1.000,0.000,-0.005,4,13.066,0.264,0.999,"Ground_Mountain_0_4:(-0.026, 0.999, 0.031) separation=0.06977902;Ground_Mountain_0_4:(-0.026, 0.999, 0.031) separation=0.05232653;Ground_Mountain_0_4:(-0.026, 0.999, 0.031) separation=0.07048155;Ground_Mountain_0_4:(-0.026, 0.999, 0.031) separation=0.05163506;Ground_Mountain_0_4:(-0.026, 0.999, 0.031) separation=0.0516589;Ground_Mountain_0_4:(-0.026, 0.999, 0.031) separation=0.05455506;"
8.569,803.578,152.429,201.339,29.043,-29.058,0.047,0.072,1.000,0.000,-0.003,4,11.850,0.253,0.999,"Ground_Mountain_0_4:(-0.026, 0.999, 0.031) separation=0.08340891;Ground_Mountain_0_4:(-0.026, 0.999, 0.031) separation=0.06913034;Ground_Mountain_0_4:(-0.026, 0.999, 0.031) separation=0.08421789;Ground_Mountain_0_4:(-0.026, 0.999, 0.031) separation=0.06832177;Ground_Mountain_0_4:(-0.026, 0.999, 0.031) separation=0.06834942;Ground_Mountain_0_4:(-0.026, 0.999, 0.031) separation=0.06890473;"
8.589,802.994,152.430,201.340,29.202,-29.217,0.062,0.059,1.000,0.000,-0.002,4,10.748,0.238,0.999,"Ground_Mountain_0_4:(-0.026, 0.999, 0.031) separation=0.0980116;Ground_Mountain_0_4:(-0.026, 0.999, 0.031) separation=0.0865648;Ground_Mountain_0_4:(-0.026, 0.999, 0.031) separation=0.09890123;Ground_Mountain_0_4:(-0.026, 0.999, 0.031) separation=0.08568225;Ground_Mountain_0_4:(-0.026, 0.999, 0.031) separation=0.08571294;Ground_Mountain_0_4:(-0.026, 0.999, 0.031) separation=0.08596727;"
8.609,802.407,152.431,201.341,29.359,-29.374,0.057,0.044,1.000,0.000,-0.001,4,9.769,0.220,0.999,"Ground_Mountain_0_4:(-0.026, 0.999, 0.031) separation=0.1131568;Ground_Mountain_0_4:(-0.026, 0.999, 0.031) separation=0.1041933;Ground_Mountain_0_4:(-0.026, 0.999, 0.031) separation=0.1140837;Ground_Mountain_0_4:(-0.026, 0.999, 0.031) separation=0.1032677;Ground_Mountain_0_4:(-0.026, 0.999, 0.031) separation=0.1033;Ground_Mountain_0_4:(-0.026, 0.999, 0.031) separation=0.1037733;"
8.629,801.817,152.432,201.341,29.516,-29.529,0.036,0.029,1.000,0.000,0.000,4,8.921,0.201,0.999,"Ground_Mountain_0_4:(-0.026, 0.999, 0.031) separation=0.1284641;Ground_Mountain_0_4:(-0.026, 0.999, 0.031) separation=0.1216554;Ground_Mountain_0_4:(-0.026, 0.999, 0.031) separation=0.1294123;Ground_Mountain_0_4:(-0.026, 0.999, 0.031) separation=0.1207076;Ground_Mountain_0_4:(-0.026, 0.999, 0.031) separation=0.1207402;Ground_Mountain_0_4:(-0.026, 0.999, 0.031) separation=0.121554;"
8.649,801.223,152.432,201.342,29.671,-29.682,0.000,0.015,1.000,0.000,0.001,4,8.205,0.181,0.999,"Ground_Mountain_0_4:(-0.026, 0.999, 0.031) separation=0.1435644;Ground_Mountain_0_4:(-0.026, 0.999, 0.031) separation=0.1386011;Ground_Mountain_0_4:(-0.026, 0.999, 0.031) separation=0.1445115;Ground_Mountain_0_4:(-0.026, 0.999, 0.031) separation=0.137654;Ground_Mountain_0_4:(-0.026, 0.999, 0.031) separation=0.1376864;Ground_Mountain_0_4:(-0.026, 0.999, 0.031) separation=0.1381133;"
8.669,800.627,152.431,201.342,29.824,-29.834,-0.048,0.002,1.000,0.000,0.001,4,7.619,0.161,0.999,"Ground_Mountain_0_4:(-0.026, 0.999, 0.031) separation=0.1581427;Ground_Mountain_0_4:(-0.026, 0.999, 0.031) separation=0.1547409;Ground_Mountain_0_4:(-0.026, 0.999, 0.031) separation=0.159077;Ground_Mountain_0_4:(-0.026, 0.999, 0.031) separation=0.1538066;Ground_Mountain_0_4:(-0.026, 0.999, 0.031) separation=0.1538379;Ground_Mountain_0_4:(-0.026, 0.999, 0.031) separation=0.1538759;"
8.689,800.027,152.429,201.341,29.977,-29.985,-0.104,-0.010,1.000,0.000,0.002,4,7.161,0.141,0.999,"Ground_720_400:(-0.026, 0.999, 0.031) separation=0.1696739;Ground_720_400:(-0.026, 0.999, 0.031) separation=0.1698824;Ground_720_400:(-0.026, 0.999, 0.031) separation=0.1705745;Ground_720_400:(-0.026, 0.999, 0.031) separation=0.1689856;Ground_720_400:(-0.026, 0.999, 0.031) separation=0.1690161;Ground_720_400:(-0.026, 0.999, 0.031) separation=0.1693074;Ground_Mountain_0_4:(-0.026, 0.999, 0.031) separation=0.1720065;Ground_Mountain_0_4:(-0.026, 0.999, 0.031) separation=0.17057;Ground_Mountain_0_4:(-0.026, 0.999, 0.031) separation=0.1729063;Ground_Mountain_0_4:(-0.026, 0.999, 0.031) separation=0.1696746;Ground_Mountain_0_4:(-0.026, 0.999, 0.031) separation=0.169705;Ground_Mountain_0_4:(-0.026, 0.999, 0.031) separation=0.172041;"
8.709,799.424,152.426,201.341,30.128,-30.134,-0.168,-0.021,1.000,0.000,0.002,4,6.824,0.122,0.999,"Ground_Mountain_0_4:(-0.026, 0.999, 0.031) separation=0.1849134;Ground_Mountain_0_4:(-0.026, 0.999, 0.031) separation=0.1847675;Ground_Mountain_0_4:(-0.026, 0.999, 0.031) separation=0.1857668;Ground_Mountain_0_4:(-0.026, 0.999, 0.031) separation=0.1839263;Ground_Mountain_0_4:(-0.026, 0.999, 0.031) separation=0.1839568;Ground_Mountain_0_4:(-0.026, 0.999, 0.031) separation=0.1849466;Ground_720_400:(-0.026, 0.999, 0.031) separation=0.1839263;Ground_720_400:(-0.026, 0.999, 0.031) separation=0.1838416;Ground_720_400:(-0.026, 0.999, 0.031) separation=0.1847583;Ground_720_400:(-0.026, 0.999, 0.031) separation=0.1829937;Ground_720_400:(-0.026, 0.999, 0.031) separation=0.1830222;Ground_720_400:(-0.026, 0.999, 0.031) separation=0.1830654;"
8.729,798.819,152.421,201.340,30.279,-30.283,-0.236,-0.030,1.000,0.000,0.002,4,6.597,0.104,0.999,"Ground_Mountain_0_4:(-0.026, 0.999, 0.031) separation=0.1967042;Ground_Mountain_0_4:(-0.026, 0.999, 0.031) separation=0.1972471;Ground_Mountain_0_4:(-0.026, 0.999, 0.031) separation=0.1975079;Ground_Mountain_0_4:(-0.026, 0.999, 0.031) separation=0.1964402;Ground_Mountain_0_4:(-0.026, 0.999, 0.031) separation=0.1964691;Ground_Mountain_0_4:(-0.026, 0.999, 0.031) separation=0.1967343;Ground_720_400:(-0.026, 0.999, 0.031) separation=0.1964394;Ground_720_400:(-0.026, 0.999, 0.031) separation=0.1964825;Ground_720_400:(-0.026, 0.999, 0.031) separation=0.1972516;Ground_720_400:(-0.026, 0.999, 0.031) separation=0.1956736;Ground_720_400:(-0.026, 0.999, 0.031) separation=0.1956995;Ground_720_400:(-0.026, 0.999, 0.031) separation=0.1958432;"
8.749,798.210,152.415,201.340,30.428,-30.430,-0.306,-0.037,1.000,0.000,0.002,4,6.473,0.088,0.999,"Ground_Mountain_0_4:(-0.026, 0.999, 0.031) separation=0.2073218;Ground_Mountain_0_4:(-0.026, 0.999, 0.031) separation=0.2080834;Ground_Mountain_0_4:(-0.026, 0.999, 0.031) separation=0.2080844;Ground_Mountain_0_4:(-0.026, 0.999, 0.031) separation=0.2073213;Ground_Mountain_0_4:(-0.026, 0.999, 0.031) separation=0.2073486;Ground_Mountain_0_4:(-0.026, 0.999, 0.031) separation=0.2073492;Ground_720_400:(-0.026, 0.999, 0.031) separation=0.2073217;Ground_720_400:(-0.026, 0.999, 0.031) separation=0.2077795;Ground_720_400:(-0.026, 0.999, 0.031) separation=0.208088;Ground_720_400:(-0.026, 0.999, 0.031) separation=0.207028;Ground_720_400:(-0.026, 0.999, 0.031) separation=0.2070519;Ground_720_400:(-0.026, 0.999, 0.031) separation=0.2070519;"
