time,x,y,z,speed,vx,vy,vz,throttle,brake,steer,wheels,suspension,alignment,up,contact
0.016,1064.525,145.989,190.000,23.776,-23.776,-0.057,0.000,0.000,0.000,0.000,4,7.803,1.754,1.000,"Ground_Mountain_2_4:(0.080, 0.997, 0.000) separation=0.4076934;Ground_Mountain_2_4:(0.080, 0.997, 0.000) separation=0.2203031;Ground_Mountain_2_4:(0.080, 0.997, 0.000) separation=0.4076934;Ground_Mountain_2_4:(0.080, 0.997, 0.000) separation=0.2203031;Ground_Mountain_2_4:(0.080, 0.997, 0.000) separation=0.2203031;Ground_Mountain_2_4:(0.080, 0.997, 0.000) separation=0.2203031;Ground_Summit authored launch:(0.080, 0.997, 0.000) separation=0.1604845;Ground_Summit authored launch:(0.080, 0.997, 0.000) separation=0.3478748;Ground_Summit authored launch:(0.080, 0.997, 0.000) separation=0.1604845;Ground_Summit authored launch:(0.080, 0.997, 0.000) separation=0.3478748;Ground_Summit authored launch:(0.080, 0.997, 0.000) separation=0.1755565;Ground_Summit authored launch:(0.080, 0.997, 0.000) separation=0.1755566;"
0.036,1064.050,145.988,190.000,23.787,-23.788,-0.028,0.000,0.112,0.000,0.000,4,11.211,1.075,1.000,"Ground_Mountain_2_4:(0.080, 0.997, 0.000) separation=0.3661647;Ground_Mountain_2_4:(0.080, 0.997, 0.000) separation=0.1837127;Ground_Mountain_2_4:(0.080, 0.997, 0.000) separation=0.3661647;Ground_Mountain_2_4:(0.080, 0.997, 0.000) separation=0.1837127;Ground_Mountain_2_4:(0.080, 0.997, 0.000) separation=0.1837127;Ground_Mountain_2_4:(0.080, 0.997, 0.000) separation=0.1837127;Ground_Summit authored launch:(0.080, 0.997, 0.000) separation=0.1239017;Ground_Summit authored launch:(0.080, 0.997, 0.000) separation=0.3063569;Ground_Summit authored launch:(0.080, 0.997, 0.000) separation=0.1239017;Ground_Summit authored launch:(0.080, 0.997, 0.000) separation=0.3063569;Ground_Summit authored launch:(0.080, 0.997, 0.000) separation=0.1340649;Ground_Summit authored launch:(0.080, 0.997, 0.000) separation=0.1387852;"
0.055,1063.576,145.990,190.000,23.797,-23.797,0.062,0.000,0.106,0.000,0.000,4,14.184,0.526,1.000,"Ground_Mountain_2_4:(0.080, 0.997, 0.000) separation=0.323386;Ground_Mountain_2_4:(0.080, 0.997, 0.000) separation=0.1495296;Ground_Mountain_2_4:(0.080, 0.997, 0.000) separation=0.323386;Ground_Mountain_2_4:(0.080, 0.997, 0.000) separation=0.1495296;Ground_Mountain_2_4:(0.080, 0.997, 0.000) separation=0.1495296;Ground_Mountain_2_4:(0.080, 0.997, 0.000) separation=0.1802643;Ground_Summit authored launch:(0.080, 0.997, 0.000) separation=0.08971196;Ground_Summit authored launch:(0.080, 0.997, 0.000) separation=0.2635691;Ground_Summit authored launch:(0.080, 0.997, 0.000) separation=0.08971195;Ground_Summit authored launch:(0.080, 0.997, 0.000) separation=0.2635691;Ground_Summit authored launch:(0.080, 0.997, 0.000) separation=0.09962711;Ground_Summit authored launch:(0.080, 0.997, 0.000) separation=0.09962714;"
0.076,1063.101,145.994,190.000,23.804,-23.804,0.202,0.000,0.102,0.000,0.000,4,16.777,0.090,1.000,"Ground_Mountain_2_4:(0.080, 0.997, 0.000) separation=0.2810688;Ground_Mountain_2_4:(0.080, 0.997, 0.000) separation=0.1184099;Ground_Mountain_2_4:(0.080, 0.997, 0.000) separation=0.2810319;Ground_Mountain_2_4:(0.080, 0.997, 0.000) separation=0.1184099;Ground_Mountain_2_4:(0.080, 0.997, 0.000) separation=0.1184099;Ground_Mountain_2_4:(0.080, 0.997, 0.000) separation=0.1184099;Ground_Summit authored launch:(0.080, 0.997, 0.000) separation=0.05860147;Ground_Summit authored launch:(0.080, 0.997, 0.000) separation=0.221266;Ground_Summit authored launch:(0.080, 0.997, 0.000) separation=0.221266;Ground_Summit authored launch:(0.080, 0.997, 0.000) separation=0.05860148;Ground_Summit authored launch:(0.080, 0.997, 0.000) separation=0.06392014;Ground_Summit authored launch:(0.080, 0.997, 0.000) separation=0.06812558;"
0.096,1062.627,146.001,190.000,23.810,-23.808,0.386,0.000,0.098,0.000,0.000,4,18.911,0.247,1.000,"Ground_Mountain_2_4:(0.080, 0.997, 0.000) separation=0.2406941;Ground_Mountain_2_4:(0.080, 0.997, 0.000) separation=0.09091555;Ground_Mountain_2_4:(0.080, 0.997, 0.000) separation=0.2406941;Ground_Mountain_2_4:(0.080, 0.997, 0.000) separation=0.09091555;Ground_Mountain_2_4:(0.080, 0.997, 0.000) separation=0.0909155;Ground_Mountain_2_4:(0.080, 0.997, 0.000) separation=0.0909155;Ground_Summit authored launch:(0.080, 0.997, 0.000) separation=0.03109969;Ground_Summit authored launch:(0.080, 0.997, 0.000) separation=0.1808723;Ground_Summit authored launch:(0.080, 0.997, 0.000) separation=0.03109967;Ground_Summit authored launch:(0.080, 0.997, 0.000) separation=0.1808723;Ground_Summit authored launch:(0.080, 0.997, 0.000) separation=0.03625658;Ground_Summit authored launch:(0.080, 0.997, 0.000) separation=0.03625661;"
0.115,1062.155,146.017,190.000,23.766,-23.753,0.793,0.000,0.095,0.000,0.000,4,20.544,0.500,0.999,"Ground_Mountain_2_4:(0.080, 0.997, 0.000) separation=0.2034839;Ground_Mountain_2_4:(0.080, 0.997, 0.000) separation=0.06757823;Ground_Mountain_2_4:(0.080, 0.997, 0.000) separation=0.2034839;Ground_Mountain_2_4:(0.080, 0.997, 0.000) separation=0.06757823;Ground_Mountain_2_4:(0.080, 0.997, 0.000) separation=0.06757823;Ground_Mountain_2_4:(0.080, 0.997, 0.000) separation=0.06757823;Ground_Summit authored launch:(0.080, 0.997, 0.000) separation=0.007756937;Ground_Summit authored launch:(0.080, 0.997, 0.000) separation=0.1436743;Ground_Summit authored launch:(0.080, 0.997, 0.000) separation=0.007756919;Ground_Summit authored launch:(0.080, 0.997, 0.000) separation=0.1436743;Ground_Summit authored launch:(0.080, 0.997, 0.000) separation=0.009178072;Ground_Summit authored launch:(0.080, 0.997, 0.000) separation=0.01268944;"
0.135,1061.684,146.038,190.000,23.764,-23.740,1.063,0.000,0.117,0.000,0.000,4,21.294,3.085,0.999,"Ground_Mountain_2_4:(0.080, 0.997, 0.000) separation=0.1655076;Ground_Mountain_2_4:(0.080, 0.997, 0.000) separation=0.06137467;Ground_Mountain_2_4:(0.080, 0.997, 0.000) separation=0.1655131;Ground_Mountain_2_4:(0.080, 0.997, 0.000) separation=0.06136915;Ground_Mountain_2_4:(0.080, 0.997, 0.000) separation=0.06136915;Ground_Mountain_2_4:(0.080, 0.997, 0.000) separation=0.07509336;Ground_Summit authored launch:(0.080, 0.997, 0.000) separation=0.001555219;Ground_Summit authored launch:(0.080, 0.997, 0.000) separation=0.1057051;Ground_Summit authored launch:(0.080, 0.997, 0.000) separation=0.001551191;Ground_Summit authored launch:(0.080, 0.997, 0.000) separation=0.1057092;Ground_Summit authored launch:(0.080, 0.997, 0.000) separation=0.002827734;Ground_Summit authored launch:(0.080, 0.997, 0.000) separation=0.002831995;"
0.156,1061.213,146.064,190.000,23.768,-23.732,1.322,0.000,0.118,0.000,0.000,4,22.709,3.254,0.998,"Ground_Mountain_2_4:(0.080, 0.997, 0.000) separation=0.1334243;Ground_Mountain_2_4:(0.080, 0.997, 0.000) separation=0.06012632;Ground_Mountain_2_4:(0.080, 0.997, 0.000) separation=0.1334243;Ground_Mountain_2_4:(0.080, 0.997, 0.000) separation=0.06012632;Ground_Mountain_2_4:(0.080, 0.997, 0.000) separation=0.0601263;Ground_Mountain_2_4:(0.080, 0.997, 0.000) separation=0.0601263;Ground_Summit authored launch:(0.080, 0.997, 0.000) separation=0.0003089327;Ground_Summit authored launch:(0.080, 0.997, 0.000) separation=0.07361471;Ground_Summit authored launch:(0.080, 0.997, 0.000) separation=0.0003074966;Ground_Summit authored launch:(0.080, 0.997, 0.000) separation=0.07361615;Ground_Summit authored launch:(0.080, 0.997, 0.000) separation=0.0003082454;Ground_Summit authored launch:(0.080, 0.997, 0.000) separation=0.0013403;"
0.176,1060.741,146.096,190.000,23.770,-23.717,1.595,0.000,0.116,0.000,0.000,4,23.460,2.827,0.998,"Ground_Mountain_2_4:(0.080, 0.997, 0.000) separation=0.1091166;Ground_Mountain_2_4:(0.080, 0.997, 0.000) separation=0.06143704;Ground_Mountain_2_4:(0.080, 0.997, 0.000) separation=0.1091166;Ground_Mountain_2_4:(0.080, 0.997, 0.000) separation=0.06143704;Ground_Mountain_2_4:(0.080, 0.997, 0.000) separation=0.06143704;Ground_Mountain_2_4:(0.080, 0.997, 0.000) separation=0.06143704;Ground_Summit authored launch:(0.080, 0.997, 0.000) separation=0.001653338;Ground_Summit authored launch:(0.080, 0.997, 0.000) separation=0.04932815;Ground_Summit authored launch:(0.080, 0.997, 0.000) separation=0.001654413;Ground_Summit authored launch:(0.080, 0.997, 0.000) separation=0.04932708;Ground_Summit authored launch:(0.080, 0.997, 0.000) separation=0.0107418;Ground_Summit authored launch:(0.080, 0.997, 0.000) separation=0.01197252;Ground_Summit authored launch:(0.080, 0.997, 0.000) separation=0.05164182;"
0.195,1060.269,146.133,190.000,23.771,-23.698,1.866,0.000,0.115,0.000,0.000,4,23.358,2.425,0.997,"Ground_Mountain_2_4:(0.080, 0.997, 0.000) separation=0.09263261;Ground_Mountain_2_4:(0.080, 0.997, 0.000) separation=0.06590354;Ground_Mountain_2_4:(0.080, 0.997, 0.000) separation=0.09262707;Ground_Mountain_2_4:(0.080, 0.997, 0.000) separation=0.06590907;Ground_Mountain_2_4:(0.080, 0.997, 0.000) separation=0.06590906;Ground_Mountain_2_4:(0.080, 0.997, 0.000) separation=0.06590906;Ground_Summit authored launch:(0.080, 0.997, 0.000) separation=0.006093156;Ground_Summit authored launch:(0.080, 0.997, 0.000) separation=0.0328191;Ground_Summit authored launch:(0.080, 0.997, 0.000) separation=0.006096258;Ground_Summit authored launch:(0.080, 0.997, 0.000) separation=0.032816;Ground_Summit authored launch:(0.080, 0.997, 0.000) separation=0.01123497;Ground_Summit authored launch:(0.080, 0.997, 0.000) separation=0.01123795;"
0.216,1059.797,146.176,190.000,23.771,-23.676,2.121,0.000,0.114,0.000,0.000,4,22.583,2.051,0.997,"Ground_Mountain_2_4:(0.080, 0.997, 0.000) separation=0.08363906;Ground_Mountain_2_4:(0.080, 0.997, 0.000) separation=0.07369325;Ground_Mountain_2_4:(0.080, 0.997, 0.000) separation=0.08363353;Ground_Mountain_2_4:(0.080, 0.997, 0.000) separation=0.07369879;Ground_Mountain_2_4:(0.080, 0.997, 0.000) separation=0.07369879;Ground_Mountain_2_4:(0.080, 0.997, 0.000) separation=0.07456446;Ground_Summit authored launch:(0.080, 0.997, 0.000) separation=0.01389451;Ground_Summit authored launch:(0.080, 0.997, 0.000) separation=0.02382479;Ground_Summit authored launch:(0.080, 0.997, 0.000) separation=0.01389907;Ground_Summit authored launch:(0.080, 0.997, 0.000) separation=0.02382023;Ground_Summit authored launch:(0.080, 0.997, 0.000) separation=0.01556614;Ground_Summit authored launch:(0.080, 0.997, 0.000) separation=0.01582661;"
0.236,1059.325,146.223,190.000,23.769,-23.655,2.351,0.000,0.115,0.000,0.000,4,21.305,1.711,0.996,"Ground_Mountain_2_4:(0.080, 0.997, 0.000) separation=0.08160682;Ground_Mountain_2_4:(0.080, 0.997, 0.000) separation=0.08483611;Ground_Mountain_2_4:(0.080, 0.997, 0.000) separation=0.0816013;Ground_Mountain_2_4:(0.080, 0.997, 0.000) separation=0.08484164;Ground_Mountain_2_4:(0.080, 0.997, 0.000) separation=0.08160129;Ground_Mountain_2_4:(0.080, 0.997, 0.000) separation=0.08189687;Ground_Summit authored launch:(0.080, 0.997, 0.000) separation=0.02502073;Ground_Summit authored launch:(0.080, 0.997, 0.000) separation=0.02178865;Ground_Summit authored launch:(0.080, 0.997, 0.000) separation=0.02502644;Ground_Summit authored launch:(0.080, 0.997, 0.000) separation=0.02178294;Ground_Summit authored launch:(0.080, 0.997, 0.000) separation=0.02236047;Ground_Summit authored launch:(0.080, 0.997, 0.000) separation=0.02243826;"
0.255,1058.853,146.273,190.000,23.767,-23.634,2.548,0.000,0.115,0.000,0.000,4,19.680,1.404,0.996,"Ground_Mountain_2_4:(0.080, 0.997, 0.000) separation=0.0857031;Ground_Mountain_2_4:(0.080, 0.997, 0.000) separation=0.09897298;Ground_Mountain_2_4:(0.080, 0.997, 0.000) separation=0.08569758;Ground_Mountain_2_4:(0.080, 0.997, 0.000) separation=0.0989785;Ground_Mountain_2_4:(0.080, 0.997, 0.000) separation=0.08569759;Ground_Mountain_2_4:(0.080, 0.997, 0.000) separation=0.08569759;Ground_Summit authored launch:(0.080, 0.997, 0.000) separation=0.03916325;Ground_Summit authored launch:(0.080, 0.997, 0.000) separation=0.02590759;Ground_Summit authored launch:(0.080, 0.997, 0.000) separation=0.03916987;Ground_Summit authored launch:(0.080, 0.997, 0.000) separation=0.02590098;Ground_Summit authored launch:(0.080, 0.997, 0.000) separation=0.02590102;Ground_Summit authored launch:(0.080, 0.997, 0.000) separation=0.02856261;"
0.276,1058.381,146.328,190.000,23.764,-23.616,2.708,0.000,0.116,0.000,0.000,4,17.841,1.131,0.996,"Ground_Mountain_2_4:(0.080, 0.997, 0.000) separation=0.09512108;Ground_Mountain_2_4:(0.080, 0.997, 0.000) separation=0.1157398;Ground_Mountain_2_4:(0.080, 0.997, 0.000) separation=0.09511593;Ground_Mountain_2_4:(0.080, 0.997, 0.000) separation=0.115745;Ground_Mountain_2_4:(0.080, 0.997, 0.000) separation=0.09512106;Ground_Mountain_2_4:(0.080, 0.997, 0.000) separation=0.09512106;Ground_Summit authored launch:(0.080, 0.997, 0.000) separation=0.05593007;Ground_Summit authored launch:(0.080, 0.997, 0.000) separation=0.03532174;Ground_Summit authored launch:(0.080, 0.997, 0.000) separation=0.05593736;Ground_Summit authored launch:(0.080, 0.997, 0.000) separation=0.03531445;Ground_Summit authored launch:(0.080, 0.997, 0.000) separation=0.03942338;Ground_Summit authored launch:(0.080, 0.997, 0.000) separation=0.0399476;"
0.296,1057.910,146.384,190.000,23.761,-23.601,2.829,0.000,0.118,0.000,0.000,4,15.905,0.892,0.996,"Ground_Mountain_2_4:(0.080, 0.997, 0.000) separation=0.1089077;Ground_Mountain_2_4:(0.080, 0.997, 0.000) separation=0.1346081;Ground_Mountain_2_4:(0.080, 0.997, 0.000) separation=0.1088966;Ground_Mountain_2_4:(0.080, 0.997, 0.000) separation=0.1346192;Ground_Mountain_2_4:(0.080, 0.997, 0.000) separation=0.1089021;Ground_Mountain_2_4:(0.080, 0.997, 0.000) separation=0.1089058;Ground_Summit authored launch:(0.080, 0.997, 0.000) separation=0.07480859;Ground_Summit authored launch:(0.080, 0.997, 0.000) separation=0.04909385;Ground_Summit authored launch:(0.080, 0.997, 0.000) separation=0.0748164;Ground_Summit authored launch:(0.080, 0.997, 0.000) separation=0.04908605;Ground_Summit authored launch:(0.080, 0.997, 0.000) separation=0.04909289;Ground_Summit authored launch:(0.080, 0.997, 0.000) separation=0.04966757;"
0.315,1057.438,146.442,190.000,23.757,-23.589,2.912,0.000,0.120,0.000,0.000,4,13.971,0.685,0.996,"Ground_Mountain_2_4:(0.080, 0.997, 0.000) separation=0.126048;Ground_Mountain_2_4:(0.080, 0.997, 0.000) separation=0.1549955;Ground_Mountain_2_4:(0.080, 0.997, 0.000) separation=0.1260425;Ground_Mountain_2_4:(0.080, 0.997, 0.000) separation=0.155001;Ground_Mountain_2_4:(0.080, 0.997, 0.000) separation=0.1260425;Ground_Mountain_2_4:(0.080, 0.997, 0.000) separation=0.1299924;Ground_Summit authored launch:(0.080, 0.997, 0.000) separation=0.09518372;Ground_Summit authored launch:(0.080, 0.997, 0.000) separation=0.06622872;Ground_Summit authored launch:(0.080, 0.997, 0.000) separation=0.09519189;Ground_Summit authored launch:(0.080, 0.997, 0.000) separation=0.06622055;Ground_Summit authored launch:(0.080, 0.997, 0.000) separation=0.06682929;Ground_Summit authored launch:(0.080, 0.997, 0.000) separation=0.06683761;"
0.336,1056.967,146.501,190.000,23.753,-23.581,2.957,0.000,0.121,0.000,0.000,4,12.114,0.507,0.996,"Ground_Mountain_2_4:(0.080, 0.997, 0.000) separation=0.1456253;Ground_Mountain_2_4:(0.080, 0.997, 0.000) separation=0.1762879;Ground_Mountain_2_4:(0.080, 0.997, 0.000) separation=0.1456197;Ground_Mountain_2_4:(0.080, 0.997, 0.000) separation=0.1762935;Ground_Mountain_2_4:(0.080, 0.997, 0.000) separation=0.1456209;Ground_Mountain_2_4:(0.080, 0.997, 0.000) separation=0.1456253;Ground_Summit authored launch:(0.080, 0.997, 0.000) separation=0.1164695;Ground_Summit authored launch:(0.080, 0.997, 0.000) separation=0.08579226;Ground_Summit authored launch:(0.080, 0.997, 0.000) separation=0.1164779;Ground_Summit authored launch:(0.080, 0.997, 0.000) separation=0.08578386;Ground_Summit authored launch:(0.080, 0.997, 0.000) separation=0.08638969;Ground_Summit authored launch:(0.080, 0.997, 0.000) separation=0.08717221;"
0.356,1056.495,146.561,190.000,23.750,-23.576,2.969,0.000,0.123,0.000,0.000,4,10.397,0.358,0.996,"Ground_Mountain_2_4:(0.080, 0.997, 0.000) separation=0.1666935;Ground_Mountain_2_4:(0.080, 0.997, 0.000) separation=0.1979031;Ground_Mountain_2_4:(0.080, 0.997, 0.000) separation=0.166688;Ground_Mountain_2_4:(0.080, 0.997, 0.000) separation=0.1979086;Ground_Mountain_2_4:(0.080, 0.997, 0.000) separation=0.1666928;Ground_Mountain_2_4:(0.080, 0.997, 0.000) separation=0.1666935;Ground_Summit authored launch:(0.080, 0.997, 0.000) separation=0.1380612;Ground_Summit authored launch:(0.080, 0.997, 0.000) separation=0.1068714;Ground_Summit authored launch:(0.080, 0.997, 0.000) separation=0.1380697;Ground_Summit authored launch:(0.080, 0.997, 0.000) separation=0.1068629;Ground_Summit authored launch:(0.080, 0.997, 0.000) separation=0.1082273;Ground_Summit authored launch:(0.080, 0.997, 0.000) separation=0.108236;"
0.375,1056.024,146.620,190.000,23.746,-23.575,2.950,0.000,0.125,0.000,0.000,4,8.864,0.233,0.996,"Ground_Mountain_2_4:(0.080, 0.997, 0.000) separation=0.1884768;Ground_Mountain_2_4:(0.080, 0.997, 0.000) separation=0.2192301;Ground_Mountain_2_4:(0.080, 0.997, 0.000) separation=0.1884718;Ground_Mountain_2_4:(0.080, 0.997, 0.000) separation=0.219235;Ground_Mountain_2_4:(0.080, 0.997, 0.000) separation=0.188477;Ground_Mountain_2_4:(0.080, 0.997, 0.000) separation=0.1884773;Ground_Summit authored launch:(0.080, 0.997, 0.000) separation=0.1594382;Ground_Summit authored launch:(0.080, 0.997, 0.000) separation=0.1286835;Ground_Summit authored launch:(0.080, 0.997, 0.000) separation=0.1594466;Ground_Summit authored launch:(0.080, 0.997, 0.000) separation=0.1286751;Ground_Summit authored launch:(0.080, 0.997, 0.000) separation=0.1299858;Ground_Summit authored launch:(0.080, 0.997, 0.000) separation=0.1307714;"
0.396,1055.552,146.678,190.000,23.743,-23.576,2.905,0.000,0.127,0.000,0.000,4,7.541,0.131,0.996,"Ground_Mountain_2_4:(0.080, 0.997, 0.000) separation=0.2102803;Ground_Mountain_2_4:(0.080, 0.997, 0.000) separation=0.2398896;Ground_Mountain_2_4:(0.080, 0.997, 0.000) separation=0.2102753;Ground_Mountain_2_4:(0.080, 0.997, 0.000) separation=0.2398946;Ground_Mountain_2_4:(0.080, 0.997, 0.000) separation=0.2102748;Ground_Mountain_2_4:(0.080, 0.997, 0.000) separation=0.2156621;Ground_Summit authored launch:(0.080, 0.997, 0.000) separation=0.1800932;Ground_Summit authored launch:(0.080, 0.997, 0.000) separation=0.1504871;Ground_Summit authored launch:(0.080, 0.997, 0.000) separation=0.1801012;Ground_Summit authored launch:(0.080, 0.997, 0.000) separation=0.1504791;Ground_Summit authored launch:(0.080, 0.997, 0.000) separation=0.1524559;Ground_Summit authored launch:(0.080, 0.997, 0.000) separation=0.1524642;"
0.416,1055.080,146.735,190.000,23.740,-23.580,2.838,0.000,0.129,0.000,0.000,4,6.449,0.050,0.996,"Ground_Mountain_2_4:(0.080, 0.997, 0.000) separation=0.2314216;Ground_Mountain_2_4:(0.080, 0.997, 0.000) separation=0.2593678;Ground_Mountain_2_4:(0.080, 0.997, 0.000) separation=0.2314105;Ground_Mountain_2_4:(0.080, 0.997, 0.000) separation=0.2593789;Ground_Mountain_2_4:(0.080, 0.997, 0.000) separation=0.2314109;Ground_Mountain_2_4:(0.080, 0.997, 0.000) separation=0.231416;Ground_Summit authored launch:(0.080, 0.997, 0.000) separation=0.1995569;Ground_Summit authored launch:(0.080, 0.997, 0.000) separation=0.1716113;Ground_Summit authored launch:(0.080, 0.997, 0.000) separation=0.1995645;Ground_Summit authored launch:(0.080, 0.997, 0.000) separation=0.1716038;Ground_Summit authored launch:(0.080, 0.997, 0.000) separation=0.1734349;Ground_Summit authored launch:(0.080, 0.997, 0.000) separation=0.1741482;"
0.435,1054.608,146.790,190.000,23.738,-23.586,2.754,0.000,0.130,0.000,0.000,4,5.589,0.014,0.996,"Ground_Mountain_2_4:(0.080, 0.997, 0.000) separation=0.2513927;Ground_Mountain_2_4:(0.080, 0.997, 0.000) separation=0.2773214;Ground_Mountain_2_4:(0.080, 0.997, 0.000) separation=0.2513871;Ground_Mountain_2_4:(0.080, 0.997, 0.000) separation=0.2773269;Ground_Mountain_2_4:(0.080, 0.997, 0.000) separation=0.2513871;Ground_Mountain_2_4:(0.080, 0.997, 0.000) separation=0.2513871;Ground_Summit authored launch:(0.080, 0.997, 0.000) separation=0.2175261;Ground_Summit authored launch:(0.080, 0.997, 0.000) separation=0.1915913;Ground_Summit authored launch:(0.080, 0.997, 0.000) separation=0.217533;Ground_Summit authored launch:(0.080, 0.997, 0.000) separation=0.1915844;Ground_Summit authored launch:(0.080, 0.997, 0.000) separation=0.1939085;Ground_Summit authored launch:(0.080, 0.997, 0.000) separation=0.1939156;"
0.456,1054.136,146.843,190.000,23.736,-23.593,2.657,0.000,0.131,0.000,0.000,4,4.958,0.063,0.996,"Ground_Mountain_2_4:(0.080, 0.997, 0.000) separation=0.2698103;Ground_Mountain_2_4:(0.080, 0.997, 0.000) separation=0.2935127;Ground_Mountain_2_4:(0.080, 0.997, 0.000) separation=0.2698048;Ground_Mountain_2_4:(0.080, 0.997, 0.000) separation=0.2935182;Ground_Mountain_2_4:(0.080, 0.997, 0.000) separation=0.2698103;Ground_Mountain_2_4:(0.080, 0.997, 0.000) separation=0.2698103;Ground_Summit authored launch:(0.080, 0.997, 0.000) separation=0.233698;Ground_Summit authored launch:(0.080, 0.997, 0.000) separation=0.2099918;Ground_Summit authored launch:(0.080, 0.997, 0.000) separation=0.233704;Ground_Summit authored launch:(0.080, 0.997, 0.000) separation=0.2099857;Ground_Summit authored launch:(0.080, 0.997, 0.000) separation=0.212084;Ground_Summit authored launch:(0.080, 0.997, 0.000) separation=0.2126894;"
0.476,1053.664,146.894,190.000,23.734,-23.601,2.553,0.000,0.132,0.000,0.000,4,4.544,0.098,0.996,"Ground_Mountain_2_4:(0.080, 0.997, 0.000) separation=0.2863174;Ground_Mountain_2_4:(0.080, 0.997, 0.000) separation=0.3076955;Ground_Mountain_2_4:(0.080, 0.997, 0.000) separation=0.2863123;Ground_Mountain_2_4:(0.080, 0.997, 0.000) separation=0.3076952;Ground_Mountain_2_4:(0.080, 0.997, 0.000) separation=0.2863118;Ground_Mountain_2_4:(0.080, 0.997, 0.000) separation=0.291184;Ground_Summit authored launch:(0.080, 0.997, 0.000) separation=0.2478799;Ground_Summit authored launch:(0.080, 0.997, 0.000) separation=0.2265107;Ground_Summit authored launch:(0.080, 0.997, 0.000) separation=0.2478852;Ground_Summit authored launch:(0.080, 0.997, 0.000) separation=0.2265054;Ground_Summit authored launch:(0.080, 0.997, 0.000) separation=0.2289127;Ground_Summit authored launch:(0.080, 0.997, 0.000) separation=0.2289181;"
0.495,1053.191,146.943,190.000,23.733,-23.610,2.444,0.000,0.133,0.000,0.000,4,4.333,0.123,0.996,"Ground_Mountain_2_4:(0.080, 0.997, 0.000) separation=0.3007453;Ground_Mountain_2_4:(0.080, 0.997, 0.000) separation=0.3197554;Ground_Mountain_2_4:(0.080, 0.997, 0.000) separation=0.3007398;Ground_Mountain_2_4:(0.080, 0.997, 0.000) separation=0.3197609;Ground_Mountain_2_4:(0.080, 0.997, 0.000) separation=0.3007397;Ground_Mountain_2_4:(0.080, 0.997, 0.000) separation=0.3012352;Ground_Summit authored launch:(0.080, 0.997, 0.000) separation=0.259948;Ground_Summit authored launch:(0.080, 0.997, 0.000) separation=0.2409379;Ground_Summit authored launch:(0.080, 0.997, 0.000) separation=0.2599526;Ground_Summit authored launch:(0.080, 0.997, 0.000) separation=0.2409334;Ground_Summit authored launch:(0.080, 0.997, 0.000) separation=0.2430524;Ground_Summit authored launch:(0.080, 0.997, 0.000) separation=0.2435381;"
0.516,1052.719,146.990,190.000,23.732,-23.619,2.335,0.000,0.133,0.000,0.000,4,4.300,0.139,0.996,"Ground_Mountain_2_4:(0.080, 0.997, 0.000) separation=0.312945;Ground_Mountain_2_4:(0.080, 0.997, 0.000) separation=0.3296527;Ground_Mountain_2_4:(0.080, 0.997, 0.000) separation=0.312945;Ground_Mountain_2_4:(0.080, 0.997, 0.000) separation=0.3296527;Ground_Mountain_2_4:(0.080, 0.997, 0.000) separation=0.312945;Ground_Mountain_2_4:(0.080, 0.997, 0.000) separation=0.312945;Ground_Summit authored launch:(0.080, 0.997, 0.000) separation=0.2698638;Ground_Summit authored launch:(0.080, 0.997, 0.000) separation=0.2531674;Ground_Summit authored launch:(0.080, 0.997, 0.000) separation=0.2698678;Ground_Summit authored launch:(0.080, 0.997, 0.000) separation=0.2531634;Ground_Summit authored launch:(0.080, 0.997, 0.000) separation=0.2554286;Ground_Summit authored launch:(0.080, 0.997, 0.000) separation=0.2554326;"
0.536,1052.246,147.034,190.000,23.732,-23.628,2.228,0.000,0.134,0.000,0.000,4,4.422,0.148,0.996,"Ground_Mountain_2_4:(0.080, 0.997, 0.000) separation=0.3229435;Ground_Mountain_2_4:(0.080, 0.997, 0.000) separation=0.3374141;Ground_Mountain_2_4:(0.080, 0.997, 0.000) separation=0.322938;Ground_Mountain_2_4:(0.080, 0.997, 0.000) separation=0.3374196;Ground_Mountain_2_4:(0.080, 0.997, 0.000) separation=0.322938;Ground_Mountain_2_4:(0.080, 0.997, 0.000) separation=0.3229392;Ground_Summit authored launch:(0.080, 0.997, 0.000) separation=0.2776241;Ground_Summit authored launch:(0.080, 0.997, 0.000) separation=0.2631456;Ground_Summit authored launch:(0.080, 0.997, 0.000) separation=0.2776276;Ground_Summit authored launch:(0.080, 0.997, 0.000) separation=0.2631421;Ground_Summit authored launch:(0.080, 0.997, 0.000) separation=0.2650889;Ground_Summit authored launch:(0.080, 0.997, 0.000) separation=0.2654589;"
0.555,1051.773,147.077,190.000,23.732,-23.637,2.126,0.000,0.134,0.000,0.000,4,4.674,0.150,0.996,"Ground_Mountain_2_4:(0.080, 0.997, 0.000) separation=0.3307372;Ground_Mountain_2_4:(0.080, 0.997, 0.000) separation=0.343114;Ground_Mountain_2_4:(0.080, 0.997, 0.000) separation=0.3307317;Ground_Mountain_2_4:(0.080, 0.997, 0.000) separation=0.3431195;Ground_Mountain_2_4:(0.080, 0.997, 0.000) separation=0.3307372;Ground_Mountain_2_4:(0.080, 0.997, 0.000) separation=0.3307372;Ground_Summit authored launch:(0.080, 0.997, 0.000) separation=0.2833206;Ground_Summit authored launch:(0.080, 0.997, 0.000) separation=0.270928;Ground_Summit authored launch:(0.080, 0.997, 0.000) separation=0.2833236;Ground_Summit authored launch:(0.080, 0.997, 0.000) separation=0.2709249;Ground_Summit authored launch:(0.080, 0.997, 0.000) separation=0.2728908;Ground_Summit authored launch:(0.080, 0.997, 0.000) separation=0.2728939;"
0.576,1051.300,147.117,190.000,23.732,-23.645,2.031,0.000,0.134,0.000,0.000,4,5.031,0.148,0.997,"Ground_Mountain_2_4:(0.080, 0.997, 0.000) separation=0.3363897;Ground_Mountain_2_4:(0.080, 0.997, 0.000) separation=0.3468555;Ground_Mountain_2_4:(0.080, 0.997, 0.000) separation=0.3363897;Ground_Mountain_2_4:(0.080, 0.997, 0.000) separation=0.3468555;Ground_Mountain_2_4:(0.080, 0.997, 0.000) separation=0.3363896;Ground_Mountain_2_4:(0.080, 0.997, 0.000) separation=0.3371422;Ground_Summit authored launch:(0.080, 0.997, 0.000) separation=0.2870386;Ground_Summit authored launch:(0.080, 0.997, 0.000) separation=0.2765751;Ground_Summit authored launch:(0.080, 0.997, 0.000) separation=0.2870412;Ground_Summit authored launch:(0.080, 0.997, 0.000) separation=0.2765725;Ground_Summit authored launch:(0.080, 0.997, 0.000) separation=0.2782202;Ground_Summit authored launch:(0.080, 0.997, 0.000) separation=0.2784874;"
0.596,1050.826,147.156,190.000,23.733,-23.653,1.945,0.000,0.134,0.000,0.000,4,5.468,0.143,0.997,"Ground_Mountain_2_4:(0.080, 0.997, 0.000) separation=0.3400474;Ground_Mountain_2_4:(0.080, 0.997, 0.000) separation=0.3487543;Ground_Mountain_2_4:(0.080, 0.997, 0.000) separation=0.3400474;Ground_Mountain_2_4:(0.080, 0.997, 0.000) separation=0.3487543;Ground_Mountain_2_4:(0.080, 0.997, 0.000) separation=0.3400474;Ground_Mountain_2_4:(0.080, 0.997, 0.000) separation=0.3400474;Ground_Summit authored launch:(0.080, 0.997, 0.000) separation=0.2889465;Ground_Summit authored launch:(0.080, 0.997, 0.000) separation=0.2802412;Ground_Summit authored launch:(0.080, 0.997, 0.000) separation=0.2889488;Ground_Summit authored launch:(0.080, 0.997, 0.000) separation=0.2802389;Ground_Summit authored launch:(0.080, 0.997, 0.000) separation=0.2818197;Ground_Summit authored launch:(0.080, 0.997, 0.000) separation=0.2818221;"
0.615,1050.353,147.194,190.000,23.733,-23.660,1.869,0.000,0.134,0.000,0.000,4,5.961,0.135,0.997,"Ground_Mountain_2_4:(0.080, 0.997, 0.000) separation=0.3419152;Ground_Mountain_2_4:(0.080, 0.997, 0.000) separation=0.3490586;Ground_Mountain_2_4:(0.080, 0.997, 0.000) separation=0.3419096;Ground_Mountain_2_4:(0.080, 0.997, 0.000) separation=0.3490641;Ground_Mountain_2_4:(0.080, 0.997, 0.000) separation=0.3419096;Ground_Mountain_2_4:(0.080, 0.997, 0.000) separation=0.34191;Ground_Summit authored launch:(0.080, 0.997, 0.000) separation=0.2892369;Ground_Summit authored launch:(0.080, 0.997, 0.000) separation=0.2821051;Ground_Summit authored launch:(0.080, 0.997, 0.000) separation=0.2892389;Ground_Summit authored launch:(0.080, 0.997, 0.000) separation=0.2821031;Ground_Summit authored launch:(0.080, 0.997, 0.000) separation=0.283389;Ground_Summit authored launch:(0.080, 0.997, 0.000) separation=0.2835707;"
0.635,1049.880,147.230,190.000,23.734,-23.666,1.804,0.000,0.133,0.000,0.000,4,6.489,0.125,0.997,"Ground_Mountain_2_4:(0.080, 0.997, 0.000) separation=0.3421516;Ground_Mountain_2_4:(0.080, 0.997, 0.000) separation=0.3478886;Ground_Mountain_2_4:(0.080, 0.997, 0.000) separation=0.3421517;Ground_Mountain_2_4:(0.080, 0.997, 0.000) separation=0.3478885;Ground_Mountain_2_4:(0.080, 0.997, 0.000) separation=0.3421515;Ground_Mountain_2_4:(0.080, 0.997, 0.000) separation=0.3421515;Ground_Summit authored launch:(0.080, 0.997, 0.000) separation=0.2880716;Ground_Summit authored launch:(0.080, 0.997, 0.000) separation=0.2823339;Ground_Summit authored launch:(0.080, 0.997, 0.000) separation=0.2880733;Ground_Summit authored launch:(0.080, 0.997, 0.000) separation=0.2823321;Ground_Summit authored launch:(0.080, 0.997, 0.000) separation=0.2823324;Ground_Summit authored launch:(0.080, 0.997, 0.000) separation=0.2823546;"
0.656,1049.406,147.265,190.000,23.734,-23.671,1.749,0.000,0.133,0.000,0.000,4,7.031,0.114,0.997,"Ground_Mountain_2_4:(0.080, 0.997, 0.000) separation=0.3409837;Ground_Mountain_2_4:(0.080, 0.997, 0.000) separation=0.3454976;Ground_Mountain_2_4:(0.080, 0.997, 0.000) separation=0.3409838;Ground_Mountain_2_4:(0.080, 0.997, 0.000) separation=0.3454975;Ground_Mountain_2_4:(0.080, 0.997, 0.000) separation=0.3409837;Ground_Mountain_2_4:(0.080, 0.997, 0.000) separation=0.3415145;Ground_Summit authored launch:(0.080, 0.997, 0.000) separation=0.2856805;Ground_Summit authored launch:(0.080, 0.997, 0.000) separation=0.281168;Ground_Summit authored launch:(0.080, 0.997, 0.000) separation=0.2856819;Ground_Summit authored launch:(0.080, 0.997, 0.000) separation=0.2811666;Ground_Summit authored launch:(0.080, 0.997, 0.000) separation=0.2811779;Ground_Summit authored launch:(0.080, 0.997, 0.000) separation=0.2811793;"
0.676,1048.932,147.299,190.000,23.735,-23.675,1.705,0.000,0.133,0.000,0.000,4,7.572,0.103,0.997,"Ground_Mountain_2_4:(0.080, 0.997, 0.000) separation=0.3386249;Ground_Mountain_2_4:(0.080, 0.997, 0.000) separation=0.3420647;Ground_Mountain_2_4:(0.080, 0.997, 0.000) separation=0.3386194;Ground_Mountain_2_4:(0.080, 0.997, 0.000) separation=0.3420702;Ground_Mountain_2_4:(0.080, 0.997, 0.000) separation=0.3386209;Ground_Mountain_2_4:(0.080, 0.997, 0.000) separation=0.3386249;Ground_Summit authored launch:(0.080, 0.997, 0.000) separation=0.2822658;Ground_Summit authored launch:(0.080, 0.997, 0.000) separation=0.2788149;Ground_Summit authored launch:(0.080, 0.997, 0.000) separation=0.2822669;Ground_Summit authored launch:(0.080, 0.997, 0.000) separation=0.2788137;Ground_Summit authored launch:(0.080, 0.997, 0.000) separation=0.2788186;Ground_Summit authored launch:(0.080, 0.997, 0.000) separation=0.2789061;"
0.695,1048.459,147.332,190.000,23.736,-23.678,1.672,0.000,0.132,0.000,0.000,4,8.096,0.092,0.997,"Ground_Mountain_2_4:(0.080, 0.997, 0.000) separation=0.3353108;Ground_Mountain_2_4:(0.080, 0.997, 0.000) separation=0.3378487;Ground_Mountain_2_4:(0.080, 0.997, 0.000) separation=0.3353108;Ground_Mountain_2_4:(0.080, 0.997, 0.000) separation=0.3378487;Ground_Mountain_2_4:(0.080, 0.997, 0.000) separation=0.3353108;Ground_Mountain_2_4:(0.080, 0.997, 0.000) separation=0.3353108;Ground_Summit authored launch:(0.080, 0.997, 0.000) separation=0.2780416;Ground_Summit authored launch:(0.080, 0.997, 0.000) separation=0.2754972;Ground_Summit authored launch:(0.080, 0.997, 0.000) separation=0.2780425;Ground_Summit authored launch:(0.080, 0.997, 0.000) separation=0.2754963;Ground_Summit authored launch:(0.080, 0.997, 0.000) separation=0.2755606;Ground_Summit authored launch:(0.080, 0.997, 0.000) separation=0.2755614;"
0.716,1047.985,147.365,190.000,23.736,-23.681,1.648,0.000,0.132,0.000,0.000,4,8.590,0.081,0.997,"Ground_Mountain_2_4:(0.080, 0.997, 0.000) separation=0.3312641;Ground_Mountain_2_4:(0.080, 0.997, 0.000) separation=0.3330455;Ground_Mountain_2_4:(0.080, 0.997, 0.000) separation=0.3312641;Ground_Mountain_2_4:(0.080, 0.997, 0.000) separation=0.3330455;Ground_Mountain_2_4:(0.080, 0.997, 0.000) separation=0.3312641;Ground_Mountain_2_4:(0.080, 0.997, 0.000) separation=0.3312641;Ground_Summit authored launch:(0.080, 0.997, 0.000) separation=0.2732395;Ground_Summit authored launch:(0.080, 0.997, 0.000) separation=0.2714647;Ground_Summit authored launch:(0.080, 0.997, 0.000) separation=0.2732401;Ground_Summit authored launch:(0.080, 0.997, 0.000) separation=0.2714641;Ground_Summit authored launch:(0.080, 0.997, 0.000) separation=0.271508;Ground_Summit authored launch:(0.080, 0.997, 0.000) separation=0.2715538;"
0.736,1047.512,147.398,190.000,23.737,-23.682,1.634,0.000,0.132,0.000,0.000,4,9.047,0.070,0.997,"Ground_Mountain_2_4:(0.080, 0.997, 0.000) separation=0.3266891;Ground_Mountain_2_4:(0.080, 0.997, 0.000) separation=0.3278151;Ground_Mountain_2_4:(0.080, 0.997, 0.000) separation=0.3266891;Ground_Mountain_2_4:(0.080, 0.997, 0.000) separation=0.3278151;Ground_Mountain_2_4:(0.080, 0.997, 0.000) separation=0.3266891;Ground_Mountain_2_4:(0.080, 0.997, 0.000) separation=0.3268733;Ground_Summit authored launch:(0.080, 0.997, 0.000) separation=0.2680114;Ground_Summit authored launch:(0.080, 0.997, 0.000) separation=0.2668772;Ground_Summit authored launch:(0.080, 0.997, 0.000) separation=0.2680117;Ground_Summit authored launch:(0.080, 0.997, 0.000) separation=0.2668769;Ground_Summit authored launch:(0.080, 0.997, 0.000) separation=0.2669333;Ground_Summit authored launch:(0.080, 0.997, 0.000) separation=0.2669336;"
0.755,1047.038,147.431,190.000,23.738,-23.683,1.628,0.000,0.131,0.000,0.000,4,9.459,0.060,0.997,"Ground_Mountain_2_4:(0.080, 0.997, 0.000) separation=0.321722;Ground_Mountain_2_4:(0.080, 0.997, 0.000) separation=0.3223523;Ground_Mountain_2_4:(0.080, 0.997, 0.000) separation=0.321722;Ground_Mountain_2_4:(0.080, 0.997, 0.000) separation=0.3223523;Ground_Mountain_2_4:(0.080, 0.997, 0.000) separation=0.321722;Ground_Mountain_2_4:(0.080, 0.997, 0.000) separation=0.321722;Ground_Summit authored launch:(0.080, 0.997, 0.000) separation=0.2625526;Ground_Summit authored launch:(0.080, 0.997, 0.000) separation=0.2619364;Ground_Summit authored launch:(0.080, 0.997, 0.000) separation=0.2625527;Ground_Summit authored launch:(0.080, 0.997, 0.000) separation=0.2619363;Ground_Summit authored launch:(0.080, 0.997, 0.000) separation=0.2619652;Ground_Summit authored launch:(0.080, 0.997, 0.000) separation=0.261981;"
0.776,1046.564,147.463,190.000,23.738,-23.684,1.629,0.000,0.131,0.000,0.000,4,9.822,0.051,0.997,"Ground_Mountain_2_4:(0.080, 0.997, 0.000) separation=0.316602;Ground_Mountain_2_4:(0.080, 0.997, 0.000) separation=0.3168151;Ground_Mountain_2_4:(0.080, 0.997, 0.000) separation=0.316602;Ground_Mountain_2_4:(0.080, 0.997, 0.000) separation=0.3168151;Ground_Mountain_2_4:(0.080, 0.997, 0.000) separation=0.316602;Ground_Mountain_2_4:(0.080, 0.997, 0.000) separation=0.316602;Ground_Summit authored launch:(0.080, 0.997, 0.000) separation=0.257034;Ground_Summit authored launch:(0.080, 0.997, 0.000) separation=0.2568309;Ground_Summit authored launch:(0.080, 0.997, 0.000) separation=0.2570339;Ground_Summit authored launch:(0.080, 0.997, 0.000) separation=0.256831;Ground_Summit authored launch:(0.080, 0.997, 0.000) separation=0.2568454;Ground_Summit authored launch:(0.080, 0.997, 0.000) separation=0.2568454;"
0.796,1046.091,147.496,190.000,23.739,-23.684,1.636,0.000,0.131,0.000,0.000,4,10.132,0.042,0.997,"Ground_Mountain_2_4:(0.080, 0.997, 0.000) separation=0.3115038;Ground_Mountain_2_4:(0.080, 0.997, 0.000) separation=0.3113787;Ground_Mountain_2_4:(0.080, 0.997, 0.000) separation=0.3115038;Ground_Mountain_2_4:(0.080, 0.997, 0.000) separation=0.3113787;Ground_Mountain_2_4:(0.080, 0.997, 0.000) separation=0.3113787;Ground_Mountain_2_4:(0.080, 0.997, 0.000) separation=0.3113787;Ground_Summit authored launch:(0.080, 0.997, 0.000) separation=0.2515659;Ground_Summit authored launch:(0.080, 0.997, 0.000) separation=0.2516854;Ground_Summit authored launch:(0.080, 0.997, 0.000) separation=0.2515657;Ground_Summit authored launch:(0.080, 0.997, 0.000) separation=0.2516856;Ground_Summit authored launch:(0.080, 0.997, 0.000) separation=0.251572;Ground_Summit authored launch:(0.080, 0.997, 0.000) separation=0.2515748;"
0.815,1045.617,147.529,190.000,23.739,-23.683,1.648,0.000,0.131,0.000,0.000,4,10.391,0.035,0.997,"Ground_Mountain_2_4:(0.080, 0.997, 0.000) separation=0.3064569;Ground_Mountain_2_4:(0.080, 0.997, 0.000) separation=0.3060994;Ground_Mountain_2_4:(0.080, 0.997, 0.000) separation=0.3064569;Ground_Mountain_2_4:(0.080, 0.997, 0.000) separation=0.3060994;Ground_Mountain_2_4:(0.080, 0.997, 0.000) separation=0.3060994;Ground_Mountain_2_4:(0.080, 0.997, 0.000) separation=0.3061608;Ground_Summit authored launch:(0.080, 0.997, 0.000) separation=0.2462834;Ground_Summit authored launch:(0.080, 0.997, 0.000) separation=0.2466472;Ground_Summit authored launch:(0.080, 0.997, 0.000) separation=0.246283;Ground_Summit authored launch:(0.080, 0.997, 0.000) separation=0.2466476;Ground_Summit authored launch:(0.080, 0.997, 0.000) separation=0.2463019;Ground_Summit authored launch:(0.080, 0.997, 0.000) separation=0.2463023;"
0.836,1045.143,147.562,190.000,23.740,-23.682,1.665,0.000,0.130,0.000,0.000,4,10.598,0.028,0.997,"Ground_Mountain_2_4:(0.080, 0.997, 0.000) separation=0.3016557;Ground_Mountain_2_4:(0.080, 0.997, 0.000) separation=0.3011016;Ground_Mountain_2_4:(0.080, 0.997, 0.000) separation=0.3016557;Ground_Mountain_2_4:(0.080, 0.997, 0.000) separation=0.3011016;Ground_Mountain_2_4:(0.080, 0.997, 0.000) separation=0.3011016;Ground_Mountain_2_4:(0.080, 0.997, 0.000) separation=0.3011016;Ground_Summit authored launch:(0.080, 0.997, 0.000) separation=0.2412778;Ground_Summit authored launch:(0.080, 0.997, 0.000) separation=0.24182;Ground_Summit authored launch:(0.080, 0.997, 0.000) separation=0.2412773;Ground_Summit authored launch:(0.080, 0.997, 0.000) separation=0.2418205;Ground_Summit authored launch:(0.080, 0.997, 0.000) separation=0.2412929;Ground_Summit authored launch:(0.080, 0.997, 0.000) separation=0.2413064;"
0.856,1044.670,147.596,190.000,23.740,-23.681,1.684,0.000,0.130,0.000,0.000,4,10.754,0.022,0.997,"Ground_Mountain_2_4:(0.080, 0.997, 0.000) separation=0.2971158;Ground_Mountain_2_4:(0.080, 0.997, 0.000) separation=0.2964539;Ground_Mountain_2_4:(0.080, 0.997, 0.000) separation=0.2971158;Ground_Mountain_2_4:(0.080, 0.997, 0.000) separation=0.2964539;Ground_Mountain_2_4:(0.080, 0.997, 0.000) separation=0.296454;Ground_Mountain_2_4:(0.080, 0.997, 0.000) separation=0.296454;Ground_Summit authored launch:(0.080, 0.997, 0.000) separation=0.2366345;Ground_Summit authored launch:(0.080, 0.997, 0.000) separation=0.2372987;Ground_Summit authored launch:(0.080, 0.997, 0.000) separation=0.236634;Ground_Summit authored launch:(0.080, 0.997, 0.000) separation=0.2372992;Ground_Summit authored launch:(0.080, 0.997, 0.000) separation=0.2366534;Ground_Summit authored launch:(0.080, 0.997, 0.000) separation=0.2366541;"
0.875,1044.196,147.630,190.000,23.740,-23.680,1.706,0.000,0.130,0.000,0.000,4,10.863,0.017,0.997,"Ground_Mountain_2_4:(0.080, 0.997, 0.000) separation=0.2929628;Ground_Mountain_2_4:(0.080, 0.997, 0.000) separation=0.2922301;Ground_Mountain_2_4:(0.080, 0.997, 0.000) separation=0.2929628;Ground_Mountain_2_4:(0.080, 0.997, 0.000) separation=0.2922301;Ground_Mountain_2_4:(0.080, 0.997, 0.000) separation=0.2922301;Ground_Mountain_2_4:(0.080, 0.997, 0.000) separation=0.2922301;Ground_Summit authored launch:(0.080, 0.997, 0.000) separation=0.2324102;Ground_Summit authored launch:(0.080, 0.997, 0.000) separation=0.2331499;Ground_Summit authored launch:(0.080, 0.997, 0.000) separation=0.2324096;Ground_Summit authored launch:(0.080, 0.997, 0.000) separation=0.2331505;Ground_Summit authored launch:(0.080, 0.997, 0.000) separation=0.2324139;Ground_Summit authored launch:(0.080, 0.997, 0.000) separation=0.2324323;"
0.896,1043.722,147.665,190.000,23.741,-23.678,1.729,0.000,0.130,0.000,0.000,4,10.930,0.012,0.997,"Ground_Mountain_2_4:(0.080, 0.997, 0.000) separation=0.2892186;Ground_Mountain_2_4:(0.080, 0.997, 0.000) separation=0.2884501;Ground_Mountain_2_4:(0.080, 0.997, 0.000) separation=0.2892186;Ground_Mountain_2_4:(0.080, 0.997, 0.000) separation=0.2884501;Ground_Mountain_2_4:(0.080, 0.997, 0.000) separation=0.2884501;Ground_Mountain_2_4:(0.080, 0.997, 0.000) separation=0.2885469;Ground_Summit authored launch:(0.080, 0.997, 0.000) separation=0.2286453;Ground_Summit authored launch:(0.080, 0.997, 0.000) separation=0.2294235;Ground_Summit authored launch:(0.080, 0.997, 0.000) separation=0.2286446;Ground_Summit authored launch:(0.080, 0.997, 0.000) separation=0.2294242;Ground_Summit authored launch:(0.080, 0.997, 0.000) separation=0.2286497;Ground_Summit authored launch:(0.080, 0.997, 0.000) separation=0.2286504;"
0.916,1043.249,147.700,190.000,23.741,-23.677,1.753,0.000,0.130,0.000,0.000,4,10.959,0.009,0.997,"Ground_Mountain_2_4:(0.080, 0.997, 0.000) separation=0.2859506;Ground_Mountain_2_4:(0.080, 0.997, 0.000) separation=0.2851707;Ground_Mountain_2_4:(0.080, 0.997, 0.000) separation=0.2859506;Ground_Mountain_2_4:(0.080, 0.997, 0.000) separation=0.2851707;Ground_Mountain_2_4:(0.080, 0.997, 0.000) separation=0.2851707;Ground_Mountain_2_4:(0.080, 0.997, 0.000) separation=0.2851707;Ground_Summit authored launch:(0.080, 0.997, 0.000) separation=0.2253463;Ground_Summit authored launch:(0.080, 0.997, 0.000) separation=0.2261333;Ground_Summit authored launch:(0.080, 0.997, 0.000) separation=0.2253456;Ground_Summit authored launch:(0.080, 0.997, 0.000) separation=0.226134;Ground_Summit authored launch:(0.080, 0.997, 0.000) separation=0.2253457;Ground_Summit authored launch:(0.080, 0.997, 0.000) separation=0.2253518;"
0.935,1042.775,147.735,190.000,23.741,-23.675,1.776,0.000,0.129,0.000,0.000,4,10.954,0.005,0.997,"Ground_Mountain_2_4:(0.080, 0.997, 0.000) separation=0.2831222;Ground_Mountain_2_4:(0.080, 0.997, 0.000) separation=0.2823416;Ground_Mountain_2_4:(0.080, 0.997, 0.000) separation=0.2831222;Ground_Mountain_2_4:(0.080, 0.997, 0.000) separation=0.2823416;Ground_Mountain_2_4:(0.080, 0.997, 0.000) separation=0.2823416;Ground_Mountain_2_4:(0.080, 0.997, 0.000) separation=0.2823416;Ground_Summit authored launch:(0.080, 0.997, 0.000) separation=0.2225293;Ground_Summit authored launch:(0.080, 0.997, 0.000) separation=0.2233026;Ground_Summit authored launch:(0.080, 0.997, 0.000) separation=0.2225286;Ground_Summit authored launch:(0.080, 0.997, 0.000) separation=0.2233034;Ground_Summit authored launch:(0.080, 0.997, 0.000) separation=0.2226718;Ground_Summit authored launch:(0.080, 0.997, 0.000) separation=0.2226911;"
0.956,1042.302,147.771,190.000,23.742,-23.674,1.799,0.000,0.129,0.000,0.000,4,10.921,0.003,0.997,"Ground_Mountain_2_4:(0.080, 0.997, 0.000) separation=0.2807427;Ground_Mountain_2_4:(0.080, 0.997, 0.000) separation=0.2799987;Ground_Mountain_2_4:(0.080, 0.997, 0.000) separation=0.2807427;Ground_Mountain_2_4:(0.080, 0.997, 0.000) separation=0.2799987;Ground_Mountain_2_4:(0.080, 0.997, 0.000) separation=0.2799988;Ground_Mountain_2_4:(0.080, 0.997, 0.000) separation=0.2799988;Ground_Summit authored launch:(0.080, 0.997, 0.000) separation=0.2201781;Ground_Summit authored launch:(0.080, 0.997, 0.000) separation=0.2209202;Ground_Summit authored launch:(0.080, 0.997, 0.000) separation=0.2201774;Ground_Summit authored launch:(0.080, 0.997, 0.000) separation=0.2209209;Ground_Summit authored launch:(0.080, 0.997, 0.000) separation=0.2203154;Ground_Summit authored launch:(0.080, 0.997, 0.000) separation=0.2203161;"
0.976,1041.828,147.808,190.000,23.742,-23.672,1.821,0.000,0.129,0.000,0.000,4,10.865,0.001,0.997,"Ground_Mountain_2_4:(0.080, 0.997, 0.000) separation=0.2788188;Ground_Mountain_2_4:(0.080, 0.997, 0.000) separation=0.2781218;Ground_Mountain_2_4:(0.080, 0.997, 0.000) separation=0.2788188;Ground_Mountain_2_4:(0.080, 0.997, 0.000) separation=0.2781218;Ground_Mountain_2_4:(0.080, 0.997, 0.000) separation=0.2781218;Ground_Mountain_2_4:(0.080, 0.997, 0.000) separation=0.2781779;Ground_Summit authored launch:(0.080, 0.997, 0.000) separation=0.2183047;Ground_Summit authored launch:(0.080, 0.997, 0.000) separation=0.2190032;Ground_Summit authored launch:(0.080, 0.997, 0.000) separation=0.218304;Ground_Summit authored launch:(0.080, 0.997, 0.000) separation=0.219004;Ground_Summit authored launch:(0.080, 0.997, 0.000) separation=0.2184176;Ground_Summit authored launch:(0.080, 0.997, 0.000) separation=0.2184349;"
0.995,1041.355,147.844,190.000,23.742,-23.671,1.841,0.000,0.129,0.000,0.000,4,10.790,0.001,0.997,"Ground_Mountain_2_4:(0.080, 0.997, 0.000) separation=0.2773439;Ground_Mountain_2_4:(0.080, 0.997, 0.000) separation=0.2767005;Ground_Mountain_2_4:(0.080, 0.997, 0.000) separation=0.2773439;Ground_Mountain_2_4:(0.080, 0.997, 0.000) separation=0.2767005;Ground_Mountain_2_4:(0.080, 0.997, 0.000) separation=0.2767005;Ground_Mountain_2_4:(0.080, 0.997, 0.000) separation=0.2767005;Ground_Summit authored launch:(0.080, 0.997, 0.000) separation=0.216877;Ground_Summit authored launch:(0.080, 0.997, 0.000) separation=0.2175175;Ground_Summit authored launch:(0.080, 0.997, 0.000) separation=0.2168762;Ground_Summit authored launch:(0.080, 0.997, 0.000) separation=0.2175183;Ground_Summit authored launch:(0.080, 0.997, 0.000) separation=0.2169759;Ground_Summit authored launch:(0.080, 0.997, 0.000) separation=0.2169767;"
1.016,1040.882,147.882,190.000,23.742,-23.669,1.859,0.000,0.129,0.000,0.000,4,10.701,0.002,0.997,"Ground_Mountain_2_4:(0.080, 0.997, 0.000) separation=0.2762531;Ground_Mountain_2_4:(0.080, 0.997, 0.000) separation=0.2756812;Ground_Mountain_2_4:(0.080, 0.997, 0.000) separation=0.2762531;Ground_Mountain_2_4:(0.080, 0.997, 0.000) separation=0.2756812;Ground_Mountain_2_4:(0.080, 0.997, 0.000) separation=0.2756812;Ground_Mountain_2_4:(0.080, 0.997, 0.000) separation=0.2756812;Ground_Summit authored launch:(0.080, 0.997, 0.000) separation=0.2158631;Ground_Summit authored launch:(0.080, 0.997, 0.000) separation=0.2164397;Ground_Summit authored launch:(0.080, 0.997, 0.000) separation=0.2158624;Ground_Summit authored launch:(0.080, 0.997, 0.000) separation=0.2164404;Ground_Summit authored launch:(0.080, 0.997, 0.000) separation=0.21594;Ground_Summit authored launch:(0.080, 0.997, 0.000) separation=0.2159536;"
1.036,1040.408,147.919,190.000,23.742,-23.668,1.876,0.000,0.129,0.000,0.000,4,10.602,0.003,0.997,"Ground_Mountain_2_4:(0.080, 0.997, 0.000) separation=0.2755271;Ground_Mountain_2_4:(0.080, 0.997, 0.000) separation=0.2750087;Ground_Mountain_2_4:(0.080, 0.997, 0.000) separation=0.2755271;Ground_Mountain_2_4:(0.080, 0.997, 0.000) separation=0.2750087;Ground_Mountain_2_4:(0.080, 0.997, 0.000) separation=0.2750087;Ground_Mountain_2_4:(0.080, 0.997, 0.000) separation=0.2750087;Ground_Summit authored launch:(0.080, 0.997, 0.000) separation=0.2152108;Ground_Summit authored launch:(0.080, 0.997, 0.000) separation=0.2157259;Ground_Summit authored launch:(0.080, 0.997, 0.000) separation=0.2152101;Ground_Summit authored launch:(0.080, 0.997, 0.000) separation=0.2157266;Ground_Summit authored launch:(0.080, 0.997, 0.000) separation=0.2152845;Ground_Summit authored launch:(0.080, 0.997, 0.000) separation=0.2152852;"
1.055,1039.935,147.957,190.000,23.742,-23.667,1.890,0.000,0.129,0.000,0.000,4,10.498,0.003,0.997,"Ground_Mountain_2_4:(0.080, 0.997, 0.000) separation=0.275177;Ground_Mountain_2_4:(0.080, 0.997, 0.000) separation=0.2747234;Ground_Mountain_2_4:(0.080, 0.997, 0.000) separation=0.2751825;Ground_Mountain_2_4:(0.080, 0.997, 0.000) separation=0.2747179;Ground_Mountain_2_4:(0.080, 0.997, 0.000) separation=0.2747179;Ground_Mountain_2_4:(0.080, 0.997, 0.000) separation=0.2747347;Ground_Summit authored launch:(0.080, 0.997, 0.000) separation=0.2148912;Ground_Summit authored launch:(0.080, 0.997, 0.000) separation=0.2153466;Ground_Summit authored launch:(0.080, 0.997, 0.000) separation=0.2148907;Ground_Summit authored launch:(0.080, 0.997, 0.000) separation=0.2153471;Ground_Summit authored launch:(0.080, 0.997, 0.000) separation=0.2149459;Ground_Summit authored launch:(0.080, 0.997, 0.000) separation=0.2149575;"
1.076,1039.462,147.995,190.000,23.743,-23.666,1.902,0.000,0.129,0.000,0.000,4,10.392,0.004,0.997,"Ground_Mountain_2_4:(0.080, 0.997, 0.000) separation=0.2750624;Ground_Mountain_2_4:(0.080, 0.997, 0.000) separation=0.2746594;Ground_Mountain_2_4:(0.080, 0.997, 0.000) separation=0.2750624;Ground_Mountain_2_4:(0.080, 0.997, 0.000) separation=0.2746594;Ground_Mountain_2_4:(0.080, 0.997, 0.000) separation=0.2746594;Ground_Mountain_2_4:(0.080, 0.997, 0.000) separation=0.2746594;Ground_Summit authored launch:(0.080, 0.997, 0.000) separation=0.2148445;Ground_Summit authored launch:(0.080, 0.997, 0.000) separation=0.2152418;Ground_Summit authored launch:(0.080, 0.997, 0.000) separation=0.2148441;Ground_Summit authored launch:(0.080, 0.997, 0.000) separation=0.2152422;Ground_Summit authored launch:(0.080, 0.997, 0.000) separation=0.2148926;Ground_Summit authored launch:(0.080, 0.997, 0.000) separation=0.214893;"
1.096,1038.989,148.033,190.000,23.743,-23.666,1.912,0.000,0.129,0.000,0.000,4,10.286,0.004,0.997,"Ground_Mountain_2_4:(0.080, 0.997, 0.000) separation=0.2751983;Ground_Mountain_2_4:(0.080, 0.997, 0.000) separation=0.274832;Ground_Mountain_2_4:(0.080, 0.997, 0.000) separation=0.2751983;Ground_Mountain_2_4:(0.080, 0.997, 0.000) separation=0.274832;Ground_Mountain_2_4:(0.080, 0.997, 0.000) separation=0.274832;Ground_Mountain_2_4:(0.080, 0.997, 0.000) separation=0.274832;Ground_Summit authored launch:(0.080, 0.997, 0.000) separation=0.2150493;Ground_Summit authored launch:(0.080, 0.997, 0.000) separation=0.2153978;Ground_Summit authored launch:(0.080, 0.997, 0.000) separation=0.2150491;Ground_Summit authored launch:(0.080, 0.997, 0.000) separation=0.2153981;Ground_Summit authored launch:(0.080, 0.997, 0.000) separation=0.2150826;Ground_Summit authored launch:(0.080, 0.997, 0.000) separation=0.2150916;"
1.115,1038.515,148.072,190.000,23.743,-23.665,1.920,0.000,0.129,0.000,0.000,4,10.184,0.004,0.997,"Ground_Mountain_2_4:(0.080, 0.997, 0.000) separation=0.2755696;Ground_Mountain_2_4:(0.080, 0.997, 0.000) separation=0.2752531;Ground_Mountain_2_4:(0.080, 0.997, 0.000) separation=0.2755696;Ground_Mountain_2_4:(0.080, 0.997, 0.000) separation=0.2752531;Ground_Mountain_2_4:(0.080, 0.997, 0.000) separation=0.2752531;Ground_Mountain_2_4:(0.080, 0.997, 0.000) separation=0.2752531;Ground_Summit authored launch:(0.080, 0.997, 0.000) separation=0.2154652;Ground_Summit authored launch:(0.080, 0.997, 0.000) separation=0.2157703;Ground_Summit authored launch:(0.080, 0.997, 0.000) separation=0.2154653;Ground_Summit authored launch:(0.080, 0.997, 0.000) separation=0.2157703;Ground_Summit authored launch:(0.080, 0.997, 0.000) separation=0.2154942;Ground_Summit authored launch:(0.080, 0.997, 0.000) separation=0.2154943;"
1.135,1038.042,148.110,190.000,23.743,-23.665,1.927,0.000,0.129,0.000,0.000,4,10.088,0.004,0.997,"Ground_Mountain_2_4:(0.080, 0.997, 0.000) separation=0.2761069;Ground_Mountain_2_4:(0.080, 0.997, 0.000) separation=0.275837;Ground_Mountain_2_4:(0.080, 0.997, 0.000) separation=0.2761069;Ground_Mountain_2_4:(0.080, 0.997, 0.000) separation=0.275837;Ground_Mountain_2_4:(0.080, 0.997, 0.000) separation=0.2758369;Ground_Mountain_2_4:(0.080, 0.997, 0.000) separation=0.2758369;Ground_Summit authored launch:(0.080, 0.997, 0.000) separation=0.2160309;Ground_Summit authored launch:(0.080, 0.997, 0.000) separation=0.2162915;Ground_Summit authored launch:(0.080, 0.997, 0.000) separation=0.2160311;Ground_Summit authored launch:(0.080, 0.997, 0.000) separation=0.2162913;Ground_Summit authored launch:(0.080, 0.997, 0.000) separation=0.2160492;Ground_Summit authored launch:(0.080, 0.997, 0.000) separation=0.2160562;"
1.156,1037.569,148.149,190.000,23.743,-23.664,1.931,0.000,0.129,0.000,0.000,4,9.998,0.003,0.997,"Ground_Mountain_2_4:(0.080, 0.997, 0.000) separation=0.2767459;Ground_Mountain_2_4:(0.080, 0.997, 0.000) separation=0.2765314;Ground_Mountain_2_4:(0.080, 0.997, 0.000) separation=0.2767459;Ground_Mountain_2_4:(0.080, 0.997, 0.000) separation=0.2765314;Ground_Mountain_2_4:(0.080, 0.997, 0.000) separation=0.2765314;Ground_Mountain_2_4:(0.080, 0.997, 0.000) separation=0.2765724;Ground_Summit authored launch:(0.080, 0.997, 0.000) separation=0.2167148;Ground_Summit authored launch:(0.080, 0.997, 0.000) separation=0.2169339;Ground_Summit authored launch:(0.080, 0.997, 0.000) separation=0.2167153;Ground_Summit authored launch:(0.080, 0.997, 0.000) separation=0.2169334;Ground_Summit authored launch:(0.080, 0.997, 0.000) separation=0.2167305;Ground_Summit authored launch:(0.080, 0.997, 0.000) separation=0.216731;"
1.176,1037.095,148.187,190.000,23.743,-23.664,1.934,0.000,0.129,0.000,0.000,4,9.917,0.003,0.997,"Ground_Mountain_2_4:(0.080, 0.997, 0.000) separation=0.27748;Ground_Mountain_2_4:(0.080, 0.997, 0.000) separation=0.2772941;Ground_Mountain_2_4:(0.080, 0.997, 0.000) separation=0.27748;Ground_Mountain_2_4:(0.080, 0.997, 0.000) separation=0.2772941;Ground_Mountain_2_4:(0.080, 0.997, 0.000) separation=0.2772941;Ground_Mountain_2_4:(0.080, 0.997, 0.000) separation=0.2772941;Ground_Summit authored launch:(0.080, 0.997, 0.000) separation=0.2174898;Ground_Summit authored launch:(0.080, 0.997, 0.000) separation=0.2176712;Ground_Summit authored launch:(0.080, 0.997, 0.000) separation=0.2174904;Ground_Summit authored launch:(0.080, 0.997, 0.000) separation=0.2176706;Ground_Summit authored launch:(0.080, 0.997, 0.000) separation=0.2174984;Ground_Summit authored launch:(0.080, 0.997, 0.000) separation=0.2175036;"
1.195,1036.622,148.226,190.000,23.743,-23.664,1.935,0.000,0.129,0.000,0.000,4,9.845,0.003,0.997,"Ground_Mountain_2_4:(0.080, 0.997, 0.000) separation=0.2782698;Ground_Mountain_2_4:(0.080, 0.997, 0.000) separation=0.2781259;Ground_Mountain_2_4:(0.080, 0.997, 0.000) separation=0.2782698;Ground_Mountain_2_4:(0.080, 0.997, 0.000) separation=0.2781259;Ground_Mountain_2_4:(0.080, 0.997, 0.000) separation=0.2781259;Ground_Mountain_2_4:(0.080, 0.997, 0.000) separation=0.2781259;Ground_Summit authored launch:(0.080, 0.997, 0.000) separation=0.2183223;Ground_Summit authored launch:(0.080, 0.997, 0.000) separation=0.2184712;Ground_Summit authored launch:(0.080, 0.997, 0.000) separation=0.2183231;Ground_Summit authored launch:(0.080, 0.997, 0.000) separation=0.2184705;Ground_Summit authored launch:(0.080, 0.997, 0.000) separation=0.2183296;Ground_Summit authored launch:(0.080, 0.997, 0.000) separation=0.2183303;"
1.216,1036.149,148.265,190.000,23.743,-23.664,1.935,0.000,0.129,0.000,0.000,4,9.783,0.003,0.997,"Ground_Mountain_2_4:(0.080, 0.997, 0.000) separation=0.2790954;Ground_Mountain_2_4:(0.080, 0.997, 0.000) separation=0.2789615;Ground_Mountain_2_4:(0.080, 0.997, 0.000) separation=0.2790954;Ground_Mountain_2_4:(0.080, 0.997, 0.000) separation=0.2789615;Ground_Mountain_2_4:(0.080, 0.997, 0.000) separation=0.2789615;Ground_Mountain_2_4:(0.080, 0.997, 0.000) separation=0.2789615;Ground_Summit authored launch:(0.080, 0.997, 0.000) separation=0.2191679;Ground_Summit authored launch:(0.080, 0.997, 0.000) separation=0.2192875;Ground_Summit authored launch:(0.080, 0.997, 0.000) separation=0.2191687;Ground_Summit authored launch:(0.080, 0.997, 0.000) separation=0.2192867;Ground_Summit authored launch:(0.080, 0.997, 0.000) separation=0.2191708;Ground_Summit authored launch:(0.080, 0.997, 0.000) separation=0.2191747;"
1.236,1035.676,148.303,190.000,23.743,-23.664,1.934,0.000,0.129,0.000,0.000,4,9.730,0.002,0.997,"Ground_Mountain_2_4:(0.080, 0.997, 0.000) separation=0.2799071;Ground_Mountain_2_4:(0.080, 0.997, 0.000) separation=0.2798122;Ground_Mountain_2_4:(0.080, 0.997, 0.000) separation=0.2799016;Ground_Mountain_2_4:(0.080, 0.997, 0.000) separation=0.2798177;Ground_Mountain_2_4:(0.080, 0.997, 0.000) separation=0.2798177;Ground_Mountain_2_4:(0.080, 0.997, 0.000) separation=0.2798308;Ground_Summit authored launch:(0.080, 0.997, 0.000) separation=0.2200129;Ground_Summit authored launch:(0.080, 0.997, 0.000) separation=0.2201068;Ground_Summit authored launch:(0.080, 0.997, 0.000) separation=0.2200138;Ground_Summit authored launch:(0.080, 0.997, 0.000) separation=0.2201059;Ground_Summit authored launch:(0.080, 0.997, 0.000) separation=0.2200153;Ground_Summit authored launch:(0.080, 0.997, 0.000) separation=0.2200162;"
1.255,1035.202,148.342,190.000,23.743,-23.664,1.932,0.000,0.128,0.000,0.000,4,9.687,0.002,0.997,"Ground_Mountain_2_4:(0.080, 0.997, 0.000) separation=0.2807374;Ground_Mountain_2_4:(0.080, 0.997, 0.000) separation=0.2806659;Ground_Mountain_2_4:(0.080, 0.997, 0.000) separation=0.2807374;Ground_Mountain_2_4:(0.080, 0.997, 0.000) separation=0.2806659;Ground_Mountain_2_4:(0.080, 0.997, 0.000) separation=0.2806659;Ground_Mountain_2_4:(0.080, 0.997, 0.000) separation=0.2806659;Ground_Summit authored launch:(0.080, 0.997, 0.000) separation=0.2208499;Ground_Summit authored launch:(0.080, 0.997, 0.000) separation=0.2209226;Ground_Summit authored launch:(0.080, 0.997, 0.000) separation=0.2208509;Ground_Summit authored launch:(0.080, 0.997, 0.000) separation=0.2209217;Ground_Summit authored launch:(0.080, 0.997, 0.000) separation=0.2208501;Ground_Summit authored launch:(0.080, 0.997, 0.000) separation=0.2208529;"
1.276,1034.729,148.381,190.000,23.743,-23.665,1.930,0.000,0.128,0.000,0.000,4,9.652,0.002,0.997,"Ground_Mountain_2_4:(0.080, 0.997, 0.000) separation=0.2814859;Ground_Mountain_2_4:(0.080, 0.997, 0.000) separation=0.2814451;Ground_Mountain_2_4:(0.080, 0.997, 0.000) separation=0.2814859;Ground_Mountain_2_4:(0.080, 0.997, 0.000) separation=0.2814451;Ground_Mountain_2_4:(0.080, 0.997, 0.000) separation=0.2814451;Ground_Mountain_2_4:(0.080, 0.997, 0.000) separation=0.2814451;Ground_Summit authored launch:(0.080, 0.997, 0.000) separation=0.2216444;Ground_Summit authored launch:(0.080, 0.997, 0.000) separation=0.2216986;Ground_Summit authored launch:(0.080, 0.997, 0.000) separation=0.2216453;Ground_Summit authored launch:(0.080, 0.997, 0.000) separation=0.2216977;Ground_Summit authored launch:(0.080, 0.997, 0.000) separation=0.2216446;Ground_Summit authored launch:(0.080, 0.997, 0.000) separation=0.2216455;"
1.296,1034.256,148.419,190.000,23.743,-23.665,1.927,0.000,0.128,0.000,0.000,4,9.627,0.002,0.997,"Ground_Mountain_2_4:(0.080, 0.997, 0.000) separation=0.282205;Ground_Mountain_2_4:(0.080, 0.997, 0.000) separation=0.2821625;Ground_Mountain_2_4:(0.080, 0.997, 0.000) separation=0.282205;Ground_Mountain_2_4:(0.080, 0.997, 0.000) separation=0.2821625;Ground_Mountain_2_4:(0.080, 0.997, 0.000) separation=0.2821625;Ground_Mountain_2_4:(0.080, 0.997, 0.000) separation=0.2821625;Ground_Summit authored launch:(0.080, 0.997, 0.000) separation=0.2223767;Ground_Summit authored launch:(0.080, 0.997, 0.000) separation=0.2224152;Ground_Summit authored launch:(0.080, 0.997, 0.000) separation=0.2223777;Ground_Summit authored launch:(0.080, 0.997, 0.000) separation=0.2224142;Ground_Summit authored launch:(0.080, 0.997, 0.000) separation=0.2223775;Ground_Summit authored launch:(0.080, 0.997, 0.000) separation=0.2223778;"
1.315,1033.783,148.458,190.000,23.743,-23.665,1.923,0.000,0.128,0.000,0.000,4,9.609,0.001,0.997,"Ground_Mountain_2_4:(0.080, 0.997, 0.000) separation=0.2828758;Ground_Mountain_2_4:(0.080, 0.997, 0.000) separation=0.2828491;Ground_Mountain_2_4:(0.080, 0.997, 0.000) separation=0.2828702;Ground_Mountain_2_4:(0.080, 0.997, 0.000) separation=0.2828547;Ground_Mountain_2_4:(0.080, 0.997, 0.000) separation=0.2828491;Ground_Mountain_2_4:(0.080, 0.997, 0.000) separation=0.2828491;Ground_Summit authored launch:(0.080, 0.997, 0.000) separation=0.2230479;Ground_Summit authored launch:(0.080, 0.997, 0.000) separation=0.2230733;Ground_Summit authored launch:(0.080, 0.997, 0.000) separation=0.2230489;Ground_Summit authored launch:(0.080, 0.997, 0.000) separation=0.2230723;Ground_Summit authored launch:(0.080, 0.997, 0.000) separation=0.2230522;Ground_Summit authored launch:(0.080, 0.997, 0.000) separation=0.2230538;"
1.336,1033.309,148.496,190.000,23.743,-23.665,1.920,0.000,0.128,0.000,0.000,4,9.598,0.001,0.997,"Ground_Mountain_2_4:(0.080, 0.997, 0.000) separation=0.283465;Ground_Mountain_2_4:(0.080, 0.997, 0.000) separation=0.2834485;Ground_Mountain_2_4:(0.080, 0.997, 0.000) separation=0.2834595;Ground_Mountain_2_4:(0.080, 0.997, 0.000) separation=0.2834541;Ground_Mountain_2_4:(0.080, 0.997, 0.000) separation=0.2834485;Ground_Mountain_2_4:(0.080, 0.997, 0.000) separation=0.2834485;Ground_Summit authored launch:(0.080, 0.997, 0.000) separation=0.2236621;Ground_Summit authored launch:(0.080, 0.997, 0.000) separation=0.2236705;Ground_Summit authored launch:(0.080, 0.997, 0.000) separation=0.2236631;Ground_Summit authored launch:(0.080, 0.997, 0.000) separation=0.2236695;Ground_Summit authored launch:(0.080, 0.997, 0.000) separation=0.2236581;Ground_Summit authored launch:(0.080, 0.997, 0.000) separation=0.2236591;"
1.356,1032.836,148.534,190.000,23.743,-23.666,1.916,0.000,0.128,0.000,0.000,4,9.593,0.001,0.997,"Ground_Mountain_2_4:(0.080, 0.997, 0.000) separation=0.2840055;Ground_Mountain_2_4:(0.080, 0.997, 0.000) separation=0.2840088;Ground_Mountain_2_4:(0.080, 0.997, 0.000) separation=0.2840055;Ground_Mountain_2_4:(0.080, 0.997, 0.000) separation=0.2840088;Ground_Mountain_2_4:(0.080, 0.997, 0.000) separation=0.2840055;Ground_Mountain_2_4:(0.080, 0.997, 0.000) separation=0.2840055;Ground_Summit authored launch:(0.080, 0.997, 0.000) separation=0.2242012;Ground_Summit authored launch:(0.080, 0.997, 0.000) separation=0.2241937;Ground_Summit authored launch:(0.080, 0.997, 0.000) separation=0.2242022;Ground_Summit authored launch:(0.080, 0.997, 0.000) separation=0.2241928;Ground_Summit authored launch:(0.080, 0.997, 0.000) separation=0.2241896;Ground_Summit authored launch:(0.080, 0.997, 0.000) separation=0.2241905;"
1.375,1032.363,148.573,190.000,23.743,-23.666,1.912,0.000,0.128,0.000,0.000,4,9.594,0.001,0.997,"Ground_Mountain_2_4:(0.080, 0.997, 0.000) separation=0.284436;Ground_Mountain_2_4:(0.080, 0.997, 0.000) separation=0.284436;Ground_Mountain_2_4:(0.080, 0.997, 0.000) separation=0.284436;Ground_Mountain_2_4:(0.080, 0.997, 0.000) separation=0.284436;Ground_Mountain_2_4:(0.080, 0.997, 0.000) separation=0.284436;Ground_Mountain_2_4:(0.080, 0.997, 0.000) separation=0.284436;Ground_Summit authored launch:(0.080, 0.997, 0.000) separation=0.2246572;Ground_Summit authored launch:(0.080, 0.997, 0.000) separation=0.2246424;Ground_Summit authored launch:(0.080, 0.997, 0.000) separation=0.2246582;Ground_Summit authored launch:(0.080, 0.997, 0.000) separation=0.2246414;Ground_Summit authored launch:(0.080, 0.997, 0.000) separation=0.2246417;Ground_Summit authored launch:(0.080, 0.997, 0.000) separation=0.2246419;"
1.396,1031.890,148.611,190.000,23.743,-23.666,1.909,0.000,0.128,0.000,0.000,4,9.599,0.001,0.997,"Ground_Mountain_2_4:(0.080, 0.997, 0.000) separation=0.2848253;Ground_Mountain_2_4:(0.080, 0.997, 0.000) separation=0.284848;Ground_Mountain_2_4:(0.080, 0.997, 0.000) separation=0.2848253;Ground_Mountain_2_4:(0.080, 0.997, 0.000) separation=0.284848;Ground_Mountain_2_4:(0.080, 0.997, 0.000) separation=0.2848253;Ground_Mountain_2_4:(0.080, 0.997, 0.000) separation=0.2848253;Ground_Summit authored launch:(0.080, 0.997, 0.000) separation=0.2250342;Ground_Summit authored launch:(0.080, 0.997, 0.000) separation=0.2250153;Ground_Summit authored launch:(0.080, 0.997, 0.000) separation=0.2250351;Ground_Summit authored launch:(0.080, 0.997, 0.000) separation=0.2250144;Ground_Summit authored launch:(0.080, 0.997, 0.000) separation=0.2250145;Ground_Summit authored launch:(0.080, 0.997, 0.000) separation=0.2250148;"
1.416,1031.416,148.649,190.000,23.743,-23.667,1.905,0.000,0.128,0.000,0.000,4,9.608,0.001,0.997,"Ground_Mountain_2_4:(0.080, 0.997, 0.000) separation=0.285153;Ground_Mountain_2_4:(0.080, 0.997, 0.000) separation=0.2851685;Ground_Mountain_2_4:(0.080, 0.997, 0.000) separation=0.285153;Ground_Mountain_2_4:(0.080, 0.997, 0.000) separation=0.2851685;Ground_Mountain_2_4:(0.080, 0.997, 0.000) separation=0.285153;Ground_Mountain_2_4:(0.080, 0.997, 0.000) separation=0.2851574;Ground_Summit authored launch:(0.080, 0.997, 0.000) separation=0.2253501;Ground_Summit authored launch:(0.080, 0.997, 0.000) separation=0.225329;Ground_Summit authored launch:(0.080, 0.997, 0.000) separation=0.2253511;Ground_Summit authored launch:(0.080, 0.997, 0.000) separation=0.2253281;Ground_Summit authored launch:(0.080, 0.997, 0.000) separation=0.2253282;Ground_Summit authored launch:(0.080, 0.997, 0.000) separation=0.2253291;"
1.435,1030.943,148.687,190.000,23.743,-23.667,1.902,0.000,0.128,0.000,0.000,4,9.620,0.000,0.997,"Ground_Mountain_2_4:(0.080, 0.997, 0.000) separation=0.2853738;Ground_Mountain_2_4:(0.080, 0.997, 0.000) separation=0.2853821;Ground_Mountain_2_4:(0.080, 0.997, 0.000) separation=0.2853738;Ground_Mountain_2_4:(0.080, 0.997, 0.000) separation=0.2853821;Ground_Mountain_2_4:(0.080, 0.997, 0.000) separation=0.2853738;Ground_Mountain_2_4:(0.080, 0.997, 0.000) separation=0.2853738;Ground_Summit authored launch:(0.080, 0.997, 0.000) separation=0.2255791;Ground_Summit authored launch:(0.080, 0.997, 0.000) separation=0.2255636;Ground_Summit authored launch:(0.080, 0.997, 0.000) separation=0.22558;Ground_Summit authored launch:(0.080, 0.997, 0.000) separation=0.2255627;Ground_Summit authored launch:(0.080, 0.997, 0.000) separation=0.225564;Ground_Summit authored launch:(0.080, 0.997, 0.000) separation=0.2255642;"
1.456,1030.469,148.725,190.000,23.743,-23.667,1.899,0.000,0.128,0.000,0.000,4,9.635,0.000,0.997,"Ground_Mountain_2_4:(0.080, 0.997, 0.000) separation=0.2855849;Ground_Mountain_2_4:(0.080, 0.997, 0.000) separation=0.2855805;Ground_Mountain_2_4:(0.080, 0.997, 0.000) separation=0.2855794;Ground_Mountain_2_4:(0.080, 0.997, 0.000) separation=0.285586;Ground_Mountain_2_4:(0.080, 0.997, 0.000) separation=0.2855794;Ground_Mountain_2_4:(0.080, 0.997, 0.000) separation=0.2855794;Ground_Summit authored launch:(0.080, 0.997, 0.000) separation=0.225747;Ground_Summit authored launch:(0.080, 0.997, 0.000) separation=0.2257381;Ground_Summit authored launch:(0.080, 0.997, 0.000) separation=0.2257478;Ground_Summit authored launch:(0.080, 0.997, 0.000) separation=0.2257372;Ground_Summit authored launch:(0.080, 0.997, 0.000) separation=0.2257386;Ground_Summit authored launch:(0.080, 0.997, 0.000) separation=0.2257395;"
1.476,1029.996,148.763,190.000,23.743,-23.667,1.897,0.000,0.128,0.000,0.000,4,9.651,0.000,0.997,"Ground_Mountain_2_4:(0.080, 0.997, 0.000) separation=0.2856568;Ground_Mountain_2_4:(0.080, 0.997, 0.000) separation=0.2856568;Ground_Mountain_2_4:(0.080, 0.997, 0.000) separation=0.2856568;Ground_Mountain_2_4:(0.080, 0.997, 0.000) separation=0.2856568;Ground_Mountain_2_4:(0.080, 0.997, 0.000) separation=0.2856568;Ground_Mountain_2_4:(0.080, 0.997, 0.000) separation=0.2856568;Ground_Summit authored launch:(0.080, 0.997, 0.000) separation=0.2258541;Ground_Summit authored launch:(0.080, 0.997, 0.000) separation=0.2258464;Ground_Summit authored launch:(0.080, 0.997, 0.000) separation=0.225855;Ground_Summit authored launch:(0.080, 0.997, 0.000) separation=0.2258456;Ground_Summit authored launch:(0.080, 0.997, 0.000) separation=0.225846;Ground_Summit authored launch:(0.080, 0.997, 0.000) separation=0.2258466;"
1.495,1029.523,148.801,190.000,23.743,-23.667,1.894,0.000,0.128,0.000,0.000,4,9.667,0.000,0.997,"Ground_Mountain_2_4:(0.080, 0.997, 0.000) separation=0.2857178;Ground_Mountain_2_4:(0.080, 0.997, 0.000) separation=0.2857178;Ground_Mountain_2_4:(0.080, 0.997, 0.000) separation=0.2857178;Ground_Mountain_2_4:(0.080, 0.997, 0.000) separation=0.2857178;Ground_Mountain_2_4:(0.080, 0.997, 0.000) separation=0.2857178;Ground_Mountain_2_4:(0.080, 0.997, 0.000) separation=0.2857178;Ground_Summit authored launch:(0.080, 0.997, 0.000) separation=0.2259152;Ground_Summit authored launch:(0.080, 0.997, 0.000) separation=0.2259077;Ground_Summit authored launch:(0.080, 0.997, 0.000) separation=0.225916;Ground_Summit authored launch:(0.080, 0.997, 0.000) separation=0.2259069;Ground_Summit authored launch:(0.080, 0.997, 0.000) separation=0.2259073;Ground_Summit authored launch:(0.080, 0.997, 0.000) separation=0.2259081;"
1.516,1029.049,148.839,190.000,23.743,-23.668,1.893,0.000,0.128,0.000,0.000,4,9.684,0.000,0.997,"Ground_Mountain_2_4:(0.080, 0.997, 0.000) separation=0.285733;Ground_Mountain_2_4:(0.080, 0.997, 0.000) separation=0.285733;Ground_Mountain_2_4:(0.080, 0.997, 0.000) separation=0.285733;Ground_Mountain_2_4:(0.080, 0.997, 0.000) separation=0.285733;Ground_Mountain_2_4:(0.080, 0.997, 0.000) separation=0.285733;Ground_Mountain_2_4:(0.080, 0.997, 0.000) separation=0.285733;Ground_Summit authored launch:(0.080, 0.997, 0.000) separation=0.2259304;Ground_Summit authored launch:(0.080, 0.997, 0.000) separation=0.2259235;Ground_Summit authored launch:(0.080, 0.997, 0.000) separation=0.2259312;Ground_Summit authored launch:(0.080, 0.997, 0.000) separation=0.2259227;Ground_Summit authored launch:(0.080, 0.997, 0.000) separation=0.2259233;Ground_Summit authored launch:(0.080, 0.997, 0.000) separation=0.2259239;"
1.536,1028.576,148.876,190.000,23.743,-23.668,1.891,0.000,0.128,0.000,0.000,4,9.700,0.000,0.997,"Ground_Mountain_2_4:(0.080, 0.997, 0.000) separation=0.2857081;Ground_Mountain_2_4:(0.080, 0.997, 0.000) separation=0.2857038;Ground_Mountain_2_4:(0.080, 0.997, 0.000) separation=0.2857025;Ground_Mountain_2_4:(0.080, 0.997, 0.000) separation=0.2857093;Ground_Mountain_2_4:(0.080, 0.997, 0.000) separation=0.2857025;Ground_Mountain_2_4:(0.080, 0.997, 0.000) separation=0.2857025;Ground_Summit authored launch:(0.080, 0.997, 0.000) separation=0.2259149;Ground_Summit authored launch:(0.080, 0.997, 0.000) separation=0.2259087;Ground_Summit authored launch:(0.080, 0.997, 0.000) separation=0.2259156;Ground_Summit authored launch:(0.080, 0.997, 0.000) separation=0.2259079;Ground_Summit authored launch:(0.080, 0.997, 0.000) separation=0.2259085;Ground_Summit authored launch:(0.080, 0.997, 0.000) separation=0.2259092;"
1.555,1028.102,148.914,190.000,23.743,-23.668,1.890,0.000,0.128,0.000,0.000,4,9.716,0.000,0.997,"Ground_Mountain_2_4:(0.080, 0.997, 0.000) separation=0.285672;Ground_Mountain_2_4:(0.080, 0.997, 0.000) separation=0.285672;Ground_Mountain_2_4:(0.080, 0.997, 0.000) separation=0.285672;Ground_Mountain_2_4:(0.080, 0.997, 0.000) separation=0.285672;Ground_Mountain_2_4:(0.080, 0.997, 0.000) separation=0.285672;Ground_Mountain_2_4:(0.080, 0.997, 0.000) separation=0.285672;Ground_Summit authored launch:(0.080, 0.997, 0.000) separation=0.2258693;Ground_Summit authored launch:(0.080, 0.997, 0.000) separation=0.2258642;Ground_Summit authored launch:(0.080, 0.997, 0.000) separation=0.22587;Ground_Summit authored launch:(0.080, 0.997, 0.000) separation=0.2258635;Ground_Summit authored launch:(0.080, 0.997, 0.000) separation=0.2258641;Ground_Summit authored launch:(0.080, 0.997, 0.000) separation=0.2258646;"
1.576,1027.629,148.952,190.000,23.743,-23.668,1.889,0.000,0.128,0.000,0.000,4,9.730,0.000,0.997,"Ground_Mountain_2_4:(0.080, 0.997, 0.000) separation=0.285611;Ground_Mountain_2_4:(0.080, 0.997, 0.000) separation=0.2856195;Ground_Mountain_2_4:(0.080, 0.997, 0.000) separation=0.285611;Ground_Mountain_2_4:(0.080, 0.997, 0.000) separation=0.2856195;Ground_Mountain_2_4:(0.080, 0.997, 0.000) separation=0.285611;Ground_Mountain_2_4:(0.080, 0.997, 0.000) separation=0.285611;Ground_Summit authored launch:(0.080, 0.997, 0.000) separation=0.2257933;Ground_Summit authored launch:(0.080, 0.997, 0.000) separation=0.225789;Ground_Summit authored launch:(0.080, 0.997, 0.000) separation=0.2257939;Ground_Summit authored launch:(0.080, 0.997, 0.000) separation=0.2257883;Ground_Summit authored launch:(0.080, 0.997, 0.000) separation=0.2257888;Ground_Summit authored launch:(0.080, 0.997, 0.000) separation=0.2257895;"
1.596,1027.156,148.990,190.000,23.743,-23.668,1.888,0.000,0.128,0.000,0.000,4,9.744,0.000,0.997,"Ground_Mountain_2_4:(0.080, 0.997, 0.000) separation=0.2854889;Ground_Mountain_2_4:(0.080, 0.997, 0.000) separation=0.285501;Ground_Mountain_2_4:(0.080, 0.997, 0.000) separation=0.2854889;Ground_Mountain_2_4:(0.080, 0.997, 0.000) separation=0.285501;Ground_Mountain_2_4:(0.080, 0.997, 0.000) separation=0.2854889;Ground_Mountain_2_4:(0.080, 0.997, 0.000) separation=0.2854889;Ground_Summit authored launch:(0.080, 0.997, 0.000) separation=0.2257014;Ground_Summit authored launch:(0.080, 0.997, 0.000) separation=0.2256983;Ground_Summit authored launch:(0.080, 0.997, 0.000) separation=0.2257021;Ground_Summit authored launch:(0.080, 0.997, 0.000) separation=0.2256977;Ground_Summit authored launch:(0.080, 0.997, 0.000) separation=0.2256981;Ground_Summit authored launch:(0.080, 0.997, 0.000) separation=0.2256987;"
1.615,1026.682,149.028,190.000,23.743,-23.668,1.888,0.000,0.128,0.000,0.000,4,9.756,0.000,0.997,"Ground_Mountain_2_4:(0.080, 0.997, 0.000) separation=0.2853974;Ground_Mountain_2_4:(0.080, 0.997, 0.000) separation=0.2853978;Ground_Mountain_2_4:(0.080, 0.997, 0.000) separation=0.2853974;Ground_Mountain_2_4:(0.080, 0.997, 0.000) separation=0.2853978;Ground_Mountain_2_4:(0.080, 0.997, 0.000) separation=0.2853974;Ground_Mountain_2_4:(0.080, 0.997, 0.000) separation=0.2853974;Ground_Summit authored launch:(0.080, 0.997, 0.000) separation=0.2255949;Ground_Summit authored launch:(0.080, 0.997, 0.000) separation=0.2255931;Ground_Summit authored launch:(0.080, 0.997, 0.000) separation=0.2255956;Ground_Summit authored launch:(0.080, 0.997, 0.000) separation=0.2255924;Ground_Summit authored launch:(0.080, 0.997, 0.000) separation=0.2255927;Ground_Summit authored launch:(0.080, 0.997, 0.000) separation=0.2255934;"
1.635,1026.209,149.065,190.000,23.743,-23.668,1.887,0.000,0.128,0.000,0.000,4,9.768,0.000,0.997,"Ground_Mountain_2_4:(0.080, 0.997, 0.000) separation=0.2852905;Ground_Mountain_2_4:(0.080, 0.997, 0.000) separation=0.2852946;Ground_Mountain_2_4:(0.080, 0.997, 0.000) separation=0.2852905;Ground_Mountain_2_4:(0.080, 0.997, 0.000) separation=0.2852946;Ground_Mountain_2_4:(0.080, 0.997, 0.000) separation=0.2852905;Ground_Mountain_2_4:(0.080, 0.997, 0.000) separation=0.2852905;Ground_Summit authored launch:(0.080, 0.997, 0.000) separation=0.2254728;Ground_Summit authored launch:(0.080, 0.997, 0.000) separation=0.225472;Ground_Summit authored launch:(0.080, 0.997, 0.000) separation=0.2254734;Ground_Summit authored launch:(0.080, 0.997, 0.000) separation=0.2254714;Ground_Summit authored launch:(0.080, 0.997, 0.000) separation=0.2254716;Ground_Summit authored launch:(0.080, 0.997, 0.000) separation=0.2254719;"
1.656,1025.735,149.103,190.000,23.743,-23.668,1.887,0.000,0.128,0.000,0.000,4,9.777,0.000,0.997,"Ground_Mountain_2_4:(0.080, 0.997, 0.000) separation=0.2851634;Ground_Mountain_2_4:(0.080, 0.997, 0.000) separation=0.2851686;Ground_Mountain_2_4:(0.080, 0.997, 0.000) separation=0.2851634;Ground_Mountain_2_4:(0.080, 0.997, 0.000) separation=0.2851686;Ground_Mountain_2_4:(0.080, 0.997, 0.000) separation=0.2851532;Ground_Mountain_2_4:(0.080, 0.997, 0.000) separation=0.2851532;Ground_Summit authored launch:(0.080, 0.997, 0.000) separation=0.2253512;Ground_Summit authored launch:(0.080, 0.997, 0.000) separation=0.2253515;Ground_Summit authored launch:(0.080, 0.997, 0.000) separation=0.2253518;Ground_Summit authored launch:(0.080, 0.997, 0.000) separation=0.2253509;Ground_Summit authored launch:(0.080, 0.997, 0.000) separation=0.2253509;Ground_Summit authored launch:(0.080, 0.997, 0.000) separation=0.225351;"
1.676,1025.262,149.141,190.000,23.743,-23.668,1.888,0.000,0.128,0.000,0.000,4,9.785,0.000,0.997,"Ground_Mountain_2_4:(0.080, 0.997, 0.000) separation=0.285053;Ground_Mountain_2_4:(0.080, 0.997, 0.000) separation=0.285069;Ground_Mountain_2_4:(0.080, 0.997, 0.000) separation=0.285053;Ground_Mountain_2_4:(0.080, 0.997, 0.000) separation=0.285069;Ground_Mountain_2_4:(0.080, 0.997, 0.000) separation=0.2850464;Ground_Mountain_2_4:(0.080, 0.997, 0.000) separation=0.2850464;Ground_Summit authored launch:(0.080, 0.997, 0.000) separation=0.2252367;Ground_Summit authored launch:(0.080, 0.997, 0.000) separation=0.2252308;Ground_Summit authored launch:(0.080, 0.997, 0.000) separation=0.2252372;Ground_Summit authored launch:(0.080, 0.997, 0.000) separation=0.2252303;Ground_Summit authored launch:(0.080, 0.997, 0.000) separation=0.2252296;Ground_Summit authored launch:(0.080, 0.997, 0.000) separation=0.2252298;"
1.695,1024.789,149.179,190.000,23.743,-23.668,1.888,0.000,0.128,0.000,0.000,4,9.792,0.000,0.997,"Ground_Mountain_2_4:(0.080, 0.997, 0.000) separation=0.2849091;Ground_Mountain_2_4:(0.080, 0.997, 0.000) separation=0.284924;Ground_Mountain_2_4:(0.080, 0.997, 0.000) separation=0.2849091;Ground_Mountain_2_4:(0.080, 0.997, 0.000) separation=0.2849295;Ground_Mountain_2_4:(0.080, 0.997, 0.000) separation=0.284909;Ground_Mountain_2_4:(0.080, 0.997, 0.000) separation=0.2849091;Ground_Summit authored launch:(0.080, 0.997, 0.000) separation=0.2251218;Ground_Summit authored launch:(0.080, 0.997, 0.000) separation=0.2251099;Ground_Summit authored launch:(0.080, 0.997, 0.000) separation=0.2251223;Ground_Summit authored launch:(0.080, 0.997, 0.000) separation=0.2251094;Ground_Summit authored launch:(0.080, 0.997, 0.000) separation=0.2251082;Ground_Summit authored launch:(0.080, 0.997, 0.000) separation=0.2251085;"
1.716,1024.315,149.216,190.000,23.743,-23.668,1.888,0.000,0.128,0.000,0.000,4,9.797,0.000,0.997,"Ground_Mountain_2_4:(0.080, 0.997, 0.000) separation=0.2848035;Ground_Mountain_2_4:(0.080, 0.997, 0.000) separation=0.2848295;Ground_Mountain_2_4:(0.080, 0.997, 0.000) separation=0.2848035;Ground_Mountain_2_4:(0.080, 0.997, 0.000) separation=0.2848295;Ground_Mountain_2_4:(0.080, 0.997, 0.000) separation=0.2848036;Ground_Mountain_2_4:(0.080, 0.997, 0.000) separation=0.2848036;Ground_Summit authored launch:(0.080, 0.997, 0.000) separation=0.2250002;Ground_Summit authored launch:(0.080, 0.997, 0.000) separation=0.2249891;Ground_Summit authored launch:(0.080, 0.997, 0.000) separation=0.2250007;Ground_Summit authored launch:(0.080, 0.997, 0.000) separation=0.2249886;Ground_Summit authored launch:(0.080, 0.997, 0.000) separation=0.2249873;Ground_Summit authored launch:(0.080, 0.997, 0.000) separation=0.2249878;"
1.736,1023.842,149.254,190.000,23.743,-23.668,1.889,0.000,0.128,0.000,0.000,4,9.801,0.000,0.997,"Ground_Mountain_2_4:(0.080, 0.997, 0.000) separation=0.2846997;Ground_Mountain_2_4:(0.080, 0.997, 0.000) separation=0.2847107;Ground_Mountain_2_4:(0.080, 0.997, 0.000) separation=0.2846997;Ground_Mountain_2_4:(0.080, 0.997, 0.000) separation=0.2847107;Ground_Mountain_2_4:(0.080, 0.997, 0.000) separation=0.2846997;Ground_Mountain_2_4:(0.080, 0.997, 0.000) separation=0.2846997;Ground_Summit authored launch:(0.080, 0.997, 0.000) separation=0.2248934;Ground_Summit authored launch:(0.080, 0.997, 0.000) separation=0.2248841;Ground_Summit authored launch:(0.080, 0.997, 0.000) separation=0.2248938;Ground_Summit authored launch:(0.080, 0.997, 0.000) separation=0.2248836;Ground_Summit authored launch:(0.080, 0.997, 0.000) separation=0.2248827;Ground_Summit authored launch:(0.080, 0.997, 0.000) separation=0.2248831;"
1.755,1023.369,149.292,190.000,23.743,-23.668,1.889,0.000,0.128,0.000,0.000,4,9.804,0.000,0.997,"Ground_Mountain_2_4:(0.080, 0.997, 0.000) separation=0.2846118;Ground_Mountain_2_4:(0.080, 0.997, 0.000) separation=0.2846087;Ground_Mountain_2_4:(0.080, 0.997, 0.000) separation=0.2846118;Ground_Mountain_2_4:(0.080, 0.997, 0.000) separation=0.2846087;Ground_Mountain_2_4:(0.080, 0.997, 0.000) separation=0.2846087;Ground_Mountain_2_4:(0.080, 0.997, 0.000) separation=0.2846087;Ground_Summit authored launch:(0.080, 0.997, 0.000) separation=0.2247808;Ground_Summit authored launch:(0.080, 0.997, 0.000) separation=0.2247741;Ground_Summit authored launch:(0.080, 0.997, 0.000) separation=0.2247813;Ground_Summit authored launch:(0.080, 0.997, 0.000) separation=0.2247737;Ground_Summit authored launch:(0.080, 0.997, 0.000) separation=0.2247794;Ground_Summit authored launch:(0.080, 0.997, 0.000) separation=0.2247797;"
1.776,1022.895,149.330,190.000,23.743,-23.668,1.890,0.000,0.128,0.000,0.000,4,9.805,0.000,0.997,"Ground_Mountain_2_4:(0.080, 0.997, 0.000) separation=0.2845086;Ground_Mountain_2_4:(0.080, 0.997, 0.000) separation=0.2844982;Ground_Mountain_2_4:(0.080, 0.997, 0.000) separation=0.2845086;Ground_Mountain_2_4:(0.080, 0.997, 0.000) separation=0.2844982;Ground_Mountain_2_4:(0.080, 0.997, 0.000) separation=0.2844982;Ground_Mountain_2_4:(0.080, 0.997, 0.000) separation=0.2844982;Ground_Summit authored launch:(0.080, 0.997, 0.000) separation=0.2246938;Ground_Summit authored launch:(0.080, 0.997, 0.000) separation=0.2246962;Ground_Summit authored launch:(0.080, 0.997, 0.000) separation=0.2246942;Ground_Summit authored launch:(0.080, 0.997, 0.000) separation=0.2246958;Ground_Summit authored launch:(0.080, 0.997, 0.000) separation=0.224695;Ground_Summit authored launch:(0.080, 0.997, 0.000) separation=0.2246957;"
1.796,1022.422,149.367,190.000,23.743,-23.668,1.890,0.000,0.128,0.000,0.000,4,9.805,0.000,0.997,"Ground_Mountain_2_4:(0.080, 0.997, 0.000) separation=0.2844414;Ground_Mountain_2_4:(0.080, 0.997, 0.000) separation=0.2844208;Ground_Mountain_2_4:(0.080, 0.997, 0.000) separation=0.2844359;Ground_Mountain_2_4:(0.080, 0.997, 0.000) separation=0.2844263;Ground_Mountain_2_4:(0.080, 0.997, 0.000) separation=0.2844208;Ground_Mountain_2_4:(0.080, 0.997, 0.000) separation=0.2844208;Ground_Summit authored launch:(0.080, 0.997, 0.000) separation=0.2246223;Ground_Summit authored launch:(0.080, 0.997, 0.000) separation=0.224633;Ground_Summit authored launch:(0.080, 0.997, 0.000) separation=0.2246227;Ground_Summit authored launch:(0.080, 0.997, 0.000) separation=0.2246326;Ground_Summit authored launch:(0.080, 0.997, 0.000) separation=0.2246237;Ground_Summit authored launch:(0.080, 0.997, 0.000) separation=0.2246242;"
1.815,1021.949,149.405,190.000,23.743,-23.668,1.891,0.000,0.128,0.000,0.000,4,9.806,0.000,0.997,"Ground_Mountain_2_4:(0.080, 0.997, 0.000) separation=0.2843598;Ground_Mountain_2_4:(0.080, 0.997, 0.000) separation=0.2843598;Ground_Mountain_2_4:(0.080, 0.997, 0.000) separation=0.2843598;Ground_Mountain_2_4:(0.080, 0.997, 0.000) separation=0.2843598;Ground_Mountain_2_4:(0.080, 0.997, 0.000) separation=0.2843598;Ground_Mountain_2_4:(0.080, 0.997, 0.000) separation=0.2843598;Ground_Summit authored launch:(0.080, 0.997, 0.000) separation=0.2245512;Ground_Summit authored launch:(0.080, 0.997, 0.000) separation=0.2245628;Ground_Summit authored launch:(0.080, 0.997, 0.000) separation=0.2245516;Ground_Summit authored launch:(0.080, 0.997, 0.000) separation=0.2245624;Ground_Summit authored launch:(0.080, 0.997, 0.000) separation=0.2245525;Ground_Summit authored launch:(0.080, 0.997, 0.000) separation=0.2245532;"
1.836,1021.475,149.443,190.000,23.743,-23.668,1.891,0.000,0.128,0.000,0.000,4,9.805,0.000,0.997,"Ground_Mountain_2_4:(0.080, 0.997, 0.000) separation=0.2843069;Ground_Mountain_2_4:(0.080, 0.997, 0.000) separation=0.2842987;Ground_Mountain_2_4:(0.080, 0.997, 0.000) separation=0.2843069;Ground_Mountain_2_4:(0.080, 0.997, 0.000) separation=0.2842987;Ground_Mountain_2_4:(0.080, 0.997, 0.000) separation=0.2842987;Ground_Mountain_2_4:(0.080, 0.997, 0.000) separation=0.2842987;Ground_Summit authored launch:(0.080, 0.997, 0.000) separation=0.2244957;Ground_Summit authored launch:(0.080, 0.997, 0.000) separation=0.2245066;Ground_Summit authored launch:(0.080, 0.997, 0.000) separation=0.2244961;Ground_Summit authored launch:(0.080, 0.997, 0.000) separation=0.2245063;Ground_Summit authored launch:(0.080, 0.997, 0.000) separation=0.2244968;Ground_Summit authored launch:(0.080, 0.997, 0.000) separation=0.2244972;"
1.856,1021.002,149.481,190.000,23.743,-23.668,1.892,0.000,0.128,0.000,0.000,4,9.803,0.000,0.997,"Ground_Mountain_2_4:(0.080, 0.997, 0.000) separation=0.2842728;Ground_Mountain_2_4:(0.080, 0.997, 0.000) separation=0.2842682;Ground_Mountain_2_4:(0.080, 0.997, 0.000) separation=0.2842728;Ground_Mountain_2_4:(0.080, 0.997, 0.000) separation=0.2842682;Ground_Mountain_2_4:(0.080, 0.997, 0.000) separation=0.2842682;Ground_Mountain_2_4:(0.080, 0.997, 0.000) separation=0.2842682;Ground_Summit authored launch:(0.080, 0.997, 0.000) separation=0.2244558;Ground_Summit authored launch:(0.080, 0.997, 0.000) separation=0.2244659;Ground_Summit authored launch:(0.080, 0.997, 0.000) separation=0.2244562;Ground_Summit authored launch:(0.080, 0.997, 0.000) separation=0.2244656;Ground_Summit authored launch:(0.080, 0.997, 0.000) separation=0.2244567;Ground_Summit authored launch:(0.080, 0.997, 0.000) separation=0.2244573;"
1.875,1020.529,149.519,190.000,23.743,-23.668,1.892,0.000,0.128,0.000,0.000,4,9.801,0.000,0.997,"Ground_Mountain_2_4:(0.080, 0.997, 0.000) separation=0.2842396;Ground_Mountain_2_4:(0.080, 0.997, 0.000) separation=0.2842513;Ground_Mountain_2_4:(0.080, 0.997, 0.000) separation=0.2842396;Ground_Mountain_2_4:(0.080, 0.997, 0.000) separation=0.2842513;Ground_Mountain_2_4:(0.080, 0.997, 0.000) separation=0.2842377;Ground_Mountain_2_4:(0.080, 0.997, 0.000) separation=0.2842377;Ground_Summit authored launch:(0.080, 0.997, 0.000) separation=0.224431;Ground_Summit authored launch:(0.080, 0.997, 0.000) separation=0.22444;Ground_Summit authored launch:(0.080, 0.997, 0.000) separation=0.2244313;Ground_Summit authored launch:(0.080, 0.997, 0.000) separation=0.2244396;Ground_Summit authored launch:(0.080, 0.997, 0.000) separation=0.2244318;Ground_Summit authored launch:(0.080, 0.997, 0.000) separation=0.2244321;"
1.896,1020.055,149.557,190.000,23.743,-23.668,1.893,0.000,0.128,0.000,0.000,4,9.799,0.000,0.997,"Ground_Mountain_2_4:(0.080, 0.997, 0.000) separation=0.2842098;Ground_Mountain_2_4:(0.080, 0.997, 0.000) separation=0.2842119;Ground_Mountain_2_4:(0.080, 0.997, 0.000) separation=0.2842098;Ground_Mountain_2_4:(0.080, 0.997, 0.000) separation=0.2842119;Ground_Mountain_2_4:(0.080, 0.997, 0.000) separation=0.2842098;Ground_Mountain_2_4:(0.080, 0.997, 0.000) separation=0.2842098;Ground_Summit authored launch:(0.080, 0.997, 0.000) separation=0.2244066;Ground_Summit authored launch:(0.080, 0.997, 0.000) separation=0.2244146;Ground_Summit authored launch:(0.080, 0.997, 0.000) separation=0.2244071;Ground_Summit authored launch:(0.080, 0.997, 0.000) separation=0.2244141;Ground_Summit authored launch:(0.080, 0.997, 0.000) separation=0.2244071;Ground_Summit authored launch:(0.080, 0.997, 0.000) separation=0.2244079;"
1.916,1019.582,149.594,190.000,23.743,-23.668,1.893,0.000,0.128,0.000,0.000,4,9.797,0.000,0.997,"Ground_Mountain_2_4:(0.080, 0.997, 0.000) separation=0.2841981;Ground_Mountain_2_4:(0.080, 0.997, 0.000) separation=0.2841895;Ground_Mountain_2_4:(0.080, 0.997, 0.000) separation=0.2841981;Ground_Mountain_2_4:(0.080, 0.997, 0.000) separation=0.2841895;Ground_Mountain_2_4:(0.080, 0.997, 0.000) separation=0.2841895;Ground_Mountain_2_4:(0.080, 0.997, 0.000) separation=0.2841961;Ground_Summit authored launch:(0.080, 0.997, 0.000) separation=0.2243971;Ground_Summit authored launch:(0.080, 0.997, 0.000) separation=0.2244043;Ground_Summit authored launch:(0.080, 0.997, 0.000) separation=0.2243977;Ground_Summit authored launch:(0.080, 0.997, 0.000) separation=0.2244037;Ground_Summit authored launch:(0.080, 0.997, 0.000) separation=0.2243976;Ground_Summit authored launch:(0.080, 0.997, 0.000) separation=0.2243983;"
1.935,1019.109,149.632,190.000,23.743,-23.668,1.893,0.000,0.128,0.000,0.000,4,9.795,0.000,0.997,"Ground_Mountain_2_4:(0.080, 0.997, 0.000) separation=0.2841919;Ground_Mountain_2_4:(0.080, 0.997, 0.000) separation=0.2841919;Ground_Mountain_2_4:(0.080, 0.997, 0.000) separation=0.2841919;Ground_Mountain_2_4:(0.080, 0.997, 0.000) separation=0.2841919;Ground_Mountain_2_4:(0.080, 0.997, 0.000) separation=0.2841919;Ground_Mountain_2_4:(0.080, 0.997, 0.000) separation=0.2841919;Ground_Summit authored launch:(0.080, 0.997, 0.000) separation=0.224387;Ground_Summit authored launch:(0.080, 0.997, 0.000) separation=0.2243941;Ground_Summit authored launch:(0.080, 0.997, 0.000) separation=0.2243877;Ground_Summit authored launch:(0.080, 0.997, 0.000) separation=0.2243933;Ground_Summit authored launch:(0.080, 0.997, 0.000) separation=0.2243873;Ground_Summit authored launch:(0.080, 0.997, 0.000) separation=0.2243882;"
1.956,1018.635,149.670,190.000,23.743,-23.668,1.894,0.000,0.128,0.000,0.000,4,9.792,0.000,0.997,"Ground_Mountain_2_4:(0.080, 0.997, 0.000) separation=0.2841919;Ground_Mountain_2_4:(0.080, 0.997, 0.000) separation=0.2841911;Ground_Mountain_2_4:(0.080, 0.997, 0.000) separation=0.2841919;Ground_Mountain_2_4:(0.080, 0.997, 0.000) separation=0.2841911;Ground_Mountain_2_4:(0.080, 0.997, 0.000) separation=0.2841911;Ground_Mountain_2_4:(0.080, 0.997, 0.000) separation=0.2841911;Ground_Summit authored launch:(0.080, 0.997, 0.000) separation=0.224392;Ground_Summit authored launch:(0.080, 0.997, 0.000) separation=0.2243994;Ground_Summit authored launch:(0.080, 0.997, 0.000) separation=0.2243928;Ground_Summit authored launch:(0.080, 0.997, 0.000) separation=0.2243986;Ground_Summit authored launch:(0.080, 0.997, 0.000) separation=0.2243923;Ground_Summit authored launch:(0.080, 0.997, 0.000) separation=0.2243931;"
1.976,1018.162,149.708,190.000,23.743,-23.668,1.894,0.000,0.128,0.000,0.000,4,9.789,0.000,0.997,"Ground_Mountain_2_4:(0.080, 0.997, 0.000) separation=0.284234;Ground_Mountain_2_4:(0.080, 0.997, 0.000) separation=0.2842072;Ground_Mountain_2_4:(0.080, 0.997, 0.000) separation=0.284234;Ground_Mountain_2_4:(0.080, 0.997, 0.000) separation=0.2842072;Ground_Mountain_2_4:(0.080, 0.997, 0.000) separation=0.2842071;Ground_Mountain_2_4:(0.080, 0.997, 0.000) separation=0.2842071;Ground_Summit authored launch:(0.080, 0.997, 0.000) separation=0.2243973;Ground_Summit authored launch:(0.080, 0.997, 0.000) separation=0.2244049;Ground_Summit authored launch:(0.080, 0.997, 0.000) separation=0.2243982;Ground_Summit authored launch:(0.080, 0.997, 0.000) separation=0.224404;Ground_Summit authored launch:(0.080, 0.997, 0.000) separation=0.2243975;Ground_Summit authored launch:(0.080, 0.997, 0.000) separation=0.2243985;"
1.995,1017.689,149.746,190.000,23.743,-23.668,1.894,0.000,0.128,0.000,0.000,4,9.787,0.000,0.997,"Ground_Mountain_2_4:(0.080, 0.997, 0.000) separation=0.2842421;Ground_Mountain_2_4:(0.080, 0.997, 0.000) separation=0.2842224;Ground_Mountain_2_4:(0.080, 0.997, 0.000) separation=0.2842421;Ground_Mountain_2_4:(0.080, 0.997, 0.000) separation=0.2842224;Ground_Mountain_2_4:(0.080, 0.997, 0.000) separation=0.2842224;Ground_Mountain_2_4:(0.080, 0.997, 0.000) separation=0.2842224;Ground_Summit authored launch:(0.080, 0.997, 0.000) separation=0.2244019;Ground_Summit authored launch:(0.080, 0.997, 0.000) separation=0.22441;Ground_Summit authored launch:(0.080, 0.997, 0.000) separation=0.2244028;Ground_Summit authored launch:(0.080, 0.997, 0.000) separation=0.2244092;Ground_Summit authored launch:(0.080, 0.997, 0.000) separation=0.224402;Ground_Summit authored launch:(0.080, 0.997, 0.000) separation=0.2244029;"
2.016,1017.215,149.784,190.000,23.743,-23.668,1.894,0.000,0.128,0.000,0.000,4,9.785,0.000,0.997,"Ground_Mountain_2_4:(0.080, 0.997, 0.000) separation=0.2842439;Ground_Mountain_2_4:(0.080, 0.997, 0.000) separation=0.284226;Ground_Mountain_2_4:(0.080, 0.997, 0.000) separation=0.2842439;Ground_Mountain_2_4:(0.080, 0.997, 0.000) separation=0.284226;Ground_Mountain_2_4:(0.080, 0.997, 0.000) separation=0.284226;Ground_Mountain_2_4:(0.080, 0.997, 0.000) separation=0.284226;Ground_Summit authored launch:(0.080, 0.997, 0.000) separation=0.2244067;Ground_Summit authored launch:(0.080, 0.997, 0.000) separation=0.2244151;Ground_Summit authored launch:(0.080, 0.997, 0.000) separation=0.2244076;Ground_Summit authored launch:(0.080, 0.997, 0.000) separation=0.2244142;Ground_Summit authored launch:(0.080, 0.997, 0.000) separation=0.2244068;Ground_Summit authored launch:(0.080, 0.997, 0.000) separation=0.2244078;"
2.036,1016.742,149.822,190.000,23.743,-23.668,1.894,0.000,0.128,0.000,0.000,4,9.783,0.000,0.997,"Ground_Mountain_2_4:(0.080, 0.997, 0.000) separation=0.2842276;Ground_Mountain_2_4:(0.080, 0.997, 0.000) separation=0.2842224;Ground_Mountain_2_4:(0.080, 0.997, 0.000) separation=0.2842276;Ground_Mountain_2_4:(0.080, 0.997, 0.000) separation=0.2842224;Ground_Mountain_2_4:(0.080, 0.997, 0.000) separation=0.2842224;Ground_Mountain_2_4:(0.080, 0.997, 0.000) separation=0.2842224;Ground_Summit authored launch:(0.080, 0.997, 0.000) separation=0.2244273;Ground_Summit authored launch:(0.080, 0.997, 0.000) separation=0.2244361;Ground_Summit authored launch:(0.080, 0.997, 0.000) separation=0.2244282;Ground_Summit authored launch:(0.080, 0.997, 0.000) separation=0.2244351;Ground_Summit authored launch:(0.080, 0.997, 0.000) separation=0.2244289;Ground_Summit authored launch:(0.080, 0.997, 0.000) separation=0.22443;"
2.055,1016.269,149.860,190.000,23.743,-23.668,1.894,0.000,0.128,0.000,0.000,4,9.781,0.000,0.997,"Ground_Mountain_2_4:(0.080, 0.997, 0.000) separation=0.2842682;Ground_Mountain_2_4:(0.080, 0.997, 0.000) separation=0.2842682;Ground_Mountain_2_4:(0.080, 0.997, 0.000) separation=0.2842682;Ground_Mountain_2_4:(0.080, 0.997, 0.000) separation=0.2842682;Ground_Mountain_2_4:(0.080, 0.997, 0.000) separation=0.2842682;Ground_Mountain_2_4:(0.080, 0.997, 0.000) separation=0.2842682;Ground_Summit authored launch:(0.080, 0.997, 0.000) separation=0.2244551;Ground_Summit authored launch:(0.080, 0.997, 0.000) separation=0.2244575;Ground_Summit authored launch:(0.080, 0.997, 0.000) separation=0.224456;Ground_Summit authored launch:(0.080, 0.997, 0.000) separation=0.2244566;Ground_Summit authored launch:(0.080, 0.997, 0.000) separation=0.2244495;Ground_Summit authored launch:(0.080, 0.997, 0.000) separation=0.2244504;"
2.076,1015.795,149.898,190.000,23.743,-23.668,1.894,0.000,0.128,0.000,0.000,4,9.779,0.000,0.997,"Ground_Mountain_2_4:(0.080, 0.997, 0.000) separation=0.2842682;Ground_Mountain_2_4:(0.080, 0.997, 0.000) separation=0.2842682;Ground_Mountain_2_4:(0.080, 0.997, 0.000) separation=0.2842682;Ground_Mountain_2_4:(0.080, 0.997, 0.000) separation=0.2842682;Ground_Mountain_2_4:(0.080, 0.997, 0.000) separation=0.2842682;Ground_Mountain_2_4:(0.080, 0.997, 0.000) separation=0.2842682;Ground_Summit authored launch:(0.080, 0.997, 0.000) separation=0.2244817;Ground_Summit authored launch:(0.080, 0.997, 0.000) separation=0.2244777;Ground_Summit authored launch:(0.080, 0.997, 0.000) separation=0.2244826;Ground_Summit authored launch:(0.080, 0.997, 0.000) separation=0.2244767;Ground_Summit authored launch:(0.080, 0.997, 0.000) separation=0.2244709;Ground_Summit authored launch:(0.080, 0.997, 0.000) separation=0.2244718;"
2.096,1015.322,149.935,190.000,23.743,-23.668,1.894,0.000,0.128,0.000,0.000,4,9.777,0.000,0.997,"Ground_Mountain_2_4:(0.080, 0.997, 0.000) separation=0.2842987;Ground_Mountain_2_4:(0.080, 0.997, 0.000) separation=0.2842987;Ground_Mountain_2_4:(0.080, 0.997, 0.000) separation=0.2842987;Ground_Mountain_2_4:(0.080, 0.997, 0.000) separation=0.2842987;Ground_Mountain_2_4:(0.080, 0.997, 0.000) separation=0.2842987;Ground_Mountain_2_4:(0.080, 0.997, 0.000) separation=0.2842987;Ground_Summit authored launch:(0.080, 0.997, 0.000) separation=0.224503;Ground_Summit authored launch:(0.080, 0.997, 0.000) separation=0.2244985;Ground_Summit authored launch:(0.080, 0.997, 0.000) separation=0.2245039;Ground_Summit authored launch:(0.080, 0.997, 0.000) separation=0.2244976;Ground_Summit authored launch:(0.080, 0.997, 0.000) separation=0.2244936;Ground_Summit authored launch:(0.080, 0.997, 0.000) separation=0.2244945;"
2.115,1014.849,149.973,190.000,23.743,-23.668,1.894,0.000,0.128,0.000,0.000,4,9.776,0.000,0.997,"Ground_Mountain_2_4:(0.080, 0.997, 0.000) separation=0.2843445;Ground_Mountain_2_4:(0.080, 0.997, 0.000) separation=0.2843445;Ground_Mountain_2_4:(0.080, 0.997, 0.000) separation=0.2843445;Ground_Mountain_2_4:(0.080, 0.997, 0.000) separation=0.2843445;Ground_Mountain_2_4:(0.080, 0.997, 0.000) separation=0.2843445;Ground_Mountain_2_4:(0.080, 0.997, 0.000) separation=0.2843445;Ground_Summit authored launch:(0.080, 0.997, 0.000) separation=0.2245238;Ground_Summit authored launch:(0.080, 0.997, 0.000) separation=0.2245191;Ground_Summit authored launch:(0.080, 0.997, 0.000) separation=0.2245247;Ground_Summit authored launch:(0.080, 0.997, 0.000) separation=0.2245182;Ground_Summit authored launch:(0.080, 0.997, 0.000) separation=0.2245162;Ground_Summit authored launch:(0.080, 0.997, 0.000) separation=0.2245171;"
2.135,1014.375,150.011,190.000,23.743,-23.668,1.894,0.000,0.128,0.000,0.000,4,9.775,0.000,0.997,"Ground_Mountain_2_4:(0.080, 0.997, 0.000) separation=0.2843445;Ground_Mountain_2_4:(0.080, 0.997, 0.000) separation=0.2843445;Ground_Mountain_2_4:(0.080, 0.997, 0.000) separation=0.2843445;Ground_Mountain_2_4:(0.080, 0.997, 0.000) separation=0.2843445;Ground_Mountain_2_4:(0.080, 0.997, 0.000) separation=0.2843445;Ground_Mountain_2_4:(0.080, 0.997, 0.000) separation=0.2843445;Ground_Summit authored launch:(0.080, 0.997, 0.000) separation=0.2245445;Ground_Summit authored launch:(0.080, 0.997, 0.000) separation=0.2245395;Ground_Summit authored launch:(0.080, 0.997, 0.000) separation=0.2245454;Ground_Summit authored launch:(0.080, 0.997, 0.000) separation=0.2245387;Ground_Summit authored launch:(0.080, 0.997, 0.000) separation=0.2245443;Ground_Summit authored launch:(0.080, 0.997, 0.000) separation=0.2245444;"
2.156,1013.902,150.049,190.000,23.743,-23.668,1.894,0.000,0.128,0.000,0.000,4,9.774,0.000,0.997,"Ground_Mountain_2_4:(0.080, 0.997, 0.000) separation=0.28435;Ground_Mountain_2_4:(0.080, 0.997, 0.000) separation=0.2843445;Ground_Mountain_2_4:(0.080, 0.997, 0.000) separation=0.2843445;Ground_Mountain_2_4:(0.080, 0.997, 0.000) separation=0.28435;Ground_Mountain_2_4:(0.080, 0.997, 0.000) separation=0.2843445;Ground_Mountain_2_4:(0.080, 0.997, 0.000) separation=0.2843445;Ground_Summit authored launch:(0.080, 0.997, 0.000) separation=0.2245644;Ground_Summit authored launch:(0.080, 0.997, 0.000) separation=0.2245666;Ground_Summit authored launch:(0.080, 0.997, 0.000) separation=0.2245653;Ground_Summit authored launch:(0.080, 0.997, 0.000) separation=0.2245658;Ground_Summit authored launch:(0.080, 0.997, 0.000) separation=0.2245657;Ground_Summit authored launch:(0.080, 0.997, 0.000) separation=0.2245662;"
2.176,1013.429,150.087,190.000,23.743,-23.668,1.894,0.000,0.128,0.000,0.000,4,9.775,0.000,0.997,"Ground_Mountain_2_4:(0.080, 0.997, 0.000) separation=0.2843903;Ground_Mountain_2_4:(0.080, 0.997, 0.000) separation=0.2843702;Ground_Mountain_2_4:(0.080, 0.997, 0.000) separation=0.2843903;Ground_Mountain_2_4:(0.080, 0.997, 0.000) separation=0.2843702;Ground_Mountain_2_4:(0.080, 0.997, 0.000) separation=0.2843702;Ground_Mountain_2_4:(0.080, 0.997, 0.000) separation=0.2843702;Ground_Summit authored launch:(0.080, 0.997, 0.000) separation=0.2245698;Ground_Summit authored launch:(0.080, 0.997, 0.000) separation=0.2245792;Ground_Summit authored launch:(0.080, 0.997, 0.000) separation=0.2245706;Ground_Summit authored launch:(0.080, 0.997, 0.000) separation=0.2245783;Ground_Summit authored launch:(0.080, 0.997, 0.000) separation=0.2245711;Ground_Summit authored launch:(0.080, 0.997, 0.000) separation=0.224572;"
2.195,1012.955,150.125,190.000,23.743,-23.668,1.894,0.000,0.128,0.000,0.000,4,9.775,0.000,0.997,"Ground_Mountain_2_4:(0.080, 0.997, 0.000) separation=0.2843818;Ground_Mountain_2_4:(0.080, 0.997, 0.000) separation=0.284363;Ground_Mountain_2_4:(0.080, 0.997, 0.000) separation=0.2843818;Ground_Mountain_2_4:(0.080, 0.997, 0.000) separation=0.284363;Ground_Mountain_2_4:(0.080, 0.997, 0.000) separation=0.284363;Ground_Mountain_2_4:(0.080, 0.997, 0.000) separation=0.284363;Ground_Summit authored launch:(0.080, 0.997, 0.000) separation=0.2245764;Ground_Summit authored launch:(0.080, 0.997, 0.000) separation=0.224585;Ground_Summit authored launch:(0.080, 0.997, 0.000) separation=0.2245772;Ground_Summit authored launch:(0.080, 0.997, 0.000) separation=0.2245842;Ground_Summit authored launch:(0.080, 0.997, 0.000) separation=0.2245772;Ground_Summit authored launch:(0.080, 0.997, 0.000) separation=0.2245783;"
2.216,1012.482,150.163,190.000,23.743,-23.668,1.894,0.000,0.128,0.000,0.000,4,9.775,0.000,0.997,"Ground_Mountain_2_4:(0.080, 0.997, 0.000) separation=0.2844202;Ground_Mountain_2_4:(0.080, 0.997, 0.000) separation=0.2844055;Ground_Mountain_2_4:(0.080, 0.997, 0.000) separation=0.2844202;Ground_Mountain_2_4:(0.080, 0.997, 0.000) separation=0.2844055;Ground_Mountain_2_4:(0.080, 0.997, 0.000) separation=0.2844055;Ground_Mountain_2_4:(0.080, 0.997, 0.000) separation=0.2844055;Ground_Summit authored launch:(0.080, 0.997, 0.000) separation=0.2245824;Ground_Summit authored launch:(0.080, 0.997, 0.000) separation=0.2245905;Ground_Summit authored launch:(0.080, 0.997, 0.000) separation=0.2245832;Ground_Summit authored launch:(0.080, 0.997, 0.000) separation=0.2245897;Ground_Summit authored launch:(0.080, 0.997, 0.000) separation=0.2245833;Ground_Summit authored launch:(0.080, 0.997, 0.000) separation=0.2245841;"
2.236,1012.009,150.201,190.000,23.743,-23.668,1.894,0.000,0.128,0.000,0.000,4,9.776,0.000,0.997,"Ground_Mountain_2_4:(0.080, 0.997, 0.000) separation=0.2844178;Ground_Mountain_2_4:(0.080, 0.997, 0.000) separation=0.2843944;Ground_Mountain_2_4:(0.080, 0.997, 0.000) separation=0.2844123;Ground_Mountain_2_4:(0.080, 0.997, 0.000) separation=0.2843999;Ground_Mountain_2_4:(0.080, 0.997, 0.000) separation=0.2843999;Ground_Mountain_2_4:(0.080, 0.997, 0.000) separation=0.2844;Ground_Summit authored launch:(0.080, 0.997, 0.000) separation=0.2245876;Ground_Summit authored launch:(0.080, 0.997, 0.000) separation=0.2245952;Ground_Summit authored launch:(0.080, 0.997, 0.000) separation=0.2245883;Ground_Summit authored launch:(0.080, 0.997, 0.000) separation=0.2245944;Ground_Summit authored launch:(0.080, 0.997, 0.000) separation=0.2245882;Ground_Summit authored launch:(0.080, 0.997, 0.000) separation=0.2245892;"
2.255,1011.535,150.238,190.000,23.743,-23.668,1.894,0.000,0.128,0.000,0.000,4,9.776,0.000,0.997,"Ground_Mountain_2_4:(0.080, 0.997, 0.000) separation=0.2844142;Ground_Mountain_2_4:(0.080, 0.997, 0.000) separation=0.2843963;Ground_Mountain_2_4:(0.080, 0.997, 0.000) separation=0.2844142;Ground_Mountain_2_4:(0.080, 0.997, 0.000) separation=0.2843963;Ground_Mountain_2_4:(0.080, 0.997, 0.000) separation=0.2843963;Ground_Mountain_2_4:(0.080, 0.997, 0.000) separation=0.2844;Ground_Summit authored launch:(0.080, 0.997, 0.000) separation=0.2245931;Ground_Summit authored launch:(0.080, 0.997, 0.000) separation=0.2246007;Ground_Summit authored launch:(0.080, 0.997, 0.000) separation=0.2245939;Ground_Summit authored launch:(0.080, 0.997, 0.000) separation=0.2246;Ground_Summit authored launch:(0.080, 0.997, 0.000) separation=0.2245938;Ground_Summit authored launch:(0.080, 0.997, 0.000) separation=0.2245946;"
2.276,1011.062,150.276,190.000,23.743,-23.668,1.894,0.000,0.128,0.000,0.000,4,9.776,0.000,0.997,"Ground_Mountain_2_4:(0.080, 0.997, 0.000) separation=0.2844106;Ground_Mountain_2_4:(0.080, 0.997, 0.000) separation=0.2843927;Ground_Mountain_2_4:(0.080, 0.997, 0.000) separation=0.2844106;Ground_Mountain_2_4:(0.080, 0.997, 0.000) separation=0.2843927;Ground_Mountain_2_4:(0.080, 0.997, 0.000) separation=0.2843927;Ground_Mountain_2_4:(0.080, 0.997, 0.000) separation=0.2843927;Ground_Summit authored launch:(0.080, 0.997, 0.000) separation=0.2245985;Ground_Summit authored launch:(0.080, 0.997, 0.000) separation=0.2246064;Ground_Summit authored launch:(0.080, 0.997, 0.000) separation=0.2245992;Ground_Summit authored launch:(0.080, 0.997, 0.000) separation=0.2246057;Ground_Summit authored launch:(0.080, 0.997, 0.000) separation=0.224599;Ground_Summit authored launch:(0.080, 0.997, 0.000) separation=0.2245999;"
2.296,1010.589,150.314,190.000,23.743,-23.668,1.893,0.000,0.128,0.000,0.000,4,9.776,0.000,0.997,"Ground_Mountain_2_4:(0.080, 0.997, 0.000) separation=0.2844222;Ground_Mountain_2_4:(0.080, 0.997, 0.000) separation=0.2844055;Ground_Mountain_2_4:(0.080, 0.997, 0.000) separation=0.2844222;Ground_Mountain_2_4:(0.080, 0.997, 0.000) separation=0.2844055;Ground_Mountain_2_4:(0.080, 0.997, 0.000) separation=0.2844055;Ground_Mountain_2_4:(0.080, 0.997, 0.000) separation=0.2844055;Ground_Summit authored launch:(0.080, 0.997, 0.000) separation=0.2246027;Ground_Summit authored launch:(0.080, 0.997, 0.000) separation=0.2246115;Ground_Summit authored launch:(0.080, 0.997, 0.000) separation=0.2246034;Ground_Summit authored launch:(0.080, 0.997, 0.000) separation=0.2246108;Ground_Summit authored launch:(0.080, 0.997, 0.000) separation=0.2246031;Ground_Summit authored launch:(0.080, 0.997, 0.000) separation=0.2246038;"
2.315,1010.115,150.352,190.000,23.743,-23.668,1.893,0.000,0.128,0.000,0.000,4,9.776,0.000,0.997,"Ground_Mountain_2_4:(0.080, 0.997, 0.000) separation=0.284436;Ground_Mountain_2_4:(0.080, 0.997, 0.000) separation=0.2844312;Ground_Mountain_2_4:(0.080, 0.997, 0.000) separation=0.284436;Ground_Mountain_2_4:(0.080, 0.997, 0.000) separation=0.2844312;Ground_Mountain_2_4:(0.080, 0.997, 0.000) separation=0.2844313;Ground_Mountain_2_4:(0.080, 0.997, 0.000) separation=0.2844313;Ground_Summit authored launch:(0.080, 0.997, 0.000) separation=0.2246079;Ground_Summit authored launch:(0.080, 0.997, 0.000) separation=0.2246167;Ground_Summit authored launch:(0.080, 0.997, 0.000) separation=0.2246086;Ground_Summit authored launch:(0.080, 0.997, 0.000) separation=0.2246161;Ground_Summit authored launch:(0.080, 0.997, 0.000) separation=0.2246083;Ground_Summit authored launch:(0.080, 0.997, 0.000) separation=0.2246092;"
2.336,1009.642,150.390,190.000,23.743,-23.668,1.893,0.000,0.128,0.000,0.000,4,9.776,0.000,0.997,"Ground_Mountain_2_4:(0.080, 0.997, 0.000) separation=0.2844208;Ground_Mountain_2_4:(0.080, 0.997, 0.000) separation=0.2844208;Ground_Mountain_2_4:(0.080, 0.997, 0.000) separation=0.2844208;Ground_Mountain_2_4:(0.080, 0.997, 0.000) separation=0.2844208;Ground_Mountain_2_4:(0.080, 0.997, 0.000) separation=0.2844208;Ground_Mountain_2_4:(0.080, 0.997, 0.000) separation=0.2844208;Ground_Summit authored launch:(0.080, 0.997, 0.000) separation=0.2246135;Ground_Summit authored launch:(0.080, 0.997, 0.000) separation=0.2246226;Ground_Summit authored launch:(0.080, 0.997, 0.000) separation=0.2246142;Ground_Summit authored launch:(0.080, 0.997, 0.000) separation=0.224622;Ground_Summit authored launch:(0.080, 0.997, 0.000) separation=0.2246139;Ground_Summit authored launch:(0.080, 0.997, 0.000) separation=0.2246145;"
2.356,1009.169,150.428,190.000,23.743,-23.668,1.893,0.000,0.128,0.000,0.000,4,9.776,0.000,0.997,"Ground_Mountain_2_4:(0.080, 0.997, 0.000) separation=0.2844513;Ground_Mountain_2_4:(0.080, 0.997, 0.000) separation=0.2844458;Ground_Mountain_2_4:(0.080, 0.997, 0.000) separation=0.2844458;Ground_Mountain_2_4:(0.080, 0.997, 0.000) separation=0.2844513;Ground_Mountain_2_4:(0.080, 0.997, 0.000) separation=0.2844458;Ground_Mountain_2_4:(0.080, 0.997, 0.000) separation=0.2844458;Ground_Summit authored launch:(0.080, 0.997, 0.000) separation=0.2246181;Ground_Summit authored launch:(0.080, 0.997, 0.000) separation=0.2246278;Ground_Summit authored launch:(0.080, 0.997, 0.000) separation=0.2246188;Ground_Summit authored launch:(0.080, 0.997, 0.000) separation=0.224627;Ground_Summit authored launch:(0.080, 0.997, 0.000) separation=0.2246183;Ground_Summit authored launch:(0.080, 0.997, 0.000) separation=0.2246193;"
2.375,1008.695,150.466,190.000,23.743,-23.668,1.893,0.000,0.128,0.000,0.000,4,9.776,0.000,0.997,"Ground_Mountain_2_4:(0.080, 0.997, 0.000) separation=0.2844383;Ground_Mountain_2_4:(0.080, 0.997, 0.000) separation=0.2844305;Ground_Mountain_2_4:(0.080, 0.997, 0.000) separation=0.2844328;Ground_Mountain_2_4:(0.080, 0.997, 0.000) separation=0.284436;Ground_Mountain_2_4:(0.080, 0.997, 0.000) separation=0.2844305;Ground_Mountain_2_4:(0.080, 0.997, 0.000) separation=0.2844305;Ground_Summit authored launch:(0.080, 0.997, 0.000) separation=0.224624;Ground_Summit authored launch:(0.080, 0.997, 0.000) separation=0.2246327;Ground_Summit authored launch:(0.080, 0.997, 0.000) separation=0.2246249;Ground_Summit authored launch:(0.080, 0.997, 0.000) separation=0.2246318;Ground_Summit authored launch:(0.080, 0.997, 0.000) separation=0.2246235;Ground_Summit authored launch:(0.080, 0.997, 0.000) separation=0.2246244;"
2.396,1008.222,150.504,190.000,23.743,-23.668,1.893,0.000,0.128,0.000,0.000,4,9.776,0.000,0.997,"Ground_Mountain_2_4:(0.080, 0.997, 0.000) separation=0.2844513;Ground_Mountain_2_4:(0.080, 0.997, 0.000) separation=0.2844513;Ground_Mountain_2_4:(0.080, 0.997, 0.000) separation=0.2844513;Ground_Mountain_2_4:(0.080, 0.997, 0.000) separation=0.2844513;Ground_Mountain_2_4:(0.080, 0.997, 0.000) separation=0.2844513;Ground_Mountain_2_4:(0.080, 0.997, 0.000) separation=0.2844513;Ground_Summit authored launch:(0.080, 0.997, 0.000) separation=0.2246363;Ground_Summit authored launch:(0.080, 0.997, 0.000) separation=0.224638;Ground_Summit authored launch:(0.080, 0.997, 0.000) separation=0.2246373;Ground_Summit authored launch:(0.080, 0.997, 0.000) separation=0.224637;Ground_Summit authored launch:(0.080, 0.997, 0.000) separation=0.2246304;Ground_Summit authored launch:(0.080, 0.997, 0.000) separation=0.2246314;"
2.416,1007.749,150.541,190.000,23.743,-23.668,1.893,0.000,0.128,0.000,0.000,4,9.777,0.000,0.997,"Ground_Mountain_2_4:(0.080, 0.997, 0.000) separation=0.2844513;Ground_Mountain_2_4:(0.080, 0.997, 0.000) separation=0.2844513;Ground_Mountain_2_4:(0.080, 0.997, 0.000) separation=0.2844513;Ground_Mountain_2_4:(0.080, 0.997, 0.000) separation=0.2844513;Ground_Mountain_2_4:(0.080, 0.997, 0.000) separation=0.2844513;Ground_Mountain_2_4:(0.080, 0.997, 0.000) separation=0.2844513;Ground_Summit authored launch:(0.080, 0.997, 0.000) separation=0.2246336;Ground_Summit authored launch:(0.080, 0.997, 0.000) separation=0.2246283;Ground_Summit authored launch:(0.080, 0.997, 0.000) separation=0.2246346;Ground_Summit authored launch:(0.080, 0.997, 0.000) separation=0.2246273;Ground_Summit authored launch:(0.080, 0.997, 0.000) separation=0.2246223;Ground_Summit authored launch:(0.080, 0.997, 0.000) separation=0.2246233;"
2.435,1007.275,150.579,190.000,23.743,-23.668,1.893,0.000,0.128,0.000,0.000,4,9.778,0.000,0.997,"Ground_Mountain_2_4:(0.080, 0.997, 0.000) separation=0.2844275;Ground_Mountain_2_4:(0.080, 0.997, 0.000) separation=0.2844208;Ground_Mountain_2_4:(0.080, 0.997, 0.000) separation=0.2844275;Ground_Mountain_2_4:(0.080, 0.997, 0.000) separation=0.2844208;Ground_Mountain_2_4:(0.080, 0.997, 0.000) separation=0.2844208;Ground_Mountain_2_4:(0.080, 0.997, 0.000) separation=0.2844208;Ground_Summit authored launch:(0.080, 0.997, 0.000) separation=0.2246222;Ground_Summit authored launch:(0.080, 0.997, 0.000) separation=0.2246173;Ground_Summit authored launch:(0.080, 0.997, 0.000) separation=0.2246232;Ground_Summit authored launch:(0.080, 0.997, 0.000) separation=0.2246164;Ground_Summit authored launch:(0.080, 0.997, 0.000) separation=0.224613;Ground_Summit authored launch:(0.080, 0.997, 0.000) separation=0.2246139;"
2.456,1006.802,150.617,190.000,23.743,-23.668,1.893,0.000,0.128,0.000,0.000,4,9.779,0.000,0.997,"Ground_Mountain_2_4:(0.080, 0.997, 0.000) separation=0.2844117;Ground_Mountain_2_4:(0.080, 0.997, 0.000) separation=0.2844203;Ground_Mountain_2_4:(0.080, 0.997, 0.000) separation=0.2844117;Ground_Mountain_2_4:(0.080, 0.997, 0.000) separation=0.2844203;Ground_Mountain_2_4:(0.080, 0.997, 0.000) separation=0.2844055;Ground_Mountain_2_4:(0.080, 0.997, 0.000) separation=0.2844055;Ground_Summit authored launch:(0.080, 0.997, 0.000) separation=0.2246124;Ground_Summit authored launch:(0.080, 0.997, 0.000) separation=0.2246073;Ground_Summit authored launch:(0.080, 0.997, 0.000) separation=0.2246132;Ground_Summit authored launch:(0.080, 0.997, 0.000) separation=0.2246065;Ground_Summit authored launch:(0.080, 0.997, 0.000) separation=0.224605;Ground_Summit authored launch:(0.080, 0.997, 0.000) separation=0.2246058;"
2.476,1006.329,150.655,190.000,23.743,-23.668,1.893,0.000,0.128,0.000,0.000,4,9.779,0.000,0.997,"Ground_Mountain_2_4:(0.080, 0.997, 0.000) separation=0.2844055;Ground_Mountain_2_4:(0.080, 0.997, 0.000) separation=0.2844055;Ground_Mountain_2_4:(0.080, 0.997, 0.000) separation=0.2844055;Ground_Mountain_2_4:(0.080, 0.997, 0.000) separation=0.2844055;Ground_Mountain_2_4:(0.080, 0.997, 0.000) separation=0.2844055;Ground_Mountain_2_4:(0.080, 0.997, 0.000) separation=0.2844055;Ground_Summit authored launch:(0.080, 0.997, 0.000) separation=0.2246026;Ground_Summit authored launch:(0.080, 0.997, 0.000) separation=0.2245986;Ground_Summit authored launch:(0.080, 0.997, 0.000) separation=0.2246033;Ground_Summit authored launch:(0.080, 0.997, 0.000) separation=0.2245979;Ground_Summit authored launch:(0.080, 0.997, 0.000) separation=0.224603;Ground_Summit authored launch:(0.080, 0.997, 0.000) separation=0.224603;"
2.495,1005.855,150.693,190.000,23.743,-23.668,1.893,0.000,0.128,0.000,0.000,4,9.779,0.000,0.997,"Ground_Mountain_2_4:(0.080, 0.997, 0.000) separation=0.2844055;Ground_Mountain_2_4:(0.080, 0.997, 0.000) separation=0.2844055;Ground_Mountain_2_4:(0.080, 0.997, 0.000) separation=0.2844055;Ground_Mountain_2_4:(0.080, 0.997, 0.000) separation=0.2844055;Ground_Mountain_2_4:(0.080, 0.997, 0.000) separation=0.2844055;Ground_Mountain_2_4:(0.080, 0.997, 0.000) separation=0.2844055;Ground_Summit authored launch:(0.080, 0.997, 0.000) separation=0.224592;Ground_Summit authored launch:(0.080, 0.997, 0.000) separation=0.224595;Ground_Summit authored launch:(0.080, 0.997, 0.000) separation=0.2245926;Ground_Summit authored launch:(0.080, 0.997, 0.000) separation=0.2245943;Ground_Summit authored launch:(0.080, 0.997, 0.000) separation=0.2245935;Ground_Summit authored launch:(0.080, 0.997, 0.000) separation=0.2245944;"
2.516,1005.382,150.731,190.000,23.743,-23.668,1.893,0.000,0.128,0.000,0.000,4,9.780,0.000,0.997,"Ground_Mountain_2_4:(0.080, 0.997, 0.000) separation=0.2843903;Ground_Mountain_2_4:(0.080, 0.997, 0.000) separation=0.2843847;Ground_Mountain_2_4:(0.080, 0.997, 0.000) separation=0.2843847;Ground_Mountain_2_4:(0.080, 0.997, 0.000) separation=0.2843903;Ground_Mountain_2_4:(0.080, 0.997, 0.000) separation=0.2843847;Ground_Mountain_2_4:(0.080, 0.997, 0.000) separation=0.2843847;Ground_Summit authored launch:(0.080, 0.997, 0.000) separation=0.224583;Ground_Summit authored launch:(0.080, 0.997, 0.000) separation=0.2245915;Ground_Summit authored launch:(0.080, 0.997, 0.000) separation=0.2245835;Ground_Summit authored launch:(0.080, 0.997, 0.000) separation=0.224591;Ground_Summit authored launch:(0.080, 0.997, 0.000) separation=0.2245844;Ground_Summit authored launch:(0.080, 0.997, 0.000) separation=0.2245849;"
2.536,1004.909,150.769,190.000,23.743,-23.668,1.893,0.000,0.128,0.000,0.000,4,9.780,0.000,0.997,"Ground_Mountain_2_4:(0.080, 0.997, 0.000) separation=0.284375;Ground_Mountain_2_4:(0.080, 0.997, 0.000) separation=0.284375;Ground_Mountain_2_4:(0.080, 0.997, 0.000) separation=0.284375;Ground_Mountain_2_4:(0.080, 0.997, 0.000) separation=0.284375;Ground_Mountain_2_4:(0.080, 0.997, 0.000) separation=0.284375;Ground_Mountain_2_4:(0.080, 0.997, 0.000) separation=0.284375;Ground_Summit authored launch:(0.080, 0.997, 0.000) separation=0.2245741;Ground_Summit authored launch:(0.080, 0.997, 0.000) separation=0.224583;Ground_Summit authored launch:(0.080, 0.997, 0.000) separation=0.2245746;Ground_Summit authored launch:(0.080, 0.997, 0.000) separation=0.2245825;Ground_Summit authored launch:(0.080, 0.997, 0.000) separation=0.2245752;Ground_Summit authored launch:(0.080, 0.997, 0.000) separation=0.2245759;"
2.555,1004.435,150.806,190.000,23.743,-23.668,1.893,0.000,0.128,0.000,0.000,4,9.781,0.000,0.997,"Ground_Mountain_2_4:(0.080, 0.997, 0.000) separation=0.284375;Ground_Mountain_2_4:(0.080, 0.997, 0.000) separation=0.284375;Ground_Mountain_2_4:(0.080, 0.997, 0.000) separation=0.284375;Ground_Mountain_2_4:(0.080, 0.997, 0.000) separation=0.284375;Ground_Mountain_2_4:(0.080, 0.997, 0.000) separation=0.284375;Ground_Mountain_2_4:(0.080, 0.997, 0.000) separation=0.284375;Ground_Summit authored launch:(0.080, 0.997, 0.000) separation=0.2245632;Ground_Summit authored launch:(0.080, 0.997, 0.000) separation=0.2245723;Ground_Summit authored launch:(0.080, 0.997, 0.000) separation=0.2245636;Ground_Summit authored launch:(0.080, 0.997, 0.000) separation=0.2245719;Ground_Summit authored launch:(0.080, 0.997, 0.000) separation=0.2245642;Ground_Summit authored launch:(0.080, 0.997, 0.000) separation=0.2245646;"
2.576,1003.962,150.844,190.000,23.743,-23.668,1.893,0.000,0.128,0.000,0.000,4,9.780,0.000,0.997,"Ground_Mountain_2_4:(0.080, 0.997, 0.000) separation=0.2843836;Ground_Mountain_2_4:(0.080, 0.997, 0.000) separation=0.2843598;Ground_Mountain_2_4:(0.080, 0.997, 0.000) separation=0.2843836;Ground_Mountain_2_4:(0.080, 0.997, 0.000) separation=0.2843598;Ground_Mountain_2_4:(0.080, 0.997, 0.000) separation=0.2843598;Ground_Mountain_2_4:(0.080, 0.997, 0.000) separation=0.2843598;Ground_Summit authored launch:(0.080, 0.997, 0.000) separation=0.2245689;Ground_Summit authored launch:(0.080, 0.997, 0.000) separation=0.2245782;Ground_Summit authored launch:(0.080, 0.997, 0.000) separation=0.2245692;Ground_Summit authored launch:(0.080, 0.997, 0.000) separation=0.2245778;Ground_Summit authored launch:(0.080, 0.997, 0.000) separation=0.2245698;Ground_Summit authored launch:(0.080, 0.997, 0.000) separation=0.2245704;"
2.596,1003.489,150.882,190.000,23.743,-23.668,1.893,0.000,0.128,0.000,0.000,4,9.780,0.000,0.997,"Ground_Mountain_2_4:(0.080, 0.997, 0.000) separation=0.284375;Ground_Mountain_2_4:(0.080, 0.997, 0.000) separation=0.284375;Ground_Mountain_2_4:(0.080, 0.997, 0.000) separation=0.284375;Ground_Mountain_2_4:(0.080, 0.997, 0.000) separation=0.284375;Ground_Mountain_2_4:(0.080, 0.997, 0.000) separation=0.284375;Ground_Mountain_2_4:(0.080, 0.997, 0.000) separation=0.284375;Ground_Summit authored launch:(0.080, 0.997, 0.000) separation=0.2245735;Ground_Summit authored launch:(0.080, 0.997, 0.000) separation=0.2245824;Ground_Summit authored launch:(0.080, 0.997, 0.000) separation=0.2245741;Ground_Summit authored launch:(0.080, 0.997, 0.000) separation=0.2245819;Ground_Summit authored launch:(0.080, 0.997, 0.000) separation=0.2245744;Ground_Summit authored launch:(0.080, 0.997, 0.000) separation=0.2245749;"
2.615,1003.016,150.920,190.000,23.743,-23.668,1.893,0.000,0.128,0.000,0.000,4,9.779,0.000,0.997,"Ground_Mountain_2_4:(0.080, 0.997, 0.000) separation=0.2844055;Ground_Mountain_2_4:(0.080, 0.997, 0.000) separation=0.2844055;Ground_Mountain_2_4:(0.080, 0.997, 0.000) separation=0.2844055;Ground_Mountain_2_4:(0.080, 0.997, 0.000) separation=0.2844055;Ground_Mountain_2_4:(0.080, 0.997, 0.000) separation=0.2844055;Ground_Mountain_2_4:(0.080, 0.997, 0.000) separation=0.2844055;Ground_Summit authored launch:(0.080, 0.997, 0.000) separation=0.2245784;Ground_Summit authored launch:(0.080, 0.997, 0.000) separation=0.2245875;Ground_Summit authored launch:(0.080, 0.997, 0.000) separation=0.2245789;Ground_Summit authored launch:(0.080, 0.997, 0.000) separation=0.2245869;Ground_Summit authored launch:(0.080, 0.997, 0.000) separation=0.224579;Ground_Summit authored launch:(0.080, 0.997, 0.000) separation=0.2245798;"
2.635,1002.542,150.958,190.000,23.743,-23.668,1.893,0.000,0.128,0.000,0.000,4,9.779,0.000,0.997,"Ground_Mountain_2_4:(0.080, 0.997, 0.000) separation=0.2844055;Ground_Mountain_2_4:(0.080, 0.997, 0.000) separation=0.2843903;Ground_Mountain_2_4:(0.080, 0.997, 0.000) separation=0.2844055;Ground_Mountain_2_4:(0.080, 0.997, 0.000) separation=0.2843903;Ground_Mountain_2_4:(0.080, 0.997, 0.000) separation=0.2843902;Ground_Mountain_2_4:(0.080, 0.997, 0.000) separation=0.2843902;Ground_Summit authored launch:(0.080, 0.997, 0.000) separation=0.2245847;Ground_Summit authored launch:(0.080, 0.997, 0.000) separation=0.2245944;Ground_Summit authored launch:(0.080, 0.997, 0.000) separation=0.2245854;Ground_Summit authored launch:(0.080, 0.997, 0.000) separation=0.2245937;Ground_Summit authored launch:(0.080, 0.997, 0.000) separation=0.2245854;Ground_Summit authored launch:(0.080, 0.997, 0.000) separation=0.2245862;"
2.656,1002.069,150.996,190.000,23.743,-23.668,1.893,0.000,0.128,0.000,0.000,4,9.778,0.000,0.997,"Ground_Mountain_2_4:(0.080, 0.997, 0.000) separation=0.284403;Ground_Mountain_2_4:(0.080, 0.997, 0.000) separation=0.2843903;Ground_Mountain_2_4:(0.080, 0.997, 0.000) separation=0.284403;Ground_Mountain_2_4:(0.080, 0.997, 0.000) separation=0.2843903;Ground_Mountain_2_4:(0.080, 0.997, 0.000) separation=0.2843903;Ground_Mountain_2_4:(0.080, 0.997, 0.000) separation=0.2843903;Ground_Summit authored launch:(0.080, 0.997, 0.000) separation=0.2245897;Ground_Summit authored launch:(0.080, 0.997, 0.000) separation=0.2245996;Ground_Summit authored launch:(0.080, 0.997, 0.000) separation=0.2245907;Ground_Summit authored launch:(0.080, 0.997, 0.000) separation=0.2245987;Ground_Summit authored launch:(0.080, 0.997, 0.000) separation=0.2245903;Ground_Summit authored launch:(0.080, 0.997, 0.000) separation=0.2245914;"
2.675,1001.596,151.034,190.000,23.743,-23.668,1.893,0.000,0.128,0.000,0.000,4,9.778,0.000,0.997,"Ground_Mountain_2_4:(0.080, 0.997, 0.000) separation=0.2844055;Ground_Mountain_2_4:(0.080, 0.997, 0.000) separation=0.2844055;Ground_Mountain_2_4:(0.080, 0.997, 0.000) separation=0.2844055;Ground_Mountain_2_4:(0.080, 0.997, 0.000) separation=0.2844055;Ground_Mountain_2_4:(0.080, 0.997, 0.000) separation=0.2844055;Ground_Mountain_2_4:(0.080, 0.997, 0.000) separation=0.2844055;Ground_Summit authored launch:(0.080, 0.997, 0.000) separation=0.2245944;Ground_Summit authored launch:(0.080, 0.997, 0.000) separation=0.2246042;Ground_Summit authored launch:(0.080, 0.997, 0.000) separation=0.2245953;Ground_Summit authored launch:(0.080, 0.997, 0.000) separation=0.2246033;Ground_Summit authored launch:(0.080, 0.997, 0.000) separation=0.2245949;Ground_Summit authored launch:(0.080, 0.997, 0.000) separation=0.2245958;"
2.695,1001.122,151.071,190.000,23.743,-23.668,1.893,0.000,0.128,0.000,0.000,4,9.778,0.000,0.997,"Ground_Mountain_2_4:(0.080, 0.997, 0.000) separation=0.2844013;Ground_Mountain_2_4:(0.080, 0.997, 0.000) separation=0.2843971;Ground_Mountain_2_4:(0.080, 0.997, 0.000) separation=0.2843958;Ground_Mountain_2_4:(0.080, 0.997, 0.000) separation=0.2844026;Ground_Mountain_2_4:(0.080, 0.997, 0.000) separation=0.2843847;Ground_Mountain_2_4:(0.080, 0.997, 0.000) separation=0.2843902;Ground_Summit authored launch:(0.080, 0.997, 0.000) separation=0.2245996;Ground_Summit authored launch:(0.080, 0.997, 0.000) separation=0.224609;Ground_Summit authored launch:(0.080, 0.997, 0.000) separation=0.2246004;Ground_Summit authored launch:(0.080, 0.997, 0.000) separation=0.2246083;Ground_Summit authored launch:(0.080, 0.997, 0.000) separation=0.2245999;Ground_Summit authored launch:(0.080, 0.997, 0.000) separation=0.2246009;"
2.716,1000.649,151.109,190.000,23.743,-23.668,1.893,0.000,0.128,0.000,0.000,4,9.778,0.000,0.997,"Ground_Mountain_1_4:(0.013, 1.000, 0.000) separation=0.2850507;Ground_Mountain_1_4:(0.013, 1.000, 0.000) separation=0.2900355;Ground_Mountain_1_4:(0.013, 1.000, 0.000) separation=0.2850506;Ground_Mountain_1_4:(0.013, 1.000, 0.000) separation=0.2900341;Ground_Mountain_1_4:(0.013, 1.000, 0.000) separation=0.2837925;Ground_Mountain_1_4:(0.013, 1.000, 0.000) separation=0.2900341;Ground_Mountain_2_4:(0.080, 0.997, 0.000) separation=0.2844208;Ground_Mountain_2_4:(0.080, 0.997, 0.000) separation=0.2844208;Ground_Mountain_2_4:(0.080, 0.997, 0.000) separation=0.2844208;Ground_Mountain_2_4:(0.080, 0.997, 0.000) separation=0.2844208;Ground_Mountain_2_4:(0.080, 0.997, 0.000) separation=0.2844208;Ground_Mountain_2_4:(0.080, 0.997, 0.000) separation=0.2844208;Ground_Summit authored launch:(0.055, 0.998, 0.000) separation=0.2305213;Ground_Summit authored launch:(0.055, 0.998, 0.000) separation=0.2246136;Ground_Summit authored launch:(0.055, 0.998, 0.000) separation=0.2305213;Ground_Summit authored launch:(0.055, 0.998, 0.000) separation=0.224613;Ground_Summit authored launch:(0.055, 0.998, 0.000) separation=0.2246048;Ground_Summit authored launch:(0.055, 0.998, 0.000) separation=0.2246054;"
2.736,1000.175,151.147,190.000,23.743,-23.668,1.882,0.000,0.128,0.000,0.000,4,9.268,0.805,0.997,"Ground_Mountain_2_4:(0.080, 0.997, 0.000) separation=0.2844055;Ground_Mountain_2_4:(0.080, 0.997, 0.000) separation=0.2844055;Ground_Mountain_2_4:(0.080, 0.997, 0.000) separation=0.2844055;Ground_Mountain_2_4:(0.080, 0.997, 0.000) separation=0.2844055;Ground_Mountain_2_4:(0.080, 0.997, 0.000) separation=0.2844055;Ground_Mountain_2_4:(0.080, 0.997, 0.000) separation=0.2844055;Ground_Summit authored launch:(0.055, 0.998, 0.000) separation=0.265237;Ground_Summit authored launch:(0.055, 0.998, 0.000) separation=0.2246191;Ground_Summit authored launch:(0.055, 0.998, 0.000) separation=0.2652368;Ground_Summit authored launch:(0.055, 0.998, 0.000) separation=0.2246186;Ground_Summit authored launch:(0.055, 0.998, 0.000) separation=0.2246118;Ground_Summit authored launch:(0.055, 0.998, 0.000) separation=0.2246123;Ground_Mountain_1_4:(0.013, 1.000, 0.000) separation=0.2850354;Ground_Mountain_1_4:(0.013, 1.000, 0.000) separation=0.3215664;Ground_Mountain_1_4:(0.013, 1.000, 0.000) separation=0.2850354;Ground_Mountain_1_4:(0.013, 1.000, 0.000) separation=0.3215649;Ground_Mountain_1_4:(0.013, 1.000, 0.000) separation=0.2837771;Ground_Mountain_1_4:(0.013, 1.000, 0.000) separation=0.3215649;"
2.755,999.702,151.184,190.000,23.743,-23.671,1.849,0.000,0.128,0.000,0.000,4,8.149,0.647,0.997,"Ground_Mountain_2_4:(0.080, 0.997, 0.000) separation=0.2847919;Ground_Mountain_2_4:(0.080, 0.997, 0.000) separation=0.2841462;Ground_Mountain_2_4:(0.080, 0.997, 0.000) separation=0.2847919;Ground_Mountain_2_4:(0.080, 0.997, 0.000) separation=0.2841462;Ground_Mountain_2_4:(0.080, 0.997, 0.000) separation=0.2841461;Ground_Mountain_2_4:(0.080, 0.997, 0.000) separation=0.2845057;Ground_Summit authored launch:(0.060, 0.998, 0.000) separation=0.2988654;Ground_Summit authored launch:(0.060, 0.998, 0.000) separation=0.2249702;Ground_Summit authored launch:(0.060, 0.998, 0.000) separation=0.2988652;Ground_Summit authored launch:(0.060, 0.998, 0.000) separation=0.2249698;Ground_Summit authored launch:(0.060, 0.998, 0.000) separation=0.224325;Ground_Summit authored launch:(0.060, 0.998, 0.000) separation=0.2243254;Ground_Mountain_1_4:(0.013, 1.000, 0.000) separation=0.2847663;Ground_Mountain_1_4:(0.013, 1.000, 0.000) separation=0.3523575;Ground_Mountain_1_4:(0.013, 1.000, 0.000) separation=0.2847663;Ground_Mountain_1_4:(0.013, 1.000, 0.000) separation=0.3523576;Ground_Mountain_1_4:(0.013, 1.000, 0.000) separation=0.2835274;Ground_Mountain_1_4:(0.013, 1.000, 0.000) separation=0.3326938;"
2.776,999.228,151.220,190.000,23.744,-23.676,1.796,0.000,0.128,0.000,0.000,4,7.185,0.254,0.997,"Ground_Mountain_2_4:(0.080, 0.997, 0.000) separation=0.2853007;Ground_Mountain_2_4:(0.080, 0.997, 0.000) separation=0.2838719;Ground_Mountain_2_4:(0.080, 0.997, 0.000) separation=0.2853007;Ground_Mountain_2_4:(0.080, 0.997, 0.000) separation=0.2838719;Ground_Mountain_2_4:(0.080, 0.997, 0.000) separation=0.2838711;Ground_Mountain_2_4:(0.080, 0.997, 0.000) separation=0.285122;Ground_Summit authored launch:(0.060, 0.998, 0.000) separation=0.3249271;Ground_Summit authored launch:(0.060, 0.998, 0.000) separation=0.2255013;Ground_Summit authored launch:(0.060, 0.998, 0.000) separation=0.3249269;Ground_Summit authored launch:(0.060, 0.998, 0.000) separation=0.225501;Ground_Summit authored launch:(0.060, 0.998, 0.000) separation=0.2240682;Ground_Summit authored launch:(0.060, 0.998, 0.000) separation=0.2240685;Ground_Mountain_1_4:(0.013, 1.000, 0.000) separation=0.2844684;Ground_Mountain_1_4:(0.013, 1.000, 0.000) separation=0.3815721;Ground_Mountain_1_4:(0.013, 1.000, 0.000) separation=0.2844684;Ground_Mountain_1_4:(0.013, 1.000, 0.000) separation=0.3815721;Ground_Mountain_1_4:(0.013, 1.000, 0.000) separation=0.2832759;Ground_Mountain_1_4:(0.013, 1.000, 0.000) separation=0.3315117;"
2.796,998.753,151.255,190.000,23.744,-23.681,1.729,0.000,0.128,0.000,0.000,4,6.420,0.037,0.997,"Ground_Mountain_2_4:(0.080, 0.997, 0.000) separation=0.2857624;Ground_Mountain_2_4:(0.080, 0.997, 0.000) separation=0.2844228;Ground_Mountain_2_4:(0.080, 0.997, 0.000) separation=0.2857623;Ground_Mountain_2_4:(0.080, 0.997, 0.000) separation=0.2844228;Ground_Mountain_2_4:(0.080, 0.997, 0.000) separation=0.2844188;Ground_Mountain_2_4:(0.080, 0.997, 0.000) separation=0.2857623;Ground_Summit authored launch:(0.060, 0.998, 0.000) separation=0.3489827;Ground_Summit authored launch:(0.060, 0.998, 0.000) separation=0.2259535;Ground_Summit authored launch:(0.060, 0.998, 0.000) separation=0.3489824;Ground_Summit authored launch:(0.060, 0.998, 0.000) separation=0.2259533;Ground_Summit authored launch:(0.060, 0.998, 0.000) separation=0.2245962;Ground_Summit authored launch:(0.060, 0.998, 0.000) separation=0.2245964;Ground_Mountain_1_4:(0.013, 1.000, 0.000) separation=0.2849815;Ground_Mountain_1_4:(0.013, 1.000, 0.000) separation=0.408786;Ground_Mountain_1_4:(0.013, 1.000, 0.000) separation=0.2849815;Ground_Mountain_1_4:(0.013, 1.000, 0.000) separation=0.4087846;Ground_Mountain_1_4:(0.013, 1.000, 0.000) separation=0.2838611;Ground_Mountain_1_4:(0.013, 1.000, 0.000) separation=0.3305325;"
2.815,998.278,151.287,190.000,23.746,-23.690,1.625,0.000,0.128,0.000,0.000,4,4.650,0.292,0.998,"Ground_Mountain_1_4:(0.022, 1.000, 0.000) separation=0.2931475;Ground_Mountain_1_4:(0.022, 1.000, 0.000) separation=0.4216506;Ground_Mountain_1_4:(0.022, 1.000, 0.000) separation=0.2931475;Ground_Mountain_1_4:(0.022, 1.000, 0.000) separation=0.4216506;Ground_Mountain_1_4:(0.022, 1.000, 0.000) separation=0.2931475;Ground_Mountain_1_4:(0.022, 1.000, 0.000) separation=0.2931475;Ground_Summit authored launch:(0.016, 1.000, 0.000) separation=0.3646807;Ground_Summit authored launch:(0.016, 1.000, 0.000) separation=0.2337842;Ground_Summit authored launch:(0.016, 1.000, 0.000) separation=0.3646805;Ground_Summit authored launch:(0.016, 1.000, 0.000) separation=0.2337847;Ground_Summit authored launch:(0.016, 1.000, 0.000) separation=0.2586227;Ground_Summit authored launch:(0.016, 1.000, 0.000) separation=0.2626455;"
2.836,997.803,151.317,190.000,23.748,-23.701,1.494,0.000,0.127,0.000,0.000,4,3.282,0.025,0.998,"Ground_Mountain_1_4:(0.022, 1.000, 0.000) separation=0.3236531;Ground_Mountain_1_4:(0.022, 1.000, 0.000) separation=0.4307888;Ground_Mountain_1_4:(0.022, 1.000, 0.000) separation=0.3236544;Ground_Mountain_1_4:(0.022, 1.000, 0.000) separation=0.4307881;Ground_Mountain_1_4:(0.022, 1.000, 0.000) separation=0.3236534;Ground_Mountain_1_4:(0.022, 1.000, 0.000) separation=0.3236544;Ground_Summit authored launch:(0.020, 1.000, 0.000) separation=0.3770357;Ground_Summit authored launch:(0.020, 1.000, 0.000) separation=0.2674799;Ground_Summit authored launch:(0.020, 1.000, 0.000) separation=0.3770354;Ground_Summit authored launch:(0.020, 1.000, 0.000) separation=0.2674805;Ground_Summit authored launch:(0.020, 1.000, 0.000) separation=0.2942573;Ground_Summit authored launch:(0.020, 1.000, 0.000) separation=0.2942573;"
2.856,997.328,151.344,190.000,23.751,-23.713,1.347,0.000,0.126,0.000,0.000,4,2.439,0.519,0.998,"Ground_Mountain_1_4:(0.022, 1.000, 0.000) separation=0.3520263;Ground_Mountain_1_4:(0.022, 1.000, 0.000) separation=0.4369399;Ground_Mountain_1_4:(0.022, 1.000, 0.000) separation=0.3520264;Ground_Mountain_1_4:(0.022, 1.000, 0.000) separation=0.4369399;Ground_Mountain_1_4:(0.022, 1.000, 0.000) separation=0.3520263;Ground_Mountain_1_4:(0.022, 1.000, 0.000) separation=0.3638902;Ground_Summit authored launch:(0.029, 1.000, 0.000) separation=0.3809626;Ground_Summit authored launch:(0.029, 1.000, 0.000) separation=0.2983752;Ground_Summit authored launch:(0.029, 1.000, 0.000) separation=0.3809623;Ground_Summit authored launch:(0.029, 1.000, 0.000) separation=0.2983757;Ground_Summit authored launch:(0.029, 1.000, 0.000) separation=0.3175101;Ground_Summit authored launch:(0.029, 1.000, 0.000) separation=0.3202535;"
2.875,996.852,151.368,190.000,23.755,-23.727,1.172,0.000,0.124,0.000,0.000,2,1.055,0.307,0.998,"Ground_Mountain_1_4:(0.022, 1.000, 0.000) separation=0.3773924;Ground_Mountain_1_4:(0.022, 1.000, 0.000) separation=0.4401393;Ground_Mountain_1_4:(0.022, 1.000, 0.000) separation=0.3773934;Ground_Mountain_1_4:(0.022, 1.000, 0.000) separation=0.4401388;Ground_Mountain_1_4:(0.022, 1.000, 0.000) separation=0.3773924;Ground_Mountain_1_4:(0.022, 1.000, 0.000) separation=0.3773931;Ground_Summit authored launch:(0.029, 1.000, 0.000) separation=0.3809981;Ground_Summit authored launch:(0.029, 1.000, 0.000) separation=0.3205818;Ground_Summit authored launch:(0.029, 1.000, 0.000) separation=0.3809979;Ground_Summit authored launch:(0.029, 1.000, 0.000) separation=0.3205823;Ground_Summit authored launch:(0.029, 1.000, 0.000) separation=0.3205822;Ground_Summit authored launch:(0.029, 1.000, 0.000) separation=0.3208883;"
2.896,996.376,151.388,190.000,23.759,-23.738,1.024,0.000,0.123,0.000,0.000,4,2.392,1.049,0.999,"Ground_Mountain_1_4:(0.036, 0.999, 0.000) separation=0.399509;Ground_Mountain_1_4:(0.036, 0.999, 0.000) separation=0.4300184;Ground_Mountain_1_4:(0.036, 0.999, 0.000) separation=0.399509;Ground_Mountain_1_4:(0.036, 0.999, 0.000) separation=0.4300183;Ground_Mountain_1_4:(0.036, 0.999, 0.000) separation=0.3989226;Ground_Mountain_1_4:(0.036, 0.999, 0.000) separation=0.3994751;Ground_Summit authored launch:(0.038, 0.999, 0.000) separation=0.3725407;Ground_Summit authored launch:(0.038, 0.999, 0.000) separation=0.3395369;Ground_Summit authored launch:(0.038, 0.999, 0.000) separation=0.3725406;Ground_Summit authored launch:(0.038, 0.999, 0.000) separation=0.3395374;Ground_Summit authored launch:(0.038, 0.999, 0.000) separation=0.3395405;Ground_Summit authored launch:(0.038, 0.999, 0.000) separation=0.3395408;"
2.916,995.900,151.406,190.000,23.764,-23.749,0.889,0.000,0.120,0.000,0.000,4,2.994,0.942,0.999,"Ground_Mountain_1_4:(0.049, 0.999, 0.000) separation=0.4052365;Ground_Mountain_1_4:(0.049, 0.999, 0.000) separation=0.4145949;Ground_Mountain_1_4:(0.049, 0.999, 0.000) separation=0.4052365;Ground_Mountain_1_4:(0.049, 0.999, 0.000) separation=0.4145948;Ground_Mountain_1_4:(0.049, 0.999, 0.000) separation=0.4052366;Ground_Mountain_1_4:(0.049, 0.999, 0.000) separation=0.4052366;Ground_Summit authored launch:(0.042, 0.999, 0.000) separation=0.3602846;Ground_Summit authored launch:(0.042, 0.999, 0.000) separation=0.3484775;Ground_Summit authored launch:(0.042, 0.999, 0.000) separation=0.3602844;Ground_Summit authored launch:(0.042, 0.999, 0.000) separation=0.3484779;Ground_Summit authored launch:(0.042, 0.999, 0.000) separation=0.3484775;Ground_Summit authored launch:(0.042, 0.999, 0.000) separation=0.3495519;"
2.935,995.425,151.422,190.000,23.768,-23.759,0.772,0.000,0.118,0.000,0.000,4,3.944,0.940,0.999,"Ground_Mountain_1_4:(0.058, 0.998, 0.000) separation=0.4074587;Ground_Mountain_1_4:(0.058, 0.998, 0.000) separation=0.3972946;Ground_Mountain_1_4:(0.058, 0.998, 0.000) separation=0.4074588;Ground_Mountain_1_4:(0.058, 0.998, 0.000) separation=0.3972946;Ground_Mountain_1_4:(0.058, 0.998, 0.000) separation=0.3972946;Ground_Mountain_1_4:(0.058, 0.998, 0.000) separation=0.3972946;Ground_Summit authored launch:(0.055, 0.998, 0.000) separation=0.3420134;Ground_Summit authored launch:(0.055, 0.998, 0.000) separation=0.3538594;Ground_Summit authored launch:(0.055, 0.998, 0.000) separation=0.3420133;Ground_Summit authored launch:(0.055, 0.998, 0.000) separation=0.3538598;Ground_Summit authored launch:(0.055, 0.998, 0.000) separation=0.3490469;Ground_Summit authored launch:(0.055, 0.998, 0.000) separation=0.3490472;"
2.956,994.949,151.435,190.000,23.773,-23.767,0.683,0.000,0.116,0.000,0.000,4,5.296,0.902,0.999,"Ground_Mountain_1_4:(0.058, 0.998, 0.000) separation=0.4064352;Ground_Mountain_1_4:(0.058, 0.998, 0.000) separation=0.3785603;Ground_Mountain_1_4:(0.058, 0.998, 0.000) separation=0.4064353;Ground_Mountain_1_4:(0.058, 0.998, 0.000) separation=0.3785607;Ground_Mountain_1_4:(0.058, 0.998, 0.000) separation=0.3785606;Ground_Mountain_1_4:(0.058, 0.998, 0.000) separation=0.3785607;Ground_Summit authored launch:(0.064, 0.998, 0.000) separation=0.3201386;Ground_Summit authored launch:(0.064, 0.998, 0.000) separation=0.3502851;Ground_Summit authored launch:(0.064, 0.998, 0.000) separation=0.3201384;Ground_Summit authored launch:(0.064, 0.998, 0.000) separation=0.3502855;Ground_Summit authored launch:(0.064, 0.998, 0.000) separation=0.3265133;Ground_Summit authored launch:(0.064, 0.998, 0.000) separation=0.3280199;"
2.976,994.473,151.448,190.000,23.776,-23.773,0.624,0.000,0.114,0.000,0.000,4,6.837,0.826,0.999,"Ground_Mountain_1_4:(0.075, 0.997, 0.000) separation=0.4026392;Ground_Mountain_1_4:(0.075, 0.997, 0.000) separation=0.3519601;Ground_Mountain_1_4:(0.075, 0.997, 0.000) separation=0.4026394;Ground_Mountain_1_4:(0.075, 0.997, 0.000) separation=0.3519611;Ground_Mountain_1_4:(0.075, 0.997, 0.000) separation=0.3519601;Ground_Mountain_1_4:(0.075, 0.997, 0.000) separation=0.3519605;Ground_Summit authored launch:(0.069, 0.998, 0.000) separation=0.2939674;Ground_Summit authored launch:(0.069, 0.998, 0.000) separation=0.3433099;Ground_Summit authored launch:(0.069, 0.998, 0.000) separation=0.2939673;Ground_Summit authored launch:(0.069, 0.998, 0.000) separation=0.3433104;Ground_Summit authored launch:(0.069, 0.998, 0.000) separation=0.3042545;Ground_Summit authored launch:(0.069, 0.998, 0.000) separation=0.3042549;"
2.995,993.998,151.460,190.000,23.779,-23.777,0.602,0.000,0.112,0.000,0.000,4,8.623,0.732,0.999,"Ground_Mountain_1_4:(0.084, 0.996, 0.000) separation=0.3863598;Ground_Mountain_1_4:(0.084, 0.996, 0.000) separation=0.3196119;Ground_Mountain_1_4:(0.084, 0.996, 0.000) separation=0.3863598;Ground_Mountain_1_4:(0.084, 0.996, 0.000) separation=0.319612;Ground_Mountain_1_4:(0.084, 0.996, 0.000) separation=0.319612;Ground_Mountain_1_4:(0.084, 0.996, 0.000) separation=0.3204586;Ground_Summit authored launch:(0.078, 0.997, 0.000) separation=0.2647735;Ground_Summit authored launch:(0.078, 0.997, 0.000) separation=0.3290703;Ground_Summit authored launch:(0.078, 0.997, 0.000) separation=0.2647734;Ground_Summit authored launch:(0.078, 0.997, 0.000) separation=0.3290706;Ground_Summit authored launch:(0.078, 0.997, 0.000) separation=0.2730285;Ground_Summit authored launch:(0.078, 0.997, 0.000) separation=0.2754498;"
3.016,993.523,151.472,190.000,23.782,-23.780,0.616,0.000,0.110,0.000,0.000,4,10.439,0.621,0.999,"Ground_Mountain_1_4:(0.084, 0.996, 0.000) separation=0.366351;Ground_Mountain_1_4:(0.084, 0.996, 0.000) separation=0.2878252;Ground_Mountain_1_4:(0.084, 0.996, 0.000) separation=0.366351;Ground_Mountain_1_4:(0.084, 0.996, 0.000) separation=0.2878252;Ground_Mountain_1_4:(0.084, 0.996, 0.000) separation=0.2878252;Ground_Mountain_1_4:(0.084, 0.996, 0.000) separation=0.3105969;Ground_Summit authored launch:(0.082, 0.997, 0.000) separation=0.2333273;Ground_Summit authored launch:(0.082, 0.997, 0.000) separation=0.3122093;Ground_Summit authored launch:(0.082, 0.997, 0.000) separation=0.2333273;Ground_Summit authored launch:(0.082, 0.997, 0.000) separation=0.3122096;Ground_Summit authored launch:(0.082, 0.997, 0.000) separation=0.2444389;Ground_Summit authored launch:(0.082, 0.997, 0.000) separation=0.2444393;"
3.036,993.048,151.485,190.000,23.783,-23.780,0.668,0.000,0.109,0.000,0.000,4,12.355,0.504,0.999,"Ground_Mountain_1_4:(0.084, 0.996, 0.000) separation=0.3456551;Ground_Mountain_1_4:(0.084, 0.996, 0.000) separation=0.2572196;Ground_Mountain_1_4:(0.084, 0.996, 0.000) separation=0.3456551;Ground_Mountain_1_4:(0.084, 0.996, 0.000) separation=0.2572196;Ground_Mountain_1_4:(0.084, 0.996, 0.000) separation=0.2572196;Ground_Mountain_1_4:(0.084, 0.996, 0.000) separation=0.2572196;Ground_Summit authored launch:(0.091, 0.996, 0.000) separation=0.1995929;Ground_Summit authored launch:(0.091, 0.996, 0.000) separation=0.2902049;Ground_Summit authored launch:(0.091, 0.996, 0.000) separation=0.1995929;Ground_Summit authored launch:(0.091, 0.996, 0.000) separation=0.2902051;Ground_Summit authored launch:(0.091, 0.996, 0.000) separation=0.2075939;Ground_Summit authored launch:(0.091, 0.996, 0.000) separation=0.2107333;"
3.055,992.573,151.500,190.000,23.784,-23.777,0.756,0.000,0.108,0.000,0.000,4,14.172,0.382,0.999,"Ground_Mountain_1_4:(0.102, 0.995, 0.000) separation=0.3251503;Ground_Mountain_1_4:(0.102, 0.995, 0.000) separation=0.2242303;Ground_Mountain_1_4:(0.102, 0.995, 0.000) separation=0.3251503;Ground_Mountain_1_4:(0.102, 0.995, 0.000) separation=0.2242303;Ground_Mountain_1_4:(0.102, 0.995, 0.000) separation=0.2242303;Ground_Mountain_1_4:(0.102, 0.995, 0.000) separation=0.2242303;Ground_Summit authored launch:(0.095, 0.995, 0.000) separation=0.1656897;Ground_Summit authored launch:(0.095, 0.995, 0.000) separation=0.2665196;Ground_Summit authored launch:(0.095, 0.995, 0.000) separation=0.1656898;Ground_Summit authored launch:(0.095, 0.995, 0.000) separation=0.2665198;Ground_Summit authored launch:(0.095, 0.995, 0.000) separation=0.175605;Ground_Summit authored launch:(0.095, 0.995, 0.000) separation=0.1756054;"
3.076,992.098,151.518,190.000,23.784,-23.772,0.881,0.000,0.108,0.000,0.000,4,15.970,0.261,0.998,"Ground_Mountain_1_4:(0.110, 0.994, 0.000) separation=0.2977941;Ground_Mountain_1_4:(0.110, 0.994, 0.000) separation=0.1856095;Ground_Mountain_1_4:(0.110, 0.994, 0.000) separation=0.2977941;Ground_Mountain_1_4:(0.110, 0.994, 0.000) separation=0.1856095;Ground_Mountain_1_4:(0.110, 0.994, 0.000) separation=0.1856095;Ground_Mountain_1_4:(0.110, 0.994, 0.000) separation=0.1856095;Ground_Summit authored launch:(0.104, 0.995, 0.000) separation=0.1302025;Ground_Summit authored launch:(0.104, 0.995, 0.000) separation=0.2399635;Ground_Summit authored launch:(0.104, 0.995, 0.000) separation=0.1302026;Ground_Summit authored launch:(0.104, 0.995, 0.000) separation=0.2399636;Ground_Summit authored launch:(0.104, 0.995, 0.000) separation=0.1362564;Ground_Summit authored launch:(0.104, 0.995, 0.000) separation=0.1399305;"
3.096,991.624,151.539,190.000,23.783,-23.764,1.037,0.000,0.108,0.000,0.000,4,17.569,0.146,0.998,"Ground_Mountain_1_4:(0.110, 0.994, 0.000) separation=0.2673549;Ground_Mountain_1_4:(0.110, 0.994, 0.000) separation=0.1502058;Ground_Mountain_1_4:(0.110, 0.994, 0.000) separation=0.2673549;Ground_Mountain_1_4:(0.110, 0.994, 0.000) separation=0.1502058;Ground_Mountain_1_4:(0.110, 0.994, 0.000) separation=0.1502058;Ground_Mountain_1_4:(0.110, 0.994, 0.000) separation=0.1748363;Ground_Summit authored launch:(0.108, 0.994, 0.000) separation=0.09659252;Ground_Summit authored launch:(0.108, 0.994, 0.000) separation=0.2126884;Ground_Summit authored launch:(0.108, 0.994, 0.000) separation=0.09659269;Ground_Summit authored launch:(0.108, 0.994, 0.000) separation=0.2126885;Ground_Summit authored launch:(0.108, 0.994, 0.000) separation=0.1037798;Ground_Summit authored launch:(0.108, 0.994, 0.000) separation=0.1037801;"
3.115,991.150,151.563,190.000,23.782,-23.753,1.224,0.000,0.108,0.000,0.000,4,19.072,0.034,0.998,"Ground_Mountain_1_4:(0.110, 0.994, 0.000) separation=0.2394073;Ground_Mountain_1_4:(0.110, 0.994, 0.000) separation=0.1186579;Ground_Mountain_1_4:(0.110, 0.994, 0.000) separation=0.2394066;Ground_Mountain_1_4:(0.110, 0.994, 0.000) separation=0.1186592;Ground_Mountain_1_4:(0.110, 0.994, 0.000) separation=0.1186584;Ground_Mountain_1_4:(0.110, 0.994, 0.000) separation=0.1186592;Ground_Summit authored launch:(0.117, 0.993, 0.000) separation=0.06191551;Ground_Summit authored launch:(0.117, 0.993, 0.000) separation=0.1847393;Ground_Summit authored launch:(0.117, 0.993, 0.000) separation=0.06191572;Ground_Summit authored launch:(0.117, 0.993, 0.000) separation=0.1847393;Ground_Summit authored launch:(0.117, 0.993, 0.000) separation=0.06479627;Ground_Summit authored launch:(0.117, 0.993, 0.000) separation=0.06885207;"
3.135,990.677,151.592,190.000,23.781,-23.738,1.435,0.000,0.109,0.000,0.000,4,20.319,0.066,0.998,"Ground_Mountain_1_4:(0.128, 0.992, 0.000) separation=0.2145846;Ground_Mountain_1_4:(0.128, 0.992, 0.000) separation=0.09001541;Ground_Mountain_1_4:(0.128, 0.992, 0.000) separation=0.2145846;Ground_Mountain_1_4:(0.128, 0.992, 0.000) separation=0.09001541;Ground_Mountain_1_4:(0.128, 0.992, 0.000) separation=0.09001541;Ground_Mountain_1_4:(0.128, 0.992, 0.000) separation=0.09001541;Ground_Summit authored launch:(0.121, 0.993, 0.000) separation=0.03094815;Ground_Summit authored launch:(0.121, 0.993, 0.000) separation=0.156774;Ground_Summit authored launch:(0.121, 0.993, 0.000) separation=0.03094842;Ground_Summit authored launch:(0.121, 0.993, 0.000) separation=0.156774;Ground_Summit authored launch:(0.121, 0.993, 0.000) separation=0.03429365;Ground_Summit authored launch:(0.121, 0.993, 0.000) separation=0.03429392;"
3.156,990.210,151.632,190.000,23.692,-23.607,2.004,0.000,0.110,0.000,0.000,4,21.429,0.163,0.996,"Ground_Mountain_1_4:(0.136, 0.991, 0.000) separation=0.1884072;Ground_Mountain_1_4:(0.136, 0.991, 0.000) separation=0.05506101;Ground_Mountain_1_4:(0.136, 0.991, 0.000) separation=0.1884061;Ground_Mountain_1_4:(0.136, 0.991, 0.000) separation=0.05506271;Ground_Mountain_1_4:(0.136, 0.991, 0.000) separation=0.05506098;Ground_Mountain_1_4:(0.136, 0.991, 0.000) separation=0.05506223;Ground_Summit authored launch:(0.130, 0.992, 0.000) separation=-0.0008965805;Ground_Summit authored launch:(0.130, 0.992, 0.000) separation=0.1300645;Ground_Summit authored launch:(0.130, 0.992, 0.000) separation=-0.0008963235;Ground_Summit authored launch:(0.130, 0.992, 0.000) separation=0.1300644;Ground_Summit authored launch:(0.130, 0.992, 0.000) separation=-0.0008965135;Ground_Summit authored launch:(0.130, 0.992, 0.000) separation=0.002281576;"
3.175,989.743,151.677,190.000,23.695,-23.590,2.242,0.000,0.154,0.000,0.000,4,21.653,4.690,0.995,"Ground_Mountain_1_4:(0.136, 0.991, 0.000) separation=0.1500251;Ground_Mountain_1_4:(0.136, 0.991, 0.000) separation=0.04856729;Ground_Mountain_1_4:(0.136, 0.991, 0.000) separation=0.1500299;Ground_Mountain_1_4:(0.136, 0.991, 0.000) separation=0.04856306;Ground_Mountain_1_4:(0.136, 0.991, 0.000) separation=0.04856303;Ground_Mountain_1_4:(0.136, 0.991, 0.000) separation=0.0642716;Ground_Summit authored launch:(0.130, 0.992, 0.000) separation=-0.004313663;Ground_Summit authored launch:(0.130, 0.992, 0.000) separation=0.09478088;Ground_Summit authored launch:(0.130, 0.992, 0.000) separation=-0.00432035;Ground_Summit authored launch:(0.130, 0.992, 0.000) separation=0.09478796;Ground_Summit authored launch:(0.130, 0.992, 0.000) separation=0.01939243;Ground_Summit authored launch:(0.130, 0.992, 0.000) separation=0.02254051;Ground_Summit authored launch:(0.152, 0.988, 0.000) separation=0.04578385;"
3.195,989.278,151.729,190.000,23.691,-23.558,2.532,-0.001,0.153,0.000,0.000,4,24.070,3.816,0.993,"Ground_Mountain_1_4:(0.136, 0.991, 0.000) separation=0.1194439;Ground_Mountain_1_4:(0.136, 0.991, 0.000) separation=0.04475515;Ground_Mountain_1_4:(0.136, 0.991, 0.000) separation=0.1194436;Ground_Mountain_1_4:(0.136, 0.991, 0.000) separation=0.04475607;Ground_Mountain_1_4:(0.136, 0.991, 0.000) separation=0.04475537;Ground_Mountain_1_4:(0.136, 0.991, 0.000) separation=0.04475605;Ground_Summit authored launch:(0.139, 0.990, 0.000) separation=-0.01097086;Ground_Summit authored launch:(0.139, 0.990, 0.000) separation=0.06569531;Ground_Summit authored launch:(0.139, 0.990, 0.000) separation=-0.01097286;Ground_Summit authored launch:(0.139, 0.990, 0.000) separation=0.06569751;Ground_Summit authored launch:(0.139, 0.990, 0.000) separation=0.01104036;Ground_Summit authored launch:(0.139, 0.990, 0.000) separation=0.01104271;"
3.216,988.812,151.788,190.000,23.685,-23.515,2.855,-0.001,0.154,0.000,0.000,4,25.968,3.463,0.991,"Ground_Mountain_1_4:(0.136, 0.991, 0.000) separation=0.09510781;Ground_Mountain_1_4:(0.136, 0.991, 0.000) separation=0.05043545;Ground_Mountain_1_4:(0.136, 0.991, 0.000) separation=0.09510793;Ground_Mountain_1_4:(0.136, 0.991, 0.000) separation=0.05043649;Ground_Mountain_1_4:(0.136, 0.991, 0.000) separation=0.0504359;Ground_Mountain_1_4:(0.136, 0.991, 0.000) separation=0.05043596;Ground_Summit authored launch:(0.143, 0.990, 0.000) separation=-0.0083743;Ground_Summit authored launch:(0.143, 0.990, 0.000) separation=0.03823047;Ground_Summit authored launch:(0.143, 0.990, 0.000) separation=-0.008375511;Ground_Summit authored launch:(0.143, 0.990, 0.000) separation=0.03823294;Ground_Summit authored launch:(0.143, 0.990, 0.000) separation=0.003478199;Ground_Summit authored launch:(0.143, 0.990, 0.000) separation=0.005309194;"
3.236,988.347,151.855,190.000,23.669,-23.448,3.234,-0.007,0.157,0.000,0.000,4,26.566,2.742,0.989,"Ground_Mountain_1_4:(0.162, 0.987, 0.000) separation=0.07963037;Ground_Mountain_1_4:(0.162, 0.987, 0.000) separation=0.04560599;Ground_Mountain_1_4:(0.162, 0.987, 0.000) separation=0.0796297;Ground_Mountain_1_4:(0.162, 0.987, 0.000) separation=0.04560838;Ground_Mountain_1_4:(0.162, 0.987, 0.000) separation=0.04560679;Ground_Mountain_1_4:(0.162, 0.987, 0.000) separation=0.04560766;Ground_Summit authored launch:(0.152, 0.988, 0.000) separation=-0.01092459;Ground_Summit authored launch:(0.152, 0.988, 0.000) separation=0.02069391;Ground_Summit authored launch:(0.152, 0.988, 0.000) separation=-0.01092467;Ground_Summit authored launch:(0.152, 0.988, 0.000) separation=0.02069539;Ground_Summit authored launch:(0.152, 0.988, 0.000) separation=0.0006857216;Ground_Summit authored launch:(0.152, 0.988, 0.000) separation=0.0006873906;"
3.255,987.881,151.928,190.000,23.656,-23.383,3.586,-0.007,0.165,0.000,0.000,4,25.779,2.413,0.988,"Ground_Mountain_1_4:(0.162, 0.987, 0.000) separation=0.06618989;Ground_Mountain_1_4:(0.162, 0.987, 0.000) separation=0.04521001;Ground_Mountain_1_4:(0.162, 0.987, 0.000) separation=0.06618995;Ground_Mountain_1_4:(0.162, 0.987, 0.000) separation=0.04521225;Ground_Mountain_1_4:(0.162, 0.987, 0.000) separation=0.04521111;Ground_Mountain_1_4:(0.162, 0.987, 0.000) separation=0.04875442;Ground_Summit authored launch:(0.156, 0.988, 0.000) separation=-0.008313673;Ground_Summit authored launch:(0.156, 0.988, 0.000) separation=0.01032125;Ground_Summit authored launch:(0.156, 0.988, 0.000) separation=-0.008312186;Ground_Summit authored launch:(0.156, 0.988, 0.000) separation=0.01032159;Ground_Summit authored launch:(0.156, 0.988, 0.000) separation=-0.002150238;Ground_Summit authored launch:(0.156, 0.988, 0.000) separation=-0.001001149;"
3.276,987.417,152.007,190.000,23.652,-23.333,3.872,-0.006,0.172,0.000,0.000,4,24.188,1.464,0.987,"Ground_Mountain_1_4:(0.162, 0.987, 0.000) separation=0.06300049;Ground_Mountain_1_4:(0.162, 0.987, 0.000) separation=0.04463898;Ground_Mountain_1_4:(0.162, 0.987, 0.000) separation=0.06300113;Ground_Mountain_1_4:(0.162, 0.987, 0.000) separation=0.04464065;Ground_Mountain_1_4:(0.162, 0.987, 0.000) separation=0.04463902;Ground_Mountain_1_4:(0.162, 0.987, 0.000) separation=0.0446398;Ground_Summit authored launch:(0.169, 0.986, 0.000) separation=-0.009991939;Ground_Summit authored launch:(0.169, 0.986, 0.000) separation=0.01025934;Ground_Summit authored launch:(0.169, 0.986, 0.000) separation=-0.009988972;Ground_Summit authored launch:(0.169, 0.986, 0.000) separation=0.01025841;Ground_Summit authored launch:(0.169, 0.986, 0.000) separation=-0.001740277;Ground_Summit authored launch:(0.169, 0.986, 0.000) separation=-0.001739264;"
3.296,986.953,152.089,190.000,23.647,-23.284,4.134,-0.004,0.174,0.000,0.000,4,23.036,1.157,0.987,"Ground_Mountain_1_4:(0.162, 0.987, 0.000) separation=0.06605943;Ground_Mountain_1_4:(0.162, 0.987, 0.000) separation=0.05158487;Ground_Mountain_1_4:(0.162, 0.987, 0.000) separation=0.06606068;Ground_Mountain_1_4:(0.162, 0.987, 0.000) separation=0.05158594;Ground_Mountain_1_4:(0.162, 0.987, 0.000) separation=0.05158526;Ground_Mountain_1_4:(0.162, 0.987, 0.000) separation=0.05158541;Ground_Summit authored launch:(0.169, 0.986, 0.000) separation=-0.006090602;Ground_Summit authored launch:(0.169, 0.986, 0.000) separation=0.01022386;Ground_Summit authored launch:(0.169, 0.986, 0.000) separation=-0.006089395;Ground_Summit authored launch:(0.169, 0.986, 0.000) separation=0.01022491;Ground_Summit authored launch:(0.169, 0.986, 0.000) separation=-0.001300633;Ground_Summit authored launch:(0.169, 0.986, 0.000) separation=-0.0001665354;"
3.315,986.489,152.177,190.000,23.642,-23.240,4.364,-0.003,0.177,0.000,0.000,4,21.347,0.848,0.986,"Ground_Mountain_1_4:(0.179, 0.984, 0.000) separation=0.07625627;Ground_Mountain_1_4:(0.179, 0.984, 0.000) separation=0.05077558;Ground_Mountain_1_4:(0.179, 0.984, 0.000) separation=0.07626809;Ground_Mountain_1_4:(0.179, 0.984, 0.000) separation=0.05076605;Ground_Mountain_1_4:(0.179, 0.984, 0.000) separation=0.05077261;Ground_Mountain_1_4:(0.179, 0.984, 0.000) separation=0.05077633;Ground_Summit authored launch:(0.173, 0.985, 0.000) separation=-0.006421798;Ground_Summit authored launch:(0.173, 0.985, 0.000) separation=0.01731419;Ground_Summit authored launch:(0.173, 0.985, 0.000) separation=-0.006436787;Ground_Summit authored launch:(0.173, 0.985, 0.000) separation=0.01733085;Ground_Summit authored launch:(0.173, 0.985, 0.000) separation=0.0006703138;Ground_Summit authored launch:(0.173, 0.985, 0.000) separation=0.0006865263;"
3.336,986.025,152.268,190.000,23.637,-23.200,4.562,-0.002,0.179,0.000,0.000,4,19.754,0.601,0.986,"Ground_Mountain_1_4:(0.188, 0.982, 0.000) separation=0.08092296;Ground_Mountain_1_4:(0.188, 0.982, 0.000) separation=0.04860736;Ground_Mountain_1_4:(0.188, 0.982, 0.000) separation=0.08094496;Ground_Mountain_1_4:(0.188, 0.982, 0.000) separation=0.04858594;Ground_Mountain_1_4:(0.188, 0.982, 0.000) separation=0.04859698;Ground_Mountain_1_4:(0.188, 0.982, 0.000) separation=0.07178456;Ground_Summit authored launch:(0.181, 0.983, 0.000) separation=-0.005551431;Ground_Summit authored launch:(0.181, 0.983, 0.000) separation=0.0244487;Ground_Summit authored launch:(0.181, 0.983, 0.000) separation=-0.005580058;Ground_Summit authored launch:(0.181, 0.983, 0.000) separation=0.02447757;Ground_Summit authored launch:(0.181, 0.983, 0.000) separation=-0.0008568168;Ground_Summit authored launch:(0.181, 0.983, 0.000) separation=0.0006535351;"
3.356,985.563,152.362,190.000,23.632,-23.165,4.729,-0.002,0.182,0.000,0.000,4,18.221,0.415,0.985,"Ground_Mountain_1_4:(0.188, 0.982, 0.000) separation=0.08855808;Ground_Mountain_1_4:(0.188, 0.982, 0.000) separation=0.0500838;Ground_Mountain_1_4:(0.188, 0.982, 0.000) separation=0.08860239;Ground_Mountain_1_4:(0.188, 0.982, 0.000) separation=0.05003893;Ground_Mountain_1_4:(0.188, 0.982, 0.000) separation=0.05006167;Ground_Mountain_1_4:(0.188, 0.982, 0.000) separation=0.06370983;Ground_Summit authored launch:(0.186, 0.983, 0.000) separation=-0.0034241;Ground_Summit authored launch:(0.186, 0.983, 0.000) separation=0.03518634;Ground_Summit authored launch:(0.186, 0.983, 0.000) separation=0.03514751;Ground_Summit authored launch:(0.186, 0.983, 0.000) separation=-0.003384696;Ground_Summit authored launch:(0.186, 0.983, 0.000) separation=0.003000468;Ground_Summit authored launch:(0.186, 0.983, 0.000) separation=0.00303936;"
3.375,985.101,152.459,190.000,23.627,-23.134,4.871,-0.002,0.184,0.000,0.000,4,16.911,0.276,0.985,"Ground_Mountain_1_4:(0.188, 0.982, 0.000) separation=0.09980591;Ground_Mountain_1_4:(0.188, 0.982, 0.000) separation=0.05478124;Ground_Mountain_1_4:(0.188, 0.982, 0.000) separation=0.09985019;Ground_Mountain_1_4:(0.188, 0.982, 0.000) separation=0.05473584;Ground_Mountain_1_4:(0.188, 0.982, 0.000) separation=0.05475852;Ground_Mountain_1_4:(0.188, 0.982, 0.000) separation=0.0547694;Ground_Summit authored launch:(0.194, 0.981, 0.000) separation=-0.001745263;Ground_Summit authored launch:(0.194, 0.981, 0.000) separation=0.04513864;Ground_Summit authored launch:(0.194, 0.981, 0.000) separation=0.04509185;Ground_Summit authored launch:(0.194, 0.981, 0.000) separation=-0.001697626;Ground_Summit authored launch:(0.194, 0.981, 0.000) separation=0.002038687;Ground_Summit authored launch:(0.194, 0.981, 0.000) separation=0.004021674;"
3.396,984.639,152.559,190.000,23.623,-23.106,4.990,-0.001,0.187,0.000,0.000,4,15.746,0.178,0.985,"Ground_Mountain_1_4:(0.204, 0.979, 0.000) separation=0.113994;Ground_Mountain_1_4:(0.204, 0.979, 0.000) separation=0.05930261;Ground_Mountain_1_4:(0.204, 0.979, 0.000) separation=0.1140381;Ground_Mountain_1_4:(0.204, 0.979, 0.000) separation=0.05925512;Ground_Mountain_1_4:(0.204, 0.979, 0.000) separation=0.05927455;Ground_Mountain_1_4:(0.204, 0.979, 0.000) separation=0.05927828;Ground_Summit authored launch:(0.198, 0.980, 0.000) separation=0.001429014;Ground_Summit authored launch:(0.198, 0.980, 0.000) separation=0.0562808;Ground_Summit authored launch:(0.198, 0.980, 0.000) separation=0.05622837;Ground_Summit authored launch:(0.198, 0.980, 0.000) separation=0.001483181;Ground_Summit authored launch:(0.198, 0.980, 0.000) separation=0.006052881;Ground_Summit authored launch:(0.198, 0.980, 0.000) separation=0.006105095;"
3.416,984.179,152.661,190.000,23.618,-23.081,5.092,-0.001,0.189,0.000,0.000,4,14.854,0.116,0.984,"Ground_Mountain_1_4:(0.213, 0.977, 0.000) separation=0.1233961;Ground_Mountain_1_4:(0.213, 0.977, 0.000) separation=0.05742589;Ground_Mountain_1_4:(0.213, 0.977, 0.000) separation=0.1234528;Ground_Mountain_1_4:(0.213, 0.977, 0.000) separation=0.05736752;Ground_Mountain_1_4:(0.213, 0.977, 0.000) separation=0.05737463;Ground_Mountain_1_4:(0.213, 0.977, 0.000) separation=0.05740273;Ground_Summit authored launch:(0.207, 0.978, 0.000) separation=0.00248877;Ground_Summit authored launch:(0.207, 0.978, 0.000) separation=0.06631733;Ground_Summit authored launch:(0.207, 0.978, 0.000) separation=0.06626078;Ground_Summit authored launch:(0.207, 0.978, 0.000) separation=0.002546698;Ground_Summit authored launch:(0.207, 0.978, 0.000) separation=0.004047453;Ground_Summit authored launch:(0.207, 0.978, 0.000) separation=0.006519228;"
3.435,983.718,152.764,190.000,23.614,-23.058,5.180,-0.001,0.191,0.000,0.000,4,14.127,0.077,0.984,"Ground_Mountain_1_4:(0.213, 0.977, 0.000) separation=0.1296301;Ground_Mountain_1_4:(0.213, 0.977, 0.000) separation=0.05769435;Ground_Mountain_1_4:(0.213, 0.977, 0.000) separation=0.1296867;Ground_Mountain_1_4:(0.213, 0.977, 0.000) separation=0.05763615;Ground_Mountain_1_4:(0.213, 0.977, 0.000) separation=0.05767122;Ground_Mountain_1_4:(0.213, 0.977, 0.000) separation=0.07204476;Ground_Summit authored launch:(0.211, 0.978, 0.000) separation=0.005444658;Ground_Summit authored launch:(0.211, 0.978, 0.000) separation=0.07563518;Ground_Summit authored launch:(0.211, 0.978, 0.000) separation=0.07557686;Ground_Summit authored launch:(0.211, 0.978, 0.000) separation=0.005505218;Ground_Summit authored launch:(0.211, 0.978, 0.000) separation=0.006902665;Ground_Summit authored launch:(0.211, 0.978, 0.000) separation=0.006960273;"
3.456,983.258,152.869,190.000,23.610,-23.037,5.259,-0.001,0.193,0.000,0.000,4,13.669,0.066,0.983,"Ground_Mountain_1_4:(0.213, 0.977, 0.000) separation=0.1374581;Ground_Mountain_1_4:(0.213, 0.977, 0.000) separation=0.06006461;Ground_Mountain_1_4:(0.213, 0.977, 0.000) separation=0.1375255;Ground_Mountain_1_4:(0.213, 0.977, 0.000) separation=0.05999552;Ground_Mountain_1_4:(0.213, 0.977, 0.000) separation=0.06002957;Ground_Mountain_1_4:(0.213, 0.977, 0.000) separation=0.06005371;Ground_Summit authored launch:(0.219, 0.976, 0.000) separation=0.004836023;Ground_Summit authored launch:(0.219, 0.976, 0.000) separation=0.08398098;Ground_Summit authored launch:(0.219, 0.976, 0.000) separation=0.08392161;Ground_Summit authored launch:(0.219, 0.976, 0.000) separation=0.004896931;Ground_Summit authored launch:(0.219, 0.976, 0.000) separation=0.004854679;Ground_Summit authored launch:(0.219, 0.976, 0.000) separation=0.005752504;"
3.476,982.799,152.976,190.000,23.607,-23.016,5.331,-0.001,0.195,0.000,0.000,4,13.352,0.205,0.982,"Ground_Mountain_1_4:(0.213, 0.977, 0.000) separation=0.1466547;Ground_Mountain_1_4:(0.213, 0.977, 0.000) separation=0.06436177;Ground_Mountain_1_4:(0.213, 0.977, 0.000) separation=0.1467106;Ground_Mountain_1_4:(0.213, 0.977, 0.000) separation=0.06430478;Ground_Mountain_1_4:(0.213, 0.977, 0.000) separation=0.06432772;Ground_Mountain_1_4:(0.213, 0.977, 0.000) separation=0.06432953;Ground_Summit authored launch:(0.219, 0.976, 0.000) separation=0.00614921;Ground_Summit authored launch:(0.219, 0.976, 0.000) separation=0.0901437;Ground_Summit authored launch:(0.219, 0.976, 0.000) separation=0.09008522;Ground_Summit authored launch:(0.219, 0.976, 0.000) separation=0.006209265;Ground_Summit authored launch:(0.219, 0.976, 0.000) separation=0.02558318;Ground_Summit authored launch:(0.219, 0.976, 0.000) separation=0.02832291;"
3.495,982.340,153.084,189.999,23.603,-22.995,5.402,-0.001,0.197,0.000,0.000,4,13.255,0.067,0.982,"Ground_Mountain_1_4:(0.237, 0.971, 0.000) separation=0.1536888;Ground_Mountain_1_4:(0.237, 0.971, 0.000) separation=0.05952839;Ground_Mountain_1_4:(0.237, 0.971, 0.000) separation=0.1537464;Ground_Mountain_1_4:(0.237, 0.971, 0.000) separation=0.05946916;Ground_Mountain_1_4:(0.237, 0.971, 0.000) separation=0.05948412;Ground_Mountain_1_4:(0.237, 0.971, 0.000) separation=0.05950493;Ground_Summit authored launch:(0.227, 0.974, 0.000) separation=0.003943838;Ground_Summit authored launch:(0.227, 0.974, 0.000) separation=0.09599411;Ground_Summit authored launch:(0.227, 0.974, 0.000) separation=0.09593658;Ground_Summit authored launch:(0.227, 0.974, 0.000) separation=0.004002862;Ground_Summit authored launch:(0.227, 0.974, 0.000) separation=0.02679071;Ground_Summit authored launch:(0.227, 0.974, 0.000) separation=0.02684653;"
3.516,981.881,153.193,189.999,23.599,-22.974,5.473,-0.001,0.199,0.000,0.000,4,13.292,0.228,0.981,"Ground_Mountain_1_4:(0.237, 0.971, 0.000) separation=0.1532024;Ground_Mountain_1_4:(0.237, 0.971, 0.000) separation=0.05549141;Ground_Mountain_1_4:(0.237, 0.971, 0.000) separation=0.1532598;Ground_Mountain_1_4:(0.237, 0.971, 0.000) separation=0.05543241;Ground_Mountain_1_4:(0.237, 0.971, 0.000) separation=0.05546674;Ground_Mountain_1_4:(0.237, 0.971, 0.000) separation=0.06458905;Ground_Summit authored launch:(0.231, 0.973, 0.000) separation=0.00286461;Ground_Summit authored launch:(0.231, 0.973, 0.000) separation=0.09850047;Ground_Summit authored launch:(0.231, 0.973, 0.000) separation=0.09844536;Ground_Summit authored launch:(0.231, 0.973, 0.000) separation=0.002921131;Ground_Summit authored launch:(0.231, 0.973, 0.000) separation=0.02054289;Ground_Summit authored launch:(0.231, 0.973, 0.000) separation=0.02365384;"
3.536,981.423,153.304,189.999,23.594,-22.951,5.548,-0.001,0.201,0.000,0.000,4,13.433,0.245,0.980,"Ground_Mountain_1_4:(0.237, 0.971, 0.000) separation=0.1539061;Ground_Mountain_1_4:(0.237, 0.971, 0.000) separation=0.05322731;Ground_Mountain_1_4:(0.237, 0.971, 0.000) separation=0.1539632;Ground_Mountain_1_4:(0.237, 0.971, 0.000) separation=0.05316855;Ground_Mountain_1_4:(0.237, 0.971, 0.000) separation=0.053204;Ground_Mountain_1_4:(0.237, 0.971, 0.000) separation=0.05322528;Ground_Summit authored launch:(0.239, 0.971, 0.000) separation=-0.0006181002;Ground_Summit authored launch:(0.239, 0.971, 0.000) separation=0.1016866;Ground_Summit authored launch:(0.239, 0.971, 0.000) separation=0.1016337;Ground_Summit authored launch:(0.239, 0.971, 0.000) separation=-0.0005639307;Ground_Summit authored launch:(0.239, 0.971, 0.000) separation=0.01935717;Ground_Summit authored launch:(0.239, 0.971, 0.000) separation=0.01940829;"
3.555,980.966,153.416,189.999,23.590,-22.926,5.628,-0.001,0.203,0.000,0.000,4,13.709,0.261,0.979,"Ground_Mountain_1_4:(0.237, 0.971, 0.000) separation=0.1559503;Ground_Mountain_1_4:(0.237, 0.971, 0.000) separation=0.05277438;Ground_Mountain_1_4:(0.237, 0.971, 0.000) separation=0.1559961;Ground_Mountain_1_4:(0.237, 0.971, 0.000) separation=0.05272691;Ground_Mountain_1_4:(0.237, 0.971, 0.000) separation=0.05275002;Ground_Mountain_1_4:(0.237, 0.971, 0.000) separation=0.05275691;Ground_Summit authored launch:(0.244, 0.970, 0.000) separation=-0.004030913;Ground_Summit authored launch:(0.244, 0.970, 0.000) separation=0.1007064;Ground_Summit authored launch:(0.244, 0.970, 0.000) separation=0.1006569;Ground_Summit authored launch:(0.244, 0.970, 0.000) separation=-0.003980223;Ground_Summit authored launch:(0.244, 0.970, 0.000) separation=0.01046297;Ground_Summit authored launch:(0.244, 0.970, 0.000) separation=0.01388505;"
3.576,980.511,153.531,189.999,23.588,-22.899,5.715,-0.001,0.205,0.000,0.000,4,14.074,0.298,0.978,"Ground_Mountain_1_4:(0.254, 0.967, 0.000) separation=0.15907;Ground_Mountain_1_4:(0.254, 0.967, 0.000) separation=0.04841221;Ground_Mountain_1_4:(0.254, 0.967, 0.000) separation=0.159082;Ground_Mountain_1_4:(0.254, 0.967, 0.000) separation=0.04839809;Ground_Mountain_1_4:(0.254, 0.967, 0.000) separation=0.04839906;Ground_Mountain_1_4:(0.254, 0.967, 0.000) separation=0.0483996;Ground_Summit authored launch:(0.248, 0.969, 0.000) separation=-0.007841725;Ground_Summit authored launch:(0.248, 0.969, 0.000) separation=0.1008146;Ground_Summit authored launch:(0.248, 0.969, 0.000) separation=0.100806;Ground_Summit authored launch:(0.248, 0.969, 0.000) separation=-0.007831333;Ground_Summit authored launch:(0.248, 0.969, 0.000) separation=0.007789165;Ground_Summit authored launch:(0.248, 0.969, 0.000) separation=0.007796496;"
3.596,980.057,153.649,189.999,23.585,-22.868,5.816,-0.001,0.206,0.000,0.000,4,14.784,0.368,0.976,"Ground_Mountain_1_4:(0.262, 0.965, 0.000) separation=0.1513827;Ground_Mountain_1_4:(0.262, 0.965, 0.000) separation=0.04390085;Ground_Mountain_1_4:(0.262, 0.965, 0.000) separation=0.1513733;Ground_Mountain_1_4:(0.262, 0.965, 0.000) separation=0.0439091;Ground_Mountain_1_4:(0.262, 0.965, 0.000) separation=0.04389945;Ground_Mountain_1_4:(0.262, 0.965, 0.000) separation=0.04390892;Ground_Summit authored launch:(0.256, 0.967, 0.000) separation=-0.009423092;Ground_Summit authored launch:(0.256, 0.967, 0.000) separation=0.095943;Ground_Summit authored launch:(0.256, 0.967, 0.000) separation=0.09594301;Ground_Summit authored launch:(0.256, 0.967, 0.000) separation=-0.009422112;Ground_Summit authored launch:(0.256, 0.967, 0.000) separation=0.000169158;Ground_Summit authored launch:(0.256, 0.967, 0.000) separation=0.003723413;"
3.615,979.603,153.768,189.999,23.579,-22.830,5.933,-0.001,0.208,0.000,0.000,4,15.668,0.461,0.975,"Ground_Mountain_1_4:(0.262, 0.965, 0.000) separation=0.1438483;Ground_Mountain_1_4:(0.262, 0.965, 0.000) separation=0.04458911;Ground_Mountain_1_4:(0.262, 0.965, 0.000) separation=0.1438386;Ground_Mountain_1_4:(0.262, 0.965, 0.000) separation=0.04459777;Ground_Mountain_1_4:(0.262, 0.965, 0.000) separation=0.04459897;Ground_Mountain_1_4:(0.262, 0.965, 0.000) separation=0.06933156;Ground_Summit authored launch:(0.260, 0.966, 0.000) separation=-0.007701723;Ground_Summit authored launch:(0.260, 0.966, 0.000) separation=0.09137809;Ground_Summit authored launch:(0.260, 0.966, 0.000) separation=0.09137998;Ground_Summit authored launch:(0.260, 0.966, 0.000) separation=-0.007701838;Ground_Summit authored launch:(0.260, 0.966, 0.000) separation=0.001625329;Ground_Summit authored launch:(0.260, 0.966, 0.000) separation=0.00162819;"
3.635,979.150,153.891,189.999,23.572,-22.786,6.067,0.000,0.210,0.000,0.000,4,16.289,0.499,0.973,"Ground_Mountain_1_4:(0.262, 0.965, 0.000) separation=0.139517;Ground_Mountain_1_4:(0.262, 0.965, 0.000) separation=0.04588899;Ground_Mountain_1_4:(0.262, 0.965, 0.000) separation=0.1395185;Ground_Mountain_1_4:(0.262, 0.965, 0.000) separation=0.04588588;Ground_Mountain_1_4:(0.262, 0.965, 0.000) separation=0.04588795;Ground_Mountain_1_4:(0.262, 0.965, 0.000) separation=0.04588848;Ground_Summit authored launch:(0.268, 0.964, 0.000) separation=-0.009343846;Ground_Summit authored launch:(0.268, 0.964, 0.000) separation=0.08564698;Ground_Summit authored launch:(0.268, 0.964, 0.000) separation=0.08564885;Ground_Summit authored launch:(0.268, 0.964, 0.000) separation=-0.00934452;Ground_Summit authored launch:(0.268, 0.964, 0.000) separation=-0.00540337;Ground_Summit authored launch:(0.268, 0.964, 0.000) separation=-0.002057195;"
3.656,978.698,154.016,189.999,23.561,-22.733,6.221,0.000,0.214,0.000,0.000,4,16.958,0.600,0.971,"Ground_Mountain_1_4:(0.277, 0.961, 0.000) separation=0.1368365;Ground_Mountain_1_4:(0.277, 0.961, 0.000) separation=0.05049109;Ground_Mountain_1_4:(0.277, 0.961, 0.000) separation=0.1368371;Ground_Mountain_1_4:(0.277, 0.961, 0.000) separation=0.05048832;Ground_Mountain_1_4:(0.277, 0.961, 0.000) separation=0.05048954;Ground_Mountain_1_4:(0.277, 0.961, 0.000) separation=0.05048969;Ground_Summit authored launch:(0.275, 0.961, 0.000) separation=-0.006484022;Ground_Summit authored launch:(0.275, 0.961, 0.000) separation=0.08007131;Ground_Summit authored launch:(0.275, 0.961, 0.000) separation=0.08007358;Ground_Summit authored launch:(0.275, 0.961, 0.000) separation=-0.006484482;Ground_Summit authored launch:(0.275, 0.961, 0.000) separation=-0.003258079;Ground_Summit authored launch:(0.275, 0.961, 0.000) separation=-0.003254831;"
3.675,978.248,154.144,189.999,23.553,-22.682,6.370,0.000,0.219,0.000,0.000,4,17.326,0.742,0.969,"Ground_Mountain_1_4:(0.285, 0.958, 0.000) separation=0.1311532;Ground_Mountain_1_4:(0.285, 0.958, 0.000) separation=0.04700498;Ground_Mountain_1_4:(0.285, 0.958, 0.000) separation=0.1311435;Ground_Mountain_1_4:(0.285, 0.958, 0.000) separation=0.0470136;Ground_Mountain_1_4:(0.285, 0.958, 0.000) separation=0.04700375;Ground_Mountain_1_4:(0.285, 0.958, 0.000) separation=0.04701084;Ground_Summit authored launch:(0.279, 0.960, 0.000) separation=-0.007123711;Ground_Summit authored launch:(0.279, 0.960, 0.000) separation=0.07497806;Ground_Summit authored launch:(0.279, 0.960, 0.000) separation=0.07498042;Ground_Summit authored launch:(0.279, 0.960, 0.000) separation=-0.007125078;Ground_Summit authored launch:(0.279, 0.960, 0.000) separation=-0.007124573;Ground_Summit authored launch:(0.279, 0.960, 0.000) separation=-0.005280077;"
3.695,977.796,154.274,189.999,23.542,-22.628,6.524,0.000,0.224,0.000,0.000,4,17.568,0.691,0.968,"Ground_Mountain_1_4:(0.285, 0.958, 0.000) separation=0.1240646;Ground_Mountain_1_4:(0.285, 0.958, 0.000) separation=0.04595021;Ground_Mountain_1_4:(0.285, 0.958, 0.000) separation=0.1240656;Ground_Mountain_1_4:(0.285, 0.958, 0.000) separation=0.04594812;Ground_Mountain_1_4:(0.285, 0.958, 0.000) separation=0.04594916;Ground_Mountain_1_4:(0.285, 0.958, 0.000) separation=0.05819982;Ground_Summit authored launch:(0.279, 0.960, 0.000) separation=-0.005289923;Ground_Summit authored launch:(0.279, 0.960, 0.000) separation=0.07082785;Ground_Summit authored launch:(0.279, 0.960, 0.000) separation=0.07082979;Ground_Summit authored launch:(0.279, 0.960, 0.000) separation=-0.00529113;Ground_Summit authored launch:(0.279, 0.960, 0.000) separation=0.01303962;Ground_Summit authored launch:(0.279, 0.960, 0.000) separation=0.01563466;"
3.716,977.347,154.409,189.999,23.533,-22.575,6.673,0.000,0.229,0.000,0.000,4,17.314,0.590,0.966,"Ground_Mountain_1_4:(0.285, 0.958, 0.000) separation=0.1222348;Ground_Mountain_1_4:(0.285, 0.958, 0.000) separation=0.04349796;Ground_Mountain_1_4:(0.285, 0.958, 0.000) separation=0.1222901;Ground_Mountain_1_4:(0.285, 0.958, 0.000) separation=0.04344271;Ground_Mountain_1_4:(0.285, 0.958, 0.000) separation=0.04347581;Ground_Mountain_1_4:(0.285, 0.958, 0.000) separation=0.04349342;Ground_Summit authored launch:(0.287, 0.958, 0.000) separation=-0.01006658;Ground_Summit authored launch:(0.287, 0.958, 0.000) separation=0.06989764;Ground_Summit authored launch:(0.287, 0.958, 0.000) separation=-0.01012829;Ground_Summit authored launch:(0.287, 0.958, 0.000) separation=0.06995928;Ground_Summit authored launch:(0.287, 0.958, 0.000) separation=0.01062486;Ground_Summit authored launch:(0.287, 0.958, 0.000) separation=0.01068646;"
3.736,976.899,154.545,189.999,23.522,-22.519,6.825,0.000,0.234,0.000,0.000,4,17.446,0.698,0.964,"Ground_Mountain_1_4:(0.285, 0.958, 0.000) separation=0.1219549;Ground_Mountain_1_4:(0.285, 0.958, 0.000) separation=0.04866857;Ground_Mountain_1_4:(0.285, 0.958, 0.000) separation=0.1219657;Ground_Mountain_1_4:(0.285, 0.958, 0.000) separation=0.0486583;Ground_Mountain_1_4:(0.285, 0.958, 0.000) separation=0.04866856;Ground_Mountain_1_4:(0.285, 0.958, 0.000) separation=0.04866856;Ground_Summit authored launch:(0.291, 0.957, 0.000) separation=-0.007759778;Ground_Summit authored launch:(0.291, 0.957, 0.000) separation=0.0667229;Ground_Summit authored launch:(0.291, 0.957, 0.000) separation=-0.00777241;Ground_Summit authored launch:(0.291, 0.957, 0.000) separation=0.0667361;Ground_Summit authored launch:(0.291, 0.957, 0.000) separation=0.006386906;Ground_Summit authored launch:(0.291, 0.957, 0.000) separation=0.008993536;"
3.755,976.452,154.685,189.999,23.513,-22.464,6.971,0.000,0.239,0.000,0.000,4,17.205,0.619,0.963,"Ground_Mountain_1_4:(0.309, 0.951, 0.000) separation=0.1242932;Ground_Mountain_1_4:(0.309, 0.951, 0.000) separation=0.04574241;Ground_Mountain_1_4:(0.309, 0.951, 0.000) separation=0.1242925;Ground_Mountain_1_4:(0.309, 0.951, 0.000) separation=0.04574361;Ground_Mountain_1_4:(0.309, 0.951, 0.000) separation=0.04574239;Ground_Mountain_1_4:(0.309, 0.951, 0.000) separation=0.04574293;Ground_Summit authored launch:(0.299, 0.954, 0.000) separation=-0.009267688;Ground_Summit authored launch:(0.299, 0.954, 0.000) separation=0.06735492;Ground_Summit authored launch:(0.299, 0.954, 0.000) separation=-0.009270062;Ground_Summit authored launch:(0.299, 0.954, 0.000) separation=0.06735796;Ground_Summit authored launch:(0.299, 0.954, 0.000) separation=0.006155074;Ground_Summit authored launch:(0.299, 0.954, 0.000) separation=0.006158739;"
3.776,976.005,154.828,189.999,23.502,-22.408,7.117,0.000,0.244,0.000,0.000,4,17.153,0.575,0.961,"Ground_Mountain_1_4:(0.309, 0.951, 0.000) separation=0.1195349;Ground_Mountain_1_4:(0.309, 0.951, 0.000) separation=0.04455734;Ground_Mountain_1_4:(0.309, 0.951, 0.000) separation=0.1195338;Ground_Mountain_1_4:(0.309, 0.951, 0.000) separation=0.04455946;Ground_Mountain_1_4:(0.309, 0.951, 0.000) separation=0.04455841;Ground_Mountain_1_4:(0.309, 0.951, 0.000) separation=0.04676843;Ground_Summit authored launch:(0.303, 0.953, 0.000) separation=-0.007571973;Ground_Summit authored launch:(0.303, 0.953, 0.000) separation=0.06547042;Ground_Summit authored launch:(0.303, 0.953, 0.000) separation=-0.007572621;Ground_Summit authored launch:(0.303, 0.953, 0.000) separation=0.06547217;Ground_Summit authored launch:(0.303, 0.953, 0.000) separation=0.002160192;Ground_Summit authored launch:(0.303, 0.953, 0.000) separation=0.004814059;"
3.796,975.559,154.973,189.999,23.491,-22.354,7.256,0.000,0.249,0.000,0.000,4,16.790,0.508,0.960,"Ground_Mountain_1_4:(0.309, 0.951, 0.000) separation=0.1190658;Ground_Mountain_1_4:(0.309, 0.951, 0.000) separation=0.04403612;Ground_Mountain_1_4:(0.309, 0.951, 0.000) separation=0.1190649;Ground_Mountain_1_4:(0.309, 0.951, 0.000) separation=0.04403802;Ground_Mountain_1_4:(0.309, 0.951, 0.000) separation=0.04403707;Ground_Mountain_1_4:(0.309, 0.951, 0.000) separation=0.06623375;Ground_Summit authored launch:(0.307, 0.952, 0.000) separation=-0.007813243;Ground_Summit authored launch:(0.307, 0.952, 0.000) separation=0.06781364;Ground_Summit authored launch:(0.307, 0.952, 0.000) separation=-0.007812925;Ground_Summit authored launch:(0.307, 0.952, 0.000) separation=0.06781498;Ground_Summit authored launch:(0.307, 0.952, 0.000) separation=0.002414197;Ground_Summit authored launch:(0.307, 0.952, 0.000) separation=0.002416283;"
3.815,975.115,155.121,189.999,23.481,-22.301,7.387,0.000,0.255,0.000,0.000,4,16.393,0.442,0.959,"Ground_Mountain_1_4:(0.309, 0.951, 0.000) separation=0.1219143;Ground_Mountain_1_4:(0.309, 0.951, 0.000) separation=0.04554272;Ground_Mountain_1_4:(0.309, 0.951, 0.000) separation=0.1219244;Ground_Mountain_1_4:(0.309, 0.951, 0.000) separation=0.04553425;Ground_Mountain_1_4:(0.309, 0.951, 0.000) separation=0.04554361;Ground_Mountain_1_4:(0.309, 0.951, 0.000) separation=0.04554442;Ground_Summit authored launch:(0.314, 0.949, 0.000) separation=-0.009130897;Ground_Summit authored launch:(0.314, 0.949, 0.000) separation=0.06830201;Ground_Summit authored launch:(0.314, 0.949, 0.000) separation=-0.00913094;Ground_Summit authored launch:(0.314, 0.949, 0.000) separation=0.06830341;Ground_Summit authored launch:(0.314, 0.949, 0.000) separation=-0.003810257;Ground_Summit authored launch:(0.314, 0.949, 0.000) separation=-0.0009604394;"
3.836,974.672,155.271,189.999,23.471,-22.249,7.514,0.001,0.259,0.000,0.000,4,16.189,0.421,0.957,"Ground_Mountain_1_4:(0.324, 0.946, 0.000) separation=0.1267902;Ground_Mountain_1_4:(0.324, 0.946, 0.000) separation=0.04919483;Ground_Mountain_1_4:(0.324, 0.946, 0.000) separation=0.1267897;Ground_Mountain_1_4:(0.324, 0.946, 0.000) separation=0.04919735;Ground_Mountain_1_4:(0.324, 0.946, 0.000) separation=0.04919606;Ground_Mountain_1_4:(0.324, 0.946, 0.000) separation=0.04919624;Ground_Summit authored launch:(0.322, 0.947, 0.000) separation=-0.00671912;Ground_Summit authored launch:(0.322, 0.947, 0.000) separation=0.07033968;Ground_Summit authored launch:(0.322, 0.947, 0.000) separation=-0.00671866;Ground_Summit authored launch:(0.322, 0.947, 0.000) separation=0.07034133;Ground_Summit authored launch:(0.322, 0.947, 0.000) separation=-0.001977146;Ground_Summit authored launch:(0.322, 0.947, 0.000) separation=-0.001974642;"
3.856,974.229,155.423,189.999,23.461,-22.197,7.637,0.001,0.264,0.000,0.000,4,15.934,0.392,0.956,"Ground_Mountain_1_4:(0.331, 0.944, 0.000) separation=0.1266368;Ground_Mountain_1_4:(0.331, 0.944, 0.000) separation=0.04614213;Ground_Mountain_1_4:(0.331, 0.944, 0.000) separation=0.126635;Ground_Mountain_1_4:(0.331, 0.944, 0.000) separation=0.04614559;Ground_Mountain_1_4:(0.331, 0.944, 0.000) separation=0.04614326;Ground_Mountain_1_4:(0.331, 0.944, 0.000) separation=0.04614499;Ground_Summit authored launch:(0.324, 0.946, 0.000) separation=-0.006959703;Ground_Summit authored launch:(0.324, 0.946, 0.000) separation=0.07165039;Ground_Summit authored launch:(0.324, 0.946, 0.000) separation=-0.006960195;Ground_Summit authored launch:(0.324, 0.946, 0.000) separation=0.07165229;Ground_Summit authored launch:(0.324, 0.946, 0.000) separation=-0.003994107;Ground_Summit authored launch:(0.324, 0.946, 0.000) separation=0.01905334;"
3.875,973.787,155.578,189.999,23.450,-22.147,7.752,0.001,0.270,0.000,0.000,4,15.543,0.348,0.955,"Ground_Mountain_1_4:(0.331, 0.944, 0.000) separation=0.1265386;Ground_Mountain_1_4:(0.331, 0.944, 0.000) separation=0.04426354;Ground_Mountain_1_4:(0.331, 0.944, 0.000) separation=0.126537;Ground_Mountain_1_4:(0.331, 0.944, 0.000) separation=0.04426673;Ground_Mountain_1_4:(0.331, 0.944, 0.000) separation=0.04426461;Ground_Mountain_1_4:(0.331, 0.944, 0.000) separation=0.05789262;Ground_Summit authored launch:(0.326, 0.945, 0.000) separation=-0.006096117;Ground_Summit authored launch:(0.326, 0.945, 0.000) separation=0.07434881;Ground_Summit authored launch:(0.326, 0.945, 0.000) separation=-0.006095633;Ground_Summit authored launch:(0.326, 0.945, 0.000) separation=0.07435004;Ground_Summit authored launch:(0.326, 0.945, 0.000) separation=0.01376227;Ground_Summit authored launch:(0.326, 0.945, 0.000) separation=0.01646832;"
3.896,973.346,155.735,189.999,23.441,-22.100,7.861,0.001,0.275,0.000,0.000,4,15.214,0.319,0.954,"Ground_Mountain_1_4:(0.331, 0.944, 0.000) separation=0.1290004;Ground_Mountain_1_4:(0.331, 0.944, 0.000) separation=0.04467034;Ground_Mountain_1_4:(0.331, 0.944, 0.000) separation=0.1290096;Ground_Mountain_1_4:(0.331, 0.944, 0.000) separation=0.04466322;Ground_Mountain_1_4:(0.331, 0.944, 0.000) separation=0.04467073;Ground_Mountain_1_4:(0.331, 0.944, 0.000) separation=0.04467228;Ground_Summit authored launch:(0.333, 0.943, 0.000) separation=-0.008112916;Ground_Summit authored launch:(0.333, 0.943, 0.000) separation=0.07714684;Ground_Summit authored launch:(0.333, 0.943, 0.000) separation=-0.008123186;Ground_Summit authored launch:(0.333, 0.943, 0.000) separation=0.07715914;Ground_Summit authored launch:(0.333, 0.943, 0.000) separation=0.01400951;Ground_Summit authored launch:(0.333, 0.943, 0.000) separation=0.01402405;"
3.916,972.906,155.894,189.999,23.431,-22.052,7.967,0.001,0.280,0.000,0.000,4,15.014,0.435,0.952,"Ground_Mountain_1_4:(0.331, 0.944, 0.000) separation=0.1334274;Ground_Mountain_1_4:(0.331, 0.944, 0.000) separation=0.04837498;Ground_Mountain_1_4:(0.331, 0.944, 0.000) separation=0.1334371;Ground_Mountain_1_4:(0.331, 0.944, 0.000) separation=0.04836746;Ground_Mountain_1_4:(0.331, 0.944, 0.000) separation=0.04837641;Ground_Mountain_1_4:(0.331, 0.944, 0.000) separation=0.04837671;Ground_Summit authored launch:(0.337, 0.942, 0.000) separation=-0.007178932;Ground_Summit authored launch:(0.337, 0.942, 0.000) separation=0.07877901;Ground_Summit authored launch:(0.337, 0.942, 0.000) separation=-0.007181145;Ground_Summit authored launch:(0.337, 0.942, 0.000) separation=0.0787833;Ground_Summit authored launch:(0.337, 0.942, 0.000) separation=0.008631438;Ground_Summit authored launch:(0.337, 0.942, 0.000) separation=0.01157013;"
3.935,972.468,156.056,189.999,23.423,-22.006,8.068,0.001,0.284,0.000,0.000,4,14.798,0.407,0.951,"Ground_Mountain_1_4:(0.353, 0.935, 0.000) separation=0.1377784;Ground_Mountain_1_4:(0.353, 0.935, 0.000) separation=0.04570977;Ground_Mountain_1_4:(0.353, 0.935, 0.000) separation=0.1377966;Ground_Mountain_1_4:(0.353, 0.935, 0.000) separation=0.04569424;Ground_Mountain_1_4:(0.353, 0.935, 0.000) separation=0.04569903;Ground_Mountain_1_4:(0.353, 0.935, 0.000) separation=0.04570267;Ground_Summit authored launch:(0.344, 0.939, 0.000) separation=-0.008401137;Ground_Summit authored launch:(0.344, 0.939, 0.000) separation=0.0819082;Ground_Summit authored launch:(0.344, 0.939, 0.000) separation=-0.008409815;Ground_Summit authored launch:(0.344, 0.939, 0.000) separation=0.08191934;Ground_Summit authored launch:(0.344, 0.939, 0.000) separation=0.008383781;Ground_Summit authored launch:(0.344, 0.939, 0.000) separation=0.008398086;"
3.956,972.030,156.219,189.999,23.414,-21.959,8.171,0.001,0.288,0.000,0.000,4,14.834,0.407,0.949,"Ground_Mountain_1_4:(0.353, 0.935, 0.000) separation=0.1350437;Ground_Mountain_1_4:(0.353, 0.935, 0.000) separation=0.04421948;Ground_Mountain_1_4:(0.353, 0.935, 0.000) separation=0.1350514;Ground_Mountain_1_4:(0.353, 0.935, 0.000) separation=0.04421441;Ground_Mountain_1_4:(0.353, 0.935, 0.000) separation=0.04421198;Ground_Mountain_1_4:(0.353, 0.935, 0.000) separation=0.04572678;Ground_Summit authored launch:(0.348, 0.938, 0.000) separation=-0.007182291;Ground_Summit authored launch:(0.348, 0.938, 0.000) separation=0.08192138;Ground_Summit authored launch:(0.348, 0.938, 0.000) separation=-0.007184373;Ground_Summit authored launch:(0.348, 0.938, 0.000) separation=0.08192617;Ground_Summit authored launch:(0.348, 0.938, 0.000) separation=0.003236204;Ground_Summit authored launch:(0.348, 0.938, 0.000) separation=0.00634864;"
3.976,971.593,156.384,189.999,23.405,-21.912,8.271,0.001,0.293,0.000,0.000,4,14.727,0.393,0.948,"Ground_Mountain_1_4:(0.353, 0.935, 0.000) separation=0.1350328;Ground_Mountain_1_4:(0.353, 0.935, 0.000) separation=0.04355455;Ground_Mountain_1_4:(0.353, 0.935, 0.000) separation=0.1350293;Ground_Mountain_1_4:(0.353, 0.935, 0.000) separation=0.04356114;Ground_Mountain_1_4:(0.353, 0.935, 0.000) separation=0.04355785;Ground_Mountain_1_4:(0.353, 0.935, 0.000) separation=0.0682421;Ground_Summit authored launch:(0.352, 0.936, 0.000) separation=-0.007224732;Ground_Summit authored launch:(0.352, 0.936, 0.000) separation=0.0846747;Ground_Summit authored launch:(0.352, 0.936, 0.000) separation=-0.007223739;Ground_Summit authored launch:(0.352, 0.936, 0.000) separation=0.08467785;Ground_Summit authored launch:(0.352, 0.936, 0.000) separation=0.002871364;Ground_Summit authored launch:(0.352, 0.936, 0.000) separation=0.002876878;"
3.995,971.158,156.552,189.999,23.397,-21.865,8.370,0.002,0.298,0.000,0.000,4,14.637,0.376,0.946,"Ground_Mountain_1_4:(0.353, 0.935, 0.000) separation=0.1373069;Ground_Mountain_1_4:(0.353, 0.935, 0.000) separation=0.04472099;Ground_Mountain_1_4:(0.353, 0.935, 0.000) separation=0.1373151;Ground_Mountain_1_4:(0.353, 0.935, 0.000) separation=0.04471596;Ground_Mountain_1_4:(0.353, 0.935, 0.000) separation=0.04471293;Ground_Mountain_1_4:(0.353, 0.935, 0.000) separation=0.04471716;Ground_Summit authored launch:(0.359, 0.933, 0.000) separation=-0.008747628;Ground_Summit authored launch:(0.359, 0.933, 0.000) separation=0.08458081;Ground_Summit authored launch:(0.359, 0.933, 0.000) separation=-0.008747609;Ground_Summit authored launch:(0.359, 0.933, 0.000) separation=0.08458364;Ground_Summit authored launch:(0.359, 0.933, 0.000) separation=-0.004601657;Ground_Summit authored launch:(0.359, 0.933, 0.000) separation=-0.001277864;"
4.016,970.722,156.721,189.999,23.388,-21.817,8.472,0.002,0.301,0.000,0.000,4,14.799,0.401,0.945,"Ground_Mountain_1_4:(0.353, 0.935, 0.000) separation=0.140692;Ground_Mountain_1_4:(0.353, 0.935, 0.000) separation=0.05350152;Ground_Mountain_1_4:(0.353, 0.935, 0.000) separation=0.1407013;Ground_Mountain_1_4:(0.353, 0.935, 0.000) separation=0.05349049;Ground_Mountain_1_4:(0.353, 0.935, 0.000) separation=0.05340656;Ground_Mountain_1_4:(0.353, 0.935, 0.000) separation=0.0843378;Ground_Summit authored launch:(0.330, 0.944, 0.000) separation=-0.003356963;Ground_Summit authored launch:(0.330, 0.944, 0.000) separation=0.08518802;Ground_Summit authored launch:(0.330, 0.944, 0.000) separation=-0.003362954;Ground_Summit authored launch:(0.330, 0.944, 0.000) separation=0.08519128;Ground_Summit authored launch:(0.330, 0.944, 0.000) separation=0.01956838;Ground_Summit authored launch:(0.330, 0.944, 0.000) separation=0.02251083;"
4.036,970.286,156.890,190.000,23.376,-21.804,8.470,0.002,0.306,0.000,0.000,4,9.987,5.515,0.945,"Ground_Mountain_1_4:(-0.082, 0.997, 0.000) separation=0.0689856;Ground_Mountain_1_4:(-0.082, 0.997, 0.000) separation=0.2840447;Ground_Mountain_1_4:(-0.082, 0.997, 0.000) separation=0.08245721;Ground_Mountain_1_4:(-0.082, 0.997, 0.000) separation=0.2839947;Ground_Mountain_1_4:(-0.082, 0.997, 0.000) separation=0.06898557;Ground_Mountain_1_4:(-0.082, 0.997, 0.000) separation=0.2840179;Ground_Mountain_1_4:(0.344, 0.939, 0.000) separation=0.1395828;Ground_Mountain_1_4:(-0.082, 0.997, 0.000) separation=-0.6202018;Ground_Mountain_1_4:(0.344, 0.939, 0.000) separation=0.1395891;Ground_Mountain_1_4:(-0.082, 0.997, 0.000) separation=-0.6202018;Ground_Mountain_1_4:(0.344, 0.939, 0.000) separation=0.07537409;Ground_Mountain_1_4:(0.344, 0.939, 0.000) separation=0.0754101;Ground_Summit authored launch:(0.337, 0.942, 0.000) separation=0.01868877;Ground_Summit authored launch:(0.337, 0.942, 0.000) separation=0.08540358;Ground_Summit authored launch:(0.337, 0.942, 0.000) separation=0.08539946;Ground_Summit authored launch:(0.337, 0.942, 0.000) separation=0.01869681;Ground_Summit authored launch:(0.337, 0.942, 0.000) separation=0.03945473;Ground_Summit authored launch:(0.337, 0.942, 0.000) separation=0.04211631;"
4.055,969.850,157.058,190.000,23.363,-21.810,8.414,0.002,0.312,0.000,0.000,2,6.420,0.662,0.945,"Ground_Mountain_1_4:(-0.082, 0.997, 0.000) separation=0.0848406;Ground_Mountain_1_4:(-0.082, 0.997, 0.000) separation=0.1014747;Ground_Mountain_1_4:(-0.082, 0.997, 0.000) separation=0.4233804;Ground_Mountain_1_4:(0.344, 0.939, 0.000) separation=0.1393172;Ground_Mountain_1_4:(-0.082, 0.997, 0.000) separation=-0.4162805;Ground_Mountain_1_4:(0.344, 0.939, 0.000) separation=0.09284112;Ground_Mountain_1_4:(0.344, 0.939, 0.000) separation=0.1197516;Ground_Mountain_1_4:(0.344, 0.939, 0.000) separation=0.09273016;Ground_Mountain_1_4:(0.344, 0.939, 0.000) separation=0.0927746;Ground_Summit authored launch:(0.337, 0.941, 0.000) separation=0.03606674;Ground_Summit authored launch:(0.337, 0.941, 0.000) separation=0.08793383;Ground_Summit authored launch:(0.337, 0.941, 0.000) separation=0.03605741;Ground_Summit authored launch:(0.337, 0.941, 0.000) separation=0.08793904;Ground_Summit authored launch:(0.337, 0.941, 0.000) separation=0.05644646;Ground_Summit authored launch:(0.337, 0.941, 0.000) separation=0.05905816;"
4.076,969.413,157.226,190.000,23.350,-21.819,8.357,0.002,0.319,0.000,0.000,2,6.302,1.241,0.946,"Ground_Mountain_1_4:(-0.082, 0.997, 0.000) separation=0.09962101;Ground_Mountain_1_4:(-0.082, 0.997, 0.000) separation=0.4400149;Ground_Mountain_1_4:(-0.082, 0.997, 0.000) separation=0.1190409;Ground_Mountain_1_4:(0.344, 0.939, 0.000) separation=0.140233;Ground_Mountain_1_4:(0.344, 0.939, 0.000) separation=0.1089683;Ground_Mountain_1_4:(0.344, 0.939, 0.000) separation=0.1403278;Ground_Mountain_1_4:(-0.082, 0.997, 0.000) separation=-0.2114364;Ground_Mountain_1_4:(0.344, 0.939, 0.000) separation=0.1088296;Ground_Mountain_1_4:(0.344, 0.939, 0.000) separation=0.1088879;Ground_Summit authored launch:(0.340, 0.940, 0.000) separation=0.08957439;Ground_Summit authored launch:(0.340, 0.940, 0.000) separation=0.08956987;Ground_Summit authored launch:(0.340, 0.940, 0.000) separation=0.07311532;Ground_Summit authored launch:(0.340, 0.940, 0.000) separation=0.07579648;Ground_Summit authored launch:(0.340, 0.940, 0.000) separation=0.05217278;Ground_Summit authored launch:(0.340, 0.940, 0.000) separation=0.05218363;"
4.096,968.975,157.392,190.000,23.338,-21.831,8.296,0.002,0.325,0.000,0.000,2,6.087,1.772,0.947,"Ground_Mountain_1_4:(-0.082, 0.997, 0.000) separation=0.1154462;Ground_Mountain_1_4:(-0.082, 0.997, 0.000) separation=0.4562975;Ground_Mountain_1_4:(-0.082, 0.997, 0.000) separation=0.1376274;Ground_Mountain_1_4:(-0.082, 0.997, 0.000) separation=0.1376395;Ground_Mountain_1_4:(0.361, 0.933, 0.000) separation=0.1419275;Ground_Mountain_1_4:(0.361, 0.933, 0.000) separation=0.1261536;Ground_Mountain_1_4:(0.361, 0.933, 0.000) separation=0.1419326;Ground_Mountain_1_4:(0.361, 0.933, 0.000) separation=0.1261426;Ground_Mountain_1_4:(0.361, 0.933, 0.000) separation=0.1259571;Ground_Mountain_1_4:(0.361, 0.933, 0.000) separation=0.1419241;Ground_Summit authored launch:(0.325, 0.946, 0.000) separation=0.08840239;Ground_Summit authored launch:(0.325, 0.946, 0.000) separation=0.08839732;Ground_Summit authored launch:(0.325, 0.946, 0.000) separation=0.06931803;Ground_Summit authored launch:(0.325, 0.946, 0.000) separation=0.06930581;"
4.115,968.535,157.554,190.000,23.325,-21.892,8.091,0.002,0.331,0.000,0.000,2,0.000,7.566,0.949,"Ground_Mountain_1_4:(-0.082, 0.997, 0.000) separation=0.1340424;Ground_Mountain_1_4:(-0.082, 0.997, 0.000) separation=0.4744522;Ground_Mountain_1_4:(-0.082, 0.997, 0.000) separation=0.15923;Ground_Mountain_1_4:(-0.082, 0.997, 0.000) separation=0.159254;"
4.135,968.096,157.713,190.000,23.249,-21.883,7.891,0.002,0.337,0.000,0.000,0,0.000,0.869,0.952,"Ground_Mountain_1_4:(-0.082, 0.997, 0.000) separation=0.3586798;Ground_Mountain_1_4:(-0.082, 0.997, 0.000) separation=0.3586605;Ground_Mountain_1_4:(-0.082, 0.997, 0.000) separation=0.4946333;Ground_Mountain_1_4:(-0.082, 0.997, 0.000) separation=0.3586453;Ground_Mountain_1_4:(-0.082, 0.997, 0.000) separation=0.3587248;"
4.156,967.656,157.867,190.000,23.174,-21.874,7.692,0.002,0.375,0.000,0.000,0,0.000,0.825,0.954,""
4.175,967.217,158.018,190.000,23.101,-21.866,7.493,0.002,0.413,0.000,0.000,0,0.000,0.780,0.956,""
4.195,966.778,158.164,190.000,23.029,-21.857,7.294,0.002,0.449,0.000,0.000,0,0.000,0.735,0.959,""
4.216,966.338,158.307,190.000,22.958,-21.848,7.095,0.002,0.486,0.000,0.000,0,0.000,0.690,0.961,""
4.236,965.899,158.445,190.000,22.889,-21.839,6.896,0.002,0.521,0.000,0.000,0,0.000,0.645,0.963,""
4.255,965.460,158.580,190.000,22.821,-21.831,6.697,0.002,0.556,0.000,0.000,0,0.000,0.601,0.966,""
4.276,965.021,158.711,190.000,22.755,-21.822,6.498,0.002,0.589,0.000,0.000,0,0.000,0.556,0.968,""
4.296,964.583,158.837,190.000,22.690,-21.813,6.299,0.002,0.623,0.000,0.000,0,0.000,0.512,0.970,""
4.315,964.144,158.960,190.000,22.626,-21.804,6.101,0.002,0.655,0.000,0.000,0,0.000,0.467,0.972,""
4.336,963.706,159.079,190.000,22.564,-21.796,5.902,0.002,0.687,0.000,0.000,0,0.000,0.424,0.974,""
4.356,963.267,159.193,190.000,22.504,-21.787,5.704,0.002,0.718,0.000,0.000,0,0.000,0.380,0.977,""
4.375,962.829,159.304,190.000,22.445,-21.778,5.505,0.002,0.748,0.000,0.000,0,0.000,0.337,0.979,""
4.396,962.391,159.411,190.000,22.388,-21.770,5.307,0.002,0.778,0.000,0.000,0,0.000,0.295,0.981,""
4.416,961.953,159.513,190.000,22.332,-21.761,5.109,0.002,0.806,0.000,0.000,0,0.000,0.253,0.982,""
4.435,961.515,159.612,190.000,22.278,-21.752,4.910,0.002,0.834,0.000,0.000,0,0.000,0.212,0.984,""
4.456,961.078,159.707,190.000,22.225,-21.743,4.712,0.002,0.861,0.000,0.000,0,0.000,0.171,0.986,""
4.476,960.640,159.797,190.001,22.175,-21.735,4.514,0.002,0.887,0.000,-0.001,0,0.000,0.131,0.988,""
4.495,960.203,159.884,190.001,22.125,-21.726,4.316,0.002,0.913,0.000,-0.001,0,0.000,0.092,0.989,""
4.516,959.766,159.967,190.001,22.078,-21.717,4.119,0.002,0.937,0.000,0.000,0,0.000,0.053,0.990,""
4.536,959.329,160.046,190.001,22.032,-21.709,3.921,0.002,0.961,0.000,0.000,0,0.000,0.016,0.992,""
4.555,958.893,160.121,190.001,21.988,-21.700,3.723,0.002,0.984,0.000,-0.001,0,0.000,0.021,0.993,""
4.576,958.456,160.191,190.001,21.946,-21.691,3.526,0.002,1.000,0.000,0.000,0,0.000,0.057,0.994,""
4.596,958.020,160.258,190.001,21.906,-21.683,3.328,0.002,1.000,0.000,0.000,0,0.000,0.091,0.995,""
4.615,957.583,160.321,190.001,21.868,-21.674,3.131,0.002,1.000,0.000,0.000,0,0.000,0.125,0.996,""
4.635,957.148,160.380,190.001,21.831,-21.665,2.933,0.002,1.000,0.000,-0.001,0,0.000,0.158,0.997,""
4.656,956.712,160.435,190.001,21.797,-21.657,2.736,0.002,1.000,0.000,-0.001,0,0.000,0.190,0.997,""
4.675,956.276,160.486,190.001,21.764,-21.648,2.539,0.002,1.000,0.000,-0.001,0,0.000,0.220,0.998,""
4.695,955.841,160.533,190.001,21.733,-21.639,2.342,0.002,1.000,0.000,-0.001,0,0.000,0.250,0.999,""
4.716,955.406,160.576,190.001,21.704,-21.631,2.144,0.002,1.000,0.000,-0.001,0,0.000,0.278,0.999,""
4.736,954.971,160.615,190.001,21.677,-21.622,1.948,0.002,1.000,0.000,0.000,0,0.000,0.306,0.999,""
4.755,954.536,160.650,190.001,21.653,-21.613,1.751,0.002,1.000,0.000,-0.001,0,0.000,0.332,1.000,""
4.776,954.102,160.681,190.001,21.630,-21.605,1.554,0.002,1.000,0.000,0.000,0,0.000,0.357,1.000,""
4.796,953.668,160.708,190.001,21.609,-21.596,1.357,0.002,1.000,0.000,-0.001,0,0.000,0.381,1.000,""
4.815,953.234,160.731,190.001,21.590,-21.587,1.160,0.002,1.000,0.000,0.000,0,0.000,0.403,1.000,""
4.836,952.800,160.751,190.001,21.573,-21.579,0.964,0.002,1.000,0.000,0.000,0,0.000,0.424,1.000,""
4.856,952.366,160.766,190.001,21.558,-21.570,0.767,0.002,1.000,0.000,0.000,0,0.000,0.445,1.000,""
4.875,951.933,160.777,190.001,21.545,-21.561,0.571,0.002,1.000,0.000,-0.001,0,0.000,0.463,1.000,""
4.896,951.500,160.785,190.001,21.534,-21.553,0.375,0.002,1.000,0.000,-0.001,0,0.000,0.481,1.000,""
4.916,951.067,160.788,190.002,21.525,-21.544,0.178,0.002,1.000,0.000,-0.001,0,0.000,0.498,0.999,""
4.935,950.635,160.788,190.002,21.518,-21.536,-0.018,0.002,1.000,0.000,-0.001,0,0.000,0.513,0.999,""
4.956,950.202,160.784,190.002,21.513,-21.527,-0.214,0.002,1.000,0.000,-0.001,0,0.000,0.527,0.999,""
4.976,949.770,160.775,190.002,21.509,-21.518,-0.410,0.002,1.000,0.000,-0.001,0,0.000,0.540,0.999,""
4.995,949.338,160.763,190.002,21.507,-21.510,-0.606,0.002,1.000,0.000,-0.001,0,0.000,0.551,0.998,""
5.016,948.907,160.747,190.002,21.507,-21.501,-0.802,0.002,1.000,0.000,-0.001,0,0.000,0.562,0.998,""
5.036,948.475,160.727,190.002,21.509,-21.493,-0.998,0.002,1.000,0.000,-0.001,0,0.000,0.571,0.997,""
5.055,948.044,160.703,190.002,21.512,-21.484,-1.193,0.002,1.000,0.000,-0.001,0,0.000,0.580,0.997,""
5.076,947.613,160.675,190.002,21.517,-21.475,-1.389,0.002,1.000,0.000,-0.001,0,0.000,0.587,0.997,""
5.096,947.182,160.643,190.002,21.523,-21.467,-1.585,0.002,1.000,0.000,-0.001,0,0.000,0.593,0.996,""
5.115,946.752,160.607,190.002,21.531,-21.458,-1.780,0.002,1.000,0.000,-0.001,0,0.000,0.597,0.996,""
5.135,946.322,160.568,190.002,21.540,-21.450,-1.976,0.002,1.000,0.000,-0.001,0,0.000,0.601,0.995,""
5.156,945.892,160.524,190.002,21.551,-21.441,-2.171,0.002,1.000,0.000,-0.001,0,0.000,0.604,0.995,""
5.175,945.462,160.477,190.002,21.562,-21.432,-2.366,0.002,1.000,0.000,-0.001,0,0.000,0.606,0.995,""
5.195,945.033,160.426,190.002,21.575,-21.424,-2.561,0.002,1.000,0.000,-0.001,0,0.000,0.606,0.994,""
5.216,944.604,160.370,190.002,21.588,-21.415,-2.756,0.002,1.000,0.000,-0.001,0,0.000,0.606,0.994,""
5.236,944.175,160.311,190.002,21.603,-21.407,-2.951,0.002,1.000,0.000,-0.001,0,0.000,0.605,0.994,""
5.255,943.746,160.248,190.002,21.618,-21.398,-3.146,0.002,1.000,0.000,-0.001,0,0.000,0.603,0.993,""
5.276,943.317,160.181,190.002,21.634,-21.390,-3.341,0.002,1.000,0.000,-0.001,0,0.000,0.600,0.993,""
5.296,942.889,160.111,190.002,21.650,-21.381,-3.536,0.002,1.000,0.000,-0.001,0,0.000,0.596,0.993,""
5.315,942.461,160.036,190.002,21.667,-21.373,-3.731,0.002,1.000,0.000,-0.001,0,0.000,0.591,0.993,""
5.336,942.034,159.957,190.002,21.685,-21.364,-3.925,0.002,1.000,0.000,-0.001,0,0.000,0.586,0.992,""
5.356,941.606,159.875,190.003,21.702,-21.355,-4.120,0.002,1.000,0.000,-0.001,0,0.000,0.579,0.992,""
5.375,941.179,159.789,190.003,21.720,-21.347,-4.314,0.002,1.000,0.000,-0.001,0,0.000,0.572,0.992,""
5.396,940.752,159.698,190.003,21.738,-21.338,-4.509,0.002,1.000,0.000,-0.001,0,0.000,0.565,0.992,""
5.416,940.325,159.604,190.003,21.755,-21.330,-4.703,0.002,1.000,0.000,-0.001,0,0.000,0.556,0.992,""
5.435,939.898,159.506,190.003,21.773,-21.321,-4.897,0.002,1.000,0.000,-0.001,0,0.000,0.547,0.992,""
5.456,939.472,159.404,190.003,21.790,-21.313,-5.092,0.002,1.000,0.000,-0.001,0,0.000,0.537,0.992,""
5.476,939.046,159.299,190.003,21.807,-21.304,-5.286,0.002,1.000,0.000,-0.001,0,0.000,0.527,0.992,""
5.495,938.620,159.189,190.003,21.823,-21.296,-5.480,0.002,1.000,0.000,-0.001,0,0.000,0.516,0.992,""
5.516,938.194,159.076,190.003,21.839,-21.287,-5.674,0.002,1.000,0.000,-0.001,0,0.000,0.505,0.992,""
5.536,937.769,158.958,190.003,21.854,-21.279,-5.867,0.002,1.000,0.000,-0.002,0,0.000,0.493,0.992,""
5.555,937.344,158.837,190.003,21.868,-21.270,-6.061,0.002,1.000,0.000,-0.001,0,0.000,0.480,0.992,""
5.576,936.919,158.712,190.003,21.881,-21.262,-6.255,0.002,1.000,0.000,-0.001,0,0.000,0.467,0.992,""
5.596,936.494,158.583,190.003,21.893,-21.253,-6.448,0.002,1.000,0.000,-0.001,0,0.000,0.454,0.992,""
5.615,936.069,158.450,190.003,21.904,-21.245,-6.642,0.002,1.000,0.000,-0.001,0,0.000,0.441,0.992,""
5.635,935.645,158.314,190.003,21.914,-21.236,-6.835,0.002,1.000,0.000,-0.002,0,0.000,0.427,0.992,""
5.656,935.221,158.173,190.003,21.923,-21.228,-7.029,0.002,1.000,0.000,-0.002,0,0.000,0.412,0.993,""
5.675,934.797,158.029,190.003,21.930,-21.219,-7.222,0.002,1.000,0.000,-0.001,0,0.000,0.398,0.993,""
5.695,934.373,157.881,190.003,21.936,-21.211,-7.415,0.002,1.000,0.000,-0.002,0,0.000,0.383,0.993,""
5.716,933.950,157.728,190.003,21.940,-21.202,-7.609,0.002,1.000,0.000,-0.002,0,0.000,0.368,0.993,""
5.736,933.526,157.572,190.003,21.943,-21.194,-7.802,0.002,1.000,0.000,-0.001,0,0.000,0.353,0.994,""
5.755,933.103,157.413,190.003,21.944,-21.185,-7.995,0.002,1.000,0.000,-0.002,0,0.000,0.337,0.994,""
5.776,932.680,157.249,190.003,21.944,-21.177,-8.188,0.002,1.000,0.000,-0.002,0,0.000,0.322,0.994,""
5.796,932.258,157.081,190.004,21.942,-21.168,-8.380,0.002,1.000,0.000,-0.002,0,0.000,0.306,0.994,""
5.815,931.835,156.910,190.004,21.938,-21.160,-8.573,0.002,1.000,0.000,-0.002,0,0.000,0.291,0.995,""
5.836,931.413,156.735,190.004,21.932,-21.151,-8.766,0.002,1.000,0.000,-0.002,0,0.000,0.275,0.995,""
5.856,930.991,156.556,190.004,21.925,-21.143,-8.958,0.002,1.000,0.000,-0.002,0,0.000,0.259,0.995,""
5.875,930.569,156.373,190.004,21.915,-21.134,-9.151,0.002,1.000,0.000,-0.002,0,0.000,0.243,0.995,""
5.896,930.147,156.186,190.004,21.904,-21.126,-9.343,0.002,1.000,0.000,-0.002,0,0.000,0.227,0.996,""
5.916,929.726,155.995,190.004,21.891,-21.118,-9.536,0.002,1.000,0.000,-0.002,0,0.000,0.212,0.996,""
5.935,929.304,155.801,190.004,21.876,-21.109,-9.728,0.002,1.000,0.000,-0.002,0,0.000,0.196,0.996,""
5.956,928.883,155.602,190.004,21.860,-21.101,-9.920,0.002,1.000,0.000,-0.002,0,0.000,0.180,0.996,""
5.976,928.462,155.400,190.004,21.841,-21.092,-10.113,0.002,1.000,0.000,-0.002,0,0.000,0.165,0.997,""
5.995,928.041,155.194,190.004,21.820,-21.084,-10.305,0.002,1.000,0.000,-0.002,0,0.000,0.150,0.997,""
6.016,927.621,154.984,190.004,21.798,-21.075,-10.497,0.002,1.000,0.000,-0.002,0,0.000,0.134,0.997,""
6.036,927.200,154.771,190.004,21.774,-21.067,-10.689,0.002,1.000,0.000,-0.002,0,0.000,0.119,0.997,""
6.055,926.780,154.553,190.004,21.748,-21.058,-10.880,0.002,1.000,0.000,-0.002,0,0.000,0.105,0.998,""
6.076,926.360,154.332,190.004,21.721,-21.050,-11.072,0.002,1.000,0.000,-0.002,0,0.000,0.090,0.998,""
6.096,925.940,154.107,190.004,21.691,-21.042,-11.264,0.002,1.000,0.000,-0.002,0,0.000,0.076,0.998,""
6.115,925.521,153.877,190.004,21.661,-21.033,-11.455,0.002,1.000,0.000,-0.002,0,0.000,0.061,0.998,""
6.135,925.101,153.645,190.004,21.628,-21.025,-11.647,0.002,1.000,0.000,-0.002,0,0.000,0.048,0.999,""
6.156,924.682,153.408,190.004,21.594,-21.016,-11.838,0.002,1.000,0.000,-0.002,0,0.000,0.034,0.999,""
6.175,924.262,153.167,190.004,21.559,-21.008,-12.030,0.002,1.000,0.000,-0.002,0,0.000,0.021,0.999,""
6.195,923.843,152.923,190.004,21.522,-21.000,-12.221,0.002,1.000,0.000,-0.002,0,0.000,0.008,0.999,""
6.216,923.424,152.675,190.004,21.483,-20.991,-12.412,0.002,1.000,0.000,-0.002,0,0.000,0.005,0.999,""
6.236,923.006,152.423,190.005,21.444,-20.983,-12.604,0.002,1.000,0.000,-0.002,0,0.000,0.017,0.999,""
6.255,922.587,152.167,190.005,21.403,-20.974,-12.795,0.002,1.000,0.000,-0.002,0,0.000,0.029,0.999,""
6.276,922.169,151.907,190.005,21.361,-20.966,-12.986,0.002,1.000,0.000,-0.002,0,0.000,0.041,1.000,""
6.296,921.751,151.644,190.005,21.318,-20.958,-13.177,0.002,1.000,0.000,-0.002,0,0.000,0.052,1.000,""
6.315,921.332,151.376,190.005,21.274,-20.949,-13.367,0.002,1.000,0.000,-0.002,0,0.000,0.063,1.000,""
6.336,920.914,151.105,190.005,21.230,-20.941,-13.558,0.002,1.000,0.000,-0.002,0,0.000,0.074,1.000,""
6.356,920.497,150.830,190.005,21.184,-20.932,-13.749,0.002,1.000,0.000,-0.002,0,0.000,0.084,1.000,""
6.375,920.079,150.551,190.005,21.138,-20.924,-13.940,0.002,1.000,0.000,-0.002,0,0.000,0.094,1.000,""
6.396,919.662,150.269,190.005,21.091,-20.916,-14.130,0.002,1.000,0.000,-0.002,0,0.000,0.103,1.000,""
6.416,919.244,149.982,190.005,21.043,-20.907,-14.321,0.002,1.000,0.000,-0.002,0,0.000,0.112,1.000,""
6.435,918.827,149.692,190.005,20.996,-20.899,-14.511,0.002,1.000,0.000,-0.002,0,0.000,0.121,1.000,""
6.456,918.406,149.416,190.005,21.167,-21.108,-13.805,0.004,1.000,0.000,-0.002,4,45.000,1.047,1.000,"Ground_Mountain_1_4:(-0.015, 1.000, 0.000) separation=0.3449365;Ground_Mountain_1_4:(-0.015, 1.000, 0.000) separation=0.3644608;Ground_Mountain_1_4:(-0.015, 1.000, 0.000) separation=0.344938;Ground_Mountain_1_4:(-0.015, 1.000, 0.000) separation=0.3644594;Ground_Mountain_1_4:(-0.015, 1.000, 0.000) separation=0.3449344;Ground_Mountain_1_4:(-0.015, 1.000, 0.000) separation=0.3449345;"
6.476,917.974,149.342,190.005,21.501,-21.455,-3.722,0.006,1.000,0.000,-0.002,4,45.000,0.972,1.000,"Ground_Mountain_1_4:(-0.015, 1.000, 0.000) separation=0.07235622;Ground_Mountain_1_4:(-0.015, 1.000, 0.000) separation=0.09764242;Ground_Mountain_1_4:(-0.015, 1.000, 0.000) separation=0.07235906;Ground_Mountain_1_4:(-0.015, 1.000, 0.000) separation=0.09763958;Ground_Mountain_1_4:(-0.015, 1.000, 0.000) separation=0.07235807;Ground_Mountain_1_4:(-0.015, 1.000, 0.000) separation=0.07236052;"
6.495,917.548,149.322,190.006,21.306,-21.294,-0.998,0.011,1.000,0.000,-0.002,4,45.000,2.534,1.000,"Ground_Mountain_1_4:(-0.015, 1.000, 0.000) separation=0.01443805;Ground_Mountain_1_4:(-0.015, 1.000, 0.000) separation=0.0195041;Ground_Mountain_1_4:(-0.015, 1.000, 0.000) separation=0.01443952;Ground_Mountain_1_4:(-0.015, 1.000, 0.000) separation=0.01950262;Ground_Mountain_1_4:(-0.015, 1.000, 0.000) separation=0.01443875;Ground_Mountain_1_4:(-0.015, 1.000, 0.000) separation=0.01536953;"
6.516,917.118,149.313,190.006,21.482,-21.478,-0.458,0.011,1.000,0.000,-0.001,4,29.658,0.508,1.000,"Ground_Mountain_1_4:(-0.015, 1.000, 0.000) separation=0.002894896;Ground_Mountain_1_4:(-0.015, 1.000, 0.000) separation=0.003908755;Ground_Mountain_1_4:(-0.015, 1.000, 0.000) separation=0.002917248;Ground_Mountain_1_4:(-0.015, 1.000, 0.000) separation=0.003886407;Ground_Mountain_1_4:(-0.015, 1.000, 0.000) separation=0.002906144;Ground_Mountain_1_4:(-0.015, 1.000, 0.000) separation=0.002919942;"
6.536,916.684,149.310,190.006,21.686,-21.686,-0.149,0.010,1.000,0.000,-0.001,4,25.435,0.099,1.000,"Ground_Mountain_1_4:(-0.015, 1.000, 0.000) separation=0.0005648445;Ground_Mountain_1_4:(-0.015, 1.000, 0.000) separation=0.000785096;Ground_Mountain_1_4:(-0.015, 1.000, 0.000) separation=0.0005703838;Ground_Mountain_1_4:(-0.015, 1.000, 0.000) separation=0.0007795672;Ground_Mountain_1_4:(-0.015, 1.000, 0.000) separation=0.0005648732;Ground_Mountain_1_4:(-0.015, 1.000, 0.000) separation=0.0005671382;"
6.555,916.246,149.312,190.006,21.889,-21.893,0.105,0.009,1.000,0.000,-0.001,4,22.661,0.082,1.000,"Ground_Mountain_1_4:(-0.015, 1.000, 0.000) separation=0.00440467;Ground_Mountain_1_4:(-0.015, 1.000, 0.000) separation=0.003995423;Ground_Mountain_1_4:(-0.015, 1.000, 0.000) separation=0.004393529;Ground_Mountain_1_4:(-0.015, 1.000, 0.000) separation=0.004006567;Ground_Mountain_1_4:(-0.015, 1.000, 0.000) separation=0.004000932;Ground_Mountain_1_4:(-0.015, 1.000, 0.000) separation=0.004004717;"
6.576,915.804,149.318,190.006,22.090,-22.097,0.306,0.009,1.000,0.000,-0.001,4,20.008,0.067,1.000,"Ground_Mountain_1_4:(-0.015, 1.000, 0.000) separation=0.01331714;Ground_Mountain_1_4:(-0.015, 1.000, 0.000) separation=0.01242732;Ground_Mountain_1_4:(-0.015, 1.000, 0.000) separation=0.01329487;Ground_Mountain_1_4:(-0.015, 1.000, 0.000) separation=0.01244959;Ground_Mountain_1_4:(-0.015, 1.000, 0.000) separation=0.01243836;Ground_Mountain_1_4:(-0.015, 1.000, 0.000) separation=0.01252154;"
6.596,915.359,149.327,190.006,22.280,-22.290,0.457,0.008,0.955,0.000,-0.001,4,17.524,0.054,1.000,"Ground_Mountain_1_4:(-0.015, 1.000, 0.000) separation=0.02622777;Ground_Mountain_1_4:(-0.015, 1.000, 0.000) separation=0.02499331;Ground_Mountain_1_4:(-0.015, 1.000, 0.000) separation=0.02619442;Ground_Mountain_1_4:(-0.015, 1.000, 0.000) separation=0.02502666;Ground_Mountain_1_4:(-0.015, 1.000, 0.000) separation=0.02499524;Ground_Mountain_1_4:(-0.015, 1.000, 0.000) separation=0.02500981;"
6.615,914.909,149.338,190.007,22.450,-22.462,0.563,0.007,0.860,0.000,-0.001,4,15.245,0.042,1.000,"Ground_Mountain_1_4:(-0.015, 1.000, 0.000) separation=0.04216808;Ground_Mountain_1_4:(-0.015, 1.000, 0.000) separation=0.04071296;Ground_Mountain_1_4:(-0.015, 1.000, 0.000) separation=0.04212919;Ground_Mountain_1_4:(-0.015, 1.000, 0.000) separation=0.04075186;Ground_Mountain_1_4:(-0.015, 1.000, 0.000) separation=0.04072514;Ground_Mountain_1_4:(-0.015, 1.000, 0.000) separation=0.04072946;"
6.635,914.457,149.351,190.007,22.602,-22.615,0.628,0.006,0.775,0.000,-0.001,4,13.199,0.032,1.000,"Ground_Mountain_1_4:(-0.015, 1.000, 0.000) separation=0.06021355;Ground_Mountain_1_4:(-0.015, 1.000, 0.000) separation=0.05861157;Ground_Mountain_1_4:(-0.015, 1.000, 0.000) separation=0.06016921;Ground_Mountain_1_4:(-0.015, 1.000, 0.000) separation=0.05865591;Ground_Mountain_1_4:(-0.015, 1.000, 0.000) separation=0.05863354;Ground_Mountain_1_4:(-0.015, 1.000, 0.000) separation=0.05864149;"
6.656,914.002,149.364,190.007,22.738,-22.751,0.657,0.005,0.699,0.000,-0.001,4,11.397,0.023,1.000,"Ground_Mountain_1_4:(-0.015, 1.000, 0.000) separation=0.07957934;Ground_Mountain_1_4:(-0.015, 1.000, 0.000) separation=0.077916;Ground_Mountain_1_4:(-0.015, 1.000, 0.000) separation=0.07952947;Ground_Mountain_1_4:(-0.015, 1.000, 0.000) separation=0.07796587;Ground_Mountain_1_4:(-0.015, 1.000, 0.000) separation=0.07793796;Ground_Mountain_1_4:(-0.015, 1.000, 0.000) separation=0.07796517;"
6.675,913.545,149.377,190.007,22.859,-22.872,0.656,0.004,0.631,0.000,-0.001,4,9.847,0.016,1.000,"Ground_Mountain_1_4:(-0.015, 1.000, 0.000) separation=0.09954952;Ground_Mountain_1_4:(-0.015, 1.000, 0.000) separation=0.09787733;Ground_Mountain_1_4:(-0.015, 1.000, 0.000) separation=0.09949983;Ground_Mountain_1_4:(-0.015, 1.000, 0.000) separation=0.09792703;Ground_Mountain_1_4:(-0.015, 1.000, 0.000) separation=0.09790471;Ground_Mountain_1_4:(-0.015, 1.000, 0.000) separation=0.09822595;"
6.695,913.085,149.390,190.007,22.968,-22.981,0.628,0.002,0.570,0.000,-0.001,4,8.549,0.010,1.000,"Ground_Mountain_1_4:(-0.015, 1.000, 0.000) separation=0.1195208;Ground_Mountain_1_4:(-0.015, 1.000, 0.000) separation=0.1178879;Ground_Mountain_1_4:(-0.015, 1.000, 0.000) separation=0.119471;Ground_Mountain_1_4:(-0.015, 1.000, 0.000) separation=0.1179377;Ground_Mountain_1_4:(-0.015, 1.000, 0.000) separation=0.1178984;Ground_Mountain_1_4:(-0.015, 1.000, 0.000) separation=0.1179098;"
6.716,912.623,149.401,190.007,23.065,-23.077,0.580,0.001,0.516,0.000,-0.001,4,7.493,0.005,1.000,"Ground_Mountain_1_4:(-0.015, 1.000, 0.000) separation=0.1389075;Ground_Mountain_1_4:(-0.015, 1.000, 0.000) separation=0.1373527;Ground_Mountain_1_4:(-0.015, 1.000, 0.000) separation=0.1388579;Ground_Mountain_1_4:(-0.015, 1.000, 0.000) separation=0.1374022;Ground_Mountain_1_4:(-0.015, 1.000, 0.000) separation=0.1373799;Ground_Mountain_1_4:(-0.015, 1.000, 0.000) separation=0.1373825;"
6.736,912.160,149.411,190.007,23.153,-23.163,0.516,0.000,0.467,0.000,-0.001,4,6.670,0.001,1.000,"Ground_Mountain_1_4:(-0.015, 1.000, 0.000) separation=0.1573891;Ground_Mountain_1_4:(-0.015, 1.000, 0.000) separation=0.1559412;Ground_Mountain_1_4:(-0.015, 1.000, 0.000) separation=0.1573396;Ground_Mountain_1_4:(-0.015, 1.000, 0.000) separation=0.1559908;Ground_Mountain_1_4:(-0.015, 1.000, 0.000) separation=0.1559685;Ground_Mountain_1_4:(-0.015, 1.000, 0.000) separation=0.1559851;"
6.755,911.695,149.420,190.007,23.231,-23.241,0.439,-0.002,0.424,0.000,0.000,4,6.061,0.002,1.000,"Ground_Mountain_1_4:(-0.015, 1.000, 0.000) separation=0.1745948;Ground_Mountain_1_4:(-0.015, 1.000, 0.000) separation=0.1732574;Ground_Mountain_1_4:(-0.015, 1.000, 0.000) separation=0.1745508;Ground_Mountain_1_4:(-0.015, 1.000, 0.000) separation=0.1733015;Ground_Mountain_1_4:(-0.015, 1.000, 0.000) separation=0.1732792;Ground_Mountain_1_4:(-0.015, 1.000, 0.000) separation=0.1734511;"
6.776,911.229,149.427,190.007,23.301,-23.309,0.355,-0.003,0.385,0.000,0.000,4,5.648,0.004,1.000,"Ground_Mountain_1_4:(-0.015, 1.000, 0.000) separation=0.1902956;Ground_Mountain_1_4:(-0.015, 1.000, 0.000) separation=0.1890796;Ground_Mountain_1_4:(-0.015, 1.000, 0.000) separation=0.1902516;Ground_Mountain_1_4:(-0.015, 1.000, 0.000) separation=0.1891236;Ground_Mountain_1_4:(-0.015, 1.000, 0.000) separation=0.1890854;Ground_Mountain_1_4:(-0.015, 1.000, 0.000) separation=0.1891014;"
6.796,910.762,149.433,190.007,23.364,-23.371,0.266,-0.004,0.349,0.000,0.000,4,5.410,0.006,1.000,"Ground_Mountain_1_4:(-0.015, 1.000, 0.000) separation=0.2043212;Ground_Mountain_1_4:(-0.015, 1.000, 0.000) separation=0.2032397;Ground_Mountain_1_4:(-0.015, 1.000, 0.000) separation=0.2042826;Ground_Mountain_1_4:(-0.015, 1.000, 0.000) separation=0.2032782;Ground_Mountain_1_4:(-0.015, 1.000, 0.000) separation=0.2032546;Ground_Mountain_1_4:(-0.015, 1.000, 0.000) separation=0.203256;"
6.815,910.293,149.436,190.007,23.421,-23.426,0.175,-0.005,0.318,0.000,0.000,4,5.324,0.007,1.000,"Ground_Mountain_1_4:(-0.015, 1.000, 0.000) separation=0.2165803;Ground_Mountain_1_4:(-0.015, 1.000, 0.000) separation=0.2156064;Ground_Mountain_1_4:(-0.015, 1.000, 0.000) separation=0.2165417;Ground_Mountain_1_4:(-0.015, 1.000, 0.000) separation=0.215645;Ground_Mountain_1_4:(-0.015, 1.000, 0.000) separation=0.2156227;Ground_Mountain_1_4:(-0.015, 1.000, 0.000) separation=0.2156351;"
6.836,909.824,149.438,190.007,23.472,-23.476,0.085,-0.006,0.290,0.000,0.000,4,5.369,0.007,1.000,"Ground_Mountain_1_4:(-0.015, 1.000, 0.000) separation=0.2270523;Ground_Mountain_1_4:(-0.015, 1.000, 0.000) separation=0.2262059;Ground_Mountain_1_4:(-0.015, 1.000, 0.000) separation=0.2270193;Ground_Mountain_1_4:(-0.015, 1.000, 0.000) separation=0.2262389;Ground_Mountain_1_4:(-0.015, 1.000, 0.000) separation=0.2262223;Ground_Mountain_1_4:(-0.015, 1.000, 0.000) separation=0.226289;"
6.856,909.353,149.438,190.006,23.518,-23.520,-0.001,-0.007,0.264,0.000,0.000,4,5.520,0.008,1.000,"Ground_Mountain_1_4:(-0.015, 1.000, 0.000) separation=0.2357486;Ground_Mountain_1_4:(-0.015, 1.000, 0.000) separation=0.2349985;Ground_Mountain_1_4:(-0.015, 1.000, 0.000) separation=0.2357156;Ground_Mountain_1_4:(-0.015, 1.000, 0.000) separation=0.2350315;Ground_Mountain_1_4:(-0.015, 1.000, 0.000) separation=0.2349998;Ground_Mountain_1_4:(-0.015, 1.000, 0.000) separation=0.2350148;"
6.875,908.882,149.436,190.006,23.559,-23.560,-0.083,-0.008,0.241,0.000,0.000,4,5.759,0.008,1.000,"Ground_Mountain_1_4:(-0.015, 1.000, 0.000) separation=0.2427329;Ground_Mountain_1_4:(-0.015, 1.000, 0.000) separation=0.2420861;Ground_Mountain_1_4:(-0.015, 1.000, 0.000) separation=0.2427053;Ground_Mountain_1_4:(-0.015, 1.000, 0.000) separation=0.2421136;Ground_Mountain_1_4:(-0.015, 1.000, 0.000) separation=0.2420941;Ground_Mountain_1_4:(-0.015, 1.000, 0.000) separation=0.2420969;"
6.896,908.410,149.433,190.006,23.596,-23.596,-0.159,-0.008,0.221,0.000,0.000,4,6.064,0.007,1.000,"Ground_Mountain_1_4:(-0.015, 1.000, 0.000) separation=0.2480684;Ground_Mountain_1_4:(-0.015, 1.000, 0.000) separation=0.247522;Ground_Mountain_1_4:(-0.015, 1.000, 0.000) separation=0.2480409;Ground_Mountain_1_4:(-0.015, 1.000, 0.000) separation=0.2475494;Ground_Mountain_1_4:(-0.015, 1.000, 0.000) separation=0.2475384;Ground_Mountain_1_4:(-0.015, 1.000, 0.000) separation=0.2475427;"
6.916,907.938,149.428,190.006,23.629,-23.628,-0.227,-0.008,0.202,0.000,0.000,4,6.417,0.007,1.000,"Ground_Mountain_1_4:(-0.015, 1.000, 0.000) separation=0.2519051;Ground_Mountain_1_4:(-0.015, 1.000, 0.000) separation=0.2514649;Ground_Mountain_1_4:(-0.015, 1.000, 0.000) separation=0.251883;Ground_Mountain_1_4:(-0.015, 1.000, 0.000) separation=0.251487;Ground_Mountain_1_4:(-0.015, 1.000, 0.000) separation=0.2514758;Ground_Mountain_1_4:(-0.015, 1.000, 0.000) separation=0.2514917;"
6.935,907.465,149.423,190.006,23.659,-23.657,-0.288,-0.008,0.185,0.000,0.000,4,6.801,0.007,1.000,"Ground_Mountain_1_4:(-0.015, 1.000, 0.000) separation=0.254421;Ground_Mountain_1_4:(-0.015, 1.000, 0.000) separation=0.2540553;Ground_Mountain_1_4:(-0.015, 1.000, 0.000) separation=0.2544045;Ground_Mountain_1_4:(-0.015, 1.000, 0.000) separation=0.2540718;Ground_Mountain_1_4:(-0.015, 1.000, 0.000) separation=0.2540607;Ground_Mountain_1_4:(-0.015, 1.000, 0.000) separation=0.2541441;"
6.956,906.991,149.416,190.006,23.686,-23.684,-0.340,-0.008,0.170,0.000,0.000,4,7.201,0.006,1.000,"Ground_Mountain_1_4:(-0.015, 1.000, 0.000) separation=0.2557279;Ground_Mountain_1_4:(-0.015, 1.000, 0.000) separation=0.2554424;Ground_Mountain_1_4:(-0.015, 1.000, 0.000) separation=0.2557113;Ground_Mountain_1_4:(-0.015, 1.000, 0.000) separation=0.255459;Ground_Mountain_1_4:(-0.015, 1.000, 0.000) separation=0.2554456;Ground_Mountain_1_4:(-0.015, 1.000, 0.000) separation=0.2554478;"
6.976,906.517,149.408,190.005,23.710,-23.707,-0.385,-0.008,0.157,0.000,0.000,4,7.604,0.006,1.000,"Ground_Mountain_1_4:(-0.015, 1.000, 0.000) separation=0.2560055;Ground_Mountain_1_4:(-0.015, 1.000, 0.000) separation=0.2557737;Ground_Mountain_1_4:(-0.015, 1.000, 0.000) separation=0.2559889;Ground_Mountain_1_4:(-0.015, 1.000, 0.000) separation=0.2557903;Ground_Mountain_1_4:(-0.015, 1.000, 0.000) separation=0.2557792;Ground_Mountain_1_4:(-0.015, 1.000, 0.000) separation=0.2557818;"
6.995,906.042,149.400,190.005,23.732,-23.728,-0.421,-0.008,0.145,0.000,0.000,4,7.998,0.005,1.000,"Ground_Mountain_1_4:(-0.015, 1.000, 0.000) separation=0.2553988;Ground_Mountain_1_4:(-0.015, 1.000, 0.000) separation=0.2552264;Ground_Mountain_1_4:(-0.015, 1.000, 0.000) separation=0.2553877;Ground_Mountain_1_4:(-0.015, 1.000, 0.000) separation=0.2552374;Ground_Mountain_1_4:(-0.015, 1.000, 0.000) separation=0.2552319;Ground_Mountain_1_4:(-0.015, 1.000, 0.000) separation=0.2552369;"
7.016,905.567,149.391,190.005,23.752,-23.748,-0.450,-0.008,0.134,0.000,-0.001,4,8.376,0.005,1.000,"Ground_Mountain_1_4:(-0.015, 1.000, 0.000) separation=0.254081;Ground_Mountain_1_4:(-0.015, 1.000, 0.000) separation=0.2539445;Ground_Mountain_1_4:(-0.015, 1.000, 0.000) separation=0.25407;Ground_Mountain_1_4:(-0.015, 1.000, 0.000) separation=0.2539555;Ground_Mountain_1_4:(-0.015, 1.000, 0.000) separation=0.2539499;Ground_Mountain_1_4:(-0.015, 1.000, 0.000) separation=0.2539766;"
7.036,905.092,149.381,190.005,23.770,-23.765,-0.472,-0.007,0.124,0.000,-0.001,4,8.730,0.004,1.000,"Ground_Mountain_1_4:(-0.015, 1.000, 0.000) separation=0.2521922;Ground_Mountain_1_4:(-0.015, 1.000, 0.000) separation=0.2520972;Ground_Mountain_1_4:(-0.015, 1.000, 0.000) separation=0.2521811;Ground_Mountain_1_4:(-0.015, 1.000, 0.000) separation=0.2521082;Ground_Mountain_1_4:(-0.015, 1.000, 0.000) separation=0.2520996;Ground_Mountain_1_4:(-0.015, 1.000, 0.000) separation=0.2521026;"
7.055,904.616,149.372,190.005,23.786,-23.781,-0.487,-0.007,0.115,0.000,0.000,4,9.054,0.003,1.000,"Ground_Mountain_1_4:(-0.015, 1.000, 0.000) separation=0.2498659;Ground_Mountain_1_4:(-0.015, 1.000, 0.000) separation=0.249792;Ground_Mountain_1_4:(-0.015, 1.000, 0.000) separation=0.2498604;Ground_Mountain_1_4:(-0.015, 1.000, 0.000) separation=0.2497974;Ground_Mountain_1_4:(-0.015, 1.000, 0.000) separation=0.2497931;Ground_Mountain_1_4:(-0.015, 1.000, 0.000) separation=0.2497974;"
7.076,904.140,149.362,190.005,23.800,-23.795,-0.497,-0.007,0.107,0.000,0.000,4,9.347,0.003,1.000,"Ground_Mountain_1_4:(-0.015, 1.000, 0.000) separation=0.2472239;Ground_Mountain_1_4:(-0.015, 1.000, 0.000) separation=0.247192;Ground_Mountain_1_4:(-0.015, 1.000, 0.000) separation=0.2472183;Ground_Mountain_1_4:(-0.015, 1.000, 0.000) separation=0.2471976;Ground_Mountain_1_4:(-0.015, 1.000, 0.000) separation=0.247192;Ground_Mountain_1_4:(-0.015, 1.000, 0.000) separation=0.2471962;"
7.096,903.664,149.352,190.005,23.813,-23.808,-0.501,-0.007,0.100,0.000,0.000,4,9.604,0.003,1.000,"Ground_Mountain_1_4:(-0.015, 1.000, 0.000) separation=0.2444223;Ground_Mountain_1_4:(-0.015, 1.000, 0.000) separation=0.2444122;Ground_Mountain_1_4:(-0.015, 1.000, 0.000) separation=0.2444223;Ground_Mountain_1_4:(-0.015, 1.000, 0.000) separation=0.2444122;Ground_Mountain_1_4:(-0.015, 1.000, 0.000) separation=0.2444122;Ground_Mountain_1_4:(-0.015, 1.000, 0.000) separation=0.2444122;"
7.115,903.188,149.342,190.004,23.825,-23.820,-0.501,-0.007,0.094,0.000,0.000,4,9.824,0.002,1.000,"Ground_Mountain_1_4:(-0.015, 1.000, 0.000) separation=0.2415524;Ground_Mountain_1_4:(-0.015, 1.000, 0.000) separation=0.2415534;Ground_Mountain_1_4:(-0.015, 1.000, 0.000) separation=0.2415469;Ground_Mountain_1_4:(-0.015, 1.000, 0.000) separation=0.2415588;Ground_Mountain_1_4:(-0.015, 1.000, 0.000) separation=0.2415479;Ground_Mountain_1_4:(-0.015, 1.000, 0.000) separation=0.2415524;"
7.135,902.711,149.332,190.004,23.835,-23.830,-0.497,-0.007,0.088,0.000,0.000,4,10.008,0.002,1.000,"Ground_Mountain_1_4:(-0.015, 1.000, 0.000) separation=0.2386721;Ground_Mountain_1_4:(-0.015, 1.000, 0.000) separation=0.2386996;Ground_Mountain_1_4:(-0.015, 1.000, 0.000) separation=0.2386666;Ground_Mountain_1_4:(-0.015, 1.000, 0.000) separation=0.2387051;Ground_Mountain_1_4:(-0.015, 1.000, 0.000) separation=0.2386693;Ground_Mountain_1_4:(-0.015, 1.000, 0.000) separation=0.2386695;"
7.156,902.235,149.322,190.004,23.845,-23.840,-0.490,-0.007,0.082,0.000,0.000,4,10.157,0.001,1.000,"Ground_Mountain_1_4:(-0.015, 1.000, 0.000) separation=0.2358745;Ground_Mountain_1_4:(-0.015, 1.000, 0.000) separation=0.2359048;Ground_Mountain_1_4:(-0.015, 1.000, 0.000) separation=0.2358689;Ground_Mountain_1_4:(-0.015, 1.000, 0.000) separation=0.2359104;Ground_Mountain_1_4:(-0.015, 1.000, 0.000) separation=0.2358689;Ground_Mountain_1_4:(-0.015, 1.000, 0.000) separation=0.2358698;"
7.175,901.758,149.312,190.004,23.853,-23.849,-0.481,-0.007,0.078,0.000,0.000,4,10.274,0.001,1.000,"Ground_Mountain_1_4:(-0.015, 1.000, 0.000) separation=0.2332517;Ground_Mountain_1_4:(-0.015, 1.000, 0.000) separation=0.2332804;Ground_Mountain_1_4:(-0.015, 1.000, 0.000) separation=0.2332517;Ground_Mountain_1_4:(-0.015, 1.000, 0.000) separation=0.2332805;Ground_Mountain_1_4:(-0.015, 1.000, 0.000) separation=0.2332517;Ground_Mountain_1_4:(-0.015, 1.000, 0.000) separation=0.2332517;"
7.195,901.280,149.303,190.004,23.861,-23.857,-0.470,-0.007,0.073,0.000,0.000,4,10.359,0.001,1.000,"Ground_Mountain_1_4:(-0.015, 1.000, 0.000) separation=0.2308023;Ground_Mountain_1_4:(-0.015, 1.000, 0.000) separation=0.2308274;Ground_Mountain_1_4:(-0.015, 1.000, 0.000) separation=0.2308023;Ground_Mountain_1_4:(-0.015, 1.000, 0.000) separation=0.2308274;Ground_Mountain_1_4:(-0.015, 1.000, 0.000) separation=0.2308023;Ground_Mountain_1_4:(-0.015, 1.000, 0.000) separation=0.2308056;"
7.216,900.803,149.294,190.004,23.868,-23.864,-0.458,-0.007,0.070,0.000,0.001,4,10.416,0.001,1.000,"Ground_Mountain_1_4:(-0.015, 1.000, 0.000) separation=0.2285325;Ground_Mountain_1_4:(-0.015, 1.000, 0.000) separation=0.2285719;Ground_Mountain_1_4:(-0.015, 1.000, 0.000) separation=0.2285325;Ground_Mountain_1_4:(-0.015, 1.000, 0.000) separation=0.2285719;Ground_Mountain_1_4:(-0.015, 1.000, 0.000) separation=0.2285325;Ground_Mountain_1_4:(-0.015, 1.000, 0.000) separation=0.2285325;"
7.236,900.326,149.285,190.004,23.874,-23.870,-0.445,-0.007,0.066,0.000,0.000,4,10.449,0.000,1.000,"Ground_Mountain_0_4:(-0.015, 1.000, 0.000) separation=0.2265747;Ground_Mountain_0_4:(-0.015, 1.000, 0.000) separation=0.2265858;Ground_Mountain_0_4:(-0.015, 1.000, 0.000) separation=0.2265802;Ground_Mountain_0_4:(-0.015, 1.000, 0.000) separation=0.2265803;Ground_Mountain_0_4:(-0.015, 1.000, 0.000) separation=0.2265747;Ground_Mountain_0_4:(-0.015, 1.000, 0.000) separation=0.2265803;Ground_Mountain_1_4:(-0.015, 1.000, 0.000) separation=0.2265444;Ground_Mountain_1_4:(-0.015, 1.000, 0.000) separation=0.2265802;Ground_Mountain_1_4:(-0.015, 1.000, 0.000) separation=0.2265499;Ground_Mountain_1_4:(-0.015, 1.000, 0.000) separation=0.2265747;Ground_Mountain_1_4:(-0.015, 1.000, 0.000) separation=0.2265444;Ground_Mountain_1_4:(-0.015, 1.000, 0.000) separation=0.2265444;"
7.255,899.848,149.276,190.003,23.880,-23.876,-0.432,-0.007,0.063,0.000,0.000,4,10.459,0.000,1.000,"Ground_Mountain_1_4:(-0.015, 1.000, 0.000) separation=0.2248122;Ground_Mountain_1_4:(-0.015, 1.000, 0.000) separation=0.2248408;Ground_Mountain_1_4:(-0.015, 1.000, 0.000) separation=0.2248177;Ground_Mountain_1_4:(-0.015, 1.000, 0.000) separation=0.2248352;Ground_Mountain_1_4:(-0.015, 1.000, 0.000) separation=0.2248122;Ground_Mountain_1_4:(-0.015, 1.000, 0.000) separation=0.2248122;Ground_Mountain_0_4:(-0.015, 1.000, 0.000) separation=0.2248352;Ground_Mountain_0_4:(-0.015, 1.000, 0.000) separation=0.2248536;Ground_Mountain_0_4:(-0.015, 1.000, 0.000) separation=0.2248408;Ground_Mountain_0_4:(-0.015, 1.000, 0.000) separation=0.2248481;Ground_Mountain_0_4:(-0.015, 1.000, 0.000) separation=0.2248352;Ground_Mountain_0_4:(-0.015, 1.000, 0.000) separation=0.2248464;"
7.276,899.371,149.268,190.003,23.885,-23.881,-0.419,-0.007,0.060,0.000,0.001,4,10.450,0.000,1.000,"Ground_Mountain_1_4:(-0.015, 1.000, 0.000) separation=0.2233167;Ground_Mountain_1_4:(-0.015, 1.000, 0.000) separation=0.2233246;Ground_Mountain_1_4:(-0.015, 1.000, 0.000) separation=0.2233167;Ground_Mountain_1_4:(-0.015, 1.000, 0.000) separation=0.2233246;Ground_Mountain_1_4:(-0.015, 1.000, 0.000) separation=0.2233167;Ground_Mountain_1_4:(-0.015, 1.000, 0.000) separation=0.2233191;Ground_Mountain_0_4:(-0.015, 1.000, 0.000) separation=0.2233246;Ground_Mountain_0_4:(-0.015, 1.000, 0.000) separation=0.2233548;Ground_Mountain_0_4:(-0.015, 1.000, 0.000) separation=0.2233246;Ground_Mountain_0_4:(-0.015, 1.000, 0.000) separation=0.2233548;Ground_Mountain_0_4:(-0.015, 1.000, 0.000) separation=0.2233246;Ground_Mountain_0_4:(-0.015, 1.000, 0.000) separation=0.2233412;"
7.296,898.893,149.260,190.003,23.889,-23.886,-0.407,-0.007,0.058,0.000,0.000,4,10.426,0.000,1.000,"Ground_Mountain_1_4:(-0.015, 1.000, 0.000) separation=0.222126;Ground_Mountain_1_4:(-0.015, 1.000, 0.000) separation=0.2221399;Ground_Mountain_1_4:(-0.015, 1.000, 0.000) separation=0.2221315;Ground_Mountain_1_4:(-0.015, 1.000, 0.000) separation=0.2221344;Ground_Mountain_1_4:(-0.015, 1.000, 0.000) separation=0.2221259;Ground_Mountain_1_4:(-0.015, 1.000, 0.000) separation=0.2221302;Ground_Mountain_0_4:(-0.015, 1.000, 0.000) separation=0.2221344;Ground_Mountain_0_4:(-0.015, 1.000, 0.000) separation=0.2221673;Ground_Mountain_0_4:(-0.015, 1.000, 0.000) separation=0.2221399;Ground_Mountain_0_4:(-0.015, 1.000, 0.000) separation=0.2221618;Ground_Mountain_0_4:(-0.015, 1.000, 0.000) separation=0.2221344;Ground_Mountain_0_4:(-0.015, 1.000, 0.000) separation=0.2221455;"
7.315,898.415,149.252,190.003,23.894,-23.890,-0.395,-0.007,0.055,0.000,0.000,4,10.390,0.000,1.000,"Ground_Mountain_1_4:(-0.015, 1.000, 0.000) separation=0.2211573;Ground_Mountain_1_4:(-0.015, 1.000, 0.000) separation=0.2211578;Ground_Mountain_1_4:(-0.015, 1.000, 0.000) separation=0.2211573;Ground_Mountain_1_4:(-0.015, 1.000, 0.000) separation=0.2211578;Ground_Mountain_1_4:(-0.015, 1.000, 0.000) separation=0.2211573;Ground_Mountain_1_4:(-0.015, 1.000, 0.000) separation=0.2211573;Ground_Mountain_0_4:(-0.015, 1.000, 0.000) separation=0.2211578;Ground_Mountain_0_4:(-0.015, 1.000, 0.000) separation=0.2211926;Ground_Mountain_0_4:(-0.015, 1.000, 0.000) separation=0.2211578;Ground_Mountain_0_4:(-0.015, 1.000, 0.000) separation=0.2211926;Ground_Mountain_0_4:(-0.015, 1.000, 0.000) separation=0.2211578;Ground_Mountain_0_4:(-0.015, 1.000, 0.000) separation=0.221169;"
7.336,897.937,149.244,190.003,23.897,-23.894,-0.385,-0.007,0.053,0.000,0.001,4,10.345,0.000,1.000,"Ground_Mountain_0_4:(-0.015, 1.000, 0.000) separation=0.2204285;Ground_Mountain_0_4:(-0.015, 1.000, 0.000) separation=0.2204577;Ground_Mountain_0_4:(-0.015, 1.000, 0.000) separation=0.220434;Ground_Mountain_0_4:(-0.015, 1.000, 0.000) separation=0.2204522;Ground_Mountain_0_4:(-0.015, 1.000, 0.000) separation=0.2204285;Ground_Mountain_0_4:(-0.015, 1.000, 0.000) separation=0.2204285;"
7.356,897.459,149.237,190.003,23.901,-23.898,-0.375,-0.007,0.051,0.000,0.001,4,10.293,0.000,1.000,"Ground_Mountain_0_4:(-0.015, 1.000, 0.000) separation=0.2199048;Ground_Mountain_0_4:(-0.015, 1.000, 0.000) separation=0.2199407;Ground_Mountain_0_4:(-0.015, 1.000, 0.000) separation=0.2199048;Ground_Mountain_0_4:(-0.015, 1.000, 0.000) separation=0.2199407;Ground_Mountain_0_4:(-0.015, 1.000, 0.000) separation=0.2199048;Ground_Mountain_0_4:(-0.015, 1.000, 0.000) separation=0.2199109;"
7.375,896.986,149.229,190.003,23.689,-23.686,-0.363,-0.007,0.050,0.000,0.000,4,10.237,0.000,1.000,"Ground_Mountain_0_4:(-0.015, 1.000, 0.000) separation=0.2195611;Ground_Mountain_0_4:(-0.015, 1.000, 0.000) separation=0.2195895;Ground_Mountain_0_4:(-0.015, 1.000, 0.000) separation=0.2195667;Ground_Mountain_0_4:(-0.015, 1.000, 0.000) separation=0.219584;Ground_Mountain_0_4:(-0.015, 1.000, 0.000) separation=0.2195612;Ground_Mountain_0_4:(-0.015, 1.000, 0.000) separation=0.219566;"
7.396,896.511,149.222,190.003,23.713,-23.710,-0.356,-0.006,0.156,0.000,0.000,4,10.178,0.000,1.000,"Ground_Mountain_0_4:(-0.015, 1.000, 0.000) separation=0.2194018;Ground_Mountain_0_4:(-0.015, 1.000, 0.000) separation=0.219435;Ground_Mountain_0_4:(-0.015, 1.000, 0.000) separation=0.2194018;Ground_Mountain_0_4:(-0.015, 1.000, 0.000) separation=0.219435;Ground_Mountain_0_4:(-0.015, 1.000, 0.000) separation=0.2194018;Ground_Mountain_0_4:(-0.015, 1.000, 0.000) separation=0.2194018;"
7.416,896.037,149.215,190.002,23.734,-23.732,-0.350,-0.006,0.144,0.000,0.000,4,10.120,0.000,1.000,"Ground_Mountain_0_4:(-0.015, 1.000, 0.000) separation=0.219387;Ground_Mountain_0_4:(-0.015, 1.000, 0.000) separation=0.2194234;Ground_Mountain_0_4:(-0.015, 1.000, 0.000) separation=0.2193925;Ground_Mountain_0_4:(-0.015, 1.000, 0.000) separation=0.2194178;Ground_Mountain_0_4:(-0.015, 1.000, 0.000) separation=0.2193902;Ground_Mountain_0_4:(-0.015, 1.000, 0.000) separation=0.2193925;"
7.435,895.562,149.208,190.002,23.754,-23.751,-0.346,-0.006,0.133,0.000,0.000,4,10.062,0.000,1.000,"Ground_Mountain_0_4:(-0.015, 1.000, 0.000) separation=0.2195066;Ground_Mountain_0_4:(-0.015, 1.000, 0.000) separation=0.2195393;Ground_Mountain_0_4:(-0.015, 1.000, 0.000) separation=0.2195121;Ground_Mountain_0_4:(-0.015, 1.000, 0.000) separation=0.2195338;Ground_Mountain_0_4:(-0.015, 1.000, 0.000) separation=0.2195066;Ground_Mountain_0_4:(-0.015, 1.000, 0.000) separation=0.2195197;"
7.456,895.086,149.201,190.002,23.771,-23.769,-0.342,-0.006,0.123,0.000,0.000,4,10.008,0.000,1.000,"Ground_Mountain_0_4:(-0.015, 1.000, 0.000) separation=0.2197122;Ground_Mountain_0_4:(-0.015, 1.000, 0.000) separation=0.2197235;Ground_Mountain_0_4:(-0.015, 1.000, 0.000) separation=0.2197122;Ground_Mountain_0_4:(-0.015, 1.000, 0.000) separation=0.2197235;Ground_Mountain_0_4:(-0.015, 1.000, 0.000) separation=0.2197121;Ground_Mountain_0_4:(-0.015, 1.000, 0.000) separation=0.2197125;"
7.476,894.611,149.195,190.002,23.787,-23.785,-0.339,-0.006,0.114,0.000,0.001,4,9.957,0.000,1.000,"Ground_Mountain_0_4:(-0.015, 1.000, 0.000) separation=0.2200267;Ground_Mountain_0_4:(-0.015, 1.000, 0.000) separation=0.2200446;Ground_Mountain_0_4:(-0.015, 1.000, 0.000) separation=0.2200266;Ground_Mountain_0_4:(-0.015, 1.000, 0.000) separation=0.2200446;Ground_Mountain_0_4:(-0.015, 1.000, 0.000) separation=0.2200266;Ground_Mountain_0_4:(-0.015, 1.000, 0.000) separation=0.2200266;"
7.495,894.135,149.188,190.002,23.801,-23.799,-0.337,-0.006,0.106,0.000,0.000,4,9.911,0.000,1.000,"Ground_Mountain_0_4:(-0.015, 1.000, 0.000) separation=0.220366;Ground_Mountain_0_4:(-0.015, 1.000, 0.000) separation=0.2203852;Ground_Mountain_0_4:(-0.015, 1.000, 0.000) separation=0.2203715;Ground_Mountain_0_4:(-0.015, 1.000, 0.000) separation=0.2203797;Ground_Mountain_0_4:(-0.015, 1.000, 0.000) separation=0.220366;Ground_Mountain_0_4:(-0.015, 1.000, 0.000) separation=0.220366;"
7.516,893.658,149.181,190.002,23.814,-23.812,-0.336,-0.006,0.099,0.000,0.000,4,9.869,0.000,1.000,"Ground_Mountain_0_4:(-0.015, 1.000, 0.000) separation=0.2207511;Ground_Mountain_0_4:(-0.015, 1.000, 0.000) separation=0.2207745;Ground_Mountain_0_4:(-0.015, 1.000, 0.000) separation=0.2207566;Ground_Mountain_0_4:(-0.015, 1.000, 0.000) separation=0.220769;Ground_Mountain_0_4:(-0.015, 1.000, 0.000) separation=0.2207511;Ground_Mountain_0_4:(-0.015, 1.000, 0.000) separation=0.2207511;"
7.536,893.182,149.174,190.002,23.826,-23.823,-0.336,-0.006,0.093,0.000,0.001,4,9.832,0.000,1.000,"Ground_Mountain_0_4:(-0.015, 1.000, 0.000) separation=0.2211667;Ground_Mountain_0_4:(-0.015, 1.000, 0.000) separation=0.2211846;Ground_Mountain_0_4:(-0.015, 1.000, 0.000) separation=0.2211667;Ground_Mountain_0_4:(-0.015, 1.000, 0.000) separation=0.2211846;Ground_Mountain_0_4:(-0.015, 1.000, 0.000) separation=0.2211667;Ground_Mountain_0_4:(-0.015, 1.000, 0.000) separation=0.2211676;"
7.555,892.705,149.168,190.002,23.836,-23.834,-0.336,-0.006,0.087,0.000,0.000,4,9.800,0.000,1.000,"Ground_Mountain_0_4:(-0.015, 1.000, 0.000) separation=0.2216156;Ground_Mountain_0_4:(-0.015, 1.000, 0.000) separation=0.2216156;Ground_Mountain_0_4:(-0.015, 1.000, 0.000) separation=0.2216156;Ground_Mountain_0_4:(-0.015, 1.000, 0.000) separation=0.2216156;Ground_Mountain_0_4:(-0.015, 1.000, 0.000) separation=0.2216156;Ground_Mountain_0_4:(-0.015, 1.000, 0.000) separation=0.2216156;"
7.576,892.228,149.161,190.001,23.846,-23.843,-0.337,-0.006,0.082,0.000,0.000,4,9.774,0.000,1.000,"Ground_Mountain_0_4:(-0.015, 1.000, 0.000) separation=0.2219979;Ground_Mountain_0_4:(-0.015, 1.000, 0.000) separation=0.2220159;Ground_Mountain_0_4:(-0.015, 1.000, 0.000) separation=0.2219979;Ground_Mountain_0_4:(-0.015, 1.000, 0.000) separation=0.2220159;Ground_Mountain_0_4:(-0.015, 1.000, 0.000) separation=0.2219979;Ground_Mountain_0_4:(-0.015, 1.000, 0.000) separation=0.2219979;"
7.596,891.751,149.154,190.001,23.854,-23.852,-0.338,-0.006,0.077,0.000,0.000,4,9.753,0.000,1.000,"Ground_Mountain_0_4:(-0.015, 1.000, 0.000) separation=0.2224503;Ground_Mountain_0_4:(-0.015, 1.000, 0.000) separation=0.2224468;Ground_Mountain_0_4:(-0.015, 1.000, 0.000) separation=0.2224503;Ground_Mountain_0_4:(-0.015, 1.000, 0.000) separation=0.2224468;Ground_Mountain_0_4:(-0.015, 1.000, 0.000) separation=0.2224396;Ground_Mountain_0_4:(-0.015, 1.000, 0.000) separation=0.2224396;"
7.615,891.274,149.147,190.001,23.862,-23.859,-0.340,-0.006,0.073,0.000,0.000,4,9.737,0.000,1.000,"Ground_Mountain_0_4:(-0.015, 1.000, 0.000) separation=0.2228139;Ground_Mountain_0_4:(-0.015, 1.000, 0.000) separation=0.2228211;Ground_Mountain_0_4:(-0.015, 1.000, 0.000) separation=0.2228139;Ground_Mountain_0_4:(-0.015, 1.000, 0.000) separation=0.2228211;Ground_Mountain_0_4:(-0.015, 1.000, 0.000) separation=0.2228139;Ground_Mountain_0_4:(-0.015, 1.000, 0.000) separation=0.2228155;"
7.635,890.797,149.141,190.001,23.869,-23.866,-0.342,-0.006,0.069,0.000,0.000,4,9.726,0.000,1.000,"Ground_Mountain_0_4:(-0.015, 1.000, 0.000) separation=0.223172;Ground_Mountain_0_4:(-0.015, 1.000, 0.000) separation=0.2231864;Ground_Mountain_0_4:(-0.015, 1.000, 0.000) separation=0.223172;Ground_Mountain_0_4:(-0.015, 1.000, 0.000) separation=0.2231864;Ground_Mountain_0_4:(-0.015, 1.000, 0.000) separation=0.223172;Ground_Mountain_0_4:(-0.015, 1.000, 0.000) separation=0.223172;"
7.656,890.319,149.134,190.001,23.875,-23.872,-0.344,-0.006,0.066,0.000,0.000,4,9.718,0.000,1.000,"Ground_Mountain_0_4:(-0.015, 1.000, 0.000) separation=0.2235077;Ground_Mountain_0_4:(-0.015, 1.000, 0.000) separation=0.2235105;Ground_Mountain_0_4:(-0.015, 1.000, 0.000) separation=0.2235077;Ground_Mountain_0_4:(-0.015, 1.000, 0.000) separation=0.2235105;Ground_Mountain_0_4:(-0.015, 1.000, 0.000) separation=0.2235077;Ground_Mountain_0_4:(-0.015, 1.000, 0.000) separation=0.2235077;"
7.675,889.842,149.127,190.001,23.880,-23.878,-0.346,-0.006,0.063,0.000,0.001,4,9.715,0.000,1.000,"Ground_Mountain_0_4:(-0.015, 1.000, 0.000) separation=0.2237671;Ground_Mountain_0_4:(-0.015, 1.000, 0.000) separation=0.2237736;Ground_Mountain_0_4:(-0.015, 1.000, 0.000) separation=0.2237671;Ground_Mountain_0_4:(-0.015, 1.000, 0.000) separation=0.2237736;Ground_Mountain_0_4:(-0.015, 1.000, 0.000) separation=0.2237671;Ground_Mountain_0_4:(-0.015, 1.000, 0.000) separation=0.2237671;"
7.695,889.364,149.120,190.001,23.885,-23.883,-0.348,-0.006,0.060,0.000,0.000,4,9.714,0.000,1.000,"Ground_Mountain_0_4:(-0.015, 1.000, 0.000) separation=0.224034;Ground_Mountain_0_4:(-0.015, 1.000, 0.000) separation=0.2240418;Ground_Mountain_0_4:(-0.015, 1.000, 0.000) separation=0.224034;Ground_Mountain_0_4:(-0.015, 1.000, 0.000) separation=0.2240418;Ground_Mountain_0_4:(-0.015, 1.000, 0.000) separation=0.2240339;Ground_Mountain_0_4:(-0.015, 1.000, 0.000) separation=0.2240362;"
7.716,888.887,149.113,190.001,23.890,-23.887,-0.350,-0.006,0.057,0.000,0.000,4,9.715,0.000,1.000,"Ground_Mountain_0_4:(-0.015, 1.000, 0.000) separation=0.2242207;Ground_Mountain_0_4:(-0.015, 1.000, 0.000) separation=0.2242249;Ground_Mountain_0_4:(-0.015, 1.000, 0.000) separation=0.2242207;Ground_Mountain_0_4:(-0.015, 1.000, 0.000) separation=0.2242249;Ground_Mountain_0_4:(-0.015, 1.000, 0.000) separation=0.2242207;Ground_Mountain_0_4:(-0.015, 1.000, 0.000) separation=0.2242207;"
7.736,888.409,149.106,190.000,23.894,-23.891,-0.351,-0.006,0.055,0.000,0.000,4,9.719,0.000,1.000,"Ground_Mountain_0_4:(-0.015, 1.000, 0.000) separation=0.2244074;Ground_Mountain_0_4:(-0.015, 1.000, 0.000) separation=0.224408;Ground_Mountain_0_4:(-0.015, 1.000, 0.000) separation=0.2244074;Ground_Mountain_0_4:(-0.015, 1.000, 0.000) separation=0.224408;Ground_Mountain_0_4:(-0.015, 1.000, 0.000) separation=0.2244075;Ground_Mountain_0_4:(-0.015, 1.000, 0.000) separation=0.2244075;"
7.755,887.931,149.099,190.000,23.898,-23.895,-0.353,-0.006,0.053,0.000,0.000,4,9.725,0.000,1.000,"Ground_Mountain_0_4:(-0.015, 1.000, 0.000) separation=0.22453;Ground_Mountain_0_4:(-0.015, 1.000, 0.000) separation=0.2245358;Ground_Mountain_0_4:(-0.015, 1.000, 0.000) separation=0.22453;Ground_Mountain_0_4:(-0.015, 1.000, 0.000) separation=0.2245358;Ground_Mountain_0_4:(-0.015, 1.000, 0.000) separation=0.22453;Ground_Mountain_0_4:(-0.015, 1.000, 0.000) separation=0.22453;"
7.776,887.453,149.092,190.000,23.901,-23.898,-0.355,-0.006,0.051,0.000,0.000,4,9.732,0.000,1.000,"Ground_Mountain_0_4:(-0.015, 1.000, 0.000) separation=0.2246521;Ground_Mountain_0_4:(-0.015, 1.000, 0.000) separation=0.2246521;Ground_Mountain_0_4:(-0.015, 1.000, 0.000) separation=0.2246521;Ground_Mountain_0_4:(-0.015, 1.000, 0.000) separation=0.2246521;Ground_Mountain_0_4:(-0.015, 1.000, 0.000) separation=0.2246521;Ground_Mountain_0_4:(-0.015, 1.000, 0.000) separation=0.2246521;"
7.796,886.979,149.085,190.000,23.689,-23.686,-0.353,-0.006,0.049,0.000,0.000,4,9.739,0.000,1.000,"Ground_Mountain_0_4:(-0.015, 1.000, 0.000) separation=0.2247131;Ground_Mountain_0_4:(-0.015, 1.000, 0.000) separation=0.2247262;Ground_Mountain_0_4:(-0.015, 1.000, 0.000) separation=0.2247131;Ground_Mountain_0_4:(-0.015, 1.000, 0.000) separation=0.2247262;Ground_Mountain_0_4:(-0.015, 1.000, 0.000) separation=0.2247131;Ground_Mountain_0_4:(-0.015, 1.000, 0.000) separation=0.2247131;"
7.815,886.505,149.077,190.000,23.713,-23.710,-0.355,-0.006,0.155,0.000,0.000,4,9.748,0.000,1.000,"Ground_Mountain_0_4:(-0.015, 1.000, 0.000) separation=0.224773;Ground_Mountain_0_4:(-0.015, 1.000, 0.000) separation=0.2247894;Ground_Mountain_0_4:(-0.015, 1.000, 0.000) separation=0.2247729;Ground_Mountain_0_4:(-0.015, 1.000, 0.000) separation=0.2247894;Ground_Mountain_0_4:(-0.015, 1.000, 0.000) separation=0.224773;Ground_Mountain_0_4:(-0.015, 1.000, 0.000) separation=0.224773;"
7.836,886.030,149.070,190.000,23.735,-23.732,-0.356,-0.006,0.143,0.000,0.000,4,9.756,0.000,1.000,"Ground_Mountain_0_4:(-0.015, 1.000, 0.000) separation=0.2247613;Ground_Mountain_0_4:(-0.015, 1.000, 0.000) separation=0.2247848;Ground_Mountain_0_4:(-0.015, 1.000, 0.000) separation=0.2247668;Ground_Mountain_0_4:(-0.015, 1.000, 0.000) separation=0.2247792;Ground_Mountain_0_4:(-0.015, 1.000, 0.000) separation=0.2247613;Ground_Mountain_0_4:(-0.015, 1.000, 0.000) separation=0.2247613;"
7.856,885.555,149.063,190.000,23.754,-23.751,-0.357,-0.006,0.133,0.000,0.000,4,9.765,0.000,1.000,"Ground_Mountain_0_4:(-0.015, 1.000, 0.000) separation=0.2247497;Ground_Mountain_0_4:(-0.015, 1.000, 0.000) separation=0.2247763;Ground_Mountain_0_4:(-0.015, 1.000, 0.000) separation=0.2247497;Ground_Mountain_0_4:(-0.015, 1.000, 0.000) separation=0.2247763;Ground_Mountain_0_4:(-0.015, 1.000, 0.000) separation=0.2247497;Ground_Mountain_0_4:(-0.015, 1.000, 0.000) separation=0.2247534;"
7.875,885.080,149.056,190.000,23.772,-23.769,-0.358,-0.006,0.123,0.000,0.000,4,9.773,0.000,1.000,"Ground_Mountain_0_4:(-0.015, 1.000, 0.000) separation=0.2247437;Ground_Mountain_0_4:(-0.015, 1.000, 0.000) separation=0.224756;Ground_Mountain_0_4:(-0.015, 1.000, 0.000) separation=0.2247437;Ground_Mountain_0_4:(-0.015, 1.000, 0.000) separation=0.224756;Ground_Mountain_0_4:(-0.015, 1.000, 0.000) separation=0.2247437;Ground_Mountain_0_4:(-0.015, 1.000, 0.000) separation=0.2247437;"
7.896,884.604,149.049,189.999,23.787,-23.785,-0.359,-0.006,0.114,0.000,0.000,4,9.780,0.000,1.000,"Ground_Mountain_0_4:(-0.015, 1.000, 0.000) separation=0.2247284;Ground_Mountain_0_4:(-0.015, 1.000, 0.000) separation=0.2247443;Ground_Mountain_0_4:(-0.015, 1.000, 0.000) separation=0.2247284;Ground_Mountain_0_4:(-0.015, 1.000, 0.000) separation=0.2247443;Ground_Mountain_0_4:(-0.015, 1.000, 0.000) separation=0.2247284;Ground_Mountain_0_4:(-0.015, 1.000, 0.000) separation=0.2247284;"
7.916,884.128,149.042,189.999,23.802,-23.799,-0.360,-0.006,0.106,0.000,0.000,4,9.787,0.000,1.000,"Ground_Mountain_0_4:(-0.015, 1.000, 0.000) separation=0.2246995;Ground_Mountain_0_4:(-0.015, 1.000, 0.000) separation=0.2247174;Ground_Mountain_0_4:(-0.015, 1.000, 0.000) separation=0.2246995;Ground_Mountain_0_4:(-0.015, 1.000, 0.000) separation=0.2247174;Ground_Mountain_0_4:(-0.015, 1.000, 0.000) separation=0.2246995;Ground_Mountain_0_4:(-0.015, 1.000, 0.000) separation=0.2246995;"
7.935,883.652,149.034,189.999,23.814,-23.812,-0.360,-0.006,0.099,0.000,0.000,4,9.793,0.000,1.000,"Ground_Mountain_0_4:(-0.015, 1.000, 0.000) separation=0.2246574;Ground_Mountain_0_4:(-0.015, 1.000, 0.000) separation=0.2246753;Ground_Mountain_0_4:(-0.015, 1.000, 0.000) separation=0.2246574;Ground_Mountain_0_4:(-0.015, 1.000, 0.000) separation=0.2246753;Ground_Mountain_0_4:(-0.015, 1.000, 0.000) separation=0.2246574;Ground_Mountain_0_4:(-0.015, 1.000, 0.000) separation=0.2246574;"
7.956,883.175,149.027,189.999,23.826,-23.823,-0.360,-0.006,0.093,0.000,0.000,4,9.799,0.000,1.000,"Ground_Mountain_0_4:(-0.015, 1.000, 0.000) separation=0.2246;Ground_Mountain_0_4:(-0.015, 1.000, 0.000) separation=0.2246063;Ground_Mountain_0_4:(-0.015, 1.000, 0.000) separation=0.2246;Ground_Mountain_0_4:(-0.015, 1.000, 0.000) separation=0.2246063;Ground_Mountain_0_4:(-0.015, 1.000, 0.000) separation=0.2246;Ground_Mountain_0_4:(-0.015, 1.000, 0.000) separation=0.2246008;"
7.976,882.699,149.020,189.999,23.836,-23.834,-0.361,-0.006,0.087,0.000,0.000,4,9.804,0.000,1.000,"Ground_Mountain_0_4:(-0.015, 1.000, 0.000) separation=0.2245426;Ground_Mountain_0_4:(-0.015, 1.000, 0.000) separation=0.2245453;Ground_Mountain_0_4:(-0.015, 1.000, 0.000) separation=0.2245426;Ground_Mountain_0_4:(-0.015, 1.000, 0.000) separation=0.2245453;Ground_Mountain_0_4:(-0.015, 1.000, 0.000) separation=0.2245426;Ground_Mountain_0_4:(-0.015, 1.000, 0.000) separation=0.2245426;"
7.995,882.222,149.013,189.999,23.846,-23.843,-0.361,-0.006,0.082,0.000,0.000,4,9.809,0.000,1.000,"Ground_Mountain_0_4:(-0.015, 1.000, 0.000) separation=0.224469;Ground_Mountain_0_4:(-0.015, 1.000, 0.000) separation=0.224469;Ground_Mountain_0_4:(-0.015, 1.000, 0.000) separation=0.224469;Ground_Mountain_0_4:(-0.015, 1.000, 0.000) separation=0.224469;Ground_Mountain_0_4:(-0.015, 1.000, 0.000) separation=0.224469;Ground_Mountain_0_4:(-0.015, 1.000, 0.000) separation=0.224469;"
8.016,881.745,149.006,189.999,23.854,-23.851,-0.361,-0.006,0.077,0.000,0.000,4,9.814,0.000,1.000,"Ground_Mountain_0_4:(-0.015, 1.000, 0.000) separation=0.2244232;Ground_Mountain_0_4:(-0.015, 1.000, 0.000) separation=0.2244232;Ground_Mountain_0_4:(-0.015, 1.000, 0.000) separation=0.2244232;Ground_Mountain_0_4:(-0.015, 1.000, 0.000) separation=0.2244232;Ground_Mountain_0_4:(-0.015, 1.000, 0.000) separation=0.2244232;Ground_Mountain_0_4:(-0.015, 1.000, 0.000) separation=0.2244232;"
8.036,881.268,148.998,189.999,23.862,-23.859,-0.361,-0.006,0.073,0.000,0.000,4,9.817,0.000,1.000,"Ground_Mountain_0_4:(-0.015, 1.000, 0.000) separation=0.2243414;Ground_Mountain_0_4:(-0.015, 1.000, 0.000) separation=0.2243361;Ground_Mountain_0_4:(-0.015, 1.000, 0.000) separation=0.2243469;Ground_Mountain_0_4:(-0.015, 1.000, 0.000) separation=0.2243306;Ground_Mountain_0_4:(-0.015, 1.000, 0.000) separation=0.2243358;Ground_Mountain_0_4:(-0.015, 1.000, 0.000) separation=0.2243361;"
8.055,880.790,148.991,189.999,23.869,-23.866,-0.361,-0.005,0.069,0.000,0.000,4,9.819,0.000,1.000,"Ground_Mountain_0_4:(-0.015, 1.000, 0.000) separation=0.2242859;Ground_Mountain_0_4:(-0.015, 1.000, 0.000) separation=0.2242859;Ground_Mountain_0_4:(-0.015, 1.000, 0.000) separation=0.2242859;Ground_Mountain_0_4:(-0.015, 1.000, 0.000) separation=0.2242859;Ground_Mountain_0_4:(-0.015, 1.000, 0.000) separation=0.2242859;Ground_Mountain_0_4:(-0.015, 1.000, 0.000) separation=0.2242859;"
8.076,880.313,148.984,189.998,23.875,-23.872,-0.361,-0.005,0.066,0.000,0.000,4,9.822,0.000,1.000,"Ground_Mountain_0_4:(-0.015, 1.000, 0.000) separation=0.2242401;Ground_Mountain_0_4:(-0.015, 1.000, 0.000) separation=0.224243;Ground_Mountain_0_4:(-0.015, 1.000, 0.000) separation=0.2242401;Ground_Mountain_0_4:(-0.015, 1.000, 0.000) separation=0.224243;Ground_Mountain_0_4:(-0.015, 1.000, 0.000) separation=0.2242401;Ground_Mountain_0_4:(-0.015, 1.000, 0.000) separation=0.2242401;"
8.096,879.835,148.977,189.998,23.880,-23.878,-0.360,-0.005,0.063,0.000,0.000,4,9.823,0.000,1.000,"Ground_Mountain_0_4:(-0.015, 1.000, 0.000) separation=0.2241752;Ground_Mountain_0_4:(-0.015, 1.000, 0.000) separation=0.2241759;Ground_Mountain_0_4:(-0.015, 1.000, 0.000) separation=0.2241808;Ground_Mountain_0_4:(-0.015, 1.000, 0.000) separation=0.2241704;Ground_Mountain_0_4:(-0.015, 1.000, 0.000) separation=0.2241638;Ground_Mountain_0_4:(-0.015, 1.000, 0.000) separation=0.2241638;"
8.115,879.358,148.970,189.998,23.885,-23.883,-0.360,-0.005,0.060,0.000,0.000,4,9.824,0.000,1.000,"Ground_Mountain_0_4:(-0.015, 1.000, 0.000) separation=0.2241181;Ground_Mountain_0_4:(-0.015, 1.000, 0.000) separation=0.2241282;Ground_Mountain_0_4:(-0.015, 1.000, 0.000) separation=0.2241181;Ground_Mountain_0_4:(-0.015, 1.000, 0.000) separation=0.2241282;Ground_Mountain_0_4:(-0.015, 1.000, 0.000) separation=0.2241181;Ground_Mountain_0_4:(-0.015, 1.000, 0.000) separation=0.2241181;"
8.135,878.880,148.962,189.998,23.890,-23.887,-0.360,-0.005,0.057,0.000,0.000,4,9.824,0.000,1.000,"Ground_Mountain_0_4:(-0.015, 1.000, 0.000) separation=0.2240875;Ground_Mountain_0_4:(-0.015, 1.000, 0.000) separation=0.2240875;Ground_Mountain_0_4:(-0.015, 1.000, 0.000) separation=0.2240875;Ground_Mountain_0_4:(-0.015, 1.000, 0.000) separation=0.2240875;Ground_Mountain_0_4:(-0.015, 1.000, 0.000) separation=0.2240875;Ground_Mountain_0_4:(-0.015, 1.000, 0.000) separation=0.2240875;"
8.156,878.402,148.955,189.998,23.894,-23.891,-0.360,-0.004,0.055,0.000,0.000,4,9.824,0.000,1.000,"Ground_Mountain_0_4:(-0.015, 1.000, 0.000) separation=0.224051;Ground_Mountain_0_4:(-0.015, 1.000, 0.000) separation=0.2240723;Ground_Mountain_0_4:(-0.015, 1.000, 0.000) separation=0.2240565;Ground_Mountain_0_4:(-0.015, 1.000, 0.000) separation=0.2240668;Ground_Mountain_0_4:(-0.015, 1.000, 0.000) separation=0.2240514;Ground_Mountain_0_4:(-0.015, 1.000, 0.000) separation=0.2240565;"
8.175,877.924,148.948,189.998,23.898,-23.895,-0.359,-0.004,0.053,0.000,0.000,4,9.823,0.000,1.000,"Ground_Mountain_0_4:(-0.015, 1.000, 0.000) separation=0.2240449;Ground_Mountain_0_4:(-0.015, 1.000, 0.000) separation=0.2240626;Ground_Mountain_0_4:(-0.015, 1.000, 0.000) separation=0.2240505;Ground_Mountain_0_4:(-0.015, 1.000, 0.000) separation=0.224057;Ground_Mountain_0_4:(-0.015, 1.000, 0.000) separation=0.2240449;Ground_Mountain_0_4:(-0.015, 1.000, 0.000) separation=0.2240449;"
8.195,877.446,148.941,189.998,23.901,-23.898,-0.359,-0.004,0.051,0.000,0.000,4,9.822,0.000,1.000,"Ground_Mountain_0_4:(-0.015, 1.000, 0.000) separation=0.2240265;Ground_Mountain_0_4:(-0.015, 1.000, 0.000) separation=0.2240415;Ground_Mountain_0_4:(-0.015, 1.000, 0.000) separation=0.224032;Ground_Mountain_0_4:(-0.015, 1.000, 0.000) separation=0.224036;Ground_Mountain_0_4:(-0.015, 1.000, 0.000) separation=0.2240265;Ground_Mountain_0_4:(-0.015, 1.000, 0.000) separation=0.2240265;"
8.216,876.973,148.934,189.998,23.689,-23.686,-0.356,-0.003,0.049,0.000,0.000,4,9.821,0.000,1.000,"Ground_Mountain_0_4:(-0.015, 1.000, 0.000) separation=0.2240009;Ground_Mountain_0_4:(-0.015, 1.000, 0.000) separation=0.2240112;Ground_Mountain_0_4:(-0.015, 1.000, 0.000) separation=0.2240064;Ground_Mountain_0_4:(-0.015, 1.000, 0.000) separation=0.2240057;Ground_Mountain_0_4:(-0.015, 1.000, 0.000) separation=0.2240057;Ground_Mountain_0_4:(-0.015, 1.000, 0.000) separation=0.2240057;"
8.236,876.498,148.927,189.998,23.713,-23.710,-0.356,-0.003,0.155,0.000,0.000,4,9.819,0.000,1.000,"Ground_Mountain_0_4:(-0.015, 1.000, 0.000) separation=0.2240101;Ground_Mountain_0_4:(-0.015, 1.000, 0.000) separation=0.2240265;Ground_Mountain_0_4:(-0.015, 1.000, 0.000) separation=0.2240101;Ground_Mountain_0_4:(-0.015, 1.000, 0.000) separation=0.2240265;Ground_Mountain_0_4:(-0.015, 1.000, 0.000) separation=0.2240101;Ground_Mountain_0_4:(-0.015, 1.000, 0.000) separation=0.2240101;"
8.255,876.024,148.919,189.998,23.735,-23.732,-0.356,-0.003,0.143,0.000,0.000,4,9.819,0.000,1.000,"Ground_Mountain_0_4:(-0.015, 1.000, 0.000) separation=0.223996;Ground_Mountain_0_4:(-0.015, 1.000, 0.000) separation=0.2240066;Ground_Mountain_0_4:(-0.015, 1.000, 0.000) separation=0.2240015;Ground_Mountain_0_4:(-0.015, 1.000, 0.000) separation=0.2240011;Ground_Mountain_0_4:(-0.015, 1.000, 0.000) separation=0.2239959;Ground_Mountain_0_4:(-0.015, 1.000, 0.000) separation=0.223996;"
8.276,875.549,148.912,189.998,23.754,-23.751,-0.356,-0.002,0.133,0.000,0.000,4,9.817,0.000,1.000,"Ground_Mountain_0_4:(-0.015, 1.000, 0.000) separation=0.2239655;Ground_Mountain_0_4:(-0.015, 1.000, 0.000) separation=0.2239742;Ground_Mountain_0_4:(-0.015, 1.000, 0.000) separation=0.2239655;Ground_Mountain_0_4:(-0.015, 1.000, 0.000) separation=0.2239742;Ground_Mountain_0_4:(-0.015, 1.000, 0.000) separation=0.2239655;Ground_Mountain_0_4:(-0.015, 1.000, 0.000) separation=0.2239655;"
8.296,875.073,148.905,189.998,23.772,-23.769,-0.356,-0.002,0.123,0.000,0.000,4,9.816,0.000,1.000,"Ground_Mountain_0_4:(-0.015, 1.000, 0.000) separation=0.2239904;Ground_Mountain_0_4:(-0.015, 1.000, 0.000) separation=0.2240083;Ground_Mountain_0_4:(-0.015, 1.000, 0.000) separation=0.2239904;Ground_Mountain_0_4:(-0.015, 1.000, 0.000) separation=0.2240083;Ground_Mountain_0_4:(-0.015, 1.000, 0.000) separation=0.2239904;Ground_Mountain_0_4:(-0.015, 1.000, 0.000) separation=0.2239904;"
8.315,874.598,148.898,189.998,23.787,-23.785,-0.356,-0.002,0.114,0.000,0.000,4,9.815,0.000,1.000,"Ground_Mountain_0_4:(-0.015, 1.000, 0.000) separation=0.2239733;Ground_Mountain_0_4:(-0.015, 1.000, 0.000) separation=0.2239967;Ground_Mountain_0_4:(-0.015, 1.000, 0.000) separation=0.2239788;Ground_Mountain_0_4:(-0.015, 1.000, 0.000) separation=0.223996;Ground_Mountain_0_4:(-0.015, 1.000, 0.000) separation=0.2239752;Ground_Mountain_0_4:(-0.015, 1.000, 0.000) separation=0.2239788;"
8.336,874.122,148.891,189.998,23.802,-23.799,-0.357,-0.001,0.106,0.000,0.000,4,9.813,0.000,1.000,"Ground_Mountain_0_4:(-0.015, 1.000, 0.000) separation=0.2240129;Ground_Mountain_0_4:(-0.015, 1.000, 0.000) separation=0.2240309;Ground_Mountain_0_4:(-0.015, 1.000, 0.000) separation=0.2240129;Ground_Mountain_0_4:(-0.015, 1.000, 0.000) separation=0.2240309;Ground_Mountain_0_4:(-0.015, 1.000, 0.000) separation=0.2240129;Ground_Mountain_0_4:(-0.015, 1.000, 0.000) separation=0.2240129;"
8.356,873.645,148.884,189.998,23.814,-23.812,-0.357,-0.001,0.099,0.000,0.000,4,9.812,0.000,1.000,"Ground_Mountain_0_4:(-0.015, 1.000, 0.000) separation=0.2240165;Ground_Mountain_0_4:(-0.015, 1.000, 0.000) separation=0.22404;Ground_Mountain_0_4:(-0.015, 1.000, 0.000) separation=0.2240221;Ground_Mountain_0_4:(-0.015, 1.000, 0.000) separation=0.2240345;Ground_Mountain_0_4:(-0.015, 1.000, 0.000) separation=0.2240165;Ground_Mountain_0_4:(-0.015, 1.000, 0.000) separation=0.2240165;"
8.375,873.169,148.877,189.998,23.826,-23.823,-0.357,0.000,0.093,0.000,0.000,4,9.811,0.000,1.000,"Ground_Mountain_0_4:(-0.015, 1.000, 0.000) separation=0.223996;Ground_Mountain_0_4:(-0.015, 1.000, 0.000) separation=0.2240076;Ground_Mountain_0_4:(-0.015, 1.000, 0.000) separation=0.223996;Ground_Mountain_0_4:(-0.015, 1.000, 0.000) separation=0.2240076;Ground_Mountain_0_4:(-0.015, 1.000, 0.000) separation=0.223996;Ground_Mountain_0_4:(-0.015, 1.000, 0.000) separation=0.223996;"
8.396,872.692,148.870,189.998,23.836,-23.834,-0.357,0.000,0.087,0.000,0.000,4,9.811,0.000,1.000,"Ground_Mountain_0_4:(-0.015, 1.000, 0.000) separation=0.2240183;Ground_Mountain_0_4:(-0.015, 1.000, 0.000) separation=0.2240417;Ground_Mountain_0_4:(-0.015, 1.000, 0.000) separation=0.2240238;Ground_Mountain_0_4:(-0.015, 1.000, 0.000) separation=0.2240362;Ground_Mountain_0_4:(-0.015, 1.000, 0.000) separation=0.2240209;Ground_Mountain_0_4:(-0.015, 1.000, 0.000) separation=0.2240238;"
8.416,872.215,148.862,189.998,23.846,-23.843,-0.357,0.001,0.082,0.000,0.000,4,9.810,0.000,1.000,"Ground_Mountain_0_4:(-0.015, 1.000, 0.000) separation=0.2240219;Ground_Mountain_0_4:(-0.015, 1.000, 0.000) separation=0.2240454;Ground_Mountain_0_4:(-0.015, 1.000, 0.000) separation=0.2240275;Ground_Mountain_0_4:(-0.015, 1.000, 0.000) separation=0.2240399;Ground_Mountain_0_4:(-0.015, 1.000, 0.000) separation=0.2240264;Ground_Mountain_0_4:(-0.015, 1.000, 0.000) separation=0.2240264;"
8.435,871.738,148.855,189.998,23.854,-23.851,-0.357,0.001,0.077,0.000,0.000,4,9.809,0.000,1.000,"Ground_Mountain_0_4:(-0.015, 1.000, 0.000) separation=0.2240408;Ground_Mountain_0_4:(-0.015, 1.000, 0.000) separation=0.2240643;Ground_Mountain_0_4:(-0.015, 1.000, 0.000) separation=0.2240463;Ground_Mountain_0_4:(-0.015, 1.000, 0.000) separation=0.2240588;Ground_Mountain_0_4:(-0.015, 1.000, 0.000) separation=0.2240417;Ground_Mountain_0_4:(-0.015, 1.000, 0.000) separation=0.2240417;"
8.456,871.261,148.848,189.998,23.862,-23.859,-0.357,0.002,0.073,0.000,0.000,4,9.808,0.000,1.000,"Ground_Mountain_0_4:(-0.015, 1.000, 0.000) separation=0.2240347;Ground_Mountain_0_4:(-0.015, 1.000, 0.000) separation=0.2240527;Ground_Mountain_0_4:(-0.015, 1.000, 0.000) separation=0.2240347;Ground_Mountain_0_4:(-0.015, 1.000, 0.000) separation=0.2240527;Ground_Mountain_0_4:(-0.015, 1.000, 0.000) separation=0.2240348;Ground_Mountain_0_4:(-0.015, 1.000, 0.000) separation=0.2240362;"
8.476,870.784,148.841,189.998,23.869,-23.866,-0.358,0.003,0.069,0.000,0.000,4,9.807,0.000,1.000,"Ground_Mountain_0_4:(-0.015, 1.000, 0.000) separation=0.2240689;Ground_Mountain_0_4:(-0.015, 1.000, 0.000) separation=0.2240778;Ground_Mountain_0_4:(-0.015, 1.000, 0.000) separation=0.2240745;Ground_Mountain_0_4:(-0.015, 1.000, 0.000) separation=0.2240723;Ground_Mountain_0_4:(-0.015, 1.000, 0.000) separation=0.2240689;Ground_Mountain_0_4:(-0.015, 1.000, 0.000) separation=0.2240722;"
8.495,870.307,148.834,189.998,23.875,-23.872,-0.358,0.003,0.066,0.000,0.000,4,9.807,0.000,1.000,"Ground_Mountain_0_4:(-0.015, 1.000, 0.000) separation=0.2240668;Ground_Mountain_0_4:(-0.015, 1.000, 0.000) separation=0.2240752;Ground_Mountain_0_4:(-0.015, 1.000, 0.000) separation=0.2240723;Ground_Mountain_0_4:(-0.015, 1.000, 0.000) separation=0.2240697;Ground_Mountain_0_4:(-0.015, 1.000, 0.000) separation=0.2240667;Ground_Mountain_0_4:(-0.015, 1.000, 0.000) separation=0.2240667;"
8.516,869.829,148.827,189.998,23.880,-23.878,-0.358,0.004,0.063,0.000,0.000,4,9.807,0.000,1.000,"Ground_Mountain_0_4:(-0.015, 1.000, 0.000) separation=0.2240723;Ground_Mountain_0_4:(-0.015, 1.000, 0.000) separation=0.2240788;Ground_Mountain_0_4:(-0.015, 1.000, 0.000) separation=0.2240723;Ground_Mountain_0_4:(-0.015, 1.000, 0.000) separation=0.2240788;Ground_Mountain_0_4:(-0.015, 1.000, 0.000) separation=0.2240723;Ground_Mountain_0_4:(-0.015, 1.000, 0.000) separation=0.2240723;"
8.536,869.351,148.819,189.998,23.885,-23.883,-0.358,0.004,0.060,0.000,0.000,4,9.807,0.000,1.000,"Ground_Mountain_0_4:(-0.015, 1.000, 0.000) separation=0.2240723;Ground_Mountain_0_4:(-0.015, 1.000, 0.000) separation=0.2240927;Ground_Mountain_0_4:(-0.015, 1.000, 0.000) separation=0.2240723;Ground_Mountain_0_4:(-0.015, 1.000, 0.000) separation=0.2240927;Ground_Mountain_0_4:(-0.015, 1.000, 0.000) separation=0.2240723;Ground_Mountain_0_4:(-0.015, 1.000, 0.000) separation=0.2240723;"
8.555,868.874,148.812,189.998,23.890,-23.887,-0.358,0.005,0.057,0.000,-0.001,4,9.807,0.000,1.000,"Ground_Mountain_0_4:(-0.015, 1.000, 0.000) separation=0.2240835;Ground_Mountain_0_4:(-0.015, 1.000, 0.000) separation=0.2241014;Ground_Mountain_0_4:(-0.015, 1.000, 0.000) separation=0.2240835;Ground_Mountain_0_4:(-0.015, 1.000, 0.000) separation=0.2241014;Ground_Mountain_0_4:(-0.015, 1.000, 0.000) separation=0.2240835;Ground_Mountain_0_4:(-0.015, 1.000, 0.000) separation=0.2240835;"
8.576,868.396,148.805,189.998,23.894,-23.891,-0.358,0.005,0.055,0.000,-0.001,4,9.806,0.000,1.000,"Ground_Mountain_0_4:(-0.015, 1.000, 0.000) separation=0.2240875;Ground_Mountain_0_4:(-0.015, 1.000, 0.000) separation=0.2241106;Ground_Mountain_0_4:(-0.015, 1.000, 0.000) separation=0.2240931;Ground_Mountain_0_4:(-0.015, 1.000, 0.000) separation=0.224105;Ground_Mountain_0_4:(-0.015, 1.000, 0.000) separation=0.2240875;Ground_Mountain_0_4:(-0.015, 1.000, 0.000) separation=0.2240875;"
8.596,867.918,148.798,189.998,23.898,-23.895,-0.358,0.006,0.053,0.000,0.000,4,9.806,0.000,1.000,"Ground_Mountain_0_4:(-0.015, 1.000, 0.000) separation=0.224106;Ground_Mountain_0_4:(-0.015, 1.000, 0.000) separation=0.2241236;Ground_Mountain_0_4:(-0.015, 1.000, 0.000) separation=0.2241116;Ground_Mountain_0_4:(-0.015, 1.000, 0.000) separation=0.2241181;Ground_Mountain_0_4:(-0.015, 1.000, 0.000) separation=0.224106;Ground_Mountain_0_4:(-0.015, 1.000, 0.000) separation=0.224106;"
8.615,867.440,148.791,189.998,23.901,-23.898,-0.358,0.006,0.051,0.000,0.000,4,9.807,0.000,1.000,"Ground_Mountain_0_4:(-0.015, 1.000, 0.000) separation=0.2241041;Ground_Mountain_0_4:(-0.015, 1.000, 0.000) separation=0.2241181;Ground_Mountain_0_4:(-0.015, 1.000, 0.000) separation=0.2241097;Ground_Mountain_0_4:(-0.015, 1.000, 0.000) separation=0.2241125;Ground_Mountain_0_4:(-0.015, 1.000, 0.000) separation=0.2241096;Ground_Mountain_0_4:(-0.015, 1.000, 0.000) separation=0.2241125;"
8.635,866.966,148.784,189.998,23.689,-23.686,-0.355,0.006,0.049,0.000,0.000,4,9.807,0.000,1.000,"Ground_Mountain_0_4:(-0.015, 1.000, 0.000) separation=0.2241286;Ground_Mountain_0_4:(-0.015, 1.000, 0.000) separation=0.2241201;Ground_Mountain_0_4:(-0.015, 1.000, 0.000) separation=0.2241286;Ground_Mountain_0_4:(-0.015, 1.000, 0.000) separation=0.2241201;Ground_Mountain_0_4:(-0.015, 1.000, 0.000) separation=0.2241201;Ground_Mountain_0_4:(-0.015, 1.000, 0.000) separation=0.2241201;"
8.656,866.492,148.777,189.999,23.713,-23.710,-0.356,0.006,0.155,0.000,0.000,4,9.808,0.000,1.000,"Ground_Mountain_0_4:(-0.015, 1.000, 0.000) separation=0.2240723;Ground_Mountain_0_4:(-0.015, 1.000, 0.000) separation=0.2240891;Ground_Mountain_0_4:(-0.015, 1.000, 0.000) separation=0.2240723;Ground_Mountain_0_4:(-0.015, 1.000, 0.000) separation=0.2240891;Ground_Mountain_0_4:(-0.015, 1.000, 0.000) separation=0.2240722;Ground_Mountain_0_4:(-0.015, 1.000, 0.000) separation=0.2240722;"
8.675,866.017,148.769,189.999,23.735,-23.732,-0.356,0.006,0.143,0.000,0.000,4,9.808,0.000,1.000,"Ground_Mountain_0_4:(-0.015, 1.000, 0.000) separation=0.224115;Ground_Mountain_0_4:(-0.015, 1.000, 0.000) separation=0.2241333;Ground_Mountain_0_4:(-0.015, 1.000, 0.000) separation=0.2241205;Ground_Mountain_0_4:(-0.015, 1.000, 0.000) separation=0.2241278;Ground_Mountain_0_4:(-0.015, 1.000, 0.000) separation=0.224118;Ground_Mountain_0_4:(-0.015, 1.000, 0.000) separation=0.224118;"
8.695,865.542,148.762,189.999,23.754,-23.751,-0.356,0.006,0.133,0.000,-0.001,4,9.807,0.000,1.000,"Ground_Mountain_0_4:(-0.015, 1.000, 0.000) separation=0.2240936;Ground_Mountain_0_4:(-0.015, 1.000, 0.000) separation=0.2241116;Ground_Mountain_0_4:(-0.015, 1.000, 0.000) separation=0.2240936;Ground_Mountain_0_4:(-0.015, 1.000, 0.000) separation=0.2241116;Ground_Mountain_0_4:(-0.015, 1.000, 0.000) separation=0.2240936;Ground_Mountain_0_4:(-0.015, 1.000, 0.000) separation=0.2240973;"
8.716,865.067,148.755,189.999,23.772,-23.769,-0.356,0.006,0.123,0.000,0.000,4,9.808,0.000,1.000,"Ground_Mountain_0_4:(-0.015, 1.000, 0.000) separation=0.2241125;Ground_Mountain_0_4:(-0.015, 1.000, 0.000) separation=0.224136;Ground_Mountain_0_4:(-0.015, 1.000, 0.000) separation=0.2241181;Ground_Mountain_0_4:(-0.015, 1.000, 0.000) separation=0.2241305;Ground_Mountain_0_4:(-0.015, 1.000, 0.000) separation=0.2241125;Ground_Mountain_0_4:(-0.015, 1.000, 0.000) separation=0.2241181;"
8.736,864.591,148.748,189.999,23.787,-23.785,-0.357,0.006,0.114,0.000,0.000,4,9.808,0.000,1.000,"Ground_Mountain_0_4:(-0.109, 0.994, 0.000) separation=0.2251139;Ground_Mountain_0_4:(-0.109, 0.994, 0.000) separation=0.2325949;Ground_Mountain_0_4:(-0.109, 0.994, 0.000) separation=0.2251195;Ground_Mountain_0_4:(-0.109, 0.994, 0.000) separation=0.232554;Ground_Mountain_0_4:(-0.109, 0.994, 0.000) separation=0.2231267;Ground_Mountain_0_4:(-0.109, 0.994, 0.000) separation=0.2231267;Ground_Mountain_0_4:(-0.015, 1.000, 0.000) separation=0.2241009;Ground_Mountain_0_4:(-0.015, 1.000, 0.000) separation=0.2241236;Ground_Mountain_0_4:(-0.015, 1.000, 0.000) separation=0.2241064;Ground_Mountain_0_4:(-0.015, 1.000, 0.000) separation=0.224118;Ground_Mountain_0_4:(-0.015, 1.000, 0.000) separation=0.2241009;Ground_Mountain_0_4:(-0.015, 1.000, 0.000) separation=0.2241027;"
8.755,864.115,148.741,189.999,23.802,-23.799,-0.372,0.006,0.106,0.000,0.000,4,9.114,1.035,1.000,"Ground_Mountain_0_4:(-0.109, 0.994, 0.000) separation=0.2251083;Ground_Mountain_0_4:(-0.109, 0.994, 0.000) separation=0.2772965;Ground_Mountain_0_4:(-0.109, 0.994, 0.000) separation=0.2251139;Ground_Mountain_0_4:(-0.109, 0.994, 0.000) separation=0.2772557;Ground_Mountain_0_4:(-0.109, 0.994, 0.000) separation=0.2231266;Ground_Mountain_0_4:(-0.109, 0.994, 0.000) separation=0.2772616;Ground_Mountain_0_4:(-0.015, 1.000, 0.000) separation=0.224099;Ground_Mountain_0_4:(-0.015, 1.000, 0.000) separation=0.224118;Ground_Mountain_0_4:(-0.015, 1.000, 0.000) separation=0.2241045;Ground_Mountain_0_4:(-0.015, 1.000, 0.000) separation=0.2241125;Ground_Mountain_0_4:(-0.015, 1.000, 0.000) separation=0.2241027;Ground_Mountain_0_4:(-0.015, 1.000, 0.000) separation=0.2241028;"
8.776,863.638,148.732,189.999,23.815,-23.811,-0.416,0.006,0.099,0.000,0.000,4,7.670,0.829,1.000,"Ground_Mountain_0_4:(-0.109, 0.994, 0.000) separation=0.2247326;Ground_Mountain_0_4:(-0.109, 0.994, 0.000) separation=0.320987;Ground_Mountain_0_4:(-0.109, 0.994, 0.000) separation=0.2247326;Ground_Mountain_0_4:(-0.109, 0.994, 0.000) separation=0.320952;Ground_Mountain_0_4:(-0.109, 0.994, 0.000) separation=0.2227754;Ground_Mountain_0_4:(-0.109, 0.994, 0.000) separation=0.2930387;Ground_Mountain_0_4:(-0.015, 1.000, 0.000) separation=0.2245836;Ground_Mountain_0_4:(-0.015, 1.000, 0.000) separation=0.2237519;Ground_Mountain_0_4:(-0.015, 1.000, 0.000) separation=0.2245833;Ground_Mountain_0_4:(-0.015, 1.000, 0.000) separation=0.2237519;Ground_Mountain_0_4:(-0.015, 1.000, 0.000) separation=0.2237519;Ground_Mountain_0_4:(-0.015, 1.000, 0.000) separation=0.2242171;"
8.796,863.161,148.723,189.999,23.827,-23.822,-0.486,0.006,0.093,0.000,-0.001,4,6.334,0.507,1.000,"Ground_Mountain_0_4:(-0.116, 0.993, -0.008) separation=0.2243773;Ground_Mountain_0_4:(-0.116, 0.993, -0.008) separation=0.3717452;Ground_Mountain_0_4:(-0.116, 0.993, -0.008) separation=0.224383;Ground_Mountain_0_4:(-0.116, 0.993, -0.008) separation=0.3626355;Ground_Mountain_0_4:(-0.116, 0.993, -0.008) separation=0.2224895;Ground_Mountain_0_4:(-0.116, 0.993, -0.008) separation=0.2224895;Ground_Mountain_0_4:(-0.015, 1.000, 0.000) separation=0.2252685;Ground_Mountain_0_4:(-0.015, 1.000, 0.000) separation=0.2234375;Ground_Mountain_0_4:(-0.015, 1.000, 0.000) separation=0.2252732;Ground_Mountain_0_4:(-0.015, 1.000, 0.000) separation=0.223432;Ground_Mountain_0_4:(-0.015, 1.000, 0.000) separation=0.2234308;Ground_Mountain_0_4:(-0.015, 1.000, 0.000) separation=0.2250604;"
8.815,862.683,148.711,190.000,23.838,-23.831,-0.589,0.006,0.087,0.000,-0.001,3,4.769,1.128,1.000,"Ground_Mountain_0_4:(-0.116, 0.993, -0.008) separation=0.2251275;Ground_Mountain_0_4:(-0.116, 0.993, -0.008) separation=0.4319102;Ground_Mountain_0_4:(-0.116, 0.993, -0.008) separation=0.2251331;Ground_Mountain_0_4:(-0.116, 0.993, -0.008) separation=0.401642;Ground_Mountain_0_4:(-0.116, 0.993, -0.008) separation=0.2233507;Ground_Mountain_0_4:(-0.116, 0.993, -0.008) separation=0.2233507;Ground_Mountain_0_4:(-0.015, 1.000, 0.000) separation=0.225959;Ground_Mountain_0_4:(-0.015, 1.000, 0.000) separation=0.224243;Ground_Mountain_0_4:(-0.015, 1.000, 0.000) separation=0.2259627;Ground_Mountain_0_4:(-0.015, 1.000, 0.000) separation=0.2242374;Ground_Mountain_0_4:(-0.015, 1.000, 0.000) separation=0.2242375;Ground_Mountain_0_4:(-0.015, 1.000, 0.000) separation=0.2259632;"
8.836,862.205,148.696,190.000,23.850,-23.838,-0.732,0.006,0.081,0.000,0.000,2,2.715,0.485,1.000,"Ground_Mountain_0_4:(-0.143, 0.990, 0.000) separation=0.2381197;Ground_Mountain_0_4:(-0.143, 0.990, 0.000) separation=0.4794278;Ground_Mountain_0_4:(-0.143, 0.990, 0.000) separation=0.2380485;Ground_Mountain_0_4:(-0.143, 0.990, 0.000) separation=0.4794437;Ground_Mountain_0_4:(-0.143, 0.990, 0.000) separation=0.2380851;Ground_Mountain_0_4:(-0.143, 0.990, 0.000) separation=0.2380903;"
8.856,861.726,148.678,190.000,23.861,-23.844,-0.905,0.006,0.075,0.000,0.000,2,1.208,0.046,0.999,"Ground_Mountain_0_4:(-0.116, 0.993, -0.008) separation=0.2821417;Ground_Mountain_0_4:(-0.116, 0.993, -0.008) separation=0.4293985;Ground_Mountain_0_4:(-0.116, 0.993, -0.008) separation=0.2819824;Ground_Mountain_0_4:(-0.116, 0.993, -0.008) separation=0.3949317;Ground_Mountain_0_4:(-0.116, 0.993, -0.008) separation=0.2820612;Ground_Mountain_0_4:(-0.116, 0.993, -0.008) separation=0.2821258;"
8.875,861.248,148.656,190.000,23.873,-23.848,-1.103,0.006,0.069,0.000,0.000,2,0.000,0.552,0.999,"Ground_Mountain_0_4:(-0.116, 0.993, -0.008) separation=0.3231632;Ground_Mountain_0_4:(-0.116, 0.993, -0.008) separation=0.4268443;Ground_Mountain_0_4:(-0.116, 0.993, -0.008) separation=0.3229343;Ground_Mountain_0_4:(-0.116, 0.993, -0.008) separation=0.3925961;Ground_Mountain_0_4:(-0.116, 0.993, -0.008) separation=0.3230487;Ground_Mountain_0_4:(-0.116, 0.993, -0.008) separation=0.3390975;"
8.896,860.769,148.630,190.000,23.874,-23.839,-1.298,0.006,0.063,0.000,0.000,0,0.000,0.498,0.999,"Ground_Mountain_0_4:(-0.124, 0.992, -0.015) separation=0.3605216;Ground_Mountain_0_4:(-0.124, 0.992, -0.015) separation=0.4260569;Ground_Mountain_0_4:(-0.124, 0.992, -0.015) separation=0.3705989;Ground_Mountain_0_4:(-0.124, 0.992, -0.015) separation=0.3922971;Ground_Mountain_0_4:(-0.124, 0.992, -0.015) separation=0.3600427;Ground_Mountain_0_4:(-0.124, 0.992, -0.015) separation=0.360231;"
8.916,860.291,148.600,190.000,23.875,-23.829,-1.494,0.006,0.063,0.000,0.000,0,0.000,0.510,0.999,"Ground_Mountain_0_4:(-0.176, 0.984, -0.027) separation=0.4246811;Ground_Mountain_0_4:(-0.176, 0.984, -0.027) separation=0.3871968;Ground_Mountain_0_4:(-0.176, 0.984, -0.027) separation=0.4269438;Ground_Mountain_0_4:(-0.176, 0.984, -0.027) separation=0.39402;Ground_Mountain_0_4:(-0.176, 0.984, -0.027) separation=0.3982669;Ground_Mountain_0_4:(-0.048, 0.999, -0.001) separation=0.3965787;"
8.935,859.813,148.566,190.000,23.878,-23.820,-1.690,0.006,0.063,0.000,0.000,0,0.000,0.520,0.998,"Ground_Mountain_0_4:(-0.211, 0.978, 0.000) separation=0.4690458;Ground_Mountain_0_4:(-0.211, 0.978, 0.000) separation=0.469396;Ground_Mountain_0_4:(-0.211, 0.978, 0.000) separation=0.4696475;Ground_Mountain_0_4:(-0.054, 0.999, -0.001) separation=0.49353;Ground_Mountain_0_4:(-0.054, 0.999, -0.001) separation=0.474984;"
8.956,859.336,148.528,190.000,23.882,-23.810,-1.885,0.006,0.061,0.000,0.000,0,0.000,0.529,0.998,""
8.976,858.858,148.486,190.000,23.888,-23.801,-2.080,0.006,0.059,0.000,-0.001,0,0.000,0.537,0.998,""
8.995,858.381,148.441,190.000,23.894,-23.791,-2.276,0.006,0.056,0.000,0.000,0,0.000,0.544,0.997,""
9.016,857.904,148.391,190.000,23.902,-23.781,-2.471,0.006,0.053,0.000,0.000,0,0.000,0.550,0.997,""
9.036,857.427,148.338,190.000,23.911,-23.772,-2.666,0.006,0.049,0.000,0.000,0,0.000,0.555,0.997,""
9.055,856.951,148.281,190.000,23.921,-23.762,-2.861,0.006,0.044,0.000,0.000,0,0.000,0.559,0.996,""
9.076,856.475,148.219,190.000,23.932,-23.753,-3.056,0.006,0.039,0.000,-0.001,0,0.000,0.562,0.996,""
9.096,855.999,148.154,190.000,23.944,-23.743,-3.251,0.006,0.034,0.000,0.000,0,0.000,0.564,0.996,""
9.115,855.524,148.085,190.000,23.957,-23.734,-3.446,0.006,0.028,0.000,-0.001,0,0.000,0.565,0.995,""
9.135,855.048,148.012,190.001,23.970,-23.724,-3.641,0.006,0.022,0.000,-0.001,0,0.000,0.565,0.995,""
9.156,854.573,147.936,190.001,23.984,-23.715,-3.835,0.006,0.015,0.000,-0.001,0,0.000,0.564,0.995,""
9.175,854.098,147.855,190.001,23.999,-23.705,-4.030,0.006,0.008,0.000,0.000,0,0.000,0.563,0.994,""
9.195,853.624,147.770,190.001,24.014,-23.696,-4.224,0.006,0.000,0.000,0.000,0,0.000,0.560,0.994,"Ground_Mountain_0_4:(0.000, 0.960, -0.280) separation=0.2850149;Ground_Mountain_0_4:(-0.106, 0.994, -0.003) separation=0.4565173;Ground_Mountain_0_4:(-0.106, 0.994, -0.003) separation=0.4896702;Ground_Mountain_0_4:(0.000, 1.000, 0.000) separation=0.4926053;"
9.216,853.149,147.682,190.001,24.030,-23.687,-4.419,0.006,0.000,0.000,0.000,0,0.000,0.557,0.994,"Ground_Mountain_0_4:(0.000, 0.960, -0.280) separation=0.2012932;Ground_Mountain_0_4:(-0.108, 0.994, -0.003) separation=0.3697419;Ground_Mountain_0_4:(-0.108, 0.994, -0.003) separation=0.454967;Ground_Mountain_0_4:(0.000, 1.000, 0.000) separation=0.4578195;"
9.236,852.676,147.591,190.001,24.042,-23.687,-4.522,0.005,0.000,0.000,0.000,1,4.591,0.553,0.994,"Ground_Mountain_0_4:(0.000, 0.960, -0.280) separation=0.1141056;Ground_Mountain_0_4:(0.000, 0.960, -0.280) separation=0.1141056;Ground_Mountain_0_4:(0.000, 0.960, -0.280) separation=0.1141056;Ground_Mountain_0_4:(-0.110, 0.994, -0.003) separation=0.4185966;Ground_Mountain_0_4:(-0.110, 0.994, -0.003) separation=0.279406;Ground_Mountain_0_4:(0.000, 0.960, -0.280) separation=0.4676784;Ground_Mountain_0_4:(0.000, 0.960, -0.280) separation=0.2936186;Ground_Mountain_0_4:(0.000, 0.960, -0.280) separation=0.474274;Ground_Mountain_0_4:(0.000, 1.000, 0.000) separation=0.4935528;Ground_Mountain_0_4:(0.000, 1.000, 0.000) separation=0.5020873;Ground_Mountain_0_4:(0.000, 1.000, 0.000) separation=0.4213275;"
9.255,852.220,147.536,189.993,23.472,-23.327,-2.804,-0.424,0.000,0.000,0.000,1,6.041,0.467,0.997,"Ground_Mountain_0_4:(0.000, 0.960, -0.280) separation=0.02766657;Ground_Mountain_0_4:(0.000, 0.960, -0.280) separation=0.02766657;Ground_Mountain_0_4:(0.000, 0.960, -0.280) separation=0.02766657;Ground_Mountain_0_4:(-0.111, 0.994, -0.005) separation=0.188979;Ground_Mountain_0_4:(-0.111, 0.994, -0.005) separation=0.1909866;Ground_Mountain_0_4:(0.000, 1.000, 0.000) separation=0.4515913;Ground_Mountain_0_4:(0.000, 1.000, 0.000) separation=0.1899076;Ground_Mountain_0_4:(0.000, 1.000, 0.000) separation=0.4488741;Ground_Mountain_0_4:(0.000, 1.000, 0.000) separation=0.1911082;Ground_Mountain_0_4:(0.000, 1.000, 0.000) separation=0.2363753;Ground_Mountain_0_4:(0.000, 1.000, 0.000) separation=0.2426328;Ground_Mountain_0_4:(0.000, 0.960, -0.280) separation=0.2272218;Ground_Mountain_0_4:(0.000, 0.960, -0.280) separation=0.4290261;Ground_Mountain_0_4:(0.000, 0.960, -0.280) separation=0.4917551;Ground_Mountain_0_4:(0.000, 0.960, -0.280) separation=0.4663652;"
9.276,851.762,147.480,189.986,23.478,-23.383,-2.829,-0.394,0.264,0.000,0.032,2,8.526,10.252,0.999,"Ground_Mountain_0_4:(-0.048, 0.999, -0.001) separation=0.3465549;Ground_Mountain_0_4:(0.000, 0.960, -0.280) separation=0.02135789;Ground_Mountain_0_4:(-0.048, 0.999, -0.001) separation=0.3464589;Ground_Mountain_0_4:(-0.048, 0.999, -0.001) separation=0.1772239;Ground_Mountain_0_4:(0.000, 0.960, -0.280) separation=0.02135789;Ground_Mountain_0_4:(-0.048, 0.999, -0.001) separation=0.1940567;Ground_Mountain_0_4:(0.000, 0.960, -0.280) separation=0.2338281;Ground_Mountain_0_4:(0.000, 0.960, -0.280) separation=0.4399629;Ground_Mountain_0_4:(0.000, 0.960, -0.280) separation=0.4789705;Ground_Mountain_0_4:(0.000, 0.960, -0.280) separation=0.5333529;Ground_Mountain_0_4:(0.000, 0.960, -0.280) separation=0.3608801;"
9.296,851.302,147.443,189.988,23.308,-23.277,-1.874,-0.443,0.261,0.000,0.056,3,14.658,9.776,0.999,"Ground_Mountain_0_4:(-0.019, 1.000, 0.000) separation=0.2496047;Ground_Mountain_0_4:(0.000, 0.960, -0.280) separation=0.008960962;Ground_Mountain_0_4:(0.000, 0.960, -0.280) separation=0.008960962;Ground_Mountain_0_4:(-0.019, 1.000, 0.000) separation=0.159323;Ground_Mountain_0_4:(-0.019, 1.000, 0.000) separation=0.160255;Ground_Mountain_0_4:(0.000, 0.960, -0.280) separation=0.008960962;Ground_Mountain_0_4:(0.000, 0.960, -0.280) separation=0.2611489;Ground_Mountain_0_4:(0.000, 0.960, -0.280) separation=0.3688055;Ground_Mountain_0_4:(0.000, 0.960, -0.280) separation=0.4416076;Ground_Mountain_0_4:(0.000, 0.960, -0.280) separation=0.2053007;Ground_Mountain_0_4:(0.000, 0.960, -0.280) separation=0.3539961;Ground_Mountain_0_4:(0.000, 0.960, -0.280) separation=0.3702325;"
9.315,850.846,147.430,189.993,23.239,-23.246,-1.195,-0.471,0.346,0.000,0.066,3,18.032,15.749,0.996,"Ground_Mountain_0_4:(-0.009, 1.000, 0.020) separation=0.1582092;Ground_Mountain_0_4:(0.000, 0.960, -0.280) separation=-0.02494234;Ground_Mountain_0_4:(0.000, 0.960, -0.280) separation=-0.02494234;Ground_Mountain_0_4:(-0.009, 1.000, 0.020) separation=0.1205377;Ground_Mountain_0_4:(-0.009, 1.000, 0.020) separation=0.1395298;Ground_Mountain_0_4:(0.000, 0.960, -0.280) separation=-0.02494234;Ground_Mountain_0_4:(0.000, 0.960, -0.280) separation=0.1970892;Ground_Mountain_0_4:(0.000, 0.960, -0.280) separation=0.3880937;Ground_Mountain_0_4:(0.000, 0.960, -0.280) separation=0.4078178;Ground_Mountain_0_4:(0.000, 0.960, -0.280) separation=0.2022681;Ground_Mountain_0_4:(0.000, 0.960, -0.280) separation=0.1694232;Ground_Mountain_0_4:(0.000, 0.960, -0.280) separation=0.3701224;"
9.336,850.374,147.438,189.987,23.222,-23.212,-0.503,-0.520,0.381,0.000,0.074,2,19.199,15.833,0.991,"Ground_Mountain_0_4:(0.000, 1.000, 0.000) separation=0.07765809;Ground_Mountain_0_4:(0.000, 1.000, 0.000) separation=0.1597455;Ground_Mountain_0_4:(0.000, 1.000, 0.000) separation=0.1459422;Ground_Mountain_0_4:(0.000, 1.000, 0.000) separation=0.09781366;Ground_Mountain_0_4:(0.000, 1.000, 0.000) separation=0.08365744;Ground_Mountain_0_4:(0.000, 1.000, 0.000) separation=0.08365747;Ground_Mountain_0_4:(0.000, 0.960, -0.280) separation=0.1648993;Ground_Mountain_0_4:(0.000, 0.960, -0.280) separation=0.4456933;Ground_Mountain_0_4:(0.000, 0.960, -0.280) separation=0.4075463;Ground_Mountain_0_4:(0.000, 0.960, -0.280) separation=0.171123;Ground_Mountain_0_4:(0.000, 0.960, -0.280) separation=0.1351158;Ground_Mountain_0_4:(0.000, 0.960, -0.280) separation=0.1351158;Ground_Mountain_0_4:(0.000, 0.960, -0.280) separation=-0.0810504;Ground_Mountain_0_4:(0.000, 0.960, -0.280) separation=-0.0810504;Ground_Mountain_0_4:(0.000, 0.960, -0.280) separation=-0.0810504;"
9.356,849.933,147.501,189.966,23.215,-23.211,-0.053,-0.505,0.389,0.000,0.049,2,11.981,12.358,0.989,"Ground_Mountain_0_4:(0.000, 1.000, 0.000) separation=0.1128332;Ground_Mountain_0_4:(0.000, 1.000, 0.000) separation=0.117191;Ground_Mountain_0_4:(0.000, 1.000, 0.000) separation=0.2017232;Ground_Mountain_0_4:(0.000, 1.000, 0.000) separation=0.03391528;Ground_Mountain_0_4:(0.000, 1.000, 0.000) separation=0.03892812;Ground_Mountain_0_4:(0.000, 1.000, 0.000) separation=0.06082636;Ground_Mountain_0_4:(0.000, 0.960, -0.280) separation=-0.1033175;Ground_Mountain_0_4:(0.000, 0.960, -0.280) separation=-0.1033175;Ground_Mountain_0_4:(0.000, 0.960, -0.280) separation=-0.1033175;Ground_Mountain_0_4:(0.000, 0.960, -0.280) separation=-0.1033175;Ground_Mountain_0_4:(0.000, 0.960, -0.280) separation=0.1322997;Ground_Mountain_0_4:(0.000, 0.960, -0.280) separation=0.4518418;Ground_Mountain_0_4:(0.000, 0.960, -0.280) separation=0.4689258;Ground_Mountain_0_4:(0.000, 0.960, -0.280) separation=0.4942532;Ground_Mountain_0_4:(0.000, 0.960, -0.280) separation=0.2183;"
9.375,849.472,147.522,189.954,23.283,-23.279,-0.037,-0.520,0.392,0.000,0.082,2,10.731,9.991,0.987,"Ground_Mountain_0_4:(0.000, 1.000, 0.000) separation=0.1175925;Ground_Mountain_0_4:(0.000, 1.000, 0.000) separation=0.2172849;Ground_Mountain_0_4:(0.000, 1.000, 0.000) separation=0.2177296;Ground_Mountain_0_4:(0.000, 1.000, 0.000) separation=0.1276935;Ground_Mountain_0_4:(0.000, 1.000, 0.000) separation=0.1222626;Ground_Mountain_0_4:(0.000, 1.000, 0.000) separation=0.1249522;Ground_Mountain_0_4:(0.000, 0.960, -0.280) separation=0.1955675;Ground_Mountain_0_4:(0.000, 0.960, -0.280) separation=0.2370082;Ground_Mountain_0_4:(0.000, 0.960, -0.280) separation=-0.03157187;Ground_Mountain_0_4:(0.000, 0.960, -0.280) separation=-0.03157187;"
9.396,849.005,147.528,189.945,23.345,-23.339,-0.045,-0.524,0.358,0.000,0.078,2,9.514,8.305,0.986,"Ground_Mountain_0_4:(0.000, 1.000, 0.000) separation=0.1284967;Ground_Mountain_0_4:(0.000, 1.000, 0.000) separation=0.2365162;Ground_Mountain_0_4:(0.000, 1.000, 0.000) separation=0.235353;Ground_Mountain_0_4:(0.000, 1.000, 0.000) separation=0.140549;Ground_Mountain_0_4:(0.000, 1.000, 0.000) separation=0.1317065;Ground_Mountain_0_4:(0.000, 1.000, 0.000) separation=0.1349013;Ground_Mountain_0_4:(0.000, 0.960, -0.280) separation=0.4105713;Ground_Mountain_0_4:(0.000, 0.960, -0.280) separation=0.2100186;Ground_Mountain_0_4:(0.000, 0.960, -0.280) separation=0.2586029;Ground_Mountain_0_4:(0.000, 0.960, -0.280) separation=-0.01601708;Ground_Mountain_0_4:(0.000, 0.960, -0.280) separation=-0.01601708;"
9.416,848.539,147.527,189.936,23.400,-23.395,-0.076,-0.506,0.327,0.000,0.068,2,8.395,6.789,0.985,"Ground_Mountain_0_4:(0.000, 1.000, 0.000) separation=0.1350781;Ground_Mountain_0_4:(0.000, 1.000, 0.000) separation=0.2347776;Ground_Mountain_0_4:(0.000, 1.000, 0.000) separation=0.2450004;Ground_Mountain_0_4:(0.000, 1.000, 0.000) separation=0.1346313;Ground_Mountain_0_4:(0.000, 1.000, 0.000) separation=0.1346652;Ground_Mountain_0_4:(0.000, 1.000, 0.000) separation=0.1349289;Ground_Mountain_0_4:(0.000, 0.960, -0.280) separation=0.216407;Ground_Mountain_0_4:(0.000, 0.960, -0.280) separation=0.3631704;Ground_Mountain_0_4:(0.000, 0.960, -0.280) separation=0.2686261;Ground_Mountain_0_4:(0.000, 0.960, -0.280) separation=0.2086966;Ground_Mountain_0_4:(0.000, 0.960, -0.280) separation=0.2164064;Ground_Mountain_0_4:(0.000, 0.960, -0.280) separation=0.3631727;Ground_Mountain_0_4:(0.000, 0.960, -0.280) separation=-0.005108356;Ground_Mountain_0_4:(0.000, 0.960, -0.280) separation=-0.005108356;"
9.435,848.072,147.529,189.925,23.448,-23.445,-0.103,-0.472,0.300,0.000,0.058,2,8.412,5.487,0.984,"Ground_Mountain_0_4:(0.000, 1.000, 0.000) separation=0.126857;Ground_Mountain_0_4:(0.000, 1.000, 0.000) separation=0.2361855;Ground_Mountain_0_4:(0.000, 1.000, 0.000) separation=0.237533;Ground_Mountain_0_4:(0.000, 1.000, 0.000) separation=0.1338935;Ground_Mountain_0_4:(0.000, 1.000, 0.000) separation=0.1278102;Ground_Mountain_0_4:(0.000, 1.000, 0.000) separation=0.1319445;Ground_Mountain_0_4:(0.000, 0.960, -0.280) separation=0.2088462;Ground_Mountain_0_4:(0.000, 0.960, -0.280) separation=0.2608868;Ground_Mountain_0_4:(0.000, 0.960, -0.280) separation=-0.008614302;Ground_Mountain_0_4:(0.000, 0.960, -0.280) separation=-0.008614302;"
9.456,847.604,147.533,189.914,23.490,-23.488,-0.128,-0.430,0.276,0.000,0.052,2,8.405,4.265,0.985,"Ground_Mountain_0_4:(0.000, 1.000, 0.000) separation=0.1227199;Ground_Mountain_0_4:(0.000, 1.000, 0.000) separation=0.2417825;Ground_Mountain_0_4:(0.000, 1.000, 0.000) separation=0.2315373;Ground_Mountain_0_4:(0.000, 1.000, 0.000) separation=0.1401457;Ground_Mountain_0_4:(0.000, 1.000, 0.000) separation=0.1318558;Ground_Mountain_0_4:(0.000, 1.000, 0.000) separation=0.1361563;Ground_Mountain_0_4:(0.000, 0.960, -0.280) separation=0.2089994;Ground_Mountain_0_4:(0.000, 0.960, -0.280) separation=0.2656653;Ground_Mountain_0_4:(0.000, 0.960, -0.280) separation=-0.008363724;Ground_Mountain_0_4:(0.000, 0.960, -0.280) separation=-0.008363724;"
9.476,847.134,147.530,189.905,23.529,-23.529,-0.167,-0.377,0.255,0.000,0.043,2,7.972,3.073,0.986,"Ground_Mountain_0_4:(0.000, 1.000, 0.000) separation=0.1280639;Ground_Mountain_0_4:(0.000, 1.000, 0.000) separation=0.2459204;Ground_Mountain_0_4:(0.000, 1.000, 0.000) separation=0.2321596;Ground_Mountain_0_4:(0.000, 1.000, 0.000) separation=0.1473074;Ground_Mountain_0_4:(0.000, 1.000, 0.000) separation=0.1343439;Ground_Mountain_0_4:(0.000, 1.000, 0.000) separation=0.1390795;Ground_Mountain_0_4:(0.000, 0.960, -0.280) separation=0.2092637;Ground_Mountain_0_4:(0.000, 0.960, -0.280) separation=0.4919661;Ground_Mountain_0_4:(0.000, 0.960, -0.280) separation=0.2699115;Ground_Mountain_0_4:(0.000, 0.960, -0.280) separation=0.0008845329;Ground_Mountain_0_4:(0.000, 0.960, -0.280) separation=0.0008845329;"
9.495,846.663,147.526,189.896,23.563,-23.565,-0.208,-0.313,0.236,0.000,0.032,2,7.860,2.021,0.987,"Ground_Mountain_0_4:(0.000, 1.000, 0.000) separation=0.1279806;Ground_Mountain_0_4:(0.000, 1.000, 0.000) separation=0.2438926;Ground_Mountain_0_4:(0.000, 1.000, 0.000) separation=0.226527;Ground_Mountain_0_4:(0.000, 1.000, 0.000) separation=0.1487417;Ground_Mountain_0_4:(0.000, 1.000, 0.000) separation=0.1306268;Ground_Mountain_0_4:(0.000, 1.000, 0.000) separation=0.1306268;Ground_Mountain_0_4:(0.000, 0.960, -0.280) separation=0.2161248;Ground_Mountain_0_4:(0.000, 0.960, -0.280) separation=0.2030112;Ground_Mountain_0_4:(0.000, 0.960, -0.280) separation=0.2030111;Ground_Mountain_0_4:(0.000, 0.960, -0.280) separation=0.4044023;Ground_Mountain_0_4:(0.000, 0.960, -0.280) separation=0.2161247;Ground_Mountain_0_4:(0.000, 0.960, -0.280) separation=0.2672126;Ground_Mountain_0_4:(0.000, 0.960, -0.280) separation=0.004399121;Ground_Mountain_0_4:(0.000, 0.960, -0.280) separation=0.004399121;Ground_Mountain_0_4:(0.000, 0.960, -0.280) separation=0.004399121;"
9.516,846.191,147.522,189.888,23.594,-23.597,-0.251,-0.241,0.218,0.000,0.021,2,7.744,1.059,0.989,"Ground_Mountain_0_4:(0.000, 1.000, 0.000) separation=0.1292757;Ground_Mountain_0_4:(0.000, 1.000, 0.000) separation=0.2412457;Ground_Mountain_0_4:(0.000, 1.000, 0.000) separation=0.2211992;Ground_Mountain_0_4:(0.000, 1.000, 0.000) separation=0.1508925;Ground_Mountain_0_4:(0.000, 1.000, 0.000) separation=0.1329835;Ground_Mountain_0_4:(0.000, 1.000, 0.000) separation=0.1461232;Ground_Mountain_0_4:(0.000, 0.960, -0.280) separation=0.2112881;Ground_Mountain_0_4:(0.000, 0.960, -0.280) separation=0.2636274;Ground_Mountain_0_4:(0.000, 0.960, -0.280) separation=0.00876379;Ground_Mountain_0_4:(0.000, 0.960, -0.280) separation=0.00876379;"
9.536,845.719,147.516,189.882,23.622,-23.626,-0.296,-0.167,0.203,0.000,0.012,2,7.637,0.276,0.991,"Ground_Mountain_0_4:(0.000, 1.000, 0.000) separation=0.1316246;Ground_Mountain_0_4:(0.000, 1.000, 0.000) separation=0.2379926;Ground_Mountain_0_4:(0.000, 1.000, 0.000) separation=0.2161763;Ground_Mountain_0_4:(0.000, 1.000, 0.000) separation=0.1535549;Ground_Mountain_0_4:(0.000, 1.000, 0.000) separation=0.144335;Ground_Mountain_0_4:(0.000, 1.000, 0.000) separation=0.149605;Ground_Mountain_0_4:(0.000, 0.960, -0.280) separation=0.2054693;Ground_Mountain_0_4:(0.000, 0.960, -0.280) separation=0.2592219;Ground_Mountain_0_4:(0.000, 0.960, -0.280) separation=0.01353157;Ground_Mountain_0_4:(0.000, 0.960, -0.280) separation=0.01353157;"
9.555,845.246,147.510,189.876,23.648,-23.652,-0.343,-0.095,0.189,0.000,0.004,2,7.550,0.726,0.992,"Ground_Mountain_0_4:(0.000, 1.000, 0.000) separation=0.1345523;Ground_Mountain_0_4:(0.000, 1.000, 0.000) separation=0.2339628;Ground_Mountain_0_4:(0.000, 1.000, 0.000) separation=0.2112041;Ground_Mountain_0_4:(0.000, 1.000, 0.000) separation=0.1563799;Ground_Mountain_0_4:(0.000, 1.000, 0.000) separation=0.1428356;Ground_Mountain_0_4:(0.000, 1.000, 0.000) separation=0.1480701;Ground_Mountain_0_4:(0.000, 0.960, -0.280) separation=0.1988474;Ground_Mountain_0_4:(0.000, 0.960, -0.280) separation=0.5052231;Ground_Mountain_0_4:(0.000, 0.960, -0.280) separation=0.253861;Ground_Mountain_0_4:(0.000, 0.960, -0.280) separation=0.01826644;Ground_Mountain_0_4:(0.000, 0.960, -0.280) separation=0.01826644;"
9.576,844.772,147.503,189.871,23.671,-23.676,-0.390,-0.027,0.176,0.000,-0.002,2,7.492,1.451,0.994,"Ground_Mountain_0_4:(0.000, 1.000, 0.000) separation=0.1378419;Ground_Mountain_0_4:(0.000, 1.000, 0.000) separation=0.2291752;Ground_Mountain_0_4:(0.000, 1.000, 0.000) separation=0.2062149;Ground_Mountain_0_4:(0.000, 1.000, 0.000) separation=0.159224;Ground_Mountain_0_4:(0.000, 1.000, 0.000) separation=0.1416739;Ground_Mountain_0_4:(0.000, 1.000, 0.000) separation=0.1467769;Ground_Mountain_0_4:(0.000, 0.960, -0.280) separation=0.1917275;Ground_Mountain_0_4:(0.000, 0.960, -0.280) separation=0.4094089;Ground_Mountain_0_4:(0.000, 0.960, -0.280) separation=0.278154;Ground_Mountain_0_4:(0.000, 0.960, -0.280) separation=0.2476127;Ground_Mountain_0_4:(0.000, 0.960, -0.280) separation=0.02273631;Ground_Mountain_0_4:(0.000, 0.960, -0.280) separation=0.02273631;Ground_Mountain_0_4:(0.000, 0.960, -0.280) separation=0.02273631;"
9.596,844.307,147.508,189.860,23.491,-23.492,0.252,-0.298,0.165,0.000,-0.006,2,7.530,2.245,0.996,"Ground_Mountain_0_4:(0.035, 0.999, 0.000) separation=0.1411611;Ground_Mountain_0_4:(0.035, 0.999, 0.000) separation=0.1942514;Ground_Mountain_0_4:(0.035, 0.999, 0.000) separation=0.2009493;Ground_Mountain_0_4:(0.035, 0.999, 0.000) separation=0.1330069;Ground_Mountain_0_4:(0.035, 0.999, 0.000) separation=0.1456179;Ground_Mountain_0_4:(0.035, 0.999, 0.000) separation=0.1500311;Ground_Mountain_0_4:(0.068, 0.958, -0.279) separation=0.01431745;Ground_Mountain_0_4:(0.068, 0.958, -0.279) separation=0.01431745;Ground_Mountain_0_4:(0.000, 0.960, -0.280) separation=0.02667212;Ground_Mountain_0_4:(0.000, 0.960, -0.280) separation=0.2018254;"
9.615,843.841,147.517,189.849,23.462,-23.462,0.404,-0.333,0.255,0.000,0.011,2,6.174,5.541,0.997,"Ground_Mountain_0_4:(0.024, 1.000, 0.000) separation=0.140724;Ground_Mountain_0_4:(0.024, 1.000, 0.000) separation=0.1857027;Ground_Mountain_0_4:(0.024, 1.000, 0.000) separation=0.190752;Ground_Mountain_0_4:(0.024, 1.000, 0.000) separation=0.1355269;Ground_Mountain_0_4:(0.024, 1.000, 0.000) separation=0.1414611;Ground_Mountain_0_4:(0.024, 1.000, 0.000) separation=0.1434378;Ground_Mountain_0_4:(0.068, 0.958, -0.279) separation=0.02049118;Ground_Mountain_0_4:(0.068, 0.958, -0.279) separation=0.02049118;Ground_Mountain_0_4:(0.068, 0.958, -0.279) separation=0.02049118;Ground_Mountain_0_4:(0.000, 0.960, -0.280) separation=0.02586913;Ground_Mountain_0_4:(0.000, 0.960, -0.280) separation=0.02586913;Ground_Mountain_0_4:(0.000, 0.960, -0.280) separation=0.2102957;Ground_Mountain_0_4:(0.000, 0.960, -0.280) separation=0.5253243;"
9.635,843.374,147.524,189.838,23.491,-23.501,0.343,-0.279,0.269,0.000,0.030,2,6.696,5.733,0.997,"Ground_Mountain_0_4:(0.048, 0.999, 0.024) separation=0.1457549;Ground_Mountain_0_4:(0.068, 0.958, -0.279) separation=0.02847821;Ground_Mountain_0_4:(0.000, 0.960, -0.280) separation=0.03034645;Ground_Mountain_0_4:(0.048, 0.999, 0.024) separation=0.1395074;Ground_Mountain_0_4:(0.048, 0.999, 0.024) separation=0.1660101;Ground_Mountain_0_4:(0.048, 0.999, 0.024) separation=0.1660102;Ground_Mountain_0_4:(0.000, 0.960, -0.280) separation=0.2089049;Ground_Mountain_0_4:(0.000, 0.960, -0.280) separation=0.4976153;Ground_Mountain_0_4:(0.113, 0.965, -0.237) separation=0.4784598;Ground_Mountain_0_4:(0.113, 0.965, -0.237) separation=0.4208883;Ground_Mountain_0_4:(0.113, 0.965, -0.237) separation=0.4915209;"
9.656,842.906,147.530,189.828,23.513,-23.534,0.306,-0.264,0.255,0.000,0.043,2,7.938,5.680,0.998,"Ground_Mountain_0_4:(0.048, 0.998, 0.027) separation=0.1525402;Ground_Mountain_0_4:(0.068, 0.958, -0.279) separation=0.03167921;Ground_Mountain_0_4:(0.000, 0.960, -0.280) separation=0.03691244;Ground_Mountain_0_4:(0.048, 0.998, 0.027) separation=0.139454;Ground_Mountain_0_4:(0.048, 0.998, 0.027) separation=0.1667911;Ground_Mountain_0_4:(0.068, 0.958, -0.279) separation=0.03167921;Ground_Mountain_0_4:(0.000, 0.960, -0.280) separation=0.4687808;Ground_Mountain_0_4:(0.000, 0.960, -0.280) separation=0.1958425;Ground_Mountain_0_4:(0.000, 0.960, -0.280) separation=0.4963594;Ground_Mountain_0_4:(0.000, 0.960, -0.280) separation=0.3898128;Ground_Mountain_0_4:(0.113, 0.965, -0.237) separation=0.4356172;Ground_Mountain_0_4:(0.113, 0.965, -0.237) separation=0.2336825;Ground_Mountain_0_4:(0.113, 0.965, -0.237) separation=0.4759559;"
