t,station,x,y,z,speed,vx,vy,vz,throttle,brake,steering,grounded,suspension,alignment,up,contacts
0.020,278.116,941.473,124.794,-76.537,31.712,-31.598,0.062,-2.701,0.000,0.000,0.000,2,9.868,4.779,1.000,"Ground_Mountain_1_1:(-0.220, 0.975, -0.019);Ground_Mountain_1_1:(-0.220, 0.975, -0.019);Ground_Mountain_1_1:(-0.220, 0.975, -0.019);Ground_Mountain_1_1:(-0.220, 0.975, -0.019);Ground_Mountain_1_1:(-0.220, 0.975, -0.019);Ground_Mountain_1_1:(-0.220, 0.975, -0.019);"
0.040,277.504,940.839,124.793,-76.591,31.720,-31.607,-0.072,-2.701,0.144,0.000,0.000,2,3.358,3.125,1.000,"Ground_Mountain_1_1:(-0.220, 0.975, -0.019);Ground_Mountain_1_1:(-0.220, 0.975, -0.019);Ground_Mountain_1_1:(-0.220, 0.975, -0.019);Ground_Mountain_1_1:(-0.220, 0.975, -0.019);Ground_Mountain_1_1:(-0.220, 0.975, -0.019);Ground_Mountain_1_1:(-0.220, 0.975, -0.019);"
0.060,276.884,940.204,124.787,-76.646,31.729,-31.615,-0.273,-2.702,0.140,0.000,0.000,2,0.000,2.498,1.000,"Ground_Mountain_1_1:(-0.222, 0.975, -0.019);Ground_Mountain_1_1:(-0.222, 0.975, -0.019);Ground_Mountain_1_1:(-0.222, 0.975, -0.019);Ground_Mountain_1_1:(-0.222, 0.975, -0.019);Ground_Mountain_1_1:(-0.222, 0.975, -0.019);Ground_Mountain_1_1:(-0.222, 0.975, -0.019);"
0.080,276.263,939.570,124.778,-76.700,31.717,-31.602,-0.469,-2.701,0.136,0.000,0.000,0,0.000,0.539,1.000,"Ground_Mountain_1_1:(-0.227, 0.974, -0.019);Ground_Mountain_1_1:(-0.227, 0.974, -0.019);Ground_Mountain_1_1:(-0.227, 0.974, -0.019);Ground_Mountain_1_1:(-0.227, 0.974, -0.019);"
0.100,275.641,938.936,124.764,-76.754,31.707,-31.589,-0.664,-2.700,0.141,0.000,0.000,0,0.000,0.558,0.999,"Ground_Mountain_1_1:(-0.227, 0.974, -0.019);Ground_Mountain_1_1:(-0.227, 0.974, -0.019);Ground_Mountain_1_1:(-0.227, 0.974, -0.019);Ground_Mountain_1_1:(-0.227, 0.974, -0.019);"
0.120,275.031,938.302,124.747,-76.808,31.699,-31.577,-0.860,-2.699,0.146,0.000,-0.001,0,0.000,0.576,0.999,""
0.140,274.410,937.669,124.726,-76.862,31.691,-31.564,-1.056,-2.698,0.151,0.000,-0.001,0,0.000,0.592,0.999,""
0.160,273.787,937.036,124.701,-76.917,31.685,-31.552,-1.252,-2.697,0.154,0.000,-0.001,0,0.000,0.607,0.998,""
0.180,273.165,936.403,124.672,-76.971,31.680,-31.539,-1.447,-2.696,0.157,0.000,-0.001,0,0.000,0.621,0.998,""
0.200,272.556,935.771,124.639,-77.025,31.677,-31.526,-1.643,-2.695,0.160,0.000,-0.001,0,0.000,0.633,0.997,""
0.220,271.933,935.139,124.602,-77.079,31.675,-31.514,-1.838,-2.693,0.162,0.000,-0.002,0,0.000,0.644,0.997,""
0.240,271.309,934.507,124.561,-77.133,31.674,-31.501,-2.034,-2.692,0.163,0.000,-0.002,0,0.000,0.653,0.996,""
0.260,270.700,933.876,124.516,-77.187,31.675,-31.488,-2.229,-2.691,0.163,0.000,-0.002,0,0.000,0.662,0.996,""
0.280,270.076,933.245,124.467,-77.241,31.677,-31.476,-2.424,-2.690,0.162,0.000,-0.002,0,0.000,0.669,0.995,""
0.300,269.451,932.614,124.415,-77.294,31.681,-31.463,-2.620,-2.689,0.161,0.000,-0.003,0,0.000,0.674,0.995,""
0.320,268.825,931.984,124.359,-77.348,31.686,-31.451,-2.815,-2.688,0.160,0.000,-0.003,0,0.000,0.679,0.994,""
0.340,268.212,931.354,124.298,-77.402,31.692,-31.438,-3.010,-2.687,0.157,0.000,-0.003,0,0.000,0.682,0.994,""
0.360,267.586,930.724,124.234,-77.456,31.699,-31.426,-3.204,-2.686,0.154,0.000,-0.004,0,0.000,0.685,0.993,""
0.380,266.959,930.095,124.166,-77.510,31.708,-31.413,-3.399,-2.685,0.150,0.000,-0.004,0,0.000,0.686,0.993,""
0.400,266.332,929.466,124.094,-77.564,31.718,-31.400,-3.594,-2.684,0.146,0.000,-0.004,0,0.000,0.686,0.992,""
0.420,265.714,928.837,124.018,-77.617,31.729,-31.388,-3.789,-2.683,0.141,0.000,-0.005,0,0.000,0.685,0.992,""
0.440,265.085,928.209,123.938,-77.671,31.740,-31.375,-3.983,-2.682,0.136,0.000,-0.005,0,0.000,0.683,0.992,""
0.460,264.456,927.581,123.855,-77.725,31.753,-31.363,-4.178,-2.681,0.130,0.000,-0.006,0,0.000,0.679,0.991,""
0.480,263.832,926.953,123.767,-77.778,31.767,-31.350,-4.372,-2.680,0.123,0.000,-0.006,0,0.000,0.675,0.991,""
0.500,263.202,926.325,123.676,-77.832,31.781,-31.338,-4.567,-2.678,0.117,0.000,-0.007,0,0.000,0.670,0.991,""
0.520,262.570,925.698,123.580,-77.886,31.796,-31.325,-4.761,-2.677,0.110,0.000,-0.007,0,0.000,0.664,0.990,""
0.540,261.938,925.072,123.481,-77.939,31.811,-31.313,-4.955,-2.676,0.102,0.000,-0.008,0,0.000,0.657,0.990,""
0.560,261.307,924.445,123.378,-77.993,31.827,-31.300,-5.149,-2.675,0.094,0.000,-0.009,0,0.000,0.649,0.990,""
0.580,260.674,923.819,123.271,-78.046,31.843,-31.288,-5.343,-2.674,0.087,0.000,-0.009,0,0.000,0.641,0.990,""
0.600,260.040,923.193,123.160,-78.100,31.859,-31.275,-5.537,-2.673,0.079,0.000,-0.010,0,0.000,0.631,0.990,""
0.620,259.405,922.568,123.046,-78.153,31.876,-31.263,-5.731,-2.672,0.070,0.000,-0.011,0,0.000,0.621,0.989,""
0.640,258.765,921.943,122.927,-78.207,31.892,-31.250,-5.925,-2.671,0.062,0.000,-0.011,0,0.000,0.611,0.989,""
0.660,258.128,921.318,122.805,-78.260,31.908,-31.238,-6.119,-2.670,0.054,0.000,-0.012,0,0.000,0.599,0.989,""
0.680,257.491,920.694,122.679,-78.313,31.923,-31.225,-6.313,-2.669,0.046,0.000,-0.013,0,0.000,0.587,0.989,""
0.700,256.841,920.069,122.548,-78.367,31.939,-31.213,-6.506,-2.668,0.038,0.000,-0.014,0,0.000,0.574,0.989,""
0.720,256.202,919.445,122.414,-78.420,31.953,-31.200,-6.700,-2.667,0.031,0.000,-0.015,0,0.000,0.561,0.989,""
0.740,255.563,918.822,122.277,-78.473,31.967,-31.188,-6.893,-2.666,0.023,0.000,-0.016,0,0.000,0.547,0.990,""
0.760,254.922,918.199,122.135,-78.527,31.981,-31.175,-7.087,-2.665,0.016,0.000,-0.017,0,0.000,0.533,0.990,""
0.780,254.264,917.576,121.989,-78.580,31.993,-31.163,-7.280,-2.663,0.010,0.000,-0.018,0,0.000,0.518,0.990,""
0.800,253.622,916.953,121.840,-78.633,32.004,-31.150,-7.473,-2.662,0.004,0.000,-0.020,0,0.000,0.503,0.990,""
0.820,252.980,916.331,121.687,-78.686,32.014,-31.138,-7.666,-2.661,0.000,0.000,-0.021,0,0.000,0.487,0.990,""
0.840,252.313,915.709,121.530,-78.739,32.023,-31.125,-7.859,-2.660,0.000,0.000,-0.022,0,0.000,0.471,0.991,""
0.860,251.669,915.087,121.369,-78.793,32.030,-31.113,-8.052,-2.659,0.000,0.000,-0.023,0,0.000,0.455,0.991,""
0.880,251.025,914.466,121.204,-78.846,32.036,-31.100,-8.245,-2.658,0.000,0.000,-0.025,0,0.000,0.438,0.991,""
0.900,250.350,913.844,121.035,-78.899,32.040,-31.088,-8.438,-2.657,0.000,0.000,-0.026,0,0.000,0.421,0.991,""
0.920,249.704,913.223,120.863,-78.952,32.043,-31.075,-8.631,-2.656,0.000,0.000,-0.028,0,0.000,0.404,0.992,""
0.940,249.058,912.603,120.686,-79.005,32.043,-31.063,-8.823,-2.655,0.000,0.000,-0.030,0,0.000,0.387,0.992,""
0.960,248.411,911.983,120.506,-79.058,32.042,-31.051,-9.016,-2.654,0.000,0.000,-0.031,0,0.000,0.369,0.992,""
0.980,247.729,911.363,120.322,-79.111,32.039,-31.038,-9.208,-2.653,0.000,0.000,-0.033,0,0.000,0.351,0.993,""
1.000,247.081,910.743,120.134,-79.164,32.034,-31.026,-9.401,-2.652,0.000,0.000,-0.035,0,0.000,0.334,0.993,""
1.020,246.432,910.123,119.942,-79.217,32.027,-31.013,-9.593,-2.651,0.000,0.000,-0.037,0,0.000,0.316,0.993,""
1.040,245.744,909.504,119.747,-79.270,32.018,-31.001,-9.786,-2.650,0.000,0.000,-0.039,0,0.000,0.298,0.994,""
1.060,245.094,908.885,119.547,-79.323,32.007,-30.989,-9.978,-2.649,0.000,0.000,-0.041,0,0.000,0.280,0.994,""
1.080,244.444,908.267,119.344,-79.375,31.994,-30.976,-10.170,-2.648,0.000,0.000,-0.044,0,0.000,0.262,0.994,""
1.100,243.752,907.648,119.137,-79.428,31.978,-30.964,-10.362,-2.646,0.003,0.000,-0.046,0,0.000,0.245,0.995,""
1.120,243.102,907.030,118.926,-79.481,31.960,-30.951,-10.554,-2.645,0.011,0.000,-0.049,0,0.000,0.227,0.995,""
1.140,242.451,906.413,118.711,-79.534,31.940,-30.939,-10.746,-2.644,0.020,0.000,-0.052,0,0.000,0.209,0.995,""
1.160,241.756,905.795,118.492,-79.587,31.918,-30.927,-10.938,-2.643,0.030,0.000,-0.055,0,0.000,0.192,0.996,""
1.180,241.105,905.178,118.270,-79.639,31.894,-30.914,-11.129,-2.642,0.041,0.000,-0.058,0,0.000,0.174,0.996,""
1.200,240.454,904.561,118.043,-79.692,31.867,-30.902,-11.321,-2.641,0.053,0.000,-0.062,0,0.000,0.157,0.996,""
1.220,239.763,903.944,117.813,-79.745,31.838,-30.890,-11.513,-2.640,0.067,0.000,-0.065,0,0.000,0.140,0.997,""
1.240,239.112,903.327,117.579,-79.798,31.807,-30.877,-11.704,-2.639,0.081,0.000,-0.068,0,0.000,0.123,0.997,""
1.260,238.461,902.711,117.341,-79.850,31.774,-30.865,-11.896,-2.638,0.097,0.000,-0.072,0,0.000,0.107,0.997,""
1.280,237.788,902.095,117.100,-79.903,31.738,-30.852,-12.087,-2.637,0.113,0.000,-0.076,0,0.000,0.090,0.998,""
1.300,237.137,901.479,116.854,-79.956,31.701,-30.840,-12.278,-2.636,0.131,0.000,-0.080,0,0.000,0.074,0.998,""
1.320,236.485,900.864,116.605,-80.008,31.661,-30.828,-12.469,-2.635,0.150,0.000,-0.083,0,0.000,0.058,0.998,""
1.340,235.834,900.249,116.352,-80.061,31.620,-30.815,-12.661,-2.634,0.169,0.000,-0.087,0,0.000,0.043,0.998,""
1.360,235.182,899.634,116.095,-80.113,31.577,-30.803,-12.852,-2.633,0.190,0.000,-0.091,0,0.000,0.028,0.998,""
1.380,234.530,899.019,115.834,-80.166,31.532,-30.791,-13.043,-2.632,0.212,0.000,-0.095,0,0.000,0.013,0.999,""
1.400,233.884,898.404,115.569,-80.218,31.485,-30.779,-13.234,-2.631,0.234,0.000,-0.099,0,0.000,0.002,0.999,""
1.420,233.231,897.790,115.301,-80.271,31.437,-30.766,-13.424,-2.630,0.257,0.000,-0.104,0,0.000,0.016,0.999,""
1.440,232.577,897.176,115.029,-80.323,31.387,-30.754,-13.615,-2.629,0.282,0.000,-0.108,0,0.000,0.029,0.999,""
1.460,231.926,896.562,114.753,-80.376,31.336,-30.742,-13.806,-2.627,0.307,0.000,-0.113,0,0.000,0.043,0.999,""
1.480,231.272,895.949,114.473,-80.428,31.283,-30.729,-13.996,-2.626,0.332,0.000,-0.118,0,0.000,0.056,0.999,""
1.500,230.617,895.335,114.189,-80.481,31.229,-30.717,-14.187,-2.625,0.359,0.000,-0.123,0,0.000,0.068,1.000,""
1.520,229.838,894.722,113.901,-80.533,31.174,-30.705,-14.377,-2.624,0.386,0.000,-0.128,0,0.000,0.080,1.000,"Ground_Mountain_0_1:(-0.178, 0.984, -0.027);Ground_Mountain_0_1:(-0.178, 0.984, -0.027);Ground_Mountain_0_1:(-0.178, 0.984, -0.027);Ground_Mountain_0_1:(-0.178, 0.984, -0.027);"
1.540,229.209,894.112,113.614,-80.583,30.971,-30.650,-14.382,-2.618,0.413,0.000,-0.133,0,0.000,0.092,1.000,"Ground_Mountain_0_1:(-0.109, 0.994, -0.014);Ground_Mountain_0_1:(-0.109, 0.994, -0.014);Ground_Mountain_0_1:(-0.109, 0.994, -0.014);Ground_Mountain_0_1:(-0.109, 0.994, -0.014);Ground_Mountain_0_1:(-0.109, 0.994, -0.014);Ground_Mountain_0_1:(-0.109, 0.994, -0.014);Ground_Mountain_0_1:(0.220, 0.975, 0.028);Ground_Mountain_0_1:(0.220, 0.975, 0.028);Ground_Mountain_0_1:(0.220, 0.975, 0.028);Ground_Mountain_0_1:(0.220, 0.975, 0.028);Ground_Mountain_0_1:(0.220, 0.975, 0.028);Ground_Mountain_0_1:(0.220, 0.975, 0.028);"
1.560,228.583,893.569,113.520,-80.629,28.473,-29.305,-4.585,-2.306,0.514,0.000,-0.139,4,45.000,2.315,0.990,"Ground_Mountain_0_1:(0.249, 0.967, 0.055);Ground_Mountain_0_1:(0.249, 0.967, 0.055);Ground_Mountain_0_1:(0.249, 0.967, 0.055);Ground_Mountain_0_1:(0.249, 0.967, 0.055);Ground_Mountain_0_1:(0.249, 0.967, 0.055);Ground_Mountain_0_1:(0.249, 0.967, 0.055);Ground_Mountain_0_1:(-0.083, 0.997, -0.002);Ground_Mountain_0_1:(-0.083, 0.997, -0.002);Ground_Mountain_0_1:(-0.083, 0.997, -0.002);Ground_Mountain_0_1:(-0.083, 0.997, -0.002);Ground_Mountain_0_1:(-0.083, 0.997, -0.002);Ground_Mountain_0_1:(-0.083, 0.997, -0.002);Ground_Mountain_0_1:(0.169, 0.986, -0.015);Ground_Mountain_0_1:(0.169, 0.986, -0.015);Ground_Mountain_0_1:(0.169, 0.986, -0.015);"
1.580,227.902,893.047,113.540,-80.655,27.041,-27.555,0.984,-1.683,1.000,0.000,-0.138,4,41.638,47.168,0.972,"Ground_Mountain_0_1:(0.249, 0.967, 0.051);Ground_Mountain_0_1:(0.249, 0.967, 0.051);Ground_Mountain_0_1:(0.249, 0.967, 0.051);Ground_Mountain_0_1:(0.249, 0.967, 0.051);Ground_Mountain_0_1:(0.249, 0.967, 0.051);Ground_Mountain_0_1:(0.249, 0.967, 0.051);Ground_Mountain_0_1:(-0.083, 0.997, -0.002);Ground_Mountain_0_1:(-0.083, 0.997, -0.002);Ground_Mountain_0_1:(-0.083, 0.997, -0.002);Ground_Mountain_0_1:(-0.083, 0.997, -0.002);Ground_Mountain_0_1:(-0.083, 0.997, -0.002);Ground_Mountain_0_1:(-0.083, 0.997, -0.002);Ground_Mountain_0_1:(0.169, 0.986, -0.015);Ground_Mountain_0_1:(0.169, 0.986, -0.015);Ground_Mountain_0_1:(0.169, 0.986, -0.015);"
1.600,227.395,892.586,113.697,-80.660,25.316,-24.081,8.049,-0.599,1.000,0.000,-0.143,4,39.669,29.088,0.952,"Ground_Mountain_0_1:(0.249, 0.967, 0.055);Ground_Mountain_0_1:(0.249, 0.967, 0.055);Ground_Mountain_0_1:(0.249, 0.967, 0.055);Ground_Mountain_0_1:(0.249, 0.967, 0.055);Ground_Mountain_0_1:(0.249, 0.967, 0.055);Ground_Mountain_0_1:(0.249, 0.967, 0.055);Ground_Mountain_0_1:(-0.073, 0.997, 0.007);Ground_Mountain_0_1:(-0.073, 0.997, 0.007);Ground_Mountain_0_1:(-0.073, 0.997, 0.007);Ground_Mountain_0_1:(-0.073, 0.997, 0.007);Ground_Mountain_0_1:(-0.073, 0.997, 0.007);Ground_Mountain_0_1:(-0.073, 0.997, 0.007);Ground_Mountain_0_1:(0.430, 0.899, 0.082);Ground_Mountain_0_1:(0.430, 0.899, 0.082);Ground_Mountain_0_1:(0.430, 0.899, 0.082);Ground_Mountain_0_1:(0.430, 0.899, 0.082);Ground_Mountain_0_1:(0.169, 0.986, -0.015);Ground_Mountain_0_1:(0.169, 0.986, -0.015);Ground_Mountain_0_1:(0.169, 0.986, -0.015);Ground_Mountain_0_1:(0.448, 0.890, 0.081);"
1.620,226.915,892.124,113.870,-80.680,25.315,-23.780,8.804,-1.008,1.000,0.000,-0.146,4,20.529,19.523,0.936,"Ground_Mountain_0_1:(0.436, 0.896, 0.089);Ground_Mountain_0_1:(0.436, 0.896, 0.089);Ground_Mountain_0_1:(0.436, 0.896, 0.089);Ground_Mountain_0_1:(0.436, 0.896, 0.089);Ground_Mountain_0_1:(0.436, 0.896, 0.089);Ground_Mountain_0_1:(0.436, 0.896, 0.089);Ground_Mountain_0_1:(0.249, 0.967, 0.055);Ground_Mountain_0_1:(0.249, 0.967, 0.055);Ground_Mountain_0_1:(0.249, 0.967, 0.055);Ground_Mountain_0_1:(0.249, 0.967, 0.055);Ground_Mountain_0_1:(0.249, 0.967, 0.055);Ground_Mountain_0_1:(0.249, 0.967, 0.055);Ground_Mountain_0_1:(-0.101, 0.995, -0.015);"
1.640,226.381,891.661,114.049,-80.705,25.377,-23.710,9.135,-1.378,1.000,0.000,-0.152,4,21.960,14.459,0.920,"Ground_Mountain_0_1:(0.436, 0.896, 0.089);Ground_Mountain_0_1:(0.436, 0.896, 0.089);Ground_Mountain_0_1:(0.436, 0.896, 0.089);Ground_Mountain_0_1:(0.436, 0.896, 0.089);Ground_Mountain_0_1:(0.436, 0.896, 0.089);Ground_Mountain_0_1:(0.436, 0.896, 0.089);Ground_Mountain_0_1:(0.249, 0.967, 0.058);Ground_Mountain_0_1:(0.249, 0.967, 0.058);Ground_Mountain_0_1:(0.249, 0.967, 0.058);Ground_Mountain_0_1:(0.249, 0.967, 0.058);Ground_Mountain_0_1:(0.249, 0.967, 0.058);Ground_Mountain_0_1:(0.249, 0.967, 0.058);"
1.660,225.889,891.198,114.237,-80.738,25.430,-23.607,9.520,-1.730,1.000,0.000,-0.157,4,27.659,12.540,0.907,"Ground_Mountain_0_1:(0.430, 0.899, 0.083);Ground_Mountain_0_1:(0.430, 0.899, 0.083);Ground_Mountain_0_1:(0.430, 0.899, 0.083);Ground_Mountain_0_1:(0.430, 0.899, 0.083);Ground_Mountain_0_1:(0.430, 0.899, 0.083);Ground_Mountain_0_1:(0.430, 0.899, 0.083);Ground_Mountain_0_1:(0.249, 0.967, 0.058);Ground_Mountain_0_1:(0.249, 0.967, 0.058);Ground_Mountain_0_1:(0.249, 0.967, 0.058);Ground_Mountain_0_1:(0.249, 0.967, 0.058);Ground_Mountain_0_1:(0.249, 0.967, 0.058);Ground_Mountain_0_1:(0.249, 0.967, 0.058);"
1.680,225.392,890.743,114.443,-80.772,25.373,-23.158,10.361,-1.915,1.000,0.000,-0.162,4,32.082,8.366,0.895,"Ground_Mountain_0_1:(0.452, 0.887, 0.096);Ground_Mountain_0_1:(0.452, 0.887, 0.096);Ground_Mountain_0_1:(0.452, 0.887, 0.096);Ground_Mountain_0_1:(0.452, 0.887, 0.096);Ground_Mountain_0_1:(0.452, 0.887, 0.096);Ground_Mountain_0_1:(0.452, 0.887, 0.096);Ground_Mountain_0_1:(0.249, 0.967, 0.058);Ground_Mountain_0_1:(0.249, 0.967, 0.058);Ground_Mountain_0_1:(0.249, 0.967, 0.058);Ground_Mountain_0_1:(0.249, 0.967, 0.058);Ground_Mountain_0_1:(0.249, 0.967, 0.058);Ground_Mountain_0_1:(0.249, 0.967, 0.058);Ground_Mountain_0_1:(0.396, 0.917, 0.046);Ground_Mountain_0_1:(0.396, 0.917, 0.046);Ground_Mountain_0_1:(0.396, 0.917, 0.046);"
1.700,224.894,890.294,114.668,-80.814,25.352,-22.699,11.175,-2.182,1.000,0.000,-0.168,4,31.246,7.117,0.890,"Ground_Mountain_0_1:(0.449, 0.889, 0.093);Ground_Mountain_0_1:(0.449, 0.889, 0.093);Ground_Mountain_0_1:(0.449, 0.889, 0.093);Ground_Mountain_0_1:(0.449, 0.889, 0.093);Ground_Mountain_0_1:(0.449, 0.889, 0.093);Ground_Mountain_0_1:(0.449, 0.889, 0.093);Ground_Mountain_0_1:(0.479, 0.872, 0.101);"
1.720,224.388,889.853,114.908,-80.861,25.348,-22.310,11.854,-2.422,1.000,0.000,-0.174,4,27.003,2.724,0.885,"Ground_Mountain_0_1:(0.465, 0.880, 0.100);Ground_Mountain_0_1:(0.465, 0.880, 0.100);Ground_Mountain_0_1:(0.465, 0.880, 0.100);Ground_Mountain_0_1:(0.465, 0.880, 0.100);Ground_Mountain_0_1:(0.465, 0.880, 0.100);Ground_Mountain_0_1:(0.465, 0.880, 0.100);"
1.740,223.887,889.411,115.150,-80.914,25.424,-22.209,12.146,-2.676,1.000,0.000,-0.181,4,22.647,2.230,0.882,"Ground_Mountain_0_1:(0.465, 0.880, 0.099);Ground_Mountain_0_1:(0.465, 0.880, 0.099);Ground_Mountain_0_1:(0.465, 0.880, 0.099);Ground_Mountain_0_1:(0.465, 0.880, 0.099);Ground_Mountain_0_1:(0.465, 0.880, 0.099);Ground_Mountain_0_1:(0.465, 0.880, 0.099);"
1.760,223.381,888.970,115.398,-80.972,25.495,-22.112,12.418,-2.929,1.000,0.000,-0.186,4,21.503,1.590,0.880,"Ground_Mountain_0_1:(0.465, 0.880, 0.099);Ground_Mountain_0_1:(0.465, 0.880, 0.099);Ground_Mountain_0_1:(0.465, 0.880, 0.099);Ground_Mountain_0_1:(0.465, 0.880, 0.099);Ground_Mountain_0_1:(0.465, 0.880, 0.099);Ground_Mountain_0_1:(0.465, 0.880, 0.099);"
1.780,222.873,888.530,115.650,-81.035,25.563,-22.017,12.670,-3.195,1.000,0.000,-0.188,4,20.472,1.229,0.878,"Ground_Mountain_0_1:(0.450, 0.887, 0.104);Ground_Mountain_0_1:(0.450, 0.887, 0.104);Ground_Mountain_0_1:(0.450, 0.887, 0.104);Ground_Mountain_0_1:(0.450, 0.887, 0.104);Ground_Mountain_0_1:(0.450, 0.887, 0.104);Ground_Mountain_0_1:(0.450, 0.887, 0.104);Ground_Mountain_0_1:(0.479, 0.872, 0.102);"
1.800,222.386,888.093,115.907,-81.105,25.626,-21.934,12.880,-3.482,1.000,0.000,-0.190,4,18.462,1.732,0.876,"Ground_Mountain_0_1:(0.447, 0.889, 0.100);Ground_Mountain_0_1:(0.447, 0.889, 0.100);Ground_Mountain_0_1:(0.447, 0.889, 0.100);Ground_Mountain_0_1:(0.447, 0.889, 0.100);Ground_Mountain_0_1:(0.447, 0.889, 0.100);Ground_Mountain_0_1:(0.447, 0.889, 0.100);"
1.820,221.875,887.656,116.168,-81.180,25.685,-21.866,13.039,-3.796,1.000,0.000,-0.191,4,15.811,1.579,0.875,"Ground_Mountain_0_1:(0.447, 0.888, 0.104);Ground_Mountain_0_1:(0.447, 0.888, 0.104);Ground_Mountain_0_1:(0.447, 0.888, 0.104);Ground_Mountain_0_1:(0.447, 0.888, 0.104);Ground_Mountain_0_1:(0.447, 0.888, 0.104);Ground_Mountain_0_1:(0.447, 0.888, 0.104);"
1.840,221.362,887.219,116.431,-81.263,25.739,-21.815,13.145,-4.139,1.000,0.000,-0.190,4,13.052,1.317,0.875,"Ground_Mountain_0_1:(0.444, 0.890, 0.100);Ground_Mountain_0_1:(0.444, 0.890, 0.100);Ground_Mountain_0_1:(0.444, 0.890, 0.100);Ground_Mountain_0_1:(0.444, 0.890, 0.100);Ground_Mountain_0_1:(0.444, 0.890, 0.100);Ground_Mountain_0_1:(0.444, 0.890, 0.100);"
1.860,220.889,886.795,116.703,-81.357,25.804,-21.785,13.187,-4.509,1.000,0.000,-0.189,4,9.624,1.456,0.863,"Ground_Mountain_0_1:(0.456, 0.884, 0.103);Ground_Mountain_0_1:(0.244, 0.966, 0.089);Ground_Mountain_0_1:(0.456, 0.884, 0.103);Ground_Mountain_0_1:(0.456, 0.884, 0.103);Ground_Mountain_0_1:(0.456, 0.884, 0.103);Ground_Mountain_0_1:(0.456, 0.884, 0.103);Ground_Mountain_0_1:(0.383, 0.920, 0.083);Ground_Mountain_0_1:(0.383, 0.920, 0.083);Ground_Mountain_0_1:(0.383, 0.920, 0.083);"
1.880,220.399,886.370,116.983,-81.441,25.861,-21.751,13.204,-4.903,1.000,0.000,-0.215,4,9.035,3.953,0.854,"Ground_Mountain_0_1:(0.406, 0.909, 0.091);Ground_Mountain_0_1:(0.406, 0.909, 0.091);Ground_Mountain_0_1:(0.406, 0.909, 0.091);Ground_Mountain_0_1:(0.406, 0.909, 0.091);Ground_Mountain_0_1:(0.406, 0.909, 0.091);Ground_Mountain_0_1:(0.406, 0.909, 0.091);Ground_Mountain_0_1:(0.218, 0.974, 0.062);Ground_Mountain_0_1:(0.218, 0.974, 0.062);Ground_Mountain_0_1:(0.218, 0.974, 0.062);Ground_Mountain_0_1:(0.218, 0.974, 0.062);Ground_Mountain_0_1:(0.218, 0.974, 0.062);Ground_Mountain_0_1:(0.218, 0.974, 0.062);Ground_Mountain_0_1:(0.192, 0.977, 0.088);Ground_Mountain_0_1:(0.192, 0.977, 0.088);Ground_Mountain_0_1:(0.192, 0.977, 0.088);Ground_Mountain_0_1:(0.192, 0.977, 0.088);"
1.900,219.892,885.933,117.247,-81.546,25.904,-21.734,13.188,-5.274,1.000,0.000,-0.211,2,7.112,1.170,0.858,"Ground_Mountain_0_1:(0.406, 0.909, 0.091);Ground_Mountain_0_1:(0.406, 0.909, 0.091);Ground_Mountain_0_1:(0.406, 0.909, 0.091);Ground_Mountain_0_1:(0.406, 0.909, 0.091);Ground_Mountain_0_1:(0.406, 0.909, 0.091);Ground_Mountain_0_1:(0.406, 0.909, 0.091);Ground_Mountain_0_1:(0.244, 0.966, 0.089);Ground_Mountain_0_1:(0.244, 0.966, 0.089);Ground_Mountain_0_1:(0.244, 0.966, 0.089);Ground_Mountain_0_1:(0.192, 0.979, 0.070);Ground_Mountain_0_1:(0.192, 0.979, 0.070);Ground_Mountain_0_1:(0.192, 0.979, 0.070);"
1.920,219.375,885.496,117.511,-81.659,25.946,-21.734,13.115,-5.682,1.000,0.000,-0.203,2,3.983,0.244,0.863,"Ground_Mountain_0_1:(0.400, 0.912, 0.087);Ground_Mountain_0_1:(0.400, 0.912, 0.087);Ground_Mountain_0_1:(0.400, 0.912, 0.087);Ground_Mountain_0_1:(0.400, 0.912, 0.087);Ground_Mountain_0_1:(0.400, 0.912, 0.087);Ground_Mountain_0_1:(0.400, 0.912, 0.087);Ground_Mountain_0_1:(0.244, 0.966, 0.089);Ground_Mountain_0_1:(0.244, 0.966, 0.089);Ground_Mountain_0_1:(0.244, 0.966, 0.089);Ground_Mountain_0_1:(0.192, 0.980, 0.053);Ground_Mountain_0_1:(0.192, 0.980, 0.053);Ground_Mountain_0_1:(0.192, 0.980, 0.053);"
1.940,219.109,885.058,117.772,-81.781,25.985,-21.752,12.979,-6.124,1.000,0.000,-0.196,2,0.512,1.476,0.868,"Ground_Mountain_0_1:(0.396, 0.913, 0.095);Ground_Mountain_0_1:(0.396, 0.913, 0.095);Ground_Mountain_0_1:(0.396, 0.913, 0.095);Ground_Mountain_0_1:(0.396, 0.913, 0.095);Ground_Mountain_0_1:(0.396, 0.913, 0.095);Ground_Mountain_0_1:(0.396, 0.913, 0.095);Ground_Mountain_0_1:(0.244, 0.966, 0.089);Ground_Mountain_0_1:(0.244, 0.966, 0.089);Ground_Mountain_0_1:(0.244, 0.966, 0.089);Ground_Mountain_0_1:(0.192, 0.980, 0.053);Ground_Mountain_0_1:(0.192, 0.980, 0.053);Ground_Mountain_0_1:(0.192, 0.980, 0.053);"
1.960,218.633,884.621,118.029,-81.904,25.834,-21.743,12.778,-6.122,1.000,0.000,-0.185,0,0.000,1.490,0.873,"Ground_Mountain_0_1:(0.192, 0.981, 0.035);Ground_Mountain_0_1:(0.244, 0.966, 0.089);Ground_Mountain_0_1:(0.192, 0.981, 0.035);Ground_Mountain_0_1:(0.244, 0.966, 0.089);"
1.980,218.157,884.183,118.282,-82.026,25.675,-21.734,12.577,-6.119,1.000,0.000,-0.174,0,0.000,1.422,0.878,"Ground_Mountain_0_1:(0.209, 0.975, 0.071);Ground_Mountain_0_1:(0.209, 0.975, 0.071);Ground_Mountain_0_1:(0.209, 0.975, 0.071);Ground_Mountain_0_1:(0.209, 0.975, 0.071);Ground_Mountain_0_1:(0.209, 0.975, 0.071);Ground_Mountain_0_1:(0.209, 0.975, 0.071);"
2.000,217.682,883.746,118.531,-82.148,25.507,-21.725,12.376,-6.117,1.000,0.000,-0.162,0,0.000,1.353,0.883,""
2.020,217.536,883.308,118.776,-82.270,25.331,-21.717,12.175,-6.114,1.000,0.000,-0.154,0,0.000,1.284,0.889,""
2.040,217.380,882.871,119.017,-82.393,25.147,-21.708,11.974,-6.112,1.000,0.000,-0.146,0,0.000,1.215,0.895,""
2.060,216.994,882.434,119.254,-82.515,24.956,-21.699,11.773,-6.109,1.000,0.000,-0.134,0,0.000,1.146,0.900,""
2.080,216.606,881.997,119.487,-82.637,24.757,-21.691,11.572,-6.107,1.000,0.000,-0.123,0,0.000,1.077,0.906,""
2.100,216.218,881.559,119.716,-82.759,24.550,-21.682,11.371,-6.104,1.000,0.000,-0.111,0,0.000,1.007,0.912,""
2.120,215.948,881.122,119.941,-82.882,24.337,-21.673,11.170,-6.102,1.000,0.000,-0.100,0,0.000,0.938,0.917,""
2.140,215.898,880.685,120.162,-83.004,24.116,-21.665,10.970,-6.100,1.000,0.000,-0.093,0,0.000,0.869,0.923,""
2.160,215.548,880.248,120.379,-83.126,23.889,-21.656,10.769,-6.097,1.000,0.000,-0.081,0,0.000,0.801,0.928,""
2.180,215.196,879.812,120.592,-83.249,23.655,-21.647,10.569,-6.095,1.000,0.000,-0.069,0,0.000,0.733,0.934,""
2.200,214.842,879.375,120.801,-83.371,23.414,-21.639,10.368,-6.092,1.000,0.000,-0.056,0,0.000,0.666,0.939,""
2.220,214.488,878.938,121.006,-83.494,23.168,-21.630,10.168,-6.090,1.000,0.000,-0.044,0,0.000,0.600,0.944,""
2.240,214.347,878.502,121.206,-83.616,22.915,-21.621,9.968,-6.087,1.000,0.000,-0.035,0,0.000,0.535,0.949,""
2.260,214.007,878.065,121.403,-83.739,22.657,-21.613,9.768,-6.085,1.000,0.000,-0.023,0,0.000,0.471,0.954,""
2.280,213.661,877.629,121.596,-83.861,22.394,-21.604,9.568,-6.083,1.000,0.000,-0.011,0,0.000,0.410,0.958,""
2.300,213.313,877.193,121.784,-83.984,22.125,-21.595,9.368,-6.080,1.000,0.000,0.001,0,0.000,0.350,0.963,""
2.320,212.964,876.757,121.969,-84.106,21.852,-21.587,9.168,-6.078,1.000,0.000,0.011,0,0.000,0.294,0.967,""
2.340,212.497,876.322,122.149,-84.229,21.574,-21.578,8.968,-6.075,1.000,0.000,0.024,0,0.000,0.243,0.971,""
2.360,212.138,875.886,122.326,-84.352,21.291,-21.570,8.769,-6.073,1.000,0.000,0.035,0,0.000,0.200,0.974,""
2.380,211.777,875.451,122.498,-84.474,21.005,-21.561,8.569,-6.070,1.000,0.000,0.045,0,0.000,0.170,0.978,""
2.400,211.416,875.016,122.666,-84.597,20.715,-21.552,8.369,-6.068,1.000,0.000,0.055,0,0.000,0.158,0.981,""
2.420,211.053,874.581,122.830,-84.719,20.422,-21.544,8.170,-6.066,1.000,0.000,0.065,0,0.000,0.168,0.984,""
2.440,210.689,874.146,122.991,-84.842,20.125,-21.535,7.971,-6.063,1.000,0.000,0.074,0,0.000,0.194,0.987,""
2.460,210.323,873.711,123.147,-84.965,19.826,-21.526,7.771,-6.061,1.000,0.000,0.083,0,0.000,0.231,0.989,""
2.480,209.957,873.277,123.299,-85.087,19.524,-21.518,7.572,-6.058,1.000,0.000,0.091,0,0.000,0.273,0.991,""
2.500,209.514,872.843,123.447,-85.210,19.220,-21.509,7.373,-6.056,1.000,0.000,0.099,0,0.000,0.317,0.993,""
2.520,209.142,872.409,123.591,-85.332,18.914,-21.501,7.174,-6.053,1.000,0.000,0.106,0,0.000,0.361,0.995,""
2.540,208.769,871.976,123.731,-85.455,18.607,-21.492,6.975,-6.051,1.000,0.000,0.113,0,0.000,0.406,0.996,""
2.560,208.394,871.542,123.866,-85.577,18.299,-21.483,6.776,-6.049,1.000,0.000,0.118,0,0.000,0.449,0.997,""
2.580,208.018,871.109,123.998,-85.700,17.989,-21.475,6.577,-6.046,1.000,0.000,0.124,0,0.000,0.491,0.998,""
2.600,207.641,870.676,124.126,-85.822,17.679,-21.466,6.378,-6.044,1.000,0.000,0.129,0,0.000,0.532,0.999,""
2.620,207.263,870.244,124.250,-85.945,17.368,-21.458,6.180,-6.041,1.000,0.000,0.134,0,0.000,0.572,0.999,""
2.640,206.791,869.812,124.369,-86.067,17.058,-21.449,5.981,-6.039,1.000,0.000,0.140,0,0.000,0.610,1.000,""
2.660,206.409,869.380,124.485,-86.190,16.747,-21.440,5.782,-6.036,1.000,0.000,0.143,0,0.000,0.646,1.000,""
2.680,206.025,868.948,124.597,-86.312,16.437,-21.432,5.584,-6.034,1.000,0.000,0.146,0,0.000,0.680,1.000,""
2.700,205.640,868.516,124.704,-86.434,16.127,-21.423,5.386,-6.032,1.000,0.000,0.148,0,0.000,0.712,1.000,""
2.720,205.254,868.085,124.808,-86.557,15.818,-21.415,5.187,-6.029,1.000,0.000,0.150,0,0.000,0.743,0.999,""
2.740,204.867,867.654,124.908,-86.679,15.509,-21.406,4.989,-6.027,1.000,0.000,0.152,0,0.000,0.771,0.999,""
2.760,204.479,867.224,125.003,-86.801,15.202,-21.398,4.791,-6.024,1.000,0.000,0.154,0,0.000,0.798,0.999,""
2.780,203.956,866.793,125.095,-86.923,14.896,-21.389,4.593,-6.022,1.000,0.000,0.157,0,0.000,0.822,0.998,""
2.800,203.564,866.363,125.183,-87.045,14.592,-21.381,4.395,-6.020,1.000,0.000,0.158,0,0.000,0.845,0.997,""
2.820,203.171,865.934,125.267,-87.167,14.289,-21.372,4.197,-6.017,1.000,0.000,0.158,0,0.000,0.865,0.996,""
2.840,202.777,865.504,125.346,-87.289,13.987,-21.363,3.999,-6.015,1.000,0.000,0.158,0,0.000,0.884,0.996,""
2.860,202.382,865.075,125.422,-87.411,13.687,-21.355,3.802,-6.012,1.000,0.000,0.158,0,0.000,0.901,0.995,""
2.880,201.986,864.646,125.494,-87.532,13.389,-21.346,3.604,-6.010,1.000,0.000,0.157,0,0.000,0.916,0.994,""
2.900,201.420,864.217,125.562,-87.654,13.093,-21.338,3.407,-6.008,1.000,0.000,0.160,0,0.000,0.929,0.993,""
2.920,201.021,863.789,125.626,-87.776,12.798,-21.329,3.209,-6.005,1.000,0.000,0.159,0,0.000,0.940,0.992,""
2.940,200.621,863.361,125.686,-87.897,12.505,-21.321,3.012,-6.003,1.000,0.000,0.158,0,0.000,0.949,0.991,""
2.960,200.220,862.933,125.742,-88.018,12.215,-21.312,2.814,-6.000,1.000,0.000,0.157,0,0.000,0.957,0.990,""
2.980,199.818,862.506,125.794,-88.140,11.926,-21.304,2.617,-5.998,1.000,0.000,0.155,0,0.000,0.962,0.989,""
3.000,199.415,862.079,125.842,-88.261,11.638,-21.295,2.420,-5.996,1.000,0.000,0.153,0,0.000,0.966,0.988,""
3.020,198.878,861.652,125.886,-88.382,11.353,-21.287,2.223,-5.993,1.000,0.000,0.153,0,0.000,0.969,0.987,""
3.040,198.473,861.225,125.926,-88.503,11.069,-21.278,2.026,-5.991,1.000,0.000,0.151,0,0.000,0.969,0.986,""
3.060,198.068,860.799,125.963,-88.624,10.788,-21.270,1.829,-5.988,1.000,0.000,0.149,0,0.000,0.968,0.985,""
3.080,197.662,860.373,125.995,-88.745,10.507,-21.261,1.632,-5.986,1.000,0.000,0.147,0,0.000,0.966,0.984,""
3.100,197.255,859.947,126.023,-88.865,10.229,-21.253,1.435,-5.984,1.000,0.000,0.144,0,0.000,0.962,0.983,""
3.120,196.847,859.522,126.048,-88.986,9.952,-21.244,1.239,-5.981,1.000,0.000,0.141,0,0.000,0.957,0.983,""
3.140,196.310,859.097,126.069,-89.106,9.676,-21.236,1.042,-5.979,1.000,0.000,0.141,0,0.000,0.950,0.982,""
3.160,195.902,858.672,126.085,-89.227,9.402,-21.227,0.845,-5.976,1.000,0.000,0.138,0,0.000,0.942,0.981,""
3.180,195.493,858.247,126.098,-89.347,9.129,-21.219,0.649,-5.974,1.000,0.000,0.135,0,0.000,0.932,0.981,""
3.200,195.083,857.823,126.107,-89.467,8.857,-21.210,0.453,-5.972,1.000,0.000,0.132,0,0.000,0.921,0.980,""
3.220,194.672,857.399,126.112,-89.587,8.586,-21.202,0.256,-5.969,1.000,0.000,0.128,0,0.000,0.909,0.980,""
3.240,194.261,856.975,126.113,-89.707,8.316,-21.193,0.060,-5.967,1.000,0.000,0.125,0,0.000,0.896,0.980,""
3.260,193.752,856.551,126.111,-89.827,8.047,-21.185,-0.136,-5.964,1.000,0.000,0.123,0,0.000,0.882,0.979,""
3.280,193.341,856.128,126.104,-89.947,7.778,-21.176,-0.332,-5.962,1.000,0.000,0.119,0,0.000,0.867,0.979,""
3.300,192.929,855.705,126.093,-90.066,7.511,-21.168,-0.528,-5.960,1.000,0.000,0.115,0,0.000,0.851,0.979,""
3.320,192.517,855.282,126.079,-90.186,7.243,-21.159,-0.724,-5.957,1.000,0.000,0.111,0,0.000,0.833,0.979,""
3.340,192.104,854.859,126.060,-90.305,6.977,-21.151,-0.920,-5.955,1.000,0.000,0.107,0,0.000,0.815,0.979,""
3.360,191.573,854.437,126.038,-90.425,6.710,-21.142,-1.116,-5.953,1.000,0.000,0.106,0,0.000,0.796,0.979,""
3.380,191.161,854.015,126.012,-90.544,6.444,-21.134,-1.311,-5.950,1.000,0.000,0.102,0,0.000,0.777,0.979,""
3.400,190.748,853.593,125.982,-90.663,6.178,-21.125,-1.507,-5.948,1.000,0.000,0.097,0,0.000,0.756,0.980,""
3.420,190.335,853.171,125.948,-90.782,5.912,-21.117,-1.702,-5.945,1.000,0.000,0.093,0,0.000,0.735,0.980,""
3.440,189.921,852.749,125.910,-90.901,5.646,-21.109,-1.898,-5.943,1.000,0.000,0.088,0,0.000,0.714,0.980,""
3.460,189.420,852.328,125.868,-91.019,5.379,-21.100,-2.093,-5.941,1.000,0.000,0.086,0,0.000,0.691,0.981,""
3.480,189.008,851.907,125.823,-91.138,5.113,-21.092,-2.289,-5.938,1.000,0.000,0.081,0,0.000,0.668,0.981,""
3.500,188.596,851.486,125.773,-91.256,4.846,-21.083,-2.484,-5.936,1.000,0.000,0.078,0,0.000,0.645,0.982,""
3.520,188.182,851.066,125.720,-91.375,4.579,-21.075,-2.679,-5.933,1.000,0.000,0.076,0,0.000,0.621,0.982,""
3.540,187.769,850.645,125.662,-91.493,4.312,-21.066,-2.874,-5.931,1.000,0.000,0.075,0,0.000,0.597,0.983,""
3.560,187.354,850.225,125.601,-91.611,4.044,-21.058,-3.069,-5.929,1.000,0.000,0.073,0,0.000,0.573,0.983,""
3.580,187.057,849.805,125.536,-91.729,3.775,-21.049,-3.264,-5.926,1.000,0.000,0.068,0,0.000,0.548,0.984,""
3.600,186.645,849.385,125.467,-91.847,3.507,-21.041,-3.459,-5.924,1.000,0.000,0.066,0,0.000,0.523,0.985,""
3.620,186.233,848.965,125.394,-91.965,3.237,-21.033,-3.653,-5.922,1.000,0.000,0.065,0,0.000,0.498,0.985,""
3.640,185.820,848.546,125.317,-92.083,2.967,-21.024,-3.848,-5.919,1.000,0.000,0.063,0,0.000,0.473,0.986,""
3.660,185.407,848.127,125.237,-92.201,2.697,-21.016,-4.043,-5.917,1.000,0.000,0.062,0,0.000,0.447,0.987,""
3.680,185.188,847.708,125.152,-92.318,2.426,-21.007,-4.237,-5.915,1.000,0.000,0.054,0,0.000,0.422,0.987,""
3.700,184.780,847.289,125.064,-92.436,2.154,-20.999,-4.432,-5.912,1.000,0.000,0.053,0,0.000,0.396,0.988,""
3.720,184.369,846.870,124.971,-92.553,1.882,-20.991,-4.626,-5.910,1.000,0.000,0.051,0,0.000,0.371,0.989,""
3.740,183.957,846.452,124.875,-92.670,1.609,-20.982,-4.820,-5.907,1.000,0.000,0.050,0,0.000,0.346,0.989,""
3.760,183.545,846.033,124.775,-92.788,1.336,-20.974,-5.014,-5.905,1.000,0.000,0.049,0,0.000,0.320,0.990,""
3.780,183.132,845.615,124.671,-92.905,1.062,-20.965,-5.208,-5.903,1.000,0.000,0.048,0,0.000,0.295,0.991,""
3.800,182.945,845.197,124.563,-93.022,0.788,-20.957,-5.403,-5.900,1.000,0.000,0.040,0,0.000,0.270,0.991,""
3.820,182.535,844.779,124.451,-93.139,0.513,-20.949,-5.596,-5.898,1.000,0.000,0.039,0,0.000,0.246,0.992,""
3.840,182.124,844.361,124.336,-93.256,0.238,-20.940,-5.790,-5.896,1.000,0.000,0.038,0,0.000,0.221,0.993,""
3.860,181.712,843.944,124.216,-93.373,-0.037,-20.932,-5.984,-5.893,1.000,0.000,0.038,0,0.000,0.197,0.993,""
3.880,181.300,843.527,124.093,-93.489,-0.313,-20.924,-6.178,-5.891,1.000,0.000,0.037,0,0.000,0.174,0.994,""
3.900,181.030,843.109,123.966,-93.606,-0.588,-20.915,-6.372,-5.889,1.000,0.000,0.033,0,0.000,0.151,0.995,""
3.920,180.744,842.692,123.835,-93.723,-0.864,-20.907,-6.565,-5.886,1.000,0.000,0.029,0,0.000,0.129,0.995,""
3.940,180.333,842.275,123.699,-93.839,-1.140,-20.898,-6.759,-5.884,1.000,0.000,0.029,0,0.000,0.107,0.996,""
3.960,179.922,841.859,123.561,-93.956,-1.415,-20.890,-6.952,-5.881,1.000,0.000,0.029,0,0.000,0.087,0.996,""
3.980,179.510,841.442,123.418,-94.072,-1.691,-20.882,-7.145,-5.879,1.000,0.000,0.029,0,0.000,0.068,0.997,""
4.000,179.098,841.026,123.271,-94.188,-1.966,-20.873,-7.339,-5.877,1.000,0.000,0.030,0,0.000,0.053,0.997,""
4.020,178.869,840.609,123.121,-94.305,-2.241,-20.865,-7.532,-5.874,1.000,0.000,0.025,0,0.000,0.044,0.997,""
4.040,178.459,840.193,122.966,-94.421,-2.515,-20.857,-7.725,-5.872,1.000,0.000,0.026,0,0.000,0.044,0.998,""
4.060,178.048,839.777,122.808,-94.537,-2.789,-20.848,-7.918,-5.870,1.000,0.000,0.026,0,0.000,0.052,0.998,""
4.080,177.637,839.361,122.646,-94.653,-3.062,-20.840,-8.111,-5.867,1.000,0.000,0.027,0,0.000,0.066,0.998,""
4.100,177.225,838.945,122.480,-94.769,-3.335,-20.832,-8.304,-5.865,1.000,0.000,0.028,0,0.000,0.081,0.999,""
4.120,177.020,838.530,122.310,-94.885,-3.606,-20.823,-8.497,-5.863,1.000,0.000,0.023,0,0.000,0.097,0.999,""
4.140,176.620,838.114,122.136,-95.001,-3.877,-20.815,-8.689,-5.860,1.000,0.000,0.024,0,0.000,0.114,0.999,""
4.160,176.209,837.699,121.959,-95.117,-4.147,-20.807,-8.882,-5.858,1.000,0.000,0.026,0,0.000,0.130,0.999,""
4.180,175.798,837.284,121.777,-95.233,-4.416,-20.798,-9.075,-5.856,1.000,0.000,0.027,0,0.000,0.146,0.999,""
4.200,175.386,836.869,121.592,-95.349,-4.683,-20.790,-9.267,-5.853,1.000,0.000,0.029,0,0.000,0.161,1.000,""
4.220,175.064,836.454,121.403,-95.465,-4.949,-20.782,-9.459,-5.851,1.000,0.000,0.028,0,0.000,0.176,1.000,""
4.240,174.750,836.039,121.210,-95.580,-5.214,-20.773,-9.652,-5.849,1.000,0.000,0.027,0,0.000,0.190,1.000,""
4.260,174.338,835.624,121.013,-95.696,-5.477,-20.765,-9.844,-5.846,1.000,0.000,0.029,0,0.000,0.203,1.000,""
4.280,173.926,835.210,120.812,-95.812,-5.739,-20.757,-10.036,-5.844,1.000,0.000,0.033,0,0.000,0.216,1.000,""
4.300,173.513,834.795,120.608,-95.928,-5.999,-20.748,-10.228,-5.842,1.000,0.000,0.038,0,0.000,0.229,1.000,""
4.320,173.138,834.381,120.399,-96.043,-6.257,-20.740,-10.420,-5.839,1.000,0.000,0.041,0,0.000,0.241,1.000,""
4.340,172.825,833.967,120.187,-96.159,-6.513,-20.732,-10.612,-5.837,1.000,0.000,0.044,0,0.000,0.252,1.000,""
4.360,172.412,833.553,119.971,-96.274,-6.768,-20.724,-10.804,-5.835,1.000,0.000,0.048,0,0.000,0.262,1.000,""
4.380,171.999,833.139,119.751,-96.390,-7.020,-20.715,-10.996,-5.832,1.000,0.000,0.053,0,0.000,0.272,1.000,""
4.400,171.584,832.725,119.527,-96.506,-7.270,-20.707,-11.188,-5.830,1.000,0.000,0.057,0,0.000,0.281,1.000,""
4.420,171.241,832.312,119.300,-96.621,-7.519,-20.699,-11.379,-5.828,1.000,0.000,0.060,0,0.000,0.289,1.000,""
4.440,170.870,831.898,119.068,-96.737,-7.765,-20.690,-11.571,-5.825,1.000,0.000,0.064,0,0.000,0.297,1.000,""
4.460,170.455,831.485,118.833,-96.852,-8.008,-20.682,-11.762,-5.823,1.000,0.000,0.068,0,0.000,0.304,0.999,""
4.480,170.039,831.072,118.594,-96.968,-8.250,-20.674,-11.954,-5.821,1.000,0.000,0.072,0,0.000,0.310,0.999,""
4.500,169.623,830.659,118.351,-97.083,-8.489,-20.666,-12.145,-5.818,1.000,0.000,0.077,0,0.000,0.316,0.999,""
4.520,169.265,830.246,118.104,-97.199,-8.725,-20.657,-12.336,-5.816,1.000,0.000,0.080,0,0.000,0.321,0.999,""
4.540,168.848,829.833,117.853,-97.314,-8.959,-20.649,-12.528,-5.814,1.000,0.000,0.084,0,0.000,0.326,0.999,""
4.560,168.430,829.420,117.599,-97.429,-9.191,-20.641,-12.719,-5.811,1.000,0.000,0.089,0,0.000,0.330,0.999,""
4.580,168.012,829.008,117.341,-97.545,-9.419,-20.633,-12.910,-5.809,1.000,0.000,0.093,0,0.000,0.333,0.999,""
4.600,167.593,828.595,117.079,-97.660,-9.646,-20.624,-13.101,-5.807,1.000,0.000,0.097,0,0.000,0.335,0.999,""
4.620,167.175,828.183,116.813,-97.776,-9.869,-20.616,-13.292,-5.804,1.000,0.000,0.102,0,0.000,0.338,0.999,""
4.640,166.755,827.771,116.543,-97.891,-10.090,-20.608,-13.482,-5.802,1.000,0.000,0.106,0,0.000,0.339,0.998,""
4.660,166.333,827.359,116.270,-98.006,-10.308,-20.600,-13.673,-5.800,1.000,0.000,0.110,0,0.000,0.340,0.998,""
4.680,165.912,826.947,115.992,-98.122,-10.523,-20.591,-13.864,-5.797,1.000,0.000,0.114,0,0.000,0.340,0.998,""
4.700,165.417,826.536,115.711,-98.237,-10.736,-20.583,-14.054,-5.795,1.000,0.000,0.120,0,0.000,0.340,0.998,""
4.720,164.993,826.124,115.426,-98.352,-10.946,-20.575,-14.245,-5.793,1.000,0.000,0.124,0,0.000,0.339,0.998,""
4.740,164.569,825.713,115.138,-98.468,-11.153,-20.567,-14.435,-5.790,1.000,0.000,0.128,0,0.000,0.338,0.998,""
4.760,164.144,825.302,114.845,-98.583,-11.357,-20.558,-14.626,-5.788,1.000,0.000,0.132,0,0.000,0.336,0.998,""
4.780,163.574,824.890,114.549,-98.698,-11.558,-20.550,-14.816,-5.786,1.000,0.000,0.138,0,0.000,0.334,0.998,""
4.800,163.146,824.479,114.249,-98.814,-11.757,-20.542,-15.006,-5.783,1.000,0.000,0.142,0,0.000,0.331,0.998,""
4.820,162.717,824.069,113.945,-98.929,-11.952,-20.534,-15.196,-5.781,1.000,0.000,0.146,0,0.000,0.328,0.998,""
4.840,162.288,823.658,113.637,-99.044,-12.145,-20.526,-15.386,-5.779,1.000,0.000,0.150,0,0.000,0.324,0.998,""
4.860,161.636,823.247,113.325,-99.160,-12.335,-20.517,-15.576,-5.777,1.000,0.000,0.157,0,0.000,0.320,0.997,""
4.880,161.202,822.837,113.010,-99.275,-12.522,-20.509,-15.766,-5.774,1.000,0.000,0.160,0,0.000,0.316,0.997,""
4.900,160.768,822.427,112.691,-99.390,-12.706,-20.501,-15.956,-5.772,1.000,0.000,0.164,0,0.000,0.311,0.997,""
4.920,160.004,822.017,112.368,-99.505,-12.888,-20.493,-16.146,-5.770,1.000,0.000,0.172,0,0.000,0.306,0.997,""
4.940,159.566,821.607,112.041,-99.620,-13.066,-20.485,-16.335,-5.767,1.000,0.000,0.176,0,0.000,0.300,0.997,""
4.960,159.127,821.197,111.711,-99.736,-13.242,-20.476,-16.525,-5.765,1.000,0.000,0.179,0,0.000,0.294,0.997,""
4.980,158.284,820.788,111.377,-99.851,-13.415,-20.468,-16.714,-5.763,1.000,0.000,0.188,0,0.000,0.288,0.997,""
5.000,157.841,820.378,111.038,-99.966,-13.585,-20.460,-16.904,-5.760,1.000,0.000,0.191,0,0.000,0.282,0.997,""
5.020,157.396,819.969,110.697,-100.081,-13.752,-20.452,-17.093,-5.758,1.000,0.000,0.195,0,0.000,0.275,0.997,""
5.040,156.448,819.560,110.351,-100.196,-13.917,-20.444,-17.283,-5.756,1.000,0.000,0.204,0,0.000,0.268,0.997,""
5.060,155.997,819.151,110.002,-100.312,-14.079,-20.435,-17.472,-5.753,1.000,0.000,0.207,0,0.000,0.261,0.997,""
5.080,155.546,818.742,109.648,-100.427,-14.238,-20.427,-17.661,-5.751,1.000,0.000,0.211,0,0.000,0.253,0.998,""
5.100,154.445,818.333,109.291,-100.542,-14.395,-20.419,-17.850,-5.749,1.000,0.000,0.221,0,0.000,0.246,0.998,""
5.120,153.989,817.925,108.931,-100.657,-14.549,-20.411,-18.039,-5.747,1.000,0.000,0.224,0,0.000,0.238,0.998,""
5.140,152.820,817.516,108.566,-100.772,-14.700,-20.403,-18.228,-5.744,1.000,0.000,0.235,0,0.000,0.230,0.998,""
5.160,152.357,817.108,108.198,-100.887,-14.849,-20.395,-18.417,-5.742,1.000,0.000,0.238,0,0.000,0.222,0.998,""
5.180,151.104,816.700,107.826,-101.002,-14.995,-20.386,-18.605,-5.740,1.000,0.000,0.248,0,0.000,0.214,0.998,""
5.200,150.634,816.292,107.450,-101.117,-15.138,-20.378,-18.794,-5.737,1.000,0.000,0.252,0,0.000,0.205,0.998,""
5.220,149.228,815.885,107.070,-101.232,-15.279,-20.370,-18.983,-5.735,1.000,0.000,0.263,0,0.000,0.197,0.998,""
5.240,147.782,815.477,106.687,-101.347,-15.418,-20.362,-19.171,-5.733,1.000,0.000,0.273,0,0.000,0.188,0.998,""
5.260,147.302,815.070,106.300,-101.462,-15.554,-20.354,-19.360,-5.731,1.000,0.000,0.276,0,0.000,0.180,0.998,""
5.280,145.779,814.662,105.909,-101.577,-15.687,-20.346,-19.548,-5.728,1.000,0.000,0.286,0,0.000,0.171,0.998,""
5.300,144.149,814.255,105.514,-101.692,-15.818,-20.338,-19.736,-5.726,1.000,0.000,0.295,0,0.000,0.163,0.998,""
5.320,142.477,813.849,105.115,-101.807,-15.947,-20.329,-19.925,-5.724,1.000,0.000,0.302,0,0.000,0.154,0.998,""
5.340,141.986,813.442,104.713,-101.921,-16.073,-20.321,-20.113,-5.721,1.000,0.000,0.305,0,0.000,0.146,0.998,""
5.360,140.293,813.035,104.307,-102.036,-16.197,-20.313,-20.301,-5.719,1.000,0.000,0.310,0,0.000,0.137,0.999,""
5.380,138.600,812.629,103.897,-102.151,-16.319,-20.305,-20.489,-5.717,1.000,0.000,0.314,0,0.000,0.129,0.999,""
5.400,138.106,812.223,103.484,-102.266,-16.438,-20.297,-20.677,-5.714,1.000,0.000,0.316,0,0.000,0.120,0.999,""
5.420,136.717,811.817,103.067,-102.380,-16.555,-20.289,-20.865,-5.712,1.000,0.000,0.318,0,0.000,0.112,0.999,""
5.440,136.220,811.411,102.646,-102.495,-16.670,-20.281,-21.052,-5.710,1.000,0.000,0.320,0,0.000,0.104,0.999,""
5.460,135.145,811.005,102.221,-102.610,-16.783,-20.273,-21.240,-5.708,1.000,0.000,0.321,0,0.000,0.096,0.999,""
5.480,134.642,810.600,101.792,-102.724,-16.893,-20.264,-21.428,-5.705,1.000,0.000,0.323,0,0.000,0.088,0.999,""
5.500,133.586,810.194,101.360,-102.839,-17.002,-20.256,-21.615,-5.703,1.000,0.000,0.323,0,0.000,0.081,0.999,""
5.520,133.077,809.789,100.924,-102.953,-17.108,-20.248,-21.803,-5.701,1.000,0.000,0.325,0,0.000,0.074,0.999,""
5.540,132.567,809.384,100.484,-103.068,-17.212,-20.240,-21.990,-5.699,1.000,0.000,0.326,0,0.000,0.067,0.999,""
5.560,131.512,808.979,100.041,-103.182,-17.314,-20.232,-22.177,-5.696,1.000,0.000,0.326,0,0.000,0.060,0.999,""
5.580,130.997,808.575,99.593,-103.297,-17.414,-20.224,-22.365,-5.694,1.000,0.000,0.327,0,0.000,0.055,0.999,""
5.600,130.482,808.170,99.142,-103.411,-17.512,-20.216,-22.552,-5.692,1.000,0.000,0.328,0,0.000,0.049,0.999,""
5.620,129.412,807.766,98.688,-103.525,-17.608,-20.208,-22.739,-5.689,1.000,0.000,0.326,0,0.000,0.045,1.000,""
5.640,128.897,807.362,98.229,-103.640,-17.702,-20.200,-22.926,-5.687,1.000,0.000,0.327,0,0.000,0.042,1.000,""
5.660,127.818,806.958,97.767,-103.754,-17.794,-20.192,-23.113,-5.685,1.000,0.000,0.325,0,0.000,0.040,1.000,""
5.680,127.307,806.554,97.301,-103.868,-17.884,-20.184,-23.300,-5.683,1.000,0.000,0.326,0,0.000,0.039,1.000,""
5.700,126.796,806.150,96.831,-103.982,-17.972,-20.175,-23.487,-5.680,1.000,0.000,0.327,0,0.000,0.040,1.000,""
5.720,125.739,805.747,96.358,-104.096,-18.058,-20.167,-23.673,-5.678,1.000,0.000,0.324,0,0.000,0.042,1.000,""
5.740,125.239,805.344,95.881,-104.210,-18.142,-20.159,-23.860,-5.676,1.000,0.000,0.325,0,0.000,0.044,1.000,""
5.760,124.738,804.941,95.400,-104.324,-18.225,-20.151,-24.047,-5.673,1.000,0.000,0.325,0,0.000,0.048,1.000,""
5.780,123.743,804.538,94.915,-104.438,-18.305,-20.143,-24.233,-5.671,1.000,0.000,0.322,0,0.000,0.051,1.000,""
5.800,123.260,804.135,94.427,-104.552,-18.384,-20.135,-24.419,-5.669,1.000,0.000,0.323,0,0.000,0.055,1.000,""
5.820,122.777,803.732,93.934,-104.666,-18.461,-20.127,-24.606,-5.667,1.000,0.000,0.323,0,0.000,0.059,1.000,""
5.840,121.884,803.330,93.439,-104.780,-18.536,-20.119,-24.792,-5.664,1.000,0.000,0.320,0,0.000,0.064,1.000,"Mountain trunk:(0.241, -0.009, 0.971);Mountain trunk:(0.241, -0.009, 0.971);"
5.860,121.424,802.927,92.939,-104.894,-18.610,-20.111,-24.978,-5.662,1.000,0.000,0.320,0,0.000,0.068,1.000,"Mountain trunk:(0.000, 0.000, 1.000);Mountain trunk:(0.000, 0.000, 1.000);Mountain trunk:(0.000, 0.000, 1.000);Mountain trunk:(0.000, 0.000, 1.000);"
5.880,120.964,802.525,92.436,-105.007,-18.682,-20.103,-25.164,-5.660,1.000,0.000,0.321,0,0.000,0.072,1.000,"Mountain trunk:(0.000, 0.000, 1.000);Mountain trunk:(0.000, 0.000, 1.000);Mountain trunk:(0.000, 0.000, 1.000);Mountain trunk:(0.000, 0.000, 1.000);"
5.900,120.504,802.123,91.929,-105.121,-18.751,-20.095,-25.351,-5.658,1.000,0.000,0.321,0,0.000,0.076,1.000,"Mountain trunk:(-0.490, 0.000, 0.872);"
5.920,119.749,801.722,91.418,-105.235,-18.820,-20.087,-25.536,-5.655,1.000,0.000,0.318,0,0.000,0.080,1.000,"Mountain trunk:(-0.978, -0.011, 0.207);Mountain trunk:(-0.978, -0.011, 0.207);Mountain trunk:(-0.978, -0.011, 0.207);Mountain trunk:(-0.978, -0.011, 0.207);"
5.940,119.313,801.320,90.904,-105.348,-18.886,-20.079,-25.722,-5.653,1.000,0.000,0.319,0,0.000,0.084,1.000,""
5.960,118.878,800.919,90.385,-105.461,-18.951,-20.071,-25.908,-5.651,1.000,0.000,0.319,0,0.000,0.088,1.000,""
5.980,117.980,800.518,89.864,-105.575,-19.014,-20.063,-26.094,-5.649,1.000,0.000,0.315,0,0.000,0.091,1.000,""
6.000,117.537,800.116,89.338,-105.688,-19.076,-20.055,-26.280,-5.646,1.000,0.000,0.315,0,0.000,0.094,1.000,""
6.020,117.095,799.716,88.809,-105.802,-19.136,-20.047,-26.465,-5.644,1.000,0.000,0.315,0,0.000,0.098,1.000,""
6.040,115.796,799.315,88.276,-105.915,-19.194,-20.039,-26.651,-5.642,1.000,0.000,0.306,0,0.000,0.101,1.000,""
6.060,115.312,798.914,87.739,-106.028,-19.251,-20.031,-26.836,-5.640,1.000,0.000,0.305,0,0.000,0.103,1.000,""
6.080,114.826,798.514,87.198,-106.141,-19.306,-20.023,-27.022,-5.637,1.000,0.000,0.304,0,0.000,0.106,1.000,""
6.100,114.015,798.114,86.654,-106.254,-19.360,-20.015,-27.207,-5.635,1.000,0.000,0.300,0,0.000,0.108,1.000,""
6.120,113.531,797.713,86.107,-106.367,-19.411,-20.007,-27.392,-5.633,1.000,0.000,0.298,0,0.000,0.110,1.000,""
6.140,113.047,797.313,85.556,-106.478,-19.557,-20.011,-27.515,-5.577,1.000,0.000,0.297,0,0.000,0.112,1.000,"Ground_720_320:(-0.153, 0.748, 0.646);Ground_720_320:(-0.153, 0.748, 0.646);Ground_720_320:(-0.153, 0.748, 0.646);"
6.160,112.562,796.867,85.073,-106.479,-23.550,-20.669,-23.870,-2.510,1.000,0.000,0.296,1,11.250,0.163,0.978,"Ground_720_320:(-0.139, 0.754, 0.642);Ground_720_320:(-0.139, 0.754, 0.642);Ground_720_320:(-0.139, 0.754, 0.642);Ground_720_320:(-0.139, 0.754, 0.642);Ground_720_320:(-0.139, 0.754, 0.642);Ground_720_320:(-0.139, 0.754, 0.642);"
6.180,111.742,796.452,84.669,-106.392,-23.151,-20.814,-18.904,0.474,1.000,0.000,0.280,2,22.500,60.119,0.887,"Ground_720_320:(-0.163, 0.765, 0.623);Ground_720_320:(-0.163, 0.765, 0.623);Ground_720_320:(-0.163, 0.765, 0.623);Ground_720_320:(-0.163, 0.765, 0.623);Ground_720_320:(-0.163, 0.765, 0.623);Ground_720_320:(-0.163, 0.765, 0.623);Ground_720_320:(-0.104, 0.780, 0.617);Ground_720_320:(-0.104, 0.780, 0.617);Ground_720_320:(-0.104, 0.780, 0.617);Ground_720_320:(-0.104, 0.780, 0.617);Ground_720_320:(-0.104, 0.780, 0.617);Ground_720_320:(-0.104, 0.780, 0.617);Ground_720_320:(-0.072, 0.758, 0.648);"
6.200,111.263,796.063,84.380,-106.281,-21.185,-19.772,-13.380,3.798,1.000,0.000,0.275,4,45.000,84.276,0.816,"Ground_720_320:(-0.097, 0.782, 0.616);Ground_720_320:(-0.097, 0.782, 0.616);Ground_720_320:(-0.097, 0.782, 0.616);Ground_720_320:(-0.097, 0.782, 0.616);Ground_720_320:(-0.097, 0.782, 0.616);Ground_720_320:(-0.097, 0.782, 0.616);Ground_720_320:(-0.072, 0.758, 0.648);"
6.220,110.828,795.691,84.217,-106.148,-19.615,-18.847,-7.955,6.572,1.000,0.000,0.274,4,43.874,42.600,0.809,"Ground_720_320:(-0.080, 0.797, 0.598);Ground_720_320:(-0.080, 0.797, 0.598);Ground_720_320:(-0.080, 0.797, 0.598);Ground_720_320:(-0.080, 0.797, 0.598);Ground_720_320:(-0.080, 0.797, 0.598);Ground_720_320:(-0.080, 0.797, 0.598);Ground_720_320:(-0.137, 0.830, 0.541);Ground_720_320:(-0.137, 0.830, 0.541);Ground_720_320:(-0.137, 0.830, 0.541);Ground_720_320:(-0.137, 0.830, 0.541);"
6.240,110.143,795.330,84.101,-106.004,-18.805,-18.226,-5.946,7.140,1.000,0.000,0.272,4,33.115,8.604,0.810,"Ground_720_320:(-0.061, 0.831, 0.553);Ground_720_320:(-0.061, 0.831, 0.553);Ground_720_320:(-0.061, 0.831, 0.553);Ground_720_320:(-0.061, 0.831, 0.553);Ground_720_320:(-0.061, 0.831, 0.553);Ground_720_320:(-0.061, 0.831, 0.553);Ground_720_320:(-0.095, 0.777, 0.623);Ground_720_320:(-0.095, 0.777, 0.623);Ground_720_320:(-0.095, 0.777, 0.623);Ground_720_320:(-0.130, 0.789, 0.600);"
6.260,109.761,794.977,83.992,-105.865,-18.240,-17.745,-5.447,6.854,1.000,0.000,0.271,4,19.015,3.052,0.808,"Ground_720_320:(-0.064, 0.832, 0.552);Ground_720_320:(-0.064, 0.832, 0.552);Ground_720_320:(-0.064, 0.832, 0.552);Ground_720_320:(-0.064, 0.832, 0.552);Ground_720_320:(-0.064, 0.832, 0.552);Ground_720_320:(-0.064, 0.832, 0.552);Ground_720_320:(-0.037, 0.846, 0.531);"
6.280,109.388,794.633,83.893,-105.734,-17.646,-17.256,-4.988,6.545,1.000,0.000,0.270,4,17.093,2.493,0.807,"Ground_720_320:(-0.055, 0.833, 0.551);Ground_720_320:(-0.055, 0.833, 0.551);Ground_720_320:(-0.055, 0.833, 0.551);Ground_720_320:(-0.055, 0.833, 0.551);Ground_720_320:(-0.055, 0.833, 0.551);Ground_720_320:(-0.055, 0.833, 0.551);"
6.300,109.027,794.298,83.802,-105.609,-17.033,-16.759,-4.561,6.219,1.000,0.000,0.268,4,15.536,2.044,0.806,"Ground_720_320:(-0.046, 0.833, 0.551);Ground_720_320:(-0.046, 0.833, 0.551);Ground_720_320:(-0.046, 0.833, 0.551);Ground_720_320:(-0.046, 0.833, 0.551);Ground_720_320:(-0.046, 0.833, 0.551);Ground_720_320:(-0.046, 0.833, 0.551);"
6.320,108.676,793.974,83.718,-105.491,-16.406,-16.252,-4.161,5.883,1.000,0.000,0.266,4,14.097,1.749,0.805,"Ground_720_320:(-0.046, 0.833, 0.551);Ground_720_320:(-0.046, 0.833, 0.551);Ground_720_320:(-0.046, 0.833, 0.551);Ground_720_320:(-0.046, 0.833, 0.551);Ground_720_320:(-0.046, 0.833, 0.551);Ground_720_320:(-0.046, 0.833, 0.551);"
6.340,108.056,793.659,83.642,-105.380,-15.771,-15.734,-3.790,5.535,1.000,0.000,0.260,4,12.712,1.388,0.805,"Ground_720_320:(-0.045, 0.834, 0.550);Ground_720_320:(-0.045, 0.834, 0.550);Ground_720_320:(-0.045, 0.834, 0.550);Ground_720_320:(-0.045, 0.834, 0.550);Ground_720_320:(-0.045, 0.834, 0.550);Ground_720_320:(-0.045, 0.834, 0.550);Ground_720_320:(-0.038, 0.883, 0.467);Ground_720_320:(-0.038, 0.883, 0.467);Ground_720_320:(-0.038, 0.883, 0.467);Ground_720_320:(-0.038, 0.883, 0.467);Ground_720_320:(-0.038, 0.883, 0.467);"
6.360,107.727,793.356,83.574,-105.277,-15.133,-15.206,-3.443,5.181,1.000,0.000,0.257,4,11.542,1.061,0.806,"Ground_720_320:(-0.042, 0.877, 0.478);Ground_720_320:(-0.042, 0.877, 0.478);Ground_720_320:(-0.042, 0.877, 0.478);Ground_720_320:(-0.042, 0.877, 0.478);Ground_720_320:(-0.042, 0.877, 0.478);Ground_720_320:(-0.042, 0.877, 0.478);Ground_720_320:(-0.044, 0.835, 0.549);Ground_720_320:(-0.044, 0.835, 0.549);Ground_720_320:(-0.044, 0.835, 0.549);Ground_720_320:(-0.044, 0.835, 0.549);Ground_720_320:(-0.044, 0.835, 0.549);Ground_720_320:(-0.044, 0.835, 0.549);"
6.380,107.410,793.063,83.511,-105.181,-14.494,-14.665,-3.132,4.812,1.000,0.000,0.254,4,10.582,1.544,0.807,"Ground_720_320:(-0.042, 0.877, 0.478);Ground_720_320:(-0.042, 0.877, 0.478);Ground_720_320:(-0.042, 0.877, 0.478);Ground_720_320:(-0.042, 0.877, 0.478);Ground_720_320:(-0.042, 0.877, 0.478);Ground_720_320:(-0.042, 0.877, 0.478);Ground_720_320:(-0.041, 0.835, 0.549);Ground_720_320:(-0.041, 0.835, 0.549);Ground_720_320:(-0.041, 0.835, 0.549);Ground_720_320:(-0.041, 0.835, 0.549);Ground_720_320:(-0.041, 0.835, 0.549);Ground_720_320:(-0.041, 0.835, 0.549);"
6.400,107.106,792.781,83.455,-105.093,-13.855,-14.113,-2.851,4.436,1.000,0.000,0.250,4,10.307,1.887,0.809,"Ground_720_320:(-0.040, 0.872, 0.488);Ground_720_320:(-0.040, 0.872, 0.488);Ground_720_320:(-0.040, 0.872, 0.488);Ground_720_320:(-0.040, 0.872, 0.488);Ground_720_320:(-0.040, 0.872, 0.488);Ground_720_320:(-0.040, 0.872, 0.488);Ground_720_320:(-0.035, 0.832, 0.554);Ground_720_320:(-0.035, 0.832, 0.554);Ground_720_320:(-0.035, 0.832, 0.554);Ground_720_320:(-0.035, 0.832, 0.554);Ground_720_320:(-0.035, 0.832, 0.554);Ground_720_320:(-0.035, 0.832, 0.554);"
6.420,106.813,792.510,83.404,-105.013,-13.219,-13.551,-2.573,4.068,1.000,0.000,0.247,4,10.344,1.432,0.812,"Ground_720_320:(-0.036, 0.872, 0.489);Ground_720_320:(-0.036, 0.872, 0.489);Ground_720_320:(-0.036, 0.872, 0.489);Ground_720_320:(-0.036, 0.872, 0.489);Ground_720_320:(-0.036, 0.872, 0.489);Ground_720_320:(-0.036, 0.872, 0.489);"
6.440,106.533,792.250,83.359,-104.940,-12.586,-12.980,-2.301,3.707,1.000,0.000,0.244,4,10.413,1.011,0.815,"Ground_720_320:(-0.034, 0.872, 0.489);Ground_720_320:(-0.034, 0.872, 0.489);Ground_720_320:(-0.034, 0.872, 0.489);Ground_720_320:(-0.034, 0.872, 0.489);Ground_720_320:(-0.034, 0.872, 0.489);Ground_720_320:(-0.034, 0.872, 0.489);"
6.460,105.994,792.003,83.319,-104.874,-11.958,-12.399,-2.032,3.356,1.000,0.000,0.238,4,10.422,0.677,0.818,"Ground_720_320:(-0.033, 0.872, 0.489);Ground_720_320:(-0.033, 0.872, 0.489);Ground_720_320:(-0.033, 0.872, 0.489);Ground_720_320:(-0.033, 0.872, 0.489);Ground_720_320:(-0.033, 0.872, 0.489);Ground_720_320:(-0.033, 0.872, 0.489);"
6.480,105.739,791.767,83.285,-104.815,-11.335,-11.809,-1.769,3.011,1.000,0.000,0.235,4,10.351,0.448,0.822,"Ground_720_320:(-0.033, 0.872, 0.489);Ground_720_320:(-0.033, 0.872, 0.489);Ground_720_320:(-0.033, 0.872, 0.489);Ground_720_320:(-0.033, 0.872, 0.489);Ground_720_320:(-0.033, 0.872, 0.489);Ground_720_320:(-0.033, 0.872, 0.489);"
6.500,105.497,791.543,83.256,-104.763,-10.718,-11.210,-1.512,2.672,1.000,0.000,0.232,4,10.209,0.387,0.826,"Ground_720_320:(-0.032, 0.872, 0.489);Ground_720_320:(-0.032, 0.872, 0.489);Ground_720_320:(-0.032, 0.872, 0.489);Ground_720_320:(-0.032, 0.872, 0.489);Ground_720_320:(-0.032, 0.872, 0.489);Ground_720_320:(-0.032, 0.872, 0.489);"
6.520,105.268,791.331,83.232,-104.718,-10.107,-10.603,-1.262,2.338,1.000,0.000,0.229,4,10.005,0.486,0.830,"Ground_720_320:(-0.033, 0.872, 0.489);Ground_720_320:(-0.033, 0.872, 0.489);Ground_720_320:(-0.033, 0.872, 0.489);Ground_720_320:(-0.033, 0.872, 0.489);Ground_720_320:(-0.033, 0.872, 0.489);Ground_720_320:(-0.033, 0.872, 0.489);"
6.540,105.052,791.131,83.212,-104.679,-9.502,-9.988,-1.020,2.008,1.000,0.000,0.227,4,9.741,0.634,0.833,"Ground_720_320:(-0.034, 0.872, 0.489);Ground_720_320:(-0.034, 0.872, 0.489);Ground_720_320:(-0.034, 0.872, 0.489);Ground_720_320:(-0.034, 0.872, 0.489);Ground_720_320:(-0.034, 0.872, 0.489);Ground_720_320:(-0.034, 0.872, 0.489);"
6.560,104.850,790.944,83.198,-104.647,-8.903,-9.365,-0.787,1.681,1.000,0.000,0.224,4,9.443,0.739,0.837,"Ground_720_320:(-0.033, 0.872, 0.489);Ground_720_320:(-0.033, 0.872, 0.489);Ground_720_320:(-0.033, 0.872, 0.489);Ground_720_320:(-0.033, 0.872, 0.489);Ground_720_320:(-0.033, 0.872, 0.489);Ground_720_320:(-0.033, 0.872, 0.489);"
6.580,104.661,790.770,83.187,-104.622,-8.310,-8.735,-0.565,1.357,1.000,0.000,0.222,4,9.159,0.821,0.841,"Ground_720_320:(-0.032, 0.872, 0.488);Ground_720_320:(-0.032, 0.872, 0.488);Ground_720_320:(-0.032, 0.872, 0.488);Ground_720_320:(-0.032, 0.872, 0.488);Ground_720_320:(-0.032, 0.872, 0.488);Ground_720_320:(-0.032, 0.872, 0.488);"
6.600,104.486,790.608,83.181,-104.603,-7.723,-8.098,-0.351,1.036,1.000,0.000,0.220,4,8.880,0.917,0.844,"Ground_720_320:(-0.030, 0.872, 0.488);Ground_720_320:(-0.030, 0.872, 0.488);Ground_720_320:(-0.030, 0.872, 0.488);Ground_720_320:(-0.030, 0.872, 0.488);Ground_720_320:(-0.030, 0.872, 0.488);Ground_720_320:(-0.030, 0.872, 0.488);"
6.620,104.063,790.460,83.179,-104.589,-7.141,-7.460,-0.156,0.736,1.000,0.000,0.216,4,8.591,0.981,0.848,"Ground_720_320:(-0.030, 0.885, 0.465);Ground_720_320:(-0.030, 0.885, 0.465);Ground_720_320:(-0.030, 0.885, 0.465);Ground_720_320:(-0.030, 0.885, 0.465);Ground_720_320:(-0.030, 0.885, 0.465);Ground_720_320:(-0.030, 0.885, 0.465);"
6.640,103.915,790.323,83.180,-104.580,-6.563,-6.833,-0.011,0.511,1.000,0.000,0.214,4,8.297,1.032,0.851,"Ground_720_320:(-0.029, 0.890, 0.455);Ground_720_320:(-0.029, 0.890, 0.455);Ground_720_320:(-0.029, 0.890, 0.455);Ground_720_320:(-0.029, 0.890, 0.455);Ground_720_320:(-0.029, 0.890, 0.455);Ground_720_320:(-0.029, 0.890, 0.455);"
6.660,103.780,790.199,83.182,-104.575,-5.988,-6.218,0.090,0.347,1.000,0.000,0.213,4,7.985,1.062,0.853,"Ground_720_320:(-0.030, 0.897, 0.442);Ground_720_320:(-0.030, 0.897, 0.442);Ground_720_320:(-0.030, 0.897, 0.442);Ground_720_320:(-0.030, 0.897, 0.442);Ground_720_320:(-0.030, 0.897, 0.442);Ground_720_320:(-0.030, 0.897, 0.442);"
6.680,103.658,790.087,83.186,-104.571,-5.415,-5.613,0.156,0.234,1.000,0.000,0.211,4,7.684,1.066,0.856,"Ground_720_320:(-0.031, 0.909, 0.416);Ground_720_320:(-0.031, 0.909, 0.416);Ground_720_320:(-0.031, 0.909, 0.416);Ground_720_320:(-0.031, 0.909, 0.416);Ground_720_320:(-0.031, 0.909, 0.416);Ground_720_320:(-0.031, 0.909, 0.416);"
6.700,103.549,789.987,83.191,-104.569,-4.843,-5.016,0.191,0.161,1.000,0.000,0.210,4,7.410,1.051,0.858,""
6.720,103.451,789.899,83.195,-104.568,-4.274,-4.427,0.202,0.123,1.000,0.000,0.208,4,7.173,1.025,0.860,""
6.740,103.365,789.823,83.200,-104.566,-3.705,-3.845,0.190,0.112,1.000,0.000,0.205,4,6.991,0.970,0.862,""
6.760,103.290,789.757,83.203,-104.564,-3.137,-3.270,0.161,0.127,1.000,0.000,0.202,4,6.879,0.928,0.864,""
6.780,103.226,789.704,83.206,-104.562,-2.570,-2.700,0.118,0.162,1.000,0.000,0.199,4,6.814,0.880,0.865,""
6.800,103.174,789.661,83.208,-104.558,-2.003,-2.135,0.065,0.216,1.000,0.000,0.197,4,6.792,0.829,0.867,""
6.820,103.132,789.630,83.208,-104.553,-1.437,-1.574,0.002,0.285,1.000,0.000,0.194,4,6.811,0.774,0.868,""
6.840,103.101,789.610,83.207,-104.546,-0.871,-1.017,-0.067,0.368,1.000,0.000,0.192,4,6.864,0.720,0.869,""
6.860,103.080,789.601,83.204,-104.537,-0.305,-0.464,-0.141,0.463,1.000,0.000,0.190,4,6.947,0.666,0.869,""
6.880,103.070,789.599,83.201,-104.527,0.060,-0.105,-0.195,0.514,1.000,0.000,0.188,4,7.054,0.593,0.870,""
6.900,103.067,789.604,83.196,-104.516,0.425,0.251,-0.251,0.575,1.000,0.000,0.187,4,7.187,0.545,0.871,""
6.920,103.070,789.616,83.190,-104.503,0.787,0.603,-0.306,0.642,1.000,0.000,0.187,4,7.331,0.524,0.871,""
6.940,103.080,789.635,83.183,-104.489,1.146,0.952,-0.361,0.714,1.000,0.000,0.188,4,7.473,0.481,0.871,""
6.960,103.096,789.661,83.174,-104.474,1.504,1.297,-0.415,0.790,1.000,0.000,0.189,4,7.617,0.443,0.872,""
6.980,103.119,789.694,83.165,-104.456,1.858,1.639,-0.468,0.870,1.000,0.000,0.189,4,7.760,0.410,0.872,""
7.000,103.149,789.734,83.155,-104.437,2.211,1.978,-0.519,0.953,1.000,0.000,0.190,4,7.919,0.526,0.872,""
7.020,103.184,789.780,83.144,-104.417,2.560,2.315,-0.567,1.038,1.000,0.000,0.191,4,8.105,0.434,0.873,""
7.040,103.226,789.833,83.132,-104.395,2.908,2.649,-0.611,1.124,1.000,0.000,0.192,4,8.278,0.350,0.873,""
7.060,103.274,789.893,83.119,-104.371,3.252,2.980,-0.653,1.212,1.000,0.000,0.193,4,8.438,0.273,0.874,""
7.080,103.329,789.959,83.105,-104.345,3.594,3.310,-0.691,1.299,1.000,0.000,0.193,4,8.583,0.201,0.874,""
7.100,103.390,790.032,83.091,-104.318,3.933,3.637,-0.726,1.386,1.000,0.000,0.195,4,8.710,0.145,0.875,""
7.120,103.457,790.111,83.076,-104.289,4.270,3.963,-0.757,1.471,1.000,0.000,0.196,4,8.825,0.085,0.876,""
7.140,103.530,790.197,83.060,-104.258,4.604,4.287,-0.785,1.555,1.000,0.000,0.197,4,8.925,0.033,0.877,""
7.160,103.609,790.289,83.044,-104.226,4.935,4.609,-0.811,1.637,1.000,0.000,0.198,4,9.008,0.047,0.877,""
7.180,103.694,790.387,83.028,-104.192,5.263,4.929,-0.833,1.716,1.000,0.000,0.199,4,9.076,0.099,0.878,""
7.200,103.785,790.492,83.011,-104.156,5.588,5.247,-0.852,1.791,1.000,0.000,0.200,4,9.131,0.148,0.879,""
7.220,103.882,790.603,82.994,-104.119,5.910,5.564,-0.868,1.863,1.000,0.000,0.201,4,9.175,0.202,0.880,""
7.240,103.986,790.721,82.976,-104.081,6.230,5.880,-0.882,1.931,1.000,0.000,0.201,4,9.207,0.257,0.881,""
7.260,104.363,790.844,82.959,-104.042,6.546,6.194,-0.892,1.994,1.000,0.000,0.204,4,9.234,0.305,0.881,""
7.280,104.479,790.974,82.941,-104.001,6.860,6.506,-0.900,2.052,1.000,0.000,0.204,4,9.301,0.578,0.882,""
7.300,104.601,791.110,82.923,-103.960,7.170,6.817,-0.901,2.106,1.000,0.000,0.205,4,9.461,0.471,0.883,""
7.320,104.729,791.253,82.906,-103.917,7.477,7.127,-0.897,2.156,1.000,0.000,0.205,4,9.605,0.335,0.885,"Ground_720_320:(-0.039, 0.922, 0.384);Ground_720_320:(-0.039, 0.922, 0.384);"
7.340,104.863,791.401,82.888,-103.874,7.781,7.434,-0.888,2.201,1.000,0.000,0.206,4,9.723,0.244,0.886,"Ground_720_320:(-0.039, 0.922, 0.384);Ground_720_320:(-0.039, 0.922, 0.384);Ground_720_320:(-0.039, 0.922, 0.384);Ground_720_320:(-0.039, 0.922, 0.384);"
7.360,105.003,791.556,82.871,-103.830,8.082,7.741,-0.874,2.241,1.000,0.000,0.207,4,9.810,0.194,0.887,"Ground_720_320:(-0.039, 0.923, 0.384);Ground_720_320:(-0.039, 0.923, 0.384);Ground_720_320:(-0.039, 0.923, 0.384);"
7.380,105.149,791.716,82.855,-103.785,8.380,8.045,-0.856,2.274,1.000,0.000,0.207,4,9.865,0.213,0.889,"Ground_720_320:(-0.037, 0.922, 0.385);Ground_720_320:(-0.037, 0.922, 0.385);Ground_720_320:(-0.037, 0.922, 0.385);Ground_720_320:(-0.037, 0.922, 0.385);"
7.400,105.301,791.883,82.838,-103.740,8.674,8.348,-0.834,2.300,1.000,0.000,0.208,4,9.891,0.249,0.890,"Ground_720_320:(-0.037, 0.922, 0.385);Ground_720_320:(-0.037, 0.922, 0.385);Ground_720_320:(-0.037, 0.922, 0.385);Ground_720_320:(-0.037, 0.922, 0.385);"
7.420,105.459,792.056,82.822,-103.694,8.966,8.649,-0.809,2.319,1.000,0.000,0.209,4,9.893,0.309,0.891,"Ground_720_320:(-0.037, 0.922, 0.386);Ground_720_320:(-0.037, 0.922, 0.386);Ground_720_320:(-0.037, 0.922, 0.386);Ground_720_320:(-0.037, 0.922, 0.386);Ground_720_320:(-0.037, 0.922, 0.386);Ground_720_320:(-0.037, 0.922, 0.386);"
7.440,105.624,792.235,82.807,-103.648,9.254,8.949,-0.781,2.331,1.000,0.000,0.210,4,9.875,0.364,0.893,"Ground_720_320:(-0.036, 0.922, 0.386);Ground_720_320:(-0.036, 0.922, 0.386);Ground_720_320:(-0.036, 0.922, 0.386);Ground_720_320:(-0.036, 0.922, 0.386);Ground_720_320:(-0.036, 0.922, 0.386);Ground_720_320:(-0.036, 0.922, 0.386);"
7.460,105.794,792.420,82.793,-103.603,9.539,9.246,-0.750,2.335,1.000,0.000,0.211,4,9.836,0.415,0.894,"Ground_720_320:(-0.044, 0.961, 0.275);Ground_720_320:(-0.044, 0.961, 0.275);Ground_720_320:(-0.044, 0.961, 0.275);Ground_720_320:(-0.037, 0.922, 0.385);Ground_720_320:(-0.037, 0.922, 0.385);Ground_720_320:(-0.037, 0.922, 0.385);Ground_720_320:(-0.037, 0.922, 0.385);Ground_720_320:(-0.037, 0.922, 0.385);Ground_720_320:(-0.037, 0.922, 0.385);"
7.480,105.970,792.610,82.779,-103.557,9.820,9.542,-0.715,2.331,1.000,0.000,0.212,4,9.792,0.416,0.895,"Ground_720_320:(-0.044, 0.961, 0.275);Ground_720_320:(-0.044, 0.961, 0.275);Ground_720_320:(-0.044, 0.961, 0.275);Ground_720_320:(-0.038, 0.922, 0.385);Ground_720_320:(-0.038, 0.922, 0.385);Ground_720_320:(-0.038, 0.922, 0.385);Ground_720_320:(-0.038, 0.922, 0.385);Ground_720_320:(-0.038, 0.922, 0.385);Ground_720_320:(-0.038, 0.922, 0.385);"
7.500,106.441,792.807,82.766,-103.511,10.098,9.836,-0.678,2.318,1.000,0.000,0.216,4,9.753,0.480,0.897,"Ground_720_320:(-0.044, 0.961, 0.275);Ground_720_320:(-0.044, 0.961, 0.275);Ground_720_320:(-0.044, 0.961, 0.275);Ground_720_320:(-0.040, 0.923, 0.383);Ground_720_320:(-0.040, 0.923, 0.383);Ground_720_320:(-0.040, 0.923, 0.383);Ground_720_320:(-0.040, 0.923, 0.383);Ground_720_320:(-0.040, 0.923, 0.383);Ground_720_320:(-0.040, 0.923, 0.383);Ground_720_320:(-0.033, 0.890, 0.455);Ground_720_320:(-0.033, 0.890, 0.455);Ground_720_320:(-0.033, 0.890, 0.455);Ground_720_320:(-0.033, 0.890, 0.455);Ground_720_320:(-0.033, 0.890, 0.455);Ground_720_320:(-0.033, 0.890, 0.455);"
7.520,106.629,793.009,82.753,-103.466,10.373,10.127,-0.637,2.298,1.000,0.000,0.217,4,9.713,0.526,0.898,"Ground_720_320:(-0.044, 0.960, 0.275);Ground_720_320:(-0.044, 0.960, 0.275);Ground_720_320:(-0.044, 0.960, 0.275);Ground_720_320:(-0.044, 0.960, 0.275);Ground_720_320:(-0.044, 0.960, 0.275);Ground_720_320:(-0.044, 0.960, 0.275);Ground_720_320:(-0.040, 0.923, 0.383);Ground_720_320:(-0.040, 0.923, 0.383);Ground_720_320:(-0.040, 0.923, 0.383);Ground_720_320:(-0.040, 0.923, 0.383);Ground_720_320:(-0.040, 0.923, 0.383);Ground_720_320:(-0.040, 0.923, 0.383);Ground_720_320:(-0.039, 0.883, 0.467);Ground_720_320:(-0.039, 0.883, 0.467);Ground_720_320:(-0.039, 0.883, 0.467);Ground_720_320:(-0.039, 0.883, 0.467);Ground_720_320:(-0.039, 0.883, 0.467);Ground_720_320:(-0.039, 0.883, 0.467);"
7.540,106.824,793.218,82.742,-103.421,10.645,10.416,-0.593,2.268,1.000,0.000,0.218,4,9.667,0.583,0.899,"Ground_720_320:(-0.045, 0.923, 0.383);Ground_720_320:(-0.045, 0.923, 0.383);Ground_720_320:(-0.045, 0.923, 0.383);Ground_720_320:(-0.045, 0.923, 0.383);Ground_720_320:(-0.045, 0.923, 0.383);Ground_720_320:(-0.045, 0.923, 0.383);Ground_720_320:(-0.038, 0.890, 0.455);Ground_720_320:(-0.038, 0.890, 0.455);Ground_720_320:(-0.038, 0.890, 0.455);Ground_720_320:(-0.038, 0.890, 0.455);Ground_720_320:(-0.038, 0.890, 0.455);Ground_720_320:(-0.038, 0.890, 0.455);Ground_720_320:(-0.047, 0.961, 0.273);Ground_720_320:(-0.047, 0.961, 0.273);Ground_720_320:(-0.047, 0.961, 0.273);Ground_720_320:(-0.047, 0.961, 0.273);Ground_720_320:(-0.047, 0.961, 0.273);Ground_720_320:(-0.047, 0.961, 0.273);"
7.560,107.024,793.432,82.731,-103.377,10.913,10.703,-0.547,2.229,1.000,0.000,0.219,4,9.690,0.101,0.901,"Ground_720_320:(-0.045, 0.923, 0.383);Ground_720_320:(-0.045, 0.923, 0.383);Ground_720_320:(-0.045, 0.923, 0.383);Ground_720_320:(-0.045, 0.923, 0.383);Ground_720_320:(-0.045, 0.923, 0.383);Ground_720_320:(-0.045, 0.923, 0.383);Ground_720_320:(-0.040, 0.883, 0.468);Ground_720_320:(-0.040, 0.883, 0.468);Ground_720_320:(-0.040, 0.883, 0.468);Ground_720_320:(-0.040, 0.883, 0.468);Ground_720_320:(-0.040, 0.883, 0.468);Ground_720_320:(-0.040, 0.883, 0.468);Ground_720_320:(-0.047, 0.961, 0.273);Ground_720_320:(-0.047, 0.961, 0.273);Ground_720_320:(-0.047, 0.961, 0.273);Ground_720_320:(-0.047, 0.961, 0.273);Ground_720_320:(-0.047, 0.961, 0.273);Ground_720_320:(-0.047, 0.961, 0.273);"
7.580,107.231,793.651,82.722,-103.335,11.178,10.987,-0.495,2.181,1.000,0.000,0.221,4,9.769,0.140,0.902,"Ground_720_320:(-0.046, 0.923, 0.382);Ground_720_320:(-0.046, 0.923, 0.382);Ground_720_320:(-0.046, 0.923, 0.382);Ground_720_320:(-0.046, 0.923, 0.382);Ground_720_320:(-0.046, 0.923, 0.382);Ground_720_320:(-0.046, 0.923, 0.382);Ground_720_320:(-0.040, 0.883, 0.467);Ground_720_320:(-0.040, 0.883, 0.467);Ground_720_320:(-0.040, 0.883, 0.467);Ground_720_320:(-0.040, 0.883, 0.467);Ground_720_320:(-0.040, 0.883, 0.467);Ground_720_320:(-0.040, 0.883, 0.467);Ground_720_320:(-0.047, 0.961, 0.273);Ground_720_320:(-0.047, 0.961, 0.273);Ground_720_320:(-0.047, 0.961, 0.273);Ground_720_320:(-0.047, 0.961, 0.273);Ground_720_320:(-0.047, 0.961, 0.273);Ground_720_320:(-0.047, 0.961, 0.273);"
7.600,107.443,793.876,82.713,-103.293,11.440,11.269,-0.442,2.123,1.000,0.000,0.222,4,9.834,0.321,0.904,"Ground_720_320:(-0.046, 0.923, 0.382);Ground_720_320:(-0.046, 0.923, 0.382);Ground_720_320:(-0.046, 0.923, 0.382);Ground_720_320:(-0.046, 0.923, 0.382);Ground_720_320:(-0.046, 0.923, 0.382);Ground_720_320:(-0.046, 0.923, 0.382);Ground_720_320:(-0.041, 0.883, 0.468);Ground_720_320:(-0.041, 0.883, 0.468);Ground_720_320:(-0.041, 0.883, 0.468);Ground_720_320:(-0.041, 0.883, 0.468);Ground_720_320:(-0.041, 0.883, 0.468);Ground_720_320:(-0.041, 0.883, 0.468);Ground_720_320:(-0.047, 0.961, 0.273);Ground_720_320:(-0.047, 0.961, 0.273);Ground_720_320:(-0.047, 0.961, 0.273);Ground_720_320:(-0.047, 0.961, 0.273);Ground_720_320:(-0.047, 0.961, 0.273);Ground_720_320:(-0.047, 0.961, 0.273);"
7.620,107.661,794.107,82.706,-103.253,11.698,11.547,-0.383,2.057,1.000,0.000,0.223,4,9.957,0.193,0.906,"Ground_720_320:(-0.048, 0.961, 0.272);Ground_720_320:(-0.048, 0.961, 0.272);Ground_720_320:(-0.048, 0.961, 0.272);Ground_720_320:(-0.048, 0.961, 0.272);Ground_720_320:(-0.048, 0.961, 0.272);Ground_720_320:(-0.048, 0.961, 0.272);Ground_720_320:(-0.045, 0.923, 0.382);Ground_720_320:(-0.045, 0.923, 0.382);Ground_720_320:(-0.045, 0.923, 0.382);Ground_720_320:(-0.045, 0.923, 0.382);Ground_720_320:(-0.045, 0.923, 0.382);Ground_720_320:(-0.045, 0.923, 0.382);Ground_720_320:(-0.042, 0.881, 0.471);Ground_720_320:(-0.042, 0.881, 0.471);Ground_720_320:(-0.042, 0.881, 0.471);Ground_720_320:(-0.042, 0.881, 0.471);Ground_720_320:(-0.042, 0.881, 0.471);Ground_720_320:(-0.042, 0.881, 0.471);"
7.640,107.884,794.343,82.700,-103.215,11.953,11.822,-0.323,1.980,1.000,0.000,0.225,4,10.064,0.629,0.907,"Ground_720_320:(-0.049, 0.961, 0.272);Ground_720_320:(-0.049, 0.961, 0.272);Ground_720_320:(-0.049, 0.961, 0.272);Ground_720_320:(-0.049, 0.961, 0.272);Ground_720_320:(-0.049, 0.961, 0.272);Ground_720_320:(-0.049, 0.961, 0.272);Ground_720_320:(-0.046, 0.923, 0.382);Ground_720_320:(-0.046, 0.923, 0.382);Ground_720_320:(-0.046, 0.923, 0.382);Ground_720_320:(-0.046, 0.923, 0.382);Ground_720_320:(-0.046, 0.923, 0.382);Ground_720_320:(-0.046, 0.923, 0.382);Ground_720_320:(-0.043, 0.880, 0.473);Ground_720_320:(-0.043, 0.880, 0.473);Ground_720_320:(-0.043, 0.880, 0.473);Ground_720_320:(-0.043, 0.880, 0.473);Ground_720_320:(-0.043, 0.880, 0.473);Ground_720_320:(-0.043, 0.880, 0.473);"
7.660,108.113,794.585,82.696,-103.178,12.204,12.094,-0.255,1.895,1.000,0.000,0.226,4,10.283,0.456,0.909,"Ground_720_320:(-0.048, 0.961, 0.271);Ground_720_320:(-0.048, 0.961, 0.271);Ground_720_320:(-0.048, 0.961, 0.271);Ground_720_320:(-0.048, 0.961, 0.271);Ground_720_320:(-0.048, 0.961, 0.271);Ground_720_320:(-0.048, 0.961, 0.271);Ground_720_320:(-0.046, 0.923, 0.382);Ground_720_320:(-0.046, 0.923, 0.382);Ground_720_320:(-0.046, 0.923, 0.382);Ground_720_320:(-0.046, 0.923, 0.382);Ground_720_320:(-0.046, 0.923, 0.382);Ground_720_320:(-0.046, 0.923, 0.382);Ground_720_320:(-0.044, 0.881, 0.471);Ground_720_320:(-0.044, 0.881, 0.471);Ground_720_320:(-0.044, 0.881, 0.471);Ground_720_320:(-0.044, 0.881, 0.471);Ground_720_320:(-0.044, 0.881, 0.471);Ground_720_320:(-0.044, 0.881, 0.471);"
7.680,108.660,794.832,82.693,-103.143,12.452,12.361,-0.180,1.801,1.000,0.000,0.230,4,10.449,0.361,0.911,"Ground_720_320:(-0.049, 0.961, 0.271);Ground_720_320:(-0.049, 0.961, 0.271);Ground_720_320:(-0.049, 0.961, 0.271);Ground_720_320:(-0.049, 0.961, 0.271);Ground_720_320:(-0.049, 0.961, 0.271);Ground_720_320:(-0.049, 0.961, 0.271);Ground_720_320:(-0.046, 0.923, 0.382);Ground_720_320:(-0.046, 0.923, 0.382);Ground_720_320:(-0.046, 0.923, 0.382);Ground_720_320:(-0.046, 0.923, 0.382);Ground_720_320:(-0.046, 0.923, 0.382);Ground_720_320:(-0.046, 0.923, 0.382);Ground_720_320:(-0.045, 0.881, 0.471);Ground_720_320:(-0.045, 0.881, 0.471);Ground_720_320:(-0.045, 0.881, 0.471);Ground_720_320:(-0.045, 0.881, 0.471);Ground_720_320:(-0.045, 0.881, 0.471);Ground_720_320:(-0.045, 0.881, 0.471);"
7.700,108.901,795.084,82.691,-103.111,12.696,12.625,-0.102,1.697,1.000,0.000,0.232,4,10.657,0.615,0.914,"Ground_720_320:(-0.053, 0.961, 0.270);Ground_720_320:(-0.053, 0.961, 0.270);Ground_720_320:(-0.053, 0.961, 0.270);Ground_720_320:(-0.053, 0.961, 0.270);Ground_720_320:(-0.053, 0.961, 0.270);Ground_720_320:(-0.053, 0.961, 0.270);Ground_720_320:(-0.060, 0.922, 0.383);Ground_720_320:(-0.060, 0.922, 0.383);Ground_720_320:(-0.060, 0.922, 0.383);Ground_720_320:(-0.060, 0.922, 0.383);Ground_720_320:(-0.060, 0.922, 0.383);Ground_720_320:(-0.060, 0.922, 0.383);Ground_720_320:(-0.045, 0.881, 0.471);Ground_720_320:(-0.045, 0.881, 0.471);Ground_720_320:(-0.045, 0.881, 0.471);Ground_720_320:(-0.045, 0.881, 0.471);Ground_720_320:(-0.045, 0.881, 0.471);Ground_720_320:(-0.045, 0.881, 0.471);"
7.720,109.147,795.342,82.691,-103.080,12.937,12.884,-0.015,1.584,1.000,0.000,0.233,4,10.900,0.456,0.916,"Ground_720_320:(-0.057, 0.961, 0.269);Ground_720_320:(-0.057, 0.961, 0.269);Ground_720_320:(-0.057, 0.961, 0.269);Ground_720_320:(-0.057, 0.961, 0.269);Ground_720_320:(-0.057, 0.961, 0.269);Ground_720_320:(-0.057, 0.961, 0.269);Ground_720_320:(-0.064, 0.921, 0.384);Ground_720_320:(-0.064, 0.921, 0.384);Ground_720_320:(-0.064, 0.921, 0.384);Ground_720_320:(-0.064, 0.921, 0.384);Ground_720_320:(-0.064, 0.921, 0.384);Ground_720_320:(-0.064, 0.921, 0.384);Ground_720_320:(-0.044, 0.881, 0.471);Ground_720_320:(-0.044, 0.881, 0.471);Ground_720_320:(-0.044, 0.881, 0.471);Ground_720_320:(-0.044, 0.881, 0.471);Ground_720_320:(-0.044, 0.881, 0.471);Ground_720_320:(-0.044, 0.881, 0.471);"
7.740,109.400,795.604,82.694,-103.053,13.174,13.138,0.085,1.464,1.000,0.000,0.235,4,11.228,0.151,0.918,"Ground_720_320:(-0.063, 0.961, 0.270);Ground_720_320:(-0.063, 0.961, 0.270);Ground_720_320:(-0.063, 0.961, 0.270);Ground_720_320:(-0.063, 0.961, 0.270);Ground_720_320:(-0.063, 0.961, 0.270);Ground_720_320:(-0.063, 0.961, 0.270);Ground_720_320:(-0.066, 0.921, 0.383);Ground_720_320:(-0.066, 0.921, 0.383);Ground_720_320:(-0.066, 0.921, 0.383);Ground_720_320:(-0.066, 0.921, 0.383);Ground_720_320:(-0.066, 0.921, 0.383);Ground_720_320:(-0.066, 0.921, 0.383);Ground_720_320:(-0.047, 0.882, 0.469);Ground_720_320:(-0.047, 0.882, 0.469);Ground_720_320:(-0.047, 0.882, 0.469);"
7.760,109.657,795.872,82.698,-103.028,13.407,13.388,0.193,1.335,1.000,0.000,0.237,4,11.500,0.137,0.920,"Ground_720_320:(-0.061, 0.961, 0.270);Ground_720_320:(-0.061, 0.961, 0.270);Ground_720_320:(-0.061, 0.961, 0.270);Ground_720_320:(-0.061, 0.961, 0.270);Ground_720_320:(-0.061, 0.961, 0.270);Ground_720_320:(-0.061, 0.961, 0.270);Ground_720_320:(-0.066, 0.921, 0.383);Ground_720_320:(-0.066, 0.921, 0.383);Ground_720_320:(-0.066, 0.921, 0.383);Ground_720_320:(-0.066, 0.921, 0.383);Ground_720_320:(-0.066, 0.921, 0.383);Ground_720_320:(-0.066, 0.921, 0.383);"
7.780,109.920,796.144,82.705,-103.005,13.637,13.631,0.308,1.195,1.000,0.000,0.238,4,11.675,0.326,0.923,"Ground_720_320:(-0.082, 0.959, 0.271);Ground_720_320:(-0.082, 0.959, 0.271);Ground_720_320:(-0.082, 0.959, 0.271);Ground_720_320:(-0.082, 0.959, 0.271);Ground_720_320:(-0.082, 0.959, 0.271);Ground_720_320:(-0.082, 0.959, 0.271);Ground_720_320:(-0.089, 0.917, 0.389);Ground_720_320:(-0.089, 0.917, 0.389);Ground_720_320:(-0.089, 0.917, 0.389);Ground_720_320:(-0.089, 0.917, 0.389);Ground_720_320:(-0.089, 0.917, 0.389);Ground_720_320:(-0.089, 0.917, 0.389);"
7.800,110.518,796.421,82.714,-102.986,13.863,13.870,0.427,1.045,1.000,0.000,0.242,4,11.713,0.513,0.925,"Ground_720_320:(-0.082, 0.959, 0.271);Ground_720_320:(-0.082, 0.959, 0.271);Ground_720_320:(-0.082, 0.959, 0.271);Ground_720_320:(-0.082, 0.959, 0.271);Ground_720_320:(-0.082, 0.959, 0.271);Ground_720_320:(-0.082, 0.959, 0.271);Ground_720_320:(-0.089, 0.917, 0.389);Ground_720_320:(-0.089, 0.917, 0.389);Ground_720_320:(-0.089, 0.917, 0.389);Ground_720_320:(-0.089, 0.917, 0.389);Ground_720_320:(-0.089, 0.917, 0.389);Ground_720_320:(-0.089, 0.917, 0.389);"
7.820,110.792,796.703,82.726,-102.969,14.086,14.101,0.561,0.887,1.000,0.000,0.244,4,12.049,0.366,0.927,"Ground_720_320:(-0.084, 0.958, 0.274);Ground_720_320:(-0.084, 0.958, 0.274);Ground_720_320:(-0.084, 0.958, 0.274);Ground_720_320:(-0.084, 0.958, 0.274);Ground_720_320:(-0.084, 0.958, 0.274);Ground_720_320:(-0.084, 0.958, 0.274);Ground_720_320:(-0.089, 0.917, 0.389);Ground_720_320:(-0.089, 0.917, 0.389);Ground_720_320:(-0.089, 0.917, 0.389);Ground_720_320:(-0.089, 0.917, 0.389);Ground_720_320:(-0.089, 0.917, 0.389);Ground_720_320:(-0.089, 0.917, 0.389);"
7.840,111.071,796.988,82.741,-102.956,14.305,14.326,0.704,0.720,1.000,0.000,0.246,4,12.290,0.421,0.929,"Ground_720_320:(-0.084, 0.958, 0.274);Ground_720_320:(-0.084, 0.958, 0.274);Ground_720_320:(-0.084, 0.958, 0.274);Ground_720_320:(-0.084, 0.958, 0.274);Ground_720_320:(-0.084, 0.958, 0.274);Ground_720_320:(-0.084, 0.958, 0.274);Ground_720_320:(-0.086, 0.916, 0.391);Ground_720_320:(-0.086, 0.916, 0.391);Ground_720_320:(-0.086, 0.916, 0.391);Ground_720_320:(-0.086, 0.916, 0.391);Ground_720_320:(-0.086, 0.916, 0.391);Ground_720_320:(-0.086, 0.916, 0.391);"
7.860,111.355,797.278,82.758,-102.947,14.521,14.544,0.857,0.544,1.000,0.000,0.248,4,12.536,0.573,0.930,"Ground_720_320:(-0.090, 0.957, 0.277);Ground_720_320:(-0.090, 0.957, 0.277);Ground_720_320:(-0.090, 0.957, 0.277);Ground_720_320:(-0.090, 0.957, 0.277);Ground_720_320:(-0.090, 0.957, 0.277);Ground_720_320:(-0.090, 0.957, 0.277);Ground_720_320:(-0.092, 0.914, 0.395);Ground_720_320:(-0.092, 0.914, 0.395);Ground_720_320:(-0.092, 0.914, 0.395);Ground_720_320:(-0.092, 0.914, 0.395);Ground_720_320:(-0.092, 0.914, 0.395);Ground_720_320:(-0.092, 0.914, 0.395);"
7.880,111.643,797.573,82.779,-102.941,14.732,14.754,1.021,0.360,1.000,0.000,0.250,4,12.804,0.558,0.932,"Ground_720_320:(-0.094, 0.955, 0.283);Ground_720_320:(-0.094, 0.955, 0.283);Ground_720_320:(-0.094, 0.955, 0.283);Ground_720_320:(-0.094, 0.955, 0.283);Ground_720_320:(-0.094, 0.955, 0.283);Ground_720_320:(-0.094, 0.955, 0.283);Ground_720_320:(-0.101, 0.913, 0.396);Ground_720_320:(-0.101, 0.913, 0.396);Ground_720_320:(-0.101, 0.913, 0.396);Ground_720_320:(-0.101, 0.913, 0.396);Ground_720_320:(-0.101, 0.913, 0.396);Ground_720_320:(-0.101, 0.913, 0.396);"
7.900,111.936,797.871,82.803,-102.938,14.940,14.955,1.192,0.165,1.000,0.000,0.251,4,13.040,0.663,0.933,"Ground_720_320:(-0.101, 0.913, 0.396);Ground_720_320:(-0.101, 0.913, 0.396);Ground_720_320:(-0.101, 0.913, 0.396);Ground_720_320:(-0.101, 0.913, 0.396);Ground_720_320:(-0.101, 0.913, 0.396);Ground_720_320:(-0.101, 0.913, 0.396);Ground_720_320:(-0.093, 0.954, 0.284);Ground_720_320:(-0.093, 0.954, 0.284);Ground_720_320:(-0.093, 0.954, 0.284);Ground_720_320:(-0.093, 0.954, 0.284);Ground_720_320:(-0.093, 0.954, 0.284);Ground_720_320:(-0.093, 0.954, 0.284);"
7.920,112.584,798.172,82.831,-102.940,15.144,15.148,1.375,-0.037,1.000,0.000,0.256,4,13.217,0.535,0.934,"Ground_720_320:(-0.101, 0.914, 0.393);Ground_720_320:(-0.101, 0.914, 0.393);Ground_720_320:(-0.101, 0.914, 0.393);Ground_720_320:(-0.101, 0.914, 0.393);Ground_720_320:(-0.101, 0.914, 0.393);Ground_720_320:(-0.101, 0.914, 0.393);Ground_720_320:(-0.112, 0.952, 0.285);Ground_720_320:(-0.112, 0.952, 0.285);Ground_720_320:(-0.112, 0.952, 0.285);Ground_720_320:(-0.112, 0.952, 0.285);Ground_720_320:(-0.112, 0.952, 0.285);Ground_720_320:(-0.112, 0.952, 0.285);"
7.940,112.886,798.478,82.863,-102.946,15.344,15.331,1.572,-0.247,1.000,0.000,0.257,4,13.608,0.573,0.935,"Ground_720_320:(-0.133, 0.904, 0.408);Ground_720_320:(-0.133, 0.904, 0.408);Ground_720_320:(-0.133, 0.904, 0.408);Ground_720_320:(-0.133, 0.904, 0.408);Ground_720_320:(-0.133, 0.904, 0.408);Ground_720_320:(-0.133, 0.904, 0.408);Ground_720_320:(-0.123, 0.950, 0.285);Ground_720_320:(-0.123, 0.950, 0.285);Ground_720_320:(-0.123, 0.950, 0.285);Ground_720_320:(-0.123, 0.950, 0.285);Ground_720_320:(-0.123, 0.950, 0.285);Ground_720_320:(-0.123, 0.950, 0.285);"
7.960,113.192,798.786,82.899,-102.955,15.534,15.496,1.805,-0.448,1.000,0.000,0.259,4,14.264,0.492,0.935,"Ground_Mountain_0_1:(-0.128, 0.918, 0.376);Ground_720_320:(-0.140, 0.903, 0.407);Ground_720_320:(-0.140, 0.903, 0.407);Ground_720_320:(-0.140, 0.903, 0.407);Ground_720_320:(-0.140, 0.903, 0.407);Ground_720_320:(-0.140, 0.903, 0.407);Ground_720_320:(-0.140, 0.903, 0.407);Ground_720_320:(-0.129, 0.946, 0.299);Ground_720_320:(-0.129, 0.946, 0.299);Ground_720_320:(-0.129, 0.946, 0.299);Ground_720_320:(-0.129, 0.946, 0.299);Ground_720_320:(-0.129, 0.946, 0.299);Ground_720_320:(-0.129, 0.946, 0.299);"
7.980,113.502,799.095,82.941,-102.965,15.712,15.635,2.109,-0.625,1.000,0.000,0.261,4,14.616,0.435,0.931,"Ground_720_320:(-0.143, 0.899, 0.414);Ground_720_320:(-0.143, 0.899, 0.414);Ground_720_320:(-0.143, 0.899, 0.414);Ground_720_320:(-0.143, 0.899, 0.414);Ground_720_320:(-0.143, 0.899, 0.414);Ground_720_320:(-0.143, 0.899, 0.414);Ground_720_320:(-0.098, 0.944, 0.315);Ground_720_320:(-0.098, 0.944, 0.315);Ground_720_320:(-0.098, 0.944, 0.315);Ground_720_320:(-0.098, 0.944, 0.315);Ground_720_320:(-0.098, 0.944, 0.315);Ground_720_320:(-0.098, 0.944, 0.315);Ground_Mountain_0_1:(-0.074, 0.935, 0.348);Ground_Mountain_0_1:(-0.074, 0.935, 0.348);Ground_Mountain_0_1:(-0.074, 0.935, 0.348);"
8.000,113.814,799.409,82.988,-102.981,15.900,15.782,2.361,-0.847,1.000,0.000,0.263,4,15.500,1.791,0.929,"Ground_720_320:(-0.111, 0.915, 0.388);Ground_720_320:(-0.111, 0.915, 0.388);Ground_720_320:(-0.111, 0.915, 0.388);Ground_720_320:(-0.111, 0.915, 0.388);Ground_720_320:(-0.111, 0.915, 0.388);Ground_720_320:(-0.111, 0.915, 0.388);Ground_720_320:(-0.120, 0.944, 0.308);Ground_720_320:(-0.120, 0.944, 0.308);Ground_720_320:(-0.120, 0.944, 0.308);Ground_720_320:(-0.120, 0.944, 0.308);Ground_720_320:(-0.120, 0.944, 0.308);Ground_720_320:(-0.120, 0.944, 0.308);Ground_Mountain_0_1:(-0.128, 0.918, 0.376);Ground_Mountain_0_1:(-0.128, 0.918, 0.376);Ground_Mountain_0_1:(-0.128, 0.918, 0.376);Ground_Mountain_0_1:(-0.128, 0.918, 0.376);Ground_Mountain_0_1:(-0.156, 0.823, 0.547);"
8.020,114.131,799.725,83.040,-103.002,16.083,15.916,2.615,-1.079,1.000,0.000,0.265,4,15.847,2.145,0.927,"Ground_720_320:(-0.118, 0.913, 0.391);Ground_720_320:(-0.118, 0.913, 0.391);Ground_720_320:(-0.118, 0.913, 0.391);Ground_720_320:(-0.118, 0.913, 0.391);Ground_720_320:(-0.118, 0.913, 0.391);Ground_720_320:(-0.118, 0.913, 0.391);Ground_720_320:(-0.121, 0.942, 0.313);Ground_720_320:(-0.121, 0.942, 0.313);Ground_720_320:(-0.121, 0.942, 0.313);Ground_720_320:(-0.121, 0.942, 0.313);Ground_720_320:(-0.121, 0.942, 0.313);Ground_720_320:(-0.121, 0.942, 0.313);Ground_Mountain_0_1:(-0.112, 0.914, 0.390);Ground_Mountain_0_1:(-0.112, 0.914, 0.390);Ground_Mountain_0_1:(-0.112, 0.914, 0.390);Ground_Mountain_0_1:(-0.112, 0.914, 0.390);Ground_Mountain_0_1:(-0.112, 0.914, 0.390);Ground_Mountain_0_1:(-0.112, 0.914, 0.390);"
8.040,114.820,800.044,83.097,-103.028,16.261,16.038,2.871,-1.321,1.000,0.000,0.269,4,15.650,1.885,0.926,"Ground_720_320:(-0.119, 0.916, 0.383);Ground_720_320:(-0.119, 0.916, 0.383);Ground_720_320:(-0.119, 0.916, 0.383);Ground_720_320:(-0.119, 0.916, 0.383);Ground_720_320:(-0.119, 0.916, 0.383);Ground_720_320:(-0.119, 0.916, 0.383);Ground_720_320:(-0.124, 0.941, 0.314);Ground_720_320:(-0.124, 0.941, 0.314);Ground_720_320:(-0.124, 0.941, 0.314);Ground_720_320:(-0.124, 0.941, 0.314);Ground_720_320:(-0.124, 0.941, 0.314);Ground_720_320:(-0.124, 0.941, 0.314);Ground_Mountain_0_1:(-0.112, 0.914, 0.390);Ground_Mountain_0_1:(-0.112, 0.914, 0.390);Ground_Mountain_0_1:(-0.112, 0.914, 0.390);Ground_Mountain_0_1:(-0.112, 0.914, 0.390);Ground_Mountain_0_1:(-0.112, 0.914, 0.390);Ground_Mountain_0_1:(-0.112, 0.914, 0.390);Ground_Mountain_0_1:(-0.156, 0.823, 0.547);Ground_Mountain_0_1:(-0.156, 0.823, 0.547);"
8.060,115.144,800.365,83.159,-103.059,16.433,16.146,3.131,-1.571,1.000,0.000,0.271,4,15.468,1.617,0.924,"Ground_720_320:(-0.121, 0.914, 0.386);Ground_720_320:(-0.121, 0.914, 0.386);Ground_720_320:(-0.121, 0.914, 0.386);Ground_720_320:(-0.121, 0.914, 0.386);Ground_720_320:(-0.121, 0.914, 0.386);Ground_720_320:(-0.121, 0.914, 0.386);Ground_720_320:(-0.137, 0.940, 0.314);Ground_720_320:(-0.137, 0.940, 0.314);Ground_720_320:(-0.137, 0.940, 0.314);Ground_720_320:(-0.137, 0.940, 0.314);Ground_720_320:(-0.137, 0.940, 0.314);Ground_720_320:(-0.137, 0.940, 0.314);Ground_Mountain_0_1:(-0.113, 0.809, 0.577);Ground_Mountain_0_1:(-0.113, 0.809, 0.577);Ground_Mountain_0_1:(-0.113, 0.809, 0.577);Ground_Mountain_0_1:(-0.120, 0.916, 0.383);Ground_Mountain_0_1:(-0.120, 0.916, 0.383);Ground_Mountain_0_1:(-0.120, 0.916, 0.383);Ground_Mountain_0_1:(-0.120, 0.916, 0.383);Ground_Mountain_0_1:(-0.120, 0.916, 0.383);Ground_Mountain_0_1:(-0.120, 0.916, 0.383);"
8.080,115.471,800.688,83.226,-103.095,16.600,16.243,3.387,-1.833,1.000,0.000,0.273,4,15.126,1.615,0.922,"Ground_720_320:(-0.137, 0.915, 0.379);Ground_720_320:(-0.137, 0.915, 0.379);Ground_720_320:(-0.137, 0.915, 0.379);Ground_720_320:(-0.137, 0.915, 0.379);Ground_720_320:(-0.137, 0.915, 0.379);Ground_720_320:(-0.137, 0.915, 0.379);Ground_Mountain_0_1:(-0.113, 0.809, 0.577);Ground_Mountain_0_1:(-0.113, 0.809, 0.577);Ground_Mountain_0_1:(-0.113, 0.809, 0.577);Ground_Mountain_0_1:(-0.120, 0.916, 0.383);Ground_Mountain_0_1:(-0.120, 0.916, 0.383);Ground_Mountain_0_1:(-0.120, 0.916, 0.383);Ground_Mountain_0_1:(-0.120, 0.916, 0.383);Ground_Mountain_0_1:(-0.120, 0.916, 0.383);Ground_Mountain_0_1:(-0.120, 0.916, 0.383);"
8.100,117.221,801.013,83.299,-103.136,16.762,16.326,3.650,-2.100,1.000,0.000,0.282,4,15.030,1.466,0.921,"Ground_720_320:(-0.141, 0.914, 0.380);Ground_720_320:(-0.141, 0.914, 0.380);Ground_720_320:(-0.141, 0.914, 0.380);Ground_720_320:(-0.141, 0.914, 0.380);Ground_720_320:(-0.141, 0.914, 0.380);Ground_720_320:(-0.141, 0.914, 0.380);Ground_Mountain_0_1:(-0.113, 0.809, 0.577);Ground_Mountain_0_1:(-0.113, 0.809, 0.577);Ground_Mountain_0_1:(-0.113, 0.809, 0.577);Ground_Mountain_0_1:(-0.137, 0.914, 0.382);Ground_Mountain_0_1:(-0.137, 0.914, 0.382);Ground_Mountain_0_1:(-0.137, 0.914, 0.382);Ground_Mountain_0_1:(-0.137, 0.914, 0.382);Ground_Mountain_0_1:(-0.137, 0.914, 0.382);Ground_Mountain_0_1:(-0.137, 0.914, 0.382);"
8.120,117.550,801.340,83.376,-103.183,16.919,16.396,3.901,-2.385,1.000,0.000,0.283,4,14.385,1.029,0.920,"Ground_720_320:(-0.132, 0.925, 0.356);Ground_720_320:(-0.132, 0.925, 0.356);Ground_720_320:(-0.132, 0.925, 0.356);Ground_720_320:(-0.132, 0.925, 0.356);Ground_720_320:(-0.132, 0.925, 0.356);Ground_720_320:(-0.132, 0.925, 0.356);Ground_Mountain_0_1:(-0.134, 0.794, 0.593);Ground_Mountain_0_1:(-0.134, 0.794, 0.593);Ground_Mountain_0_1:(-0.134, 0.794, 0.593);Ground_Mountain_0_1:(-0.134, 0.794, 0.593);Ground_Mountain_0_1:(-0.134, 0.794, 0.593);Ground_Mountain_0_1:(-0.134, 0.794, 0.593);Ground_Mountain_0_1:(-0.212, 0.795, 0.568);Ground_Mountain_0_1:(-0.212, 0.795, 0.568);Ground_Mountain_0_1:(-0.212, 0.795, 0.568);Ground_Mountain_0_1:(-0.153, 0.906, 0.395);Ground_Mountain_0_1:(-0.153, 0.906, 0.395);Ground_Mountain_0_1:(-0.153, 0.906, 0.395);Ground_Mountain_0_1:(-0.153, 0.906, 0.395);Ground_Mountain_0_1:(-0.153, 0.906, 0.395);Ground_Mountain_0_1:(-0.153, 0.906, 0.395);"
8.140,117.881,801.665,83.461,-103.227,16.995,16.376,4.318,-2.467,1.000,0.000,0.285,4,13.631,1.281,0.911,"Ground_Mountain_0_1:(-0.174, 0.784, 0.595);Ground_Mountain_0_1:(-0.174, 0.784, 0.595);Ground_Mountain_0_1:(-0.174, 0.784, 0.595);Ground_Mountain_0_1:(-0.174, 0.784, 0.595);Ground_Mountain_0_1:(-0.174, 0.784, 0.595);Ground_Mountain_0_1:(-0.174, 0.784, 0.595);Ground_Mountain_0_1:(-0.113, 0.809, 0.577);Ground_Mountain_0_1:(-0.113, 0.809, 0.577);Ground_Mountain_0_1:(-0.113, 0.809, 0.577);Ground_Mountain_0_1:(-0.145, 0.904, 0.402);Ground_Mountain_0_1:(-0.145, 0.904, 0.402);Ground_Mountain_0_1:(-0.145, 0.904, 0.402);Ground_Mountain_0_1:(-0.145, 0.904, 0.402);Ground_Mountain_0_1:(-0.145, 0.904, 0.402);Ground_Mountain_0_1:(-0.145, 0.904, 0.402);"
8.160,118.840,801.992,83.551,-103.279,17.147,16.417,4.563,-2.773,1.000,0.000,0.289,4,11.994,3.547,0.905,"Ground_Mountain_0_1:(-0.113, 0.809, 0.577);Ground_Mountain_0_1:(-0.113, 0.809, 0.577);Ground_Mountain_0_1:(-0.113, 0.809, 0.577);Ground_Mountain_0_1:(-0.129, 0.906, 0.403);Ground_Mountain_0_1:(-0.129, 0.906, 0.403);Ground_Mountain_0_1:(-0.129, 0.906, 0.403);Ground_Mountain_0_1:(-0.129, 0.906, 0.403);Ground_Mountain_0_1:(-0.129, 0.906, 0.403);Ground_Mountain_0_1:(-0.129, 0.906, 0.403);Ground_Mountain_0_1:(-0.174, 0.784, 0.595);Ground_Mountain_0_1:(-0.174, 0.784, 0.595);Ground_Mountain_0_1:(-0.174, 0.784, 0.595);Ground_Mountain_0_1:(-0.174, 0.784, 0.595);Ground_Mountain_0_1:(-0.174, 0.784, 0.595);Ground_Mountain_0_1:(-0.174, 0.784, 0.595);"
8.180,119.170,802.319,83.645,-103.337,17.290,16.443,4.811,-3.077,1.000,0.000,0.290,4,11.836,3.129,0.899,"Ground_Mountain_0_1:(-0.117, 0.904, 0.412);Ground_Mountain_0_1:(-0.117, 0.904, 0.412);Ground_Mountain_0_1:(-0.117, 0.904, 0.412);Ground_Mountain_0_1:(-0.117, 0.904, 0.412);Ground_Mountain_0_1:(-0.117, 0.904, 0.412);Ground_Mountain_0_1:(-0.117, 0.904, 0.412);Ground_Mountain_0_1:(-0.113, 0.809, 0.577);Ground_Mountain_0_1:(-0.113, 0.809, 0.577);Ground_Mountain_0_1:(-0.113, 0.809, 0.577);Ground_Mountain_0_1:(-0.174, 0.784, 0.595);Ground_Mountain_0_1:(-0.174, 0.784, 0.595);Ground_Mountain_0_1:(-0.174, 0.784, 0.595);Ground_Mountain_0_1:(-0.174, 0.784, 0.595);Ground_Mountain_0_1:(-0.174, 0.784, 0.595);Ground_Mountain_0_1:(-0.174, 0.784, 0.595);"
8.200,119.501,802.647,83.745,-103.402,17.425,16.455,5.058,-3.379,1.000,0.000,0.291,4,11.285,2.755,0.893,"Ground_Mountain_0_1:(-0.117, 0.904, 0.412);Ground_Mountain_0_1:(-0.117, 0.904, 0.412);Ground_Mountain_0_1:(-0.117, 0.904, 0.412);Ground_Mountain_0_1:(-0.117, 0.904, 0.412);Ground_Mountain_0_1:(-0.117, 0.904, 0.412);Ground_Mountain_0_1:(-0.117, 0.904, 0.412);Ground_Mountain_0_1:(-0.113, 0.809, 0.577);Ground_Mountain_0_1:(-0.113, 0.809, 0.577);Ground_Mountain_0_1:(-0.113, 0.809, 0.577);Ground_Mountain_0_1:(-0.174, 0.784, 0.595);Ground_Mountain_0_1:(-0.174, 0.784, 0.595);Ground_Mountain_0_1:(-0.174, 0.784, 0.595);Ground_Mountain_0_1:(-0.174, 0.784, 0.595);Ground_Mountain_0_1:(-0.174, 0.784, 0.595);Ground_Mountain_0_1:(-0.174, 0.784, 0.595);"
8.220,119.832,802.975,83.849,-103.472,17.554,16.452,5.302,-3.690,1.000,0.000,0.293,4,10.793,2.798,0.887,"Ground_Mountain_0_1:(-0.131, 0.895, 0.427);Ground_Mountain_0_1:(-0.131, 0.895, 0.427);Ground_Mountain_0_1:(-0.131, 0.895, 0.427);Ground_Mountain_0_1:(-0.131, 0.895, 0.427);Ground_Mountain_0_1:(-0.131, 0.895, 0.427);Ground_Mountain_0_1:(-0.131, 0.895, 0.427);Ground_Mountain_0_1:(-0.269, 0.850, 0.454);Ground_Mountain_0_1:(-0.269, 0.850, 0.454);Ground_Mountain_0_1:(-0.269, 0.850, 0.454);Ground_Mountain_0_1:(-0.113, 0.809, 0.577);Ground_Mountain_0_1:(-0.113, 0.809, 0.577);Ground_Mountain_0_1:(-0.113, 0.809, 0.577);Ground_Mountain_0_1:(-0.174, 0.784, 0.595);Ground_Mountain_0_1:(-0.174, 0.784, 0.595);Ground_Mountain_0_1:(-0.174, 0.784, 0.595);Ground_Mountain_0_1:(-0.174, 0.784, 0.595);Ground_Mountain_0_1:(-0.174, 0.784, 0.595);Ground_Mountain_0_1:(-0.174, 0.784, 0.595);"
8.240,120.164,803.298,83.961,-103.544,17.569,16.326,5.709,-3.756,1.000,0.000,0.294,4,10.580,3.000,0.879,"Ground_Mountain_0_1:(-0.311, 0.749, 0.585);Ground_Mountain_0_1:(-0.311, 0.749, 0.585);Ground_Mountain_0_1:(-0.311, 0.749, 0.585);Ground_Mountain_0_1:(-0.231, 0.730, 0.643);Ground_Mountain_0_1:(-0.162, 0.890, 0.427);Ground_Mountain_0_1:(-0.162, 0.890, 0.427);Ground_Mountain_0_1:(-0.162, 0.890, 0.427);Ground_Mountain_0_1:(-0.231, 0.730, 0.643);Ground_Mountain_0_1:(-0.162, 0.890, 0.427);Ground_Mountain_0_1:(-0.269, 0.850, 0.454);Ground_Mountain_0_1:(-0.269, 0.850, 0.454);Ground_Mountain_0_1:(-0.269, 0.850, 0.454);Ground_Mountain_0_1:(-0.269, 0.850, 0.454);Ground_Mountain_0_1:(-0.141, 0.789, 0.598);Ground_Mountain_0_1:(-0.141, 0.789, 0.598);Ground_Mountain_0_1:(-0.141, 0.789, 0.598);Ground_Mountain_0_1:(-0.141, 0.789, 0.598);Ground_Mountain_0_1:(-0.141, 0.789, 0.598);Ground_Mountain_0_1:(-0.141, 0.789, 0.598);"
8.260,120.415,803.617,84.079,-103.614,17.570,16.156,6.124,-3.847,1.000,0.000,0.294,4,10.368,5.008,0.863,"Ground_Mountain_0_1:(-0.311, 0.749, 0.585);Ground_Mountain_0_1:(-0.311, 0.749, 0.585);Ground_Mountain_0_1:(-0.311, 0.749, 0.585);Ground_Mountain_0_1:(-0.311, 0.749, 0.585);Ground_Mountain_0_1:(-0.231, 0.730, 0.643);Ground_Mountain_0_1:(-0.163, 0.886, 0.434);Ground_Mountain_0_1:(-0.231, 0.730, 0.643);Ground_Mountain_0_1:(-0.163, 0.886, 0.434);Ground_Mountain_0_1:(-0.163, 0.886, 0.434);Ground_Mountain_0_1:(-0.163, 0.886, 0.434);Ground_Mountain_0_1:(-0.269, 0.850, 0.454);Ground_Mountain_0_1:(-0.269, 0.850, 0.454);Ground_Mountain_0_1:(-0.269, 0.850, 0.454);Ground_Mountain_0_1:(-0.269, 0.850, 0.454);Ground_Mountain_0_1:(-0.154, 0.778, 0.609);Ground_Mountain_0_1:(-0.154, 0.778, 0.609);Ground_Mountain_0_1:(-0.154, 0.778, 0.609);Ground_Mountain_0_1:(-0.154, 0.778, 0.609);"
8.280,120.741,803.935,84.203,-103.687,17.639,16.039,6.476,-4.055,1.000,0.000,0.295,4,11.078,8.255,0.844,"Ground_Mountain_0_1:(-0.311, 0.749, 0.585);Ground_Mountain_0_1:(-0.311, 0.749, 0.585);Ground_Mountain_0_1:(-0.311, 0.749, 0.585);Ground_Mountain_0_1:(-0.311, 0.749, 0.585);Ground_Mountain_0_1:(-0.231, 0.730, 0.643);Ground_Mountain_0_1:(-0.157, 0.878, 0.452);Ground_Mountain_0_1:(-0.231, 0.730, 0.643);Ground_Mountain_0_1:(-0.157, 0.878, 0.452);Ground_Mountain_0_1:(-0.157, 0.878, 0.452);Ground_Mountain_0_1:(-0.157, 0.878, 0.452);Ground_Mountain_0_1:(-0.269, 0.850, 0.454);Ground_Mountain_0_1:(-0.269, 0.850, 0.454);Ground_Mountain_0_1:(-0.269, 0.850, 0.454);Ground_Mountain_0_1:(-0.269, 0.850, 0.454);Ground_Mountain_0_1:(-0.154, 0.778, 0.609);Ground_Mountain_0_1:(-0.154, 0.778, 0.609);Ground_Mountain_0_1:(-0.154, 0.778, 0.609);Ground_Mountain_0_1:(-0.154, 0.778, 0.609);"
8.300,121.066,804.250,84.334,-103.765,17.722,15.924,6.819,-4.291,1.000,0.000,0.297,4,13.030,9.717,0.825,"Ground_Mountain_0_1:(-0.311, 0.749, 0.585);Ground_Mountain_0_1:(-0.311, 0.749, 0.585);Ground_Mountain_0_1:(-0.311, 0.749, 0.585);Ground_Mountain_0_1:(-0.311, 0.749, 0.585);Ground_Mountain_0_1:(-0.232, 0.848, 0.477);Ground_Mountain_0_1:(-0.232, 0.848, 0.477);Ground_Mountain_0_1:(-0.231, 0.730, 0.643);Ground_Mountain_0_1:(-0.231, 0.730, 0.643);Ground_Mountain_0_1:(-0.231, 0.730, 0.643);Ground_Mountain_0_1:(-0.232, 0.848, 0.477);Ground_Mountain_0_1:(-0.144, 0.886, 0.441);Ground_Mountain_0_1:(-0.144, 0.886, 0.441);Ground_Mountain_0_1:(-0.144, 0.886, 0.441);Ground_Mountain_0_1:(-0.144, 0.886, 0.441);Ground_Mountain_0_1:(-0.144, 0.886, 0.441);Ground_Mountain_0_1:(-0.144, 0.886, 0.441);Ground_Mountain_0_1:(-0.154, 0.778, 0.609);Ground_Mountain_0_1:(-0.154, 0.778, 0.609);Ground_Mountain_0_1:(-0.154, 0.778, 0.609);Ground_Mountain_0_1:(-0.154, 0.778, 0.609);"
8.320,121.390,804.565,84.473,-103.851,17.823,15.819,7.143,-4.566,1.000,0.000,0.298,4,14.667,9.609,0.809,"Ground_Mountain_0_1:(-0.231, 0.730, 0.643);Ground_Mountain_0_1:(-0.231, 0.730, 0.643);Ground_Mountain_0_1:(-0.231, 0.730, 0.643);Ground_Mountain_0_1:(-0.231, 0.730, 0.643);Ground_Mountain_0_1:(-0.205, 0.825, 0.526);Ground_Mountain_0_1:(-0.205, 0.825, 0.526);Ground_Mountain_0_1:(-0.205, 0.825, 0.526);Ground_Mountain_0_1:(-0.144, 0.886, 0.441);Ground_Mountain_0_1:(-0.144, 0.886, 0.441);Ground_Mountain_0_1:(-0.144, 0.886, 0.441);Ground_Mountain_0_1:(-0.144, 0.886, 0.441);Ground_Mountain_0_1:(-0.144, 0.886, 0.441);Ground_Mountain_0_1:(-0.144, 0.886, 0.441);Ground_Mountain_0_1:(-0.269, 0.850, 0.454);Ground_Mountain_0_1:(-0.269, 0.850, 0.454);Ground_Mountain_0_1:(-0.269, 0.850, 0.454);Ground_Mountain_0_1:(-0.269, 0.850, 0.454);Ground_Mountain_0_1:(-0.154, 0.778, 0.609);Ground_Mountain_0_1:(-0.154, 0.778, 0.609);Ground_Mountain_0_1:(-0.154, 0.778, 0.609);Ground_Mountain_0_1:(-0.154, 0.778, 0.609);"
8.340,121.713,804.877,84.619,-103.942,17.915,15.692,7.488,-4.818,1.000,0.000,0.300,4,16.450,8.423,0.796,"Ground_Mountain_0_1:(-0.231, 0.730, 0.643);Ground_Mountain_0_1:(-0.231, 0.730, 0.643);Ground_Mountain_0_1:(-0.231, 0.730, 0.643);Ground_Mountain_0_1:(-0.231, 0.730, 0.643);Ground_Mountain_0_1:(-0.193, 0.800, 0.569);Ground_Mountain_0_1:(-0.193, 0.800, 0.569);Ground_Mountain_0_1:(-0.193, 0.800, 0.569);Ground_Mountain_0_1:(-0.193, 0.800, 0.569);Ground_Mountain_0_1:(-0.193, 0.800, 0.569);Ground_Mountain_0_1:(-0.193, 0.800, 0.569);Ground_Mountain_0_1:(-0.279, 0.835, 0.475);Ground_Mountain_0_1:(-0.279, 0.835, 0.475);Ground_Mountain_0_1:(-0.279, 0.835, 0.475);Ground_Mountain_0_1:(-0.279, 0.835, 0.475);Ground_Mountain_0_1:(-0.279, 0.835, 0.475);Ground_Mountain_0_1:(-0.279, 0.835, 0.475);Ground_Mountain_0_1:(-0.151, 0.887, 0.435);Ground_Mountain_0_1:(-0.151, 0.887, 0.435);Ground_Mountain_0_1:(-0.151, 0.887, 0.435);Ground_Mountain_0_1:(-0.151, 0.887, 0.435);Ground_Mountain_0_1:(-0.151, 0.887, 0.435);"
8.360,122.034,805.187,84.773,-104.039,18.001,15.537,7.868,-5.039,1.000,0.000,0.302,4,17.561,6.049,0.785,"Ground_Mountain_0_1:(-0.231, 0.730, 0.643);Ground_Mountain_0_1:(-0.231, 0.730, 0.643);Ground_Mountain_0_1:(-0.231, 0.730, 0.643);Ground_Mountain_0_1:(-0.231, 0.730, 0.643);Ground_Mountain_0_1:(-0.231, 0.730, 0.643);Ground_Mountain_0_1:(-0.196, 0.791, 0.580);Ground_Mountain_0_1:(-0.196, 0.791, 0.580);Ground_Mountain_0_1:(-0.196, 0.791, 0.580);Ground_Mountain_0_1:(-0.196, 0.791, 0.580);Ground_Mountain_0_1:(-0.196, 0.791, 0.580);Ground_Mountain_0_1:(-0.196, 0.791, 0.580);Ground_Mountain_0_1:(-0.279, 0.835, 0.475);Ground_Mountain_0_1:(-0.279, 0.835, 0.475);Ground_Mountain_0_1:(-0.279, 0.835, 0.475);Ground_Mountain_0_1:(-0.279, 0.835, 0.475);Ground_Mountain_0_1:(-0.279, 0.835, 0.475);Ground_Mountain_0_1:(-0.279, 0.835, 0.475);Ground_Mountain_0_1:(-0.339, 0.706, 0.622);Ground_Mountain_0_1:(-0.339, 0.706, 0.622);Ground_Mountain_0_1:(-0.339, 0.706, 0.622);Ground_Mountain_0_1:(-0.151, 0.887, 0.435);Ground_Mountain_0_1:(-0.151, 0.887, 0.435);Ground_Mountain_0_1:(-0.151, 0.887, 0.435);Ground_Mountain_0_1:(-0.151, 0.887, 0.435);Ground_Mountain_0_1:(-0.151, 0.887, 0.435);"
8.380,122.292,805.493,84.936,-104.140,18.080,15.358,8.271,-5.239,1.000,0.000,0.303,4,19.195,5.251,0.775,"Ground_Mountain_0_1:(-0.213, 0.766, 0.606);Ground_Mountain_0_1:(-0.213, 0.766, 0.606);Ground_Mountain_0_1:(-0.213, 0.766, 0.606);Ground_Mountain_0_1:(-0.213, 0.766, 0.606);Ground_Mountain_0_1:(-0.213, 0.766, 0.606);Ground_Mountain_0_1:(-0.213, 0.766, 0.606);Ground_Mountain_0_1:(-0.279, 0.835, 0.475);Ground_Mountain_0_1:(-0.279, 0.835, 0.475);Ground_Mountain_0_1:(-0.279, 0.835, 0.475);Ground_Mountain_0_1:(-0.279, 0.835, 0.475);Ground_Mountain_0_1:(-0.279, 0.835, 0.475);Ground_Mountain_0_1:(-0.279, 0.835, 0.475);"
8.400,122.612,805.796,85.107,-104.246,18.155,15.154,8.688,-5.425,1.000,0.000,0.305,4,19.968,4.113,0.767,"Ground_Mountain_0_1:(-0.224, 0.768, 0.600);Ground_Mountain_0_1:(-0.224, 0.768, 0.600);Ground_Mountain_0_1:(-0.224, 0.768, 0.600);Ground_Mountain_0_1:(-0.224, 0.768, 0.600);Ground_Mountain_0_1:(-0.224, 0.768, 0.600);Ground_Mountain_0_1:(-0.224, 0.768, 0.600);Ground_Mountain_0_1:(-0.279, 0.835, 0.475);Ground_Mountain_0_1:(-0.279, 0.835, 0.475);Ground_Mountain_0_1:(-0.279, 0.835, 0.475);Ground_Mountain_0_1:(-0.279, 0.835, 0.475);Ground_Mountain_0_1:(-0.279, 0.835, 0.475);Ground_Mountain_0_1:(-0.279, 0.835, 0.475);"
8.420,122.930,806.090,85.289,-104.351,18.229,14.933,9.099,-5.612,1.000,0.000,0.306,4,20.123,3.854,0.755,"Ground_Mountain_0_1:(-0.226, 0.761, 0.608);Ground_Mountain_0_1:(-0.226, 0.761, 0.608);Ground_Mountain_0_1:(-0.226, 0.761, 0.608);Ground_Mountain_0_1:(-0.226, 0.761, 0.608);Ground_Mountain_0_1:(-0.226, 0.761, 0.608);Ground_Mountain_0_1:(-0.226, 0.761, 0.608);Ground_Mountain_0_1:(-0.279, 0.835, 0.475);Ground_Mountain_0_1:(-0.279, 0.835, 0.475);Ground_Mountain_0_1:(-0.279, 0.835, 0.475);Ground_Mountain_0_1:(-0.279, 0.835, 0.475);Ground_Mountain_0_1:(-0.279, 0.835, 0.475);Ground_Mountain_0_1:(-0.279, 0.835, 0.475);"
8.440,123.242,806.378,85.479,-104.457,18.298,14.687,9.527,-5.775,1.000,0.000,0.308,4,21.138,2.901,0.740,"Ground_Mountain_0_1:(-0.235, 0.751, 0.617);Ground_Mountain_0_1:(-0.235, 0.751, 0.617);Ground_Mountain_0_1:(-0.235, 0.751, 0.617);Ground_Mountain_0_1:(-0.235, 0.751, 0.617);Ground_Mountain_0_1:(-0.235, 0.751, 0.617);Ground_Mountain_0_1:(-0.235, 0.751, 0.617);Ground_Mountain_0_1:(-0.171, 0.828, 0.533);Ground_Mountain_0_1:(-0.171, 0.828, 0.533);Ground_Mountain_0_1:(-0.171, 0.828, 0.533);Ground_Mountain_0_1:(-0.171, 0.828, 0.533);Ground_Mountain_0_1:(-0.298, 0.803, 0.517);Ground_Mountain_0_1:(-0.298, 0.803, 0.517);Ground_Mountain_0_1:(-0.298, 0.803, 0.517);"
8.460,123.549,806.662,85.678,-104.566,18.359,14.421,9.957,-5.916,1.000,0.000,0.309,4,22.410,3.138,0.726,"Ground_Mountain_0_1:(-0.245, 0.739, 0.628);Ground_Mountain_0_1:(-0.245, 0.739, 0.628);Ground_Mountain_0_1:(-0.245, 0.739, 0.628);Ground_Mountain_0_1:(-0.269, 0.850, 0.454);Ground_Mountain_0_1:(-0.245, 0.739, 0.628);Ground_Mountain_0_1:(-0.245, 0.739, 0.628);Ground_Mountain_0_1:(-0.298, 0.803, 0.517);Ground_Mountain_0_1:(-0.298, 0.803, 0.517);Ground_Mountain_0_1:(-0.298, 0.803, 0.517);Ground_Mountain_0_1:(-0.298, 0.803, 0.517);Ground_Mountain_0_1:(-0.171, 0.828, 0.533);Ground_Mountain_0_1:(-0.171, 0.828, 0.533);Ground_Mountain_0_1:(-0.171, 0.828, 0.533);"
8.480,123.853,806.932,85.888,-104.678,18.248,13.910,10.637,-5.597,1.000,0.000,0.311,4,23.264,1.947,0.716,"Ground_Mountain_0_1:(-0.252, 0.726, 0.639);Ground_Mountain_0_1:(-0.252, 0.726, 0.639);Ground_Mountain_0_1:(-0.252, 0.726, 0.639);Ground_Mountain_0_1:(-0.252, 0.726, 0.639);Ground_Mountain_0_1:(-0.252, 0.726, 0.639);Ground_Mountain_0_1:(-0.252, 0.726, 0.639);Ground_Mountain_0_1:(-0.397, 0.652, 0.645);Ground_Mountain_0_1:(-0.397, 0.652, 0.645);Ground_Mountain_0_1:(-0.397, 0.652, 0.645);Ground_Mountain_0_1:(-0.298, 0.803, 0.517);Ground_Mountain_0_1:(-0.298, 0.803, 0.517);Ground_Mountain_0_1:(-0.298, 0.803, 0.517);"
8.500,124.145,807.197,86.107,-104.793,18.297,13.591,11.059,-5.705,1.000,0.000,0.311,4,20.706,8.945,0.708,"Ground_Mountain_0_1:(-0.277, 0.719, 0.637);Ground_Mountain_0_1:(-0.277, 0.719, 0.637);Ground_Mountain_0_1:(-0.277, 0.719, 0.637);Ground_Mountain_0_1:(-0.277, 0.719, 0.637);Ground_Mountain_0_1:(-0.277, 0.719, 0.637);Ground_Mountain_0_1:(-0.277, 0.719, 0.637);Ground_Mountain_0_1:(-0.397, 0.652, 0.645);Ground_Mountain_0_1:(-0.397, 0.652, 0.645);Ground_Mountain_0_1:(-0.397, 0.652, 0.645);Ground_Mountain_0_1:(-0.298, 0.803, 0.517);Ground_Mountain_0_1:(-0.298, 0.803, 0.517);Ground_Mountain_0_1:(-0.298, 0.803, 0.517);"
8.520,124.490,807.456,86.334,-104.910,18.347,13.261,11.474,-5.814,1.000,0.000,0.312,4,22.284,7.619,0.700,"Ground_Mountain_0_1:(-0.313, 0.708, 0.633);Ground_Mountain_0_1:(-0.313, 0.708, 0.633);Ground_Mountain_0_1:(-0.313, 0.708, 0.633);Ground_Mountain_0_1:(-0.313, 0.708, 0.633);Ground_Mountain_0_1:(-0.313, 0.708, 0.633);Ground_Mountain_0_1:(-0.313, 0.708, 0.633);Ground_Mountain_0_1:(-0.397, 0.652, 0.645);Ground_Mountain_0_1:(-0.397, 0.652, 0.645);Ground_Mountain_0_1:(-0.397, 0.652, 0.645);"
8.540,124.779,807.710,86.575,-105.026,18.341,12.785,12.033,-5.733,1.000,0.000,0.312,4,22.824,6.730,0.700,"Ground_Mountain_0_1:(-0.342, 0.687, 0.641);Ground_Mountain_0_1:(-0.342, 0.687, 0.641);Ground_Mountain_0_1:(-0.342, 0.687, 0.641);Ground_Mountain_0_1:(-0.342, 0.687, 0.641);Ground_Mountain_0_1:(-0.342, 0.687, 0.641);Ground_Mountain_0_1:(-0.342, 0.687, 0.641);"
8.560,125.065,807.956,86.822,-105.139,18.342,12.399,12.437,-5.752,1.000,0.000,0.313,4,18.150,2.638,0.693,"Ground_Mountain_0_1:(-0.356, 0.679, 0.642);Ground_Mountain_0_1:(-0.356, 0.679, 0.642);Ground_Mountain_0_1:(-0.356, 0.679, 0.642);Ground_Mountain_0_1:(-0.356, 0.679, 0.642);Ground_Mountain_0_1:(-0.356, 0.679, 0.642);Ground_Mountain_0_1:(-0.356, 0.679, 0.642);Ground_Mountain_0_1:(-0.404, 0.634, 0.659);Ground_Mountain_0_1:(-0.404, 0.634, 0.659);Ground_Mountain_0_1:(-0.404, 0.634, 0.659);Ground_Mountain_0_1:(-0.404, 0.634, 0.659);Ground_Mountain_0_1:(-0.404, 0.634, 0.659);"
8.580,125.346,808.196,87.075,-105.257,18.388,12.077,12.733,-5.940,1.000,0.000,0.314,4,15.734,2.027,0.687,"Ground_Mountain_0_1:(-0.359, 0.675, 0.645);Ground_Mountain_0_1:(-0.359, 0.675, 0.645);Ground_Mountain_0_1:(-0.359, 0.675, 0.645);Ground_Mountain_0_1:(-0.359, 0.675, 0.645);Ground_Mountain_0_1:(-0.359, 0.675, 0.645);Ground_Mountain_0_1:(-0.359, 0.675, 0.645);Ground_Mountain_0_1:(-0.404, 0.634, 0.659);Ground_Mountain_0_1:(-0.404, 0.634, 0.659);Ground_Mountain_0_1:(-0.404, 0.634, 0.659);Ground_Mountain_0_1:(-0.404, 0.634, 0.659);Ground_Mountain_0_1:(-0.404, 0.634, 0.659);"
8.600,125.622,808.430,87.333,-105.379,18.432,11.749,13.011,-6.140,1.000,0.000,0.315,4,15.456,2.030,0.681,"Ground_Mountain_0_1:(-0.345, 0.683, 0.644);Ground_Mountain_0_1:(-0.345, 0.683, 0.644);Ground_Mountain_0_1:(-0.345, 0.683, 0.644);Ground_Mountain_0_1:(-0.345, 0.683, 0.644);Ground_Mountain_0_1:(-0.345, 0.683, 0.644);Ground_Mountain_0_1:(-0.345, 0.683, 0.644);Ground_Mountain_0_1:(-0.401, 0.634, 0.662);Ground_Mountain_0_1:(-0.401, 0.634, 0.662);Ground_Mountain_0_1:(-0.401, 0.634, 0.662);Ground_Mountain_0_1:(-0.401, 0.634, 0.662);Ground_Mountain_0_1:(-0.401, 0.634, 0.662);Ground_Mountain_0_1:(-0.401, 0.634, 0.662);"
8.620,125.892,808.658,87.598,-105.504,18.472,11.410,13.281,-6.336,1.000,0.000,0.317,4,14.906,1.533,0.676,"Ground_Mountain_0_1:(-0.364, 0.665, 0.652);Ground_Mountain_0_1:(-0.364, 0.665, 0.652);Ground_Mountain_0_1:(-0.364, 0.665, 0.652);Ground_Mountain_0_1:(-0.364, 0.665, 0.652);Ground_Mountain_0_1:(-0.364, 0.665, 0.652);Ground_Mountain_0_1:(-0.364, 0.665, 0.652);"
8.640,126.377,808.878,87.867,-105.634,18.508,11.062,13.528,-6.546,1.000,0.000,0.318,4,13.890,1.428,0.672,"Ground_Mountain_0_1:(-0.366, 0.661, 0.655);Ground_Mountain_0_1:(-0.366, 0.661, 0.655);Ground_Mountain_0_1:(-0.366, 0.661, 0.655);Ground_Mountain_0_1:(-0.366, 0.661, 0.655);Ground_Mountain_0_1:(-0.366, 0.661, 0.655);Ground_Mountain_0_1:(-0.366, 0.661, 0.655);"
8.660,126.638,809.091,88.141,-105.768,18.531,10.685,13.776,-6.733,1.000,0.000,0.319,4,13.052,1.045,0.667,"Ground_Mountain_0_1:(-0.441, 0.621, 0.649);Ground_Mountain_0_1:(-0.441, 0.621, 0.649);Ground_Mountain_0_1:(-0.441, 0.621, 0.649);Ground_Mountain_0_1:(-0.441, 0.621, 0.649);Ground_Mountain_0_1:(-0.441, 0.621, 0.649);Ground_Mountain_0_1:(-0.441, 0.621, 0.649);Ground_Mountain_0_1:(-0.352, 0.647, 0.677);Ground_Mountain_0_1:(-0.352, 0.647, 0.677);Ground_Mountain_0_1:(-0.352, 0.647, 0.677);Ground_Mountain_0_1:(-0.352, 0.647, 0.677);Ground_Mountain_0_1:(-0.352, 0.647, 0.677);Ground_Mountain_0_1:(-0.352, 0.647, 0.677);Ground_Mountain_0_1:(-0.255, 0.687, 0.680);Ground_Mountain_0_1:(-0.255, 0.687, 0.680);Ground_Mountain_0_1:(-0.255, 0.687, 0.680);"
8.680,126.893,809.288,88.420,-105.902,18.515,10.220,14.068,-6.796,1.000,0.000,0.320,4,12.529,1.086,0.655,"Ground_Mountain_0_1:(-0.494, 0.589, 0.640);Ground_Mountain_0_1:(-0.494, 0.589, 0.640);Ground_Mountain_0_1:(-0.494, 0.589, 0.640);Ground_Mountain_0_1:(-0.494, 0.589, 0.640);Ground_Mountain_0_1:(-0.494, 0.589, 0.640);Ground_Mountain_0_1:(-0.494, 0.589, 0.640);Ground_Mountain_0_1:(-0.391, 0.642, 0.660);Ground_Mountain_0_1:(-0.391, 0.642, 0.660);Ground_Mountain_0_1:(-0.391, 0.642, 0.660);Ground_Mountain_0_1:(-0.391, 0.642, 0.660);Ground_Mountain_0_1:(-0.391, 0.642, 0.660);Ground_Mountain_0_1:(-0.391, 0.642, 0.660);Ground_Mountain_0_1:(-0.310, 0.636, 0.706);Ground_Mountain_0_1:(-0.310, 0.636, 0.706);Ground_Mountain_0_1:(-0.310, 0.636, 0.706);Ground_Mountain_0_1:(-0.310, 0.636, 0.706);"
8.700,127.134,809.481,88.703,-106.042,18.549,9.832,14.274,-7.018,1.000,0.000,0.321,4,12.635,4.553,0.647,"Ground_Mountain_0_1:(-0.491, 0.588, 0.643);Ground_Mountain_0_1:(-0.491, 0.588, 0.643);Ground_Mountain_0_1:(-0.491, 0.588, 0.643);Ground_Mountain_0_1:(-0.491, 0.588, 0.643);Ground_Mountain_0_1:(-0.491, 0.588, 0.643);Ground_Mountain_0_1:(-0.491, 0.588, 0.643);Ground_Mountain_0_1:(-0.360, 0.633, 0.685);Ground_Mountain_0_1:(-0.360, 0.633, 0.685);Ground_Mountain_0_1:(-0.360, 0.633, 0.685);Ground_Mountain_0_1:(-0.360, 0.633, 0.685);Ground_Mountain_0_1:(-0.360, 0.633, 0.685);Ground_Mountain_0_1:(-0.360, 0.633, 0.685);"
8.720,127.371,809.667,88.991,-106.187,18.577,9.428,14.474,-7.232,1.000,0.000,0.322,4,13.047,3.997,0.639,"Ground_Mountain_0_1:(-0.491, 0.588, 0.643);Ground_Mountain_0_1:(-0.491, 0.588, 0.643);Ground_Mountain_0_1:(-0.491, 0.588, 0.643);Ground_Mountain_0_1:(-0.491, 0.588, 0.643);Ground_Mountain_0_1:(-0.491, 0.588, 0.643);Ground_Mountain_0_1:(-0.491, 0.588, 0.643);Ground_Mountain_0_1:(-0.391, 0.639, 0.662);Ground_Mountain_0_1:(-0.391, 0.639, 0.662);Ground_Mountain_0_1:(-0.391, 0.639, 0.662);Ground_Mountain_0_1:(-0.391, 0.639, 0.662);Ground_Mountain_0_1:(-0.391, 0.639, 0.662);Ground_Mountain_0_1:(-0.391, 0.639, 0.662);"
8.740,127.602,809.845,89.282,-106.335,18.600,9.011,14.661,-7.446,1.000,0.000,0.323,4,12.858,3.525,0.633,"Ground_Mountain_0_1:(-0.491, 0.588, 0.643);Ground_Mountain_0_1:(-0.491, 0.588, 0.643);Ground_Mountain_0_1:(-0.491, 0.588, 0.643);Ground_Mountain_0_1:(-0.491, 0.588, 0.643);Ground_Mountain_0_1:(-0.491, 0.588, 0.643);Ground_Mountain_0_1:(-0.491, 0.588, 0.643);Ground_Mountain_0_1:(-0.394, 0.637, 0.662);Ground_Mountain_0_1:(-0.394, 0.637, 0.662);Ground_Mountain_0_1:(-0.394, 0.637, 0.662);Ground_Mountain_0_1:(-0.394, 0.637, 0.662);Ground_Mountain_0_1:(-0.394, 0.637, 0.662);Ground_Mountain_0_1:(-0.394, 0.637, 0.662);"
8.760,127.826,810.014,89.577,-106.488,18.620,8.581,14.826,-7.672,1.000,0.000,0.323,4,12.876,2.366,0.627,"Ground_Mountain_0_1:(-0.476, 0.596, 0.647);Ground_Mountain_0_1:(-0.476, 0.596, 0.647);Ground_Mountain_0_1:(-0.476, 0.596, 0.647);Ground_Mountain_0_1:(-0.476, 0.596, 0.647);Ground_Mountain_0_1:(-0.476, 0.596, 0.647);Ground_Mountain_0_1:(-0.476, 0.596, 0.647);Ground_Mountain_0_1:(-0.389, 0.638, 0.665);Ground_Mountain_0_1:(-0.389, 0.638, 0.665);Ground_Mountain_0_1:(-0.389, 0.638, 0.665);Ground_Mountain_0_1:(-0.389, 0.638, 0.665);Ground_Mountain_0_1:(-0.389, 0.638, 0.665);Ground_Mountain_0_1:(-0.389, 0.638, 0.665);"
8.780,128.409,810.176,89.875,-106.646,18.636,8.140,14.978,-7.898,1.000,0.000,0.325,4,12.713,2.136,0.623,"Ground_Mountain_0_1:(-0.491, 0.588, 0.643);Ground_Mountain_0_1:(-0.491, 0.588, 0.643);Ground_Mountain_0_1:(-0.491, 0.588, 0.643);Ground_Mountain_0_1:(-0.491, 0.588, 0.643);Ground_Mountain_0_1:(-0.491, 0.588, 0.643);Ground_Mountain_0_1:(-0.491, 0.588, 0.643);Ground_Mountain_0_1:(-0.384, 0.631, 0.674);Ground_Mountain_0_1:(-0.384, 0.631, 0.674);Ground_Mountain_0_1:(-0.384, 0.631, 0.674);"
8.800,128.617,810.328,90.176,-106.809,18.651,7.690,15.108,-8.134,1.000,0.000,0.326,4,12.546,1.575,0.618,"Ground_Mountain_0_1:(-0.491, 0.588, 0.643);Ground_Mountain_0_1:(-0.491, 0.588, 0.643);Ground_Mountain_0_1:(-0.491, 0.588, 0.643);Ground_Mountain_0_1:(-0.491, 0.588, 0.643);Ground_Mountain_0_1:(-0.491, 0.588, 0.643);Ground_Mountain_0_1:(-0.491, 0.588, 0.643);Ground_Mountain_0_1:(-0.384, 0.631, 0.674);Ground_Mountain_0_1:(-0.384, 0.631, 0.674);Ground_Mountain_0_1:(-0.384, 0.631, 0.674);"
8.820,128.816,810.466,90.483,-106.935,18.658,7.221,15.232,-8.348,1.000,0.000,0.326,4,12.188,1.447,0.569,"Ground_Mountain_0_1:(-0.495, 0.589, 0.639);Ground_Mountain_0_1:(-0.495, 0.589, 0.639);Ground_Mountain_0_1:(-0.495, 0.589, 0.639);Ground_Mountain_0_1:(-0.495, 0.589, 0.639);Ground_Mountain_0_1:(-0.495, 0.589, 0.639);Ground_Mountain_0_1:(-0.495, 0.589, 0.639);Ground_Mountain_0_1:(-0.409, 0.625, 0.665);Ground_Mountain_0_1:(-0.409, 0.625, 0.665);Ground_Mountain_0_1:(-0.409, 0.625, 0.665);Ground_Mountain_0_1:(-0.559, 0.652, 0.512);Ground_Mountain_0_1:(-0.559, 0.652, 0.512);Ground_Mountain_0_1:(-0.559, 0.652, 0.512);"
8.840,129.008,810.564,90.820,-107.031,18.621,5.990,15.993,-7.723,1.000,0.000,0.335,4,16.745,3.012,0.521,"Ground_Mountain_0_1:(-0.491, 0.589, 0.642);Ground_Mountain_0_1:(-0.491, 0.589, 0.642);Ground_Mountain_0_1:(-0.491, 0.589, 0.642);Ground_Mountain_0_1:(-0.491, 0.589, 0.642);Ground_Mountain_0_1:(-0.491, 0.589, 0.642);Ground_Mountain_0_1:(-0.491, 0.589, 0.642);Ground_Mountain_0_1:(-0.393, 0.600, 0.697);Ground_Mountain_0_1:(-0.393, 0.600, 0.697);Ground_Mountain_0_1:(-0.393, 0.600, 0.697);Ground_Mountain_0_1:(-0.559, 0.652, 0.512);Ground_Mountain_0_1:(-0.559, 0.652, 0.512);Ground_Mountain_0_1:(-0.559, 0.652, 0.512);"
8.860,129.173,810.650,91.167,-107.124,18.603,5.637,15.967,-8.045,1.000,0.000,0.347,3,3.650,14.419,0.481,"Ground_Mountain_0_1:(-0.491, 0.589, 0.642);Ground_Mountain_0_1:(-0.491, 0.589, 0.642);Ground_Mountain_0_1:(-0.491, 0.589, 0.642);Ground_Mountain_0_1:(-0.491, 0.589, 0.642);Ground_Mountain_0_1:(-0.491, 0.589, 0.642);Ground_Mountain_0_1:(-0.491, 0.589, 0.642);Ground_Mountain_0_1:(-0.384, 0.631, 0.674);Ground_Mountain_0_1:(-0.384, 0.631, 0.674);Ground_Mountain_0_1:(-0.384, 0.631, 0.674);Ground_Mountain_0_1:(-0.559, 0.652, 0.512);Ground_Mountain_0_1:(-0.559, 0.652, 0.512);"
8.880,129.329,810.717,91.498,-107.277,18.519,5.307,15.930,-8.353,1.000,0.000,0.361,2,3.178,11.092,0.456,"Ground_Mountain_0_1:(-0.495, 0.589, 0.639);Ground_Mountain_0_1:(-0.495, 0.589, 0.639);Ground_Mountain_0_1:(-0.495, 0.589, 0.639);Ground_Mountain_0_1:(-0.495, 0.589, 0.639);Ground_Mountain_0_1:(-0.495, 0.589, 0.639);Ground_Mountain_0_1:(-0.495, 0.589, 0.639);Ground_Mountain_0_1:(-0.384, 0.631, 0.674);Ground_Mountain_0_1:(-0.384, 0.631, 0.674);Ground_Mountain_0_1:(-0.384, 0.631, 0.674);Ground_Mountain_0_1:(-0.559, 0.652, 0.512);"
8.900,129.455,810.794,91.836,-107.436,18.548,4.901,15.869,-8.690,1.000,0.000,0.354,2,3.353,10.630,0.476,"Ground_Mountain_0_1:(-0.495, 0.589, 0.639);Ground_Mountain_0_1:(-0.495, 0.589, 0.639);Ground_Mountain_0_1:(-0.495, 0.589, 0.639);Ground_Mountain_0_1:(-0.495, 0.589, 0.639);Ground_Mountain_0_1:(-0.495, 0.589, 0.639);Ground_Mountain_0_1:(-0.495, 0.589, 0.639);Ground_Mountain_0_1:(-0.559, 0.652, 0.512);Ground_Mountain_0_1:(-0.559, 0.652, 0.512);"
8.920,129.591,810.885,92.157,-107.618,18.340,4.899,15.666,-8.686,1.000,0.000,0.353,1,0.000,2.769,0.503,"Ground_Mountain_0_1:(-0.495, 0.589, 0.639);Ground_Mountain_0_1:(-0.495, 0.589, 0.639);Ground_Mountain_0_1:(-0.495, 0.589, 0.639);Ground_Mountain_0_1:(-0.495, 0.589, 0.639);Ground_Mountain_0_1:(-0.495, 0.589, 0.639);Ground_Mountain_0_1:(-0.495, 0.589, 0.639);Ground_Mountain_0_1:(-0.559, 0.652, 0.512);Ground_Mountain_0_1:(-0.559, 0.652, 0.512);"
8.940,129.735,810.977,92.474,-107.801,18.110,4.897,15.464,-8.683,1.000,0.000,0.345,1,0.000,2.775,0.530,"Ground_Mountain_0_1:(-0.498, 0.589, 0.636);Ground_Mountain_0_1:(-0.498, 0.589, 0.636);Ground_Mountain_0_1:(-0.498, 0.589, 0.636);Ground_Mountain_0_1:(-0.498, 0.589, 0.636);Ground_Mountain_0_1:(-0.498, 0.589, 0.636);Ground_Mountain_0_1:(-0.498, 0.589, 0.636);Ground_Mountain_0_1:(-0.559, 0.652, 0.512);Ground_Mountain_0_1:(-0.559, 0.652, 0.512);"
8.960,130.325,811.069,92.786,-107.984,17.860,4.895,15.261,-8.679,1.000,0.000,0.340,0,0.000,2.783,0.555,"Ground_Mountain_0_1:(-0.498, 0.589, 0.636);Ground_Mountain_0_1:(-0.498, 0.589, 0.636);Ground_Mountain_0_1:(-0.498, 0.589, 0.636);Ground_Mountain_0_1:(-0.498, 0.589, 0.636);Ground_Mountain_0_1:(-0.498, 0.589, 0.636);Ground_Mountain_0_1:(-0.498, 0.589, 0.636);Ground_Mountain_0_1:(-0.569, 0.686, 0.454);Ground_Mountain_0_1:(-0.569, 0.686, 0.454);Ground_Mountain_0_1:(-0.559, 0.652, 0.512);Ground_Mountain_0_1:(-0.559, 0.652, 0.512);Ground_Mountain_0_1:(-0.486, 0.688, 0.539);"
8.980,130.462,811.161,93.094,-108.167,17.593,4.893,15.059,-8.676,1.000,0.000,0.334,0,0.000,2.793,0.578,"Ground_Mountain_0_1:(-0.492, 0.588, 0.642);Ground_Mountain_0_1:(-0.492, 0.588, 0.642);Ground_Mountain_0_1:(-0.492, 0.588, 0.642);Ground_Mountain_0_1:(-0.492, 0.588, 0.642);Ground_Mountain_0_1:(-0.492, 0.588, 0.642);Ground_Mountain_0_1:(-0.492, 0.588, 0.642);Ground_Mountain_0_1:(-0.569, 0.686, 0.454);Ground_Mountain_0_1:(-0.486, 0.688, 0.539);"
9.000,130.597,811.253,93.397,-108.350,17.309,4.891,14.857,-8.672,1.000,0.000,0.328,0,0.000,2.806,0.601,""
9.020,130.732,811.346,93.696,-108.534,17.010,4.889,14.655,-8.669,1.000,0.000,0.323,0,0.000,2.821,0.621,""
9.040,130.865,811.439,93.990,-108.718,16.698,4.887,14.453,-8.665,1.000,0.000,0.318,0,0.000,2.838,0.640,""
9.060,130.998,811.532,94.280,-108.903,16.374,4.885,14.251,-8.662,1.000,0.000,0.314,0,0.000,2.857,0.658,""
9.080,131.130,811.625,94.566,-109.087,16.039,4.883,14.049,-8.658,1.000,0.000,0.310,0,0.000,2.878,0.674,""
9.100,131.261,811.719,94.847,-109.271,15.695,4.881,13.848,-8.655,1.000,0.000,0.307,0,0.000,2.900,0.688,""
9.120,131.392,811.813,95.123,-109.456,15.344,4.879,13.646,-8.651,1.000,0.000,0.305,0,0.000,2.924,0.701,""
9.140,131.521,811.908,95.396,-109.640,14.987,4.877,13.444,-8.648,1.000,0.000,0.303,0,0.000,2.948,0.713,""
9.160,131.650,812.003,95.663,-109.825,14.626,4.875,13.243,-8.645,1.000,0.000,0.301,0,0.000,2.974,0.723,""
9.180,131.778,812.098,95.927,-110.009,14.261,4.873,13.041,-8.641,1.000,0.000,0.300,0,0.000,3.000,0.732,""
9.200,132.326,812.194,96.186,-110.194,13.894,4.871,12.840,-8.638,1.000,0.000,0.299,0,0.000,3.026,0.740,""
9.220,132.445,812.290,96.440,-110.378,13.526,4.869,12.639,-8.634,1.000,0.000,0.298,0,0.000,3.052,0.747,""
9.240,132.563,812.386,96.690,-110.562,13.159,4.867,12.438,-8.631,1.000,0.000,0.298,0,0.000,3.077,0.752,""
9.260,132.681,812.483,96.936,-110.746,12.793,4.866,12.237,-8.627,1.000,0.000,0.298,0,0.000,3.102,0.756,""
9.280,132.797,812.580,97.178,-110.930,12.430,4.864,12.036,-8.624,1.000,0.000,0.299,0,0.000,3.125,0.760,""
9.300,132.914,812.678,97.415,-111.113,12.071,4.862,11.835,-8.620,1.000,0.000,0.300,0,0.000,3.147,0.762,""
9.320,133.030,812.776,97.649,-111.297,11.717,4.860,11.634,-8.617,1.000,0.000,0.302,0,0.000,3.168,0.764,""
9.340,133.145,812.874,97.877,-111.479,11.368,4.858,11.433,-8.613,1.000,0.000,0.304,0,0.000,3.186,0.765,""
9.360,133.259,812.972,98.102,-111.662,11.025,4.856,11.232,-8.610,1.000,0.000,0.306,0,0.000,3.203,0.765,"Mountain trunk:(-0.416, 0.000, 0.910);"
9.380,133.373,813.071,98.322,-111.828,9.823,4.854,11.032,-7.750,1.000,0.000,0.309,0,0.000,3.218,0.762,"Mountain trunk:(0.000, 0.000, 1.000);Mountain trunk:(0.000, 0.000, 1.000);Mountain trunk:(0.000, 0.000, 1.000);Mountain trunk:(0.000, 0.000, 1.000);"
9.400,133.489,813.159,98.524,-111.861,2.661,4.504,10.278,-1.276,1.000,0.000,0.304,0,0.000,3.556,0.751,"Mountain trunk:(0.000, 0.000, 1.000);Mountain trunk:(0.000, 0.000, 1.000);Mountain trunk:(0.000, 0.000, 1.000);Mountain trunk:(0.000, 0.000, 1.000);"
9.420,133.614,813.236,98.709,-111.854,-0.054,4.165,9.570,0.566,1.000,0.000,0.239,0,0.000,5.066,0.727,"Mountain trunk:(-0.290, -0.013, 0.957);Mountain trunk:(-0.290, -0.013, 0.957);Mountain trunk:(-0.290, -0.013, 0.957);Mountain trunk:(-0.290, -0.013, 0.957);"
9.440,133.732,813.313,98.890,-111.845,-0.868,4.163,9.370,0.565,1.000,0.000,0.202,0,0.000,5.714,0.704,"Mountain trunk:(0.000, 0.000, 1.000);Mountain trunk:(0.000, 0.000, 1.000);Mountain trunk:(0.000, 0.000, 1.000);Mountain trunk:(0.000, 0.000, 1.000);"
9.460,134.201,813.390,99.067,-111.836,-1.642,4.162,9.170,0.565,1.000,0.000,0.167,0,0.000,5.661,0.682,"Mountain trunk:(0.000, 0.000, 1.000);Mountain trunk:(0.000, 0.000, 1.000);Mountain trunk:(0.000, 0.000, 1.000);Mountain trunk:(0.000, 0.000, 1.000);"
9.480,134.315,813.469,99.240,-111.816,-2.683,4.179,8.918,0.954,1.000,0.000,0.136,0,0.000,5.595,0.662,"Mountain trunk:(0.000, 0.000, 1.000);Mountain trunk:(0.000, 0.000, 1.000);Mountain trunk:(0.000, 0.000, 1.000);Mountain trunk:(0.000, 0.000, 1.000);"
9.500,134.432,813.548,99.410,-111.795,-3.361,4.180,8.710,1.016,1.000,0.000,0.106,0,0.000,5.208,0.645,"Mountain trunk:(0.000, 0.000, 1.000);Mountain trunk:(0.000, 0.000, 1.000);Mountain trunk:(0.000, 0.000, 1.000);Mountain trunk:(0.000, 0.000, 1.000);"
9.520,134.549,813.627,99.575,-111.773,-3.932,4.178,8.511,1.016,1.000,0.000,0.074,0,0.000,5.082,0.629,"Mountain trunk:(0.000, 0.000, 1.000);Mountain trunk:(0.000, 0.000, 1.000);Mountain trunk:(0.000, 0.000, 1.000);Mountain trunk:(0.000, 0.000, 1.000);"
9.540,134.665,813.707,99.738,-111.750,-4.453,4.177,8.311,1.015,1.000,0.000,0.042,0,0.000,4.984,0.615,"Mountain trunk:(0.000, 0.000, 1.000);Mountain trunk:(0.000, 0.000, 1.000);Mountain trunk:(0.000, 0.000, 1.000);Mountain trunk:(0.000, 0.000, 1.000);"
9.560,134.781,813.786,99.896,-111.727,-4.924,4.175,8.112,1.015,1.000,0.000,0.011,0,0.000,4.879,0.602,"Mountain trunk:(0.000, 0.000, 1.000);Mountain trunk:(0.000, 0.000, 1.000);"
9.580,134.897,813.867,100.052,-111.703,-5.344,4.173,7.912,1.015,1.000,0.000,-0.021,0,0.000,4.767,0.591,"Mountain trunk:(0.000, 0.000, 1.000);Mountain trunk:(0.000, 0.000, 1.000);"
9.600,135.012,813.948,100.203,-111.678,-5.715,4.172,7.713,1.014,1.000,0.000,-0.050,0,0.000,4.648,0.583,"Mountain trunk:(0.000, 0.000, 1.000);Mountain trunk:(0.000, 0.000, 1.000);"
9.620,135.128,814.029,100.352,-111.653,-6.036,4.170,7.514,1.014,1.000,0.000,-0.077,0,0.000,4.525,0.576,"Mountain trunk:(0.000, 0.000, 1.000);Mountain trunk:(0.000, 0.000, 1.000);"
9.640,135.243,814.110,100.497,-111.628,-6.309,4.168,7.315,1.013,1.000,0.000,-0.103,0,0.000,4.397,0.571,"Mountain trunk:(0.000, 0.000, 1.000);Mountain trunk:(0.000, 0.000, 1.000);"
9.660,135.357,814.193,100.638,-111.602,-6.535,4.167,7.116,1.013,1.000,0.000,-0.128,0,0.000,4.265,0.569,"Mountain trunk:(0.000, 0.000, 1.000);Mountain trunk:(0.000, 0.000, 1.000);"
9.680,135.472,814.275,100.777,-111.577,-6.717,4.165,6.917,1.013,1.000,0.000,-0.151,0,0.000,4.131,0.568,"Mountain trunk:(0.803, 0.000, 0.596);"
9.700,135.586,814.358,100.911,-111.551,-6.856,4.163,6.718,1.012,1.000,0.000,-0.174,0,0.000,3.993,0.569,"Mountain trunk:(0.709, 0.000, 0.706);"
9.720,136.044,814.442,101.042,-111.525,-6.953,4.162,6.519,1.012,1.000,0.000,-0.203,0,0.000,3.854,0.572,"Mountain trunk:(0.627, 0.000, 0.779);"
9.740,136.156,814.526,101.170,-111.499,-7.012,4.160,6.320,1.011,1.000,0.000,-0.223,0,0.000,3.712,0.577,""
9.760,136.268,814.610,101.294,-111.473,-7.034,4.158,6.122,1.011,1.000,0.000,-0.243,0,0.000,3.570,0.583,""
9.780,136.379,814.695,101.415,-111.447,-7.021,4.157,5.923,1.010,1.000,0.000,-0.262,0,0.000,3.426,0.591,""
9.800,136.491,814.780,101.532,-111.421,-6.976,4.155,5.725,1.010,1.000,0.000,-0.279,0,0.000,3.281,0.601,""
9.820,136.602,814.866,101.646,-111.395,-6.901,4.153,5.526,1.010,1.000,0.000,-0.296,0,0.000,3.136,0.612,""
9.840,136.712,814.952,101.756,-111.369,-6.797,4.152,5.328,1.009,1.000,0.000,-0.312,0,0.000,2.991,0.624,""
9.860,136.822,815.039,101.862,-111.344,-6.668,4.150,5.130,1.009,1.000,0.000,-0.328,0,0.000,2.845,0.637,""
9.880,136.932,815.126,101.965,-111.319,-6.516,4.148,4.931,1.008,1.000,0.000,-0.343,0,0.000,2.700,0.652,""
9.900,137.041,815.213,102.064,-111.294,-6.342,4.147,4.733,1.008,1.000,0.000,-0.357,0,0.000,2.555,0.667,""
9.920,137.150,815.301,102.159,-111.270,-6.149,4.145,4.535,1.008,1.000,0.000,-0.370,0,0.000,2.410,0.683,""
9.940,137.259,815.390,102.250,-111.246,-5.939,4.143,4.337,1.007,1.000,0.000,-0.383,0,0.000,2.266,0.699,""
9.960,137.367,815.478,102.338,-111.222,-5.714,4.142,4.140,1.007,1.000,0.000,-0.394,0,0.000,2.122,0.716,""
9.980,138.007,815.567,102.421,-111.198,-5.475,4.140,3.942,1.006,1.000,0.000,-0.416,0,0.000,1.980,0.733,""
10.000,138.114,815.656,102.501,-111.175,-5.225,4.138,3.744,1.006,1.000,0.000,-0.425,0,0.000,1.839,0.751,""
10.020,138.220,815.746,102.577,-111.153,-4.965,4.137,3.546,1.006,1.000,0.000,-0.433,0,0.000,1.699,0.768,""
10.040,138.325,815.836,102.649,-111.131,-4.698,4.135,3.349,1.005,1.000,0.000,-0.439,0,0.000,1.561,0.786,""
10.060,138.429,815.926,102.717,-111.109,-4.424,4.134,3.151,1.005,1.000,0.000,-0.443,0,0.000,1.426,0.803,""
10.080,138.533,816.016,102.781,-111.088,-4.146,4.132,2.954,1.004,1.000,0.000,-0.445,0,0.000,1.293,0.820,""
10.100,138.637,816.107,102.840,-111.067,-3.865,4.130,2.757,1.004,1.000,0.000,-0.445,0,0.000,1.165,0.837,""
10.120,138.739,816.197,102.896,-111.047,-3.582,4.129,2.560,1.004,1.000,0.000,-0.444,0,0.000,1.042,0.853,""
10.140,138.841,816.288,102.948,-111.027,-3.300,4.127,2.362,1.003,1.000,0.000,-0.440,0,0.000,0.926,0.869,""
10.160,138.942,816.379,102.995,-111.008,-3.018,4.125,2.165,1.003,1.000,0.000,-0.435,0,0.000,0.819,0.884,""
10.180,139.042,816.469,103.039,-110.989,-2.738,4.124,1.968,1.002,1.000,0.000,-0.427,0,0.000,0.725,0.898,""
10.200,139.141,816.560,103.078,-110.970,-2.462,4.122,1.771,1.002,1.000,0.000,-0.417,0,0.000,0.648,0.911,""
10.220,139.962,816.651,103.113,-110.952,-2.190,4.120,1.575,1.002,1.000,0.000,-0.405,0,0.000,0.594,0.924,""
10.240,140.059,816.742,103.144,-110.935,-1.923,4.119,1.378,1.001,1.000,0.000,-0.388,0,0.000,0.568,0.936,""
10.260,140.155,816.832,103.170,-110.918,-1.662,4.117,1.181,1.001,1.000,0.000,-0.370,0,0.000,0.571,0.946,""
10.280,140.249,816.922,103.193,-110.901,-1.407,4.115,0.985,1.000,1.000,0.000,-0.350,0,0.000,0.602,0.956,""
10.300,140.343,817.013,103.211,-110.884,-1.160,4.114,0.788,1.000,1.000,0.000,-0.328,0,0.000,0.655,0.965,""
10.320,140.435,817.102,103.225,-110.868,-0.920,4.112,0.592,1.000,1.000,0.000,-0.305,0,0.000,0.723,0.972,""
10.340,140.526,817.192,103.235,-110.853,-0.688,4.110,0.395,0.999,1.000,0.000,-0.281,0,0.000,0.800,0.979,""
10.360,140.616,817.281,103.240,-110.837,-0.465,4.109,0.199,0.999,1.000,0.000,-0.257,0,0.000,0.883,0.985,""
10.380,140.705,817.370,103.242,-110.822,-0.249,4.107,0.003,0.998,1.000,0.000,-0.232,0,0.000,0.968,0.990,""
10.400,140.793,817.459,103.239,-110.807,-0.043,4.106,-0.193,0.998,1.000,0.000,-0.207,0,0.000,1.054,0.993,""
10.420,140.879,817.547,103.232,-110.792,0.155,4.104,-0.389,0.998,1.000,0.000,-0.182,0,0.000,1.139,0.996,""
10.440,140.965,817.635,103.221,-110.778,0.344,4.102,-0.585,0.997,1.000,0.000,-0.158,0,0.000,1.222,0.998,""
10.460,141.766,817.723,103.205,-110.763,0.525,4.101,-0.781,0.997,1.000,0.000,-0.117,0,0.000,1.302,1.000,""
10.480,141.848,817.810,103.186,-110.749,0.697,4.099,-0.977,0.996,1.000,0.000,-0.094,0,0.000,1.379,1.000,""
10.500,141.928,817.897,103.163,-110.735,0.861,4.097,-1.173,0.996,1.000,0.000,-0.071,0,0.000,1.451,1.000,""
10.520,142.008,817.983,103.135,-110.721,1.016,4.096,-1.368,0.996,1.000,0.000,-0.048,0,0.000,1.520,0.999,""
10.540,142.086,818.069,103.103,-110.706,1.164,4.094,-1.564,0.995,1.000,0.000,-0.026,0,0.000,1.584,0.997,""
10.560,142.163,818.155,103.067,-110.692,1.305,4.092,-1.760,0.995,1.000,0.000,-0.005,0,0.000,1.643,0.995,""
10.580,142.239,818.240,103.028,-110.678,1.438,4.091,-1.955,0.994,1.000,0.000,0.015,0,0.000,1.698,0.992,""
10.600,142.313,818.324,102.984,-110.664,1.564,4.089,-2.150,0.994,1.000,0.000,0.035,0,0.000,1.748,0.989,""
10.620,142.387,818.409,102.936,-110.650,1.684,4.087,-2.346,0.994,1.000,0.000,0.054,0,0.000,1.793,0.986,""
10.640,142.459,818.492,102.884,-110.635,1.798,4.086,-2.541,0.993,1.000,0.000,0.073,0,0.000,1.833,0.982,""
10.660,142.530,818.576,102.828,-110.621,1.905,4.084,-2.736,0.993,1.000,0.000,0.091,0,0.000,1.868,0.979,""
10.680,142.600,818.658,102.768,-110.606,2.007,4.083,-2.931,0.992,1.000,0.000,0.109,0,0.000,1.898,0.974,""
10.700,142.669,818.741,102.705,-110.592,2.104,4.081,-3.126,0.992,1.000,0.000,0.126,0,0.000,1.923,0.970,""
10.720,142.737,818.823,102.637,-110.577,2.196,4.079,-3.321,0.992,1.000,0.000,0.142,0,0.000,1.944,0.966,"Mountain trunk:(-1.000, 0.000, 0.000);Mountain trunk:(-1.000, 0.000, 0.000);Mountain trunk:(-1.000, 0.000, 0.000);"
10.740,143.496,818.882,102.567,-110.560,1.810,3.263,-3.515,0.991,1.000,0.000,0.176,0,0.000,1.959,0.966,"Mountain trunk:(-1.000, 0.000, 0.000);Mountain trunk:(-1.000, 0.000, 0.000);Mountain trunk:(-1.000, 0.000, 0.000);Mountain trunk:(-1.000, 0.000, 0.000);"
10.760,143.541,818.910,102.495,-110.540,1.232,2.271,-3.626,1.001,1.000,0.000,0.183,0,0.000,1.431,0.970,"Mountain trunk:(-1.000, 0.000, 0.000);Mountain trunk:(-1.000, 0.000, 0.000);Mountain trunk:(-1.000, 0.000, 0.000);Mountain trunk:(-1.000, 0.000, 0.000);"
10.780,143.560,818.921,102.420,-110.525,0.476,1.383,-3.770,0.804,1.000,0.000,0.180,0,0.000,3.090,0.969,"Mountain trunk:(-1.000, 0.000, 0.000);Mountain trunk:(-1.000, 0.000, 0.000);Mountain trunk:(-1.000, 0.000, 0.000);Mountain trunk:(-1.000, 0.000, 0.000);"
10.800,143.560,818.923,102.340,-110.511,0.031,0.987,-3.927,0.715,1.000,0.000,0.173,0,0.000,3.632,0.965,"Mountain trunk:(-1.000, 0.000, 0.000);Mountain trunk:(-1.000, 0.000, 0.000);Mountain trunk:(-1.000, 0.000, 0.000);Mountain trunk:(-1.000, 0.000, 0.000);"
10.820,143.551,818.925,102.255,-110.498,-0.167,0.986,-4.122,0.715,1.000,0.000,0.165,0,0.000,4.078,0.956,"Mountain trunk:(-1.000, 0.000, 0.000);Mountain trunk:(-1.000, 0.000, 0.000);Mountain trunk:(-1.000, 0.000, 0.000);Mountain trunk:(-1.000, 0.000, 0.000);"
10.840,143.542,818.929,102.165,-110.484,-0.368,0.986,-4.316,0.714,1.000,0.000,0.158,0,0.000,4.213,0.944,"Mountain trunk:(-1.000, 0.000, 0.000);Mountain trunk:(-1.000, 0.000, 0.000);Mountain trunk:(-1.000, 0.000, 0.000);Mountain trunk:(-1.000, 0.000, 0.000);"
10.860,143.532,818.933,102.071,-110.471,-0.571,0.986,-4.510,0.714,1.000,0.000,0.152,0,0.000,4.336,0.929,"Mountain trunk:(-1.000, 0.000, 0.000);Mountain trunk:(-1.000, 0.000, 0.000);Mountain trunk:(-1.000, 0.000, 0.000);Mountain trunk:(-1.000, 0.000, 0.000);"
10.880,143.522,818.937,101.972,-110.457,-0.774,0.985,-4.705,0.714,1.000,0.000,0.147,0,0.000,4.447,0.912,"Mountain trunk:(-1.000, 0.000, 0.000);Mountain trunk:(-1.000, 0.000, 0.000);Mountain trunk:(-1.000, 0.000, 0.000);Mountain trunk:(-1.000, 0.000, 0.000);"
10.900,143.512,818.943,101.868,-110.443,-0.975,0.985,-4.899,0.714,1.000,0.000,0.142,0,0.000,4.546,0.892,"Mountain trunk:(-1.000, 0.000, 0.000);Mountain trunk:(-1.000, 0.000, 0.000);Mountain trunk:(-1.000, 0.000, 0.000);"
10.920,143.501,818.949,101.761,-110.429,-1.172,0.984,-5.093,0.713,1.000,0.000,0.138,0,0.000,4.631,0.870,"Mountain trunk:(-1.000, 0.000, 0.000);Mountain trunk:(-1.000, 0.000, 0.000);Mountain trunk:(-1.000, 0.000, 0.000);"
10.940,143.491,818.956,101.648,-110.415,-1.366,0.984,-5.287,0.713,1.000,0.000,0.135,0,0.000,4.704,0.847,"Mountain trunk:(-1.000, 0.000, 0.000);Mountain trunk:(-1.000, 0.000, 0.000);Mountain trunk:(-1.000, 0.000, 0.000);"
10.960,143.480,818.964,101.532,-110.400,-1.555,0.984,-5.481,0.713,1.000,0.000,0.132,0,0.000,4.764,0.823,"Mountain trunk:(-1.000, 0.000, 0.000);Mountain trunk:(-1.000, 0.000, 0.000);Mountain trunk:(-1.000, 0.000, 0.000);"
10.980,142.778,818.973,101.411,-110.386,-1.738,0.983,-5.675,0.712,1.000,0.000,0.113,0,0.000,4.812,0.798,"Mountain trunk:(-1.000, 0.000, 0.000);Mountain trunk:(-1.000, 0.000, 0.000);Mountain trunk:(-1.000, 0.000, 0.000);"
11.000,142.767,818.983,101.287,-110.372,-1.914,0.983,-5.869,0.712,1.000,0.000,0.111,0,0.000,4.848,0.772,"Mountain trunk:(-1.000, 0.000, 0.000);Mountain trunk:(-1.000, 0.000, 0.000);Mountain trunk:(-1.000, 0.000, 0.000);"
11.020,142.756,818.993,101.158,-110.357,-2.084,0.983,-6.063,0.712,1.000,0.000,0.110,0,0.000,4.873,0.746,"Mountain trunk:(-1.000, 0.000, 0.000);Mountain trunk:(-1.000, 0.000, 0.000);Mountain trunk:(-1.000, 0.000, 0.000);"
11.040,142.745,819.004,101.026,-110.343,-2.245,0.982,-6.256,0.712,1.000,0.000,0.110,0,0.000,4.887,0.720,"Mountain trunk:(-1.000, 0.000, 0.000);Mountain trunk:(-1.000, 0.000, 0.000);Mountain trunk:(-1.000, 0.000, 0.000);"
11.060,142.735,819.016,100.890,-110.328,-2.399,0.982,-6.450,0.711,1.000,0.000,0.110,0,0.000,4.890,0.695,"Mountain trunk:(-1.000, 0.000, 0.000);Mountain trunk:(-1.000, 0.000, 0.000);Mountain trunk:(-1.000, 0.000, 0.000);"
11.080,142.724,819.028,100.750,-110.313,-2.546,0.981,-6.644,0.711,1.000,0.000,0.110,0,0.000,4.884,0.670,"Mountain trunk:(-1.000, 0.000, 0.000);Mountain trunk:(-1.000, 0.000, 0.000);Mountain trunk:(-1.000, 0.000, 0.000);"
11.100,142.713,819.041,100.606,-110.299,-2.684,0.981,-6.837,0.711,1.000,0.000,0.111,0,0.000,4.869,0.645,"Mountain trunk:(-1.000, 0.000, 0.000);Mountain trunk:(-1.000, 0.000, 0.000);Mountain trunk:(-1.000, 0.000, 0.000);"
11.120,142.702,819.055,100.459,-110.284,-2.814,0.981,-7.030,0.710,1.000,0.000,0.112,0,0.000,4.846,0.621,"Mountain trunk:(-1.000, 0.000, 0.000);Mountain trunk:(-1.000, 0.000, 0.000);Mountain trunk:(-1.000, 0.000, 0.000);"
11.140,142.690,819.069,100.308,-110.269,-2.936,0.980,-7.224,0.710,1.000,0.000,0.113,0,0.000,4.816,0.599,""
11.160,142.679,819.084,100.154,-110.254,-3.050,0.980,-7.417,0.710,1.000,0.000,0.115,0,0.000,4.779,0.577,""
11.180,142.667,819.099,99.996,-110.239,-3.156,0.979,-7.610,0.710,1.000,0.000,0.117,0,0.000,4.736,0.556,""
11.200,142.655,819.115,99.834,-110.224,-3.256,0.979,-7.803,0.709,1.000,0.000,0.119,0,0.000,4.687,0.537,""
11.220,142.643,819.131,99.669,-110.210,-3.348,0.979,-7.996,0.709,1.000,0.000,0.121,0,0.000,4.633,0.519,""
11.240,142.630,819.146,99.513,-110.194,-3.190,0.778,-7.815,0.696,1.000,0.000,0.124,0,0.000,4.576,0.520,"Ground_Mountain_0_1:(-0.472, 0.881, -0.029);"
11.260,142.619,819.157,99.399,-110.172,-2.316,0.064,-6.570,0.724,1.000,0.000,0.122,1,11.250,3.344,0.581,"Ground_Mountain_0_1:(-0.472, 0.881, -0.029);"
11.280,142.614,819.170,99.294,-110.147,-1.792,-0.069,-6.269,0.784,1.000,0.000,0.108,1,3.609,1.436,0.653,"Mountain trunk:(-1.000, 0.000, 0.000);Mountain trunk:(-1.000, 0.000, 0.000);Ground_Mountain_0_1:(-0.408, 0.912, 0.051);Ground_Mountain_0_1:(-0.408, 0.912, 0.051);Ground_Mountain_0_1:(-0.408, 0.912, 0.051);Ground_Mountain_0_1:(-0.472, 0.881, -0.029);Ground_Mountain_0_1:(-0.472, 0.881, -0.029);"
11.300,142.614,819.170,99.285,-110.115,-0.709,-0.771,-4.625,1.221,1.000,0.000,0.094,1,2.540,2.467,0.788,"Ground_Mountain_0_1:(-0.408, 0.912, 0.051);Ground_Mountain_0_1:(-0.408, 0.912, 0.051);Ground_Mountain_0_1:(-0.408, 0.912, 0.051);Ground_Mountain_0_1:(-0.472, 0.881, -0.029);Ground_Mountain_0_1:(-0.472, 0.881, -0.029);Ground_Mountain_0_1:(-0.472, 0.881, -0.029);Ground_Mountain_0_1:(-0.464, 0.865, 0.194);Mountain trunk:(-1.000, 0.000, 0.000);Mountain trunk:(-1.000, 0.000, 0.000);"
11.320,142.624,819.174,99.203,-110.087,-0.641,-0.903,-4.819,1.221,1.000,0.000,0.085,1,0.000,5.522,0.843,"Ground_Mountain_0_1:(-0.408, 0.912, 0.051);Ground_Mountain_0_1:(-0.408, 0.912, 0.051);Ground_Mountain_0_1:(-0.408, 0.912, 0.051);Ground_Mountain_0_1:(-0.472, 0.881, -0.029);Ground_Mountain_0_1:(-0.472, 0.881, -0.029);Ground_Mountain_0_1:(-0.472, 0.881, -0.029);Ground_Mountain_0_1:(-0.472, 0.881, -0.029);Ground_Mountain_0_1:(-0.464, 0.865, 0.194);Mountain trunk:(-1.000, 0.000, 0.000);Mountain trunk:(-1.000, 0.000, 0.000);Mountain trunk:(-1.000, 0.000, 0.000);Mountain trunk:(-1.000, 0.000, 0.000);"
11.340,142.621,819.174,99.124,-110.056,-0.263,-0.825,-4.464,1.318,1.000,0.000,0.081,2,10.264,27.103,0.879,"Ground_Mountain_0_1:(-0.408, 0.912, 0.051);Ground_Mountain_0_1:(-0.408, 0.912, 0.051);Ground_Mountain_0_1:(-0.408, 0.912, 0.051);Ground_Mountain_0_1:(-0.472, 0.881, -0.029);Ground_Mountain_0_1:(-0.472, 0.881, -0.029);Ground_Mountain_0_1:(-0.472, 0.881, -0.029);Mountain trunk:(-1.000, 0.000, 0.000);Mountain trunk:(-1.000, 0.000, 0.000);"
11.360,142.617,819.177,99.050,-110.023,0.139,-0.514,-4.089,1.396,1.000,0.000,0.076,2,12.715,20.754,0.905,"Ground_Mountain_0_1:(-0.472, 0.881, -0.029);Ground_Mountain_0_1:(-0.472, 0.881, -0.029);Ground_Mountain_0_1:(-0.408, 0.912, 0.051);Ground_Mountain_0_1:(-0.408, 0.912, 0.051);Mountain trunk:(-1.000, 0.000, 0.000);Mountain trunk:(-1.000, 0.000, 0.000);"
11.380,142.617,819.185,98.984,-109.988,0.545,-0.147,-3.545,1.457,1.000,0.000,0.072,3,25.295,17.082,0.924,"Ground_Mountain_0_1:(-0.472, 0.881, -0.029);Ground_Mountain_0_1:(-0.472, 0.881, -0.029);Ground_Mountain_0_1:(-0.472, 0.881, -0.029);Ground_Mountain_0_1:(-0.408, 0.912, 0.051);Ground_Mountain_0_1:(-0.403, 0.905, -0.137);Ground_Mountain_0_1:(-0.403, 0.905, -0.137);Mountain trunk:(-0.880, -0.343, 0.329);Mountain trunk:(-0.880, -0.343, 0.329);Mountain trunk:(-0.880, -0.343, 0.329);Mountain trunk:(-0.880, -0.343, 0.329);"
11.400,142.624,819.196,98.927,-109.951,0.934,0.138,-3.029,1.566,1.000,0.000,0.070,3,25.749,15.066,0.938,"Ground_Mountain_0_1:(-0.472, 0.881, -0.029);Ground_Mountain_0_1:(-0.472, 0.881, -0.029);Ground_Mountain_0_1:(-0.472, 0.881, -0.029);Ground_Mountain_0_1:(-0.472, 0.881, -0.029);Ground_Mountain_0_1:(-0.358, 0.929, -0.095);Ground_Mountain_0_1:(-0.358, 0.929, -0.095);Ground_Mountain_0_1:(-0.358, 0.929, -0.095);Ground_Mountain_0_1:(-0.358, 0.929, -0.095);Ground_Mountain_0_1:(-0.358, 0.929, -0.095);Ground_Mountain_0_1:(-0.358, 0.929, -0.095);Ground_Mountain_0_1:(-0.464, 0.865, 0.194);Ground_Mountain_0_1:(-0.641, 0.765, -0.059);Ground_Mountain_0_1:(-0.641, 0.765, -0.059);Ground_Mountain_0_1:(-0.408, 0.912, 0.051);Mountain trunk:(-0.894, -0.312, 0.321);Mountain trunk:(-0.894, -0.312, 0.321);Mountain trunk:(-0.894, -0.312, 0.321);Mountain trunk:(-0.894, -0.312, 0.321);"
11.420,142.637,819.196,98.888,-109.915,1.196,0.158,-1.923,1.591,1.000,0.000,0.069,3,25.779,13.255,0.935,"Ground_Mountain_0_1:(-0.472, 0.881, -0.029);Ground_Mountain_0_1:(-0.472, 0.881, -0.029);Ground_Mountain_0_1:(-0.472, 0.881, -0.029);Ground_Mountain_0_1:(-0.472, 0.881, -0.029);Ground_Mountain_0_1:(-0.641, 0.765, -0.059);Ground_Mountain_0_1:(-0.641, 0.765, -0.059);Ground_Mountain_0_1:(-0.464, 0.865, 0.194);Ground_Mountain_0_1:(-0.334, 0.938, -0.095);Ground_Mountain_0_1:(-0.334, 0.938, -0.095);Ground_Mountain_0_1:(-0.334, 0.938, -0.095);Ground_Mountain_0_1:(-0.408, 0.912, 0.051);Mountain trunk:(-0.903, -0.290, 0.316);Mountain trunk:(-0.903, -0.290, 0.316);Mountain trunk:(-0.903, -0.290, 0.316);"
11.440,142.642,819.119,98.901,-109.859,1.515,0.147,-1.204,1.789,1.000,0.000,0.070,3,24.516,3.458,0.866,"Ground_Mountain_0_1:(-0.472, 0.881, -0.029);Ground_Mountain_0_1:(-0.472, 0.881, -0.029);Ground_Mountain_0_1:(-0.344, 0.935, -0.081);Ground_Mountain_0_1:(-0.344, 0.935, -0.081);Ground_Mountain_0_1:(-0.344, 0.935, -0.081);Ground_Mountain_0_1:(-0.464, 0.865, 0.194);Ground_Mountain_0_1:(-0.464, 0.865, 0.194);Ground_Mountain_0_1:(-0.328, 0.944, -0.031);Mountain trunk:(-0.899, -0.303, 0.318);Mountain trunk:(-0.899, -0.303, 0.318);Mountain trunk:(-0.899, -0.303, 0.318);"
11.460,142.595,819.118,98.881,-109.814,1.818,0.207,-0.881,2.021,1.000,0.000,0.068,4,20.594,10.139,0.856,"Ground_Mountain_0_1:(-0.408, 0.912, 0.051);Mountain trunk:(-0.964, 0.000, 0.266);"
11.480,142.607,819.121,98.884,-109.764,2.149,0.111,-0.349,2.293,1.000,0.000,0.068,4,19.598,9.127,0.863,"Ground_Mountain_0_1:(-0.408, 0.912, 0.051);Ground_Mountain_0_1:(-0.408, 0.912, 0.051);Ground_Mountain_0_1:(-0.488, 0.873, -0.024);Ground_Mountain_0_1:(-0.488, 0.873, -0.024);Ground_Mountain_0_1:(-0.464, 0.865, 0.194);"
11.500,142.629,819.124,98.881,-109.710,2.445,0.183,-0.137,2.547,1.000,0.000,0.069,4,15.429,5.268,0.861,""
11.520,142.650,819.128,98.881,-109.652,2.739,0.251,0.050,2.807,1.000,0.000,0.070,4,14.476,4.699,0.859,"Ground_Mountain_0_1:(-0.508, 0.861, 0.010);"
11.540,142.676,819.134,98.885,-109.589,3.031,0.316,0.215,3.071,1.000,0.000,0.071,4,13.535,4.172,0.858,"Ground_Mountain_0_1:(-0.511, 0.859, 0.018);"
11.560,142.705,819.119,98.908,-109.535,3.318,0.364,0.394,3.330,1.000,0.000,0.072,4,12.638,3.689,0.831,"Ground_Mountain_0_1:(-0.351, 0.934, -0.073);"
11.580,142.715,819.127,98.918,-109.462,3.599,0.437,0.504,3.586,1.000,0.000,0.076,4,10.972,3.444,0.830,"Ground_Mountain_0_1:(-0.472, 0.881, -0.029);Ground_Mountain_0_1:(-0.472, 0.881, -0.029);Ground_Mountain_0_1:(-0.464, 0.865, 0.194);"
11.600,142.751,819.137,98.930,-109.384,3.878,0.511,0.601,3.842,1.000,0.000,0.077,4,10.432,3.028,0.829,"Ground_Mountain_0_1:(-0.472, 0.881, -0.029);Ground_Mountain_0_1:(-0.472, 0.881, -0.029);Ground_Mountain_0_1:(-0.464, 0.865, 0.194);"
11.620,143.513,819.149,98.943,-109.302,4.155,0.595,0.673,4.099,1.000,0.000,0.096,4,9.795,2.010,0.830,"Ground_Mountain_0_1:(-0.472, 0.881, -0.029);Ground_Mountain_0_1:(-0.472, 0.881, -0.029);Ground_Mountain_0_1:(-0.464, 0.865, 0.194);"
11.640,143.561,819.163,98.958,-109.214,4.431,0.684,0.734,4.355,1.000,0.000,0.097,4,9.161,1.686,0.831,"Ground_Mountain_0_1:(-0.472, 0.881, -0.029);Ground_Mountain_0_1:(-0.472, 0.881, -0.029);Ground_Mountain_0_1:(-0.464, 0.865, 0.194);"
11.660,143.612,819.180,98.974,-109.121,4.705,0.778,0.784,4.610,1.000,0.000,0.098,4,8.597,1.430,0.832,"Ground_Mountain_0_1:(-0.472, 0.881, -0.029);Ground_Mountain_0_1:(-0.472, 0.881, -0.029);Ground_Mountain_0_1:(-0.464, 0.865, 0.194);"
11.680,143.668,819.198,98.991,-109.023,4.977,0.876,0.825,4.863,1.000,0.000,0.100,4,8.118,1.221,0.833,"Ground_Mountain_0_1:(-0.464, 0.865, 0.194);Ground_Mountain_0_1:(-0.555, 0.832, 0.007);"
11.700,143.728,819.218,99.009,-108.920,5.249,0.977,0.860,5.116,1.000,0.000,0.101,4,7.728,1.048,0.835,""
11.720,143.791,819.241,99.026,-108.813,5.514,1.111,0.838,5.362,1.000,0.000,0.103,4,6.654,3.494,0.836,"Ground_Mountain_0_1:(-0.590, 0.704, 0.397);Ground_Mountain_0_1:(-0.678, 0.681, 0.277);Ground_Mountain_0_1:(-0.351, 0.934, -0.073);Ground_Mountain_0_1:(-0.641, 0.765, -0.059);"
11.740,143.859,819.266,99.042,-108.700,5.777,1.256,0.800,5.606,1.000,0.000,0.103,4,5.689,3.168,0.837,"Ground_Mountain_0_1:(-0.590, 0.704, 0.397);Ground_Mountain_0_1:(-0.363, 0.863, 0.351);Ground_Mountain_0_1:(-0.678, 0.681, 0.277);Ground_Mountain_0_1:(-0.351, 0.934, -0.073);Ground_Mountain_0_1:(-0.641, 0.765, -0.059);"
11.760,143.932,819.294,99.058,-108.582,6.043,1.388,0.787,5.852,1.000,0.000,0.102,4,5.481,1.233,0.838,"Ground_Mountain_0_1:(-0.590, 0.704, 0.397);Ground_Mountain_0_1:(-0.363, 0.863, 0.351);Ground_Mountain_0_1:(-0.678, 0.681, 0.277);Ground_Mountain_0_1:(-0.351, 0.934, -0.073);Ground_Mountain_0_1:(-0.641, 0.765, -0.059);"
11.780,144.008,819.325,99.074,-108.459,6.309,1.515,0.782,6.097,1.000,0.000,0.102,3,5.159,1.357,0.838,"Ground_Mountain_0_1:(-0.590, 0.704, 0.397);Ground_Mountain_0_1:(-0.363, 0.863, 0.351);Ground_Mountain_0_1:(-0.678, 0.681, 0.277);Ground_Mountain_0_1:(-0.351, 0.934, -0.073);Ground_Mountain_0_1:(-0.641, 0.765, -0.059);"
11.800,144.088,819.358,99.088,-108.332,6.570,1.668,0.739,6.335,1.000,0.000,0.102,3,4.734,2.635,0.837,"Ground_Mountain_0_1:(-0.590, 0.704, 0.397);Ground_Mountain_0_1:(-0.363, 0.863, 0.351);Ground_Mountain_0_1:(-0.678, 0.681, 0.277);Ground_Mountain_0_1:(-0.351, 0.934, -0.073);Ground_Mountain_0_1:(-0.641, 0.765, -0.059);"
11.820,144.173,819.394,99.102,-108.199,6.832,1.806,0.726,6.574,1.000,0.000,0.102,3,4.580,0.444,0.836,"Ground_Mountain_0_1:(-0.590, 0.704, 0.397);Ground_Mountain_0_1:(-0.363, 0.863, 0.351);Ground_Mountain_0_1:(-0.678, 0.681, 0.277);Ground_Mountain_0_1:(-0.351, 0.934, -0.073);Ground_Mountain_0_1:(-0.641, 0.765, -0.059);"
11.840,144.262,819.432,99.116,-108.062,7.093,1.943,0.715,6.810,1.000,0.000,0.102,3,4.669,0.072,0.835,"Ground_Mountain_0_1:(-0.590, 0.704, 0.397);Ground_Mountain_0_1:(-0.363, 0.863, 0.351);Ground_Mountain_0_1:(-0.678, 0.681, 0.277);Ground_Mountain_0_1:(-0.351, 0.934, -0.073);Ground_Mountain_0_1:(-0.641, 0.765, -0.059);"
11.860,144.356,819.473,99.130,-107.919,7.353,2.081,0.706,7.044,1.000,0.000,0.102,3,4.754,0.330,0.834,"Ground_Mountain_0_1:(-0.590, 0.704, 0.397);Ground_Mountain_0_1:(-0.363, 0.863, 0.351);Ground_Mountain_0_1:(-0.678, 0.681, 0.277);Ground_Mountain_0_1:(-0.351, 0.934, -0.073);Ground_Mountain_0_1:(-0.641, 0.765, -0.059);"
11.880,144.453,819.516,99.145,-107.772,7.609,2.192,0.739,7.276,1.000,0.000,0.102,2,4.533,4.228,0.832,"Ground_Mountain_0_1:(-0.590, 0.704, 0.397);Ground_Mountain_0_1:(-0.363, 0.863, 0.351);Ground_Mountain_0_1:(-0.678, 0.681, 0.277);Ground_Mountain_0_1:(-0.368, 0.925, -0.093);Ground_Mountain_0_1:(-0.368, 0.925, -0.093);Ground_Mountain_0_1:(-0.641, 0.765, -0.059);"
11.900,145.310,819.562,99.160,-107.621,7.864,2.296,0.785,7.507,1.000,0.000,0.119,2,5.262,4.244,0.831,"Ground_Mountain_0_1:(-0.590, 0.704, 0.397);Ground_Mountain_0_1:(-0.363, 0.863, 0.351);Ground_Mountain_0_1:(-0.363, 0.863, 0.351);Ground_Mountain_0_1:(-0.678, 0.681, 0.277);Ground_Mountain_0_1:(-0.368, 0.925, -0.093);Ground_Mountain_0_1:(-0.368, 0.925, -0.093);Ground_Mountain_0_1:(-0.368, 0.925, -0.093);Ground_Mountain_0_1:(-0.368, 0.925, -0.093);Ground_Mountain_0_1:(-0.641, 0.765, -0.059);"
11.920,145.421,819.609,99.176,-107.464,8.117,2.394,0.842,7.735,1.000,0.000,0.119,2,5.918,4.336,0.829,"Ground_Mountain_0_1:(-0.590, 0.704, 0.397);Ground_Mountain_0_1:(-0.363, 0.863, 0.351);Ground_Mountain_0_1:(-0.363, 0.863, 0.351);Ground_Mountain_0_1:(-0.678, 0.681, 0.277);Ground_Mountain_0_1:(-0.368, 0.925, -0.093);Ground_Mountain_0_1:(-0.368, 0.925, -0.093);Ground_Mountain_0_1:(-0.368, 0.925, -0.093);Ground_Mountain_0_1:(-0.368, 0.925, -0.093);Ground_Mountain_0_1:(-0.641, 0.765, -0.060);"
11.940,145.536,819.659,99.193,-107.304,8.370,2.508,0.876,7.962,1.000,0.000,0.120,2,6.324,4.798,0.828,"Ground_Mountain_0_1:(-0.590, 0.704, 0.397);Ground_Mountain_0_1:(-0.363, 0.863, 0.351);Ground_Mountain_0_1:(-0.363, 0.863, 0.351);Ground_Mountain_0_1:(-0.678, 0.681, 0.277);Ground_Mountain_0_1:(-0.365, 0.927, -0.089);Ground_Mountain_0_1:(-0.365, 0.927, -0.089);Ground_Mountain_0_1:(-0.365, 0.927, -0.089);Ground_Mountain_0_1:(-0.365, 0.927, -0.089);Ground_Mountain_0_1:(-0.365, 0.927, -0.089);Ground_Mountain_0_1:(-0.641, 0.765, -0.059);Ground_Mountain_0_1:(-0.641, 0.765, -0.059);"
11.960,145.655,819.713,99.211,-107.138,8.620,2.664,0.857,8.180,1.000,0.000,0.121,2,5.647,1.819,0.828,"Ground_Mountain_0_1:(-0.590, 0.704, 0.397);Ground_Mountain_0_1:(-0.363, 0.863, 0.351);Ground_Mountain_0_1:(-0.363, 0.863, 0.351);Ground_Mountain_0_1:(-0.678, 0.681, 0.277);Ground_Mountain_0_1:(-0.362, 0.928, -0.086);Ground_Mountain_0_1:(-0.362, 0.928, -0.086);Ground_Mountain_0_1:(-0.362, 0.928, -0.086);Ground_Mountain_0_1:(-0.362, 0.928, -0.086);Ground_Mountain_0_1:(-0.362, 0.928, -0.086);Ground_Mountain_0_1:(-0.362, 0.928, -0.086);Ground_Mountain_0_1:(-0.641, 0.765, -0.059);Ground_Mountain_0_1:(-0.641, 0.765, -0.059);"
11.980,145.780,819.770,99.227,-106.967,8.871,2.833,0.822,8.394,1.000,0.000,0.121,2,4.606,1.315,0.828,"Ground_Mountain_0_1:(-0.590, 0.704, 0.397);Ground_Mountain_0_1:(-0.363, 0.863, 0.351);Ground_Mountain_0_1:(-0.363, 0.863, 0.351);Ground_Mountain_0_1:(-0.678, 0.681, 0.277);Ground_Mountain_0_1:(-0.362, 0.928, -0.086);Ground_Mountain_0_1:(-0.362, 0.928, -0.086);Ground_Mountain_0_1:(-0.362, 0.928, -0.086);Ground_Mountain_0_1:(-0.362, 0.928, -0.086);Ground_Mountain_0_1:(-0.362, 0.928, -0.086);Ground_Mountain_0_1:(-0.362, 0.928, -0.086);Ground_Mountain_0_1:(-0.641, 0.765, -0.059);Ground_Mountain_0_1:(-0.641, 0.765, -0.059);"
12.000,145.910,819.831,99.242,-106.792,9.113,3.043,0.749,8.586,1.000,0.000,0.122,2,3.711,3.934,0.827,"Ground_Mountain_0_1:(-0.590, 0.704, 0.397);Ground_Mountain_0_1:(-0.590, 0.704, 0.397);Ground_Mountain_0_1:(-0.363, 0.863, 0.351);Ground_Mountain_0_1:(-0.363, 0.863, 0.351);Ground_Mountain_0_1:(-0.678, 0.681, 0.277);Ground_Mountain_0_1:(-0.362, 0.928, -0.086);Ground_Mountain_0_1:(-0.362, 0.928, -0.086);Ground_Mountain_0_1:(-0.362, 0.928, -0.086);Ground_Mountain_0_1:(-0.362, 0.928, -0.086);Ground_Mountain_0_1:(-0.362, 0.928, -0.086);Ground_Mountain_0_1:(-0.362, 0.928, -0.086);Ground_Mountain_0_1:(-0.641, 0.765, -0.059);Ground_Mountain_0_1:(-0.641, 0.765, -0.059);Ground_Mountain_0_1:(-0.641, 0.765, -0.059);"
12.020,146.045,819.891,99.253,-106.617,9.081,3.016,0.591,8.587,1.000,0.000,0.124,1,2.294,2.315,0.827,"Ground_Mountain_0_1:(-0.590, 0.704, 0.397);Ground_Mountain_0_1:(-0.590, 0.704, 0.397);Ground_Mountain_0_1:(-0.363, 0.863, 0.351);Ground_Mountain_0_1:(-0.363, 0.863, 0.351);Ground_Mountain_0_1:(-0.368, 0.925, -0.093);Ground_Mountain_0_1:(-0.368, 0.925, -0.093);Ground_Mountain_0_1:(-0.368, 0.925, -0.093);Ground_Mountain_0_1:(-0.368, 0.925, -0.093);Ground_Mountain_0_1:(-0.368, 0.925, -0.093);Ground_Mountain_0_1:(-0.368, 0.925, -0.093);Ground_Mountain_0_1:(-0.678, 0.681, 0.277);Ground_Mountain_0_1:(-0.641, 0.765, -0.059);Ground_Mountain_0_1:(-0.641, 0.765, -0.059);Ground_Mountain_0_1:(-0.641, 0.765, -0.059);"
12.040,146.179,819.927,99.291,-106.420,8.986,2.926,0.630,8.531,1.000,0.000,0.127,1,1.244,2.301,0.776,"Ground_Mountain_0_1:(-0.385, 0.916, -0.112);Ground_Mountain_0_1:(-0.363, 0.863, 0.351);Ground_Mountain_0_1:(-0.363, 0.863, 0.351);"
12.060,147.070,819.986,99.298,-106.243,8.956,2.925,0.434,8.527,1.000,0.000,0.136,0,0.000,3.199,0.770,""
12.080,147.208,820.045,99.301,-106.066,8.927,2.924,0.238,8.524,1.000,0.000,0.138,0,0.000,3.180,0.764,""
12.100,147.346,820.105,99.301,-105.889,8.899,2.923,0.041,8.521,1.000,0.000,0.141,0,0.000,3.158,0.759,""
12.120,147.483,820.164,99.296,-105.713,8.873,2.921,-0.155,8.517,1.000,0.000,0.144,0,0.000,3.132,0.754,""
12.140,147.619,820.225,99.288,-105.537,8.849,2.920,-0.351,8.514,1.000,0.000,0.147,0,0.000,3.104,0.750,""
12.160,147.754,820.285,99.276,-105.362,8.826,2.919,-0.547,8.510,1.000,0.000,0.151,0,0.000,3.073,0.746,""
12.180,147.889,820.345,99.260,-105.186,8.804,2.918,-0.743,8.507,1.000,0.000,0.155,0,0.000,3.039,0.743,""
12.200,148.774,820.406,99.240,-105.011,8.783,2.917,-0.939,8.503,1.000,0.000,0.176,0,0.000,3.004,0.740,""
12.220,148.912,820.467,99.217,-104.837,8.764,2.916,-1.134,8.500,1.000,0.000,0.181,0,0.000,2.966,0.738,""
12.240,149.050,820.528,99.190,-104.662,8.746,2.914,-1.330,8.497,1.000,0.000,0.186,0,0.000,2.926,0.736,""
12.260,149.186,820.590,99.159,-104.488,8.730,2.913,-1.526,8.493,1.000,0.000,0.192,0,0.000,2.884,0.735,""
12.280,149.322,820.651,99.125,-104.315,8.714,2.912,-1.721,8.490,1.000,0.000,0.197,0,0.000,2.840,0.734,""
12.300,149.457,820.713,99.086,-104.141,8.700,2.911,-1.916,8.486,1.000,0.000,0.203,0,0.000,2.795,0.734,""
12.320,149.591,820.774,99.044,-103.968,8.687,2.910,-2.112,8.483,1.000,0.000,0.209,0,0.000,2.748,0.735,""
12.340,150.438,820.836,98.999,-103.796,8.676,2.909,-2.307,8.480,1.000,0.000,0.233,0,0.000,2.700,0.736,""
12.360,150.575,820.898,98.949,-103.623,8.666,2.907,-2.502,8.476,1.000,0.000,0.240,0,0.000,2.650,0.738,""
12.380,150.710,820.960,98.896,-103.451,8.658,2.906,-2.697,8.473,1.000,0.000,0.246,0,0.000,2.599,0.740,""
12.400,150.845,821.023,98.838,-103.279,8.650,2.905,-2.892,8.470,1.000,0.000,0.253,0,0.000,2.548,0.742,""
12.420,150.978,821.085,98.778,-103.108,8.644,2.904,-3.087,8.466,1.000,0.000,0.259,0,0.000,2.495,0.746,""
12.440,151.111,821.148,98.713,-102.937,8.640,2.903,-3.282,8.463,1.000,0.000,0.265,0,0.000,2.441,0.749,""
12.460,151.243,821.210,98.645,-102.766,8.637,2.902,-3.477,8.459,1.000,0.000,0.271,0,0.000,2.387,0.753,""
12.480,151.374,821.273,98.572,-102.596,8.635,2.900,-3.672,8.456,1.000,0.000,0.276,0,0.000,2.332,0.758,""
12.500,152.196,821.335,98.496,-102.425,8.635,2.899,-3.867,8.453,1.000,0.000,0.296,0,0.000,2.276,0.762,""
12.520,152.329,821.398,98.417,-102.256,8.636,2.898,-4.061,8.449,1.000,0.000,0.300,0,0.000,2.220,0.768,""
12.540,152.461,821.461,98.333,-102.086,8.639,2.897,-4.256,8.446,1.000,0.000,0.303,0,0.000,2.163,0.773,""
12.560,152.592,821.524,98.246,-101.917,8.643,2.896,-4.450,8.442,1.000,0.000,0.306,0,0.000,2.107,0.779,""
12.580,152.722,821.586,98.154,-101.748,8.648,2.895,-4.644,8.439,1.000,0.000,0.309,0,0.000,2.049,0.785,""
12.600,152.852,821.649,98.059,-101.579,8.654,2.893,-4.839,8.436,1.000,0.000,0.311,0,0.000,1.992,0.791,""
12.620,152.980,821.712,97.961,-101.411,8.661,2.892,-5.033,8.432,1.000,0.000,0.312,0,0.000,1.935,0.798,""
12.640,153.108,821.775,97.858,-101.243,8.670,2.891,-5.227,8.429,1.000,0.000,0.313,0,0.000,1.878,0.804,""
12.660,153.871,821.838,97.751,-101.076,8.679,2.890,-5.421,8.426,1.000,0.000,0.322,0,0.000,1.821,0.811,""
12.680,153.999,821.900,97.641,-100.908,8.689,2.889,-5.615,8.422,1.000,0.000,0.321,0,0.000,1.765,0.818,""
12.700,154.127,821.963,97.527,-100.741,8.700,2.888,-5.809,8.419,1.000,0.000,0.320,0,0.000,1.709,0.825,""
12.720,154.253,822.026,97.409,-100.575,8.712,2.887,-6.003,8.415,1.000,0.000,0.319,0,0.000,1.654,0.832,""
12.740,154.379,822.089,97.287,-100.408,8.724,2.885,-6.196,8.412,1.000,0.000,0.317,0,0.000,1.599,0.839,""
12.760,154.503,822.151,97.161,-100.242,8.737,2.884,-6.390,8.409,1.000,0.000,0.315,0,0.000,1.546,0.847,""
12.780,154.627,822.214,97.031,-100.076,8.749,2.883,-6.583,8.405,1.000,0.000,0.313,0,0.000,1.494,0.854,""
12.800,154.749,822.276,96.898,-99.911,8.762,2.882,-6.777,8.402,1.000,0.000,0.311,0,0.000,1.443,0.861,""
12.820,154.871,822.338,96.760,-99.746,8.775,2.881,-6.970,8.399,1.000,0.000,0.308,0,0.000,1.393,0.868,""
12.840,155.549,822.401,96.619,-99.581,8.787,2.880,-7.164,8.395,1.000,0.000,0.310,0,0.000,1.346,0.874,""
12.860,155.670,822.463,96.474,-99.416,8.799,2.878,-7.357,8.392,1.000,0.000,0.307,0,0.000,1.301,0.881,""
12.880,155.791,822.525,96.325,-99.251,8.811,2.877,-7.550,8.389,1.000,0.000,0.304,0,0.000,1.257,0.888,""
12.900,155.910,822.587,96.172,-99.087,8.821,2.876,-7.743,8.385,1.000,0.000,0.302,0,0.000,1.216,0.894,""
12.920,156.028,822.649,96.015,-98.923,8.831,2.875,-7.936,8.382,1.000,0.000,0.299,0,0.000,1.178,0.900,""
12.940,156.145,822.710,95.854,-98.759,8.839,2.874,-8.129,8.379,1.000,0.000,0.296,0,0.000,1.143,0.906,""
12.960,156.261,822.772,95.689,-98.596,8.846,2.873,-8.322,8.375,1.000,0.000,0.294,0,0.000,1.111,0.912,""
12.980,156.376,822.833,95.520,-98.433,8.851,2.872,-8.515,8.372,1.000,0.000,0.291,0,0.000,1.082,0.918,""
13.000,156.489,822.894,95.347,-98.270,8.855,2.870,-8.708,8.368,1.000,0.000,0.289,0,0.000,1.057,0.923,""
13.020,156.602,822.955,95.171,-98.107,8.857,2.869,-8.900,8.365,1.000,0.000,0.287,0,0.000,1.035,0.928,""
13.040,157.235,823.016,94.990,-97.944,8.856,2.868,-9.093,8.362,1.000,0.000,0.287,0,0.000,1.017,0.933,""
13.060,157.348,823.077,94.806,-97.781,8.853,2.867,-9.285,8.358,1.000,0.000,0.285,0,0.000,1.003,0.937,"Ground_Mountain_0_1:(-0.713, 0.427, 0.556);"
13.080,157.460,823.137,94.617,-97.619,8.847,2.866,-9.478,8.355,1.000,0.000,0.283,0,0.000,0.992,0.942,"Ground_Mountain_0_1:(-0.713, 0.427, 0.556);"
13.100,157.571,823.198,94.425,-97.457,8.839,2.865,-9.670,8.352,1.000,0.000,0.282,0,0.000,0.985,0.946,"Ground_Mountain_0_1:(-0.663, 0.397, 0.635);Ground_Mountain_0_1:(-0.663, 0.397, 0.635);Ground_Mountain_0_1:(-0.713, 0.427, 0.556);"
13.120,157.680,823.258,94.229,-97.294,8.828,2.864,-9.862,8.348,1.000,0.000,0.280,0,0.000,0.981,0.949,"Ground_Mountain_0_1:(-0.663, 0.397, 0.635);"
13.140,157.789,823.318,94.029,-97.132,8.814,2.862,-10.054,8.345,1.000,0.000,0.279,0,0.000,0.980,0.953,"Ground_Mountain_0_1:(-0.663, 0.397, 0.635);"
13.160,157.897,823.378,93.825,-96.970,8.797,2.861,-10.247,8.342,1.000,0.000,0.278,0,0.000,0.983,0.956,"Ground_Mountain_0_1:(-0.663, 0.397, 0.635);"
13.180,158.004,823.437,93.617,-96.809,8.776,2.860,-10.439,8.338,1.000,0.000,0.277,0,0.000,0.988,0.959,"Ground_Mountain_0_1:(-0.663, 0.397, 0.635);"
13.200,158.109,823.497,93.405,-96.647,8.752,2.859,-10.631,8.335,1.000,0.000,0.276,0,0.000,0.995,0.961,"Ground_Mountain_0_1:(-0.663, 0.397, 0.635);"
13.220,158.214,823.556,93.189,-96.485,8.724,2.858,-10.822,8.332,1.000,0.000,0.275,0,0.000,1.004,0.963,"Ground_Mountain_0_1:(-0.668, 0.397, 0.630);Ground_Mountain_0_1:(-0.668, 0.397, 0.630);Ground_Mountain_0_1:(-0.668, 0.397, 0.630);Ground_Mountain_0_1:(-0.668, 0.397, 0.630);"
13.240,158.318,823.615,92.969,-96.324,8.693,2.857,-11.014,8.328,1.000,0.000,0.275,0,0.000,1.015,0.966,"Ground_Mountain_0_1:(-0.669, 0.397, 0.628);Ground_Mountain_0_1:(-0.669, 0.397, 0.628);Ground_Mountain_0_1:(-0.669, 0.397, 0.628);"
13.260,158.874,823.663,92.750,-96.156,8.378,2.481,-10.997,8.582,1.000,0.000,0.276,0,0.000,1.028,0.968,"Ground_Mountain_0_1:(-0.669, 0.397, 0.628);Ground_Mountain_0_1:(-0.669, 0.397, 0.628);Ground_Mountain_0_1:(-0.669, 0.397, 0.628);"
13.280,158.975,823.706,92.530,-95.984,8.173,2.261,-11.067,8.729,1.000,0.000,0.275,0,0.000,0.554,0.972,"Ground_Mountain_0_1:(-0.669, 0.397, 0.628);Ground_Mountain_0_1:(-0.669, 0.397, 0.628);Ground_Mountain_0_1:(-0.669, 0.397, 0.628);"
13.300,159.075,823.747,92.306,-95.812,8.075,2.199,-11.225,8.767,1.000,0.000,0.273,0,0.000,0.252,0.975,"Ground_Mountain_0_1:(-0.669, 0.397, 0.628);Ground_Mountain_0_1:(-0.669, 0.397, 0.628);Ground_Mountain_0_1:(-0.669, 0.397, 0.628);"
13.320,159.173,823.783,92.081,-95.636,7.887,2.028,-11.321,8.873,1.000,0.000,0.272,0,0.000,0.145,0.979,"Ground_Mountain_0_1:(-0.686, 0.406, 0.603);Ground_Mountain_0_1:(-0.686, 0.406, 0.603);Ground_Mountain_0_1:(-0.686, 0.406, 0.603);Ground_Mountain_0_1:(-0.686, 0.406, 0.603);Ground_Mountain_0_1:(-0.686, 0.406, 0.603);"
13.340,159.269,823.811,91.855,-95.457,7.705,1.887,-11.433,8.954,1.000,0.000,0.270,0,0.000,0.144,0.983,"Ground_Mountain_0_1:(-0.698, 0.412, 0.585);Ground_Mountain_0_1:(-0.698, 0.412, 0.585);Ground_Mountain_0_1:(-0.698, 0.412, 0.585);Ground_Mountain_0_1:(-0.698, 0.412, 0.585);Ground_Mountain_0_1:(-0.698, 0.412, 0.585);Ground_Mountain_0_1:(-0.698, 0.412, 0.585);"
13.360,159.362,823.839,91.626,-95.277,7.581,1.840,-11.599,8.978,1.000,0.000,0.267,0,0.000,0.403,0.987,"Ground_Mountain_0_1:(-0.701, 0.414, 0.580);Ground_Mountain_0_1:(-0.701, 0.414, 0.580);Ground_Mountain_0_1:(-0.701, 0.414, 0.580);Ground_Mountain_0_1:(-0.701, 0.414, 0.580);Ground_Mountain_0_1:(-0.875, 0.176, -0.451);Ground_Mountain_0_1:(-0.875, 0.176, -0.451);"
13.380,159.454,823.839,91.398,-95.110,5.707,0.453,-11.472,8.387,1.000,0.000,0.265,0,0.000,0.542,0.990,"Ground_Mountain_0_1:(-0.701, 0.414, 0.580);Ground_Mountain_0_1:(-0.701, 0.414, 0.580);Ground_Mountain_0_1:(-0.701, 0.414, 0.580);Ground_Mountain_0_1:(-0.701, 0.414, 0.580);Ground_Mountain_0_1:(-0.871, 0.155, -0.466);Ground_Mountain_0_1:(-0.871, 0.155, -0.466);"
13.400,159.519,823.795,91.182,-94.957,2.600,-1.426,-10.823,7.490,1.000,0.000,0.261,0,0.000,1.115,0.992,"Ground_Mountain_0_1:(-0.711, 0.420, 0.565);Ground_Mountain_0_1:(-0.711, 0.420, 0.565);Ground_Mountain_0_1:(-0.711, 0.420, 0.565);Ground_Mountain_0_1:(-0.880, 0.128, -0.458);Ground_Mountain_0_1:(-0.880, 0.128, -0.458);"
13.420,159.543,823.751,90.962,-94.805,1.633,-1.425,-11.014,7.487,1.000,0.000,0.251,0,0.000,3.488,0.991,"Ground_Mountain_0_1:(-0.711, 0.420, 0.565);Ground_Mountain_0_1:(-0.711, 0.420, 0.565);Ground_Mountain_0_1:(-0.711, 0.420, 0.565);"
13.440,159.568,823.708,90.736,-94.651,0.647,-1.425,-11.206,7.484,1.000,0.000,0.246,0,0.000,3.617,0.986,"Ground_Mountain_0_1:(-0.608, 0.421, 0.673);Ground_Mountain_0_1:(-0.608, 0.421, 0.673);Ground_Mountain_0_1:(-0.608, 0.421, 0.673);Ground_Mountain_0_1:(-0.608, 0.421, 0.673);Ground_Mountain_0_1:(-0.360, -0.135, 0.923);Ground_Mountain_0_1:(-0.360, -0.135, 0.923);"
13.460,159.592,823.666,90.506,-94.497,-0.350,-1.424,-11.398,7.481,1.000,0.000,0.240,0,0.000,3.737,0.978,"Ground_Mountain_0_1:(-0.608, 0.421, 0.673);Ground_Mountain_0_1:(-0.608, 0.421, 0.673);Ground_Mountain_0_1:(-0.608, 0.421, 0.673);Ground_Mountain_0_1:(-0.302, -0.164, 0.939);Ground_Mountain_0_1:(-0.302, -0.164, 0.939);"
13.480,159.617,823.624,90.272,-94.343,-1.352,-1.423,-11.589,7.478,1.000,0.000,0.235,0,0.000,3.848,0.968,"Ground_Mountain_0_1:(-0.608, 0.421, 0.673);Ground_Mountain_0_1:(-0.608, 0.421, 0.673);"
13.500,159.641,823.584,90.032,-94.188,-2.353,-1.423,-11.781,7.475,1.000,0.000,0.233,0,0.000,3.948,0.956,"Ground_Mountain_0_1:(-0.608, 0.421, 0.673);Ground_Mountain_0_1:(-0.608, 0.421, 0.673);"
13.520,159.666,823.544,89.789,-94.033,-3.346,-1.422,-11.972,7.472,1.000,0.000,0.230,0,0.000,4.036,0.941,"Ground_Mountain_0_1:(-0.608, 0.421, 0.673);Ground_Mountain_0_1:(-0.608, 0.421, 0.673);"
13.540,159.690,823.506,89.541,-93.877,-4.326,-1.422,-12.163,7.469,1.000,0.000,0.227,0,0.000,4.112,0.925,"Ground_Mountain_0_1:(-0.608, 0.421, 0.673);Ground_Mountain_0_1:(-0.608, 0.421, 0.673);"
13.560,159.715,823.468,89.289,-93.722,-5.289,-1.421,-12.355,7.466,1.000,0.000,0.222,0,0.000,4.176,0.908,"Ground_Mountain_0_1:(-0.608, 0.421, 0.673);Ground_Mountain_0_1:(-0.608, 0.421, 0.673);"
13.580,159.739,823.432,89.033,-93.566,-6.229,-1.421,-12.546,7.463,1.000,0.000,0.218,0,0.000,4.227,0.890,"Ground_Mountain_0_1:(-0.608, 0.421, 0.673);Ground_Mountain_0_1:(-0.608, 0.421, 0.673);"
13.600,159.764,823.396,88.773,-93.410,-7.143,-1.420,-12.737,7.460,1.000,0.000,0.214,0,0.000,4.265,0.871,"Ground_Mountain_0_1:(-0.608, 0.421, 0.673);Ground_Mountain_0_1:(-0.608, 0.421, 0.673);"
13.620,159.788,823.362,88.509,-93.254,-8.028,-1.420,-12.928,7.457,1.000,0.000,0.209,0,0.000,4.291,0.852,"Ground_Mountain_0_1:(-0.608, 0.421, 0.673);Ground_Mountain_0_1:(-0.608, 0.421, 0.673);"
13.640,159.813,823.328,88.242,-93.098,-8.880,-1.419,-13.119,7.455,1.000,0.000,0.204,0,0.000,4.306,0.833,"Ground_Mountain_0_1:(-0.608, 0.421, 0.673);"
13.660,159.837,823.296,87.970,-92.942,-9.697,-1.418,-13.310,7.452,1.000,0.000,0.199,0,0.000,4.308,0.814,"Ground_Mountain_0_1:(-0.608, 0.421, 0.673);"
13.680,159.862,823.264,87.695,-92.786,-10.476,-1.418,-13.501,7.449,1.000,0.000,0.193,0,0.000,4.300,0.795,""
13.700,159.886,823.233,87.416,-92.630,-11.218,-1.417,-13.691,7.446,1.000,0.000,0.187,0,0.000,4.281,0.777,""
13.720,159.910,823.204,87.134,-92.474,-11.919,-1.417,-13.882,7.443,1.000,0.000,0.181,0,0.000,4.253,0.760,""
13.740,159.934,823.175,86.848,-92.319,-12.580,-1.416,-14.073,7.440,1.000,0.000,0.173,0,0.000,4.216,0.744,"Ground_Mountain_0_1:(-0.459, 0.760, 0.460);Ground_Mountain_0_1:(-0.459, 0.760, 0.460);"
13.760,159.958,823.146,86.558,-92.164,-13.199,-1.416,-14.263,7.437,1.000,0.000,0.166,0,0.000,4.169,0.729,"Ground_Mountain_0_1:(-0.461, 0.744, 0.484);Ground_Mountain_0_1:(-0.461, 0.744, 0.484);"
13.780,159.981,823.114,86.278,-92.015,-13.478,-1.627,-14.001,7.436,1.000,0.000,0.158,0,0.000,4.116,0.729,"Ground_Mountain_0_1:(-0.425, 0.905, 0.005);Ground_Mountain_0_1:(-0.461, 0.729, 0.507);Ground_Mountain_0_1:(-0.461, 0.729, 0.507);"
13.800,160.000,823.048,86.133,-91.843,-12.116,-4.226,-9.721,7.833,1.000,0.000,0.147,1,11.250,3.200,0.782,"Ground_Mountain_0_1:(-0.425, 0.905, 0.005);Ground_Mountain_0_1:(-0.425, 0.905, 0.005);Ground_Mountain_0_1:(-0.459, 0.729, 0.508);Ground_Mountain_0_1:(-0.459, 0.729, 0.508);Ground_Mountain_0_1:(-0.679, 0.692, 0.246);Ground_Mountain_0_1:(-0.679, 0.692, 0.246);Ground_Mountain_0_1:(-0.459, 0.729, 0.508);"
13.820,160.036,822.948,86.038,-91.660,-11.428,-5.414,-7.280,7.823,1.000,0.000,0.134,2,11.250,34.068,0.795,"Ground_Mountain_0_1:(-0.425, 0.905, 0.005);Ground_Mountain_0_1:(-0.425, 0.905, 0.005);Ground_Mountain_0_1:(-0.425, 0.905, 0.005);Ground_Mountain_0_1:(-0.304, 0.782, 0.543);Ground_Mountain_0_1:(-0.304, 0.782, 0.543);Ground_Mountain_0_1:(-0.304, 0.782, 0.543);Ground_Mountain_0_1:(-0.304, 0.782, 0.543);Ground_Mountain_0_1:(-0.304, 0.782, 0.543);Ground_Mountain_0_1:(-0.679, 0.692, 0.246);Ground_Mountain_0_1:(-0.687, 0.696, 0.211);Ground_Mountain_0_1:(-0.687, 0.696, 0.211);Ground_Mountain_0_1:(-0.687, 0.696, 0.211);Ground_Mountain_0_1:(-0.334, 0.712, 0.618);Ground_Mountain_0_1:(-0.334, 0.712, 0.618);Ground_Mountain_0_1:(-0.334, 0.712, 0.618);Ground_Mountain_0_1:(-0.334, 0.712, 0.618);Ground_Mountain_0_1:(-0.162, 0.944, 0.287);Ground_Mountain_0_1:(-0.162, 0.944, 0.287);"
13.840,160.066,822.847,85.906,-91.531,-10.844,-5.408,-7.130,7.118,1.000,0.000,0.127,2,5.362,26.718,0.833,"Ground_Mountain_0_1:(-0.425, 0.905, 0.005);Ground_Mountain_0_1:(-0.425, 0.905, 0.005);Ground_Mountain_0_1:(-0.425, 0.905, 0.005);Ground_Mountain_0_1:(-0.162, 0.944, 0.287);Ground_Mountain_0_1:(-0.162, 0.944, 0.287);Ground_Mountain_0_1:(-0.511, 0.518, 0.686);Ground_Mountain_0_1:(-0.511, 0.518, 0.686);Ground_Mountain_0_1:(-0.511, 0.518, 0.686);Ground_Mountain_0_1:(-0.511, 0.518, 0.686);Ground_Mountain_0_1:(-0.687, 0.696, 0.211);Ground_Mountain_0_1:(-0.687, 0.696, 0.211);Ground_Mountain_0_1:(-0.687, 0.696, 0.211);Ground_Mountain_0_1:(-0.150, 0.795, 0.588);Ground_Mountain_0_1:(-0.150, 0.795, 0.588);Ground_Mountain_0_1:(-0.150, 0.795, 0.588);"
13.860,160.051,822.745,85.774,-91.415,-10.215,-5.312,-7.061,6.447,1.000,0.000,0.127,2,6.637,17.091,0.864,"Ground_Mountain_0_1:(-0.425, 0.905, 0.005);Ground_Mountain_0_1:(-0.425, 0.905, 0.005);Ground_Mountain_0_1:(-0.425, 0.905, 0.005);Ground_Mountain_0_1:(-0.687, 0.696, 0.211);Ground_Mountain_0_1:(-0.687, 0.696, 0.211);Ground_Mountain_0_1:(-0.687, 0.696, 0.211);Ground_Mountain_0_1:(-0.687, 0.696, 0.211);Ground_Mountain_0_1:(-0.511, 0.518, 0.686);Ground_Mountain_0_1:(-0.511, 0.518, 0.686);Ground_Mountain_0_1:(-0.511, 0.518, 0.686);Ground_Mountain_0_1:(-0.126, 0.833, 0.539);Ground_Mountain_0_1:(-0.126, 0.833, 0.539);Ground_Mountain_0_1:(-0.126, 0.833, 0.539);Ground_Mountain_0_1:(-0.334, 0.712, 0.618);Ground_Mountain_0_1:(-0.162, 0.944, 0.287);Ground_Mountain_0_1:(-0.162, 0.944, 0.287);"
13.880,160.027,822.645,85.644,-91.310,-9.560,-5.180,-6.849,5.906,1.000,0.000,0.127,2,12.526,15.463,0.890,"Ground_Mountain_0_1:(-0.425, 0.905, 0.005);Ground_Mountain_0_1:(-0.425, 0.905, 0.005);Ground_Mountain_0_1:(-0.425, 0.905, 0.005);Ground_Mountain_0_1:(-0.425, 0.905, 0.005);Ground_Mountain_0_1:(-0.162, 0.944, 0.287);Ground_Mountain_0_1:(-0.162, 0.944, 0.287);Ground_Mountain_0_1:(-0.687, 0.696, 0.211);Ground_Mountain_0_1:(-0.687, 0.696, 0.211);Ground_Mountain_0_1:(-0.687, 0.696, 0.211);Ground_Mountain_0_1:(-0.687, 0.696, 0.211);Ground_Mountain_0_1:(-0.511, 0.518, 0.686);Ground_Mountain_0_1:(-0.511, 0.518, 0.686);Ground_Mountain_0_1:(-0.511, 0.518, 0.686);Ground_Mountain_0_1:(-0.334, 0.712, 0.618);Ground_Mountain_0_1:(-0.334, 0.712, 0.618);"
13.900,159.997,822.520,85.562,-91.220,-8.708,-5.967,-4.259,4.898,1.000,0.000,0.128,3,27.588,17.322,0.900,"Ground_Mountain_0_1:(-0.098, 0.890, 0.444);Ground_Mountain_0_1:(-0.425, 0.905, 0.005);Ground_Mountain_0_1:(-0.425, 0.905, 0.005);Ground_Mountain_0_1:(-0.425, 0.905, 0.005);Ground_Mountain_0_1:(-0.425, 0.905, 0.005);Ground_Mountain_0_1:(-0.098, 0.890, 0.444);Ground_Mountain_0_1:(-0.687, 0.696, 0.211);Ground_Mountain_0_1:(-0.687, 0.696, 0.211);Ground_Mountain_0_1:(-0.687, 0.696, 0.211);Ground_Mountain_0_1:(-0.334, 0.712, 0.618);Ground_Mountain_0_1:(-0.334, 0.712, 0.618);Ground_Mountain_0_1:(-0.097, 0.995, 0.005);"
13.920,159.950,822.401,85.482,-91.135,-8.234,-5.630,-4.113,4.592,1.000,0.000,0.124,2,9.298,3.536,0.909,"Ground_Mountain_0_1:(-0.425, 0.905, 0.005);Ground_Mountain_0_1:(-0.425, 0.905, 0.005);Ground_Mountain_0_1:(-0.425, 0.905, 0.005);Ground_Mountain_0_1:(-0.425, 0.905, 0.005);Ground_Mountain_0_1:(-0.120, 0.900, 0.419);Ground_Mountain_0_1:(-0.097, 0.995, 0.005);Ground_Mountain_0_1:(-0.687, 0.696, 0.211);Ground_Mountain_0_1:(-0.687, 0.696, 0.211);Ground_Mountain_0_1:(-0.687, 0.696, 0.211);Ground_Mountain_0_1:(-0.334, 0.712, 0.618);"
13.940,159.904,822.288,85.419,-91.066,-7.553,-5.337,-3.427,4.224,1.000,0.000,0.121,2,9.849,4.473,0.927,"Ground_Mountain_0_1:(-0.425, 0.905, 0.005);Ground_Mountain_0_1:(-0.425, 0.905, 0.005);Ground_Mountain_0_1:(-0.142, 0.909, 0.392);Ground_Mountain_0_1:(-0.142, 0.909, 0.392);Ground_Mountain_0_1:(-0.097, 0.995, 0.005);Ground_Mountain_0_1:(-0.334, 0.712, 0.618);"
13.960,159.855,822.182,85.361,-91.006,-6.966,-4.983,-3.165,3.846,1.000,0.000,0.119,2,5.797,13.090,0.942,"Ground_Mountain_0_1:(-0.096, 0.991, -0.094);Ground_Mountain_0_1:(-0.096, 0.991, -0.094);Ground_Mountain_0_1:(-0.096, 0.991, -0.094);Ground_Mountain_0_1:(-0.097, 0.995, 0.005);Ground_Mountain_0_1:(-0.097, 0.995, 0.005);Ground_Mountain_0_1:(-0.097, 0.995, 0.005);Ground_Mountain_0_1:(-0.425, 0.905, 0.005);Ground_Mountain_0_1:(-0.425, 0.905, 0.005);Ground_Mountain_0_1:(-0.425, 0.905, 0.005);Ground_Mountain_0_1:(-0.164, 0.927, 0.338);Ground_Mountain_0_1:(-0.334, 0.712, 0.618);"
13.980,159.807,822.098,85.373,-90.949,-5.858,-4.982,-0.666,3.145,1.000,0.000,0.117,3,10.060,15.369,0.956,"Ground_Mountain_0_1:(-0.096, 0.991, -0.095);Ground_Mountain_0_1:(-0.096, 0.991, -0.095);Ground_Mountain_0_1:(-0.096, 0.991, -0.095);Ground_Mountain_0_1:(-0.097, 0.995, 0.005);Ground_Mountain_0_1:(-0.097, 0.995, 0.005);Ground_Mountain_0_1:(-0.097, 0.995, 0.005);Ground_Mountain_0_1:(-0.097, 0.995, 0.005);Ground_Mountain_0_1:(-0.425, 0.905, 0.005);Ground_Mountain_0_1:(-0.425, 0.905, 0.005);Ground_Mountain_0_1:(-0.425, 0.905, 0.005);Ground_Mountain_0_1:(-0.185, 0.942, 0.279);Ground_Mountain_0_1:(-0.191, 0.977, -0.091);Ground_Mountain_0_1:(-0.191, 0.977, -0.091);Ground_Mountain_0_1:(-0.334, 0.712, 0.618);"
14.000,159.786,822.007,85.361,-90.899,-5.379,-4.517,-0.706,2.908,1.000,0.000,0.118,2,2.903,7.216,0.963,"Ground_Mountain_0_1:(-0.096, 0.991, -0.094);Ground_Mountain_0_1:(-0.096, 0.991, -0.094);Ground_Mountain_0_1:(-0.096, 0.991, -0.094);Ground_Mountain_0_1:(-0.425, 0.905, 0.005);Ground_Mountain_0_1:(-0.425, 0.905, 0.005);Ground_Mountain_0_1:(-0.133, 0.956, 0.260);Ground_Mountain_0_1:(-0.133, 0.956, 0.260);Ground_Mountain_0_1:(-0.097, 0.995, 0.005);Ground_Mountain_0_1:(-0.097, 0.995, 0.005);Ground_Mountain_0_1:(-0.097, 0.995, 0.005);"
14.020,159.751,821.925,85.347,-90.854,-4.892,-4.064,-0.744,2.653,1.000,0.000,0.117,2,2.935,6.990,0.969,"Ground_Mountain_0_1:(-0.425, 0.905, 0.005);Ground_Mountain_0_1:(-0.425, 0.905, 0.005);Ground_Mountain_0_1:(-0.136, 0.963, 0.232);Ground_Mountain_0_1:(-0.096, 0.991, -0.094);Ground_Mountain_0_1:(-0.096, 0.991, -0.094);Ground_Mountain_0_1:(-0.097, 0.995, 0.005);"
14.040,159.719,821.851,85.333,-90.812,-4.399,-3.619,-0.780,2.385,1.000,0.000,0.117,2,2.981,6.757,0.973,"Ground_Mountain_0_1:(-0.140, 0.969, 0.205);Ground_Mountain_0_1:(-0.140, 0.969, 0.205);Ground_Mountain_0_1:(-0.096, 0.991, -0.094);"
14.060,159.690,821.787,85.317,-90.776,-3.902,-3.180,-0.828,2.105,1.000,0.000,0.117,2,3.044,5.431,0.976,"Ground_Mountain_0_1:(-0.425, 0.905, 0.005);Ground_Mountain_0_1:(-0.144, 0.973, 0.182);Ground_Mountain_0_1:(-0.096, 0.991, -0.094);"
14.080,159.664,821.730,85.301,-90.746,-3.403,-2.744,-0.861,1.826,1.000,0.000,0.116,3,4.303,3.886,0.978,"Ground_Mountain_0_1:(-0.425, 0.905, 0.005);Ground_Mountain_0_1:(-0.148, 0.976, 0.160);Ground_Mountain_0_1:(-0.096, 0.991, -0.094);"
14.100,159.640,821.683,85.284,-90.720,-2.901,-2.314,-0.869,1.548,1.000,0.000,0.116,3,5.543,3.991,0.980,"Ground_Mountain_0_1:(-0.425, 0.905, 0.005);"
14.120,159.620,821.644,85.267,-90.700,-2.397,-1.887,-0.855,1.270,1.000,0.000,0.115,3,6.643,4.093,0.981,"Ground_Mountain_0_1:(-0.157, 0.980, 0.121);"
14.140,159.602,821.613,85.251,-90.685,-1.891,-1.464,-0.823,0.993,1.000,0.000,0.115,3,7.613,4.181,0.982,""
14.160,159.586,821.592,85.236,-90.675,-1.384,-1.045,-0.773,0.716,1.000,0.000,0.114,3,8.458,4.253,0.983,""
14.180,159.574,821.578,85.221,-90.670,-0.876,-0.627,-0.709,0.438,1.000,0.000,0.114,3,9.183,4.309,0.984,""
14.200,159.564,821.573,85.209,-90.671,-0.367,-0.211,-0.633,0.161,1.000,0.000,0.114,3,9.795,4.351,0.984,""
14.220,159.558,821.573,85.199,-90.675,-0.058,0.028,-0.502,-0.003,1.000,0.000,0.113,4,13.065,4.127,0.984,""
14.240,159.553,821.578,85.191,-90.681,0.250,0.265,-0.371,-0.169,1.000,0.000,0.113,4,13.071,3.837,0.983,""
14.260,159.551,821.587,85.186,-90.691,0.558,0.502,-0.243,-0.336,1.000,0.000,0.113,4,12.962,3.558,0.983,""
14.280,159.550,821.601,85.184,-90.703,0.863,0.738,-0.118,-0.503,1.000,0.000,0.114,4,12.769,3.286,0.982,""
14.300,159.551,821.619,85.184,-90.718,1.166,0.974,0.001,-0.669,1.000,0.000,0.114,4,12.519,3.019,0.982,""
14.320,159.555,821.642,85.186,-90.736,1.467,1.209,0.114,-0.834,1.000,0.000,0.115,4,12.233,2.758,0.981,"Ground_Mountain_0_1:(-0.425, 0.905, 0.005);"
14.340,159.560,821.670,85.190,-90.757,1.766,1.443,0.221,-0.998,1.000,0.000,0.115,4,11.931,2.500,0.980,"Ground_Mountain_0_1:(-0.425, 0.905, 0.005);"
14.360,159.567,821.661,85.232,-90.770,2.046,1.669,0.362,-1.141,1.000,0.000,0.115,4,11.626,2.249,0.951,"Ground_Mountain_0_1:(-0.162, 0.944, 0.287);"
14.380,159.561,821.699,85.240,-90.796,2.323,1.900,0.412,-1.289,1.000,0.000,0.111,4,9.255,4.247,0.950,"Ground_Mountain_0_1:(-0.191, 0.977, -0.091);Ground_Mountain_0_1:(-0.191, 0.977, -0.091);Ground_Mountain_0_1:(-0.097, 0.995, 0.005);"
14.400,159.572,821.741,85.250,-90.825,2.599,2.128,0.466,-1.435,1.000,0.000,0.112,4,9.484,3.360,0.950,"Ground_Mountain_0_1:(-0.191, 0.977, -0.091);Ground_Mountain_0_1:(-0.191, 0.977, -0.091);"
14.420,159.585,821.789,85.260,-90.857,2.873,2.354,0.522,-1.579,1.000,0.000,0.112,4,9.658,2.618,0.951,"Ground_Mountain_0_1:(-0.191, 0.977, -0.091);"
14.440,159.601,821.841,85.272,-90.891,3.146,2.579,0.577,-1.724,1.000,0.000,0.113,4,9.776,2.753,0.952,"Ground_Mountain_0_1:(-0.191, 0.977, -0.091);"
14.460,159.619,821.899,85.285,-90.928,3.418,2.803,0.634,-1.866,1.000,0.000,0.114,4,9.863,2.134,0.954,"Ground_Mountain_0_1:(-0.191, 0.977, -0.091);"
14.480,159.638,821.960,85.299,-90.967,3.689,3.026,0.691,-2.007,1.000,0.000,0.115,4,9.920,1.608,0.955,"Ground_Mountain_0_1:(-0.334, 0.712, 0.618);"
14.500,159.660,822.026,85.316,-91.005,3.892,3.201,0.834,-2.054,1.000,0.000,0.116,4,9.979,1.643,0.957,"Ground_Mountain_0_1:(-0.334, 0.712, 0.618);"
14.520,159.685,822.091,85.339,-91.037,3.956,3.277,1.131,-1.912,1.000,0.000,0.117,4,9.332,1.004,0.957,"Ground_Mountain_0_1:(-0.334, 0.712, 0.618);"
14.540,159.717,822.160,85.364,-91.068,4.135,3.424,1.254,-1.961,1.000,0.000,0.117,4,7.623,6.215,0.957,"Ground_Mountain_0_1:(-0.334, 0.712, 0.618);Ground_Mountain_0_1:(-0.289, 0.957, 0.002);Ground_Mountain_0_1:(-0.289, 0.957, 0.002);Ground_Mountain_0_1:(-0.289, 0.957, 0.002);"
14.560,159.751,822.232,85.391,-91.100,4.350,3.590,1.356,-2.056,1.000,0.000,0.118,4,7.684,4.646,0.956,"Ground_Mountain_0_1:(-0.334, 0.712, 0.618);Ground_Mountain_0_1:(-0.288, 0.957, 0.031);Ground_Mountain_0_1:(-0.288, 0.957, 0.031);Ground_Mountain_0_1:(-0.288, 0.957, 0.031);"
14.580,159.787,822.308,85.420,-91.135,4.569,3.755,1.471,-2.155,1.000,0.000,0.119,4,7.736,5.133,0.954,"Ground_Mountain_0_1:(-0.334, 0.712, 0.618);Ground_Mountain_0_1:(-0.287, 0.956, 0.061);"
14.600,159.824,822.386,85.451,-91.172,4.785,3.918,1.590,-2.246,1.000,0.000,0.120,4,7.940,5.801,0.951,"Ground_Mountain_0_1:(-0.334, 0.712, 0.618);Ground_Mountain_0_1:(-0.286, 0.954, 0.091);"
14.620,159.863,822.468,85.484,-91.210,4.995,4.077,1.712,-2.329,1.000,0.000,0.121,4,8.058,6.379,0.946,"Ground_Mountain_0_1:(-0.334, 0.712, 0.618);Ground_Mountain_0_1:(-0.286, 0.951, 0.121);"
14.640,159.903,822.552,85.519,-91.250,5.200,4.232,1.837,-2.405,1.000,0.000,0.122,4,8.089,6.903,0.941,"Ground_Mountain_0_1:(-0.334, 0.712, 0.618);Ground_Mountain_0_1:(-0.425, 0.905, 0.005);"
14.660,159.945,822.640,85.557,-91.292,5.401,4.382,1.967,-2.475,1.000,0.000,0.122,4,8.354,7.388,0.935,"Ground_Mountain_0_1:(-0.334, 0.712, 0.618);Ground_Mountain_0_1:(-0.425, 0.905, 0.005);"
14.680,159.988,822.730,85.597,-91.335,5.607,4.525,2.121,-2.546,1.000,0.000,0.123,3,8.912,5.985,0.929,"Ground_Mountain_0_1:(-0.334, 0.712, 0.618);Ground_Mountain_0_1:(-0.425, 0.905, 0.005);Ground_Mountain_0_1:(-0.687, 0.696, 0.211);"
14.700,160.033,822.823,85.641,-91.380,5.808,4.663,2.282,-2.610,1.000,0.000,0.124,3,9.240,6.238,0.921,"Ground_Mountain_0_1:(-0.334, 0.712, 0.618);Ground_Mountain_0_1:(-0.288, 0.929, 0.233);Ground_Mountain_0_1:(-0.288, 0.929, 0.233);Ground_Mountain_0_1:(-0.687, 0.696, 0.211);"
14.720,160.079,822.918,85.688,-91.427,6.009,4.803,2.434,-2.673,1.000,0.000,0.125,3,9.394,4.908,0.914,"Ground_Mountain_0_1:(-0.334, 0.712, 0.618);Ground_Mountain_0_1:(-0.290, 0.921, 0.259);Ground_Mountain_0_1:(-0.290, 0.921, 0.259);Ground_Mountain_0_1:(-0.687, 0.696, 0.211);"
14.740,160.127,823.016,85.738,-91.475,6.211,4.925,2.626,-2.732,1.000,0.000,0.126,3,10.104,5.523,0.906,"Ground_Mountain_0_1:(-0.334, 0.712, 0.618);Ground_Mountain_0_1:(-0.425, 0.905, 0.005);Ground_Mountain_0_1:(-0.291, 0.914, 0.283);Ground_Mountain_0_1:(-0.687, 0.696, 0.211);"
14.760,160.570,823.109,85.794,-91.527,6.321,4.857,2.952,-2.780,1.000,0.000,0.125,3,10.757,5.327,0.896,"Ground_Mountain_0_1:(-0.334, 0.712, 0.618);Ground_Mountain_0_1:(-0.334, 0.712, 0.618);Ground_Mountain_0_1:(-0.687, 0.696, 0.211);Ground_Mountain_0_1:(-0.687, 0.696, 0.211);Ground_Mountain_0_1:(-0.425, 0.905, 0.005);Ground_Mountain_0_1:(-0.293, 0.906, 0.306);Ground_Mountain_0_1:(-0.293, 0.906, 0.306);Ground_Mountain_0_1:(-0.293, 0.906, 0.306);Ground_Mountain_0_1:(-0.293, 0.906, 0.306);"
14.780,160.613,823.200,85.855,-91.581,6.465,4.862,3.197,-2.831,1.000,0.000,0.125,3,8.892,3.768,0.885,"Ground_Mountain_0_1:(-0.334, 0.712, 0.618);Ground_Mountain_0_1:(-0.334, 0.712, 0.618);Ground_Mountain_0_1:(-0.687, 0.696, 0.211);Ground_Mountain_0_1:(-0.687, 0.696, 0.211);Ground_Mountain_0_1:(-0.308, 0.896, 0.320);Ground_Mountain_0_1:(-0.308, 0.896, 0.320);Ground_Mountain_0_1:(-0.308, 0.896, 0.320);Ground_Mountain_0_1:(-0.308, 0.896, 0.320);Ground_Mountain_0_1:(-0.308, 0.896, 0.320);"
14.800,160.654,823.293,85.919,-91.638,6.648,4.958,3.357,-2.899,1.000,0.000,0.125,3,8.016,5.311,0.874,"Ground_Mountain_0_1:(-0.687, 0.696, 0.211);Ground_Mountain_0_1:(-0.687, 0.696, 0.211);Ground_Mountain_0_1:(-0.334, 0.712, 0.618);Ground_Mountain_0_1:(-0.334, 0.712, 0.618);Ground_Mountain_0_1:(-0.425, 0.905, 0.005);Ground_Mountain_0_1:(-0.331, 0.885, 0.328);Ground_Mountain_0_1:(-0.331, 0.885, 0.328);Ground_Mountain_0_1:(-0.331, 0.885, 0.328);Ground_Mountain_0_1:(-0.331, 0.885, 0.328);"
14.820,160.695,823.388,85.986,-91.697,6.836,5.064,3.505,-2.970,1.000,0.000,0.125,3,8.399,6.046,0.863,"Ground_Mountain_0_1:(-0.687, 0.696, 0.211);Ground_Mountain_0_1:(-0.687, 0.696, 0.211);Ground_Mountain_0_1:(-0.354, 0.874, 0.333);Ground_Mountain_0_1:(-0.354, 0.874, 0.333);Ground_Mountain_0_1:(-0.354, 0.874, 0.333);Ground_Mountain_0_1:(-0.425, 0.905, 0.005);Ground_Mountain_0_1:(-0.162, 0.944, 0.287);Ground_Mountain_0_1:(-0.334, 0.712, 0.618);Ground_Mountain_0_1:(-0.334, 0.712, 0.618);"
14.840,160.737,823.485,86.056,-91.756,7.021,5.165,3.655,-3.044,1.000,0.000,0.125,3,8.947,6.521,0.852,"Ground_Mountain_0_1:(-0.378, 0.863, 0.336);Ground_Mountain_0_1:(-0.378, 0.863, 0.336);Ground_Mountain_0_1:(-0.378, 0.863, 0.336);Ground_Mountain_0_1:(-0.425, 0.905, 0.005);Ground_Mountain_0_1:(-0.162, 0.944, 0.287);Ground_Mountain_0_1:(-0.687, 0.696, 0.211);Ground_Mountain_0_1:(-0.687, 0.696, 0.211);Ground_Mountain_0_1:(-0.334, 0.712, 0.618);Ground_Mountain_0_1:(-0.334, 0.712, 0.618);"
14.860,160.780,823.574,86.136,-91.807,7.199,5.230,3.867,-3.093,1.000,0.000,0.126,4,12.278,7.228,0.828,"Ground_Mountain_0_1:(-0.400, 0.852, 0.338);Ground_Mountain_0_1:(-0.400, 0.852, 0.338);Ground_Mountain_0_1:(-0.400, 0.852, 0.338);Ground_Mountain_0_1:(-0.400, 0.852, 0.338);Ground_Mountain_0_1:(-0.425, 0.905, 0.005);Ground_Mountain_0_1:(-0.162, 0.944, 0.287);Ground_Mountain_0_1:(-0.687, 0.696, 0.211);Ground_Mountain_0_1:(-0.687, 0.696, 0.211);Ground_Mountain_0_1:(-0.334, 0.712, 0.618);"
14.880,160.826,823.662,86.224,-91.856,7.374,5.302,4.068,-3.141,1.000,0.000,0.127,4,13.426,7.572,0.803,"Ground_Mountain_0_1:(-0.435, 0.828, 0.352);Ground_Mountain_0_1:(-0.435, 0.828, 0.352);Ground_Mountain_0_1:(-0.435, 0.828, 0.352);Ground_Mountain_0_1:(-0.435, 0.828, 0.352);Ground_Mountain_0_1:(-0.425, 0.905, 0.005);Ground_Mountain_0_1:(-0.162, 0.944, 0.287);Ground_Mountain_0_1:(-0.687, 0.696, 0.211);Ground_Mountain_0_1:(-0.687, 0.696, 0.211);Ground_Mountain_0_1:(-0.334, 0.712, 0.618);"
14.900,160.873,823.751,86.314,-91.905,7.532,5.338,4.307,-3.162,1.000,0.000,0.129,4,15.146,4.504,0.775,"Ground_Mountain_0_1:(-0.470, 0.803, 0.367);Ground_Mountain_0_1:(-0.470, 0.803, 0.367);Ground_Mountain_0_1:(-0.470, 0.803, 0.367);Ground_Mountain_0_1:(-0.470, 0.803, 0.367);Ground_Mountain_0_1:(-0.425, 0.905, 0.005);Ground_Mountain_0_1:(-0.162, 0.944, 0.287);Ground_Mountain_0_1:(-0.687, 0.696, 0.211);Ground_Mountain_0_1:(-0.687, 0.696, 0.211);Ground_Mountain_0_1:(-0.334, 0.712, 0.618);"
14.920,160.922,823.842,86.407,-91.953,7.675,5.350,4.555,-3.170,1.000,0.000,0.130,4,16.328,4.538,0.747,"Ground_Mountain_0_1:(-0.501, 0.775, 0.384);Ground_Mountain_0_1:(-0.501, 0.775, 0.384);Ground_Mountain_0_1:(-0.501, 0.775, 0.384);Ground_Mountain_0_1:(-0.501, 0.775, 0.384);Ground_Mountain_0_1:(-0.425, 0.905, 0.005);Ground_Mountain_0_1:(-0.162, 0.944, 0.287);Ground_Mountain_0_1:(-0.687, 0.696, 0.211);Ground_Mountain_0_1:(-0.687, 0.696, 0.211);Ground_Mountain_0_1:(-0.334, 0.712, 0.618);Ground_Mountain_0_1:(-0.334, 0.712, 0.618);"
14.940,160.973,823.933,86.504,-92.002,7.807,5.343,4.805,-3.167,1.000,0.000,0.132,4,17.161,4.580,0.719,"Ground_Mountain_0_1:(-0.529, 0.747, 0.404);Ground_Mountain_0_1:(-0.529, 0.747, 0.404);Ground_Mountain_0_1:(-0.529, 0.747, 0.404);Ground_Mountain_0_1:(-0.529, 0.747, 0.404);Ground_Mountain_0_1:(-0.425, 0.905, 0.005);Ground_Mountain_0_1:(-0.162, 0.944, 0.287);Ground_Mountain_0_1:(-0.334, 0.712, 0.618);Ground_Mountain_0_1:(-0.334, 0.712, 0.618);Ground_Mountain_0_1:(-0.687, 0.696, 0.211);Ground_Mountain_0_1:(-0.687, 0.696, 0.211);"
14.960,161.026,824.026,86.607,-92.049,7.933,5.276,5.106,-3.128,1.000,0.000,0.134,4,18.716,1.712,0.692,"Ground_Mountain_0_1:(-0.551, 0.719, 0.424);Ground_Mountain_0_1:(-0.551, 0.719, 0.424);Ground_Mountain_0_1:(-0.551, 0.719, 0.424);Ground_Mountain_0_1:(-0.425, 0.905, 0.005);Ground_Mountain_0_1:(-0.162, 0.944, 0.287);Ground_Mountain_0_1:(-0.334, 0.712, 0.618);Ground_Mountain_0_1:(-0.687, 0.696, 0.211);"
14.980,161.081,824.119,86.715,-92.097,8.056,5.186,5.412,-3.071,1.000,0.000,0.137,4,19.968,1.601,0.667,"Ground_Mountain_0_1:(-0.570, 0.692, 0.444);Ground_Mountain_0_1:(-0.570, 0.692, 0.444);Ground_Mountain_0_1:(-0.570, 0.692, 0.444);Ground_Mountain_0_1:(-0.162, 0.944, 0.287);Ground_Mountain_0_1:(-0.334, 0.712, 0.618);Ground_Mountain_0_1:(-0.687, 0.696, 0.211);"
15.000,161.136,824.211,86.828,-92.145,8.176,5.077,5.721,-2.994,1.000,0.000,0.139,4,20.553,1.806,0.644,"Ground_Mountain_0_1:(-0.584, 0.667, 0.463);Ground_Mountain_0_1:(-0.584, 0.667, 0.463);Ground_Mountain_0_1:(-0.584, 0.667, 0.463);Ground_Mountain_0_1:(-0.425, 0.905, 0.005);Ground_Mountain_0_1:(-0.334, 0.712, 0.618);Ground_Mountain_0_1:(-0.687, 0.696, 0.211);"
15.020,161.193,824.303,86.947,-92.192,8.298,4.965,6.016,-2.915,1.000,0.000,0.141,4,20.475,2.192,0.624,"Ground_Mountain_0_1:(-0.595, 0.644, 0.481);Ground_Mountain_0_1:(-0.595, 0.644, 0.481);Ground_Mountain_0_1:(-0.595, 0.644, 0.481);Ground_Mountain_0_1:(-0.334, 0.712, 0.618);Ground_Mountain_0_1:(-0.687, 0.696, 0.211);"
15.040,161.251,824.394,87.072,-92.240,8.420,4.858,6.293,-2.842,1.000,0.000,0.144,4,19.948,2.466,0.608,"Ground_Mountain_0_1:(-0.602, 0.624, 0.497);Ground_Mountain_0_1:(-0.602, 0.624, 0.497);Ground_Mountain_0_1:(-0.602, 0.624, 0.497);Ground_Mountain_0_1:(-0.334, 0.712, 0.618);Ground_Mountain_0_1:(-0.687, 0.696, 0.211);"
15.060,161.310,824.485,87.201,-92.287,8.543,4.756,6.552,-2.774,1.000,0.000,0.146,4,19.054,2.613,0.593,"Ground_Mountain_0_1:(-0.608, 0.608, 0.511);Ground_Mountain_0_1:(-0.608, 0.608, 0.511);Ground_Mountain_0_1:(-0.608, 0.608, 0.511);Ground_Mountain_0_1:(-0.687, 0.696, 0.211);Ground_Mountain_0_1:(-0.334, 0.712, 0.618);"
15.080,161.368,824.574,87.336,-92.335,8.665,4.657,6.803,-2.699,1.000,0.000,0.147,4,17.946,3.237,0.582,"Ground_Mountain_0_1:(-0.611, 0.593, 0.524);Ground_Mountain_0_1:(-0.611, 0.593, 0.524);Ground_Mountain_0_1:(-0.611, 0.593, 0.524);Ground_Mountain_0_1:(-0.611, 0.593, 0.524);Ground_Mountain_0_1:(-0.687, 0.696, 0.211);Ground_Mountain_0_1:(-0.334, 0.712, 0.618);"
15.100,161.427,824.663,87.475,-92.384,8.787,4.560,7.042,-2.635,1.000,0.000,0.149,4,17.295,3.144,0.572,"Ground_Mountain_0_1:(-0.614, 0.582, 0.533);Ground_Mountain_0_1:(-0.614, 0.582, 0.533);Ground_Mountain_0_1:(-0.614, 0.582, 0.533);Ground_Mountain_0_1:(-0.614, 0.582, 0.533);Ground_Mountain_0_1:(-0.687, 0.696, 0.211);Ground_Mountain_0_1:(-0.334, 0.712, 0.618);"
15.120,161.487,824.750,87.620,-92.432,8.908,4.467,7.266,-2.587,1.000,0.000,0.150,4,16.366,3.072,0.565,"Ground_Mountain_0_1:(-0.617, 0.572, 0.540);Ground_Mountain_0_1:(-0.617, 0.572, 0.540);Ground_Mountain_0_1:(-0.617, 0.572, 0.540);Ground_Mountain_0_1:(-0.617, 0.572, 0.540);Ground_Mountain_0_1:(-0.617, 0.572, 0.540);Ground_Mountain_0_1:(-0.617, 0.572, 0.540);Ground_Mountain_0_1:(-0.687, 0.696, 0.211);Ground_Mountain_0_1:(-0.334, 0.712, 0.618);"
15.140,161.545,824.837,87.768,-92.482,9.028,4.382,7.474,-2.557,1.000,0.000,0.151,4,15.229,3.018,0.560,"Ground_Mountain_0_1:(-0.619, 0.565, 0.545);Ground_Mountain_0_1:(-0.619, 0.565, 0.545);Ground_Mountain_0_1:(-0.619, 0.565, 0.545);Ground_Mountain_0_1:(-0.619, 0.565, 0.545);Ground_Mountain_0_1:(-0.619, 0.565, 0.545);Ground_Mountain_0_1:(-0.619, 0.565, 0.545);Ground_Mountain_0_1:(-0.687, 0.696, 0.211);Ground_Mountain_0_1:(-0.726, 0.414, 0.548);Ground_Mountain_0_1:(-0.726, 0.414, 0.548);Ground_Mountain_0_1:(-0.726, 0.414, 0.548);"
15.160,161.604,824.922,87.921,-92.532,9.146,4.288,7.682,-2.528,1.000,0.000,0.152,4,14.339,0.225,0.557,"Ground_Mountain_0_1:(-0.621, 0.560, 0.548);Ground_Mountain_0_1:(-0.621, 0.560, 0.548);Ground_Mountain_0_1:(-0.621, 0.560, 0.548);Ground_Mountain_0_1:(-0.621, 0.560, 0.548);Ground_Mountain_0_1:(-0.621, 0.560, 0.548);Ground_Mountain_0_1:(-0.621, 0.560, 0.548);Ground_Mountain_0_1:(-0.687, 0.696, 0.211);Ground_Mountain_0_1:(-0.726, 0.414, 0.548);Ground_Mountain_0_1:(-0.726, 0.414, 0.548);Ground_Mountain_0_1:(-0.726, 0.414, 0.548);"
15.180,161.662,825.006,88.077,-92.581,9.264,4.203,7.877,-2.514,1.000,0.000,0.153,4,13.323,0.391,0.553,"Ground_Mountain_0_1:(-0.622, 0.557, 0.551);Ground_Mountain_0_1:(-0.622, 0.557, 0.551);Ground_Mountain_0_1:(-0.622, 0.557, 0.551);Ground_Mountain_0_1:(-0.622, 0.557, 0.551);Ground_Mountain_0_1:(-0.622, 0.557, 0.551);Ground_Mountain_0_1:(-0.622, 0.557, 0.551);Ground_Mountain_0_1:(-0.726, 0.414, 0.548);Ground_Mountain_0_1:(-0.726, 0.414, 0.548);Ground_Mountain_0_1:(-0.726, 0.414, 0.548);Ground_Mountain_0_1:(-0.687, 0.696, 0.211);"
15.200,161.721,825.088,88.237,-92.631,9.380,4.117,8.065,-2.511,1.000,0.000,0.154,4,12.538,1.813,0.549,"Ground_Mountain_0_1:(-0.623, 0.553, 0.553);Ground_Mountain_0_1:(-0.623, 0.553, 0.553);Ground_Mountain_0_1:(-0.623, 0.553, 0.553);Ground_Mountain_0_1:(-0.623, 0.553, 0.553);Ground_Mountain_0_1:(-0.623, 0.553, 0.553);Ground_Mountain_0_1:(-0.623, 0.553, 0.553);Ground_Mountain_0_1:(-0.726, 0.414, 0.548);Ground_Mountain_0_1:(-0.726, 0.414, 0.548);Ground_Mountain_0_1:(-0.726, 0.414, 0.548);Ground_Mountain_0_1:(-0.687, 0.696, 0.211);"
15.220,161.779,825.168,88.401,-92.680,9.496,4.037,8.243,-2.518,1.000,0.000,0.155,4,11.837,1.854,0.545,"Ground_Mountain_0_1:(-0.624, 0.549, 0.556);Ground_Mountain_0_1:(-0.624, 0.549, 0.556);Ground_Mountain_0_1:(-0.624, 0.549, 0.556);Ground_Mountain_0_1:(-0.624, 0.549, 0.556);Ground_Mountain_0_1:(-0.624, 0.549, 0.556);Ground_Mountain_0_1:(-0.726, 0.414, 0.548);Ground_Mountain_0_1:(-0.726, 0.414, 0.548);"
15.240,161.836,825.247,88.568,-92.730,9.611,3.962,8.411,-2.536,1.000,0.000,0.155,4,11.102,1.888,0.540,"Ground_Mountain_0_1:(-0.625, 0.545, 0.559);Ground_Mountain_0_1:(-0.625, 0.545, 0.559);Ground_Mountain_0_1:(-0.625, 0.545, 0.559);Ground_Mountain_0_1:(-0.625, 0.545, 0.559);Ground_Mountain_0_1:(-0.625, 0.545, 0.559);Ground_Mountain_0_1:(-0.726, 0.414, 0.548);Ground_Mountain_0_1:(-0.726, 0.414, 0.548);"
15.260,161.893,825.325,88.738,-92.780,9.724,3.894,8.568,-2.564,1.000,0.000,0.156,4,10.348,1.914,0.536,"Ground_Mountain_0_1:(-0.626, 0.540, 0.562);Ground_Mountain_0_1:(-0.626, 0.540, 0.562);Ground_Mountain_0_1:(-0.626, 0.540, 0.562);Ground_Mountain_0_1:(-0.626, 0.540, 0.562);Ground_Mountain_0_1:(-0.626, 0.540, 0.562);Ground_Mountain_0_1:(-0.726, 0.414, 0.548);Ground_Mountain_0_1:(-0.726, 0.414, 0.548);"
15.280,161.949,825.401,88.911,-92.832,9.837,3.832,8.716,-2.603,1.000,0.000,0.157,4,9.597,1.933,0.531,"Ground_Mountain_0_1:(-0.627, 0.536, 0.565);Ground_Mountain_0_1:(-0.627, 0.536, 0.565);Ground_Mountain_0_1:(-0.627, 0.536, 0.565);Ground_Mountain_0_1:(-0.627, 0.536, 0.565);Ground_Mountain_0_1:(-0.627, 0.536, 0.565);Ground_Mountain_0_1:(-0.726, 0.414, 0.548);Ground_Mountain_0_1:(-0.726, 0.414, 0.548);"
15.300,162.294,825.476,89.087,-92.884,9.949,3.777,8.854,-2.651,1.000,0.000,0.156,4,8.864,1.946,0.527,"Ground_Mountain_0_1:(-0.726, 0.414, 0.548);Ground_Mountain_0_1:(-0.726, 0.414, 0.548);Ground_Mountain_0_1:(-0.629, 0.531, 0.568);Ground_Mountain_0_1:(-0.629, 0.531, 0.568);Ground_Mountain_0_1:(-0.629, 0.531, 0.568);Ground_Mountain_0_1:(-0.629, 0.531, 0.568);Ground_Mountain_0_1:(-0.629, 0.531, 0.568);Ground_Mountain_0_1:(-0.608, 0.421, 0.673);"
15.320,162.347,825.550,89.265,-92.938,10.060,3.728,8.982,-2.709,1.000,0.000,0.157,4,8.164,1.956,0.522,"Ground_Mountain_0_1:(-0.726, 0.414, 0.548);Ground_Mountain_0_1:(-0.726, 0.414, 0.548);Ground_Mountain_0_1:(-0.631, 0.527, 0.570);Ground_Mountain_0_1:(-0.631, 0.527, 0.570);Ground_Mountain_0_1:(-0.631, 0.527, 0.570);Ground_Mountain_0_1:(-0.631, 0.527, 0.570);Ground_Mountain_0_1:(-0.631, 0.527, 0.570);Ground_Mountain_0_1:(-0.631, 0.527, 0.570);Ground_Mountain_0_1:(-0.608, 0.421, 0.673);Ground_Mountain_0_1:(-0.608, 0.421, 0.673);Ground_Mountain_0_1:(-0.608, 0.421, 0.673);"
15.340,162.398,825.623,89.446,-92.993,10.169,3.685,9.101,-2.776,1.000,0.000,0.158,4,7.509,1.963,0.517,"Ground_Mountain_0_1:(-0.726, 0.414, 0.548);Ground_Mountain_0_1:(-0.726, 0.414, 0.548);Ground_Mountain_0_1:(-0.608, 0.421, 0.673);Ground_Mountain_0_1:(-0.608, 0.421, 0.673);Ground_Mountain_0_1:(-0.608, 0.421, 0.673);Ground_Mountain_0_1:(-0.632, 0.522, 0.573);Ground_Mountain_0_1:(-0.632, 0.522, 0.573);Ground_Mountain_0_1:(-0.632, 0.522, 0.573);Ground_Mountain_0_1:(-0.632, 0.522, 0.573);Ground_Mountain_0_1:(-0.632, 0.522, 0.573);Ground_Mountain_0_1:(-0.632, 0.522, 0.573);"
15.360,162.449,825.655,89.540,-93.014,5.774,1.868,5.331,-1.306,1.000,0.000,0.159,4,7.258,3.030,0.472,"Mountain trunk:(-0.389, -0.856, 0.341);Mountain trunk:(-0.389, -0.856, 0.341);Mountain trunk:(-0.389, -0.856, 0.341);Ground_Mountain_0_1:(-0.701, 0.399, 0.591);Ground_Mountain_0_1:(-0.701, 0.399, 0.591);Ground_Mountain_0_1:(-0.701, 0.399, 0.591);Ground_Mountain_0_1:(-0.701, 0.399, 0.591);Ground_Mountain_0_1:(-0.701, 0.399, 0.591);Ground_Mountain_0_1:(-0.701, 0.399, 0.591);Ground_Mountain_0_1:(-0.701, 0.399, 0.591);Ground_Mountain_0_1:(-0.701, 0.399, 0.591);Ground_Mountain_0_1:(-0.608, 0.421, 0.673);Ground_Mountain_0_1:(-0.608, 0.421, 0.673);Ground_Mountain_0_1:(-0.608, 0.421, 0.673);Ground_Mountain_0_1:(-0.608, 0.421, 0.673);Ground_Mountain_0_1:(-0.634, 0.517, 0.575);Ground_Mountain_0_1:(-0.634, 0.517, 0.575);Ground_Mountain_0_1:(-0.634, 0.517, 0.575);Ground_Mountain_0_1:(-0.634, 0.517, 0.575);"
15.380,162.476,825.656,89.566,-93.024,2.034,0.335,1.954,-0.691,1.000,0.000,0.155,4,12.457,13.774,0.424,"Ground_Mountain_0_1:(-0.655, 0.472, 0.590);Ground_Mountain_0_1:(-0.655, 0.472, 0.590);Ground_Mountain_0_1:(-0.655, 0.472, 0.590);Ground_Mountain_0_1:(-0.655, 0.472, 0.590);Ground_Mountain_0_1:(-0.655, 0.472, 0.590);Ground_Mountain_0_1:(-0.705, 0.401, 0.585);Ground_Mountain_0_1:(-0.705, 0.401, 0.585);Ground_Mountain_0_1:(-0.705, 0.401, 0.585);Ground_Mountain_0_1:(-0.705, 0.401, 0.585);Ground_Mountain_0_1:(-0.705, 0.401, 0.585);Ground_Mountain_0_1:(-0.705, 0.401, 0.585);Ground_Mountain_0_1:(-0.608, 0.421, 0.673);Ground_Mountain_0_1:(-0.608, 0.421, 0.673);Ground_Mountain_0_1:(-0.608, 0.421, 0.673);Ground_Mountain_0_1:(-0.608, 0.421, 0.673);Mountain trunk:(-0.382, -0.880, 0.281);Mountain trunk:(-0.382, -0.880, 0.281);Mountain trunk:(-0.382, -0.880, 0.281);"
15.400,162.475,825.649,89.577,-93.024,0.806,-0.243,0.964,-0.153,1.000,0.000,0.167,4,15.286,15.424,0.396,"Ground_Mountain_0_1:(-0.693, 0.421, 0.586);Ground_Mountain_0_1:(-0.693, 0.421, 0.586);Ground_Mountain_0_1:(-0.693, 0.421, 0.586);Ground_Mountain_0_1:(-0.693, 0.421, 0.586);Ground_Mountain_0_1:(-0.693, 0.421, 0.586);Ground_Mountain_0_1:(-0.693, 0.421, 0.586);Mountain trunk:(-0.378, -0.901, 0.210);Mountain trunk:(-0.378, -0.901, 0.210);Mountain trunk:(-0.378, -0.901, 0.210);"
15.420,162.472,825.641,89.584,-93.022,0.428,-0.376,0.634,-0.009,1.000,0.000,0.180,4,10.619,11.114,0.380,"Ground_Mountain_0_1:(-0.682, 0.396, 0.615);Ground_Mountain_0_1:(-0.682, 0.396, 0.615);Mountain trunk:(-0.387, -0.909, 0.156);Mountain trunk:(-0.387, -0.909, 0.156);Mountain trunk:(-0.387, -0.909, 0.156);"
15.440,162.470,825.633,89.590,-93.019,0.246,-0.395,0.455,0.055,1.000,0.000,0.189,4,8.707,7.895,0.371,"Ground_Mountain_0_1:(-0.682, 0.380, 0.624);Ground_Mountain_0_1:(-0.682, 0.380, 0.624);Mountain trunk:(-0.399, -0.910, 0.118);Mountain trunk:(-0.399, -0.910, 0.118);Mountain trunk:(-0.399, -0.910, 0.118);"
15.460,162.468,825.626,89.595,-93.015,0.138,-0.390,0.344,0.107,1.000,0.000,0.197,4,7.820,6.183,0.368,"Mountain trunk:(-0.411, -0.907, 0.091);Mountain trunk:(-0.411, -0.907, 0.091);Mountain trunk:(-0.411, -0.907, 0.091);"
15.480,162.466,825.620,89.601,-93.012,0.074,-0.371,0.272,0.145,1.000,0.000,0.201,4,6.981,4.948,0.369,"Ground_Mountain_0_1:(-0.678, 0.368, 0.637);Mountain trunk:(-0.423, -0.903, 0.072);Mountain trunk:(-0.423, -0.903, 0.072);Mountain trunk:(-0.423, -0.903, 0.072);"
15.500,162.465,825.614,89.606,-93.007,0.052,-0.339,0.237,0.178,1.000,0.000,0.204,4,6.222,4.042,0.372,"Mountain trunk:(-0.423, -0.903, 0.072);Mountain trunk:(-0.423, -0.903, 0.072);Mountain trunk:(-0.423, -0.903, 0.072);Ground_Mountain_0_1:(-0.678, 0.368, 0.637);"
15.520,162.465,825.609,89.611,-93.003,0.013,-0.327,0.193,0.197,1.000,0.000,0.205,3,5.528,3.356,0.377,"Mountain trunk:(-0.445, -0.894, 0.054);Mountain trunk:(-0.445, -0.894, 0.054);Mountain trunk:(-0.445, -0.894, 0.054);Ground_Mountain_0_1:(-0.670, 0.372, 0.643);"
15.540,162.465,825.603,89.616,-92.999,0.003,-0.301,0.173,0.214,1.000,0.000,0.206,3,4.932,2.712,0.382,"Mountain trunk:(-0.445, -0.894, 0.054);Mountain trunk:(-0.445, -0.894, 0.054);Mountain trunk:(-0.445, -0.894, 0.054);Ground_Mountain_0_1:(-0.670, 0.372, 0.643);"
15.560,162.465,825.599,89.621,-92.995,-0.001,-0.271,0.156,0.224,1.000,0.000,0.206,3,4.410,2.166,0.388,"Mountain trunk:(-0.445, -0.894, 0.054);Mountain trunk:(-0.445, -0.894, 0.054);Mountain trunk:(-0.445, -0.894, 0.054);"
15.580,162.466,825.594,89.625,-92.991,-0.012,-0.247,0.133,0.223,1.000,0.000,0.205,3,3.980,1.695,0.395,"Mountain trunk:(-0.468, -0.882, 0.052);Mountain trunk:(-0.468, -0.882, 0.052);Mountain trunk:(-0.468, -0.882, 0.052);"
15.600,162.466,825.590,89.629,-92.987,-0.013,-0.218,0.118,0.219,1.000,0.000,0.204,3,3.634,1.272,0.401,"Mountain trunk:(-0.468, -0.882, 0.052);Mountain trunk:(-0.468, -0.882, 0.052);Mountain trunk:(-0.468, -0.882, 0.052);"
15.620,162.466,825.586,89.633,-92.984,-0.015,-0.190,0.102,0.211,1.000,0.000,0.203,3,3.366,0.903,0.406,"Mountain trunk:(-0.468, -0.882, 0.052);Mountain trunk:(-0.468, -0.882, 0.052);Mountain trunk:(-0.468, -0.882, 0.052);"
15.640,162.467,825.583,89.636,-92.981,-0.014,-0.154,0.085,0.206,1.000,0.000,0.202,3,3.165,0.585,0.411,"Mountain trunk:(-0.468, -0.882, 0.052);Mountain trunk:(-0.468, -0.882, 0.052);Mountain trunk:(-0.468, -0.882, 0.052);"
15.660,162.467,825.580,89.639,-92.978,-0.014,-0.120,0.066,0.198,1.000,0.000,0.201,3,3.034,0.339,0.416,"Mountain trunk:(-0.484, -0.873, 0.064);Mountain trunk:(-0.484, -0.873, 0.064);Mountain trunk:(-0.484, -0.873, 0.064);"
15.680,162.468,825.578,89.641,-92.975,-0.013,-0.088,0.050,0.187,1.000,0.000,0.200,3,2.961,0.193,0.421,"Mountain trunk:(-0.484, -0.873, 0.064);Mountain trunk:(-0.484, -0.873, 0.064);Mountain trunk:(-0.484, -0.873, 0.064);"
15.700,162.469,825.577,89.643,-92.973,-0.012,-0.058,0.034,0.174,1.000,0.000,0.199,3,2.934,0.250,0.424,"Mountain trunk:(-0.484, -0.873, 0.064);Mountain trunk:(-0.484, -0.873, 0.064);Mountain trunk:(-0.484, -0.873, 0.064);"
15.720,162.470,825.576,89.644,-92.971,-0.010,-0.031,0.020,0.160,1.000,0.000,0.198,3,2.948,0.401,0.428,"Mountain trunk:(-0.484, -0.873, 0.064);Mountain trunk:(-0.484, -0.873, 0.064);Mountain trunk:(-0.484, -0.873, 0.064);"
15.740,162.471,825.575,89.645,-92.969,-0.009,-0.007,0.007,0.146,1.000,0.000,0.197,3,2.991,0.557,0.431,"Mountain trunk:(-0.490, -0.869, 0.077);Mountain trunk:(-0.490, -0.869, 0.077);Mountain trunk:(-0.490, -0.869, 0.077);"
15.760,162.472,825.575,89.646,-92.968,-0.009,0.011,-0.003,0.135,1.000,0.000,0.197,4,3.343,0.245,0.433,"Mountain trunk:(-0.490, -0.869, 0.077);Mountain trunk:(-0.490, -0.869, 0.077);Mountain trunk:(-0.490, -0.869, 0.077);"
15.780,162.473,825.575,89.646,-92.966,-0.008,0.026,-0.012,0.125,1.000,0.000,0.196,4,3.447,0.332,0.435,"Mountain trunk:(-0.490, -0.869, 0.077);Mountain trunk:(-0.490, -0.869, 0.077);Mountain trunk:(-0.490, -0.869, 0.077);"
15.800,162.474,825.575,89.646,-92.965,-0.006,0.040,-0.018,0.115,1.000,0.000,0.195,4,3.556,0.405,0.437,"Mountain trunk:(-0.490, -0.869, 0.077);Mountain trunk:(-0.490, -0.869, 0.077);Mountain trunk:(-0.490, -0.869, 0.077);"
15.820,162.475,825.575,89.646,-92.964,-0.006,0.048,-0.023,0.109,1.000,0.000,0.195,4,3.665,0.464,0.439,"Mountain trunk:(-0.490, -0.869, 0.077);Mountain trunk:(-0.490, -0.869, 0.077);"
15.840,162.476,825.576,89.646,-92.962,-0.006,0.057,-0.028,0.101,1.000,0.000,0.194,4,3.733,0.573,0.440,"Mountain trunk:(-0.488, -0.868, 0.088);Mountain trunk:(-0.488, -0.868, 0.088);Mountain trunk:(-0.488, -0.868, 0.088);"
15.860,162.477,825.577,89.645,-92.961,-0.005,0.065,-0.032,0.095,1.000,0.000,0.194,4,3.832,0.614,0.440,"Mountain trunk:(-0.488, -0.868, 0.088);Mountain trunk:(-0.488, -0.868, 0.088);"
15.880,162.478,825.578,89.645,-92.960,-0.003,0.071,-0.034,0.089,1.000,0.000,0.194,4,3.925,0.660,0.441,"Mountain trunk:(-0.488, -0.868, 0.088);Mountain trunk:(-0.488, -0.868, 0.088);"
15.900,162.479,825.579,89.644,-92.959,-0.004,0.076,-0.038,0.085,1.000,0.000,0.193,4,4.011,0.688,0.441,"Mountain trunk:(-0.488, -0.868, 0.088);Mountain trunk:(-0.488, -0.868, 0.088);"
15.920,162.481,825.580,89.643,-92.958,-0.004,0.079,-0.039,0.080,1.000,0.000,0.193,4,4.099,0.704,0.441,"Mountain trunk:(-0.488, -0.868, 0.088);Mountain trunk:(-0.488, -0.868, 0.088);"
15.940,162.482,825.581,89.643,-92.957,-0.004,0.080,-0.040,0.077,1.000,0.000,0.193,4,4.172,0.733,0.441,"Mountain trunk:(-0.488, -0.868, 0.088);Mountain trunk:(-0.488, -0.868, 0.088);"
15.960,162.484,825.582,89.642,-92.956,-0.003,0.082,-0.040,0.075,1.000,0.000,0.192,4,4.238,0.750,0.441,"Mountain trunk:(-0.488, -0.868, 0.088);Mountain trunk:(-0.488, -0.868, 0.088);"
15.980,162.485,825.584,89.641,-92.955,-0.004,0.082,-0.041,0.073,1.000,0.000,0.192,4,4.296,0.764,0.441,"Mountain trunk:(-0.480, -0.872, 0.098);Mountain trunk:(-0.480, -0.872, 0.098);Mountain trunk:(-0.480, -0.872, 0.098);"
16.000,162.487,825.585,89.640,-92.953,-0.004,0.082,-0.041,0.072,1.000,0.000,0.192,4,4.348,0.776,0.441,"Mountain trunk:(-0.480, -0.872, 0.098);Mountain trunk:(-0.480, -0.872, 0.098);"
16.020,162.488,825.586,89.639,-92.952,-0.004,0.080,-0.040,0.071,1.000,0.000,0.191,4,4.394,0.785,0.441,"Mountain trunk:(-0.480, -0.872, 0.098);Mountain trunk:(-0.480, -0.872, 0.098);"
16.040,162.490,825.588,89.638,-92.951,-0.004,0.079,-0.039,0.070,1.000,0.000,0.191,4,4.426,0.799,0.440,"Mountain trunk:(-0.480, -0.872, 0.098);Mountain trunk:(-0.480, -0.872, 0.098);"
16.060,162.492,825.589,89.637,-92.950,-0.003,0.077,-0.037,0.070,1.000,0.000,0.191,4,4.455,0.807,0.440,"Mountain trunk:(-0.480, -0.872, 0.098);Mountain trunk:(-0.480, -0.872, 0.098);"
16.080,162.493,825.591,89.637,-92.948,-0.004,0.075,-0.036,0.070,1.000,0.000,0.191,4,4.476,0.815,0.440,"Mountain trunk:(-0.480, -0.872, 0.098);Mountain trunk:(-0.480, -0.872, 0.098);"
16.100,162.495,825.592,89.636,-92.947,-0.003,0.073,-0.034,0.070,1.000,0.000,0.190,4,4.495,0.821,0.439,"Mountain trunk:(-0.480, -0.872, 0.098);Mountain trunk:(-0.480, -0.872, 0.098);"
16.120,162.497,825.593,89.635,-92.946,-0.004,0.070,-0.033,0.071,1.000,0.000,0.190,4,4.509,0.828,0.439,"Mountain trunk:(-0.480, -0.872, 0.098);Mountain trunk:(-0.480, -0.872, 0.098);"
16.140,162.498,825.595,89.634,-92.944,-0.004,0.068,-0.032,0.071,1.000,0.000,0.190,4,4.515,0.834,0.439,"Mountain trunk:(-0.480, -0.872, 0.098);Mountain trunk:(-0.480, -0.872, 0.098);"
16.160,162.500,825.596,89.634,-92.943,-0.004,0.066,-0.030,0.072,1.000,0.000,0.189,4,4.518,0.840,0.439,"Mountain trunk:(-0.480, -0.872, 0.098);Mountain trunk:(-0.480, -0.872, 0.098);"
16.180,162.502,825.597,89.633,-92.941,-0.004,0.064,-0.029,0.072,1.000,0.000,0.189,4,4.522,0.845,0.438,"Mountain trunk:(-0.480, -0.872, 0.098);Mountain trunk:(-0.480, -0.872, 0.098);"
16.200,162.504,825.598,89.632,-92.940,-0.004,0.061,-0.028,0.072,1.000,0.000,0.189,4,4.520,0.849,0.438,"Mountain trunk:(-0.480, -0.872, 0.098);Mountain trunk:(-0.480, -0.872, 0.098);"
16.220,162.505,825.600,89.632,-92.938,-0.004,0.060,-0.026,0.073,1.000,0.000,0.189,4,4.516,0.854,0.438,"Mountain trunk:(-0.464, -0.878, 0.112);Mountain trunk:(-0.464, -0.878, 0.112);Mountain trunk:(-0.464, -0.878, 0.112);"
16.240,162.507,825.601,89.631,-92.937,-0.004,0.058,-0.025,0.073,1.000,0.000,0.188,4,4.511,0.856,0.438,"Mountain trunk:(-0.464, -0.878, 0.112);Mountain trunk:(-0.464, -0.878, 0.112);Mountain trunk:(-0.464, -0.878, 0.112);"
16.260,162.509,825.602,89.631,-92.935,-0.004,0.056,-0.024,0.073,1.000,0.000,0.188,4,4.506,0.858,0.438,"Mountain trunk:(-0.464, -0.878, 0.112);Mountain trunk:(-0.464, -0.878, 0.112);Mountain trunk:(-0.464, -0.878, 0.112);"
16.280,162.511,825.603,89.630,-92.934,-0.004,0.055,-0.023,0.074,1.000,0.000,0.188,4,4.496,0.859,0.437,"Mountain trunk:(-0.464, -0.878, 0.112);Mountain trunk:(-0.464, -0.878, 0.112);Mountain trunk:(-0.464, -0.878, 0.112);"
16.300,162.512,825.604,89.630,-92.932,-0.003,0.054,-0.022,0.074,1.000,0.000,0.187,4,4.487,0.872,0.437,"Mountain trunk:(-0.464, -0.878, 0.112);Mountain trunk:(-0.464, -0.878, 0.112);Mountain trunk:(-0.464, -0.878, 0.112);"
16.320,162.514,825.605,89.629,-92.931,-0.004,0.052,-0.022,0.074,1.000,0.000,0.187,4,4.477,0.879,0.437,"Mountain trunk:(-0.464, -0.878, 0.112);Mountain trunk:(-0.464, -0.878, 0.112);Mountain trunk:(-0.464, -0.878, 0.112);"
16.340,162.516,825.606,89.629,-92.929,-0.003,0.051,-0.020,0.074,1.000,0.000,0.187,4,4.469,0.885,0.437,"Mountain trunk:(-0.464, -0.878, 0.112);Mountain trunk:(-0.464, -0.878, 0.112);Mountain trunk:(-0.464, -0.878, 0.112);"
16.360,162.518,825.607,89.628,-92.927,-0.004,0.050,-0.020,0.074,1.000,0.000,0.187,4,4.461,0.889,0.437,"Mountain trunk:(-0.464, -0.878, 0.112);Mountain trunk:(-0.464, -0.878, 0.112);Mountain trunk:(-0.464, -0.878, 0.112);"
16.380,162.519,825.608,89.628,-92.926,-0.004,0.048,-0.019,0.075,1.000,0.000,0.186,4,4.455,1.689,0.437,"Mountain trunk:(-0.464, -0.878, 0.112);Mountain trunk:(-0.464, -0.878, 0.112);Mountain trunk:(-0.464, -0.878, 0.112);"
16.400,162.521,825.609,89.628,-92.924,-0.004,0.046,-0.018,0.076,1.000,0.000,0.186,4,4.442,1.553,0.437,"Mountain trunk:(-0.464, -0.878, 0.112);Mountain trunk:(-0.464, -0.878, 0.112);"
16.420,162.523,825.610,89.627,-92.923,-0.004,0.044,-0.016,0.076,1.000,0.000,0.186,4,4.430,1.439,0.437,"Mountain trunk:(-0.455, -0.882, 0.124);Mountain trunk:(-0.455, -0.882, 0.124);Mountain trunk:(-0.455, -0.882, 0.124);"
16.440,162.524,825.611,89.627,-92.922,-0.003,0.042,-0.015,0.076,1.000,0.000,0.185,4,4.413,1.355,0.438,"Mountain trunk:(-0.455, -0.882, 0.124);Mountain trunk:(-0.455, -0.882, 0.124);Mountain trunk:(-0.455, -0.882, 0.124);"
16.460,162.525,825.612,89.627,-92.920,-0.004,0.040,-0.014,0.077,1.000,0.000,0.185,4,4.401,1.288,0.438,"Mountain trunk:(-0.455, -0.882, 0.124);Mountain trunk:(-0.455, -0.882, 0.124);Mountain trunk:(-0.455, -0.882, 0.124);"
16.480,162.527,825.612,89.627,-92.919,-0.004,0.039,-0.013,0.077,1.000,0.000,0.185,4,4.386,1.237,0.438,"Mountain trunk:(-0.455, -0.882, 0.124);Mountain trunk:(-0.455, -0.882, 0.124);Mountain trunk:(-0.455, -0.882, 0.124);"
16.500,162.528,825.613,89.627,-92.918,-0.004,0.037,-0.013,0.076,1.000,0.000,0.184,4,4.373,1.202,0.439,"Mountain trunk:(-0.455, -0.882, 0.124);Mountain trunk:(-0.455, -0.882, 0.124);Mountain trunk:(-0.455, -0.882, 0.124);"
16.520,162.529,825.613,89.627,-92.916,-0.004,0.036,-0.012,0.076,1.000,0.000,0.184,4,4.360,1.177,0.439,"Mountain trunk:(-0.455, -0.882, 0.124);Mountain trunk:(-0.455, -0.882, 0.124);Mountain trunk:(-0.455, -0.882, 0.124);"
16.540,162.531,825.614,89.626,-92.915,-0.004,0.035,-0.011,0.076,1.000,0.000,0.184,4,4.348,1.162,0.440,"Mountain trunk:(-0.455, -0.882, 0.124);Mountain trunk:(-0.455, -0.882, 0.124);Mountain trunk:(-0.455, -0.882, 0.124);"
16.560,162.532,825.615,89.626,-92.914,-0.004,0.034,-0.011,0.075,1.000,0.000,0.183,4,4.334,1.155,0.440,"Mountain trunk:(-0.455, -0.882, 0.124);Mountain trunk:(-0.455, -0.882, 0.124);Mountain trunk:(-0.455, -0.882, 0.124);"
16.580,162.533,825.615,89.626,-92.913,-0.004,0.034,-0.010,0.074,1.000,0.000,0.183,4,4.321,1.153,0.440,"Mountain trunk:(-0.455, -0.882, 0.124);Mountain trunk:(-0.455, -0.882, 0.124);Mountain trunk:(-0.455, -0.882, 0.124);"
16.600,162.534,825.616,89.626,-92.911,-0.004,0.033,-0.010,0.073,1.000,0.000,0.183,4,4.316,1.131,0.441,"Mountain trunk:(-0.455, -0.882, 0.124);Mountain trunk:(-0.455, -0.882, 0.124);Mountain trunk:(-0.455, -0.882, 0.124);"
16.620,162.536,825.616,89.626,-92.910,-0.004,0.033,-0.010,0.072,1.000,0.000,0.183,4,4.309,1.118,0.441,"Mountain trunk:(-0.455, -0.882, 0.124);Mountain trunk:(-0.455, -0.882, 0.124);Mountain trunk:(-0.455, -0.882, 0.124);"
16.640,162.537,825.617,89.626,-92.909,-0.004,0.033,-0.010,0.071,1.000,0.000,0.182,4,4.302,1.115,0.442,"Mountain trunk:(-0.455, -0.882, 0.124);Mountain trunk:(-0.455, -0.882, 0.124);Mountain trunk:(-0.455, -0.882, 0.124);"
16.660,162.538,825.617,89.626,-92.908,-0.004,0.032,-0.010,0.070,1.000,0.000,0.182,4,4.299,1.118,0.442,"Mountain trunk:(-0.455, -0.882, 0.124);Mountain trunk:(-0.455, -0.882, 0.124);Mountain trunk:(-0.455, -0.882, 0.124);"
16.680,162.539,825.618,89.626,-92.906,-0.004,0.032,-0.009,0.069,1.000,0.000,0.182,4,4.290,1.124,0.442,"Mountain trunk:(-0.447, -0.883, 0.141);Mountain trunk:(-0.447, -0.883, 0.141);Mountain trunk:(-0.447, -0.883, 0.141);"
16.700,162.541,825.619,89.626,-92.905,-0.003,0.032,-0.009,0.068,1.000,0.000,0.181,4,4.288,1.139,0.442,"Mountain trunk:(-0.447, -0.883, 0.141);Mountain trunk:(-0.447, -0.883, 0.141);"
16.720,162.542,825.619,89.626,-92.904,-0.004,0.032,-0.009,0.067,1.000,0.000,0.181,4,4.285,1.155,0.443,"Mountain trunk:(-0.447, -0.883, 0.141);Mountain trunk:(-0.447, -0.883, 0.141);"
16.740,162.543,825.620,89.625,-92.903,-0.003,0.032,-0.009,0.066,1.000,0.000,0.181,4,4.282,1.174,0.443,"Mountain trunk:(-0.447, -0.883, 0.141);Mountain trunk:(-0.447, -0.883, 0.141);"
16.760,162.544,825.620,89.625,-92.901,-0.003,0.032,-0.009,0.065,1.000,0.000,0.181,4,4.277,1.191,0.443,"Mountain trunk:(-0.447, -0.883, 0.141);Mountain trunk:(-0.447, -0.883, 0.141);"
16.780,162.546,825.621,89.625,-92.900,-0.003,0.032,-0.009,0.064,1.000,0.000,0.180,4,4.273,1.208,0.443,"Mountain trunk:(-0.447, -0.883, 0.141);Mountain trunk:(-0.447, -0.883, 0.141);"
16.800,162.547,825.622,89.625,-92.899,-0.002,0.032,-0.008,0.063,1.000,0.000,0.180,4,4.273,1.189,0.444,"Mountain trunk:(-0.447, -0.883, 0.141);Mountain trunk:(-0.447, -0.883, 0.141);"
16.820,162.548,825.622,89.625,-92.898,-0.003,0.032,-0.009,0.062,1.000,0.000,0.180,4,4.275,1.176,0.444,"Mountain trunk:(-0.447, -0.883, 0.141);Mountain trunk:(-0.447, -0.883, 0.141);"
16.840,162.549,825.623,89.625,-92.897,-0.003,0.032,-0.009,0.061,1.000,0.000,0.180,4,4.274,1.166,0.444,"Mountain trunk:(-0.447, -0.883, 0.141);Mountain trunk:(-0.447, -0.883, 0.141);"
16.860,162.550,825.623,89.625,-92.896,-0.003,0.032,-0.009,0.060,1.000,0.000,0.179,4,4.277,1.159,0.444,"Mountain trunk:(-0.447, -0.883, 0.141);Mountain trunk:(-0.447, -0.883, 0.141);"
16.880,162.551,825.624,89.625,-92.895,-0.002,0.032,-0.008,0.059,1.000,0.000,0.179,4,4.276,1.155,0.444,"Mountain trunk:(-0.447, -0.883, 0.141);Mountain trunk:(-0.447, -0.883, 0.141);"
16.900,162.553,825.625,89.624,-92.893,-0.003,0.032,-0.009,0.058,1.000,0.000,0.179,4,4.281,1.155,0.444,"Mountain trunk:(-0.447, -0.883, 0.141);Mountain trunk:(-0.447, -0.883, 0.141);"
16.920,162.554,825.625,89.624,-92.892,-0.003,0.032,-0.009,0.057,1.000,0.000,0.179,4,4.281,1.155,0.445,"Mountain trunk:(-0.447, -0.883, 0.141);Mountain trunk:(-0.447, -0.883, 0.141);"
16.940,162.555,825.626,89.624,-92.891,-0.003,0.031,-0.009,0.057,1.000,0.000,0.178,4,4.286,1.157,0.445,"Mountain trunk:(-0.447, -0.883, 0.141);Mountain trunk:(-0.447, -0.883, 0.141);"
16.960,162.556,825.626,89.624,-92.890,-0.003,0.031,-0.009,0.056,1.000,0.000,0.178,4,4.286,1.161,0.445,"Mountain trunk:(-0.440, -0.885, 0.155);Mountain trunk:(-0.440, -0.885, 0.155);Mountain trunk:(-0.440, -0.885, 0.155);"
16.980,162.557,825.627,89.624,-92.889,-0.003,0.031,-0.009,0.055,1.000,0.000,0.178,4,4.288,1.165,0.445,"Mountain trunk:(-0.440, -0.885, 0.155);Mountain trunk:(-0.440, -0.885, 0.155);"
17.000,162.558,825.628,89.624,-92.888,-0.003,0.031,-0.009,0.055,1.000,0.000,0.178,4,4.289,1.170,0.445,"Mountain trunk:(-0.440, -0.885, 0.155);Mountain trunk:(-0.440, -0.885, 0.155);"
17.020,162.559,825.628,89.624,-92.887,-0.002,0.031,-0.008,0.054,1.000,0.000,0.177,4,4.291,1.174,0.445,"Mountain trunk:(-0.440, -0.885, 0.155);Mountain trunk:(-0.440, -0.885, 0.155);"
17.040,162.560,825.629,89.623,-92.886,-0.003,0.030,-0.009,0.054,1.000,0.000,0.177,4,4.291,1.180,0.445,"Mountain trunk:(-0.440, -0.885, 0.155);Mountain trunk:(-0.440, -0.885, 0.155);"
17.060,162.562,825.629,89.623,-92.885,-0.003,0.030,-0.008,0.053,1.000,0.000,0.177,4,4.293,1.185,0.445,"Mountain trunk:(-0.440, -0.885, 0.155);Mountain trunk:(-0.440, -0.885, 0.155);"
17.080,162.563,825.630,89.623,-92.884,-0.003,0.030,-0.008,0.052,1.000,0.000,0.177,4,4.294,1.190,0.445,"Mountain trunk:(-0.440, -0.885, 0.155);Mountain trunk:(-0.440, -0.885, 0.155);"
17.100,162.564,825.631,89.623,-92.883,-0.003,0.030,-0.008,0.052,1.000,0.000,0.176,4,4.295,1.197,0.445,"Mountain trunk:(-0.440, -0.885, 0.155);Mountain trunk:(-0.440, -0.885, 0.155);"
17.120,162.565,825.631,89.623,-92.882,-0.003,0.029,-0.008,0.051,1.000,0.000,0.176,4,4.296,1.201,0.446,"Mountain trunk:(-0.440, -0.885, 0.155);Mountain trunk:(-0.440, -0.885, 0.155);"
17.140,162.566,825.632,89.623,-92.881,-0.002,0.029,-0.007,0.051,1.000,0.000,0.176,4,4.294,1.205,0.446,"Mountain trunk:(-0.440, -0.885, 0.155);Mountain trunk:(-0.440, -0.885, 0.155);"
17.160,162.567,825.632,89.623,-92.880,-0.003,0.029,-0.008,0.050,1.000,0.000,0.176,4,4.295,1.209,0.446,"Mountain trunk:(-0.440, -0.885, 0.155);Mountain trunk:(-0.440, -0.885, 0.155);"
17.180,162.568,825.633,89.622,-92.879,-0.002,0.029,-0.007,0.050,1.000,0.000,0.176,4,4.293,1.214,0.446,"Mountain trunk:(-0.440, -0.885, 0.155);Mountain trunk:(-0.440, -0.885, 0.155);"
17.200,162.569,825.633,89.622,-92.878,-0.002,0.029,-0.007,0.049,1.000,0.000,0.175,4,4.291,1.217,0.446,"Mountain trunk:(-0.440, -0.885, 0.155);Mountain trunk:(-0.440, -0.885, 0.155);"
17.220,162.570,825.634,89.622,-92.877,-0.002,0.028,-0.007,0.049,1.000,0.000,0.175,4,4.292,1.220,0.446,"Mountain trunk:(-0.440, -0.885, 0.155);Mountain trunk:(-0.440, -0.885, 0.155);"
17.240,162.571,825.635,89.622,-92.876,-0.003,0.028,-0.007,0.049,1.000,0.000,0.175,4,4.291,1.222,0.446,"Mountain trunk:(-0.440, -0.885, 0.155);Mountain trunk:(-0.440, -0.885, 0.155);"
17.260,162.572,825.635,89.622,-92.875,-0.002,0.028,-0.007,0.048,1.000,0.000,0.175,4,4.290,1.224,0.446,"Mountain trunk:(-0.440, -0.885, 0.155);Mountain trunk:(-0.440, -0.885, 0.155);"
17.280,162.573,825.636,89.622,-92.874,-0.001,0.028,-0.006,0.047,1.000,0.000,0.175,4,4.289,1.226,0.446,"Mountain trunk:(-0.431, -0.886, 0.169);Mountain trunk:(-0.431, -0.886, 0.169);Mountain trunk:(-0.431, -0.886, 0.169);"
17.300,162.574,825.636,89.622,-92.873,-0.002,0.027,-0.006,0.047,1.000,0.000,0.174,4,4.290,1.226,0.446,"Mountain trunk:(-0.431, -0.886, 0.169);Mountain trunk:(-0.431, -0.886, 0.169);Mountain trunk:(-0.431, -0.886, 0.169);"
17.320,162.575,825.637,89.622,-92.872,-0.003,0.027,-0.007,0.047,1.000,0.000,0.174,4,4.288,1.229,0.446,"Mountain trunk:(-0.431, -0.886, 0.169);Mountain trunk:(-0.431, -0.886, 0.169);Mountain trunk:(-0.431, -0.886, 0.169);"
17.340,162.576,825.637,89.621,-92.871,-0.002,0.027,-0.007,0.047,1.000,0.000,0.174,4,4.288,1.233,0.446,"Mountain trunk:(-0.431, -0.886, 0.169);Mountain trunk:(-0.431, -0.886, 0.169);Mountain trunk:(-0.431, -0.886, 0.169);"
17.360,162.577,825.638,89.621,-92.870,-0.002,0.026,-0.006,0.046,1.000,0.000,0.174,4,4.287,1.234,0.446,"Mountain trunk:(-0.431, -0.886, 0.169);Mountain trunk:(-0.431, -0.886, 0.169);Mountain trunk:(-0.431, -0.886, 0.169);"
17.380,162.578,825.638,89.621,-92.869,-0.003,0.026,-0.006,0.046,1.000,0.000,0.174,4,4.289,1.235,0.446,"Mountain trunk:(-0.431, -0.886, 0.169);Mountain trunk:(-0.431, -0.886, 0.169);Mountain trunk:(-0.431, -0.886, 0.169);"
17.400,162.579,825.639,89.621,-92.868,-0.002,0.026,-0.006,0.046,1.000,0.000,0.173,4,4.286,1.236,0.446,"Mountain trunk:(-0.431, -0.886, 0.169);Mountain trunk:(-0.431, -0.886, 0.169);Mountain trunk:(-0.431, -0.886, 0.169);"
17.420,162.580,825.640,89.621,-92.867,-0.002,0.026,-0.006,0.045,1.000,0.000,0.173,4,4.286,1.236,0.447,"Mountain trunk:(-0.431, -0.886, 0.169);Mountain trunk:(-0.431, -0.886, 0.169);Mountain trunk:(-0.431, -0.886, 0.169);"
17.440,162.581,825.640,89.621,-92.867,-0.002,0.025,-0.006,0.045,1.000,0.000,0.173,4,4.283,1.237,0.447,"Mountain trunk:(-0.431, -0.886, 0.169);Mountain trunk:(-0.431, -0.886, 0.169);Mountain trunk:(-0.431, -0.886, 0.169);"
17.460,162.582,825.641,89.621,-92.866,-0.002,0.025,-0.006,0.044,1.000,0.000,0.173,4,4.284,1.237,0.447,"Mountain trunk:(-0.431, -0.886, 0.169);Mountain trunk:(-0.431, -0.886, 0.169);Mountain trunk:(-0.431, -0.886, 0.169);"
17.480,162.583,825.641,89.621,-92.865,-0.001,0.025,-0.005,0.044,1.000,0.000,0.173,4,4.281,1.237,0.447,"Mountain trunk:(-0.431, -0.886, 0.169);Mountain trunk:(-0.431, -0.886, 0.169);Mountain trunk:(-0.431, -0.886, 0.169);"
17.500,162.584,825.642,89.621,-92.864,-0.001,0.025,-0.005,0.043,1.000,0.000,0.172,4,4.279,1.237,0.447,"Mountain trunk:(-0.431, -0.886, 0.169);Mountain trunk:(-0.431, -0.886, 0.169);"
17.520,162.585,825.642,89.621,-92.863,-0.002,0.025,-0.006,0.043,1.000,0.000,0.172,4,4.277,1.238,0.447,"Mountain trunk:(-0.431, -0.886, 0.169);Mountain trunk:(-0.431, -0.886, 0.169);Mountain trunk:(-0.431, -0.886, 0.169);"
17.540,162.586,825.643,89.620,-92.862,-0.002,0.024,-0.006,0.043,1.000,0.000,0.172,4,4.277,1.237,0.447,"Mountain trunk:(-0.431, -0.886, 0.169);Mountain trunk:(-0.431, -0.886, 0.169);Mountain trunk:(-0.431, -0.886, 0.169);"
17.560,162.587,825.643,89.620,-92.861,-0.002,0.025,-0.005,0.042,1.000,0.000,0.172,4,4.280,1.235,0.447,"Mountain trunk:(-0.431, -0.886, 0.169);Mountain trunk:(-0.431, -0.886, 0.169);Mountain trunk:(-0.431, -0.886, 0.169);"
17.580,162.588,825.644,89.620,-92.861,-0.002,0.024,-0.005,0.042,1.000,0.000,0.172,4,4.279,1.234,0.447,"Mountain trunk:(-0.431, -0.886, 0.169);Mountain trunk:(-0.431, -0.886, 0.169);Mountain trunk:(-0.431, -0.886, 0.169);"
17.600,162.589,825.644,89.620,-92.860,-0.002,0.024,-0.005,0.042,1.000,0.000,0.172,4,4.279,1.234,0.447,"Mountain trunk:(-0.431, -0.886, 0.169);Mountain trunk:(-0.431, -0.886, 0.169);Mountain trunk:(-0.431, -0.886, 0.169);"
17.620,162.590,825.645,89.620,-92.859,-0.002,0.024,-0.005,0.041,1.000,0.000,0.171,4,4.279,1.233,0.447,"Mountain trunk:(-0.431, -0.886, 0.169);Mountain trunk:(-0.431, -0.886, 0.169);Mountain trunk:(-0.431, -0.886, 0.169);"
17.640,162.590,825.645,89.620,-92.858,-0.002,0.023,-0.005,0.041,1.000,0.000,0.171,4,4.280,1.232,0.447,"Mountain trunk:(-0.424, -0.887, 0.183);Mountain trunk:(-0.424, -0.887, 0.183);Mountain trunk:(-0.424, -0.887, 0.183);"
17.660,162.591,825.645,89.620,-92.857,-0.002,0.023,-0.005,0.040,1.000,0.000,0.171,4,4.280,1.233,0.447,"Mountain trunk:(-0.424, -0.887, 0.183);Mountain trunk:(-0.424, -0.887, 0.183);"
17.680,162.592,825.646,89.620,-92.856,-0.002,0.023,-0.005,0.040,1.000,0.000,0.171,4,4.280,1.235,0.447,"Mountain trunk:(-0.424, -0.887, 0.183);Mountain trunk:(-0.424, -0.887, 0.183);"
17.700,162.593,825.646,89.620,-92.856,-0.001,0.023,-0.004,0.040,1.000,0.000,0.171,4,4.280,1.239,0.447,"Mountain trunk:(-0.424, -0.887, 0.183);Mountain trunk:(-0.424, -0.887, 0.183);"
17.720,162.594,825.647,89.620,-92.855,-0.002,0.023,-0.005,0.039,1.000,0.000,0.171,4,4.280,1.240,0.448,"Mountain trunk:(-0.424, -0.887, 0.183);Mountain trunk:(-0.424, -0.887, 0.183);Mountain trunk:(-0.424, -0.887, 0.183);"
17.740,162.595,825.647,89.620,-92.854,-0.002,0.022,-0.005,0.039,1.000,0.000,0.170,4,4.278,1.240,0.448,"Mountain trunk:(-0.424, -0.887, 0.183);Mountain trunk:(-0.424, -0.887, 0.183);"
17.760,162.596,825.648,89.620,-92.853,-0.001,0.022,-0.004,0.039,1.000,0.000,0.170,4,4.276,1.241,0.448,"Mountain trunk:(-0.424, -0.887, 0.183);Mountain trunk:(-0.424, -0.887, 0.183);"
17.780,162.596,825.648,89.619,-92.853,-0.001,0.022,-0.004,0.038,1.000,0.000,0.170,4,4.274,1.243,0.448,"Mountain trunk:(-0.424, -0.887, 0.183);Mountain trunk:(-0.424, -0.887, 0.183);"
17.800,162.597,825.649,89.619,-92.852,-0.001,0.022,-0.004,0.038,1.000,0.000,0.170,4,4.275,1.243,0.448,"Mountain trunk:(-0.424, -0.887, 0.183);Mountain trunk:(-0.424, -0.887, 0.183);"
17.820,162.598,825.649,89.619,-92.851,-0.002,0.022,-0.005,0.037,1.000,0.000,0.170,4,4.274,1.245,0.448,"Mountain trunk:(-0.424, -0.887, 0.183);Mountain trunk:(-0.424, -0.887, 0.183);"
17.840,162.599,825.650,89.619,-92.850,-0.002,0.022,-0.004,0.037,1.000,0.000,0.170,4,4.273,1.244,0.448,"Mountain trunk:(-0.424, -0.887, 0.183);Mountain trunk:(-0.424, -0.887, 0.183);"
17.860,162.600,825.650,89.619,-92.850,-0.002,0.022,-0.004,0.037,1.000,0.000,0.169,4,4.272,1.245,0.448,"Mountain trunk:(-0.424, -0.887, 0.183);Mountain trunk:(-0.424, -0.887, 0.183);"
17.880,162.600,825.650,89.619,-92.849,-0.002,0.021,-0.004,0.036,1.000,0.000,0.169,4,4.272,1.244,0.448,"Mountain trunk:(-0.424, -0.887, 0.183);Mountain trunk:(-0.424, -0.887, 0.183);"
17.900,162.601,825.651,89.619,-92.848,-0.002,0.021,-0.004,0.036,1.000,0.000,0.169,4,4.272,1.244,0.448,"Mountain trunk:(-0.424, -0.887, 0.183);Mountain trunk:(-0.424, -0.887, 0.183);"
17.920,162.602,825.651,89.619,-92.847,-0.002,0.021,-0.004,0.036,1.000,0.000,0.169,4,4.275,1.245,0.448,"Mountain trunk:(-0.424, -0.887, 0.183);Mountain trunk:(-0.424, -0.887, 0.183);"
17.940,162.603,825.652,89.619,-92.847,-0.002,0.021,-0.004,0.035,1.000,0.000,0.169,4,4.275,1.244,0.448,"Mountain trunk:(-0.424, -0.887, 0.183);Mountain trunk:(-0.424, -0.887, 0.183);"
17.960,162.604,825.652,89.619,-92.846,-0.002,0.020,-0.004,0.035,1.000,0.000,0.169,4,4.276,1.245,0.448,"Mountain trunk:(-0.424, -0.887, 0.183);Mountain trunk:(-0.424, -0.887, 0.183);"
17.980,162.604,825.653,89.619,-92.845,-0.002,0.020,-0.004,0.035,1.000,0.000,0.168,4,4.277,1.246,0.448,"Mountain trunk:(-0.424, -0.887, 0.183);Mountain trunk:(-0.424, -0.887, 0.183);"
18.000,162.605,825.653,89.619,-92.845,-0.002,0.020,-0.004,0.034,1.000,0.000,0.168,4,4.278,1.246,0.448,"Mountain trunk:(-0.424, -0.887, 0.183);Mountain trunk:(-0.424, -0.887, 0.183);"
