time,speed,travel,x,y,z,grounded,lift,torque,contact,throttle,brake,steering,velocity,water,up,localZ,vx,vy,vz,yaw,angularSpeed
0.015,35.662,0.713,-628.516,8.192,-149.319,4,7.800,0.066,"Ground_80_320:(0.000, 1.000, -0.004) separation=0.0475 impulse=925.924;Ground_80_320:(0.000, 1.000, -0.004) separation=0.0144 impulse=925.924;Ground_80_320:(0.000, 1.000, -0.004) separation=0.0136 impulse=925.924;Ground_80_320:(0.000, 1.000, -0.004) separation=0.0483 impulse=925.924;Ground_80_320:(0.000, 1.000, -0.004) separation=0.0203 impulse=925.924;Ground_80_320:(0.000, 1.000, -0.004) separation=0.0279 impulse=925.924;Ground_80_320:(0.000, 1.000, -0.004) separation=0.0096 impulse=135.792;Ground_80_320:(0.000, 1.000, -0.004) separation=0.0028 impulse=135.792;Ground_80_320:(0.000, 1.000, -0.004) separation=0.0027 impulse=135.792;Ground_80_320:(0.000, 1.000, -0.004) separation=0.0097 impulse=135.792;Ground_80_320:(0.000, 1.000, -0.004) separation=0.0035 impulse=135.792;Ground_80_320:(0.000, 1.000, -0.004) separation=0.0037 impulse=135.792;Ground_80_320:(0.000, 1.000, -0.004) separation=0.0018 impulse=3.380;Ground_80_320:(0.000, 1.000, -0.004) separation=0.0006 impulse=3.380;Ground_80_320:(0.000, 1.000, -0.004) separation=0.0005 impulse=3.380;Ground_80_320:(0.000, 1.000, -0.004) separation=0.0020 impulse=3.380;Ground_80_320:(0.000, 1.000, -0.004) separation=0.0009 impulse=3.380;Ground_80_320:(0.000, 1.000, -0.004) separation=0.0010 impulse=3.380;Ground_80_320:(0.000, 1.000, -0.004) separation=0.0004 impulse=0.000;Ground_80_320:(0.000, 1.000, -0.004) separation=0.0019 impulse=0.000;Ground_80_320:(0.000, 1.000, -0.004) separation=0.0019 impulse=0.000;Ground_80_320:(0.000, 1.000, -0.004) separation=0.0004 impulse=0.000;Ground_80_320:(0.000, 1.000, -0.004) separation=0.0004 impulse=0.000;Ground_80_320:(0.000, 1.000, -0.004) separation=0.0008 impulse=0.000;Ground_80_320:(0.000, 1.000, -0.004) separation=0.0504 impulse=0.000;Ground_80_320:(0.000, 1.000, -0.004) separation=0.0032 impulse=0.000;Ground_80_320:(0.000, 1.000, -0.004) separation=0.0068 impulse=0.000;Ground_80_320:(0.000, 1.000, -0.004) separation=0.0068 impulse=0.000;Ground_80_320:(0.000, 1.000, -0.004) separation=0.0031 impulse=0.000;Ground_80_320:(0.000, 1.000, -0.004) separation=0.0031 impulse=0.000;Ground_80_320:(0.000, 1.000, -0.004) separation=0.0042 impulse=0.000;Ground_80_320:(0.000, 1.000, -0.004) separation=0.0095 impulse=0.000;Ground_80_320:(0.000, 1.000, -0.004) separation=0.0146 impulse=0.000;Ground_80_320:(0.000, 1.000, -0.004) separation=0.0147 impulse=0.000;Ground_80_320:(0.000, 1.000, -0.004) separation=0.0094 impulse=0.000;Ground_80_320:(0.000, 1.000, -0.004) separation=0.0094 impulse=0.000;Ground_80_320:(0.000, 1.000, -0.004) separation=0.0098 impulse=0.000;Ground_80_320:(0.000, 1.000, -0.004) separation=0.0186 impulse=0.000;Ground_80_320:(0.000, 1.000, -0.004) separation=0.0248 impulse=0.000;Ground_80_320:(0.000, 1.000, -0.004) separation=0.0250 impulse=0.000;Ground_80_320:(0.000, 1.000, -0.004) separation=0.0185 impulse=0.000;Ground_80_320:(0.000, 1.000, -0.004) separation=0.0185 impulse=0.000;Ground_80_320:(0.000, 1.000, -0.004) separation=0.0202 impulse=0.000;Ground_80_320:(0.000, 1.000, -0.004) separation=0.0300 impulse=0.000;Ground_80_320:(0.000, 1.000, -0.004) separation=0.0368 impulse=0.000;Ground_80_320:(0.000, 1.000, -0.004) separation=0.0370 impulse=0.000;Ground_80_320:(0.000, 1.000, -0.004) separation=0.0298 impulse=0.000;Ground_80_320:(0.000, 1.000, -0.004) separation=0.0298 impulse=0.000;Ground_80_320:(0.000, 1.000, -0.004) separation=0.0315 impulse=0.000;Ground_80_320:(0.000, 1.000, -0.004) separation=0.0428 impulse=0.000;Ground_80_320:(0.000, 1.000, -0.004) separation=0.0499 impulse=0.000;Ground_80_320:(0.000, 1.000, -0.004) separation=0.0502 impulse=0.000;Ground_80_320:(0.000, 1.000, -0.004) separation=0.0426 impulse=0.000;Ground_80_320:(0.000, 1.000, -0.004) separation=0.0427 impulse=0.000;Ground_80_320:(0.000, 1.000, -0.004) separation=0.0442 impulse=0.000;Ground_80_320:(0.000, 1.000, -0.004) separation=0.0567 impulse=0.000;Ground_80_320:(0.000, 1.000, -0.004) separation=0.0638 impulse=0.000;Ground_80_320:(0.000, 1.000, -0.004) separation=0.0641 impulse=0.000;Ground_80_320:(0.000, 1.000, -0.004) separation=0.0564 impulse=0.000;Ground_80_320:(0.000, 1.000, -0.004) separation=0.0565 impulse=0.000;Ground_80_320:(0.000, 1.000, -0.004) separation=0.0567 impulse=0.000;Ground_80_320:(0.000, 1.000, -0.004) separation=0.0709 impulse=0.000;Ground_80_320:(0.000, 1.000, -0.004) separation=0.0779 impulse=0.000;Ground_80_320:(0.000, 1.000, -0.004) separation=0.0782 impulse=0.000;Ground_80_320:(0.000, 1.000, -0.004) separation=0.0706 impulse=0.000;Ground_80_320:(0.000, 1.000, -0.004) separation=0.0708 impulse=0.000;Ground_80_320:(0.000, 1.000, -0.004) separation=0.0717 impulse=0.000;Ground_80_320:(0.000, 1.000, -0.004) separation=0.0851 impulse=0.000;Ground_80_320:(0.000, 1.000, -0.004) separation=0.0918 impulse=0.000;Ground_80_320:(0.000, 1.000, -0.004) separation=0.0922 impulse=0.000;Ground_80_320:(0.000, 1.000, -0.004) separation=0.0848 impulse=0.000;Ground_80_320:(0.000, 1.000, -0.004) separation=0.0851 impulse=0.000;Ground_80_320:(0.000, 1.000, -0.004) separation=0.0856 impulse=0.000;Ground_80_320:(0.000, 1.000, -0.004) separation=0.0990 impulse=0.000;Ground_80_320:(0.000, 1.000, -0.004) separation=0.1052 impulse=0.000;Ground_80_320:(0.000, 1.000, -0.004) separation=0.1056 impulse=0.000;Ground_80_320:(0.000, 1.000, -0.004) separation=0.0986 impulse=0.000;Ground_80_320:(0.000, 1.000, -0.004) separation=0.0990 impulse=0.000;Ground_80_320:(0.000, 1.000, -0.004) separation=0.0990 impulse=0.000;Ground_80_320:(0.000, 1.000, -0.004) separation=0.1121 impulse=0.000;Ground_80_320:(0.000, 1.000, -0.004) separation=0.1179 impulse=0.000;Ground_80_320:(0.000, 1.000, -0.004) separation=0.1182 impulse=0.000;Ground_80_320:(0.000, 1.000, -0.004) separation=0.1117 impulse=0.000;Ground_80_320:(0.000, 1.000, -0.004) separation=0.1123 impulse=0.000;Ground_80_320:(0.000, 1.000, -0.004) separation=0.1135 impulse=0.000;Ground_80_320:(0.000, 1.000, -0.004) separation=0.1242 impulse=0.000;Ground_80_320:(0.000, 1.000, -0.004) separation=0.1295 impulse=0.000;Ground_80_320:(0.000, 1.000, -0.004) separation=0.1299 impulse=0.000;Ground_80_320:(0.000, 1.000, -0.004) separation=0.1239 impulse=0.000;Ground_80_320:(0.000, 1.000, -0.004) separation=0.1239 impulse=0.000;Ground_80_320:(0.000, 1.000, -0.004) separation=0.1240 impulse=0.000;Ground_80_320:(0.000, 1.000, -0.004) separation=0.1353 impulse=0.000;Ground_80_320:(0.000, 1.000, -0.004) separation=0.1400 impulse=0.000;Ground_80_320:(0.000, 1.000, -0.004) separation=0.1403 impulse=0.000;Ground_80_320:(0.000, 1.000, -0.004) separation=0.1349 impulse=0.000;Ground_80_320:(0.000, 1.000, -0.004) separation=0.1362 impulse=0.000;Ground_80_320:(0.000, 1.000, -0.004) separation=0.1367 impulse=0.000;Ground_80_320:(0.000, 1.000, -0.004) separation=0.1450 impulse=0.000;Ground_80_320:(0.000, 1.000, -0.004) separation=0.1492 impulse=0.000;Ground_80_320:(0.000, 1.000, -0.004) separation=0.1496 impulse=0.000;Ground_80_320:(0.000, 1.000, -0.004) separation=0.1446 impulse=0.000;Ground_80_320:(0.000, 1.000, -0.004) separation=0.1451 impulse=0.000;Ground_80_320:(0.000, 1.000, -0.004) separation=0.1455 impulse=0.000;Ground_80_320:(0.000, 1.000, -0.004) separation=0.1534 impulse=0.000;Ground_80_320:(0.000, 1.000, -0.004) separation=0.1571 impulse=0.000;Ground_80_320:(0.000, 1.000, -0.004) separation=0.1574 impulse=0.000;Ground_80_320:(0.000, 1.000, -0.004) separation=0.1531 impulse=0.000;Ground_80_320:(0.000, 1.000, -0.004) separation=0.1542 impulse=0.000;Ground_80_320:(0.000, 1.000, -0.004) separation=0.1548 impulse=0.000;Ground_80_320:(0.000, 1.000, -0.004) separation=0.1605 impulse=0.000;Ground_80_320:(0.000, 1.000, -0.004) separation=0.1637 impulse=0.000;Ground_80_320:(0.000, 1.000, -0.004) separation=0.1640 impulse=0.000;Ground_80_320:(0.000, 1.000, -0.004) separation=0.1601 impulse=0.000;Ground_80_320:(0.000, 1.000, -0.004) separation=0.1604 impulse=0.000;Ground_80_320:(0.000, 1.000, -0.004) separation=0.1608 impulse=0.000;Ground_80_320:(0.000, 1.000, -0.004) separation=0.1662 impulse=0.000;Ground_80_320:(0.000, 1.000, -0.004) separation=0.1689 impulse=0.000;Ground_80_320:(0.000, 1.000, -0.004) separation=0.1693 impulse=0.000;Ground_80_320:(0.000, 1.000, -0.004) separation=0.1659 impulse=0.000;Ground_80_320:(0.000, 1.000, -0.004) separation=0.1666 impulse=0.000;Ground_80_320:(0.000, 1.000, -0.004) separation=0.1670 impulse=0.000;Ground_80_320:(0.000, 1.000, -0.004) separation=0.1707 impulse=0.000;Ground_80_320:(0.000, 1.000, -0.004) separation=0.1729 impulse=0.000;Ground_80_320:(0.000, 1.000, -0.004) separation=0.1733 impulse=0.000;Ground_80_320:(0.000, 1.000, -0.004) separation=0.1703 impulse=0.000;Ground_80_320:(0.000, 1.000, -0.004) separation=0.1705 impulse=0.000;Ground_80_320:(0.000, 1.000, -0.004) separation=0.1709 impulse=0.000;Ground_80_320:(0.000, 1.000, -0.004) separation=0.1739 impulse=0.000;Ground_80_320:(0.000, 1.000, -0.004) separation=0.1758 impulse=0.000;Ground_80_320:(0.000, 1.000, -0.004) separation=0.1761 impulse=0.000;Ground_80_320:(0.000, 1.000, -0.004) separation=0.1736 impulse=0.000;Ground_80_320:(0.000, 1.000, -0.004) separation=0.1744 impulse=0.000;Ground_80_320:(0.000, 1.000, -0.004) separation=0.1748 impulse=0.000;Ground_80_320:(0.000, 1.000, -0.004) separation=0.1761 impulse=0.000;Ground_80_320:(0.000, 1.000, -0.004) separation=0.1776 impulse=0.000;Ground_80_320:(0.000, 1.000, -0.004) separation=0.1779 impulse=0.000;Ground_80_320:(0.000, 1.000, -0.004) separation=0.1757 impulse=0.000;Ground_80_320:(0.000, 1.000, -0.004) separation=0.1762 impulse=0.000;Ground_80_320:(0.000, 1.000, -0.004) separation=0.1764 impulse=0.000;Ground_80_320:(0.000, 1.000, -0.004) separation=0.1772 impulse=0.000;Ground_80_320:(0.000, 1.000, -0.004) separation=0.1784 impulse=0.000;Ground_80_320:(0.000, 1.000, -0.004) separation=0.1787 impulse=0.000;Ground_80_320:(0.000, 1.000, -0.004) separation=0.1769 impulse=0.000;Ground_80_320:(0.000, 1.000, -0.004) separation=0.1771 impulse=0.000;Ground_80_320:(0.000, 1.000, -0.004) separation=0.1772 impulse=0.000;Ground_80_320:(0.000, 1.000, -0.004) separation=0.1774 impulse=0.000;Ground_80_320:(0.000, 1.000, -0.004) separation=0.1784 impulse=0.000;Ground_80_320:(0.000, 1.000, -0.004) separation=0.1786 impulse=0.000;Ground_80_320:(0.000, 1.000, -0.004) separation=0.1772 impulse=0.000;Ground_80_320:(0.000, 1.000, -0.004) separation=0.1772 impulse=0.000;Ground_80_320:(0.000, 1.000, -0.004) separation=0.1772 impulse=0.000;Ground_80_320:(0.000, 1.000, -0.004) separation=0.1770 impulse=0.000;Ground_80_320:(0.000, 1.000, -0.004) separation=0.1776 impulse=0.000;Ground_80_320:(0.000, 1.000, -0.004) separation=0.1779 impulse=0.000;Ground_80_320:(0.000, 1.000, -0.004) separation=0.1767 impulse=0.000;Ground_80_320:(0.000, 1.000, -0.004) separation=0.1768 impulse=0.000;Ground_80_320:(0.000, 1.000, -0.004) separation=0.1772 impulse=0.000;Ground_80_320:(0.000, 1.000, -0.004) separation=0.1758 impulse=0.000;Ground_80_320:(0.000, 1.000, -0.004) separation=0.1763 impulse=0.000;Ground_80_320:(0.000, 1.000, -0.004) separation=0.1766 impulse=0.000;Ground_80_320:(0.000, 1.000, -0.004) separation=0.1756 impulse=0.000;Ground_80_320:(0.000, 1.000, -0.004) separation=0.1757 impulse=0.000;Ground_80_320:(0.000, 1.000, -0.004) separation=0.1759 impulse=0.000;Ground_80_320:(0.000, 1.000, -0.004) separation=0.1742 impulse=0.000;Ground_80_320:(0.000, 1.000, -0.004) separation=0.1745 impulse=0.000;Ground_80_320:(0.000, 1.000, -0.004) separation=0.1748 impulse=0.000;Ground_80_320:(0.000, 1.000, -0.004) separation=0.1740 impulse=0.000;Ground_80_320:(0.000, 1.000, -0.004) separation=0.1741 impulse=0.000;Ground_80_320:(0.000, 1.000, -0.004) separation=0.1742 impulse=0.000;Ground_80_320:(0.000, 1.000, -0.004) separation=0.1722 impulse=0.000;Ground_80_320:(0.000, 1.000, -0.004) separation=0.1724 impulse=0.000;Ground_80_320:(0.000, 1.000, -0.004) separation=0.1726 impulse=0.000;Ground_80_320:(0.000, 1.000, -0.004) separation=0.1720 impulse=0.000;Ground_80_320:(0.000, 1.000, -0.004) separation=0.1720 impulse=0.000;Ground_80_320:(0.000, 1.000, -0.004) separation=0.1722 impulse=0.000;Ground_80_320:(0.000, 1.000, -0.004) separation=0.1700 impulse=0.000;Ground_80_320:(0.000, 1.000, -0.004) separation=0.1700 impulse=0.000;Ground_80_320:(0.000, 1.000, -0.004) separation=0.1702 impulse=0.000;Ground_80_320:(0.000, 1.000, -0.004) separation=0.1698 impulse=0.000;Ground_80_320:(0.000, 1.000, -0.004) separation=0.1698 impulse=0.000;Ground_80_320:(0.000, 1.000, -0.004) separation=0.1699 impulse=0.000;Ground_80_320:(0.000, 1.000, -0.004) separation=0.1675 impulse=0.000;Ground_80_320:(0.000, 1.000, -0.004) separation=0.1675 impulse=0.000;Ground_80_320:(0.000, 1.000, -0.004) separation=0.1677 impulse=0.000;Ground_80_320:(0.000, 1.000, -0.004) separation=0.1673 impulse=0.000;Ground_80_320:(0.000, 1.000, -0.004) separation=0.1674 impulse=0.000;Ground_80_320:(0.000, 1.000, -0.004) separation=0.1674 impulse=0.000;Ground_80_240:(0.000, 1.000, -0.003) separation=0.1839 impulse=0.000;Ground_80_240:(0.000, 1.000, -0.003) separation=0.1761 impulse=0.000;Ground_80_240:(0.000, 1.000, -0.003) separation=0.1761 impulse=0.000;Ground_80_240:(0.000, 1.000, -0.003) separation=0.1839 impulse=0.000;Ground_80_240:(0.000, 1.000, -0.003) separation=0.1770 impulse=0.000;Ground_80_240:(0.000, 1.000, -0.003) separation=0.1793 impulse=0.000;",0.000,0.000,0.000,35.662,0.000,1.000,-39.287,-0.588,-0.041,35.657,0.000,0.004
0.035,35.673,1.427,-628.528,8.191,-148.606,4,8.369,0.038,"Ground_80_240:(0.000, 1.000, -0.003) separation=0.1805 impulse=0.000;Ground_80_240:(0.000, 1.000, -0.003) separation=0.1729 impulse=0.000;Ground_80_240:(0.000, 1.000, -0.003) separation=0.1729 impulse=0.000;Ground_80_240:(0.000, 1.000, -0.003) separation=0.1805 impulse=0.000;Ground_80_240:(0.000, 1.000, -0.003) separation=0.1761 impulse=0.000;Ground_80_240:(0.000, 1.000, -0.003) separation=0.1784 impulse=0.000;",0.169,0.000,0.000,35.673,0.000,1.000,-38.573,-0.589,-0.070,35.668,0.000,0.008
0.055,35.683,2.140,-628.539,8.189,-147.892,4,8.894,0.016,"Ground_80_240:(0.000, 1.000, -0.003) separation=0.1765 impulse=0.000;Ground_80_240:(0.000, 1.000, -0.003) separation=0.1692 impulse=0.000;Ground_80_240:(0.000, 1.000, -0.003) separation=0.1692 impulse=0.000;Ground_80_240:(0.000, 1.000, -0.003) separation=0.1765 impulse=0.000;Ground_80_240:(0.000, 1.000, -0.003) separation=0.1692 impulse=0.000;Ground_80_240:(0.000, 1.000, -0.003) separation=0.1702 impulse=0.000;",0.164,0.000,0.000,35.683,0.000,1.000,-37.860,-0.589,-0.088,35.678,0.000,0.010
0.075,35.692,2.854,-628.551,8.187,-147.179,4,9.371,0.002,"Ground_80_240:(0.000, 1.000, -0.003) separation=0.1720 impulse=0.000;Ground_80_240:(0.000, 1.000, -0.003) separation=0.1652 impulse=0.000;Ground_80_240:(0.000, 1.000, -0.003) separation=0.1652 impulse=0.000;Ground_80_240:(0.000, 1.000, -0.003) separation=0.1720 impulse=0.000;Ground_80_240:(0.000, 1.000, -0.003) separation=0.1663 impulse=0.000;Ground_80_240:(0.000, 1.000, -0.003) separation=0.1683 impulse=0.000;",0.159,0.000,-0.001,35.692,0.000,1.000,-37.146,-0.589,-0.097,35.687,-0.020,0.011
0.095,35.701,3.568,-628.563,8.185,-146.465,4,9.792,0.015,"Ground_80_240:(0.000, 1.000, -0.003) separation=0.1673 impulse=0.000;Ground_80_240:(0.000, 1.000, -0.003) separation=0.1610 impulse=0.000;Ground_80_240:(0.000, 1.000, -0.003) separation=0.1610 impulse=0.000;Ground_80_240:(0.000, 1.000, -0.003) separation=0.1673 impulse=0.000;Ground_80_240:(0.000, 1.000, -0.003) separation=0.1640 impulse=0.000;Ground_80_240:(0.000, 1.000, -0.003) separation=0.1659 impulse=0.000;",0.154,0.000,0.002,35.701,0.000,1.000,-36.432,-0.589,-0.097,35.696,0.034,0.012
0.115,35.709,4.282,-628.575,8.183,-145.751,4,10.151,0.025,"Ground_80_240:(0.000, 1.000, -0.003) separation=0.1627 impulse=0.000;Ground_80_240:(0.000, 1.000, -0.003) separation=0.1569 impulse=0.000;Ground_80_240:(0.000, 1.000, -0.003) separation=0.1569 impulse=0.000;Ground_80_240:(0.000, 1.000, -0.003) separation=0.1626 impulse=0.000;Ground_80_240:(0.000, 1.000, -0.003) separation=0.1569 impulse=0.000;Ground_80_240:(0.000, 1.000, -0.003) separation=0.1580 impulse=0.000;",0.150,0.000,0.002,35.709,0.000,1.000,-35.718,-0.589,-0.090,35.704,0.048,0.013
0.135,35.716,4.996,-628.587,8.182,-145.037,4,10.446,0.032,"Ground_80_240:(0.000, 1.000, -0.003) separation=0.1581 impulse=0.000;Ground_80_240:(0.000, 1.000, -0.003) separation=0.1529 impulse=0.000;Ground_80_240:(0.000, 1.000, -0.003) separation=0.1529 impulse=0.000;Ground_80_240:(0.000, 1.000, -0.003) separation=0.1581 impulse=0.000;Ground_80_240:(0.000, 1.000, -0.003) separation=0.1540 impulse=0.000;Ground_80_240:(0.000, 1.000, -0.003) separation=0.1555 impulse=0.000;",0.146,0.000,-0.003,35.716,0.000,1.000,-35.004,-0.589,-0.077,35.711,-0.066,0.013
0.155,35.722,5.711,-628.598,8.181,-144.322,4,10.677,0.037,"Ground_80_240:(0.000, 1.000, -0.003) separation=0.1538 impulse=0.000;Ground_80_240:(0.000, 1.000, -0.003) separation=0.1492 impulse=0.000;Ground_80_240:(0.000, 1.000, -0.003) separation=0.1492 impulse=0.000;Ground_80_240:(0.000, 1.000, -0.003) separation=0.1538 impulse=0.000;Ground_80_240:(0.000, 1.000, -0.003) separation=0.1494 impulse=0.000;Ground_80_240:(0.000, 1.000, -0.003) separation=0.1494 impulse=0.000;",0.142,0.000,-0.004,35.723,0.000,1.000,-34.289,-0.588,-0.060,35.718,-0.079,0.014
0.175,35.728,6.425,-628.610,8.180,-143.608,4,10.846,0.039,"Ground_80_240:(0.000, 1.000, -0.003) separation=0.1498 impulse=0.000;Ground_80_240:(0.000, 1.000, -0.003) separation=0.1458 impulse=0.000;Ground_80_240:(0.000, 1.000, -0.003) separation=0.1458 impulse=0.000;Ground_80_240:(0.000, 1.000, -0.003) separation=0.1498 impulse=0.000;Ground_80_240:(0.000, 1.000, -0.003) separation=0.1458 impulse=0.000;Ground_80_240:(0.000, 1.000, -0.003) separation=0.1467 impulse=0.000;",0.139,0.000,0.004,35.729,0.000,1.000,-33.575,-0.589,-0.039,35.724,0.093,0.012
0.195,35.734,7.140,-628.622,8.180,-142.893,4,10.958,0.040,"Ground_80_240:(0.000, 1.000, -0.003) separation=0.1463 impulse=0.000;Ground_80_240:(0.000, 1.000, -0.003) separation=0.1428 impulse=0.000;Ground_80_240:(0.000, 1.000, -0.003) separation=0.1428 impulse=0.000;Ground_80_240:(0.000, 1.000, -0.003) separation=0.1463 impulse=0.000;Ground_80_240:(0.000, 1.000, -0.003) separation=0.1437 impulse=0.000;Ground_80_240:(0.000, 1.000, -0.003) separation=0.1447 impulse=0.000;",0.136,0.000,0.005,35.734,0.000,1.000,-32.860,-0.590,-0.016,35.729,0.108,0.014
0.215,35.739,7.855,-628.634,8.180,-142.179,4,11.018,0.040,"Ground_80_240:(0.000, 1.000, -0.003) separation=0.1433 impulse=0.000;Ground_80_240:(0.000, 1.000, -0.003) separation=0.1402 impulse=0.000;Ground_80_240:(0.000, 1.000, -0.003) separation=0.1402 impulse=0.000;Ground_80_240:(0.000, 1.000, -0.003) separation=0.1433 impulse=0.000;Ground_80_240:(0.000, 1.000, -0.003) separation=0.1405 impulse=0.000;Ground_80_240:(0.000, 1.000, -0.003) separation=0.1406 impulse=0.000;",0.133,0.000,-0.005,35.739,0.000,1.000,-32.145,-0.589,0.008,35.734,-0.122,0.010
0.235,35.744,8.569,-628.645,8.180,-141.464,4,11.033,0.039,"Ground_80_240:(0.000, 1.000, -0.003) separation=0.1407 impulse=0.000;Ground_80_240:(0.000, 1.000, -0.003) separation=0.1382 impulse=0.000;Ground_80_240:(0.000, 1.000, -0.003) separation=0.1382 impulse=0.000;Ground_80_240:(0.000, 1.000, -0.003) separation=0.1407 impulse=0.000;Ground_80_240:(0.000, 1.000, -0.003) separation=0.1382 impulse=0.000;Ground_80_240:(0.000, 1.000, -0.003) separation=0.1389 impulse=0.000;",0.130,0.000,-0.006,35.744,0.000,1.000,-31.431,-0.588,0.033,35.739,-0.133,0.013
0.255,35.748,9.284,-628.657,8.181,-140.749,4,11.008,0.037,"Ground_80_240:(0.000, 1.000, -0.003) separation=0.1387 impulse=0.000;Ground_80_240:(0.000, 1.000, -0.003) separation=0.1365 impulse=0.000;Ground_80_240:(0.000, 1.000, -0.003) separation=0.1365 impulse=0.000;Ground_80_240:(0.000, 1.000, -0.003) separation=0.1387 impulse=0.000;Ground_80_240:(0.000, 1.000, -0.003) separation=0.1372 impulse=0.000;Ground_80_240:(0.000, 1.000, -0.003) separation=0.1378 impulse=0.000;",0.128,0.000,0.006,35.748,0.000,1.000,-30.716,-0.589,0.057,35.743,0.143,0.008
0.275,35.752,9.999,-628.669,8.183,-140.034,4,10.951,0.035,"Ground_80_240:(0.000, 1.000, -0.003) separation=0.1372 impulse=0.000;Ground_80_240:(0.000, 1.000, -0.003) separation=0.1354 impulse=0.000;Ground_80_240:(0.000, 1.000, -0.003) separation=0.1354 impulse=0.000;Ground_80_240:(0.000, 1.000, -0.003) separation=0.1372 impulse=0.000;Ground_80_240:(0.000, 1.000, -0.003) separation=0.1354 impulse=0.000;Ground_80_240:(0.000, 1.000, -0.003) separation=0.1354 impulse=0.000;",0.126,0.000,0.007,35.752,0.000,1.000,-30.001,-0.590,0.080,35.747,0.152,0.013
0.295,35.756,10.714,-628.681,8.185,-139.319,4,10.868,0.032,"Ground_80_240:(0.000, 1.000, -0.003) separation=0.1361 impulse=0.000;Ground_80_240:(0.000, 1.000, -0.003) separation=0.1347 impulse=0.000;Ground_80_240:(0.000, 1.000, -0.003) separation=0.1347 impulse=0.000;Ground_80_240:(0.000, 1.000, -0.003) separation=0.1361 impulse=0.000;Ground_80_240:(0.000, 1.000, -0.003) separation=0.1347 impulse=0.000;Ground_80_240:(0.000, 1.000, -0.003) separation=0.1351 impulse=0.000;",0.124,0.000,-0.007,35.756,0.000,1.000,-29.286,-0.589,0.101,35.751,-0.161,0.007
0.315,35.759,11.429,-628.693,8.187,-138.604,4,10.766,0.029,"Ground_80_240:(0.000, 1.000, -0.003) separation=0.1355 impulse=0.000;Ground_80_240:(0.000, 1.000, -0.003) separation=0.1343 impulse=0.000;Ground_80_240:(0.000, 1.000, -0.003) separation=0.1343 impulse=0.000;Ground_80_240:(0.000, 1.000, -0.003) separation=0.1355 impulse=0.000;Ground_80_240:(0.000, 1.000, -0.003) separation=0.1348 impulse=0.000;Ground_80_240:(0.000, 1.000, -0.003) separation=0.1351 impulse=0.000;",0.122,0.000,-0.008,35.759,0.000,1.000,-28.571,-0.588,0.120,35.754,-0.168,0.013
0.335,35.762,12.145,-628.704,8.190,-137.889,4,10.651,0.026,"Ground_80_240:(0.000, 1.000, -0.003) separation=0.1353 impulse=0.000;Ground_80_240:(0.000, 1.000, -0.003) separation=0.1344 impulse=0.000;Ground_80_240:(0.000, 1.000, -0.003) separation=0.1344 impulse=0.000;Ground_80_240:(0.000, 1.000, -0.003) separation=0.1353 impulse=0.000;Ground_80_240:(0.000, 1.000, -0.003) separation=0.1344 impulse=0.000;Ground_80_240:(0.000, 1.000, -0.003) separation=0.1344 impulse=0.000;",0.121,0.000,0.008,35.762,0.000,1.000,-27.855,-0.590,0.137,35.757,0.175,0.005
0.355,35.765,12.860,-628.716,8.193,-137.174,4,10.527,0.023,"Ground_80_240:(0.000, 1.000, -0.003) separation=0.1355 impulse=0.000;Ground_80_240:(0.000, 1.000, -0.003) separation=0.1347 impulse=0.000;Ground_80_240:(0.000, 1.000, -0.003) separation=0.1347 impulse=0.000;Ground_80_240:(0.000, 1.000, -0.003) separation=0.1354 impulse=0.000;Ground_80_240:(0.000, 1.000, -0.003) separation=0.1348 impulse=0.000;Ground_80_240:(0.000, 1.000, -0.003) separation=0.1350 impulse=0.000;",0.119,0.000,0.008,35.765,0.000,1.000,-27.140,-0.590,0.151,35.760,0.180,0.014
0.375,35.767,13.575,-628.728,8.197,-136.459,4,10.401,0.020,"Ground_80_240:(0.000, 1.000, -0.003) separation=0.1359 impulse=0.000;Ground_80_240:(0.000, 1.000, -0.003) separation=0.1354 impulse=0.000;Ground_80_240:(0.000, 1.000, -0.003) separation=0.1354 impulse=0.000;Ground_80_240:(0.000, 1.000, -0.003) separation=0.1359 impulse=0.000;Ground_80_240:(0.000, 1.000, -0.003) separation=0.1356 impulse=0.000;Ground_80_240:(0.000, 1.000, -0.003) separation=0.1357 impulse=0.000;",0.118,0.000,-0.008,35.767,0.000,1.000,-26.425,-0.589,0.163,35.762,-0.185,0.004
0.395,35.770,14.291,-628.740,8.200,-135.743,4,10.276,0.018,"Ground_80_240:(0.000, 1.000, -0.003) separation=0.1366 impulse=0.000;Ground_80_240:(0.000, 1.000, -0.003) separation=0.1362 impulse=0.000;Ground_80_240:(0.000, 1.000, -0.003) separation=0.1362 impulse=0.000;Ground_80_240:(0.000, 1.000, -0.003) separation=0.1366 impulse=0.000;Ground_80_240:(0.000, 1.000, -0.003) separation=0.1362 impulse=0.000;Ground_80_240:(0.000, 1.000, -0.003) separation=0.1363 impulse=0.000;",0.116,0.000,-0.009,35.770,0.000,1.000,-25.709,-0.588,0.172,35.764,-0.189,0.014
0.415,35.772,15.006,-628.752,8.204,-135.028,4,10.156,0.015,"Ground_80_240:(0.000, 1.000, -0.003) separation=0.1375 impulse=0.000;Ground_80_240:(0.000, 1.000, -0.003) separation=0.1372 impulse=0.000;Ground_80_240:(0.000, 1.000, -0.003) separation=0.1373 impulse=0.000;Ground_80_240:(0.000, 1.000, -0.003) separation=0.1375 impulse=0.000;Ground_80_240:(0.000, 1.000, -0.003) separation=0.1373 impulse=0.000;Ground_80_240:(0.000, 1.000, -0.003) separation=0.1374 impulse=0.000;",0.115,0.000,0.009,35.772,0.000,1.000,-24.994,-0.590,0.179,35.767,0.193,0.003
0.435,35.774,15.722,-628.763,8.207,-134.313,4,10.042,0.013,"Ground_80_240:(0.000, 1.000, -0.003) separation=0.1385 impulse=0.000;Ground_80_240:(0.000, 1.000, -0.003) separation=0.1384 impulse=0.000;Ground_80_240:(0.000, 1.000, -0.003) separation=0.1384 impulse=0.000;Ground_80_240:(0.000, 1.000, -0.003) separation=0.1385 impulse=0.000;Ground_80_240:(0.000, 1.000, -0.003) separation=0.1384 impulse=0.000;Ground_80_240:(0.000, 1.000, -0.003) separation=0.1384 impulse=0.000;",0.114,0.000,0.009,35.774,0.000,1.000,-24.278,-0.591,0.184,35.769,0.195,0.014
0.455,35.776,16.437,-628.775,8.211,-133.597,4,9.939,0.011,"Ground_80_240:(0.000, 1.000, -0.003) separation=0.1397 impulse=0.000;Ground_80_240:(0.000, 1.000, -0.003) separation=0.1396 impulse=0.000;Ground_80_240:(0.000, 1.000, -0.003) separation=0.1396 impulse=0.000;Ground_80_240:(0.000, 1.000, -0.003) separation=0.1397 impulse=0.000;Ground_80_240:(0.000, 1.000, -0.003) separation=0.1396 impulse=0.000;Ground_80_240:(0.000, 1.000, -0.003) separation=0.1396 impulse=0.000;",0.113,0.000,-0.009,35.776,0.000,1.000,-23.563,-0.589,0.186,35.770,-0.197,0.002
0.475,35.777,17.153,-628.787,8.215,-132.882,4,9.846,0.009,"Ground_80_240:(0.000, 1.000, -0.003) separation=0.1409 impulse=0.000;Ground_80_240:(0.000, 1.000, -0.003) separation=0.1409 impulse=0.000;Ground_80_240:(0.000, 1.000, -0.003) separation=0.1409 impulse=0.000;Ground_80_240:(0.000, 1.000, -0.003) separation=0.1409 impulse=0.000;Ground_80_240:(0.000, 1.000, -0.003) separation=0.1409 impulse=0.000;Ground_80_240:(0.000, 1.000, -0.003) separation=0.1409 impulse=0.000;",0.112,0.000,-0.009,35.777,0.000,1.000,-22.847,-0.588,0.187,35.772,-0.198,0.014
0.495,35.779,17.868,-628.799,8.218,-132.166,4,9.765,0.007,"Ground_80_240:(0.000, 1.000, -0.003) separation=0.1421 impulse=0.000;Ground_80_240:(0.000, 1.000, -0.003) separation=0.1422 impulse=0.000;Ground_80_240:(0.000, 1.000, -0.003) separation=0.1422 impulse=0.000;Ground_80_240:(0.000, 1.000, -0.003) separation=0.1421 impulse=0.000;Ground_80_240:(0.000, 1.000, -0.003) separation=0.1421 impulse=0.000;Ground_80_240:(0.000, 1.000, -0.003) separation=0.1421 impulse=0.000;",0.111,0.000,0.009,35.779,0.000,1.000,-22.132,-0.590,0.186,35.774,0.201,0.002
0.515,35.780,18.584,-628.811,8.222,-131.451,4,9.697,0.006,"Ground_80_240:(0.000, 1.000, -0.003) separation=0.1433 impulse=0.000;Ground_80_240:(0.000, 1.000, -0.003) separation=0.1434 impulse=0.000;Ground_80_240:(0.000, 1.000, -0.003) separation=0.1434 impulse=0.000;Ground_80_240:(0.000, 1.000, -0.003) separation=0.1433 impulse=0.000;Ground_80_240:(0.000, 1.000, -0.003) separation=0.1433 impulse=0.000;Ground_80_240:(0.000, 1.000, -0.003) separation=0.1434 impulse=0.000;",0.111,0.000,0.009,35.780,0.000,1.000,-21.416,-0.591,0.184,35.775,0.201,0.014
0.535,35.782,19.299,-628.822,8.226,-130.735,4,9.642,0.005,"Ground_80_240:(0.000, 1.000, -0.003) separation=0.1445 impulse=0.000;Ground_80_240:(0.000, 1.000, -0.003) separation=0.1446 impulse=0.000;Ground_80_240:(0.000, 1.000, -0.003) separation=0.1446 impulse=0.000;Ground_80_240:(0.000, 1.000, -0.003) separation=0.1445 impulse=0.000;Ground_80_240:(0.000, 1.000, -0.003) separation=0.1446 impulse=0.000;Ground_80_240:(0.000, 1.000, -0.003) separation=0.1446 impulse=0.000;",0.110,0.000,-0.009,35.782,0.000,1.000,-20.701,-0.589,0.180,35.776,-0.202,0.002
0.555,35.783,20.015,-628.834,8.229,-130.020,4,9.598,0.003,"Ground_80_240:(0.000, 1.000, -0.003) separation=0.1456 impulse=0.000;Ground_80_240:(0.000, 1.000, -0.003) separation=0.1458 impulse=0.000;Ground_80_240:(0.000, 1.000, -0.003) separation=0.1458 impulse=0.000;Ground_80_240:(0.000, 1.000, -0.003) separation=0.1456 impulse=0.000;Ground_80_240:(0.000, 1.000, -0.003) separation=0.1457 impulse=0.000;Ground_80_240:(0.000, 1.000, -0.003) separation=0.1457 impulse=0.000;",0.109,0.000,-0.009,35.783,0.000,1.000,-19.985,-0.589,0.176,35.778,-0.202,0.014
0.575,35.784,20.731,-628.846,8.233,-129.304,4,9.566,0.003,"Ground_80_240:(0.000, 1.000, -0.003) separation=0.1467 impulse=0.000;Ground_80_240:(0.000, 1.000, -0.003) separation=0.1468 impulse=0.000;Ground_80_240:(0.000, 1.000, -0.003) separation=0.1468 impulse=0.000;Ground_80_240:(0.000, 1.000, -0.003) separation=0.1467 impulse=0.000;Ground_80_240:(0.000, 1.000, -0.003) separation=0.1467 impulse=0.000;Ground_80_240:(0.000, 1.000, -0.003) separation=0.1467 impulse=0.000;",0.109,0.000,0.009,35.784,0.000,1.000,-19.269,-0.590,0.171,35.779,0.203,0.002
0.595,35.785,21.446,-628.858,8.236,-128.589,4,9.545,0.002,"Ground_80_240:(0.000, 1.000, -0.003) separation=0.1476 impulse=0.000;Ground_80_240:(0.000, 1.000, -0.003) separation=0.1477 impulse=0.000;Ground_80_240:(0.000, 1.000, -0.003) separation=0.1477 impulse=0.000;Ground_80_240:(0.000, 1.000, -0.003) separation=0.1476 impulse=0.000;Ground_80_240:(0.000, 1.000, -0.003) separation=0.1476 impulse=0.000;Ground_80_240:(0.000, 1.000, -0.003) separation=0.1476 impulse=0.000;",0.108,0.000,0.009,35.785,0.000,1.000,-18.554,-0.591,0.166,35.780,0.203,0.014
0.615,35.786,22.162,-628.869,8.239,-127.873,4,9.534,0.001,"Ground_80_240:(0.000, 1.000, -0.003) separation=0.1484 impulse=0.000;Ground_80_240:(0.000, 1.000, -0.003) separation=0.1486 impulse=0.000;Ground_80_240:(0.000, 1.000, -0.003) separation=0.1486 impulse=0.000;Ground_80_240:(0.000, 1.000, -0.003) separation=0.1484 impulse=0.000;Ground_80_240:(0.000, 1.000, -0.003) separation=0.1484 impulse=0.000;Ground_80_240:(0.000, 1.000, -0.003) separation=0.1485 impulse=0.000;",0.107,0.000,-0.009,35.786,0.000,1.000,-17.838,-0.590,0.160,35.781,-0.203,0.002
0.635,35.787,22.878,-628.881,8.242,-127.157,4,9.531,0.001,"Ground_80_240:(0.000, 1.000, -0.003) separation=0.1492 impulse=0.000;Ground_80_240:(0.000, 1.000, -0.003) separation=0.1493 impulse=0.000;Ground_80_240:(0.000, 1.000, -0.003) separation=0.1493 impulse=0.000;Ground_80_240:(0.000, 1.000, -0.003) separation=0.1492 impulse=0.000;Ground_80_240:(0.000, 1.000, -0.003) separation=0.1492 impulse=0.000;Ground_80_240:(0.000, 1.000, -0.003) separation=0.1492 impulse=0.000;",0.107,0.000,-0.009,35.787,0.000,1.000,-17.122,-0.589,0.155,35.782,-0.203,0.015
0.655,35.788,23.594,-628.893,8.245,-126.442,4,9.535,0.000,"Ground_80_240:(0.000, 1.000, -0.003) separation=0.1498 impulse=0.000;Ground_80_240:(0.000, 1.000, -0.003) separation=0.1499 impulse=0.000;Ground_80_240:(0.000, 1.000, -0.003) separation=0.1499 impulse=0.000;Ground_80_240:(0.000, 1.000, -0.003) separation=0.1498 impulse=0.000;Ground_80_240:(0.000, 1.000, -0.003) separation=0.1498 impulse=0.000;Ground_80_240:(0.000, 1.000, -0.003) separation=0.1498 impulse=0.000;",0.106,0.000,0.009,35.788,0.000,1.000,-16.406,-0.590,0.149,35.783,0.203,0.002
0.675,35.789,24.309,-628.905,8.248,-125.726,4,9.546,0.000,"Ground_80_240:(0.000, 1.000, -0.003) separation=0.1503 impulse=0.000;Ground_80_240:(0.000, 1.000, -0.003) separation=0.1504 impulse=0.000;Ground_80_240:(0.000, 1.000, -0.003) separation=0.1504 impulse=0.000;Ground_80_240:(0.000, 1.000, -0.003) separation=0.1503 impulse=0.000;Ground_80_240:(0.000, 1.000, -0.003) separation=0.1503 impulse=0.000;Ground_80_240:(0.000, 1.000, -0.003) separation=0.1503 impulse=0.000;",0.106,0.000,0.009,35.789,0.000,1.000,-15.691,-0.591,0.144,35.783,0.202,0.014
0.695,35.789,25.025,-628.917,8.251,-125.010,4,9.562,0.000,"Ground_80_240:(0.000, 1.000, -0.003) separation=0.1507 impulse=0.000;Ground_80_240:(0.000, 1.000, -0.003) separation=0.1508 impulse=0.000;Ground_80_240:(0.000, 1.000, -0.003) separation=0.1508 impulse=0.000;Ground_80_240:(0.000, 1.000, -0.003) separation=0.1507 impulse=0.000;Ground_80_240:(0.000, 1.000, -0.003) separation=0.1507 impulse=0.000;Ground_80_240:(0.000, 1.000, -0.003) separation=0.1507 impulse=0.000;",0.106,0.000,-0.009,35.789,0.000,1.000,-14.975,-0.590,0.139,35.784,-0.202,0.002
0.715,35.790,25.741,-628.928,8.254,-124.295,4,9.581,0.001,"Ground_80_240:(0.000, 1.000, -0.003) separation=0.1510 impulse=0.000;Ground_80_240:(0.000, 1.000, -0.003) separation=0.1510 impulse=0.000;Ground_80_240:(0.000, 1.000, -0.003) separation=0.1510 impulse=0.000;Ground_80_240:(0.000, 1.000, -0.003) separation=0.1510 impulse=0.000;Ground_80_240:(0.000, 1.000, -0.003) separation=0.1510 impulse=0.000;Ground_80_240:(0.000, 1.000, -0.003) separation=0.1510 impulse=0.000;",0.105,0.000,-0.009,35.790,0.000,1.000,-14.259,-0.589,0.134,35.785,-0.201,0.015
0.735,35.791,26.457,-628.940,8.256,-123.579,4,9.604,0.001,"Ground_80_240:(0.000, 1.000, -0.003) separation=0.1512 impulse=0.000;Ground_80_240:(0.000, 1.000, -0.003) separation=0.1512 impulse=0.000;Ground_80_240:(0.000, 1.000, -0.003) separation=0.1512 impulse=0.000;Ground_80_240:(0.000, 1.000, -0.003) separation=0.1512 impulse=0.000;Ground_80_240:(0.000, 1.000, -0.003) separation=0.1512 impulse=0.000;Ground_80_240:(0.000, 1.000, -0.003) separation=0.1512 impulse=0.000;",0.105,0.000,0.009,35.791,0.000,1.000,-13.543,-0.591,0.130,35.785,0.202,0.002
0.755,35.791,27.173,-628.952,8.259,-122.863,4,9.629,0.001,"Ground_80_240:(0.000, 1.000, -0.003) separation=0.1513 impulse=0.000;Ground_80_240:(0.000, 1.000, -0.003) separation=0.1513 impulse=0.000;Ground_80_240:(0.000, 1.000, -0.003) separation=0.1513 impulse=0.000;Ground_80_240:(0.000, 1.000, -0.003) separation=0.1513 impulse=0.000;Ground_80_240:(0.000, 1.000, -0.003) separation=0.1513 impulse=0.000;Ground_80_240:(0.000, 1.000, -0.003) separation=0.1513 impulse=0.000;",0.105,0.000,0.009,35.791,0.000,1.000,-12.827,-0.592,0.127,35.786,0.201,0.014
0.775,35.792,27.888,-628.964,8.261,-122.148,4,9.654,0.001,"Ground_80_240:(0.000, 1.000, -0.003) separation=0.1513 impulse=0.000;Ground_80_240:(0.000, 1.000, -0.003) separation=0.1514 impulse=0.000;Ground_80_240:(0.000, 1.000, -0.003) separation=0.1514 impulse=0.000;Ground_80_240:(0.000, 1.000, -0.003) separation=0.1513 impulse=0.000;Ground_80_240:(0.000, 1.000, -0.003) separation=0.1513 impulse=0.000;Ground_80_240:(0.000, 1.000, -0.003) separation=0.1513 impulse=0.000;",0.104,0.000,-0.009,35.792,0.000,1.000,-12.112,-0.590,0.124,35.787,-0.201,0.002
0.795,35.792,28.604,-628.976,8.264,-121.432,4,9.680,0.001,"Ground_80_240:(0.000, 1.000, -0.003) separation=0.1513 impulse=0.000;Ground_80_240:(0.000, 1.000, -0.003) separation=0.1513 impulse=0.000;Ground_80_240:(0.000, 1.000, -0.003) separation=0.1513 impulse=0.000;Ground_80_240:(0.000, 1.000, -0.003) separation=0.1513 impulse=0.000;Ground_80_240:(0.000, 1.000, -0.003) separation=0.1513 impulse=0.000;Ground_80_240:(0.000, 1.000, -0.003) separation=0.1513 impulse=0.000;",0.104,0.000,-0.009,35.792,0.000,1.000,-11.396,-0.589,0.121,35.787,-0.201,0.015
0.815,35.793,29.320,-628.988,8.266,-120.716,4,9.705,0.001,"Ground_80_240:(0.000, 1.000, -0.003) separation=0.1512 impulse=0.000;Ground_80_240:(0.000, 1.000, -0.003) separation=0.1513 impulse=0.000;Ground_80_240:(0.000, 1.000, -0.003) separation=0.1513 impulse=0.000;Ground_80_240:(0.000, 1.000, -0.003) separation=0.1512 impulse=0.000;Ground_80_240:(0.000, 1.000, -0.003) separation=0.1512 impulse=0.000;Ground_80_240:(0.000, 1.000, -0.003) separation=0.1512 impulse=0.000;",0.104,0.000,0.009,35.793,0.000,1.000,-10.680,-0.591,0.119,35.788,0.201,0.002
0.835,35.793,30.036,-628.999,8.269,-120.000,4,10.313,0.001,"Takeoff - 40m x 6m, 6.2m rise:(0.000, 1.000, -0.003) separation=0.1331 impulse=0.000;Takeoff - 40m x 6m, 6.2m rise:(0.000, 1.000, -0.003) separation=0.1331 impulse=0.000;Takeoff - 40m x 6m, 6.2m rise:(0.000, 1.000, -0.003) separation=0.1331 impulse=0.000;Takeoff - 40m x 6m, 6.2m rise:(0.000, 1.000, -0.003) separation=0.1331 impulse=0.000;Takeoff - 40m x 6m, 6.2m rise:(0.000, 1.000, -0.003) separation=0.1331 impulse=0.000;Takeoff - 40m x 6m, 6.2m rise:(0.000, 1.000, -0.003) separation=0.1331 impulse=0.000;Ground_80_240:(0.000, 1.000, -0.003) separation=0.1511 impulse=0.000;Ground_80_240:(0.000, 1.000, -0.003) separation=0.1511 impulse=0.000;Ground_80_240:(0.000, 1.000, -0.003) separation=0.1511 impulse=0.000;Ground_80_240:(0.000, 1.000, -0.003) separation=0.1511 impulse=0.000;Ground_80_240:(0.000, 1.000, -0.003) separation=0.1511 impulse=0.000;Ground_80_240:(0.000, 1.000, -0.003) separation=0.1511 impulse=0.000;",0.104,0.000,0.009,35.793,0.000,1.000,-9.964,-0.592,0.129,35.788,0.201,0.017
0.855,35.793,30.752,-629.011,8.271,-119.285,4,10.282,0.061,"Ground_80_240:(0.000, 1.000, -0.003) separation=0.1510 impulse=0.000;Ground_80_240:(0.000, 1.000, -0.003) separation=0.1514 impulse=0.000;Ground_80_240:(0.000, 1.000, -0.003) separation=0.1514 impulse=0.000;Ground_80_240:(0.000, 1.000, -0.003) separation=0.1510 impulse=0.000;Ground_80_240:(0.000, 1.000, -0.003) separation=0.1510 impulse=0.000;Ground_80_240:(0.000, 1.000, -0.003) separation=0.1511 impulse=0.000;Takeoff - 40m x 6m, 6.2m rise:(0.000, 1.000, -0.004) separation=0.1332 impulse=0.000;Takeoff - 40m x 6m, 6.2m rise:(0.000, 1.000, -0.004) separation=0.1334 impulse=0.000;Takeoff - 40m x 6m, 6.2m rise:(0.000, 1.000, -0.004) separation=0.1334 impulse=0.000;Takeoff - 40m x 6m, 6.2m rise:(0.000, 1.000, -0.004) separation=0.1332 impulse=0.000;Takeoff - 40m x 6m, 6.2m rise:(0.000, 1.000, -0.004) separation=0.1333 impulse=0.000;Takeoff - 40m x 6m, 6.2m rise:(0.000, 1.000, -0.004) separation=0.1333 impulse=0.000;",0.103,0.000,-0.010,35.793,0.000,1.000,-9.248,-0.591,0.138,35.788,-0.211,0.017
0.875,35.794,31.467,-629.023,8.274,-118.569,4,10.284,0.110,"Ground_80_240:(0.000, 1.000, -0.003) separation=0.1509 impulse=0.000;Ground_80_240:(0.000, 1.000, -0.003) separation=0.1521 impulse=0.000;Ground_80_240:(0.000, 1.000, -0.003) separation=0.1521 impulse=0.000;Ground_80_240:(0.000, 1.000, -0.003) separation=0.1509 impulse=0.000;Ground_80_240:(0.000, 1.000, -0.003) separation=0.1511 impulse=0.000;Ground_80_240:(0.000, 1.000, -0.003) separation=0.1511 impulse=0.000;Takeoff - 40m x 6m, 6.2m rise:(0.000, 1.000, -0.004) separation=0.1331 impulse=0.000;Takeoff - 40m x 6m, 6.2m rise:(0.000, 1.000, -0.004) separation=0.1341 impulse=0.000;Takeoff - 40m x 6m, 6.2m rise:(0.000, 1.000, -0.004) separation=0.1341 impulse=0.000;Takeoff - 40m x 6m, 6.2m rise:(0.000, 1.000, -0.004) separation=0.1331 impulse=0.000;Takeoff - 40m x 6m, 6.2m rise:(0.000, 1.000, -0.004) separation=0.1333 impulse=0.000;Takeoff - 40m x 6m, 6.2m rise:(0.000, 1.000, -0.004) separation=0.1333 impulse=0.000;",0.103,0.000,-0.010,35.794,0.000,1.000,-8.533,-0.590,0.148,35.788,-0.231,0.028
0.895,35.794,32.183,-629.035,8.278,-117.853,4,10.888,0.149,"Ground_80_240:(0.000, 1.000, -0.003) separation=0.1508 impulse=0.000;Ground_80_240:(0.000, 1.000, -0.003) separation=0.1530 impulse=0.000;Ground_80_240:(0.000, 1.000, -0.003) separation=0.1530 impulse=0.000;Ground_80_240:(0.000, 1.000, -0.003) separation=0.1508 impulse=0.000;Ground_80_240:(0.000, 1.000, -0.003) separation=0.1512 impulse=0.000;Ground_80_240:(0.000, 1.000, -0.003) separation=0.1519 impulse=0.000;Takeoff - 40m x 6m, 6.2m rise:(0.000, 1.000, -0.003) separation=0.1328 impulse=0.000;Takeoff - 40m x 6m, 6.2m rise:(0.000, 1.000, -0.003) separation=0.1350 impulse=0.000;Takeoff - 40m x 6m, 6.2m rise:(0.000, 1.000, -0.003) separation=0.1350 impulse=0.000;Takeoff - 40m x 6m, 6.2m rise:(0.000, 1.000, -0.003) separation=0.1328 impulse=0.000;Takeoff - 40m x 6m, 6.2m rise:(0.000, 1.000, -0.003) separation=0.1328 impulse=0.000;Takeoff - 40m x 6m, 6.2m rise:(0.000, 1.000, -0.003) separation=0.1329 impulse=0.000;",0.103,0.000,0.011,35.794,0.000,1.000,-7.817,-0.592,0.169,35.788,0.256,0.016
0.915,35.794,32.899,-629.047,8.281,-117.138,4,10.747,0.117,"Ground_80_240:(0.000, 1.000, -0.003) separation=0.1514 impulse=0.000;Ground_80_240:(0.000, 1.000, -0.003) separation=0.1542 impulse=0.000;Ground_80_240:(0.000, 1.000, -0.003) separation=0.1543 impulse=0.000;Ground_80_240:(0.000, 1.000, -0.003) separation=0.1514 impulse=0.000;Ground_80_240:(0.000, 1.000, -0.003) separation=0.1514 impulse=0.000;Ground_80_240:(0.000, 1.000, -0.003) separation=0.1518 impulse=0.000;Takeoff - 40m x 6m, 6.2m rise:(0.000, 1.000, -0.003) separation=0.1334 impulse=0.000;Takeoff - 40m x 6m, 6.2m rise:(0.000, 1.000, -0.003) separation=0.1362 impulse=0.000;Takeoff - 40m x 6m, 6.2m rise:(0.000, 1.000, -0.003) separation=0.1363 impulse=0.000;Takeoff - 40m x 6m, 6.2m rise:(0.000, 1.000, -0.003) separation=0.1334 impulse=0.000;Takeoff - 40m x 6m, 6.2m rise:(0.000, 1.000, -0.003) separation=0.1337 impulse=0.000;Takeoff - 40m x 6m, 6.2m rise:(0.000, 1.000, -0.003) separation=0.1337 impulse=0.000;",0.103,0.000,0.012,35.794,0.000,1.000,-7.101,-0.593,0.188,35.788,0.273,0.023
0.935,35.794,33.615,-629.059,8.286,-116.422,4,10.574,0.090,"Ground_80_240:(0.000, 1.000, -0.003) separation=0.1524 impulse=0.000;Ground_80_240:(0.000, 1.000, -0.003) separation=0.1557 impulse=0.000;Ground_80_240:(0.000, 1.000, -0.003) separation=0.1557 impulse=0.000;Ground_80_240:(0.000, 1.000, -0.003) separation=0.1524 impulse=0.000;Ground_80_240:(0.000, 1.000, -0.003) separation=0.1528 impulse=0.000;Ground_80_240:(0.000, 1.000, -0.003) separation=0.1528 impulse=0.000;Takeoff - 40m x 6m, 6.2m rise:(0.000, 1.000, -0.003) separation=0.1344 impulse=0.000;Takeoff - 40m x 6m, 6.2m rise:(0.000, 1.000, -0.003) separation=0.1377 impulse=0.000;Takeoff - 40m x 6m, 6.2m rise:(0.000, 1.000, -0.003) separation=0.1377 impulse=0.000;Takeoff - 40m x 6m, 6.2m rise:(0.000, 1.000, -0.003) separation=0.1344 impulse=0.000;Takeoff - 40m x 6m, 6.2m rise:(0.000, 1.000, -0.003) separation=0.1345 impulse=0.000;Takeoff - 40m x 6m, 6.2m rise:(0.000, 1.000, -0.003) separation=0.1345 impulse=0.000;",0.103,0.000,-0.013,35.794,0.000,1.000,-6.385,-0.591,0.203,35.788,-0.285,0.007
0.955,35.794,34.331,-629.070,8.290,-115.706,4,10.385,0.067,"Ground_80_240:(0.000, 1.000, -0.003) separation=0.1538 impulse=0.000;Ground_80_240:(0.000, 1.000, -0.003) separation=0.1574 impulse=0.000;Ground_80_240:(0.000, 1.000, -0.003) separation=0.1574 impulse=0.000;Ground_80_240:(0.000, 1.000, -0.003) separation=0.1538 impulse=0.000;Ground_80_240:(0.000, 1.000, -0.003) separation=0.1543 impulse=0.000;Ground_80_240:(0.000, 1.000, -0.003) separation=0.1553 impulse=0.000;Takeoff - 40m x 6m, 6.2m rise:(0.000, 1.000, -0.003) separation=0.1358 impulse=0.000;Takeoff - 40m x 6m, 6.2m rise:(0.000, 1.000, -0.003) separation=0.1394 impulse=0.000;Takeoff - 40m x 6m, 6.2m rise:(0.000, 1.000, -0.003) separation=0.1394 impulse=0.000;Takeoff - 40m x 6m, 6.2m rise:(0.000, 1.000, -0.003) separation=0.1358 impulse=0.000;Takeoff - 40m x 6m, 6.2m rise:(0.000, 1.000, -0.003) separation=0.1359 impulse=0.000;Takeoff - 40m x 6m, 6.2m rise:(0.000, 1.000, -0.003) separation=0.1359 impulse=0.000;",0.103,0.000,-0.013,35.794,0.000,1.000,-5.669,-0.590,0.215,35.788,-0.292,0.021
0.975,35.794,35.046,-629.082,8.294,-114.990,4,10.192,0.047,"Ground_80_240:(0.000, 1.000, -0.003) separation=0.1556 impulse=0.000;Ground_80_240:(0.000, 1.000, -0.003) separation=0.1593 impulse=0.000;Ground_80_240:(0.000, 1.000, -0.003) separation=0.1593 impulse=0.000;Ground_80_240:(0.000, 1.000, -0.003) separation=0.1556 impulse=0.000;Ground_80_240:(0.000, 1.000, -0.003) separation=0.1556 impulse=0.000;Ground_80_240:(0.000, 1.000, -0.003) separation=0.1559 impulse=0.000;Takeoff - 40m x 6m, 6.2m rise:(0.000, 1.000, -0.003) separation=0.1376 impulse=0.000;Takeoff - 40m x 6m, 6.2m rise:(0.000, 1.000, -0.003) separation=0.1413 impulse=0.000;Takeoff - 40m x 6m, 6.2m rise:(0.000, 1.000, -0.003) separation=0.1413 impulse=0.000;Takeoff - 40m x 6m, 6.2m rise:(0.000, 1.000, -0.003) separation=0.1376 impulse=0.000;Takeoff - 40m x 6m, 6.2m rise:(0.000, 1.000, -0.003) separation=0.1378 impulse=0.000;Takeoff - 40m x 6m, 6.2m rise:(0.000, 1.000, -0.003) separation=0.1379 impulse=0.000;",0.103,0.000,0.013,35.794,0.000,1.000,-4.954,-0.592,0.222,35.788,0.295,0.003
0.995,35.794,35.762,-629.094,8.299,-114.275,4,10.004,0.031,"Ground_80_240:(0.000, 1.000, -0.003) separation=0.1575 impulse=0.000;Ground_80_240:(0.000, 1.000, -0.003) separation=0.1612 impulse=0.000;Ground_80_240:(0.000, 1.000, -0.003) separation=0.1612 impulse=0.000;Ground_80_240:(0.000, 1.000, -0.003) separation=0.1575 impulse=0.000;Ground_80_240:(0.000, 1.000, -0.003) separation=0.1577 impulse=0.000;Ground_80_240:(0.000, 1.000, -0.003) separation=0.1577 impulse=0.000;Takeoff - 40m x 6m, 6.2m rise:(0.000, 1.000, -0.003) separation=0.1395 impulse=0.000;Takeoff - 40m x 6m, 6.2m rise:(0.000, 1.000, -0.003) separation=0.1432 impulse=0.000;Takeoff - 40m x 6m, 6.2m rise:(0.000, 1.000, -0.003) separation=0.1432 impulse=0.000;Takeoff - 40m x 6m, 6.2m rise:(0.000, 1.000, -0.003) separation=0.1395 impulse=0.000;Takeoff - 40m x 6m, 6.2m rise:(0.000, 1.000, -0.003) separation=0.1397 impulse=0.000;Takeoff - 40m x 6m, 6.2m rise:(0.000, 1.000, -0.003) separation=0.1397 impulse=0.000;",0.103,0.000,0.013,35.794,0.000,1.000,-4.238,-0.593,0.226,35.788,0.295,0.021
1.015,35.794,36.478,-629.106,8.303,-113.559,4,9.830,0.018,"Ground_80_240:(0.000, 1.000, -0.004) separation=0.1596 impulse=0.000;Ground_80_240:(0.000, 1.000, -0.004) separation=0.1632 impulse=0.000;Ground_80_240:(0.000, 1.000, -0.004) separation=0.1632 impulse=0.000;Ground_80_240:(0.000, 1.000, -0.004) separation=0.1596 impulse=0.000;Ground_80_240:(0.000, 1.000, -0.004) separation=0.1598 impulse=0.000;Ground_80_240:(0.000, 1.000, -0.004) separation=0.1609 impulse=0.000;Takeoff - 40m x 6m, 6.2m rise:(0.000, 1.000, -0.004) separation=0.1416 impulse=0.000;Takeoff - 40m x 6m, 6.2m rise:(0.000, 1.000, -0.004) separation=0.1452 impulse=0.000;Takeoff - 40m x 6m, 6.2m rise:(0.000, 1.000, -0.004) separation=0.1452 impulse=0.000;Takeoff - 40m x 6m, 6.2m rise:(0.000, 1.000, -0.004) separation=0.1416 impulse=0.000;Takeoff - 40m x 6m, 6.2m rise:(0.000, 1.000, -0.004) separation=0.1419 impulse=0.000;Takeoff - 40m x 6m, 6.2m rise:(0.000, 1.000, -0.004) separation=0.1420 impulse=0.000;",0.103,0.000,-0.013,35.794,0.000,1.000,-3.522,-0.591,0.227,35.788,-0.292,0.004
1.035,35.794,37.194,-629.118,8.308,-112.843,4,9.674,0.007,"Ground_80_240:(0.000, 1.000, -0.004) separation=0.1617 impulse=0.000;Ground_80_240:(0.000, 1.000, -0.004) separation=0.1651 impulse=0.000;Ground_80_240:(0.000, 1.000, -0.004) separation=0.1651 impulse=0.000;Ground_80_240:(0.000, 1.000, -0.004) separation=0.1617 impulse=0.000;Ground_80_240:(0.000, 1.000, -0.004) separation=0.1617 impulse=0.000;Ground_80_240:(0.000, 1.000, -0.004) separation=0.1619 impulse=0.000;Takeoff - 40m x 6m, 6.2m rise:(0.000, 1.000, -0.004) separation=0.1437 impulse=0.000;Takeoff - 40m x 6m, 6.2m rise:(0.000, 1.000, -0.004) separation=0.1471 impulse=0.000;Takeoff - 40m x 6m, 6.2m rise:(0.000, 1.000, -0.004) separation=0.1471 impulse=0.000;Takeoff - 40m x 6m, 6.2m rise:(0.000, 1.000, -0.004) separation=0.1437 impulse=0.000;Takeoff - 40m x 6m, 6.2m rise:(0.000, 1.000, -0.004) separation=0.1437 impulse=0.000;Takeoff - 40m x 6m, 6.2m rise:(0.000, 1.000, -0.004) separation=0.1438 impulse=0.000;",0.103,0.000,-0.013,35.794,0.000,1.000,-2.806,-0.590,0.224,35.788,-0.287,0.021
1.055,35.794,37.910,-629.129,8.312,-112.127,4,9.541,0.001,"Ground_80_240:(0.000, 1.000, -0.004) separation=0.1638 impulse=0.000;Ground_80_240:(0.000, 1.000, -0.004) separation=0.1670 impulse=0.000;Ground_80_240:(0.000, 1.000, -0.004) separation=0.1670 impulse=0.000;Ground_80_240:(0.000, 1.000, -0.004) separation=0.1638 impulse=0.000;Ground_80_240:(0.000, 1.000, -0.004) separation=0.1649 impulse=0.000;Ground_80_240:(0.000, 1.000, -0.004) separation=0.1658 impulse=0.000;Takeoff - 40m x 6m, 6.2m rise:(0.000, 1.000, -0.004) separation=0.1458 impulse=0.000;Takeoff - 40m x 6m, 6.2m rise:(0.000, 1.000, -0.004) separation=0.1490 impulse=0.000;Takeoff - 40m x 6m, 6.2m rise:(0.000, 1.000, -0.004) separation=0.1490 impulse=0.000;Takeoff - 40m x 6m, 6.2m rise:(0.000, 1.000, -0.004) separation=0.1458 impulse=0.000;Takeoff - 40m x 6m, 6.2m rise:(0.000, 1.000, -0.004) separation=0.1462 impulse=0.000;Takeoff - 40m x 6m, 6.2m rise:(0.000, 1.000, -0.004) separation=0.1462 impulse=0.000;",0.103,0.000,0.013,35.794,0.000,1.000,-2.090,-0.592,0.219,35.788,0.283,0.006
1.075,35.794,38.626,-629.141,8.316,-111.411,4,9.433,0.008,"Ground_80_240:(0.000, 1.000, -0.004) separation=0.1658 impulse=0.000;Ground_80_240:(0.000, 1.000, -0.004) separation=0.1687 impulse=0.000;Ground_80_240:(0.000, 1.000, -0.004) separation=0.1687 impulse=0.000;Ground_80_240:(0.000, 1.000, -0.004) separation=0.1658 impulse=0.000;Ground_80_240:(0.000, 1.000, -0.004) separation=0.1658 impulse=0.000;Ground_80_240:(0.000, 1.000, -0.004) separation=0.1667 impulse=0.000;Takeoff - 40m x 6m, 6.2m rise:(0.000, 1.000, -0.004) separation=0.1478 impulse=0.000;Takeoff - 40m x 6m, 6.2m rise:(0.000, 1.000, -0.004) separation=0.1507 impulse=0.000;Takeoff - 40m x 6m, 6.2m rise:(0.000, 1.000, -0.004) separation=0.1507 impulse=0.000;Takeoff - 40m x 6m, 6.2m rise:(0.000, 1.000, -0.004) separation=0.1478 impulse=0.000;Takeoff - 40m x 6m, 6.2m rise:(0.000, 1.000, -0.004) separation=0.1478 impulse=0.000;Takeoff - 40m x 6m, 6.2m rise:(0.000, 1.000, -0.004) separation=0.1479 impulse=0.000;",0.103,0.000,0.012,35.794,0.000,1.000,-1.374,-0.593,0.211,35.788,0.276,0.020
1.095,35.794,39.342,-629.153,8.320,-110.696,4,9.349,0.012,"Ground_80_240:(0.000, 1.000, -0.004) separation=0.1676 impulse=0.000;Ground_80_240:(0.000, 1.000, -0.004) separation=0.1703 impulse=0.000;Ground_80_240:(0.000, 1.000, -0.004) separation=0.1703 impulse=0.000;Ground_80_240:(0.000, 1.000, -0.004) separation=0.1676 impulse=0.000;Ground_80_240:(0.000, 1.000, -0.004) separation=0.1682 impulse=0.000;Ground_80_240:(0.000, 1.000, -0.004) separation=0.1683 impulse=0.000;Takeoff - 40m x 6m, 6.2m rise:(0.000, 1.000, -0.004) separation=0.1496 impulse=0.000;Takeoff - 40m x 6m, 6.2m rise:(0.000, 1.000, -0.004) separation=0.1523 impulse=0.000;Takeoff - 40m x 6m, 6.2m rise:(0.000, 1.000, -0.004) separation=0.1523 impulse=0.000;Takeoff - 40m x 6m, 6.2m rise:(0.000, 1.000, -0.004) separation=0.1496 impulse=0.000;Takeoff - 40m x 6m, 6.2m rise:(0.000, 1.000, -0.004) separation=0.1500 impulse=0.000;Takeoff - 40m x 6m, 6.2m rise:(0.000, 1.000, -0.004) separation=0.1501 impulse=0.000;",0.103,0.000,-0.012,35.794,0.000,1.000,-0.658,-0.591,0.202,35.789,-0.270,0.006
1.115,35.794,40.058,-629.165,8.324,-109.980,4,9.300,0.034,"Ground_80_320:(0.000, 1.000, -0.005) separation=0.1717 impulse=0.000;Ground_80_320:(0.000, 1.000, -0.005) separation=0.1717 impulse=0.000;Ground_80_320:(0.000, 1.000, -0.005) separation=0.1712 impulse=0.000;Ground_80_320:(0.000, 1.000, -0.005) separation=0.1712 impulse=0.000;Ground_80_240:(0.000, 1.000, -0.004) separation=0.1693 impulse=0.000;Ground_80_240:(0.000, 1.000, -0.004) separation=0.1693 impulse=0.000;Ground_80_240:(0.000, 1.000, -0.004) separation=0.1707 impulse=0.000;Ground_80_240:(0.000, 1.000, -0.004) separation=0.1700 impulse=0.000;Ground_80_240:(0.000, 1.000, -0.004) separation=0.1712 impulse=0.000;Ground_80_240:(0.000, 1.000, -0.004) separation=0.1712 impulse=0.000;Takeoff - 40m x 6m, 6.2m rise:(0.000, 1.000, -0.004) separation=0.1513 impulse=0.000;Takeoff - 40m x 6m, 6.2m rise:(0.000, 1.000, -0.004) separation=0.1528 impulse=0.000;Takeoff - 40m x 6m, 6.2m rise:(0.000, 1.000, -0.004) separation=0.1528 impulse=0.000;Takeoff - 40m x 6m, 6.2m rise:(0.000, 1.000, -0.004) separation=0.1513 impulse=0.000;Takeoff - 40m x 6m, 6.2m rise:(0.000, 1.000, -0.004) separation=0.1514 impulse=0.000;Takeoff - 40m x 6m, 6.2m rise:(0.000, 1.000, -0.004) separation=0.1514 impulse=0.000;",0.103,0.000,-0.012,35.794,0.000,1.000,0.058,-0.590,0.191,35.789,-0.262,0.019
1.135,35.794,40.774,-629.177,8.328,-109.264,4,9.359,0.069,"Ground_80_240:(0.000, 1.000, -0.004) separation=0.1707 impulse=0.000;Ground_80_240:(0.000, 1.000, -0.004) separation=0.1713 impulse=0.000;Ground_80_240:(0.000, 1.000, -0.004) separation=0.1707 impulse=0.000;Ground_80_240:(0.000, 1.000, -0.004) separation=0.1707 impulse=0.000;Ground_80_240:(0.000, 1.000, -0.004) separation=0.1718 impulse=0.000;Ground_80_240:(0.000, 1.000, -0.004) separation=0.1718 impulse=0.000;Takeoff - 40m x 6m, 6.2m rise:(0.000, 1.000, -0.009) separation=0.1492 impulse=0.000;Takeoff - 40m x 6m, 6.2m rise:(0.000, 1.000, -0.009) separation=0.1527 impulse=0.000;Takeoff - 40m x 6m, 6.2m rise:(0.000, 1.000, -0.009) separation=0.1492 impulse=0.000;Takeoff - 40m x 6m, 6.2m rise:(0.000, 1.000, -0.009) separation=0.1527 impulse=0.000;Takeoff - 40m x 6m, 6.2m rise:(0.000, 1.000, -0.009) separation=0.1508 impulse=0.000;Takeoff - 40m x 6m, 6.2m rise:(0.000, 1.000, -0.009) separation=0.1508 impulse=0.000;Ground_80_320:(0.000, 1.000, -0.004) separation=0.1729 impulse=0.000;Ground_80_320:(0.000, 1.000, -0.004) separation=0.1718 impulse=0.000;Ground_80_320:(0.000, 1.000, -0.004) separation=0.1718 impulse=0.000;Ground_80_320:(0.000, 1.000, -0.004) separation=0.1729 impulse=0.000;Ground_80_320:(0.000, 1.000, -0.004) separation=0.1726 impulse=0.000;Ground_80_320:(0.000, 1.000, -0.004) separation=0.1729 impulse=0.000;",0.103,0.000,0.012,35.794,0.000,1.000,0.774,-0.592,0.182,35.789,0.257,0.003
1.155,35.794,41.489,-629.189,8.331,-108.548,4,9.566,0.127,"Ground_80_240:(0.000, 1.000, -0.004) separation=0.1719 impulse=0.000;Ground_80_240:(0.000, 1.000, -0.004) separation=0.1719 impulse=0.000;Ground_80_240:(0.000, 1.000, -0.004) separation=0.1723 impulse=0.000;Ground_80_240:(0.000, 1.000, -0.004) separation=0.1723 impulse=0.000;Takeoff - 40m x 6m, 6.2m rise:(0.000, 1.000, -0.012) separation=0.1418 impulse=0.000;Takeoff - 40m x 6m, 6.2m rise:(0.000, 1.000, -0.012) separation=0.1539 impulse=0.000;Takeoff - 40m x 6m, 6.2m rise:(0.000, 1.000, -0.012) separation=0.1418 impulse=0.000;Takeoff - 40m x 6m, 6.2m rise:(0.000, 1.000, -0.012) separation=0.1539 impulse=0.000;Takeoff - 40m x 6m, 6.2m rise:(0.000, 1.000, -0.012) separation=0.1425 impulse=0.000;Takeoff - 40m x 6m, 6.2m rise:(0.000, 1.000, -0.012) separation=0.1469 impulse=0.000;Ground_80_320:(0.000, 1.000, -0.004) separation=0.1723 impulse=0.000;Ground_80_320:(0.000, 1.000, -0.004) separation=0.1723 impulse=0.000;Ground_80_320:(0.000, 1.000, -0.004) separation=0.1737 impulse=0.000;Ground_80_320:(0.000, 1.000, -0.004) separation=0.1730 impulse=0.000;Ground_80_320:(0.000, 1.000, -0.004) separation=0.1740 impulse=0.000;Ground_80_320:(0.000, 1.000, -0.004) separation=0.1740 impulse=0.000;",0.103,0.000,0.011,35.794,0.000,1.000,1.489,-0.593,0.178,35.789,0.253,0.019
1.175,35.794,42.205,-629.200,8.335,-107.833,4,9.983,0.173,"Ground_80_320:(0.000, 1.000, -0.004) separation=0.1728 impulse=0.000;Ground_80_320:(0.000, 1.000, -0.004) separation=0.1751 impulse=0.000;Ground_80_320:(0.000, 1.000, -0.004) separation=0.1751 impulse=0.000;Ground_80_320:(0.000, 1.000, -0.004) separation=0.1728 impulse=0.000;Ground_80_320:(0.000, 1.000, -0.004) separation=0.1734 impulse=0.000;Ground_80_320:(0.000, 1.000, -0.004) separation=0.1741 impulse=0.000;Takeoff - 40m x 6m, 6.2m rise:(0.000, 1.000, -0.017) separation=0.1304 impulse=0.000;Takeoff - 40m x 6m, 6.2m rise:(0.000, 1.000, -0.017) separation=0.1541 impulse=0.000;Takeoff - 40m x 6m, 6.2m rise:(0.000, 1.000, -0.017) separation=0.1304 impulse=0.000;Takeoff - 40m x 6m, 6.2m rise:(0.000, 1.000, -0.017) separation=0.1541 impulse=0.000;Takeoff - 40m x 6m, 6.2m rise:(0.000, 1.000, -0.017) separation=0.1328 impulse=0.000;Takeoff - 40m x 6m, 6.2m rise:(0.000, 1.000, -0.017) separation=0.1328 impulse=0.000;",0.103,0.000,-0.012,35.794,0.000,1.000,2.205,-0.591,0.181,35.789,-0.259,0.017
1.195,35.794,42.921,-629.212,8.339,-107.117,4,10.639,0.203,"Ground_80_320:(0.000, 1.000, -0.004) separation=0.1736 impulse=0.000;Ground_80_320:(0.000, 1.000, -0.004) separation=0.1766 impulse=0.000;Ground_80_320:(0.000, 1.000, -0.004) separation=0.1766 impulse=0.000;Ground_80_320:(0.000, 1.000, -0.004) separation=0.1736 impulse=0.000;Ground_80_320:(0.000, 1.000, -0.004) separation=0.1736 impulse=0.000;Ground_80_320:(0.000, 1.000, -0.004) separation=0.1742 impulse=0.000;Takeoff - 40m x 6m, 6.2m rise:(0.000, 1.000, -0.022) separation=0.1153 impulse=0.000;Takeoff - 40m x 6m, 6.2m rise:(0.000, 1.000, -0.022) separation=0.1509 impulse=0.000;Takeoff - 40m x 6m, 6.2m rise:(0.000, 1.000, -0.022) separation=0.1153 impulse=0.000;Takeoff - 40m x 6m, 6.2m rise:(0.000, 1.000, -0.022) separation=0.1509 impulse=0.000;Takeoff - 40m x 6m, 6.2m rise:(0.000, 1.000, -0.022) separation=0.1233 impulse=0.000;Takeoff - 40m x 6m, 6.2m rise:(0.000, 1.000, -0.022) separation=0.1233 impulse=0.000;",0.103,0.000,-0.013,35.794,0.000,1.000,2.921,-0.590,0.198,35.789,-0.278,0.039
1.215,35.794,43.637,-629.224,8.344,-106.402,4,11.530,0.206,"Ground_80_320:(0.000, 1.000, -0.004) separation=0.1743 impulse=0.000;Ground_80_320:(0.000, 1.000, -0.004) separation=0.1788 impulse=0.000;Ground_80_320:(0.000, 1.000, -0.004) separation=0.1788 impulse=0.000;Ground_80_320:(0.000, 1.000, -0.004) separation=0.1743 impulse=0.000;Ground_80_320:(0.000, 1.000, -0.004) separation=0.1747 impulse=0.000;Ground_80_320:(0.000, 1.000, -0.004) separation=0.1748 impulse=0.000;Takeoff - 40m x 6m, 6.2m rise:(0.000, 1.000, -0.029) separation=0.0972 impulse=0.000;Takeoff - 40m x 6m, 6.2m rise:(0.000, 1.000, -0.029) separation=0.1435 impulse=0.000;Takeoff - 40m x 6m, 6.2m rise:(0.000, 1.000, -0.029) separation=0.0971 impulse=0.000;Takeoff - 40m x 6m, 6.2m rise:(0.000, 1.000, -0.029) separation=0.1435 impulse=0.000;Takeoff - 40m x 6m, 6.2m rise:(0.000, 1.000, -0.029) separation=0.0987 impulse=0.000;Takeoff - 40m x 6m, 6.2m rise:(0.000, 1.000, -0.029) separation=0.0987 impulse=0.000;",0.103,0.000,0.014,35.794,0.000,1.000,3.637,-0.592,0.233,35.789,0.317,0.052
1.235,35.794,44.352,-629.236,8.349,-105.686,4,12.589,0.148,"Ground_80_320:(0.000, 1.000, -0.004) separation=0.1753 impulse=0.000;Ground_80_320:(0.000, 1.000, -0.004) separation=0.1821 impulse=0.000;Ground_80_320:(0.000, 1.000, -0.004) separation=0.1821 impulse=0.000;Ground_80_320:(0.000, 1.000, -0.004) separation=0.1752 impulse=0.000;Ground_80_320:(0.000, 1.000, -0.004) separation=0.1765 impulse=0.000;Ground_80_320:(0.000, 1.000, -0.004) separation=0.1785 impulse=0.000;Takeoff - 40m x 6m, 6.2m rise:(0.001, 0.999, -0.034) separation=0.0759 impulse=0.000;Takeoff - 40m x 6m, 6.2m rise:(0.001, 0.999, -0.034) separation=0.1327 impulse=0.000;Takeoff - 40m x 6m, 6.2m rise:(0.001, 0.999, -0.034) separation=0.0758 impulse=0.000;Takeoff - 40m x 6m, 6.2m rise:(0.001, 0.999, -0.034) separation=0.1327 impulse=0.000;Takeoff - 40m x 6m, 6.2m rise:(0.001, 0.999, -0.034) separation=0.0849 impulse=0.000;Takeoff - 40m x 6m, 6.2m rise:(0.001, 0.999, -0.034) separation=0.0849 impulse=0.000;",0.103,0.000,0.017,35.794,0.000,1.000,4.352,-0.593,0.289,35.788,0.375,0.076
1.255,35.794,45.067,-629.248,8.357,-104.971,4,13.777,0.153,"Ground_80_320:(0.000, 1.000, -0.004) separation=0.1769 impulse=0.000;Ground_80_320:(0.000, 1.000, -0.004) separation=0.1869 impulse=0.000;Ground_80_320:(0.000, 1.000, -0.004) separation=0.1869 impulse=0.000;Ground_80_320:(0.000, 1.000, -0.004) separation=0.1769 impulse=0.000;Ground_80_320:(0.000, 1.000, -0.004) separation=0.1769 impulse=0.000;Ground_80_320:(0.000, 1.000, -0.004) separation=0.1785 impulse=0.000;Takeoff - 40m x 6m, 6.2m rise:(0.001, 0.999, -0.039) separation=0.0525 impulse=0.000;Takeoff - 40m x 6m, 6.2m rise:(0.001, 0.999, -0.039) separation=0.1182 impulse=0.000;Takeoff - 40m x 6m, 6.2m rise:(0.001, 0.999, -0.039) separation=0.0525 impulse=0.000;Takeoff - 40m x 6m, 6.2m rise:(0.001, 0.999, -0.039) separation=0.1182 impulse=0.000;Takeoff - 40m x 6m, 6.2m rise:(0.001, 0.999, -0.039) separation=0.0554 impulse=0.000;Takeoff - 40m x 6m, 6.2m rise:(0.001, 0.999, -0.039) separation=0.0574 impulse=0.000;",0.103,0.000,-0.021,35.794,0.000,1.000,5.067,-0.590,0.369,35.787,-0.457,0.092
1.275,35.793,45.783,-629.259,8.366,-104.256,4,15.053,0.065,"Ground_80_320:(0.000, 1.000, -0.004) separation=0.1797 impulse=0.000;Ground_80_320:(0.000, 1.000, -0.004) separation=0.1938 impulse=0.000;Ground_80_320:(0.000, 1.000, -0.004) separation=0.1939 impulse=0.000;Ground_80_320:(0.000, 1.000, -0.004) separation=0.1797 impulse=0.000;Ground_80_320:(0.000, 1.000, -0.004) separation=0.1802 impulse=0.000;Ground_80_320:(0.000, 1.000, -0.004) separation=0.1803 impulse=0.000;Takeoff - 40m x 6m, 6.2m rise:(0.001, 0.999, -0.044) separation=0.0268 impulse=0.000;Takeoff - 40m x 6m, 6.2m rise:(0.001, 0.999, -0.044) separation=0.1012 impulse=0.000;Takeoff - 40m x 6m, 6.2m rise:(0.001, 0.999, -0.044) separation=0.0268 impulse=0.000;Takeoff - 40m x 6m, 6.2m rise:(0.001, 0.999, -0.044) separation=0.1012 impulse=0.000;Takeoff - 40m x 6m, 6.2m rise:(0.001, 0.999, -0.044) separation=0.0351 impulse=0.000;Takeoff - 40m x 6m, 6.2m rise:(0.001, 0.999, -0.044) separation=0.0352 impulse=0.000;Takeoff - 40m x 6m, 6.2m rise:(0.001, 0.998, -0.056) separation=0.0780 impulse=0.000;Takeoff - 40m x 6m, 6.2m rise:(0.001, 0.998, -0.056) separation=0.0780 impulse=0.000;Takeoff - 40m x 6m, 6.2m rise:(0.001, 0.998, -0.056) separation=0.0780 impulse=0.000;Takeoff - 40m x 6m, 6.2m rise:(0.001, 0.998, -0.056) separation=0.0780 impulse=0.000;",0.103,0.000,-0.025,35.793,0.000,1.000,5.782,-0.588,0.474,35.785,-0.562,0.120
1.295,35.714,46.492,-629.271,8.385,-103.546,4,16.351,0.013,"Ground_80_320:(0.000, 1.000, -0.004) separation=0.1841 impulse=0.000;Ground_80_320:(0.000, 1.000, -0.004) separation=0.2033 impulse=0.000;Ground_80_320:(0.000, 1.000, -0.004) separation=0.2033 impulse=0.000;Ground_80_320:(0.000, 1.000, -0.004) separation=0.1841 impulse=0.000;Ground_80_320:(0.000, 1.000, -0.004) separation=0.1866 impulse=0.000;Ground_80_320:(0.000, 1.000, -0.004) separation=0.1923 impulse=0.000;Takeoff - 40m x 6m, 6.2m rise:(0.001, 0.999, -0.051) separation=0.0001 impulse=74.897;Takeoff - 40m x 6m, 6.2m rise:(0.001, 0.999, -0.051) separation=0.0817 impulse=74.897;Takeoff - 40m x 6m, 6.2m rise:(0.001, 0.999, -0.051) separation=0.0001 impulse=74.897;Takeoff - 40m x 6m, 6.2m rise:(0.001, 0.999, -0.051) separation=0.0817 impulse=74.897;Takeoff - 40m x 6m, 6.2m rise:(0.001, 0.999, -0.051) separation=0.0005 impulse=74.897;Takeoff - 40m x 6m, 6.2m rise:(0.001, 0.999, -0.051) separation=0.0029 impulse=74.897;Takeoff - 40m x 6m, 6.2m rise:(0.001, 0.998, -0.060) separation=0.0504 impulse=74.897;Takeoff - 40m x 6m, 6.2m rise:(0.001, 0.998, -0.060) separation=0.0504 impulse=74.897;Takeoff - 40m x 6m, 6.2m rise:(0.001, 0.998, -0.060) separation=0.0504 impulse=74.897;Takeoff - 40m x 6m, 6.2m rise:(0.001, 0.998, -0.060) separation=0.0504 impulse=74.897;",0.104,0.000,0.031,35.714,0.000,1.000,6.492,-0.596,0.942,35.697,0.691,0.772
1.315,35.687,47.200,-629.284,8.410,-102.838,4,18.176,4.132,"Ground_80_320:(0.000, 1.000, -0.004) separation=0.1832 impulse=0.000;Ground_80_320:(0.000, 1.000, -0.004) separation=0.2370 impulse=0.000;Ground_80_320:(0.000, 1.000, -0.004) separation=0.2371 impulse=0.000;Ground_80_320:(0.000, 1.000, -0.004) separation=0.1830 impulse=0.000;Ground_80_320:(0.000, 1.000, -0.004) separation=0.1831 impulse=0.000;Ground_80_320:(0.000, 1.000, -0.004) separation=0.1891 impulse=0.000;Takeoff - 40m x 6m, 6.2m rise:(0.001, 0.998, -0.057) separation=-0.0064 impulse=26.441;Takeoff - 40m x 6m, 6.2m rise:(0.001, 0.998, -0.057) separation=0.0527 impulse=26.441;Takeoff - 40m x 6m, 6.2m rise:(0.001, 0.998, -0.057) separation=-0.0066 impulse=26.441;Takeoff - 40m x 6m, 6.2m rise:(0.001, 0.998, -0.057) separation=0.0529 impulse=26.441;Takeoff - 40m x 6m, 6.2m rise:(0.001, 0.998, -0.057) separation=-0.0020 impulse=26.441;Takeoff - 40m x 6m, 6.2m rise:(0.001, 0.998, -0.057) separation=-0.0018 impulse=26.441;Takeoff - 40m x 6m, 6.2m rise:(0.001, 0.998, -0.067) separation=0.0448 impulse=26.441;Takeoff - 40m x 6m, 6.2m rise:(0.001, 0.998, -0.067) separation=0.0448 impulse=26.441;Takeoff - 40m x 6m, 6.2m rise:(0.001, 0.998, -0.067) separation=0.0448 impulse=26.441;",0.143,0.000,0.071,35.689,0.000,0.999,7.200,-0.622,1.228,35.662,1.577,0.847
1.335,35.618,47.908,-629.296,8.447,-102.130,4,22.119,4.817,"Ground_80_320:(0.000, 1.000, -0.004) separation=0.1853 impulse=0.000;Ground_80_320:(0.000, 1.000, -0.004) separation=0.2805 impulse=0.000;Ground_80_320:(0.000, 1.000, -0.004) separation=0.2807 impulse=0.000;Ground_80_320:(0.000, 1.000, -0.004) separation=0.1851 impulse=0.000;Ground_80_320:(0.000, 1.000, -0.004) separation=0.2231 impulse=0.000;Ground_80_320:(0.000, 1.000, -0.004) separation=0.2518 impulse=0.000;Takeoff - 40m x 6m, 6.2m rise:(0.001, 0.998, -0.062) separation=-0.0070 impulse=69.630;Takeoff - 40m x 6m, 6.2m rise:(0.001, 0.998, -0.062) separation=0.0231 impulse=69.630;Takeoff - 40m x 6m, 6.2m rise:(0.001, 0.998, -0.062) separation=-0.0072 impulse=69.630;Takeoff - 40m x 6m, 6.2m rise:(0.001, 0.998, -0.062) separation=0.0233 impulse=69.630;Takeoff - 40m x 6m, 6.2m rise:(0.001, 0.998, -0.062) separation=0.0001 impulse=69.630;Takeoff - 40m x 6m, 6.2m rise:(0.001, 0.998, -0.062) separation=0.0001 impulse=69.630;Takeoff - 40m x 6m, 6.2m rise:(0.001, 0.997, -0.075) separation=0.0459 impulse=69.630;Takeoff - 40m x 6m, 6.2m rise:(0.001, 0.997, -0.075) separation=0.0459 impulse=69.630;Takeoff - 40m x 6m, 6.2m rise:(0.001, 0.997, -0.075) separation=0.0434 impulse=69.630;Takeoff - 40m x 6m, 6.2m rise:(0.001, 0.997, -0.075) separation=0.0434 impulse=69.630;Takeoff - 40m x 6m, 6.2m rise:(0.001, 0.997, -0.075) separation=0.0434 impulse=69.630;Takeoff - 40m x 6m, 6.2m rise:(0.001, 0.997, -0.075) separation=0.0434 impulse=69.630;",0.157,0.000,-0.118,35.619,0.000,0.998,7.908,-0.616,1.787,35.569,-2.632,0.484
1.355,35.575,48.616,-629.308,8.495,-101.423,4,21.144,2.740,"Ground_80_320:(0.000, 1.000, -0.004) separation=0.2081 impulse=0.000;Ground_80_320:(0.000, 1.000, -0.004) separation=0.3276 impulse=0.000;Ground_80_320:(0.000, 1.000, -0.004) separation=0.3277 impulse=0.000;Ground_80_320:(0.000, 1.000, -0.004) separation=0.2080 impulse=0.000;Ground_80_320:(0.000, 1.000, -0.004) separation=0.2177 impulse=0.000;Ground_80_320:(0.000, 1.000, -0.004) separation=0.2536 impulse=0.000;Takeoff - 40m x 6m, 6.2m rise:(0.001, 0.998, -0.068) separation=-0.0078 impulse=49.065;Takeoff - 40m x 6m, 6.2m rise:(0.001, 0.998, -0.068) separation=0.0103 impulse=49.065;Takeoff - 40m x 6m, 6.2m rise:(0.001, 0.998, -0.068) separation=-0.0079 impulse=49.065;Takeoff - 40m x 6m, 6.2m rise:(0.001, 0.998, -0.068) separation=0.0104 impulse=49.065;Takeoff - 40m x 6m, 6.2m rise:(0.001, 0.998, -0.068) separation=-0.0070 impulse=49.065;Takeoff - 40m x 6m, 6.2m rise:(0.001, 0.998, -0.068) separation=-0.0070 impulse=49.065;Takeoff - 40m x 6m, 6.2m rise:(0.001, 0.997, -0.079) separation=0.0438 impulse=49.065;Takeoff - 40m x 6m, 6.2m rise:(0.001, 0.997, -0.079) separation=0.0438 impulse=49.065;",0.191,0.000,-0.146,35.575,0.000,0.998,8.616,-0.608,2.233,35.500,-3.251,0.224
1.375,35.577,49.323,-629.320,8.546,-100.716,4,19.442,1.089,"Ground_80_320:(0.000, 1.000, -0.004) separation=0.2456 impulse=0.000;Ground_80_320:(0.000, 1.000, -0.004) separation=0.3798 impulse=0.000;Ground_80_320:(0.000, 1.000, -0.004) separation=0.3799 impulse=0.000;Ground_80_320:(0.000, 1.000, -0.004) separation=0.2455 impulse=0.000;Ground_80_320:(0.000, 1.000, -0.004) separation=0.2456 impulse=0.000;Ground_80_320:(0.000, 1.000, -0.004) separation=0.2542 impulse=0.000;Takeoff - 40m x 6m, 6.2m rise:(0.001, 0.997, -0.073) separation=-0.0075 impulse=3.471;Takeoff - 40m x 6m, 6.2m rise:(0.001, 0.997, -0.073) separation=0.0086 impulse=3.471;Takeoff - 40m x 6m, 6.2m rise:(0.001, 0.997, -0.073) separation=-0.0076 impulse=3.471;Takeoff - 40m x 6m, 6.2m rise:(0.001, 0.997, -0.073) separation=0.0087 impulse=3.471;Takeoff - 40m x 6m, 6.2m rise:(0.001, 0.997, -0.073) separation=-0.0035 impulse=3.471;Takeoff - 40m x 6m, 6.2m rise:(0.001, 0.997, -0.073) separation=-0.0035 impulse=3.471;Takeoff - 40m x 6m, 6.2m rise:(0.001, 0.997, -0.083) separation=0.0433 impulse=3.471;Takeoff - 40m x 6m, 6.2m rise:(0.001, 0.997, -0.083) separation=0.0433 impulse=3.471;Takeoff - 40m x 6m, 6.2m rise:(0.001, 0.997, -0.083) separation=0.0433 impulse=3.471;Takeoff - 40m x 6m, 6.2m rise:(0.001, 0.997, -0.083) separation=0.0433 impulse=3.471;",0.213,0.000,0.163,35.577,0.000,0.998,9.323,-0.606,2.442,35.488,3.624,0.182
1.395,35.581,50.031,-629.332,8.601,-100.008,4,19.436,0.909,"Ground_80_320:(0.000, 1.000, -0.004) separation=0.2881 impulse=0.000;Ground_80_320:(0.000, 1.000, -0.004) separation=0.4354 impulse=0.000;Ground_80_320:(0.000, 1.000, -0.004) separation=0.4354 impulse=0.000;Ground_80_320:(0.000, 1.000, -0.004) separation=0.2881 impulse=0.000;Ground_80_320:(0.000, 1.000, -0.004) separation=0.3404 impulse=0.000;Ground_80_320:(0.000, 1.000, -0.004) separation=0.3845 impulse=0.000;Takeoff - 40m x 6m, 6.2m rise:(0.001, 0.997, -0.078) separation=-0.0074 impulse=0.000;Takeoff - 40m x 6m, 6.2m rise:(0.001, 0.997, -0.078) separation=0.0077 impulse=0.000;Takeoff - 40m x 6m, 6.2m rise:(0.001, 0.997, -0.078) separation=-0.0074 impulse=0.000;Takeoff - 40m x 6m, 6.2m rise:(0.001, 0.997, -0.078) separation=0.0077 impulse=0.000;Takeoff - 40m x 6m, 6.2m rise:(0.001, 0.997, -0.078) separation=-0.0065 impulse=0.000;Takeoff - 40m x 6m, 6.2m rise:(0.001, 0.997, -0.078) separation=-0.0058 impulse=0.000;Takeoff - 40m x 6m, 6.2m rise:(0.001, 0.996, -0.090) separation=0.0447 impulse=0.000;Takeoff - 40m x 6m, 6.2m rise:(0.001, 0.996, -0.090) separation=0.0447 impulse=0.000;Takeoff - 40m x 6m, 6.2m rise:(0.001, 0.996, -0.090) separation=0.0427 impulse=0.000;Takeoff - 40m x 6m, 6.2m rise:(0.001, 0.996, -0.090) separation=0.0427 impulse=0.000;Takeoff - 40m x 6m, 6.2m rise:(0.001, 0.996, -0.090) separation=0.0427 impulse=0.000;Takeoff - 40m x 6m, 6.2m rise:(0.001, 0.996, -0.090) separation=0.0427 impulse=0.000;",0.211,0.000,0.178,35.582,0.000,0.997,10.031,-0.606,2.635,35.479,3.954,0.327
1.415,35.578,50.738,-629.343,8.661,-99.301,4,19.480,0.756,"Ground_80_320:(0.000, 1.000, -0.004) separation=0.3348 impulse=0.000;Ground_80_320:(0.000, 1.000, -0.004) separation=0.4939 impulse=0.000;Ground_80_320:(0.000, 1.000, -0.004) separation=0.4941 impulse=0.000;Ground_80_320:(0.000, 1.000, -0.004) separation=0.3345 impulse=0.000;Ground_80_320:(0.000, 1.000, -0.004) separation=0.3412 impulse=0.000;Ground_80_320:(0.000, 1.000, -0.004) separation=0.3887 impulse=0.000;Takeoff - 40m x 6m, 6.2m rise:(0.001, 0.996, -0.084) separation=-0.0085 impulse=7.098;Takeoff - 40m x 6m, 6.2m rise:(0.001, 0.996, -0.084) separation=0.0072 impulse=7.098;Takeoff - 40m x 6m, 6.2m rise:(0.001, 0.996, -0.084) separation=-0.0084 impulse=7.098;Takeoff - 40m x 6m, 6.2m rise:(0.001, 0.996, -0.084) separation=0.0072 impulse=7.098;Takeoff - 40m x 6m, 6.2m rise:(0.001, 0.996, -0.084) separation=-0.0056 impulse=7.098;Takeoff - 40m x 6m, 6.2m rise:(0.001, 0.996, -0.084) separation=-0.0056 impulse=7.098;Takeoff - 40m x 6m, 6.2m rise:(0.002, 0.996, -0.094) separation=0.0428 impulse=7.098;Takeoff - 40m x 6m, 6.2m rise:(0.002, 0.996, -0.094) separation=0.0428 impulse=7.098;Takeoff - 40m x 6m, 6.2m rise:(0.002, 0.996, -0.094) separation=0.0428 impulse=7.098;Takeoff - 40m x 6m, 6.2m rise:(0.002, 0.996, -0.094) separation=0.0428 impulse=7.098;",0.209,0.000,-0.192,35.578,0.000,0.997,10.738,-0.568,2.860,35.458,-4.270,0.193
1.435,35.580,51.444,-629.354,8.724,-98.595,4,19.210,0.772,"Ground_80_320:(0.000, 1.000, -0.004) separation=0.3863 impulse=0.000;Ground_80_320:(0.000, 1.000, -0.004) separation=0.5578 impulse=0.000;Ground_80_320:(0.000, 1.000, -0.004) separation=0.5581 impulse=0.000;Ground_80_320:(0.000, 1.000, -0.004) separation=0.3860 impulse=0.000;Ground_80_320:(0.000, 1.000, -0.004) separation=0.3862 impulse=0.000;Ground_80_320:(0.000, 1.000, -0.004) separation=0.3904 impulse=0.000;Takeoff - 40m x 6m, 6.2m rise:(0.001, 0.996, -0.089) separation=-0.0078 impulse=0.000;Takeoff - 40m x 6m, 6.2m rise:(0.001, 0.996, -0.089) separation=0.0075 impulse=0.000;Takeoff - 40m x 6m, 6.2m rise:(0.001, 0.996, -0.089) separation=-0.0077 impulse=0.000;Takeoff - 40m x 6m, 6.2m rise:(0.001, 0.996, -0.089) separation=0.0075 impulse=0.000;Takeoff - 40m x 6m, 6.2m rise:(0.001, 0.996, -0.089) separation=-0.0078 impulse=0.000;Takeoff - 40m x 6m, 6.2m rise:(0.001, 0.996, -0.089) separation=-0.0072 impulse=0.000;Takeoff - 40m x 6m, 6.2m rise:(0.002, 0.995, -0.098) separation=0.0427 impulse=0.000;Takeoff - 40m x 6m, 6.2m rise:(0.002, 0.995, -0.098) separation=0.0427 impulse=0.000;Takeoff - 40m x 6m, 6.2m rise:(0.002, 0.995, -0.098) separation=0.0427 impulse=0.000;Takeoff - 40m x 6m, 6.2m rise:(0.002, 0.995, -0.098) separation=0.0427 impulse=0.000;Takeoff - 40m x 6m, 6.2m rise:(0.002, 0.995, -0.098) separation=0.0450 impulse=0.000;Takeoff - 40m x 6m, 6.2m rise:(0.002, 0.995, -0.098) separation=0.0450 impulse=0.000;",0.211,0.000,-0.206,35.580,0.000,0.996,11.444,-0.532,3.048,35.445,-4.591,0.235
1.455,35.579,52.151,-629.364,8.792,-97.889,4,19.254,0.609,"Ground_80_320:(0.000, 1.000, -0.004) separation=0.4411 impulse=0.000;Ground_80_320:(0.000, 1.000, -0.004) separation=0.6249 impulse=0.000;Ground_80_320:(0.000, 1.000, -0.004) separation=0.6251 impulse=0.000;Ground_80_320:(0.000, 1.000, -0.004) separation=0.4410 impulse=0.000;Ground_80_320:(0.000, 1.000, -0.004) separation=0.4986 impulse=0.000;Ground_80_320:(0.000, 1.000, -0.004) separation=0.5537 impulse=0.000;Takeoff - 40m x 6m, 6.2m rise:(0.002, 0.995, -0.095) separation=-0.0078 impulse=1.880;Takeoff - 40m x 6m, 6.2m rise:(0.002, 0.995, -0.095) separation=0.0074 impulse=1.880;Takeoff - 40m x 6m, 6.2m rise:(0.002, 0.995, -0.095) separation=-0.0078 impulse=1.880;Takeoff - 40m x 6m, 6.2m rise:(0.002, 0.995, -0.095) separation=0.0075 impulse=1.880;Takeoff - 40m x 6m, 6.2m rise:(0.002, 0.995, -0.095) separation=-0.0063 impulse=1.880;Takeoff - 40m x 6m, 6.2m rise:(0.002, 0.995, -0.095) separation=-0.0063 impulse=1.880;Takeoff - 40m x 6m, 6.2m rise:(0.002, 0.994, -0.106) separation=0.0437 impulse=1.880;Takeoff - 40m x 6m, 6.2m rise:(0.002, 0.994, -0.106) separation=0.0437 impulse=1.880;",0.210,0.000,-0.220,35.580,0.000,0.996,12.151,-0.524,3.246,35.427,-4.894,0.482
1.475,35.570,52.857,-629.376,8.863,-97.183,4,19.195,0.594,"Ground_80_320:(0.000, 1.000, -0.004) separation=0.4999 impulse=0.000;Ground_80_320:(0.000, 1.000, -0.004) separation=0.6963 impulse=0.000;Ground_80_320:(0.000, 1.000, -0.004) separation=0.6961 impulse=0.000;Ground_80_320:(0.000, 1.000, -0.004) separation=0.5002 impulse=0.000;Ground_80_320:(0.000, 1.000, -0.004) separation=0.5002 impulse=0.000;Ground_80_320:(0.000, 1.000, -0.004) separation=0.5579 impulse=0.000;Takeoff - 40m x 6m, 6.2m rise:(0.002, 0.995, -0.101) separation=-0.0077 impulse=7.567;Takeoff - 40m x 6m, 6.2m rise:(0.002, 0.995, -0.101) separation=0.0077 impulse=7.567;Takeoff - 40m x 6m, 6.2m rise:(0.002, 0.995, -0.101) separation=-0.0078 impulse=7.567;Takeoff - 40m x 6m, 6.2m rise:(0.002, 0.995, -0.101) separation=0.0078 impulse=7.567;Takeoff - 40m x 6m, 6.2m rise:(0.002, 0.995, -0.101) separation=-0.0032 impulse=7.567;Takeoff - 40m x 6m, 6.2m rise:(0.002, 0.995, -0.101) separation=-0.0031 impulse=7.567;Takeoff - 40m x 6m, 6.2m rise:(0.002, 0.994, -0.113) separation=0.0457 impulse=7.567;Takeoff - 40m x 6m, 6.2m rise:(0.002, 0.994, -0.113) separation=0.0430 impulse=7.567;Takeoff - 40m x 6m, 6.2m rise:(0.002, 0.994, -0.113) separation=0.0457 impulse=7.567;Takeoff - 40m x 6m, 6.2m rise:(0.002, 0.994, -0.113) separation=0.0430 impulse=7.567;Takeoff - 40m x 6m, 6.2m rise:(0.002, 0.994, -0.113) separation=0.0430 impulse=7.567;Takeoff - 40m x 6m, 6.2m rise:(0.002, 0.994, -0.113) separation=0.0430 impulse=7.567;",0.211,0.000,0.235,35.572,0.000,0.995,12.857,-0.581,3.467,35.398,5.213,0.353
1.495,35.569,53.562,-629.389,8.939,-96.478,4,18.970,0.788,"Ground_80_320:(0.000, 1.000, -0.004) separation=0.5882 impulse=0.000;Ground_80_320:(0.000, 1.000, -0.004) separation=0.5872 impulse=0.000;Ground_80_320:(0.000, 1.000, -0.004) separation=0.6856 impulse=0.000;Ground_80_320:(0.000, 1.000, -0.004) separation=0.5626 impulse=0.000;Ground_80_320:(0.000, 1.000, -0.004) separation=0.5632 impulse=0.000;Takeoff - 40m x 6m, 6.2m rise:(0.002, 0.994, -0.107) separation=-0.0071 impulse=1.909;Takeoff - 40m x 6m, 6.2m rise:(0.002, 0.994, -0.107) separation=0.0078 impulse=1.909;Takeoff - 40m x 6m, 6.2m rise:(0.002, 0.994, -0.107) separation=-0.0072 impulse=1.909;Takeoff - 40m x 6m, 6.2m rise:(0.002, 0.994, -0.107) separation=0.0078 impulse=1.909;Takeoff - 40m x 6m, 6.2m rise:(0.002, 0.994, -0.107) separation=-0.0070 impulse=1.909;Takeoff - 40m x 6m, 6.2m rise:(0.002, 0.994, -0.107) separation=-0.0070 impulse=1.909;Takeoff - 40m x 6m, 6.2m rise:(0.002, 0.993, -0.117) separation=0.0446 impulse=1.909;Takeoff - 40m x 6m, 6.2m rise:(0.002, 0.993, -0.117) separation=0.0446 impulse=1.909;",0.215,0.000,0.250,35.570,0.000,0.995,13.562,-0.667,3.659,35.375,5.554,0.175
1.515,35.568,54.267,-629.404,9.017,-95.772,4,18.895,0.750,"Ground_80_320:(0.000, 1.000, -0.004) separation=0.6299 impulse=0.000;Ground_80_320:(0.000, 1.000, -0.004) separation=0.6306 impulse=0.000;Ground_80_320:(0.000, 1.000, -0.004) separation=0.6897 impulse=0.000;Takeoff - 40m x 6m, 6.2m rise:(0.002, 0.994, -0.110) separation=-0.0067 impulse=0.000;Takeoff - 40m x 6m, 6.2m rise:(0.002, 0.994, -0.110) separation=0.0088 impulse=0.000;Takeoff - 40m x 6m, 6.2m rise:(0.002, 0.994, -0.110) separation=-0.0069 impulse=0.000;Takeoff - 40m x 6m, 6.2m rise:(0.002, 0.994, -0.110) separation=0.0088 impulse=0.000;Takeoff - 40m x 6m, 6.2m rise:(0.002, 0.994, -0.110) separation=-0.0034 impulse=0.000;Takeoff - 40m x 6m, 6.2m rise:(0.002, 0.994, -0.110) separation=-0.0034 impulse=0.000;Takeoff - 40m x 6m, 6.2m rise:(0.002, 0.993, -0.121) separation=0.0442 impulse=0.000;Takeoff - 40m x 6m, 6.2m rise:(0.002, 0.993, -0.121) separation=0.0442 impulse=0.000;Takeoff - 40m x 6m, 6.2m rise:(0.002, 0.993, -0.121) separation=0.0442 impulse=0.000;Takeoff - 40m x 6m, 6.2m rise:(0.002, 0.993, -0.121) separation=0.0442 impulse=0.000;Takeoff - 40m x 6m, 6.2m rise:(0.002, 0.993, -0.121) separation=0.0442 impulse=0.000;Takeoff - 40m x 6m, 6.2m rise:(0.002, 0.993, -0.121) separation=0.0442 impulse=0.000;",0.216,0.000,0.264,35.568,0.000,0.994,14.267,-0.728,3.841,35.353,5.853,0.444
1.535,35.563,54.972,-629.418,9.099,-95.068,4,18.885,0.592,"Ground_80_320:(0.000, 1.000, -0.004) separation=0.7003 impulse=0.000;Ground_80_320:(0.000, 1.000, -0.004) separation=0.7004 impulse=0.000;Ground_80_320:(0.000, 1.000, -0.004) separation=0.7005 impulse=0.000;Takeoff - 40m x 6m, 6.2m rise:(0.002, 0.993, -0.116) separation=-0.0079 impulse=0.000;Takeoff - 40m x 6m, 6.2m rise:(0.002, 0.993, -0.116) separation=0.0084 impulse=0.000;Takeoff - 40m x 6m, 6.2m rise:(0.002, 0.993, -0.116) separation=-0.0080 impulse=0.000;Takeoff - 40m x 6m, 6.2m rise:(0.002, 0.993, -0.116) separation=0.0084 impulse=0.000;Takeoff - 40m x 6m, 6.2m rise:(0.002, 0.993, -0.116) separation=-0.0077 impulse=0.000;Takeoff - 40m x 6m, 6.2m rise:(0.002, 0.993, -0.116) separation=-0.0069 impulse=0.000;Takeoff - 40m x 6m, 6.2m rise:(0.002, 0.992, -0.128) separation=0.0445 impulse=0.000;Takeoff - 40m x 6m, 6.2m rise:(0.002, 0.992, -0.128) separation=0.0445 impulse=0.000;Takeoff - 40m x 6m, 6.2m rise:(0.002, 0.992, -0.128) separation=0.0423 impulse=0.000;Takeoff - 40m x 6m, 6.2m rise:(0.002, 0.992, -0.128) separation=0.0423 impulse=0.000;Takeoff - 40m x 6m, 6.2m rise:(0.002, 0.992, -0.128) separation=0.0423 impulse=0.000;Takeoff - 40m x 6m, 6.2m rise:(0.002, 0.992, -0.128) separation=0.0423 impulse=0.000;",0.216,0.000,0.275,35.566,0.000,0.994,14.972,-0.714,4.022,35.331,6.109,0.691
1.555,35.553,55.676,-629.430,9.185,-94.364,4,19.071,0.489,"Takeoff - 40m x 6m, 6.2m rise:(0.002, 0.993, -0.121) separation=-0.0081 impulse=1.543;Takeoff - 40m x 6m, 6.2m rise:(0.002, 0.993, -0.121) separation=0.0077 impulse=1.543;Takeoff - 40m x 6m, 6.2m rise:(0.002, 0.993, -0.121) separation=-0.0081 impulse=1.543;Takeoff - 40m x 6m, 6.2m rise:(0.002, 0.993, -0.121) separation=0.0078 impulse=1.543;Takeoff - 40m x 6m, 6.2m rise:(0.002, 0.993, -0.121) separation=-0.0060 impulse=1.543;Takeoff - 40m x 6m, 6.2m rise:(0.002, 0.993, -0.121) separation=-0.0060 impulse=1.543;Takeoff - 40m x 6m, 6.2m rise:(0.002, 0.991, -0.132) separation=0.0433 impulse=1.543;Takeoff - 40m x 6m, 6.2m rise:(0.002, 0.991, -0.132) separation=0.0433 impulse=1.543;Takeoff - 40m x 6m, 6.2m rise:(0.002, 0.991, -0.132) separation=0.0433 impulse=1.543;",0.219,0.000,-0.290,35.561,0.000,0.993,15.676,-0.603,4.214,35.305,-6.460,0.587
1.575,35.542,56.379,-629.439,9.276,-93.661,4,19.114,0.504,"Takeoff - 40m x 6m, 6.2m rise:(0.002, 0.992, -0.127) separation=-0.0079 impulse=7.329;Takeoff - 40m x 6m, 6.2m rise:(0.002, 0.992, -0.127) separation=0.0074 impulse=7.329;Takeoff - 40m x 6m, 6.2m rise:(0.002, 0.992, -0.127) separation=-0.0078 impulse=7.329;Takeoff - 40m x 6m, 6.2m rise:(0.002, 0.992, -0.127) separation=0.0076 impulse=7.329;Takeoff - 40m x 6m, 6.2m rise:(0.002, 0.992, -0.127) separation=-0.0030 impulse=7.329;Takeoff - 40m x 6m, 6.2m rise:(0.002, 0.992, -0.127) separation=-0.0028 impulse=7.329;Takeoff - 40m x 6m, 6.2m rise:(0.002, 0.991, -0.136) separation=0.0428 impulse=7.329;Takeoff - 40m x 6m, 6.2m rise:(0.002, 0.991, -0.136) separation=0.0428 impulse=7.329;Takeoff - 40m x 6m, 6.2m rise:(0.002, 0.991, -0.136) separation=0.0428 impulse=7.329;Takeoff - 40m x 6m, 6.2m rise:(0.002, 0.991, -0.136) separation=0.0428 impulse=7.329;Takeoff - 40m x 6m, 6.2m rise:(0.002, 0.991, -0.136) separation=0.0428 impulse=7.329;Takeoff - 40m x 6m, 6.2m rise:(0.002, 0.991, -0.136) separation=0.0428 impulse=7.329;",0.224,0.000,-0.308,35.548,0.000,0.992,16.379,-0.434,4.431,35.268,-6.859,0.194
1.595,35.540,57.082,-629.444,9.370,-92.958,4,18.882,0.681,"Takeoff - 40m x 6m, 6.2m rise:(0.002, 0.991, -0.133) separation=-0.0074 impulse=0.000;Takeoff - 40m x 6m, 6.2m rise:(0.002, 0.991, -0.133) separation=0.0076 impulse=0.000;Takeoff - 40m x 6m, 6.2m rise:(0.002, 0.991, -0.133) separation=-0.0073 impulse=0.000;Takeoff - 40m x 6m, 6.2m rise:(0.002, 0.991, -0.133) separation=0.0078 impulse=0.000;Takeoff - 40m x 6m, 6.2m rise:(0.002, 0.991, -0.133) separation=-0.0068 impulse=0.000;Takeoff - 40m x 6m, 6.2m rise:(0.002, 0.991, -0.133) separation=-0.0068 impulse=0.000;Takeoff - 40m x 6m, 6.2m rise:(0.002, 0.990, -0.143) separation=0.0443 impulse=0.000;Takeoff - 40m x 6m, 6.2m rise:(0.002, 0.990, -0.143) separation=0.0443 impulse=0.000;",0.229,0.000,-0.323,35.542,0.000,0.992,17.082,-0.288,4.612,35.241,-7.184,0.268
1.615,35.536,57.784,-629.448,9.467,-92.256,4,18.904,0.574,"Takeoff - 40m x 6m, 6.2m rise:(0.002, 0.990, -0.138) separation=-0.0073 impulse=1.412;Takeoff - 40m x 6m, 6.2m rise:(0.002, 0.990, -0.138) separation=0.0081 impulse=1.412;Takeoff - 40m x 6m, 6.2m rise:(0.002, 0.990, -0.138) separation=-0.0073 impulse=1.412;Takeoff - 40m x 6m, 6.2m rise:(0.002, 0.990, -0.138) separation=0.0083 impulse=1.412;Takeoff - 40m x 6m, 6.2m rise:(0.002, 0.990, -0.138) separation=-0.0037 impulse=1.412;Takeoff - 40m x 6m, 6.2m rise:(0.002, 0.990, -0.138) separation=-0.0037 impulse=1.412;Takeoff - 40m x 6m, 6.2m rise:(0.002, 0.989, -0.147) separation=0.0436 impulse=1.412;Takeoff - 40m x 6m, 6.2m rise:(0.002, 0.989, -0.147) separation=0.0436 impulse=1.412;Takeoff - 40m x 6m, 6.2m rise:(0.002, 0.989, -0.147) separation=0.0436 impulse=1.412;Takeoff - 40m x 6m, 6.2m rise:(0.002, 0.989, -0.147) separation=0.0436 impulse=1.412;Takeoff - 40m x 6m, 6.2m rise:(0.002, 0.989, -0.147) separation=0.0436 impulse=1.412;Takeoff - 40m x 6m, 6.2m rise:(0.002, 0.989, -0.147) separation=0.0436 impulse=1.412;",0.230,0.000,-0.335,35.536,0.000,0.991,17.784,-0.204,4.799,35.210,-7.448,0.547
1.635,35.527,58.485,-629.453,9.568,-91.554,4,18.935,0.498,"Takeoff - 40m x 6m, 6.2m rise:(0.002, 0.990, -0.142) separation=-0.0072 impulse=0.000;Takeoff - 40m x 6m, 6.2m rise:(0.002, 0.990, -0.142) separation=0.0077 impulse=0.000;Takeoff - 40m x 6m, 6.2m rise:(0.002, 0.990, -0.142) separation=-0.0072 impulse=0.000;Takeoff - 40m x 6m, 6.2m rise:(0.002, 0.990, -0.142) separation=0.0079 impulse=0.000;Takeoff - 40m x 6m, 6.2m rise:(0.002, 0.990, -0.142) separation=-0.0065 impulse=0.000;Takeoff - 40m x 6m, 6.2m rise:(0.002, 0.990, -0.142) separation=-0.0059 impulse=0.000;Takeoff - 40m x 6m, 6.2m rise:(0.003, 0.988, -0.155) separation=0.0451 impulse=0.000;Takeoff - 40m x 6m, 6.2m rise:(0.003, 0.988, -0.155) separation=0.0451 impulse=0.000;Takeoff - 40m x 6m, 6.2m rise:(0.003, 0.988, -0.155) separation=0.0430 impulse=0.000;Takeoff - 40m x 6m, 6.2m rise:(0.003, 0.988, -0.155) separation=0.0430 impulse=0.000;Takeoff - 40m x 6m, 6.2m rise:(0.003, 0.988, -0.155) separation=0.0430 impulse=0.000;Takeoff - 40m x 6m, 6.2m rise:(0.003, 0.988, -0.155) separation=0.0430 impulse=0.000;",0.232,0.000,-0.347,35.531,0.000,0.990,18.485,-0.216,4.982,35.180,-7.699,0.773
1.655,35.508,59.186,-629.460,9.674,-90.854,4,18.889,0.422,"Takeoff - 40m x 6m, 6.2m rise:(0.002, 0.989, -0.148) separation=-0.0080 impulse=4.139;Takeoff - 40m x 6m, 6.2m rise:(0.002, 0.989, -0.148) separation=0.0080 impulse=4.139;Takeoff - 40m x 6m, 6.2m rise:(0.002, 0.989, -0.148) separation=-0.0081 impulse=4.139;Takeoff - 40m x 6m, 6.2m rise:(0.002, 0.989, -0.148) separation=0.0081 impulse=4.139;Takeoff - 40m x 6m, 6.2m rise:(0.002, 0.989, -0.148) separation=-0.0057 impulse=4.139;Takeoff - 40m x 6m, 6.2m rise:(0.002, 0.989, -0.148) separation=-0.0056 impulse=4.139;Takeoff - 40m x 6m, 6.2m rise:(0.003, 0.987, -0.158) separation=0.0432 impulse=4.139;Takeoff - 40m x 6m, 6.2m rise:(0.003, 0.987, -0.158) separation=0.0432 impulse=4.139;Takeoff - 40m x 6m, 6.2m rise:(0.003, 0.987, -0.158) separation=0.0432 impulse=4.139;",0.237,0.000,0.357,35.521,0.000,0.990,19.186,-0.339,5.181,35.139,7.971,0.749
1.675,35.498,59.886,-629.470,9.782,-90.154,4,18.884,0.540,"Takeoff - 40m x 6m, 6.2m rise:(0.003, 0.988, -0.153) separation=-0.0073 impulse=0.000;Takeoff - 40m x 6m, 6.2m rise:(0.003, 0.988, -0.153) separation=0.0077 impulse=0.000;Takeoff - 40m x 6m, 6.2m rise:(0.003, 0.988, -0.153) separation=-0.0075 impulse=0.000;Takeoff - 40m x 6m, 6.2m rise:(0.003, 0.988, -0.153) separation=0.0077 impulse=0.000;Takeoff - 40m x 6m, 6.2m rise:(0.003, 0.988, -0.153) separation=-0.0075 impulse=0.000;Takeoff - 40m x 6m, 6.2m rise:(0.003, 0.988, -0.153) separation=-0.0074 impulse=0.000;Takeoff - 40m x 6m, 6.2m rise:(0.003, 0.986, -0.166) separation=0.0455 impulse=0.000;Takeoff - 40m x 6m, 6.2m rise:(0.003, 0.986, -0.166) separation=0.0455 impulse=0.000;Takeoff - 40m x 6m, 6.2m rise:(0.003, 0.986, -0.166) separation=0.0431 impulse=0.000;Takeoff - 40m x 6m, 6.2m rise:(0.003, 0.986, -0.166) separation=0.0431 impulse=0.000;Takeoff - 40m x 6m, 6.2m rise:(0.003, 0.986, -0.166) separation=0.0431 impulse=0.000;Takeoff - 40m x 6m, 6.2m rise:(0.003, 0.986, -0.166) separation=0.0431 impulse=0.000;",0.246,0.000,0.374,35.511,0.000,0.989,19.886,-0.544,5.361,35.100,8.368,0.397
1.695,35.491,60.585,-629.486,9.895,-89.455,4,18.921,0.429,"Takeoff - 40m x 6m, 6.2m rise:(0.003, 0.987, -0.159) separation=-0.0072 impulse=2.215;Takeoff - 40m x 6m, 6.2m rise:(0.003, 0.987, -0.159) separation=0.0078 impulse=2.215;Takeoff - 40m x 6m, 6.2m rise:(0.003, 0.987, -0.159) separation=-0.0074 impulse=2.215;Takeoff - 40m x 6m, 6.2m rise:(0.003, 0.987, -0.159) separation=0.0077 impulse=2.215;Takeoff - 40m x 6m, 6.2m rise:(0.003, 0.987, -0.159) separation=-0.0065 impulse=2.215;Takeoff - 40m x 6m, 6.2m rise:(0.003, 0.987, -0.159) separation=-0.0065 impulse=2.215;Takeoff - 40m x 6m, 6.2m rise:(0.003, 0.986, -0.170) separation=0.0442 impulse=2.215;Takeoff - 40m x 6m, 6.2m rise:(0.003, 0.986, -0.170) separation=0.0442 impulse=2.215;",0.251,0.000,0.390,35.499,0.000,0.988,20.585,-0.756,5.551,35.054,8.726,0.109
1.715,35.487,61.283,-629.504,10.011,-88.757,4,18.865,0.490,"Takeoff - 40m x 6m, 6.2m rise:(0.003, 0.986, -0.164) separation=-0.0072 impulse=2.098;Takeoff - 40m x 6m, 6.2m rise:(0.003, 0.986, -0.164) separation=0.0080 impulse=2.098;Takeoff - 40m x 6m, 6.2m rise:(0.003, 0.986, -0.164) separation=-0.0074 impulse=2.098;Takeoff - 40m x 6m, 6.2m rise:(0.003, 0.986, -0.164) separation=0.0080 impulse=2.098;Takeoff - 40m x 6m, 6.2m rise:(0.003, 0.986, -0.164) separation=-0.0035 impulse=2.098;Takeoff - 40m x 6m, 6.2m rise:(0.003, 0.986, -0.164) separation=-0.0035 impulse=2.098;Takeoff - 40m x 6m, 6.2m rise:(0.003, 0.985, -0.173) separation=0.0435 impulse=2.098;Takeoff - 40m x 6m, 6.2m rise:(0.003, 0.985, -0.173) separation=0.0435 impulse=2.098;Takeoff - 40m x 6m, 6.2m rise:(0.003, 0.985, -0.173) separation=0.0435 impulse=2.098;Takeoff - 40m x 6m, 6.2m rise:(0.003, 0.985, -0.173) separation=0.0435 impulse=2.098;Takeoff - 40m x 6m, 6.2m rise:(0.003, 0.985, -0.173) separation=0.0435 impulse=2.098;Takeoff - 40m x 6m, 6.2m rise:(0.003, 0.985, -0.173) separation=0.0435 impulse=2.098;",0.255,0.000,0.404,35.488,0.000,0.987,21.283,-0.922,5.740,35.009,9.026,0.394
1.735,35.481,61.981,-629.524,10.131,-88.059,4,18.792,0.430,"Takeoff - 40m x 6m, 6.2m rise:(0.003, 0.986, -0.168) separation=-0.0071 impulse=0.000;Takeoff - 40m x 6m, 6.2m rise:(0.003, 0.986, -0.168) separation=0.0080 impulse=0.000;Takeoff - 40m x 6m, 6.2m rise:(0.003, 0.986, -0.168) separation=-0.0072 impulse=0.000;Takeoff - 40m x 6m, 6.2m rise:(0.003, 0.986, -0.168) separation=0.0079 impulse=0.000;Takeoff - 40m x 6m, 6.2m rise:(0.003, 0.986, -0.168) separation=-0.0066 impulse=0.000;Takeoff - 40m x 6m, 6.2m rise:(0.003, 0.986, -0.168) separation=-0.0058 impulse=0.000;Takeoff - 40m x 6m, 6.2m rise:(0.003, 0.984, -0.181) separation=0.0450 impulse=0.000;Takeoff - 40m x 6m, 6.2m rise:(0.003, 0.984, -0.181) separation=0.0450 impulse=0.000;",0.257,0.000,0.416,35.482,0.000,0.986,21.981,-0.997,5.919,34.970,9.266,0.652
1.755,35.466,62.678,-629.543,10.254,-87.363,4,18.680,0.368,"Takeoff - 40m x 6m, 6.2m rise:(0.003, 0.985, -0.175) separation=-0.0080 impulse=2.439;Takeoff - 40m x 6m, 6.2m rise:(0.003, 0.985, -0.175) separation=0.0086 impulse=2.439;Takeoff - 40m x 6m, 6.2m rise:(0.003, 0.985, -0.175) separation=-0.0081 impulse=2.439;Takeoff - 40m x 6m, 6.2m rise:(0.003, 0.985, -0.175) separation=0.0086 impulse=2.439;Takeoff - 40m x 6m, 6.2m rise:(0.003, 0.985, -0.175) separation=-0.0056 impulse=2.439;Takeoff - 40m x 6m, 6.2m rise:(0.003, 0.985, -0.175) separation=-0.0056 impulse=2.439;Takeoff - 40m x 6m, 6.2m rise:(0.003, 0.983, -0.184) separation=0.0433 impulse=2.439;Takeoff - 40m x 6m, 6.2m rise:(0.003, 0.983, -0.184) separation=0.0433 impulse=2.439;Takeoff - 40m x 6m, 6.2m rise:(0.003, 0.983, -0.184) separation=0.0433 impulse=2.439;",0.259,0.000,0.426,35.473,0.000,0.985,22.678,-0.961,6.106,34.930,9.478,0.853
1.775,35.442,63.374,-629.559,10.382,-86.667,4,18.699,0.421,"Takeoff - 40m x 6m, 6.2m rise:(0.003, 0.984, -0.179) separation=-0.0073 impulse=3.017;Takeoff - 40m x 6m, 6.2m rise:(0.003, 0.984, -0.179) separation=0.0085 impulse=3.017;Takeoff - 40m x 6m, 6.2m rise:(0.003, 0.984, -0.179) separation=-0.0073 impulse=3.017;Takeoff - 40m x 6m, 6.2m rise:(0.003, 0.984, -0.179) separation=0.0086 impulse=3.017;Takeoff - 40m x 6m, 6.2m rise:(0.003, 0.984, -0.179) separation=-0.0023 impulse=3.017;Takeoff - 40m x 6m, 6.2m rise:(0.003, 0.984, -0.179) separation=-0.0022 impulse=3.017;Takeoff - 40m x 6m, 6.2m rise:(0.003, 0.982, -0.188) separation=0.0432 impulse=3.017;Takeoff - 40m x 6m, 6.2m rise:(0.003, 0.982, -0.188) separation=0.0432 impulse=3.017;Takeoff - 40m x 6m, 6.2m rise:(0.003, 0.982, -0.188) separation=0.0432 impulse=3.017;Takeoff - 40m x 6m, 6.2m rise:(0.003, 0.982, -0.188) separation=0.0432 impulse=3.017;Takeoff - 40m x 6m, 6.2m rise:(0.003, 0.982, -0.188) separation=0.0432 impulse=3.017;Takeoff - 40m x 6m, 6.2m rise:(0.003, 0.982, -0.188) separation=0.0432 impulse=3.017;",0.267,0.000,-0.441,35.461,0.000,0.985,23.373,-0.807,6.296,34.888,-9.801,0.923
1.795,35.421,64.068,-629.570,10.513,-85.973,4,18.589,0.449,"Takeoff - 40m x 6m, 6.2m rise:(0.003, 0.983, -0.186) separation=-0.0073 impulse=2.101;Takeoff - 40m x 6m, 6.2m rise:(0.003, 0.983, -0.186) separation=0.0087 impulse=2.101;Takeoff - 40m x 6m, 6.2m rise:(0.003, 0.983, -0.186) separation=-0.0072 impulse=2.101;Takeoff - 40m x 6m, 6.2m rise:(0.003, 0.983, -0.186) separation=0.0089 impulse=2.101;Takeoff - 40m x 6m, 6.2m rise:(0.003, 0.983, -0.186) separation=-0.0066 impulse=2.101;Takeoff - 40m x 6m, 6.2m rise:(0.003, 0.983, -0.186) separation=-0.0064 impulse=2.101;Takeoff - 40m x 6m, 6.2m rise:(0.003, 0.981, -0.195) separation=0.0444 impulse=2.101;Takeoff - 40m x 6m, 6.2m rise:(0.003, 0.981, -0.195) separation=0.0444 impulse=2.101;",0.279,0.000,-0.458,35.446,0.000,0.984,24.068,-0.548,6.478,34.844,-10.192,0.640
1.815,35.411,64.762,-629.575,10.647,-85.279,4,18.590,0.507,"Takeoff - 40m x 6m, 6.2m rise:(0.003, 0.982, -0.191) separation=-0.0068 impulse=2.975;Takeoff - 40m x 6m, 6.2m rise:(0.003, 0.982, -0.191) separation=0.0090 impulse=2.975;Takeoff - 40m x 6m, 6.2m rise:(0.003, 0.982, -0.191) separation=-0.0067 impulse=2.975;Takeoff - 40m x 6m, 6.2m rise:(0.003, 0.982, -0.191) separation=0.0093 impulse=2.975;Takeoff - 40m x 6m, 6.2m rise:(0.003, 0.982, -0.191) separation=-0.0032 impulse=2.975;Takeoff - 40m x 6m, 6.2m rise:(0.003, 0.982, -0.191) separation=-0.0029 impulse=2.975;Takeoff - 40m x 6m, 6.2m rise:(0.003, 0.980, -0.199) separation=0.0441 impulse=2.975;Takeoff - 40m x 6m, 6.2m rise:(0.003, 0.980, -0.199) separation=0.0441 impulse=2.975;Takeoff - 40m x 6m, 6.2m rise:(0.003, 0.980, -0.199) separation=0.0441 impulse=2.975;Takeoff - 40m x 6m, 6.2m rise:(0.003, 0.980, -0.199) separation=0.0441 impulse=2.975;",0.290,0.000,-0.477,35.428,0.000,0.983,24.762,-0.255,6.664,34.795,-10.615,0.172
1.835,35.409,65.455,-629.575,10.785,-84.585,4,18.466,0.492,"Takeoff - 40m x 6m, 6.2m rise:(0.003, 0.981, -0.194) separation=-0.0065 impulse=0.000;Takeoff - 40m x 6m, 6.2m rise:(0.003, 0.981, -0.194) separation=0.0093 impulse=0.000;Takeoff - 40m x 6m, 6.2m rise:(0.003, 0.981, -0.194) separation=-0.0065 impulse=0.000;Takeoff - 40m x 6m, 6.2m rise:(0.003, 0.981, -0.194) separation=0.0096 impulse=0.000;Takeoff - 40m x 6m, 6.2m rise:(0.003, 0.981, -0.194) separation=-0.0059 impulse=0.000;Takeoff - 40m x 6m, 6.2m rise:(0.003, 0.981, -0.194) separation=-0.0054 impulse=0.000;Takeoff - 40m x 6m, 6.2m rise:(0.003, 0.979, -0.203) separation=0.0437 impulse=0.000;Takeoff - 40m x 6m, 6.2m rise:(0.003, 0.979, -0.203) separation=0.0437 impulse=0.000;Takeoff - 40m x 6m, 6.2m rise:(0.003, 0.979, -0.203) separation=0.0437 impulse=0.000;Takeoff - 40m x 6m, 6.2m rise:(0.003, 0.979, -0.203) separation=0.0437 impulse=0.000;Takeoff - 40m x 6m, 6.2m rise:(0.003, 0.979, -0.203) separation=0.0458 impulse=0.000;Takeoff - 40m x 6m, 6.2m rise:(0.003, 0.979, -0.203) separation=0.0458 impulse=0.000;",0.294,0.000,-0.491,35.417,0.000,0.982,25.455,-0.010,6.835,34.751,-10.922,0.264
1.855,35.406,66.147,-629.572,10.926,-83.893,4,18.272,0.408,"Takeoff - 40m x 6m, 6.2m rise:(0.003, 0.980, -0.200) separation=-0.0077 impulse=1.188;Takeoff - 40m x 6m, 6.2m rise:(0.003, 0.980, -0.200) separation=0.0103 impulse=1.188;Takeoff - 40m x 6m, 6.2m rise:(0.003, 0.980, -0.200) separation=-0.0076 impulse=1.188;Takeoff - 40m x 6m, 6.2m rise:(0.003, 0.980, -0.200) separation=0.0106 impulse=1.188;Takeoff - 40m x 6m, 6.2m rise:(0.003, 0.980, -0.200) separation=-0.0056 impulse=1.188;Takeoff - 40m x 6m, 6.2m rise:(0.003, 0.980, -0.200) separation=-0.0054 impulse=1.188;Takeoff - 40m x 6m, 6.2m rise:(0.003, 0.978, -0.210) separation=0.0436 impulse=1.188;Takeoff - 40m x 6m, 6.2m rise:(0.003, 0.978, -0.210) separation=0.0436 impulse=1.188;",0.295,0.000,-0.500,35.407,0.000,0.981,26.147,0.146,7.007,34.706,-11.113,0.547
1.875,35.395,66.838,-629.568,11.071,-83.202,4,18.318,0.386,"Takeoff - 40m x 6m, 6.2m rise:(0.003, 0.979, -0.205) separation=-0.0071 impulse=2.968;Takeoff - 40m x 6m, 6.2m rise:(0.003, 0.979, -0.205) separation=0.0105 impulse=2.968;Takeoff - 40m x 6m, 6.2m rise:(0.003, 0.979, -0.205) separation=-0.0071 impulse=2.968;Takeoff - 40m x 6m, 6.2m rise:(0.003, 0.979, -0.205) separation=0.0108 impulse=2.968;Takeoff - 40m x 6m, 6.2m rise:(0.003, 0.979, -0.205) separation=-0.0022 impulse=2.968;Takeoff - 40m x 6m, 6.2m rise:(0.003, 0.979, -0.205) separation=-0.0019 impulse=2.968;Takeoff - 40m x 6m, 6.2m rise:(0.004, 0.977, -0.214) separation=0.0435 impulse=2.968;Takeoff - 40m x 6m, 6.2m rise:(0.004, 0.977, -0.214) separation=0.0435 impulse=2.968;Takeoff - 40m x 6m, 6.2m rise:(0.004, 0.977, -0.214) separation=0.0435 impulse=2.968;Takeoff - 40m x 6m, 6.2m rise:(0.004, 0.977, -0.214) separation=0.0435 impulse=2.968;Takeoff - 40m x 6m, 6.2m rise:(0.004, 0.977, -0.214) separation=0.0435 impulse=2.968;Takeoff - 40m x 6m, 6.2m rise:(0.004, 0.977, -0.214) separation=0.0435 impulse=2.968;",0.297,0.000,-0.500,35.398,0.000,0.980,26.838,0.191,7.189,34.659,-11.327,0.770
1.895,35.378,67.528,-629.566,11.220,-82.512,4,18.226,0.419,"Takeoff - 40m x 6m, 6.2m rise:(0.003, 0.978, -0.211) separation=-0.0069 impulse=0.130;Takeoff - 40m x 6m, 6.2m rise:(0.003, 0.978, -0.211) separation=0.0109 impulse=0.130;Takeoff - 40m x 6m, 6.2m rise:(0.003, 0.978, -0.211) separation=-0.0069 impulse=0.130;Takeoff - 40m x 6m, 6.2m rise:(0.003, 0.978, -0.211) separation=0.0110 impulse=0.130;Takeoff - 40m x 6m, 6.2m rise:(0.003, 0.978, -0.211) separation=-0.0068 impulse=0.130;Takeoff - 40m x 6m, 6.2m rise:(0.003, 0.978, -0.211) separation=-0.0068 impulse=0.130;Takeoff - 40m x 6m, 6.2m rise:(0.004, 0.975, -0.221) separation=0.0450 impulse=0.130;Takeoff - 40m x 6m, 6.2m rise:(0.004, 0.975, -0.221) separation=0.0450 impulse=0.130;",0.302,0.000,-0.500,35.390,0.000,0.979,27.528,0.113,7.357,34.617,-11.535,0.947
1.915,35.349,68.218,-629.568,11.372,-81.823,4,18.254,0.377,"Takeoff - 40m x 6m, 6.2m rise:(0.004, 0.977, -0.215) separation=-0.0069 impulse=0.509;Takeoff - 40m x 6m, 6.2m rise:(0.004, 0.977, -0.215) separation=0.0115 impulse=0.509;Takeoff - 40m x 6m, 6.2m rise:(0.004, 0.977, -0.215) separation=-0.0070 impulse=0.509;Takeoff - 40m x 6m, 6.2m rise:(0.004, 0.977, -0.215) separation=0.0115 impulse=0.509;Takeoff - 40m x 6m, 6.2m rise:(0.004, 0.977, -0.215) separation=-0.0035 impulse=0.509;Takeoff - 40m x 6m, 6.2m rise:(0.004, 0.977, -0.215) separation=-0.0035 impulse=0.509;Takeoff - 40m x 6m, 6.2m rise:(0.004, 0.974, -0.224) separation=0.0441 impulse=0.509;Takeoff - 40m x 6m, 6.2m rise:(0.004, 0.974, -0.224) separation=0.0441 impulse=0.509;Takeoff - 40m x 6m, 6.2m rise:(0.004, 0.974, -0.224) separation=0.0441 impulse=0.509;Takeoff - 40m x 6m, 6.2m rise:(0.004, 0.974, -0.224) separation=0.0441 impulse=0.509;",0.311,0.000,0.500,35.379,0.000,0.978,28.218,-0.089,7.527,34.569,11.812,1.085
1.935,35.320,68.906,-629.576,11.527,-81.134,4,18.189,0.323,"Takeoff - 40m x 6m, 6.2m rise:(0.004, 0.976, -0.220) separation=-0.0071 impulse=0.000;Takeoff - 40m x 6m, 6.2m rise:(0.004, 0.976, -0.220) separation=0.0118 impulse=0.000;Takeoff - 40m x 6m, 6.2m rise:(0.004, 0.976, -0.220) separation=-0.0073 impulse=0.000;Takeoff - 40m x 6m, 6.2m rise:(0.004, 0.976, -0.220) separation=0.0117 impulse=0.000;Takeoff - 40m x 6m, 6.2m rise:(0.004, 0.976, -0.220) separation=-0.0072 impulse=0.000;Takeoff - 40m x 6m, 6.2m rise:(0.004, 0.976, -0.220) separation=-0.0072 impulse=0.000;Takeoff - 40m x 6m, 6.2m rise:(0.004, 0.973, -0.232) separation=0.0454 impulse=0.000;Takeoff - 40m x 6m, 6.2m rise:(0.004, 0.973, -0.232) separation=0.0454 impulse=0.000;",0.326,0.000,0.500,35.362,0.000,0.977,28.906,-0.409,7.693,34.513,12.180,0.872
1.955,35.304,69.593,-629.592,11.686,-80.448,4,18.197,0.262,"Takeoff - 40m x 6m, 6.2m rise:(0.004, 0.974, -0.226) separation=-0.0072 impulse=4.084;Takeoff - 40m x 6m, 6.2m rise:(0.004, 0.974, -0.226) separation=0.0122 impulse=4.084;Takeoff - 40m x 6m, 6.2m rise:(0.004, 0.974, -0.226) separation=-0.0075 impulse=4.084;Takeoff - 40m x 6m, 6.2m rise:(0.004, 0.974, -0.226) separation=0.0120 impulse=4.084;Takeoff - 40m x 6m, 6.2m rise:(0.004, 0.974, -0.226) separation=-0.0060 impulse=4.084;Takeoff - 40m x 6m, 6.2m rise:(0.004, 0.974, -0.226) separation=-0.0058 impulse=4.084;Takeoff - 40m x 6m, 6.2m rise:(0.004, 0.972, -0.235) separation=0.0440 impulse=4.084;Takeoff - 40m x 6m, 6.2m rise:(0.004, 0.972, -0.235) separation=0.0440 impulse=4.084;",0.340,0.000,0.500,35.338,0.000,0.976,29.593,-0.787,7.874,34.441,12.608,0.367
1.975,35.299,70.278,-629.614,11.848,-79.762,4,18.189,0.476,"Takeoff - 40m x 6m, 6.2m rise:(0.004, 0.973, -0.230) separation=-0.0066 impulse=2.985;Takeoff - 40m x 6m, 6.2m rise:(0.004, 0.973, -0.230) separation=0.0121 impulse=2.985;Takeoff - 40m x 6m, 6.2m rise:(0.004, 0.973, -0.230) separation=-0.0069 impulse=2.985;Takeoff - 40m x 6m, 6.2m rise:(0.004, 0.973, -0.230) separation=0.0119 impulse=2.985;Takeoff - 40m x 6m, 6.2m rise:(0.004, 0.973, -0.230) separation=-0.0025 impulse=2.985;Takeoff - 40m x 6m, 6.2m rise:(0.004, 0.973, -0.230) separation=-0.0022 impulse=2.985;Takeoff - 40m x 6m, 6.2m rise:(0.004, 0.971, -0.239) separation=0.0439 impulse=2.985;Takeoff - 40m x 6m, 6.2m rise:(0.004, 0.971, -0.239) separation=0.0439 impulse=2.985;Takeoff - 40m x 6m, 6.2m rise:(0.004, 0.971, -0.239) separation=0.0439 impulse=2.985;Takeoff - 40m x 6m, 6.2m rise:(0.004, 0.971, -0.239) separation=0.0439 impulse=2.985;",0.348,0.000,0.500,35.319,0.000,0.975,30.278,-1.130,8.050,34.371,12.987,0.128
1.995,35.301,70.963,-629.642,12.013,-79.078,4,18.132,0.466,"Takeoff - 40m x 6m, 6.2m rise:(0.004, 0.972, -0.234) separation=-0.0064 impulse=0.000;Takeoff - 40m x 6m, 6.2m rise:(0.004, 0.972, -0.234) separation=0.0120 impulse=0.000;Takeoff - 40m x 6m, 6.2m rise:(0.004, 0.972, -0.234) separation=-0.0066 impulse=0.000;Takeoff - 40m x 6m, 6.2m rise:(0.004, 0.972, -0.234) separation=0.0118 impulse=0.000;Takeoff - 40m x 6m, 6.2m rise:(0.004, 0.972, -0.234) separation=-0.0059 impulse=0.000;Takeoff - 40m x 6m, 6.2m rise:(0.004, 0.972, -0.234) separation=-0.0059 impulse=0.000;Takeoff - 40m x 6m, 6.2m rise:(0.004, 0.969, -0.246) separation=0.0455 impulse=0.000;Takeoff - 40m x 6m, 6.2m rise:(0.004, 0.969, -0.246) separation=0.0455 impulse=0.000;",0.351,0.000,0.500,35.307,0.000,0.974,30.963,-1.392,8.213,34.310,13.263,0.416
2.015,35.299,71.646,-629.673,12.182,-78.395,4,17.993,0.394,"Takeoff - 40m x 6m, 6.2m rise:(0.004, 0.971, -0.240) separation=-0.0075 impulse=1.134;Takeoff - 40m x 6m, 6.2m rise:(0.004, 0.971, -0.240) separation=0.0128 impulse=1.134;Takeoff - 40m x 6m, 6.2m rise:(0.004, 0.971, -0.240) separation=-0.0078 impulse=1.134;Takeoff - 40m x 6m, 6.2m rise:(0.004, 0.971, -0.240) separation=0.0125 impulse=1.134;Takeoff - 40m x 6m, 6.2m rise:(0.004, 0.971, -0.240) separation=-0.0053 impulse=1.134;Takeoff - 40m x 6m, 6.2m rise:(0.004, 0.971, -0.240) separation=-0.0050 impulse=1.134;Takeoff - 40m x 6m, 6.2m rise:(0.004, 0.968, -0.249) separation=0.0435 impulse=1.134;Takeoff - 40m x 6m, 6.2m rise:(0.004, 0.968, -0.249) separation=0.0435 impulse=1.134;Takeoff - 40m x 6m, 6.2m rise:(0.004, 0.968, -0.249) separation=0.0435 impulse=1.134;",0.350,0.000,0.500,35.299,0.000,0.972,31.646,-1.537,8.380,34.255,13.422,0.669
2.035,35.289,72.329,-629.704,12.354,-77.713,4,18.083,0.380,"Takeoff - 40m x 6m, 6.2m rise:(0.004, 0.970, -0.244) separation=-0.0069 impulse=0.179;Takeoff - 40m x 6m, 6.2m rise:(0.004, 0.970, -0.244) separation=0.0125 impulse=0.179;Takeoff - 40m x 6m, 6.2m rise:(0.004, 0.970, -0.244) separation=-0.0071 impulse=0.179;Takeoff - 40m x 6m, 6.2m rise:(0.004, 0.970, -0.244) separation=0.0124 impulse=0.179;Takeoff - 40m x 6m, 6.2m rise:(0.004, 0.970, -0.244) separation=-0.0018 impulse=0.179;Takeoff - 40m x 6m, 6.2m rise:(0.004, 0.970, -0.244) separation=-0.0018 impulse=0.179;Takeoff - 40m x 6m, 6.2m rise:(0.004, 0.968, -0.253) separation=0.0435 impulse=0.179;Takeoff - 40m x 6m, 6.2m rise:(0.004, 0.968, -0.253) separation=0.0435 impulse=0.179;Takeoff - 40m x 6m, 6.2m rise:(0.004, 0.968, -0.253) separation=0.0435 impulse=0.179;Takeoff - 40m x 6m, 6.2m rise:(0.004, 0.968, -0.253) separation=0.0435 impulse=0.179;Takeoff - 40m x 6m, 6.2m rise:(0.004, 0.968, -0.253) separation=0.0435 impulse=0.179;Takeoff - 40m x 6m, 6.2m rise:(0.004, 0.968, -0.253) separation=0.0435 impulse=0.179;",0.351,0.000,0.500,35.293,0.000,0.971,32.329,-1.554,8.545,34.208,13.620,0.869
2.055,35.267,73.010,-629.733,12.530,-77.032,4,18.048,0.310,"Takeoff - 40m x 6m, 6.2m rise:(0.004, 0.968, -0.250) separation=-0.0071 impulse=2.066;Takeoff - 40m x 6m, 6.2m rise:(0.004, 0.968, -0.250) separation=0.0127 impulse=2.066;Takeoff - 40m x 6m, 6.2m rise:(0.004, 0.968, -0.250) separation=-0.0072 impulse=2.066;Takeoff - 40m x 6m, 6.2m rise:(0.004, 0.968, -0.250) separation=0.0126 impulse=2.066;Takeoff - 40m x 6m, 6.2m rise:(0.004, 0.968, -0.250) separation=-0.0071 impulse=2.066;Takeoff - 40m x 6m, 6.2m rise:(0.004, 0.968, -0.250) separation=-0.0071 impulse=2.066;Takeoff - 40m x 6m, 6.2m rise:(0.004, 0.966, -0.260) separation=0.0446 impulse=2.066;Takeoff - 40m x 6m, 6.2m rise:(0.004, 0.966, -0.260) separation=0.0446 impulse=2.066;",0.356,0.000,0.500,35.284,0.000,0.970,33.010,-1.438,8.719,34.159,13.806,1.022
2.075,35.233,73.691,-629.756,12.708,-76.352,4,18.075,0.409,"Takeoff - 40m x 6m, 6.2m rise:(0.004, 0.967, -0.255) separation=-0.0068 impulse=1.316;Takeoff - 40m x 6m, 6.2m rise:(0.004, 0.967, -0.255) separation=0.0127 impulse=1.316;Takeoff - 40m x 6m, 6.2m rise:(0.004, 0.967, -0.255) separation=-0.0068 impulse=1.316;Takeoff - 40m x 6m, 6.2m rise:(0.004, 0.967, -0.255) separation=0.0128 impulse=1.316;Takeoff - 40m x 6m, 6.2m rise:(0.004, 0.967, -0.255) separation=-0.0036 impulse=1.316;Takeoff - 40m x 6m, 6.2m rise:(0.004, 0.967, -0.255) separation=-0.0036 impulse=1.316;Takeoff - 40m x 6m, 6.2m rise:(0.004, 0.965, -0.263) separation=0.0444 impulse=1.316;Takeoff - 40m x 6m, 6.2m rise:(0.004, 0.965, -0.263) separation=0.0444 impulse=1.316;Takeoff - 40m x 6m, 6.2m rise:(0.004, 0.965, -0.263) separation=0.0444 impulse=1.316;Takeoff - 40m x 6m, 6.2m rise:(0.004, 0.965, -0.263) separation=0.0444 impulse=1.316;",0.367,0.000,-0.500,35.271,0.000,0.969,33.691,-1.195,8.889,34.112,-14.091,1.142
2.095,35.202,74.370,-629.773,12.891,-75.673,4,18.053,0.417,"Takeoff - 40m x 6m, 6.2m rise:(0.004, 0.966, -0.259) separation=-0.0066 impulse=0.000;Takeoff - 40m x 6m, 6.2m rise:(0.004, 0.966, -0.259) separation=0.0126 impulse=0.000;Takeoff - 40m x 6m, 6.2m rise:(0.004, 0.966, -0.259) separation=-0.0065 impulse=0.000;Takeoff - 40m x 6m, 6.2m rise:(0.004, 0.966, -0.259) separation=0.0128 impulse=0.000;Takeoff - 40m x 6m, 6.2m rise:(0.004, 0.966, -0.259) separation=-0.0065 impulse=0.000;Takeoff - 40m x 6m, 6.2m rise:(0.004, 0.966, -0.259) separation=-0.0064 impulse=0.000;Takeoff - 40m x 6m, 6.2m rise:(0.004, 0.964, -0.267) separation=0.0439 impulse=0.000;Takeoff - 40m x 6m, 6.2m rise:(0.004, 0.964, -0.267) separation=0.0439 impulse=0.000;Takeoff - 40m x 6m, 6.2m rise:(0.004, 0.964, -0.267) separation=0.0439 impulse=0.000;Takeoff - 40m x 6m, 6.2m rise:(0.004, 0.964, -0.267) separation=0.0439 impulse=0.000;",0.384,0.000,-0.500,35.253,0.000,0.968,34.370,-0.834,9.051,34.061,-14.462,0.917
2.115,35.186,75.048,-629.781,13.076,-74.995,4,17.974,0.347,"Takeoff - 40m x 6m, 6.2m rise:(0.004, 0.964, -0.264) separation=-0.0070 impulse=3.062;Takeoff - 40m x 6m, 6.2m rise:(0.004, 0.964, -0.264) separation=0.0130 impulse=3.062;Takeoff - 40m x 6m, 6.2m rise:(0.004, 0.964, -0.264) separation=-0.0068 impulse=3.062;Takeoff - 40m x 6m, 6.2m rise:(0.004, 0.964, -0.264) separation=0.0133 impulse=3.062;Takeoff - 40m x 6m, 6.2m rise:(0.004, 0.964, -0.264) separation=-0.0062 impulse=3.062;Takeoff - 40m x 6m, 6.2m rise:(0.004, 0.964, -0.264) separation=-0.0059 impulse=3.062;Takeoff - 40m x 6m, 6.2m rise:(0.005, 0.962, -0.274) separation=0.0446 impulse=3.062;Takeoff - 40m x 6m, 6.2m rise:(0.005, 0.962, -0.274) separation=0.0446 impulse=3.062;",0.399,0.000,-0.500,35.228,0.000,0.966,35.048,-0.416,9.222,33.997,-14.861,0.401
2.135,35.183,75.725,-629.782,13.265,-74.318,4,17.938,0.471,"Takeoff - 40m x 6m, 6.2m rise:(0.004, 0.963, -0.269) separation=-0.0065 impulse=2.483;Takeoff - 40m x 6m, 6.2m rise:(0.004, 0.963, -0.269) separation=0.0131 impulse=2.483;Takeoff - 40m x 6m, 6.2m rise:(0.004, 0.963, -0.269) separation=-0.0064 impulse=2.483;Takeoff - 40m x 6m, 6.2m rise:(0.004, 0.963, -0.269) separation=0.0134 impulse=2.483;Takeoff - 40m x 6m, 6.2m rise:(0.004, 0.963, -0.269) separation=-0.0028 impulse=2.483;Takeoff - 40m x 6m, 6.2m rise:(0.004, 0.963, -0.269) separation=-0.0024 impulse=2.483;Takeoff - 40m x 6m, 6.2m rise:(0.005, 0.961, -0.277) separation=0.0445 impulse=2.483;Takeoff - 40m x 6m, 6.2m rise:(0.005, 0.961, -0.277) separation=0.0445 impulse=2.483;Takeoff - 40m x 6m, 6.2m rise:(0.005, 0.961, -0.277) separation=0.0445 impulse=2.483;Takeoff - 40m x 6m, 6.2m rise:(0.005, 0.961, -0.277) separation=0.0445 impulse=2.483;",0.407,0.000,-0.500,35.208,0.000,0.965,35.725,-0.035,9.391,33.933,-15.225,0.114
2.155,35.187,76.400,-629.777,13.457,-73.642,4,17.841,0.443,"Takeoff - 40m x 6m, 6.2m rise:(0.004, 0.962, -0.272) separation=-0.0062 impulse=0.000;Takeoff - 40m x 6m, 6.2m rise:(0.004, 0.962, -0.272) separation=0.0132 impulse=0.000;Takeoff - 40m x 6m, 6.2m rise:(0.004, 0.962, -0.272) separation=-0.0061 impulse=0.000;Takeoff - 40m x 6m, 6.2m rise:(0.004, 0.962, -0.272) separation=0.0135 impulse=0.000;Takeoff - 40m x 6m, 6.2m rise:(0.004, 0.962, -0.272) separation=-0.0059 impulse=0.000;Takeoff - 40m x 6m, 6.2m rise:(0.004, 0.962, -0.272) separation=-0.0055 impulse=0.000;Takeoff - 40m x 6m, 6.2m rise:(0.005, 0.959, -0.284) separation=0.0463 impulse=0.000;Takeoff - 40m x 6m, 6.2m rise:(0.005, 0.959, -0.284) separation=0.0463 impulse=0.000;Takeoff - 40m x 6m, 6.2m rise:(0.005, 0.959, -0.284) separation=0.0441 impulse=0.000;Takeoff - 40m x 6m, 6.2m rise:(0.005, 0.959, -0.284) separation=0.0441 impulse=0.000;Takeoff - 40m x 6m, 6.2m rise:(0.005, 0.959, -0.284) separation=0.0441 impulse=0.000;Takeoff - 40m x 6m, 6.2m rise:(0.005, 0.959, -0.284) separation=0.0441 impulse=0.000;",0.409,0.000,-0.500,35.196,0.000,0.964,36.400,0.260,9.548,33.876,-15.496,0.395
2.175,35.189,77.075,-629.768,13.652,-72.968,4,17.661,0.374,"Takeoff - 40m x 6m, 6.2m rise:(0.005, 0.961, -0.278) separation=-0.0071 impulse=0.000;Takeoff - 40m x 6m, 6.2m rise:(0.005, 0.961, -0.278) separation=0.0141 impulse=0.000;Takeoff - 40m x 6m, 6.2m rise:(0.005, 0.961, -0.278) separation=-0.0069 impulse=0.000;Takeoff - 40m x 6m, 6.2m rise:(0.005, 0.961, -0.278) separation=0.0144 impulse=0.000;Takeoff - 40m x 6m, 6.2m rise:(0.005, 0.961, -0.278) separation=-0.0057 impulse=0.000;Takeoff - 40m x 6m, 6.2m rise:(0.005, 0.961, -0.278) separation=-0.0057 impulse=0.000;Takeoff - 40m x 6m, 6.2m rise:(0.005, 0.958, -0.287) separation=0.0444 impulse=0.000;Takeoff - 40m x 6m, 6.2m rise:(0.005, 0.958, -0.287) separation=0.0444 impulse=0.000;",0.406,0.000,-0.500,35.190,0.000,0.963,37.075,0.435,9.703,33.823,-15.655,0.655
2.195,35.179,77.748,-629.758,13.850,-72.295,4,17.659,0.337,"Takeoff - 40m x 6m, 6.2m rise:(0.005, 0.959, -0.283) separation=-0.0070 impulse=3.212;Takeoff - 40m x 6m, 6.2m rise:(0.005, 0.959, -0.283) separation=0.0145 impulse=3.212;Takeoff - 40m x 6m, 6.2m rise:(0.005, 0.959, -0.283) separation=-0.0069 impulse=3.212;Takeoff - 40m x 6m, 6.2m rise:(0.005, 0.959, -0.283) separation=0.0147 impulse=3.212;Takeoff - 40m x 6m, 6.2m rise:(0.005, 0.959, -0.283) separation=-0.0026 impulse=3.212;Takeoff - 40m x 6m, 6.2m rise:(0.005, 0.959, -0.283) separation=-0.0023 impulse=3.212;Takeoff - 40m x 6m, 6.2m rise:(0.005, 0.957, -0.291) separation=0.0439 impulse=3.212;Takeoff - 40m x 6m, 6.2m rise:(0.005, 0.957, -0.291) separation=0.0439 impulse=3.212;Takeoff - 40m x 6m, 6.2m rise:(0.005, 0.957, -0.291) separation=0.0439 impulse=3.212;Takeoff - 40m x 6m, 6.2m rise:(0.005, 0.957, -0.291) separation=0.0439 impulse=3.212;",0.406,0.000,-0.500,35.182,0.000,0.961,37.748,0.477,9.873,33.765,-15.828,0.853
2.215,35.161,78.420,-629.751,14.052,-71.622,4,17.599,0.384,"Takeoff - 40m x 6m, 6.2m rise:(0.005, 0.958, -0.286) separation=-0.0063 impulse=0.000;Takeoff - 40m x 6m, 6.2m rise:(0.005, 0.958, -0.286) separation=0.0146 impulse=0.000;Takeoff - 40m x 6m, 6.2m rise:(0.005, 0.958, -0.286) separation=-0.0063 impulse=0.000;Takeoff - 40m x 6m, 6.2m rise:(0.005, 0.958, -0.286) separation=0.0148 impulse=0.000;Takeoff - 40m x 6m, 6.2m rise:(0.005, 0.958, -0.286) separation=-0.0058 impulse=0.000;Takeoff - 40m x 6m, 6.2m rise:(0.005, 0.958, -0.286) separation=-0.0051 impulse=0.000;Takeoff - 40m x 6m, 6.2m rise:(0.005, 0.955, -0.298) separation=0.0461 impulse=0.000;Takeoff - 40m x 6m, 6.2m rise:(0.005, 0.955, -0.298) separation=0.0461 impulse=0.000;Takeoff - 40m x 6m, 6.2m rise:(0.005, 0.955, -0.298) separation=0.0440 impulse=0.000;Takeoff - 40m x 6m, 6.2m rise:(0.005, 0.955, -0.298) separation=0.0440 impulse=0.000;Takeoff - 40m x 6m, 6.2m rise:(0.005, 0.955, -0.298) separation=0.0440 impulse=0.000;Takeoff - 40m x 6m, 6.2m rise:(0.005, 0.955, -0.298) separation=0.0440 impulse=0.000;",0.410,0.000,-0.500,35.177,0.000,0.960,38.420,0.384,10.029,33.715,-16.029,1.013
2.235,35.131,79.091,-629.748,14.257,-70.951,4,17.442,0.330,"Takeoff - 40m x 6m, 6.2m rise:(0.005, 0.956, -0.292) separation=-0.0071 impulse=0.651;Takeoff - 40m x 6m, 6.2m rise:(0.005, 0.956, -0.292) separation=0.0156 impulse=0.651;Takeoff - 40m x 6m, 6.2m rise:(0.005, 0.956, -0.292) separation=-0.0072 impulse=0.651;Takeoff - 40m x 6m, 6.2m rise:(0.005, 0.956, -0.292) separation=0.0157 impulse=0.651;Takeoff - 40m x 6m, 6.2m rise:(0.005, 0.956, -0.292) separation=-0.0053 impulse=0.651;Takeoff - 40m x 6m, 6.2m rise:(0.005, 0.956, -0.292) separation=-0.0052 impulse=0.651;",0.419,0.000,0.500,35.167,0.000,0.959,39.091,0.158,10.185,33.659,16.234,1.136
2.255,35.100,79.762,-629.751,14.463,-70.279,4,17.510,0.344,"Takeoff - 40m x 6m, 6.2m rise:(0.000, 1.000, 0.012) separation=-0.5395 impulse=0.000;Takeoff - 40m x 6m, 6.2m rise:(0.005, 0.958, -0.285) separation=0.0157 impulse=0.000;Takeoff - 40m x 6m, 6.2m rise:(0.000, 1.000, 0.012) separation=-0.5395 impulse=0.000;Takeoff - 40m x 6m, 6.2m rise:(0.005, 0.958, -0.285) separation=0.0157 impulse=0.000;Takeoff - 40m x 6m, 6.2m rise:(0.005, 0.958, -0.285) separation=-0.0018 impulse=0.000;Takeoff - 40m x 6m, 6.2m rise:(0.005, 0.958, -0.285) separation=-0.0017 impulse=0.000;",0.434,0.000,0.500,35.151,0.000,0.958,39.762,-0.187,10.337,33.596,16.578,0.912
2.275,35.086,80.435,-629.764,14.670,-69.607,4,9.232,3.650,"Takeoff - 40m x 6m, 6.2m rise:(0.000, 1.000, 0.012) separation=-0.3278 impulse=0.000;Takeoff - 40m x 6m, 6.2m rise:(0.004, 0.958, -0.287) separation=0.0179 impulse=0.000;Takeoff - 40m x 6m, 6.2m rise:(0.000, 1.000, 0.012) separation=-0.3278 impulse=0.000;Takeoff - 40m x 6m, 6.2m rise:(0.004, 0.958, -0.287) separation=0.0178 impulse=0.000;Takeoff - 40m x 6m, 6.2m rise:(0.004, 0.958, -0.287) separation=0.0055 impulse=0.000;Takeoff - 40m x 6m, 6.2m rise:(0.004, 0.958, -0.287) separation=0.0058 impulse=0.000;Takeoff - 40m x 6m, 6.2m rise:(0.000, 1.000, 0.023) separation=0.3063 impulse=0.000;Takeoff - 40m x 6m, 6.2m rise:(0.000, 1.000, 0.023) separation=0.1133 impulse=0.000;Takeoff - 40m x 6m, 6.2m rise:(0.000, 1.000, 0.023) separation=0.3156 impulse=0.000;Takeoff - 40m x 6m, 6.2m rise:(0.000, 1.000, 0.023) separation=0.1300 impulse=0.000;Takeoff - 40m x 6m, 6.2m rise:(0.000, 1.000, 0.023) separation=0.1617 impulse=0.000;Takeoff - 40m x 6m, 6.2m rise:(0.000, 1.000, 0.023) separation=0.1619 impulse=0.000;",0.450,0.000,0.500,35.131,0.000,0.959,40.435,-0.598,10.320,33.575,16.780,0.424
2.295,35.086,81.107,-629.784,14.876,-68.935,2,7.336,1.071,"Takeoff - 40m x 6m, 6.2m rise:(0.000, 1.000, 0.012) separation=-0.1117 impulse=0.000;Takeoff - 40m x 6m, 6.2m rise:(0.003, 0.958, -0.287) separation=0.0214 impulse=0.000;Takeoff - 40m x 6m, 6.2m rise:(0.000, 1.000, 0.012) separation=-0.1117 impulse=0.000;Takeoff - 40m x 6m, 6.2m rise:(0.003, 0.958, -0.287) separation=0.0205 impulse=0.000;Takeoff - 40m x 6m, 6.2m rise:(0.000, 1.000, 0.012) separation=-0.1117 impulse=0.000;Takeoff - 40m x 6m, 6.2m rise:(0.003, 0.958, -0.287) separation=0.0122 impulse=0.000;Takeoff - 40m x 6m, 6.2m rise:(-0.001, 0.999, 0.042) separation=0.5556 impulse=0.000;Takeoff - 40m x 6m, 6.2m rise:(-0.001, 0.999, 0.042) separation=0.1196 impulse=0.000;Takeoff - 40m x 6m, 6.2m rise:(-0.001, 0.999, 0.042) separation=0.5691 impulse=0.000;Takeoff - 40m x 6m, 6.2m rise:(-0.001, 0.999, 0.042) separation=0.1351 impulse=0.000;Takeoff - 40m x 6m, 6.2m rise:(-0.001, 0.999, 0.042) separation=0.1673 impulse=0.000;Takeoff - 40m x 6m, 6.2m rise:(-0.001, 0.999, 0.042) separation=0.1686 impulse=0.000;",0.457,0.000,0.500,35.114,0.000,0.960,41.107,-0.982,10.276,33.562,16.718,0.229
2.315,35.092,81.781,-629.810,15.078,-68.261,2,1.951,4.262,"Takeoff - 40m x 6m, 6.2m rise:(-0.001, 0.999, 0.042) separation=0.7068 impulse=0.000;Takeoff - 40m x 6m, 6.2m rise:(-0.001, 0.999, 0.042) separation=0.0700 impulse=0.000;Takeoff - 40m x 6m, 6.2m rise:(-0.001, 0.999, 0.042) separation=0.6870 impulse=0.000;Takeoff - 40m x 6m, 6.2m rise:(-0.001, 0.999, 0.042) separation=0.0586 impulse=0.000;Takeoff - 40m x 6m, 6.2m rise:(-0.001, 0.999, 0.042) separation=0.1305 impulse=0.000;Takeoff - 40m x 6m, 6.2m rise:(-0.001, 0.999, 0.042) separation=0.1305 impulse=0.000;",0.457,0.000,0.500,35.104,0.000,0.962,41.781,-1.273,10.112,33.592,16.464,0.518
2.335,35.025,82.455,-629.837,15.277,-67.588,0,0.000,0.323,"Takeoff - 40m x 6m, 6.2m rise:(-0.001, 0.998, 0.062) separation=0.7112 impulse=0.000;Takeoff - 40m x 6m, 6.2m rise:(-0.001, 0.998, 0.062) separation=0.2970 impulse=0.000;Takeoff - 40m x 6m, 6.2m rise:(-0.001, 0.998, 0.062) separation=0.6940 impulse=0.000;Takeoff - 40m x 6m, 6.2m rise:(-0.001, 0.998, 0.062) separation=0.2844 impulse=0.000;Takeoff - 40m x 6m, 6.2m rise:(-0.001, 0.998, 0.062) separation=0.3120 impulse=0.000;Takeoff - 40m x 6m, 6.2m rise:(-0.001, 0.998, 0.062) separation=0.3256 impulse=0.000;",0.454,0.000,0.500,35.034,0.000,0.964,42.455,-1.273,9.912,33.579,16.016,0.520
2.355,34.958,83.128,-629.863,15.472,-66.915,0,0.000,0.309,"Takeoff - 40m x 6m, 6.2m rise:(-0.001, 0.997, 0.082) separation=0.5309 impulse=0.000;Takeoff - 40m x 6m, 6.2m rise:(-0.001, 0.997, 0.082) separation=0.5444 impulse=0.000;Takeoff - 40m x 6m, 6.2m rise:(-0.001, 0.997, 0.082) separation=0.5610 impulse=0.000;Takeoff - 40m x 6m, 6.2m rise:(-0.001, 0.997, 0.082) separation=0.5676 impulse=0.000;Takeoff - 40m x 6m, 6.2m rise:(-0.001, 0.997, 0.082) separation=0.7075 impulse=0.000;Takeoff - 40m x 6m, 6.2m rise:(-0.001, 0.997, 0.082) separation=0.7221 impulse=0.000;",0.487,0.000,0.500,34.965,0.000,0.966,43.128,-1.272,9.712,33.565,15.571,0.522
2.375,34.890,83.802,-629.889,15.663,-66.242,0,0.000,0.294,"",0.521,0.000,0.500,34.897,0.000,0.967,43.802,-1.272,9.512,33.552,15.130,0.523
2.395,34.821,84.475,-629.916,15.849,-65.569,0,0.000,0.280,"",0.555,0.000,0.500,34.830,0.000,0.969,44.475,-1.271,9.312,33.538,14.695,0.525
2.415,34.751,85.147,-629.942,16.032,-64.897,0,0.000,0.266,"",0.589,0.000,0.500,34.765,0.000,0.971,45.147,-1.271,9.112,33.525,14.266,0.526
2.435,34.680,85.820,-629.968,16.211,-64.225,0,0.000,0.252,"",0.624,0.000,0.500,34.700,0.000,0.972,45.820,-1.270,8.913,33.512,13.844,0.527
2.455,34.608,86.492,-629.994,16.385,-63.553,0,0.000,0.238,"",0.660,0.000,-0.500,34.636,0.000,0.974,46.492,-1.270,8.713,33.498,-13.432,0.528
2.475,34.536,87.164,-630.020,16.556,-62.881,0,0.000,0.225,"",0.696,0.000,-0.500,34.573,0.000,0.976,47.164,-1.269,8.513,33.485,-13.031,0.529
2.495,34.462,87.836,-630.046,16.723,-62.209,0,0.000,0.212,"",0.732,0.000,-0.500,34.512,0.000,0.977,47.836,-1.269,8.314,33.471,-12.641,0.529
2.515,34.388,88.508,-630.072,16.886,-61.538,0,0.000,0.199,"",0.769,0.000,-0.500,34.451,0.000,0.979,48.508,-1.268,8.114,33.458,-12.265,0.529
2.535,34.313,89.179,-630.098,17.044,-60.867,0,0.000,0.187,"",0.806,0.000,-0.500,34.392,0.000,0.980,49.179,-1.268,7.915,33.445,-11.905,0.529
2.555,34.237,89.850,-630.124,17.199,-60.196,0,0.000,0.175,"",0.844,0.000,-0.500,34.334,0.000,0.981,49.850,-1.267,7.716,33.431,-11.562,0.529
2.575,34.160,90.521,-630.150,17.350,-59.526,0,0.000,0.163,"",0.882,0.000,-0.492,34.276,0.000,0.983,50.521,-1.267,7.516,33.418,-11.238,0.529
2.595,34.083,91.191,-630.176,17.496,-58.856,0,0.000,0.153,"",0.920,0.000,-0.477,34.220,0.000,0.984,51.191,-1.266,7.317,33.405,-10.936,0.528
2.615,34.004,91.862,-630.202,17.639,-58.186,0,0.000,0.143,"",0.959,0.000,-0.463,34.165,0.000,0.985,51.862,-1.266,7.118,33.391,-10.657,0.528
2.635,33.926,92.532,-630.228,17.778,-57.516,0,0.000,0.134,"",0.998,0.000,-0.450,34.111,0.000,0.986,52.532,-1.265,6.919,33.378,-10.404,0.527
2.655,33.846,93.202,-630.254,17.913,-56.847,0,0.000,0.126,"",1.000,0.000,-0.438,34.058,0.000,0.988,53.202,-1.265,6.720,33.364,-10.180,0.526
2.675,33.766,93.871,-630.279,18.043,-56.178,0,0.000,0.119,"",1.000,0.000,-0.428,34.006,0.000,0.989,53.871,-1.264,6.522,33.351,-9.985,0.524
2.695,33.686,94.540,-630.305,18.170,-55.509,0,0.000,0.114,"",1.000,0.000,-0.419,33.956,0.000,0.990,54.540,-1.264,6.323,33.338,-9.822,0.523
2.715,33.604,95.209,-630.331,18.293,-54.840,0,0.000,0.110,"",1.000,0.000,-0.412,33.906,0.000,0.991,55.209,-1.263,6.124,33.324,-9.692,0.521
2.735,33.523,95.878,-630.356,18.412,-54.172,0,0.000,0.108,"",1.000,0.000,-0.406,33.858,0.000,0.992,55.878,-1.263,5.926,33.311,-9.597,0.519
2.755,33.441,96.546,-630.382,18.526,-53.503,0,0.000,0.108,"",1.000,0.000,-0.402,33.810,0.000,0.992,56.546,-1.262,5.727,33.298,-9.539,0.517
2.775,33.358,97.215,-630.407,18.637,-52.836,0,0.000,0.109,"",1.000,0.000,-0.400,33.764,0.000,0.993,57.215,-1.262,5.529,33.285,-9.516,0.515
2.795,33.275,97.882,-630.433,18.744,-52.168,0,0.000,0.111,"",1.000,0.000,-0.399,33.719,0.000,0.994,57.882,-1.261,5.330,33.271,-9.530,0.512
2.815,33.192,98.550,-630.458,18.847,-51.501,0,0.000,0.115,"",1.000,0.000,-0.400,33.675,0.000,0.995,58.550,-1.261,5.132,33.258,-9.580,0.510
2.835,33.108,99.217,-630.484,18.946,-50.834,0,0.000,0.120,"",1.000,0.000,-0.402,33.632,0.000,0.995,59.217,-1.260,4.934,33.245,-9.665,0.507
2.855,33.024,99.885,-630.509,19.040,-50.167,0,0.000,0.126,"",1.000,0.000,-0.406,33.591,0.000,0.996,59.885,-1.260,4.736,33.231,-9.783,0.504
2.875,32.940,100.551,-630.535,19.131,-49.501,0,0.000,0.133,"",1.000,0.000,-0.411,33.550,0.000,0.996,60.551,-1.259,4.538,33.218,-9.934,0.501
2.895,32.856,101.218,-630.560,19.218,-48.834,0,0.000,0.140,"",1.000,0.000,-0.418,33.511,0.000,0.997,61.218,-1.259,4.340,33.205,-10.116,0.498
2.915,32.772,101.884,-630.585,19.301,-48.169,0,0.000,0.147,"",1.000,0.000,-0.426,33.473,0.000,0.997,61.884,-1.258,4.142,33.191,-10.326,0.494
2.935,32.687,102.550,-630.610,19.380,-47.503,0,0.000,0.155,"",1.000,0.000,-0.435,33.435,0.000,0.997,62.550,-1.258,3.944,33.178,-10.562,0.491
2.955,32.602,103.216,-630.635,19.455,-46.838,0,0.000,0.163,"",1.000,0.000,-0.446,33.399,0.000,0.998,63.216,-1.257,3.747,33.165,-10.822,0.487
2.975,32.518,103.881,-630.661,19.526,-46.173,0,0.000,0.171,"",1.000,0.000,-0.457,33.365,0.000,0.998,63.881,-1.257,3.549,33.152,-11.104,0.483
2.995,32.433,104.546,-630.686,19.593,-45.508,0,0.000,0.180,"",1.000,0.000,-0.469,33.331,0.000,0.998,64.546,-1.256,3.351,33.138,-11.405,0.479
3.015,32.348,105.211,-630.711,19.656,-44.843,0,0.000,0.188,"",1.000,0.000,-0.482,33.299,0.000,0.998,65.211,-1.256,3.154,33.125,-11.724,0.475
3.035,32.264,105.875,-630.736,19.716,-44.179,0,0.000,0.196,"",1.000,0.000,-0.496,33.267,0.000,0.998,65.875,-1.255,2.957,33.112,-12.058,0.471
3.055,32.179,106.539,-630.761,19.771,-43.515,0,0.000,0.204,"",1.000,0.000,-0.500,33.237,0.000,0.998,66.539,-1.255,2.759,33.099,-12.407,0.467
3.075,32.095,107.203,-630.786,19.822,-42.852,0,0.000,0.212,"",1.000,0.000,-0.500,33.208,0.000,0.998,67.203,-1.254,2.562,33.085,-12.767,0.463
3.095,32.011,107.867,-630.811,19.869,-42.189,0,0.000,0.220,"",1.000,0.000,-0.500,33.180,0.000,0.998,67.867,-1.254,2.365,33.072,-13.138,0.458
3.115,31.927,108.530,-630.836,19.913,-41.526,0,0.000,0.227,"",1.000,0.000,-0.500,33.154,0.000,0.998,68.530,-1.253,2.168,33.059,-13.517,0.454
3.135,31.843,109.193,-630.861,19.952,-40.863,0,0.000,0.234,"",1.000,0.000,-0.500,33.128,0.000,0.998,69.193,-1.253,1.971,33.046,-13.905,0.449
3.155,31.760,109.856,-630.886,19.988,-40.201,0,0.000,0.242,"",1.000,0.000,-0.500,33.104,0.000,0.998,69.856,-1.252,1.774,33.032,-14.299,0.445
3.175,31.677,110.518,-630.910,20.019,-39.538,0,0.000,0.249,"",1.000,0.000,-0.500,33.081,0.000,0.998,70.518,-1.252,1.577,33.019,-14.699,0.440
3.195,31.594,111.180,-630.935,20.047,-38.877,0,0.000,0.255,"",1.000,0.000,-0.500,33.059,0.000,0.998,71.180,-1.251,1.380,33.006,-15.103,0.435
3.215,31.512,111.842,-630.960,20.070,-38.215,0,0.000,0.262,"",1.000,0.000,-0.500,33.038,0.000,0.997,71.842,-1.251,1.184,32.993,-15.511,0.430
3.235,31.430,112.504,-630.985,20.090,-37.554,0,0.000,0.268,"",1.000,0.000,-0.500,33.018,0.000,0.997,72.504,-1.250,0.987,32.980,-15.921,0.426
3.255,31.348,113.165,-631.009,20.106,-36.893,0,0.000,0.274,"",1.000,0.000,-0.500,33.000,0.000,0.997,73.165,-1.250,0.791,32.966,-16.334,0.421
3.275,31.267,113.826,-631.034,20.117,-36.233,0,0.000,0.280,"",1.000,0.000,-0.500,32.982,0.000,0.997,73.826,-1.249,0.594,32.953,-16.748,0.416
3.295,31.187,114.486,-631.059,20.125,-35.572,0,0.000,0.285,"",1.000,0.000,-0.500,32.966,0.000,0.996,74.486,-1.249,0.398,32.940,-17.163,0.411
3.315,31.106,115.147,-631.083,20.129,-34.912,0,0.000,0.290,"",1.000,0.000,-0.500,32.951,0.000,0.996,75.147,-1.248,0.201,32.927,-17.578,0.406
3.335,31.026,115.807,-631.108,20.129,-34.253,0,0.000,0.295,"",1.000,0.000,-0.500,32.937,0.000,0.996,75.807,-1.248,0.005,32.914,-17.994,0.401
3.355,30.947,116.466,-631.133,20.125,-33.593,0,0.000,0.300,"",1.000,0.000,-0.500,32.925,0.000,0.995,76.466,-1.247,-0.191,32.901,-18.408,0.396
3.375,30.868,117.126,-631.157,20.117,-32.934,0,0.000,0.304,"",1.000,0.000,-0.500,32.913,0.000,0.995,77.126,-1.247,-0.387,32.887,-18.822,0.391
3.395,30.790,117.785,-631.182,20.106,-32.275,0,0.000,0.308,"",1.000,0.000,-0.500,32.903,0.000,0.995,77.785,-1.246,-0.583,32.874,-19.234,0.387
3.415,30.712,118.444,-631.206,20.090,-31.617,0,0.000,0.312,"",1.000,0.000,-0.500,32.894,0.000,0.994,78.444,-1.246,-0.779,32.861,-19.644,0.382
3.435,30.635,119.102,-631.231,20.070,-30.959,0,0.000,0.316,"",1.000,0.000,-0.500,32.886,0.000,0.994,79.102,-1.245,-0.975,32.848,-20.053,0.377
3.455,30.558,119.760,-631.255,20.047,-30.301,0,0.000,0.319,"",1.000,0.000,-0.500,32.879,0.000,0.994,79.760,-1.245,-1.170,32.835,-20.459,0.372
3.475,30.481,120.418,-631.280,20.020,-29.643,0,0.000,0.322,"",1.000,0.000,-0.500,32.874,0.000,0.993,80.418,-1.244,-1.366,32.822,-20.863,0.368
3.495,30.405,121.076,-631.304,19.988,-28.986,0,0.000,0.325,"",1.000,0.000,-0.500,32.869,0.000,0.993,81.076,-1.244,-1.562,32.809,-21.264,0.363
3.515,30.330,121.733,-631.328,19.953,-28.329,0,0.000,0.327,"",1.000,0.000,-0.500,32.866,0.000,0.992,81.733,-1.243,-1.757,32.795,-21.663,0.359
3.535,30.255,122.390,-631.353,19.914,-27.673,0,0.000,0.329,"",1.000,0.000,-0.500,32.864,0.000,0.992,82.390,-1.243,-1.952,32.782,-22.058,0.354
3.555,30.180,123.047,-631.377,19.871,-27.016,0,0.000,0.331,"",1.000,0.000,-0.500,32.863,0.000,0.992,83.046,-1.242,-2.148,32.769,-22.451,0.350
3.575,30.106,123.703,-631.402,19.824,-26.360,0,0.000,0.333,"",1.000,0.000,-0.500,32.863,0.000,0.991,83.703,-1.242,-2.343,32.756,-22.840,0.346
3.595,30.032,124.359,-631.426,19.773,-25.705,0,0.000,0.334,"",1.000,0.000,-0.500,32.865,0.000,0.991,84.359,-1.241,-2.538,32.743,-23.226,0.341
3.615,29.958,125.015,-631.450,19.718,-25.049,0,0.000,0.336,"",1.000,0.000,-0.500,32.867,0.000,0.991,85.015,-1.241,-2.733,32.730,-23.608,0.337
3.635,29.885,125.670,-631.475,19.659,-24.394,0,0.000,0.336,"",1.000,0.000,-0.500,32.871,0.000,0.990,85.670,-1.240,-2.928,32.717,-23.987,0.333
3.655,29.813,126.325,-631.499,19.597,-23.739,0,0.000,0.337,"",1.000,0.000,-0.500,32.876,0.000,0.990,86.325,-1.240,-3.123,32.704,-24.363,0.329
3.675,29.740,126.980,-631.523,19.530,-23.085,0,0.000,0.337,"",1.000,0.000,-0.500,32.882,0.000,0.990,86.980,-1.239,-3.318,32.691,-24.735,0.326
3.695,29.668,127.634,-631.547,19.460,-22.431,0,0.000,0.338,"",1.000,0.000,-0.500,32.889,0.000,0.989,87.634,-1.239,-3.513,32.678,-25.103,0.322
3.715,29.596,128.289,-631.572,19.386,-21.777,0,0.000,0.337,"",1.000,0.000,-0.500,32.898,0.000,0.989,88.288,-1.238,-3.708,32.664,-25.467,0.319
3.735,29.524,128.942,-631.596,19.308,-21.123,0,0.000,0.337,"",1.000,0.000,-0.500,32.907,0.000,0.989,88.942,-1.238,-3.902,32.651,-25.828,0.315
3.755,29.453,129.596,-631.620,19.226,-20.470,0,0.000,0.336,"",1.000,0.000,-0.500,32.918,0.000,0.989,89.596,-1.237,-4.097,32.638,-26.185,0.312
3.775,29.381,130.249,-631.644,19.140,-19.817,0,0.000,0.336,"",1.000,0.000,-0.500,32.930,0.000,0.988,90.249,-1.237,-4.291,32.625,-26.539,0.309
3.795,29.310,130.902,-631.669,19.050,-19.164,0,0.000,0.335,"",1.000,0.000,-0.500,32.942,0.000,0.988,90.902,-1.236,-4.486,32.612,-26.889,0.306
3.815,29.238,131.555,-631.693,18.956,-18.512,0,0.000,0.333,"",1.000,0.000,-0.500,32.957,0.000,0.988,91.555,-1.236,-4.680,32.599,-27.235,0.304
3.835,29.167,132.207,-631.717,18.859,-17.860,0,0.000,0.332,"",1.000,0.000,-0.500,32.972,0.000,0.988,92.207,-1.235,-4.874,32.586,-27.577,0.301
3.855,29.096,132.859,-631.741,18.758,-17.208,0,0.000,0.330,"",1.000,0.000,-0.500,32.988,0.000,0.988,92.859,-1.235,-5.069,32.573,-27.916,0.298
3.875,29.024,133.511,-631.765,18.652,-16.557,0,0.000,0.328,"",1.000,0.000,-0.500,33.006,0.000,0.988,93.511,-1.234,-5.263,32.560,-28.252,0.296
3.895,28.953,134.163,-631.790,18.543,-15.906,0,0.000,0.326,"",1.000,0.000,-0.500,33.024,0.000,0.987,94.163,-1.234,-5.457,32.547,-28.584,0.294
3.915,28.881,134.814,-631.814,18.430,-15.255,0,0.000,0.324,"",1.000,0.000,-0.500,33.044,0.000,0.987,94.814,-1.233,-5.651,32.534,-28.912,0.292
3.935,28.809,135.465,-631.838,18.313,-14.604,0,0.000,0.321,"",1.000,0.000,-0.500,33.065,0.000,0.987,95.465,-1.233,-5.844,32.521,-29.237,0.290
3.955,28.737,136.115,-631.862,18.192,-13.954,0,0.000,0.319,"",1.000,0.000,-0.500,33.087,0.000,0.987,96.115,-1.232,-6.038,32.508,-29.559,0.288
3.975,28.665,136.765,-631.886,18.068,-13.304,0,0.000,0.316,"",1.000,0.000,-0.500,33.110,0.000,0.987,96.765,-1.232,-6.232,32.495,-29.877,0.287
3.995,28.592,137.415,-631.910,17.939,-12.654,0,0.000,0.313,"",1.000,0.000,-0.500,33.134,0.000,0.987,97.415,-1.231,-6.426,32.482,-30.192,0.285
4.015,28.518,138.065,-631.935,17.807,-12.005,0,0.000,0.309,"",1.000,0.000,-0.500,33.160,0.000,0.987,98.065,-1.231,-6.619,32.469,-30.504,0.284
4.035,28.445,138.714,-631.959,17.671,-11.356,0,0.000,0.306,"",1.000,0.000,-0.500,33.186,0.000,0.987,98.714,-1.230,-6.813,32.456,-30.813,0.283
4.055,28.371,139.364,-631.983,17.530,-10.707,0,0.000,0.302,"",1.000,0.000,-0.500,33.214,0.000,0.987,99.363,-1.230,-7.006,32.443,-31.119,0.282
4.075,28.296,140.012,-632.007,17.386,-10.059,0,0.000,0.299,"",1.000,0.000,-0.500,33.242,0.000,0.987,100.012,-1.229,-7.199,32.430,-31.422,0.281
4.095,28.220,140.661,-632.031,17.239,-9.410,0,0.000,0.295,"",1.000,0.000,-0.500,33.272,0.000,0.987,100.661,-1.229,-7.393,32.417,-31.723,0.280
4.115,28.144,141.309,-632.055,17.087,-8.762,0,0.000,0.291,"",1.000,0.000,-0.500,33.303,0.000,0.987,101.309,-1.228,-7.586,32.404,-32.020,0.279
4.135,28.068,141.957,-632.079,16.931,-8.115,0,0.000,0.287,"",1.000,0.000,-0.500,33.335,0.000,0.987,101.957,-1.228,-7.779,32.391,-32.315,0.279
4.155,27.990,142.605,-632.104,16.772,-7.468,0,0.000,0.282,"",1.000,0.000,-0.500,33.368,0.000,0.988,102.605,-1.227,-7.972,32.378,-32.607,0.278
4.175,27.912,143.252,-632.128,16.609,-6.821,0,0.000,0.278,"",1.000,0.000,-0.500,33.402,0.000,0.988,103.252,-1.227,-8.165,32.365,-32.897,0.278
4.195,27.833,143.899,-632.152,16.442,-6.174,0,0.000,0.273,"",1.000,0.000,-0.500,33.437,0.000,0.988,103.899,-1.226,-8.358,32.352,-33.184,0.277
4.215,27.753,144.546,-632.176,16.271,-5.527,0,0.000,0.269,"",1.000,0.000,-0.500,33.473,0.000,0.988,104.546,-1.226,-8.550,32.339,-33.469,0.277
4.235,27.672,145.192,-632.200,16.096,-4.881,0,0.000,0.264,"",1.000,0.000,-0.500,33.510,0.000,0.988,105.192,-1.225,-8.743,32.326,-33.752,0.277
4.255,27.590,145.838,-632.224,15.917,-4.235,0,0.000,0.259,"",1.000,0.000,-0.500,33.549,0.000,0.988,105.838,-1.225,-8.936,32.314,-34.032,0.277
4.275,27.507,146.484,-632.248,15.735,-3.590,0,0.000,0.254,"",1.000,0.000,-0.500,33.588,0.000,0.989,106.484,-1.224,-9.128,32.301,-34.311,0.277
4.295,27.423,147.130,-632.273,15.548,-2.944,0,0.000,0.249,"",1.000,0.000,-0.500,33.628,0.000,0.989,107.130,-1.224,-9.321,32.288,-34.587,0.277
4.315,27.338,147.775,-632.297,15.358,-2.299,0,0.000,0.244,"",1.000,0.000,-0.500,33.670,0.000,0.989,107.775,-1.223,-9.513,32.275,-34.862,0.277
4.335,27.252,148.420,-632.321,15.164,-1.655,0,0.000,0.239,"",1.000,0.000,-0.500,33.712,0.000,0.989,108.420,-1.223,-9.705,32.262,-35.134,0.277
4.355,27.164,149.065,-632.345,14.966,-1.010,0,0.000,0.233,"",1.000,0.000,-0.500,33.756,0.000,0.989,109.065,-1.222,-9.898,32.249,-35.405,0.277
4.375,27.076,149.709,-632.369,14.764,-0.366,0,0.000,0.228,"",1.000,0.000,-0.500,33.800,0.000,0.990,109.709,-1.222,-10.090,32.236,-35.675,0.277
4.395,26.986,150.354,-632.393,14.559,0.278,0,0.000,0.223,"",1.000,0.000,-0.500,33.846,0.000,0.990,110.354,-1.221,-10.282,32.223,-35.943,0.278
4.415,26.895,150.998,-632.417,14.349,0.921,0,0.000,0.217,"",1.000,0.000,-0.500,33.892,0.000,0.990,110.998,-1.221,-10.474,32.210,-36.209,0.278
4.435,26.802,151.641,-632.442,14.136,1.565,0,0.000,0.212,"",1.000,0.000,-0.500,33.940,0.000,0.990,111.641,-1.220,-10.666,32.197,-36.474,0.278
4.455,26.708,152.285,-632.466,13.919,2.208,0,0.000,0.206,"",1.000,0.000,-0.500,33.989,0.000,0.991,112.285,-1.220,-10.858,32.184,-36.737,0.278
4.475,26.613,152.928,-632.490,13.698,2.851,0,0.000,0.200,"",1.000,0.000,-0.500,34.038,0.000,0.991,112.928,-1.219,-11.049,32.172,-37.000,0.279
4.495,26.516,153.570,-632.514,13.473,3.493,0,0.000,0.195,"",1.000,0.000,-0.500,34.089,0.000,0.991,113.570,-1.219,-11.241,32.159,-37.261,0.279
4.515,26.418,154.213,-632.538,13.245,4.135,0,0.000,0.189,"",1.000,0.000,-0.500,34.140,0.000,0.992,114.213,-1.219,-11.433,32.146,-37.521,0.279
4.535,26.319,154.855,-632.562,13.012,4.777,0,0.000,0.183,"",1.000,0.000,-0.500,34.193,0.000,0.992,114.855,-1.218,-11.624,32.133,-37.779,0.279
4.555,26.218,155.497,-632.587,12.776,5.419,0,0.000,0.178,"",1.000,0.000,-0.500,34.246,0.000,0.992,115.497,-1.218,-11.816,32.120,-38.037,0.280
4.575,26.115,156.139,-632.611,12.536,6.060,0,0.000,0.172,"",1.000,0.000,-0.500,34.301,0.000,0.992,116.139,-1.217,-12.007,32.107,-38.294,0.280
4.595,26.011,156.780,-632.635,12.292,6.701,0,0.000,0.166,"",1.000,0.000,-0.500,34.356,0.000,0.993,116.780,-1.217,-12.199,32.094,-38.550,0.280
4.615,25.906,157.422,-632.659,12.045,7.342,0,0.000,0.160,"",1.000,0.000,-0.500,34.412,0.000,0.993,117.422,-1.216,-12.390,32.082,-38.806,0.280
4.635,25.799,158.063,-632.683,11.793,7.983,0,0.000,0.155,"",1.000,0.000,-0.500,34.470,0.000,0.993,118.063,-1.216,-12.581,32.069,-39.060,0.280
4.655,25.690,158.703,-632.708,11.538,8.623,0,0.000,0.149,"",1.000,0.000,-0.500,34.528,0.000,0.994,118.703,-1.215,-12.772,32.056,-39.314,0.280
4.675,25.580,159.344,-632.732,11.279,9.263,0,0.000,0.144,"",1.000,0.000,-0.500,34.587,0.000,0.994,119.344,-1.215,-12.963,32.043,-39.567,0.280
4.695,25.469,159.984,-632.756,11.016,9.903,0,0.000,0.138,"",1.000,0.000,-0.500,34.647,0.000,0.994,119.984,-1.214,-13.154,32.030,-39.820,0.280
4.715,25.355,160.623,-632.780,10.749,10.543,0,0.000,0.132,"",1.000,0.000,-0.500,34.709,0.000,0.994,120.623,-1.214,-13.345,32.018,-40.072,0.280
4.735,25.241,161.263,-632.804,10.478,11.182,0,0.000,0.127,"",1.000,0.000,-0.500,34.770,0.000,0.995,121.263,-1.213,-13.536,32.005,-40.323,0.280
4.755,25.125,161.902,-632.829,10.204,11.821,0,0.000,0.122,"",1.000,0.000,-0.500,34.833,0.000,0.995,121.902,-1.213,-13.726,31.992,-40.574,0.280
4.775,25.007,162.541,-632.853,9.925,12.460,0,0.000,0.116,"",1.000,0.000,-0.500,34.897,0.000,0.995,122.541,-1.212,-13.917,31.979,-40.825,0.280
4.795,24.888,163.180,-632.877,9.643,13.098,0,0.000,0.111,"",1.000,0.000,-0.500,34.962,0.000,0.995,123.180,-1.212,-14.108,31.966,-41.075,0.280
4.815,24.767,163.819,-632.901,9.357,13.736,0,0.000,0.106,"",1.000,0.000,-0.500,35.028,0.000,0.996,123.819,-1.211,-14.298,31.954,-41.325,0.279
4.835,24.644,164.457,-632.926,9.068,14.374,0,0.000,0.101,"Ground_80_320:(0.000, 1.000, -0.004) separation=0.7176 impulse=0.000;Ground_80_320:(0.000, 1.000, -0.004) separation=0.6345 impulse=0.000;Ground_80_320:(0.000, 1.000, -0.004) separation=0.6215 impulse=0.000;Ground_80_320:(0.000, 1.000, -0.004) separation=0.6785 impulse=0.000;Ground_80_320:(0.000, 1.000, -0.004) separation=0.6331 impulse=0.000;Ground_80_320:(0.000, 1.000, -0.004) separation=0.6427 impulse=0.000;",1.000,0.000,-0.500,35.094,0.000,0.996,124.457,-1.211,-14.488,31.941,-41.574,0.279
4.855,24.318,165.090,-632.950,8.782,15.007,0,0.000,0.096,"Ground_80_320:(0.000, 1.000, -0.004) separation=0.5384 impulse=81.787;Ground_80_320:(0.000, 1.000, -0.004) separation=0.3443 impulse=81.787;Ground_80_320:(0.000, 1.000, -0.004) separation=0.3323 impulse=81.787;Ground_80_320:(0.000, 1.000, -0.004) separation=0.5505 impulse=81.787;Ground_80_320:(0.000, 1.000, -0.004) separation=0.3435 impulse=81.787;Ground_80_320:(0.000, 1.000, -0.004) separation=0.3493 impulse=81.787;",1.000,0.000,-0.500,35.006,0.000,0.997,125.090,-1.210,-14.307,31.926,-41.823,1.111
4.875,23.735,165.710,-632.971,8.664,15.627,4,45.000,5.367,"Ground_80_320:(0.000, 1.000, -0.004) separation=0.2353 impulse=1683.410;Ground_80_320:(0.000, 1.000, -0.004) separation=0.0696 impulse=1683.410;Ground_80_320:(0.000, 1.000, -0.004) separation=0.0665 impulse=1683.410;Ground_80_320:(0.000, 1.000, -0.004) separation=0.2385 impulse=1683.410;Ground_80_320:(0.000, 1.000, -0.004) separation=0.0668 impulse=1683.410;Ground_80_320:(0.000, 1.000, -0.004) separation=0.0695 impulse=1683.410;",1.000,0.000,-0.500,32.239,0.000,1.000,125.710,-0.539,-5.949,31.681,-41.986,3.021
