time,x,y,z,speed,vx,vy,vz,throttle,brake,steer,wheels,suspension,alignment,up,contact
0.009,1064.367,145.989,190.000,31.701,-31.701,-0.063,0.000,0.000,0.000,0.000,4,7.803,1.515,1.000,"Ground_Summit authored launch:(0.080, 0.997, 0.000) separation=0.08971068;Ground_Summit authored launch:(0.080, 0.997, 0.000) separation=0.2691263;Ground_Summit authored launch:(0.080, 0.997, 0.000) separation=0.08971067;Ground_Summit authored launch:(0.080, 0.997, 0.000) separation=0.2691263;Ground_Summit authored launch:(0.080, 0.997, 0.000) separation=0.1003169;Ground_Summit authored launch:(0.080, 0.997, 0.000) separation=0.1003169;Ground_Mountain_2_4:(0.080, 0.997, 0.000) separation=0.328945;Ground_Mountain_2_4:(0.080, 0.997, 0.000) separation=0.1495293;Ground_Mountain_2_4:(0.080, 0.997, 0.000) separation=0.328945;Ground_Mountain_2_4:(0.080, 0.997, 0.000) separation=0.1495293;Ground_Mountain_2_4:(0.080, 0.997, 0.000) separation=0.1495293;Ground_Mountain_2_4:(0.080, 0.997, 0.000) separation=0.1495293;"
0.029,1063.736,145.993,190.000,31.695,-31.695,0.223,0.000,0.150,0.000,0.000,4,12.198,0.873,1.000,"Ground_Summit authored launch:(0.080, 0.997, 0.000) separation=0.04012929;Ground_Summit authored launch:(0.080, 0.997, 0.000) separation=0.2150369;Ground_Summit authored launch:(0.080, 0.997, 0.000) separation=0.04012928;Ground_Summit authored launch:(0.080, 0.997, 0.000) separation=0.2150369;Ground_Summit authored launch:(0.080, 0.997, 0.000) separation=0.05959809;Ground_Summit authored launch:(0.080, 0.997, 0.000) separation=0.06171668;Ground_Mountain_2_4:(0.080, 0.997, 0.000) separation=0.274858;Ground_Mountain_2_4:(0.080, 0.997, 0.000) separation=0.09995286;Ground_Mountain_2_4:(0.080, 0.997, 0.000) separation=0.2748579;Ground_Mountain_2_4:(0.080, 0.997, 0.000) separation=0.09995288;Ground_Mountain_2_4:(0.080, 0.997, 0.000) separation=0.09995288;Ground_Mountain_2_4:(0.080, 0.997, 0.000) separation=0.1345399;"
0.049,1063.112,146.008,190.000,31.597,-31.593,0.741,-0.001,0.153,0.000,0.000,4,16.114,2.531,0.999,"Ground_Summit authored launch:(0.080, 0.997, 0.000) separation=0.008138351;Ground_Summit authored launch:(0.080, 0.997, 0.000) separation=0.1547254;Ground_Summit authored launch:(0.080, 0.997, 0.000) separation=0.00803997;Ground_Summit authored launch:(0.080, 0.997, 0.000) separation=0.1548238;Ground_Summit authored launch:(0.080, 0.997, 0.000) separation=0.03389844;Ground_Summit authored launch:(0.080, 0.997, 0.000) separation=0.03399709;Ground_Summit authored launch:(0.080, 0.997, 0.000) separation=0.05792919;Ground_Summit authored launch:(0.080, 0.997, 0.000) separation=0.05792919;Ground_Mountain_2_4:(0.080, 0.997, 0.000) separation=0.2145212;Ground_Mountain_2_4:(0.080, 0.997, 0.000) separation=0.0679398;Ground_Mountain_2_4:(0.080, 0.997, 0.000) separation=0.2146215;Ground_Mountain_2_4:(0.080, 0.997, 0.000) separation=0.06783952;Ground_Mountain_2_4:(0.080, 0.997, 0.000) separation=0.06788895;Ground_Mountain_2_4:(0.080, 0.997, 0.000) separation=0.1382519;"
0.069,1062.487,146.029,190.000,31.572,-31.571,1.062,-0.001,0.202,0.000,0.000,4,20.894,7.092,0.998,"Ground_Summit authored launch:(0.080, 0.997, 0.000) separation=0.001900535;Ground_Summit authored launch:(0.080, 0.997, 0.000) separation=0.08959311;Ground_Summit authored launch:(0.080, 0.997, 0.000) separation=0.001655267;Ground_Summit authored launch:(0.080, 0.997, 0.000) separation=0.08983837;Ground_Summit authored launch:(0.080, 0.997, 0.000) separation=0.002707928;Ground_Summit authored launch:(0.080, 0.997, 0.000) separation=0.00295487;Ground_Mountain_2_4:(0.080, 0.997, 0.000) separation=0.1493834;Ground_Mountain_2_4:(0.080, 0.997, 0.000) separation=0.06169394;Ground_Mountain_2_4:(0.080, 0.997, 0.000) separation=0.1496271;Ground_Mountain_2_4:(0.080, 0.997, 0.000) separation=0.0614502;Ground_Mountain_2_4:(0.080, 0.997, 0.000) separation=0.06155902;Ground_Mountain_2_4:(0.080, 0.997, 0.000) separation=0.06157079;"
0.089,1061.862,146.066,190.000,31.480,-31.431,1.852,0.000,0.214,0.000,0.000,4,26.483,7.158,0.997,"Ground_Summit authored launch:(0.080, 0.997, 0.000) separation=0.0004665963;Ground_Summit authored launch:(0.080, 0.997, 0.000) separation=0.03257953;Ground_Summit authored launch:(0.080, 0.997, 0.000) separation=0.0003589941;Ground_Summit authored launch:(0.080, 0.997, 0.000) separation=0.03268713;Ground_Summit authored launch:(0.080, 0.997, 0.000) separation=0.002548695;Ground_Summit authored launch:(0.080, 0.997, 0.000) separation=0.00282976;Ground_Mountain_2_4:(0.080, 0.997, 0.000) separation=0.09238743;Ground_Mountain_2_4:(0.080, 0.997, 0.000) separation=0.06027599;Ground_Mountain_2_4:(0.080, 0.997, 0.000) separation=0.09249624;Ground_Mountain_2_4:(0.080, 0.997, 0.000) separation=0.06016718;Ground_Mountain_2_4:(0.080, 0.997, 0.000) separation=0.06022173;Ground_Mountain_2_4:(0.080, 0.997, 0.000) separation=0.06502521;"
0.109,1061.235,146.113,190.000,31.447,-31.357,2.378,0.000,0.260,0.000,0.000,4,23.851,3.384,0.997,"Ground_Summit authored launch:(0.080, 0.997, 0.000) separation=9.736372E-05;Ground_Summit authored launch:(0.080, 0.997, 0.000) separation=0.006488931;Ground_Summit authored launch:(0.080, 0.997, 0.000) separation=5.600683E-05;Ground_Summit authored launch:(0.080, 0.997, 0.000) separation=0.006530288;Ground_Summit authored launch:(0.080, 0.997, 0.000) separation=0.0008789599;Ground_Summit authored launch:(0.080, 0.997, 0.000) separation=0.0009204447;Ground_Mountain_2_4:(0.080, 0.997, 0.000) separation=0.06630099;Ground_Mountain_2_4:(0.080, 0.997, 0.000) separation=0.05990916;Ground_Mountain_2_4:(0.080, 0.997, 0.000) separation=0.06634303;Ground_Mountain_2_4:(0.080, 0.997, 0.000) separation=0.05986713;Ground_Mountain_2_4:(0.080, 0.997, 0.000) separation=0.0598869;Ground_Mountain_2_4:(0.080, 0.997, 0.000) separation=0.0626407;"
0.129,1060.608,146.165,190.000,31.467,-31.361,2.590,0.001,0.276,0.000,0.000,4,20.360,0.676,0.997,"Ground_Summit authored launch:(0.080, 0.997, 0.000) separation=1.164968E-05;Ground_Summit authored launch:(0.080, 0.997, 0.000) separation=0.001352542;Ground_Summit authored launch:(0.080, 0.997, 0.000) separation=6.646325E-05;Ground_Summit authored launch:(0.080, 0.997, 0.000) separation=0.001297728;Ground_Summit authored launch:(0.080, 0.997, 0.000) separation=0.0002413392;Ground_Summit authored launch:(0.080, 0.997, 0.000) separation=0.0003116727;Ground_Summit authored launch:(0.080, 0.997, 0.000) separation=0.05001721;Ground_Summit authored launch:(0.080, 0.997, 0.000) separation=0.05001721;Ground_Mountain_2_4:(0.080, 0.997, 0.000) separation=0.06115251;Ground_Mountain_2_4:(0.080, 0.997, 0.000) separation=0.05982433;Ground_Mountain_2_4:(0.080, 0.997, 0.000) separation=0.06109546;Ground_Mountain_2_4:(0.080, 0.997, 0.000) separation=0.05988138;Ground_Mountain_2_4:(0.080, 0.997, 0.000) separation=0.05984664;Ground_Mountain_2_4:(0.080, 0.997, 0.000) separation=0.05985406;"
0.149,1059.981,146.220,190.000,31.486,-31.364,2.775,0.001,0.266,0.000,0.000,4,19.007,0.555,0.997,"Ground_Summit authored launch:(0.080, 0.997, 0.000) separation=0.003597783;Ground_Summit authored launch:(0.080, 0.997, 0.000) separation=0.001015826;Ground_Summit authored launch:(0.080, 0.997, 0.000) separation=0.003713977;Ground_Summit authored launch:(0.080, 0.997, 0.000) separation=0.0008996311;Ground_Summit authored launch:(0.080, 0.997, 0.000) separation=0.001158029;Ground_Summit authored launch:(0.080, 0.997, 0.000) separation=0.001241684;Ground_Mountain_2_4:(0.080, 0.997, 0.000) separation=0.06084161;Ground_Mountain_2_4:(0.080, 0.997, 0.000) separation=0.06341575;Ground_Mountain_2_4:(0.080, 0.997, 0.000) separation=0.06072512;Ground_Mountain_2_4:(0.080, 0.997, 0.000) separation=0.06353225;Ground_Mountain_2_4:(0.080, 0.997, 0.000) separation=0.06078213;Ground_Mountain_2_4:(0.080, 0.997, 0.000) separation=0.06083769;"
0.169,1059.354,146.279,190.000,31.502,-31.367,2.931,0.001,0.257,0.000,0.000,4,17.521,0.448,0.997,"Ground_Summit authored launch:(0.080, 0.997, 0.000) separation=0.01037466;Ground_Summit authored launch:(0.080, 0.997, 0.000) separation=0.004854356;Ground_Summit authored launch:(0.080, 0.997, 0.000) separation=0.01054349;Ground_Summit authored launch:(0.080, 0.997, 0.000) separation=0.004685531;Ground_Summit authored launch:(0.080, 0.997, 0.000) separation=0.004871577;Ground_Summit authored launch:(0.080, 0.997, 0.000) separation=0.005040526;Ground_Mountain_2_4:(0.080, 0.997, 0.000) separation=0.0646778;Ground_Mountain_2_4:(0.080, 0.997, 0.000) separation=0.07019047;Ground_Mountain_2_4:(0.080, 0.997, 0.000) separation=0.06450934;Ground_Mountain_2_4:(0.080, 0.997, 0.000) separation=0.07035894;Ground_Mountain_2_4:(0.080, 0.997, 0.000) separation=0.06459352;Ground_Mountain_2_4:(0.080, 0.997, 0.000) separation=0.06639317;"
0.189,1058.727,146.340,190.000,31.517,-31.371,3.055,0.001,0.249,0.000,0.000,4,15.980,0.354,0.996,"Ground_Summit authored launch:(0.080, 0.997, 0.000) separation=0.01982421;Ground_Summit authored launch:(0.080, 0.997, 0.000) separation=0.01219516;Ground_Summit authored launch:(0.080, 0.997, 0.000) separation=0.02003752;Ground_Summit authored launch:(0.080, 0.997, 0.000) separation=0.01198185;Ground_Summit authored launch:(0.080, 0.997, 0.000) separation=0.01353902;Ground_Summit authored launch:(0.080, 0.997, 0.000) separation=0.01375252;Ground_Mountain_2_4:(0.080, 0.997, 0.000) separation=0.07200154;Ground_Mountain_2_4:(0.080, 0.997, 0.000) separation=0.07962555;Ground_Mountain_2_4:(0.080, 0.997, 0.000) separation=0.0717885;Ground_Mountain_2_4:(0.080, 0.997, 0.000) separation=0.07983858;Ground_Mountain_2_4:(0.080, 0.997, 0.000) separation=0.071895;Ground_Mountain_2_4:(0.080, 0.997, 0.000) separation=0.07219267;"
0.209,1058.100,146.403,190.000,31.530,-31.376,3.149,0.002,0.242,0.000,0.000,4,14.446,0.274,0.996,"Ground_Summit authored launch:(0.080, 0.997, 0.000) separation=0.03142592;Ground_Summit authored launch:(0.080, 0.997, 0.000) separation=0.0223715;Ground_Summit authored launch:(0.080, 0.997, 0.000) separation=0.03167627;Ground_Summit authored launch:(0.080, 0.997, 0.000) separation=0.02212114;Ground_Summit authored launch:(0.080, 0.997, 0.000) separation=0.02349156;Ground_Summit authored launch:(0.080, 0.997, 0.000) separation=0.02362984;Ground_Mountain_2_4:(0.080, 0.997, 0.000) separation=0.08218288;Ground_Mountain_2_4:(0.080, 0.997, 0.000) separation=0.09123051;Ground_Mountain_2_4:(0.080, 0.997, 0.000) separation=0.08193269;Ground_Mountain_2_4:(0.080, 0.997, 0.000) separation=0.09148071;Ground_Mountain_2_4:(0.080, 0.997, 0.000) separation=0.08205655;Ground_Mountain_2_4:(0.080, 0.997, 0.000) separation=0.08212957;"
0.229,1057.472,146.467,190.000,31.542,-31.382,3.213,0.002,0.235,0.000,0.000,4,12.972,0.205,0.996,"Ground_Summit authored launch:(0.080, 0.997, 0.000) separation=0.04459806;Ground_Summit authored launch:(0.080, 0.997, 0.000) separation=0.03468071;Ground_Summit authored launch:(0.080, 0.997, 0.000) separation=0.04487867;Ground_Summit authored launch:(0.080, 0.997, 0.000) separation=0.0344001;Ground_Summit authored launch:(0.080, 0.997, 0.000) separation=0.03525549;Ground_Summit authored launch:(0.080, 0.997, 0.000) separation=0.03553638;Ground_Mountain_2_4:(0.080, 0.997, 0.000) separation=0.0944858;Ground_Mountain_2_4:(0.080, 0.997, 0.000) separation=0.1044044;Ground_Mountain_2_4:(0.080, 0.997, 0.000) separation=0.09420579;Ground_Mountain_2_4:(0.080, 0.997, 0.000) separation=0.1046844;Ground_Mountain_2_4:(0.080, 0.997, 0.000) separation=0.0943445;Ground_Mountain_2_4:(0.080, 0.997, 0.000) separation=0.09811032;"
0.249,1056.844,146.532,190.000,31.552,-31.390,3.250,0.002,0.229,0.000,0.000,4,11.600,0.147,0.996,"Ground_Summit authored launch:(0.080, 0.997, 0.000) separation=0.05880743;Ground_Summit authored launch:(0.080, 0.997, 0.000) separation=0.04849116;Ground_Summit authored launch:(0.080, 0.997, 0.000) separation=0.05911211;Ground_Summit authored launch:(0.080, 0.997, 0.000) separation=0.04818648;Ground_Summit authored launch:(0.080, 0.997, 0.000) separation=0.04853198;Ground_Summit authored launch:(0.080, 0.997, 0.000) separation=0.04870886;Ground_Mountain_2_4:(0.080, 0.997, 0.000) separation=0.1082899;Ground_Mountain_2_4:(0.080, 0.997, 0.000) separation=0.1186025;Ground_Mountain_2_4:(0.080, 0.997, 0.000) separation=0.1079851;Ground_Mountain_2_4:(0.080, 0.997, 0.000) separation=0.1189073;Ground_Mountain_2_4:(0.080, 0.997, 0.000) separation=0.1081386;Ground_Mountain_2_4:(0.080, 0.997, 0.000) separation=0.1090707;"
0.269,1056.216,146.597,190.000,31.562,-31.399,3.262,0.002,0.224,0.000,0.000,4,10.361,0.099,0.996,"Ground_Summit authored launch:(0.080, 0.997, 0.000) separation=0.07355598;Ground_Summit authored launch:(0.080, 0.997, 0.000) separation=0.06320294;Ground_Summit authored launch:(0.080, 0.997, 0.000) separation=0.07387913;Ground_Summit authored launch:(0.080, 0.997, 0.000) separation=0.06287979;Ground_Summit authored launch:(0.080, 0.997, 0.000) separation=0.06499755;Ground_Summit authored launch:(0.080, 0.997, 0.000) separation=0.06519184;Ground_Mountain_2_4:(0.080, 0.997, 0.000) separation=0.1230075;Ground_Mountain_2_4:(0.080, 0.997, 0.000) separation=0.1333601;Ground_Mountain_2_4:(0.080, 0.997, 0.000) separation=0.1226828;Ground_Mountain_2_4:(0.080, 0.997, 0.000) separation=0.1336848;Ground_Mountain_2_4:(0.080, 0.997, 0.000) separation=0.1228463;Ground_Mountain_2_4:(0.080, 0.997, 0.000) separation=0.1228831;"
0.289,1055.588,146.663,190.000,31.571,-31.408,3.253,0.002,0.219,0.000,0.000,4,9.271,0.060,0.996,"Ground_Summit authored launch:(0.080, 0.997, 0.000) separation=0.08839931;Ground_Summit authored launch:(0.080, 0.997, 0.000) separation=0.07829521;Ground_Summit authored launch:(0.080, 0.997, 0.000) separation=0.08873592;Ground_Summit authored launch:(0.080, 0.997, 0.000) separation=0.0779586;Ground_Summit authored launch:(0.080, 0.997, 0.000) separation=0.07936591;Ground_Summit authored launch:(0.080, 0.997, 0.000) separation=0.07970276;Ground_Mountain_2_4:(0.080, 0.997, 0.000) separation=0.1380913;Ground_Mountain_2_4:(0.080, 0.997, 0.000) separation=0.1482124;Ground_Mountain_2_4:(0.080, 0.997, 0.000) separation=0.1377544;Ground_Mountain_2_4:(0.080, 0.997, 0.000) separation=0.1485493;Ground_Mountain_2_4:(0.080, 0.997, 0.000) separation=0.1379228;Ground_Mountain_2_4:(0.080, 0.997, 0.000) separation=0.1422925;"
0.309,1054.959,146.727,190.000,31.579,-31.419,3.224,0.002,0.215,0.000,0.000,4,8.348,0.030,0.996,"Ground_Summit authored launch:(0.080, 0.997, 0.000) separation=0.1029222;Ground_Summit authored launch:(0.080, 0.997, 0.000) separation=0.09326879;Ground_Summit authored launch:(0.080, 0.997, 0.000) separation=0.1032678;Ground_Summit authored launch:(0.080, 0.997, 0.000) separation=0.09292322;Ground_Summit authored launch:(0.080, 0.997, 0.000) separation=0.09375116;Ground_Summit authored launch:(0.080, 0.997, 0.000) separation=0.09397626;Ground_Mountain_2_4:(0.080, 0.997, 0.000) separation=0.153066;Ground_Mountain_2_4:(0.080, 0.997, 0.000) separation=0.1627251;Ground_Mountain_2_4:(0.080, 0.997, 0.000) separation=0.1527216;Ground_Mountain_2_4:(0.080, 0.997, 0.000) separation=0.1630695;Ground_Mountain_2_4:(0.080, 0.997, 0.000) separation=0.152895;Ground_Mountain_2_4:(0.080, 0.997, 0.000) separation=0.1542537;"
0.329,1054.331,146.791,190.000,31.586,-31.430,3.181,0.002,0.211,0.000,0.000,4,7.594,0.013,0.996,"Ground_Summit authored launch:(0.080, 0.997, 0.000) separation=0.1167946;Ground_Summit authored launch:(0.080, 0.997, 0.000) separation=0.1077339;Ground_Summit authored launch:(0.080, 0.997, 0.000) separation=0.1171451;Ground_Summit authored launch:(0.080, 0.997, 0.000) separation=0.1073833;Ground_Summit authored launch:(0.080, 0.997, 0.000) separation=0.1075621;Ground_Summit authored launch:(0.080, 0.997, 0.000) separation=0.1079129;Ground_Mountain_2_4:(0.080, 0.997, 0.000) separation=0.1675383;Ground_Mountain_2_4:(0.080, 0.997, 0.000) separation=0.1766007;Ground_Mountain_2_4:(0.080, 0.997, 0.000) separation=0.1671889;Ground_Mountain_2_4:(0.080, 0.997, 0.000) separation=0.1769501;Ground_Mountain_2_4:(0.080, 0.997, 0.000) separation=0.1673419;Ground_Mountain_2_4:(0.080, 0.997, 0.000) separation=0.1673482;"
0.349,1053.702,146.853,190.000,31.593,-31.442,3.126,0.002,0.207,0.000,0.000,4,7.003,0.021,0.997,"Ground_Summit authored launch:(0.080, 0.997, 0.000) separation=0.1297321;Ground_Summit authored launch:(0.080, 0.997, 0.000) separation=0.1213613;Ground_Summit authored launch:(0.080, 0.997, 0.000) separation=0.130084;Ground_Summit authored launch:(0.080, 0.997, 0.000) separation=0.1210093;Ground_Summit authored launch:(0.080, 0.997, 0.000) separation=0.1226151;Ground_Summit authored launch:(0.080, 0.997, 0.000) separation=0.1229673;Ground_Mountain_2_4:(0.080, 0.997, 0.000) separation=0.18117;Ground_Mountain_2_4:(0.080, 0.997, 0.000) separation=0.1895321;Ground_Mountain_2_4:(0.080, 0.997, 0.000) separation=0.1808182;Ground_Mountain_2_4:(0.080, 0.997, 0.000) separation=0.189884;Ground_Mountain_2_4:(0.080, 0.997, 0.000) separation=0.1809939;Ground_Mountain_2_4:(0.080, 0.997, 0.000) separation=0.1850339;"
0.369,1053.073,146.914,190.000,31.599,-31.453,3.063,0.002,0.204,0.000,0.000,4,6.574,0.034,0.997,"Ground_Summit authored launch:(0.080, 0.997, 0.000) separation=0.141551;Ground_Summit authored launch:(0.080, 0.997, 0.000) separation=0.1339271;Ground_Summit authored launch:(0.080, 0.997, 0.000) separation=0.1419013;Ground_Summit authored launch:(0.080, 0.997, 0.000) separation=0.1335768;Ground_Summit authored launch:(0.080, 0.997, 0.000) separation=0.1346316;Ground_Summit authored launch:(0.080, 0.997, 0.000) separation=0.1348858;Ground_Mountain_2_4:(0.080, 0.997, 0.000) separation=0.1937141;Ground_Mountain_2_4:(0.080, 0.997, 0.000) separation=0.2013441;Ground_Mountain_2_4:(0.080, 0.997, 0.000) separation=0.1933647;Ground_Mountain_2_4:(0.080, 0.997, 0.000) separation=0.2016935;Ground_Mountain_2_4:(0.080, 0.997, 0.000) separation=0.1935381;Ground_Mountain_2_4:(0.080, 0.997, 0.000) separation=0.1949744;"
0.389,1052.443,146.974,190.000,31.605,-31.465,2.993,0.002,0.201,0.000,0.000,4,6.293,0.043,0.997,"Ground_Summit authored launch:(0.080, 0.997, 0.000) separation=0.1520457;Ground_Summit authored launch:(0.080, 0.997, 0.000) separation=0.1451932;Ground_Summit authored launch:(0.080, 0.997, 0.000) separation=0.1523916;Ground_Summit authored launch:(0.080, 0.997, 0.000) separation=0.1448472;Ground_Summit authored launch:(0.080, 0.997, 0.000) separation=0.1453392;Ground_Summit authored launch:(0.080, 0.997, 0.000) separation=0.1456853;Ground_Mountain_2_4:(0.080, 0.997, 0.000) separation=0.2050143;Ground_Mountain_2_4:(0.080, 0.997, 0.000) separation=0.2118551;Ground_Mountain_2_4:(0.080, 0.997, 0.000) separation=0.2046673;Ground_Mountain_2_4:(0.080, 0.997, 0.000) separation=0.2122021;Ground_Mountain_2_4:(0.080, 0.997, 0.000) separation=0.2047614;Ground_Mountain_2_4:(0.080, 0.997, 0.000) separation=0.2048406;"
0.409,1051.814,147.033,190.000,31.610,-31.476,2.921,0.002,0.198,0.000,0.000,4,6.148,0.050,0.997,"Ground_Summit authored launch:(0.080, 0.997, 0.000) separation=0.1611678;Ground_Summit authored launch:(0.080, 0.997, 0.000) separation=0.1550857;Ground_Summit authored launch:(0.080, 0.997, 0.000) separation=0.1615071;Ground_Summit authored launch:(0.080, 0.997, 0.000) separation=0.1547463;Ground_Summit authored launch:(0.080, 0.997, 0.000) separation=0.1548516;Ground_Summit authored launch:(0.080, 0.997, 0.000) separation=0.1551136;Ground_Mountain_2_4:(0.080, 0.997, 0.000) separation=0.2149048;Ground_Mountain_2_4:(0.080, 0.997, 0.000) separation=0.2209822;Ground_Mountain_2_4:(0.080, 0.997, 0.000) separation=0.2145652;Ground_Mountain_2_4:(0.080, 0.997, 0.000) separation=0.2213218;Ground_Mountain_2_4:(0.080, 0.997, 0.000) separation=0.214736;Ground_Mountain_2_4:(0.080, 0.997, 0.000) separation=0.2179814;"
0.429,1051.184,147.090,190.000,31.615,-31.487,2.849,0.002,0.195,0.000,0.000,4,6.122,0.054,0.997,"Ground_Summit authored launch:(0.080, 0.997, 0.000) separation=0.1688355;Ground_Summit authored launch:(0.080, 0.997, 0.000) separation=0.1635034;Ground_Summit authored launch:(0.080, 0.997, 0.000) separation=0.1691663;Ground_Summit authored launch:(0.080, 0.997, 0.000) separation=0.1631726;Ground_Summit authored launch:(0.080, 0.997, 0.000) separation=0.1641993;Ground_Summit authored launch:(0.080, 0.997, 0.000) separation=0.1644619;Ground_Mountain_2_4:(0.080, 0.997, 0.000) separation=0.2232746;Ground_Mountain_2_4:(0.080, 0.997, 0.000) separation=0.2286063;Ground_Mountain_2_4:(0.080, 0.997, 0.000) separation=0.2229425;Ground_Mountain_2_4:(0.080, 0.997, 0.000) separation=0.2289384;Ground_Mountain_2_4:(0.080, 0.997, 0.000) separation=0.2231082;Ground_Mountain_2_4:(0.080, 0.997, 0.000) separation=0.2243663;"
0.449,1050.554,147.145,190.001,31.620,-31.498,2.778,0.002,0.193,0.000,0.000,4,6.200,0.055,0.997,"Ground_Summit authored launch:(0.080, 0.997, 0.000) separation=0.1750409;Ground_Summit authored launch:(0.080, 0.997, 0.000) separation=0.1704242;Ground_Summit authored launch:(0.080, 0.997, 0.000) separation=0.1753615;Ground_Summit authored launch:(0.080, 0.997, 0.000) separation=0.1701037;Ground_Summit authored launch:(0.080, 0.997, 0.000) separation=0.1706823;Ground_Summit authored launch:(0.080, 0.997, 0.000) separation=0.1710029;Ground_Mountain_2_4:(0.080, 0.997, 0.000) separation=0.2302558;Ground_Mountain_2_4:(0.080, 0.997, 0.000) separation=0.2348616;Ground_Mountain_2_4:(0.080, 0.997, 0.000) separation=0.2299336;Ground_Mountain_2_4:(0.080, 0.997, 0.000) separation=0.2351838;Ground_Mountain_2_4:(0.080, 0.997, 0.000) separation=0.2299665;Ground_Mountain_2_4:(0.080, 0.997, 0.000) separation=0.2300945;"
0.469,1049.924,147.200,190.001,31.624,-31.508,2.710,0.002,0.190,0.000,0.000,4,6.362,0.055,0.997,"Ground_Summit authored launch:(0.080, 0.997, 0.000) separation=0.1798698;Ground_Summit authored launch:(0.080, 0.997, 0.000) separation=0.1759137;Ground_Summit authored launch:(0.080, 0.997, 0.000) separation=0.1801788;Ground_Summit authored launch:(0.080, 0.997, 0.000) separation=0.1756047;Ground_Summit authored launch:(0.080, 0.997, 0.000) separation=0.1758819;Ground_Summit authored launch:(0.080, 0.997, 0.000) separation=0.1761396;Ground_Mountain_2_4:(0.080, 0.997, 0.000) separation=0.2357186;Ground_Mountain_2_4:(0.080, 0.997, 0.000) separation=0.2396743;Ground_Mountain_2_4:(0.080, 0.997, 0.000) separation=0.2354087;Ground_Mountain_2_4:(0.080, 0.997, 0.000) separation=0.2399841;Ground_Mountain_2_4:(0.080, 0.997, 0.000) separation=0.2355647;Ground_Mountain_2_4:(0.080, 0.997, 0.000) separation=0.2378851;"
0.489,1049.293,147.252,190.001,31.628,-31.517,2.647,0.002,0.188,0.000,0.000,4,6.593,0.053,0.997,"Ground_Summit authored launch:(0.080, 0.997, 0.000) separation=0.1833325;Ground_Summit authored launch:(0.080, 0.997, 0.000) separation=0.1799888;Ground_Summit authored launch:(0.080, 0.997, 0.000) separation=0.1836289;Ground_Summit authored launch:(0.080, 0.997, 0.000) separation=0.1796924;Ground_Summit authored launch:(0.080, 0.997, 0.000) separation=0.1805257;Ground_Summit authored launch:(0.080, 0.997, 0.000) separation=0.1807784;Ground_Mountain_2_4:(0.080, 0.997, 0.000) separation=0.2397795;Ground_Mountain_2_4:(0.080, 0.997, 0.000) separation=0.2431141;Ground_Mountain_2_4:(0.080, 0.997, 0.000) separation=0.2394845;Ground_Mountain_2_4:(0.080, 0.997, 0.000) separation=0.2434091;Ground_Mountain_2_4:(0.080, 0.997, 0.000) separation=0.2396305;Ground_Mountain_2_4:(0.080, 0.997, 0.000) separation=0.2405676;"
0.509,1048.663,147.304,190.001,31.632,-31.525,2.589,0.002,0.186,0.000,0.000,4,6.876,0.051,0.997,"Ground_Summit authored launch:(0.080, 0.997, 0.000) separation=0.1855505;Ground_Summit authored launch:(0.080, 0.997, 0.000) separation=0.18277;Ground_Summit authored launch:(0.080, 0.997, 0.000) separation=0.1858334;Ground_Summit authored launch:(0.080, 0.997, 0.000) separation=0.1824871;Ground_Summit authored launch:(0.080, 0.997, 0.000) separation=0.182992;Ground_Summit authored launch:(0.080, 0.997, 0.000) separation=0.183275;Ground_Mountain_2_4:(0.080, 0.997, 0.000) separation=0.2425882;Ground_Mountain_2_4:(0.080, 0.997, 0.000) separation=0.2453801;Ground_Mountain_2_4:(0.080, 0.997, 0.000) separation=0.2423056;Ground_Mountain_2_4:(0.080, 0.997, 0.000) separation=0.2456628;Ground_Mountain_2_4:(0.080, 0.997, 0.000) separation=0.242363;Ground_Mountain_2_4:(0.080, 0.997, 0.000) separation=0.2424465;"
0.529,1048.032,147.355,190.001,31.635,-31.533,2.538,0.002,0.184,0.000,0.000,4,7.196,0.048,0.997,"Ground_Summit authored launch:(0.080, 0.997, 0.000) separation=0.1866253;Ground_Summit authored launch:(0.080, 0.997, 0.000) separation=0.1843547;Ground_Summit authored launch:(0.080, 0.997, 0.000) separation=0.1868943;Ground_Summit authored launch:(0.080, 0.997, 0.000) separation=0.1840858;Ground_Summit authored launch:(0.080, 0.997, 0.000) separation=0.1843766;Ground_Summit authored launch:(0.080, 0.997, 0.000) separation=0.1846146;Ground_Mountain_2_4:(0.080, 0.997, 0.000) separation=0.2441458;Ground_Mountain_2_4:(0.080, 0.997, 0.000) separation=0.2464308;Ground_Mountain_2_4:(0.080, 0.997, 0.000) separation=0.2438756;Ground_Mountain_2_4:(0.080, 0.997, 0.000) separation=0.2467011;Ground_Mountain_2_4:(0.080, 0.997, 0.000) separation=0.2440092;Ground_Mountain_2_4:(0.080, 0.997, 0.000) separation=0.2441198;"
0.549,1047.401,147.405,190.001,31.638,-31.540,2.493,0.002,0.183,0.000,0.000,4,7.538,0.044,0.997,"Ground_Summit authored launch:(0.080, 0.997, 0.000) separation=0.1866902;Ground_Summit authored launch:(0.080, 0.997, 0.000) separation=0.1848781;Ground_Summit authored launch:(0.080, 0.997, 0.000) separation=0.1869447;Ground_Summit authored launch:(0.080, 0.997, 0.000) separation=0.1846236;Ground_Summit authored launch:(0.080, 0.997, 0.000) separation=0.1847269;Ground_Summit authored launch:(0.080, 0.997, 0.000) separation=0.1849813;Ground_Mountain_2_4:(0.080, 0.997, 0.000) separation=0.2447056;Ground_Mountain_2_4:(0.080, 0.997, 0.000) separation=0.2465208;Ground_Mountain_2_4:(0.080, 0.997, 0.000) separation=0.2444502;Ground_Mountain_2_4:(0.080, 0.997, 0.000) separation=0.2467762;Ground_Mountain_2_4:(0.080, 0.997, 0.000) separation=0.2445788;Ground_Mountain_2_4:(0.080, 0.997, 0.000) separation=0.2451716;"
0.569,1046.770,147.454,190.001,31.641,-31.546,2.456,0.002,0.181,0.000,0.000,4,7.888,0.040,0.997,"Ground_Summit authored launch:(0.080, 0.997, 0.000) separation=0.1859167;Ground_Summit authored launch:(0.080, 0.997, 0.000) separation=0.1844993;Ground_Summit authored launch:(0.080, 0.997, 0.000) separation=0.1861564;Ground_Summit authored launch:(0.080, 0.997, 0.000) separation=0.1842596;Ground_Summit authored launch:(0.080, 0.997, 0.000) separation=0.1846141;Ground_Summit authored launch:(0.080, 0.997, 0.000) separation=0.1848538;Ground_Mountain_2_4:(0.080, 0.997, 0.000) separation=0.2442992;Ground_Mountain_2_4:(0.080, 0.997, 0.000) separation=0.245732;Ground_Mountain_2_4:(0.080, 0.997, 0.000) separation=0.2440587;Ground_Mountain_2_4:(0.080, 0.997, 0.000) separation=0.2459725;Ground_Mountain_2_4:(0.080, 0.997, 0.000) separation=0.2441702;Ground_Mountain_2_4:(0.080, 0.997, 0.000) separation=0.2441799;"
0.589,1046.139,147.502,190.001,31.644,-31.551,2.425,0.001,0.180,0.000,0.000,4,8.238,0.036,0.997,"Ground_Summit authored launch:(0.080, 0.997, 0.000) separation=0.1843893;Ground_Summit authored launch:(0.080, 0.997, 0.000) separation=0.1833125;Ground_Summit authored launch:(0.080, 0.997, 0.000) separation=0.1846142;Ground_Summit authored launch:(0.080, 0.997, 0.000) separation=0.1830876;Ground_Summit authored launch:(0.080, 0.997, 0.000) separation=0.1832979;Ground_Summit authored launch:(0.080, 0.997, 0.000) separation=0.1835071;Ground_Mountain_2_4:(0.080, 0.997, 0.000) separation=0.2431338;Ground_Mountain_2_4:(0.080, 0.997, 0.000) separation=0.2442056;Ground_Mountain_2_4:(0.080, 0.997, 0.000) separation=0.2429081;Ground_Mountain_2_4:(0.080, 0.997, 0.000) separation=0.2444313;Ground_Mountain_2_4:(0.080, 0.997, 0.000) separation=0.2430194;Ground_Mountain_2_4:(0.080, 0.997, 0.000) separation=0.243074;"
0.609,1045.508,147.551,190.001,31.646,-31.555,2.402,0.001,0.178,0.000,0.000,4,8.578,0.032,0.997,"Ground_Summit authored launch:(0.080, 0.997, 0.000) separation=0.1824877;Ground_Summit authored launch:(0.080, 0.997, 0.000) separation=0.1812813;Ground_Summit authored launch:(0.080, 0.997, 0.000) separation=0.1814914;Ground_Summit authored launch:(0.080, 0.997, 0.000) separation=0.1822776;Ground_Summit authored launch:(0.080, 0.997, 0.000) separation=0.1813782;Ground_Summit authored launch:(0.080, 0.997, 0.000) separation=0.1815883;Ground_Mountain_2_4:(0.080, 0.997, 0.000) separation=0.2413182;Ground_Mountain_2_4:(0.080, 0.997, 0.000) separation=0.2420985;Ground_Mountain_2_4:(0.080, 0.997, 0.000) separation=0.2411074;Ground_Mountain_2_4:(0.080, 0.997, 0.000) separation=0.2423093;Ground_Mountain_2_4:(0.080, 0.997, 0.000) separation=0.2412114;Ground_Mountain_2_4:(0.080, 0.997, 0.000) separation=0.2414941;"
0.629,1044.877,147.598,190.001,31.648,-31.559,2.385,0.001,0.177,0.000,0.000,4,8.900,0.028,0.997,"Ground_Summit authored launch:(0.080, 0.997, 0.000) separation=0.1798944;Ground_Summit authored launch:(0.080, 0.997, 0.000) separation=0.1789621;Ground_Summit authored launch:(0.080, 0.997, 0.000) separation=0.1791575;Ground_Summit authored launch:(0.080, 0.997, 0.000) separation=0.1796989;Ground_Summit authored launch:(0.080, 0.997, 0.000) separation=0.1789951;Ground_Summit authored launch:(0.080, 0.997, 0.000) separation=0.1791549;Ground_Mountain_2_4:(0.080, 0.997, 0.000) separation=0.2389745;Ground_Mountain_2_4:(0.080, 0.997, 0.000) separation=0.2395169;Ground_Mountain_2_4:(0.080, 0.997, 0.000) separation=0.2387811;Ground_Mountain_2_4:(0.080, 0.997, 0.000) separation=0.2397103;Ground_Mountain_2_4:(0.080, 0.997, 0.000) separation=0.2388659;Ground_Mountain_2_4:(0.080, 0.997, 0.000) separation=0.2388775;"
0.649,1044.246,147.646,190.001,31.651,-31.562,2.373,0.001,0.176,0.000,0.000,4,9.198,0.025,0.997,"Ground_Summit authored launch:(0.080, 0.997, 0.000) separation=0.1769871;Ground_Summit authored launch:(0.080, 0.997, 0.000) separation=0.1762868;Ground_Summit authored launch:(0.080, 0.997, 0.000) separation=0.1764679;Ground_Summit authored launch:(0.080, 0.997, 0.000) separation=0.176806;Ground_Summit authored launch:(0.080, 0.997, 0.000) separation=0.1763955;Ground_Summit authored launch:(0.080, 0.997, 0.000) separation=0.1765081;Ground_Mountain_2_4:(0.080, 0.997, 0.000) separation=0.2362878;Ground_Mountain_2_4:(0.080, 0.997, 0.000) separation=0.2366224;Ground_Mountain_2_4:(0.080, 0.997, 0.000) separation=0.2361068;Ground_Mountain_2_4:(0.080, 0.997, 0.000) separation=0.2368034;Ground_Mountain_2_4:(0.080, 0.997, 0.000) separation=0.2361958;Ground_Mountain_2_4:(0.080, 0.997, 0.000) separation=0.2362095;"
0.669,1043.614,147.693,190.001,31.653,-31.564,2.367,0.001,0.175,0.000,0.000,4,9.467,0.021,0.997,"Ground_Summit authored launch:(0.080, 0.997, 0.000) separation=0.1738702;Ground_Summit authored launch:(0.080, 0.997, 0.000) separation=0.1733636;Ground_Summit authored launch:(0.080, 0.997, 0.000) separation=0.1735307;Ground_Summit authored launch:(0.080, 0.997, 0.000) separation=0.1737031;Ground_Summit authored launch:(0.080, 0.997, 0.000) separation=0.1734128;Ground_Summit authored launch:(0.080, 0.997, 0.000) separation=0.1734906;Ground_Mountain_2_4:(0.080, 0.997, 0.000) separation=0.2333413;Ground_Mountain_2_4:(0.080, 0.997, 0.000) separation=0.2335043;Ground_Mountain_2_4:(0.080, 0.997, 0.000) separation=0.2331752;Ground_Mountain_2_4:(0.080, 0.997, 0.000) separation=0.2336704;Ground_Mountain_2_4:(0.080, 0.997, 0.000) separation=0.2332567;Ground_Mountain_2_4:(0.080, 0.997, 0.000) separation=0.233312;"
0.689,1042.983,147.740,190.001,31.654,-31.566,2.366,0.000,0.174,0.000,0.000,4,9.703,0.018,0.997,"Ground_Summit authored launch:(0.080, 0.997, 0.000) separation=0.1706493;Ground_Summit authored launch:(0.080, 0.997, 0.000) separation=0.1703025;Ground_Summit authored launch:(0.080, 0.997, 0.000) separation=0.1704559;Ground_Summit authored launch:(0.080, 0.997, 0.000) separation=0.1704959;Ground_Summit authored launch:(0.080, 0.997, 0.000) separation=0.1703204;Ground_Summit authored launch:(0.080, 0.997, 0.000) separation=0.1703623;Ground_Mountain_2_4:(0.080, 0.997, 0.000) separation=0.230263;Ground_Mountain_2_4:(0.080, 0.997, 0.000) separation=0.2303028;Ground_Mountain_2_4:(0.080, 0.997, 0.000) separation=0.2301092;Ground_Mountain_2_4:(0.080, 0.997, 0.000) separation=0.2304565;Ground_Mountain_2_4:(0.080, 0.997, 0.000) separation=0.2301427;Ground_Mountain_2_4:(0.080, 0.997, 0.000) separation=0.2301724;"
0.709,1042.352,147.788,190.001,31.656,-31.568,2.369,0.000,0.173,0.000,0.000,4,9.908,0.015,0.997,"Ground_Summit authored launch:(0.080, 0.997, 0.000) separation=0.1674027;Ground_Summit authored launch:(0.080, 0.997, 0.000) separation=0.1671863;Ground_Summit authored launch:(0.080, 0.997, 0.000) separation=0.1673265;Ground_Summit authored launch:(0.080, 0.997, 0.000) separation=0.1672625;Ground_Summit authored launch:(0.080, 0.997, 0.000) separation=0.1671885;Ground_Summit authored launch:(0.080, 0.997, 0.000) separation=0.1672058;Ground_Mountain_2_4:(0.080, 0.997, 0.000) separation=0.2271125;Ground_Mountain_2_4:(0.080, 0.997, 0.000) separation=0.2270588;Ground_Mountain_2_4:(0.080, 0.997, 0.000) separation=0.2269737;Ground_Mountain_2_4:(0.080, 0.997, 0.000) separation=0.2271976;Ground_Mountain_2_4:(0.080, 0.997, 0.000) separation=0.2269755;Ground_Mountain_2_4:(0.080, 0.997, 0.000) separation=0.2270304;"
0.729,1041.720,147.835,190.001,31.657,-31.569,2.375,0.000,0.172,0.000,0.000,4,10.079,0.013,0.997,"Ground_Summit authored launch:(0.080, 0.997, 0.000) separation=0.1642302;Ground_Summit authored launch:(0.080, 0.997, 0.000) separation=0.164118;Ground_Summit authored launch:(0.080, 0.997, 0.000) separation=0.1642456;Ground_Summit authored launch:(0.080, 0.997, 0.000) separation=0.1641026;Ground_Summit authored launch:(0.080, 0.997, 0.000) separation=0.1641047;Ground_Summit authored launch:(0.080, 0.997, 0.000) separation=0.1641084;Ground_Mountain_2_4:(0.080, 0.997, 0.000) separation=0.2240507;Ground_Mountain_2_4:(0.080, 0.997, 0.000) separation=0.2239134;Ground_Mountain_2_4:(0.080, 0.997, 0.000) separation=0.2239243;Ground_Mountain_2_4:(0.080, 0.997, 0.000) separation=0.2240398;Ground_Mountain_2_4:(0.080, 0.997, 0.000) separation=0.2239134;Ground_Mountain_2_4:(0.080, 0.997, 0.000) separation=0.2239158;"
0.749,1041.089,147.883,190.001,31.659,-31.569,2.384,0.000,0.171,0.000,0.000,4,10.218,0.010,0.997,"Ground_Summit authored launch:(0.080, 0.997, 0.000) separation=0.1611874;Ground_Summit authored launch:(0.080, 0.997, 0.000) separation=0.1611506;Ground_Summit authored launch:(0.080, 0.997, 0.000) separation=0.1612661;Ground_Summit authored launch:(0.080, 0.997, 0.000) separation=0.1610719;Ground_Summit authored launch:(0.080, 0.997, 0.000) separation=0.1610821;Ground_Summit authored launch:(0.080, 0.997, 0.000) separation=0.1611005;Ground_Mountain_2_4:(0.080, 0.997, 0.000) separation=0.2210806;Ground_Mountain_2_4:(0.080, 0.997, 0.000) separation=0.220908;Ground_Mountain_2_4:(0.080, 0.997, 0.000) separation=0.2209665;Ground_Mountain_2_4:(0.080, 0.997, 0.000) separation=0.2210221;Ground_Mountain_2_4:(0.080, 0.997, 0.000) separation=0.2209301;Ground_Mountain_2_4:(0.080, 0.997, 0.000) separation=0.2209449;"
0.769,1040.458,147.931,190.001,31.660,-31.570,2.395,-0.001,0.171,0.000,0.000,4,10.325,0.008,0.997,"Ground_Summit authored launch:(0.080, 0.997, 0.000) separation=0.1583326;Ground_Summit authored launch:(0.080, 0.997, 0.000) separation=0.1583507;Ground_Summit authored launch:(0.080, 0.997, 0.000) separation=0.1584547;Ground_Summit authored launch:(0.080, 0.997, 0.000) separation=0.1582285;Ground_Summit authored launch:(0.080, 0.997, 0.000) separation=0.158233;Ground_Summit authored launch:(0.080, 0.997, 0.000) separation=0.1582554;Ground_Mountain_2_4:(0.080, 0.997, 0.000) separation=0.2182861;Ground_Mountain_2_4:(0.080, 0.997, 0.000) separation=0.2180464;Ground_Mountain_2_4:(0.080, 0.997, 0.000) separation=0.218182;Ground_Mountain_2_4:(0.080, 0.997, 0.000) separation=0.2181505;Ground_Mountain_2_4:(0.080, 0.997, 0.000) separation=0.2180511;Ground_Mountain_2_4:(0.080, 0.997, 0.000) separation=0.2180709;"
0.789,1039.826,147.979,190.001,31.661,-31.570,2.407,-0.001,0.170,0.000,0.000,4,10.402,0.007,0.997,"Ground_Summit authored launch:(0.080, 0.997, 0.000) separation=0.1557044;Ground_Summit authored launch:(0.080, 0.997, 0.000) separation=0.155771;Ground_Summit authored launch:(0.080, 0.997, 0.000) separation=0.1558641;Ground_Summit authored launch:(0.080, 0.997, 0.000) separation=0.1556112;Ground_Summit authored launch:(0.080, 0.997, 0.000) separation=0.1556261;Ground_Summit authored launch:(0.080, 0.997, 0.000) separation=0.1556661;Ground_Mountain_2_4:(0.080, 0.997, 0.000) separation=0.2156921;Ground_Mountain_2_4:(0.080, 0.997, 0.000) separation=0.215441;Ground_Mountain_2_4:(0.080, 0.997, 0.000) separation=0.2156004;Ground_Mountain_2_4:(0.080, 0.997, 0.000) separation=0.2155327;Ground_Mountain_2_4:(0.080, 0.997, 0.000) separation=0.2154855;Ground_Mountain_2_4:(0.080, 0.997, 0.000) separation=0.215495;"
0.809,1039.195,148.027,190.001,31.662,-31.570,2.421,-0.001,0.169,0.000,0.000,4,10.452,0.005,0.997,"Ground_Summit authored launch:(0.080, 0.997, 0.000) separation=0.1533282;Ground_Summit authored launch:(0.080, 0.997, 0.000) separation=0.1534312;Ground_Summit authored launch:(0.080, 0.997, 0.000) separation=0.153514;Ground_Summit authored launch:(0.080, 0.997, 0.000) separation=0.1532453;Ground_Summit authored launch:(0.080, 0.997, 0.000) separation=0.1532752;Ground_Summit authored launch:(0.080, 0.997, 0.000) separation=0.1533184;Ground_Mountain_2_4:(0.080, 0.997, 0.000) separation=0.2133161;Ground_Mountain_2_4:(0.080, 0.997, 0.000) separation=0.2130427;Ground_Mountain_2_4:(0.080, 0.997, 0.000) separation=0.2132343;Ground_Mountain_2_4:(0.080, 0.997, 0.000) separation=0.2131245;Ground_Mountain_2_4:(0.080, 0.997, 0.000) separation=0.2130823;Ground_Mountain_2_4:(0.080, 0.997, 0.000) separation=0.2131654;"
0.829,1038.564,148.076,190.001,31.663,-31.569,2.435,-0.001,0.169,0.000,0.000,4,10.478,0.004,0.997,"Ground_Summit authored launch:(0.080, 0.997, 0.000) separation=0.1512299;Ground_Summit authored launch:(0.080, 0.997, 0.000) separation=0.1513667;Ground_Summit authored launch:(0.080, 0.997, 0.000) separation=0.1514399;Ground_Summit authored launch:(0.080, 0.997, 0.000) separation=0.1511567;Ground_Summit authored launch:(0.080, 0.997, 0.000) separation=0.1511998;Ground_Summit authored launch:(0.080, 0.997, 0.000) separation=0.1512488;Ground_Mountain_2_4:(0.080, 0.997, 0.000) separation=0.2112377;Ground_Mountain_2_4:(0.080, 0.997, 0.000) separation=0.2109429;Ground_Mountain_2_4:(0.080, 0.997, 0.000) separation=0.2111633;Ground_Mountain_2_4:(0.080, 0.997, 0.000) separation=0.2110173;Ground_Mountain_2_4:(0.080, 0.997, 0.000) separation=0.2109722;Ground_Mountain_2_4:(0.080, 0.997, 0.000) separation=0.2109767;"
0.849,1037.932,148.125,190.001,31.664,-31.569,2.449,-0.002,0.168,0.000,0.000,4,10.482,0.004,0.997,"Ground_Summit authored launch:(0.080, 0.997, 0.000) separation=0.1494245;Ground_Summit authored launch:(0.080, 0.997, 0.000) separation=0.1495807;Ground_Summit authored launch:(0.080, 0.997, 0.000) separation=0.1496449;Ground_Summit authored launch:(0.080, 0.997, 0.000) separation=0.1493602;Ground_Summit authored launch:(0.080, 0.997, 0.000) separation=0.1493685;Ground_Summit authored launch:(0.080, 0.997, 0.000) separation=0.149419;Ground_Mountain_2_4:(0.080, 0.997, 0.000) separation=0.209466;Ground_Mountain_2_4:(0.080, 0.997, 0.000) separation=0.2091869;Ground_Mountain_2_4:(0.080, 0.997, 0.000) separation=0.2094015;Ground_Mountain_2_4:(0.080, 0.997, 0.000) separation=0.2092514;Ground_Mountain_2_4:(0.080, 0.997, 0.000) separation=0.2092191;Ground_Mountain_2_4:(0.080, 0.997, 0.000) separation=0.2092513;"
0.869,1037.301,148.174,190.001,31.665,-31.569,2.463,-0.002,0.168,0.000,0.000,4,10.468,0.003,0.997,"Ground_Summit authored launch:(0.080, 0.997, 0.000) separation=0.1478979;Ground_Summit authored launch:(0.080, 0.997, 0.000) separation=0.1480623;Ground_Summit authored launch:(0.080, 0.997, 0.000) separation=0.1481182;Ground_Summit authored launch:(0.080, 0.997, 0.000) separation=0.147842;Ground_Summit authored launch:(0.080, 0.997, 0.000) separation=0.1478644;Ground_Summit authored launch:(0.080, 0.997, 0.000) separation=0.1479123;Ground_Mountain_2_4:(0.080, 0.997, 0.000) separation=0.2079232;Ground_Mountain_2_4:(0.080, 0.997, 0.000) separation=0.2076454;Ground_Mountain_2_4:(0.080, 0.997, 0.000) separation=0.2078662;Ground_Mountain_2_4:(0.080, 0.997, 0.000) separation=0.2077025;Ground_Mountain_2_4:(0.080, 0.997, 0.000) separation=0.2076752;Ground_Mountain_2_4:(0.080, 0.997, 0.000) separation=0.2077584;"
0.889,1036.670,148.224,190.001,31.665,-31.569,2.476,-0.002,0.168,0.000,0.000,4,10.440,0.002,0.997,"Ground_Summit authored launch:(0.080, 0.997, 0.000) separation=0.1466473;Ground_Summit authored launch:(0.080, 0.997, 0.000) separation=0.1468134;Ground_Summit authored launch:(0.080, 0.997, 0.000) separation=0.1468614;Ground_Summit authored launch:(0.080, 0.997, 0.000) separation=0.1465993;Ground_Summit authored launch:(0.080, 0.997, 0.000) separation=0.1466323;Ground_Summit authored launch:(0.080, 0.997, 0.000) separation=0.1466813;Ground_Mountain_2_4:(0.080, 0.997, 0.000) separation=0.2066879;Ground_Mountain_2_4:(0.080, 0.997, 0.000) separation=0.2064187;Ground_Mountain_2_4:(0.080, 0.997, 0.000) separation=0.2066383;Ground_Mountain_2_4:(0.080, 0.997, 0.000) separation=0.2064683;Ground_Mountain_2_4:(0.080, 0.997, 0.000) separation=0.2064331;Ground_Mountain_2_4:(0.080, 0.997, 0.000) separation=0.2064374;"
0.909,1036.038,148.274,190.001,31.666,-31.568,2.489,-0.003,0.167,0.000,0.000,4,10.398,0.002,0.997,"Ground_Summit authored launch:(0.080, 0.997, 0.000) separation=0.1456727;Ground_Summit authored launch:(0.080, 0.997, 0.000) separation=0.1458364;Ground_Summit authored launch:(0.080, 0.997, 0.000) separation=0.1458773;Ground_Summit authored launch:(0.080, 0.997, 0.000) separation=0.1456318;Ground_Summit authored launch:(0.080, 0.997, 0.000) separation=0.1456651;Ground_Summit authored launch:(0.080, 0.997, 0.000) separation=0.1456731;Ground_Mountain_2_4:(0.080, 0.997, 0.000) separation=0.2056943;Ground_Mountain_2_4:(0.080, 0.997, 0.000) separation=0.2054493;Ground_Mountain_2_4:(0.080, 0.997, 0.000) separation=0.2056547;Ground_Mountain_2_4:(0.080, 0.997, 0.000) separation=0.205489;Ground_Mountain_2_4:(0.080, 0.997, 0.000) separation=0.2054691;Ground_Mountain_2_4:(0.080, 0.997, 0.000) separation=0.2054948;"
0.929,1035.407,148.324,190.001,31.667,-31.568,2.500,-0.003,0.167,0.000,0.000,4,10.348,0.002,0.997,"Ground_Summit authored launch:(0.080, 0.997, 0.000) separation=0.1449431;Ground_Summit authored launch:(0.080, 0.997, 0.000) separation=0.1451012;Ground_Summit authored launch:(0.080, 0.997, 0.000) separation=0.1451354;Ground_Summit authored launch:(0.080, 0.997, 0.000) separation=0.1449089;Ground_Summit authored launch:(0.080, 0.997, 0.000) separation=0.1449195;Ground_Summit authored launch:(0.080, 0.997, 0.000) separation=0.1449537;Ground_Mountain_2_4:(0.080, 0.997, 0.000) separation=0.2049321;Ground_Mountain_2_4:(0.080, 0.997, 0.000) separation=0.2047031;Ground_Mountain_2_4:(0.080, 0.997, 0.000) separation=0.2048999;Ground_Mountain_2_4:(0.080, 0.997, 0.000) separation=0.2047354;Ground_Mountain_2_4:(0.080, 0.997, 0.000) separation=0.204718;Ground_Mountain_2_4:(0.080, 0.997, 0.000) separation=0.2047978;"
0.949,1034.776,148.374,190.001,31.667,-31.568,2.510,-0.003,0.167,0.000,0.000,4,10.291,0.002,0.997,"Ground_Summit authored launch:(0.080, 0.997, 0.000) separation=0.1444422;Ground_Summit authored launch:(0.080, 0.997, 0.000) separation=0.1445922;Ground_Summit authored launch:(0.080, 0.997, 0.000) separation=0.1446205;Ground_Summit authored launch:(0.080, 0.997, 0.000) separation=0.144414;Ground_Summit authored launch:(0.080, 0.997, 0.000) separation=0.1444331;Ground_Summit authored launch:(0.080, 0.997, 0.000) separation=0.1444634;Ground_Mountain_2_4:(0.080, 0.997, 0.000) separation=0.2044256;Ground_Mountain_2_4:(0.080, 0.997, 0.000) separation=0.2042211;Ground_Mountain_2_4:(0.080, 0.997, 0.000) separation=0.2043959;Ground_Mountain_2_4:(0.080, 0.997, 0.000) separation=0.2042508;Ground_Mountain_2_4:(0.080, 0.997, 0.000) separation=0.2042249;Ground_Mountain_2_4:(0.080, 0.997, 0.000) separation=0.2042274;"
0.969,1034.144,148.424,190.001,31.668,-31.567,2.519,-0.004,0.166,0.000,0.000,4,10.231,0.002,0.997,"Ground_Summit authored launch:(0.080, 0.997, 0.000) separation=0.1441405;Ground_Summit authored launch:(0.080, 0.997, 0.000) separation=0.1442811;Ground_Summit authored launch:(0.080, 0.997, 0.000) separation=0.1443036;Ground_Summit authored launch:(0.080, 0.997, 0.000) separation=0.1441179;Ground_Summit authored launch:(0.080, 0.997, 0.000) separation=0.144146;Ground_Summit authored launch:(0.080, 0.997, 0.000) separation=0.1441686;Ground_Mountain_2_4:(0.080, 0.997, 0.000) separation=0.2041247;Ground_Mountain_2_4:(0.080, 0.997, 0.000) separation=0.2039372;Ground_Mountain_2_4:(0.080, 0.997, 0.000) separation=0.2041024;Ground_Mountain_2_4:(0.080, 0.997, 0.000) separation=0.2039595;Ground_Mountain_2_4:(0.080, 0.997, 0.000) separation=0.2039496;Ground_Mountain_2_4:(0.080, 0.997, 0.000) separation=0.203961;"
0.989,1033.513,148.475,190.000,31.668,-31.567,2.527,-0.004,0.166,0.000,0.000,4,10.168,0.002,0.997,"Ground_Summit authored launch:(0.080, 0.997, 0.000) separation=0.1440222;Ground_Summit authored launch:(0.080, 0.997, 0.000) separation=0.1441524;Ground_Summit authored launch:(0.080, 0.997, 0.000) separation=0.14417;Ground_Summit authored launch:(0.080, 0.997, 0.000) separation=0.1440046;Ground_Summit authored launch:(0.080, 0.997, 0.000) separation=0.1440054;Ground_Summit authored launch:(0.080, 0.997, 0.000) separation=0.144023;Ground_Mountain_2_4:(0.080, 0.997, 0.000) separation=0.2039849;Ground_Mountain_2_4:(0.080, 0.997, 0.000) separation=0.2038276;Ground_Mountain_2_4:(0.080, 0.997, 0.000) separation=0.2039676;Ground_Mountain_2_4:(0.080, 0.997, 0.000) separation=0.203845;Ground_Mountain_2_4:(0.080, 0.997, 0.000) separation=0.2038351;Ground_Mountain_2_4:(0.080, 0.997, 0.000) separation=0.2038744;"
1.009,1032.881,148.525,190.000,31.669,-31.567,2.534,-0.004,0.166,0.000,0.000,4,10.106,0.002,0.997,"Ground_Summit authored launch:(0.080, 0.997, 0.000) separation=0.1440653;Ground_Summit authored launch:(0.080, 0.997, 0.000) separation=0.144175;Ground_Summit authored launch:(0.080, 0.997, 0.000) separation=0.144188;Ground_Summit authored launch:(0.080, 0.997, 0.000) separation=0.1440522;Ground_Summit authored launch:(0.080, 0.997, 0.000) separation=0.1440581;Ground_Summit authored launch:(0.080, 0.997, 0.000) separation=0.1440724;Ground_Mountain_2_4:(0.080, 0.997, 0.000) separation=0.2039838;Ground_Mountain_2_4:(0.080, 0.997, 0.000) separation=0.2038598;Ground_Mountain_2_4:(0.080, 0.997, 0.000) separation=0.2039715;Ground_Mountain_2_4:(0.080, 0.997, 0.000) separation=0.2038722;Ground_Mountain_2_4:(0.080, 0.997, 0.000) separation=0.2038672;Ground_Mountain_2_4:(0.080, 0.997, 0.000) separation=0.2039329;"
1.029,1032.250,148.576,190.000,31.669,-31.567,2.539,-0.005,0.166,0.000,0.000,4,10.044,0.002,0.997,"Ground_Summit authored launch:(0.080, 0.997, 0.000) separation=0.1442403;Ground_Summit authored launch:(0.080, 0.997, 0.000) separation=0.1443342;Ground_Summit authored launch:(0.080, 0.997, 0.000) separation=0.1443432;Ground_Summit authored launch:(0.080, 0.997, 0.000) separation=0.1442313;Ground_Summit authored launch:(0.080, 0.997, 0.000) separation=0.1442459;Ground_Summit authored launch:(0.080, 0.997, 0.000) separation=0.1442549;Ground_Mountain_2_4:(0.080, 0.997, 0.000) separation=0.2041596;Ground_Mountain_2_4:(0.080, 0.997, 0.000) separation=0.204047;Ground_Mountain_2_4:(0.080, 0.997, 0.000) separation=0.2041496;Ground_Mountain_2_4:(0.080, 0.997, 0.000) separation=0.2040569;Ground_Mountain_2_4:(0.080, 0.997, 0.000) separation=0.2040519;Ground_Mountain_2_4:(0.080, 0.997, 0.000) separation=0.2040562;"
1.049,1031.619,148.627,190.000,31.669,-31.567,2.543,-0.005,0.166,0.000,0.000,4,9.985,0.002,0.997,"Ground_Summit authored launch:(0.080, 0.997, 0.000) separation=0.1445165;Ground_Summit authored launch:(0.080, 0.997, 0.000) separation=0.1446004;Ground_Summit authored launch:(0.080, 0.997, 0.000) separation=0.1446058;Ground_Summit authored launch:(0.080, 0.997, 0.000) separation=0.1445111;Ground_Summit authored launch:(0.080, 0.997, 0.000) separation=0.1445297;Ground_Summit authored launch:(0.080, 0.997, 0.000) separation=0.1445363;Ground_Mountain_2_4:(0.080, 0.997, 0.000) separation=0.2044334;Ground_Mountain_2_4:(0.080, 0.997, 0.000) separation=0.2043257;Ground_Mountain_2_4:(0.080, 0.997, 0.000) separation=0.2044284;Ground_Mountain_2_4:(0.080, 0.997, 0.000) separation=0.2043307;Ground_Mountain_2_4:(0.080, 0.997, 0.000) separation=0.2043282;Ground_Mountain_2_4:(0.080, 0.997, 0.000) separation=0.2043577;"
1.069,1030.987,148.678,190.000,31.670,-31.567,2.546,-0.005,0.165,0.000,0.000,4,9.931,0.002,0.997,"Ground_Summit authored launch:(0.080, 0.997, 0.000) separation=0.1448691;Ground_Summit authored launch:(0.080, 0.997, 0.000) separation=0.1449483;Ground_Summit authored launch:(0.080, 0.997, 0.000) separation=0.1449505;Ground_Summit authored launch:(0.080, 0.997, 0.000) separation=0.144867;Ground_Summit authored launch:(0.080, 0.997, 0.000) separation=0.1448681;Ground_Summit authored launch:(0.080, 0.997, 0.000) separation=0.1448714;Ground_Mountain_2_4:(0.080, 0.997, 0.000) separation=0.20476;Ground_Mountain_2_4:(0.080, 0.997, 0.000) separation=0.2046655;Ground_Mountain_2_4:(0.080, 0.997, 0.000) separation=0.2047576;Ground_Mountain_2_4:(0.080, 0.997, 0.000) separation=0.204668;Ground_Mountain_2_4:(0.080, 0.997, 0.000) separation=0.2046655;Ground_Mountain_2_4:(0.080, 0.997, 0.000) separation=0.2047239;"
1.089,1030.356,148.729,190.000,31.670,-31.567,2.548,-0.005,0.165,0.000,0.001,4,9.881,0.002,0.997,"Ground_Summit authored launch:(0.080, 0.997, 0.000) separation=0.1452818;Ground_Summit authored launch:(0.080, 0.997, 0.000) separation=0.1453618;Ground_Summit authored launch:(0.080, 0.997, 0.000) separation=0.1453612;Ground_Summit authored launch:(0.080, 0.997, 0.000) separation=0.1452824;Ground_Summit authored launch:(0.080, 0.997, 0.000) separation=0.145288;Ground_Summit authored launch:(0.080, 0.997, 0.000) separation=0.1452886;Ground_Mountain_2_4:(0.080, 0.997, 0.000) separation=0.2051803;Ground_Mountain_2_4:(0.080, 0.997, 0.000) separation=0.2050969;Ground_Mountain_2_4:(0.080, 0.997, 0.000) separation=0.2051828;Ground_Mountain_2_4:(0.080, 0.997, 0.000) separation=0.2050944;Ground_Mountain_2_4:(0.080, 0.997, 0.000) separation=0.2050944;Ground_Mountain_2_4:(0.080, 0.997, 0.000) separation=0.2050944;"
1.109,1029.725,148.780,190.000,31.670,-31.567,2.549,-0.005,0.165,0.000,0.000,4,9.837,0.001,0.997,"Ground_Summit authored launch:(0.080, 0.997, 0.000) separation=0.1457491;Ground_Summit authored launch:(0.080, 0.997, 0.000) separation=0.1458217;Ground_Summit authored launch:(0.080, 0.997, 0.000) separation=0.1458187;Ground_Summit authored launch:(0.080, 0.997, 0.000) separation=0.1457521;Ground_Summit authored launch:(0.080, 0.997, 0.000) separation=0.145759;Ground_Summit authored launch:(0.080, 0.997, 0.000) separation=0.1457612;Ground_Mountain_2_4:(0.080, 0.997, 0.000) separation=0.205643;Ground_Mountain_2_4:(0.080, 0.997, 0.000) separation=0.2055661;Ground_Mountain_2_4:(0.080, 0.997, 0.000) separation=0.2056455;Ground_Mountain_2_4:(0.080, 0.997, 0.000) separation=0.2055636;Ground_Mountain_2_4:(0.080, 0.997, 0.000) separation=0.2055661;Ground_Mountain_2_4:(0.080, 0.997, 0.000) separation=0.2055784;"
1.129,1029.093,148.831,190.000,31.670,-31.568,2.550,-0.005,0.165,0.000,0.000,4,9.798,0.001,0.997,"Ground_Summit authored launch:(0.080, 0.997, 0.000) separation=0.1462228;Ground_Summit authored launch:(0.080, 0.997, 0.000) separation=0.1462876;Ground_Summit authored launch:(0.080, 0.997, 0.000) separation=0.1462824;Ground_Summit authored launch:(0.080, 0.997, 0.000) separation=0.1462279;Ground_Summit authored launch:(0.080, 0.997, 0.000) separation=0.1462344;Ground_Summit authored launch:(0.080, 0.997, 0.000) separation=0.1462395;Ground_Mountain_2_4:(0.080, 0.997, 0.000) separation=0.2060858;Ground_Mountain_2_4:(0.080, 0.997, 0.000) separation=0.2060333;Ground_Mountain_2_4:(0.080, 0.997, 0.000) separation=0.2060908;Ground_Mountain_2_4:(0.080, 0.997, 0.000) separation=0.2060284;Ground_Mountain_2_4:(0.080, 0.997, 0.000) separation=0.2060308;Ground_Mountain_2_4:(0.080, 0.997, 0.000) separation=0.2060539;"
1.149,1028.462,148.882,190.000,31.671,-31.568,2.549,-0.005,0.165,0.000,0.000,4,9.765,0.001,0.997,"Ground_Summit authored launch:(0.080, 0.997, 0.000) separation=0.1467104;Ground_Summit authored launch:(0.080, 0.997, 0.000) separation=0.1467679;Ground_Summit authored launch:(0.080, 0.997, 0.000) separation=0.1467609;Ground_Summit authored launch:(0.080, 0.997, 0.000) separation=0.1467173;Ground_Summit authored launch:(0.080, 0.997, 0.000) separation=0.1467119;Ground_Summit authored launch:(0.080, 0.997, 0.000) separation=0.1467188;Ground_Mountain_2_4:(0.080, 0.997, 0.000) separation=0.2065663;Ground_Mountain_2_4:(0.080, 0.997, 0.000) separation=0.206523;Ground_Mountain_2_4:(0.080, 0.997, 0.000) separation=0.2065738;Ground_Mountain_2_4:(0.080, 0.997, 0.000) separation=0.2065156;Ground_Mountain_2_4:(0.080, 0.997, 0.000) separation=0.2065167;Ground_Mountain_2_4:(0.080, 0.997, 0.000) separation=0.2065194;"
1.169,1027.831,148.933,190.000,31.671,-31.568,2.549,-0.005,0.165,0.000,0.000,4,9.736,0.001,0.997,"Ground_Summit authored launch:(0.080, 0.997, 0.000) separation=0.1471981;Ground_Summit authored launch:(0.080, 0.997, 0.000) separation=0.1472487;Ground_Summit authored launch:(0.080, 0.997, 0.000) separation=0.1472402;Ground_Summit authored launch:(0.080, 0.997, 0.000) separation=0.1472065;Ground_Summit authored launch:(0.080, 0.997, 0.000) separation=0.147202;Ground_Summit authored launch:(0.080, 0.997, 0.000) separation=0.1472101;Ground_Mountain_2_4:(0.080, 0.997, 0.000) separation=0.2070614;Ground_Mountain_2_4:(0.080, 0.997, 0.000) separation=0.2070293;Ground_Mountain_2_4:(0.080, 0.997, 0.000) separation=0.2070688;Ground_Mountain_2_4:(0.080, 0.997, 0.000) separation=0.2070218;Ground_Mountain_2_4:(0.080, 0.997, 0.000) separation=0.2070243;Ground_Mountain_2_4:(0.080, 0.997, 0.000) separation=0.2070305;"
1.189,1027.199,148.984,189.999,31.671,-31.568,2.547,-0.005,0.165,0.000,0.000,4,9.714,0.001,0.997,"Ground_Summit authored launch:(0.080, 0.997, 0.000) separation=0.1476703;Ground_Summit authored launch:(0.080, 0.997, 0.000) separation=0.1477151;Ground_Summit authored launch:(0.080, 0.997, 0.000) separation=0.1477053;Ground_Summit authored launch:(0.080, 0.997, 0.000) separation=0.1476801;Ground_Summit authored launch:(0.080, 0.997, 0.000) separation=0.1476755;Ground_Summit authored launch:(0.080, 0.997, 0.000) separation=0.1476835;Ground_Mountain_2_4:(0.080, 0.997, 0.000) separation=0.2075376;Ground_Mountain_2_4:(0.080, 0.997, 0.000) separation=0.2075133;Ground_Mountain_2_4:(0.080, 0.997, 0.000) separation=0.2075475;Ground_Mountain_2_4:(0.080, 0.997, 0.000) separation=0.2075034;Ground_Mountain_2_4:(0.080, 0.997, 0.000) separation=0.2075083;Ground_Mountain_2_4:(0.080, 0.997, 0.000) separation=0.2075188;"
1.209,1026.568,149.035,189.999,31.671,-31.569,2.546,-0.004,0.165,0.000,0.000,4,9.696,0.001,0.997,"Ground_Summit authored launch:(0.080, 0.997, 0.000) separation=0.1481117;Ground_Summit authored launch:(0.080, 0.997, 0.000) separation=0.1481513;Ground_Summit authored launch:(0.080, 0.997, 0.000) separation=0.1481405;Ground_Summit authored launch:(0.080, 0.997, 0.000) separation=0.1481225;Ground_Summit authored launch:(0.080, 0.997, 0.000) separation=0.1481177;Ground_Summit authored launch:(0.080, 0.997, 0.000) separation=0.148124;Ground_Mountain_2_4:(0.080, 0.997, 0.000) separation=0.207968;Ground_Mountain_2_4:(0.080, 0.997, 0.000) separation=0.2079462;Ground_Mountain_2_4:(0.080, 0.997, 0.000) separation=0.2079804;Ground_Mountain_2_4:(0.080, 0.997, 0.000) separation=0.2079338;Ground_Mountain_2_4:(0.080, 0.997, 0.000) separation=0.2079412;Ground_Mountain_2_4:(0.080, 0.997, 0.000) separation=0.2079417;"
1.229,1025.937,149.086,189.999,31.671,-31.569,2.544,-0.004,0.164,0.000,0.000,4,9.684,0.001,0.997,"Ground_Summit authored launch:(0.080, 0.997, 0.000) separation=0.1485224;Ground_Summit authored launch:(0.080, 0.997, 0.000) separation=0.1485572;Ground_Summit authored launch:(0.080, 0.997, 0.000) separation=0.1485455;Ground_Summit authored launch:(0.080, 0.997, 0.000) separation=0.148534;Ground_Summit authored launch:(0.080, 0.997, 0.000) separation=0.1485234;Ground_Summit authored launch:(0.080, 0.997, 0.000) separation=0.1485284;Ground_Mountain_2_4:(0.080, 0.997, 0.000) separation=0.2083423;Ground_Mountain_2_4:(0.080, 0.997, 0.000) separation=0.2083341;Ground_Mountain_2_4:(0.080, 0.997, 0.000) separation=0.2083547;Ground_Mountain_2_4:(0.080, 0.997, 0.000) separation=0.2083218;Ground_Mountain_2_4:(0.080, 0.997, 0.000) separation=0.2083172;Ground_Mountain_2_4:(0.080, 0.997, 0.000) separation=0.2083197;"
1.249,1025.305,149.136,189.999,31.671,-31.569,2.542,-0.004,0.164,0.000,0.000,4,9.676,0.001,0.997,"Ground_Summit authored launch:(0.080, 0.997, 0.000) separation=0.1488919;Ground_Summit authored launch:(0.080, 0.997, 0.000) separation=0.148919;Ground_Summit authored launch:(0.080, 0.997, 0.000) separation=0.1489066;Ground_Summit authored launch:(0.080, 0.997, 0.000) separation=0.1489042;Ground_Summit authored launch:(0.080, 0.997, 0.000) separation=0.1488902;Ground_Summit authored launch:(0.080, 0.997, 0.000) separation=0.1488943;Ground_Mountain_2_4:(0.080, 0.997, 0.000) separation=0.2087344;Ground_Mountain_2_4:(0.080, 0.997, 0.000) separation=0.2087297;Ground_Mountain_2_4:(0.080, 0.997, 0.000) separation=0.2087468;Ground_Mountain_2_4:(0.080, 0.997, 0.000) separation=0.2087173;Ground_Mountain_2_4:(0.080, 0.997, 0.000) separation=0.2087242;Ground_Mountain_2_4:(0.080, 0.997, 0.000) separation=0.2087247;"
1.269,1024.674,149.187,189.999,31.672,-31.570,2.540,-0.004,0.164,0.000,0.000,4,9.671,0.001,0.997,"Ground_Summit authored launch:(0.080, 0.997, 0.000) separation=0.1492345;Ground_Summit authored launch:(0.080, 0.997, 0.000) separation=0.1492482;Ground_Summit authored launch:(0.080, 0.997, 0.000) separation=0.1492354;Ground_Summit authored launch:(0.080, 0.997, 0.000) separation=0.1492474;Ground_Summit authored launch:(0.080, 0.997, 0.000) separation=0.1492268;Ground_Summit authored launch:(0.080, 0.997, 0.000) separation=0.14923;Ground_Mountain_2_4:(0.080, 0.997, 0.000) separation=0.2090348;Ground_Mountain_2_4:(0.080, 0.997, 0.000) separation=0.2090468;Ground_Mountain_2_4:(0.080, 0.997, 0.000) separation=0.2090497;Ground_Mountain_2_4:(0.080, 0.997, 0.000) separation=0.2090319;Ground_Mountain_2_4:(0.080, 0.997, 0.000) separation=0.2090318;Ground_Mountain_2_4:(0.080, 0.997, 0.000) separation=0.2090319;"
1.289,1024.043,149.238,189.999,31.672,-31.570,2.537,-0.003,0.164,0.000,0.000,4,9.670,0.001,0.997,"Ground_Summit authored launch:(0.080, 0.997, 0.000) separation=0.1495374;Ground_Summit authored launch:(0.080, 0.997, 0.000) separation=0.1495196;Ground_Summit authored launch:(0.080, 0.997, 0.000) separation=0.1495242;Ground_Summit authored launch:(0.080, 0.997, 0.000) separation=0.1495328;Ground_Summit authored launch:(0.080, 0.997, 0.000) separation=0.1495161;Ground_Summit authored launch:(0.080, 0.997, 0.000) separation=0.1495185;Ground_Mountain_2_4:(0.080, 0.997, 0.000) separation=0.2093218;Ground_Mountain_2_4:(0.080, 0.997, 0.000) separation=0.2093342;Ground_Mountain_2_4:(0.080, 0.997, 0.000) separation=0.2093342;Ground_Mountain_2_4:(0.080, 0.997, 0.000) separation=0.2093218;Ground_Mountain_2_4:(0.080, 0.997, 0.000) separation=0.2093218;Ground_Mountain_2_4:(0.080, 0.997, 0.000) separation=0.2093218;"
1.309,1023.411,149.289,189.999,31.672,-31.570,2.535,-0.003,0.164,0.000,0.000,4,9.672,0.001,0.997,"Ground_Summit authored launch:(0.080, 0.997, 0.000) separation=0.1497675;Ground_Summit authored launch:(0.080, 0.997, 0.000) separation=0.1497739;Ground_Summit authored launch:(0.080, 0.997, 0.000) separation=0.1497606;Ground_Summit authored launch:(0.080, 0.997, 0.000) separation=0.1497809;Ground_Summit authored launch:(0.080, 0.997, 0.000) separation=0.1497601;Ground_Summit authored launch:(0.080, 0.997, 0.000) separation=0.1497656;Ground_Mountain_2_4:(0.080, 0.997, 0.000) separation=0.2095641;Ground_Mountain_2_4:(0.080, 0.997, 0.000) separation=0.2095789;Ground_Mountain_2_4:(0.080, 0.997, 0.000) separation=0.209579;Ground_Mountain_2_4:(0.080, 0.997, 0.000) separation=0.2095641;Ground_Mountain_2_4:(0.080, 0.997, 0.000) separation=0.2095714;Ground_Mountain_2_4:(0.080, 0.997, 0.000) separation=0.2095715;"
1.329,1022.780,149.339,189.999,31.672,-31.570,2.533,-0.003,0.164,0.000,0.000,4,9.677,0.001,0.997,"Ground_Summit authored launch:(0.080, 0.997, 0.000) separation=0.1499536;Ground_Summit authored launch:(0.080, 0.997, 0.000) separation=0.1499662;Ground_Summit authored launch:(0.080, 0.997, 0.000) separation=0.1499528;Ground_Summit authored launch:(0.080, 0.997, 0.000) separation=0.149967;Ground_Summit authored launch:(0.080, 0.997, 0.000) separation=0.1499544;Ground_Summit authored launch:(0.080, 0.997, 0.000) separation=0.1499559;Ground_Mountain_2_4:(0.080, 0.997, 0.000) separation=0.2097759;Ground_Mountain_2_4:(0.080, 0.997, 0.000) separation=0.2097811;Ground_Mountain_2_4:(0.080, 0.997, 0.000) separation=0.2097907;Ground_Mountain_2_4:(0.080, 0.997, 0.000) separation=0.2097662;Ground_Mountain_2_4:(0.080, 0.997, 0.000) separation=0.2097736;Ground_Mountain_2_4:(0.080, 0.997, 0.000) separation=0.2097771;"
1.349,1022.148,149.390,189.999,31.672,-31.571,2.531,-0.003,0.164,0.000,0.000,4,9.683,0.000,0.997,"Ground_Summit authored launch:(0.080, 0.997, 0.000) separation=0.1500984;Ground_Summit authored launch:(0.080, 0.997, 0.000) separation=0.1501171;Ground_Summit authored launch:(0.080, 0.997, 0.000) separation=0.1501037;Ground_Summit authored launch:(0.080, 0.997, 0.000) separation=0.1501117;Ground_Summit authored launch:(0.080, 0.997, 0.000) separation=0.1500993;Ground_Summit authored launch:(0.080, 0.997, 0.000) separation=0.1501005;Ground_Mountain_2_4:(0.080, 0.997, 0.000) separation=0.2099169;Ground_Mountain_2_4:(0.080, 0.997, 0.000) separation=0.2099259;Ground_Mountain_2_4:(0.080, 0.997, 0.000) separation=0.2099318;Ground_Mountain_2_4:(0.080, 0.997, 0.000) separation=0.209911;Ground_Mountain_2_4:(0.080, 0.997, 0.000) separation=0.2099119;Ground_Mountain_2_4:(0.080, 0.997, 0.000) separation=0.2099169;"
1.369,1021.517,149.441,189.999,31.672,-31.571,2.530,-0.002,0.164,0.000,0.000,4,9.691,0.000,0.997,"Ground_Summit authored launch:(0.080, 0.997, 0.000) separation=0.1502146;Ground_Summit authored launch:(0.080, 0.997, 0.000) separation=0.1502321;Ground_Summit authored launch:(0.080, 0.997, 0.000) separation=0.1502189;Ground_Summit authored launch:(0.080, 0.997, 0.000) separation=0.1502278;Ground_Summit authored launch:(0.080, 0.997, 0.000) separation=0.1502146;Ground_Summit authored launch:(0.080, 0.997, 0.000) separation=0.1502156;Ground_Mountain_2_4:(0.080, 0.997, 0.000) separation=0.2100567;Ground_Mountain_2_4:(0.080, 0.997, 0.000) separation=0.2100536;Ground_Mountain_2_4:(0.080, 0.997, 0.000) separation=0.2100691;Ground_Mountain_2_4:(0.080, 0.997, 0.000) separation=0.2100412;Ground_Mountain_2_4:(0.080, 0.997, 0.000) separation=0.2100461;Ground_Mountain_2_4:(0.080, 0.997, 0.000) separation=0.2100518;"
1.389,1020.886,149.491,189.999,31.672,-31.571,2.528,-0.002,0.164,0.000,0.000,4,9.700,0.000,0.997,"Ground_Summit authored launch:(0.080, 0.997, 0.000) separation=0.1503123;Ground_Summit authored launch:(0.080, 0.997, 0.000) separation=0.1503025;Ground_Summit authored launch:(0.080, 0.997, 0.000) separation=0.1502993;Ground_Summit authored launch:(0.080, 0.997, 0.000) separation=0.1503155;Ground_Summit authored launch:(0.080, 0.997, 0.000) separation=0.1502995;Ground_Summit authored launch:(0.080, 0.997, 0.000) separation=0.1503003;Ground_Mountain_2_4:(0.080, 0.997, 0.000) separation=0.2101;Ground_Mountain_2_4:(0.080, 0.997, 0.000) separation=0.2101149;Ground_Mountain_2_4:(0.080, 0.997, 0.000) separation=0.2101149;Ground_Mountain_2_4:(0.080, 0.997, 0.000) separation=0.2101;Ground_Mountain_2_4:(0.080, 0.997, 0.000) separation=0.2101;Ground_Mountain_2_4:(0.080, 0.997, 0.000) separation=0.2101;"
1.409,1020.254,149.542,189.999,31.672,-31.571,2.527,-0.002,0.164,0.000,0.000,4,9.709,0.000,0.997,"Ground_Summit authored launch:(0.080, 0.997, 0.000) separation=0.1503659;Ground_Summit authored launch:(0.080, 0.997, 0.000) separation=0.1503553;Ground_Summit authored launch:(0.080, 0.997, 0.000) separation=0.1503533;Ground_Summit authored launch:(0.080, 0.997, 0.000) separation=0.1503679;Ground_Summit authored launch:(0.080, 0.997, 0.000) separation=0.1503536;Ground_Summit authored launch:(0.080, 0.997, 0.000) separation=0.150354;Ground_Mountain_2_4:(0.080, 0.997, 0.000) separation=0.210161;Ground_Mountain_2_4:(0.080, 0.997, 0.000) separation=0.2101759;Ground_Mountain_2_4:(0.080, 0.997, 0.000) separation=0.2101759;Ground_Mountain_2_4:(0.080, 0.997, 0.000) separation=0.210161;Ground_Mountain_2_4:(0.080, 0.997, 0.000) separation=0.210161;Ground_Mountain_2_4:(0.080, 0.997, 0.000) separation=0.210161;"
1.429,1019.623,149.592,189.999,31.672,-31.571,2.526,-0.001,0.164,0.000,0.000,4,9.719,0.000,0.997,"Ground_Summit authored launch:(0.080, 0.997, 0.000) separation=0.1503898;Ground_Summit authored launch:(0.080, 0.997, 0.000) separation=0.150379;Ground_Summit authored launch:(0.080, 0.997, 0.000) separation=0.1503775;Ground_Summit authored launch:(0.080, 0.997, 0.000) separation=0.1503913;Ground_Summit authored launch:(0.080, 0.997, 0.000) separation=0.1503778;Ground_Summit authored launch:(0.080, 0.997, 0.000) separation=0.1503782;Ground_Mountain_2_4:(0.080, 0.997, 0.000) separation=0.2101839;Ground_Mountain_2_4:(0.080, 0.997, 0.000) separation=0.2101995;Ground_Mountain_2_4:(0.080, 0.997, 0.000) separation=0.2101963;Ground_Mountain_2_4:(0.080, 0.997, 0.000) separation=0.2101871;Ground_Mountain_2_4:(0.080, 0.997, 0.000) separation=0.2101888;Ground_Mountain_2_4:(0.080, 0.997, 0.000) separation=0.2101916;"
1.449,1018.991,149.643,189.999,31.672,-31.571,2.525,-0.001,0.164,0.000,0.000,4,9.729,0.000,0.997,"Ground_Summit authored launch:(0.080, 0.997, 0.000) separation=0.1503826;Ground_Summit authored launch:(0.080, 0.997, 0.000) separation=0.1503717;Ground_Summit authored launch:(0.080, 0.997, 0.000) separation=0.1503708;Ground_Summit authored launch:(0.080, 0.997, 0.000) separation=0.1503835;Ground_Summit authored launch:(0.080, 0.997, 0.000) separation=0.1503707;Ground_Summit authored launch:(0.080, 0.997, 0.000) separation=0.1503707;Ground_Mountain_2_4:(0.080, 0.997, 0.000) separation=0.210171;Ground_Mountain_2_4:(0.080, 0.997, 0.000) separation=0.2101769;Ground_Mountain_2_4:(0.080, 0.997, 0.000) separation=0.2101834;Ground_Mountain_2_4:(0.080, 0.997, 0.000) separation=0.2101645;Ground_Mountain_2_4:(0.080, 0.997, 0.000) separation=0.2101719;Ground_Mountain_2_4:(0.080, 0.997, 0.000) separation=0.2101738;"
1.469,1018.360,149.693,189.999,31.672,-31.572,2.524,-0.001,0.164,0.000,0.000,4,9.739,0.000,0.997,"Ground_Summit authored launch:(0.080, 0.997, 0.000) separation=0.150359;Ground_Summit authored launch:(0.080, 0.997, 0.000) separation=0.1503481;Ground_Summit authored launch:(0.080, 0.997, 0.000) separation=0.1503476;Ground_Summit authored launch:(0.080, 0.997, 0.000) separation=0.1503594;Ground_Summit authored launch:(0.080, 0.997, 0.000) separation=0.1503476;Ground_Summit authored launch:(0.080, 0.997, 0.000) separation=0.1503479;Ground_Mountain_2_4:(0.080, 0.997, 0.000) separation=0.2101763;Ground_Mountain_2_4:(0.080, 0.997, 0.000) separation=0.2101887;Ground_Mountain_2_4:(0.080, 0.997, 0.000) separation=0.2101887;Ground_Mountain_2_4:(0.080, 0.997, 0.000) separation=0.2101763;Ground_Mountain_2_4:(0.080, 0.997, 0.000) separation=0.2101763;Ground_Mountain_2_4:(0.080, 0.997, 0.000) separation=0.2101763;"
1.489,1017.729,149.744,189.999,31.672,-31.572,2.523,0.000,0.164,0.000,0.000,4,9.748,0.000,0.997,"Ground_Summit authored launch:(0.080, 0.997, 0.000) separation=0.1503224;Ground_Summit authored launch:(0.080, 0.997, 0.000) separation=0.1503107;Ground_Summit authored launch:(0.080, 0.997, 0.000) separation=0.1503115;Ground_Summit authored launch:(0.080, 0.997, 0.000) separation=0.1503215;Ground_Summit authored launch:(0.080, 0.997, 0.000) separation=0.1503106;Ground_Summit authored launch:(0.080, 0.997, 0.000) separation=0.1503109;Ground_Mountain_2_4:(0.080, 0.997, 0.000) separation=0.2101025;Ground_Mountain_2_4:(0.080, 0.997, 0.000) separation=0.2101149;Ground_Mountain_2_4:(0.080, 0.997, 0.000) separation=0.2101149;Ground_Mountain_2_4:(0.080, 0.997, 0.000) separation=0.2101025;Ground_Mountain_2_4:(0.080, 0.997, 0.000) separation=0.2101025;Ground_Mountain_2_4:(0.080, 0.997, 0.000) separation=0.2101025;"
1.509,1017.097,149.794,189.999,31.672,-31.572,2.523,0.000,0.164,0.000,0.000,4,9.756,0.000,0.997,"Ground_Summit authored launch:(0.080, 0.997, 0.000) separation=0.1502685;Ground_Summit authored launch:(0.080, 0.997, 0.000) separation=0.1502574;Ground_Summit authored launch:(0.080, 0.997, 0.000) separation=0.1502582;Ground_Summit authored launch:(0.080, 0.997, 0.000) separation=0.1502677;Ground_Summit authored launch:(0.080, 0.997, 0.000) separation=0.1502575;Ground_Summit authored launch:(0.080, 0.997, 0.000) separation=0.1502577;Ground_Mountain_2_4:(0.080, 0.997, 0.000) separation=0.2100872;Ground_Mountain_2_4:(0.080, 0.997, 0.000) separation=0.2100971;Ground_Mountain_2_4:(0.080, 0.997, 0.000) separation=0.2100971;Ground_Mountain_2_4:(0.080, 0.997, 0.000) separation=0.2100872;Ground_Mountain_2_4:(0.080, 0.997, 0.000) separation=0.2100872;Ground_Mountain_2_4:(0.080, 0.997, 0.000) separation=0.2100872;"
1.529,1016.466,149.845,189.999,31.672,-31.572,2.522,0.001,0.164,0.000,0.000,4,9.764,0.000,0.997,"Ground_Summit authored launch:(0.080, 0.997, 0.000) separation=0.1502023;Ground_Summit authored launch:(0.080, 0.997, 0.000) separation=0.1501901;Ground_Summit authored launch:(0.080, 0.997, 0.000) separation=0.1501925;Ground_Summit authored launch:(0.080, 0.997, 0.000) separation=0.1501999;Ground_Summit authored launch:(0.080, 0.997, 0.000) separation=0.1501901;Ground_Summit authored launch:(0.080, 0.997, 0.000) separation=0.1501905;Ground_Mountain_2_4:(0.080, 0.997, 0.000) separation=0.2099943;Ground_Mountain_2_4:(0.080, 0.997, 0.000) separation=0.2099914;Ground_Mountain_2_4:(0.080, 0.997, 0.000) separation=0.2100043;Ground_Mountain_2_4:(0.080, 0.997, 0.000) separation=0.2099815;Ground_Mountain_2_4:(0.080, 0.997, 0.000) separation=0.2099804;Ground_Mountain_2_4:(0.080, 0.997, 0.000) separation=0.2099853;"
1.549,1015.834,149.895,189.999,31.672,-31.572,2.522,0.001,0.164,0.000,0.000,4,9.771,0.000,0.997,"Ground_Summit authored launch:(0.080, 0.997, 0.000) separation=0.1501426;Ground_Summit authored launch:(0.080, 0.997, 0.000) separation=0.1501221;Ground_Summit authored launch:(0.080, 0.997, 0.000) separation=0.1501333;Ground_Summit authored launch:(0.080, 0.997, 0.000) separation=0.1501314;Ground_Summit authored launch:(0.080, 0.997, 0.000) separation=0.1501222;Ground_Summit authored launch:(0.080, 0.997, 0.000) separation=0.1501224;Ground_Mountain_2_4:(0.080, 0.997, 0.000) separation=0.2099311;Ground_Mountain_2_4:(0.080, 0.997, 0.000) separation=0.2099346;Ground_Mountain_2_4:(0.080, 0.997, 0.000) separation=0.2099411;Ground_Mountain_2_4:(0.080, 0.997, 0.000) separation=0.2099247;Ground_Mountain_2_4:(0.080, 0.997, 0.000) separation=0.2099194;Ground_Mountain_2_4:(0.080, 0.997, 0.000) separation=0.2099218;"
1.569,1015.203,149.945,189.999,31.672,-31.572,2.522,0.002,0.164,0.000,0.000,4,9.776,0.000,0.997,"Ground_Summit authored launch:(0.080, 0.997, 0.000) separation=0.1500792;Ground_Summit authored launch:(0.080, 0.997, 0.000) separation=0.1500552;Ground_Summit authored launch:(0.080, 0.997, 0.000) separation=0.1500704;Ground_Summit authored launch:(0.080, 0.997, 0.000) separation=0.150064;Ground_Summit authored launch:(0.080, 0.997, 0.000) separation=0.1500552;Ground_Summit authored launch:(0.080, 0.997, 0.000) separation=0.1500552;Ground_Mountain_2_4:(0.080, 0.997, 0.000) separation=0.2098583;Ground_Mountain_2_4:(0.080, 0.997, 0.000) separation=0.2098683;Ground_Mountain_2_4:(0.080, 0.997, 0.000) separation=0.2098683;Ground_Mountain_2_4:(0.080, 0.997, 0.000) separation=0.2098583;Ground_Mountain_2_4:(0.080, 0.997, 0.000) separation=0.2098583;Ground_Mountain_2_4:(0.080, 0.997, 0.000) separation=0.2098583;"
1.589,1014.571,149.996,189.999,31.672,-31.572,2.522,0.002,0.164,0.000,0.000,4,9.781,0.000,0.997,"Ground_Summit authored launch:(0.080, 0.997, 0.000) separation=0.1500103;Ground_Summit authored launch:(0.080, 0.997, 0.000) separation=0.1499873;Ground_Summit authored launch:(0.080, 0.997, 0.000) separation=0.150002;Ground_Summit authored launch:(0.080, 0.997, 0.000) separation=0.1499955;Ground_Summit authored launch:(0.080, 0.997, 0.000) separation=0.1499873;Ground_Summit authored launch:(0.080, 0.997, 0.000) separation=0.1499945;Ground_Mountain_2_4:(0.080, 0.997, 0.000) separation=0.2097689;Ground_Mountain_2_4:(0.080, 0.997, 0.000) separation=0.2098067;Ground_Mountain_2_4:(0.080, 0.997, 0.000) separation=0.2097788;Ground_Mountain_2_4:(0.080, 0.997, 0.000) separation=0.2097967;Ground_Mountain_2_4:(0.080, 0.997, 0.000) separation=0.2097667;Ground_Mountain_2_4:(0.080, 0.997, 0.000) separation=0.2097717;"
1.609,1013.940,150.046,189.999,31.672,-31.572,2.522,0.002,0.164,0.000,0.000,4,9.784,0.000,0.997,"Ground_Summit authored launch:(0.080, 0.997, 0.000) separation=0.1499413;Ground_Summit authored launch:(0.080, 0.997, 0.000) separation=0.149925;Ground_Summit authored launch:(0.080, 0.997, 0.000) separation=0.1499336;Ground_Summit authored launch:(0.080, 0.997, 0.000) separation=0.1499327;Ground_Summit authored launch:(0.080, 0.997, 0.000) separation=0.149927;Ground_Summit authored launch:(0.080, 0.997, 0.000) separation=0.1499336;Ground_Mountain_2_4:(0.080, 0.997, 0.000) separation=0.2097109;Ground_Mountain_2_4:(0.080, 0.997, 0.000) separation=0.2097309;Ground_Mountain_2_4:(0.080, 0.997, 0.000) separation=0.2097183;Ground_Mountain_2_4:(0.080, 0.997, 0.000) separation=0.2097235;Ground_Mountain_2_4:(0.080, 0.997, 0.000) separation=0.2097134;Ground_Mountain_2_4:(0.080, 0.997, 0.000) separation=0.2097235;"
1.629,1013.309,150.097,189.999,31.673,-31.572,2.522,0.003,0.164,0.000,0.000,4,9.788,0.000,0.997,"Ground_Summit authored launch:(0.080, 0.997, 0.000) separation=0.1498723;Ground_Summit authored launch:(0.080, 0.997, 0.000) separation=0.1498668;Ground_Summit authored launch:(0.080, 0.997, 0.000) separation=0.1498651;Ground_Summit authored launch:(0.080, 0.997, 0.000) separation=0.149874;Ground_Summit authored launch:(0.080, 0.997, 0.000) separation=0.1498652;Ground_Summit authored launch:(0.080, 0.997, 0.000) separation=0.149866;Ground_Mountain_2_4:(0.080, 0.997, 0.000) separation=0.2096622;Ground_Mountain_2_4:(0.080, 0.997, 0.000) separation=0.2096851;Ground_Mountain_2_4:(0.080, 0.997, 0.000) separation=0.2096696;Ground_Mountain_2_4:(0.080, 0.997, 0.000) separation=0.2096777;Ground_Mountain_2_4:(0.080, 0.997, 0.000) separation=0.2096646;Ground_Mountain_2_4:(0.080, 0.997, 0.000) separation=0.2096777;"
1.649,1012.677,150.147,189.999,31.673,-31.572,2.523,0.003,0.164,0.000,0.000,4,9.791,0.000,0.997,"Ground_Summit authored launch:(0.080, 0.997, 0.000) separation=0.1498039;Ground_Summit authored launch:(0.080, 0.997, 0.000) separation=0.1498;Ground_Summit authored launch:(0.080, 0.997, 0.000) separation=0.1497972;Ground_Summit authored launch:(0.080, 0.997, 0.000) separation=0.1498067;Ground_Summit authored launch:(0.080, 0.997, 0.000) separation=0.1497975;Ground_Summit authored launch:(0.080, 0.997, 0.000) separation=0.149798;Ground_Mountain_2_4:(0.080, 0.997, 0.000) separation=0.2096137;Ground_Mountain_2_4:(0.080, 0.997, 0.000) separation=0.2096241;Ground_Mountain_2_4:(0.080, 0.997, 0.000) separation=0.2096212;Ground_Mountain_2_4:(0.080, 0.997, 0.000) separation=0.2096167;Ground_Mountain_2_4:(0.080, 0.997, 0.000) separation=0.2096162;Ground_Mountain_2_4:(0.080, 0.997, 0.000) separation=0.2096167;"
1.669,1012.046,150.198,189.999,31.673,-31.572,2.523,0.004,0.164,0.000,0.000,4,9.792,0.000,0.997,"Ground_Summit authored launch:(0.080, 0.997, 0.000) separation=0.1497498;Ground_Summit authored launch:(0.080, 0.997, 0.000) separation=0.1497469;Ground_Summit authored launch:(0.080, 0.997, 0.000) separation=0.1497437;Ground_Summit authored launch:(0.080, 0.997, 0.000) separation=0.1497531;Ground_Summit authored launch:(0.080, 0.997, 0.000) separation=0.1497444;Ground_Summit authored launch:(0.080, 0.997, 0.000) separation=0.1497451;Ground_Mountain_2_4:(0.080, 0.997, 0.000) separation=0.2095709;Ground_Mountain_2_4:(0.080, 0.997, 0.000) separation=0.2095721;Ground_Mountain_2_4:(0.080, 0.997, 0.000) separation=0.2095758;Ground_Mountain_2_4:(0.080, 0.997, 0.000) separation=0.2095672;Ground_Mountain_2_4:(0.080, 0.997, 0.000) separation=0.2095684;Ground_Mountain_2_4:(0.080, 0.997, 0.000) separation=0.2095696;"
1.689,1011.414,150.248,189.999,31.673,-31.572,2.523,0.004,0.164,0.000,0.000,4,9.793,0.000,0.997,"Ground_Summit authored launch:(0.080, 0.997, 0.000) separation=0.1496971;Ground_Summit authored launch:(0.080, 0.997, 0.000) separation=0.1496953;Ground_Summit authored launch:(0.080, 0.997, 0.000) separation=0.1496915;Ground_Summit authored launch:(0.080, 0.997, 0.000) separation=0.149701;Ground_Summit authored launch:(0.080, 0.997, 0.000) separation=0.1496917;Ground_Summit authored launch:(0.080, 0.997, 0.000) separation=0.1496927;Ground_Mountain_2_4:(0.080, 0.997, 0.000) separation=0.2095159;Ground_Mountain_2_4:(0.080, 0.997, 0.000) separation=0.2095063;Ground_Mountain_2_4:(0.080, 0.997, 0.000) separation=0.2095234;Ground_Mountain_2_4:(0.080, 0.997, 0.000) separation=0.2094988;Ground_Mountain_2_4:(0.080, 0.997, 0.000) separation=0.2095038;Ground_Mountain_2_4:(0.080, 0.997, 0.000) separation=0.2095049;"
1.709,1010.783,150.299,189.999,31.673,-31.572,2.524,0.005,0.164,0.000,0.000,4,9.794,0.000,0.997,"Ground_Summit authored launch:(0.080, 0.997, 0.000) separation=0.1496436;Ground_Summit authored launch:(0.080, 0.997, 0.000) separation=0.1496428;Ground_Summit authored launch:(0.080, 0.997, 0.000) separation=0.1496384;Ground_Summit authored launch:(0.080, 0.997, 0.000) separation=0.149648;Ground_Summit authored launch:(0.080, 0.997, 0.000) separation=0.149639;Ground_Summit authored launch:(0.080, 0.997, 0.000) separation=0.1496402;Ground_Mountain_2_4:(0.080, 0.997, 0.000) separation=0.2094563;Ground_Mountain_2_4:(0.080, 0.997, 0.000) separation=0.2094538;Ground_Mountain_2_4:(0.080, 0.997, 0.000) separation=0.2094613;Ground_Mountain_2_4:(0.080, 0.997, 0.000) separation=0.2094488;Ground_Mountain_2_4:(0.080, 0.997, 0.000) separation=0.2094488;Ground_Mountain_2_4:(0.080, 0.997, 0.000) separation=0.2094488;"
1.729,1010.152,150.349,189.999,31.673,-31.572,2.524,0.005,0.164,0.000,0.000,4,9.794,0.000,0.997,"Ground_Summit authored launch:(0.080, 0.997, 0.000) separation=0.149606;Ground_Summit authored launch:(0.080, 0.997, 0.000) separation=0.1496056;Ground_Summit authored launch:(0.080, 0.997, 0.000) separation=0.1496013;Ground_Summit authored launch:(0.080, 0.997, 0.000) separation=0.1496103;Ground_Summit authored launch:(0.080, 0.997, 0.000) separation=0.1496021;Ground_Summit authored launch:(0.080, 0.997, 0.000) separation=0.149603;Ground_Mountain_2_4:(0.080, 0.997, 0.000) separation=0.2094336;Ground_Mountain_2_4:(0.080, 0.997, 0.000) separation=0.2094385;Ground_Mountain_2_4:(0.080, 0.997, 0.000) separation=0.2094385;Ground_Mountain_2_4:(0.080, 0.997, 0.000) separation=0.2094336;Ground_Mountain_2_4:(0.080, 0.997, 0.000) separation=0.2094336;Ground_Mountain_2_4:(0.080, 0.997, 0.000) separation=0.2094336;"
1.749,1009.520,150.400,189.999,31.673,-31.572,2.524,0.006,0.164,0.000,0.000,4,9.794,0.000,0.997,"Ground_Summit authored launch:(0.080, 0.997, 0.000) separation=0.1495672;Ground_Summit authored launch:(0.080, 0.997, 0.000) separation=0.1495672;Ground_Summit authored launch:(0.080, 0.997, 0.000) separation=0.1495629;Ground_Summit authored launch:(0.080, 0.997, 0.000) separation=0.1495714;Ground_Summit authored launch:(0.080, 0.997, 0.000) separation=0.1495629;Ground_Summit authored launch:(0.080, 0.997, 0.000) separation=0.1495637;Ground_Mountain_2_4:(0.080, 0.997, 0.000) separation=0.2093725;Ground_Mountain_2_4:(0.080, 0.997, 0.000) separation=0.209375;Ground_Mountain_2_4:(0.080, 0.997, 0.000) separation=0.209375;Ground_Mountain_2_4:(0.080, 0.997, 0.000) separation=0.2093725;Ground_Mountain_2_4:(0.080, 0.997, 0.000) separation=0.2093725;Ground_Mountain_2_4:(0.080, 0.997, 0.000) separation=0.2093725;"
1.769,1008.889,150.450,190.000,31.673,-31.572,2.525,0.006,0.164,0.000,0.000,4,9.793,0.000,0.997,"Ground_Summit authored launch:(0.080, 0.997, 0.000) separation=0.1495447;Ground_Summit authored launch:(0.080, 0.997, 0.000) separation=0.1495453;Ground_Summit authored launch:(0.080, 0.997, 0.000) separation=0.1495409;Ground_Summit authored launch:(0.080, 0.997, 0.000) separation=0.1495491;Ground_Summit authored launch:(0.080, 0.997, 0.000) separation=0.1495412;Ground_Summit authored launch:(0.080, 0.997, 0.000) separation=0.1495424;Ground_Mountain_2_4:(0.080, 0.997, 0.000) separation=0.2093878;Ground_Mountain_2_4:(0.080, 0.997, 0.000) separation=0.2093802;Ground_Mountain_2_4:(0.080, 0.997, 0.000) separation=0.2093927;Ground_Mountain_2_4:(0.080, 0.997, 0.000) separation=0.2093752;Ground_Mountain_2_4:(0.080, 0.997, 0.000) separation=0.2093777;Ground_Mountain_2_4:(0.080, 0.997, 0.000) separation=0.2093853;"
1.789,1008.257,150.501,190.000,31.673,-31.572,2.525,0.007,0.164,0.000,0.000,4,9.792,0.000,0.997,"Ground_Summit authored launch:(0.080, 0.997, 0.000) separation=0.1495259;Ground_Summit authored launch:(0.080, 0.997, 0.000) separation=0.1495233;Ground_Summit authored launch:(0.080, 0.997, 0.000) separation=0.1495225;Ground_Summit authored launch:(0.080, 0.997, 0.000) separation=0.1495266;Ground_Summit authored launch:(0.080, 0.997, 0.000) separation=0.149519;Ground_Summit authored launch:(0.080, 0.997, 0.000) separation=0.14952;Ground_Mountain_2_4:(0.080, 0.997, 0.000) separation=0.2093267;Ground_Mountain_2_4:(0.080, 0.997, 0.000) separation=0.2093317;Ground_Mountain_2_4:(0.080, 0.997, 0.000) separation=0.2093317;Ground_Mountain_2_4:(0.080, 0.997, 0.000) separation=0.2093267;Ground_Mountain_2_4:(0.080, 0.997, 0.000) separation=0.2093267;Ground_Mountain_2_4:(0.080, 0.997, 0.000) separation=0.2093267;"
1.809,1007.626,150.551,190.000,31.673,-31.572,2.525,0.007,0.164,0.000,0.000,4,9.791,0.000,0.997,"Ground_Summit authored launch:(0.080, 0.997, 0.000) separation=0.1495131;Ground_Summit authored launch:(0.080, 0.997, 0.000) separation=0.149501;Ground_Summit authored launch:(0.080, 0.997, 0.000) separation=0.1495101;Ground_Summit authored launch:(0.080, 0.997, 0.000) separation=0.149504;Ground_Summit authored launch:(0.080, 0.997, 0.000) separation=0.1494985;Ground_Summit authored launch:(0.080, 0.997, 0.000) separation=0.1494995;Ground_Mountain_2_4:(0.080, 0.997, 0.000) separation=0.2093115;Ground_Mountain_2_4:(0.080, 0.997, 0.000) separation=0.2093209;Ground_Mountain_2_4:(0.080, 0.997, 0.000) separation=0.209314;Ground_Mountain_2_4:(0.080, 0.997, 0.000) separation=0.2093184;Ground_Mountain_2_4:(0.080, 0.997, 0.000) separation=0.2093115;Ground_Mountain_2_4:(0.080, 0.997, 0.000) separation=0.209314;"
1.829,1006.995,150.602,190.000,31.673,-31.572,2.525,0.007,0.164,0.000,0.000,4,9.790,0.000,0.997,"Ground_Summit authored launch:(0.080, 0.997, 0.000) separation=0.1495074;Ground_Summit authored launch:(0.080, 0.997, 0.000) separation=0.1494944;Ground_Summit authored launch:(0.080, 0.997, 0.000) separation=0.1495048;Ground_Summit authored launch:(0.080, 0.997, 0.000) separation=0.149497;Ground_Summit authored launch:(0.080, 0.997, 0.000) separation=0.1494927;Ground_Summit authored launch:(0.080, 0.997, 0.000) separation=0.1494939;Ground_Mountain_2_4:(0.080, 0.997, 0.000) separation=0.2092987;Ground_Mountain_2_4:(0.080, 0.997, 0.000) separation=0.2093129;Ground_Mountain_2_4:(0.080, 0.997, 0.000) separation=0.2093012;Ground_Mountain_2_4:(0.080, 0.997, 0.000) separation=0.2093105;Ground_Mountain_2_4:(0.080, 0.997, 0.000) separation=0.2092987;Ground_Mountain_2_4:(0.080, 0.997, 0.000) separation=0.2092987;"
1.849,1006.363,150.652,190.000,31.673,-31.572,2.525,0.008,0.164,0.000,0.000,4,9.788,0.000,0.997,"Ground_Summit authored launch:(0.080, 0.997, 0.000) separation=0.1494993;Ground_Summit authored launch:(0.080, 0.997, 0.000) separation=0.1494871;Ground_Summit authored launch:(0.080, 0.997, 0.000) separation=0.149497;Ground_Summit authored launch:(0.080, 0.997, 0.000) separation=0.1494894;Ground_Summit authored launch:(0.080, 0.997, 0.000) separation=0.1494869;Ground_Summit authored launch:(0.080, 0.997, 0.000) separation=0.1494891;Ground_Mountain_2_4:(0.080, 0.997, 0.000) separation=0.2092993;Ground_Mountain_2_4:(0.080, 0.997, 0.000) separation=0.2093304;Ground_Mountain_2_4:(0.080, 0.997, 0.000) separation=0.2093017;Ground_Mountain_2_4:(0.080, 0.997, 0.000) separation=0.2093279;Ground_Mountain_2_4:(0.080, 0.997, 0.000) separation=0.2092987;Ground_Mountain_2_4:(0.080, 0.997, 0.000) separation=0.2092987;"
1.869,1005.732,150.703,190.000,31.673,-31.572,2.526,0.008,0.164,0.000,0.000,4,9.787,0.000,0.997,"Ground_Summit authored launch:(0.080, 0.997, 0.000) separation=0.1494924;Ground_Summit authored launch:(0.080, 0.997, 0.000) separation=0.14949;Ground_Summit authored launch:(0.080, 0.997, 0.000) separation=0.1494906;Ground_Summit authored launch:(0.080, 0.997, 0.000) separation=0.1494919;Ground_Summit authored launch:(0.080, 0.997, 0.000) separation=0.1494914;Ground_Summit authored launch:(0.080, 0.997, 0.000) separation=0.1494928;Ground_Mountain_2_4:(0.080, 0.997, 0.000) separation=0.2092877;Ground_Mountain_2_4:(0.080, 0.997, 0.000) separation=0.2092987;Ground_Mountain_2_4:(0.080, 0.997, 0.000) separation=0.2092877;Ground_Mountain_2_4:(0.080, 0.997, 0.000) separation=0.2092987;Ground_Mountain_2_4:(0.080, 0.997, 0.000) separation=0.2092877;Ground_Mountain_2_4:(0.080, 0.997, 0.000) separation=0.2092962;"
1.889,1005.100,150.753,190.000,31.673,-31.572,2.526,0.008,0.164,0.000,0.000,4,9.786,0.000,0.997,"Ground_Summit authored launch:(0.080, 0.997, 0.000) separation=0.1494838;Ground_Summit authored launch:(0.080, 0.997, 0.000) separation=0.1494889;Ground_Summit authored launch:(0.080, 0.997, 0.000) separation=0.1494823;Ground_Summit authored launch:(0.080, 0.997, 0.000) separation=0.1494904;Ground_Summit authored launch:(0.080, 0.997, 0.000) separation=0.1494837;Ground_Summit authored launch:(0.080, 0.997, 0.000) separation=0.1494852;Ground_Mountain_2_4:(0.080, 0.997, 0.000) separation=0.2093078;Ground_Mountain_2_4:(0.080, 0.997, 0.000) separation=0.2093164;Ground_Mountain_2_4:(0.080, 0.997, 0.000) separation=0.2093103;Ground_Mountain_2_4:(0.080, 0.997, 0.000) separation=0.209314;Ground_Mountain_2_4:(0.080, 0.997, 0.000) separation=0.2093078;Ground_Mountain_2_4:(0.080, 0.997, 0.000) separation=0.209314;"
1.909,1004.469,150.804,190.001,31.673,-31.572,2.526,0.008,0.164,0.000,-0.001,4,9.784,0.000,0.997,"Ground_Summit authored launch:(0.080, 0.997, 0.000) separation=0.1494906;Ground_Summit authored launch:(0.080, 0.997, 0.000) separation=0.1494969;Ground_Summit authored launch:(0.080, 0.997, 0.000) separation=0.1494894;Ground_Summit authored launch:(0.080, 0.997, 0.000) separation=0.1494981;Ground_Summit authored launch:(0.080, 0.997, 0.000) separation=0.1494896;Ground_Summit authored launch:(0.080, 0.997, 0.000) separation=0.1494908;Ground_Mountain_2_4:(0.080, 0.997, 0.000) separation=0.209296;Ground_Mountain_2_4:(0.080, 0.997, 0.000) separation=0.2092834;Ground_Mountain_2_4:(0.080, 0.997, 0.000) separation=0.209296;Ground_Mountain_2_4:(0.080, 0.997, 0.000) separation=0.2092834;Ground_Mountain_2_4:(0.080, 0.997, 0.000) separation=0.2092834;Ground_Mountain_2_4:(0.080, 0.997, 0.000) separation=0.2092834;"
1.929,1003.838,150.854,190.001,31.673,-31.572,2.526,0.008,0.164,0.000,0.000,4,9.783,0.000,0.997,"Ground_Summit authored launch:(0.080, 0.997, 0.000) separation=0.1495;Ground_Summit authored launch:(0.080, 0.997, 0.000) separation=0.1495066;Ground_Summit authored launch:(0.080, 0.997, 0.000) separation=0.149499;Ground_Summit authored launch:(0.080, 0.997, 0.000) separation=0.1495076;Ground_Summit authored launch:(0.080, 0.997, 0.000) separation=0.1494997;Ground_Summit authored launch:(0.080, 0.997, 0.000) separation=0.1495006;Ground_Mountain_2_4:(0.080, 0.997, 0.000) separation=0.2092962;Ground_Mountain_2_4:(0.080, 0.997, 0.000) separation=0.2092987;Ground_Mountain_2_4:(0.080, 0.997, 0.000) separation=0.2092987;Ground_Mountain_2_4:(0.080, 0.997, 0.000) separation=0.2092962;Ground_Mountain_2_4:(0.080, 0.997, 0.000) separation=0.2092962;Ground_Mountain_2_4:(0.080, 0.997, 0.000) separation=0.2092962;"
1.949,1003.206,150.905,190.001,31.673,-31.572,2.526,0.008,0.164,0.000,0.000,4,9.782,0.000,0.997,"Ground_Summit authored launch:(0.080, 0.997, 0.000) separation=0.1495074;Ground_Summit authored launch:(0.080, 0.997, 0.000) separation=0.1495142;Ground_Summit authored launch:(0.080, 0.997, 0.000) separation=0.1495067;Ground_Summit authored launch:(0.080, 0.997, 0.000) separation=0.1495149;Ground_Summit authored launch:(0.080, 0.997, 0.000) separation=0.1495077;Ground_Summit authored launch:(0.080, 0.997, 0.000) separation=0.1495084;Ground_Mountain_2_4:(0.080, 0.997, 0.000) separation=0.2093292;Ground_Mountain_2_4:(0.080, 0.997, 0.000) separation=0.2093292;Ground_Mountain_2_4:(0.080, 0.997, 0.000) separation=0.2093292;Ground_Mountain_2_4:(0.080, 0.997, 0.000) separation=0.2093292;Ground_Mountain_2_4:(0.080, 0.997, 0.000) separation=0.2093292;Ground_Mountain_2_4:(0.080, 0.997, 0.000) separation=0.2093292;"
1.969,1002.575,150.955,190.001,31.673,-31.572,2.526,0.008,0.164,0.000,0.000,4,9.781,0.000,0.997,"Ground_Summit authored launch:(0.080, 0.997, 0.000) separation=0.1495154;Ground_Summit authored launch:(0.080, 0.997, 0.000) separation=0.1495229;Ground_Summit authored launch:(0.080, 0.997, 0.000) separation=0.1495149;Ground_Summit authored launch:(0.080, 0.997, 0.000) separation=0.1495233;Ground_Summit authored launch:(0.080, 0.997, 0.000) separation=0.1495165;Ground_Summit authored launch:(0.080, 0.997, 0.000) separation=0.1495168;Ground_Mountain_2_4:(0.080, 0.997, 0.000) separation=0.2093445;Ground_Mountain_2_4:(0.080, 0.997, 0.000) separation=0.2093146;Ground_Mountain_2_4:(0.080, 0.997, 0.000) separation=0.2093445;Ground_Mountain_2_4:(0.080, 0.997, 0.000) separation=0.2093146;Ground_Mountain_2_4:(0.080, 0.997, 0.000) separation=0.2093146;Ground_Mountain_2_4:(0.080, 0.997, 0.000) separation=0.2093146;"
1.989,1001.943,151.006,190.001,31.673,-31.572,2.526,0.008,0.164,0.000,0.000,4,9.780,0.000,0.997,"Ground_Summit authored launch:(0.080, 0.997, 0.000) separation=0.1495241;Ground_Summit authored launch:(0.080, 0.997, 0.000) separation=0.1495315;Ground_Summit authored launch:(0.080, 0.997, 0.000) separation=0.1495239;Ground_Summit authored launch:(0.080, 0.997, 0.000) separation=0.1495317;Ground_Summit authored launch:(0.080, 0.997, 0.000) separation=0.1495242;Ground_Summit authored launch:(0.080, 0.997, 0.000) separation=0.1495243;Ground_Mountain_2_4:(0.080, 0.997, 0.000) separation=0.2093445;Ground_Mountain_2_4:(0.080, 0.997, 0.000) separation=0.2093445;Ground_Mountain_2_4:(0.080, 0.997, 0.000) separation=0.2093445;Ground_Mountain_2_4:(0.080, 0.997, 0.000) separation=0.2093445;Ground_Mountain_2_4:(0.080, 0.997, 0.000) separation=0.2093445;Ground_Mountain_2_4:(0.080, 0.997, 0.000) separation=0.2093445;"
2.009,1001.312,151.056,190.001,31.673,-31.572,2.526,0.007,0.164,0.000,0.000,4,9.779,0.000,0.997,"Ground_Summit authored launch:(0.080, 0.997, 0.000) separation=0.1495298;Ground_Summit authored launch:(0.080, 0.997, 0.000) separation=0.1495378;Ground_Summit authored launch:(0.080, 0.997, 0.000) separation=0.1495298;Ground_Summit authored launch:(0.080, 0.997, 0.000) separation=0.1495377;Ground_Summit authored launch:(0.080, 0.997, 0.000) separation=0.1495304;Ground_Summit authored launch:(0.080, 0.997, 0.000) separation=0.1495304;Ground_Mountain_2_4:(0.080, 0.997, 0.000) separation=0.2093597;Ground_Mountain_2_4:(0.080, 0.997, 0.000) separation=0.2093597;Ground_Mountain_2_4:(0.080, 0.997, 0.000) separation=0.2093597;Ground_Mountain_2_4:(0.080, 0.997, 0.000) separation=0.2093597;Ground_Mountain_2_4:(0.080, 0.997, 0.000) separation=0.2093597;Ground_Mountain_2_4:(0.080, 0.997, 0.000) separation=0.2093597;"
2.029,1000.680,151.107,190.002,31.673,-31.572,2.526,0.007,0.164,0.000,0.000,4,9.779,0.000,0.997,"Ground_Summit authored launch:(0.080, 0.997, 0.000) separation=0.1495385;Ground_Summit authored launch:(0.080, 0.997, 0.000) separation=0.1495464;Ground_Summit authored launch:(0.080, 0.997, 0.000) separation=0.1495388;Ground_Summit authored launch:(0.080, 0.997, 0.000) separation=0.1495462;Ground_Summit authored launch:(0.080, 0.997, 0.000) separation=0.1495396;Ground_Summit authored launch:(0.080, 0.997, 0.000) separation=0.1495399;Ground_Mountain_2_4:(0.080, 0.997, 0.000) separation=0.2093627;Ground_Mountain_2_4:(0.080, 0.997, 0.000) separation=0.2093573;Ground_Mountain_2_4:(0.080, 0.997, 0.000) separation=0.2093602;Ground_Mountain_2_4:(0.080, 0.997, 0.000) separation=0.2093597;Ground_Mountain_2_4:(0.080, 0.997, 0.000) separation=0.2093573;Ground_Mountain_2_4:(0.080, 0.997, 0.000) separation=0.2093573;"
2.049,1000.049,151.157,190.002,31.673,-31.573,2.516,0.007,0.164,0.000,0.000,4,9.344,0.695,0.997,"Ground_Mountain_1_4:(0.013, 1.000, 0.000) separation=0.2098235;Ground_Mountain_1_4:(0.013, 1.000, 0.000) separation=0.2412722;Ground_Mountain_1_4:(0.013, 1.000, 0.000) separation=0.2098235;Ground_Mountain_1_4:(0.013, 1.000, 0.000) separation=0.2412649;Ground_Mountain_1_4:(0.013, 1.000, 0.000) separation=0.208897;Ground_Mountain_1_4:(0.013, 1.000, 0.000) separation=0.2315795;Ground_Summit authored launch:(0.055, 0.998, 0.000) separation=0.1844033;Ground_Summit authored launch:(0.055, 0.998, 0.000) separation=0.1495543;Ground_Summit authored launch:(0.055, 0.998, 0.000) separation=0.1843961;Ground_Summit authored launch:(0.055, 0.998, 0.000) separation=0.1495538;Ground_Summit authored launch:(0.055, 0.998, 0.000) separation=0.1495475;Ground_Summit authored launch:(0.055, 0.998, 0.000) separation=0.1495479;Ground_Mountain_2_4:(0.080, 0.997, 0.000) separation=0.2093731;Ground_Mountain_2_4:(0.080, 0.997, 0.000) separation=0.2093597;Ground_Mountain_2_4:(0.080, 0.997, 0.000) separation=0.2093731;Ground_Mountain_2_4:(0.080, 0.997, 0.000) separation=0.2093597;Ground_Mountain_2_4:(0.080, 0.997, 0.000) separation=0.2093597;Ground_Mountain_2_4:(0.080, 0.997, 0.000) separation=0.2093622;"
2.069,999.417,151.207,190.002,31.673,-31.576,2.476,0.006,0.164,0.000,0.000,4,7.820,0.561,0.997,"Ground_Summit authored launch:(0.060, 0.998, 0.000) separation=0.2286695;Ground_Summit authored launch:(0.060, 0.998, 0.000) separation=0.1498375;Ground_Summit authored launch:(0.060, 0.998, 0.000) separation=0.2286645;Ground_Summit authored launch:(0.060, 0.998, 0.000) separation=0.1498369;Ground_Summit authored launch:(0.060, 0.998, 0.000) separation=0.1493572;Ground_Summit authored launch:(0.060, 0.998, 0.000) separation=0.1493577;Ground_Mountain_2_4:(0.080, 0.997, 0.000) separation=0.2096491;Ground_Mountain_2_4:(0.080, 0.997, 0.000) separation=0.2091767;Ground_Mountain_2_4:(0.080, 0.997, 0.000) separation=0.2096491;Ground_Mountain_2_4:(0.080, 0.997, 0.000) separation=0.2091767;Ground_Mountain_2_4:(0.080, 0.997, 0.000) separation=0.2091766;Ground_Mountain_2_4:(0.080, 0.997, 0.000) separation=0.2093123;Ground_Mountain_1_4:(0.013, 1.000, 0.000) separation=0.2096339;Ground_Mountain_1_4:(0.013, 1.000, 0.000) separation=0.2826954;Ground_Mountain_1_4:(0.013, 1.000, 0.000) separation=0.2096339;Ground_Mountain_1_4:(0.013, 1.000, 0.000) separation=0.2826888;Ground_Mountain_1_4:(0.013, 1.000, 0.000) separation=0.2087203;Ground_Mountain_1_4:(0.013, 1.000, 0.000) separation=0.2312531;"
2.089,998.785,151.255,190.002,31.673,-31.581,2.412,0.006,0.164,0.000,0.000,4,6.583,0.169,0.997,"Ground_Summit authored launch:(0.060, 0.998, 0.000) separation=0.2641737;Ground_Summit authored launch:(0.060, 0.998, 0.000) separation=0.1502239;Ground_Summit authored launch:(0.060, 0.998, 0.000) separation=0.2641694;Ground_Summit authored launch:(0.060, 0.998, 0.000) separation=0.1502232;Ground_Summit authored launch:(0.060, 0.998, 0.000) separation=0.1493969;Ground_Summit authored launch:(0.060, 0.998, 0.000) separation=0.1493974;Ground_Mountain_2_4:(0.080, 0.997, 0.000) separation=0.2100299;Ground_Mountain_2_4:(0.080, 0.997, 0.000) separation=0.2092075;Ground_Mountain_2_4:(0.080, 0.997, 0.000) separation=0.2100298;Ground_Mountain_2_4:(0.080, 0.997, 0.000) separation=0.2092075;Ground_Mountain_2_4:(0.080, 0.997, 0.000) separation=0.209207;Ground_Mountain_2_4:(0.080, 0.997, 0.000) separation=0.2097453;Ground_Mountain_1_4:(0.013, 1.000, 0.000) separation=0.2096477;Ground_Mountain_1_4:(0.013, 1.000, 0.000) separation=0.3224006;Ground_Mountain_1_4:(0.013, 1.000, 0.000) separation=0.2096477;Ground_Mountain_1_4:(0.013, 1.000, 0.000) separation=0.3223954;Ground_Mountain_1_4:(0.013, 1.000, 0.000) separation=0.2087675;Ground_Mountain_1_4:(0.013, 1.000, 0.000) separation=0.2308673;"
2.109,998.152,151.301,190.002,31.674,-31.590,2.304,0.005,0.163,0.000,0.000,4,4.470,0.404,0.997,"Ground_Summit authored launch:(0.016, 1.000, 0.000) separation=0.2923312;Ground_Summit authored launch:(0.016, 1.000, 0.000) separation=0.1596726;Ground_Summit authored launch:(0.016, 1.000, 0.000) separation=0.2923285;Ground_Summit authored launch:(0.016, 1.000, 0.000) separation=0.1596771;Ground_Summit authored launch:(0.016, 1.000, 0.000) separation=0.185034;Ground_Summit authored launch:(0.016, 1.000, 0.000) separation=0.186914;Ground_Mountain_1_4:(0.022, 1.000, 0.000) separation=0.2188613;Ground_Mountain_1_4:(0.022, 1.000, 0.000) separation=0.3497899;Ground_Mountain_1_4:(0.022, 1.000, 0.000) separation=0.2188662;Ground_Mountain_1_4:(0.022, 1.000, 0.000) separation=0.349787;Ground_Mountain_1_4:(0.022, 1.000, 0.000) separation=0.2188629;Ground_Mountain_1_4:(0.022, 1.000, 0.000) separation=0.2188638;"
2.129,997.519,151.344,190.002,31.676,-31.603,2.146,0.005,0.163,0.000,0.000,2,1.932,0.053,0.998,"Ground_Summit authored launch:(0.024, 1.000, 0.000) separation=0.3136838;Ground_Summit authored launch:(0.024, 1.000, 0.000) separation=0.2050955;Ground_Summit authored launch:(0.024, 1.000, 0.000) separation=0.3136824;Ground_Summit authored launch:(0.024, 1.000, 0.000) separation=0.2050993;Ground_Summit authored launch:(0.024, 1.000, 0.000) separation=0.2213031;Ground_Summit authored launch:(0.024, 1.000, 0.000) separation=0.2213032;Ground_Mountain_1_4:(0.022, 1.000, 0.000) separation=0.260086;Ground_Mountain_1_4:(0.022, 1.000, 0.000) separation=0.3670372;Ground_Mountain_1_4:(0.022, 1.000, 0.000) separation=0.2600895;Ground_Mountain_1_4:(0.022, 1.000, 0.000) separation=0.3670353;Ground_Mountain_1_4:(0.022, 1.000, 0.000) separation=0.2600877;Ground_Mountain_1_4:(0.022, 1.000, 0.000) separation=0.3149962;"
2.149,996.886,151.384,190.002,31.678,-31.617,1.968,0.004,0.162,0.000,0.000,2,0.891,0.212,0.998,"Ground_Summit authored launch:(0.029, 1.000, 0.000) separation=0.3227839;Ground_Summit authored launch:(0.029, 1.000, 0.000) separation=0.2429012;Ground_Summit authored launch:(0.029, 1.000, 0.000) separation=0.3227827;Ground_Summit authored launch:(0.029, 1.000, 0.000) separation=0.2429036;Ground_Summit authored launch:(0.029, 1.000, 0.000) separation=0.2477439;Ground_Summit authored launch:(0.029, 1.000, 0.000) separation=0.2490727;Ground_Mountain_1_4:(0.022, 1.000, 0.000) separation=0.2988333;Ground_Mountain_1_4:(0.022, 1.000, 0.000) separation=0.3803704;Ground_Mountain_1_4:(0.022, 1.000, 0.000) separation=0.2988355;Ground_Mountain_1_4:(0.022, 1.000, 0.000) separation=0.3803693;Ground_Mountain_1_4:(0.022, 1.000, 0.000) separation=0.2988344;Ground_Mountain_1_4:(0.022, 1.000, 0.000) separation=0.3150115;"
2.169,996.252,151.419,190.002,31.681,-31.632,1.777,0.004,0.161,0.000,0.000,2,0.239,0.599,0.998,"Ground_Summit authored launch:(0.042, 0.999, 0.000) separation=0.3244151;Ground_Summit authored launch:(0.042, 0.999, 0.000) separation=0.2737957;Ground_Summit authored launch:(0.042, 0.999, 0.000) separation=0.3244143;Ground_Summit authored launch:(0.042, 0.999, 0.000) separation=0.2737973;Ground_Summit authored launch:(0.042, 0.999, 0.000) separation=0.2884717;Ground_Summit authored launch:(0.042, 0.999, 0.000) separation=0.2893314;Ground_Mountain_1_4:(0.049, 0.999, 0.000) separation=0.3335741;Ground_Mountain_1_4:(0.049, 0.999, 0.000) separation=0.3824196;Ground_Mountain_1_4:(0.049, 0.999, 0.000) separation=0.3335749;Ground_Mountain_1_4:(0.049, 0.999, 0.000) separation=0.3824197;Ground_Mountain_1_4:(0.049, 0.999, 0.000) separation=0.3335744;Ground_Mountain_1_4:(0.049, 0.999, 0.000) separation=0.3335744;"
2.189,995.618,151.451,190.002,31.658,-31.619,1.580,0.004,0.159,0.000,0.000,0,0.000,0.001,0.998,"Ground_Summit authored launch:(0.047, 0.999, 0.000) separation=0.3176928;Ground_Summit authored launch:(0.047, 0.999, 0.000) separation=0.292539;Ground_Summit authored launch:(0.047, 0.999, 0.000) separation=0.2925375;Ground_Summit authored launch:(0.047, 0.999, 0.000) separation=0.3176938;Ground_Summit authored launch:(0.047, 0.999, 0.000) separation=0.3020349;Ground_Summit authored launch:(0.047, 0.999, 0.000) separation=0.3020359;Ground_Mountain_1_4:(0.049, 0.999, 0.000) separation=0.3480973;Ground_Mountain_1_4:(0.049, 0.999, 0.000) separation=0.3714794;Ground_Mountain_1_4:(0.049, 0.999, 0.000) separation=0.3480977;Ground_Mountain_1_4:(0.049, 0.999, 0.000) separation=0.3714795;Ground_Mountain_1_4:(0.049, 0.999, 0.000) separation=0.3480976;Ground_Mountain_1_4:(0.049, 0.999, 0.000) separation=0.3696658;"
2.209,994.985,151.479,190.002,31.635,-31.607,1.383,0.004,0.171,0.000,0.000,0,0.000,0.005,0.999,"Ground_Summit authored launch:(0.064, 0.998, 0.000) separation=0.299824;Ground_Summit authored launch:(0.064, 0.998, 0.000) separation=0.3034649;Ground_Summit authored launch:(0.064, 0.998, 0.000) separation=0.3034635;Ground_Summit authored launch:(0.064, 0.998, 0.000) separation=0.2998253;Ground_Summit authored launch:(0.064, 0.998, 0.000) separation=0.3003544;Ground_Summit authored launch:(0.064, 0.998, 0.000) separation=0.3007832;Ground_Mountain_1_4:(0.053, 0.999, 0.000) separation=0.3586843;Ground_Mountain_1_4:(0.053, 0.999, 0.000) separation=0.3566543;Ground_Mountain_1_4:(0.053, 0.999, 0.000) separation=0.3586843;Ground_Mountain_1_4:(0.053, 0.999, 0.000) separation=0.3566543;Ground_Mountain_1_4:(0.053, 0.999, 0.000) separation=0.3566543;Ground_Mountain_1_4:(0.053, 0.999, 0.000) separation=0.3586842;"
2.229,994.352,151.503,190.002,31.645,-31.623,1.237,0.003,0.182,0.000,0.000,2,2.429,1.512,0.999,"Ground_Summit authored launch:(0.069, 0.998, 0.000) separation=0.2745434;Ground_Summit authored launch:(0.069, 0.998, 0.000) separation=0.305897;Ground_Summit authored launch:(0.069, 0.998, 0.000) separation=0.3058955;Ground_Summit authored launch:(0.069, 0.998, 0.000) separation=0.2745455;Ground_Summit authored launch:(0.069, 0.998, 0.000) separation=0.2804096;Ground_Summit authored launch:(0.069, 0.998, 0.000) separation=0.2804112;Ground_Mountain_1_4:(0.075, 0.997, 0.000) separation=0.3653389;Ground_Mountain_1_4:(0.075, 0.997, 0.000) separation=0.3330878;Ground_Mountain_1_4:(0.075, 0.997, 0.000) separation=0.3653386;Ground_Mountain_1_4:(0.075, 0.997, 0.000) separation=0.333087;Ground_Mountain_1_4:(0.075, 0.997, 0.000) separation=0.3330871;Ground_Mountain_1_4:(0.075, 0.997, 0.000) separation=0.3330874;"
2.249,993.719,151.526,190.003,31.653,-31.636,1.139,0.002,0.178,0.000,0.000,4,4.804,1.132,0.999,"Ground_Summit authored launch:(0.078, 0.997, 0.000) separation=0.2419244;Ground_Summit authored launch:(0.078, 0.997, 0.000) separation=0.2963727;Ground_Summit authored launch:(0.078, 0.997, 0.000) separation=0.2963707;Ground_Summit authored launch:(0.078, 0.997, 0.000) separation=0.2419273;Ground_Summit authored launch:(0.078, 0.997, 0.000) separation=0.2524315;Ground_Summit authored launch:(0.078, 0.997, 0.000) separation=0.2533884;Ground_Mountain_1_4:(0.084, 0.996, 0.000) separation=0.3525079;Ground_Mountain_1_4:(0.084, 0.996, 0.000) separation=0.2962801;Ground_Mountain_1_4:(0.084, 0.996, 0.000) separation=0.3525109;Ground_Mountain_1_4:(0.084, 0.996, 0.000) separation=0.2962764;Ground_Mountain_1_4:(0.084, 0.996, 0.000) separation=0.2962773;Ground_Mountain_1_4:(0.084, 0.996, 0.000) separation=0.3168736;"
2.269,993.086,151.548,190.003,31.661,-31.646,1.086,0.001,0.173,0.000,0.000,4,7.087,1.059,0.999,"Ground_Summit authored launch:(0.086, 0.996, 0.000) separation=0.202736;Ground_Summit authored launch:(0.086, 0.996, 0.000) separation=0.2799964;Ground_Summit authored launch:(0.086, 0.996, 0.000) separation=0.2799935;Ground_Summit authored launch:(0.086, 0.996, 0.000) separation=0.2027401;Ground_Summit authored launch:(0.086, 0.996, 0.000) separation=0.2247216;Ground_Summit authored launch:(0.086, 0.996, 0.000) separation=0.2247233;Ground_Mountain_1_4:(0.084, 0.996, 0.000) separation=0.3345164;Ground_Mountain_1_4:(0.084, 0.996, 0.000) separation=0.2587846;Ground_Mountain_1_4:(0.084, 0.996, 0.000) separation=0.3345197;Ground_Mountain_1_4:(0.084, 0.996, 0.000) separation=0.2587799;Ground_Mountain_1_4:(0.084, 0.996, 0.000) separation=0.2587832;Ground_Mountain_1_4:(0.084, 0.996, 0.000) separation=0.3072296;"
2.289,992.453,151.569,190.003,31.667,-31.653,1.086,0.000,0.169,0.000,0.000,4,9.690,0.842,0.999,"Ground_Summit authored launch:(0.095, 0.995, 0.000) separation=0.1603382;Ground_Summit authored launch:(0.095, 0.995, 0.000) separation=0.2554587;Ground_Summit authored launch:(0.095, 0.995, 0.000) separation=0.2554555;Ground_Summit authored launch:(0.095, 0.995, 0.000) separation=0.160344;Ground_Summit authored launch:(0.095, 0.995, 0.000) separation=0.1648529;Ground_Summit authored launch:(0.095, 0.995, 0.000) separation=0.1648547;Ground_Mountain_1_4:(0.102, 0.995, 0.000) separation=0.3141605;Ground_Mountain_1_4:(0.102, 0.995, 0.000) separation=0.2194157;Ground_Mountain_1_4:(0.102, 0.995, 0.000) separation=0.314164;Ground_Mountain_1_4:(0.102, 0.995, 0.000) separation=0.2194091;Ground_Mountain_1_4:(0.102, 0.995, 0.000) separation=0.2194125;Ground_Mountain_1_4:(0.102, 0.995, 0.000) separation=0.2194136;"
2.309,991.821,151.592,190.003,31.673,-31.656,1.143,-0.001,0.166,0.000,0.000,4,12.547,0.618,0.999,"Ground_Summit authored launch:(0.104, 0.995, 0.000) separation=0.1117699;Ground_Summit authored launch:(0.104, 0.995, 0.000) separation=0.2235645;Ground_Summit authored launch:(0.104, 0.995, 0.000) separation=0.22356;Ground_Summit authored launch:(0.104, 0.995, 0.000) separation=0.1117765;Ground_Summit authored launch:(0.104, 0.995, 0.000) separation=0.1234599;Ground_Summit authored launch:(0.104, 0.995, 0.000) separation=0.1251484;Ground_Mountain_1_4:(0.110, 0.994, 0.000) separation=0.2802254;Ground_Mountain_1_4:(0.110, 0.994, 0.000) separation=0.1666925;Ground_Mountain_1_4:(0.110, 0.994, 0.000) separation=0.2802288;Ground_Mountain_1_4:(0.110, 0.994, 0.000) separation=0.1666871;Ground_Mountain_1_4:(0.110, 0.994, 0.000) separation=0.1666898;Ground_Mountain_1_4:(0.110, 0.994, 0.000) separation=0.1929885;"
2.329,991.188,151.617,190.002,31.676,-31.656,1.257,-0.002,0.164,0.000,0.000,4,15.407,0.526,0.998,"Ground_Summit authored launch:(0.113, 0.994, 0.000) separation=0.06111156;Ground_Summit authored launch:(0.113, 0.994, 0.000) separation=0.1881677;Ground_Summit authored launch:(0.113, 0.994, 0.000) separation=0.1881616;Ground_Summit authored launch:(0.113, 0.994, 0.000) separation=0.06112029;Ground_Summit authored launch:(0.113, 0.994, 0.000) separation=0.08530566;Ground_Summit authored launch:(0.113, 0.994, 0.000) separation=0.08530709;Ground_Mountain_1_4:(0.110, 0.994, 0.000) separation=0.2418657;Ground_Mountain_1_4:(0.110, 0.994, 0.000) separation=0.1162283;Ground_Mountain_1_4:(0.110, 0.994, 0.000) separation=0.2418697;Ground_Mountain_1_4:(0.110, 0.994, 0.000) separation=0.1162217;Ground_Mountain_1_4:(0.110, 0.994, 0.000) separation=0.116225;Ground_Mountain_1_4:(0.110, 0.994, 0.000) separation=0.1838124;"
2.349,990.566,151.656,190.002,31.534,-31.479,1.956,-0.003,0.162,0.000,0.000,4,18.277,0.308,0.997,"Ground_Summit authored launch:(0.117, 0.993, 0.000) separation=0.009808011;Ground_Summit authored launch:(0.117, 0.993, 0.000) separation=0.1467954;Ground_Summit authored launch:(0.117, 0.993, 0.000) separation=0.146789;Ground_Summit authored launch:(0.117, 0.993, 0.000) separation=0.009817563;Ground_Summit authored launch:(0.117, 0.993, 0.000) separation=0.04109436;Ground_Summit authored launch:(0.117, 0.993, 0.000) separation=0.04300901;Ground_Summit authored launch:(0.139, 0.990, 0.000) separation=0.0602248;Ground_Summit authored launch:(0.139, 0.990, 0.000) separation=0.0602248;Ground_Mountain_1_4:(0.110, 0.994, 0.000) separation=0.2046741;Ground_Mountain_1_4:(0.110, 0.994, 0.000) separation=0.06908282;Ground_Mountain_1_4:(0.110, 0.994, 0.000) separation=0.204681;Ground_Mountain_1_4:(0.110, 0.994, 0.000) separation=0.06907278;Ground_Mountain_1_4:(0.110, 0.994, 0.000) separation=0.06907904;Ground_Mountain_1_4:(0.110, 0.994, 0.000) separation=0.06907946;"
2.369,989.949,151.707,190.002,31.444,-31.364,2.506,-0.001,0.233,0.000,0.001,4,21.206,6.375,0.993,"Ground_Summit authored launch:(0.130, 0.992, 0.000) separation=-0.01095997;Ground_Summit authored launch:(0.130, 0.992, 0.000) separation=0.09103081;Ground_Summit authored launch:(0.130, 0.992, 0.000) separation=0.09132895;Ground_Summit authored launch:(0.130, 0.992, 0.000) separation=-0.01125404;Ground_Summit authored launch:(0.130, 0.992, 0.000) separation=-0.007157266;Ground_Summit authored launch:(0.130, 0.992, 0.000) separation=-0.005239487;Ground_Mountain_1_4:(0.136, 0.991, 0.000) separation=0.1485645;Ground_Mountain_1_4:(0.136, 0.991, 0.000) separation=0.04425846;Ground_Mountain_1_4:(0.136, 0.991, 0.000) separation=0.1482677;Ground_Mountain_1_4:(0.136, 0.991, 0.000) separation=0.04455125;Ground_Mountain_1_4:(0.136, 0.991, 0.000) separation=0.04440382;Ground_Mountain_1_4:(0.136, 0.991, 0.000) separation=0.06199545;"
2.389,989.333,151.784,190.002,31.245,-31.017,3.773,0.001,0.278,0.000,0.001,4,27.483,9.257,0.992,"Ground_Summit authored launch:(0.139, 0.990, 0.000) separation=-0.01015958;Ground_Summit authored launch:(0.139, 0.990, 0.000) separation=0.03230356;Ground_Summit authored launch:(0.139, 0.990, 0.000) separation=0.03258533;Ground_Summit authored launch:(0.139, 0.990, 0.000) separation=-0.01043546;Ground_Summit authored launch:(0.139, 0.990, 0.000) separation=-0.002672344;Ground_Summit authored launch:(0.139, 0.990, 0.000) separation=-0.002390712;Ground_Mountain_1_4:(0.136, 0.991, 0.000) separation=0.08568124;Ground_Mountain_1_4:(0.136, 0.991, 0.000) separation=0.04370748;Ground_Mountain_1_4:(0.136, 0.991, 0.000) separation=0.08539924;Ground_Mountain_1_4:(0.136, 0.991, 0.000) separation=0.04398546;Ground_Mountain_1_4:(0.136, 0.991, 0.000) separation=0.04384816;Ground_Mountain_1_4:(0.136, 0.991, 0.000) separation=0.07131019;"
2.409,988.718,151.871,190.002,31.222,-30.932,4.243,0.003,0.378,0.000,0.001,4,21.440,3.690,0.990,"Ground_Summit authored launch:(0.143, 0.990, 0.000) separation=-0.01016708;Ground_Summit authored launch:(0.143, 0.990, 0.000) separation=0.01480869;Ground_Summit authored launch:(0.143, 0.990, 0.000) separation=0.01494475;Ground_Summit authored launch:(0.143, 0.990, 0.000) separation=-0.01029855;Ground_Summit authored launch:(0.143, 0.990, 0.000) separation=-0.003429025;Ground_Summit authored launch:(0.143, 0.990, 0.000) separation=-0.002698481;Ground_Mountain_1_4:(0.136, 0.991, 0.000) separation=0.07184034;Ground_Mountain_1_4:(0.136, 0.991, 0.000) separation=0.04790995;Ground_Mountain_1_4:(0.136, 0.991, 0.000) separation=0.07170453;Ground_Mountain_1_4:(0.136, 0.991, 0.000) separation=0.04804109;Ground_Mountain_1_4:(0.136, 0.991, 0.000) separation=0.04794297;Ground_Mountain_1_4:(0.136, 0.991, 0.000) separation=0.04797757;"
2.429,988.105,151.969,190.002,31.190,-30.830,4.729,0.005,0.389,0.000,0.001,4,20.093,1.587,0.989,"Ground_Summit authored launch:(0.156, 0.988, 0.000) separation=-0.01325956;Ground_Summit authored launch:(0.156, 0.988, 0.000) separation=0.0109083;Ground_Summit authored launch:(0.156, 0.988, 0.000) separation=0.01097793;Ground_Summit authored launch:(0.156, 0.988, 0.000) separation=-0.01332435;Ground_Summit authored launch:(0.156, 0.988, 0.000) separation=-0.001772165;Ground_Summit authored launch:(0.156, 0.988, 0.000) separation=-0.001702577;Ground_Summit authored launch:(0.177, 0.984, 0.000) separation=0.04396659;Ground_Summit authored launch:(0.177, 0.984, 0.000) separation=0.04396659;Ground_Mountain_1_4:(0.162, 0.987, 0.000) separation=0.06894084;Ground_Mountain_1_4:(0.162, 0.987, 0.000) separation=0.0429014;Ground_Mountain_1_4:(0.162, 0.987, 0.000) separation=0.0688726;Ground_Mountain_1_4:(0.162, 0.987, 0.000) separation=0.04296472;Ground_Mountain_1_4:(0.162, 0.987, 0.000) separation=0.04293302;Ground_Mountain_1_4:(0.162, 0.987, 0.000) separation=0.04706761;"
2.449,987.492,152.069,190.002,31.217,-30.827,4.918,0.005,0.405,0.000,0.001,4,18.101,1.134,0.988,"Ground_Summit authored launch:(0.164, 0.986, 0.000) separation=-0.00878982;Ground_Summit authored launch:(0.164, 0.986, 0.000) separation=0.01293104;Ground_Summit authored launch:(0.164, 0.986, 0.000) separation=0.01299705;Ground_Summit authored launch:(0.164, 0.986, 0.000) separation=-0.008848076;Ground_Summit authored launch:(0.164, 0.986, 0.000) separation=-0.007089376;Ground_Summit authored launch:(0.164, 0.986, 0.000) separation=-0.007025123;Ground_Mountain_1_4:(0.162, 0.987, 0.000) separation=0.06683413;Ground_Mountain_1_4:(0.162, 0.987, 0.000) separation=0.04405128;Ground_Mountain_1_4:(0.162, 0.987, 0.000) separation=0.06676915;Ground_Mountain_1_4:(0.162, 0.987, 0.000) separation=0.04411107;Ground_Mountain_1_4:(0.162, 0.987, 0.000) separation=0.0440785;Ground_Mountain_1_4:(0.162, 0.987, 0.000) separation=0.0618268;"
2.469,986.878,152.173,190.002,31.243,-30.823,5.104,0.003,0.391,0.000,0.001,4,18.544,1.131,0.987,"Ground_Summit authored launch:(0.169, 0.986, 0.000) separation=-0.009800149;Ground_Summit authored launch:(0.169, 0.986, 0.000) separation=0.01283323;Ground_Summit authored launch:(0.169, 0.986, 0.000) separation=0.01291892;Ground_Summit authored launch:(0.169, 0.986, 0.000) separation=-0.009880563;Ground_Summit authored launch:(0.169, 0.986, 0.000) separation=-0.006282032;Ground_Summit authored launch:(0.169, 0.986, 0.000) separation=-0.005582869;Ground_Mountain_1_4:(0.162, 0.987, 0.000) separation=0.06867259;Ground_Mountain_1_4:(0.162, 0.987, 0.000) separation=0.04708678;Ground_Mountain_1_4:(0.162, 0.987, 0.000) separation=0.06858632;Ground_Mountain_1_4:(0.162, 0.987, 0.000) separation=0.0471679;Ground_Mountain_1_4:(0.162, 0.987, 0.000) separation=0.04708746;Ground_Mountain_1_4:(0.162, 0.987, 0.000) separation=0.0471296;"
2.489,986.267,152.285,190.002,31.225,-30.741,5.478,0.004,0.379,0.000,0.001,4,19.136,0.985,0.985,"Ground_Summit authored launch:(0.181, 0.983, 0.000) separation=-0.01105583;Ground_Summit authored launch:(0.181, 0.983, 0.000) separation=0.01254938;Ground_Summit authored launch:(0.181, 0.983, 0.000) separation=0.01263937;Ground_Summit authored launch:(0.181, 0.983, 0.000) separation=-0.01114046;Ground_Summit authored launch:(0.181, 0.983, 0.000) separation=-0.003212184;Ground_Summit authored launch:(0.181, 0.983, 0.000) separation=-0.003121853;Ground_Mountain_1_4:(0.188, 0.982, 0.000) separation=0.0712966;Ground_Mountain_1_4:(0.188, 0.982, 0.000) separation=0.04584;Ground_Mountain_1_4:(0.188, 0.982, 0.000) separation=0.07120896;Ground_Mountain_1_4:(0.188, 0.982, 0.000) separation=0.04592221;Ground_Mountain_1_4:(0.188, 0.982, 0.000) separation=0.045881;Ground_Mountain_1_4:(0.188, 0.982, 0.000) separation=0.04591855;"
2.509,985.654,152.399,190.002,31.248,-30.734,5.647,0.001,0.388,0.000,0.001,4,18.048,1.362,0.984,"Ground_Summit authored launch:(0.181, 0.983, 0.000) separation=-0.007559611;Ground_Summit authored launch:(0.181, 0.983, 0.000) separation=0.01321784;Ground_Summit authored launch:(0.181, 0.983, 0.000) separation=0.01327257;Ground_Summit authored launch:(0.181, 0.983, 0.000) separation=-0.00760873;Ground_Summit authored launch:(0.181, 0.983, 0.000) separation=-0.0002429485;Ground_Summit authored launch:(0.181, 0.983, 0.000) separation=0.000326544;Ground_Summit authored launch:(0.202, 0.979, 0.000) separation=0.04366279;Ground_Summit authored launch:(0.202, 0.979, 0.000) separation=0.04366279;Ground_Mountain_1_4:(0.188, 0.982, 0.000) separation=0.06788352;Ground_Mountain_1_4:(0.188, 0.982, 0.000) separation=0.04534613;Ground_Mountain_1_4:(0.188, 0.982, 0.000) separation=0.0678288;Ground_Mountain_1_4:(0.188, 0.982, 0.000) separation=0.0453952;Ground_Mountain_1_4:(0.188, 0.982, 0.000) separation=0.04536808;Ground_Mountain_1_4:(0.188, 0.982, 0.000) separation=0.0603565;"
2.529,985.044,152.519,190.002,31.262,-30.711,5.844,0.004,0.376,0.000,0.001,4,18.162,0.947,0.982,"Ground_Summit authored launch:(0.194, 0.981, 0.000) separation=-0.01361899;Ground_Summit authored launch:(0.194, 0.981, 0.000) separation=0.01438339;Ground_Summit authored launch:(0.194, 0.981, 0.000) separation=0.01440734;Ground_Summit authored launch:(0.194, 0.981, 0.000) separation=-0.01363732;Ground_Summit authored launch:(0.194, 0.981, 0.000) separation=-0.01363659;Ground_Summit authored launch:(0.194, 0.981, 0.000) separation=-0.01291403;Ground_Mountain_1_4:(0.188, 0.982, 0.000) separation=0.06896368;Ground_Mountain_1_4:(0.188, 0.982, 0.000) separation=0.04202913;Ground_Mountain_1_4:(0.188, 0.982, 0.000) separation=0.06893765;Ground_Mountain_1_4:(0.188, 0.982, 0.000) separation=0.04204956;Ground_Mountain_1_4:(0.188, 0.982, 0.000) separation=0.04204178;Ground_Mountain_1_4:(0.188, 0.982, 0.000) separation=0.06639031;"
2.549,984.434,152.643,190.002,31.264,-30.663,6.099,0.004,0.369,0.000,0.001,4,19.002,1.147,0.981,"Ground_Summit authored launch:(0.202, 0.979, 0.000) separation=-0.00958377;Ground_Summit authored launch:(0.202, 0.979, 0.000) separation=0.0135605;Ground_Summit authored launch:(0.202, 0.979, 0.000) separation=0.01369116;Ground_Summit authored launch:(0.202, 0.979, 0.000) separation=-0.009705761;Ground_Summit authored launch:(0.202, 0.979, 0.000) separation=-0.005998731;Ground_Summit authored launch:(0.202, 0.979, 0.000) separation=-0.005870104;Ground_Mountain_1_4:(0.204, 0.979, 0.000) separation=0.07225113;Ground_Mountain_1_4:(0.204, 0.979, 0.000) separation=0.04798748;Ground_Mountain_1_4:(0.204, 0.979, 0.000) separation=0.0721186;Ground_Mountain_1_4:(0.204, 0.979, 0.000) separation=0.04810824;Ground_Mountain_1_4:(0.204, 0.979, 0.000) separation=0.04804772;Ground_Mountain_1_4:(0.204, 0.979, 0.000) separation=0.04807311;"
2.569,983.825,152.771,190.002,31.277,-30.638,6.292,0.002,0.368,0.000,0.001,4,19.034,1.312,0.979,"Ground_Summit authored launch:(0.207, 0.978, 0.000) separation=-0.009865337;Ground_Summit authored launch:(0.207, 0.978, 0.000) separation=0.01175472;Ground_Summit authored launch:(0.207, 0.978, 0.000) separation=0.01184606;Ground_Summit authored launch:(0.207, 0.978, 0.000) separation=-0.009950743;Ground_Summit authored launch:(0.207, 0.978, 0.000) separation=-0.005220056;Ground_Summit authored launch:(0.207, 0.978, 0.000) separation=-0.00455153;Ground_Mountain_1_4:(0.213, 0.977, 0.000) separation=0.06716095;Ground_Mountain_1_4:(0.213, 0.977, 0.000) separation=0.04374925;Ground_Mountain_1_4:(0.213, 0.977, 0.000) separation=0.06706707;Ground_Mountain_1_4:(0.213, 0.977, 0.000) separation=0.04383727;Ground_Mountain_1_4:(0.213, 0.977, 0.000) separation=0.04379046;Ground_Mountain_1_4:(0.213, 0.977, 0.000) separation=0.05555767;"
2.589,983.218,152.908,190.002,31.243,-30.518,6.692,0.003,0.361,0.000,0.001,4,19.495,0.973,0.978,"Ground_Summit authored launch:(0.219, 0.976, 0.000) separation=-0.01174033;Ground_Summit authored launch:(0.219, 0.976, 0.000) separation=0.01108601;Ground_Summit authored launch:(0.219, 0.976, 0.000) separation=0.01117431;Ground_Summit authored launch:(0.219, 0.976, 0.000) separation=-0.01182261;Ground_Summit authored launch:(0.219, 0.976, 0.000) separation=-0.002676398;Ground_Summit authored launch:(0.219, 0.976, 0.000) separation=-0.002588004;Ground_Mountain_1_4:(0.213, 0.977, 0.000) separation=0.06446063;Ground_Mountain_1_4:(0.213, 0.977, 0.000) separation=0.04246441;Ground_Mountain_1_4:(0.213, 0.977, 0.000) separation=0.06437492;Ground_Mountain_1_4:(0.213, 0.977, 0.000) separation=0.04254404;Ground_Mountain_1_4:(0.213, 0.977, 0.000) separation=0.04250652;Ground_Mountain_1_4:(0.213, 0.977, 0.000) separation=0.06312391;"
2.609,982.610,153.045,190.002,31.257,-30.495,6.861,0.000,0.378,0.000,0.001,4,18.042,1.106,0.977,"Ground_Summit authored launch:(0.219, 0.976, 0.000) separation=-0.007597918;Ground_Summit authored launch:(0.219, 0.976, 0.000) separation=0.01277543;Ground_Summit authored launch:(0.219, 0.976, 0.000) separation=0.01283394;Ground_Summit authored launch:(0.219, 0.976, 0.000) separation=-0.00765018;Ground_Summit authored launch:(0.219, 0.976, 0.000) separation=0.0003226101;Ground_Summit authored launch:(0.219, 0.976, 0.000) separation=0.0008699;Ground_Summit authored launch:(0.239, 0.971, 0.000) separation=0.04292563;Ground_Summit authored launch:(0.239, 0.971, 0.000) separation=0.04292563;Ground_Mountain_1_4:(0.213, 0.977, 0.000) separation=0.07008689;Ground_Mountain_1_4:(0.213, 0.977, 0.000) separation=0.05055731;Ground_Mountain_1_4:(0.213, 0.977, 0.000) separation=0.07002386;Ground_Mountain_1_4:(0.213, 0.977, 0.000) separation=0.05061401;Ground_Mountain_1_4:(0.213, 0.977, 0.000) separation=0.05058262;Ground_Mountain_1_4:(0.213, 0.977, 0.000) separation=0.05058557;"
2.629,982.005,153.189,190.002,31.265,-30.460,7.048,0.002,0.371,0.000,0.001,4,17.990,0.852,0.974,"Ground_Summit authored launch:(0.231, 0.973, 0.000) separation=-0.01411015;Ground_Summit authored launch:(0.231, 0.973, 0.000) separation=0.01420996;Ground_Summit authored launch:(0.231, 0.973, 0.000) separation=0.01423204;Ground_Summit authored launch:(0.231, 0.973, 0.000) separation=-0.01412596;Ground_Summit authored launch:(0.231, 0.973, 0.000) separation=-0.01287726;Ground_Summit authored launch:(0.231, 0.973, 0.000) separation=-0.01214105;Ground_Mountain_1_4:(0.237, 0.971, 0.000) separation=0.07035897;Ground_Mountain_1_4:(0.237, 0.971, 0.000) separation=0.04042926;Ground_Mountain_1_4:(0.237, 0.971, 0.000) separation=0.07034078;Ground_Mountain_1_4:(0.237, 0.971, 0.000) separation=0.04044119;Ground_Mountain_1_4:(0.237, 0.971, 0.000) separation=0.04043537;Ground_Mountain_1_4:(0.237, 0.971, 0.000) separation=0.04858628;"
2.649,981.400,153.337,190.002,31.263,-30.403,7.281,0.003,0.368,0.000,0.001,4,18.935,0.997,0.973,"Ground_Summit authored launch:(0.239, 0.971, 0.000) separation=-0.01013499;Ground_Summit authored launch:(0.239, 0.971, 0.000) separation=0.01333257;Ground_Summit authored launch:(0.239, 0.971, 0.000) separation=0.01348882;Ground_Summit authored launch:(0.239, 0.971, 0.000) separation=-0.01028161;Ground_Summit authored launch:(0.239, 0.971, 0.000) separation=-0.005427241;Ground_Summit authored launch:(0.239, 0.971, 0.000) separation=-0.005273402;Ground_Mountain_1_4:(0.237, 0.971, 0.000) separation=0.06562418;Ground_Mountain_1_4:(0.237, 0.971, 0.000) separation=0.04248212;Ground_Mountain_1_4:(0.237, 0.971, 0.000) separation=0.06546964;Ground_Mountain_1_4:(0.237, 0.971, 0.000) separation=0.04263038;Ground_Mountain_1_4:(0.237, 0.971, 0.000) separation=0.04255828;Ground_Mountain_1_4:(0.237, 0.971, 0.000) separation=0.06182849;"
2.669,980.796,153.488,190.002,31.270,-30.364,7.471,0.000,0.369,0.000,0.001,4,19.143,1.337,0.971,"Ground_Summit authored launch:(0.244, 0.970, 0.000) separation=-0.009786033;Ground_Summit authored launch:(0.244, 0.970, 0.000) separation=0.01077118;Ground_Summit authored launch:(0.244, 0.970, 0.000) separation=0.01090079;Ground_Summit authored launch:(0.244, 0.970, 0.000) separation=-0.009909076;Ground_Summit authored launch:(0.244, 0.970, 0.000) separation=-0.004647344;Ground_Summit authored launch:(0.244, 0.970, 0.000) separation=-0.003969282;Ground_Mountain_1_4:(0.237, 0.971, 0.000) separation=0.06676042;Ground_Mountain_1_4:(0.237, 0.971, 0.000) separation=0.04676782;Ground_Mountain_1_4:(0.237, 0.971, 0.000) separation=0.06662844;Ground_Mountain_1_4:(0.237, 0.971, 0.000) separation=0.04689328;Ground_Mountain_1_4:(0.237, 0.971, 0.000) separation=0.04678908;Ground_Mountain_1_4:(0.237, 0.971, 0.000) separation=0.04683024;"
2.689,980.195,153.648,190.002,31.231,-30.227,7.857,0.001,0.365,0.000,0.001,4,19.528,0.972,0.969,"Ground_Summit authored launch:(0.256, 0.967, 0.000) separation=-0.01202499;Ground_Summit authored launch:(0.256, 0.967, 0.000) separation=0.0100424;Ground_Summit authored launch:(0.256, 0.967, 0.000) separation=0.01012197;Ground_Summit authored launch:(0.256, 0.967, 0.000) separation=-0.01209795;Ground_Summit authored launch:(0.256, 0.967, 0.000) separation=-0.002441108;Ground_Summit authored launch:(0.256, 0.967, 0.000) separation=-0.002361566;Ground_Summit authored launch:(0.276, 0.961, 0.000) separation=0.0458439;Ground_Summit authored launch:(0.276, 0.961, 0.000) separation=0.0458439;Ground_Mountain_1_4:(0.262, 0.965, 0.000) separation=0.06701751;Ground_Mountain_1_4:(0.262, 0.965, 0.000) separation=0.04325151;Ground_Mountain_1_4:(0.262, 0.965, 0.000) separation=0.06693479;Ground_Mountain_1_4:(0.262, 0.965, 0.000) separation=0.04332752;Ground_Mountain_1_4:(0.262, 0.965, 0.000) separation=0.04328701;Ground_Mountain_1_4:(0.262, 0.965, 0.000) separation=0.04542637;"
2.709,979.593,153.809,190.002,31.239,-30.191,8.025,-0.002,0.384,0.000,0.001,4,18.061,0.997,0.968,"Ground_Summit authored launch:(0.256, 0.967, 0.000) separation=-0.007551004;Ground_Summit authored launch:(0.256, 0.967, 0.000) separation=0.012378;Ground_Summit authored launch:(0.256, 0.967, 0.000) separation=0.01243468;Ground_Summit authored launch:(0.256, 0.967, 0.000) separation=-0.007600826;Ground_Summit authored launch:(0.256, 0.967, 0.000) separation=0.0005256832;Ground_Summit authored launch:(0.256, 0.967, 0.000) separation=0.001052707;Ground_Summit authored launch:(0.276, 0.961, 0.000) separation=0.04264605;Ground_Summit authored launch:(0.276, 0.961, 0.000) separation=0.04264605;Ground_Mountain_1_4:(0.262, 0.965, 0.000) separation=0.06538502;Ground_Mountain_1_4:(0.262, 0.965, 0.000) separation=0.04387175;Ground_Mountain_1_4:(0.262, 0.965, 0.000) separation=0.06532998;Ground_Mountain_1_4:(0.262, 0.965, 0.000) separation=0.04391987;Ground_Mountain_1_4:(0.262, 0.965, 0.000) separation=0.04389817;Ground_Mountain_1_4:(0.262, 0.965, 0.000) separation=0.05987778;"
2.729,978.994,153.975,190.002,31.242,-30.146,8.204,-0.001,0.381,0.000,0.001,4,17.863,0.762,0.965,"Ground_Summit authored launch:(0.268, 0.964, 0.000) separation=-0.01416434;Ground_Summit authored launch:(0.268, 0.964, 0.000) separation=0.01407572;Ground_Summit authored launch:(0.268, 0.964, 0.000) separation=0.01409654;Ground_Summit authored launch:(0.268, 0.964, 0.000) separation=-0.01417831;Ground_Summit authored launch:(0.268, 0.964, 0.000) separation=-0.01244962;Ground_Summit authored launch:(0.268, 0.964, 0.000) separation=-0.01172483;Ground_Mountain_1_4:(0.262, 0.965, 0.000) separation=0.06844018;Ground_Mountain_1_4:(0.262, 0.965, 0.000) separation=0.0408921;Ground_Mountain_1_4:(0.262, 0.965, 0.000) separation=0.06841872;Ground_Mountain_1_4:(0.262, 0.965, 0.000) separation=0.0409069;Ground_Mountain_1_4:(0.262, 0.965, 0.000) separation=0.04089952;Ground_Mountain_1_4:(0.262, 0.965, 0.000) separation=0.06568387;"
2.749,978.397,154.148,190.002,31.215,-30.031,8.518,0.000,0.379,0.000,0.001,4,18.833,0.863,0.963,"Ground_Summit authored launch:(0.279, 0.960, 0.000) separation=-0.01018566;Ground_Summit authored launch:(0.279, 0.960, 0.000) separation=0.01312042;Ground_Summit authored launch:(0.279, 0.960, 0.000) separation=0.01324691;Ground_Summit authored launch:(0.279, 0.960, 0.000) separation=-0.01030516;Ground_Summit authored launch:(0.279, 0.960, 0.000) separation=-0.005175412;Ground_Summit authored launch:(0.279, 0.960, 0.000) separation=-0.005048126;Ground_Mountain_1_4:(0.285, 0.958, 0.000) separation=0.07088692;Ground_Mountain_1_4:(0.285, 0.958, 0.000) separation=0.04586353;Ground_Mountain_1_4:(0.285, 0.958, 0.000) separation=0.07076546;Ground_Mountain_1_4:(0.285, 0.958, 0.000) separation=0.04597786;Ground_Mountain_1_4:(0.285, 0.958, 0.000) separation=0.04591784;Ground_Mountain_1_4:(0.285, 0.958, 0.000) separation=0.04595405;"
2.769,977.799,154.322,190.001,31.220,-29.988,8.686,-0.003,0.392,0.000,0.001,4,18.113,1.336,0.962,"Ground_Summit authored launch:(0.279, 0.960, 0.000) separation=-0.007114139;Ground_Summit authored launch:(0.279, 0.960, 0.000) separation=0.01286078;Ground_Summit authored launch:(0.279, 0.960, 0.000) separation=0.01295294;Ground_Summit authored launch:(0.279, 0.960, 0.000) separation=-0.007199123;Ground_Summit authored launch:(0.279, 0.960, 0.000) separation=-0.001963526;Ground_Summit authored launch:(0.279, 0.960, 0.000) separation=-0.00133726;Ground_Mountain_1_4:(0.285, 0.958, 0.000) separation=0.06675824;Ground_Mountain_1_4:(0.285, 0.958, 0.000) separation=0.04520619;Ground_Mountain_1_4:(0.285, 0.958, 0.000) separation=0.06666913;Ground_Mountain_1_4:(0.285, 0.958, 0.000) separation=0.04528797;Ground_Mountain_1_4:(0.285, 0.958, 0.000) separation=0.04524696;Ground_Mountain_1_4:(0.285, 0.958, 0.000) separation=0.05752838;"
2.789,977.205,154.501,190.001,31.208,-29.907,8.920,-0.002,0.390,0.000,0.001,4,18.121,0.933,0.959,"Ground_Summit authored launch:(0.291, 0.957, 0.000) separation=-0.01132914;Ground_Summit authored launch:(0.291, 0.957, 0.000) separation=0.01430801;Ground_Summit authored launch:(0.291, 0.957, 0.000) separation=0.01434344;Ground_Summit authored launch:(0.291, 0.957, 0.000) separation=-0.01135735;Ground_Summit authored launch:(0.291, 0.957, 0.000) separation=-0.001179218;Ground_Summit authored launch:(0.291, 0.957, 0.000) separation=-0.001143456;Ground_Mountain_1_4:(0.285, 0.958, 0.000) separation=0.06709178;Ground_Mountain_1_4:(0.285, 0.958, 0.000) separation=0.04200225;Ground_Mountain_1_4:(0.285, 0.958, 0.000) separation=0.06705572;Ground_Mountain_1_4:(0.285, 0.958, 0.000) separation=0.04203124;Ground_Mountain_1_4:(0.285, 0.958, 0.000) separation=0.04201931;Ground_Mountain_1_4:(0.285, 0.958, 0.000) separation=0.06411323;"
2.809,976.609,154.683,190.001,31.211,-29.857,9.093,-0.004,0.396,0.000,0.001,4,18.375,1.435,0.958,"Ground_Summit authored launch:(0.291, 0.957, 0.000) separation=-0.007229925;Ground_Summit authored launch:(0.291, 0.957, 0.000) separation=0.01302204;Ground_Summit authored launch:(0.291, 0.957, 0.000) separation=0.01315193;Ground_Summit authored launch:(0.291, 0.957, 0.000) separation=-0.007352513;Ground_Summit authored launch:(0.291, 0.957, 0.000) separation=0.0006795228;Ground_Summit authored launch:(0.291, 0.957, 0.000) separation=0.001282662;Ground_Summit authored launch:(0.311, 0.951, 0.000) separation=0.04299214;Ground_Summit authored launch:(0.311, 0.951, 0.000) separation=0.04299214;Ground_Mountain_1_4:(0.285, 0.958, 0.000) separation=0.06982028;Ground_Mountain_1_4:(0.285, 0.958, 0.000) separation=0.04984842;Ground_Mountain_1_4:(0.285, 0.958, 0.000) separation=0.06969202;Ground_Mountain_1_4:(0.285, 0.958, 0.000) separation=0.04996912;Ground_Mountain_1_4:(0.285, 0.958, 0.000) separation=0.04990405;Ground_Mountain_1_4:(0.285, 0.958, 0.000) separation=0.04990616;"
2.829,976.018,154.872,190.001,31.211,-29.802,9.272,-0.005,0.394,0.000,0.001,4,18.338,1.119,0.955,"Ground_Summit authored launch:(0.303, 0.953, 0.000) separation=-0.01373644;Ground_Summit authored launch:(0.303, 0.953, 0.000) separation=0.01283997;Ground_Summit authored launch:(0.303, 0.953, 0.000) separation=0.01269042;Ground_Summit authored launch:(0.303, 0.953, 0.000) separation=-0.01357962;Ground_Summit authored launch:(0.303, 0.953, 0.000) separation=-0.01229063;Ground_Summit authored launch:(0.303, 0.953, 0.000) separation=-0.01175794;Ground_Mountain_1_4:(0.309, 0.951, 0.000) separation=0.0673477;Ground_Mountain_1_4:(0.309, 0.951, 0.000) separation=0.03973995;Ground_Mountain_1_4:(0.309, 0.951, 0.000) separation=0.06749818;Ground_Mountain_1_4:(0.309, 0.951, 0.000) separation=0.03958233;Ground_Mountain_1_4:(0.309, 0.951, 0.000) separation=0.03966132;Ground_Mountain_1_4:(0.309, 0.951, 0.000) separation=0.0476675;"
2.849,975.428,155.066,190.001,31.176,-29.661,9.603,-0.004,0.394,0.000,0.001,4,19.125,1.019,0.953,"Ground_Summit authored launch:(0.314, 0.949, 0.000) separation=-0.0097044;Ground_Summit authored launch:(0.314, 0.949, 0.000) separation=0.01246184;Ground_Summit authored launch:(0.314, 0.949, 0.000) separation=0.01252091;Ground_Summit authored launch:(0.314, 0.949, 0.000) separation=-0.009756194;Ground_Summit authored launch:(0.314, 0.949, 0.000) separation=-0.005347937;Ground_Summit authored launch:(0.314, 0.949, 0.000) separation=-0.005288005;Ground_Mountain_1_4:(0.309, 0.951, 0.000) separation=0.06358727;Ground_Mountain_1_4:(0.309, 0.951, 0.000) separation=0.0418206;Ground_Mountain_1_4:(0.309, 0.951, 0.000) separation=0.06352668;Ground_Mountain_1_4:(0.309, 0.951, 0.000) separation=0.04187398;Ground_Mountain_1_4:(0.309, 0.951, 0.000) separation=0.04184723;Ground_Mountain_1_4:(0.309, 0.951, 0.000) separation=0.06023872;"
2.869,974.838,155.261,190.001,31.178,-29.608,9.770,-0.006,0.412,0.000,0.001,4,18.094,1.240,0.951,"Ground_Summit authored launch:(0.314, 0.949, 0.000) separation=-0.006903862;Ground_Summit authored launch:(0.314, 0.949, 0.000) separation=0.012485;Ground_Summit authored launch:(0.314, 0.949, 0.000) separation=0.01253115;Ground_Summit authored launch:(0.314, 0.949, 0.000) separation=-0.00694243;Ground_Summit authored launch:(0.314, 0.949, 0.000) separation=-0.002338201;Ground_Summit authored launch:(0.314, 0.949, 0.000) separation=-0.001761228;Ground_Mountain_1_4:(0.309, 0.951, 0.000) separation=0.0674061;Ground_Mountain_1_4:(0.309, 0.951, 0.000) separation=0.04836158;Ground_Mountain_1_4:(0.309, 0.951, 0.000) separation=0.06735788;Ground_Mountain_1_4:(0.309, 0.951, 0.000) separation=0.04840233;Ground_Mountain_1_4:(0.309, 0.951, 0.000) separation=0.04836655;Ground_Mountain_1_4:(0.309, 0.951, 0.000) separation=0.04837939;"
2.889,974.250,155.462,190.001,31.166,-29.522,9.989,-0.005,0.411,0.000,0.001,4,17.976,0.855,0.948,"Ground_Summit authored launch:(0.326, 0.945, 0.000) separation=-0.01064802;Ground_Summit authored launch:(0.326, 0.945, 0.000) separation=0.01440198;Ground_Summit authored launch:(0.326, 0.945, 0.000) separation=0.01442654;Ground_Summit authored launch:(0.326, 0.945, 0.000) separation=-0.01066502;Ground_Summit authored launch:(0.326, 0.945, 0.000) separation=-0.001512587;Ground_Summit authored launch:(0.326, 0.945, 0.000) separation=-0.001487494;Ground_Mountain_1_4:(0.331, 0.944, 0.000) separation=0.07000391;Ground_Mountain_1_4:(0.331, 0.944, 0.000) separation=0.04366939;Ground_Mountain_1_4:(0.331, 0.944, 0.000) separation=0.06998158;Ground_Mountain_1_4:(0.331, 0.944, 0.000) separation=0.04368417;Ground_Mountain_1_4:(0.331, 0.944, 0.000) separation=0.04367927;Ground_Mountain_1_4:(0.331, 0.944, 0.000) separation=0.04469922;"
2.909,973.663,155.665,190.001,31.166,-29.464,10.159,-0.007,0.417,0.000,0.001,4,18.292,1.285,0.947,"Ground_Summit authored launch:(0.326, 0.945, 0.000) separation=-0.006954365;Ground_Summit authored launch:(0.326, 0.945, 0.000) separation=0.01279591;Ground_Summit authored launch:(0.326, 0.945, 0.000) separation=0.01293955;Ground_Summit authored launch:(0.326, 0.945, 0.000) separation=-0.007090335;Ground_Summit authored launch:(0.326, 0.945, 0.000) separation=0.0001921952;Ground_Summit authored launch:(0.326, 0.945, 0.000) separation=0.0008129179;Ground_Summit authored launch:(0.344, 0.939, 0.000) separation=0.04382241;Ground_Summit authored launch:(0.344, 0.939, 0.000) separation=0.04382241;Ground_Mountain_1_4:(0.331, 0.944, 0.000) separation=0.06482825;Ground_Mountain_1_4:(0.331, 0.944, 0.000) separation=0.04357235;Ground_Mountain_1_4:(0.331, 0.944, 0.000) separation=0.06468407;Ground_Mountain_1_4:(0.331, 0.944, 0.000) separation=0.04370895;Ground_Mountain_1_4:(0.331, 0.944, 0.000) separation=0.04364312;Ground_Mountain_1_4:(0.331, 0.944, 0.000) separation=0.05854282;"
2.929,973.079,155.874,190.000,31.164,-29.403,10.330,-0.008,0.417,0.000,0.001,4,18.127,0.997,0.944,"Ground_Summit authored launch:(0.337, 0.942, 0.000) separation=-0.0127913;Ground_Summit authored launch:(0.337, 0.942, 0.000) separation=0.01328221;Ground_Summit authored launch:(0.337, 0.942, 0.000) separation=0.01323018;Ground_Summit authored launch:(0.337, 0.942, 0.000) separation=-0.01273162;Ground_Summit authored launch:(0.337, 0.942, 0.000) separation=-0.01273793;Ground_Summit authored launch:(0.337, 0.942, 0.000) separation=-0.01216653;Ground_Mountain_1_4:(0.331, 0.944, 0.000) separation=0.06627914;Ground_Mountain_1_4:(0.331, 0.944, 0.000) separation=0.04064314;Ground_Mountain_1_4:(0.331, 0.944, 0.000) separation=0.06633179;Ground_Mountain_1_4:(0.331, 0.944, 0.000) separation=0.04058269;Ground_Mountain_1_4:(0.331, 0.944, 0.000) separation=0.04061031;Ground_Mountain_1_4:(0.331, 0.944, 0.000) separation=0.06365618;"
2.949,972.496,156.086,190.000,31.155,-29.317,10.540,-0.006,0.418,0.000,0.001,4,18.944,0.896,0.941,"Ground_Summit authored launch:(0.344, 0.939, 0.000) separation=-0.008531077;Ground_Summit authored launch:(0.344, 0.939, 0.000) separation=0.01251993;Ground_Summit authored launch:(0.344, 0.939, 0.000) separation=0.01263209;Ground_Summit authored launch:(0.344, 0.939, 0.000) separation=-0.008631628;Ground_Summit authored launch:(0.344, 0.939, 0.000) separation=-0.005939364;Ground_Summit authored launch:(0.344, 0.939, 0.000) separation=-0.005830139;Ground_Mountain_1_4:(0.346, 0.938, 0.000) separation=0.06940892;Ground_Mountain_1_4:(0.346, 0.938, 0.000) separation=0.04673134;Ground_Mountain_1_4:(0.346, 0.938, 0.000) separation=0.06929491;Ground_Mountain_1_4:(0.346, 0.938, 0.000) separation=0.04682985;Ground_Mountain_1_4:(0.346, 0.938, 0.000) separation=0.0467805;Ground_Mountain_1_4:(0.346, 0.938, 0.000) separation=0.04679808;"
2.969,971.914,156.301,190.000,31.151,-29.247,10.724,-0.009,0.423,0.000,0.001,4,19.033,1.118,0.939,"Ground_Summit authored launch:(0.348, 0.938, 0.000) separation=-0.00899162;Ground_Summit authored launch:(0.348, 0.938, 0.000) separation=0.01001681;Ground_Summit authored launch:(0.348, 0.938, 0.000) separation=0.01013789;Ground_Summit authored launch:(0.348, 0.938, 0.000) separation=-0.009104997;Ground_Summit authored launch:(0.348, 0.938, 0.000) separation=-0.005790383;Ground_Summit authored launch:(0.348, 0.938, 0.000) separation=-0.005125195;Ground_Mountain_1_4:(0.353, 0.935, 0.000) separation=0.06306747;Ground_Mountain_1_4:(0.353, 0.935, 0.000) separation=0.04267818;Ground_Mountain_1_4:(0.353, 0.935, 0.000) separation=0.06294887;Ground_Mountain_1_4:(0.353, 0.935, 0.000) separation=0.04278886;Ground_Mountain_1_4:(0.353, 0.935, 0.000) separation=0.04273361;Ground_Mountain_1_4:(0.353, 0.935, 0.000) separation=0.05264097;"
2.989,971.335,156.524,190.000,31.118,-29.098,11.029,-0.007,0.424,0.000,0.001,4,19.201,0.913,0.937,"Ground_Summit authored launch:(0.359, 0.933, 0.000) separation=-0.009864051;Ground_Summit authored launch:(0.359, 0.933, 0.000) separation=0.009807809;Ground_Summit authored launch:(0.359, 0.933, 0.000) separation=0.009901662;Ground_Summit authored launch:(0.359, 0.933, 0.000) separation=-0.009950118;Ground_Summit authored launch:(0.359, 0.933, 0.000) separation=-0.003359616;Ground_Summit authored launch:(0.359, 0.933, 0.000) separation=-0.00326556;Ground_Mountain_1_4:(0.353, 0.935, 0.000) separation=0.0610335;Ground_Mountain_1_4:(0.353, 0.935, 0.000) separation=0.04138412;Ground_Mountain_1_4:(0.353, 0.935, 0.000) separation=0.06093741;Ground_Mountain_1_4:(0.353, 0.935, 0.000) separation=0.04147232;Ground_Mountain_1_4:(0.353, 0.935, 0.000) separation=0.04143077;Ground_Mountain_1_4:(0.353, 0.935, 0.000) separation=0.05972004;"
3.009,970.756,156.748,189.999,31.115,-29.032,11.196,-0.009,0.441,0.000,0.002,4,18.092,0.922,0.935,"Ground_Summit authored launch:(0.359, 0.933, 0.000) separation=-0.006792978;Ground_Summit authored launch:(0.359, 0.933, 0.000) separation=0.01158515;Ground_Summit authored launch:(0.359, 0.933, 0.000) separation=0.01163529;Ground_Summit authored launch:(0.359, 0.933, 0.000) separation=-0.006835102;Ground_Summit authored launch:(0.359, 0.933, 0.000) separation=-0.001035303;Ground_Summit authored launch:(0.359, 0.933, 0.000) separation=-0.0005042553;Ground_Mountain_1_4:(0.353, 0.935, 0.000) separation=0.06641033;Ground_Mountain_1_4:(0.353, 0.935, 0.000) separation=0.0480887;Ground_Mountain_1_4:(0.353, 0.935, 0.000) separation=0.0663565;Ground_Mountain_1_4:(0.353, 0.935, 0.000) separation=0.04813465;Ground_Mountain_1_4:(0.353, 0.935, 0.000) separation=0.04810175;Ground_Mountain_1_4:(0.353, 0.935, 0.000) separation=0.04811174;"
3.029,970.175,156.973,189.999,31.111,-29.005,11.257,-0.011,0.442,0.000,0.001,4,13.341,4.786,0.935,"Ground_Summit authored launch:(0.355, 0.935, 0.000) separation=-0.0004784465;Ground_Summit authored launch:(0.355, 0.935, 0.000) separation=0.013998;Ground_Summit authored launch:(0.355, 0.935, 0.000) separation=-0.0004588664;Ground_Summit authored launch:(0.355, 0.935, 0.000) separation=0.01397875;Ground_Summit authored launch:(0.355, 0.935, 0.000) separation=0.006166428;Ground_Summit authored launch:(0.355, 0.935, 0.000) separation=0.006555974;Ground_Mountain_1_4:(-0.048, 0.999, 0.000) separation=0.2385675;Ground_Mountain_1_4:(-0.048, 0.999, 0.000) separation=0.05102269;Ground_Mountain_1_4:(-0.048, 0.999, 0.000) separation=0.2384914;Ground_Mountain_1_4:(-0.048, 0.999, 0.000) separation=0.2014924;Ground_Mountain_1_4:(-0.048, 0.999, 0.000) separation=0.06065851;Ground_Mountain_1_4:(0.359, 0.934, 0.000) separation=0.06796771;Ground_Mountain_1_4:(-0.048, 0.999, 0.000) separation=-0.6120519;Ground_Mountain_1_4:(0.359, 0.934, 0.000) separation=0.06795029;Ground_Mountain_1_4:(0.359, 0.934, 0.000) separation=0.05563867;Ground_Mountain_1_4:(0.359, 0.934, 0.000) separation=0.05561748;Ground_Mountain_1_4:(0.359, 0.934, 0.000) separation=0.0556261;"
3.049,969.595,157.198,189.999,31.107,-29.009,11.236,-0.011,0.444,0.000,0.001,2,8.095,0.387,0.936,"Ground_Summit authored launch:(0.354, 0.935, 0.000) separation=0.004719973;Ground_Summit authored launch:(0.354, 0.935, 0.000) separation=0.01873529;Ground_Summit authored launch:(0.354, 0.935, 0.000) separation=0.004496098;Ground_Summit authored launch:(0.354, 0.935, 0.000) separation=0.01895958;Ground_Summit authored launch:(0.354, 0.935, 0.000) separation=0.01157078;Ground_Summit authored launch:(0.354, 0.935, 0.000) separation=0.01172835;Ground_Mountain_1_4:(-0.048, 0.999, 0.000) separation=0.05565107;Ground_Mountain_1_4:(-0.048, 0.999, 0.000) separation=0.490676;Ground_Mountain_1_4:(-0.048, 0.999, 0.000) separation=0.06625056;Ground_Mountain_1_4:(-0.048, 0.999, 0.000) separation=0.490578;Ground_Mountain_1_4:(-0.048, 0.999, 0.000) separation=0.2067488;Ground_Mountain_1_4:(-0.048, 0.999, 0.000) separation=0.4906265;Ground_Mountain_1_4:(0.357, 0.934, 0.000) separation=0.06901422;Ground_Mountain_1_4:(-0.048, 0.999, 0.000) separation=-0.3590586;Ground_Mountain_1_4:(0.357, 0.934, 0.000) separation=0.0692412;Ground_Mountain_1_4:(0.357, 0.934, 0.000) separation=0.06333309;Ground_Mountain_1_4:(0.357, 0.934, 0.000) separation=0.06055403;Ground_Mountain_1_4:(0.357, 0.934, 0.000) separation=0.06066118;"
3.069,969.013,157.422,189.999,31.103,-29.018,11.204,-0.010,0.446,0.000,0.001,2,7.428,1.182,0.938,"Ground_Summit authored launch:(0.356, 0.934, 0.000) separation=0.0202997;Ground_Summit authored launch:(0.356, 0.934, 0.000) separation=0.01986215;Ground_Summit authored launch:(0.356, 0.934, 0.000) separation=0.01975822;Ground_Summit authored launch:(0.356, 0.934, 0.000) separation=0.01978979;Ground_Summit authored launch:(0.356, 0.934, 0.000) separation=0.01095137;Ground_Summit authored launch:(0.356, 0.934, 0.000) separation=0.01138598;Ground_Mountain_1_4:(-0.048, 0.999, 0.000) separation=0.06183162;Ground_Mountain_1_4:(-0.048, 0.999, 0.000) separation=0.2126763;Ground_Mountain_1_4:(-0.048, 0.999, 0.000) separation=0.0735243;Ground_Mountain_1_4:(0.356, 0.935, 0.000) separation=0.07256842;Ground_Mountain_1_4:(0.356, 0.935, 0.000) separation=0.06753796;Ground_Mountain_1_4:(0.356, 0.935, 0.000) separation=0.07301053;Ground_Mountain_1_4:(-0.048, 0.999, 0.000) separation=-0.1040528;Ground_Mountain_1_4:(0.356, 0.935, 0.000) separation=0.06709808;Ground_Mountain_1_4:(0.356, 0.935, 0.000) separation=0.06731213;"
3.089,968.429,157.643,189.999,31.099,-29.093,10.999,-0.009,0.449,0.000,0.000,2,0.000,5.966,0.941,"Ground_Mountain_1_4:(-0.048, 0.999, 0.000) separation=0.1066373;Ground_Mountain_1_4:(-0.048, 0.999, 0.000) separation=0.1065983;Ground_Mountain_1_4:(-0.048, 0.999, 0.000) separation=0.2235164;Ground_Mountain_1_4:(-0.048, 0.999, 0.000) separation=0.1063746;Ground_Mountain_1_4:(-0.048, 0.999, 0.000) separation=0.1068979;"
3.109,967.846,157.860,189.999,31.017,-29.081,10.798,-0.009,0.450,0.000,0.000,0,0.000,0.429,0.943,"Ground_Mountain_1_4:(-0.048, 0.999, 0.000) separation=0.3610488;Ground_Mountain_1_4:(-0.048, 0.999, 0.000) separation=0.3613884;Ground_Mountain_1_4:(-0.048, 0.999, 0.000) separation=0.3617394;"
3.129,967.262,158.072,189.999,30.936,-29.069,10.598,-0.009,0.491,0.000,0.000,0,0.000,0.411,0.945,"Ground_Mountain_1_4:(-0.048, 0.999, 0.000) separation=0.6118413;Ground_Mountain_1_4:(-0.048, 0.999, 0.000) separation=0.6122653;Ground_Mountain_1_4:(-0.048, 0.999, 0.000) separation=0.6126984;"
3.149,966.679,158.281,189.999,30.856,-29.058,10.398,-0.009,0.532,0.000,0.000,0,0.000,0.394,0.948,""
3.169,966.096,158.486,189.999,30.777,-29.046,10.197,-0.009,0.572,0.000,0.000,0,0.000,0.376,0.950,""
3.189,965.513,158.686,189.998,30.699,-29.035,9.997,-0.009,0.611,0.000,-0.001,0,0.000,0.359,0.953,""
3.209,964.931,158.883,189.998,30.622,-29.023,9.797,-0.009,0.650,0.000,-0.001,0,0.000,0.341,0.955,""
3.229,964.348,159.075,189.998,30.546,-29.011,9.597,-0.009,0.689,0.000,-0.001,0,0.000,0.324,0.958,""
3.249,963.766,159.264,189.998,30.471,-29.000,9.397,-0.009,0.727,0.000,-0.001,0,0.000,0.306,0.960,""
3.269,963.184,159.449,189.998,30.397,-28.988,9.197,-0.009,0.764,0.000,-0.001,0,0.000,0.289,0.962,""
3.289,962.602,159.629,189.998,30.324,-28.976,8.997,-0.009,0.801,0.000,-0.002,0,0.000,0.271,0.964,""
3.309,962.021,159.806,189.998,30.252,-28.965,8.798,-0.009,0.838,0.000,-0.002,0,0.000,0.254,0.967,""
3.329,961.439,159.978,189.998,30.182,-28.953,8.598,-0.009,0.874,0.000,-0.002,0,0.000,0.236,0.969,""
3.349,960.858,160.147,189.997,30.112,-28.942,8.398,-0.009,0.909,0.000,-0.002,0,0.000,0.219,0.971,""
3.369,960.277,160.311,189.997,30.043,-28.930,8.199,-0.009,0.944,0.000,-0.002,0,0.000,0.202,0.973,""
3.389,959.697,160.472,189.997,29.975,-28.919,8.000,-0.009,0.979,0.000,-0.002,0,0.000,0.185,0.975,""
3.409,959.116,160.629,189.997,29.908,-28.907,7.800,-0.009,1.000,0.000,-0.003,0,0.000,0.168,0.977,""
3.429,958.536,160.781,189.997,29.842,-28.895,7.601,-0.009,1.000,0.000,-0.003,0,0.000,0.151,0.978,""
3.449,957.956,160.930,189.997,29.778,-28.884,7.402,-0.009,1.000,0.000,-0.003,0,0.000,0.134,0.980,""
3.469,957.376,161.074,189.997,29.714,-28.872,7.203,-0.009,1.000,0.000,-0.003,0,0.000,0.118,0.982,""
3.489,956.796,161.215,189.996,29.652,-28.861,7.004,-0.009,1.000,0.000,-0.003,0,0.000,0.101,0.983,""
3.509,956.217,161.351,189.996,29.591,-28.849,6.805,-0.009,1.000,0.000,-0.003,0,0.000,0.085,0.985,""
3.529,955.638,161.484,189.996,29.531,-28.838,6.606,-0.009,1.000,0.000,-0.003,0,0.000,0.069,0.986,""
3.549,955.059,161.612,189.996,29.472,-28.826,6.407,-0.009,1.000,0.000,-0.003,0,0.000,0.054,0.988,""
3.569,954.480,161.737,189.996,29.414,-28.815,6.209,-0.009,1.000,0.000,-0.003,0,0.000,0.039,0.989,""
3.589,953.902,161.857,189.996,29.358,-28.803,6.010,-0.009,1.000,0.000,-0.003,0,0.000,0.025,0.990,""
3.609,953.324,161.974,189.996,29.303,-28.792,5.811,-0.009,1.000,0.000,-0.003,0,0.000,0.015,0.991,""
3.629,952.746,162.086,189.995,29.249,-28.780,5.613,-0.009,1.000,0.000,-0.003,0,0.000,0.017,0.993,""
3.649,952.168,162.195,189.995,29.196,-28.769,5.415,-0.009,1.000,0.000,-0.004,0,0.000,0.029,0.994,""
3.669,951.590,162.300,189.995,29.145,-28.757,5.216,-0.009,1.000,0.000,-0.003,0,0.000,0.042,0.994,""
3.689,951.013,162.400,189.995,29.095,-28.746,5.018,-0.009,1.000,0.000,-0.004,0,0.000,0.056,0.995,""
3.709,950.436,162.497,189.995,29.047,-28.734,4.820,-0.009,1.000,0.000,-0.004,0,0.000,0.070,0.996,""
3.729,949.859,162.589,189.995,29.000,-28.723,4.622,-0.009,1.000,0.000,-0.004,0,0.000,0.083,0.997,""
3.749,949.283,162.678,189.994,28.954,-28.711,4.424,-0.009,1.000,0.000,-0.004,0,0.000,0.097,0.997,""
3.769,948.707,162.763,189.994,28.910,-28.700,4.226,-0.009,1.000,0.000,-0.004,0,0.000,0.110,0.998,""
3.789,948.131,162.843,189.994,28.868,-28.688,4.028,-0.009,1.000,0.000,-0.004,0,0.000,0.123,0.998,""
3.809,947.555,162.920,189.994,28.827,-28.677,3.831,-0.009,1.000,0.000,-0.004,0,0.000,0.136,0.999,""
3.829,946.979,162.993,189.994,28.787,-28.665,3.633,-0.009,1.000,0.000,-0.004,0,0.000,0.148,0.999,""
3.849,946.404,163.062,189.994,28.749,-28.654,3.435,-0.009,1.000,0.000,-0.004,0,0.000,0.160,0.999,""
3.869,945.829,163.127,189.993,28.713,-28.642,3.238,-0.009,1.000,0.000,-0.004,0,0.000,0.172,1.000,""
3.889,945.254,163.187,189.993,28.678,-28.631,3.040,-0.009,1.000,0.000,-0.004,0,0.000,0.184,1.000,""
3.909,944.680,163.244,189.993,28.645,-28.619,2.843,-0.009,1.000,0.000,-0.004,0,0.000,0.195,1.000,""
3.929,944.106,163.297,189.993,28.613,-28.608,2.646,-0.009,1.000,0.000,-0.004,0,0.000,0.206,1.000,""
3.949,943.532,163.346,189.993,28.583,-28.596,2.449,-0.009,1.000,0.000,-0.004,0,0.000,0.216,1.000,""
3.969,942.958,163.391,189.992,28.555,-28.585,2.252,-0.009,1.000,0.000,-0.004,0,0.000,0.227,1.000,""
3.989,942.385,163.432,189.992,28.529,-28.574,2.055,-0.009,1.000,0.000,-0.004,0,0.000,0.236,1.000,""
4.009,941.812,163.469,189.992,28.504,-28.562,1.858,-0.009,1.000,0.000,-0.004,0,0.000,0.246,1.000,""
4.029,941.239,163.503,189.992,28.481,-28.551,1.661,-0.009,1.000,0.000,-0.004,0,0.000,0.255,0.999,""
4.049,940.666,163.532,189.992,28.460,-28.539,1.464,-0.009,1.000,0.000,-0.004,0,0.000,0.264,0.999,""
4.069,940.094,163.557,189.992,28.440,-28.528,1.267,-0.009,1.000,0.000,-0.004,0,0.000,0.273,0.999,""
4.089,939.522,163.578,189.991,28.422,-28.516,1.071,-0.009,1.000,0.000,-0.004,0,0.000,0.281,0.999,""
4.109,938.950,163.596,189.991,28.406,-28.505,0.874,-0.009,1.000,0.000,-0.004,0,0.000,0.289,0.998,""
4.129,938.378,163.609,189.991,28.391,-28.494,0.678,-0.009,1.000,0.000,-0.004,0,0.000,0.296,0.998,""
4.149,937.807,163.619,189.991,28.378,-28.482,0.481,-0.009,1.000,0.000,-0.004,0,0.000,0.303,0.998,""
4.169,937.236,163.624,189.991,28.367,-28.471,0.285,-0.009,1.000,0.000,-0.004,0,0.000,0.310,0.997,""
4.189,936.665,163.626,189.990,28.358,-28.459,0.089,-0.009,1.000,0.000,-0.004,0,0.000,0.317,0.997,""
4.209,936.095,163.624,189.990,28.350,-28.448,-0.108,-0.009,1.000,0.000,-0.004,0,0.000,0.323,0.996,""
4.229,935.524,163.617,189.990,28.344,-28.437,-0.304,-0.009,1.000,0.000,-0.004,0,0.000,0.328,0.996,""
4.249,934.955,163.607,189.990,28.339,-28.425,-0.500,-0.009,1.000,0.000,-0.004,0,0.000,0.334,0.995,""
4.269,934.385,163.593,189.990,28.336,-28.414,-0.696,-0.009,1.000,0.000,-0.004,0,0.000,0.339,0.995,""
4.289,933.815,163.575,189.989,28.335,-28.403,-0.891,-0.009,1.000,0.000,-0.004,0,0.000,0.344,0.994,""
4.309,933.246,163.553,189.989,28.335,-28.391,-1.087,-0.009,1.000,0.000,-0.004,0,0.000,0.348,0.994,""
4.329,932.677,163.528,189.989,28.337,-28.380,-1.283,-0.009,1.000,0.000,-0.004,0,0.000,0.352,0.993,""
4.349,932.109,163.498,189.989,28.340,-28.369,-1.478,-0.009,1.000,0.000,-0.004,0,0.000,0.356,0.993,""
4.369,931.541,163.464,189.989,28.345,-28.357,-1.674,-0.009,1.000,0.000,-0.004,0,0.000,0.359,0.992,""
4.389,930.973,163.427,189.988,28.351,-28.346,-1.869,-0.009,1.000,0.000,-0.004,0,0.000,0.362,0.992,""
4.409,930.405,163.385,189.988,28.358,-28.334,-2.065,-0.009,1.000,0.000,-0.004,0,0.000,0.365,0.991,""
4.429,929.837,163.340,189.988,28.367,-28.323,-2.260,-0.009,1.000,0.000,-0.004,0,0.000,0.368,0.991,""
4.449,929.270,163.291,189.988,28.377,-28.312,-2.455,-0.009,1.000,0.000,-0.004,0,0.000,0.370,0.990,""
4.469,928.703,163.238,189.988,28.389,-28.301,-2.650,-0.009,1.000,0.000,-0.005,0,0.000,0.371,0.990,""
4.489,928.136,163.181,189.987,28.401,-28.289,-2.846,-0.009,1.000,0.000,-0.005,0,0.000,0.373,0.989,""
4.509,927.570,163.120,189.987,28.415,-28.278,-3.040,-0.009,1.000,0.000,-0.005,0,0.000,0.374,0.989,""
4.529,927.004,163.055,189.987,28.430,-28.267,-3.235,-0.009,1.000,0.000,-0.005,0,0.000,0.375,0.988,""
4.549,926.438,162.986,189.987,28.446,-28.255,-3.430,-0.009,1.000,0.000,-0.005,0,0.000,0.376,0.988,""
4.569,925.872,162.913,189.987,28.463,-28.244,-3.625,-0.009,1.000,0.000,-0.005,0,0.000,0.376,0.988,""
4.589,925.307,162.837,189.986,28.480,-28.233,-3.820,-0.009,1.000,0.000,-0.005,0,0.000,0.376,0.987,""
4.609,924.742,162.757,189.986,28.499,-28.221,-4.014,-0.009,1.000,0.000,-0.005,0,0.000,0.376,0.987,""
4.629,924.177,162.672,189.986,28.518,-28.210,-4.209,-0.009,1.000,0.000,-0.005,0,0.000,0.375,0.986,""
4.649,923.613,162.584,189.986,28.538,-28.199,-4.403,-0.009,1.000,0.000,-0.005,0,0.000,0.374,0.986,""
4.669,923.049,162.492,189.985,28.559,-28.188,-4.598,-0.009,1.000,0.000,-0.005,0,0.000,0.373,0.986,""
4.689,922.485,162.396,189.985,28.581,-28.176,-4.792,-0.009,1.000,0.000,-0.005,0,0.000,0.372,0.986,""
4.709,921.921,162.296,189.985,28.603,-28.165,-4.986,-0.009,1.000,0.000,-0.005,0,0.000,0.370,0.985,""
4.729,921.357,162.193,189.985,28.625,-28.154,-5.180,-0.009,1.000,0.000,-0.005,0,0.000,0.368,0.985,""
4.749,920.794,162.085,189.985,28.648,-28.142,-5.374,-0.009,1.000,0.000,-0.005,0,0.000,0.366,0.985,""
4.769,920.231,161.974,189.984,28.671,-28.131,-5.568,-0.009,1.000,0.000,-0.005,0,0.000,0.364,0.985,""
4.789,919.669,161.858,189.984,28.694,-28.120,-5.762,-0.009,1.000,0.000,-0.005,0,0.000,0.361,0.985,""
4.809,919.106,161.739,189.984,28.718,-28.109,-5.956,-0.009,1.000,0.000,-0.006,0,0.000,0.358,0.984,""
4.829,918.544,161.616,189.984,28.741,-28.097,-6.150,-0.009,1.000,0.000,-0.006,0,0.000,0.355,0.984,""
4.849,917.982,161.489,189.983,28.765,-28.086,-6.343,-0.009,1.000,0.000,-0.006,0,0.000,0.352,0.984,""
4.869,917.421,161.359,189.983,28.788,-28.075,-6.537,-0.009,1.000,0.000,-0.006,0,0.000,0.349,0.984,""
4.889,916.860,161.224,189.983,28.812,-28.064,-6.730,-0.009,1.000,0.000,-0.006,0,0.000,0.345,0.984,""
4.909,916.299,161.086,189.983,28.835,-28.052,-6.924,-0.009,1.000,0.000,-0.006,0,0.000,0.341,0.984,""
4.929,915.738,160.943,189.983,28.858,-28.041,-7.117,-0.009,1.000,0.000,-0.006,0,0.000,0.337,0.984,""
4.949,915.177,160.797,189.982,28.881,-28.030,-7.310,-0.009,1.000,0.000,-0.006,0,0.000,0.333,0.984,""
4.969,914.617,160.647,189.982,28.903,-28.019,-7.504,-0.009,1.000,0.000,-0.006,0,0.000,0.328,0.984,""
4.989,914.057,160.493,189.982,28.924,-28.008,-7.697,-0.009,1.000,0.000,-0.006,0,0.000,0.324,0.984,""
5.009,913.497,160.335,189.982,28.946,-27.996,-7.890,-0.009,1.000,0.000,-0.006,0,0.000,0.319,0.985,""
5.029,912.938,160.174,189.982,28.966,-27.985,-8.083,-0.009,1.000,0.000,-0.006,0,0.000,0.314,0.985,""
5.049,912.378,160.008,189.981,28.986,-27.974,-8.276,-0.009,1.000,0.000,-0.006,0,0.000,0.309,0.985,""
5.069,911.819,159.839,189.981,29.005,-27.963,-8.468,-0.009,1.000,0.000,-0.006,0,0.000,0.304,0.985,""
5.089,911.261,159.666,189.981,29.023,-27.952,-8.661,-0.009,1.000,0.000,-0.006,0,0.000,0.298,0.985,""
5.109,910.702,159.489,189.981,29.040,-27.940,-8.854,-0.009,1.000,0.000,-0.006,0,0.000,0.293,0.985,""
5.129,910.144,159.308,189.980,29.056,-27.929,-9.046,-0.009,1.000,0.000,-0.007,0,0.000,0.287,0.986,""
5.149,909.586,159.123,189.980,29.072,-27.918,-9.239,-0.009,1.000,0.000,-0.007,0,0.000,0.281,0.986,""
5.169,909.028,158.935,189.980,29.086,-27.907,-9.431,-0.009,1.000,0.000,-0.007,0,0.000,0.275,0.986,""
5.189,908.471,158.742,189.980,29.099,-27.896,-9.624,-0.009,1.000,0.000,-0.007,0,0.000,0.269,0.986,""
5.209,907.914,158.546,189.980,29.110,-27.885,-9.816,-0.009,1.000,0.000,-0.007,0,0.000,0.263,0.987,""
5.229,907.357,158.346,189.979,29.121,-27.873,-10.008,-0.009,1.000,0.000,-0.007,0,0.000,0.257,0.987,""
5.249,906.800,158.142,189.979,29.130,-27.862,-10.200,-0.009,1.000,0.000,-0.007,0,0.000,0.251,0.987,""
5.269,906.243,157.934,189.979,29.138,-27.851,-10.392,-0.009,1.000,0.000,-0.007,0,0.000,0.244,0.988,""
5.289,905.687,157.723,189.979,29.144,-27.840,-10.584,-0.009,1.000,0.000,-0.007,0,0.000,0.238,0.988,""
5.309,905.131,157.507,189.979,29.149,-27.829,-10.776,-0.009,1.000,0.000,-0.007,0,0.000,0.231,0.988,""
5.329,904.575,157.288,189.978,29.152,-27.818,-10.968,-0.009,1.000,0.000,-0.007,0,0.000,0.225,0.989,""
5.349,904.020,157.065,189.978,29.154,-27.807,-11.160,-0.009,1.000,0.000,-0.007,0,0.000,0.218,0.989,""
5.369,903.465,156.838,189.978,29.154,-27.796,-11.351,-0.009,1.000,0.000,-0.007,0,0.000,0.211,0.989,""
5.389,902.910,156.607,189.978,29.153,-27.784,-11.543,-0.009,1.000,0.000,-0.007,0,0.000,0.205,0.990,""
5.409,902.355,156.373,189.977,29.149,-27.773,-11.734,-0.009,1.000,0.000,-0.007,0,0.000,0.198,0.990,""
5.429,901.800,156.134,189.977,29.145,-27.762,-11.926,-0.009,1.000,0.000,-0.007,0,0.000,0.191,0.990,""
5.449,901.246,155.892,189.977,29.138,-27.751,-12.117,-0.009,1.000,0.000,-0.007,0,0.000,0.184,0.991,""
5.469,900.692,155.646,189.977,29.130,-27.740,-12.309,-0.009,1.000,0.000,-0.007,0,0.000,0.177,0.991,""
5.489,900.138,155.396,189.977,29.120,-27.729,-12.500,-0.009,1.000,0.000,-0.007,0,0.000,0.170,0.991,""
5.509,899.585,155.142,189.976,29.108,-27.718,-12.691,-0.009,1.000,0.000,-0.007,0,0.000,0.163,0.992,""
5.529,899.031,154.885,189.976,29.094,-27.707,-12.882,-0.009,1.000,0.000,-0.007,0,0.000,0.156,0.992,""
5.549,898.478,154.623,189.976,29.078,-27.696,-13.073,-0.009,1.000,0.000,-0.007,0,0.000,0.149,0.993,""
5.569,897.925,154.358,189.976,29.061,-27.685,-13.264,-0.009,1.000,0.000,-0.008,0,0.000,0.142,0.993,""
5.589,897.373,154.089,189.976,29.042,-27.673,-13.455,-0.009,1.000,0.000,-0.008,0,0.000,0.135,0.993,""
5.609,896.820,153.816,189.975,29.021,-27.662,-13.645,-0.009,1.000,0.000,-0.008,0,0.000,0.128,0.994,""
5.629,896.268,153.540,189.975,28.998,-27.651,-13.836,-0.009,1.000,0.000,-0.008,0,0.000,0.121,0.994,""
5.649,895.716,153.259,189.975,28.973,-27.640,-14.027,-0.009,1.000,0.000,-0.008,0,0.000,0.114,0.994,""
5.669,895.165,152.975,189.975,28.947,-27.629,-14.217,-0.009,1.000,0.000,-0.008,0,0.000,0.107,0.995,""
5.689,894.613,152.687,189.975,28.918,-27.618,-14.408,-0.009,1.000,0.000,-0.008,0,0.000,0.100,0.995,""
5.709,894.062,152.395,189.974,28.888,-27.607,-14.598,-0.009,1.000,0.000,-0.008,0,0.000,0.094,0.995,"Ground_Mountain_0_4:(-0.015, 1.000, 0.000) separation=0.6121621;Ground_Mountain_0_4:(-0.015, 1.000, 0.000) separation=0.5438616;Ground_Mountain_0_4:(-0.015, 1.000, 0.000) separation=0.5428662;Ground_Mountain_0_4:(-0.015, 1.000, 0.000) separation=0.5832202;Ground_Mountain_0_4:(-0.015, 1.000, 0.000) separation=0.5433955;Ground_Mountain_0_4:(-0.015, 1.000, 0.000) separation=0.5573428;"
5.729,893.518,152.127,189.975,28.508,-27.849,-13.452,0.018,1.000,0.000,-0.008,2,22.500,0.584,0.999,"Ground_Mountain_0_4:(-0.015, 1.000, 0.000) separation=0.4475982;Ground_Mountain_0_4:(-0.015, 1.000, 0.000) separation=0.2628121;Ground_Mountain_0_4:(-0.015, 1.000, 0.000) separation=0.4465616;Ground_Mountain_0_4:(-0.015, 1.000, 0.000) separation=0.2638487;Ground_Mountain_0_4:(-0.015, 1.000, 0.000) separation=0.2633646;Ground_Mountain_0_4:(-0.015, 1.000, 0.000) separation=0.322645;"
5.749,892.962,152.043,189.976,28.293,-28.207,-4.195,0.038,1.000,0.000,-0.007,4,45.000,12.779,1.000,"Ground_Mountain_0_4:(-0.015, 1.000, 0.000) separation=0.135708;Ground_Mountain_0_4:(-0.015, 1.000, 0.000) separation=0.05306686;Ground_Mountain_0_4:(-0.015, 1.000, 0.000) separation=0.1358451;Ground_Mountain_0_4:(-0.015, 1.000, 0.000) separation=0.0529298;Ground_Mountain_0_4:(-0.015, 1.000, 0.000) separation=0.05299333;Ground_Mountain_0_4:(-0.015, 1.000, 0.000) separation=0.1002942;"
5.769,892.404,152.020,189.977,27.981,-27.965,-1.176,0.056,1.000,0.000,-0.006,4,41.228,8.696,1.000,"Ground_Mountain_0_4:(-0.015, 1.000, 0.000) separation=0.0271546;Ground_Mountain_0_4:(-0.015, 1.000, 0.000) separation=0.01064606;Ground_Mountain_0_4:(-0.015, 1.000, 0.000) separation=0.02717773;Ground_Mountain_0_4:(-0.015, 1.000, 0.000) separation=0.01062294;Ground_Mountain_0_4:(-0.015, 1.000, 0.000) separation=0.01062825;Ground_Mountain_0_4:(-0.015, 1.000, 0.000) separation=0.01063374;"
5.789,891.842,152.008,189.978,28.107,-28.101,-0.572,0.065,1.000,0.000,-0.006,4,24.997,1.750,1.000,"Ground_Mountain_0_4:(-0.015, 1.000, 0.000) separation=0.005187305;Ground_Mountain_0_4:(-0.015, 1.000, 0.000) separation=0.002322794;Ground_Mountain_0_4:(-0.015, 1.000, 0.000) separation=0.005415095;Ground_Mountain_0_4:(-0.015, 1.000, 0.000) separation=0.002095061;Ground_Mountain_0_4:(-0.015, 1.000, 0.000) separation=0.002200961;Ground_Mountain_0_4:(-0.015, 1.000, 0.000) separation=0.002658159;"
5.809,891.277,152.001,189.980,28.293,-28.290,-0.359,0.072,1.000,0.000,-0.006,4,20.593,0.335,1.000,"Ground_Mountain_0_4:(-0.015, 1.000, 0.000) separation=0.001004638;Ground_Mountain_0_4:(-0.015, 1.000, 0.000) separation=0.0004647463;Ground_Mountain_0_4:(-0.015, 1.000, 0.000) separation=0.001066238;Ground_Mountain_0_4:(-0.015, 1.000, 0.000) separation=0.0004032037;Ground_Mountain_0_4:(-0.015, 1.000, 0.000) separation=0.000431031;Ground_Mountain_0_4:(-0.015, 1.000, 0.000) separation=0.0006631315;"
5.829,890.707,151.998,189.981,28.477,-28.477,-0.179,0.076,1.000,0.000,-0.006,4,18.975,0.277,1.000,"Ground_Mountain_0_4:(-0.015, 1.000, 0.000) separation=0.001446005;Ground_Mountain_0_4:(-0.015, 1.000, 0.000) separation=0.002661563;Ground_Mountain_0_4:(-0.015, 1.000, 0.000) separation=0.001353;Ground_Mountain_0_4:(-0.015, 1.000, 0.000) separation=0.002754583;Ground_Mountain_0_4:(-0.015, 1.000, 0.000) separation=0.001386493;Ground_Mountain_0_4:(-0.015, 1.000, 0.000) separation=0.001402915;"
5.849,890.134,151.997,189.983,28.661,-28.663,-0.031,0.078,1.000,0.000,-0.006,4,17.333,0.226,1.000,"Ground_Mountain_0_4:(-0.015, 1.000, 0.000) separation=0.005760431;Ground_Mountain_0_4:(-0.015, 1.000, 0.000) separation=0.008283138;Ground_Mountain_0_4:(-0.015, 1.000, 0.000) separation=0.005534601;Ground_Mountain_0_4:(-0.015, 1.000, 0.000) separation=0.008508968;Ground_Mountain_0_4:(-0.015, 1.000, 0.000) separation=0.005655169;Ground_Mountain_0_4:(-0.015, 1.000, 0.000) separation=0.005711496;"
5.869,889.557,151.999,189.984,28.843,-28.846,0.084,0.077,1.000,0.000,-0.005,4,15.720,0.182,1.000,"Ground_Mountain_0_4:(-0.015, 1.000, 0.000) separation=0.01328062;Ground_Mountain_0_4:(-0.015, 1.000, 0.000) separation=0.01672735;Ground_Mountain_0_4:(-0.015, 1.000, 0.000) separation=0.01293857;Ground_Mountain_0_4:(-0.015, 1.000, 0.000) separation=0.01706937;Ground_Mountain_0_4:(-0.015, 1.000, 0.000) separation=0.01312131;Ground_Mountain_0_4:(-0.015, 1.000, 0.000) separation=0.01449201;"
5.889,888.977,152.002,189.986,29.023,-29.028,0.169,0.074,1.000,0.000,-0.004,4,14.177,0.144,1.000,"Ground_Mountain_0_4:(-0.015, 1.000, 0.000) separation=0.02333806;Ground_Mountain_0_4:(-0.015, 1.000, 0.000) separation=0.02739438;Ground_Mountain_0_4:(-0.015, 1.000, 0.000) separation=0.02289944;Ground_Mountain_0_4:(-0.015, 1.000, 0.000) separation=0.02783298;Ground_Mountain_0_4:(-0.015, 1.000, 0.000) separation=0.02313086;Ground_Mountain_0_4:(-0.015, 1.000, 0.000) separation=0.02358565;"
5.909,888.393,152.007,189.987,29.203,-29.208,0.224,0.068,1.000,0.000,-0.003,4,12.742,0.111,1.000,"Ground_Mountain_0_4:(-0.015, 1.000, 0.000) separation=0.03520989;Ground_Mountain_0_4:(-0.015, 1.000, 0.000) separation=0.03961797;Ground_Mountain_0_4:(-0.015, 1.000, 0.000) separation=0.03469156;Ground_Mountain_0_4:(-0.015, 1.000, 0.000) separation=0.04013629;Ground_Mountain_0_4:(-0.015, 1.000, 0.000) separation=0.03487834;Ground_Mountain_0_4:(-0.015, 1.000, 0.000) separation=0.03492299;"
5.929,887.805,152.012,189.988,29.381,-29.387,0.254,0.062,1.000,0.000,-0.002,4,11.438,0.085,1.000,"Ground_Mountain_0_4:(-0.015, 1.000, 0.000) separation=0.04840282;Ground_Mountain_0_4:(-0.015, 1.000, 0.000) separation=0.0529292;Ground_Mountain_0_4:(-0.015, 1.000, 0.000) separation=0.04781717;Ground_Mountain_0_4:(-0.015, 1.000, 0.000) separation=0.05351488;Ground_Mountain_0_4:(-0.015, 1.000, 0.000) separation=0.04812154;Ground_Mountain_0_4:(-0.015, 1.000, 0.000) separation=0.05051228;"
5.949,887.214,152.017,189.989,29.559,-29.564,0.261,0.054,1.000,0.000,-0.001,4,10.282,0.064,1.000,"Ground_Mountain_0_4:(-0.015, 1.000, 0.000) separation=0.06232349;Ground_Mountain_0_4:(-0.015, 1.000, 0.000) separation=0.06683633;Ground_Mountain_0_4:(-0.015, 1.000, 0.000) separation=0.06168513;Ground_Mountain_0_4:(-0.015, 1.000, 0.000) separation=0.06747469;Ground_Mountain_0_4:(-0.015, 1.000, 0.000) separation=0.06201658;Ground_Mountain_0_4:(-0.015, 1.000, 0.000) separation=0.06305453;"
5.969,886.619,152.022,189.990,29.735,-29.740,0.247,0.046,1.000,0.000,0.000,4,9.285,0.048,1.000,"Ground_Mountain_0_4:(-0.015, 1.000, 0.000) separation=0.07647424;Ground_Mountain_0_4:(-0.015, 1.000, 0.000) separation=0.08083832;Ground_Mountain_0_4:(-0.015, 1.000, 0.000) separation=0.07579332;Ground_Mountain_0_4:(-0.015, 1.000, 0.000) separation=0.08151925;Ground_Mountain_0_4:(-0.015, 1.000, 0.000) separation=0.07581118;Ground_Mountain_0_4:(-0.015, 1.000, 0.000) separation=0.07614416;"
5.989,886.021,152.026,189.991,29.910,-29.915,0.217,0.038,1.000,0.000,0.000,4,8.451,0.037,1.000,"Ground_Mountain_0_4:(-0.015, 1.000, 0.000) separation=0.09046053;Ground_Mountain_0_4:(-0.015, 1.000, 0.000) separation=0.09459057;Ground_Mountain_0_4:(-0.015, 1.000, 0.000) separation=0.08974931;Ground_Mountain_0_4:(-0.015, 1.000, 0.000) separation=0.09530178;Ground_Mountain_0_4:(-0.015, 1.000, 0.000) separation=0.09011695;Ground_Mountain_0_4:(-0.015, 1.000, 0.000) separation=0.09038976;"
6.009,885.419,152.030,189.992,30.084,-30.089,0.174,0.030,1.000,0.000,0.001,4,7.777,0.031,1.000,"Ground_Mountain_0_4:(-0.015, 1.000, 0.000) separation=0.1039343;Ground_Mountain_0_4:(-0.015, 1.000, 0.000) separation=0.1077519;Ground_Mountain_0_4:(-0.015, 1.000, 0.000) separation=0.1032031;Ground_Mountain_0_4:(-0.015, 1.000, 0.000) separation=0.1084831;Ground_Mountain_0_4:(-0.015, 1.000, 0.000) separation=0.1035774;Ground_Mountain_0_4:(-0.015, 1.000, 0.000) separation=0.1048563;"
6.029,884.814,152.032,189.992,30.249,-30.253,0.120,0.024,0.958,0.000,0.001,4,7.259,0.029,1.000,"Ground_Mountain_0_4:(-0.015, 1.000, 0.000) separation=0.1166232;Ground_Mountain_0_4:(-0.015, 1.000, 0.000) separation=0.1201106;Ground_Mountain_0_4:(-0.015, 1.000, 0.000) separation=0.1158793;Ground_Mountain_0_4:(-0.015, 1.000, 0.000) separation=0.1208544;Ground_Mountain_0_4:(-0.015, 1.000, 0.000) separation=0.1162605;Ground_Mountain_0_4:(-0.015, 1.000, 0.000) separation=0.1162846;"
6.049,884.206,152.033,189.992,30.398,-30.402,0.059,0.018,0.876,0.000,0.001,4,6.887,0.029,1.000,"Ground_Mountain_0_4:(-0.015, 1.000, 0.000) separation=0.128274;Ground_Mountain_0_4:(-0.015, 1.000, 0.000) separation=0.1313745;Ground_Mountain_0_4:(-0.015, 1.000, 0.000) separation=0.1275275;Ground_Mountain_0_4:(-0.015, 1.000, 0.000) separation=0.132121;Ground_Mountain_0_4:(-0.015, 1.000, 0.000) separation=0.1279106;Ground_Mountain_0_4:(-0.015, 1.000, 0.000) separation=0.1279733;"
6.069,883.595,152.033,189.993,30.533,-30.536,-0.006,0.013,0.801,0.000,0.001,4,6.648,0.029,1.000,"Ground_Mountain_0_4:(-0.015, 1.000, 0.000) separation=0.1387592;Ground_Mountain_0_4:(-0.015, 1.000, 0.000) separation=0.1414898;Ground_Mountain_0_4:(-0.015, 1.000, 0.000) separation=0.1380127;Ground_Mountain_0_4:(-0.015, 1.000, 0.000) separation=0.1422364;Ground_Mountain_0_4:(-0.015, 1.000, 0.000) separation=0.1383955;Ground_Mountain_0_4:(-0.015, 1.000, 0.000) separation=0.1395692;"
6.089,882.982,152.032,189.993,30.655,-30.657,-0.074,0.009,0.733,0.000,0.001,4,6.529,0.030,1.000,"Ground_Mountain_0_4:(-0.015, 1.000, 0.000) separation=0.1479802;Ground_Mountain_0_4:(-0.015, 1.000, 0.000) separation=0.1503439;Ground_Mountain_0_4:(-0.015, 1.000, 0.000) separation=0.1472436;Ground_Mountain_0_4:(-0.015, 1.000, 0.000) separation=0.1510805;Ground_Mountain_0_4:(-0.015, 1.000, 0.000) separation=0.147621;Ground_Mountain_0_4:(-0.015, 1.000, 0.000) separation=0.1477917;"
6.109,882.366,152.029,189.993,30.766,-30.767,-0.142,0.006,0.672,0.000,0.001,4,6.514,0.030,1.000,"Ground_Mountain_0_4:(-0.015, 1.000, 0.000) separation=0.1558657;Ground_Mountain_0_4:(-0.015, 1.000, 0.000) separation=0.1578705;Ground_Mountain_0_4:(-0.015, 1.000, 0.000) separation=0.1551416;Ground_Mountain_0_4:(-0.015, 1.000, 0.000) separation=0.1585946;Ground_Mountain_0_4:(-0.015, 1.000, 0.000) separation=0.1552795;Ground_Mountain_0_4:(-0.015, 1.000, 0.000) separation=0.1553847;"
6.129,881.749,152.025,189.993,30.867,-30.867,-0.208,0.004,0.617,0.000,0.001,4,6.590,0.029,1.000,"Ground_Mountain_0_4:(-0.015, 1.000, 0.000) separation=0.1624425;Ground_Mountain_0_4:(-0.015, 1.000, 0.000) separation=0.1641099;Ground_Mountain_0_4:(-0.015, 1.000, 0.000) separation=0.1617357;Ground_Mountain_0_4:(-0.015, 1.000, 0.000) separation=0.1648167;Ground_Mountain_0_4:(-0.015, 1.000, 0.000) separation=0.1620975;Ground_Mountain_0_4:(-0.015, 1.000, 0.000) separation=0.1629639;"
6.149,881.130,152.019,189.993,30.958,-30.957,-0.270,0.003,0.567,0.000,0.001,4,6.738,0.029,1.000,"Ground_Mountain_0_4:(-0.015, 1.000, 0.000) separation=0.1677031;Ground_Mountain_0_4:(-0.015, 1.000, 0.000) separation=0.1690649;Ground_Mountain_0_4:(-0.015, 1.000, 0.000) separation=0.1670187;Ground_Mountain_0_4:(-0.015, 1.000, 0.000) separation=0.1697493;Ground_Mountain_0_4:(-0.015, 1.000, 0.000) separation=0.1673678;Ground_Mountain_0_4:(-0.015, 1.000, 0.000) separation=0.1675135;"
6.169,880.509,152.013,189.993,31.040,-31.039,-0.329,0.002,0.521,0.000,0.001,4,6.946,0.027,1.000,"Ground_Mountain_0_4:(-0.015, 1.000, 0.000) separation=0.1717156;Ground_Mountain_0_4:(-0.015, 1.000, 0.000) separation=0.1727871;Ground_Mountain_0_4:(-0.015, 1.000, 0.000) separation=0.1710535;Ground_Mountain_0_4:(-0.015, 1.000, 0.000) separation=0.1734492;Ground_Mountain_0_4:(-0.015, 1.000, 0.000) separation=0.1711246;Ground_Mountain_0_4:(-0.015, 1.000, 0.000) separation=0.1712554;"
6.189,879.887,152.005,189.993,31.116,-31.113,-0.382,0.002,0.480,0.000,0.001,4,7.196,0.025,1.000,"Ground_Mountain_0_4:(-0.015, 1.000, 0.000) separation=0.1745793;Ground_Mountain_0_4:(-0.015, 1.000, 0.000) separation=0.1754037;Ground_Mountain_0_4:(-0.015, 1.000, 0.000) separation=0.1739445;Ground_Mountain_0_4:(-0.015, 1.000, 0.000) separation=0.1760384;Ground_Mountain_0_4:(-0.015, 1.000, 0.000) separation=0.1742684;Ground_Mountain_0_4:(-0.015, 1.000, 0.000) separation=0.1747941;"
6.209,879.263,151.996,189.993,31.184,-31.181,-0.430,0.003,0.442,0.000,0.001,4,7.478,0.024,1.000,"Ground_Mountain_0_4:(-0.015, 1.000, 0.000) separation=0.1763611;Ground_Mountain_0_4:(-0.015, 1.000, 0.000) separation=0.1769633;Ground_Mountain_0_4:(-0.015, 1.000, 0.000) separation=0.1757537;Ground_Mountain_0_4:(-0.015, 1.000, 0.000) separation=0.1775707;Ground_Mountain_0_4:(-0.015, 1.000, 0.000) separation=0.1760623;Ground_Mountain_0_4:(-0.015, 1.000, 0.000) separation=0.1761262;"
6.229,878.638,151.987,189.993,31.246,-31.243,-0.472,0.003,0.408,0.000,0.001,4,7.778,0.022,1.000,"Ground_Mountain_0_4:(-0.015, 1.000, 0.000) separation=0.1772247;Ground_Mountain_0_4:(-0.015, 1.000, 0.000) separation=0.1776288;Ground_Mountain_0_4:(-0.015, 1.000, 0.000) separation=0.176647;Ground_Mountain_0_4:(-0.015, 1.000, 0.000) separation=0.1782065;Ground_Mountain_0_4:(-0.015, 1.000, 0.000) separation=0.1766752;Ground_Mountain_0_4:(-0.015, 1.000, 0.000) separation=0.176822;"
6.249,878.012,151.977,189.994,31.303,-31.299,-0.507,0.005,0.377,0.000,0.000,4,8.085,0.020,1.000,"Ground_Mountain_0_4:(-0.015, 1.000, 0.000) separation=0.1772384;Ground_Mountain_0_4:(-0.015, 1.000, 0.000) separation=0.1774966;Ground_Mountain_0_4:(-0.015, 1.000, 0.000) separation=0.176693;Ground_Mountain_0_4:(-0.015, 1.000, 0.000) separation=0.178042;Ground_Mountain_0_4:(-0.015, 1.000, 0.000) separation=0.1769713;Ground_Mountain_0_4:(-0.015, 1.000, 0.000) separation=0.1771637;"
6.269,877.385,151.966,189.994,31.354,-31.350,-0.536,0.006,0.349,0.000,0.000,4,8.391,0.017,1.000,"Ground_Mountain_0_4:(-0.015, 1.000, 0.000) separation=0.1765591;Ground_Mountain_0_4:(-0.015, 1.000, 0.000) separation=0.1766707;Ground_Mountain_0_4:(-0.015, 1.000, 0.000) separation=0.1760435;Ground_Mountain_0_4:(-0.015, 1.000, 0.000) separation=0.1771864;Ground_Mountain_0_4:(-0.015, 1.000, 0.000) separation=0.1762733;Ground_Mountain_0_4:(-0.015, 1.000, 0.000) separation=0.1763066;"
6.289,876.757,151.955,189.994,31.401,-31.396,-0.559,0.007,0.323,0.000,0.000,4,8.687,0.016,1.000,"Ground_Mountain_0_4:(-0.015, 1.000, 0.000) separation=0.1752963;Ground_Mountain_0_4:(-0.015, 1.000, 0.000) separation=0.1752876;Ground_Mountain_0_4:(-0.015, 1.000, 0.000) separation=0.1748103;Ground_Mountain_0_4:(-0.015, 1.000, 0.000) separation=0.1757735;Ground_Mountain_0_4:(-0.015, 1.000, 0.000) separation=0.1748487;Ground_Mountain_0_4:(-0.015, 1.000, 0.000) separation=0.1749171;"
6.309,876.128,151.943,189.994,31.444,-31.439,-0.577,0.008,0.300,0.000,0.000,4,8.967,0.014,1.000,"Ground_Mountain_0_4:(-0.015, 1.000, 0.000) separation=0.1735726;Ground_Mountain_0_4:(-0.015, 1.000, 0.000) separation=0.1734799;Ground_Mountain_0_4:(-0.015, 1.000, 0.000) separation=0.1731188;Ground_Mountain_0_4:(-0.015, 1.000, 0.000) separation=0.1739336;Ground_Mountain_0_4:(-0.015, 1.000, 0.000) separation=0.1733514;Ground_Mountain_0_4:(-0.015, 1.000, 0.000) separation=0.173369;"
6.329,875.499,151.932,189.994,31.482,-31.477,-0.589,0.009,0.278,0.000,0.000,4,9.227,0.012,1.000,"Ground_Mountain_0_4:(-0.015, 1.000, 0.000) separation=0.1714735;Ground_Mountain_0_4:(-0.015, 1.000, 0.000) separation=0.1713025;Ground_Mountain_0_4:(-0.015, 1.000, 0.000) separation=0.171052;Ground_Mountain_0_4:(-0.015, 1.000, 0.000) separation=0.171724;Ground_Mountain_0_4:(-0.015, 1.000, 0.000) separation=0.1711587;Ground_Mountain_0_4:(-0.015, 1.000, 0.000) separation=0.1711966;"
6.349,874.869,151.920,189.994,31.518,-31.512,-0.596,0.009,0.259,0.000,0.000,4,9.462,0.011,1.000,"Ground_Mountain_0_4:(-0.015, 1.000, 0.000) separation=0.1691724;Ground_Mountain_0_4:(-0.015, 1.000, 0.000) separation=0.1689429;Ground_Mountain_0_4:(-0.015, 1.000, 0.000) separation=0.1687831;Ground_Mountain_0_4:(-0.015, 1.000, 0.000) separation=0.1693322;Ground_Mountain_0_4:(-0.015, 1.000, 0.000) separation=0.168806;Ground_Mountain_0_4:(-0.015, 1.000, 0.000) separation=0.1688314;"
6.369,874.238,151.908,189.995,31.550,-31.545,-0.599,0.010,0.241,0.000,0.000,4,9.669,0.009,1.000,"Ground_Mountain_0_4:(-0.015, 1.000, 0.000) separation=0.1667341;Ground_Mountain_0_4:(-0.015, 1.000, 0.000) separation=0.1664761;Ground_Mountain_0_4:(-0.015, 1.000, 0.000) separation=0.1663745;Ground_Mountain_0_4:(-0.015, 1.000, 0.000) separation=0.1668356;Ground_Mountain_0_4:(-0.015, 1.000, 0.000) separation=0.1664514;Ground_Mountain_0_4:(-0.015, 1.000, 0.000) separation=0.1664666;"
6.389,873.606,151.896,189.995,31.580,-31.574,-0.599,0.010,0.225,0.000,0.000,4,9.849,0.008,1.000,"Ground_Mountain_0_4:(-0.015, 1.000, 0.000) separation=0.1642397;Ground_Mountain_0_4:(-0.015, 1.000, 0.000) separation=0.1639317;Ground_Mountain_0_4:(-0.015, 1.000, 0.000) separation=0.1639074;Ground_Mountain_0_4:(-0.015, 1.000, 0.000) separation=0.164264;Ground_Mountain_0_4:(-0.015, 1.000, 0.000) separation=0.1639156;Ground_Mountain_0_4:(-0.015, 1.000, 0.000) separation=0.1639182;"
6.409,872.974,151.884,189.995,31.606,-31.601,-0.596,0.010,0.210,0.000,0.000,4,10.000,0.007,1.000,"Ground_Mountain_0_4:(-0.015, 1.000, 0.000) separation=0.1617236;Ground_Mountain_0_4:(-0.015, 1.000, 0.000) separation=0.1614158;Ground_Mountain_0_4:(-0.015, 1.000, 0.000) separation=0.161421;Ground_Mountain_0_4:(-0.015, 1.000, 0.000) separation=0.1617183;Ground_Mountain_0_4:(-0.015, 1.000, 0.000) separation=0.1614155;Ground_Mountain_0_4:(-0.015, 1.000, 0.000) separation=0.161418;"
6.429,872.342,151.872,189.995,31.631,-31.625,-0.590,0.010,0.197,0.000,0.000,4,10.124,0.007,1.000,"Ground_Mountain_0_4:(-0.015, 1.000, 0.000) separation=0.1592669;Ground_Mountain_0_4:(-0.015, 1.000, 0.000) separation=0.1589569;Ground_Mountain_0_4:(-0.015, 1.000, 0.000) separation=0.1589917;Ground_Mountain_0_4:(-0.015, 1.000, 0.000) separation=0.159232;Ground_Mountain_0_4:(-0.015, 1.000, 0.000) separation=0.158959;Ground_Mountain_0_4:(-0.015, 1.000, 0.000) separation=0.158964;"
6.449,871.709,151.860,189.995,31.653,-31.648,-0.582,0.010,0.185,0.000,0.000,4,10.220,0.006,1.000,"Ground_Mountain_0_4:(-0.015, 1.000, 0.000) separation=0.156982;Ground_Mountain_0_4:(-0.015, 1.000, 0.000) separation=0.156666;Ground_Mountain_0_4:(-0.015, 1.000, 0.000) separation=0.1567291;Ground_Mountain_0_4:(-0.015, 1.000, 0.000) separation=0.1569189;Ground_Mountain_0_4:(-0.015, 1.000, 0.000) separation=0.1566955;Ground_Mountain_0_4:(-0.015, 1.000, 0.000) separation=0.156703;"
6.469,871.075,151.849,189.996,31.673,-31.668,-0.572,0.009,0.173,0.000,0.000,4,10.291,0.006,1.000,"Ground_Mountain_0_4:(-0.015, 1.000, 0.000) separation=0.1548625;Ground_Mountain_0_4:(-0.015, 1.000, 0.000) separation=0.1545487;Ground_Mountain_0_4:(-0.015, 1.000, 0.000) separation=0.1546344;Ground_Mountain_0_4:(-0.015, 1.000, 0.000) separation=0.1547769;Ground_Mountain_0_4:(-0.015, 1.000, 0.000) separation=0.1546023;Ground_Mountain_0_4:(-0.015, 1.000, 0.000) separation=0.1546149;"
6.489,870.442,151.838,189.996,31.692,-31.687,-0.562,0.009,0.163,0.000,0.000,4,10.338,0.005,1.000,"Ground_Mountain_0_4:(-0.015, 1.000, 0.000) separation=0.1529036;Ground_Mountain_0_4:(-0.015, 1.000, 0.000) separation=0.1525993;Ground_Mountain_0_4:(-0.015, 1.000, 0.000) separation=0.1527002;Ground_Mountain_0_4:(-0.015, 1.000, 0.000) separation=0.1528026;Ground_Mountain_0_4:(-0.015, 1.000, 0.000) separation=0.1526009;Ground_Mountain_0_4:(-0.015, 1.000, 0.000) separation=0.152616;"
6.509,869.807,151.827,189.996,31.709,-31.704,-0.551,0.008,0.154,0.000,0.000,4,10.366,0.005,1.000,"Ground_Mountain_0_4:(-0.015, 1.000, 0.000) separation=0.1511574;Ground_Mountain_0_4:(-0.015, 1.000, 0.000) separation=0.1508736;Ground_Mountain_0_4:(-0.015, 1.000, 0.000) separation=0.1509764;Ground_Mountain_0_4:(-0.015, 1.000, 0.000) separation=0.1510546;Ground_Mountain_0_4:(-0.015, 1.000, 0.000) separation=0.1509045;Ground_Mountain_0_4:(-0.015, 1.000, 0.000) separation=0.1509196;"
6.529,869.173,151.816,189.996,31.724,-31.720,-0.540,0.008,0.146,0.000,0.000,4,10.374,0.005,1.000,"Ground_Mountain_0_4:(-0.015, 1.000, 0.000) separation=0.1496208;Ground_Mountain_0_4:(-0.015, 1.000, 0.000) separation=0.1493668;Ground_Mountain_0_4:(-0.015, 1.000, 0.000) separation=0.1494596;Ground_Mountain_0_4:(-0.015, 1.000, 0.000) separation=0.149528;Ground_Mountain_0_4:(-0.015, 1.000, 0.000) separation=0.1494166;Ground_Mountain_0_4:(-0.015, 1.000, 0.000) separation=0.1494317;"
6.549,868.538,151.805,189.996,31.738,-31.734,-0.529,0.008,0.138,0.000,0.000,4,10.367,0.005,1.000,"Ground_Mountain_0_4:(-0.015, 1.000, 0.000) separation=0.1483156;Ground_Mountain_0_4:(-0.015, 1.000, 0.000) separation=0.1480738;Ground_Mountain_0_4:(-0.015, 1.000, 0.000) separation=0.1481767;Ground_Mountain_0_4:(-0.015, 1.000, 0.000) separation=0.1482127;Ground_Mountain_0_4:(-0.015, 1.000, 0.000) separation=0.1480863;Ground_Mountain_0_4:(-0.015, 1.000, 0.000) separation=0.1481321;"
6.569,867.903,151.795,189.996,31.751,-31.747,-0.518,0.008,0.131,0.000,-0.001,4,10.347,0.005,1.000,"Ground_Mountain_0_4:(-0.015, 1.000, 0.000) separation=0.1472569;Ground_Mountain_0_4:(-0.015, 1.000, 0.000) separation=0.1470325;Ground_Mountain_0_4:(-0.015, 1.000, 0.000) separation=0.1471354;Ground_Mountain_0_4:(-0.015, 1.000, 0.000) separation=0.147154;Ground_Mountain_0_4:(-0.015, 1.000, 0.000) separation=0.147059;Ground_Mountain_0_4:(-0.015, 1.000, 0.000) separation=0.147074;"
6.589,867.268,151.785,189.997,31.763,-31.759,-0.508,0.009,0.124,0.000,-0.001,4,10.315,0.005,1.000,"Ground_Mountain_0_4:(-0.015, 1.000, 0.000) separation=0.1464246;Ground_Mountain_0_4:(-0.015, 1.000, 0.000) separation=0.1462268;Ground_Mountain_0_4:(-0.015, 1.000, 0.000) separation=0.1463204;Ground_Mountain_0_4:(-0.015, 1.000, 0.000) separation=0.1463309;Ground_Mountain_0_4:(-0.015, 1.000, 0.000) separation=0.146273;Ground_Mountain_0_4:(-0.015, 1.000, 0.000) separation=0.1462793;"
6.609,866.633,151.775,189.997,31.774,-31.770,-0.499,0.009,0.119,0.000,-0.001,4,10.276,0.005,1.000,"Ground_Mountain_0_4:(-0.015, 1.000, 0.000) separation=0.1457747;Ground_Mountain_0_4:(-0.015, 1.000, 0.000) separation=0.1455997;Ground_Mountain_0_4:(-0.015, 1.000, 0.000) separation=0.1456855;Ground_Mountain_0_4:(-0.015, 1.000, 0.000) separation=0.145689;Ground_Mountain_0_4:(-0.015, 1.000, 0.000) separation=0.1456065;Ground_Mountain_0_4:(-0.015, 1.000, 0.000) separation=0.1456241;"
6.629,865.997,151.765,189.997,31.783,-31.780,-0.491,0.009,0.113,0.000,0.000,4,10.231,0.004,1.000,"Ground_Mountain_0_4:(-0.015, 1.000, 0.000) separation=0.1453159;Ground_Mountain_0_4:(-0.015, 1.000, 0.000) separation=0.1451558;Ground_Mountain_0_4:(-0.015, 1.000, 0.000) separation=0.1452415;Ground_Mountain_0_4:(-0.015, 1.000, 0.000) separation=0.1452302;Ground_Mountain_0_4:(-0.015, 1.000, 0.000) separation=0.1451743;Ground_Mountain_0_4:(-0.015, 1.000, 0.000) separation=0.1451868;"
6.649,865.362,151.755,189.997,31.792,-31.789,-0.484,0.008,0.108,0.000,0.000,4,10.183,0.004,1.000,"Ground_Mountain_0_4:(-0.015, 1.000, 0.000) separation=0.1450316;Ground_Mountain_0_4:(-0.015, 1.000, 0.000) separation=0.1449009;Ground_Mountain_0_4:(-0.015, 1.000, 0.000) separation=0.1449696;Ground_Mountain_0_4:(-0.015, 1.000, 0.000) separation=0.144963;Ground_Mountain_0_4:(-0.015, 1.000, 0.000) separation=0.1449334;Ground_Mountain_0_4:(-0.015, 1.000, 0.000) separation=0.1449351;"
6.669,864.726,151.746,189.997,31.800,-31.797,-0.477,0.008,0.104,0.000,0.000,4,10.133,0.004,1.000,"Ground_Mountain_0_4:(-0.015, 1.000, 0.000) separation=0.1448814;Ground_Mountain_0_4:(-0.015, 1.000, 0.000) separation=0.1447536;Ground_Mountain_0_4:(-0.015, 1.000, 0.000) separation=0.1448318;Ground_Mountain_0_4:(-0.015, 1.000, 0.000) separation=0.1448032;Ground_Mountain_0_4:(-0.015, 1.000, 0.000) separation=0.1447568;Ground_Mountain_0_4:(-0.015, 1.000, 0.000) separation=0.14476;"
6.689,864.089,151.736,189.998,31.808,-31.804,-0.478,0.008,0.100,0.000,0.000,4,9.800,0.894,1.000,"Ground_Mountain_0_4:(-0.109, 0.994, 0.000) separation=0.1454627;Ground_Mountain_0_4:(-0.109, 0.994, 0.000) separation=0.1809615;Ground_Mountain_0_4:(-0.109, 0.994, 0.000) separation=0.1454228;Ground_Mountain_0_4:(-0.109, 0.994, 0.000) separation=0.1809852;Ground_Mountain_0_4:(-0.109, 0.994, 0.000) separation=0.1441594;Ground_Mountain_0_4:(-0.109, 0.994, 0.000) separation=0.1760824;Ground_Mountain_0_4:(-0.015, 1.000, 0.000) separation=0.1448762;Ground_Mountain_0_4:(-0.015, 1.000, 0.000) separation=0.1447798;Ground_Mountain_0_4:(-0.015, 1.000, 0.000) separation=0.1448365;Ground_Mountain_0_4:(-0.015, 1.000, 0.000) separation=0.1448195;Ground_Mountain_0_4:(-0.015, 1.000, 0.000) separation=0.1447898;Ground_Mountain_0_4:(-0.015, 1.000, 0.000) separation=0.1447997;"
6.709,863.453,151.726,189.998,31.815,-31.810,-0.520,0.008,0.096,0.000,-0.001,4,7.745,0.751,1.000,"Ground_Mountain_0_4:(-0.109, 0.994, 0.000) separation=0.1453903;Ground_Mountain_0_4:(-0.109, 0.994, 0.000) separation=0.2402048;Ground_Mountain_0_4:(-0.109, 0.994, 0.000) separation=0.1453604;Ground_Mountain_0_4:(-0.109, 0.994, 0.000) separation=0.2402177;Ground_Mountain_0_4:(-0.109, 0.994, 0.000) separation=0.1441049;Ground_Mountain_0_4:(-0.109, 0.994, 0.000) separation=0.1758649;Ground_Mountain_0_4:(-0.015, 1.000, 0.000) separation=0.1453315;Ground_Mountain_0_4:(-0.015, 1.000, 0.000) separation=0.1447237;Ground_Mountain_0_4:(-0.015, 1.000, 0.000) separation=0.1453017;Ground_Mountain_0_4:(-0.015, 1.000, 0.000) separation=0.1447536;Ground_Mountain_0_4:(-0.015, 1.000, 0.000) separation=0.1447387;Ground_Mountain_0_4:(-0.015, 1.000, 0.000) separation=0.1448787;"
6.729,862.816,151.714,189.998,31.821,-31.816,-0.601,0.008,0.093,0.000,-0.001,4,5.827,0.432,1.000,"Ground_Mountain_0_4:(-0.109, 0.994, 0.000) separation=0.1455983;Ground_Mountain_0_4:(-0.109, 0.994, 0.000) separation=0.2975561;Ground_Mountain_0_4:(-0.109, 0.994, 0.000) separation=0.1455759;Ground_Mountain_0_4:(-0.109, 0.994, 0.000) separation=0.2975618;Ground_Mountain_0_4:(-0.109, 0.994, 0.000) separation=0.1443519;Ground_Mountain_0_4:(-0.109, 0.994, 0.000) separation=0.1756066;Ground_Mountain_0_4:(-0.015, 1.000, 0.000) separation=0.1460839;Ground_Mountain_0_4:(-0.015, 1.000, 0.000) separation=0.1449579;Ground_Mountain_0_4:(-0.015, 1.000, 0.000) separation=0.1460613;Ground_Mountain_0_4:(-0.015, 1.000, 0.000) separation=0.1449802;Ground_Mountain_0_4:(-0.015, 1.000, 0.000) separation=0.1449674;Ground_Mountain_0_4:(-0.015, 1.000, 0.000) separation=0.1455752;"
6.749,862.178,151.699,189.998,31.828,-31.820,-0.731,0.008,0.089,0.000,-0.001,2,3.398,0.865,1.000,"Ground_Mountain_0_4:(-0.094, 0.996, 0.000) separation=0.1507893;Ground_Mountain_0_4:(-0.094, 0.996, 0.000) separation=0.3843096;Ground_Mountain_0_4:(-0.094, 0.996, 0.000) separation=0.1507911;Ground_Mountain_0_4:(-0.094, 0.996, 0.000) separation=0.3279389;Ground_Mountain_0_4:(-0.094, 0.996, 0.000) separation=0.1507912;Ground_Mountain_0_4:(-0.094, 0.996, 0.000) separation=0.1507914;Ground_Mountain_0_4:(-0.211, 0.978, 0.000) separation=0.3205857;Ground_Mountain_0_4:(-0.211, 0.978, 0.000) separation=0.3772054;Ground_Mountain_0_4:(-0.211, 0.978, 0.000) separation=0.3771984;Ground_Mountain_0_4:(-0.211, 0.978, 0.000) separation=0.3771952;Ground_Mountain_0_4:(-0.211, 0.978, 0.000) separation=0.3327801;"
6.769,861.540,151.681,189.998,31.835,-31.822,-0.903,0.008,0.086,0.000,0.000,2,1.242,0.350,1.000,"Ground_Mountain_0_4:(-0.095, 0.996, 0.000) separation=0.2102677;Ground_Mountain_0_4:(-0.095, 0.996, 0.000) separation=0.5011272;Ground_Mountain_0_4:(-0.095, 0.996, 0.000) separation=0.2102746;Ground_Mountain_0_4:(-0.095, 0.996, 0.000) separation=0.3248901;Ground_Mountain_0_4:(-0.095, 0.996, 0.000) separation=0.2102711;Ground_Mountain_0_4:(-0.095, 0.996, 0.000) separation=0.2967885;Ground_Mountain_0_4:(-0.211, 0.978, 0.000) separation=0.4922539;Ground_Mountain_0_4:(-0.211, 0.978, 0.000) separation=0.3179838;Ground_Mountain_0_4:(-0.211, 0.978, 0.000) separation=0.4922643;Ground_Mountain_0_4:(-0.211, 0.978, 0.000) separation=0.3925477;Ground_Mountain_0_4:(-0.211, 0.978, 0.000) separation=0.3295397;"
6.789,860.903,151.659,189.998,31.843,-31.824,-1.100,0.008,0.082,0.000,0.000,2,0.000,0.101,0.999,"Ground_Mountain_0_4:(-0.096, 0.995, 0.000) separation=0.2669092;Ground_Mountain_0_4:(-0.096, 0.995, 0.000) separation=0.3832909;Ground_Mountain_0_4:(-0.096, 0.995, 0.000) separation=0.2974802;Ground_Mountain_0_4:(-0.096, 0.995, 0.000) separation=0.3239993;Ground_Mountain_0_4:(-0.096, 0.995, 0.000) separation=0.2669164;Ground_Mountain_0_4:(-0.096, 0.995, 0.000) separation=0.2669225;Ground_Mountain_0_4:(-0.211, 0.978, 0.000) separation=0.3175268;Ground_Mountain_0_4:(-0.211, 0.978, 0.000) separation=0.6033671;Ground_Mountain_0_4:(-0.211, 0.978, 0.000) separation=0.3284747;Ground_Mountain_0_4:(-0.211, 0.978, 0.000) separation=0.6033417;Ground_Mountain_0_4:(-0.211, 0.978, 0.000) separation=0.3898448;Ground_Mountain_0_4:(-0.211, 0.978, 0.000) separation=0.603355;"
6.809,860.265,151.633,189.998,31.837,-31.811,-1.296,0.008,0.079,0.000,0.000,0,0.000,0.207,0.999,"Ground_Mountain_0_4:(-0.211, 0.978, 0.000) separation=0.319163;Ground_Mountain_0_4:(-0.211, 0.978, 0.000) separation=0.3893374;Ground_Mountain_0_4:(-0.211, 0.978, 0.000) separation=0.6389998;Ground_Mountain_0_4:(-0.211, 0.978, 0.000) separation=0.3295951;Ground_Mountain_0_4:(-0.096, 0.995, 0.000) separation=0.3196595;Ground_Mountain_0_4:(-0.096, 0.995, 0.000) separation=0.3252706;Ground_Mountain_0_4:(-0.096, 0.995, 0.000) separation=0.3196785;Ground_Mountain_0_4:(-0.096, 0.995, 0.000) separation=0.3831259;Ground_Mountain_0_4:(-0.096, 0.995, 0.000) separation=0.3196689;Ground_Mountain_0_4:(-0.096, 0.995, 0.000) separation=0.3196711;"
6.829,859.628,151.603,189.999,31.833,-31.798,-1.492,0.008,0.081,0.000,0.000,0,0.000,0.213,0.999,"Ground_Mountain_0_4:(-0.211, 0.978, 0.000) separation=0.4241556;Ground_Mountain_0_4:(-0.211, 0.978, 0.000) separation=0.4241714;Ground_Mountain_0_4:(-0.211, 0.978, 0.000) separation=0.6338609;Ground_Mountain_0_4:(-0.211, 0.978, 0.000) separation=0.4241886;"
6.849,858.991,151.569,189.999,31.830,-31.785,-1.687,0.008,0.084,0.000,0.000,0,0.000,0.218,0.999,"Ground_Mountain_0_4:(-0.211, 0.978, 0.000) separation=0.5339755;Ground_Mountain_0_4:(-0.211, 0.978, 0.000) separation=0.5339935;Ground_Mountain_0_4:(-0.211, 0.978, 0.000) separation=0.6307684;Ground_Mountain_0_4:(-0.211, 0.978, 0.000) separation=0.534013;"
6.869,858.354,151.532,189.999,31.828,-31.773,-1.883,0.008,0.085,0.000,0.000,0,0.000,0.223,0.999,"Ground_Mountain_0_4:(-0.211, 0.978, 0.000) separation=0.6397644;Ground_Mountain_0_4:(-0.211, 0.978, 0.000) separation=0.6397842;Ground_Mountain_0_4:(-0.211, 0.978, 0.000) separation=0.639806;Ground_Mountain_0_4:(-0.211, 0.978, 0.000) separation=0.6398019;"
6.889,857.718,151.490,189.999,31.826,-31.760,-2.078,0.008,0.086,0.000,0.000,0,0.000,0.229,0.998,""
6.909,857.082,151.444,189.999,31.826,-31.747,-2.273,0.008,0.087,0.000,0.000,0,0.000,0.233,0.998,""
6.929,856.446,151.395,189.999,31.828,-31.735,-2.469,0.008,0.087,0.000,0.000,0,0.000,0.238,0.998,""
6.949,855.810,151.342,190.000,31.830,-31.722,-2.664,0.008,0.086,0.000,0.000,0,0.000,0.242,0.998,""
6.969,855.175,151.284,190.000,31.833,-31.709,-2.859,0.008,0.085,0.000,0.000,0,0.000,0.246,0.997,""
6.989,854.540,151.223,190.000,31.836,-31.697,-3.054,0.008,0.084,0.000,0.000,0,0.000,0.250,0.997,""
7.009,853.905,151.158,190.000,31.841,-31.684,-3.249,0.008,0.082,0.000,0.000,0,0.000,0.254,0.997,""
7.029,853.271,151.089,190.000,31.847,-31.671,-3.443,0.008,0.079,0.000,0.000,0,0.000,0.257,0.997,""
7.049,852.637,151.016,190.000,31.854,-31.659,-3.638,0.008,0.076,0.000,0.000,0,0.000,0.260,0.996,"Ground_Mountain_0_4:(0.000, 1.000, 0.000) separation=0.6479261;Ground_Mountain_0_4:(0.000, 1.000, 0.000) separation=0.6479104;Ground_Mountain_0_4:(0.000, 1.000, 0.000) separation=0.6600016;Ground_Mountain_0_4:(0.000, 1.000, 0.000) separation=0.6478914;Ground_Mountain_0_4:(0.000, 1.000, 0.000) separation=0.6478577;"
7.069,852.003,150.940,190.001,31.861,-31.646,-3.833,0.007,0.073,0.000,0.000,0,0.000,0.263,0.996,"Ground_Mountain_0_4:(0.000, 1.000, 0.000) separation=0.6383392;Ground_Mountain_0_4:(0.000, 1.000, 0.000) separation=0.5713743;Ground_Mountain_0_4:(0.000, 1.000, 0.000) separation=0.5714476;Ground_Mountain_0_4:(0.000, 1.000, 0.000) separation=0.6103728;Ground_Mountain_0_4:(0.000, 1.000, 0.000) separation=0.5714104;Ground_Mountain_0_4:(0.000, 1.000, 0.000) separation=0.5824352;"
7.089,851.370,150.859,190.001,31.869,-31.633,-4.027,0.007,0.069,0.000,0.000,0,0.000,0.265,0.996,"Ground_Mountain_0_4:(0.000, 1.000, 0.000) separation=0.6169565;Ground_Mountain_0_4:(0.000, 1.000, 0.000) separation=0.4911118;Ground_Mountain_0_4:(0.000, 1.000, 0.000) separation=0.4911896;Ground_Mountain_0_4:(0.000, 1.000, 0.000) separation=0.5879464;Ground_Mountain_0_4:(0.000, 1.000, 0.000) separation=0.4911513;Ground_Mountain_0_4:(0.000, 1.000, 0.000) separation=0.5589409;"
7.109,850.736,150.775,190.001,31.878,-31.621,-4.222,0.007,0.065,0.000,0.000,0,0.000,0.268,0.995,"Ground_Mountain_0_4:(0.000, 1.000, 0.000) separation=0.6138092;Ground_Mountain_0_4:(0.000, 1.000, 0.000) separation=0.4071847;Ground_Mountain_0_4:(0.000, 1.000, 0.000) separation=0.6138907;Ground_Mountain_0_4:(0.000, 1.000, 0.000) separation=0.4071033;Ground_Mountain_0_4:(0.000, 1.000, 0.000) separation=0.4071441;Ground_Mountain_0_4:(0.000, 1.000, 0.000) separation=0.4071794;"
7.129,850.103,150.686,190.001,31.888,-31.608,-4.416,0.007,0.061,0.000,0.000,0,0.000,0.270,0.995,"Ground_Mountain_0_4:(0.000, 1.000, 0.000) separation=0.5327213;Ground_Mountain_0_4:(0.000, 1.000, 0.000) separation=0.3194132;Ground_Mountain_0_4:(0.000, 1.000, 0.000) separation=0.5328075;Ground_Mountain_0_4:(0.000, 1.000, 0.000) separation=0.3193271;Ground_Mountain_0_4:(0.000, 1.000, 0.000) separation=0.3193691;Ground_Mountain_0_4:(0.000, 1.000, 0.000) separation=0.3216892;"
7.149,849.471,150.597,190.001,31.903,-31.619,-4.470,0.006,0.056,0.000,0.000,2,7.054,2.715,0.995,"Ground_Mountain_0_4:(0.000, 1.000, 0.000) separation=0.4476309;Ground_Mountain_0_4:(0.000, 1.000, 0.000) separation=0.2279177;Ground_Mountain_0_4:(0.000, 1.000, 0.000) separation=0.4477204;Ground_Mountain_0_4:(0.000, 1.000, 0.000) separation=0.2278282;Ground_Mountain_0_4:(0.000, 1.000, 0.000) separation=0.2278737;Ground_Mountain_0_4:(0.000, 1.000, 0.000) separation=0.2922371;"
7.169,848.845,150.507,190.001,31.628,-31.349,-4.472,0.004,0.048,0.000,0.000,2,9.678,1.681,0.996,"Ground_Mountain_0_4:(0.000, 1.000, 0.000) separation=0.3576015;Ground_Mountain_0_4:(0.000, 1.000, 0.000) separation=0.139124;Ground_Mountain_0_4:(0.000, 1.000, 0.000) separation=0.3576945;Ground_Mountain_0_4:(0.000, 1.000, 0.000) separation=0.1390311;Ground_Mountain_0_4:(0.000, 1.000, 0.000) separation=0.1390775;Ground_Mountain_0_4:(0.000, 1.000, 0.000) separation=0.264792;"
7.189,848.225,150.434,190.001,31.583,-31.409,-3.681,0.003,0.186,0.000,0.000,4,21.486,0.443,0.998,"Ground_Mountain_0_4:(0.000, 1.000, 0.000) separation=0.2631918;Ground_Mountain_0_4:(0.000, 1.000, 0.000) separation=0.05456611;Ground_Mountain_0_4:(0.000, 1.000, 0.000) separation=0.263288;Ground_Mountain_0_4:(0.000, 1.000, 0.000) separation=0.05446985;Ground_Mountain_0_4:(0.000, 1.000, 0.000) separation=0.05448204;Ground_Mountain_0_4:(0.000, 1.000, 0.000) separation=0.05451745;"
7.209,847.609,150.379,190.001,31.418,-31.361,-2.805,0.002,0.209,0.000,0.000,4,26.799,6.848,1.000,"Ground_Mountain_0_4:(0.000, 1.000, 0.000) separation=0.1590696;Ground_Mountain_0_4:(0.000, 1.000, 0.000) separation=0.01122038;Ground_Mountain_0_4:(0.000, 1.000, 0.000) separation=0.159319;Ground_Mountain_0_4:(0.000, 1.000, 0.000) separation=0.01097094;Ground_Mountain_0_4:(0.000, 1.000, 0.000) separation=0.01109633;Ground_Mountain_0_4:(0.000, 1.000, 0.000) separation=0.04717326;"
7.229,846.991,150.356,190.001,31.183,-31.178,-1.154,-0.001,0.291,0.000,0.000,4,33.228,12.250,1.000,"Ground_Mountain_0_4:(0.000, 1.000, 0.000) separation=0.0551668;Ground_Mountain_0_4:(0.000, 1.000, 0.000) separation=0.002633326;Ground_Mountain_0_4:(0.000, 1.000, 0.000) separation=0.05551748;Ground_Mountain_0_4:(0.000, 1.000, 0.000) separation=0.002282652;Ground_Mountain_0_4:(0.000, 1.000, 0.000) separation=0.002457172;Ground_Mountain_0_4:(0.000, 1.000, 0.000) separation=0.03004944;Ground_Mountain_0_4:(0.000, 1.000, 0.000) separation=0.05228654;"
7.249,846.370,150.351,190.001,31.125,-31.125,-0.232,0.001,0.408,0.000,0.000,4,27.186,5.555,1.000,"Ground_Mountain_0_4:(0.000, 1.000, 0.000) separation=0.01103654;Ground_Mountain_0_4:(0.000, 1.000, 0.000) separation=0.0005576835;Ground_Mountain_0_4:(0.000, 1.000, 0.000) separation=0.0111157;Ground_Mountain_0_4:(0.000, 1.000, 0.000) separation=0.0004785248;Ground_Mountain_0_4:(0.000, 1.000, 0.000) separation=0.0005021393;Ground_Mountain_0_4:(0.000, 1.000, 0.000) separation=0.0005182326;"
7.269,845.747,150.352,190.001,31.185,-31.185,0.018,0.001,0.437,0.000,0.000,4,21.048,1.110,1.000,"Ground_Mountain_0_4:(0.000, 1.000, 0.000) separation=0.002195926;Ground_Mountain_0_4:(0.000, 1.000, 0.000) separation=0.0001398074;Ground_Mountain_0_4:(0.000, 1.000, 0.000) separation=0.00224549;Ground_Mountain_0_4:(0.000, 1.000, 0.000) separation=9.024399E-05;Ground_Mountain_0_4:(0.000, 1.000, 0.000) separation=0.0001151264;Ground_Mountain_0_4:(0.000, 1.000, 0.000) separation=0.0004893541;"
7.289,845.122,150.356,190.001,31.244,-31.244,0.212,0.001,0.407,0.000,0.000,4,19.495,0.591,1.000,"Ground_Mountain_0_4:(0.000, 1.000, 0.000) separation=0.0004467868;Ground_Mountain_0_4:(0.000, 1.000, 0.000) separation=0.002626915;Ground_Mountain_0_4:(0.000, 1.000, 0.000) separation=0.0004468156;Ground_Mountain_0_4:(0.000, 1.000, 0.000) separation=0.002626886;Ground_Mountain_0_4:(0.000, 1.000, 0.000) separation=0.0004467964;Ground_Mountain_0_4:(0.000, 1.000, 0.000) separation=0.0009771585;"
7.309,844.496,150.366,190.001,31.266,-31.266,0.514,0.001,0.378,0.000,0.000,4,18.030,0.478,1.000,"Ground_Mountain_0_4:(0.024, 1.000, 0.000) separation=0.003082277;Ground_Mountain_0_4:(0.024, 1.000, 0.000) separation=0.008177541;Ground_Mountain_0_4:(0.024, 1.000, 0.000) separation=0.003042676;Ground_Mountain_0_4:(0.024, 1.000, 0.000) separation=0.008219156;Ground_Mountain_0_4:(0.024, 1.000, 0.000) separation=0.003047407;Ground_Mountain_0_4:(0.024, 1.000, 0.000) separation=0.003062367;"
7.329,843.880,150.401,190.001,31.155,-31.137,1.348,-0.017,0.367,0.000,0.000,4,15.249,1.211,1.000,"Ground_Mountain_0_4:(0.047, 0.999, 0.000) separation=0.01541639;Ground_Mountain_0_4:(0.047, 0.999, 0.000) separation=-0.02792973;Ground_Mountain_0_4:(0.047, 0.999, 0.000) separation=0.01540895;Ground_Mountain_0_4:(0.047, 0.999, 0.000) separation=-0.02792089;Ground_Mountain_0_4:(0.047, 0.999, 0.000) separation=-0.02792656;Ground_Mountain_0_4:(0.047, 0.999, 0.000) separation=-0.006665021;"
7.349,843.260,150.433,190.001,31.222,-31.195,1.386,-0.013,0.423,0.000,0.000,4,11.628,2.188,1.000,"Ground_Mountain_0_4:(0.047, 0.999, 0.000) separation=0.03242315;Ground_Mountain_0_4:(0.047, 0.999, 0.000) separation=-0.02026547;Ground_Mountain_0_4:(0.047, 0.999, 0.000) separation=0.0325048;Ground_Mountain_0_4:(0.047, 0.999, 0.000) separation=-0.0203477;Ground_Mountain_0_4:(0.047, 0.999, 0.000) separation=-0.02030793;Ground_Mountain_0_4:(0.047, 0.999, 0.000) separation=0.03053036;"
7.369,842.640,150.466,189.997,31.255,-31.212,1.676,-0.010,0.389,0.000,0.000,4,13.584,1.973,0.999,"Ground_Mountain_0_4:(0.047, 0.999, 0.000) separation=0.05182927;Ground_Mountain_0_4:(0.047, 0.999, 0.000) separation=-0.01875872;Ground_Mountain_0_4:(0.047, 0.999, 0.000) separation=0.05189095;Ground_Mountain_0_4:(0.047, 0.999, 0.000) separation=-0.01882107;Ground_Mountain_0_4:(0.047, 0.999, 0.000) separation=-0.01879081;Ground_Mountain_0_4:(0.047, 0.999, 0.000) separation=-0.0187782;Ground_Mountain_0_4:(0.147, 0.989, 0.000) separation=0.04068476;"
7.389,842.039,150.541,190.000,30.995,-30.855,3.001,-0.021,0.373,0.000,0.000,4,15.850,4.968,0.997,"Ground_Mountain_0_4:(0.122, 0.993, 0.000) separation=0.05555867;Ground_Mountain_0_4:(0.122, 0.993, 0.000) separation=-0.05602354;Ground_Mountain_0_4:(0.122, 0.993, 0.000) separation=0.04749587;Ground_Mountain_0_4:(0.122, 0.993, 0.000) separation=-0.0479888;Ground_Mountain_0_4:(0.122, 0.993, 0.000) separation=-0.05203083;Ground_Mountain_0_4:(0.122, 0.993, 0.000) separation=-0.03034174;"
7.409,841.430,150.610,190.001,31.048,-30.887,3.153,-0.019,0.502,0.000,-0.002,4,13.771,4.674,0.995,"Ground_Mountain_0_4:(0.122, 0.993, 0.000) separation=0.04264063;Ground_Mountain_0_4:(0.122, 0.993, 0.000) separation=-0.02687847;Ground_Mountain_0_4:(0.122, 0.993, 0.000) separation=0.04119098;Ground_Mountain_0_4:(0.122, 0.993, 0.000) separation=-0.02540022;Ground_Mountain_0_4:(0.122, 0.993, 0.000) separation=-0.02614343;Ground_Mountain_0_4:(0.122, 0.993, 0.000) separation=0.02903768;"
7.429,840.818,150.681,190.001,31.096,-30.921,3.332,-0.011,0.476,0.000,-0.002,4,18.482,4.232,0.993,"Ground_Mountain_0_4:(0.122, 0.993, 0.000) separation=0.0404163;Ground_Mountain_0_4:(0.122, 0.993, 0.000) separation=-0.02122395;Ground_Mountain_0_4:(0.122, 0.993, 0.000) separation=0.04015926;Ground_Mountain_0_4:(0.122, 0.993, 0.000) separation=-0.02093581;Ground_Mountain_0_4:(0.122, 0.993, 0.000) separation=-0.02120334;Ground_Mountain_0_4:(0.122, 0.993, 0.000) separation=-0.02107912;Ground_Mountain_0_4:(0.137, 0.991, 0.000) separation=0.02589864;"
7.449,840.207,150.759,190.001,31.098,-30.877,3.750,-0.018,0.452,0.000,-0.001,4,22.642,3.278,0.990,"Ground_Mountain_0_4:(0.141, 0.990, 0.000) separation=0.0373282;Ground_Mountain_0_4:(0.141, 0.990, 0.000) separation=-0.01671779;Ground_Mountain_0_4:(0.141, 0.990, 0.000) separation=0.03728762;Ground_Mountain_0_4:(0.141, 0.990, 0.000) separation=-0.01668052;Ground_Mountain_0_4:(0.141, 0.990, 0.000) separation=-0.01669806;Ground_Mountain_0_4:(0.141, 0.990, 0.000) separation=-0.01648614;"
7.469,839.595,150.850,190.001,31.066,-30.755,4.389,-0.020,0.451,0.000,-0.001,4,24.665,3.448,0.989,"Ground_Mountain_0_4:(0.142, 0.990, 0.000) separation=0.003327279;Ground_Mountain_0_4:(0.142, 0.990, 0.000) separation=-0.001115739;Ground_Mountain_0_4:(0.142, 0.990, 0.000) separation=0.003310344;Ground_Mountain_0_4:(0.142, 0.990, 0.000) separation=-0.001102123;Ground_Mountain_0_4:(0.142, 0.990, 0.000) separation=-0.004776776;Ground_Mountain_0_4:(0.142, 0.990, 0.000) separation=-0.004766817;"
7.489,838.980,150.943,190.000,31.106,-30.762,4.617,-0.014,0.467,0.000,-0.001,4,20.498,1.686,0.989,"Ground_Mountain_0_4:(0.142, 0.990, 0.000) separation=-0.002422827;Ground_Mountain_0_4:(0.142, 0.990, 0.000) separation=0.01070328;Ground_Mountain_0_4:(0.142, 0.990, 0.000) separation=-0.002239762;Ground_Mountain_0_4:(0.142, 0.990, 0.000) separation=0.01051709;Ground_Mountain_0_4:(0.142, 0.990, 0.000) separation=-0.003335416;Ground_Mountain_0_4:(0.142, 0.990, 0.000) separation=-0.00324097;"
7.509,838.365,151.039,189.999,31.144,-30.772,4.800,-0.008,0.447,0.000,-0.001,4,18.751,1.334,0.989,"Ground_Mountain_0_4:(0.114, 0.994, 0.000) separation=-0.002434599;Ground_Mountain_0_4:(0.114, 0.994, 0.000) separation=0.03563094;Ground_Mountain_0_4:(0.114, 0.994, 0.000) separation=-0.003589988;Ground_Mountain_0_4:(0.114, 0.994, 0.000) separation=0.03675322;Ground_Mountain_0_4:(0.114, 0.994, 0.000) separation=-0.003577501;Ground_Mountain_0_4:(0.114, 0.994, 0.000) separation=-0.003083915;"
7.529,837.750,151.137,189.998,31.178,-30.788,4.918,-0.005,0.428,0.000,-0.001,4,15.614,1.782,0.989,"Ground_Mountain_0_4:(0.109, 0.994, 0.000) separation=0.006583307;Ground_Mountain_0_4:(0.109, 0.994, 0.000) separation=0.1010439;Ground_Mountain_0_4:(0.109, 0.994, 0.000) separation=0.003799503;Ground_Mountain_0_4:(0.109, 0.994, 0.000) separation=0.103793;Ground_Mountain_0_4:(0.109, 0.994, 0.000) separation=0.005191863;Ground_Mountain_0_4:(0.109, 0.994, 0.000) separation=0.01729485;Ground_Mountain_0_4:(0.147, 0.989, 0.000) separation=0.04792732;"
