t,station,x,y,z,speed,vx,vy,vz,throttle,brake,steering,grounded,suspension,alignment,up,contacts
0.020,148.085,837.090,100.537,-133.744,22.387,19.075,1.551,11.895,0.000,0.000,-0.130,2,7.418,9.321,0.998,"Mountain trunk:(-0.279, -0.624, 0.730);Mountain trunk:(-0.279, -0.624, 0.730);Mountain trunk:(-0.279, -0.624, 0.730);Mountain trunk:(-0.277, -0.623, 0.732);Mountain trunk:(-0.277, -0.623, 0.732);Mountain trunk:(-0.500, 0.000, 0.866);Mountain trunk:(-0.500, 0.000, 0.866);Mountain trunk:(-0.500, 0.000, 0.866);Mountain trunk:(-0.500, 0.000, 0.866);Ground_Mountain_0_1:(-0.131, 0.919, -0.371);Ground_Mountain_0_1:(-0.131, 0.919, -0.371);Ground_Mountain_0_1:(0.000, 1.000, 0.000);Ground_Mountain_0_1:(0.000, 1.000, 0.000);"
0.040,148.333,837.422,100.580,-133.455,22.298,19.351,1.416,11.575,0.807,0.000,-0.195,3,5.734,12.968,0.997,"Mountain trunk:(-0.430, 0.012, 0.903);Mountain trunk:(-0.430, 0.012, 0.903);Mountain trunk:(-0.430, 0.012, 0.903);Mountain trunk:(-0.430, 0.012, 0.903);"
0.060,148.333,837.808,100.605,-133.244,22.332,19.636,1.297,11.173,0.851,0.000,-0.254,2,6.883,7.193,0.993,"Mountain trunk:(0.000, 0.000, 1.000);Mountain trunk:(0.000, 0.000, 1.000);Mountain trunk:(0.000, 0.000, 1.000);Mountain trunk:(0.000, 0.000, 1.000);"
0.080,148.743,838.203,100.629,-133.040,22.367,19.904,1.272,10.754,0.834,0.000,-0.272,2,9.629,8.638,0.989,"Mountain trunk:(0.000, 0.000, 1.000);Mountain trunk:(0.000, 0.000, 1.000);Mountain trunk:(0.000, 0.000, 1.000);Mountain trunk:(0.000, 0.000, 1.000);"
0.100,149.181,838.605,100.657,-132.843,22.426,20.128,1.476,10.333,0.816,0.000,-0.286,3,23.632,6.129,0.986,""
0.120,149.623,839.014,100.690,-132.652,22.503,20.324,1.708,9.943,0.787,0.000,-0.296,3,24.661,4.595,0.983,""
0.140,150.040,839.429,100.729,-132.467,22.592,20.507,1.957,9.559,0.748,0.000,-0.305,3,24.017,6.763,0.981,""
0.160,150.040,839.848,100.770,-132.288,22.680,20.672,2.108,9.252,0.704,0.000,-0.317,3,19.468,5.979,0.979,""
0.180,150.393,840.269,100.815,-132.112,22.759,20.805,2.273,9.022,0.660,0.000,-0.324,4,20.565,3.883,0.977,""
0.200,150.838,840.683,100.916,-131.967,22.059,20.224,5.121,7.672,0.621,0.000,-0.327,4,18.348,1.941,0.973,"Ground_Mountain_0_1:(0.040, 0.809, -0.586);Ground_Mountain_0_1:(0.323, 0.877, -0.354);Ground_Mountain_0_1:(-0.131, 0.919, -0.371);Ground_Mountain_0_1:(0.049, 0.993, -0.105);Ground_Mountain_0_1:(-0.096, 0.990, -0.105);"
0.220,151.272,841.098,101.012,-131.823,22.149,20.400,4.914,7.614,0.971,0.000,-0.327,4,0.282,7.472,0.967,""
0.240,151.707,841.516,101.104,-131.677,22.233,20.535,4.702,7.648,0.925,0.000,-0.324,3,0.000,5.682,0.961,""
0.260,151.745,841.936,101.193,-131.529,22.311,20.634,4.542,7.730,0.883,0.000,-0.329,2,0.000,8.829,0.956,""
0.280,152.041,842.354,101.278,-131.380,22.250,20.626,4.344,7.727,0.845,0.000,-0.329,1,0.000,2.164,0.949,""
0.300,152.474,842.773,101.358,-131.231,22.186,20.618,4.146,7.724,0.875,0.000,-0.326,1,0.000,2.209,0.943,""
0.320,152.906,843.191,101.435,-131.082,22.119,20.610,3.948,7.721,0.907,0.000,-0.323,1,0.000,2.249,0.937,""
0.340,153.338,843.610,101.508,-130.932,22.047,20.601,3.750,7.717,0.941,0.000,-0.320,0,0.000,2.284,0.930,""
0.360,153.449,844.028,101.576,-130.782,21.972,20.593,3.553,7.714,0.976,0.000,-0.323,0,0.000,2.315,0.923,""
0.380,153.695,844.445,101.641,-130.631,21.893,20.585,3.355,7.711,1.000,0.000,-0.324,0,0.000,2.341,0.917,""
0.400,154.120,844.862,101.702,-130.480,21.809,20.577,3.158,7.708,1.000,0.000,-0.321,0,0.000,2.362,0.910,""
0.420,154.545,845.279,101.759,-130.329,21.722,20.568,2.960,7.705,1.000,0.000,-0.318,0,0.000,2.380,0.904,""
0.440,154.968,845.696,101.812,-130.177,21.630,20.560,2.763,7.702,1.000,0.000,-0.315,0,0.000,2.393,0.897,""
0.460,155.159,846.112,101.861,-130.025,21.533,20.552,2.566,7.699,1.000,0.000,-0.319,0,0.000,2.401,0.891,""
0.480,155.355,846.528,101.907,-129.873,21.432,20.544,2.369,7.696,1.000,0.000,-0.322,0,0.000,2.406,0.886,""
0.500,155.771,846.944,101.948,-129.721,21.327,20.536,2.172,7.693,1.000,0.000,-0.320,0,0.000,2.408,0.880,""
0.520,156.187,847.359,101.986,-129.568,21.217,20.527,1.975,7.690,1.000,0.000,-0.317,0,0.000,2.405,0.875,""
0.540,156.602,847.775,102.020,-129.415,21.102,20.519,1.778,7.687,1.000,0.000,-0.315,0,0.000,2.399,0.870,""
0.560,156.879,848.189,102.050,-129.261,20.983,20.511,1.581,7.684,1.000,0.000,-0.317,0,0.000,2.389,0.866,""
0.580,157.022,848.604,102.076,-129.108,20.859,20.503,1.384,7.680,1.000,0.000,-0.323,0,0.000,2.377,0.862,""
0.600,157.431,849.017,102.099,-128.954,20.730,20.495,1.187,7.677,1.000,0.000,-0.325,0,0.000,2.361,0.859,""
0.620,157.839,849.431,102.117,-128.800,20.597,20.486,0.991,7.674,1.000,0.000,-0.323,0,0.000,2.342,0.856,""
0.640,158.246,849.844,102.132,-128.645,20.459,20.478,0.794,7.671,1.000,0.000,-0.322,0,0.000,2.320,0.853,""
0.660,158.610,850.257,102.144,-128.491,20.316,20.470,0.598,7.668,1.000,0.000,-0.322,0,0.000,2.296,0.851,""
0.680,158.705,850.670,102.151,-128.336,20.170,20.462,0.402,7.665,1.000,0.000,-0.332,0,0.000,2.269,0.849,""
0.700,159.107,851.082,102.155,-128.181,20.018,20.454,0.205,7.662,1.000,0.000,-0.331,0,0.000,2.240,0.848,""
0.720,159.508,851.493,102.155,-128.026,19.863,20.445,0.009,7.659,1.000,0.000,-0.331,0,0.000,2.208,0.847,""
0.740,159.908,851.905,102.151,-127.871,19.703,20.437,-0.187,7.656,1.000,0.000,-0.337,0,0.000,2.174,0.847,""
0.760,160.306,852.316,102.143,-127.716,19.539,20.429,-0.383,7.653,1.000,0.000,-0.337,0,0.000,2.138,0.847,""
0.780,160.412,852.726,102.132,-127.560,19.372,20.421,-0.579,7.650,1.000,0.000,-0.349,0,0.000,2.100,0.847,""
0.800,160.807,853.136,102.117,-127.404,19.200,20.413,-0.775,7.647,1.000,0.000,-0.349,0,0.000,2.060,0.848,""
0.820,161.200,853.546,102.098,-127.249,19.025,20.405,-0.971,7.644,1.000,0.000,-0.350,0,0.000,2.018,0.850,""
0.840,161.593,853.955,102.075,-127.093,18.846,20.396,-1.166,7.641,1.000,0.000,-0.351,0,0.000,1.974,0.851,""
0.860,161.984,854.364,102.048,-126.937,18.664,20.388,-1.362,7.638,1.000,0.000,-0.362,0,0.000,1.929,0.853,""
0.880,162.149,854.773,102.018,-126.781,18.479,20.380,-1.558,7.635,1.000,0.000,-0.374,0,0.000,1.882,0.856,""
0.900,162.537,855.181,101.984,-126.625,18.290,20.372,-1.753,7.631,1.000,0.000,-0.375,0,0.000,1.834,0.859,""
0.920,162.923,855.589,101.946,-126.469,18.099,20.364,-1.949,7.628,1.000,0.000,-0.376,0,0.000,1.785,0.862,""
0.940,163.309,855.996,101.905,-126.312,17.905,20.356,-2.144,7.625,1.000,0.000,-0.378,0,0.000,1.735,0.865,""
0.960,163.694,856.403,101.859,-126.156,17.708,20.347,-2.339,7.622,1.000,0.000,-0.379,0,0.000,1.683,0.869,""
0.980,163.924,856.810,101.810,-126.000,17.509,20.339,-2.534,7.619,1.000,0.000,-0.389,0,0.000,1.630,0.873,""
1.000,164.305,857.216,101.757,-125.843,17.308,20.331,-2.730,7.616,1.000,0.000,-0.391,0,0.000,1.576,0.877,""
1.020,164.686,857.622,101.700,-125.687,17.106,20.323,-2.925,7.613,1.000,0.000,-0.407,0,0.000,1.522,0.881,""
1.040,165.065,858.028,101.639,-125.530,16.901,20.315,-3.120,7.610,1.000,0.000,-0.409,0,0.000,1.467,0.886,""
1.060,165.444,858.433,101.574,-125.374,16.695,20.307,-3.314,7.607,1.000,0.000,-0.411,0,0.000,1.411,0.890,""
1.080,165.740,858.837,101.506,-125.218,16.488,20.299,-3.509,7.604,1.000,0.000,-0.417,0,0.000,1.354,0.895,""
1.100,166.115,859.241,101.433,-125.061,16.280,20.291,-3.704,7.601,1.000,0.000,-0.419,0,0.000,1.298,0.900,""
1.120,166.490,859.645,101.357,-124.905,16.071,20.282,-3.899,7.598,1.000,0.000,-0.420,0,0.000,1.241,0.905,""
1.140,166.863,860.049,101.277,-124.749,15.861,20.274,-4.093,7.595,1.000,0.000,-0.422,0,0.000,1.183,0.910,""
1.160,167.236,860.452,101.193,-124.592,15.651,20.266,-4.288,7.592,1.000,0.000,-0.442,0,0.000,1.126,0.915,""
1.180,167.606,860.855,101.105,-124.436,15.441,20.258,-4.482,7.589,1.000,0.000,-0.444,0,0.000,1.069,0.920,""
1.200,167.976,861.257,101.013,-124.280,15.230,20.250,-4.676,7.586,1.000,0.000,-0.445,0,0.000,1.013,0.925,""
1.220,168.345,861.659,100.917,-124.124,15.020,20.242,-4.871,7.583,1.000,0.000,-0.446,0,0.000,0.957,0.929,""
1.240,168.713,862.061,100.818,-123.968,14.810,20.234,-5.065,7.580,1.000,0.000,-0.446,0,0.000,0.901,0.934,""
1.260,169.080,862.462,100.714,-123.812,14.601,20.226,-5.259,7.577,1.000,0.000,-0.447,0,0.000,0.847,0.939,""
1.280,169.525,862.864,100.607,-123.656,14.392,20.218,-5.453,7.574,1.000,0.000,-0.465,0,0.000,0.794,0.943,""
1.300,169.890,863.264,100.495,-123.501,14.184,20.210,-5.647,7.571,1.000,0.000,-0.465,0,0.000,0.743,0.948,""
1.320,170.255,863.665,100.380,-123.345,13.976,20.201,-5.841,7.568,1.000,0.000,-0.465,0,0.000,0.694,0.952,""
1.340,170.618,864.065,100.261,-123.190,13.770,20.193,-6.034,7.565,1.000,0.000,-0.465,0,0.000,0.647,0.956,""
1.360,170.980,864.465,100.137,-123.035,13.565,20.185,-6.228,7.562,1.000,0.000,-0.465,0,0.000,0.603,0.960,""
1.380,171.505,864.864,100.010,-122.880,13.362,20.177,-6.422,7.559,1.000,0.000,-0.453,0,0.000,0.564,0.964,""
1.400,171.866,865.263,99.879,-122.725,13.159,20.169,-6.615,7.556,1.000,0.000,-0.452,0,0.000,0.528,0.967,""
1.420,172.226,865.662,99.744,-122.570,12.958,20.161,-6.809,7.552,1.000,0.000,-0.477,0,0.000,0.498,0.970,""
1.440,172.585,866.061,99.605,-122.415,12.759,20.153,-7.002,7.549,1.000,0.000,-0.476,0,0.000,0.474,0.974,""
1.460,172.943,866.459,99.462,-122.261,12.561,20.145,-7.196,7.546,1.000,0.000,-0.474,0,0.000,0.456,0.976,""
1.480,173.543,866.858,99.315,-122.106,12.364,20.137,-7.389,7.543,1.000,0.000,-0.456,0,0.000,0.445,0.979,""
1.500,173.900,867.256,99.165,-121.952,12.169,20.129,-7.582,7.540,1.000,0.000,-0.454,0,0.000,0.442,0.981,""
1.520,174.256,867.653,99.010,-121.798,11.976,20.121,-7.775,7.537,1.000,0.000,-0.451,0,0.000,0.445,0.984,""
1.540,174.611,868.051,98.851,-121.645,11.784,20.113,-7.968,7.534,1.000,0.000,-0.449,0,0.000,0.455,0.986,""
1.560,175.297,868.448,98.689,-121.491,11.593,20.105,-8.161,7.531,1.000,0.000,-0.451,0,0.000,0.471,0.987,""
1.580,175.651,868.846,98.522,-121.338,11.404,20.097,-8.354,7.528,1.000,0.000,-0.448,0,0.000,0.491,0.989,""
1.600,176.005,869.242,98.352,-121.185,11.217,20.089,-8.547,7.525,1.000,0.000,-0.444,0,0.000,0.514,0.990,""
1.620,176.358,869.639,98.177,-121.032,11.030,20.081,-8.739,7.522,1.000,0.000,-0.440,0,0.000,0.541,0.991,""
1.640,176.710,870.036,97.999,-120.879,10.845,20.073,-8.932,7.519,1.000,0.000,-0.436,0,0.000,0.569,0.992,""
1.660,177.481,870.432,97.817,-120.726,10.661,20.065,-9.125,7.516,1.000,0.000,-0.432,0,0.000,0.598,0.993,""
1.680,177.834,870.829,97.630,-120.574,10.478,20.057,-9.317,7.513,1.000,0.000,-0.427,0,0.000,0.628,0.993,""
1.700,178.185,871.225,97.440,-120.422,10.296,20.048,-9.509,7.510,1.000,0.000,-0.422,0,0.000,0.659,0.994,""
1.720,178.535,871.621,97.246,-120.270,10.114,20.040,-9.702,7.507,1.000,0.000,-0.416,0,0.000,0.689,0.994,""
1.740,179.357,872.017,97.048,-120.118,9.933,20.032,-9.894,7.504,1.000,0.000,-0.374,0,0.000,0.718,0.994,""
1.760,179.707,872.413,96.847,-119.967,9.753,20.024,-10.086,7.501,1.000,0.000,-0.367,0,0.000,0.748,0.994,""
1.780,180.056,872.809,96.641,-119.816,9.572,20.016,-10.278,7.498,1.000,0.000,-0.395,0,0.000,0.776,0.993,""
1.800,180.404,873.205,96.431,-119.665,9.392,20.008,-10.470,7.495,1.000,0.000,-0.387,0,0.000,0.803,0.993,""
1.820,181.346,873.600,96.218,-119.514,9.212,20.000,-10.662,7.492,1.000,0.000,-0.331,0,0.000,0.829,0.992,""
1.840,181.696,873.996,96.001,-119.363,9.032,19.992,-10.854,7.489,1.000,0.000,-0.322,0,0.000,0.853,0.992,""
1.860,182.045,874.392,95.780,-119.213,8.852,19.984,-11.046,7.486,1.000,0.000,-0.312,0,0.000,0.877,0.991,""
1.880,182.392,874.787,95.555,-119.063,8.671,19.976,-11.237,7.483,1.000,0.000,-0.302,0,0.000,0.898,0.990,""
1.900,182.739,875.182,95.326,-118.913,8.489,19.968,-11.429,7.480,1.000,0.000,-0.331,0,0.000,0.919,0.989,""
1.920,183.729,875.578,95.093,-118.763,8.306,19.960,-11.621,7.477,1.000,0.000,-0.265,0,0.000,0.938,0.988,""
1.940,184.077,875.973,94.856,-118.613,8.122,19.952,-11.812,7.474,1.000,0.000,-0.253,0,0.000,0.955,0.987,""
1.960,184.423,876.368,94.616,-118.464,7.938,19.944,-12.004,7.471,1.000,0.000,-0.240,0,0.000,0.970,0.986,""
1.980,184.769,876.764,94.372,-118.315,7.751,19.937,-12.195,7.468,1.000,0.000,-0.228,0,0.000,0.984,0.985,""
2.000,185.810,877.159,94.124,-118.165,7.564,19.929,-12.386,7.465,1.000,0.000,-0.195,0,0.000,0.997,0.984,""
2.020,186.157,877.554,93.872,-118.017,7.374,19.921,-12.577,7.462,1.000,0.000,-0.181,0,0.000,1.007,0.983,""
2.040,186.502,877.949,93.616,-117.868,7.183,19.913,-12.768,7.459,1.000,0.000,-0.167,0,0.000,1.016,0.982,""
2.060,186.847,878.344,93.356,-117.719,6.990,19.905,-12.959,7.456,1.000,0.000,-0.153,0,0.000,1.024,0.981,""
2.080,187.884,878.740,93.093,-117.571,6.794,19.897,-13.150,7.453,1.000,0.000,-0.120,0,0.000,1.030,0.980,""
2.100,188.228,879.135,92.826,-117.423,6.596,19.889,-13.341,7.450,1.000,0.000,-0.105,0,0.000,1.034,0.979,""
2.120,188.571,879.530,92.555,-117.274,6.396,19.881,-13.532,7.447,1.000,0.000,-0.091,0,0.000,1.037,0.978,""
2.140,188.913,879.925,92.280,-117.126,6.194,19.873,-13.723,7.444,1.000,0.000,-0.076,0,0.000,1.038,0.977,""
2.160,189.815,880.320,92.002,-116.979,5.989,19.865,-13.913,7.442,1.000,0.000,-0.012,0,0.000,1.038,0.976,""
2.180,190.153,880.715,91.719,-116.831,5.781,19.857,-14.104,7.439,1.000,0.000,0.001,0,0.000,1.036,0.976,""
2.200,190.489,881.110,91.433,-116.683,5.570,19.849,-14.294,7.436,1.000,0.000,0.014,0,0.000,1.033,0.975,""
2.220,190.825,881.506,91.143,-116.536,5.356,19.841,-14.485,7.433,1.000,0.000,0.027,0,0.000,1.029,0.974,""
2.240,191.160,881.901,90.849,-116.389,5.139,19.833,-14.675,7.430,1.000,0.000,-0.005,0,0.000,1.023,0.974,""
2.260,191.493,882.296,90.552,-116.242,4.920,19.825,-14.865,7.427,1.000,0.000,0.011,0,0.000,1.016,0.973,""
2.280,192.371,882.691,90.251,-116.094,4.697,19.817,-15.055,7.424,1.000,0.000,0.077,0,0.000,1.007,0.973,""
2.300,192.699,883.086,89.946,-115.948,4.471,19.809,-15.246,7.421,1.000,0.000,0.093,0,0.000,0.998,0.973,""
2.320,193.026,882.929,89.626,-116.048,0.837,3.280,-15.449,0.139,1.000,0.000,0.108,0,0.000,0.987,0.940,"Mountain trunk:(-0.946, -0.185, -0.266);Mountain trunk:(-0.946, -0.185, -0.266);Mountain trunk:(-0.946, -0.185, -0.266);Mountain trunk:(-0.946, -0.185, -0.266);"
2.340,192.768,882.970,89.302,-116.066,0.485,3.278,-15.639,0.138,1.000,0.000,0.324,0,0.000,5.461,0.910,"Mountain trunk:(-0.892, -0.322, -0.316);Mountain trunk:(-0.892, -0.322, -0.316);"
2.360,192.713,883.013,88.973,-116.083,0.181,3.277,-15.829,0.138,1.000,0.000,0.381,0,0.000,5.497,0.874,"Mountain trunk:(-0.848, -0.403, -0.343);Mountain trunk:(-0.848, -0.403, -0.343);"
2.380,192.661,883.060,88.638,-116.101,-0.071,3.276,-16.019,0.138,1.000,0.000,0.402,0,0.000,5.701,0.832,"Mountain trunk:(-0.799, -0.479, -0.365);Mountain trunk:(-0.799, -0.479, -0.365);"
2.400,192.608,883.099,88.365,-116.115,-3.021,1.850,0.510,-2.424,1.000,0.000,0.406,0,0.000,5.875,0.796,"Mountain trunk:(-0.744, -0.549, -0.381);Mountain trunk:(-0.744, -0.549, -0.381);Ground_Mountain_0_1:(-0.084, 0.985, -0.151);"
2.420,192.567,883.060,88.300,-116.200,-2.875,1.303,0.118,-2.565,1.000,0.000,0.420,1,7.260,5.971,0.791,"Mountain trunk:(-0.697, -0.602, -0.391);Mountain trunk:(-0.697, -0.602, -0.391);Ground_Mountain_0_1:(-0.084, 0.985, -0.151);"
2.440,192.476,883.078,88.289,-116.273,-2.853,1.244,0.077,-2.593,1.000,0.000,0.409,1,5.123,5.298,0.756,"Mountain trunk:(-0.669, -0.609, -0.426);Mountain trunk:(-0.669, -0.609, -0.426);Ground_Mountain_0_1:(-0.084, 0.985, -0.151);"
2.460,192.450,883.098,88.275,-116.346,-2.819,1.200,-0.049,-2.616,1.000,0.000,0.398,1,3.741,5.202,0.720,"Ground_Mountain_0_1:(-0.084, 0.985, -0.151);"
2.480,192.427,883.121,88.260,-116.418,-2.777,1.165,-0.182,-2.638,1.000,0.000,0.388,1,2.946,5.192,0.684,"Ground_Mountain_0_1:(-0.084, 0.985, -0.151);"
2.500,192.404,883.146,88.242,-116.491,-2.725,1.138,-0.313,-2.657,1.000,0.000,0.379,1,2.194,5.169,0.650,"Ground_Mountain_0_1:(-0.084, 0.985, -0.151);"
2.520,192.383,883.173,88.222,-116.563,-2.665,1.119,-0.440,-2.672,1.000,0.000,0.372,1,1.445,5.124,0.617,"Ground_Mountain_0_1:(-0.084, 0.985, -0.151);"
2.540,192.363,883.193,88.208,-116.623,-2.134,0.781,-0.381,-2.326,1.000,0.000,0.366,2,10.871,25.065,0.596,"Ground_Mountain_0_1:(-0.084, 0.985, -0.151);"
2.560,192.346,883.208,88.196,-116.671,-1.612,0.470,-0.393,-1.951,1.000,0.000,0.361,2,7.983,21.673,0.584,"Ground_Mountain_0_1:(-0.084, 0.985, -0.151);Ground_Mountain_0_1:(-0.084, 0.985, -0.151);Ground_Mountain_0_1:(-0.084, 0.985, -0.151);"
2.580,192.331,883.216,88.186,-116.707,-1.099,0.162,-0.456,-1.569,1.000,0.000,0.358,2,6.083,18.882,0.581,"Ground_Mountain_0_1:(-0.083, 0.985, -0.150);"
2.600,192.316,883.218,88.176,-116.734,-0.592,-0.148,-0.550,-1.186,1.000,0.000,0.355,2,4.825,16.476,0.584,"Ground_Mountain_0_1:(-0.083, 0.985, -0.150);"
2.620,192.302,883.214,88.166,-116.751,-0.091,-0.465,-0.656,-0.808,1.000,0.000,0.354,2,4.037,14.359,0.592,"Ground_Mountain_0_1:(-0.083, 0.985, -0.150);"
2.640,192.287,883.207,88.155,-116.762,0.196,-0.622,-0.776,-0.564,1.000,0.000,0.353,2,3.529,12.417,0.606,"Ground_Mountain_0_1:(-0.083, 0.985, -0.150);"
2.660,192.273,883.196,88.143,-116.767,0.479,-0.787,-0.902,-0.330,1.000,0.000,0.355,2,3.264,10.628,0.624,"Ground_Mountain_0_1:(-0.083, 0.985, -0.150);"
2.680,192.259,883.183,88.130,-116.765,0.757,-0.959,-1.031,-0.106,1.000,0.000,0.358,2,3.170,8.930,0.645,"Ground_Mountain_0_1:(-0.083, 0.985, -0.150);"
2.700,192.246,883.166,88.115,-116.759,1.032,-1.138,-1.159,0.105,1.000,0.000,0.362,2,3.216,7.327,0.668,"Ground_Mountain_0_1:(-0.083, 0.985, -0.150);"
2.720,192.231,883.146,88.098,-116.747,1.303,-1.324,-1.286,0.306,1.000,0.000,0.366,2,3.377,5.806,0.694,""
2.740,192.217,883.122,88.079,-116.730,1.570,-1.516,-1.410,0.496,1.000,0.000,0.370,2,3.630,4.353,0.720,""
2.760,192.201,883.095,88.058,-116.709,1.834,-1.712,-1.528,0.676,1.000,0.000,0.375,2,3.959,2.962,0.748,""
2.780,192.185,883.064,88.035,-116.684,2.095,-1.913,-1.640,0.847,1.000,0.000,0.380,2,4.346,1.630,0.775,""
2.800,192.167,883.029,88.010,-116.654,2.352,-2.116,-1.743,1.011,1.000,0.000,0.385,2,4.777,0.447,0.802,""
2.820,192.147,882.990,87.982,-116.620,2.607,-2.322,-1.837,1.169,1.000,0.000,0.391,2,5.240,1.025,0.828,""
2.840,192.126,882.948,87.952,-116.583,2.860,-2.528,-1.920,1.323,1.000,0.000,0.397,2,5.725,2.213,0.853,""
2.860,192.103,882.901,87.921,-116.542,3.110,-2.735,-1.993,1.474,1.000,0.000,0.404,2,6.220,3.402,0.876,""
2.880,192.078,882.851,87.887,-116.497,3.358,-2.940,-2.054,1.623,1.000,0.000,0.410,2,6.719,4.533,0.898,""
2.900,192.051,882.796,87.852,-116.449,3.605,-3.144,-2.104,1.772,1.000,0.000,0.417,2,7.215,5.622,0.918,""
2.920,191.511,882.738,87.815,-116.398,3.849,-3.345,-2.142,1.921,1.000,0.000,0.418,2,7.701,6.624,0.935,""
2.940,191.483,882.676,87.777,-116.344,4.092,-3.543,-2.168,2.072,1.000,0.000,0.423,2,8.173,7.621,0.951,""
2.960,191.453,882.608,87.744,-116.290,4.334,-3.793,-1.857,2.135,1.000,0.000,0.426,4,25.801,8.614,0.963,""
2.980,191.420,882.533,87.717,-116.236,4.575,-4.027,-1.534,2.219,1.000,0.000,0.427,4,26.012,7.823,0.971,""
3.000,191.382,882.454,87.695,-116.182,4.815,-4.247,-1.213,2.320,1.000,0.000,0.427,4,25.647,6.983,0.978,""
3.020,191.342,882.369,87.678,-116.127,5.053,-4.455,-0.905,2.436,1.000,0.000,0.426,4,24.838,6.131,0.982,""
3.040,191.299,882.279,87.667,-116.070,5.290,-4.655,-0.617,2.563,1.000,0.000,0.424,4,23.703,5.307,0.985,""
3.060,191.255,882.185,87.661,-116.012,5.525,-4.847,-0.355,2.699,1.000,0.000,0.422,4,22.340,4.486,0.988,""
3.080,191.208,882.087,87.659,-115.953,5.758,-5.033,-0.123,2.841,1.000,0.000,0.423,4,20.834,3.749,0.989,""
3.100,191.160,881.984,87.661,-115.891,5.991,-5.214,0.079,2.988,1.000,0.000,0.424,4,19.254,3.068,0.990,""
3.120,191.110,881.877,87.666,-115.827,6.221,-5.390,0.249,3.139,1.000,0.000,0.426,4,17.663,2.450,0.991,""
3.140,191.059,881.766,87.674,-115.760,6.450,-5.562,0.389,3.293,1.000,0.000,0.429,4,16.108,1.904,0.991,""
3.160,191.007,881.652,87.686,-115.695,6.632,-5.736,0.633,3.357,1.000,0.000,0.432,4,14.627,1.428,0.990,"Ground_Mountain_0_1:(-0.075, 0.885, -0.460);"
3.180,190.952,881.533,87.701,-115.628,6.843,-5.896,0.747,3.493,1.000,0.000,0.433,4,12.154,0.897,0.989,"Ground_Mountain_0_1:(-0.075, 0.885, -0.460);"
3.200,190.896,881.412,87.717,-115.558,7.059,-6.056,0.828,3.640,1.000,0.000,0.437,4,10.979,0.722,0.988,"Ground_Mountain_0_1:(-0.075, 0.885, -0.460);"
3.220,190.838,881.287,87.734,-115.484,7.275,-6.212,0.891,3.792,1.000,0.000,0.440,4,10.198,0.777,0.987,"Ground_Mountain_0_1:(-0.075, 0.885, -0.460);"
3.240,190.780,881.172,87.792,-115.492,7.111,-6.312,1.465,3.180,1.000,0.000,0.444,4,9.533,0.825,0.975,"Ground_Mountain_0_1:(-0.075, 0.885, -0.460);Ground_Mountain_0_1:(0.013, 0.677, -0.735);"
3.260,190.696,881.179,87.788,-115.542,0.168,-0.975,0.085,-1.098,1.000,0.000,0.417,4,9.447,5.872,0.974,"Mountain trunk:(0.823, -0.091, -0.561);Mountain trunk:(0.823, -0.091, -0.561);"
3.280,190.674,881.164,87.789,-115.567,0.214,-0.938,0.123,-0.939,1.000,0.000,0.369,4,7.887,1.949,0.973,"Mountain trunk:(0.812, -0.090, -0.576);Mountain trunk:(0.812, -0.090, -0.576);"
3.300,190.649,881.145,87.792,-115.585,0.205,-0.870,0.146,-0.843,1.000,0.000,0.367,4,7.348,1.809,0.972,"Mountain trunk:(0.805, -0.088, -0.587);Mountain trunk:(0.805, -0.088, -0.587);Mountain trunk:(0.805, -0.088, -0.587);"
3.320,190.624,881.128,87.795,-115.601,0.186,-0.795,0.155,-0.756,1.000,0.000,0.366,4,6.859,1.639,0.972,"Mountain trunk:(0.798, -0.086, -0.596);Mountain trunk:(0.798, -0.086, -0.596);Mountain trunk:(0.798, -0.086, -0.596);"
3.340,190.603,881.112,87.798,-115.614,0.171,-0.730,0.153,-0.681,1.000,0.000,0.364,4,6.505,1.467,0.972,"Mountain trunk:(0.792, -0.084, -0.604);Mountain trunk:(0.792, -0.084, -0.604);Mountain trunk:(0.792, -0.084, -0.604);"
3.360,190.583,881.098,87.801,-115.626,0.157,-0.673,0.143,-0.617,1.000,0.000,0.362,4,6.246,1.322,0.972,"Mountain trunk:(0.787, -0.083, -0.611);Mountain trunk:(0.787, -0.083, -0.611);Mountain trunk:(0.787, -0.083, -0.611);"
3.380,190.566,881.084,87.803,-115.636,0.143,-0.622,0.128,-0.564,1.000,0.000,0.361,4,6.061,1.209,0.972,"Mountain trunk:(0.787, -0.083, -0.611);Mountain trunk:(0.787, -0.083, -0.611);Mountain trunk:(0.787, -0.083, -0.611);"
3.400,190.550,881.072,87.806,-115.646,0.131,-0.578,0.110,-0.517,1.000,0.000,0.359,4,5.938,1.127,0.973,"Mountain trunk:(0.778, -0.081, -0.623);Mountain trunk:(0.778, -0.081, -0.623);Mountain trunk:(0.778, -0.081, -0.623);"
3.420,190.535,881.061,87.808,-115.655,0.125,-0.543,0.091,-0.473,1.000,0.000,0.357,4,5.865,1.068,0.973,"Mountain trunk:(0.778, -0.081, -0.623);Mountain trunk:(0.778, -0.081, -0.623);Mountain trunk:(0.778, -0.081, -0.623);"
3.440,190.522,881.051,87.809,-115.663,0.117,-0.508,0.070,-0.434,1.000,0.000,0.355,4,5.834,1.026,0.973,"Mountain trunk:(0.770, -0.079, -0.633);Mountain trunk:(0.770, -0.079, -0.633);Mountain trunk:(0.770, -0.079, -0.633);"
3.460,190.510,881.041,87.810,-115.670,0.116,-0.480,0.043,-0.394,1.000,0.000,0.353,4,5.843,0.997,0.974,"Mountain trunk:(0.770, -0.079, -0.633);Mountain trunk:(0.770, -0.079, -0.633);"
3.480,190.498,881.032,87.811,-115.677,0.102,-0.458,0.029,-0.383,1.000,0.000,0.351,4,5.953,1.043,0.974,"Mountain trunk:(0.762, -0.078, -0.642);Mountain trunk:(0.762, -0.078, -0.642);Mountain trunk:(0.762, -0.078, -0.642);"
3.500,190.487,881.023,87.811,-115.684,0.099,-0.435,0.012,-0.355,1.000,0.000,0.349,4,5.922,0.933,0.974,"Mountain trunk:(0.762, -0.078, -0.642);Mountain trunk:(0.762, -0.078, -0.642);Mountain trunk:(0.762, -0.078, -0.642);"
3.520,190.477,881.015,87.811,-115.690,0.097,-0.422,-0.003,-0.337,1.000,0.000,0.346,4,5.974,0.910,0.975,"Mountain trunk:(0.756, -0.079, -0.650);Mountain trunk:(0.756, -0.079, -0.650);Mountain trunk:(0.756, -0.079, -0.650);"
3.540,190.466,881.007,87.811,-115.696,0.093,-0.404,-0.017,-0.318,1.000,0.000,0.344,4,6.021,0.881,0.975,"Mountain trunk:(0.756, -0.079, -0.650);Mountain trunk:(0.756, -0.079, -0.650);"
3.560,190.457,880.999,87.810,-115.702,0.089,-0.393,-0.030,-0.306,1.000,0.000,0.342,4,6.080,0.856,0.975,"Mountain trunk:(0.750, -0.079, -0.656);Mountain trunk:(0.750, -0.079, -0.656);Mountain trunk:(0.750, -0.079, -0.656);"
3.580,190.447,880.992,87.810,-115.708,0.086,-0.381,-0.040,-0.294,1.000,0.000,0.340,4,6.133,0.833,0.975,"Mountain trunk:(0.750, -0.079, -0.656);Mountain trunk:(0.750, -0.079, -0.656);"
3.600,190.438,880.984,87.809,-115.713,0.085,-0.370,-0.049,-0.279,1.000,0.000,0.338,4,6.189,0.811,0.975,"Mountain trunk:(0.750, -0.079, -0.656);Mountain trunk:(0.750, -0.079, -0.656);"
3.620,190.429,880.977,87.808,-115.718,0.083,-0.364,-0.056,-0.272,1.000,0.000,0.335,4,6.243,0.790,0.975,"Mountain trunk:(0.742, -0.081, -0.666);Mountain trunk:(0.742, -0.081, -0.666);Mountain trunk:(0.742, -0.081, -0.666);"
3.640,190.420,880.970,87.807,-115.724,0.082,-0.358,-0.062,-0.263,1.000,0.000,0.333,4,6.289,0.776,0.976,"Mountain trunk:(0.742, -0.081, -0.666);Mountain trunk:(0.742, -0.081, -0.666);"
3.660,190.411,880.963,87.805,-115.728,0.082,-0.349,-0.091,-0.246,1.000,0.000,0.331,4,6.334,0.765,0.976,"Mountain trunk:(0.742, -0.081, -0.666);Mountain trunk:(0.742, -0.081, -0.666);"
3.680,190.403,880.957,87.803,-115.733,0.079,-0.345,-0.092,-0.244,1.000,0.000,0.329,4,6.616,0.962,0.976,"Mountain trunk:(0.734, -0.083, -0.674);Mountain trunk:(0.734, -0.083, -0.674);Mountain trunk:(0.734, -0.083, -0.674);"
3.700,190.394,880.950,87.801,-115.737,0.082,-0.337,-0.115,-0.226,1.000,0.000,0.327,4,6.659,0.889,0.976,"Mountain trunk:(0.734, -0.083, -0.674);Mountain trunk:(0.734, -0.083, -0.674);"
3.720,190.386,880.943,87.798,-115.740,0.084,-0.330,-0.133,-0.212,1.000,0.000,0.325,4,6.931,1.052,0.977,"Mountain trunk:(0.734, -0.083, -0.674);Mountain trunk:(0.734, -0.083, -0.674);"
3.740,190.378,880.937,87.796,-115.744,0.078,-0.330,-0.126,-0.218,1.000,0.000,0.323,4,7.195,1.164,0.977,"Mountain trunk:(0.726, -0.083, -0.683);Mountain trunk:(0.726, -0.083, -0.683);Mountain trunk:(0.726, -0.083, -0.683);"
3.760,190.370,880.931,87.793,-115.748,0.081,-0.324,-0.139,-0.204,1.000,0.000,0.321,4,7.209,1.015,0.977,"Mountain trunk:(0.726, -0.083, -0.683);"
3.780,190.363,880.924,87.790,-115.751,0.082,-0.319,-0.149,-0.194,1.000,0.000,0.319,4,7.434,1.132,0.978,"Mountain trunk:(0.726, -0.083, -0.683);"
3.800,190.355,880.918,87.788,-115.755,0.077,-0.322,-0.135,-0.205,1.000,0.000,0.317,4,7.644,1.214,0.978,"Mountain trunk:(0.718, -0.083, -0.691);Mountain trunk:(0.718, -0.083, -0.691);Mountain trunk:(0.718, -0.083, -0.691);"
3.820,190.348,880.912,87.785,-115.758,0.079,-0.318,-0.140,-0.195,1.000,0.000,0.315,4,7.609,1.048,0.978,"Mountain trunk:(0.718, -0.083, -0.691);"
3.840,190.340,880.906,87.782,-115.762,0.079,-0.315,-0.144,-0.189,1.000,0.000,0.312,4,7.772,1.146,0.979,"Mountain trunk:(0.718, -0.083, -0.691);"
3.860,190.333,880.900,87.780,-115.765,0.073,-0.319,-0.124,-0.203,1.000,0.000,0.310,4,7.923,1.215,0.979,"Mountain trunk:(0.710, -0.084, -0.699);Mountain trunk:(0.710, -0.084, -0.699);Mountain trunk:(0.710, -0.084, -0.699);"
3.880,190.325,880.894,87.777,-115.769,0.074,-0.315,-0.125,-0.196,1.000,0.000,0.308,4,7.822,1.036,0.979,"Mountain trunk:(0.710, -0.084, -0.699);"
3.900,190.318,880.887,87.775,-115.773,0.075,-0.314,-0.126,-0.191,1.000,0.000,0.306,4,7.927,1.128,0.979,"Mountain trunk:(0.710, -0.084, -0.699);"
3.920,190.310,880.881,87.773,-115.776,0.071,-0.319,-0.102,-0.202,1.000,0.000,0.304,4,8.023,1.192,0.979,"Mountain trunk:(0.702, -0.085, -0.707);Mountain trunk:(0.702, -0.085, -0.707);Mountain trunk:(0.702, -0.085, -0.707);"
3.940,190.303,880.875,87.771,-115.780,0.071,-0.320,-0.084,-0.204,1.000,0.000,0.301,4,7.870,1.016,0.979,"Mountain trunk:(0.702, -0.085, -0.707);Mountain trunk:(0.702, -0.085, -0.707);"
3.960,190.295,880.869,87.770,-115.785,0.069,-0.319,-0.074,-0.205,1.000,0.000,0.299,4,7.750,0.945,0.979,"Mountain trunk:(0.702, -0.085, -0.707);Mountain trunk:(0.702, -0.085, -0.707);"
3.980,190.287,880.862,87.769,-115.789,0.068,-0.319,-0.067,-0.206,1.000,0.000,0.297,4,7.690,0.963,0.979,"Mountain trunk:(0.695, -0.087, -0.714);Mountain trunk:(0.695, -0.087, -0.714);Mountain trunk:(0.695, -0.087, -0.714);"
4.000,190.280,880.856,87.767,-115.793,0.068,-0.319,-0.060,-0.205,1.000,0.000,0.295,4,7.634,0.971,0.979,"Mountain trunk:(0.695, -0.087, -0.714);Mountain trunk:(0.695, -0.087, -0.714);"
4.020,190.272,880.850,87.766,-115.797,0.070,-0.320,-0.055,-0.202,1.000,0.000,0.293,4,7.583,0.979,0.979,"Mountain trunk:(0.695, -0.087, -0.714);Mountain trunk:(0.695, -0.087, -0.714);"
4.040,190.265,880.843,87.765,-115.801,0.068,-0.319,-0.051,-0.202,1.000,0.000,0.291,4,7.535,0.988,0.980,"Mountain trunk:(0.688, -0.089, -0.720);Mountain trunk:(0.688, -0.089, -0.720);Mountain trunk:(0.688, -0.089, -0.720);"
4.060,190.257,880.837,87.764,-115.805,0.067,-0.319,-0.049,-0.202,1.000,0.000,0.289,4,7.492,0.995,0.980,"Mountain trunk:(0.688, -0.089, -0.720);Mountain trunk:(0.688, -0.089, -0.720);"
4.080,190.250,880.831,87.763,-115.809,0.067,-0.318,-0.047,-0.200,1.000,0.000,0.287,4,7.453,1.002,0.980,"Mountain trunk:(0.688, -0.089, -0.720);Mountain trunk:(0.688, -0.089, -0.720);"
4.100,190.242,880.824,87.762,-115.812,0.068,-0.319,-0.045,-0.198,1.000,0.000,0.285,4,7.418,1.007,0.980,"Mountain trunk:(0.681, -0.090, -0.727);Mountain trunk:(0.681, -0.090, -0.727);Mountain trunk:(0.681, -0.090, -0.727);"
4.120,190.235,880.818,87.762,-115.816,0.067,-0.318,-0.045,-0.197,1.000,0.000,0.283,4,7.387,1.011,0.980,"Mountain trunk:(0.681, -0.090, -0.727);Mountain trunk:(0.681, -0.090, -0.727);"
4.140,190.227,880.812,87.761,-115.820,0.068,-0.319,-0.044,-0.195,1.000,0.000,0.282,4,7.361,1.014,0.980,"Mountain trunk:(0.681, -0.090, -0.727);Mountain trunk:(0.681, -0.090, -0.727);"
4.160,190.220,880.805,87.760,-115.824,0.066,-0.318,-0.044,-0.195,1.000,0.000,0.280,4,7.338,1.016,0.980,"Mountain trunk:(0.674, -0.092, -0.733);Mountain trunk:(0.674, -0.092, -0.733);Mountain trunk:(0.674, -0.092, -0.733);"
4.180,190.212,880.799,87.759,-115.828,0.067,-0.318,-0.044,-0.193,1.000,0.000,0.278,4,7.316,1.520,0.980,"Mountain trunk:(0.674, -0.092, -0.733);Mountain trunk:(0.674, -0.092, -0.733);"
4.200,190.205,880.792,87.758,-115.832,0.069,-0.320,-0.045,-0.189,1.000,0.000,0.276,4,7.293,1.480,0.980,"Mountain trunk:(0.674, -0.092, -0.733);Mountain trunk:(0.674, -0.092, -0.733);"
4.220,190.197,880.786,87.757,-115.836,0.068,-0.319,-0.046,-0.189,1.000,0.000,0.275,4,7.274,1.453,0.980,"Mountain trunk:(0.666, -0.093, -0.740);Mountain trunk:(0.666, -0.093, -0.740);Mountain trunk:(0.666, -0.093, -0.740);"
4.240,190.190,880.779,87.756,-115.839,0.067,-0.320,-0.047,-0.189,1.000,0.000,0.273,4,7.258,1.436,0.979,"Mountain trunk:(0.666, -0.093, -0.740);Mountain trunk:(0.666, -0.093, -0.740);"
4.260,190.182,880.772,87.755,-115.843,0.067,-0.321,-0.048,-0.188,1.000,0.000,0.272,4,7.239,1.430,0.979,"Mountain trunk:(0.666, -0.093, -0.740);Mountain trunk:(0.666, -0.093, -0.740);"
4.280,190.174,880.766,87.754,-115.847,0.068,-0.321,-0.052,-0.184,1.000,0.000,0.270,4,7.238,0.373,0.979,"Mountain trunk:(0.659, -0.094, -0.746);Mountain trunk:(0.659, -0.094, -0.746);Mountain trunk:(0.659, -0.094, -0.746);"
4.300,190.167,880.759,87.753,-115.850,0.067,-0.320,-0.055,-0.183,1.000,0.000,0.269,4,7.275,0.319,0.979,"Mountain trunk:(0.659, -0.094, -0.746);Mountain trunk:(0.659, -0.094, -0.746);"
4.320,190.159,880.753,87.752,-115.854,0.067,-0.319,-0.059,-0.180,1.000,0.000,0.267,4,7.311,0.283,0.980,"Mountain trunk:(0.659, -0.094, -0.746);Mountain trunk:(0.659, -0.094, -0.746);"
4.340,190.152,880.747,87.751,-115.857,0.068,-0.321,-0.061,-0.177,1.000,0.000,0.265,4,7.350,0.265,0.980,"Mountain trunk:(0.652, -0.095, -0.753);Mountain trunk:(0.652, -0.095, -0.753);Mountain trunk:(0.652, -0.095, -0.753);"
4.360,190.145,880.740,87.749,-115.861,0.067,-0.320,-0.063,-0.177,1.000,0.000,0.263,4,7.388,0.261,0.980,"Mountain trunk:(0.652, -0.095, -0.753);Mountain trunk:(0.652, -0.095, -0.753);Mountain trunk:(0.652, -0.095, -0.753);"
4.380,190.137,880.734,87.748,-115.864,0.067,-0.320,-0.064,-0.175,1.000,0.000,0.261,4,7.418,0.265,0.980,"Mountain trunk:(0.652, -0.095, -0.753);Mountain trunk:(0.652, -0.095, -0.753);"
4.400,190.130,880.727,87.747,-115.867,0.066,-0.320,-0.065,-0.175,1.000,0.000,0.260,4,7.451,0.270,0.980,"Mountain trunk:(0.644, -0.096, -0.759);Mountain trunk:(0.644, -0.096, -0.759);Mountain trunk:(0.644, -0.096, -0.759);"
4.420,190.123,880.721,87.746,-115.871,0.066,-0.320,-0.065,-0.173,1.000,0.000,0.258,4,7.474,0.276,0.980,"Mountain trunk:(0.644, -0.096, -0.759);Mountain trunk:(0.644, -0.096, -0.759);"
4.440,190.116,880.715,87.744,-115.874,0.066,-0.320,-0.065,-0.171,1.000,0.000,0.256,4,7.495,0.285,0.980,"Mountain trunk:(0.644, -0.096, -0.759);Mountain trunk:(0.644, -0.096, -0.759);"
4.460,190.108,880.708,87.743,-115.877,0.067,-0.321,-0.064,-0.170,1.000,0.000,0.254,4,7.515,0.294,0.980,"Mountain trunk:(0.637, -0.097, -0.765);Mountain trunk:(0.637, -0.097, -0.765);Mountain trunk:(0.637, -0.097, -0.765);"
4.480,190.101,880.702,87.742,-115.881,0.066,-0.320,-0.062,-0.169,1.000,0.000,0.252,4,7.529,0.294,0.980,"Mountain trunk:(0.637, -0.097, -0.765);Mountain trunk:(0.637, -0.097, -0.765);"
4.500,190.094,880.696,87.741,-115.884,0.067,-0.321,-0.061,-0.167,1.000,0.000,0.250,4,7.536,0.303,0.980,"Mountain trunk:(0.637, -0.097, -0.765);Mountain trunk:(0.637, -0.097, -0.765);"
4.520,190.087,880.689,87.740,-115.887,0.066,-0.321,-0.060,-0.168,1.000,0.000,0.248,4,7.546,0.307,0.980,"Mountain trunk:(0.629, -0.098, -0.771);Mountain trunk:(0.629, -0.098, -0.771);Mountain trunk:(0.629, -0.098, -0.771);"
4.540,190.080,880.683,87.738,-115.890,0.067,-0.322,-0.058,-0.166,1.000,0.000,0.246,4,7.545,0.304,0.980,"Mountain trunk:(0.629, -0.098, -0.771);Mountain trunk:(0.629, -0.098, -0.771);"
4.560,190.072,880.677,87.737,-115.894,0.067,-0.322,-0.056,-0.165,1.000,0.000,0.244,4,7.546,0.308,0.980,"Mountain trunk:(0.629, -0.098, -0.771);Mountain trunk:(0.629, -0.098, -0.771);"
4.580,190.065,880.670,87.736,-115.897,0.065,-0.322,-0.054,-0.165,1.000,0.000,0.242,4,7.546,0.310,0.980,"Mountain trunk:(0.622, -0.099, -0.777);Mountain trunk:(0.622, -0.099, -0.777);Mountain trunk:(0.622, -0.099, -0.777);"
4.600,190.058,880.664,87.735,-115.900,0.066,-0.322,-0.053,-0.164,1.000,0.000,0.240,4,7.539,0.310,0.980,"Mountain trunk:(0.622, -0.099, -0.777);Mountain trunk:(0.622, -0.099, -0.777);"
4.620,190.051,880.657,87.734,-115.903,0.065,-0.322,-0.051,-0.163,1.000,0.000,0.238,4,7.531,0.312,0.980,"Mountain trunk:(0.622, -0.099, -0.777);Mountain trunk:(0.622, -0.099, -0.777);"
4.640,190.044,880.651,87.733,-115.907,0.067,-0.323,-0.049,-0.161,1.000,0.000,0.236,4,7.523,0.313,0.980,"Mountain trunk:(0.614, -0.101, -0.783);Mountain trunk:(0.614, -0.101, -0.783);Mountain trunk:(0.614, -0.101, -0.783);"
4.660,190.037,880.644,87.732,-115.910,0.065,-0.322,-0.048,-0.161,1.000,0.000,0.234,4,7.515,0.308,0.980,"Mountain trunk:(0.614, -0.101, -0.783);Mountain trunk:(0.614, -0.101, -0.783);"
4.680,190.029,880.638,87.731,-115.913,0.065,-0.323,-0.048,-0.159,1.000,0.000,0.232,4,7.509,0.308,0.980,"Mountain trunk:(0.614, -0.101, -0.783);Mountain trunk:(0.614, -0.101, -0.783);"
4.700,190.022,880.631,87.730,-115.916,0.064,-0.322,-0.047,-0.159,1.000,0.000,0.230,4,7.503,0.307,0.981,"Mountain trunk:(0.607, -0.102, -0.788);Mountain trunk:(0.607, -0.102, -0.788);Mountain trunk:(0.607, -0.102, -0.788);"
4.720,190.015,880.625,87.729,-115.919,0.064,-0.322,-0.047,-0.157,1.000,0.000,0.228,4,7.504,0.300,0.981,"Mountain trunk:(0.607, -0.102, -0.788);Mountain trunk:(0.607, -0.102, -0.788);"
4.740,190.008,880.619,87.728,-115.922,0.064,-0.323,-0.046,-0.156,1.000,0.000,0.226,4,7.500,0.300,0.981,"Mountain trunk:(0.607, -0.102, -0.788);Mountain trunk:(0.607, -0.102, -0.788);"
4.760,190.001,880.612,87.728,-115.925,0.064,-0.323,-0.047,-0.155,1.000,0.000,0.225,4,7.497,0.300,0.981,"Mountain trunk:(0.599, -0.104, -0.794);Mountain trunk:(0.599, -0.104, -0.794);Mountain trunk:(0.599, -0.104, -0.794);"
4.780,189.994,880.606,87.727,-115.928,0.064,-0.323,-0.046,-0.154,1.000,0.000,0.223,4,7.499,0.294,0.981,"Mountain trunk:(0.599, -0.104, -0.794);Mountain trunk:(0.599, -0.104, -0.794);"
4.800,189.987,880.599,87.726,-115.931,0.064,-0.323,-0.046,-0.153,1.000,0.000,0.221,4,7.498,0.295,0.981,"Mountain trunk:(0.599, -0.104, -0.794);Mountain trunk:(0.599, -0.104, -0.794);"
4.820,189.980,880.593,87.725,-115.934,0.064,-0.323,-0.046,-0.151,1.000,0.000,0.219,4,7.497,0.295,0.981,"Mountain trunk:(0.592, -0.105, -0.799);Mountain trunk:(0.592, -0.105, -0.799);Mountain trunk:(0.592, -0.105, -0.799);"
4.840,189.972,880.586,87.724,-115.937,0.065,-0.323,-0.046,-0.150,1.000,0.000,0.217,4,7.502,0.290,0.981,"Mountain trunk:(0.592, -0.105, -0.799);Mountain trunk:(0.592, -0.105, -0.799);"
4.860,189.965,880.580,87.723,-115.940,0.065,-0.323,-0.046,-0.148,1.000,0.000,0.215,4,7.502,0.292,0.981,"Mountain trunk:(0.592, -0.105, -0.799);Mountain trunk:(0.592, -0.105, -0.799);"
4.880,189.958,880.573,87.722,-115.943,0.064,-0.323,-0.047,-0.148,1.000,0.000,0.213,4,7.502,0.293,0.981,"Mountain trunk:(0.584, -0.107, -0.805);Mountain trunk:(0.584, -0.107, -0.805);Mountain trunk:(0.584, -0.107, -0.805);"
4.900,189.951,880.567,87.721,-115.946,0.064,-0.323,-0.046,-0.146,1.000,0.000,0.212,4,7.508,0.288,0.981,"Mountain trunk:(0.584, -0.107, -0.805);Mountain trunk:(0.584, -0.107, -0.805);"
4.920,189.944,880.560,87.720,-115.949,0.064,-0.323,-0.046,-0.145,1.000,0.000,0.210,4,7.509,0.289,0.981,"Mountain trunk:(0.584, -0.107, -0.805);Mountain trunk:(0.584, -0.107, -0.805);"
4.940,189.937,880.554,87.719,-115.952,0.064,-0.324,-0.047,-0.143,1.000,0.000,0.208,4,7.511,0.291,0.981,"Mountain trunk:(0.577, -0.108, -0.810);Mountain trunk:(0.577, -0.108, -0.810);Mountain trunk:(0.577, -0.108, -0.810);"
4.960,189.930,880.547,87.718,-115.955,0.065,-0.324,-0.046,-0.142,1.000,0.000,0.206,4,7.518,0.286,0.981,"Mountain trunk:(0.577, -0.108, -0.810);Mountain trunk:(0.577, -0.108, -0.810);"
4.980,189.923,880.541,87.717,-115.958,0.065,-0.324,-0.046,-0.141,1.000,0.000,0.204,4,7.519,0.288,0.981,"Mountain trunk:(0.577, -0.108, -0.810);Mountain trunk:(0.577, -0.108, -0.810);"
5.000,189.916,880.534,87.716,-115.960,0.064,-0.324,-0.047,-0.140,1.000,0.000,0.202,4,7.521,0.289,0.981,"Mountain trunk:(0.569, -0.109, -0.815);Mountain trunk:(0.569, -0.109, -0.815);Mountain trunk:(0.569, -0.109, -0.815);"
5.020,189.909,880.528,87.715,-115.963,0.065,-0.324,-0.046,-0.138,1.000,0.000,0.200,4,7.528,0.284,0.981,"Mountain trunk:(0.569, -0.109, -0.815);Mountain trunk:(0.569, -0.109, -0.815);"
5.040,189.902,880.521,87.715,-115.966,0.065,-0.325,-0.046,-0.137,1.000,0.000,0.199,4,7.528,0.286,0.981,"Mountain trunk:(0.569, -0.109, -0.815);Mountain trunk:(0.569, -0.109, -0.815);"
5.060,189.895,880.515,87.714,-115.969,0.065,-0.325,-0.046,-0.136,1.000,0.000,0.197,4,7.531,0.287,0.981,"Mountain trunk:(0.561, -0.111, -0.820);Mountain trunk:(0.561, -0.111, -0.820);Mountain trunk:(0.561, -0.111, -0.820);"
5.080,189.888,880.508,87.713,-115.971,0.065,-0.325,-0.046,-0.134,1.000,0.000,0.195,4,7.537,0.282,0.981,"Mountain trunk:(0.561, -0.111, -0.820);Mountain trunk:(0.561, -0.111, -0.820);"
5.100,189.882,880.502,87.712,-115.974,0.064,-0.325,-0.046,-0.135,1.000,0.000,0.193,4,7.539,0.284,0.981,"Mountain trunk:(0.561, -0.111, -0.820);Mountain trunk:(0.561, -0.111, -0.820);"
5.120,189.875,880.495,87.711,-115.977,0.064,-0.325,-0.046,-0.133,1.000,0.000,0.191,4,7.541,0.285,0.981,"Mountain trunk:(0.554, -0.112, -0.825);Mountain trunk:(0.554, -0.112, -0.825);Mountain trunk:(0.554, -0.112, -0.825);"
5.140,189.868,880.489,87.710,-115.979,0.065,-0.325,-0.045,-0.131,1.000,0.000,0.189,4,7.547,0.281,0.981,"Mountain trunk:(0.554, -0.112, -0.825);Mountain trunk:(0.554, -0.112, -0.825);"
5.160,189.861,880.482,87.709,-115.982,0.063,-0.325,-0.045,-0.131,1.000,0.000,0.187,4,7.547,0.282,0.981,"Mountain trunk:(0.554, -0.112, -0.825);Mountain trunk:(0.554, -0.112, -0.825);"
5.180,189.854,880.476,87.708,-115.984,0.065,-0.325,-0.045,-0.128,1.000,0.000,0.186,4,7.549,0.284,0.981,"Mountain trunk:(0.546, -0.114, -0.830);Mountain trunk:(0.546, -0.114, -0.830);Mountain trunk:(0.546, -0.114, -0.830);"
5.200,189.847,880.469,87.707,-115.987,0.064,-0.325,-0.045,-0.128,1.000,0.000,0.184,4,7.555,0.279,0.981,"Mountain trunk:(0.546, -0.114, -0.830);Mountain trunk:(0.546, -0.114, -0.830);"
5.220,189.840,880.463,87.706,-115.989,0.063,-0.325,-0.045,-0.128,1.000,0.000,0.182,4,7.556,0.281,0.981,"Mountain trunk:(0.546, -0.114, -0.830);Mountain trunk:(0.546, -0.114, -0.830);"
5.240,189.833,880.456,87.705,-115.992,0.063,-0.325,-0.045,-0.127,1.000,0.000,0.180,4,7.557,0.282,0.981,"Mountain trunk:(0.538, -0.115, -0.835);Mountain trunk:(0.538, -0.115, -0.835);Mountain trunk:(0.538, -0.115, -0.835);"
5.260,189.826,880.450,87.705,-115.995,0.063,-0.325,-0.045,-0.125,1.000,0.000,0.178,4,7.563,0.277,0.981,"Mountain trunk:(0.538, -0.115, -0.835);Mountain trunk:(0.538, -0.115, -0.835);"
5.280,189.820,880.443,87.704,-115.997,0.063,-0.325,-0.044,-0.124,1.000,0.000,0.176,4,7.563,0.279,0.981,"Mountain trunk:(0.538, -0.115, -0.835);Mountain trunk:(0.538, -0.115, -0.835);"
5.300,189.813,880.437,87.703,-115.999,0.063,-0.325,-0.045,-0.123,1.000,0.000,0.174,4,7.565,0.281,0.981,"Mountain trunk:(0.531, -0.116, -0.840);Mountain trunk:(0.531, -0.116, -0.840);Mountain trunk:(0.531, -0.116, -0.840);"
5.320,189.806,880.430,87.702,-116.002,0.064,-0.326,-0.044,-0.121,1.000,0.000,0.172,4,7.571,0.276,0.981,"Mountain trunk:(0.531, -0.116, -0.840);Mountain trunk:(0.531, -0.116, -0.840);"
5.340,189.799,880.424,87.701,-116.004,0.063,-0.325,-0.044,-0.121,1.000,0.000,0.171,4,7.572,0.278,0.981,"Mountain trunk:(0.531, -0.116, -0.840);Mountain trunk:(0.531, -0.116, -0.840);"
5.360,189.792,880.417,87.700,-116.007,0.063,-0.325,-0.044,-0.120,1.000,0.000,0.169,4,7.574,0.279,0.981,"Mountain trunk:(0.523, -0.118, -0.844);Mountain trunk:(0.523, -0.118, -0.844);Mountain trunk:(0.523, -0.118, -0.844);"
5.380,189.786,880.411,87.699,-116.009,0.063,-0.325,-0.044,-0.119,1.000,0.000,0.167,4,7.580,0.275,0.981,"Mountain trunk:(0.523, -0.118, -0.844);Mountain trunk:(0.523, -0.118, -0.844);"
5.400,189.779,880.404,87.698,-116.011,0.063,-0.325,-0.043,-0.118,1.000,0.000,0.165,4,7.581,0.276,0.981,"Mountain trunk:(0.523, -0.118, -0.844);Mountain trunk:(0.523, -0.118, -0.844);"
5.420,189.772,880.398,87.697,-116.014,0.063,-0.326,-0.043,-0.116,1.000,0.000,0.163,4,7.582,0.289,0.981,"Mountain trunk:(0.515, -0.119, -0.849);Mountain trunk:(0.515, -0.119, -0.849);Mountain trunk:(0.515, -0.119, -0.849);"
5.440,189.765,880.391,87.697,-116.016,0.063,-0.325,-0.043,-0.115,1.000,0.000,0.161,4,7.587,0.283,0.981,"Mountain trunk:(0.515, -0.119, -0.849);Mountain trunk:(0.515, -0.119, -0.849);"
5.460,189.759,880.385,87.696,-116.018,0.062,-0.325,-0.043,-0.114,1.000,0.000,0.159,4,7.588,0.285,0.981,"Mountain trunk:(0.515, -0.119, -0.849);Mountain trunk:(0.515, -0.119, -0.849);"
5.480,189.286,880.378,87.695,-116.021,0.062,-0.325,-0.043,-0.113,1.000,0.000,0.141,4,7.589,0.286,0.981,"Mountain trunk:(0.508, -0.120, -0.853);Mountain trunk:(0.508, -0.120, -0.853);Mountain trunk:(0.508, -0.120, -0.853);"
5.500,189.279,880.371,87.694,-116.023,0.063,-0.326,-0.043,-0.112,1.000,0.000,0.140,4,7.594,0.281,0.981,"Mountain trunk:(0.508, -0.120, -0.853);Mountain trunk:(0.508, -0.120, -0.853);"
5.520,189.273,880.365,87.693,-116.025,0.062,-0.325,-0.042,-0.111,1.000,0.000,0.138,4,7.596,0.283,0.981,"Mountain trunk:(0.508, -0.120, -0.853);Mountain trunk:(0.508, -0.120, -0.853);"
5.540,189.266,880.358,87.692,-116.027,0.062,-0.325,-0.043,-0.110,1.000,0.000,0.136,4,7.598,0.284,0.981,"Mountain trunk:(0.500, -0.122, -0.858);Mountain trunk:(0.500, -0.122, -0.858);Mountain trunk:(0.500, -0.122, -0.858);"
5.560,189.259,880.352,87.692,-116.029,0.063,-0.326,-0.042,-0.108,1.000,0.000,0.134,4,7.604,0.280,0.981,"Mountain trunk:(0.500, -0.122, -0.858);Mountain trunk:(0.500, -0.122, -0.858);"
5.580,189.253,880.345,87.691,-116.032,0.062,-0.326,-0.042,-0.107,1.000,0.000,0.132,4,7.605,0.282,0.981,"Mountain trunk:(0.500, -0.122, -0.858);Mountain trunk:(0.500, -0.122, -0.858);"
5.600,189.246,880.339,87.690,-116.034,0.063,-0.326,-0.042,-0.106,1.000,0.000,0.130,4,7.607,0.284,0.981,"Mountain trunk:(0.492, -0.123, -0.862);Mountain trunk:(0.492, -0.123, -0.862);Mountain trunk:(0.492, -0.123, -0.862);"
5.620,189.239,880.332,87.689,-116.036,0.062,-0.326,-0.042,-0.105,1.000,0.000,0.128,4,7.613,0.279,0.981,"Mountain trunk:(0.492, -0.123, -0.862);Mountain trunk:(0.492, -0.123, -0.862);"
5.640,189.233,880.326,87.688,-116.038,0.062,-0.325,-0.042,-0.104,1.000,0.000,0.126,4,7.615,0.282,0.981,"Mountain trunk:(0.492, -0.123, -0.862);Mountain trunk:(0.492, -0.123, -0.862);"
5.660,189.226,880.319,87.687,-116.040,0.062,-0.325,-0.042,-0.103,1.000,0.000,0.125,4,7.617,0.284,0.981,"Mountain trunk:(0.484, -0.124, -0.866);Mountain trunk:(0.484, -0.124, -0.866);Mountain trunk:(0.484, -0.124, -0.866);"
5.680,189.220,880.313,87.686,-116.042,0.062,-0.325,-0.041,-0.102,1.000,0.000,0.123,4,7.623,0.279,0.981,"Mountain trunk:(0.484, -0.124, -0.866);Mountain trunk:(0.484, -0.124, -0.866);"
5.700,189.213,880.306,87.686,-116.044,0.062,-0.325,-0.041,-0.101,1.000,0.000,0.121,4,7.624,0.282,0.981,"Mountain trunk:(0.484, -0.124, -0.866);Mountain trunk:(0.484, -0.124, -0.866);"
5.720,189.207,880.300,87.685,-116.046,0.062,-0.325,-0.041,-0.100,1.000,0.000,0.119,4,7.626,0.283,0.981,"Mountain trunk:(0.476, -0.126, -0.870);Mountain trunk:(0.476, -0.126, -0.870);Mountain trunk:(0.476, -0.126, -0.870);"
5.740,189.200,880.293,87.684,-116.048,0.062,-0.325,-0.041,-0.098,1.000,0.000,0.117,4,7.632,0.279,0.981,"Mountain trunk:(0.476, -0.126, -0.870);Mountain trunk:(0.476, -0.126, -0.870);"
5.760,189.194,880.287,87.683,-116.050,0.062,-0.325,-0.041,-0.098,1.000,0.000,0.115,4,7.633,0.282,0.981,"Mountain trunk:(0.476, -0.126, -0.870);Mountain trunk:(0.476, -0.126, -0.870);"
5.780,189.187,880.280,87.682,-116.052,0.062,-0.325,-0.041,-0.097,1.000,0.000,0.113,4,7.636,0.283,0.981,"Mountain trunk:(0.469, -0.127, -0.874);Mountain trunk:(0.469, -0.127, -0.874);Mountain trunk:(0.469, -0.127, -0.874);"
5.800,189.181,880.274,87.682,-116.054,0.062,-0.325,-0.040,-0.096,1.000,0.000,0.111,4,7.641,0.279,0.981,"Mountain trunk:(0.469, -0.127, -0.874);Mountain trunk:(0.469, -0.127, -0.874);"
5.820,189.174,880.267,87.681,-116.056,0.062,-0.325,-0.040,-0.094,1.000,0.000,0.109,4,7.643,0.281,0.981,"Mountain trunk:(0.469, -0.127, -0.874);Mountain trunk:(0.469, -0.127, -0.874);"
5.840,189.168,880.261,87.680,-116.057,0.061,-0.325,-0.040,-0.094,1.000,0.000,0.108,4,7.645,0.283,0.981,"Mountain trunk:(0.461, -0.128, -0.878);Mountain trunk:(0.461, -0.128, -0.878);Mountain trunk:(0.461, -0.128, -0.878);"
5.860,189.162,880.254,87.679,-116.059,0.062,-0.325,-0.040,-0.092,1.000,0.000,0.106,4,7.651,0.279,0.981,"Mountain trunk:(0.461, -0.128, -0.878);Mountain trunk:(0.461, -0.128, -0.878);"
5.880,189.155,880.248,87.678,-116.061,0.062,-0.325,-0.039,-0.091,1.000,0.000,0.104,4,7.652,0.281,0.981,"Mountain trunk:(0.461, -0.128, -0.878);Mountain trunk:(0.461, -0.128, -0.878);"
5.900,189.149,880.241,87.678,-116.063,0.062,-0.325,-0.040,-0.090,1.000,0.000,0.102,4,7.655,0.283,0.981,"Mountain trunk:(0.453, -0.129, -0.882);Mountain trunk:(0.453, -0.129, -0.882);Mountain trunk:(0.453, -0.129, -0.882);"
5.920,189.143,880.235,87.677,-116.065,0.062,-0.325,-0.039,-0.088,1.000,0.000,0.100,4,7.660,0.279,0.981,"Mountain trunk:(0.453, -0.129, -0.882);Mountain trunk:(0.453, -0.129, -0.882);"
5.940,189.136,880.228,87.676,-116.066,0.062,-0.325,-0.039,-0.087,1.000,0.000,0.098,4,7.662,0.281,0.981,"Mountain trunk:(0.453, -0.129, -0.882);Mountain trunk:(0.453, -0.129, -0.882);"
5.960,189.130,880.222,87.675,-116.068,0.062,-0.325,-0.039,-0.086,1.000,0.000,0.096,4,7.664,0.283,0.981,"Mountain trunk:(0.445, -0.131, -0.886);Mountain trunk:(0.445, -0.131, -0.886);Mountain trunk:(0.445, -0.131, -0.886);"
5.980,189.124,880.215,87.674,-116.070,0.062,-0.324,-0.039,-0.085,1.000,0.000,0.094,4,7.670,0.279,0.981,"Mountain trunk:(0.445, -0.131, -0.886);Mountain trunk:(0.445, -0.131, -0.886);"
6.000,189.117,880.209,87.674,-116.071,0.061,-0.324,-0.038,-0.085,1.000,0.000,0.092,4,7.672,0.282,0.981,"Mountain trunk:(0.445, -0.131, -0.886);Mountain trunk:(0.445, -0.131, -0.886);"
6.020,189.111,880.203,87.673,-116.073,0.062,-0.324,-0.038,-0.083,1.000,0.000,0.091,4,7.674,0.284,0.981,"Mountain trunk:(0.437, -0.132, -0.890);Mountain trunk:(0.437, -0.132, -0.890);Mountain trunk:(0.437, -0.132, -0.890);"
6.040,189.105,880.196,87.672,-116.075,0.062,-0.324,-0.038,-0.082,1.000,0.000,0.089,4,7.680,0.279,0.981,"Mountain trunk:(0.437, -0.132, -0.890);Mountain trunk:(0.437, -0.132, -0.890);"
6.060,189.099,880.190,87.671,-116.076,0.061,-0.324,-0.038,-0.082,1.000,0.000,0.087,4,7.682,0.282,0.981,"Mountain trunk:(0.437, -0.132, -0.890);Mountain trunk:(0.437, -0.132, -0.890);"
6.080,189.092,880.183,87.671,-116.078,0.060,-0.323,-0.038,-0.081,1.000,0.000,0.085,4,7.684,0.284,0.981,"Mountain trunk:(0.429, -0.133, -0.893);Mountain trunk:(0.429, -0.133, -0.893);Mountain trunk:(0.429, -0.133, -0.893);"
6.100,189.086,880.177,87.670,-116.080,0.060,-0.323,-0.038,-0.080,1.000,0.000,0.083,4,7.690,0.280,0.981,"Mountain trunk:(0.429, -0.133, -0.893);Mountain trunk:(0.429, -0.133, -0.893);"
6.120,189.080,880.170,87.669,-116.081,0.060,-0.323,-0.038,-0.079,1.000,0.000,0.081,4,7.691,0.282,0.981,"Mountain trunk:(0.429, -0.133, -0.893);Mountain trunk:(0.429, -0.133, -0.893);"
6.140,189.074,880.164,87.668,-116.083,0.060,-0.323,-0.038,-0.078,1.000,0.000,0.079,4,7.693,0.284,0.981,"Mountain trunk:(0.421, -0.134, -0.897);Mountain trunk:(0.421, -0.134, -0.897);Mountain trunk:(0.421, -0.134, -0.897);"
6.160,189.068,880.157,87.668,-116.084,0.061,-0.323,-0.037,-0.076,1.000,0.000,0.077,4,7.699,0.280,0.981,"Mountain trunk:(0.421, -0.134, -0.897);Mountain trunk:(0.421, -0.134, -0.897);"
6.180,189.061,880.151,87.667,-116.086,0.060,-0.323,-0.037,-0.076,1.000,0.000,0.075,4,7.701,0.283,0.981,"Mountain trunk:(0.421, -0.134, -0.897);Mountain trunk:(0.421, -0.134, -0.897);"
6.200,189.055,880.144,87.666,-116.087,0.061,-0.323,-0.037,-0.074,1.000,0.000,0.074,4,7.703,0.285,0.981,"Mountain trunk:(0.414, -0.136, -0.900);Mountain trunk:(0.414, -0.136, -0.900);Mountain trunk:(0.414, -0.136, -0.900);"
6.220,189.049,880.138,87.665,-116.089,0.060,-0.322,-0.037,-0.073,1.000,0.000,0.072,4,7.708,0.292,0.981,"Mountain trunk:(0.414, -0.136, -0.900);Mountain trunk:(0.414, -0.136, -0.900);"
6.240,189.043,880.131,87.665,-116.090,0.060,-0.322,-0.037,-0.073,1.000,0.000,0.070,4,7.709,0.294,0.981,"Mountain trunk:(0.414, -0.136, -0.900);Mountain trunk:(0.414, -0.136, -0.900);"
6.260,189.037,880.125,87.664,-116.091,0.060,-0.322,-0.037,-0.072,1.000,0.000,0.068,4,7.711,0.295,0.981,"Mountain trunk:(0.406, -0.137, -0.904);Mountain trunk:(0.406, -0.137, -0.904);Mountain trunk:(0.406, -0.137, -0.904);"
6.280,189.031,880.119,87.663,-116.093,0.061,-0.322,-0.036,-0.070,1.000,0.000,0.066,4,7.717,0.290,0.981,"Mountain trunk:(0.406, -0.137, -0.904);Mountain trunk:(0.406, -0.137, -0.904);"
6.300,189.025,880.112,87.662,-116.094,0.061,-0.322,-0.036,-0.069,1.000,0.000,0.064,4,7.719,0.293,0.981,"Mountain trunk:(0.406, -0.137, -0.904);Mountain trunk:(0.406, -0.137, -0.904);"
6.320,189.019,880.106,87.662,-116.096,0.061,-0.322,-0.036,-0.067,1.000,0.000,0.062,4,7.722,0.295,0.981,"Mountain trunk:(0.398, -0.138, -0.907);Mountain trunk:(0.398, -0.138, -0.907);Mountain trunk:(0.398, -0.138, -0.907);"
6.340,189.013,880.099,87.661,-116.097,0.061,-0.321,-0.036,-0.066,1.000,0.000,0.061,4,7.728,0.290,0.981,"Mountain trunk:(0.398, -0.138, -0.907);Mountain trunk:(0.398, -0.138, -0.907);"
6.360,189.007,880.093,87.660,-116.098,0.061,-0.321,-0.036,-0.066,1.000,0.000,0.059,4,7.731,0.293,0.981,"Mountain trunk:(0.398, -0.138, -0.907);Mountain trunk:(0.398, -0.138, -0.907);"
6.380,189.001,880.086,87.660,-116.100,0.060,-0.321,-0.036,-0.065,1.000,0.000,0.057,4,7.734,0.295,0.981,"Mountain trunk:(0.390, -0.139, -0.910);Mountain trunk:(0.390, -0.139, -0.910);Mountain trunk:(0.390, -0.139, -0.910);"
6.400,188.995,880.080,87.659,-116.101,0.060,-0.321,-0.036,-0.064,1.000,0.000,0.055,4,7.740,0.291,0.981,"Mountain trunk:(0.390, -0.139, -0.910);Mountain trunk:(0.390, -0.139, -0.910);"
6.420,188.989,880.074,87.658,-116.102,0.060,-0.321,-0.036,-0.063,1.000,0.000,0.053,4,7.743,0.294,0.981,"Mountain trunk:(0.390, -0.139, -0.910);Mountain trunk:(0.390, -0.139, -0.910);"
6.440,188.983,880.067,87.657,-116.103,0.060,-0.320,-0.036,-0.062,1.000,0.000,0.051,4,7.746,0.296,0.981,"Mountain trunk:(0.382, -0.140, -0.913);Mountain trunk:(0.382, -0.140, -0.913);Mountain trunk:(0.382, -0.140, -0.913);"
6.460,188.977,880.061,87.657,-116.105,0.059,-0.320,-0.035,-0.061,1.000,0.000,0.049,4,7.752,0.293,0.981,"Mountain trunk:(0.382, -0.140, -0.913);Mountain trunk:(0.382, -0.140, -0.913);"
6.480,188.971,880.054,87.656,-116.106,0.059,-0.320,-0.035,-0.060,1.000,0.000,0.048,4,7.755,0.295,0.981,"Mountain trunk:(0.382, -0.140, -0.913);Mountain trunk:(0.382, -0.140, -0.913);"
6.500,188.965,880.048,87.655,-116.107,0.059,-0.319,-0.035,-0.060,1.000,0.000,0.046,4,7.757,0.298,0.981,"Mountain trunk:(0.374, -0.141, -0.917);Mountain trunk:(0.374, -0.141, -0.917);Mountain trunk:(0.374, -0.141, -0.917);"
6.520,188.959,880.042,87.655,-116.108,0.059,-0.319,-0.035,-0.059,1.000,0.000,0.044,4,7.763,0.294,0.981,"Mountain trunk:(0.374, -0.141, -0.917);Mountain trunk:(0.374, -0.141, -0.917);"
6.540,188.953,880.035,87.654,-116.109,0.059,-0.319,-0.035,-0.058,1.000,0.000,0.042,4,7.766,0.297,0.981,"Mountain trunk:(0.374, -0.141, -0.917);Mountain trunk:(0.374, -0.141, -0.917);"
6.560,188.947,880.029,87.653,-116.110,0.059,-0.319,-0.035,-0.057,1.000,0.000,0.040,4,7.768,0.299,0.981,"Mountain trunk:(0.366, -0.143, -0.919);Mountain trunk:(0.366, -0.143, -0.919);Mountain trunk:(0.366, -0.143, -0.919);"
6.580,188.941,880.023,87.653,-116.111,0.059,-0.319,-0.034,-0.055,1.000,0.000,0.038,4,7.774,0.296,0.981,"Mountain trunk:(0.366, -0.143, -0.919);Mountain trunk:(0.366, -0.143, -0.919);"
6.600,188.935,880.016,87.652,-116.113,0.060,-0.319,-0.034,-0.053,1.000,0.000,0.037,4,7.777,0.298,0.981,"Mountain trunk:(0.366, -0.143, -0.919);Mountain trunk:(0.366, -0.143, -0.919);"
6.620,188.929,880.010,87.651,-116.114,0.060,-0.318,-0.034,-0.053,1.000,0.000,0.035,4,7.779,0.301,0.981,"Mountain trunk:(0.358, -0.144, -0.922);Mountain trunk:(0.358, -0.144, -0.922);Mountain trunk:(0.358, -0.144, -0.922);"
6.640,188.924,880.004,87.651,-116.115,0.059,-0.318,-0.034,-0.052,1.000,0.000,0.033,4,7.785,0.297,0.981,"Mountain trunk:(0.358, -0.144, -0.922);Mountain trunk:(0.358, -0.144, -0.922);"
6.660,188.918,879.997,87.650,-116.116,0.059,-0.318,-0.034,-0.051,1.000,0.000,0.031,4,7.788,0.300,0.981,"Mountain trunk:(0.358, -0.144, -0.922);Mountain trunk:(0.358, -0.144, -0.922);"
6.680,188.912,879.991,87.649,-116.117,0.058,-0.317,-0.034,-0.051,1.000,0.000,0.029,4,7.791,0.302,0.981,"Mountain trunk:(0.351, -0.145, -0.925);Mountain trunk:(0.351, -0.145, -0.925);Mountain trunk:(0.351, -0.145, -0.925);"
6.700,188.906,879.985,87.649,-116.118,0.059,-0.317,-0.033,-0.050,1.000,0.000,0.027,4,7.797,0.299,0.981,"Mountain trunk:(0.351, -0.145, -0.925);Mountain trunk:(0.351, -0.145, -0.925);"
6.720,188.901,879.978,87.648,-116.119,0.058,-0.317,-0.033,-0.049,1.000,0.000,0.025,4,7.800,0.302,0.981,"Mountain trunk:(0.351, -0.145, -0.925);Mountain trunk:(0.351, -0.145, -0.925);"
6.740,188.895,879.972,87.647,-116.120,0.060,-0.317,-0.033,-0.046,1.000,0.000,0.024,4,7.802,0.304,0.981,"Mountain trunk:(0.343, -0.146, -0.928);Mountain trunk:(0.343, -0.146, -0.928);Mountain trunk:(0.343, -0.146, -0.928);"
6.760,188.889,879.966,87.647,-116.120,0.058,-0.316,-0.033,-0.047,1.000,0.000,0.022,4,7.807,0.299,0.981,"Mountain trunk:(0.343, -0.146, -0.928);Mountain trunk:(0.343, -0.146, -0.928);"
6.780,188.883,879.959,87.646,-116.121,0.058,-0.316,-0.033,-0.046,1.000,0.000,0.020,4,7.810,0.302,0.981,"Mountain trunk:(0.343, -0.146, -0.928);Mountain trunk:(0.343, -0.146, -0.928);"
6.800,188.878,879.953,87.645,-116.122,0.058,-0.316,-0.033,-0.045,1.000,0.000,0.018,4,7.813,0.305,0.981,"Mountain trunk:(0.335, -0.147, -0.931);Mountain trunk:(0.335, -0.147, -0.931);Mountain trunk:(0.335, -0.147, -0.931);"
6.820,188.872,879.947,87.645,-116.123,0.058,-0.315,-0.032,-0.044,1.000,0.000,0.016,4,7.819,0.302,0.981,"Mountain trunk:(0.335, -0.147, -0.931);Mountain trunk:(0.335, -0.147, -0.931);"
6.840,188.866,879.940,87.644,-116.124,0.059,-0.315,-0.032,-0.042,1.000,0.000,0.014,4,7.822,0.305,0.981,"Mountain trunk:(0.335, -0.147, -0.931);Mountain trunk:(0.335, -0.147, -0.931);"
6.860,188.861,879.934,87.643,-116.125,0.058,-0.315,-0.032,-0.042,1.000,0.000,0.013,4,7.824,0.308,0.981,"Mountain trunk:(0.327, -0.148, -0.933);Mountain trunk:(0.327, -0.148, -0.933);Mountain trunk:(0.327, -0.148, -0.933);"
6.880,188.855,879.928,87.643,-116.126,0.058,-0.315,-0.031,-0.041,1.000,0.000,0.011,4,7.829,0.305,0.981,"Mountain trunk:(0.327, -0.148, -0.933);Mountain trunk:(0.327, -0.148, -0.933);"
6.900,188.850,879.922,87.642,-116.126,0.058,-0.314,-0.031,-0.040,1.000,0.000,0.009,4,7.832,0.308,0.981,"Mountain trunk:(0.327, -0.148, -0.933);Mountain trunk:(0.327, -0.148, -0.933);"
6.920,188.844,879.915,87.641,-116.127,0.058,-0.314,-0.031,-0.039,1.000,0.000,0.007,4,7.835,0.310,0.981,"Mountain trunk:(0.319, -0.149, -0.936);Mountain trunk:(0.319, -0.149, -0.936);Mountain trunk:(0.319, -0.149, -0.936);"
6.940,188.838,879.909,87.641,-116.128,0.058,-0.314,-0.031,-0.038,1.000,0.000,0.005,4,7.839,0.307,0.981,"Mountain trunk:(0.319, -0.149, -0.936);Mountain trunk:(0.319, -0.149, -0.936);"
6.960,188.833,879.903,87.640,-116.129,0.058,-0.313,-0.031,-0.038,1.000,0.000,0.003,4,7.842,0.309,0.981,"Mountain trunk:(0.319, -0.149, -0.936);Mountain trunk:(0.319, -0.149, -0.936);"
6.980,188.827,879.896,87.640,-116.130,0.057,-0.313,-0.031,-0.037,1.000,0.000,0.002,4,7.845,0.311,0.981,"Mountain trunk:(0.311, -0.150, -0.938);Mountain trunk:(0.311, -0.150, -0.938);Mountain trunk:(0.311, -0.150, -0.938);"
7.000,188.822,879.890,87.639,-116.130,0.058,-0.313,-0.030,-0.035,1.000,0.000,0.000,4,7.850,0.309,0.981,"Mountain trunk:(0.311, -0.150, -0.938);Mountain trunk:(0.311, -0.150, -0.938);"
7.020,188.816,879.884,87.638,-116.131,0.058,-0.312,-0.030,-0.034,1.000,0.000,-0.002,4,7.852,0.311,0.981,"Mountain trunk:(0.311, -0.150, -0.938);Mountain trunk:(0.311, -0.150, -0.938);"
7.040,188.811,879.878,87.638,-116.132,0.057,-0.312,-0.030,-0.034,1.000,0.000,-0.004,4,7.855,0.313,0.981,"Mountain trunk:(0.304, -0.151, -0.941);Mountain trunk:(0.304, -0.151, -0.941);Mountain trunk:(0.304, -0.151, -0.941);"
7.060,188.805,879.872,87.637,-116.132,0.057,-0.312,-0.030,-0.033,1.000,0.000,-0.006,4,7.860,0.311,0.981,"Mountain trunk:(0.304, -0.151, -0.941);Mountain trunk:(0.304, -0.151, -0.941);"
7.080,188.800,879.865,87.637,-116.133,0.058,-0.311,-0.029,-0.032,1.000,0.000,-0.007,4,7.863,0.313,0.981,"Mountain trunk:(0.304, -0.151, -0.941);Mountain trunk:(0.304, -0.151, -0.941);"
7.100,188.794,879.859,87.636,-116.133,0.057,-0.311,-0.030,-0.031,1.000,0.000,-0.009,4,7.865,0.315,0.981,"Mountain trunk:(0.296, -0.152, -0.943);Mountain trunk:(0.296, -0.152, -0.943);Mountain trunk:(0.296, -0.152, -0.943);"
7.120,188.789,879.853,87.635,-116.134,0.057,-0.311,-0.029,-0.031,1.000,0.000,-0.011,4,7.871,0.313,0.981,"Mountain trunk:(0.296, -0.152, -0.943);Mountain trunk:(0.296, -0.152, -0.943);"
7.140,188.784,879.847,87.635,-116.135,0.057,-0.310,-0.029,-0.030,1.000,0.000,-0.013,4,7.873,0.315,0.981,"Mountain trunk:(0.296, -0.152, -0.943);Mountain trunk:(0.296, -0.152, -0.943);"
7.160,188.778,879.841,87.634,-116.135,0.058,-0.310,-0.029,-0.028,1.000,0.000,-0.015,4,7.876,0.316,0.981,"Mountain trunk:(0.288, -0.153, -0.945);Mountain trunk:(0.288, -0.153, -0.945);Mountain trunk:(0.288, -0.153, -0.945);"
7.180,188.773,879.834,87.634,-116.136,0.057,-0.310,-0.029,-0.028,1.000,0.000,-0.016,4,7.882,0.314,0.981,"Mountain trunk:(0.288, -0.153, -0.945);Mountain trunk:(0.288, -0.153, -0.945);"
7.200,188.767,879.828,87.633,-116.136,0.057,-0.309,-0.029,-0.027,1.000,0.000,-0.018,4,7.885,0.317,0.981,"Mountain trunk:(0.288, -0.153, -0.945);Mountain trunk:(0.288, -0.153, -0.945);"
7.220,188.762,879.822,87.633,-116.137,0.058,-0.309,-0.028,-0.025,1.000,0.000,-0.020,4,7.888,0.320,0.981,"Mountain trunk:(0.280, -0.154, -0.947);Mountain trunk:(0.280, -0.154, -0.947);Mountain trunk:(0.280, -0.154, -0.947);"
7.240,188.757,879.816,87.632,-116.137,0.057,-0.309,-0.028,-0.025,1.000,0.000,-0.022,4,7.892,0.318,0.981,"Mountain trunk:(0.280, -0.154, -0.947);Mountain trunk:(0.280, -0.154, -0.947);"
7.260,188.751,879.810,87.631,-116.138,0.057,-0.308,-0.028,-0.024,1.000,0.000,-0.024,4,7.896,0.320,0.981,"Mountain trunk:(0.280, -0.154, -0.947);Mountain trunk:(0.280, -0.154, -0.947);"
7.280,188.746,879.804,87.631,-116.138,0.056,-0.308,-0.028,-0.024,1.000,0.000,-0.025,4,7.899,0.322,0.981,"Mountain trunk:(0.273, -0.155, -0.949);Mountain trunk:(0.273, -0.155, -0.949);Mountain trunk:(0.273, -0.155, -0.949);"
7.300,188.741,879.798,87.630,-116.139,0.057,-0.308,-0.027,-0.022,1.000,0.000,-0.027,4,7.903,0.320,0.981,"Mountain trunk:(0.273, -0.155, -0.949);Mountain trunk:(0.273, -0.155, -0.949);"
7.320,188.736,879.791,87.630,-116.139,0.056,-0.307,-0.027,-0.022,1.000,0.000,-0.029,4,7.906,0.322,0.981,"Mountain trunk:(0.273, -0.155, -0.949);Mountain trunk:(0.273, -0.155, -0.949);"
7.340,188.730,879.785,87.629,-116.140,0.056,-0.307,-0.027,-0.021,1.000,0.000,-0.031,4,7.909,0.324,0.981,"Mountain trunk:(0.265, -0.156, -0.952);Mountain trunk:(0.265, -0.156, -0.952);Mountain trunk:(0.265, -0.156, -0.952);"
7.360,188.725,879.779,87.629,-116.140,0.056,-0.306,-0.027,-0.020,1.000,0.000,-0.033,4,7.914,0.322,0.981,"Mountain trunk:(0.265, -0.156, -0.952);Mountain trunk:(0.265, -0.156, -0.952);"
7.380,188.720,879.773,87.628,-116.140,0.056,-0.306,-0.027,-0.019,1.000,0.000,-0.034,4,7.917,0.324,0.981,"Mountain trunk:(0.265, -0.156, -0.952);Mountain trunk:(0.265, -0.156, -0.952);"
7.400,188.715,879.767,87.628,-116.141,0.056,-0.306,-0.027,-0.018,1.000,0.000,-0.036,4,7.919,0.325,0.981,"Mountain trunk:(0.257, -0.157, -0.953);Mountain trunk:(0.257, -0.157, -0.953);Mountain trunk:(0.257, -0.157, -0.953);"
7.420,188.709,879.761,87.627,-116.141,0.056,-0.305,-0.027,-0.018,1.000,0.000,-0.038,4,7.924,0.324,0.981,"Mountain trunk:(0.257, -0.157, -0.953);Mountain trunk:(0.257, -0.157, -0.953);"
7.440,188.704,879.755,87.627,-116.141,0.057,-0.305,-0.026,-0.016,1.000,0.000,-0.040,4,7.927,0.326,0.981,"Mountain trunk:(0.257, -0.157, -0.953);Mountain trunk:(0.257, -0.157, -0.953);"
7.460,188.699,879.749,87.626,-116.142,0.056,-0.304,-0.026,-0.016,1.000,0.000,-0.041,4,7.930,0.327,0.981,"Mountain trunk:(0.250, -0.158, -0.955);Mountain trunk:(0.250, -0.158, -0.955);Mountain trunk:(0.250, -0.158, -0.955);"
7.480,188.694,879.743,87.626,-116.142,0.056,-0.304,-0.026,-0.015,1.000,0.000,-0.043,4,7.935,0.326,0.981,"Mountain trunk:(0.250, -0.158, -0.955);Mountain trunk:(0.250, -0.158, -0.955);"
7.500,188.689,879.737,87.625,-116.142,0.056,-0.304,-0.026,-0.014,1.000,0.000,-0.045,4,7.939,0.327,0.981,"Mountain trunk:(0.250, -0.158, -0.955);Mountain trunk:(0.250, -0.158, -0.955);"
7.520,188.684,879.731,87.624,-116.143,0.056,-0.303,-0.026,-0.013,1.000,0.000,-0.047,4,7.942,0.329,0.981,"Mountain trunk:(0.242, -0.159, -0.957);Mountain trunk:(0.242, -0.159, -0.957);Mountain trunk:(0.242, -0.159, -0.957);"
7.540,188.679,879.724,87.624,-116.143,0.056,-0.303,-0.026,-0.012,1.000,0.000,-0.049,4,7.946,0.328,0.981,"Mountain trunk:(0.242, -0.159, -0.957);Mountain trunk:(0.242, -0.159, -0.957);"
7.560,188.674,879.718,87.623,-116.143,0.056,-0.302,-0.025,-0.011,1.000,0.000,-0.050,4,7.950,0.329,0.981,"Mountain trunk:(0.242, -0.159, -0.957);Mountain trunk:(0.242, -0.159, -0.957);"
7.580,188.669,879.712,87.623,-116.143,0.055,-0.302,-0.025,-0.011,1.000,0.000,-0.052,4,7.953,0.331,0.981,"Mountain trunk:(0.234, -0.160, -0.959);Mountain trunk:(0.234, -0.160, -0.959);Mountain trunk:(0.234, -0.160, -0.959);"
7.600,188.664,879.706,87.622,-116.143,0.056,-0.302,-0.025,-0.010,1.000,0.000,-0.054,4,7.958,0.330,0.981,"Mountain trunk:(0.234, -0.160, -0.959);Mountain trunk:(0.234, -0.160, -0.959);"
7.620,188.659,879.700,87.622,-116.144,0.055,-0.301,-0.025,-0.009,1.000,0.000,-0.055,4,7.961,0.332,0.981,"Mountain trunk:(0.234, -0.160, -0.959);Mountain trunk:(0.234, -0.160, -0.959);"
7.640,188.653,879.694,87.621,-116.144,0.055,-0.301,-0.025,-0.008,1.000,0.000,-0.057,4,7.964,0.333,0.981,"Mountain trunk:(0.227, -0.161, -0.961);Mountain trunk:(0.227, -0.161, -0.961);Mountain trunk:(0.227, -0.161, -0.961);"
7.660,188.648,879.688,87.621,-116.144,0.055,-0.300,-0.025,-0.008,1.000,0.000,-0.059,4,7.969,0.333,0.981,"Mountain trunk:(0.227, -0.161, -0.961);Mountain trunk:(0.227, -0.161, -0.961);"
7.680,188.643,879.682,87.620,-116.144,0.056,-0.300,-0.024,-0.006,1.000,0.000,-0.061,4,7.972,0.334,0.981,"Mountain trunk:(0.227, -0.161, -0.961);Mountain trunk:(0.227, -0.161, -0.961);"
7.700,188.639,879.676,87.620,-116.144,0.055,-0.300,-0.024,-0.006,1.000,0.000,-0.062,4,7.976,0.336,0.981,"Mountain trunk:(0.219, -0.162, -0.962);Mountain trunk:(0.219, -0.162, -0.962);Mountain trunk:(0.219, -0.162, -0.962);"
7.720,188.634,879.670,87.619,-116.144,0.055,-0.299,-0.024,-0.005,1.000,0.000,-0.064,4,7.980,0.335,0.981,"Mountain trunk:(0.219, -0.162, -0.962);Mountain trunk:(0.219, -0.162, -0.962);"
7.740,188.629,879.664,87.619,-116.144,0.055,-0.299,-0.024,-0.004,1.000,0.000,-0.066,4,7.983,0.337,0.981,"Mountain trunk:(0.219, -0.162, -0.962);Mountain trunk:(0.219, -0.162, -0.962);"
7.760,188.624,879.659,87.619,-116.144,0.055,-0.298,-0.024,-0.004,1.000,0.000,-0.068,4,7.987,0.338,0.981,"Mountain trunk:(0.211, -0.163, -0.964);Mountain trunk:(0.211, -0.163, -0.964);Mountain trunk:(0.211, -0.163, -0.964);"
7.780,188.619,879.653,87.618,-116.145,0.055,-0.298,-0.024,-0.003,1.000,0.000,-0.069,4,7.991,0.338,0.981,"Mountain trunk:(0.211, -0.163, -0.964);Mountain trunk:(0.211, -0.163, -0.964);"
7.800,188.614,879.647,87.618,-116.145,0.054,-0.297,-0.024,-0.002,1.000,0.000,-0.071,4,7.995,0.340,0.981,"Mountain trunk:(0.211, -0.163, -0.964);Mountain trunk:(0.211, -0.163, -0.964);"
7.820,188.609,879.641,87.617,-116.145,0.055,-0.297,-0.024,-0.001,1.000,0.000,-0.073,4,7.998,0.341,0.981,"Mountain trunk:(0.204, -0.164, -0.965);Mountain trunk:(0.204, -0.164, -0.965);Mountain trunk:(0.204, -0.164, -0.965);"
7.840,188.604,879.635,87.617,-116.145,0.055,-0.297,-0.023,0.000,1.000,0.000,-0.074,4,8.003,0.341,0.981,"Mountain trunk:(0.204, -0.164, -0.965);Mountain trunk:(0.204, -0.164, -0.965);"
7.860,188.599,879.629,87.616,-116.145,0.054,-0.296,-0.023,0.000,1.000,0.000,-0.076,4,8.006,0.343,0.981,"Mountain trunk:(0.204, -0.164, -0.965);Mountain trunk:(0.204, -0.164, -0.965);"
7.880,188.595,879.623,87.616,-116.145,0.054,-0.296,-0.023,0.001,1.000,0.000,-0.078,4,8.010,0.344,0.981,"Mountain trunk:(0.196, -0.165, -0.967);Mountain trunk:(0.196, -0.165, -0.967);Mountain trunk:(0.196, -0.165, -0.967);"
7.900,188.590,879.617,87.615,-116.145,0.054,-0.295,-0.023,0.002,1.000,0.000,-0.080,4,8.014,0.345,0.981,"Mountain trunk:(0.196, -0.165, -0.967);Mountain trunk:(0.196, -0.165, -0.967);"
7.920,188.585,879.611,87.615,-116.145,0.055,-0.295,-0.023,0.003,1.000,0.000,-0.081,4,8.018,0.346,0.981,"Mountain trunk:(0.196, -0.165, -0.967);Mountain trunk:(0.196, -0.165, -0.967);"
7.940,188.580,879.605,87.614,-116.144,0.054,-0.295,-0.023,0.003,1.000,0.000,-0.083,4,8.021,0.347,0.981,"Mountain trunk:(0.189, -0.165, -0.968);Mountain trunk:(0.189, -0.165, -0.968);Mountain trunk:(0.189, -0.165, -0.968);"
7.960,188.576,879.600,87.614,-116.144,0.054,-0.294,-0.023,0.004,1.000,0.000,-0.085,4,8.026,0.348,0.981,"Mountain trunk:(0.189, -0.165, -0.968);Mountain trunk:(0.189, -0.165, -0.968);"
7.980,188.571,879.594,87.613,-116.144,0.054,-0.294,-0.022,0.005,1.000,0.000,-0.086,4,8.029,0.349,0.981,"Mountain trunk:(0.189, -0.165, -0.968);Mountain trunk:(0.189, -0.165, -0.968);"
8.000,188.566,879.588,87.613,-116.144,0.054,-0.293,-0.022,0.005,1.000,0.000,-0.088,4,8.033,0.350,0.981,"Mountain trunk:(0.181, -0.166, -0.969);Mountain trunk:(0.181, -0.166, -0.969);Mountain trunk:(0.181, -0.166, -0.969);"
8.020,188.561,879.582,87.613,-116.144,0.054,-0.293,-0.022,0.006,1.000,0.000,-0.090,4,8.037,0.351,0.981,"Mountain trunk:(0.181, -0.166, -0.969);Mountain trunk:(0.181, -0.166, -0.969);"
8.040,188.557,879.576,87.612,-116.144,0.054,-0.292,-0.022,0.007,1.000,0.000,-0.091,4,8.041,0.353,0.981,"Mountain trunk:(0.181, -0.166, -0.969);Mountain trunk:(0.181, -0.166, -0.969);"
8.060,188.552,879.570,87.612,-116.144,0.054,-0.292,-0.022,0.008,1.000,0.000,-0.093,4,8.044,0.354,0.981,"Mountain trunk:(0.174, -0.167, -0.971);Mountain trunk:(0.174, -0.167, -0.971);Mountain trunk:(0.174, -0.167, -0.971);"
8.080,188.547,879.565,87.611,-116.144,0.053,-0.291,-0.022,0.008,1.000,0.000,-0.095,4,8.048,0.355,0.981,"Mountain trunk:(0.174, -0.167, -0.971);Mountain trunk:(0.174, -0.167, -0.971);"
8.100,188.543,879.559,87.611,-116.143,0.053,-0.291,-0.022,0.009,1.000,0.000,-0.096,4,8.053,0.356,0.981,"Mountain trunk:(0.174, -0.167, -0.971);Mountain trunk:(0.174, -0.167, -0.971);"
8.120,188.538,879.553,87.610,-116.143,0.053,-0.290,-0.022,0.010,1.000,0.000,-0.098,4,8.058,0.357,0.981,"Mountain trunk:(0.166, -0.168, -0.972);Mountain trunk:(0.166, -0.168, -0.972);Mountain trunk:(0.166, -0.168, -0.972);"
8.140,188.534,879.547,87.610,-116.143,0.054,-0.290,-0.021,0.011,1.000,0.000,-0.100,4,8.062,0.357,0.981,"Mountain trunk:(0.166, -0.168, -0.972);Mountain trunk:(0.166, -0.168, -0.972);"
8.160,188.529,879.541,87.610,-116.143,0.054,-0.289,-0.021,0.012,1.000,0.000,-0.101,4,8.066,0.358,0.981,"Mountain trunk:(0.166, -0.168, -0.972);Mountain trunk:(0.166, -0.168, -0.972);"
8.180,188.524,879.536,87.609,-116.143,0.053,-0.289,-0.021,0.012,1.000,0.000,-0.103,4,8.070,0.358,0.981,"Mountain trunk:(0.159, -0.169, -0.973);Mountain trunk:(0.159, -0.169, -0.973);Mountain trunk:(0.159, -0.169, -0.973);"
8.200,188.520,879.530,87.609,-116.142,0.053,-0.288,-0.021,0.013,1.000,0.000,-0.105,4,8.074,0.359,0.981,"Mountain trunk:(0.159, -0.169, -0.973);Mountain trunk:(0.159, -0.169, -0.973);"
8.220,188.515,879.524,87.608,-116.142,0.054,-0.288,-0.020,0.014,1.000,0.000,-0.106,4,8.078,0.361,0.981,"Mountain trunk:(0.159, -0.169, -0.973);Mountain trunk:(0.159, -0.169, -0.973);"
8.240,188.511,879.518,87.608,-116.142,0.053,-0.288,-0.020,0.014,1.000,0.000,-0.108,4,8.080,0.362,0.981,"Mountain trunk:(0.151, -0.170, -0.974);Mountain trunk:(0.151, -0.170, -0.974);Mountain trunk:(0.151, -0.170, -0.974);"
8.260,188.506,879.513,87.607,-116.142,0.053,-0.287,-0.020,0.015,1.000,0.000,-0.110,4,8.084,0.366,0.981,"Mountain trunk:(0.151, -0.170, -0.974);Mountain trunk:(0.151, -0.170, -0.974);"
8.280,188.502,879.507,87.607,-116.141,0.053,-0.287,-0.020,0.015,1.000,0.000,-0.111,4,8.088,0.368,0.981,"Mountain trunk:(0.151, -0.170, -0.974);Mountain trunk:(0.151, -0.170, -0.974);"
8.300,188.497,879.501,87.607,-116.141,0.053,-0.286,-0.020,0.016,1.000,0.000,-0.113,4,8.091,0.371,0.981,"Mountain trunk:(0.144, -0.170, -0.975);Mountain trunk:(0.144, -0.170, -0.975);Mountain trunk:(0.144, -0.170, -0.975);"
8.320,188.493,879.496,87.606,-116.141,0.052,-0.286,-0.020,0.017,1.000,0.000,-0.115,4,8.094,0.373,0.981,"Mountain trunk:(0.144, -0.170, -0.975);Mountain trunk:(0.144, -0.170, -0.975);"
8.340,188.488,879.490,87.606,-116.140,0.053,-0.285,-0.020,0.018,1.000,0.000,-0.116,4,8.098,0.375,0.981,"Mountain trunk:(0.144, -0.170, -0.975);Mountain trunk:(0.144, -0.170, -0.975);"
8.360,188.484,879.484,87.605,-116.140,0.052,-0.285,-0.020,0.018,1.000,0.000,-0.099,4,8.101,0.375,0.981,"Mountain trunk:(0.137, -0.171, -0.976);Mountain trunk:(0.137, -0.171, -0.976);Mountain trunk:(0.137, -0.171, -0.976);"
8.380,188.480,879.479,87.605,-116.140,0.053,-0.284,-0.019,0.019,1.000,0.000,-0.101,4,8.105,0.374,0.981,"Mountain trunk:(0.137, -0.171, -0.976);Mountain trunk:(0.137, -0.171, -0.976);"
8.400,188.475,879.473,87.605,-116.139,0.052,-0.283,-0.019,0.019,1.000,0.000,-0.102,4,8.109,0.374,0.981,"Mountain trunk:(0.137, -0.171, -0.976);Mountain trunk:(0.137, -0.171, -0.976);"
8.420,188.471,879.467,87.604,-116.139,0.053,-0.283,-0.019,0.020,1.000,0.000,-0.104,4,8.113,0.374,0.981,"Mountain trunk:(0.129, -0.172, -0.977);Mountain trunk:(0.129, -0.172, -0.977);Mountain trunk:(0.129, -0.172, -0.977);"
8.440,188.467,879.462,87.604,-116.138,0.052,-0.282,-0.019,0.021,1.000,0.000,-0.105,4,8.117,0.373,0.981,"Mountain trunk:(0.129, -0.172, -0.977);Mountain trunk:(0.129, -0.172, -0.977);"
8.460,188.462,879.456,87.604,-116.138,0.052,-0.282,-0.019,0.021,1.000,0.000,-0.107,4,8.122,0.373,0.981,"Mountain trunk:(0.129, -0.172, -0.977);Mountain trunk:(0.129, -0.172, -0.977);"
8.480,188.458,879.450,87.603,-116.137,0.053,-0.281,-0.019,0.023,1.000,0.000,-0.109,4,8.126,0.373,0.981,"Mountain trunk:(0.122, -0.173, -0.977);Mountain trunk:(0.122, -0.173, -0.977);Mountain trunk:(0.122, -0.173, -0.977);"
8.500,188.454,879.445,87.603,-116.137,0.052,-0.281,-0.019,0.023,1.000,0.000,-0.110,4,8.130,0.374,0.981,"Mountain trunk:(0.122, -0.173, -0.977);Mountain trunk:(0.122, -0.173, -0.977);"
8.520,188.449,879.439,87.602,-116.137,0.052,-0.281,-0.019,0.023,1.000,0.000,-0.112,4,8.134,0.374,0.981,"Mountain trunk:(0.122, -0.173, -0.977);Mountain trunk:(0.122, -0.173, -0.977);"
8.540,188.445,879.434,87.602,-116.136,0.052,-0.280,-0.019,0.024,1.000,0.000,-0.113,4,8.138,0.375,0.981,"Mountain trunk:(0.115, -0.173, -0.978);Mountain trunk:(0.115, -0.173, -0.978);Mountain trunk:(0.115, -0.173, -0.978);"
8.560,188.441,879.428,87.602,-116.136,0.052,-0.280,-0.019,0.025,1.000,0.000,-0.115,4,8.143,0.376,0.981,"Mountain trunk:(0.115, -0.173, -0.978);Mountain trunk:(0.115, -0.173, -0.978);"
8.580,188.436,879.422,87.601,-116.135,0.052,-0.279,-0.018,0.026,1.000,0.000,-0.116,4,8.148,0.375,0.981,"Mountain trunk:(0.115, -0.173, -0.978);Mountain trunk:(0.115, -0.173, -0.978);"
8.600,188.432,879.417,87.601,-116.135,0.052,-0.279,-0.018,0.026,1.000,0.000,-0.118,4,8.152,0.375,0.981,"Mountain trunk:(0.108, -0.174, -0.979);Mountain trunk:(0.108, -0.174, -0.979);Mountain trunk:(0.108, -0.174, -0.979);"
8.620,188.428,879.411,87.601,-116.134,0.052,-0.278,-0.018,0.027,1.000,0.000,-0.120,4,8.157,0.374,0.981,"Mountain trunk:(0.108, -0.174, -0.979);Mountain trunk:(0.108, -0.174, -0.979);"
8.640,188.424,879.406,87.600,-116.134,0.052,-0.278,-0.018,0.028,1.000,0.000,-0.121,4,8.159,0.380,0.981,"Mountain trunk:(0.108, -0.174, -0.979);Mountain trunk:(0.108, -0.174, -0.979);"
8.660,188.419,879.400,87.600,-116.133,0.052,-0.278,-0.017,0.028,1.000,0.000,-0.123,4,8.162,0.384,0.981,"Mountain trunk:(0.100, -0.175, -0.979);Mountain trunk:(0.100, -0.175, -0.979);Mountain trunk:(0.100, -0.175, -0.979);"
8.680,188.415,879.395,87.599,-116.132,0.051,-0.277,-0.017,0.028,1.000,0.000,-0.124,4,8.164,0.397,0.981,"Mountain trunk:(0.100, -0.175, -0.979);Mountain trunk:(0.100, -0.175, -0.979);"
8.700,188.411,879.389,87.599,-116.132,0.051,-0.277,-0.017,0.029,1.000,0.000,-0.126,4,8.165,0.406,0.981,"Mountain trunk:(0.100, -0.175, -0.979);Mountain trunk:(0.100, -0.175, -0.979);"
8.720,188.407,879.384,87.599,-116.131,0.051,-0.276,-0.016,0.030,1.000,0.000,-0.128,4,8.166,0.412,0.981,"Mountain trunk:(0.093, -0.176, -0.980);Mountain trunk:(0.093, -0.176, -0.980);Mountain trunk:(0.093, -0.176, -0.980);"
8.740,188.403,879.378,87.599,-116.131,0.051,-0.276,-0.016,0.030,1.000,0.000,-0.129,4,8.168,0.417,0.981,"Mountain trunk:(0.093, -0.176, -0.980);Mountain trunk:(0.093, -0.176, -0.980);"
8.760,188.399,879.373,87.598,-116.130,0.051,-0.275,-0.016,0.031,1.000,0.000,-0.131,4,8.171,0.418,0.981,"Mountain trunk:(0.093, -0.176, -0.980);Mountain trunk:(0.093, -0.176, -0.980);"
8.780,188.395,879.367,87.598,-116.129,0.051,-0.274,-0.016,0.031,1.000,0.000,-0.132,4,8.173,0.419,0.981,"Mountain trunk:(0.086, -0.176, -0.981);Mountain trunk:(0.086, -0.176, -0.981);Mountain trunk:(0.086, -0.176, -0.981);"
8.800,188.391,879.362,87.598,-116.129,0.050,-0.274,-0.016,0.032,1.000,0.000,-0.134,4,8.176,0.418,0.981,"Mountain trunk:(0.086, -0.176, -0.981);Mountain trunk:(0.086, -0.176, -0.981);"
8.820,188.387,879.357,87.597,-116.128,0.051,-0.273,-0.016,0.033,1.000,0.000,-0.136,4,8.180,0.416,0.981,"Mountain trunk:(0.086, -0.176, -0.981);Mountain trunk:(0.086, -0.176, -0.981);"
8.840,188.383,879.351,87.597,-116.128,0.051,-0.273,-0.016,0.033,1.000,0.000,-0.137,4,8.183,0.414,0.981,"Mountain trunk:(0.079, -0.177, -0.981);Mountain trunk:(0.079, -0.177, -0.981);Mountain trunk:(0.079, -0.177, -0.981);"
8.860,188.379,879.346,87.597,-116.127,0.051,-0.272,-0.016,0.034,1.000,0.000,-0.139,4,8.187,0.413,0.981,"Mountain trunk:(0.079, -0.177, -0.981);Mountain trunk:(0.079, -0.177, -0.981);"
8.880,188.375,879.340,87.596,-116.126,0.051,-0.271,-0.016,0.035,1.000,0.000,-0.140,4,8.192,0.411,0.981,"Mountain trunk:(0.079, -0.177, -0.981);Mountain trunk:(0.079, -0.177, -0.981);"
8.900,188.371,879.335,87.596,-116.125,0.050,-0.271,-0.016,0.035,1.000,0.000,-0.142,4,8.196,0.409,0.981,"Mountain trunk:(0.072, -0.178, -0.981);Mountain trunk:(0.072, -0.178, -0.981);Mountain trunk:(0.072, -0.178, -0.981);"
8.920,188.367,879.330,87.596,-116.125,0.050,-0.270,-0.016,0.036,1.000,0.000,-0.143,4,8.201,0.407,0.981,"Mountain trunk:(0.072, -0.178, -0.981);Mountain trunk:(0.072, -0.178, -0.981);"
8.940,188.363,879.324,87.595,-116.124,0.051,-0.270,-0.016,0.037,1.000,0.000,-0.145,4,8.206,0.406,0.981,"Mountain trunk:(0.072, -0.178, -0.981);Mountain trunk:(0.072, -0.178, -0.981);"
8.960,188.359,879.319,87.595,-116.123,0.050,-0.269,-0.016,0.037,1.000,0.000,-0.146,4,8.211,0.406,0.981,"Mountain trunk:(0.065, -0.178, -0.982);Mountain trunk:(0.065, -0.178, -0.982);Mountain trunk:(0.065, -0.178, -0.982);"
8.980,188.355,879.313,87.595,-116.123,0.050,-0.269,-0.016,0.037,1.000,0.000,-0.148,4,8.216,0.405,0.981,"Mountain trunk:(0.065, -0.178, -0.982);Mountain trunk:(0.065, -0.178, -0.982);"
9.000,188.351,879.308,87.594,-116.122,0.050,-0.268,-0.016,0.038,1.000,0.000,-0.149,4,8.222,0.404,0.981,"Mountain trunk:(0.065, -0.178, -0.982);Mountain trunk:(0.065, -0.178, -0.982);"
9.020,188.347,879.303,87.594,-116.121,0.050,-0.268,-0.016,0.039,1.000,0.000,-0.151,4,8.227,0.404,0.981,"Mountain trunk:(0.058, -0.179, -0.982);Mountain trunk:(0.058, -0.179, -0.982);Mountain trunk:(0.058, -0.179, -0.982);"
9.040,188.343,879.297,87.594,-116.120,0.050,-0.267,-0.016,0.039,1.000,0.000,-0.152,4,8.232,0.403,0.981,"Mountain trunk:(0.058, -0.179, -0.982);Mountain trunk:(0.058, -0.179, -0.982);"
9.060,188.339,879.292,87.593,-116.120,0.050,-0.267,-0.015,0.040,1.000,0.000,-0.154,4,8.234,0.415,0.981,"Mountain trunk:(0.058, -0.179, -0.982);Mountain trunk:(0.058, -0.179, -0.982);"
9.080,188.335,879.287,87.593,-116.119,0.050,-0.267,-0.014,0.040,1.000,0.000,-0.155,4,8.237,0.424,0.981,"Mountain trunk:(0.051, -0.180, -0.982);Mountain trunk:(0.051, -0.180, -0.982);Mountain trunk:(0.051, -0.180, -0.982);"
9.100,188.331,879.281,87.593,-116.118,0.049,-0.267,-0.014,0.040,1.000,0.000,-0.157,4,8.234,0.456,0.981,"Mountain trunk:(0.051, -0.180, -0.982);Mountain trunk:(0.051, -0.180, -0.982);"
9.120,188.328,879.276,87.593,-116.117,0.050,-0.266,-0.013,0.041,1.000,0.000,-0.159,4,8.233,0.472,0.981,"Mountain trunk:(0.051, -0.180, -0.982);Mountain trunk:(0.051, -0.180, -0.982);"
9.140,188.324,879.271,87.592,-116.116,0.050,-0.265,-0.013,0.042,1.000,0.000,-0.160,4,8.233,0.479,0.981,"Mountain trunk:(0.044, -0.180, -0.983);Mountain trunk:(0.044, -0.180, -0.983);Mountain trunk:(0.044, -0.180, -0.983);"
9.160,188.320,879.266,87.592,-116.116,0.049,-0.265,-0.013,0.042,1.000,0.000,-0.162,4,8.234,0.478,0.981,"Mountain trunk:(0.044, -0.180, -0.983);Mountain trunk:(0.044, -0.180, -0.983);"
9.180,188.316,879.261,87.592,-116.115,0.050,-0.264,-0.013,0.043,1.000,0.000,-0.163,4,8.238,0.471,0.981,"Mountain trunk:(0.044, -0.180, -0.983);Mountain trunk:(0.044, -0.180, -0.983);"
9.200,188.312,879.255,87.592,-116.114,0.049,-0.263,-0.013,0.043,1.000,0.000,-0.165,4,8.242,0.461,0.981,"Mountain trunk:(0.037, -0.181, -0.983);Mountain trunk:(0.037, -0.181, -0.983);Mountain trunk:(0.037, -0.181, -0.983);"
9.220,188.309,879.250,87.591,-116.113,0.049,-0.262,-0.014,0.044,1.000,0.000,-0.167,4,8.246,0.451,0.981,"Mountain trunk:(0.037, -0.181, -0.983);Mountain trunk:(0.037, -0.181, -0.983);"
9.240,188.305,879.245,87.591,-116.112,0.050,-0.262,-0.014,0.045,1.000,0.000,-0.168,4,8.252,0.444,0.981,"Mountain trunk:(0.037, -0.181, -0.983);Mountain trunk:(0.037, -0.181, -0.983);"
9.260,188.301,879.240,87.591,-116.111,0.050,-0.261,-0.014,0.046,1.000,0.000,-0.169,4,8.257,0.439,0.981,"Mountain trunk:(0.030, -0.182, -0.983);Mountain trunk:(0.030, -0.182, -0.983);Mountain trunk:(0.030, -0.182, -0.983);Mountain trunk:(0.030, -0.182, -0.983);"
9.280,188.298,879.234,87.590,-116.110,0.049,-0.260,-0.014,0.046,1.000,0.000,-0.171,4,8.263,0.434,0.981,"Mountain trunk:(0.030, -0.182, -0.983);Mountain trunk:(0.030, -0.182, -0.983);Mountain trunk:(0.030, -0.182, -0.983);"
9.300,188.294,879.229,87.590,-116.109,0.049,-0.260,-0.014,0.046,1.000,0.000,-0.172,4,8.269,0.433,0.981,"Mountain trunk:(0.030, -0.182, -0.983);Mountain trunk:(0.030, -0.182, -0.983);Mountain trunk:(0.030, -0.182, -0.983);"
9.320,188.290,879.224,87.590,-116.108,0.049,-0.259,-0.014,0.047,1.000,0.000,-0.174,4,8.275,0.433,0.981,"Mountain trunk:(0.023, -0.182, -0.983);Mountain trunk:(0.023, -0.182, -0.983);Mountain trunk:(0.023, -0.182, -0.983);Mountain trunk:(0.023, -0.182, -0.983);"
9.340,188.286,879.219,87.590,-116.108,0.049,-0.259,-0.014,0.047,1.000,0.000,-0.175,4,8.281,0.433,0.981,"Mountain trunk:(0.023, -0.182, -0.983);Mountain trunk:(0.023, -0.182, -0.983);Mountain trunk:(0.023, -0.182, -0.983);"
9.360,188.283,879.214,87.589,-116.107,0.049,-0.258,-0.014,0.048,1.000,0.000,-0.177,4,8.286,0.435,0.981,"Mountain trunk:(0.023, -0.182, -0.983);Mountain trunk:(0.023, -0.182, -0.983);Mountain trunk:(0.023, -0.182, -0.983);"
9.380,188.279,879.209,87.589,-116.106,0.049,-0.258,-0.014,0.049,1.000,0.000,-0.178,4,8.291,0.436,0.981,"Mountain trunk:(0.017, -0.183, -0.983);Mountain trunk:(0.017, -0.183, -0.983);Mountain trunk:(0.017, -0.183, -0.983);Mountain trunk:(0.017, -0.183, -0.983);"
9.400,188.275,879.203,87.589,-116.105,0.049,-0.257,-0.014,0.049,1.000,0.000,-0.179,4,8.295,0.438,0.981,"Mountain trunk:(0.017, -0.183, -0.983);Mountain trunk:(0.017, -0.183, -0.983);Mountain trunk:(0.017, -0.183, -0.983);"
9.420,188.272,879.198,87.588,-116.104,0.048,-0.257,-0.014,0.049,1.000,0.000,-0.181,4,8.301,0.440,0.981,"Mountain trunk:(0.017, -0.183, -0.983);Mountain trunk:(0.017, -0.183, -0.983);Mountain trunk:(0.017, -0.183, -0.983);"
9.440,188.268,879.193,87.588,-116.103,0.049,-0.256,-0.013,0.050,1.000,0.000,-0.182,4,8.305,0.441,0.981,"Mountain trunk:(0.017, -0.183, -0.983);Mountain trunk:(0.017, -0.183, -0.983);Mountain trunk:(0.017, -0.183, -0.983);"
9.460,188.265,879.188,87.588,-116.102,0.048,-0.256,-0.013,0.050,1.000,0.000,-0.184,4,8.309,0.442,0.981,"Mountain trunk:(0.007, -0.184, -0.983);Mountain trunk:(0.007, -0.184, -0.983);Mountain trunk:(0.007, -0.184, -0.983);Mountain trunk:(0.007, -0.184, -0.983);"
9.480,188.261,879.183,87.588,-116.101,0.048,-0.256,-0.013,0.051,1.000,0.000,-0.185,4,8.314,0.442,0.981,"Mountain trunk:(0.007, -0.184, -0.983);Mountain trunk:(0.007, -0.184, -0.983);Mountain trunk:(0.007, -0.184, -0.983);"
9.500,188.257,879.178,87.587,-116.100,0.052,-0.249,-0.012,0.055,1.000,0.000,-0.186,4,8.317,0.453,0.981,"Mountain trunk:(0.007, -0.184, -0.983);Mountain trunk:(0.007, -0.184, -0.983);Mountain trunk:(0.007, -0.184, -0.983);"
9.520,188.254,879.174,87.587,-116.099,0.003,-0.207,-0.022,0.008,1.000,0.000,-0.188,4,8.325,0.463,0.981,"Mountain trunk:(0.007, -0.184, -0.983);Mountain trunk:(0.007, -0.184, -0.983);Mountain trunk:(0.007, -0.184, -0.983);Mountain trunk:(0.007, -0.184, -0.983);"
9.540,188.251,879.170,87.586,-116.100,-0.007,-0.173,-0.024,-0.002,1.000,0.000,-0.189,4,8.368,0.492,0.981,"Mountain trunk:(-0.001, -0.184, -0.983);Mountain trunk:(-0.001, -0.184, -0.983);Mountain trunk:(-0.001, -0.184, -0.983);Mountain trunk:(-0.001, -0.184, -0.983);"
9.560,188.248,879.168,87.586,-116.100,-0.007,-0.146,-0.023,-0.002,1.000,0.000,-0.190,4,8.399,0.499,0.981,"Mountain trunk:(-0.001, -0.184, -0.983);Mountain trunk:(-0.001, -0.184, -0.983);Mountain trunk:(-0.001, -0.184, -0.983);"
9.580,188.246,879.165,87.586,-116.100,-0.006,-0.122,-0.021,-0.001,1.000,0.000,-0.191,4,8.419,0.501,0.981,"Mountain trunk:(-0.001, -0.184, -0.983);Mountain trunk:(-0.001, -0.184, -0.983);Mountain trunk:(-0.001, -0.184, -0.983);"
9.600,188.243,879.163,87.585,-116.100,-0.005,-0.102,-0.020,-0.001,1.000,0.000,-0.192,4,8.436,0.491,0.981,"Mountain trunk:(-0.001, -0.184, -0.983);Mountain trunk:(-0.001, -0.184, -0.983);Mountain trunk:(-0.001, -0.184, -0.983);"
9.620,188.242,879.161,87.585,-116.100,-0.004,-0.086,-0.018,0.000,1.000,0.000,-0.192,4,8.449,0.482,0.981,"Mountain trunk:(-0.001, -0.184, -0.983);Mountain trunk:(-0.001, -0.184, -0.983);Mountain trunk:(-0.001, -0.184, -0.983);"
9.640,188.240,879.160,87.585,-116.100,-0.003,-0.072,-0.016,0.000,1.000,0.000,-0.193,4,8.461,0.474,0.981,"Mountain trunk:(-0.001, -0.184, -0.983);Mountain trunk:(-0.001, -0.184, -0.983);Mountain trunk:(-0.001, -0.184, -0.983);"
9.660,188.239,879.159,87.584,-116.100,-0.003,-0.061,-0.015,0.000,1.000,0.000,-0.193,4,8.470,0.487,0.981,"Mountain trunk:(-0.001, -0.184, -0.983);Mountain trunk:(-0.001, -0.184, -0.983);"
9.680,188.238,879.158,87.584,-116.100,-0.002,-0.051,-0.013,0.001,1.000,0.000,-0.193,4,8.476,0.490,0.981,"Mountain trunk:(-0.001, -0.184, -0.983);Mountain trunk:(-0.001, -0.184, -0.983);"
9.700,188.237,879.157,87.584,-116.100,-0.002,-0.043,-0.012,0.001,1.000,0.000,-0.194,4,8.481,0.489,0.981,"Mountain trunk:(-0.008, -0.186, -0.983);Mountain trunk:(-0.008, -0.186, -0.983);Mountain trunk:(-0.008, -0.186, -0.983);Mountain trunk:(-0.008, -0.186, -0.983);"
9.720,188.236,879.156,87.584,-116.100,-0.002,-0.036,-0.010,0.001,1.000,0.000,-0.194,4,8.485,0.499,0.981,"Mountain trunk:(-0.008, -0.186, -0.983);Mountain trunk:(-0.008, -0.186, -0.983);Mountain trunk:(-0.008, -0.186, -0.983);"
9.740,188.236,879.156,87.583,-116.100,-0.001,-0.030,-0.009,0.001,1.000,0.000,-0.194,4,8.487,0.500,0.981,"Mountain trunk:(-0.008, -0.186, -0.983);Mountain trunk:(-0.008, -0.186, -0.983);Mountain trunk:(-0.008, -0.186, -0.983);"
9.760,188.235,879.155,87.583,-116.100,-0.001,-0.026,-0.008,0.001,1.000,0.000,-0.194,4,8.488,0.504,0.981,"Mountain trunk:(-0.008, -0.186, -0.983);Mountain trunk:(-0.008, -0.186, -0.983);Mountain trunk:(-0.008, -0.186, -0.983);"
9.780,188.235,879.155,87.583,-116.100,-0.001,-0.021,-0.006,0.001,1.000,0.000,-0.195,4,8.488,0.508,0.981,"Mountain trunk:(-0.008, -0.186, -0.983);Mountain trunk:(-0.008, -0.186, -0.983);Mountain trunk:(-0.008, -0.186, -0.983);"
9.800,188.235,879.155,87.583,-116.100,-0.001,-0.018,-0.005,0.001,1.000,0.000,-0.195,4,8.487,0.512,0.981,"Mountain trunk:(-0.008, -0.186, -0.983);Mountain trunk:(-0.008, -0.186, -0.983);Mountain trunk:(-0.008, -0.186, -0.983);"
9.820,188.234,879.154,87.583,-116.100,-0.001,-0.015,-0.005,0.000,1.000,0.000,-0.195,4,8.486,0.517,0.981,"Mountain trunk:(-0.008, -0.186, -0.983);Mountain trunk:(-0.008, -0.186, -0.983);Mountain trunk:(-0.008, -0.186, -0.983);"
9.840,188.234,879.154,87.583,-116.100,0.000,-0.013,-0.004,0.000,1.000,0.000,-0.195,4,8.485,0.521,0.981,"Mountain trunk:(-0.008, -0.186, -0.983);Mountain trunk:(-0.008, -0.186, -0.983);Mountain trunk:(-0.008, -0.186, -0.983);"
9.860,188.234,879.154,87.583,-116.100,0.000,-0.011,-0.003,0.000,1.000,0.000,-0.195,4,8.483,0.526,0.981,"Mountain trunk:(-0.008, -0.186, -0.983);Mountain trunk:(-0.008, -0.186, -0.983);Mountain trunk:(-0.008, -0.186, -0.983);"
9.880,188.234,879.154,87.583,-116.100,0.000,-0.009,-0.002,0.000,1.000,0.000,-0.196,4,8.482,0.530,0.981,"Mountain trunk:(-0.008, -0.186, -0.983);Mountain trunk:(-0.008, -0.186, -0.983);Mountain trunk:(-0.008, -0.186, -0.983);"
9.900,188.234,879.154,87.583,-116.100,0.000,-0.007,-0.002,0.000,1.000,0.000,-0.196,4,8.480,0.534,0.981,"Mountain trunk:(-0.008, -0.186, -0.983);Mountain trunk:(-0.008, -0.186, -0.983);Mountain trunk:(-0.008, -0.186, -0.983);"
9.920,188.234,879.154,87.583,-116.100,0.000,-0.006,-0.002,0.000,1.000,0.000,-0.196,4,8.479,0.537,0.981,"Mountain trunk:(-0.008, -0.186, -0.983);Mountain trunk:(-0.008, -0.186, -0.983);Mountain trunk:(-0.008, -0.186, -0.983);"
9.940,188.234,879.154,87.583,-116.100,0.000,-0.005,-0.001,0.000,1.000,0.000,-0.196,4,8.478,0.540,0.981,"Mountain trunk:(-0.008, -0.186, -0.983);Mountain trunk:(-0.008, -0.186, -0.983);Mountain trunk:(-0.008, -0.186, -0.983);"
9.960,188.233,879.154,87.583,-116.100,0.000,-0.004,-0.001,0.000,1.000,0.000,-0.196,4,8.477,0.542,0.981,"Mountain trunk:(-0.008, -0.186, -0.983);Mountain trunk:(-0.008, -0.186, -0.983);Mountain trunk:(-0.008, -0.186, -0.983);"
9.980,188.233,879.154,87.583,-116.100,0.000,-0.003,-0.001,0.000,1.000,0.000,-0.196,4,8.476,0.544,0.981,"Mountain trunk:(-0.008, -0.186, -0.983);Mountain trunk:(-0.008, -0.186, -0.983);Mountain trunk:(-0.008, -0.186, -0.983);"
10.000,188.233,879.154,87.583,-116.100,0.000,-0.002,-0.001,0.000,1.000,0.000,-0.196,4,8.475,0.545,0.981,"Mountain trunk:(-0.008, -0.186, -0.983);Mountain trunk:(-0.008, -0.186, -0.983);Mountain trunk:(-0.008, -0.186, -0.983);"
10.020,188.233,879.154,87.583,-116.100,0.000,-0.002,0.000,0.000,1.000,0.000,-0.197,4,8.475,0.546,0.981,"Mountain trunk:(-0.008, -0.186, -0.983);Mountain trunk:(-0.008, -0.186, -0.983);Mountain trunk:(-0.008, -0.186, -0.983);"
10.040,188.233,879.154,87.583,-116.100,0.000,-0.001,0.000,0.000,1.000,0.000,-0.197,4,8.474,0.546,0.981,"Mountain trunk:(-0.008, -0.186, -0.983);Mountain trunk:(-0.008, -0.186, -0.983);Mountain trunk:(-0.008, -0.186, -0.983);"
10.060,188.233,879.154,87.583,-116.100,0.000,-0.001,0.000,0.000,1.000,0.000,-0.197,4,8.474,0.546,0.981,"Mountain trunk:(-0.008, -0.186, -0.983);Mountain trunk:(-0.008, -0.186, -0.983);Mountain trunk:(-0.008, -0.186, -0.983);"
10.080,188.234,879.154,87.583,-116.100,0.000,0.000,0.000,0.000,1.000,0.000,-0.197,4,8.474,0.546,0.981,"Mountain trunk:(-0.008, -0.186, -0.983);Mountain trunk:(-0.008, -0.186, -0.983);Mountain trunk:(-0.008, -0.186, -0.983);"
10.100,188.234,879.154,87.583,-116.100,0.000,0.000,0.000,0.000,1.000,0.000,-0.197,4,8.474,0.545,0.981,"Mountain trunk:(-0.008, -0.186, -0.983);Mountain trunk:(-0.008, -0.186, -0.983);Mountain trunk:(-0.008, -0.186, -0.983);"
10.120,188.234,879.154,87.583,-116.100,0.000,0.001,0.000,0.000,1.000,0.000,-0.197,4,8.473,0.545,0.981,"Mountain trunk:(-0.008, -0.186, -0.983);Mountain trunk:(-0.008, -0.186, -0.983);Mountain trunk:(-0.008, -0.186, -0.983);"
10.140,188.234,879.154,87.583,-116.100,0.000,0.001,0.000,0.000,1.000,0.000,-0.197,4,8.473,0.544,0.981,"Mountain trunk:(-0.008, -0.186, -0.983);Mountain trunk:(-0.008, -0.186, -0.983);Mountain trunk:(-0.008, -0.186, -0.983);"
10.160,188.234,879.154,87.583,-116.100,0.000,0.001,0.000,0.000,1.000,0.000,-0.197,4,8.473,0.542,0.981,"Mountain trunk:(-0.008, -0.186, -0.983);Mountain trunk:(-0.008, -0.186, -0.983);Mountain trunk:(-0.008, -0.186, -0.983);"
10.180,188.234,879.154,87.583,-116.100,0.000,0.001,0.000,0.000,1.000,0.000,-0.197,4,8.473,0.541,0.981,"Mountain trunk:(-0.008, -0.186, -0.983);Mountain trunk:(-0.008, -0.186, -0.983);Mountain trunk:(-0.008, -0.186, -0.983);"
10.200,188.234,879.154,87.583,-116.100,0.000,0.002,0.000,0.000,1.000,0.000,-0.197,4,8.473,0.540,0.981,"Mountain trunk:(-0.008, -0.186, -0.983);Mountain trunk:(-0.008, -0.186, -0.983);Mountain trunk:(-0.008, -0.186, -0.983);"
10.220,188.234,879.154,87.583,-116.100,0.000,0.002,0.000,0.000,1.000,0.000,-0.197,4,8.473,0.539,0.981,"Mountain trunk:(-0.008, -0.186, -0.983);Mountain trunk:(-0.008, -0.186, -0.983);Mountain trunk:(-0.008, -0.186, -0.983);"
10.240,188.234,879.154,87.583,-116.100,0.000,0.002,0.000,0.000,1.000,0.000,-0.197,4,8.473,0.537,0.981,"Mountain trunk:(-0.008, -0.186, -0.983);Mountain trunk:(-0.008, -0.186, -0.983);Mountain trunk:(-0.008, -0.186, -0.983);"
10.260,188.234,879.154,87.583,-116.100,0.000,0.002,0.000,0.000,1.000,0.000,-0.197,4,8.473,0.536,0.981,"Mountain trunk:(-0.008, -0.186, -0.983);Mountain trunk:(-0.008, -0.186, -0.983);Mountain trunk:(-0.008, -0.186, -0.983);"
10.280,188.234,879.154,87.583,-116.100,0.000,0.002,0.000,0.000,1.000,0.000,-0.197,4,8.473,0.535,0.981,"Mountain trunk:(-0.008, -0.186, -0.983);Mountain trunk:(-0.008, -0.186, -0.983);Mountain trunk:(-0.008, -0.186, -0.983);"
10.300,188.234,879.154,87.583,-116.100,0.000,0.002,0.000,0.000,1.000,0.000,-0.197,4,8.474,0.534,0.981,"Mountain trunk:(-0.008, -0.186, -0.983);Mountain trunk:(-0.008, -0.186, -0.983);Mountain trunk:(-0.008, -0.186, -0.983);"
10.320,188.234,879.154,87.583,-116.100,0.000,0.002,0.000,0.000,1.000,0.000,-0.197,4,8.474,0.533,0.981,"Mountain trunk:(-0.008, -0.186, -0.983);Mountain trunk:(-0.008, -0.186, -0.983);Mountain trunk:(-0.008, -0.186, -0.983);"
10.340,188.234,879.154,87.583,-116.100,0.000,0.002,0.000,0.000,1.000,0.000,-0.197,4,8.473,0.533,0.981,"Mountain trunk:(-0.008, -0.186, -0.983);Mountain trunk:(-0.008, -0.186, -0.983);Mountain trunk:(-0.008, -0.186, -0.983);"
10.360,188.234,879.154,87.583,-116.100,0.000,0.003,0.000,0.000,1.000,0.000,-0.197,4,8.473,0.532,0.981,"Mountain trunk:(-0.008, -0.186, -0.983);Mountain trunk:(-0.008, -0.186, -0.983);Mountain trunk:(-0.008, -0.186, -0.983);"
10.380,188.234,879.155,87.583,-116.100,0.000,0.003,0.000,0.000,1.000,0.000,-0.197,4,8.473,0.531,0.981,"Mountain trunk:(-0.008, -0.186, -0.983);Mountain trunk:(-0.008, -0.186, -0.983);Mountain trunk:(-0.008, -0.186, -0.983);"
10.400,188.234,879.155,87.583,-116.100,0.000,0.003,0.000,0.000,1.000,0.000,-0.197,4,8.473,0.531,0.981,"Mountain trunk:(-0.008, -0.186, -0.983);Mountain trunk:(-0.008, -0.186, -0.983);Mountain trunk:(-0.008, -0.186, -0.983);"
10.420,188.234,879.155,87.583,-116.100,0.000,0.003,0.000,0.000,1.000,0.000,-0.197,4,8.473,0.531,0.981,"Mountain trunk:(-0.008, -0.186, -0.983);Mountain trunk:(-0.008, -0.186, -0.983);Mountain trunk:(-0.008, -0.186, -0.983);"
10.440,188.234,879.155,87.583,-116.100,0.000,0.003,0.000,0.000,1.000,0.000,-0.197,4,8.472,0.531,0.981,"Mountain trunk:(-0.008, -0.186, -0.983);Mountain trunk:(-0.008, -0.186, -0.983);Mountain trunk:(-0.008, -0.186, -0.983);"
10.460,188.234,879.155,87.583,-116.100,0.000,0.003,0.000,0.000,1.000,0.000,-0.197,4,8.473,0.530,0.981,"Mountain trunk:(-0.008, -0.186, -0.983);Mountain trunk:(-0.008, -0.186, -0.983);Mountain trunk:(-0.008, -0.186, -0.983);"
10.480,188.234,879.155,87.583,-116.100,0.000,0.003,0.000,0.000,1.000,0.000,-0.197,4,8.473,0.530,0.981,"Mountain trunk:(-0.008, -0.186, -0.983);Mountain trunk:(-0.008, -0.186, -0.983);Mountain trunk:(-0.008, -0.186, -0.983);"
10.500,188.234,879.155,87.583,-116.100,0.000,0.003,0.000,0.000,1.000,0.000,-0.197,4,8.473,0.530,0.981,"Mountain trunk:(-0.008, -0.186, -0.983);Mountain trunk:(-0.008, -0.186, -0.983);Mountain trunk:(-0.008, -0.186, -0.983);"
10.520,188.235,879.155,87.583,-116.100,0.000,0.003,0.000,0.000,1.000,0.000,-0.197,4,8.473,0.530,0.981,"Mountain trunk:(-0.008, -0.186, -0.983);Mountain trunk:(-0.008, -0.186, -0.983);Mountain trunk:(-0.008, -0.186, -0.983);"
10.540,188.235,879.155,87.583,-116.100,0.000,0.003,0.000,0.000,1.000,0.000,-0.197,4,8.473,0.530,0.981,"Mountain trunk:(-0.008, -0.186, -0.983);Mountain trunk:(-0.008, -0.186, -0.983);Mountain trunk:(-0.008, -0.186, -0.983);"
10.560,188.235,879.155,87.583,-116.100,0.000,0.003,0.000,0.000,1.000,0.000,-0.197,4,8.472,0.531,0.981,"Mountain trunk:(-0.008, -0.186, -0.983);Mountain trunk:(-0.008, -0.186, -0.983);Mountain trunk:(-0.008, -0.186, -0.983);"
10.580,188.235,879.155,87.583,-116.100,0.000,0.003,0.000,0.000,1.000,0.000,-0.197,4,8.472,0.531,0.981,"Mountain trunk:(-0.008, -0.186, -0.983);Mountain trunk:(-0.008, -0.186, -0.983);Mountain trunk:(-0.008, -0.186, -0.983);"
10.600,188.235,879.155,87.583,-116.100,0.000,0.003,0.000,0.000,1.000,0.000,-0.197,4,8.473,0.531,0.981,"Mountain trunk:(-0.008, -0.186, -0.983);Mountain trunk:(-0.008, -0.186, -0.983);Mountain trunk:(-0.008, -0.186, -0.983);"
10.620,188.235,879.155,87.583,-116.100,0.000,0.003,0.000,0.000,1.000,0.000,-0.197,4,8.473,0.531,0.981,"Mountain trunk:(-0.008, -0.186, -0.983);Mountain trunk:(-0.008, -0.186, -0.983);Mountain trunk:(-0.008, -0.186, -0.983);"
10.640,188.235,879.155,87.583,-116.100,0.000,0.003,0.000,0.000,1.000,0.000,-0.197,4,8.473,0.531,0.981,"Mountain trunk:(-0.008, -0.186, -0.983);Mountain trunk:(-0.008, -0.186, -0.983);Mountain trunk:(-0.008, -0.186, -0.983);"
10.660,188.235,879.155,87.583,-116.100,0.000,0.003,0.000,0.000,1.000,0.000,-0.197,4,8.473,0.531,0.981,"Mountain trunk:(-0.008, -0.186, -0.983);Mountain trunk:(-0.008, -0.186, -0.983);Mountain trunk:(-0.008, -0.186, -0.983);"
10.680,188.235,879.155,87.583,-116.100,0.000,0.003,0.000,0.000,1.000,0.000,-0.197,4,8.473,0.532,0.981,"Mountain trunk:(-0.008, -0.186, -0.983);Mountain trunk:(-0.008, -0.186, -0.983);Mountain trunk:(-0.008, -0.186, -0.983);"
10.700,188.235,879.156,87.583,-116.100,0.000,0.003,0.000,0.000,1.000,0.000,-0.197,4,8.473,0.532,0.981,"Mountain trunk:(-0.008, -0.186, -0.983);Mountain trunk:(-0.008, -0.186, -0.983);Mountain trunk:(-0.008, -0.186, -0.983);"
10.720,188.235,879.156,87.583,-116.100,0.000,0.003,0.000,0.000,1.000,0.000,-0.197,4,8.473,0.532,0.981,"Mountain trunk:(-0.008, -0.186, -0.983);Mountain trunk:(-0.008, -0.186, -0.983);Mountain trunk:(-0.008, -0.186, -0.983);"
10.740,188.235,879.156,87.583,-116.100,0.000,0.003,0.000,0.000,1.000,0.000,-0.197,4,8.473,0.531,0.981,"Mountain trunk:(-0.008, -0.186, -0.983);Mountain trunk:(-0.008, -0.186, -0.983);Mountain trunk:(-0.008, -0.186, -0.983);"
10.760,188.235,879.156,87.583,-116.100,0.000,0.003,0.000,0.000,1.000,0.000,-0.197,4,8.473,0.531,0.981,"Mountain trunk:(-0.008, -0.186, -0.983);Mountain trunk:(-0.008, -0.186, -0.983);Mountain trunk:(-0.008, -0.186, -0.983);"
10.780,188.235,879.156,87.583,-116.100,0.000,0.003,0.000,0.000,1.000,0.000,-0.197,4,8.473,0.531,0.981,"Mountain trunk:(-0.008, -0.186, -0.983);Mountain trunk:(-0.008, -0.186, -0.983);Mountain trunk:(-0.008, -0.186, -0.983);"
10.800,188.235,879.156,87.583,-116.100,0.000,0.003,0.000,0.000,1.000,0.000,-0.197,4,8.472,0.531,0.981,"Mountain trunk:(-0.008, -0.186, -0.983);Mountain trunk:(-0.008, -0.186, -0.983);Mountain trunk:(-0.008, -0.186, -0.983);"
10.820,188.235,879.156,87.583,-116.100,0.000,0.003,0.000,0.000,1.000,0.000,-0.197,4,8.472,0.531,0.981,"Mountain trunk:(-0.008, -0.186, -0.983);Mountain trunk:(-0.008, -0.186, -0.983);Mountain trunk:(-0.008, -0.186, -0.983);"
10.840,188.235,879.156,87.583,-116.100,0.000,0.003,0.000,0.000,1.000,0.000,-0.197,4,8.472,0.531,0.981,"Mountain trunk:(-0.008, -0.186, -0.983);Mountain trunk:(-0.008, -0.186, -0.983);Mountain trunk:(-0.008, -0.186, -0.983);"
10.860,188.235,879.156,87.583,-116.100,0.000,0.003,0.000,0.000,1.000,0.000,-0.197,4,8.473,0.531,0.981,"Mountain trunk:(-0.008, -0.186, -0.983);Mountain trunk:(-0.008, -0.186, -0.983);Mountain trunk:(-0.008, -0.186, -0.983);"
10.880,188.235,879.156,87.583,-116.100,0.000,0.003,0.000,0.000,1.000,0.000,-0.197,4,8.472,0.531,0.981,"Mountain trunk:(-0.008, -0.186, -0.983);Mountain trunk:(-0.008, -0.186, -0.983);Mountain trunk:(-0.008, -0.186, -0.983);"
10.900,188.235,879.156,87.583,-116.100,0.000,0.003,0.000,0.000,1.000,0.000,-0.197,4,8.472,0.531,0.981,"Mountain trunk:(-0.008, -0.186, -0.983);Mountain trunk:(-0.008, -0.186, -0.983);Mountain trunk:(-0.008, -0.186, -0.983);"
10.920,188.235,879.156,87.583,-116.100,0.000,0.003,0.000,0.000,1.000,0.000,-0.197,4,8.472,0.531,0.981,"Mountain trunk:(-0.008, -0.186, -0.983);Mountain trunk:(-0.008, -0.186, -0.983);Mountain trunk:(-0.008, -0.186, -0.983);"
10.940,188.236,879.156,87.583,-116.100,0.000,0.003,0.000,0.000,1.000,0.000,-0.197,4,8.472,0.531,0.981,"Mountain trunk:(-0.008, -0.186, -0.983);Mountain trunk:(-0.008, -0.186, -0.983);Mountain trunk:(-0.008, -0.186, -0.983);"
10.960,188.236,879.156,87.583,-116.100,0.000,0.003,0.000,0.000,1.000,0.000,-0.197,4,8.472,0.531,0.981,"Mountain trunk:(-0.008, -0.186, -0.983);Mountain trunk:(-0.008, -0.186, -0.983);Mountain trunk:(-0.008, -0.186, -0.983);"
10.980,188.236,879.156,87.583,-116.100,0.000,0.003,0.000,0.000,1.000,0.000,-0.197,4,8.473,0.531,0.981,"Mountain trunk:(-0.008, -0.186, -0.983);Mountain trunk:(-0.008, -0.186, -0.983);Mountain trunk:(-0.008, -0.186, -0.983);"
11.000,188.236,879.156,87.583,-116.100,0.000,0.003,0.000,0.000,1.000,0.000,-0.197,4,8.472,0.531,0.981,"Mountain trunk:(-0.008, -0.186, -0.983);Mountain trunk:(-0.008, -0.186, -0.983);Mountain trunk:(-0.008, -0.186, -0.983);"
11.020,188.236,879.156,87.583,-116.100,0.000,0.003,0.000,0.000,1.000,0.000,-0.197,4,8.473,0.531,0.981,"Mountain trunk:(-0.008, -0.186, -0.983);Mountain trunk:(-0.008, -0.186, -0.983);Mountain trunk:(-0.008, -0.186, -0.983);"
11.040,188.236,879.157,87.583,-116.100,0.000,0.003,0.000,0.000,1.000,0.000,-0.197,4,8.473,0.531,0.981,"Mountain trunk:(-0.008, -0.186, -0.983);Mountain trunk:(-0.008, -0.186, -0.983);Mountain trunk:(-0.008, -0.186, -0.983);"
11.060,188.236,879.157,87.583,-116.100,0.000,0.003,0.000,0.000,1.000,0.000,-0.197,4,8.473,0.531,0.981,"Mountain trunk:(-0.008, -0.186, -0.983);Mountain trunk:(-0.008, -0.186, -0.983);Mountain trunk:(-0.008, -0.186, -0.983);"
11.080,188.236,879.157,87.583,-116.100,0.000,0.003,0.000,0.000,1.000,0.000,-0.196,4,8.473,0.531,0.981,"Mountain trunk:(-0.008, -0.186, -0.983);Mountain trunk:(-0.008, -0.186, -0.983);Mountain trunk:(-0.008, -0.186, -0.983);"
11.100,188.236,879.157,87.583,-116.100,0.000,0.003,0.000,0.000,1.000,0.000,-0.196,4,8.473,0.531,0.981,"Mountain trunk:(-0.008, -0.186, -0.983);Mountain trunk:(-0.008, -0.186, -0.983);Mountain trunk:(-0.008, -0.186, -0.983);"
11.120,188.236,879.157,87.583,-116.100,0.000,0.003,0.000,0.000,1.000,0.000,-0.196,4,8.473,0.531,0.981,"Mountain trunk:(-0.008, -0.186, -0.983);Mountain trunk:(-0.008, -0.186, -0.983);Mountain trunk:(-0.008, -0.186, -0.983);"
11.140,188.236,879.157,87.583,-116.100,0.000,0.003,0.000,0.000,1.000,0.000,-0.196,4,8.473,0.531,0.981,"Mountain trunk:(-0.008, -0.186, -0.983);Mountain trunk:(-0.008, -0.186, -0.983);Mountain trunk:(-0.008, -0.186, -0.983);"
11.160,188.236,879.157,87.583,-116.100,0.000,0.003,0.000,0.000,1.000,0.000,-0.196,4,8.473,0.531,0.981,"Mountain trunk:(-0.008, -0.186, -0.983);Mountain trunk:(-0.008, -0.186, -0.983);Mountain trunk:(-0.008, -0.186, -0.983);"
11.180,188.236,879.157,87.583,-116.100,0.000,0.003,0.000,0.000,1.000,0.000,-0.196,4,8.472,0.531,0.981,"Mountain trunk:(-0.008, -0.186, -0.983);Mountain trunk:(-0.008, -0.186, -0.983);Mountain trunk:(-0.008, -0.186, -0.983);"
11.200,188.236,879.157,87.583,-116.100,0.000,0.003,0.000,0.000,1.000,0.000,-0.196,4,8.472,0.532,0.981,"Mountain trunk:(-0.008, -0.186, -0.983);Mountain trunk:(-0.008, -0.186, -0.983);Mountain trunk:(-0.008, -0.186, -0.983);"
11.220,188.236,879.157,87.583,-116.100,0.000,0.003,0.000,0.000,1.000,0.000,-0.196,4,8.473,0.531,0.981,"Mountain trunk:(-0.008, -0.186, -0.983);Mountain trunk:(-0.008, -0.186, -0.983);Mountain trunk:(-0.008, -0.186, -0.983);"
11.240,188.236,879.157,87.583,-116.100,0.000,0.003,0.000,0.000,1.000,0.000,-0.196,4,8.473,0.532,0.981,"Mountain trunk:(-0.008, -0.186, -0.983);Mountain trunk:(-0.008, -0.186, -0.983);Mountain trunk:(-0.008, -0.186, -0.983);"
11.260,188.236,879.157,87.583,-116.100,0.000,0.003,0.000,0.000,1.000,0.000,-0.196,4,8.473,0.532,0.981,"Mountain trunk:(-0.008, -0.186, -0.983);Mountain trunk:(-0.008, -0.186, -0.983);Mountain trunk:(-0.008, -0.186, -0.983);"
11.280,188.236,879.157,87.583,-116.100,0.000,0.003,0.000,0.000,1.000,0.000,-0.196,4,8.473,0.532,0.981,"Mountain trunk:(-0.008, -0.186, -0.983);Mountain trunk:(-0.008, -0.186, -0.983);Mountain trunk:(-0.008, -0.186, -0.983);"
11.300,188.237,879.157,87.583,-116.100,0.000,0.003,0.000,0.000,1.000,0.000,-0.196,4,8.473,0.532,0.981,"Mountain trunk:(-0.008, -0.186, -0.983);Mountain trunk:(-0.008, -0.186, -0.983);Mountain trunk:(-0.008, -0.186, -0.983);"
11.320,188.237,879.157,87.583,-116.100,0.000,0.003,0.000,0.000,1.000,0.000,-0.196,4,8.473,0.532,0.981,"Mountain trunk:(-0.008, -0.186, -0.983);Mountain trunk:(-0.008, -0.186, -0.983);Mountain trunk:(-0.008, -0.186, -0.983);"
11.340,188.237,879.157,87.583,-116.100,0.000,0.003,0.000,0.000,1.000,0.000,-0.196,4,8.473,0.532,0.981,"Mountain trunk:(-0.008, -0.186, -0.983);Mountain trunk:(-0.008, -0.186, -0.983);Mountain trunk:(-0.008, -0.186, -0.983);"
11.360,188.237,879.158,87.583,-116.100,0.000,0.003,0.000,0.000,1.000,0.000,-0.196,4,8.473,0.532,0.981,"Mountain trunk:(-0.008, -0.186, -0.983);Mountain trunk:(-0.008, -0.186, -0.983);Mountain trunk:(-0.008, -0.186, -0.983);"
11.380,188.237,879.158,87.583,-116.100,0.000,0.003,0.000,0.000,1.000,0.000,-0.196,4,8.473,0.532,0.981,"Mountain trunk:(-0.008, -0.186, -0.983);Mountain trunk:(-0.008, -0.186, -0.983);Mountain trunk:(-0.008, -0.186, -0.983);"
11.400,188.237,879.158,87.583,-116.100,0.000,0.003,0.000,0.000,1.000,0.000,-0.196,4,8.473,0.532,0.981,"Mountain trunk:(-0.008, -0.186, -0.983);Mountain trunk:(-0.008, -0.186, -0.983);Mountain trunk:(-0.008, -0.186, -0.983);"
11.420,188.237,879.158,87.583,-116.100,0.000,0.003,0.000,0.000,1.000,0.000,-0.196,4,8.473,0.532,0.981,"Mountain trunk:(-0.008, -0.186, -0.983);Mountain trunk:(-0.008, -0.186, -0.983);Mountain trunk:(-0.008, -0.186, -0.983);"
11.440,188.237,879.158,87.583,-116.100,0.000,0.003,0.000,0.000,1.000,0.000,-0.196,4,8.473,0.532,0.981,"Mountain trunk:(-0.008, -0.186, -0.983);Mountain trunk:(-0.008, -0.186, -0.983);Mountain trunk:(-0.008, -0.186, -0.983);"
11.460,188.237,879.158,87.583,-116.100,0.000,0.003,0.000,0.000,1.000,0.000,-0.196,4,8.473,0.532,0.981,"Mountain trunk:(-0.008, -0.186, -0.983);Mountain trunk:(-0.008, -0.186, -0.983);Mountain trunk:(-0.008, -0.186, -0.983);"
11.480,188.237,879.158,87.583,-116.100,0.000,0.003,0.000,0.000,1.000,0.000,-0.196,4,8.473,0.532,0.981,"Mountain trunk:(-0.008, -0.186, -0.983);Mountain trunk:(-0.008, -0.186, -0.983);Mountain trunk:(-0.008, -0.186, -0.983);"
11.500,188.237,879.158,87.583,-116.100,0.000,0.003,0.000,0.000,1.000,0.000,-0.196,4,8.474,0.532,0.981,"Mountain trunk:(-0.008, -0.186, -0.983);Mountain trunk:(-0.008, -0.186, -0.983);Mountain trunk:(-0.008, -0.186, -0.983);"
11.520,188.237,879.158,87.583,-116.100,0.000,0.003,0.000,0.000,1.000,0.000,-0.196,4,8.473,0.532,0.981,"Mountain trunk:(-0.008, -0.186, -0.983);Mountain trunk:(-0.008, -0.186, -0.983);Mountain trunk:(-0.008, -0.186, -0.983);"
11.540,188.237,879.158,87.583,-116.100,0.000,0.003,0.000,0.000,1.000,0.000,-0.196,4,8.474,0.532,0.981,"Mountain trunk:(-0.008, -0.186, -0.983);Mountain trunk:(-0.008, -0.186, -0.983);Mountain trunk:(-0.008, -0.186, -0.983);"
11.560,188.237,879.158,87.583,-116.100,0.000,0.003,0.000,0.000,1.000,0.000,-0.196,4,8.473,0.532,0.981,"Mountain trunk:(-0.008, -0.186, -0.983);Mountain trunk:(-0.008, -0.186, -0.983);Mountain trunk:(-0.008, -0.186, -0.983);"
11.580,188.237,879.158,87.583,-116.100,0.000,0.003,0.000,0.000,1.000,0.000,-0.196,4,8.473,0.532,0.981,"Mountain trunk:(-0.008, -0.186, -0.983);Mountain trunk:(-0.008, -0.186, -0.983);Mountain trunk:(-0.008, -0.186, -0.983);"
11.600,188.237,879.158,87.583,-116.100,0.000,0.003,0.000,0.000,1.000,0.000,-0.196,4,8.473,0.532,0.981,"Mountain trunk:(-0.008, -0.186, -0.983);Mountain trunk:(-0.008, -0.186, -0.983);Mountain trunk:(-0.008, -0.186, -0.983);"
11.620,188.237,879.158,87.583,-116.100,0.000,0.003,0.000,0.000,1.000,0.000,-0.196,4,8.473,0.532,0.981,"Mountain trunk:(-0.008, -0.186, -0.983);Mountain trunk:(-0.008, -0.186, -0.983);Mountain trunk:(-0.008, -0.186, -0.983);"
11.640,188.237,879.158,87.583,-116.100,0.000,0.003,0.000,0.000,1.000,0.000,-0.196,4,8.473,0.532,0.981,"Mountain trunk:(-0.008, -0.186, -0.983);Mountain trunk:(-0.008, -0.186, -0.983);Mountain trunk:(-0.008, -0.186, -0.983);"
11.660,188.237,879.158,87.583,-116.100,0.000,0.003,0.000,0.000,1.000,0.000,-0.196,4,8.474,0.532,0.981,"Mountain trunk:(-0.008, -0.186, -0.983);Mountain trunk:(-0.008, -0.186, -0.983);Mountain trunk:(-0.008, -0.186, -0.983);"
11.680,188.237,879.158,87.583,-116.100,0.000,0.003,0.000,0.000,1.000,0.000,-0.196,4,8.473,0.532,0.981,"Mountain trunk:(-0.008, -0.186, -0.983);Mountain trunk:(-0.008, -0.186, -0.983);Mountain trunk:(-0.008, -0.186, -0.983);"
11.700,188.238,879.159,87.583,-116.100,0.000,0.003,0.000,0.000,1.000,0.000,-0.196,4,8.473,0.532,0.981,"Mountain trunk:(-0.008, -0.186, -0.983);Mountain trunk:(-0.008, -0.186, -0.983);Mountain trunk:(-0.008, -0.186, -0.983);"
11.720,188.238,879.159,87.583,-116.100,0.000,0.003,0.000,0.000,1.000,0.000,-0.196,4,8.474,0.532,0.981,"Mountain trunk:(-0.008, -0.186, -0.983);Mountain trunk:(-0.008, -0.186, -0.983);Mountain trunk:(-0.008, -0.186, -0.983);"
11.740,188.238,879.159,87.583,-116.100,0.000,0.003,0.000,0.000,1.000,0.000,-0.196,4,8.474,0.532,0.981,"Mountain trunk:(-0.008, -0.186, -0.983);Mountain trunk:(-0.008, -0.186, -0.983);Mountain trunk:(-0.008, -0.186, -0.983);"
11.760,188.238,879.159,87.583,-116.100,0.000,0.003,0.000,0.000,1.000,0.000,-0.196,4,8.474,0.532,0.981,"Mountain trunk:(-0.008, -0.186, -0.983);Mountain trunk:(-0.008, -0.186, -0.983);Mountain trunk:(-0.008, -0.186, -0.983);"
11.780,188.238,879.159,87.583,-116.100,0.000,0.003,0.000,0.000,1.000,0.000,-0.196,4,8.474,0.532,0.981,"Mountain trunk:(-0.008, -0.186, -0.983);Mountain trunk:(-0.008, -0.186, -0.983);Mountain trunk:(-0.008, -0.186, -0.983);"
11.800,188.238,879.159,87.583,-116.100,0.000,0.003,0.000,0.000,1.000,0.000,-0.196,4,8.474,0.532,0.981,"Mountain trunk:(-0.008, -0.186, -0.983);Mountain trunk:(-0.008, -0.186, -0.983);Mountain trunk:(-0.008, -0.186, -0.983);"
11.820,188.238,879.159,87.583,-116.100,0.000,0.003,0.000,0.000,1.000,0.000,-0.196,4,8.474,0.532,0.981,"Mountain trunk:(-0.008, -0.186, -0.983);Mountain trunk:(-0.008, -0.186, -0.983);Mountain trunk:(-0.008, -0.186, -0.983);Mountain trunk:(-0.008, -0.186, -0.983);"
11.840,188.238,879.159,87.583,-116.100,0.000,0.003,0.000,0.000,1.000,0.000,-0.196,4,8.475,0.536,0.981,"Mountain trunk:(-0.008, -0.186, -0.983);Mountain trunk:(-0.008, -0.186, -0.983);Mountain trunk:(-0.008, -0.186, -0.983);Mountain trunk:(-0.008, -0.186, -0.983);"
11.860,188.238,879.159,87.583,-116.100,0.000,0.003,0.000,0.000,1.000,0.000,-0.196,4,8.475,0.539,0.981,"Mountain trunk:(-0.008, -0.186, -0.983);Mountain trunk:(-0.008, -0.186, -0.983);Mountain trunk:(-0.008, -0.186, -0.983);Mountain trunk:(-0.008, -0.186, -0.983);"
11.880,188.238,879.159,87.583,-116.100,0.000,0.003,0.000,0.000,1.000,0.000,-0.196,4,8.476,0.541,0.981,"Mountain trunk:(-0.008, -0.186, -0.983);Mountain trunk:(-0.008, -0.186, -0.983);Mountain trunk:(-0.008, -0.186, -0.983);Mountain trunk:(-0.008, -0.186, -0.983);"
11.900,188.238,879.159,87.583,-116.100,0.000,0.003,0.000,0.000,1.000,0.000,-0.196,4,8.477,0.543,0.981,"Mountain trunk:(-0.008, -0.186, -0.983);Mountain trunk:(-0.008, -0.186, -0.983);Mountain trunk:(-0.008, -0.186, -0.983);Mountain trunk:(-0.008, -0.186, -0.983);"
11.920,188.238,879.159,87.583,-116.100,0.000,0.003,0.000,0.000,1.000,0.000,-0.196,4,8.478,0.544,0.981,"Mountain trunk:(-0.008, -0.186, -0.983);Mountain trunk:(-0.008, -0.186, -0.983);Mountain trunk:(-0.008, -0.186, -0.983);Mountain trunk:(-0.008, -0.186, -0.983);"
11.940,188.238,879.159,87.583,-116.100,0.000,0.003,0.000,0.000,1.000,0.000,-0.196,4,8.478,0.544,0.981,"Mountain trunk:(-0.008, -0.186, -0.983);Mountain trunk:(-0.008, -0.186, -0.983);Mountain trunk:(-0.008, -0.186, -0.983);Mountain trunk:(-0.008, -0.186, -0.983);"
11.960,188.238,879.159,87.583,-116.100,0.000,0.003,0.000,0.000,1.000,0.000,-0.196,4,8.478,0.545,0.981,"Mountain trunk:(-0.008, -0.186, -0.983);Mountain trunk:(-0.008, -0.186, -0.983);Mountain trunk:(-0.008, -0.186, -0.983);Mountain trunk:(-0.008, -0.186, -0.983);"
11.980,188.238,879.160,87.583,-116.100,0.000,0.003,0.000,0.000,1.000,0.000,-0.196,4,8.479,0.545,0.981,"Mountain trunk:(-0.008, -0.186, -0.983);Mountain trunk:(-0.008, -0.186, -0.983);Mountain trunk:(-0.008, -0.186, -0.983);Mountain trunk:(-0.008, -0.186, -0.983);"
12.000,188.238,879.160,87.583,-116.100,0.000,0.003,0.000,0.000,1.000,0.000,-0.196,4,8.479,0.546,0.981,"Mountain trunk:(-0.008, -0.186, -0.983);Mountain trunk:(-0.008, -0.186, -0.983);Mountain trunk:(-0.008, -0.186, -0.983);Mountain trunk:(-0.008, -0.186, -0.983);"
12.020,188.238,879.160,87.583,-116.100,0.000,0.003,0.000,0.000,1.000,0.000,-0.196,4,8.479,0.546,0.981,"Mountain trunk:(-0.008, -0.186, -0.983);Mountain trunk:(-0.008, -0.186, -0.983);Mountain trunk:(-0.008, -0.186, -0.983);Mountain trunk:(-0.008, -0.186, -0.983);"
12.040,188.238,879.160,87.583,-116.100,0.000,0.003,0.000,0.000,1.000,0.000,-0.196,4,8.479,0.546,0.981,"Mountain trunk:(-0.008, -0.186, -0.983);Mountain trunk:(-0.008, -0.186, -0.983);Mountain trunk:(-0.008, -0.186, -0.983);Mountain trunk:(-0.008, -0.186, -0.983);"
12.060,188.239,879.160,87.583,-116.100,0.000,0.003,0.000,0.000,1.000,0.000,-0.196,4,8.479,0.546,0.981,"Mountain trunk:(-0.008, -0.186, -0.983);Mountain trunk:(-0.008, -0.186, -0.983);Mountain trunk:(-0.008, -0.186, -0.983);Mountain trunk:(-0.008, -0.186, -0.983);"
12.080,188.239,879.160,87.583,-116.100,0.000,0.003,0.000,0.000,1.000,0.000,-0.196,4,8.479,0.546,0.981,"Mountain trunk:(-0.008, -0.186, -0.983);Mountain trunk:(-0.008, -0.186, -0.983);Mountain trunk:(-0.008, -0.186, -0.983);Mountain trunk:(-0.008, -0.186, -0.983);"
12.100,188.239,879.160,87.583,-116.100,0.000,0.003,0.000,0.000,1.000,0.000,-0.196,4,8.479,0.545,0.981,"Mountain trunk:(-0.008, -0.186, -0.983);Mountain trunk:(-0.008, -0.186, -0.983);Mountain trunk:(-0.008, -0.186, -0.983);Mountain trunk:(-0.008, -0.186, -0.983);"
12.120,188.239,879.160,87.583,-116.100,0.000,0.003,0.000,0.000,1.000,0.000,-0.196,4,8.480,0.545,0.981,"Mountain trunk:(-0.008, -0.186, -0.983);Mountain trunk:(-0.008, -0.186, -0.983);Mountain trunk:(-0.008, -0.186, -0.983);Mountain trunk:(-0.008, -0.186, -0.983);"
12.140,188.239,879.160,87.583,-116.100,0.000,0.003,0.000,0.000,1.000,0.000,-0.196,4,8.480,0.545,0.981,"Mountain trunk:(-0.008, -0.186, -0.983);Mountain trunk:(-0.008, -0.186, -0.983);Mountain trunk:(-0.008, -0.186, -0.983);Mountain trunk:(-0.008, -0.186, -0.983);"
12.160,188.239,879.160,87.583,-116.100,0.000,0.003,0.000,0.000,1.000,0.000,-0.196,4,8.480,0.545,0.981,"Mountain trunk:(-0.008, -0.186, -0.983);Mountain trunk:(-0.008, -0.186, -0.983);Mountain trunk:(-0.008, -0.186, -0.983);Mountain trunk:(-0.008, -0.186, -0.983);"
12.180,188.239,879.160,87.583,-116.100,0.000,0.003,0.000,0.000,1.000,0.000,-0.196,4,8.480,0.545,0.981,"Mountain trunk:(-0.008, -0.186, -0.983);Mountain trunk:(-0.008, -0.186, -0.983);Mountain trunk:(-0.008, -0.186, -0.983);Mountain trunk:(-0.008, -0.186, -0.983);"
12.200,188.239,879.160,87.583,-116.100,0.000,0.003,0.000,0.000,1.000,0.000,-0.196,4,8.480,0.545,0.981,"Mountain trunk:(-0.008, -0.186, -0.983);Mountain trunk:(-0.008, -0.186, -0.983);Mountain trunk:(-0.008, -0.186, -0.983);Mountain trunk:(-0.008, -0.186, -0.983);"
12.220,188.239,879.160,87.583,-116.100,0.000,0.003,0.000,0.000,1.000,0.000,-0.196,4,8.480,0.544,0.981,"Mountain trunk:(-0.008, -0.186, -0.983);Mountain trunk:(-0.008, -0.186, -0.983);Mountain trunk:(-0.008, -0.186, -0.983);Mountain trunk:(-0.008, -0.186, -0.983);"
12.240,188.239,879.160,87.583,-116.100,0.000,0.003,0.000,0.000,1.000,0.000,-0.196,4,8.480,0.544,0.981,"Mountain trunk:(-0.008, -0.186, -0.983);Mountain trunk:(-0.008, -0.186, -0.983);Mountain trunk:(-0.008, -0.186, -0.983);Mountain trunk:(-0.008, -0.186, -0.983);"
12.260,188.239,879.160,87.583,-116.100,0.000,0.003,0.000,0.000,1.000,0.000,-0.196,4,8.479,0.544,0.981,"Mountain trunk:(-0.008, -0.186, -0.983);Mountain trunk:(-0.008, -0.186, -0.983);Mountain trunk:(-0.008, -0.186, -0.983);Mountain trunk:(-0.008, -0.186, -0.983);"
12.280,188.239,879.161,87.583,-116.100,0.000,0.003,0.000,0.000,1.000,0.000,-0.196,4,8.480,0.544,0.981,"Mountain trunk:(-0.008, -0.186, -0.983);Mountain trunk:(-0.008, -0.186, -0.983);Mountain trunk:(-0.008, -0.186, -0.983);Mountain trunk:(-0.008, -0.186, -0.983);"
12.300,188.239,879.161,87.583,-116.100,0.000,0.003,0.000,0.000,1.000,0.000,-0.196,4,8.479,0.544,0.981,"Mountain trunk:(-0.008, -0.186, -0.983);Mountain trunk:(-0.008, -0.186, -0.983);Mountain trunk:(-0.008, -0.186, -0.983);Mountain trunk:(-0.008, -0.186, -0.983);"
12.320,188.239,879.161,87.583,-116.100,0.000,0.003,0.000,0.000,1.000,0.000,-0.196,4,8.479,0.544,0.981,"Mountain trunk:(-0.008, -0.186, -0.983);Mountain trunk:(-0.008, -0.186, -0.983);Mountain trunk:(-0.008, -0.186, -0.983);Mountain trunk:(-0.008, -0.186, -0.983);"
12.340,188.239,879.161,87.583,-116.100,0.000,0.003,0.000,0.000,1.000,0.000,-0.196,4,8.479,0.544,0.981,"Mountain trunk:(-0.008, -0.186, -0.983);Mountain trunk:(-0.008, -0.186, -0.983);Mountain trunk:(-0.008, -0.186, -0.983);Mountain trunk:(-0.008, -0.186, -0.983);"
12.360,188.239,879.161,87.583,-116.100,0.000,0.003,0.000,0.000,1.000,0.000,-0.196,4,8.479,0.544,0.981,"Mountain trunk:(-0.008, -0.186, -0.983);Mountain trunk:(-0.008, -0.186, -0.983);Mountain trunk:(-0.008, -0.186, -0.983);Mountain trunk:(-0.008, -0.186, -0.983);"
12.380,188.239,879.161,87.583,-116.100,0.000,0.003,0.000,0.000,1.000,0.000,-0.196,4,8.479,0.544,0.981,"Mountain trunk:(-0.008, -0.186, -0.983);Mountain trunk:(-0.008, -0.186, -0.983);Mountain trunk:(-0.008, -0.186, -0.983);Mountain trunk:(-0.008, -0.186, -0.983);"
12.400,188.239,879.161,87.583,-116.100,0.000,0.003,0.000,0.000,1.000,0.000,-0.196,4,8.479,0.544,0.981,"Mountain trunk:(-0.008, -0.186, -0.983);Mountain trunk:(-0.008, -0.186, -0.983);Mountain trunk:(-0.008, -0.186, -0.983);Mountain trunk:(-0.008, -0.186, -0.983);"
12.420,188.240,879.161,87.583,-116.100,0.000,0.003,0.000,0.000,1.000,0.000,-0.196,4,8.479,0.544,0.981,"Mountain trunk:(-0.008, -0.186, -0.983);Mountain trunk:(-0.008, -0.186, -0.983);Mountain trunk:(-0.008, -0.186, -0.983);Mountain trunk:(-0.008, -0.186, -0.983);"
12.440,188.240,879.161,87.583,-116.100,0.000,0.003,0.000,0.000,1.000,0.000,-0.196,4,8.479,0.544,0.981,"Mountain trunk:(-0.008, -0.186, -0.983);Mountain trunk:(-0.008, -0.186, -0.983);Mountain trunk:(-0.008, -0.186, -0.983);Mountain trunk:(-0.008, -0.186, -0.983);"
12.460,188.240,879.161,87.583,-116.100,0.000,0.003,0.000,0.000,1.000,0.000,-0.196,4,8.479,0.544,0.981,"Mountain trunk:(-0.008, -0.186, -0.983);Mountain trunk:(-0.008, -0.186, -0.983);Mountain trunk:(-0.008, -0.186, -0.983);Mountain trunk:(-0.008, -0.186, -0.983);"
12.480,188.240,879.161,87.583,-116.100,0.000,0.003,0.000,0.000,1.000,0.000,-0.196,4,8.479,0.544,0.981,"Mountain trunk:(-0.008, -0.186, -0.983);Mountain trunk:(-0.008, -0.186, -0.983);Mountain trunk:(-0.008, -0.186, -0.983);Mountain trunk:(-0.008, -0.186, -0.983);"
12.500,188.240,879.161,87.583,-116.100,0.000,0.003,0.000,0.000,1.000,0.000,-0.196,4,8.479,0.544,0.981,"Mountain trunk:(-0.008, -0.186, -0.983);Mountain trunk:(-0.008, -0.186, -0.983);Mountain trunk:(-0.008, -0.186, -0.983);Mountain trunk:(-0.008, -0.186, -0.983);"
12.520,188.240,879.161,87.583,-116.100,0.000,0.003,0.000,0.000,1.000,0.000,-0.196,4,8.479,0.544,0.981,"Mountain trunk:(-0.008, -0.186, -0.983);Mountain trunk:(-0.008, -0.186, -0.983);Mountain trunk:(-0.008, -0.186, -0.983);Mountain trunk:(-0.008, -0.186, -0.983);"
12.540,188.240,879.161,87.583,-116.100,0.000,0.003,0.000,0.000,1.000,0.000,-0.196,4,8.479,0.544,0.981,"Mountain trunk:(-0.008, -0.186, -0.983);Mountain trunk:(-0.008, -0.186, -0.983);Mountain trunk:(-0.008, -0.186, -0.983);Mountain trunk:(-0.008, -0.186, -0.983);"
12.560,188.240,879.161,87.583,-116.100,0.000,0.003,0.000,0.000,1.000,0.000,-0.196,4,8.479,0.544,0.981,"Mountain trunk:(-0.008, -0.186, -0.983);Mountain trunk:(-0.008, -0.186, -0.983);Mountain trunk:(-0.008, -0.186, -0.983);Mountain trunk:(-0.008, -0.186, -0.983);"
12.580,188.240,879.161,87.583,-116.100,0.000,0.003,0.000,0.000,1.000,0.000,-0.196,4,8.479,0.544,0.981,"Mountain trunk:(-0.008, -0.186, -0.983);Mountain trunk:(-0.008, -0.186, -0.983);Mountain trunk:(-0.008, -0.186, -0.983);Mountain trunk:(-0.008, -0.186, -0.983);"
12.600,188.240,879.162,87.583,-116.100,0.000,0.003,0.000,0.000,1.000,0.000,-0.196,4,8.479,0.544,0.981,"Mountain trunk:(-0.008, -0.186, -0.983);Mountain trunk:(-0.008, -0.186, -0.983);Mountain trunk:(-0.008, -0.186, -0.983);Mountain trunk:(-0.008, -0.186, -0.983);"
12.620,188.240,879.162,87.583,-116.100,0.000,0.003,0.000,0.000,1.000,0.000,-0.196,4,8.479,0.544,0.981,"Mountain trunk:(-0.008, -0.186, -0.983);Mountain trunk:(-0.008, -0.186, -0.983);Mountain trunk:(-0.008, -0.186, -0.983);Mountain trunk:(-0.008, -0.186, -0.983);"
12.640,188.240,879.162,87.583,-116.100,0.000,0.003,0.000,0.000,1.000,0.000,-0.196,4,8.479,0.544,0.981,"Mountain trunk:(-0.008, -0.186, -0.983);Mountain trunk:(-0.008, -0.186, -0.983);Mountain trunk:(-0.008, -0.186, -0.983);Mountain trunk:(-0.008, -0.186, -0.983);"
12.660,188.240,879.162,87.583,-116.100,0.000,0.003,0.000,0.000,1.000,0.000,-0.196,4,8.479,0.544,0.981,"Mountain trunk:(-0.008, -0.186, -0.983);Mountain trunk:(-0.008, -0.186, -0.983);Mountain trunk:(-0.008, -0.186, -0.983);Mountain trunk:(-0.008, -0.186, -0.983);"
12.680,188.240,879.162,87.583,-116.100,0.000,0.003,0.000,0.000,1.000,0.000,-0.196,4,8.479,0.544,0.981,"Mountain trunk:(-0.008, -0.186, -0.983);Mountain trunk:(-0.008, -0.186, -0.983);Mountain trunk:(-0.008, -0.186, -0.983);Mountain trunk:(-0.008, -0.186, -0.983);"
12.700,188.240,879.162,87.583,-116.100,0.000,0.003,0.000,0.000,1.000,0.000,-0.196,4,8.480,0.544,0.981,"Mountain trunk:(-0.008, -0.186, -0.983);Mountain trunk:(-0.008, -0.186, -0.983);Mountain trunk:(-0.008, -0.186, -0.983);Mountain trunk:(-0.008, -0.186, -0.983);"
12.720,188.240,879.162,87.583,-116.100,0.000,0.003,0.000,0.000,1.000,0.000,-0.196,4,8.479,0.544,0.981,"Mountain trunk:(-0.008, -0.186, -0.983);Mountain trunk:(-0.008, -0.186, -0.983);Mountain trunk:(-0.008, -0.186, -0.983);Mountain trunk:(-0.008, -0.186, -0.983);"
12.740,188.240,879.162,87.583,-116.100,0.000,0.003,0.000,0.000,1.000,0.000,-0.196,4,8.479,0.544,0.981,"Mountain trunk:(-0.008, -0.186, -0.983);Mountain trunk:(-0.008, -0.186, -0.983);Mountain trunk:(-0.008, -0.186, -0.983);Mountain trunk:(-0.008, -0.186, -0.983);"
12.760,188.240,879.162,87.583,-116.100,0.000,0.003,0.000,0.000,1.000,0.000,-0.196,4,8.479,0.544,0.981,"Mountain trunk:(-0.008, -0.186, -0.983);Mountain trunk:(-0.008, -0.186, -0.983);Mountain trunk:(-0.008, -0.186, -0.983);Mountain trunk:(-0.008, -0.186, -0.983);"
12.780,188.240,879.162,87.583,-116.100,0.000,0.003,0.000,0.000,1.000,0.000,-0.196,4,8.478,0.544,0.981,"Mountain trunk:(-0.008, -0.186, -0.983);Mountain trunk:(-0.008, -0.186, -0.983);Mountain trunk:(-0.008, -0.186, -0.983);Mountain trunk:(-0.008, -0.186, -0.983);"
12.800,188.241,879.162,87.583,-116.100,0.000,0.003,0.000,0.000,1.000,0.000,-0.196,4,8.479,0.544,0.981,"Mountain trunk:(-0.008, -0.186, -0.983);Mountain trunk:(-0.008, -0.186, -0.983);Mountain trunk:(-0.008, -0.186, -0.983);Mountain trunk:(-0.008, -0.186, -0.983);"
12.820,188.241,879.162,87.583,-116.100,0.000,0.003,0.000,0.000,1.000,0.000,-0.196,4,8.479,0.544,0.981,"Mountain trunk:(-0.008, -0.186, -0.983);Mountain trunk:(-0.008, -0.186, -0.983);Mountain trunk:(-0.008, -0.186, -0.983);Mountain trunk:(-0.008, -0.186, -0.983);"
12.840,188.241,879.162,87.583,-116.100,0.000,0.003,0.000,0.000,1.000,0.000,-0.196,4,8.479,0.544,0.981,"Mountain trunk:(-0.008, -0.186, -0.983);Mountain trunk:(-0.008, -0.186, -0.983);Mountain trunk:(-0.008, -0.186, -0.983);Mountain trunk:(-0.008, -0.186, -0.983);"
12.860,188.241,879.162,87.583,-116.100,0.000,0.003,0.000,0.000,1.000,0.000,-0.196,4,8.479,0.544,0.981,"Mountain trunk:(-0.008, -0.186, -0.983);Mountain trunk:(-0.008, -0.186, -0.983);Mountain trunk:(-0.008, -0.186, -0.983);Mountain trunk:(-0.008, -0.186, -0.983);"
12.880,188.241,879.162,87.583,-116.100,0.000,0.003,0.000,0.000,1.000,0.000,-0.196,4,8.480,0.544,0.981,"Mountain trunk:(-0.008, -0.186, -0.983);Mountain trunk:(-0.008, -0.186, -0.983);Mountain trunk:(-0.008, -0.186, -0.983);Mountain trunk:(-0.008, -0.186, -0.983);"
12.900,188.241,879.162,87.583,-116.100,0.000,0.003,0.000,0.000,1.000,0.000,-0.196,4,8.479,0.544,0.981,"Mountain trunk:(-0.008, -0.186, -0.983);Mountain trunk:(-0.008, -0.186, -0.983);Mountain trunk:(-0.008, -0.186, -0.983);Mountain trunk:(-0.008, -0.186, -0.983);"
12.920,188.241,879.163,87.583,-116.100,0.000,0.003,0.000,0.000,1.000,0.000,-0.196,4,8.480,0.544,0.981,"Mountain trunk:(-0.008, -0.186, -0.983);Mountain trunk:(-0.008, -0.186, -0.983);Mountain trunk:(-0.008, -0.186, -0.983);Mountain trunk:(-0.008, -0.186, -0.983);"
12.940,188.241,879.163,87.583,-116.100,0.000,0.003,0.000,0.000,1.000,0.000,-0.196,4,8.479,0.544,0.981,"Mountain trunk:(-0.008, -0.186, -0.983);Mountain trunk:(-0.008, -0.186, -0.983);Mountain trunk:(-0.008, -0.186, -0.983);Mountain trunk:(-0.008, -0.186, -0.983);"
12.960,188.241,879.163,87.583,-116.100,0.000,0.003,0.000,0.000,1.000,0.000,-0.196,4,8.479,0.544,0.981,"Mountain trunk:(-0.008, -0.186, -0.983);Mountain trunk:(-0.008, -0.186, -0.983);Mountain trunk:(-0.008, -0.186, -0.983);Mountain trunk:(-0.008, -0.186, -0.983);"
12.980,188.241,879.163,87.583,-116.100,0.000,0.003,0.000,0.000,1.000,0.000,-0.195,4,8.480,0.544,0.981,"Mountain trunk:(-0.008, -0.186, -0.983);Mountain trunk:(-0.008, -0.186, -0.983);Mountain trunk:(-0.008, -0.186, -0.983);Mountain trunk:(-0.008, -0.186, -0.983);"
13.000,188.241,879.163,87.583,-116.100,0.000,0.003,0.000,0.000,1.000,0.000,-0.195,4,8.479,0.544,0.981,"Mountain trunk:(-0.008, -0.186, -0.983);Mountain trunk:(-0.008, -0.186, -0.983);Mountain trunk:(-0.008, -0.186, -0.983);Mountain trunk:(-0.008, -0.186, -0.983);"
13.020,188.241,879.163,87.583,-116.100,0.000,0.003,0.000,0.000,1.000,0.000,-0.195,4,8.479,0.544,0.981,"Mountain trunk:(-0.008, -0.186, -0.983);Mountain trunk:(-0.008, -0.186, -0.983);Mountain trunk:(-0.008, -0.186, -0.983);Mountain trunk:(-0.008, -0.186, -0.983);"
13.040,188.241,879.163,87.583,-116.100,0.000,0.003,0.000,0.000,1.000,0.000,-0.195,4,8.479,0.544,0.981,"Mountain trunk:(-0.008, -0.186, -0.983);Mountain trunk:(-0.008, -0.186, -0.983);Mountain trunk:(-0.008, -0.186, -0.983);Mountain trunk:(-0.008, -0.186, -0.983);"
13.060,188.241,879.163,87.583,-116.100,0.000,0.003,0.000,0.000,1.000,0.000,-0.195,4,8.479,0.544,0.981,"Mountain trunk:(-0.008, -0.186, -0.983);Mountain trunk:(-0.008, -0.186, -0.983);Mountain trunk:(-0.008, -0.186, -0.983);Mountain trunk:(-0.008, -0.186, -0.983);"
13.080,188.241,879.163,87.583,-116.100,0.000,0.003,0.000,0.000,1.000,0.000,-0.195,4,8.479,0.544,0.981,"Mountain trunk:(-0.008, -0.186, -0.983);Mountain trunk:(-0.008, -0.186, -0.983);Mountain trunk:(-0.008, -0.186, -0.983);Mountain trunk:(-0.008, -0.186, -0.983);"
13.100,188.241,879.163,87.583,-116.100,0.000,0.003,0.000,0.000,1.000,0.000,-0.195,4,8.479,0.544,0.981,"Mountain trunk:(-0.008, -0.186, -0.983);Mountain trunk:(-0.008, -0.186, -0.983);Mountain trunk:(-0.008, -0.186, -0.983);Mountain trunk:(-0.008, -0.186, -0.983);"
13.120,188.241,879.163,87.583,-116.100,0.000,0.003,0.000,0.000,1.000,0.000,-0.195,4,8.479,0.544,0.981,"Mountain trunk:(-0.008, -0.186, -0.983);Mountain trunk:(-0.008, -0.186, -0.983);Mountain trunk:(-0.008, -0.186, -0.983);Mountain trunk:(-0.008, -0.186, -0.983);"
13.140,188.241,879.163,87.583,-116.100,0.000,0.003,0.000,0.000,1.000,0.000,-0.195,4,8.480,0.545,0.981,"Mountain trunk:(-0.008, -0.186, -0.983);Mountain trunk:(-0.008, -0.186, -0.983);Mountain trunk:(-0.008, -0.186, -0.983);Mountain trunk:(-0.008, -0.186, -0.983);"
13.160,188.241,879.163,87.583,-116.100,0.000,0.003,0.000,0.000,1.000,0.000,-0.195,4,8.480,0.545,0.981,"Mountain trunk:(-0.008, -0.186, -0.983);Mountain trunk:(-0.008, -0.186, -0.983);Mountain trunk:(-0.008, -0.186, -0.983);Mountain trunk:(-0.008, -0.186, -0.983);"
13.180,188.241,879.163,87.583,-116.100,0.000,0.003,0.000,0.000,1.000,0.000,-0.195,4,8.480,0.545,0.981,"Mountain trunk:(-0.008, -0.186, -0.983);Mountain trunk:(-0.008, -0.186, -0.983);Mountain trunk:(-0.008, -0.186, -0.983);Mountain trunk:(-0.008, -0.186, -0.983);"
13.200,188.242,879.163,87.583,-116.100,0.000,0.003,0.000,0.000,1.000,0.000,-0.195,4,8.480,0.545,0.981,"Mountain trunk:(-0.008, -0.186, -0.983);Mountain trunk:(-0.008, -0.186, -0.983);Mountain trunk:(-0.008, -0.186, -0.983);Mountain trunk:(-0.008, -0.186, -0.983);"
13.220,188.242,879.163,87.583,-116.100,0.000,0.003,0.000,0.000,1.000,0.000,-0.195,4,8.480,0.545,0.981,"Mountain trunk:(-0.008, -0.186, -0.983);Mountain trunk:(-0.008, -0.186, -0.983);Mountain trunk:(-0.008, -0.186, -0.983);Mountain trunk:(-0.008, -0.186, -0.983);"
13.240,188.242,879.164,87.583,-116.100,0.000,0.003,0.000,0.000,1.000,0.000,-0.195,4,8.480,0.545,0.981,"Mountain trunk:(-0.008, -0.186, -0.983);Mountain trunk:(-0.008, -0.186, -0.983);Mountain trunk:(-0.008, -0.186, -0.983);Mountain trunk:(-0.008, -0.186, -0.983);"
13.260,188.242,879.164,87.583,-116.100,0.000,0.003,0.000,0.000,1.000,0.000,-0.195,4,8.479,0.545,0.981,"Mountain trunk:(-0.008, -0.186, -0.983);Mountain trunk:(-0.008, -0.186, -0.983);Mountain trunk:(-0.008, -0.186, -0.983);Mountain trunk:(-0.008, -0.186, -0.983);"
13.280,188.242,879.164,87.583,-116.100,0.000,0.003,0.000,0.000,1.000,0.000,-0.195,4,8.480,0.545,0.981,"Mountain trunk:(-0.008, -0.186, -0.983);Mountain trunk:(-0.008, -0.186, -0.983);Mountain trunk:(-0.008, -0.186, -0.983);Mountain trunk:(-0.008, -0.186, -0.983);"
13.300,188.242,879.164,87.583,-116.100,0.000,0.003,0.000,0.000,1.000,0.000,-0.195,4,8.480,0.545,0.981,"Mountain trunk:(-0.008, -0.186, -0.983);Mountain trunk:(-0.008, -0.186, -0.983);Mountain trunk:(-0.008, -0.186, -0.983);Mountain trunk:(-0.008, -0.186, -0.983);"
13.320,188.242,879.164,87.583,-116.100,0.000,0.003,0.000,0.000,1.000,0.000,-0.195,4,8.479,0.545,0.981,"Mountain trunk:(-0.008, -0.186, -0.983);Mountain trunk:(-0.008, -0.186, -0.983);Mountain trunk:(-0.008, -0.186, -0.983);Mountain trunk:(-0.008, -0.186, -0.983);"
13.340,188.242,879.164,87.583,-116.100,0.000,0.003,0.000,0.000,1.000,0.000,-0.195,4,8.479,0.545,0.981,"Mountain trunk:(-0.008, -0.186, -0.983);Mountain trunk:(-0.008, -0.186, -0.983);Mountain trunk:(-0.008, -0.186, -0.983);Mountain trunk:(-0.008, -0.186, -0.983);"
13.360,188.242,879.164,87.583,-116.100,0.000,0.003,0.000,0.000,1.000,0.000,-0.195,4,8.480,0.545,0.981,"Mountain trunk:(-0.008, -0.186, -0.983);Mountain trunk:(-0.008, -0.186, -0.983);Mountain trunk:(-0.008, -0.186, -0.983);Mountain trunk:(-0.008, -0.186, -0.983);"
13.380,188.242,879.164,87.583,-116.100,0.000,0.003,0.000,0.000,1.000,0.000,-0.195,4,8.479,0.545,0.981,"Mountain trunk:(-0.008, -0.186, -0.983);Mountain trunk:(-0.008, -0.186, -0.983);Mountain trunk:(-0.008, -0.186, -0.983);Mountain trunk:(-0.008, -0.186, -0.983);"
13.400,188.242,879.164,87.583,-116.100,0.000,0.003,0.000,0.000,1.000,0.000,-0.195,4,8.479,0.545,0.981,"Mountain trunk:(-0.008, -0.186, -0.983);Mountain trunk:(-0.008, -0.186, -0.983);Mountain trunk:(-0.008, -0.186, -0.983);Mountain trunk:(-0.008, -0.186, -0.983);"
13.420,188.242,879.164,87.583,-116.100,0.000,0.003,0.000,0.000,1.000,0.000,-0.195,4,8.480,0.545,0.981,"Mountain trunk:(-0.008, -0.186, -0.983);Mountain trunk:(-0.008, -0.186, -0.983);Mountain trunk:(-0.008, -0.186, -0.983);Mountain trunk:(-0.008, -0.186, -0.983);"
13.440,188.242,879.164,87.583,-116.100,0.000,0.003,0.000,0.000,1.000,0.000,-0.195,4,8.480,0.545,0.981,"Mountain trunk:(-0.008, -0.186, -0.983);Mountain trunk:(-0.008, -0.186, -0.983);Mountain trunk:(-0.008, -0.186, -0.983);Mountain trunk:(-0.008, -0.186, -0.983);"
13.460,188.242,879.164,87.583,-116.100,0.000,0.003,0.000,0.000,1.000,0.000,-0.195,4,8.480,0.545,0.981,"Mountain trunk:(-0.008, -0.186, -0.983);Mountain trunk:(-0.008, -0.186, -0.983);Mountain trunk:(-0.008, -0.186, -0.983);Mountain trunk:(-0.008, -0.186, -0.983);"
13.480,188.242,879.164,87.583,-116.100,0.000,0.003,0.000,0.000,1.000,0.000,-0.195,4,8.480,0.545,0.981,"Mountain trunk:(-0.008, -0.186, -0.983);Mountain trunk:(-0.008, -0.186, -0.983);Mountain trunk:(-0.008, -0.186, -0.983);Mountain trunk:(-0.008, -0.186, -0.983);"
13.500,188.242,879.164,87.583,-116.100,0.000,0.003,0.000,0.000,1.000,0.000,-0.195,4,8.480,0.545,0.981,"Mountain trunk:(-0.008, -0.186, -0.983);Mountain trunk:(-0.008, -0.186, -0.983);Mountain trunk:(-0.008, -0.186, -0.983);Mountain trunk:(-0.008, -0.186, -0.983);"
13.520,188.242,879.164,87.583,-116.100,0.000,0.003,0.000,0.000,1.000,0.000,-0.195,4,8.480,0.545,0.981,"Mountain trunk:(-0.008, -0.186, -0.983);Mountain trunk:(-0.008, -0.186, -0.983);Mountain trunk:(-0.008, -0.186, -0.983);Mountain trunk:(-0.008, -0.186, -0.983);"
13.540,188.242,879.164,87.583,-116.100,0.000,0.003,0.000,0.000,1.000,0.000,-0.195,4,8.480,0.545,0.981,"Mountain trunk:(-0.008, -0.186, -0.983);Mountain trunk:(-0.008, -0.186, -0.983);Mountain trunk:(-0.008, -0.186, -0.983);Mountain trunk:(-0.008, -0.186, -0.983);"
13.560,188.242,879.164,87.583,-116.100,0.000,0.003,0.000,0.000,1.000,0.000,-0.195,4,8.480,0.545,0.981,"Mountain trunk:(-0.008, -0.186, -0.983);Mountain trunk:(-0.008, -0.186, -0.983);Mountain trunk:(-0.008, -0.186, -0.983);Mountain trunk:(-0.008, -0.186, -0.983);"
13.580,188.242,879.165,87.583,-116.100,0.000,0.003,0.000,0.000,1.000,0.000,-0.195,4,8.480,0.545,0.981,"Mountain trunk:(-0.008, -0.186, -0.983);Mountain trunk:(-0.008, -0.186, -0.983);Mountain trunk:(-0.008, -0.186, -0.983);Mountain trunk:(-0.008, -0.186, -0.983);"
13.600,188.243,879.165,87.583,-116.100,0.000,0.003,0.000,0.000,1.000,0.000,-0.195,4,8.480,0.545,0.981,"Mountain trunk:(-0.008, -0.186, -0.983);Mountain trunk:(-0.008, -0.186, -0.983);Mountain trunk:(-0.008, -0.186, -0.983);Mountain trunk:(-0.008, -0.186, -0.983);"
13.620,188.243,879.165,87.583,-116.100,0.000,0.003,0.000,0.000,1.000,0.000,-0.195,4,8.480,0.545,0.981,"Mountain trunk:(-0.008, -0.186, -0.983);Mountain trunk:(-0.008, -0.186, -0.983);Mountain trunk:(-0.008, -0.186, -0.983);Mountain trunk:(-0.008, -0.186, -0.983);"
13.640,188.243,879.165,87.583,-116.100,0.000,0.003,0.000,0.000,1.000,0.000,-0.195,4,8.480,0.545,0.981,"Mountain trunk:(-0.008, -0.186, -0.983);Mountain trunk:(-0.008, -0.186, -0.983);Mountain trunk:(-0.008, -0.186, -0.983);Mountain trunk:(-0.008, -0.186, -0.983);"
13.660,188.243,879.165,87.583,-116.100,0.000,0.003,0.000,0.000,1.000,0.000,-0.195,4,8.480,0.545,0.981,"Mountain trunk:(-0.008, -0.186, -0.983);Mountain trunk:(-0.008, -0.186, -0.983);Mountain trunk:(-0.008, -0.186, -0.983);Mountain trunk:(-0.008, -0.186, -0.983);"
13.680,188.243,879.165,87.583,-116.100,0.000,0.003,0.000,0.000,1.000,0.000,-0.195,4,8.480,0.545,0.981,"Mountain trunk:(-0.008, -0.186, -0.983);Mountain trunk:(-0.008, -0.186, -0.983);Mountain trunk:(-0.008, -0.186, -0.983);Mountain trunk:(-0.008, -0.186, -0.983);"
13.700,188.243,879.165,87.583,-116.100,0.000,0.003,0.000,0.000,1.000,0.000,-0.195,4,8.480,0.545,0.981,"Mountain trunk:(-0.008, -0.186, -0.983);Mountain trunk:(-0.008, -0.186, -0.983);Mountain trunk:(-0.008, -0.186, -0.983);Mountain trunk:(-0.008, -0.186, -0.983);"
13.720,188.243,879.165,87.583,-116.100,0.000,0.003,0.000,0.000,1.000,0.000,-0.195,4,8.480,0.545,0.981,"Mountain trunk:(-0.008, -0.186, -0.983);Mountain trunk:(-0.008, -0.186, -0.983);Mountain trunk:(-0.008, -0.186, -0.983);Mountain trunk:(-0.008, -0.186, -0.983);"
13.740,188.243,879.165,87.583,-116.100,0.000,0.003,0.000,0.000,1.000,0.000,-0.195,4,8.480,0.545,0.981,"Mountain trunk:(-0.008, -0.186, -0.983);Mountain trunk:(-0.008, -0.186, -0.983);Mountain trunk:(-0.008, -0.186, -0.983);Mountain trunk:(-0.008, -0.186, -0.983);"
13.760,188.243,879.165,87.583,-116.100,0.000,0.003,0.000,0.000,1.000,0.000,-0.195,4,8.480,0.545,0.981,"Mountain trunk:(-0.008, -0.186, -0.983);Mountain trunk:(-0.008, -0.186, -0.983);Mountain trunk:(-0.008, -0.186, -0.983);Mountain trunk:(-0.008, -0.186, -0.983);"
13.780,188.243,879.165,87.583,-116.099,0.000,0.003,0.000,0.000,1.000,0.000,-0.195,4,8.480,0.545,0.981,"Mountain trunk:(-0.008, -0.186, -0.983);Mountain trunk:(-0.008, -0.186, -0.983);Mountain trunk:(-0.008, -0.186, -0.983);Mountain trunk:(-0.008, -0.186, -0.983);"
13.800,188.243,879.165,87.583,-116.099,0.000,0.003,0.000,0.000,1.000,0.000,-0.195,4,8.480,0.546,0.981,"Mountain trunk:(-0.008, -0.186, -0.983);Mountain trunk:(-0.008, -0.186, -0.983);Mountain trunk:(-0.008, -0.186, -0.983);Mountain trunk:(-0.008, -0.186, -0.983);"
13.820,188.243,879.165,87.583,-116.099,0.000,0.003,0.000,0.000,1.000,0.000,-0.195,4,8.480,0.546,0.981,"Mountain trunk:(-0.008, -0.186, -0.983);Mountain trunk:(-0.008, -0.186, -0.983);Mountain trunk:(-0.008, -0.186, -0.983);Mountain trunk:(-0.008, -0.186, -0.983);"
13.840,188.243,879.165,87.583,-116.099,0.000,0.003,0.000,0.000,1.000,0.000,-0.195,4,8.481,0.546,0.981,"Mountain trunk:(-0.008, -0.186, -0.983);Mountain trunk:(-0.008, -0.186, -0.983);Mountain trunk:(-0.008, -0.186, -0.983);Mountain trunk:(-0.008, -0.186, -0.983);"
13.860,188.243,879.165,87.583,-116.099,0.000,0.003,0.000,0.000,1.000,0.000,-0.195,4,8.481,0.546,0.981,"Mountain trunk:(-0.008, -0.186, -0.983);Mountain trunk:(-0.008, -0.186, -0.983);Mountain trunk:(-0.008, -0.186, -0.983);Mountain trunk:(-0.008, -0.186, -0.983);"
13.880,188.243,879.165,87.583,-116.099,0.000,0.003,0.000,0.000,1.000,0.000,-0.195,4,8.481,0.546,0.981,"Mountain trunk:(-0.008, -0.186, -0.983);Mountain trunk:(-0.008, -0.186, -0.983);Mountain trunk:(-0.008, -0.186, -0.983);Mountain trunk:(-0.008, -0.186, -0.983);"
13.900,188.243,879.166,87.583,-116.099,0.000,0.003,0.000,0.000,1.000,0.000,-0.195,4,8.481,0.546,0.981,"Mountain trunk:(-0.008, -0.186, -0.983);Mountain trunk:(-0.008, -0.186, -0.983);Mountain trunk:(-0.008, -0.186, -0.983);Mountain trunk:(-0.008, -0.186, -0.983);"
13.920,188.243,879.166,87.583,-116.099,0.000,0.003,0.000,0.000,1.000,0.000,-0.195,4,8.481,0.546,0.981,"Mountain trunk:(-0.008, -0.186, -0.983);Mountain trunk:(-0.008, -0.186, -0.983);Mountain trunk:(-0.008, -0.186, -0.983);Mountain trunk:(-0.008, -0.186, -0.983);"
13.940,188.243,879.166,87.583,-116.099,0.000,0.003,0.000,0.000,1.000,0.000,-0.195,4,8.482,0.546,0.981,"Mountain trunk:(-0.008, -0.186, -0.983);Mountain trunk:(-0.008, -0.186, -0.983);Mountain trunk:(-0.008, -0.186, -0.983);Mountain trunk:(-0.008, -0.186, -0.983);"
13.960,188.244,879.166,87.583,-116.099,0.000,0.003,0.000,0.000,1.000,0.000,-0.195,4,8.481,0.546,0.981,"Mountain trunk:(-0.008, -0.186, -0.983);Mountain trunk:(-0.008, -0.186, -0.983);Mountain trunk:(-0.008, -0.186, -0.983);Mountain trunk:(-0.008, -0.186, -0.983);"
13.980,188.244,879.166,87.583,-116.099,0.000,0.003,0.000,0.000,1.000,0.000,-0.195,4,8.481,0.546,0.981,"Mountain trunk:(-0.008, -0.186, -0.983);Mountain trunk:(-0.008, -0.186, -0.983);Mountain trunk:(-0.008, -0.186, -0.983);Mountain trunk:(-0.008, -0.186, -0.983);"
14.000,188.244,879.166,87.583,-116.099,0.000,0.003,0.000,0.000,1.000,0.000,-0.195,4,8.481,0.546,0.981,"Mountain trunk:(-0.008, -0.186, -0.983);Mountain trunk:(-0.008, -0.186, -0.983);Mountain trunk:(-0.008, -0.186, -0.983);Mountain trunk:(-0.008, -0.186, -0.983);"
14.020,188.244,879.166,87.583,-116.099,0.000,0.003,0.000,0.000,1.000,0.000,-0.195,4,8.481,0.546,0.981,"Mountain trunk:(-0.008, -0.186, -0.983);Mountain trunk:(-0.008, -0.186, -0.983);Mountain trunk:(-0.008, -0.186, -0.983);Mountain trunk:(-0.008, -0.186, -0.983);"
14.040,188.244,879.166,87.583,-116.099,0.000,0.003,0.000,0.000,1.000,0.000,-0.195,4,8.481,0.546,0.981,"Mountain trunk:(-0.008, -0.186, -0.983);Mountain trunk:(-0.008, -0.186, -0.983);Mountain trunk:(-0.008, -0.186, -0.983);Mountain trunk:(-0.008, -0.186, -0.983);"
14.060,188.244,879.166,87.583,-116.099,0.000,0.003,0.000,0.000,1.000,0.000,-0.195,4,8.480,0.546,0.981,"Mountain trunk:(-0.008, -0.186, -0.983);Mountain trunk:(-0.008, -0.186, -0.983);Mountain trunk:(-0.008, -0.186, -0.983);Mountain trunk:(-0.008, -0.186, -0.983);"
14.080,188.244,879.166,87.583,-116.099,0.000,0.003,0.000,0.000,1.000,0.000,-0.195,4,8.480,0.546,0.981,"Mountain trunk:(-0.008, -0.186, -0.983);Mountain trunk:(-0.008, -0.186, -0.983);Mountain trunk:(-0.008, -0.186, -0.983);Mountain trunk:(-0.008, -0.186, -0.983);"
14.100,188.244,879.166,87.583,-116.099,0.000,0.003,0.000,0.000,1.000,0.000,-0.195,4,8.480,0.546,0.981,"Mountain trunk:(-0.008, -0.186, -0.983);Mountain trunk:(-0.008, -0.186, -0.983);Mountain trunk:(-0.008, -0.186, -0.983);Mountain trunk:(-0.008, -0.186, -0.983);"
14.120,188.244,879.166,87.583,-116.099,0.000,0.003,0.000,0.000,1.000,0.000,-0.195,4,8.481,0.546,0.981,"Mountain trunk:(-0.008, -0.186, -0.983);Mountain trunk:(-0.008, -0.186, -0.983);Mountain trunk:(-0.008, -0.186, -0.983);Mountain trunk:(-0.008, -0.186, -0.983);"
14.140,188.244,879.166,87.583,-116.099,0.000,0.003,0.000,0.000,1.000,0.000,-0.195,4,8.481,0.546,0.981,"Mountain trunk:(-0.008, -0.186, -0.983);Mountain trunk:(-0.008, -0.186, -0.983);Mountain trunk:(-0.008, -0.186, -0.983);Mountain trunk:(-0.008, -0.186, -0.983);"
14.160,188.244,879.166,87.583,-116.099,0.000,0.003,0.000,0.000,1.000,0.000,-0.195,4,8.481,0.546,0.981,"Mountain trunk:(-0.008, -0.186, -0.983);Mountain trunk:(-0.008, -0.186, -0.983);Mountain trunk:(-0.008, -0.186, -0.983);Mountain trunk:(-0.008, -0.186, -0.983);"
14.180,188.244,879.166,87.583,-116.099,0.000,0.003,0.000,0.000,1.000,0.000,-0.195,4,8.482,0.546,0.981,"Mountain trunk:(-0.008, -0.186, -0.983);Mountain trunk:(-0.008, -0.186, -0.983);Mountain trunk:(-0.008, -0.186, -0.983);Mountain trunk:(-0.008, -0.186, -0.983);"
14.200,188.244,879.166,87.583,-116.099,0.000,0.003,0.000,0.000,1.000,0.000,-0.195,4,8.481,0.546,0.981,"Mountain trunk:(-0.008, -0.186, -0.983);Mountain trunk:(-0.008, -0.186, -0.983);Mountain trunk:(-0.008, -0.186, -0.983);Mountain trunk:(-0.008, -0.186, -0.983);"
14.220,188.244,879.167,87.583,-116.099,0.000,0.003,0.000,0.000,1.000,0.000,-0.195,4,8.482,0.546,0.981,"Mountain trunk:(-0.008, -0.186, -0.983);Mountain trunk:(-0.008, -0.186, -0.983);Mountain trunk:(-0.008, -0.186, -0.983);Mountain trunk:(-0.008, -0.186, -0.983);"
14.240,188.244,879.167,87.583,-116.099,0.000,0.003,0.000,0.000,1.000,0.000,-0.195,4,8.481,0.546,0.981,"Mountain trunk:(-0.008, -0.186, -0.983);Mountain trunk:(-0.008, -0.186, -0.983);Mountain trunk:(-0.008, -0.186, -0.983);Mountain trunk:(-0.008, -0.186, -0.983);"
14.260,188.244,879.167,87.583,-116.099,0.000,0.003,0.000,0.000,1.000,0.000,-0.195,4,8.481,0.546,0.981,"Mountain trunk:(-0.008, -0.186, -0.983);Mountain trunk:(-0.008, -0.186, -0.983);Mountain trunk:(-0.008, -0.186, -0.983);Mountain trunk:(-0.008, -0.186, -0.983);"
14.280,188.244,879.167,87.583,-116.099,0.000,0.003,0.000,0.000,1.000,0.000,-0.195,4,8.481,0.546,0.981,"Mountain trunk:(-0.008, -0.186, -0.983);Mountain trunk:(-0.008, -0.186, -0.983);Mountain trunk:(-0.008, -0.186, -0.983);Mountain trunk:(-0.008, -0.186, -0.983);"
14.300,188.244,879.167,87.583,-116.099,0.000,0.003,0.000,0.000,1.000,0.000,-0.195,4,8.482,0.546,0.981,"Mountain trunk:(-0.008, -0.186, -0.983);Mountain trunk:(-0.008, -0.186, -0.983);Mountain trunk:(-0.008, -0.186, -0.983);Mountain trunk:(-0.008, -0.186, -0.983);"
14.320,188.244,879.167,87.583,-116.099,0.000,0.003,0.000,0.000,1.000,0.000,-0.195,4,8.482,0.546,0.981,"Mountain trunk:(-0.008, -0.186, -0.983);Mountain trunk:(-0.008, -0.186, -0.983);Mountain trunk:(-0.008, -0.186, -0.983);Mountain trunk:(-0.008, -0.186, -0.983);"
14.340,188.244,879.167,87.583,-116.099,0.000,0.003,0.000,0.000,1.000,0.000,-0.195,4,8.482,0.546,0.981,"Mountain trunk:(-0.008, -0.186, -0.983);Mountain trunk:(-0.008, -0.186, -0.983);Mountain trunk:(-0.008, -0.186, -0.983);Mountain trunk:(-0.008, -0.186, -0.983);"
14.360,188.245,879.167,87.583,-116.099,0.000,0.003,0.000,0.000,1.000,0.000,-0.194,4,8.482,0.546,0.981,"Mountain trunk:(-0.008, -0.186, -0.983);Mountain trunk:(-0.008, -0.186, -0.983);Mountain trunk:(-0.008, -0.186, -0.983);Mountain trunk:(-0.008, -0.186, -0.983);"
14.380,188.245,879.167,87.583,-116.099,0.000,0.003,0.000,0.000,1.000,0.000,-0.194,4,8.482,0.546,0.981,"Mountain trunk:(-0.008, -0.186, -0.983);Mountain trunk:(-0.008, -0.186, -0.983);Mountain trunk:(-0.008, -0.186, -0.983);Mountain trunk:(-0.008, -0.186, -0.983);"
14.400,188.245,879.167,87.583,-116.099,0.000,0.003,0.000,0.000,1.000,0.000,-0.194,4,8.482,0.546,0.981,"Mountain trunk:(-0.008, -0.186, -0.983);Mountain trunk:(-0.008, -0.186, -0.983);Mountain trunk:(-0.008, -0.186, -0.983);Mountain trunk:(-0.008, -0.186, -0.983);"
14.420,188.245,879.167,87.583,-116.099,0.000,0.003,0.000,0.000,1.000,0.000,-0.194,4,8.481,0.546,0.981,"Mountain trunk:(-0.008, -0.186, -0.983);Mountain trunk:(-0.008, -0.186, -0.983);Mountain trunk:(-0.008, -0.186, -0.983);Mountain trunk:(-0.008, -0.186, -0.983);"
14.440,188.245,879.167,87.583,-116.099,0.000,0.003,0.000,0.000,1.000,0.000,-0.194,4,8.481,0.546,0.981,"Mountain trunk:(-0.008, -0.186, -0.983);Mountain trunk:(-0.008, -0.186, -0.983);Mountain trunk:(-0.008, -0.186, -0.983);Mountain trunk:(-0.008, -0.186, -0.983);"
14.460,188.245,879.167,87.583,-116.099,0.000,0.003,0.000,0.000,1.000,0.000,-0.194,4,8.481,0.546,0.981,"Mountain trunk:(-0.008, -0.186, -0.983);Mountain trunk:(-0.008, -0.186, -0.983);Mountain trunk:(-0.008, -0.186, -0.983);Mountain trunk:(-0.008, -0.186, -0.983);"
14.480,188.245,879.167,87.583,-116.099,0.000,0.003,0.000,0.000,1.000,0.000,-0.194,4,8.482,0.546,0.981,"Mountain trunk:(-0.008, -0.186, -0.983);Mountain trunk:(-0.008, -0.186, -0.983);Mountain trunk:(-0.008, -0.186, -0.983);Mountain trunk:(-0.008, -0.186, -0.983);"
14.500,188.245,879.167,87.583,-116.099,0.000,0.003,0.000,0.000,1.000,0.000,-0.194,4,8.482,0.546,0.981,"Mountain trunk:(-0.008, -0.186, -0.983);Mountain trunk:(-0.008, -0.186, -0.983);Mountain trunk:(-0.008, -0.186, -0.983);Mountain trunk:(-0.008, -0.186, -0.983);"
14.520,188.245,879.167,87.583,-116.099,0.000,0.003,0.000,0.000,1.000,0.000,-0.194,4,8.482,0.546,0.981,"Mountain trunk:(-0.008, -0.186, -0.983);Mountain trunk:(-0.008, -0.186, -0.983);Mountain trunk:(-0.008, -0.186, -0.983);Mountain trunk:(-0.008, -0.186, -0.983);"
14.540,188.245,879.168,87.583,-116.099,0.000,0.003,0.000,0.000,1.000,0.000,-0.194,4,8.482,0.546,0.981,"Mountain trunk:(-0.008, -0.186, -0.983);Mountain trunk:(-0.008, -0.186, -0.983);Mountain trunk:(-0.008, -0.186, -0.983);Mountain trunk:(-0.008, -0.186, -0.983);"
14.560,188.245,879.168,87.583,-116.099,0.000,0.003,0.000,0.000,1.000,0.000,-0.194,4,8.482,0.547,0.981,"Mountain trunk:(-0.008, -0.186, -0.983);Mountain trunk:(-0.008, -0.186, -0.983);Mountain trunk:(-0.008, -0.186, -0.983);Mountain trunk:(-0.008, -0.186, -0.983);"
14.580,188.245,879.168,87.583,-116.099,0.000,0.003,0.000,0.000,1.000,0.000,-0.194,4,8.482,0.547,0.981,"Mountain trunk:(-0.008, -0.186, -0.983);Mountain trunk:(-0.008, -0.186, -0.983);Mountain trunk:(-0.008, -0.186, -0.983);Mountain trunk:(-0.008, -0.186, -0.983);"
14.600,188.245,879.168,87.583,-116.099,0.000,0.003,0.000,0.000,1.000,0.000,-0.194,4,8.483,0.547,0.981,"Mountain trunk:(-0.008, -0.186, -0.983);Mountain trunk:(-0.008, -0.186, -0.983);Mountain trunk:(-0.008, -0.186, -0.983);Mountain trunk:(-0.008, -0.186, -0.983);"
14.620,188.245,879.168,87.583,-116.099,0.000,0.003,0.000,0.000,1.000,0.000,-0.194,4,8.482,0.547,0.981,"Mountain trunk:(-0.008, -0.186, -0.983);Mountain trunk:(-0.008, -0.186, -0.983);Mountain trunk:(-0.008, -0.186, -0.983);Mountain trunk:(-0.008, -0.186, -0.983);"
14.640,188.245,879.168,87.583,-116.099,0.000,0.003,0.000,0.000,1.000,0.000,-0.194,4,8.483,0.547,0.981,"Mountain trunk:(-0.008, -0.186, -0.983);Mountain trunk:(-0.008, -0.186, -0.983);Mountain trunk:(-0.008, -0.186, -0.983);Mountain trunk:(-0.008, -0.186, -0.983);"
14.660,188.245,879.168,87.583,-116.099,0.000,0.003,0.000,0.000,1.000,0.000,-0.194,4,8.483,0.547,0.981,"Mountain trunk:(-0.008, -0.186, -0.983);Mountain trunk:(-0.008, -0.186, -0.983);Mountain trunk:(-0.008, -0.186, -0.983);Mountain trunk:(-0.008, -0.186, -0.983);"
14.680,188.245,879.168,87.583,-116.099,0.000,0.003,0.000,0.000,1.000,0.000,-0.194,4,8.483,0.547,0.981,"Mountain trunk:(-0.008, -0.186, -0.983);Mountain trunk:(-0.008, -0.186, -0.983);Mountain trunk:(-0.008, -0.186, -0.983);Mountain trunk:(-0.008, -0.186, -0.983);"
14.700,188.245,879.168,87.583,-116.099,0.000,0.003,0.000,0.000,1.000,0.000,-0.194,4,8.482,0.547,0.981,"Mountain trunk:(-0.008, -0.186, -0.983);Mountain trunk:(-0.008, -0.186, -0.983);Mountain trunk:(-0.008, -0.186, -0.983);Mountain trunk:(-0.008, -0.186, -0.983);"
14.720,188.245,879.168,87.584,-116.099,0.000,0.003,0.000,0.000,1.000,0.000,-0.194,4,8.483,0.547,0.981,"Mountain trunk:(-0.008, -0.186, -0.983);Mountain trunk:(-0.008, -0.186, -0.983);Mountain trunk:(-0.008, -0.186, -0.983);Mountain trunk:(-0.008, -0.186, -0.983);"
14.740,188.245,879.168,87.584,-116.099,0.000,0.003,0.000,0.000,1.000,0.000,-0.194,4,8.483,0.547,0.981,"Mountain trunk:(-0.008, -0.186, -0.983);Mountain trunk:(-0.008, -0.186, -0.983);Mountain trunk:(-0.008, -0.186, -0.983);Mountain trunk:(-0.008, -0.186, -0.983);"
14.760,188.246,879.168,87.584,-116.099,0.000,0.003,0.000,0.000,1.000,0.000,-0.194,4,8.482,0.547,0.981,"Mountain trunk:(-0.008, -0.186, -0.983);Mountain trunk:(-0.008, -0.186, -0.983);Mountain trunk:(-0.008, -0.186, -0.983);Mountain trunk:(-0.008, -0.186, -0.983);"
14.780,188.246,879.168,87.584,-116.099,0.000,0.003,0.000,0.000,1.000,0.000,-0.194,4,8.482,0.547,0.981,"Mountain trunk:(-0.008, -0.186, -0.983);Mountain trunk:(-0.008, -0.186, -0.983);Mountain trunk:(-0.008, -0.186, -0.983);Mountain trunk:(-0.008, -0.186, -0.983);"
14.800,188.246,879.168,87.584,-116.099,0.000,0.003,0.000,0.000,1.000,0.000,-0.194,4,8.483,0.547,0.981,"Mountain trunk:(-0.008, -0.186, -0.983);Mountain trunk:(-0.008, -0.186, -0.983);Mountain trunk:(-0.008, -0.186, -0.983);Mountain trunk:(-0.008, -0.186, -0.983);"
14.820,188.246,879.168,87.584,-116.099,0.000,0.003,0.000,0.000,1.000,0.000,-0.194,4,8.483,0.547,0.981,"Mountain trunk:(-0.008, -0.186, -0.983);Mountain trunk:(-0.008, -0.186, -0.983);Mountain trunk:(-0.008, -0.186, -0.983);Mountain trunk:(-0.008, -0.186, -0.983);"
14.840,188.246,879.168,87.584,-116.099,0.000,0.003,0.000,0.000,1.000,0.000,-0.194,4,8.483,0.547,0.981,"Mountain trunk:(-0.008, -0.186, -0.983);Mountain trunk:(-0.008, -0.186, -0.983);Mountain trunk:(-0.008, -0.186, -0.983);Mountain trunk:(-0.008, -0.186, -0.983);"
14.860,188.246,879.169,87.584,-116.099,0.000,0.003,0.000,0.000,1.000,0.000,-0.194,4,8.483,0.547,0.981,"Mountain trunk:(-0.008, -0.186, -0.983);Mountain trunk:(-0.008, -0.186, -0.983);Mountain trunk:(-0.008, -0.186, -0.983);Mountain trunk:(-0.008, -0.186, -0.983);"
14.880,188.246,879.169,87.584,-116.099,0.000,0.003,0.000,0.000,1.000,0.000,-0.194,4,8.483,0.547,0.981,"Mountain trunk:(-0.008, -0.186, -0.983);Mountain trunk:(-0.008, -0.186, -0.983);Mountain trunk:(-0.008, -0.186, -0.983);Mountain trunk:(-0.008, -0.186, -0.983);"
14.900,188.246,879.169,87.584,-116.099,0.000,0.003,0.000,0.000,1.000,0.000,-0.194,4,8.483,0.547,0.981,"Mountain trunk:(-0.008, -0.186, -0.983);Mountain trunk:(-0.008, -0.186, -0.983);Mountain trunk:(-0.008, -0.186, -0.983);Mountain trunk:(-0.008, -0.186, -0.983);"
14.920,188.246,879.169,87.584,-116.099,0.000,0.003,0.000,0.000,1.000,0.000,-0.194,4,8.483,0.547,0.981,"Mountain trunk:(-0.008, -0.186, -0.983);Mountain trunk:(-0.008, -0.186, -0.983);Mountain trunk:(-0.008, -0.186, -0.983);Mountain trunk:(-0.008, -0.186, -0.983);"
14.940,188.246,879.169,87.584,-116.099,0.000,0.003,0.000,0.000,1.000,0.000,-0.194,4,8.483,0.547,0.981,"Mountain trunk:(-0.008, -0.186, -0.983);Mountain trunk:(-0.008, -0.186, -0.983);Mountain trunk:(-0.008, -0.186, -0.983);Mountain trunk:(-0.008, -0.186, -0.983);"
14.960,188.246,879.169,87.584,-116.099,0.000,0.003,0.000,0.000,1.000,0.000,-0.194,4,8.484,0.547,0.981,"Mountain trunk:(-0.008, -0.186, -0.983);Mountain trunk:(-0.008, -0.186, -0.983);Mountain trunk:(-0.008, -0.186, -0.983);Mountain trunk:(-0.008, -0.186, -0.983);"
14.980,188.246,879.169,87.584,-116.099,0.000,0.003,0.000,0.000,1.000,0.000,-0.194,4,8.484,0.547,0.981,"Mountain trunk:(-0.008, -0.186, -0.983);Mountain trunk:(-0.008, -0.186, -0.983);Mountain trunk:(-0.008, -0.186, -0.983);Mountain trunk:(-0.008, -0.186, -0.983);"
15.000,188.246,879.169,87.584,-116.099,0.000,0.003,0.000,0.000,1.000,0.000,-0.194,4,8.484,0.547,0.981,"Mountain trunk:(-0.008, -0.186, -0.983);Mountain trunk:(-0.008, -0.186, -0.983);Mountain trunk:(-0.008, -0.186, -0.983);Mountain trunk:(-0.008, -0.186, -0.983);"
15.020,188.246,879.169,87.584,-116.099,0.000,0.003,0.000,0.000,1.000,0.000,-0.194,4,8.483,0.547,0.981,"Mountain trunk:(-0.008, -0.186, -0.983);Mountain trunk:(-0.008, -0.186, -0.983);Mountain trunk:(-0.008, -0.186, -0.983);Mountain trunk:(-0.008, -0.186, -0.983);"
15.040,188.246,879.169,87.584,-116.099,0.000,0.003,0.000,0.000,1.000,0.000,-0.194,4,8.484,0.547,0.981,"Mountain trunk:(-0.008, -0.186, -0.983);Mountain trunk:(-0.008, -0.186, -0.983);Mountain trunk:(-0.008, -0.186, -0.983);Mountain trunk:(-0.008, -0.186, -0.983);"
15.060,188.246,879.169,87.584,-116.099,0.000,0.003,0.000,0.000,1.000,0.000,-0.194,4,8.484,0.547,0.981,"Mountain trunk:(-0.008, -0.186, -0.983);Mountain trunk:(-0.008, -0.186, -0.983);Mountain trunk:(-0.008, -0.186, -0.983);Mountain trunk:(-0.008, -0.186, -0.983);"
15.080,188.246,879.169,87.584,-116.099,0.000,0.003,0.000,0.000,1.000,0.000,-0.194,4,8.483,0.547,0.981,"Mountain trunk:(-0.008, -0.186, -0.983);Mountain trunk:(-0.008, -0.186, -0.983);Mountain trunk:(-0.008, -0.186, -0.983);Mountain trunk:(-0.008, -0.186, -0.983);"
15.100,188.246,879.169,87.584,-116.099,0.000,0.003,0.000,0.000,1.000,0.000,-0.194,4,8.484,0.547,0.981,"Mountain trunk:(-0.008, -0.186, -0.983);Mountain trunk:(-0.008, -0.186, -0.983);Mountain trunk:(-0.008, -0.186, -0.983);Mountain trunk:(-0.008, -0.186, -0.983);"
15.120,188.246,879.169,87.584,-116.099,0.000,0.003,0.000,0.000,1.000,0.000,-0.194,4,8.484,0.547,0.981,"Mountain trunk:(-0.008, -0.186, -0.983);Mountain trunk:(-0.008, -0.186, -0.983);Mountain trunk:(-0.008, -0.186, -0.983);Mountain trunk:(-0.008, -0.186, -0.983);"
15.140,188.247,879.169,87.584,-116.099,0.000,0.003,0.000,0.000,1.000,0.000,-0.194,4,8.484,0.547,0.981,"Mountain trunk:(-0.008, -0.186, -0.983);Mountain trunk:(-0.008, -0.186, -0.983);Mountain trunk:(-0.008, -0.186, -0.983);Mountain trunk:(-0.008, -0.186, -0.983);"
15.160,188.247,879.169,87.584,-116.099,0.000,0.003,0.000,0.000,1.000,0.000,-0.194,4,8.483,0.547,0.981,"Mountain trunk:(-0.008, -0.186, -0.983);Mountain trunk:(-0.008, -0.186, -0.983);Mountain trunk:(-0.008, -0.186, -0.983);Mountain trunk:(-0.008, -0.186, -0.983);"
15.180,188.247,879.169,87.584,-116.099,0.000,0.003,0.000,0.000,1.000,0.000,-0.194,4,8.484,0.547,0.981,"Mountain trunk:(-0.008, -0.186, -0.983);Mountain trunk:(-0.008, -0.186, -0.983);Mountain trunk:(-0.008, -0.186, -0.983);Mountain trunk:(-0.008, -0.186, -0.983);"
15.200,188.247,879.170,87.584,-116.099,0.000,0.003,0.000,0.000,1.000,0.000,-0.194,4,8.484,0.547,0.981,"Mountain trunk:(-0.008, -0.186, -0.983);Mountain trunk:(-0.008, -0.186, -0.983);Mountain trunk:(-0.008, -0.186, -0.983);Mountain trunk:(-0.008, -0.186, -0.983);"
15.220,188.247,879.170,87.584,-116.099,0.000,0.003,0.000,0.000,1.000,0.000,-0.194,4,8.484,0.547,0.981,"Mountain trunk:(-0.008, -0.186, -0.983);Mountain trunk:(-0.008, -0.186, -0.983);Mountain trunk:(-0.008, -0.186, -0.983);Mountain trunk:(-0.008, -0.186, -0.983);"
15.240,188.247,879.170,87.584,-116.099,0.000,0.003,0.000,0.000,1.000,0.000,-0.194,4,8.484,0.547,0.981,"Mountain trunk:(-0.008, -0.186, -0.983);Mountain trunk:(-0.008, -0.186, -0.983);Mountain trunk:(-0.008, -0.186, -0.983);Mountain trunk:(-0.008, -0.186, -0.983);"
15.260,188.247,879.170,87.584,-116.099,0.000,0.003,0.000,0.000,1.000,0.000,-0.194,4,8.484,0.548,0.981,"Mountain trunk:(-0.008, -0.186, -0.983);Mountain trunk:(-0.008, -0.186, -0.983);Mountain trunk:(-0.008, -0.186, -0.983);Mountain trunk:(-0.008, -0.186, -0.983);"
15.280,188.247,879.170,87.584,-116.099,0.000,0.003,0.000,0.000,1.000,0.000,-0.194,4,8.484,0.548,0.981,"Mountain trunk:(-0.008, -0.186, -0.983);Mountain trunk:(-0.008, -0.186, -0.983);Mountain trunk:(-0.008, -0.186, -0.983);Mountain trunk:(-0.008, -0.186, -0.983);"
15.300,188.247,879.170,87.584,-116.099,0.000,0.003,0.000,0.000,1.000,0.000,-0.194,4,8.484,0.548,0.981,"Mountain trunk:(-0.008, -0.186, -0.983);Mountain trunk:(-0.008, -0.186, -0.983);Mountain trunk:(-0.008, -0.186, -0.983);Mountain trunk:(-0.008, -0.186, -0.983);"
15.320,188.247,879.170,87.584,-116.099,0.000,0.003,0.000,0.000,1.000,0.000,-0.194,4,8.484,0.548,0.981,"Mountain trunk:(-0.008, -0.186, -0.983);Mountain trunk:(-0.008, -0.186, -0.983);Mountain trunk:(-0.008, -0.186, -0.983);Mountain trunk:(-0.008, -0.186, -0.983);"
15.340,188.247,879.170,87.584,-116.099,0.000,0.003,0.000,0.000,1.000,0.000,-0.194,4,8.484,0.548,0.981,"Mountain trunk:(-0.008, -0.186, -0.983);Mountain trunk:(-0.008, -0.186, -0.983);Mountain trunk:(-0.008, -0.186, -0.983);Mountain trunk:(-0.008, -0.186, -0.983);"
15.360,188.247,879.170,87.584,-116.099,0.000,0.003,0.000,0.000,1.000,0.000,-0.194,4,8.484,0.548,0.981,"Mountain trunk:(-0.008, -0.186, -0.983);Mountain trunk:(-0.008, -0.186, -0.983);Mountain trunk:(-0.008, -0.186, -0.983);Mountain trunk:(-0.008, -0.186, -0.983);"
15.380,188.247,879.170,87.584,-116.099,0.000,0.003,0.000,0.000,1.000,0.000,-0.194,4,8.484,0.548,0.981,"Mountain trunk:(-0.008, -0.186, -0.983);Mountain trunk:(-0.008, -0.186, -0.983);Mountain trunk:(-0.008, -0.186, -0.983);Mountain trunk:(-0.008, -0.186, -0.983);"
15.400,188.247,879.170,87.584,-116.099,0.000,0.003,0.000,0.000,1.000,0.000,-0.194,4,8.484,0.548,0.981,"Mountain trunk:(-0.008, -0.186, -0.983);Mountain trunk:(-0.008, -0.186, -0.983);Mountain trunk:(-0.008, -0.186, -0.983);Mountain trunk:(-0.008, -0.186, -0.983);"
15.420,188.247,879.170,87.584,-116.099,0.000,0.003,0.000,0.000,1.000,0.000,-0.194,4,8.485,0.548,0.981,"Mountain trunk:(-0.008, -0.186, -0.983);Mountain trunk:(-0.008, -0.186, -0.983);Mountain trunk:(-0.008, -0.186, -0.983);Mountain trunk:(-0.008, -0.186, -0.983);"
15.440,188.247,879.170,87.584,-116.099,0.000,0.003,0.000,0.000,1.000,0.000,-0.194,4,8.485,0.548,0.981,"Mountain trunk:(-0.008, -0.186, -0.983);Mountain trunk:(-0.008, -0.186, -0.983);Mountain trunk:(-0.008, -0.186, -0.983);Mountain trunk:(-0.008, -0.186, -0.983);"
15.460,188.247,879.170,87.584,-116.099,0.000,0.003,0.000,0.000,1.000,0.000,-0.194,4,8.485,0.548,0.981,"Mountain trunk:(-0.008, -0.186, -0.983);Mountain trunk:(-0.008, -0.186, -0.983);Mountain trunk:(-0.008, -0.186, -0.983);Mountain trunk:(-0.008, -0.186, -0.983);"
15.480,188.247,879.170,87.584,-116.099,0.000,0.003,0.000,0.000,1.000,0.000,-0.194,4,8.485,0.548,0.981,"Mountain trunk:(-0.008, -0.186, -0.983);Mountain trunk:(-0.008, -0.186, -0.983);Mountain trunk:(-0.008, -0.186, -0.983);Mountain trunk:(-0.008, -0.186, -0.983);"
15.500,188.247,879.171,87.584,-116.099,0.000,0.003,0.000,0.000,1.000,0.000,-0.194,4,8.485,0.548,0.981,"Mountain trunk:(-0.008, -0.186, -0.983);Mountain trunk:(-0.008, -0.186, -0.983);Mountain trunk:(-0.008, -0.186, -0.983);Mountain trunk:(-0.008, -0.186, -0.983);"
15.520,188.248,879.171,87.584,-116.099,0.000,0.003,0.000,0.000,1.000,0.000,-0.194,4,8.485,0.548,0.981,"Mountain trunk:(-0.008, -0.186, -0.983);Mountain trunk:(-0.008, -0.186, -0.983);Mountain trunk:(-0.008, -0.186, -0.983);Mountain trunk:(-0.008, -0.186, -0.983);"
15.540,188.248,879.171,87.584,-116.099,0.000,0.003,0.000,0.000,1.000,0.000,-0.194,4,8.485,0.548,0.981,"Mountain trunk:(-0.008, -0.186, -0.983);Mountain trunk:(-0.008, -0.186, -0.983);Mountain trunk:(-0.008, -0.186, -0.983);Mountain trunk:(-0.008, -0.186, -0.983);"
15.560,188.248,879.171,87.584,-116.099,0.000,0.003,0.000,0.000,1.000,0.000,-0.194,4,8.485,0.548,0.981,"Mountain trunk:(-0.008, -0.186, -0.983);Mountain trunk:(-0.008, -0.186, -0.983);Mountain trunk:(-0.008, -0.186, -0.983);Mountain trunk:(-0.008, -0.186, -0.983);"
15.580,188.248,879.171,87.584,-116.099,0.000,0.003,0.000,0.000,1.000,0.000,-0.194,4,8.485,0.548,0.981,"Mountain trunk:(-0.008, -0.186, -0.983);Mountain trunk:(-0.008, -0.186, -0.983);Mountain trunk:(-0.008, -0.186, -0.983);Mountain trunk:(-0.008, -0.186, -0.983);"
15.600,188.248,879.171,87.584,-116.099,0.000,0.003,0.000,0.000,1.000,0.000,-0.194,4,8.485,0.548,0.981,"Mountain trunk:(-0.008, -0.186, -0.983);Mountain trunk:(-0.008, -0.186, -0.983);Mountain trunk:(-0.008, -0.186, -0.983);Mountain trunk:(-0.008, -0.186, -0.983);"
15.620,188.248,879.171,87.584,-116.099,0.000,0.003,0.000,0.000,1.000,0.000,-0.194,4,8.485,0.548,0.981,"Mountain trunk:(-0.008, -0.186, -0.983);Mountain trunk:(-0.008, -0.186, -0.983);Mountain trunk:(-0.008, -0.186, -0.983);Mountain trunk:(-0.008, -0.186, -0.983);"
15.640,188.248,879.171,87.584,-116.099,0.000,0.003,0.000,0.000,1.000,0.000,-0.194,4,8.485,0.548,0.981,"Mountain trunk:(-0.008, -0.186, -0.983);Mountain trunk:(-0.008, -0.186, -0.983);Mountain trunk:(-0.008, -0.186, -0.983);Mountain trunk:(-0.008, -0.186, -0.983);"
15.660,188.248,879.171,87.584,-116.099,0.000,0.003,0.000,0.000,1.000,0.000,-0.194,4,8.486,0.548,0.981,"Mountain trunk:(-0.008, -0.186, -0.983);Mountain trunk:(-0.008, -0.186, -0.983);Mountain trunk:(-0.008, -0.186, -0.983);Mountain trunk:(-0.008, -0.186, -0.983);"
15.680,188.248,879.171,87.584,-116.099,0.000,0.003,0.000,0.000,1.000,0.000,-0.194,4,8.486,0.548,0.981,"Mountain trunk:(-0.008, -0.186, -0.983);Mountain trunk:(-0.008, -0.186, -0.983);Mountain trunk:(-0.008, -0.186, -0.983);Mountain trunk:(-0.008, -0.186, -0.983);"
15.700,188.248,879.171,87.584,-116.099,0.000,0.003,0.000,0.000,1.000,0.000,-0.194,4,8.486,0.548,0.981,"Mountain trunk:(-0.008, -0.186, -0.983);Mountain trunk:(-0.008, -0.186, -0.983);Mountain trunk:(-0.008, -0.186, -0.983);Mountain trunk:(-0.008, -0.186, -0.983);"
15.720,188.248,879.171,87.584,-116.099,0.000,0.003,0.000,0.000,1.000,0.000,-0.194,4,8.485,0.548,0.981,"Mountain trunk:(-0.008, -0.186, -0.983);Mountain trunk:(-0.008, -0.186, -0.983);Mountain trunk:(-0.008, -0.186, -0.983);Mountain trunk:(-0.008, -0.186, -0.983);"
15.740,188.248,879.171,87.584,-116.099,0.000,0.003,0.000,0.000,1.000,0.000,-0.194,4,8.486,0.548,0.981,"Mountain trunk:(-0.008, -0.186, -0.983);Mountain trunk:(-0.008, -0.186, -0.983);Mountain trunk:(-0.008, -0.186, -0.983);Mountain trunk:(-0.008, -0.186, -0.983);"
15.760,188.248,879.171,87.584,-116.099,0.000,0.003,0.000,0.000,1.000,0.000,-0.194,4,8.486,0.548,0.981,"Mountain trunk:(-0.008, -0.186, -0.983);Mountain trunk:(-0.008, -0.186, -0.983);Mountain trunk:(-0.008, -0.186, -0.983);Mountain trunk:(-0.008, -0.186, -0.983);"
15.780,188.248,879.171,87.584,-116.099,0.000,0.003,0.000,0.000,1.000,0.000,-0.193,4,8.485,0.548,0.981,"Mountain trunk:(-0.008, -0.186, -0.983);Mountain trunk:(-0.008, -0.186, -0.983);Mountain trunk:(-0.008, -0.186, -0.983);Mountain trunk:(-0.008, -0.186, -0.983);"
15.800,188.248,879.171,87.584,-116.099,0.000,0.003,0.000,0.000,1.000,0.000,-0.193,4,8.486,0.548,0.981,"Mountain trunk:(-0.008, -0.186, -0.983);Mountain trunk:(-0.008, -0.186, -0.983);Mountain trunk:(-0.008, -0.186, -0.983);Mountain trunk:(-0.008, -0.186, -0.983);"
15.820,188.248,879.171,87.584,-116.099,0.000,0.003,0.000,0.000,1.000,0.000,-0.193,4,8.486,0.548,0.981,"Mountain trunk:(-0.008, -0.186, -0.983);Mountain trunk:(-0.008, -0.186, -0.983);Mountain trunk:(-0.008, -0.186, -0.983);Mountain trunk:(-0.008, -0.186, -0.983);"
15.840,188.248,879.172,87.584,-116.099,0.000,0.003,0.000,0.000,1.000,0.000,-0.193,4,8.486,0.548,0.981,"Mountain trunk:(-0.008, -0.186, -0.983);Mountain trunk:(-0.008, -0.186, -0.983);Mountain trunk:(-0.008, -0.186, -0.983);Mountain trunk:(-0.008, -0.186, -0.983);"
15.860,188.248,879.172,87.584,-116.099,0.000,0.003,0.000,0.000,1.000,0.000,-0.193,4,8.486,0.548,0.981,"Mountain trunk:(-0.008, -0.186, -0.983);Mountain trunk:(-0.008, -0.186, -0.983);Mountain trunk:(-0.008, -0.186, -0.983);Mountain trunk:(-0.008, -0.186, -0.983);"
15.880,188.248,879.172,87.584,-116.099,0.000,0.003,0.000,0.000,1.000,0.000,-0.193,4,8.486,0.548,0.981,"Mountain trunk:(-0.008, -0.186, -0.983);Mountain trunk:(-0.008, -0.186, -0.983);Mountain trunk:(-0.008, -0.186, -0.983);Mountain trunk:(-0.008, -0.186, -0.983);"
15.900,188.248,879.172,87.584,-116.099,0.000,0.003,0.000,0.000,1.000,0.000,-0.193,4,8.486,0.548,0.981,"Mountain trunk:(-0.008, -0.186, -0.983);Mountain trunk:(-0.008, -0.186, -0.983);Mountain trunk:(-0.008, -0.186, -0.983);Mountain trunk:(-0.008, -0.186, -0.983);"
15.920,188.249,879.172,87.584,-116.099,0.000,0.003,0.000,0.000,1.000,0.000,-0.193,4,8.486,0.548,0.981,"Mountain trunk:(-0.008, -0.186, -0.983);Mountain trunk:(-0.008, -0.186, -0.983);Mountain trunk:(-0.008, -0.186, -0.983);Mountain trunk:(-0.008, -0.186, -0.983);"
15.940,188.249,879.172,87.584,-116.099,0.000,0.003,0.000,0.000,1.000,0.000,-0.193,4,8.487,0.548,0.981,"Mountain trunk:(-0.008, -0.186, -0.983);Mountain trunk:(-0.008, -0.186, -0.983);Mountain trunk:(-0.008, -0.186, -0.983);Mountain trunk:(-0.008, -0.186, -0.983);"
15.960,188.249,879.172,87.584,-116.099,0.000,0.003,0.000,0.000,1.000,0.000,-0.193,4,8.487,0.548,0.981,"Mountain trunk:(-0.008, -0.186, -0.983);Mountain trunk:(-0.008, -0.186, -0.983);Mountain trunk:(-0.008, -0.186, -0.983);Mountain trunk:(-0.008, -0.186, -0.983);"
15.980,188.249,879.172,87.584,-116.099,0.000,0.003,0.000,0.000,1.000,0.000,-0.193,4,8.487,0.548,0.981,"Mountain trunk:(-0.008, -0.186, -0.983);Mountain trunk:(-0.008, -0.186, -0.983);Mountain trunk:(-0.008, -0.186, -0.983);Mountain trunk:(-0.008, -0.186, -0.983);"
16.000,188.249,879.172,87.584,-116.099,0.000,0.003,0.000,0.000,1.000,0.000,-0.193,4,8.486,0.548,0.981,"Mountain trunk:(-0.008, -0.186, -0.983);Mountain trunk:(-0.008, -0.186, -0.983);Mountain trunk:(-0.008, -0.186, -0.983);Mountain trunk:(-0.008, -0.186, -0.983);"
16.020,188.249,879.172,87.584,-116.099,0.000,0.003,0.000,0.000,1.000,0.000,-0.193,4,8.486,0.548,0.981,"Mountain trunk:(-0.008, -0.186, -0.983);Mountain trunk:(-0.008, -0.186, -0.983);Mountain trunk:(-0.008, -0.186, -0.983);Mountain trunk:(-0.008, -0.186, -0.983);"
16.040,188.249,879.172,87.584,-116.099,0.000,0.003,0.000,0.000,1.000,0.000,-0.193,4,8.487,0.548,0.981,"Mountain trunk:(-0.008, -0.186, -0.983);Mountain trunk:(-0.008, -0.186, -0.983);Mountain trunk:(-0.008, -0.186, -0.983);Mountain trunk:(-0.008, -0.186, -0.983);"
16.060,188.249,879.172,87.584,-116.099,0.000,0.003,0.000,0.000,1.000,0.000,-0.193,4,8.486,0.549,0.981,"Mountain trunk:(-0.008, -0.186, -0.983);Mountain trunk:(-0.008, -0.186, -0.983);Mountain trunk:(-0.008, -0.186, -0.983);Mountain trunk:(-0.008, -0.186, -0.983);"
16.080,188.249,879.172,87.584,-116.099,0.000,0.003,0.000,0.000,1.000,0.000,-0.193,4,8.486,0.549,0.981,"Mountain trunk:(-0.008, -0.186, -0.983);Mountain trunk:(-0.008, -0.186, -0.983);Mountain trunk:(-0.008, -0.186, -0.983);Mountain trunk:(-0.008, -0.186, -0.983);"
16.100,188.249,879.172,87.584,-116.099,0.000,0.003,0.000,0.000,1.000,0.000,-0.193,4,8.487,0.549,0.981,"Mountain trunk:(-0.008, -0.186, -0.983);Mountain trunk:(-0.008, -0.186, -0.983);Mountain trunk:(-0.008, -0.186, -0.983);Mountain trunk:(-0.008, -0.186, -0.983);"
16.120,188.249,879.172,87.584,-116.099,0.000,0.003,0.000,0.000,1.000,0.000,-0.193,4,8.487,0.549,0.981,"Mountain trunk:(-0.008, -0.186, -0.983);Mountain trunk:(-0.008, -0.186, -0.983);Mountain trunk:(-0.008, -0.186, -0.983);Mountain trunk:(-0.008, -0.186, -0.983);"
16.140,188.249,879.172,87.584,-116.099,0.000,0.003,0.000,0.000,1.000,0.000,-0.193,4,8.487,0.549,0.981,"Mountain trunk:(-0.008, -0.186, -0.983);Mountain trunk:(-0.008, -0.186, -0.983);Mountain trunk:(-0.008, -0.186, -0.983);Mountain trunk:(-0.008, -0.186, -0.983);"
16.160,188.249,879.173,87.584,-116.099,0.000,0.003,0.000,0.000,1.000,0.000,-0.193,4,8.487,0.549,0.981,"Mountain trunk:(-0.008, -0.186, -0.983);Mountain trunk:(-0.008, -0.186, -0.983);Mountain trunk:(-0.008, -0.186, -0.983);Mountain trunk:(-0.008, -0.186, -0.983);"
16.180,188.249,879.173,87.584,-116.099,0.000,0.003,0.000,0.000,1.000,0.000,-0.193,4,8.487,0.549,0.981,"Mountain trunk:(-0.008, -0.186, -0.983);Mountain trunk:(-0.008, -0.186, -0.983);Mountain trunk:(-0.008, -0.186, -0.983);Mountain trunk:(-0.008, -0.186, -0.983);"
16.200,188.249,879.173,87.584,-116.099,0.000,0.003,0.000,0.000,1.000,0.000,-0.193,4,8.487,0.549,0.981,"Mountain trunk:(-0.008, -0.186, -0.983);Mountain trunk:(-0.008, -0.186, -0.983);Mountain trunk:(-0.008, -0.186, -0.983);Mountain trunk:(-0.008, -0.186, -0.983);"
16.220,188.249,879.173,87.584,-116.099,0.000,0.003,0.000,0.000,1.000,0.000,-0.193,4,8.488,0.549,0.981,"Mountain trunk:(-0.008, -0.186, -0.983);Mountain trunk:(-0.008, -0.186, -0.983);Mountain trunk:(-0.008, -0.186, -0.983);Mountain trunk:(-0.008, -0.186, -0.983);"
16.240,188.249,879.173,87.584,-116.099,0.000,0.003,0.000,0.000,1.000,0.000,-0.193,4,8.487,0.549,0.981,"Mountain trunk:(-0.008, -0.186, -0.983);Mountain trunk:(-0.008, -0.186, -0.983);Mountain trunk:(-0.008, -0.186, -0.983);Mountain trunk:(-0.008, -0.186, -0.983);"
16.260,188.249,879.173,87.584,-116.099,0.000,0.003,0.000,0.000,1.000,0.000,-0.193,4,8.488,0.549,0.981,"Mountain trunk:(-0.008, -0.186, -0.983);Mountain trunk:(-0.008, -0.186, -0.983);Mountain trunk:(-0.008, -0.186, -0.983);Mountain trunk:(-0.008, -0.186, -0.983);"
16.280,188.249,879.173,87.584,-116.099,0.000,0.003,0.000,0.000,1.000,0.000,-0.193,4,8.488,0.549,0.981,"Mountain trunk:(-0.008, -0.186, -0.983);Mountain trunk:(-0.008, -0.186, -0.983);Mountain trunk:(-0.008, -0.186, -0.983);Mountain trunk:(-0.008, -0.186, -0.983);"
16.300,188.250,879.173,87.584,-116.099,0.000,0.003,0.000,0.000,1.000,0.000,-0.193,4,8.488,0.549,0.981,"Mountain trunk:(-0.008, -0.186, -0.983);Mountain trunk:(-0.008, -0.186, -0.983);Mountain trunk:(-0.008, -0.186, -0.983);Mountain trunk:(-0.008, -0.186, -0.983);"
16.320,188.250,879.173,87.584,-116.099,0.000,0.003,0.000,0.000,1.000,0.000,-0.193,4,8.488,0.549,0.981,"Mountain trunk:(-0.008, -0.186, -0.983);Mountain trunk:(-0.008, -0.186, -0.983);Mountain trunk:(-0.008, -0.186, -0.983);Mountain trunk:(-0.008, -0.186, -0.983);"
16.340,188.250,879.173,87.584,-116.099,0.000,0.003,0.000,0.000,1.000,0.000,-0.193,4,8.488,0.549,0.981,"Mountain trunk:(-0.002, -0.185, -0.983);Mountain trunk:(-0.002, -0.185, -0.983);Mountain trunk:(-0.002, -0.185, -0.983);Mountain trunk:(-0.002, -0.185, -0.983);"
16.360,188.250,879.173,87.584,-116.099,0.000,0.003,0.000,0.000,1.000,0.000,-0.193,4,8.488,0.548,0.981,"Mountain trunk:(-0.002, -0.185, -0.983);Mountain trunk:(-0.002, -0.185, -0.983);Mountain trunk:(-0.002, -0.185, -0.983);Mountain trunk:(-0.002, -0.185, -0.983);"
16.380,188.250,879.173,87.584,-116.099,0.000,0.003,0.000,0.000,1.000,0.000,-0.193,4,8.488,0.547,0.981,"Mountain trunk:(-0.002, -0.185, -0.983);Mountain trunk:(-0.002, -0.185, -0.983);Mountain trunk:(-0.002, -0.185, -0.983);Mountain trunk:(-0.002, -0.185, -0.983);"
16.400,188.250,879.173,87.584,-116.099,0.000,0.003,0.000,0.000,1.000,0.000,-0.193,4,8.488,0.547,0.981,"Mountain trunk:(-0.002, -0.185, -0.983);Mountain trunk:(-0.002, -0.185, -0.983);Mountain trunk:(-0.002, -0.185, -0.983);Mountain trunk:(-0.002, -0.185, -0.983);"
16.420,188.250,879.173,87.584,-116.099,0.000,0.003,0.000,0.000,1.000,0.000,-0.193,4,8.489,0.547,0.981,"Mountain trunk:(-0.002, -0.185, -0.983);Mountain trunk:(-0.002, -0.185, -0.983);Mountain trunk:(-0.002, -0.185, -0.983);Mountain trunk:(-0.002, -0.185, -0.983);"
16.440,188.250,879.173,87.584,-116.099,0.000,0.003,0.000,0.000,1.000,0.000,-0.193,4,8.488,0.548,0.981,"Mountain trunk:(-0.002, -0.185, -0.983);Mountain trunk:(-0.002, -0.185, -0.983);Mountain trunk:(-0.002, -0.185, -0.983);Mountain trunk:(-0.002, -0.185, -0.983);"
16.460,188.250,879.173,87.584,-116.099,0.000,0.003,0.000,0.000,1.000,0.000,-0.193,4,8.489,0.548,0.981,"Mountain trunk:(-0.002, -0.185, -0.983);Mountain trunk:(-0.002, -0.185, -0.983);Mountain trunk:(-0.002, -0.185, -0.983);Mountain trunk:(-0.002, -0.185, -0.983);"
16.480,188.250,879.174,87.584,-116.099,0.000,0.003,0.000,0.000,1.000,0.000,-0.193,4,8.489,0.548,0.981,"Mountain trunk:(-0.002, -0.185, -0.983);Mountain trunk:(-0.002, -0.185, -0.983);Mountain trunk:(-0.002, -0.185, -0.983);Mountain trunk:(-0.002, -0.185, -0.983);"
16.500,188.250,879.174,87.584,-116.099,0.000,0.003,0.000,0.000,1.000,0.000,-0.193,4,8.489,0.548,0.981,"Mountain trunk:(-0.002, -0.185, -0.983);Mountain trunk:(-0.002, -0.185, -0.983);Mountain trunk:(-0.002, -0.185, -0.983);Mountain trunk:(-0.002, -0.185, -0.983);"
16.520,188.250,879.174,87.584,-116.099,0.000,0.003,0.000,0.000,1.000,0.000,-0.193,4,8.489,0.550,0.981,"Mountain trunk:(-0.002, -0.185, -0.983);Mountain trunk:(-0.002, -0.185, -0.983);Mountain trunk:(-0.002, -0.185, -0.983);Mountain trunk:(-0.002, -0.185, -0.983);"
16.540,188.250,879.174,87.584,-116.099,0.000,0.003,0.000,0.000,1.000,0.000,-0.193,4,8.489,0.549,0.981,"Mountain trunk:(-0.002, -0.185, -0.983);Mountain trunk:(-0.002, -0.185, -0.983);Mountain trunk:(-0.002, -0.185, -0.983);Mountain trunk:(-0.002, -0.185, -0.983);"
16.560,188.250,879.174,87.584,-116.099,0.000,0.003,0.000,0.000,1.000,0.000,-0.193,4,8.489,0.548,0.981,"Mountain trunk:(-0.002, -0.185, -0.983);Mountain trunk:(-0.002, -0.185, -0.983);Mountain trunk:(-0.002, -0.185, -0.983);Mountain trunk:(-0.002, -0.185, -0.983);"
16.580,188.250,879.174,87.584,-116.099,0.000,0.003,0.000,0.000,1.000,0.000,-0.193,4,8.488,0.547,0.981,"Mountain trunk:(-0.002, -0.185, -0.983);Mountain trunk:(-0.002, -0.185, -0.983);Mountain trunk:(-0.002, -0.185, -0.983);Mountain trunk:(-0.002, -0.185, -0.983);"
16.600,188.250,879.174,87.584,-116.099,0.000,0.003,0.000,0.000,1.000,0.000,-0.193,4,8.488,0.547,0.981,"Mountain trunk:(-0.002, -0.185, -0.983);Mountain trunk:(-0.002, -0.185, -0.983);Mountain trunk:(-0.002, -0.185, -0.983);Mountain trunk:(-0.002, -0.185, -0.983);"
16.620,188.250,879.174,87.584,-116.099,0.000,0.003,0.000,0.000,1.000,0.000,-0.193,4,8.488,0.547,0.981,"Mountain trunk:(-0.002, -0.185, -0.983);Mountain trunk:(-0.002, -0.185, -0.983);Mountain trunk:(-0.002, -0.185, -0.983);Mountain trunk:(-0.002, -0.185, -0.983);"
16.640,188.250,879.174,87.584,-116.099,0.000,0.003,0.000,0.000,1.000,0.000,-0.193,4,8.488,0.547,0.981,"Mountain trunk:(-0.002, -0.185, -0.983);Mountain trunk:(-0.002, -0.185, -0.983);Mountain trunk:(-0.002, -0.185, -0.983);Mountain trunk:(-0.002, -0.185, -0.983);"
16.660,188.250,879.174,87.584,-116.099,0.000,0.003,0.000,0.000,1.000,0.000,-0.193,4,8.488,0.547,0.981,"Mountain trunk:(-0.002, -0.185, -0.983);Mountain trunk:(-0.002, -0.185, -0.983);Mountain trunk:(-0.002, -0.185, -0.983);Mountain trunk:(-0.002, -0.185, -0.983);"
16.680,188.250,879.174,87.584,-116.099,0.000,0.003,0.000,0.000,1.000,0.000,-0.193,4,8.488,0.548,0.981,"Mountain trunk:(-0.002, -0.185, -0.983);Mountain trunk:(-0.002, -0.185, -0.983);Mountain trunk:(-0.002, -0.185, -0.983);Mountain trunk:(-0.002, -0.185, -0.983);"
16.700,188.251,879.174,87.584,-116.099,0.000,0.003,0.000,0.000,1.000,0.000,-0.193,4,8.488,0.548,0.981,"Mountain trunk:(-0.002, -0.185, -0.983);Mountain trunk:(-0.002, -0.185, -0.983);Mountain trunk:(-0.002, -0.185, -0.983);Mountain trunk:(-0.002, -0.185, -0.983);"
16.720,188.251,879.174,87.584,-116.099,0.000,0.003,0.000,0.000,1.000,0.000,-0.193,4,8.488,0.547,0.981,"Mountain trunk:(-0.002, -0.185, -0.983);Mountain trunk:(-0.002, -0.185, -0.983);Mountain trunk:(-0.002, -0.185, -0.983);Mountain trunk:(-0.002, -0.185, -0.983);"
16.740,188.251,879.174,87.584,-116.099,0.000,0.003,0.000,0.000,1.000,0.000,-0.193,4,8.488,0.547,0.981,"Mountain trunk:(-0.002, -0.185, -0.983);Mountain trunk:(-0.002, -0.185, -0.983);Mountain trunk:(-0.002, -0.185, -0.983);Mountain trunk:(-0.002, -0.185, -0.983);"
16.760,188.251,879.174,87.584,-116.099,0.000,0.003,0.000,0.000,1.000,0.000,-0.193,4,8.488,0.547,0.981,"Mountain trunk:(-0.002, -0.185, -0.983);Mountain trunk:(-0.002, -0.185, -0.983);Mountain trunk:(-0.002, -0.185, -0.983);Mountain trunk:(-0.002, -0.185, -0.983);"
16.780,188.251,879.174,87.584,-116.099,0.000,0.003,0.000,0.000,1.000,0.000,-0.193,4,8.488,0.547,0.981,"Mountain trunk:(-0.002, -0.185, -0.983);Mountain trunk:(-0.002, -0.185, -0.983);Mountain trunk:(-0.002, -0.185, -0.983);Mountain trunk:(-0.002, -0.185, -0.983);"
16.800,188.251,879.174,87.584,-116.099,0.000,0.003,0.000,0.000,1.000,0.000,-0.193,4,8.488,0.547,0.981,"Mountain trunk:(-0.002, -0.185, -0.983);Mountain trunk:(-0.002, -0.185, -0.983);Mountain trunk:(-0.002, -0.185, -0.983);Mountain trunk:(-0.002, -0.185, -0.983);"
16.820,188.251,879.175,87.584,-116.099,0.000,0.003,0.000,0.000,1.000,0.000,-0.193,4,8.488,0.547,0.981,"Mountain trunk:(-0.002, -0.185, -0.983);Mountain trunk:(-0.002, -0.185, -0.983);Mountain trunk:(-0.002, -0.185, -0.983);Mountain trunk:(-0.002, -0.185, -0.983);"
16.840,188.251,879.175,87.584,-116.099,0.000,0.003,0.000,0.000,1.000,0.000,-0.193,4,8.488,0.548,0.981,"Mountain trunk:(-0.002, -0.185, -0.983);Mountain trunk:(-0.002, -0.185, -0.983);Mountain trunk:(-0.002, -0.185, -0.983);Mountain trunk:(-0.002, -0.185, -0.983);"
16.860,188.251,879.175,87.584,-116.099,0.000,0.003,0.000,0.000,1.000,0.000,-0.193,4,8.487,0.548,0.981,"Mountain trunk:(-0.002, -0.185, -0.983);Mountain trunk:(-0.002, -0.185, -0.983);Mountain trunk:(-0.002, -0.185, -0.983);Mountain trunk:(-0.002, -0.185, -0.983);"
16.880,188.251,879.175,87.584,-116.099,0.000,0.003,0.000,0.000,1.000,0.000,-0.193,4,8.488,0.548,0.981,"Mountain trunk:(-0.002, -0.185, -0.983);Mountain trunk:(-0.002, -0.185, -0.983);Mountain trunk:(-0.002, -0.185, -0.983);Mountain trunk:(-0.002, -0.185, -0.983);"
16.900,188.251,879.175,87.584,-116.099,0.000,0.003,0.000,0.000,1.000,0.000,-0.193,4,8.488,0.548,0.981,"Mountain trunk:(-0.002, -0.185, -0.983);Mountain trunk:(-0.002, -0.185, -0.983);Mountain trunk:(-0.002, -0.185, -0.983);Mountain trunk:(-0.002, -0.185, -0.983);"
16.920,188.251,879.175,87.584,-116.099,0.000,0.003,0.000,0.000,1.000,0.000,-0.193,4,8.488,0.547,0.981,"Mountain trunk:(-0.002, -0.185, -0.983);Mountain trunk:(-0.002, -0.185, -0.983);Mountain trunk:(-0.002, -0.185, -0.983);Mountain trunk:(-0.002, -0.185, -0.983);"
16.940,188.251,879.175,87.584,-116.099,0.000,0.003,0.000,0.000,1.000,0.000,-0.193,4,8.488,0.548,0.981,"Mountain trunk:(-0.002, -0.185, -0.983);Mountain trunk:(-0.002, -0.185, -0.983);Mountain trunk:(-0.002, -0.185, -0.983);Mountain trunk:(-0.002, -0.185, -0.983);"
16.960,188.251,879.175,87.584,-116.099,0.000,0.003,0.000,0.000,1.000,0.000,-0.193,4,8.488,0.548,0.981,"Mountain trunk:(-0.002, -0.185, -0.983);Mountain trunk:(-0.002, -0.185, -0.983);Mountain trunk:(-0.002, -0.185, -0.983);Mountain trunk:(-0.002, -0.185, -0.983);"
16.980,188.251,879.175,87.584,-116.099,0.000,0.003,0.000,0.000,1.000,0.000,-0.193,4,8.488,0.548,0.981,"Mountain trunk:(-0.002, -0.185, -0.983);Mountain trunk:(-0.002, -0.185, -0.983);Mountain trunk:(-0.002, -0.185, -0.983);Mountain trunk:(-0.002, -0.185, -0.983);"
17.000,188.251,879.175,87.584,-116.099,0.000,0.003,0.000,0.000,1.000,0.000,-0.193,4,8.488,0.548,0.981,"Mountain trunk:(-0.002, -0.185, -0.983);Mountain trunk:(-0.002, -0.185, -0.983);Mountain trunk:(-0.002, -0.185, -0.983);Mountain trunk:(-0.002, -0.185, -0.983);"
17.020,188.251,879.175,87.584,-116.099,0.000,0.003,0.000,0.000,1.000,0.000,-0.193,4,8.488,0.548,0.981,"Mountain trunk:(-0.002, -0.185, -0.983);Mountain trunk:(-0.002, -0.185, -0.983);Mountain trunk:(-0.002, -0.185, -0.983);Mountain trunk:(-0.002, -0.185, -0.983);"
17.040,188.251,879.175,87.584,-116.099,0.000,0.003,0.000,0.000,1.000,0.000,-0.193,4,8.488,0.548,0.981,"Mountain trunk:(-0.002, -0.185, -0.983);Mountain trunk:(-0.002, -0.185, -0.983);Mountain trunk:(-0.002, -0.185, -0.983);Mountain trunk:(-0.002, -0.185, -0.983);"
17.060,188.251,879.175,87.584,-116.099,0.000,0.003,0.000,0.000,1.000,0.000,-0.192,4,8.487,0.548,0.981,"Mountain trunk:(-0.002, -0.185, -0.983);Mountain trunk:(-0.002, -0.185, -0.983);Mountain trunk:(-0.002, -0.185, -0.983);Mountain trunk:(-0.002, -0.185, -0.983);"
17.080,188.251,879.175,87.584,-116.099,0.000,0.003,0.000,0.000,1.000,0.000,-0.192,4,8.487,0.548,0.981,"Mountain trunk:(-0.002, -0.185, -0.983);Mountain trunk:(-0.002, -0.185, -0.983);Mountain trunk:(-0.002, -0.185, -0.983);Mountain trunk:(-0.002, -0.185, -0.983);"
17.100,188.252,879.175,87.584,-116.099,0.000,0.003,0.000,0.000,1.000,0.000,-0.192,4,8.488,0.549,0.981,"Mountain trunk:(-0.002, -0.185, -0.983);Mountain trunk:(-0.002, -0.185, -0.983);Mountain trunk:(-0.002, -0.185, -0.983);Mountain trunk:(-0.002, -0.185, -0.983);"
17.120,188.252,879.175,87.584,-116.099,0.000,0.003,0.000,0.000,1.000,0.000,-0.192,4,8.487,0.548,0.981,"Mountain trunk:(-0.002, -0.185, -0.983);Mountain trunk:(-0.002, -0.185, -0.983);Mountain trunk:(-0.002, -0.185, -0.983);Mountain trunk:(-0.002, -0.185, -0.983);"
17.140,188.252,879.175,87.584,-116.099,0.000,0.003,0.000,0.000,1.000,0.000,-0.192,4,8.487,0.549,0.981,"Mountain trunk:(-0.002, -0.185, -0.983);Mountain trunk:(-0.002, -0.185, -0.983);Mountain trunk:(-0.002, -0.185, -0.983);Mountain trunk:(-0.002, -0.185, -0.983);"
17.160,188.252,879.175,87.584,-116.099,0.000,0.003,0.000,0.000,1.000,0.000,-0.192,4,8.487,0.549,0.981,"Mountain trunk:(-0.002, -0.185, -0.983);Mountain trunk:(-0.002, -0.185, -0.983);Mountain trunk:(-0.002, -0.185, -0.983);Mountain trunk:(-0.002, -0.185, -0.983);"
17.180,188.252,879.175,87.584,-116.099,0.000,0.003,0.000,0.000,1.000,0.000,-0.192,4,8.487,0.549,0.981,"Mountain trunk:(-0.002, -0.185, -0.983);Mountain trunk:(-0.002, -0.185, -0.983);Mountain trunk:(-0.002, -0.185, -0.983);Mountain trunk:(-0.002, -0.185, -0.983);"
17.200,188.252,879.175,87.584,-116.099,0.000,0.003,0.000,0.000,1.000,0.000,-0.192,4,8.487,0.550,0.981,"Mountain trunk:(-0.002, -0.185, -0.983);Mountain trunk:(-0.002, -0.185, -0.983);Mountain trunk:(-0.002, -0.185, -0.983);Mountain trunk:(-0.002, -0.185, -0.983);"
17.220,188.252,879.175,87.584,-116.099,0.000,0.003,0.000,0.000,1.000,0.000,-0.192,4,8.488,0.550,0.981,"Mountain trunk:(-0.002, -0.185, -0.983);Mountain trunk:(-0.002, -0.185, -0.983);Mountain trunk:(-0.002, -0.185, -0.983);Mountain trunk:(-0.002, -0.185, -0.983);"
17.240,188.252,879.175,87.584,-116.099,0.000,0.003,0.000,0.000,1.000,0.000,-0.192,4,8.488,0.550,0.981,"Mountain trunk:(-0.002, -0.185, -0.983);Mountain trunk:(-0.002, -0.185, -0.983);Mountain trunk:(-0.002, -0.185, -0.983);Mountain trunk:(-0.002, -0.185, -0.983);"
17.260,188.252,879.175,87.584,-116.099,0.000,0.003,0.000,0.000,1.000,0.000,-0.192,4,8.488,0.550,0.981,"Mountain trunk:(-0.002, -0.185, -0.983);Mountain trunk:(-0.002, -0.185, -0.983);Mountain trunk:(-0.002, -0.185, -0.983);Mountain trunk:(-0.002, -0.185, -0.983);"
17.280,188.252,879.175,87.584,-116.099,0.000,0.003,0.000,0.000,1.000,0.000,-0.192,4,8.488,0.550,0.981,"Mountain trunk:(-0.002, -0.185, -0.983);Mountain trunk:(-0.002, -0.185, -0.983);Mountain trunk:(-0.002, -0.185, -0.983);Mountain trunk:(-0.002, -0.185, -0.983);"
17.300,188.252,879.175,87.584,-116.099,0.000,0.003,0.000,0.000,1.000,0.000,-0.192,4,8.488,0.550,0.981,"Mountain trunk:(-0.002, -0.185, -0.983);Mountain trunk:(-0.002, -0.185, -0.983);Mountain trunk:(-0.002, -0.185, -0.983);Mountain trunk:(-0.002, -0.185, -0.983);"
17.320,188.252,879.175,87.584,-116.099,0.000,0.003,0.000,0.000,1.000,0.000,-0.192,4,8.488,0.550,0.981,"Mountain trunk:(-0.002, -0.185, -0.983);Mountain trunk:(-0.002, -0.185, -0.983);Mountain trunk:(-0.002, -0.185, -0.983);Mountain trunk:(-0.002, -0.185, -0.983);"
17.340,188.252,879.175,87.584,-116.099,0.000,0.003,0.000,0.000,1.000,0.000,-0.192,4,8.488,0.550,0.981,"Mountain trunk:(-0.002, -0.185, -0.983);Mountain trunk:(-0.002, -0.185, -0.983);Mountain trunk:(-0.002, -0.185, -0.983);Mountain trunk:(-0.002, -0.185, -0.983);"
17.360,188.252,879.175,87.584,-116.099,0.000,0.003,0.000,0.000,1.000,0.000,-0.192,4,8.488,0.549,0.981,"Mountain trunk:(-0.002, -0.185, -0.983);Mountain trunk:(-0.002, -0.185, -0.983);Mountain trunk:(-0.002, -0.185, -0.983);Mountain trunk:(-0.002, -0.185, -0.983);"
17.380,188.252,879.175,87.584,-116.099,0.000,0.003,0.000,0.000,1.000,0.000,-0.192,4,8.488,0.550,0.981,"Mountain trunk:(-0.002, -0.185, -0.983);Mountain trunk:(-0.002, -0.185, -0.983);Mountain trunk:(-0.002, -0.185, -0.983);Mountain trunk:(-0.002, -0.185, -0.983);"
17.400,188.252,879.175,87.584,-116.099,0.000,0.003,0.000,0.000,1.000,0.000,-0.192,4,8.488,0.550,0.981,"Mountain trunk:(-0.002, -0.185, -0.983);Mountain trunk:(-0.002, -0.185, -0.983);Mountain trunk:(-0.002, -0.185, -0.983);Mountain trunk:(-0.002, -0.185, -0.983);"
17.420,188.252,879.175,87.584,-116.099,0.000,0.003,0.000,0.000,1.000,0.000,-0.192,4,8.488,0.550,0.981,"Mountain trunk:(-0.002, -0.185, -0.983);Mountain trunk:(-0.002, -0.185, -0.983);Mountain trunk:(-0.002, -0.185, -0.983);Mountain trunk:(-0.002, -0.185, -0.983);"
17.440,188.252,879.175,87.584,-116.099,0.000,0.003,0.000,0.000,1.000,0.000,-0.192,4,8.488,0.549,0.981,"Mountain trunk:(-0.002, -0.185, -0.983);Mountain trunk:(-0.002, -0.185, -0.983);Mountain trunk:(-0.002, -0.185, -0.983);Mountain trunk:(-0.002, -0.185, -0.983);"
17.460,188.252,879.175,87.584,-116.099,0.000,0.003,0.000,0.000,1.000,0.000,-0.192,4,8.488,0.550,0.981,"Mountain trunk:(-0.002, -0.185, -0.983);Mountain trunk:(-0.002, -0.185, -0.983);Mountain trunk:(-0.002, -0.185, -0.983);Mountain trunk:(-0.002, -0.185, -0.983);"
17.480,188.252,879.175,87.584,-116.099,0.000,0.003,0.000,0.000,1.000,0.000,-0.192,4,8.488,0.550,0.981,"Mountain trunk:(-0.002, -0.185, -0.983);Mountain trunk:(-0.002, -0.185, -0.983);Mountain trunk:(-0.002, -0.185, -0.983);Mountain trunk:(-0.002, -0.185, -0.983);"
17.500,188.252,879.175,87.584,-116.099,0.000,0.003,0.000,0.000,1.000,0.000,-0.192,4,8.488,0.550,0.981,"Mountain trunk:(-0.002, -0.185, -0.983);Mountain trunk:(-0.002, -0.185, -0.983);Mountain trunk:(-0.002, -0.185, -0.983);Mountain trunk:(-0.002, -0.185, -0.983);"
17.520,188.252,879.175,87.584,-116.099,0.000,0.003,0.000,0.000,1.000,0.000,-0.192,4,8.488,0.549,0.981,"Mountain trunk:(-0.002, -0.185, -0.983);Mountain trunk:(-0.002, -0.185, -0.983);Mountain trunk:(-0.002, -0.185, -0.983);Mountain trunk:(-0.002, -0.185, -0.983);"
17.540,188.252,879.175,87.584,-116.099,0.000,0.003,0.000,0.000,1.000,0.000,-0.192,4,8.488,0.550,0.981,"Mountain trunk:(-0.002, -0.185, -0.983);Mountain trunk:(-0.002, -0.185, -0.983);Mountain trunk:(-0.002, -0.185, -0.983);Mountain trunk:(-0.002, -0.185, -0.983);"
17.560,188.252,879.175,87.584,-116.099,0.000,0.003,0.000,0.000,1.000,0.000,-0.192,4,8.488,0.550,0.981,"Mountain trunk:(-0.002, -0.185, -0.983);Mountain trunk:(-0.002, -0.185, -0.983);Mountain trunk:(-0.002, -0.185, -0.983);Mountain trunk:(-0.002, -0.185, -0.983);"
17.580,188.252,879.175,87.584,-116.099,0.000,0.003,0.000,0.000,1.000,0.000,-0.192,4,8.488,0.550,0.981,"Mountain trunk:(-0.002, -0.185, -0.983);Mountain trunk:(-0.002, -0.185, -0.983);Mountain trunk:(-0.002, -0.185, -0.983);Mountain trunk:(-0.002, -0.185, -0.983);"
17.600,188.252,879.175,87.584,-116.099,0.000,0.003,0.000,0.000,1.000,0.000,-0.192,4,8.488,0.549,0.981,"Mountain trunk:(-0.002, -0.185, -0.983);Mountain trunk:(-0.002, -0.185, -0.983);Mountain trunk:(-0.002, -0.185, -0.983);Mountain trunk:(-0.002, -0.185, -0.983);"
17.620,188.252,879.175,87.584,-116.099,0.000,0.003,0.000,0.000,1.000,0.000,-0.192,4,8.488,0.549,0.981,"Mountain trunk:(-0.002, -0.185, -0.983);Mountain trunk:(-0.002, -0.185, -0.983);Mountain trunk:(-0.002, -0.185, -0.983);Mountain trunk:(-0.002, -0.185, -0.983);"
17.640,188.252,879.175,87.584,-116.099,0.000,0.003,0.000,0.000,1.000,0.000,-0.192,4,8.488,0.550,0.981,"Mountain trunk:(-0.002, -0.185, -0.983);Mountain trunk:(-0.002, -0.185, -0.983);Mountain trunk:(-0.002, -0.185, -0.983);Mountain trunk:(-0.002, -0.185, -0.983);"
17.660,188.252,879.175,87.584,-116.099,0.000,0.003,0.000,0.000,1.000,0.000,-0.192,4,8.488,0.550,0.981,"Mountain trunk:(-0.002, -0.185, -0.983);Mountain trunk:(-0.002, -0.185, -0.983);Mountain trunk:(-0.002, -0.185, -0.983);Mountain trunk:(-0.002, -0.185, -0.983);"
17.680,188.252,879.175,87.584,-116.099,0.000,0.003,0.000,0.000,1.000,0.000,-0.192,4,8.488,0.550,0.981,"Mountain trunk:(-0.002, -0.185, -0.983);Mountain trunk:(-0.002, -0.185, -0.983);Mountain trunk:(-0.002, -0.185, -0.983);Mountain trunk:(-0.002, -0.185, -0.983);"
17.700,188.252,879.175,87.584,-116.099,0.000,0.003,0.000,0.000,1.000,0.000,-0.192,4,8.488,0.550,0.981,"Mountain trunk:(-0.002, -0.185, -0.983);Mountain trunk:(-0.002, -0.185, -0.983);Mountain trunk:(-0.002, -0.185, -0.983);Mountain trunk:(-0.002, -0.185, -0.983);"
17.720,188.252,879.175,87.584,-116.099,0.000,0.003,0.000,0.000,1.000,0.000,-0.192,4,8.488,0.550,0.981,"Mountain trunk:(-0.002, -0.185, -0.983);Mountain trunk:(-0.002, -0.185, -0.983);Mountain trunk:(-0.002, -0.185, -0.983);Mountain trunk:(-0.002, -0.185, -0.983);"
17.740,188.252,879.175,87.584,-116.099,0.000,0.003,0.000,0.000,1.000,0.000,-0.192,4,8.488,0.550,0.981,"Mountain trunk:(-0.002, -0.185, -0.983);Mountain trunk:(-0.002, -0.185, -0.983);Mountain trunk:(-0.002, -0.185, -0.983);Mountain trunk:(-0.002, -0.185, -0.983);"
17.760,188.252,879.175,87.584,-116.099,0.000,0.003,0.000,0.000,1.000,0.000,-0.192,4,8.488,0.549,0.981,"Mountain trunk:(-0.002, -0.185, -0.983);Mountain trunk:(-0.002, -0.185, -0.983);Mountain trunk:(-0.002, -0.185, -0.983);Mountain trunk:(-0.002, -0.185, -0.983);"
17.780,188.252,879.175,87.584,-116.099,0.001,0.003,0.000,0.001,1.000,0.000,-0.192,4,8.488,0.549,0.981,"Mountain trunk:(-0.002, -0.185, -0.983);Mountain trunk:(-0.002, -0.185, -0.983);Mountain trunk:(-0.002, -0.185, -0.983);Mountain trunk:(-0.002, -0.185, -0.983);"
17.800,188.252,879.175,87.584,-116.099,0.000,0.003,0.000,0.000,1.000,0.000,-0.192,4,8.488,0.550,0.981,"Mountain trunk:(-0.002, -0.185, -0.983);Mountain trunk:(-0.002, -0.185, -0.983);Mountain trunk:(-0.002, -0.185, -0.983);Mountain trunk:(-0.002, -0.185, -0.983);"
17.820,188.252,879.175,87.584,-116.099,0.000,0.003,0.000,0.000,1.000,0.000,-0.192,4,8.488,0.550,0.981,"Mountain trunk:(-0.002, -0.185, -0.983);Mountain trunk:(-0.002, -0.185, -0.983);Mountain trunk:(-0.002, -0.185, -0.983);Mountain trunk:(-0.002, -0.185, -0.983);"
17.840,188.252,879.175,87.584,-116.099,0.001,0.003,0.000,0.001,1.000,0.000,-0.192,4,8.488,0.550,0.981,"Mountain trunk:(-0.002, -0.185, -0.983);Mountain trunk:(-0.002, -0.185, -0.983);Mountain trunk:(-0.002, -0.185, -0.983);Mountain trunk:(-0.002, -0.185, -0.983);"
17.860,188.252,879.175,87.584,-116.099,0.000,0.003,0.000,0.000,1.000,0.000,-0.192,4,8.488,0.550,0.981,"Mountain trunk:(-0.002, -0.185, -0.983);Mountain trunk:(-0.002, -0.185, -0.983);Mountain trunk:(-0.002, -0.185, -0.983);Mountain trunk:(-0.002, -0.185, -0.983);"
17.880,188.252,879.175,87.584,-116.099,0.001,0.003,0.000,0.000,1.000,0.000,-0.192,4,8.488,0.550,0.981,"Mountain trunk:(-0.002, -0.185, -0.983);Mountain trunk:(-0.002, -0.185, -0.983);Mountain trunk:(-0.002, -0.185, -0.983);Mountain trunk:(-0.002, -0.185, -0.983);"
17.900,188.252,879.175,87.584,-116.099,0.001,0.002,0.000,0.001,1.000,0.000,-0.192,4,8.488,0.550,0.981,"Mountain trunk:(-0.002, -0.185, -0.983);Mountain trunk:(-0.002, -0.185, -0.983);Mountain trunk:(-0.002, -0.185, -0.983);Mountain trunk:(-0.002, -0.185, -0.983);"
17.920,188.252,879.175,87.584,-116.099,0.000,0.003,0.000,0.000,1.000,0.000,-0.192,4,8.488,0.550,0.981,"Mountain trunk:(-0.002, -0.185, -0.983);Mountain trunk:(-0.002, -0.185, -0.983);Mountain trunk:(-0.002, -0.185, -0.983);Mountain trunk:(-0.002, -0.185, -0.983);"
17.940,188.252,879.175,87.584,-116.099,0.001,0.003,0.000,0.000,1.000,0.000,-0.192,4,8.488,0.550,0.981,"Mountain trunk:(-0.002, -0.185, -0.983);Mountain trunk:(-0.002, -0.185, -0.983);Mountain trunk:(-0.002, -0.185, -0.983);Mountain trunk:(-0.002, -0.185, -0.983);"
17.960,188.252,879.175,87.584,-116.099,0.001,0.002,0.000,0.001,1.000,0.000,-0.192,4,8.488,0.550,0.981,"Mountain trunk:(-0.002, -0.185, -0.983);Mountain trunk:(-0.002, -0.185, -0.983);Mountain trunk:(-0.002, -0.185, -0.983);Mountain trunk:(-0.002, -0.185, -0.983);"
17.980,188.252,879.175,87.584,-116.099,0.000,0.003,0.000,0.000,1.000,0.000,-0.192,4,8.488,0.550,0.981,"Mountain trunk:(-0.002, -0.185, -0.983);Mountain trunk:(-0.002, -0.185, -0.983);Mountain trunk:(-0.002, -0.185, -0.983);Mountain trunk:(-0.002, -0.185, -0.983);"
18.000,188.252,879.175,87.584,-116.099,0.001,0.003,0.000,0.000,1.000,0.000,-0.192,4,8.488,0.550,0.981,"Mountain trunk:(-0.002, -0.185, -0.983);Mountain trunk:(-0.002, -0.185, -0.983);Mountain trunk:(-0.002, -0.185, -0.983);Mountain trunk:(-0.002, -0.185, -0.983);"
