time,x,y,z,speed,vx,vy,vz,throttle,brake,steer,wheels,suspension,alignment,up,contact
0.016,1064.367,145.989,184.000,31.701,-31.701,-0.063,0.000,0.000,0.000,0.000,4,7.803,1.515,1.000,"Ground_Summit authored launch:(0.080, 0.997, 0.000) separation=0.0897107;Ground_Summit authored launch:(0.080, 0.997, 0.000) separation=0.2691263;Ground_Summit authored launch:(0.080, 0.997, 0.000) separation=0.08971069;Ground_Summit authored launch:(0.080, 0.997, 0.000) separation=0.2691263;Ground_Summit authored launch:(0.080, 0.997, 0.000) separation=0.1003169;Ground_Summit authored launch:(0.080, 0.997, 0.000) separation=0.1003169;Ground_Mountain_2_4:(0.080, 0.997, 0.000) separation=0.328945;Ground_Mountain_2_4:(0.080, 0.997, 0.000) separation=0.1495293;Ground_Mountain_2_4:(0.080, 0.997, 0.000) separation=0.328945;Ground_Mountain_2_4:(0.080, 0.997, 0.000) separation=0.1495293;Ground_Mountain_2_4:(0.080, 0.997, 0.000) separation=0.1495293;Ground_Mountain_2_4:(0.080, 0.997, 0.000) separation=0.1495293;"
0.036,1063.736,145.993,184.000,31.695,-31.695,0.223,0.000,0.150,0.000,0.000,4,12.198,0.873,1.000,"Ground_Summit authored launch:(0.080, 0.997, 0.000) separation=0.0401293;Ground_Summit authored launch:(0.080, 0.997, 0.000) separation=0.2150369;Ground_Summit authored launch:(0.080, 0.997, 0.000) separation=0.04012929;Ground_Summit authored launch:(0.080, 0.997, 0.000) separation=0.2150369;Ground_Summit authored launch:(0.080, 0.997, 0.000) separation=0.0401293;Ground_Summit authored launch:(0.080, 0.997, 0.000) separation=0.04216042;Ground_Mountain_2_4:(0.080, 0.997, 0.000) separation=0.274858;Ground_Mountain_2_4:(0.080, 0.997, 0.000) separation=0.09995286;Ground_Mountain_2_4:(0.080, 0.997, 0.000) separation=0.2748579;Ground_Mountain_2_4:(0.080, 0.997, 0.000) separation=0.09995288;Ground_Mountain_2_4:(0.080, 0.997, 0.000) separation=0.09995288;Ground_Mountain_2_4:(0.080, 0.997, 0.000) separation=0.1345399;"
0.056,1063.112,146.008,184.000,31.597,-31.593,0.741,-0.001,0.153,0.000,0.000,4,16.114,2.531,0.999,"Ground_Summit authored launch:(0.080, 0.997, 0.000) separation=0.008138418;Ground_Summit authored launch:(0.080, 0.997, 0.000) separation=0.1547255;Ground_Summit authored launch:(0.080, 0.997, 0.000) separation=0.008040039;Ground_Summit authored launch:(0.080, 0.997, 0.000) separation=0.1548239;Ground_Summit authored launch:(0.080, 0.997, 0.000) separation=0.03389844;Ground_Summit authored launch:(0.080, 0.997, 0.000) separation=0.03399709;Ground_Summit authored launch:(0.080, 0.997, 0.000) separation=0.05792919;Ground_Summit authored launch:(0.080, 0.997, 0.000) separation=0.05792919;Ground_Mountain_2_4:(0.080, 0.997, 0.000) separation=0.21453;Ground_Mountain_2_4:(0.080, 0.997, 0.000) separation=0.06794915;Ground_Mountain_2_4:(0.080, 0.997, 0.000) separation=0.2146265;Ground_Mountain_2_4:(0.080, 0.997, 0.000) separation=0.06785265;Ground_Mountain_2_4:(0.080, 0.997, 0.000) separation=0.06789967;Ground_Mountain_2_4:(0.080, 0.997, 0.000) separation=0.1382569;"
0.076,1062.487,146.029,184.000,31.572,-31.571,1.062,-0.001,0.202,0.000,0.000,4,20.894,7.092,0.998,"Ground_Summit authored launch:(0.080, 0.997, 0.000) separation=0.001900384;Ground_Summit authored launch:(0.080, 0.997, 0.000) separation=0.08959307;Ground_Summit authored launch:(0.080, 0.997, 0.000) separation=0.001655116;Ground_Summit authored launch:(0.080, 0.997, 0.000) separation=0.08983833;Ground_Summit authored launch:(0.080, 0.997, 0.000) separation=0.002707779;Ground_Summit authored launch:(0.080, 0.997, 0.000) separation=0.002954721;Ground_Mountain_2_4:(0.080, 0.997, 0.000) separation=0.1493809;Ground_Mountain_2_4:(0.080, 0.997, 0.000) separation=0.06170973;Ground_Mountain_2_4:(0.080, 0.997, 0.000) separation=0.1496279;Ground_Mountain_2_4:(0.080, 0.997, 0.000) separation=0.06146273;Ground_Mountain_2_4:(0.080, 0.997, 0.000) separation=0.06157377;Ground_Mountain_2_4:(0.080, 0.997, 0.000) separation=0.06158581;"
0.096,1061.862,146.066,184.000,31.480,-31.431,1.852,0.000,0.214,0.000,0.000,4,26.483,7.158,0.997,"Ground_Summit authored launch:(0.080, 0.997, 0.000) separation=0.0004764283;Ground_Summit authored launch:(0.080, 0.997, 0.000) separation=0.03258928;Ground_Summit authored launch:(0.080, 0.997, 0.000) separation=0.0003688261;Ground_Summit authored launch:(0.080, 0.997, 0.000) separation=0.03269688;Ground_Summit authored launch:(0.080, 0.997, 0.000) separation=0.009826958;Ground_Summit authored launch:(0.080, 0.997, 0.000) separation=0.009935021;Ground_Summit authored launch:(0.080, 0.997, 0.000) separation=0.05037144;Ground_Summit authored launch:(0.080, 0.997, 0.000) separation=0.05037144;Ground_Mountain_2_4:(0.080, 0.997, 0.000) separation=0.09238946;Ground_Mountain_2_4:(0.080, 0.997, 0.000) separation=0.06027554;Ground_Mountain_2_4:(0.080, 0.997, 0.000) separation=0.09249579;Ground_Mountain_2_4:(0.080, 0.997, 0.000) separation=0.06016921;Ground_Mountain_2_4:(0.080, 0.997, 0.000) separation=0.06022346;Ground_Mountain_2_4:(0.080, 0.997, 0.000) separation=0.06502494;"
0.116,1061.235,146.113,184.000,31.447,-31.357,2.377,0.000,0.260,0.000,0.000,4,23.854,3.383,0.997,"Ground_Summit authored launch:(0.080, 0.997, 0.000) separation=0.0001067686;Ground_Summit authored launch:(0.080, 0.997, 0.000) separation=0.006498729;Ground_Summit authored launch:(0.080, 0.997, 0.000) separation=6.445078E-05;Ground_Summit authored launch:(0.080, 0.997, 0.000) separation=0.006541047;Ground_Summit authored launch:(0.080, 0.997, 0.000) separation=0.0008872449;Ground_Summit authored launch:(0.080, 0.997, 0.000) separation=0.0009296834;Ground_Mountain_2_4:(0.080, 0.997, 0.000) separation=0.06631463;Ground_Mountain_2_4:(0.080, 0.997, 0.000) separation=0.05992264;Ground_Mountain_2_4:(0.080, 0.997, 0.000) separation=0.06635667;Ground_Mountain_2_4:(0.080, 0.997, 0.000) separation=0.0598806;Ground_Mountain_2_4:(0.080, 0.997, 0.000) separation=0.05990288;Ground_Mountain_2_4:(0.080, 0.997, 0.000) separation=0.06265345;"
0.136,1060.609,146.165,184.000,31.467,-31.361,2.590,0.001,0.276,0.000,0.000,4,20.362,0.676,0.997,"Ground_Summit authored launch:(0.080, 0.997, 0.000) separation=2.132123E-05;Ground_Summit authored launch:(0.080, 0.997, 0.000) separation=0.001362197;Ground_Summit authored launch:(0.080, 0.997, 0.000) separation=7.579615E-05;Ground_Summit authored launch:(0.080, 0.997, 0.000) separation=0.001307722;Ground_Summit authored launch:(0.080, 0.997, 0.000) separation=0.0001076162;Ground_Summit authored launch:(0.080, 0.997, 0.000) separation=0.0001776218;Ground_Mountain_2_4:(0.080, 0.997, 0.000) separation=0.06116536;Ground_Mountain_2_4:(0.080, 0.997, 0.000) separation=0.05981279;Ground_Mountain_2_4:(0.080, 0.997, 0.000) separation=0.06111078;Ground_Mountain_2_4:(0.080, 0.997, 0.000) separation=0.05986736;Ground_Mountain_2_4:(0.080, 0.997, 0.000) separation=0.05983323;Ground_Mountain_2_4:(0.080, 0.997, 0.000) separation=0.05984005;"
0.156,1059.982,146.220,184.000,31.486,-31.364,2.775,0.001,0.266,0.000,0.000,4,19.010,0.555,0.997,"Ground_Summit authored launch:(0.080, 0.997, 0.000) separation=0.003592419;Ground_Summit authored launch:(0.080, 0.997, 0.000) separation=0.001010239;Ground_Summit authored launch:(0.080, 0.997, 0.000) separation=0.003708865;Ground_Summit authored launch:(0.080, 0.997, 0.000) separation=0.0008937927;Ground_Summit authored launch:(0.080, 0.997, 0.000) separation=0.001453191;Ground_Summit authored launch:(0.080, 0.997, 0.000) separation=0.001537144;Ground_Mountain_2_4:(0.080, 0.997, 0.000) separation=0.06082867;Ground_Mountain_2_4:(0.080, 0.997, 0.000) separation=0.06341173;Ground_Mountain_2_4:(0.080, 0.997, 0.000) separation=0.0607122;Ground_Mountain_2_4:(0.080, 0.997, 0.000) separation=0.0635282;Ground_Mountain_2_4:(0.080, 0.997, 0.000) separation=0.0607692;Ground_Mountain_2_4:(0.080, 0.997, 0.000) separation=0.06082472;"
0.176,1059.354,146.279,184.000,31.502,-31.367,2.931,0.001,0.257,0.000,0.000,4,17.525,0.448,0.997,"Ground_Summit authored launch:(0.080, 0.997, 0.000) separation=0.01035406;Ground_Summit authored launch:(0.080, 0.997, 0.000) separation=0.004833358;Ground_Summit authored launch:(0.080, 0.997, 0.000) separation=0.01052365;Ground_Summit authored launch:(0.080, 0.997, 0.000) separation=0.004663765;Ground_Summit authored launch:(0.080, 0.997, 0.000) separation=0.004850149;Ground_Summit authored launch:(0.080, 0.997, 0.000) separation=0.005019844;Ground_Mountain_2_4:(0.080, 0.997, 0.000) separation=0.06463945;Ground_Mountain_2_4:(0.080, 0.997, 0.000) separation=0.07015766;Ground_Mountain_2_4:(0.080, 0.997, 0.000) separation=0.06446851;Ground_Mountain_2_4:(0.080, 0.997, 0.000) separation=0.0703286;Ground_Mountain_2_4:(0.080, 0.997, 0.000) separation=0.0645552;Ground_Mountain_2_4:(0.080, 0.997, 0.000) separation=0.06635761;"
0.196,1058.727,146.340,184.000,31.517,-31.371,3.055,0.001,0.249,0.000,0.000,4,15.983,0.354,0.996,"Ground_Summit authored launch:(0.080, 0.997, 0.000) separation=0.01980372;Ground_Summit authored launch:(0.080, 0.997, 0.000) separation=0.01217427;Ground_Summit authored launch:(0.080, 0.997, 0.000) separation=0.02001824;Ground_Summit authored launch:(0.080, 0.997, 0.000) separation=0.01195975;Ground_Summit authored launch:(0.080, 0.997, 0.000) separation=0.01269072;Ground_Summit authored launch:(0.080, 0.997, 0.000) separation=0.01281071;Ground_Mountain_2_4:(0.080, 0.997, 0.000) separation=0.07197092;Ground_Mountain_2_4:(0.080, 0.997, 0.000) separation=0.07959504;Ground_Mountain_2_4:(0.080, 0.997, 0.000) separation=0.0717579;Ground_Mountain_2_4:(0.080, 0.997, 0.000) separation=0.07980806;Ground_Mountain_2_4:(0.080, 0.997, 0.000) separation=0.0718644;Ground_Mountain_2_4:(0.080, 0.997, 0.000) separation=0.07216218;"
0.216,1058.100,146.403,184.000,31.530,-31.376,3.149,0.002,0.242,0.000,0.000,4,14.450,0.274,0.996,"Ground_Summit authored launch:(0.080, 0.997, 0.000) separation=0.03138996;Ground_Summit authored launch:(0.080, 0.997, 0.000) separation=0.02233515;Ground_Summit authored launch:(0.080, 0.997, 0.000) separation=0.03164191;Ground_Summit authored launch:(0.080, 0.997, 0.000) separation=0.02208321;Ground_Summit authored launch:(0.080, 0.997, 0.000) separation=0.0244911;Ground_Summit authored launch:(0.080, 0.997, 0.000) separation=0.02463096;Ground_Mountain_2_4:(0.080, 0.997, 0.000) separation=0.08212046;Ground_Mountain_2_4:(0.080, 0.997, 0.000) separation=0.09116596;Ground_Mountain_2_4:(0.080, 0.997, 0.000) separation=0.08186779;Ground_Mountain_2_4:(0.080, 0.997, 0.000) separation=0.09141863;Ground_Mountain_2_4:(0.080, 0.997, 0.000) separation=0.08199409;Ground_Mountain_2_4:(0.080, 0.997, 0.000) separation=0.08206698;"
0.236,1057.472,146.467,184.000,31.542,-31.382,3.213,0.002,0.235,0.000,0.000,4,12.976,0.205,0.996,"Ground_Summit authored launch:(0.080, 0.997, 0.000) separation=0.04454722;Ground_Summit authored launch:(0.080, 0.997, 0.000) separation=0.03462949;Ground_Summit authored launch:(0.080, 0.997, 0.000) separation=0.04482974;Ground_Summit authored launch:(0.080, 0.997, 0.000) separation=0.03434696;Ground_Summit authored launch:(0.080, 0.997, 0.000) separation=0.03520307;Ground_Summit authored launch:(0.080, 0.997, 0.000) separation=0.03548586;Ground_Mountain_2_4:(0.080, 0.997, 0.000) separation=0.0944389;Ground_Mountain_2_4:(0.080, 0.997, 0.000) separation=0.1043548;Ground_Mountain_2_4:(0.080, 0.997, 0.000) separation=0.09415642;Ground_Mountain_2_4:(0.080, 0.997, 0.000) separation=0.1046372;Ground_Mountain_2_4:(0.080, 0.997, 0.000) separation=0.09429762;Ground_Mountain_2_4:(0.080, 0.997, 0.000) separation=0.09806198;"
0.256,1056.844,146.532,184.000,31.552,-31.390,3.250,0.002,0.229,0.000,0.000,4,11.603,0.147,0.996,"Ground_Summit authored launch:(0.080, 0.997, 0.000) separation=0.05875642;Ground_Summit authored launch:(0.080, 0.997, 0.000) separation=0.04843993;Ground_Summit authored launch:(0.080, 0.997, 0.000) separation=0.05906329;Ground_Summit authored launch:(0.080, 0.997, 0.000) separation=0.04813306;Ground_Summit authored launch:(0.080, 0.997, 0.000) separation=0.0496617;Ground_Summit authored launch:(0.080, 0.997, 0.000) separation=0.04984072;Ground_Mountain_2_4:(0.080, 0.997, 0.000) separation=0.1082525;Ground_Mountain_2_4:(0.080, 0.997, 0.000) separation=0.1185714;Ground_Mountain_2_4:(0.080, 0.997, 0.000) separation=0.1079453;Ground_Mountain_2_4:(0.080, 0.997, 0.000) separation=0.1188786;Ground_Mountain_2_4:(0.080, 0.997, 0.000) separation=0.1080989;Ground_Mountain_2_4:(0.080, 0.997, 0.000) separation=0.1090351;"
0.276,1056.216,146.597,184.000,31.562,-31.399,3.262,0.002,0.224,0.000,0.000,4,10.364,0.099,0.996,"Ground_Summit authored launch:(0.080, 0.997, 0.000) separation=0.07350486;Ground_Summit authored launch:(0.080, 0.997, 0.000) separation=0.06315172;Ground_Summit authored launch:(0.080, 0.997, 0.000) separation=0.07383041;Ground_Summit authored launch:(0.080, 0.997, 0.000) separation=0.06282618;Ground_Summit authored launch:(0.080, 0.997, 0.000) separation=0.06613755;Ground_Summit authored launch:(0.080, 0.997, 0.000) separation=0.06633419;Ground_Mountain_2_4:(0.080, 0.997, 0.000) separation=0.1229611;Ground_Mountain_2_4:(0.080, 0.997, 0.000) separation=0.133324;Ground_Mountain_2_4:(0.080, 0.997, 0.000) separation=0.1226365;Ground_Mountain_2_4:(0.080, 0.997, 0.000) separation=0.1336486;Ground_Mountain_2_4:(0.080, 0.997, 0.000) separation=0.1228;Ground_Mountain_2_4:(0.080, 0.997, 0.000) separation=0.1228367;"
0.296,1055.588,146.662,184.000,31.571,-31.408,3.253,0.002,0.219,0.000,0.000,4,9.274,0.060,0.996,"Ground_Summit authored launch:(0.080, 0.997, 0.000) separation=0.08834821;Ground_Summit authored launch:(0.080, 0.997, 0.000) separation=0.07824398;Ground_Summit authored launch:(0.080, 0.997, 0.000) separation=0.08868741;Ground_Summit authored launch:(0.080, 0.997, 0.000) separation=0.07790479;Ground_Summit authored launch:(0.080, 0.997, 0.000) separation=0.07820877;Ground_Summit authored launch:(0.080, 0.997, 0.000) separation=0.0784218;Ground_Mountain_2_4:(0.080, 0.997, 0.000) separation=0.1380496;Ground_Mountain_2_4:(0.080, 0.997, 0.000) separation=0.1481484;Ground_Mountain_2_4:(0.080, 0.997, 0.000) separation=0.1377102;Ground_Mountain_2_4:(0.080, 0.997, 0.000) separation=0.1484878;Ground_Mountain_2_4:(0.080, 0.997, 0.000) separation=0.137881;Ground_Mountain_2_4:(0.080, 0.997, 0.000) separation=0.1422339;"
0.316,1054.960,146.727,184.000,31.579,-31.419,3.225,0.002,0.215,0.000,0.000,4,8.350,0.030,0.996,"Ground_Summit authored launch:(0.080, 0.997, 0.000) separation=0.1028712;Ground_Summit authored launch:(0.080, 0.997, 0.000) separation=0.09321786;Ground_Summit authored launch:(0.080, 0.997, 0.000) separation=0.1032195;Ground_Summit authored launch:(0.080, 0.997, 0.000) separation=0.09286956;Ground_Summit authored launch:(0.080, 0.997, 0.000) separation=0.09481314;Ground_Summit authored launch:(0.080, 0.997, 0.000) separation=0.09504089;Ground_Mountain_2_4:(0.080, 0.997, 0.000) separation=0.1529926;Ground_Mountain_2_4:(0.080, 0.997, 0.000) separation=0.1626609;Ground_Mountain_2_4:(0.080, 0.997, 0.000) separation=0.1526456;Ground_Mountain_2_4:(0.080, 0.997, 0.000) separation=0.1630078;Ground_Mountain_2_4:(0.080, 0.997, 0.000) separation=0.152819;Ground_Mountain_2_4:(0.080, 0.997, 0.000) separation=0.1541775;"
0.336,1054.331,146.791,184.000,31.586,-31.430,3.181,0.002,0.211,0.000,0.000,4,7.594,0.013,0.996,"Ground_Summit authored launch:(0.080, 0.997, 0.000) separation=0.1167586;Ground_Summit authored launch:(0.080, 0.997, 0.000) separation=0.107698;Ground_Summit authored launch:(0.080, 0.997, 0.000) separation=0.1171119;Ground_Summit authored launch:(0.080, 0.997, 0.000) separation=0.1073446;Ground_Summit authored launch:(0.080, 0.997, 0.000) separation=0.107524;Ground_Summit authored launch:(0.080, 0.997, 0.000) separation=0.1078776;Ground_Mountain_2_4:(0.080, 0.997, 0.000) separation=0.1675227;Ground_Mountain_2_4:(0.080, 0.997, 0.000) separation=0.1765804;Ground_Mountain_2_4:(0.080, 0.997, 0.000) separation=0.1671684;Ground_Mountain_2_4:(0.080, 0.997, 0.000) separation=0.1769347;Ground_Mountain_2_4:(0.080, 0.997, 0.000) separation=0.1673258;Ground_Mountain_2_4:(0.080, 0.997, 0.000) separation=0.1673279;"
0.356,1053.702,146.853,184.000,31.593,-31.442,3.126,0.002,0.207,0.000,0.000,4,7.004,0.021,0.997,"Ground_Summit authored launch:(0.080, 0.997, 0.000) separation=0.1296957;Ground_Summit authored launch:(0.080, 0.997, 0.000) separation=0.1213251;Ground_Summit authored launch:(0.080, 0.997, 0.000) separation=0.1300505;Ground_Summit authored launch:(0.080, 0.997, 0.000) separation=0.1209702;Ground_Summit authored launch:(0.080, 0.997, 0.000) separation=0.1216571;Ground_Summit authored launch:(0.080, 0.997, 0.000) separation=0.1219068;Ground_Mountain_2_4:(0.080, 0.997, 0.000) separation=0.1811111;Ground_Mountain_2_4:(0.080, 0.997, 0.000) separation=0.1894875;Ground_Mountain_2_4:(0.080, 0.997, 0.000) separation=0.1807542;Ground_Mountain_2_4:(0.080, 0.997, 0.000) separation=0.1898444;Ground_Mountain_2_4:(0.080, 0.997, 0.000) separation=0.1809325;Ground_Mountain_2_4:(0.080, 0.997, 0.000) separation=0.1849705;"
0.376,1053.073,146.914,184.000,31.599,-31.453,3.063,0.002,0.204,0.000,0.000,4,6.575,0.034,0.997,"Ground_Summit authored launch:(0.080, 0.997, 0.000) separation=0.1415147;Ground_Summit authored launch:(0.080, 0.997, 0.000) separation=0.1338911;Ground_Summit authored launch:(0.080, 0.997, 0.000) separation=0.141868;Ground_Summit authored launch:(0.080, 0.997, 0.000) separation=0.1335378;Ground_Summit authored launch:(0.080, 0.997, 0.000) separation=0.1354826;Ground_Summit authored launch:(0.080, 0.997, 0.000) separation=0.1357397;Ground_Mountain_2_4:(0.080, 0.997, 0.000) separation=0.1936955;Ground_Mountain_2_4:(0.080, 0.997, 0.000) separation=0.201316;Ground_Mountain_2_4:(0.080, 0.997, 0.000) separation=0.1933412;Ground_Mountain_2_4:(0.080, 0.997, 0.000) separation=0.2016704;Ground_Mountain_2_4:(0.080, 0.997, 0.000) separation=0.1935193;Ground_Mountain_2_4:(0.080, 0.997, 0.000) separation=0.1949619;"
0.396,1052.443,146.974,184.000,31.605,-31.465,2.994,0.002,0.201,0.000,0.000,4,6.293,0.043,0.997,"Ground_Summit authored launch:(0.080, 0.997, 0.000) separation=0.1520249;Ground_Summit authored launch:(0.080, 0.997, 0.000) separation=0.1451726;Ground_Summit authored launch:(0.080, 0.997, 0.000) separation=0.1523738;Ground_Summit authored launch:(0.080, 0.997, 0.000) separation=0.1448236;Ground_Summit authored launch:(0.080, 0.997, 0.000) separation=0.1453162;Ground_Summit authored launch:(0.080, 0.997, 0.000) separation=0.1456653;Ground_Mountain_2_4:(0.080, 0.997, 0.000) separation=0.2049816;Ground_Mountain_2_4:(0.080, 0.997, 0.000) separation=0.2118374;Ground_Mountain_2_4:(0.080, 0.997, 0.000) separation=0.2046321;Ground_Mountain_2_4:(0.080, 0.997, 0.000) separation=0.2121868;Ground_Mountain_2_4:(0.080, 0.997, 0.000) separation=0.2047273;Ground_Mountain_2_4:(0.080, 0.997, 0.000) separation=0.2048078;"
0.416,1051.814,147.033,184.000,31.610,-31.476,2.922,0.002,0.198,0.000,0.000,4,6.148,0.050,0.997,"Ground_Summit authored launch:(0.080, 0.997, 0.000) separation=0.161147;Ground_Summit authored launch:(0.080, 0.997, 0.000) separation=0.1550653;Ground_Summit authored launch:(0.080, 0.997, 0.000) separation=0.1614893;Ground_Summit authored launch:(0.080, 0.997, 0.000) separation=0.154723;Ground_Summit authored launch:(0.080, 0.997, 0.000) separation=0.1555447;Ground_Summit authored launch:(0.080, 0.997, 0.000) separation=0.1558096;Ground_Mountain_2_4:(0.080, 0.997, 0.000) separation=0.2148757;Ground_Mountain_2_4:(0.080, 0.997, 0.000) separation=0.2209561;Ground_Mountain_2_4:(0.080, 0.997, 0.000) separation=0.2145337;Ground_Mountain_2_4:(0.080, 0.997, 0.000) separation=0.2212981;Ground_Mountain_2_4:(0.080, 0.997, 0.000) separation=0.2147045;Ground_Mountain_2_4:(0.080, 0.997, 0.000) separation=0.2179509;"
0.436,1051.184,147.090,184.000,31.615,-31.487,2.849,0.002,0.195,0.000,0.000,4,6.122,0.054,0.997,"Ground_Summit authored launch:(0.080, 0.997, 0.000) separation=0.1688146;Ground_Summit authored launch:(0.080, 0.997, 0.000) separation=0.163483;Ground_Summit authored launch:(0.080, 0.997, 0.000) separation=0.1691483;Ground_Summit authored launch:(0.080, 0.997, 0.000) separation=0.1631493;Ground_Summit authored launch:(0.080, 0.997, 0.000) separation=0.1648083;Ground_Summit authored launch:(0.080, 0.997, 0.000) separation=0.1650737;Ground_Mountain_2_4:(0.080, 0.997, 0.000) separation=0.2232991;Ground_Mountain_2_4:(0.080, 0.997, 0.000) separation=0.2286319;Ground_Mountain_2_4:(0.080, 0.997, 0.000) separation=0.2229645;Ground_Mountain_2_4:(0.080, 0.997, 0.000) separation=0.2289665;Ground_Mountain_2_4:(0.080, 0.997, 0.000) separation=0.2231303;Ground_Mountain_2_4:(0.080, 0.997, 0.000) separation=0.2243842;"
0.456,1050.554,147.145,184.001,31.620,-31.498,2.778,0.002,0.193,0.000,0.000,4,6.200,0.055,0.997,"Ground_Summit authored launch:(0.080, 0.997, 0.000) separation=0.1750299;Ground_Summit authored launch:(0.080, 0.997, 0.000) separation=0.1704136;Ground_Summit authored launch:(0.080, 0.997, 0.000) separation=0.1753534;Ground_Summit authored launch:(0.080, 0.997, 0.000) separation=0.1700901;Ground_Summit authored launch:(0.080, 0.997, 0.000) separation=0.1701487;Ground_Summit authored launch:(0.080, 0.997, 0.000) separation=0.1704085;Ground_Mountain_2_4:(0.080, 0.997, 0.000) separation=0.2302098;Ground_Mountain_2_4:(0.080, 0.997, 0.000) separation=0.2348305;Ground_Mountain_2_4:(0.080, 0.997, 0.000) separation=0.2298851;Ground_Mountain_2_4:(0.080, 0.997, 0.000) separation=0.2351552;Ground_Mountain_2_4:(0.080, 0.997, 0.000) separation=0.2299178;Ground_Mountain_2_4:(0.080, 0.997, 0.000) separation=0.2300459;"
0.476,1049.924,147.199,184.001,31.624,-31.508,2.710,0.002,0.190,0.000,0.000,4,6.362,0.055,0.997,"Ground_Summit authored launch:(0.080, 0.997, 0.000) separation=0.179849;Ground_Summit authored launch:(0.080, 0.997, 0.000) separation=0.1758933;Ground_Summit authored launch:(0.080, 0.997, 0.000) separation=0.1801609;Ground_Summit authored launch:(0.080, 0.997, 0.000) separation=0.1755815;Ground_Summit authored launch:(0.080, 0.997, 0.000) separation=0.1763336;Ground_Summit authored launch:(0.080, 0.997, 0.000) separation=0.1765941;Ground_Mountain_2_4:(0.080, 0.997, 0.000) separation=0.2357058;Ground_Mountain_2_4:(0.080, 0.997, 0.000) separation=0.2396591;Ground_Mountain_2_4:(0.080, 0.997, 0.000) separation=0.2353934;Ground_Mountain_2_4:(0.080, 0.997, 0.000) separation=0.2399714;Ground_Mountain_2_4:(0.080, 0.997, 0.000) separation=0.2355494;Ground_Mountain_2_4:(0.080, 0.997, 0.000) separation=0.2378699;"
0.496,1049.293,147.252,184.001,31.628,-31.517,2.647,0.002,0.188,0.000,0.000,4,6.593,0.053,0.997,"Ground_Summit authored launch:(0.080, 0.997, 0.000) separation=0.1833117;Ground_Summit authored launch:(0.080, 0.997, 0.000) separation=0.1799683;Ground_Summit authored launch:(0.080, 0.997, 0.000) separation=0.1836108;Ground_Summit authored launch:(0.080, 0.997, 0.000) separation=0.1796691;Ground_Summit authored launch:(0.080, 0.997, 0.000) separation=0.1809075;Ground_Summit authored launch:(0.080, 0.997, 0.000) separation=0.1811629;Ground_Mountain_2_4:(0.080, 0.997, 0.000) separation=0.2397791;Ground_Mountain_2_4:(0.080, 0.997, 0.000) separation=0.2431169;Ground_Mountain_2_4:(0.080, 0.997, 0.000) separation=0.2394816;Ground_Mountain_2_4:(0.080, 0.997, 0.000) separation=0.2434144;Ground_Mountain_2_4:(0.080, 0.997, 0.000) separation=0.2396301;Ground_Mountain_2_4:(0.080, 0.997, 0.000) separation=0.2405754;"
0.516,1048.663,147.304,184.001,31.632,-31.525,2.589,0.002,0.186,0.000,0.000,4,6.876,0.051,0.997,"Ground_Summit authored launch:(0.080, 0.997, 0.000) separation=0.1855294;Ground_Summit authored launch:(0.080, 0.997, 0.000) separation=0.1827493;Ground_Summit authored launch:(0.080, 0.997, 0.000) separation=0.1858151;Ground_Summit authored launch:(0.080, 0.997, 0.000) separation=0.1824636;Ground_Summit authored launch:(0.080, 0.997, 0.000) separation=0.1826475;Ground_Summit authored launch:(0.080, 0.997, 0.000) separation=0.1828963;Ground_Mountain_2_4:(0.080, 0.997, 0.000) separation=0.2425598;Ground_Mountain_2_4:(0.080, 0.997, 0.000) separation=0.2453493;Ground_Mountain_2_4:(0.080, 0.997, 0.000) separation=0.2422747;Ground_Mountain_2_4:(0.080, 0.997, 0.000) separation=0.2456344;Ground_Mountain_2_4:(0.080, 0.997, 0.000) separation=0.2423326;Ground_Mountain_2_4:(0.080, 0.997, 0.000) separation=0.2424157;"
0.536,1048.032,147.355,184.001,31.635,-31.533,2.538,0.002,0.184,0.000,0.000,4,7.195,0.048,0.997,"Ground_Summit authored launch:(0.080, 0.997, 0.000) separation=0.1866196;Ground_Summit authored launch:(0.080, 0.997, 0.000) separation=0.1843494;Ground_Summit authored launch:(0.080, 0.997, 0.000) separation=0.1868911;Ground_Summit authored launch:(0.080, 0.997, 0.000) separation=0.1840779;Ground_Summit authored launch:(0.080, 0.997, 0.000) separation=0.184655;Ground_Summit authored launch:(0.080, 0.997, 0.000) separation=0.1848956;Ground_Mountain_2_4:(0.080, 0.997, 0.000) separation=0.2441566;Ground_Mountain_2_4:(0.080, 0.997, 0.000) separation=0.2464322;Ground_Mountain_2_4:(0.080, 0.997, 0.000) separation=0.2438864;Ground_Mountain_2_4:(0.080, 0.997, 0.000) separation=0.2467024;Ground_Mountain_2_4:(0.080, 0.997, 0.000) separation=0.2440224;Ground_Mountain_2_4:(0.080, 0.997, 0.000) separation=0.244131;"
0.556,1047.401,147.405,184.001,31.638,-31.540,2.494,0.002,0.183,0.000,0.000,4,7.536,0.044,0.997,"Ground_Summit authored launch:(0.080, 0.997, 0.000) separation=0.1867;Ground_Summit authored launch:(0.080, 0.997, 0.000) separation=0.1848882;Ground_Summit authored launch:(0.080, 0.997, 0.000) separation=0.186957;Ground_Summit authored launch:(0.080, 0.997, 0.000) separation=0.1846313;Ground_Summit authored launch:(0.080, 0.997, 0.000) separation=0.1847348;Ground_Summit authored launch:(0.080, 0.997, 0.000) separation=0.1849917;Ground_Mountain_2_4:(0.080, 0.997, 0.000) separation=0.2446774;Ground_Mountain_2_4:(0.080, 0.997, 0.000) separation=0.2464901;Ground_Mountain_2_4:(0.080, 0.997, 0.000) separation=0.2444195;Ground_Mountain_2_4:(0.080, 0.997, 0.000) separation=0.2467479;Ground_Mountain_2_4:(0.080, 0.997, 0.000) separation=0.2445481;Ground_Mountain_2_4:(0.080, 0.997, 0.000) separation=0.245141;"
0.576,1046.770,147.454,184.001,31.641,-31.546,2.456,0.002,0.181,0.000,0.000,4,7.886,0.040,0.997,"Ground_Summit authored launch:(0.080, 0.997, 0.000) separation=0.1859259;Ground_Summit authored launch:(0.080, 0.997, 0.000) separation=0.1845088;Ground_Summit authored launch:(0.080, 0.997, 0.000) separation=0.186168;Ground_Summit authored launch:(0.080, 0.997, 0.000) separation=0.1842667;Ground_Summit authored launch:(0.080, 0.997, 0.000) separation=0.1844467;Ground_Summit authored launch:(0.080, 0.997, 0.000) separation=0.1846217;Ground_Mountain_2_4:(0.080, 0.997, 0.000) separation=0.2442978;Ground_Mountain_2_4:(0.080, 0.997, 0.000) separation=0.2457048;Ground_Mountain_2_4:(0.080, 0.997, 0.000) separation=0.2440548;Ground_Mountain_2_4:(0.080, 0.997, 0.000) separation=0.2459477;Ground_Mountain_2_4:(0.080, 0.997, 0.000) separation=0.2441677;Ground_Mountain_2_4:(0.080, 0.997, 0.000) separation=0.244176;"
0.596,1046.139,147.502,184.001,31.644,-31.551,2.426,0.001,0.180,0.000,0.000,4,8.237,0.036,0.997,"Ground_Summit authored launch:(0.080, 0.997, 0.000) separation=0.1843983;Ground_Summit authored launch:(0.080, 0.997, 0.000) separation=0.1833219;Ground_Summit authored launch:(0.080, 0.997, 0.000) separation=0.1846255;Ground_Summit authored launch:(0.080, 0.997, 0.000) separation=0.1830947;Ground_Summit authored launch:(0.080, 0.997, 0.000) separation=0.1834508;Ground_Summit authored launch:(0.080, 0.997, 0.000) separation=0.1835882;Ground_Mountain_2_4:(0.080, 0.997, 0.000) separation=0.2431338;Ground_Mountain_2_4:(0.080, 0.997, 0.000) separation=0.2442062;Ground_Mountain_2_4:(0.080, 0.997, 0.000) separation=0.2429057;Ground_Mountain_2_4:(0.080, 0.997, 0.000) separation=0.2444343;Ground_Mountain_2_4:(0.080, 0.997, 0.000) separation=0.2430194;Ground_Mountain_2_4:(0.080, 0.997, 0.000) separation=0.243074;"
0.616,1045.508,147.551,184.001,31.646,-31.555,2.402,0.001,0.178,0.000,0.000,4,8.577,0.032,0.997,"Ground_Summit authored launch:(0.080, 0.997, 0.000) separation=0.1822872;Ground_Summit authored launch:(0.080, 0.997, 0.000) separation=0.1815017;Ground_Summit authored launch:(0.080, 0.997, 0.000) separation=0.1824995;Ground_Summit authored launch:(0.080, 0.997, 0.000) separation=0.1812894;Ground_Summit authored launch:(0.080, 0.997, 0.000) separation=0.1813865;Ground_Summit authored launch:(0.080, 0.997, 0.000) separation=0.1815988;Ground_Mountain_2_4:(0.080, 0.997, 0.000) separation=0.2413241;Ground_Mountain_2_4:(0.080, 0.997, 0.000) separation=0.2421058;Ground_Mountain_2_4:(0.080, 0.997, 0.000) separation=0.2411133;Ground_Mountain_2_4:(0.080, 0.997, 0.000) separation=0.2423165;Ground_Mountain_2_4:(0.080, 0.997, 0.000) separation=0.2412172;Ground_Mountain_2_4:(0.080, 0.997, 0.000) separation=0.2415069;"
0.636,1044.877,147.598,184.001,31.648,-31.559,2.385,0.001,0.177,0.000,0.000,4,8.899,0.028,0.997,"Ground_Summit authored launch:(0.080, 0.997, 0.000) separation=0.179708;Ground_Summit authored launch:(0.080, 0.997, 0.000) separation=0.1791672;Ground_Summit authored launch:(0.080, 0.997, 0.000) separation=0.1799055;Ground_Summit authored launch:(0.080, 0.997, 0.000) separation=0.1789697;Ground_Summit authored launch:(0.080, 0.997, 0.000) separation=0.1790852;Ground_Summit authored launch:(0.080, 0.997, 0.000) separation=0.179163;Ground_Mountain_2_4:(0.080, 0.997, 0.000) separation=0.2389745;Ground_Mountain_2_4:(0.080, 0.997, 0.000) separation=0.2395145;Ground_Mountain_2_4:(0.080, 0.997, 0.000) separation=0.2387786;Ground_Mountain_2_4:(0.080, 0.997, 0.000) separation=0.2397103;Ground_Mountain_2_4:(0.080, 0.997, 0.000) separation=0.2388634;Ground_Mountain_2_4:(0.080, 0.997, 0.000) separation=0.2388776;"
0.656,1044.246,147.646,184.001,31.651,-31.562,2.373,0.001,0.176,0.000,0.000,4,9.197,0.025,0.997,"Ground_Summit authored launch:(0.080, 0.997, 0.000) separation=0.1768156;Ground_Summit authored launch:(0.080, 0.997, 0.000) separation=0.1764788;Ground_Summit authored launch:(0.080, 0.997, 0.000) separation=0.1769986;Ground_Summit authored launch:(0.080, 0.997, 0.000) separation=0.1762958;Ground_Summit authored launch:(0.080, 0.997, 0.000) separation=0.1764625;Ground_Summit authored launch:(0.080, 0.997, 0.000) separation=0.1765174;Ground_Mountain_2_4:(0.080, 0.997, 0.000) separation=0.2362729;Ground_Mountain_2_4:(0.080, 0.997, 0.000) separation=0.2366177;Ground_Mountain_2_4:(0.080, 0.997, 0.000) separation=0.2360895;Ground_Mountain_2_4:(0.080, 0.997, 0.000) separation=0.2368012;Ground_Mountain_2_4:(0.080, 0.997, 0.000) separation=0.2361809;Ground_Mountain_2_4:(0.080, 0.997, 0.000) separation=0.2361946;"
0.676,1043.615,147.693,184.001,31.653,-31.564,2.367,0.001,0.175,0.000,0.000,4,9.466,0.021,0.997,"Ground_Summit authored launch:(0.080, 0.997, 0.000) separation=0.1737122;Ground_Summit authored launch:(0.080, 0.997, 0.000) separation=0.1735414;Ground_Summit authored launch:(0.080, 0.997, 0.000) separation=0.173881;Ground_Summit authored launch:(0.080, 0.997, 0.000) separation=0.1733725;Ground_Summit authored launch:(0.080, 0.997, 0.000) separation=0.173386;Ground_Summit authored launch:(0.080, 0.997, 0.000) separation=0.1734218;Ground_Mountain_2_4:(0.080, 0.997, 0.000) separation=0.2333566;Ground_Mountain_2_4:(0.080, 0.997, 0.000) separation=0.2335171;Ground_Mountain_2_4:(0.080, 0.997, 0.000) separation=0.233188;Ground_Mountain_2_4:(0.080, 0.997, 0.000) separation=0.2336857;Ground_Mountain_2_4:(0.080, 0.997, 0.000) separation=0.233272;Ground_Mountain_2_4:(0.080, 0.997, 0.000) separation=0.2333248;"
0.696,1042.983,147.740,184.001,31.654,-31.566,2.366,0.000,0.174,0.000,0.000,4,9.702,0.018,0.997,"Ground_Summit authored launch:(0.080, 0.997, 0.000) separation=0.1705043;Ground_Summit authored launch:(0.080, 0.997, 0.000) separation=0.1704663;Ground_Summit authored launch:(0.080, 0.997, 0.000) separation=0.1706594;Ground_Summit authored launch:(0.080, 0.997, 0.000) separation=0.1703112;Ground_Summit authored launch:(0.080, 0.997, 0.000) separation=0.1703506;Ground_Summit authored launch:(0.080, 0.997, 0.000) separation=0.1703709;Ground_Mountain_2_4:(0.080, 0.997, 0.000) separation=0.2302835;Ground_Mountain_2_4:(0.080, 0.997, 0.000) separation=0.2303274;Ground_Mountain_2_4:(0.080, 0.997, 0.000) separation=0.2301273;Ground_Mountain_2_4:(0.080, 0.997, 0.000) separation=0.2304836;Ground_Mountain_2_4:(0.080, 0.997, 0.000) separation=0.230158;Ground_Mountain_2_4:(0.080, 0.997, 0.000) separation=0.2301852;"
0.716,1042.352,147.788,184.001,31.656,-31.568,2.369,0.000,0.173,0.000,0.000,4,9.907,0.015,0.997,"Ground_Summit authored launch:(0.080, 0.997, 0.000) separation=0.1672718;Ground_Summit authored launch:(0.080, 0.997, 0.000) separation=0.1673377;Ground_Summit authored launch:(0.080, 0.997, 0.000) separation=0.1674136;Ground_Summit authored launch:(0.080, 0.997, 0.000) separation=0.1671959;Ground_Summit authored launch:(0.080, 0.997, 0.000) separation=0.1671981;Ground_Summit authored launch:(0.080, 0.997, 0.000) separation=0.1672238;Ground_Mountain_2_4:(0.080, 0.997, 0.000) separation=0.2271608;Ground_Mountain_2_4:(0.080, 0.997, 0.000) separation=0.2270907;Ground_Mountain_2_4:(0.080, 0.997, 0.000) separation=0.2270195;Ground_Mountain_2_4:(0.080, 0.997, 0.000) separation=0.2272321;Ground_Mountain_2_4:(0.080, 0.997, 0.000) separation=0.2270212;Ground_Mountain_2_4:(0.080, 0.997, 0.000) separation=0.2270724;"
0.736,1041.720,147.835,184.001,31.657,-31.569,2.375,0.000,0.172,0.000,0.000,4,10.079,0.013,0.997,"Ground_Summit authored launch:(0.080, 0.997, 0.000) separation=0.1641113;Ground_Summit authored launch:(0.080, 0.997, 0.000) separation=0.1642567;Ground_Summit authored launch:(0.080, 0.997, 0.000) separation=0.1642403;Ground_Summit authored launch:(0.080, 0.997, 0.000) separation=0.1641277;Ground_Summit authored launch:(0.080, 0.997, 0.000) separation=0.1641117;Ground_Summit authored launch:(0.080, 0.997, 0.000) separation=0.1641173;Ground_Mountain_2_4:(0.080, 0.997, 0.000) separation=0.2240838;Ground_Mountain_2_4:(0.080, 0.997, 0.000) separation=0.2239377;Ground_Mountain_2_4:(0.080, 0.997, 0.000) separation=0.2239548;Ground_Mountain_2_4:(0.080, 0.997, 0.000) separation=0.2240666;Ground_Mountain_2_4:(0.080, 0.997, 0.000) separation=0.2239439;Ground_Mountain_2_4:(0.080, 0.997, 0.000) separation=0.2239464;"
0.756,1041.089,147.883,184.001,31.659,-31.569,2.384,0.000,0.171,0.000,0.000,4,10.217,0.010,0.997,"Ground_Summit authored launch:(0.080, 0.997, 0.000) separation=0.1610803;Ground_Summit authored launch:(0.080, 0.997, 0.000) separation=0.1612766;Ground_Summit authored launch:(0.080, 0.997, 0.000) separation=0.1611971;Ground_Summit authored launch:(0.080, 0.997, 0.000) separation=0.1611598;Ground_Summit authored launch:(0.080, 0.997, 0.000) separation=0.1610906;Ground_Summit authored launch:(0.080, 0.997, 0.000) separation=0.1610997;Ground_Mountain_2_4:(0.080, 0.997, 0.000) separation=0.2210709;Ground_Mountain_2_4:(0.080, 0.997, 0.000) separation=0.2208859;Ground_Mountain_2_4:(0.080, 0.997, 0.000) separation=0.2209544;Ground_Mountain_2_4:(0.080, 0.997, 0.000) separation=0.2210025;Ground_Mountain_2_4:(0.080, 0.997, 0.000) separation=0.2209301;Ground_Mountain_2_4:(0.080, 0.997, 0.000) separation=0.2209399;"
0.776,1040.458,147.931,184.001,31.660,-31.570,2.395,-0.001,0.171,0.000,0.000,4,10.325,0.008,0.997,"Ground_Summit authored launch:(0.080, 0.997, 0.000) separation=0.1582369;Ground_Summit authored launch:(0.080, 0.997, 0.000) separation=0.1584653;Ground_Summit authored launch:(0.080, 0.997, 0.000) separation=0.1583421;Ground_Summit authored launch:(0.080, 0.997, 0.000) separation=0.1583601;Ground_Summit authored launch:(0.080, 0.997, 0.000) separation=0.1582413;Ground_Summit authored launch:(0.080, 0.997, 0.000) separation=0.1582523;Ground_Mountain_2_4:(0.080, 0.997, 0.000) separation=0.2182721;Ground_Mountain_2_4:(0.080, 0.997, 0.000) separation=0.2180317;Ground_Mountain_2_4:(0.080, 0.997, 0.000) separation=0.218168;Ground_Mountain_2_4:(0.080, 0.997, 0.000) separation=0.2181358;Ground_Mountain_2_4:(0.080, 0.997, 0.000) separation=0.2180358;Ground_Mountain_2_4:(0.080, 0.997, 0.000) separation=0.2180557;"
0.796,1039.826,147.979,184.001,31.661,-31.570,2.407,-0.001,0.170,0.000,0.000,4,10.402,0.007,0.997,"Ground_Summit authored launch:(0.080, 0.997, 0.000) separation=0.1556207;Ground_Summit authored launch:(0.080, 0.997, 0.000) separation=0.1558757;Ground_Summit authored launch:(0.080, 0.997, 0.000) separation=0.155715;Ground_Summit authored launch:(0.080, 0.997, 0.000) separation=0.1557815;Ground_Summit authored launch:(0.080, 0.997, 0.000) separation=0.1556758;Ground_Summit authored launch:(0.080, 0.997, 0.000) separation=0.1556908;Ground_Mountain_2_4:(0.080, 0.997, 0.000) separation=0.2156769;Ground_Mountain_2_4:(0.080, 0.997, 0.000) separation=0.2154178;Ground_Mountain_2_4:(0.080, 0.997, 0.000) separation=0.2155827;Ground_Mountain_2_4:(0.080, 0.997, 0.000) separation=0.2155121;Ground_Mountain_2_4:(0.080, 0.997, 0.000) separation=0.2154648;Ground_Mountain_2_4:(0.080, 0.997, 0.000) separation=0.2154773;"
0.816,1039.195,148.027,184.001,31.662,-31.570,2.421,-0.001,0.169,0.000,0.000,4,10.452,0.005,0.997,"Ground_Summit authored launch:(0.080, 0.997, 0.000) separation=0.1532541;Ground_Summit authored launch:(0.080, 0.997, 0.000) separation=0.1535249;Ground_Summit authored launch:(0.080, 0.997, 0.000) separation=0.153338;Ground_Summit authored launch:(0.080, 0.997, 0.000) separation=0.153441;Ground_Summit authored launch:(0.080, 0.997, 0.000) separation=0.153284;Ground_Summit authored launch:(0.080, 0.997, 0.000) separation=0.1533053;Ground_Mountain_2_4:(0.080, 0.997, 0.000) separation=0.2133619;Ground_Mountain_2_4:(0.080, 0.997, 0.000) separation=0.213086;Ground_Mountain_2_4:(0.080, 0.997, 0.000) separation=0.2132776;Ground_Mountain_2_4:(0.080, 0.997, 0.000) separation=0.2131703;Ground_Mountain_2_4:(0.080, 0.997, 0.000) separation=0.213128;Ground_Mountain_2_4:(0.080, 0.997, 0.000) separation=0.2132087;"
0.836,1038.564,148.076,184.001,31.663,-31.569,2.435,-0.001,0.169,0.000,0.000,4,10.478,0.004,0.997,"Ground_Summit authored launch:(0.080, 0.997, 0.000) separation=0.1511656;Ground_Summit authored launch:(0.080, 0.997, 0.000) separation=0.1514505;Ground_Summit authored launch:(0.080, 0.997, 0.000) separation=0.1512397;Ground_Summit authored launch:(0.080, 0.997, 0.000) separation=0.1513763;Ground_Summit authored launch:(0.080, 0.997, 0.000) separation=0.151185;Ground_Summit authored launch:(0.080, 0.997, 0.000) separation=0.1512582;Ground_Mountain_2_4:(0.080, 0.997, 0.000) separation=0.2112662;Ground_Mountain_2_4:(0.080, 0.997, 0.000) separation=0.2109735;Ground_Mountain_2_4:(0.080, 0.997, 0.000) separation=0.2111918;Ground_Mountain_2_4:(0.080, 0.997, 0.000) separation=0.2110478;Ground_Mountain_2_4:(0.080, 0.997, 0.000) separation=0.2110027;Ground_Mountain_2_4:(0.080, 0.997, 0.000) separation=0.2110073;"
0.856,1037.932,148.125,184.001,31.664,-31.569,2.449,-0.002,0.168,0.000,0.000,4,10.483,0.004,0.997,"Ground_Summit authored launch:(0.080, 0.997, 0.000) separation=0.1493548;Ground_Summit authored launch:(0.080, 0.997, 0.000) separation=0.149641;Ground_Summit authored launch:(0.080, 0.997, 0.000) separation=0.1494198;Ground_Summit authored launch:(0.080, 0.997, 0.000) separation=0.1495759;Ground_Summit authored launch:(0.080, 0.997, 0.000) separation=0.1494139;Ground_Summit authored launch:(0.080, 0.997, 0.000) separation=0.1494372;Ground_Mountain_2_4:(0.080, 0.997, 0.000) separation=0.2094632;Ground_Mountain_2_4:(0.080, 0.997, 0.000) separation=0.2091784;Ground_Mountain_2_4:(0.080, 0.997, 0.000) separation=0.2093963;Ground_Mountain_2_4:(0.080, 0.997, 0.000) separation=0.2092453;Ground_Mountain_2_4:(0.080, 0.997, 0.000) separation=0.209213;Ground_Mountain_2_4:(0.080, 0.997, 0.000) separation=0.2092336;"
0.876,1037.301,148.174,184.001,31.665,-31.569,2.463,-0.002,0.168,0.000,0.000,4,10.469,0.003,0.997,"Ground_Summit authored launch:(0.080, 0.997, 0.000) separation=0.1478356;Ground_Summit authored launch:(0.080, 0.997, 0.000) separation=0.1481128;Ground_Summit authored launch:(0.080, 0.997, 0.000) separation=0.1478922;Ground_Summit authored launch:(0.080, 0.997, 0.000) separation=0.1480563;Ground_Summit authored launch:(0.080, 0.997, 0.000) separation=0.1478582;Ground_Summit authored launch:(0.080, 0.997, 0.000) separation=0.1478815;Ground_Mountain_2_4:(0.080, 0.997, 0.000) separation=0.2079385;Ground_Mountain_2_4:(0.080, 0.997, 0.000) separation=0.2076607;Ground_Mountain_2_4:(0.080, 0.997, 0.000) separation=0.2078815;Ground_Mountain_2_4:(0.080, 0.997, 0.000) separation=0.2077177;Ground_Mountain_2_4:(0.080, 0.997, 0.000) separation=0.2076904;Ground_Mountain_2_4:(0.080, 0.997, 0.000) separation=0.2077737;"
0.896,1036.670,148.224,184.001,31.665,-31.569,2.476,-0.002,0.168,0.000,0.000,4,10.440,0.002,0.997,"Ground_Summit authored launch:(0.080, 0.997, 0.000) separation=0.1465933;Ground_Summit authored launch:(0.080, 0.997, 0.000) separation=0.1468563;Ground_Summit authored launch:(0.080, 0.997, 0.000) separation=0.1466419;Ground_Summit authored launch:(0.080, 0.997, 0.000) separation=0.1468076;Ground_Summit authored launch:(0.080, 0.997, 0.000) separation=0.1466025;Ground_Summit authored launch:(0.080, 0.997, 0.000) separation=0.1466537;Ground_Mountain_2_4:(0.080, 0.997, 0.000) separation=0.2066697;Ground_Mountain_2_4:(0.080, 0.997, 0.000) separation=0.2064035;Ground_Mountain_2_4:(0.080, 0.997, 0.000) separation=0.2066202;Ground_Mountain_2_4:(0.080, 0.997, 0.000) separation=0.2064531;Ground_Mountain_2_4:(0.080, 0.997, 0.000) separation=0.2064179;Ground_Mountain_2_4:(0.080, 0.997, 0.000) separation=0.2064222;"
0.916,1036.038,148.274,184.001,31.666,-31.568,2.489,-0.003,0.167,0.000,0.000,4,10.400,0.002,0.997,"Ground_Summit authored launch:(0.080, 0.997, 0.000) separation=0.1456105;Ground_Summit authored launch:(0.080, 0.997, 0.000) separation=0.1458565;Ground_Summit authored launch:(0.080, 0.997, 0.000) separation=0.1456518;Ground_Summit authored launch:(0.080, 0.997, 0.000) separation=0.1458152;Ground_Summit authored launch:(0.080, 0.997, 0.000) separation=0.1456552;Ground_Summit authored launch:(0.080, 0.997, 0.000) separation=0.1456768;Ground_Mountain_2_4:(0.080, 0.997, 0.000) separation=0.2056663;Ground_Mountain_2_4:(0.080, 0.997, 0.000) separation=0.2054188;Ground_Mountain_2_4:(0.080, 0.997, 0.000) separation=0.2056242;Ground_Mountain_2_4:(0.080, 0.997, 0.000) separation=0.205461;Ground_Mountain_2_4:(0.080, 0.997, 0.000) separation=0.2054386;Ground_Mountain_2_4:(0.080, 0.997, 0.000) separation=0.2054642;"
0.936,1035.407,148.324,184.001,31.667,-31.568,2.500,-0.003,0.167,0.000,0.000,4,10.349,0.002,0.997,"Ground_Summit authored launch:(0.080, 0.997, 0.000) separation=0.1448881;Ground_Summit authored launch:(0.080, 0.997, 0.000) separation=0.145115;Ground_Summit authored launch:(0.080, 0.997, 0.000) separation=0.1449227;Ground_Summit authored launch:(0.080, 0.997, 0.000) separation=0.1450804;Ground_Summit authored launch:(0.080, 0.997, 0.000) separation=0.1448986;Ground_Summit authored launch:(0.080, 0.997, 0.000) separation=0.1449188;Ground_Mountain_2_4:(0.080, 0.997, 0.000) separation=0.2049084;Ground_Mountain_2_4:(0.080, 0.997, 0.000) separation=0.2046854;Ground_Mountain_2_4:(0.080, 0.997, 0.000) separation=0.2048737;Ground_Mountain_2_4:(0.080, 0.997, 0.000) separation=0.2047201;Ground_Mountain_2_4:(0.080, 0.997, 0.000) separation=0.2047027;Ground_Mountain_2_4:(0.080, 0.997, 0.000) separation=0.20478;"
0.956,1034.776,148.374,184.001,31.667,-31.568,2.510,-0.003,0.167,0.000,0.000,4,10.292,0.002,0.997,"Ground_Summit authored launch:(0.080, 0.997, 0.000) separation=0.1443932;Ground_Summit authored launch:(0.080, 0.997, 0.000) separation=0.1446001;Ground_Summit authored launch:(0.080, 0.997, 0.000) separation=0.1444218;Ground_Summit authored launch:(0.080, 0.997, 0.000) separation=0.1445716;Ground_Summit authored launch:(0.080, 0.997, 0.000) separation=0.1444034;Ground_Summit authored launch:(0.080, 0.997, 0.000) separation=0.1444231;Ground_Mountain_2_4:(0.080, 0.997, 0.000) separation=0.2044067;Ground_Mountain_2_4:(0.080, 0.997, 0.000) separation=0.2042083;Ground_Mountain_2_4:(0.080, 0.997, 0.000) separation=0.2043794;Ground_Mountain_2_4:(0.080, 0.997, 0.000) separation=0.2042356;Ground_Mountain_2_4:(0.080, 0.997, 0.000) separation=0.2042115;Ground_Mountain_2_4:(0.080, 0.997, 0.000) separation=0.2042147;"
0.976,1034.144,148.424,184.001,31.668,-31.567,2.519,-0.004,0.166,0.000,0.000,4,10.232,0.002,0.997,"Ground_Summit authored launch:(0.080, 0.997, 0.000) separation=0.1440971;Ground_Summit authored launch:(0.080, 0.997, 0.000) separation=0.1442832;Ground_Summit authored launch:(0.080, 0.997, 0.000) separation=0.14412;Ground_Summit authored launch:(0.080, 0.997, 0.000) separation=0.1442603;Ground_Summit authored launch:(0.080, 0.997, 0.000) separation=0.1441252;Ground_Summit authored launch:(0.080, 0.997, 0.000) separation=0.1441424;Ground_Mountain_2_4:(0.080, 0.997, 0.000) separation=0.2040814;Ground_Mountain_2_4:(0.080, 0.997, 0.000) separation=0.2038939;Ground_Mountain_2_4:(0.080, 0.997, 0.000) separation=0.2040591;Ground_Mountain_2_4:(0.080, 0.997, 0.000) separation=0.2039162;Ground_Mountain_2_4:(0.080, 0.997, 0.000) separation=0.2039038;Ground_Mountain_2_4:(0.080, 0.997, 0.000) separation=0.2039177;"
0.996,1033.513,148.475,184.000,31.668,-31.567,2.527,-0.004,0.166,0.000,0.000,4,10.169,0.002,0.997,"Ground_Summit authored launch:(0.080, 0.997, 0.000) separation=0.1439834;Ground_Summit authored launch:(0.080, 0.997, 0.000) separation=0.1441488;Ground_Summit authored launch:(0.080, 0.997, 0.000) separation=0.1440012;Ground_Summit authored launch:(0.080, 0.997, 0.000) separation=0.1441309;Ground_Summit authored launch:(0.080, 0.997, 0.000) separation=0.1439842;Ground_Summit authored launch:(0.080, 0.997, 0.000) separation=0.1439998;Ground_Mountain_2_4:(0.080, 0.997, 0.000) separation=0.2039791;Ground_Mountain_2_4:(0.080, 0.997, 0.000) separation=0.2038248;Ground_Mountain_2_4:(0.080, 0.997, 0.000) separation=0.2039617;Ground_Mountain_2_4:(0.080, 0.997, 0.000) separation=0.2038422;Ground_Mountain_2_4:(0.080, 0.997, 0.000) separation=0.2038347;Ground_Mountain_2_4:(0.080, 0.997, 0.000) separation=0.2038846;"
1.016,1032.882,148.525,184.000,31.669,-31.567,2.534,-0.004,0.166,0.000,0.000,4,10.106,0.002,0.997,"Ground_Summit authored launch:(0.080, 0.997, 0.000) separation=0.1440313;Ground_Summit authored launch:(0.080, 0.997, 0.000) separation=0.1441671;Ground_Summit authored launch:(0.080, 0.997, 0.000) separation=0.1440445;Ground_Summit authored launch:(0.080, 0.997, 0.000) separation=0.1441539;Ground_Summit authored launch:(0.080, 0.997, 0.000) separation=0.1440597;Ground_Summit authored launch:(0.080, 0.997, 0.000) separation=0.1440729;Ground_Mountain_2_4:(0.080, 0.997, 0.000) separation=0.2039863;Ground_Mountain_2_4:(0.080, 0.997, 0.000) separation=0.2038472;Ground_Mountain_2_4:(0.080, 0.997, 0.000) separation=0.2039715;Ground_Mountain_2_4:(0.080, 0.997, 0.000) separation=0.203862;Ground_Mountain_2_4:(0.080, 0.997, 0.000) separation=0.2038546;Ground_Mountain_2_4:(0.080, 0.997, 0.000) separation=0.2039329;"
1.036,1032.250,148.576,184.000,31.669,-31.567,2.539,-0.005,0.166,0.000,0.000,4,10.045,0.002,0.997,"Ground_Summit authored launch:(0.080, 0.997, 0.000) separation=0.1442103;Ground_Summit authored launch:(0.080, 0.997, 0.000) separation=0.144322;Ground_Summit authored launch:(0.080, 0.997, 0.000) separation=0.1442194;Ground_Summit authored launch:(0.080, 0.997, 0.000) separation=0.1443129;Ground_Summit authored launch:(0.080, 0.997, 0.000) separation=0.144225;Ground_Summit authored launch:(0.080, 0.997, 0.000) separation=0.1442338;Ground_Mountain_2_4:(0.080, 0.997, 0.000) separation=0.2041294;Ground_Mountain_2_4:(0.080, 0.997, 0.000) separation=0.204032;Ground_Mountain_2_4:(0.080, 0.997, 0.000) separation=0.2041219;Ground_Mountain_2_4:(0.080, 0.997, 0.000) separation=0.2040395;Ground_Mountain_2_4:(0.080, 0.997, 0.000) separation=0.2040345;Ground_Mountain_2_4:(0.080, 0.997, 0.000) separation=0.2040388;"
1.056,1031.619,148.627,184.000,31.669,-31.567,2.543,-0.005,0.165,0.000,0.000,4,9.986,0.002,0.997,"Ground_Summit authored launch:(0.080, 0.997, 0.000) separation=0.1444905;Ground_Summit authored launch:(0.080, 0.997, 0.000) separation=0.1445851;Ground_Summit authored launch:(0.080, 0.997, 0.000) separation=0.1444959;Ground_Summit authored launch:(0.080, 0.997, 0.000) separation=0.1445797;Ground_Summit authored launch:(0.080, 0.997, 0.000) separation=0.1444974;Ground_Summit authored launch:(0.080, 0.997, 0.000) separation=0.144504;Ground_Mountain_2_4:(0.080, 0.997, 0.000) separation=0.2043927;Ground_Mountain_2_4:(0.080, 0.997, 0.000) separation=0.2042882;Ground_Mountain_2_4:(0.080, 0.997, 0.000) separation=0.2043878;Ground_Mountain_2_4:(0.080, 0.997, 0.000) separation=0.2042932;Ground_Mountain_2_4:(0.080, 0.997, 0.000) separation=0.2042907;Ground_Mountain_2_4:(0.080, 0.997, 0.000) separation=0.2043247;"
1.076,1030.988,148.678,184.000,31.670,-31.567,2.546,-0.005,0.165,0.000,0.000,4,9.931,0.002,0.997,"Ground_Summit authored launch:(0.080, 0.997, 0.000) separation=0.1448458;Ground_Summit authored launch:(0.080, 0.997, 0.000) separation=0.1449291;Ground_Summit authored launch:(0.080, 0.997, 0.000) separation=0.1448479;Ground_Summit authored launch:(0.080, 0.997, 0.000) separation=0.1449269;Ground_Summit authored launch:(0.080, 0.997, 0.000) separation=0.1448678;Ground_Summit authored launch:(0.080, 0.997, 0.000) separation=0.14487;Ground_Mountain_2_4:(0.080, 0.997, 0.000) separation=0.2047547;Ground_Mountain_2_4:(0.080, 0.997, 0.000) separation=0.2046655;Ground_Mountain_2_4:(0.080, 0.997, 0.000) separation=0.2047523;Ground_Mountain_2_4:(0.080, 0.997, 0.000) separation=0.204668;Ground_Mountain_2_4:(0.080, 0.997, 0.000) separation=0.2046655;Ground_Mountain_2_4:(0.080, 0.997, 0.000) separation=0.2047239;"
1.096,1030.356,148.729,184.000,31.670,-31.567,2.548,-0.005,0.165,0.000,0.001,4,9.882,0.002,0.997,"Ground_Summit authored launch:(0.080, 0.997, 0.000) separation=0.1452614;Ground_Summit authored launch:(0.080, 0.997, 0.000) separation=0.1453398;Ground_Summit authored launch:(0.080, 0.997, 0.000) separation=0.1452607;Ground_Summit authored launch:(0.080, 0.997, 0.000) separation=0.1453405;Ground_Summit authored launch:(0.080, 0.997, 0.000) separation=0.1452669;Ground_Summit authored launch:(0.080, 0.997, 0.000) separation=0.1452676;Ground_Mountain_2_4:(0.080, 0.997, 0.000) separation=0.2051503;Ground_Mountain_2_4:(0.080, 0.997, 0.000) separation=0.2050691;Ground_Mountain_2_4:(0.080, 0.997, 0.000) separation=0.2051528;Ground_Mountain_2_4:(0.080, 0.997, 0.000) separation=0.2050666;Ground_Mountain_2_4:(0.080, 0.997, 0.000) separation=0.2050666;Ground_Mountain_2_4:(0.080, 0.997, 0.000) separation=0.2050666;"
1.116,1029.725,148.780,184.000,31.670,-31.567,2.549,-0.005,0.165,0.000,0.000,4,9.837,0.001,0.997,"Ground_Summit authored launch:(0.080, 0.997, 0.000) separation=0.1457319;Ground_Summit authored launch:(0.080, 0.997, 0.000) separation=0.145798;Ground_Summit authored launch:(0.080, 0.997, 0.000) separation=0.1457287;Ground_Summit authored launch:(0.080, 0.997, 0.000) separation=0.1458012;Ground_Summit authored launch:(0.080, 0.997, 0.000) separation=0.1457308;Ground_Summit authored launch:(0.080, 0.997, 0.000) separation=0.1457331;Ground_Mountain_2_4:(0.080, 0.997, 0.000) separation=0.205604;Ground_Mountain_2_4:(0.080, 0.997, 0.000) separation=0.2055319;Ground_Mountain_2_4:(0.080, 0.997, 0.000) separation=0.2056065;Ground_Mountain_2_4:(0.080, 0.997, 0.000) separation=0.2055294;Ground_Mountain_2_4:(0.080, 0.997, 0.000) separation=0.2055295;Ground_Mountain_2_4:(0.080, 0.997, 0.000) separation=0.2055479;"
1.136,1029.094,148.831,184.000,31.670,-31.568,2.550,-0.005,0.165,0.000,0.000,4,9.797,0.001,0.997,"Ground_Summit authored launch:(0.080, 0.997, 0.000) separation=0.1462226;Ground_Summit authored launch:(0.080, 0.997, 0.000) separation=0.1462767;Ground_Summit authored launch:(0.080, 0.997, 0.000) separation=0.1462173;Ground_Summit authored launch:(0.080, 0.997, 0.000) separation=0.146282;Ground_Summit authored launch:(0.080, 0.997, 0.000) separation=0.1462289;Ground_Summit authored launch:(0.080, 0.997, 0.000) separation=0.1462342;Ground_Mountain_2_4:(0.080, 0.997, 0.000) separation=0.2060858;Ground_Mountain_2_4:(0.080, 0.997, 0.000) separation=0.2060224;Ground_Mountain_2_4:(0.080, 0.997, 0.000) separation=0.2060908;Ground_Mountain_2_4:(0.080, 0.997, 0.000) separation=0.2060174;Ground_Mountain_2_4:(0.080, 0.997, 0.000) separation=0.2060198;Ground_Mountain_2_4:(0.080, 0.997, 0.000) separation=0.2060514;"
1.156,1028.462,148.882,184.000,31.671,-31.568,2.550,-0.005,0.165,0.000,0.000,4,9.764,0.001,0.997,"Ground_Summit authored launch:(0.080, 0.997, 0.000) separation=0.1467122;Ground_Summit authored launch:(0.080, 0.997, 0.000) separation=0.1467554;Ground_Summit authored launch:(0.080, 0.997, 0.000) separation=0.146705;Ground_Summit authored launch:(0.080, 0.997, 0.000) separation=0.1467625;Ground_Summit authored launch:(0.080, 0.997, 0.000) separation=0.1467066;Ground_Summit authored launch:(0.080, 0.997, 0.000) separation=0.1467125;Ground_Mountain_2_4:(0.080, 0.997, 0.000) separation=0.2065396;Ground_Mountain_2_4:(0.080, 0.997, 0.000) separation=0.2065091;Ground_Mountain_2_4:(0.080, 0.997, 0.000) separation=0.206547;Ground_Mountain_2_4:(0.080, 0.997, 0.000) separation=0.2065017;Ground_Mountain_2_4:(0.080, 0.997, 0.000) separation=0.2065036;Ground_Mountain_2_4:(0.080, 0.997, 0.000) separation=0.2065039;"
1.176,1027.831,148.933,184.000,31.671,-31.568,2.549,-0.005,0.165,0.000,0.000,4,9.736,0.001,0.997,"Ground_Summit authored launch:(0.080, 0.997, 0.000) separation=0.1472014;Ground_Summit authored launch:(0.080, 0.997, 0.000) separation=0.1472347;Ground_Summit authored launch:(0.080, 0.997, 0.000) separation=0.1471927;Ground_Summit authored launch:(0.080, 0.997, 0.000) separation=0.1472434;Ground_Summit authored launch:(0.080, 0.997, 0.000) separation=0.1472059;Ground_Summit authored launch:(0.080, 0.997, 0.000) separation=0.1472108;Ground_Mountain_2_4:(0.080, 0.997, 0.000) separation=0.2070131;Ground_Mountain_2_4:(0.080, 0.997, 0.000) separation=0.2069889;Ground_Mountain_2_4:(0.080, 0.997, 0.000) separation=0.2070231;Ground_Mountain_2_4:(0.080, 0.997, 0.000) separation=0.2069789;Ground_Mountain_2_4:(0.080, 0.997, 0.000) separation=0.2069839;Ground_Mountain_2_4:(0.080, 0.997, 0.000) separation=0.2069847;"
1.196,1027.199,148.984,183.999,31.671,-31.568,2.547,-0.005,0.165,0.000,0.000,4,9.713,0.001,0.997,"Ground_Summit authored launch:(0.080, 0.997, 0.000) separation=0.1476749;Ground_Summit authored launch:(0.080, 0.997, 0.000) separation=0.1476999;Ground_Summit authored launch:(0.080, 0.997, 0.000) separation=0.1476649;Ground_Summit authored launch:(0.080, 0.997, 0.000) separation=0.1477099;Ground_Summit authored launch:(0.080, 0.997, 0.000) separation=0.14767;Ground_Summit authored launch:(0.080, 0.997, 0.000) separation=0.1476741;Ground_Mountain_2_4:(0.080, 0.997, 0.000) separation=0.2075071;Ground_Mountain_2_4:(0.080, 0.997, 0.000) separation=0.2074929;Ground_Mountain_2_4:(0.080, 0.997, 0.000) separation=0.207517;Ground_Mountain_2_4:(0.080, 0.997, 0.000) separation=0.207483;Ground_Mountain_2_4:(0.080, 0.997, 0.000) separation=0.207488;Ground_Mountain_2_4:(0.080, 0.997, 0.000) separation=0.2074908;"
1.216,1026.568,149.035,183.999,31.671,-31.569,2.546,-0.005,0.165,0.000,0.000,4,9.696,0.001,0.997,"Ground_Summit authored launch:(0.080, 0.997, 0.000) separation=0.1481175;Ground_Summit authored launch:(0.080, 0.997, 0.000) separation=0.1481348;Ground_Summit authored launch:(0.080, 0.997, 0.000) separation=0.1481064;Ground_Summit authored launch:(0.080, 0.997, 0.000) separation=0.1481459;Ground_Summit authored launch:(0.080, 0.997, 0.000) separation=0.1481092;Ground_Summit authored launch:(0.080, 0.997, 0.000) separation=0.1481185;Ground_Mountain_2_4:(0.080, 0.997, 0.000) separation=0.2079247;Ground_Mountain_2_4:(0.080, 0.997, 0.000) separation=0.2079004;Ground_Mountain_2_4:(0.080, 0.997, 0.000) separation=0.2079346;Ground_Mountain_2_4:(0.080, 0.997, 0.000) separation=0.2078905;Ground_Mountain_2_4:(0.080, 0.997, 0.000) separation=0.2078954;Ground_Mountain_2_4:(0.080, 0.997, 0.000) separation=0.2078959;"
1.236,1025.937,149.086,183.999,31.671,-31.569,2.544,-0.004,0.164,0.000,0.000,4,9.683,0.001,0.997,"Ground_Summit authored launch:(0.080, 0.997, 0.000) separation=0.1485291;Ground_Summit authored launch:(0.080, 0.997, 0.000) separation=0.1485402;Ground_Summit authored launch:(0.080, 0.997, 0.000) separation=0.1485171;Ground_Summit authored launch:(0.080, 0.997, 0.000) separation=0.1485522;Ground_Summit authored launch:(0.080, 0.997, 0.000) separation=0.1485232;Ground_Summit authored launch:(0.080, 0.997, 0.000) separation=0.1485259;Ground_Mountain_2_4:(0.080, 0.997, 0.000) separation=0.2083728;Ground_Mountain_2_4:(0.080, 0.997, 0.000) separation=0.2083555;Ground_Mountain_2_4:(0.080, 0.997, 0.000) separation=0.2083852;Ground_Mountain_2_4:(0.080, 0.997, 0.000) separation=0.2083431;Ground_Mountain_2_4:(0.080, 0.997, 0.000) separation=0.2083452;Ground_Mountain_2_4:(0.080, 0.997, 0.000) separation=0.2083477;"
1.256,1025.305,149.136,183.999,31.671,-31.569,2.542,-0.004,0.164,0.000,0.000,4,9.676,0.001,0.997,"Ground_Summit authored launch:(0.080, 0.997, 0.000) separation=0.1488981;Ground_Summit authored launch:(0.080, 0.997, 0.000) separation=0.1488999;Ground_Summit authored launch:(0.080, 0.997, 0.000) separation=0.1488854;Ground_Summit authored launch:(0.080, 0.997, 0.000) separation=0.1489125;Ground_Summit authored launch:(0.080, 0.997, 0.000) separation=0.1488838;Ground_Summit authored launch:(0.080, 0.997, 0.000) separation=0.1488858;Ground_Mountain_2_4:(0.080, 0.997, 0.000) separation=0.2087114;Ground_Mountain_2_4:(0.080, 0.997, 0.000) separation=0.2087238;Ground_Mountain_2_4:(0.080, 0.997, 0.000) separation=0.2087238;Ground_Mountain_2_4:(0.080, 0.997, 0.000) separation=0.2087114;Ground_Mountain_2_4:(0.080, 0.997, 0.000) separation=0.2087114;Ground_Mountain_2_4:(0.080, 0.997, 0.000) separation=0.2087114;"
1.276,1024.674,149.187,183.999,31.672,-31.570,2.540,-0.004,0.164,0.000,0.000,4,9.671,0.001,0.997,"Ground_Summit authored launch:(0.080, 0.997, 0.000) separation=0.149242;Ground_Summit authored launch:(0.080, 0.997, 0.000) separation=0.1492293;Ground_Summit authored launch:(0.080, 0.997, 0.000) separation=0.1492289;Ground_Summit authored launch:(0.080, 0.997, 0.000) separation=0.1492424;Ground_Summit authored launch:(0.080, 0.997, 0.000) separation=0.1492209;Ground_Summit authored launch:(0.080, 0.997, 0.000) separation=0.1492224;Ground_Mountain_2_4:(0.080, 0.997, 0.000) separation=0.2090525;Ground_Mountain_2_4:(0.080, 0.997, 0.000) separation=0.2090762;Ground_Mountain_2_4:(0.080, 0.997, 0.000) separation=0.2090649;Ground_Mountain_2_4:(0.080, 0.997, 0.000) separation=0.2090638;Ground_Mountain_2_4:(0.080, 0.997, 0.000) separation=0.2090496;Ground_Mountain_2_4:(0.080, 0.997, 0.000) separation=0.2090521;"
1.296,1024.043,149.238,183.999,31.672,-31.570,2.537,-0.004,0.164,0.000,0.000,4,9.670,0.001,0.997,"Ground_Summit authored launch:(0.080, 0.997, 0.000) separation=0.1495329;Ground_Summit authored launch:(0.080, 0.997, 0.000) separation=0.1495146;Ground_Summit authored launch:(0.080, 0.997, 0.000) separation=0.1495194;Ground_Summit authored launch:(0.080, 0.997, 0.000) separation=0.149528;Ground_Summit authored launch:(0.080, 0.997, 0.000) separation=0.1495111;Ground_Summit authored launch:(0.080, 0.997, 0.000) separation=0.1495123;Ground_Mountain_2_4:(0.080, 0.997, 0.000) separation=0.2093371;Ground_Mountain_2_4:(0.080, 0.997, 0.000) separation=0.2093519;Ground_Mountain_2_4:(0.080, 0.997, 0.000) separation=0.2093519;Ground_Mountain_2_4:(0.080, 0.997, 0.000) separation=0.2093371;Ground_Mountain_2_4:(0.080, 0.997, 0.000) separation=0.209337;Ground_Mountain_2_4:(0.080, 0.997, 0.000) separation=0.209337;"
1.316,1023.411,149.289,183.999,31.672,-31.570,2.535,-0.003,0.164,0.000,0.000,4,9.672,0.001,0.997,"Ground_Summit authored launch:(0.080, 0.997, 0.000) separation=0.1497755;Ground_Summit authored launch:(0.080, 0.997, 0.000) separation=0.1497546;Ground_Summit authored launch:(0.080, 0.997, 0.000) separation=0.1497618;Ground_Summit authored launch:(0.080, 0.997, 0.000) separation=0.1497683;Ground_Summit authored launch:(0.080, 0.997, 0.000) separation=0.1497541;Ground_Summit authored launch:(0.080, 0.997, 0.000) separation=0.1497622;Ground_Mountain_2_4:(0.080, 0.997, 0.000) separation=0.2095446;Ground_Mountain_2_4:(0.080, 0.997, 0.000) separation=0.209557;Ground_Mountain_2_4:(0.080, 0.997, 0.000) separation=0.209557;Ground_Mountain_2_4:(0.080, 0.997, 0.000) separation=0.2095446;Ground_Mountain_2_4:(0.080, 0.997, 0.000) separation=0.2095495;Ground_Mountain_2_4:(0.080, 0.997, 0.000) separation=0.2095495;"
1.336,1022.780,149.339,183.999,31.672,-31.570,2.533,-0.003,0.164,0.000,0.000,4,9.676,0.001,0.997,"Ground_Summit authored launch:(0.080, 0.997, 0.000) separation=0.1499619;Ground_Summit authored launch:(0.080, 0.997, 0.000) separation=0.1499472;Ground_Summit authored launch:(0.080, 0.997, 0.000) separation=0.1499482;Ground_Summit authored launch:(0.080, 0.997, 0.000) separation=0.1499609;Ground_Summit authored launch:(0.080, 0.997, 0.000) separation=0.1499482;Ground_Summit authored launch:(0.080, 0.997, 0.000) separation=0.1499499;Ground_Mountain_2_4:(0.080, 0.997, 0.000) separation=0.2097631;Ground_Mountain_2_4:(0.080, 0.997, 0.000) separation=0.2097658;Ground_Mountain_2_4:(0.080, 0.997, 0.000) separation=0.2097755;Ground_Mountain_2_4:(0.080, 0.997, 0.000) separation=0.2097534;Ground_Mountain_2_4:(0.080, 0.997, 0.000) separation=0.2097583;Ground_Mountain_2_4:(0.080, 0.997, 0.000) separation=0.2097639;"
1.356,1022.148,149.390,183.999,31.672,-31.571,2.531,-0.003,0.164,0.000,0.000,4,9.683,0.000,0.997,"Ground_Summit authored launch:(0.080, 0.997, 0.000) separation=0.1501066;Ground_Summit authored launch:(0.080, 0.997, 0.000) separation=0.1500983;Ground_Summit authored launch:(0.080, 0.997, 0.000) separation=0.150093;Ground_Summit authored launch:(0.080, 0.997, 0.000) separation=0.150112;Ground_Summit authored launch:(0.080, 0.997, 0.000) separation=0.1500939;Ground_Summit authored launch:(0.080, 0.997, 0.000) separation=0.1500945;Ground_Mountain_2_4:(0.080, 0.997, 0.000) separation=0.2099158;Ground_Mountain_2_4:(0.080, 0.997, 0.000) separation=0.209914;Ground_Mountain_2_4:(0.080, 0.997, 0.000) separation=0.2099282;Ground_Mountain_2_4:(0.080, 0.997, 0.000) separation=0.2099016;Ground_Mountain_2_4:(0.080, 0.997, 0.000) separation=0.2099016;Ground_Mountain_2_4:(0.080, 0.997, 0.000) separation=0.2099016;"
1.376,1021.517,149.441,183.999,31.672,-31.571,2.530,-0.002,0.164,0.000,0.000,4,9.691,0.000,0.997,"Ground_Summit authored launch:(0.080, 0.997, 0.000) separation=0.150222;Ground_Summit authored launch:(0.080, 0.997, 0.000) separation=0.1502125;Ground_Summit authored launch:(0.080, 0.997, 0.000) separation=0.1502085;Ground_Summit authored launch:(0.080, 0.997, 0.000) separation=0.150226;Ground_Summit authored launch:(0.080, 0.997, 0.000) separation=0.1502085;Ground_Summit authored launch:(0.080, 0.997, 0.000) separation=0.150209;Ground_Mountain_2_4:(0.080, 0.997, 0.000) separation=0.2100144;Ground_Mountain_2_4:(0.080, 0.997, 0.000) separation=0.2100206;Ground_Mountain_2_4:(0.080, 0.997, 0.000) separation=0.2100268;Ground_Mountain_2_4:(0.080, 0.997, 0.000) separation=0.2100082;Ground_Mountain_2_4:(0.080, 0.997, 0.000) separation=0.2100156;Ground_Mountain_2_4:(0.080, 0.997, 0.000) separation=0.2100188;"
1.396,1020.886,149.491,183.999,31.672,-31.571,2.528,-0.002,0.164,0.000,0.000,4,9.700,0.000,0.997,"Ground_Summit authored launch:(0.080, 0.997, 0.000) separation=0.1503066;Ground_Summit authored launch:(0.080, 0.997, 0.000) separation=0.1502963;Ground_Summit authored launch:(0.080, 0.997, 0.000) separation=0.1502934;Ground_Summit authored launch:(0.080, 0.997, 0.000) separation=0.1503095;Ground_Summit authored launch:(0.080, 0.997, 0.000) separation=0.1502941;Ground_Summit authored launch:(0.080, 0.997, 0.000) separation=0.1502944;Ground_Mountain_2_4:(0.080, 0.997, 0.000) separation=0.2100917;Ground_Mountain_2_4:(0.080, 0.997, 0.000) separation=0.2101122;Ground_Mountain_2_4:(0.080, 0.997, 0.000) separation=0.2101042;Ground_Mountain_2_4:(0.080, 0.997, 0.000) separation=0.2100998;Ground_Mountain_2_4:(0.080, 0.997, 0.000) separation=0.2100872;Ground_Mountain_2_4:(0.080, 0.997, 0.000) separation=0.2100897;"
1.416,1020.254,149.542,183.999,31.672,-31.571,2.527,-0.002,0.164,0.000,0.000,4,9.709,0.000,0.997,"Ground_Summit authored launch:(0.080, 0.997, 0.000) separation=0.1503603;Ground_Summit authored launch:(0.080, 0.997, 0.000) separation=0.1503493;Ground_Summit authored launch:(0.080, 0.997, 0.000) separation=0.1503474;Ground_Summit authored launch:(0.080, 0.997, 0.000) separation=0.1503622;Ground_Summit authored launch:(0.080, 0.997, 0.000) separation=0.1503477;Ground_Summit authored launch:(0.080, 0.997, 0.000) separation=0.1503478;Ground_Mountain_2_4:(0.080, 0.997, 0.000) separation=0.210148;Ground_Mountain_2_4:(0.080, 0.997, 0.000) separation=0.2101433;Ground_Mountain_2_4:(0.080, 0.997, 0.000) separation=0.2101604;Ground_Mountain_2_4:(0.080, 0.997, 0.000) separation=0.2101309;Ground_Mountain_2_4:(0.080, 0.997, 0.000) separation=0.2101315;Ground_Mountain_2_4:(0.080, 0.997, 0.000) separation=0.210133;"
1.436,1019.623,149.592,183.999,31.672,-31.571,2.526,-0.001,0.164,0.000,0.000,4,9.719,0.000,0.997,"Ground_Summit authored launch:(0.080, 0.997, 0.000) separation=0.150383;Ground_Summit authored launch:(0.080, 0.997, 0.000) separation=0.1503715;Ground_Summit authored launch:(0.080, 0.997, 0.000) separation=0.1503704;Ground_Summit authored launch:(0.080, 0.997, 0.000) separation=0.1503841;Ground_Summit authored launch:(0.080, 0.997, 0.000) separation=0.1503705;Ground_Summit authored launch:(0.080, 0.997, 0.000) separation=0.1503709;Ground_Mountain_2_4:(0.080, 0.997, 0.000) separation=0.2101584;Ground_Mountain_2_4:(0.080, 0.997, 0.000) separation=0.2101676;Ground_Mountain_2_4:(0.080, 0.997, 0.000) separation=0.2101708;Ground_Mountain_2_4:(0.080, 0.997, 0.000) separation=0.2101552;Ground_Mountain_2_4:(0.080, 0.997, 0.000) separation=0.2101482;Ground_Mountain_2_4:(0.080, 0.997, 0.000) separation=0.2101507;"
1.456,1018.991,149.643,183.999,31.672,-31.571,2.525,-0.001,0.164,0.000,0.000,4,9.729,0.000,0.997,"Ground_Summit authored launch:(0.080, 0.997, 0.000) separation=0.1503764;Ground_Summit authored launch:(0.080, 0.997, 0.000) separation=0.1503652;Ground_Summit authored launch:(0.080, 0.997, 0.000) separation=0.1503643;Ground_Summit authored launch:(0.080, 0.997, 0.000) separation=0.1503773;Ground_Summit authored launch:(0.080, 0.997, 0.000) separation=0.1503645;Ground_Summit authored launch:(0.080, 0.997, 0.000) separation=0.1503647;Ground_Mountain_2_4:(0.080, 0.997, 0.000) separation=0.2101664;Ground_Mountain_2_4:(0.080, 0.997, 0.000) separation=0.2101852;Ground_Mountain_2_4:(0.080, 0.997, 0.000) separation=0.2101788;Ground_Mountain_2_4:(0.080, 0.997, 0.000) separation=0.2101728;Ground_Mountain_2_4:(0.080, 0.997, 0.000) separation=0.2101611;Ground_Mountain_2_4:(0.080, 0.997, 0.000) separation=0.2101635;"
1.476,1018.360,149.693,183.999,31.672,-31.572,2.524,-0.001,0.164,0.000,0.000,4,9.739,0.000,0.997,"Ground_Summit authored launch:(0.080, 0.997, 0.000) separation=0.1503536;Ground_Summit authored launch:(0.080, 0.997, 0.000) separation=0.1503421;Ground_Summit authored launch:(0.080, 0.997, 0.000) separation=0.150342;Ground_Summit authored launch:(0.080, 0.997, 0.000) separation=0.1503537;Ground_Summit authored launch:(0.080, 0.997, 0.000) separation=0.1503418;Ground_Summit authored launch:(0.080, 0.997, 0.000) separation=0.150342;Ground_Mountain_2_4:(0.080, 0.997, 0.000) separation=0.2101458;Ground_Mountain_2_4:(0.080, 0.997, 0.000) separation=0.2101582;Ground_Mountain_2_4:(0.080, 0.997, 0.000) separation=0.2101582;Ground_Mountain_2_4:(0.080, 0.997, 0.000) separation=0.2101458;Ground_Mountain_2_4:(0.080, 0.997, 0.000) separation=0.2101458;Ground_Mountain_2_4:(0.080, 0.997, 0.000) separation=0.2101458;"
1.496,1017.729,149.744,183.999,31.672,-31.572,2.523,0.000,0.164,0.000,0.000,4,9.747,0.000,0.997,"Ground_Summit authored launch:(0.080, 0.997, 0.000) separation=0.1503164;Ground_Summit authored launch:(0.080, 0.997, 0.000) separation=0.1503049;Ground_Summit authored launch:(0.080, 0.997, 0.000) separation=0.1503053;Ground_Summit authored launch:(0.080, 0.997, 0.000) separation=0.150316;Ground_Summit authored launch:(0.080, 0.997, 0.000) separation=0.1503049;Ground_Summit authored launch:(0.080, 0.997, 0.000) separation=0.1503049;Ground_Mountain_2_4:(0.080, 0.997, 0.000) separation=0.2101068;Ground_Mountain_2_4:(0.080, 0.997, 0.000) separation=0.2101215;Ground_Mountain_2_4:(0.080, 0.997, 0.000) separation=0.2101167;Ground_Mountain_2_4:(0.080, 0.997, 0.000) separation=0.2101116;Ground_Mountain_2_4:(0.080, 0.997, 0.000) separation=0.2101117;Ground_Mountain_2_4:(0.080, 0.997, 0.000) separation=0.2101152;"
1.516,1017.097,149.794,183.999,31.672,-31.572,2.523,0.000,0.164,0.000,0.000,4,9.756,0.000,0.997,"Ground_Summit authored launch:(0.080, 0.997, 0.000) separation=0.1502628;Ground_Summit authored launch:(0.080, 0.997, 0.000) separation=0.1502517;Ground_Summit authored launch:(0.080, 0.997, 0.000) separation=0.1502521;Ground_Summit authored launch:(0.080, 0.997, 0.000) separation=0.1502623;Ground_Summit authored launch:(0.080, 0.997, 0.000) separation=0.1502516;Ground_Summit authored launch:(0.080, 0.997, 0.000) separation=0.1502517;Ground_Mountain_2_4:(0.080, 0.997, 0.000) separation=0.2100506;Ground_Mountain_2_4:(0.080, 0.997, 0.000) separation=0.2100556;Ground_Mountain_2_4:(0.080, 0.997, 0.000) separation=0.2100605;Ground_Mountain_2_4:(0.080, 0.997, 0.000) separation=0.2100457;Ground_Mountain_2_4:(0.080, 0.997, 0.000) separation=0.2100507;Ground_Mountain_2_4:(0.080, 0.997, 0.000) separation=0.2100542;"
1.536,1016.466,149.845,183.999,31.672,-31.572,2.522,0.001,0.164,0.000,0.000,4,9.763,0.000,0.997,"Ground_Summit authored launch:(0.080, 0.997, 0.000) separation=0.1502113;Ground_Summit authored launch:(0.080, 0.997, 0.000) separation=0.1501992;Ground_Summit authored launch:(0.080, 0.997, 0.000) separation=0.1502012;Ground_Summit authored launch:(0.080, 0.997, 0.000) separation=0.1502093;Ground_Summit authored launch:(0.080, 0.997, 0.000) separation=0.1501992;Ground_Summit authored launch:(0.080, 0.997, 0.000) separation=0.1501999;Ground_Mountain_2_4:(0.080, 0.997, 0.000) separation=0.2100262;Ground_Mountain_2_4:(0.080, 0.997, 0.000) separation=0.2100361;Ground_Mountain_2_4:(0.080, 0.997, 0.000) separation=0.2100361;Ground_Mountain_2_4:(0.080, 0.997, 0.000) separation=0.2100262;Ground_Mountain_2_4:(0.080, 0.997, 0.000) separation=0.2100262;Ground_Mountain_2_4:(0.080, 0.997, 0.000) separation=0.2100262;"
1.556,1015.834,149.895,183.999,31.672,-31.572,2.522,0.001,0.164,0.000,0.000,4,9.770,0.000,0.997,"Ground_Summit authored launch:(0.080, 0.997, 0.000) separation=0.1501524;Ground_Summit authored launch:(0.080, 0.997, 0.000) separation=0.1501314;Ground_Summit authored launch:(0.080, 0.997, 0.000) separation=0.1501429;Ground_Summit authored launch:(0.080, 0.997, 0.000) separation=0.1501409;Ground_Summit authored launch:(0.080, 0.997, 0.000) separation=0.1501316;Ground_Summit authored launch:(0.080, 0.997, 0.000) separation=0.1501319;Ground_Mountain_2_4:(0.080, 0.997, 0.000) separation=0.2099346;Ground_Mountain_2_4:(0.080, 0.997, 0.000) separation=0.2099445;Ground_Mountain_2_4:(0.080, 0.997, 0.000) separation=0.2099445;Ground_Mountain_2_4:(0.080, 0.997, 0.000) separation=0.2099346;Ground_Mountain_2_4:(0.080, 0.997, 0.000) separation=0.2099346;Ground_Mountain_2_4:(0.080, 0.997, 0.000) separation=0.2099346;"
1.576,1015.203,149.945,183.999,31.672,-31.572,2.522,0.001,0.164,0.000,0.000,4,9.775,0.000,0.997,"Ground_Summit authored launch:(0.080, 0.997, 0.000) separation=0.150089;Ground_Summit authored launch:(0.080, 0.997, 0.000) separation=0.1500642;Ground_Summit authored launch:(0.080, 0.997, 0.000) separation=0.15008;Ground_Summit authored launch:(0.080, 0.997, 0.000) separation=0.1500731;Ground_Summit authored launch:(0.080, 0.997, 0.000) separation=0.1500641;Ground_Summit authored launch:(0.080, 0.997, 0.000) separation=0.1500641;Ground_Mountain_2_4:(0.080, 0.997, 0.000) separation=0.2098958;Ground_Mountain_2_4:(0.080, 0.997, 0.000) separation=0.2099064;Ground_Mountain_2_4:(0.080, 0.997, 0.000) separation=0.2099032;Ground_Mountain_2_4:(0.080, 0.997, 0.000) separation=0.209899;Ground_Mountain_2_4:(0.080, 0.997, 0.000) separation=0.2098888;Ground_Mountain_2_4:(0.080, 0.997, 0.000) separation=0.2098913;"
1.596,1014.572,149.996,183.999,31.672,-31.572,2.522,0.002,0.164,0.000,0.000,4,9.780,0.000,0.997,"Ground_Summit authored launch:(0.080, 0.997, 0.000) separation=0.1500202;Ground_Summit authored launch:(0.080, 0.997, 0.000) separation=0.149996;Ground_Summit authored launch:(0.080, 0.997, 0.000) separation=0.1500118;Ground_Summit authored launch:(0.080, 0.997, 0.000) separation=0.1500044;Ground_Summit authored launch:(0.080, 0.997, 0.000) separation=0.149996;Ground_Summit authored launch:(0.080, 0.997, 0.000) separation=0.1499961;Ground_Mountain_2_4:(0.080, 0.997, 0.000) separation=0.2097994;Ground_Mountain_2_4:(0.080, 0.997, 0.000) separation=0.2098222;Ground_Mountain_2_4:(0.080, 0.997, 0.000) separation=0.2098093;Ground_Mountain_2_4:(0.080, 0.997, 0.000) separation=0.2098123;Ground_Mountain_2_4:(0.080, 0.997, 0.000) separation=0.2097973;Ground_Mountain_2_4:(0.080, 0.997, 0.000) separation=0.2097998;"
1.616,1013.940,150.046,183.999,31.672,-31.572,2.522,0.002,0.164,0.000,0.000,4,9.784,0.000,0.997,"Ground_Summit authored launch:(0.080, 0.997, 0.000) separation=0.1499509;Ground_Summit authored launch:(0.080, 0.997, 0.000) separation=0.1499332;Ground_Summit authored launch:(0.080, 0.997, 0.000) separation=0.1499431;Ground_Summit authored launch:(0.080, 0.997, 0.000) separation=0.1499411;Ground_Summit authored launch:(0.080, 0.997, 0.000) separation=0.1499389;Ground_Summit authored launch:(0.080, 0.997, 0.000) separation=0.1499428;Ground_Mountain_2_4:(0.080, 0.997, 0.000) separation=0.2097109;Ground_Mountain_2_4:(0.080, 0.997, 0.000) separation=0.2097355;Ground_Mountain_2_4:(0.080, 0.997, 0.000) separation=0.2097183;Ground_Mountain_2_4:(0.080, 0.997, 0.000) separation=0.209728;Ground_Mountain_2_4:(0.080, 0.997, 0.000) separation=0.2097134;Ground_Mountain_2_4:(0.080, 0.997, 0.000) separation=0.2097235;"
1.636,1013.309,150.097,183.999,31.673,-31.572,2.522,0.003,0.164,0.000,0.000,4,9.787,0.000,0.997,"Ground_Summit authored launch:(0.080, 0.997, 0.000) separation=0.1498827;Ground_Summit authored launch:(0.080, 0.997, 0.000) separation=0.1498761;Ground_Summit authored launch:(0.080, 0.997, 0.000) separation=0.1498754;Ground_Summit authored launch:(0.080, 0.997, 0.000) separation=0.1498834;Ground_Summit authored launch:(0.080, 0.997, 0.000) separation=0.1498754;Ground_Summit authored launch:(0.080, 0.997, 0.000) separation=0.1498756;Ground_Mountain_2_4:(0.080, 0.997, 0.000) separation=0.209675;Ground_Mountain_2_4:(0.080, 0.997, 0.000) separation=0.2096886;Ground_Mountain_2_4:(0.080, 0.997, 0.000) separation=0.2096824;Ground_Mountain_2_4:(0.080, 0.997, 0.000) separation=0.2096811;Ground_Mountain_2_4:(0.080, 0.997, 0.000) separation=0.2096799;Ground_Mountain_2_4:(0.080, 0.997, 0.000) separation=0.2096861;"
1.656,1012.677,150.147,183.999,31.673,-31.572,2.523,0.003,0.164,0.000,0.000,4,9.790,0.000,0.997,"Ground_Summit authored launch:(0.080, 0.997, 0.000) separation=0.1498143;Ground_Summit authored launch:(0.080, 0.997, 0.000) separation=0.1498091;Ground_Summit authored launch:(0.080, 0.997, 0.000) separation=0.1498076;Ground_Summit authored launch:(0.080, 0.997, 0.000) separation=0.1498159;Ground_Summit authored launch:(0.080, 0.997, 0.000) separation=0.1498076;Ground_Summit authored launch:(0.080, 0.997, 0.000) separation=0.149808;Ground_Mountain_2_4:(0.080, 0.997, 0.000) separation=0.2096108;Ground_Mountain_2_4:(0.080, 0.997, 0.000) separation=0.2096075;Ground_Mountain_2_4:(0.080, 0.997, 0.000) separation=0.2096157;Ground_Mountain_2_4:(0.080, 0.997, 0.000) separation=0.2096025;Ground_Mountain_2_4:(0.080, 0.997, 0.000) separation=0.209605;Ground_Mountain_2_4:(0.080, 0.997, 0.000) separation=0.2096061;"
1.676,1012.046,150.198,183.999,31.673,-31.572,2.523,0.004,0.164,0.000,0.000,4,9.792,0.000,0.997,"Ground_Summit authored launch:(0.080, 0.997, 0.000) separation=0.1497613;Ground_Summit authored launch:(0.080, 0.997, 0.000) separation=0.1497568;Ground_Summit authored launch:(0.080, 0.997, 0.000) separation=0.1497551;Ground_Summit authored launch:(0.080, 0.997, 0.000) separation=0.149763;Ground_Summit authored launch:(0.080, 0.997, 0.000) separation=0.1497556;Ground_Summit authored launch:(0.080, 0.997, 0.000) separation=0.1497557;Ground_Mountain_2_4:(0.080, 0.997, 0.000) separation=0.2095556;Ground_Mountain_2_4:(0.080, 0.997, 0.000) separation=0.2095606;Ground_Mountain_2_4:(0.080, 0.997, 0.000) separation=0.2095606;Ground_Mountain_2_4:(0.080, 0.997, 0.000) separation=0.2095556;Ground_Mountain_2_4:(0.080, 0.997, 0.000) separation=0.2095556;Ground_Mountain_2_4:(0.080, 0.997, 0.000) separation=0.2095556;"
1.696,1011.415,150.248,183.999,31.673,-31.572,2.523,0.004,0.164,0.000,0.000,4,9.793,0.000,0.997,"Ground_Summit authored launch:(0.080, 0.997, 0.000) separation=0.1497078;Ground_Summit authored launch:(0.080, 0.997, 0.000) separation=0.1497042;Ground_Summit authored launch:(0.080, 0.997, 0.000) separation=0.1497021;Ground_Summit authored launch:(0.080, 0.997, 0.000) separation=0.1497099;Ground_Summit authored launch:(0.080, 0.997, 0.000) separation=0.1497022;Ground_Summit authored launch:(0.080, 0.997, 0.000) separation=0.1497025;Ground_Mountain_2_4:(0.080, 0.997, 0.000) separation=0.2095184;Ground_Mountain_2_4:(0.080, 0.997, 0.000) separation=0.2095087;Ground_Mountain_2_4:(0.080, 0.997, 0.000) separation=0.2095259;Ground_Mountain_2_4:(0.080, 0.997, 0.000) separation=0.2095013;Ground_Mountain_2_4:(0.080, 0.997, 0.000) separation=0.2095038;Ground_Mountain_2_4:(0.080, 0.997, 0.000) separation=0.2095074;"
1.716,1010.783,150.299,183.999,31.673,-31.572,2.524,0.005,0.164,0.000,0.000,4,9.794,0.000,0.997,"Ground_Summit authored launch:(0.080, 0.997, 0.000) separation=0.1496547;Ground_Summit authored launch:(0.080, 0.997, 0.000) separation=0.1496519;Ground_Summit authored launch:(0.080, 0.997, 0.000) separation=0.1496495;Ground_Summit authored launch:(0.080, 0.997, 0.000) separation=0.1496571;Ground_Summit authored launch:(0.080, 0.997, 0.000) separation=0.1496495;Ground_Summit authored launch:(0.080, 0.997, 0.000) separation=0.1496502;Ground_Mountain_2_4:(0.080, 0.997, 0.000) separation=0.2094641;Ground_Mountain_2_4:(0.080, 0.997, 0.000) separation=0.209469;Ground_Mountain_2_4:(0.080, 0.997, 0.000) separation=0.209469;Ground_Mountain_2_4:(0.080, 0.997, 0.000) separation=0.2094641;Ground_Mountain_2_4:(0.080, 0.997, 0.000) separation=0.2094641;Ground_Mountain_2_4:(0.080, 0.997, 0.000) separation=0.2094641;"
1.736,1010.152,150.349,183.999,31.673,-31.572,2.524,0.005,0.164,0.000,0.000,4,9.794,0.000,0.997,"Ground_Summit authored launch:(0.080, 0.997, 0.000) separation=0.1496168;Ground_Summit authored launch:(0.080, 0.997, 0.000) separation=0.149615;Ground_Summit authored launch:(0.080, 0.997, 0.000) separation=0.1496121;Ground_Summit authored launch:(0.080, 0.997, 0.000) separation=0.1496197;Ground_Summit authored launch:(0.080, 0.997, 0.000) separation=0.1496123;Ground_Summit authored launch:(0.080, 0.997, 0.000) separation=0.1496127;Ground_Mountain_2_4:(0.080, 0.997, 0.000) separation=0.2094325;Ground_Mountain_2_4:(0.080, 0.997, 0.000) separation=0.2094262;Ground_Mountain_2_4:(0.080, 0.997, 0.000) separation=0.2094374;Ground_Mountain_2_4:(0.080, 0.997, 0.000) separation=0.2094212;Ground_Mountain_2_4:(0.080, 0.997, 0.000) separation=0.2094183;Ground_Mountain_2_4:(0.080, 0.997, 0.000) separation=0.2094207;"
1.756,1009.520,150.400,183.999,31.673,-31.572,2.524,0.006,0.164,0.000,0.000,4,9.794,0.000,0.997,"Ground_Summit authored launch:(0.080, 0.997, 0.000) separation=0.1495789;Ground_Summit authored launch:(0.080, 0.997, 0.000) separation=0.1495769;Ground_Summit authored launch:(0.080, 0.997, 0.000) separation=0.1495746;Ground_Summit authored launch:(0.080, 0.997, 0.000) separation=0.1495811;Ground_Summit authored launch:(0.080, 0.997, 0.000) separation=0.1495746;Ground_Summit authored launch:(0.080, 0.997, 0.000) separation=0.1495749;Ground_Mountain_2_4:(0.080, 0.997, 0.000) separation=0.2093725;Ground_Mountain_2_4:(0.080, 0.997, 0.000) separation=0.209375;Ground_Mountain_2_4:(0.080, 0.997, 0.000) separation=0.209375;Ground_Mountain_2_4:(0.080, 0.997, 0.000) separation=0.2093725;Ground_Mountain_2_4:(0.080, 0.997, 0.000) separation=0.2093725;Ground_Mountain_2_4:(0.080, 0.997, 0.000) separation=0.2093725;"
1.776,1008.889,150.450,184.000,31.673,-31.572,2.524,0.006,0.164,0.000,0.000,4,9.794,0.000,0.997,"Ground_Summit authored launch:(0.080, 0.997, 0.000) separation=0.1495408;Ground_Summit authored launch:(0.080, 0.997, 0.000) separation=0.1495397;Ground_Summit authored launch:(0.080, 0.997, 0.000) separation=0.149537;Ground_Summit authored launch:(0.080, 0.997, 0.000) separation=0.1495435;Ground_Summit authored launch:(0.080, 0.997, 0.000) separation=0.149538;Ground_Summit authored launch:(0.080, 0.997, 0.000) separation=0.1495382;Ground_Mountain_2_4:(0.080, 0.997, 0.000) separation=0.2093725;Ground_Mountain_2_4:(0.080, 0.997, 0.000) separation=0.2093775;Ground_Mountain_2_4:(0.080, 0.997, 0.000) separation=0.2093775;Ground_Mountain_2_4:(0.080, 0.997, 0.000) separation=0.2093725;Ground_Mountain_2_4:(0.080, 0.997, 0.000) separation=0.2093725;Ground_Mountain_2_4:(0.080, 0.997, 0.000) separation=0.2093725;"
1.796,1008.258,150.501,184.000,31.673,-31.572,2.525,0.007,0.164,0.000,0.000,4,9.793,0.000,0.997,"Ground_Summit authored launch:(0.080, 0.997, 0.000) separation=0.1495219;Ground_Summit authored launch:(0.080, 0.997, 0.000) separation=0.1495176;Ground_Summit authored launch:(0.080, 0.997, 0.000) separation=0.1495185;Ground_Summit authored launch:(0.080, 0.997, 0.000) separation=0.1495209;Ground_Summit authored launch:(0.080, 0.997, 0.000) separation=0.1495147;Ground_Summit authored launch:(0.080, 0.997, 0.000) separation=0.1495151;Ground_Mountain_2_4:(0.080, 0.997, 0.000) separation=0.2093115;Ground_Mountain_2_4:(0.080, 0.997, 0.000) separation=0.2093185;Ground_Mountain_2_4:(0.080, 0.997, 0.000) separation=0.2093164;Ground_Mountain_2_4:(0.080, 0.997, 0.000) separation=0.2093136;Ground_Mountain_2_4:(0.080, 0.997, 0.000) separation=0.2093115;Ground_Mountain_2_4:(0.080, 0.997, 0.000) separation=0.2093115;"
1.816,1007.626,150.551,184.000,31.673,-31.572,2.525,0.007,0.164,0.000,0.000,4,9.792,0.000,0.997,"Ground_Summit authored launch:(0.080, 0.997, 0.000) separation=0.1495087;Ground_Summit authored launch:(0.080, 0.997, 0.000) separation=0.1494952;Ground_Summit authored launch:(0.080, 0.997, 0.000) separation=0.1495058;Ground_Summit authored launch:(0.080, 0.997, 0.000) separation=0.1494981;Ground_Summit authored launch:(0.080, 0.997, 0.000) separation=0.1494933;Ground_Summit authored launch:(0.080, 0.997, 0.000) separation=0.1494936;Ground_Mountain_2_4:(0.080, 0.997, 0.000) separation=0.2093115;Ground_Mountain_2_4:(0.080, 0.997, 0.000) separation=0.209314;Ground_Mountain_2_4:(0.080, 0.997, 0.000) separation=0.209314;Ground_Mountain_2_4:(0.080, 0.997, 0.000) separation=0.2093115;Ground_Mountain_2_4:(0.080, 0.997, 0.000) separation=0.2093115;Ground_Mountain_2_4:(0.080, 0.997, 0.000) separation=0.2093115;"
1.836,1006.995,150.602,184.000,31.673,-31.572,2.525,0.007,0.164,0.000,0.000,4,9.790,0.000,0.997,"Ground_Summit authored launch:(0.080, 0.997, 0.000) separation=0.1495024;Ground_Summit authored launch:(0.080, 0.997, 0.000) separation=0.1494876;Ground_Summit authored launch:(0.080, 0.997, 0.000) separation=0.1494999;Ground_Summit authored launch:(0.080, 0.997, 0.000) separation=0.1494901;Ground_Summit authored launch:(0.080, 0.997, 0.000) separation=0.1494865;Ground_Summit authored launch:(0.080, 0.997, 0.000) separation=0.149487;Ground_Mountain_2_4:(0.080, 0.997, 0.000) separation=0.2092863;Ground_Mountain_2_4:(0.080, 0.997, 0.000) separation=0.2093069;Ground_Mountain_2_4:(0.080, 0.997, 0.000) separation=0.2092888;Ground_Mountain_2_4:(0.080, 0.997, 0.000) separation=0.2093045;Ground_Mountain_2_4:(0.080, 0.997, 0.000) separation=0.2092809;Ground_Mountain_2_4:(0.080, 0.997, 0.000) separation=0.2092834;"
1.856,1006.363,150.652,184.000,31.673,-31.572,2.525,0.008,0.164,0.000,0.000,4,9.789,0.000,0.997,"Ground_Summit authored launch:(0.080, 0.997, 0.000) separation=0.149496;Ground_Summit authored launch:(0.080, 0.997, 0.000) separation=0.1494818;Ground_Summit authored launch:(0.080, 0.997, 0.000) separation=0.1494938;Ground_Summit authored launch:(0.080, 0.997, 0.000) separation=0.149484;Ground_Summit authored launch:(0.080, 0.997, 0.000) separation=0.1494817;Ground_Summit authored launch:(0.080, 0.997, 0.000) separation=0.1494839;Ground_Mountain_2_4:(0.080, 0.997, 0.000) separation=0.2092662;Ground_Mountain_2_4:(0.080, 0.997, 0.000) separation=0.2092974;Ground_Mountain_2_4:(0.080, 0.997, 0.000) separation=0.2092687;Ground_Mountain_2_4:(0.080, 0.997, 0.000) separation=0.2092949;Ground_Mountain_2_4:(0.080, 0.997, 0.000) separation=0.2092657;Ground_Mountain_2_4:(0.080, 0.997, 0.000) separation=0.2092682;"
1.876,1005.732,150.703,184.000,31.673,-31.572,2.526,0.008,0.164,0.000,0.000,4,9.787,0.000,0.997,"Ground_Summit authored launch:(0.080, 0.997, 0.000) separation=0.1494861;Ground_Summit authored launch:(0.080, 0.997, 0.000) separation=0.1494822;Ground_Summit authored launch:(0.080, 0.997, 0.000) separation=0.1494843;Ground_Summit authored launch:(0.080, 0.997, 0.000) separation=0.149484;Ground_Summit authored launch:(0.080, 0.997, 0.000) separation=0.1494845;Ground_Summit authored launch:(0.080, 0.997, 0.000) separation=0.1494846;Ground_Mountain_2_4:(0.080, 0.997, 0.000) separation=0.2092877;Ground_Mountain_2_4:(0.080, 0.997, 0.000) separation=0.2093012;Ground_Mountain_2_4:(0.080, 0.997, 0.000) separation=0.2092902;Ground_Mountain_2_4:(0.080, 0.997, 0.000) separation=0.2092987;Ground_Mountain_2_4:(0.080, 0.997, 0.000) separation=0.2092877;Ground_Mountain_2_4:(0.080, 0.997, 0.000) separation=0.2092987;"
1.896,1005.100,150.753,184.000,31.673,-31.572,2.526,0.008,0.164,0.000,-0.001,4,9.786,0.000,0.997,"Ground_Summit authored launch:(0.080, 0.997, 0.000) separation=0.1494787;Ground_Summit authored launch:(0.080, 0.997, 0.000) separation=0.1494828;Ground_Summit authored launch:(0.080, 0.997, 0.000) separation=0.1494772;Ground_Summit authored launch:(0.080, 0.997, 0.000) separation=0.1494843;Ground_Summit authored launch:(0.080, 0.997, 0.000) separation=0.149478;Ground_Summit authored launch:(0.080, 0.997, 0.000) separation=0.1494788;Ground_Mountain_2_4:(0.080, 0.997, 0.000) separation=0.2092657;Ground_Mountain_2_4:(0.080, 0.997, 0.000) separation=0.2092682;Ground_Mountain_2_4:(0.080, 0.997, 0.000) separation=0.2092682;Ground_Mountain_2_4:(0.080, 0.997, 0.000) separation=0.2092657;Ground_Mountain_2_4:(0.080, 0.997, 0.000) separation=0.2092657;Ground_Mountain_2_4:(0.080, 0.997, 0.000) separation=0.2092657;"
1.916,1004.469,150.804,184.001,31.673,-31.572,2.526,0.008,0.164,0.000,0.000,4,9.784,0.000,0.997,"Ground_Summit authored launch:(0.080, 0.997, 0.000) separation=0.1494878;Ground_Summit authored launch:(0.080, 0.997, 0.000) separation=0.1494928;Ground_Summit authored launch:(0.080, 0.997, 0.000) separation=0.1494866;Ground_Summit authored launch:(0.080, 0.997, 0.000) separation=0.149494;Ground_Summit authored launch:(0.080, 0.997, 0.000) separation=0.1494868;Ground_Summit authored launch:(0.080, 0.997, 0.000) separation=0.1494875;Ground_Mountain_2_4:(0.080, 0.997, 0.000) separation=0.2093112;Ground_Mountain_2_4:(0.080, 0.997, 0.000) separation=0.2092859;Ground_Mountain_2_4:(0.080, 0.997, 0.000) separation=0.2093137;Ground_Mountain_2_4:(0.080, 0.997, 0.000) separation=0.2092834;Ground_Mountain_2_4:(0.080, 0.997, 0.000) separation=0.2092834;Ground_Mountain_2_4:(0.080, 0.997, 0.000) separation=0.2092834;"
1.936,1003.838,150.854,184.001,31.673,-31.572,2.526,0.008,0.164,0.000,0.000,4,9.783,0.000,0.997,"Ground_Summit authored launch:(0.080, 0.997, 0.000) separation=0.1494953;Ground_Summit authored launch:(0.080, 0.997, 0.000) separation=0.1495014;Ground_Summit authored launch:(0.080, 0.997, 0.000) separation=0.1494945;Ground_Summit authored launch:(0.080, 0.997, 0.000) separation=0.1495022;Ground_Summit authored launch:(0.080, 0.997, 0.000) separation=0.1494964;Ground_Summit authored launch:(0.080, 0.997, 0.000) separation=0.1494973;Ground_Mountain_2_4:(0.080, 0.997, 0.000) separation=0.2093258;Ground_Mountain_2_4:(0.080, 0.997, 0.000) separation=0.209314;Ground_Mountain_2_4:(0.080, 0.997, 0.000) separation=0.2093257;Ground_Mountain_2_4:(0.080, 0.997, 0.000) separation=0.209314;Ground_Mountain_2_4:(0.080, 0.997, 0.000) separation=0.2093139;Ground_Mountain_2_4:(0.080, 0.997, 0.000) separation=0.2093139;"
1.956,1003.206,150.905,184.001,31.673,-31.572,2.526,0.008,0.164,0.000,0.000,4,9.782,0.000,0.997,"Ground_Summit authored launch:(0.080, 0.997, 0.000) separation=0.1495032;Ground_Summit authored launch:(0.080, 0.997, 0.000) separation=0.1495092;Ground_Summit authored launch:(0.080, 0.997, 0.000) separation=0.1495027;Ground_Summit authored launch:(0.080, 0.997, 0.000) separation=0.1495098;Ground_Summit authored launch:(0.080, 0.997, 0.000) separation=0.1495037;Ground_Summit authored launch:(0.080, 0.997, 0.000) separation=0.1495043;Ground_Mountain_2_4:(0.080, 0.997, 0.000) separation=0.2093292;Ground_Mountain_2_4:(0.080, 0.997, 0.000) separation=0.2093191;Ground_Mountain_2_4:(0.080, 0.997, 0.000) separation=0.2093292;Ground_Mountain_2_4:(0.080, 0.997, 0.000) separation=0.2093191;Ground_Mountain_2_4:(0.080, 0.997, 0.000) separation=0.2093191;Ground_Mountain_2_4:(0.080, 0.997, 0.000) separation=0.2093268;"
1.976,1002.575,150.955,184.001,31.673,-31.572,2.526,0.008,0.164,0.000,0.000,4,9.781,0.000,0.997,"Ground_Summit authored launch:(0.080, 0.997, 0.000) separation=0.149511;Ground_Summit authored launch:(0.080, 0.997, 0.000) separation=0.1495176;Ground_Summit authored launch:(0.080, 0.997, 0.000) separation=0.1495107;Ground_Summit authored launch:(0.080, 0.997, 0.000) separation=0.1495179;Ground_Summit authored launch:(0.080, 0.997, 0.000) separation=0.1495113;Ground_Summit authored launch:(0.080, 0.997, 0.000) separation=0.1495115;Ground_Mountain_2_4:(0.080, 0.997, 0.000) separation=0.2093161;Ground_Mountain_2_4:(0.080, 0.997, 0.000) separation=0.209314;Ground_Mountain_2_4:(0.080, 0.997, 0.000) separation=0.2093161;Ground_Mountain_2_4:(0.080, 0.997, 0.000) separation=0.209314;Ground_Mountain_2_4:(0.080, 0.997, 0.000) separation=0.209314;Ground_Mountain_2_4:(0.080, 0.997, 0.000) separation=0.209314;"
1.996,1001.943,151.006,184.001,31.673,-31.572,2.526,0.007,0.164,0.000,0.000,4,9.780,0.000,0.997,"Ground_Summit authored launch:(0.080, 0.997, 0.000) separation=0.1495186;Ground_Summit authored launch:(0.080, 0.997, 0.000) separation=0.1495253;Ground_Summit authored launch:(0.080, 0.997, 0.000) separation=0.1495185;Ground_Summit authored launch:(0.080, 0.997, 0.000) separation=0.1495253;Ground_Summit authored launch:(0.080, 0.997, 0.000) separation=0.1495202;Ground_Summit authored launch:(0.080, 0.997, 0.000) separation=0.1495203;Ground_Mountain_2_4:(0.080, 0.997, 0.000) separation=0.209314;Ground_Mountain_2_4:(0.080, 0.997, 0.000) separation=0.209314;Ground_Mountain_2_4:(0.080, 0.997, 0.000) separation=0.209314;Ground_Mountain_2_4:(0.080, 0.997, 0.000) separation=0.209314;Ground_Mountain_2_4:(0.080, 0.997, 0.000) separation=0.209314;Ground_Mountain_2_4:(0.080, 0.997, 0.000) separation=0.209314;"
2.016,1001.312,151.056,184.001,31.673,-31.572,2.526,0.007,0.164,0.000,0.000,4,9.779,0.000,0.997,"Ground_Summit authored launch:(0.080, 0.997, 0.000) separation=0.1495267;Ground_Summit authored launch:(0.080, 0.997, 0.000) separation=0.1495333;Ground_Summit authored launch:(0.080, 0.997, 0.000) separation=0.1495268;Ground_Summit authored launch:(0.080, 0.997, 0.000) separation=0.1495331;Ground_Summit authored launch:(0.080, 0.997, 0.000) separation=0.1495273;Ground_Summit authored launch:(0.080, 0.997, 0.000) separation=0.1495274;Ground_Mountain_2_4:(0.080, 0.997, 0.000) separation=0.2093597;Ground_Mountain_2_4:(0.080, 0.997, 0.000) separation=0.2093573;Ground_Mountain_2_4:(0.080, 0.997, 0.000) separation=0.2093573;Ground_Mountain_2_4:(0.080, 0.997, 0.000) separation=0.2093597;Ground_Mountain_2_4:(0.080, 0.997, 0.000) separation=0.2093573;Ground_Mountain_2_4:(0.080, 0.997, 0.000) separation=0.2093573;"
2.036,1000.681,151.107,184.002,31.673,-31.572,2.526,0.007,0.164,0.000,0.000,4,9.779,0.000,0.997,"Ground_Summit authored launch:(0.080, 0.997, 0.000) separation=0.1495343;Ground_Summit authored launch:(0.080, 0.997, 0.000) separation=0.1495411;Ground_Summit authored launch:(0.080, 0.997, 0.000) separation=0.1495347;Ground_Summit authored launch:(0.080, 0.997, 0.000) separation=0.1495408;Ground_Summit authored launch:(0.080, 0.997, 0.000) separation=0.1495346;Ground_Summit authored launch:(0.080, 0.997, 0.000) separation=0.149535;Ground_Mountain_2_4:(0.080, 0.997, 0.000) separation=0.2093317;Ground_Mountain_2_4:(0.080, 0.997, 0.000) separation=0.2093292;Ground_Mountain_2_4:(0.080, 0.997, 0.000) separation=0.2093292;Ground_Mountain_2_4:(0.080, 0.997, 0.000) separation=0.2093317;Ground_Mountain_2_4:(0.080, 0.997, 0.000) separation=0.2093292;Ground_Mountain_2_4:(0.080, 0.997, 0.000) separation=0.2093292;"
2.056,1000.049,151.157,184.002,31.673,-31.572,2.527,0.006,0.164,0.000,0.000,4,9.809,0.050,0.997,"Ground_Mountain_1_4:(0.090, 0.996, 0.000) separation=0.2093868;Ground_Mountain_1_4:(0.090, 0.996, 0.000) separation=0.2042044;Ground_Mountain_1_4:(0.090, 0.996, 0.000) separation=0.2093867;Ground_Mountain_1_4:(0.090, 0.996, 0.000) separation=0.2042055;Ground_Mountain_1_4:(0.090, 0.996, 0.000) separation=0.2042049;Ground_Mountain_1_4:(0.090, 0.996, 0.000) separation=0.2059123;Ground_Summit authored launch:(0.082, 0.997, 0.000) separation=0.1469893;Ground_Summit authored launch:(0.082, 0.997, 0.000) separation=0.1495492;Ground_Summit authored launch:(0.082, 0.997, 0.000) separation=0.1469904;Ground_Summit authored launch:(0.082, 0.997, 0.000) separation=0.1495486;Ground_Summit authored launch:(0.082, 0.997, 0.000) separation=0.1495431;Ground_Summit authored launch:(0.082, 0.997, 0.000) separation=0.1495436;Ground_Mountain_2_4:(0.080, 0.997, 0.000) separation=0.209375;Ground_Mountain_2_4:(0.080, 0.997, 0.000) separation=0.209375;Ground_Mountain_2_4:(0.080, 0.997, 0.000) separation=0.209375;Ground_Mountain_2_4:(0.080, 0.997, 0.000) separation=0.209375;Ground_Mountain_2_4:(0.080, 0.997, 0.000) separation=0.209375;Ground_Mountain_2_4:(0.080, 0.997, 0.000) separation=0.209375;"
2.076,999.418,151.208,184.002,31.673,-31.572,2.530,0.006,0.164,0.000,0.000,4,9.919,0.041,0.997,"Ground_Summit authored launch:(0.087, 0.996, 0.000) separation=0.1424931;Ground_Summit authored launch:(0.087, 0.996, 0.000) separation=0.1495387;Ground_Summit authored launch:(0.087, 0.996, 0.000) separation=0.1424953;Ground_Summit authored launch:(0.087, 0.996, 0.000) separation=0.149538;Ground_Summit authored launch:(0.087, 0.996, 0.000) separation=0.1442898;Ground_Summit authored launch:(0.087, 0.996, 0.000) separation=0.1442905;Ground_Mountain_2_4:(0.080, 0.997, 0.000) separation=0.2093559;Ground_Mountain_2_4:(0.080, 0.997, 0.000) separation=0.2093878;Ground_Mountain_2_4:(0.080, 0.997, 0.000) separation=0.2093534;Ground_Mountain_2_4:(0.080, 0.997, 0.000) separation=0.2093903;Ground_Mountain_2_4:(0.080, 0.997, 0.000) separation=0.2093559;Ground_Mountain_2_4:(0.080, 0.997, 0.000) separation=0.2093779;Ground_Mountain_1_4:(0.090, 0.996, 0.000) separation=0.2094019;Ground_Mountain_1_4:(0.090, 0.996, 0.000) separation=0.1975413;Ground_Mountain_1_4:(0.090, 0.996, 0.000) separation=0.2093995;Ground_Mountain_1_4:(0.090, 0.996, 0.000) separation=0.1975449;Ground_Mountain_1_4:(0.090, 0.996, 0.000) separation=0.1975443;Ground_Mountain_1_4:(0.090, 0.996, 0.000) separation=0.2059373;"
2.096,998.787,151.259,184.002,31.673,-31.571,2.538,0.006,0.164,0.000,0.000,4,10.176,0.122,0.997,"Ground_Summit authored launch:(0.090, 0.996, 0.000) separation=0.1326213;Ground_Summit authored launch:(0.090, 0.996, 0.000) separation=0.1495262;Ground_Summit authored launch:(0.090, 0.996, 0.000) separation=0.1326235;Ground_Summit authored launch:(0.090, 0.996, 0.000) separation=0.1495254;Ground_Summit authored launch:(0.090, 0.996, 0.000) separation=0.1326229;Ground_Summit authored launch:(0.090, 0.996, 0.000) separation=0.1327463;Ground_Mountain_2_4:(0.080, 0.997, 0.000) separation=0.2093489;Ground_Mountain_2_4:(0.080, 0.997, 0.000) separation=0.2094031;Ground_Mountain_2_4:(0.080, 0.997, 0.000) separation=0.2093465;Ground_Mountain_2_4:(0.080, 0.997, 0.000) separation=0.2094055;Ground_Mountain_2_4:(0.080, 0.997, 0.000) separation=0.2093489;Ground_Mountain_2_4:(0.080, 0.997, 0.000) separation=0.2093661;Ground_Mountain_1_4:(0.090, 0.996, 0.000) separation=0.209417;Ground_Mountain_1_4:(0.090, 0.996, 0.000) separation=0.1910268;Ground_Mountain_1_4:(0.090, 0.996, 0.000) separation=0.2094145;Ground_Mountain_1_4:(0.090, 0.996, 0.000) separation=0.1910301;Ground_Mountain_1_4:(0.090, 0.996, 0.000) separation=0.1910274;Ground_Mountain_1_4:(0.090, 0.996, 0.000) separation=0.1910296;"
2.116,998.155,151.310,184.002,31.673,-31.569,2.554,0.005,0.164,0.000,0.000,4,10.587,0.217,0.997,"Ground_Summit authored launch:(0.096, 0.995, 0.000) separation=0.1191004;Ground_Summit authored launch:(0.096, 0.995, 0.000) separation=0.1487598;Ground_Summit authored launch:(0.096, 0.995, 0.000) separation=0.1191033;Ground_Summit authored launch:(0.096, 0.995, 0.000) separation=0.1487584;Ground_Summit authored launch:(0.096, 0.995, 0.000) separation=0.1289145;Ground_Summit authored launch:(0.096, 0.995, 0.000) separation=0.1289155;Ground_Mountain_1_4:(0.104, 0.995, 0.000) separation=0.2078077;Ground_Mountain_1_4:(0.104, 0.995, 0.000) separation=0.1767403;Ground_Mountain_1_4:(0.104, 0.995, 0.000) separation=0.2078069;Ground_Mountain_1_4:(0.104, 0.995, 0.000) separation=0.1767428;Ground_Mountain_1_4:(0.104, 0.995, 0.000) separation=0.1767415;Ground_Mountain_1_4:(0.104, 0.995, 0.000) separation=0.1784998;"
2.136,997.524,151.361,184.002,31.672,-31.567,2.584,0.005,0.164,0.000,0.000,4,11.227,0.225,0.997,"Ground_Summit authored launch:(0.103, 0.995, 0.000) separation=0.1034688;Ground_Summit authored launch:(0.103, 0.995, 0.000) separation=0.145382;Ground_Summit authored launch:(0.103, 0.995, 0.000) separation=0.1034721;Ground_Summit authored launch:(0.103, 0.995, 0.000) separation=0.1453806;Ground_Summit authored launch:(0.103, 0.995, 0.000) separation=0.1036683;Ground_Summit authored launch:(0.103, 0.995, 0.000) separation=0.1036695;Ground_Mountain_1_4:(0.104, 0.995, 0.000) separation=0.2010615;Ground_Mountain_1_4:(0.104, 0.995, 0.000) separation=0.1578059;Ground_Mountain_1_4:(0.104, 0.995, 0.000) separation=0.201061;Ground_Mountain_1_4:(0.104, 0.995, 0.000) separation=0.1578077;Ground_Mountain_1_4:(0.104, 0.995, 0.000) separation=0.1578068;Ground_Mountain_1_4:(0.104, 0.995, 0.000) separation=0.1790467;"
2.156,996.893,151.414,184.002,31.672,-31.563,2.631,0.004,0.164,0.000,0.000,4,12.131,0.196,0.997,"Ground_Summit authored launch:(0.106, 0.994, 0.000) separation=0.0822465;Ground_Summit authored launch:(0.106, 0.994, 0.000) separation=0.1379804;Ground_Summit authored launch:(0.106, 0.994, 0.000) separation=0.08224951;Ground_Summit authored launch:(0.106, 0.994, 0.000) separation=0.1379784;Ground_Summit authored launch:(0.106, 0.994, 0.000) separation=0.1047128;Ground_Summit authored launch:(0.106, 0.994, 0.000) separation=0.1047143;Ground_Mountain_1_4:(0.104, 0.995, 0.000) separation=0.194511;Ground_Mountain_1_4:(0.104, 0.995, 0.000) separation=0.1399202;Ground_Mountain_1_4:(0.104, 0.995, 0.000) separation=0.1945106;Ground_Mountain_1_4:(0.104, 0.995, 0.000) separation=0.1399214;Ground_Mountain_1_4:(0.104, 0.995, 0.000) separation=0.1399208;Ground_Mountain_1_4:(0.104, 0.995, 0.000) separation=0.1794631;"
2.176,996.263,151.468,184.002,31.672,-31.556,2.699,0.004,0.164,0.000,0.000,4,13.145,0.147,0.996,"Ground_Summit authored launch:(0.117, 0.993, 0.000) separation=0.0596381;Ground_Summit authored launch:(0.117, 0.993, 0.000) separation=0.1282697;Ground_Summit authored launch:(0.117, 0.993, 0.000) separation=0.05964116;Ground_Summit authored launch:(0.117, 0.993, 0.000) separation=0.1282673;Ground_Summit authored launch:(0.117, 0.993, 0.000) separation=0.07144114;Ground_Summit authored launch:(0.117, 0.993, 0.000) separation=0.07144278;Ground_Mountain_1_4:(0.125, 0.992, 0.000) separation=0.1877265;Ground_Mountain_1_4:(0.125, 0.992, 0.000) separation=0.117695;Ground_Mountain_1_4:(0.125, 0.992, 0.000) separation=0.1877232;Ground_Mountain_1_4:(0.125, 0.992, 0.000) separation=0.117699;Ground_Mountain_1_4:(0.125, 0.992, 0.000) separation=0.1176955;Ground_Mountain_1_4:(0.125, 0.992, 0.000) separation=0.1176984;"
2.196,995.632,151.524,184.002,31.671,-31.548,2.791,0.003,0.164,0.000,0.000,4,14.327,0.084,0.996,"Ground_Summit authored launch:(0.120, 0.993, 0.000) separation=0.03500178;Ground_Summit authored launch:(0.120, 0.993, 0.000) separation=0.1130315;Ground_Summit authored launch:(0.120, 0.993, 0.000) separation=0.03500443;Ground_Summit authored launch:(0.120, 0.993, 0.000) separation=0.1130292;Ground_Summit authored launch:(0.120, 0.993, 0.000) separation=0.0405429;Ground_Summit authored launch:(0.120, 0.993, 0.000) separation=0.04170868;Ground_Mountain_1_4:(0.125, 0.992, 0.000) separation=0.1691645;Ground_Mountain_1_4:(0.125, 0.992, 0.000) separation=0.08976609;Ground_Mountain_1_4:(0.125, 0.992, 0.000) separation=0.1691643;Ground_Mountain_1_4:(0.125, 0.992, 0.000) separation=0.08976655;Ground_Mountain_1_4:(0.125, 0.992, 0.000) separation=0.08976653;Ground_Mountain_1_4:(0.125, 0.992, 0.000) separation=0.1174179;"
2.216,995.006,151.586,184.002,31.619,-31.465,3.120,0.004,0.164,0.000,0.000,4,15.607,0.102,0.995,"Ground_Summit authored launch:(0.127, 0.992, 0.000) separation=0.007244194;Ground_Summit authored launch:(0.127, 0.992, 0.000) separation=0.09606246;Ground_Summit authored launch:(0.127, 0.992, 0.000) separation=0.007246481;Ground_Summit authored launch:(0.127, 0.992, 0.000) separation=0.09606023;Ground_Summit authored launch:(0.127, 0.992, 0.000) separation=0.03393793;Ground_Summit authored launch:(0.127, 0.992, 0.000) separation=0.03394008;Ground_Summit authored launch:(0.148, 0.989, 0.000) separation=0.06221387;Ground_Summit authored launch:(0.148, 0.989, 0.000) separation=0.06221387;Ground_Mountain_1_4:(0.125, 0.992, 0.000) separation=0.1519129;Ground_Mountain_1_4:(0.125, 0.992, 0.000) separation=0.06418526;Ground_Mountain_1_4:(0.125, 0.992, 0.000) separation=0.1519126;Ground_Mountain_1_4:(0.125, 0.992, 0.000) separation=0.06418572;Ground_Mountain_1_4:(0.125, 0.992, 0.000) separation=0.06418526;Ground_Mountain_1_4:(0.125, 0.992, 0.000) separation=0.1194619;"
2.236,994.384,151.655,184.003,31.578,-31.390,3.445,0.001,0.190,0.000,0.000,4,16.941,2.616,0.993,"Ground_Summit authored launch:(0.134, 0.991, 0.000) separation=-0.006628211;Ground_Summit authored launch:(0.134, 0.991, 0.000) separation=0.07232337;Ground_Summit authored launch:(0.134, 0.991, 0.000) separation=-0.006740242;Ground_Summit authored launch:(0.134, 0.991, 0.000) separation=0.07243512;Ground_Summit authored launch:(0.134, 0.991, 0.000) separation=0.0007429719;Ground_Summit authored launch:(0.134, 0.991, 0.000) separation=0.0008545816;Ground_Mountain_1_4:(0.139, 0.990, 0.000) separation=0.1315163;Ground_Mountain_1_4:(0.139, 0.990, 0.000) separation=0.0519051;Ground_Mountain_1_4:(0.139, 0.990, 0.000) separation=0.131628;Ground_Mountain_1_4:(0.139, 0.990, 0.000) separation=0.05179316;Ground_Mountain_1_4:(0.139, 0.990, 0.000) separation=0.05182189;Ground_Mountain_1_4:(0.139, 0.990, 0.000) separation=0.05184799;"
2.256,993.763,151.730,184.003,31.566,-31.355,3.682,0.001,0.211,0.000,0.000,4,19.917,4.442,0.991,"Ground_Summit authored launch:(0.141, 0.990, 0.000) separation=-0.0100168;Ground_Summit authored launch:(0.141, 0.990, 0.000) separation=0.04238622;Ground_Summit authored launch:(0.141, 0.990, 0.000) separation=-0.01016167;Ground_Summit authored launch:(0.141, 0.990, 0.000) separation=0.0425309;Ground_Summit authored launch:(0.141, 0.990, 0.000) separation=-0.009709865;Ground_Summit authored launch:(0.141, 0.990, 0.000) separation=-0.008969128;Ground_Mountain_1_4:(0.146, 0.989, 0.000) separation=0.09897261;Ground_Mountain_1_4:(0.146, 0.989, 0.000) separation=0.04520683;Ground_Mountain_1_4:(0.146, 0.989, 0.000) separation=0.09912153;Ground_Mountain_1_4:(0.146, 0.989, 0.000) separation=0.0450578;Ground_Mountain_1_4:(0.146, 0.989, 0.000) separation=0.04513267;Ground_Mountain_1_4:(0.146, 0.989, 0.000) separation=0.06230181;"
2.276,993.144,151.823,184.003,31.440,-31.114,4.516,-0.004,0.217,0.000,0.000,4,23.612,4.049,0.990,"Ground_Summit authored launch:(0.151, 0.989, 0.000) separation=-0.01049368;Ground_Summit authored launch:(0.151, 0.989, 0.000) separation=0.01547297;Ground_Summit authored launch:(0.151, 0.989, 0.000) separation=-0.01062775;Ground_Summit authored launch:(0.151, 0.989, 0.000) separation=0.01560645;Ground_Summit authored launch:(0.151, 0.989, 0.000) separation=-0.0009452403;Ground_Summit authored launch:(0.151, 0.989, 0.000) separation=-0.0008118451;Ground_Summit authored launch:(0.168, 0.986, 0.000) separation=0.04566529;Ground_Summit authored launch:(0.168, 0.986, 0.000) separation=0.04566529;Ground_Mountain_1_4:(0.146, 0.989, 0.000) separation=0.07056484;Ground_Mountain_1_4:(0.146, 0.989, 0.000) separation=0.04562376;Ground_Mountain_1_4:(0.146, 0.989, 0.000) separation=0.07069872;Ground_Mountain_1_4:(0.146, 0.989, 0.000) separation=0.0454893;Ground_Mountain_1_4:(0.146, 0.989, 0.000) separation=0.04555961;Ground_Mountain_1_4:(0.146, 0.989, 0.000) separation=0.06605273;"
2.296,992.525,151.920,184.003,31.438,-31.077,4.751,-0.007,0.280,0.000,0.000,4,19.097,2.013,0.989,"Ground_Summit authored launch:(0.158, 0.987, 0.000) separation=-0.006612965;Ground_Summit authored launch:(0.158, 0.987, 0.000) separation=0.01180536;Ground_Summit authored launch:(0.158, 0.987, 0.000) separation=-0.006692989;Ground_Summit authored launch:(0.158, 0.987, 0.000) separation=0.01188508;Ground_Summit authored launch:(0.158, 0.987, 0.000) separation=-0.006217808;Ground_Summit authored launch:(0.158, 0.987, 0.000) separation=-0.006137967;Ground_Mountain_1_4:(0.160, 0.987, 0.000) separation=0.07020142;Ground_Mountain_1_4:(0.160, 0.987, 0.000) separation=0.05236078;Ground_Mountain_1_4:(0.160, 0.987, 0.000) separation=0.07028065;Ground_Mountain_1_4:(0.160, 0.987, 0.000) separation=0.05228117;Ground_Mountain_1_4:(0.160, 0.987, 0.000) separation=0.05231759;Ground_Mountain_1_4:(0.160, 0.987, 0.000) separation=0.05232111;"
2.316,991.906,152.019,184.002,31.446,-31.056,4.934,-0.005,0.281,0.000,0.000,4,18.892,1.193,0.988,"Ground_Summit authored launch:(0.158, 0.987, 0.000) separation=-0.007855214;Ground_Summit authored launch:(0.158, 0.987, 0.000) separation=0.011058;Ground_Summit authored launch:(0.158, 0.987, 0.000) separation=-0.00788103;Ground_Summit authored launch:(0.158, 0.987, 0.000) separation=0.01108371;Ground_Summit authored launch:(0.158, 0.987, 0.000) separation=0.004120976;Ground_Summit authored launch:(0.158, 0.987, 0.000) separation=0.004146695;Ground_Summit authored launch:(0.178, 0.984, 0.000) separation=0.04590246;Ground_Summit authored launch:(0.178, 0.984, 0.000) separation=0.04590246;Ground_Mountain_1_4:(0.167, 0.986, 0.000) separation=0.06810827;Ground_Mountain_1_4:(0.167, 0.986, 0.000) separation=0.04783337;Ground_Mountain_1_4:(0.167, 0.986, 0.000) separation=0.06813303;Ground_Mountain_1_4:(0.167, 0.986, 0.000) separation=0.04780862;Ground_Mountain_1_4:(0.167, 0.986, 0.000) separation=0.0478186;Ground_Mountain_1_4:(0.167, 0.986, 0.000) separation=0.05553082;"
2.336,991.289,152.127,184.002,31.433,-30.999,5.204,-0.009,0.277,0.000,0.000,4,18.871,0.951,0.987,"Ground_Summit authored launch:(0.172, 0.985, 0.000) separation=-0.01079514;Ground_Summit authored launch:(0.172, 0.985, 0.000) separation=0.01139455;Ground_Summit authored launch:(0.172, 0.985, 0.000) separation=-0.01081685;Ground_Summit authored launch:(0.172, 0.985, 0.000) separation=0.0114162;Ground_Summit authored launch:(0.172, 0.985, 0.000) separation=-0.004647881;Ground_Summit authored launch:(0.172, 0.985, 0.000) separation=-0.004626274;Ground_Mountain_1_4:(0.167, 0.986, 0.000) separation=0.06562143;Ground_Mountain_1_4:(0.167, 0.986, 0.000) separation=0.04437057;Ground_Mountain_1_4:(0.167, 0.986, 0.000) separation=0.06564126;Ground_Mountain_1_4:(0.167, 0.986, 0.000) separation=0.04435074;Ground_Mountain_1_4:(0.167, 0.986, 0.000) separation=0.0443607;Ground_Mountain_1_4:(0.167, 0.986, 0.000) separation=0.06186306;"
2.356,990.671,152.234,184.002,31.439,-30.975,5.379,-0.007,0.284,0.000,0.000,4,18.520,1.384,0.986,"Ground_Summit authored launch:(0.172, 0.985, 0.000) separation=-0.00647676;Ground_Summit authored launch:(0.172, 0.985, 0.000) separation=0.01094393;Ground_Summit authored launch:(0.172, 0.985, 0.000) separation=-0.006502701;Ground_Summit authored launch:(0.172, 0.985, 0.000) separation=0.01096996;Ground_Summit authored launch:(0.172, 0.985, 0.000) separation=-0.004681438;Ground_Summit authored launch:(0.172, 0.985, 0.000) separation=-0.004278034;Ground_Mountain_1_4:(0.167, 0.986, 0.000) separation=0.06847241;Ground_Mountain_1_4:(0.167, 0.986, 0.000) separation=0.05198594;Ground_Mountain_1_4:(0.167, 0.986, 0.000) separation=0.06849723;Ground_Mountain_1_4:(0.167, 0.986, 0.000) separation=0.05196111;Ground_Mountain_1_4:(0.167, 0.986, 0.000) separation=0.05197611;Ground_Mountain_1_4:(0.167, 0.986, 0.000) separation=0.05197957;"
2.376,990.055,152.348,184.002,31.434,-30.933,5.593,-0.007,0.281,0.000,0.000,4,18.389,0.995,0.984,"Ground_Summit authored launch:(0.182, 0.983, 0.000) separation=-0.01083993;Ground_Summit authored launch:(0.182, 0.983, 0.000) separation=0.01152302;Ground_Summit authored launch:(0.182, 0.983, 0.000) separation=-0.01082058;Ground_Summit authored launch:(0.182, 0.983, 0.000) separation=0.01150378;Ground_Summit authored launch:(0.182, 0.983, 0.000) separation=-0.0001146495;Ground_Summit authored launch:(0.182, 0.983, 0.000) separation=-9.536743E-05;Ground_Summit authored launch:(0.199, 0.980, 0.000) separation=0.04440683;Ground_Summit authored launch:(0.199, 0.980, 0.000) separation=0.04440683;Ground_Mountain_1_4:(0.187, 0.982, 0.000) separation=0.06912024;Ground_Mountain_1_4:(0.187, 0.982, 0.000) separation=0.04541045;Ground_Mountain_1_4:(0.187, 0.982, 0.000) separation=0.06910533;Ground_Mountain_1_4:(0.187, 0.982, 0.000) separation=0.04542535;Ground_Mountain_1_4:(0.187, 0.982, 0.000) separation=0.0454154;Ground_Mountain_1_4:(0.187, 0.982, 0.000) separation=0.05023164;"
2.396,989.440,152.465,184.002,31.438,-30.904,5.770,-0.005,0.283,0.000,0.000,4,18.584,1.104,0.983,"Ground_Summit authored launch:(0.189, 0.982, 0.000) separation=-0.007576682;Ground_Summit authored launch:(0.189, 0.982, 0.000) separation=0.01095937;Ground_Summit authored launch:(0.189, 0.982, 0.000) separation=-0.007657981;Ground_Summit authored launch:(0.189, 0.982, 0.000) separation=0.01104097;Ground_Summit authored launch:(0.189, 0.982, 0.000) separation=-0.00496164;Ground_Summit authored launch:(0.189, 0.982, 0.000) separation=-0.004880071;Ground_Mountain_1_4:(0.187, 0.982, 0.000) separation=0.06531911;Ground_Mountain_1_4:(0.187, 0.982, 0.000) separation=0.04665465;Ground_Mountain_1_4:(0.187, 0.982, 0.000) separation=0.06540345;Ground_Mountain_1_4:(0.187, 0.982, 0.000) separation=0.04657033;Ground_Mountain_1_4:(0.187, 0.982, 0.000) separation=0.04661518;Ground_Mountain_1_4:(0.187, 0.982, 0.000) separation=0.0615505;"
2.416,988.824,152.584,184.002,31.439,-30.871,5.951,-0.004,0.281,0.000,0.000,4,18.844,0.903,0.982,"Ground_Summit authored launch:(0.189, 0.982, 0.000) separation=-0.007906927;Ground_Summit authored launch:(0.189, 0.982, 0.000) separation=0.009688077;Ground_Summit authored launch:(0.189, 0.982, 0.000) separation=-0.00800661;Ground_Summit authored launch:(0.189, 0.982, 0.000) separation=0.009788024;Ground_Summit authored launch:(0.189, 0.982, 0.000) separation=0.004611969;Ground_Summit authored launch:(0.189, 0.982, 0.000) separation=0.004711896;Ground_Summit authored launch:(0.209, 0.978, 0.000) separation=0.04480177;Ground_Summit authored launch:(0.209, 0.978, 0.000) separation=0.04480177;Ground_Mountain_1_4:(0.187, 0.982, 0.000) separation=0.06625295;Ground_Mountain_1_4:(0.187, 0.982, 0.000) separation=0.04954578;Ground_Mountain_1_4:(0.187, 0.982, 0.000) separation=0.06635222;Ground_Mountain_1_4:(0.187, 0.982, 0.000) separation=0.04944672;Ground_Mountain_1_4:(0.187, 0.982, 0.000) separation=0.0494965;Ground_Mountain_1_4:(0.187, 0.982, 0.000) separation=0.04953626;"
2.436,988.211,152.711,184.002,31.426,-30.810,6.192,-0.008,0.280,0.000,0.000,4,18.574,0.614,0.981,"Ground_Summit authored launch:(0.202, 0.979, 0.000) separation=-0.01160993;Ground_Summit authored launch:(0.202, 0.979, 0.000) separation=0.01104757;Ground_Summit authored launch:(0.202, 0.979, 0.000) separation=-0.01165768;Ground_Summit authored launch:(0.202, 0.979, 0.000) separation=0.01109563;Ground_Summit authored launch:(0.202, 0.979, 0.000) separation=-0.003664225;Ground_Summit authored launch:(0.202, 0.979, 0.000) separation=-0.003616154;Ground_Mountain_1_4:(0.207, 0.978, 0.000) separation=0.06922355;Ground_Mountain_1_4:(0.207, 0.978, 0.000) separation=0.04525443;Ground_Mountain_1_4:(0.207, 0.978, 0.000) separation=0.06927299;Ground_Mountain_1_4:(0.207, 0.978, 0.000) separation=0.0452054;Ground_Mountain_1_4:(0.207, 0.978, 0.000) separation=0.04523006;Ground_Mountain_1_4:(0.207, 0.978, 0.000) separation=0.04603779;"
2.456,987.597,152.838,184.002,31.426,-30.775,6.366,-0.006,0.287,0.000,0.000,4,18.484,1.205,0.980,"Ground_Summit authored launch:(0.202, 0.979, 0.000) separation=-0.006498806;Ground_Summit authored launch:(0.202, 0.979, 0.000) separation=0.01078348;Ground_Summit authored launch:(0.202, 0.979, 0.000) separation=-0.006612241;Ground_Summit authored launch:(0.202, 0.979, 0.000) separation=0.0108974;Ground_Summit authored launch:(0.202, 0.979, 0.000) separation=-0.003576577;Ground_Summit authored launch:(0.202, 0.979, 0.000) separation=-0.003284931;Ground_Mountain_1_4:(0.207, 0.978, 0.000) separation=0.06568043;Ground_Mountain_1_4:(0.207, 0.978, 0.000) separation=0.04710819;Ground_Mountain_1_4:(0.207, 0.978, 0.000) separation=0.06579453;Ground_Mountain_1_4:(0.207, 0.978, 0.000) separation=0.04699452;Ground_Mountain_1_4:(0.207, 0.978, 0.000) separation=0.04705411;Ground_Mountain_1_4:(0.207, 0.978, 0.000) separation=0.05999276;"
2.476,986.985,152.970,184.002,31.426,-30.739,6.535,-0.004,0.287,0.000,0.000,4,18.234,0.939,0.979,"Ground_Summit authored launch:(0.209, 0.978, 0.000) separation=-0.01157392;Ground_Summit authored launch:(0.209, 0.978, 0.000) separation=0.01151127;Ground_Summit authored launch:(0.209, 0.978, 0.000) separation=-0.01148717;Ground_Summit authored launch:(0.209, 0.978, 0.000) separation=0.01142497;Ground_Summit authored launch:(0.209, 0.978, 0.000) separation=0.0005444586;Ground_Summit authored launch:(0.209, 0.978, 0.000) separation=0.0006307662;Ground_Summit authored launch:(0.228, 0.974, 0.000) separation=0.04285219;Ground_Summit authored launch:(0.228, 0.974, 0.000) separation=0.04285219;Ground_Mountain_1_4:(0.207, 0.978, 0.000) separation=0.06704588;Ground_Mountain_1_4:(0.207, 0.978, 0.000) separation=0.04478695;Ground_Mountain_1_4:(0.207, 0.978, 0.000) separation=0.06696165;Ground_Mountain_1_4:(0.207, 0.978, 0.000) separation=0.04487158;Ground_Mountain_1_4:(0.207, 0.978, 0.000) separation=0.04482657;Ground_Mountain_1_4:(0.207, 0.978, 0.000) separation=0.06491044;"
2.496,986.375,153.107,184.002,31.420,-30.691,6.729,-0.006,0.287,0.000,0.000,4,18.572,0.788,0.977,"Ground_Summit authored launch:(0.219, 0.976, 0.000) separation=-0.01062581;Ground_Summit authored launch:(0.219, 0.976, 0.000) separation=0.0116722;Ground_Summit authored launch:(0.219, 0.976, 0.000) separation=-0.01064854;Ground_Summit authored launch:(0.219, 0.976, 0.000) separation=0.01169571;Ground_Summit authored launch:(0.219, 0.976, 0.000) separation=-0.006091654;Ground_Summit authored launch:(0.219, 0.976, 0.000) separation=-0.006068319;Ground_Mountain_1_4:(0.220, 0.975, 0.000) separation=0.07047527;Ground_Mountain_1_4:(0.220, 0.975, 0.000) separation=0.04675183;Ground_Mountain_1_4:(0.220, 0.975, 0.000) separation=0.07050027;Ground_Mountain_1_4:(0.220, 0.975, 0.000) separation=0.04672764;Ground_Mountain_1_4:(0.220, 0.975, 0.000) separation=0.04673141;Ground_Mountain_1_4:(0.220, 0.975, 0.000) separation=0.04673734;"
2.516,985.764,153.246,184.002,31.417,-30.648,6.912,-0.004,0.290,0.000,0.000,4,18.956,0.887,0.976,"Ground_Summit authored launch:(0.222, 0.975, 0.000) separation=-0.008399737;Ground_Summit authored launch:(0.222, 0.975, 0.000) separation=0.008811834;Ground_Summit authored launch:(0.222, 0.975, 0.000) separation=-0.008520599;Ground_Summit authored launch:(0.222, 0.975, 0.000) separation=0.008933354;Ground_Summit authored launch:(0.222, 0.975, 0.000) separation=-0.007843584;Ground_Summit authored launch:(0.222, 0.975, 0.000) separation=-0.007520229;Ground_Mountain_1_4:(0.227, 0.974, 0.000) separation=0.0642964;Ground_Mountain_1_4:(0.227, 0.974, 0.000) separation=0.04580247;Ground_Mountain_1_4:(0.227, 0.974, 0.000) separation=0.0644154;Ground_Mountain_1_4:(0.227, 0.974, 0.000) separation=0.0456841;Ground_Mountain_1_4:(0.227, 0.974, 0.000) separation=0.04574367;Ground_Mountain_1_4:(0.227, 0.974, 0.000) separation=0.05614251;"
2.536,985.155,153.392,184.002,31.400,-30.575,7.154,-0.008,0.291,0.000,0.000,4,18.940,0.634,0.974,"Ground_Summit authored launch:(0.232, 0.973, 0.000) separation=-0.01014134;Ground_Summit authored launch:(0.232, 0.973, 0.000) separation=0.009044744;Ground_Summit authored launch:(0.232, 0.973, 0.000) separation=-0.01020199;Ground_Summit authored launch:(0.232, 0.973, 0.000) separation=0.009106056;Ground_Summit authored launch:(0.232, 0.973, 0.000) separation=-0.001636058;Ground_Summit authored launch:(0.232, 0.973, 0.000) separation=-0.001574755;Ground_Summit authored launch:(0.248, 0.969, 0.000) separation=0.04588434;Ground_Summit authored launch:(0.248, 0.969, 0.000) separation=0.04588434;Ground_Mountain_1_4:(0.227, 0.974, 0.000) separation=0.06356081;Ground_Mountain_1_4:(0.227, 0.974, 0.000) separation=0.04511354;Ground_Mountain_1_4:(0.227, 0.974, 0.000) separation=0.06362046;Ground_Mountain_1_4:(0.227, 0.974, 0.000) separation=0.0450545;Ground_Mountain_1_4:(0.227, 0.974, 0.000) separation=0.04508409;Ground_Mountain_1_4:(0.227, 0.974, 0.000) separation=0.06232452;"
2.556,984.547,153.539,184.001,31.397,-30.530,7.327,-0.005,0.300,0.000,0.000,4,18.518,1.088,0.973,"Ground_Summit authored launch:(0.238, 0.971, 0.000) separation=-0.006390016;Ground_Summit authored launch:(0.238, 0.971, 0.000) separation=0.0102636;Ground_Summit authored launch:(0.238, 0.971, 0.000) separation=-0.00646374;Ground_Summit authored launch:(0.238, 0.971, 0.000) separation=0.0103385;Ground_Summit authored launch:(0.238, 0.971, 0.000) separation=-0.006027222;Ground_Summit authored launch:(0.238, 0.971, 0.000) separation=-0.005952567;Ground_Mountain_1_4:(0.240, 0.971, 0.000) separation=0.06802727;Ground_Mountain_1_4:(0.240, 0.971, 0.000) separation=0.05160706;Ground_Mountain_1_4:(0.240, 0.971, 0.000) separation=0.06810214;Ground_Mountain_1_4:(0.240, 0.971, 0.000) separation=0.05153381;Ground_Mountain_1_4:(0.240, 0.971, 0.000) separation=0.05156919;Ground_Mountain_1_4:(0.240, 0.971, 0.000) separation=0.05157307;"
2.576,983.939,153.690,184.001,31.393,-30.483,7.502,-0.004,0.301,0.000,0.000,4,18.587,0.883,0.972,"Ground_Summit authored launch:(0.238, 0.971, 0.000) separation=-0.007586527;Ground_Summit authored launch:(0.238, 0.971, 0.000) separation=0.0100973;Ground_Summit authored launch:(0.238, 0.971, 0.000) separation=-0.00764572;Ground_Summit authored launch:(0.238, 0.971, 0.000) separation=0.01015732;Ground_Summit authored launch:(0.238, 0.971, 0.000) separation=0.003736645;Ground_Summit authored launch:(0.238, 0.971, 0.000) separation=0.003796548;Ground_Summit authored launch:(0.258, 0.966, 0.000) separation=0.04617378;Ground_Summit authored launch:(0.258, 0.966, 0.000) separation=0.04617378;Ground_Mountain_1_4:(0.246, 0.969, 0.000) separation=0.06615412;Ground_Mountain_1_4:(0.246, 0.969, 0.000) separation=0.04722116;Ground_Mountain_1_4:(0.246, 0.969, 0.000) separation=0.06621353;Ground_Mountain_1_4:(0.246, 0.969, 0.000) separation=0.04716256;Ground_Mountain_1_4:(0.246, 0.969, 0.000) separation=0.04719198;Ground_Mountain_1_4:(0.246, 0.969, 0.000) separation=0.05449128;"
2.596,983.334,153.846,184.001,31.377,-30.412,7.723,-0.007,0.304,0.000,0.000,4,18.247,0.696,0.970,"Ground_Summit authored launch:(0.251, 0.968, 0.000) separation=-0.0102261;Ground_Summit authored launch:(0.251, 0.968, 0.000) separation=0.01235444;Ground_Summit authored launch:(0.251, 0.968, 0.000) separation=-0.01025134;Ground_Summit authored launch:(0.251, 0.968, 0.000) separation=0.01238049;Ground_Summit authored launch:(0.251, 0.968, 0.000) separation=-0.004602939;Ground_Summit authored launch:(0.251, 0.968, 0.000) separation=-0.004576713;Ground_Mountain_1_4:(0.246, 0.969, 0.000) separation=0.06580072;Ground_Mountain_1_4:(0.246, 0.969, 0.000) separation=0.04388595;Ground_Mountain_1_4:(0.246, 0.969, 0.000) separation=0.0658256;Ground_Mountain_1_4:(0.246, 0.969, 0.000) separation=0.04386186;Ground_Mountain_1_4:(0.246, 0.969, 0.000) separation=0.04387641;Ground_Mountain_1_4:(0.246, 0.969, 0.000) separation=0.06131482;"
2.616,982.728,154.004,184.001,31.372,-30.363,7.892,-0.005,0.312,0.000,0.000,4,18.318,1.205,0.969,"Ground_Summit authored launch:(0.251, 0.968, 0.000) separation=-0.006130835;Ground_Summit authored launch:(0.251, 0.968, 0.000) separation=0.01080617;Ground_Summit authored launch:(0.251, 0.968, 0.000) separation=-0.006248808;Ground_Summit authored launch:(0.251, 0.968, 0.000) separation=0.0109251;Ground_Summit authored launch:(0.251, 0.968, 0.000) separation=-0.004910916;Ground_Summit authored launch:(0.251, 0.968, 0.000) separation=-0.004602104;Ground_Mountain_1_4:(0.246, 0.969, 0.000) separation=0.06740313;Ground_Mountain_1_4:(0.246, 0.969, 0.000) separation=0.05109311;Ground_Mountain_1_4:(0.246, 0.969, 0.000) separation=0.06752263;Ground_Mountain_1_4:(0.246, 0.969, 0.000) separation=0.05097461;Ground_Mountain_1_4:(0.246, 0.969, 0.000) separation=0.05103412;Ground_Mountain_1_4:(0.246, 0.969, 0.000) separation=0.0510605;"
2.636,982.124,154.166,184.001,31.367,-30.315,8.055,-0.003,0.314,0.000,0.000,4,17.984,0.861,0.967,"Ground_Summit authored launch:(0.259, 0.966, 0.000) separation=-0.009998747;Ground_Summit authored launch:(0.259, 0.966, 0.000) separation=0.01254726;Ground_Summit authored launch:(0.259, 0.966, 0.000) separation=-0.009844136;Ground_Summit authored launch:(0.259, 0.966, 0.000) separation=0.01239362;Ground_Summit authored launch:(0.259, 0.966, 0.000) separation=-0.0001956224;Ground_Summit authored launch:(0.259, 0.966, 0.000) separation=-4.205108E-05;Ground_Summit authored launch:(0.277, 0.961, 0.000) separation=0.04564837;Ground_Summit authored launch:(0.277, 0.961, 0.000) separation=0.04564837;Ground_Mountain_1_4:(0.266, 0.964, 0.000) separation=0.06920471;Ground_Mountain_1_4:(0.266, 0.964, 0.000) separation=0.04544977;Ground_Mountain_1_4:(0.266, 0.964, 0.000) separation=0.06905068;Ground_Mountain_1_4:(0.266, 0.964, 0.000) separation=0.04560472;Ground_Mountain_1_4:(0.266, 0.964, 0.000) separation=0.04552957;Ground_Mountain_1_4:(0.266, 0.964, 0.000) separation=0.04926872;"
2.656,981.522,154.332,184.001,31.359,-30.258,8.237,-0.005,0.316,0.000,0.000,4,18.265,0.725,0.966,"Ground_Summit authored launch:(0.267, 0.964, 0.000) separation=-0.007684273;Ground_Summit authored launch:(0.267, 0.964, 0.000) separation=0.01265356;Ground_Summit authored launch:(0.267, 0.964, 0.000) separation=-0.00768951;Ground_Summit authored launch:(0.267, 0.964, 0.000) separation=0.01266035;Ground_Summit authored launch:(0.267, 0.964, 0.000) separation=-0.006409496;Ground_Summit authored launch:(0.267, 0.964, 0.000) separation=-0.006402969;Ground_Mountain_1_4:(0.266, 0.964, 0.000) separation=0.06616294;Ground_Mountain_1_4:(0.266, 0.964, 0.000) separation=0.04516944;Ground_Mountain_1_4:(0.266, 0.964, 0.000) separation=0.06616794;Ground_Mountain_1_4:(0.266, 0.964, 0.000) separation=0.04516543;Ground_Mountain_1_4:(0.266, 0.964, 0.000) separation=0.04517004;Ground_Mountain_1_4:(0.266, 0.964, 0.000) separation=0.06009224;"
2.676,980.919,154.501,184.001,31.352,-30.204,8.407,-0.003,0.321,0.000,0.000,4,18.360,0.765,0.965,"Ground_Summit authored launch:(0.267, 0.964, 0.000) separation=-0.0077203;Ground_Summit authored launch:(0.267, 0.964, 0.000) separation=0.01167884;Ground_Summit authored launch:(0.267, 0.964, 0.000) separation=-0.007766413;Ground_Summit authored launch:(0.267, 0.964, 0.000) separation=0.01172605;Ground_Summit authored launch:(0.267, 0.964, 0.000) separation=0.004400194;Ground_Summit authored launch:(0.267, 0.964, 0.000) separation=0.004447311;Ground_Summit authored launch:(0.286, 0.958, 0.000) separation=0.04576126;Ground_Summit authored launch:(0.286, 0.958, 0.000) separation=0.04576126;Ground_Mountain_1_4:(0.266, 0.964, 0.000) separation=0.06704526;Ground_Mountain_1_4:(0.266, 0.964, 0.000) separation=0.04821256;Ground_Mountain_1_4:(0.266, 0.964, 0.000) separation=0.0670952;Ground_Mountain_1_4:(0.266, 0.964, 0.000) separation=0.04816362;Ground_Mountain_1_4:(0.266, 0.964, 0.000) separation=0.04818815;Ground_Mountain_1_4:(0.266, 0.964, 0.000) separation=0.06623399;"
2.696,980.320,154.675,184.001,31.334,-30.125,8.622,-0.006,0.324,0.000,0.000,4,18.019,0.607,0.962,"Ground_Summit authored launch:(0.280, 0.960, 0.000) separation=-0.01036654;Ground_Summit authored launch:(0.280, 0.960, 0.000) separation=0.01372142;Ground_Summit authored launch:(0.280, 0.960, 0.000) separation=-0.01039221;Ground_Summit authored launch:(0.280, 0.960, 0.000) separation=0.01374822;Ground_Summit authored launch:(0.280, 0.960, 0.000) separation=-0.004129708;Ground_Summit authored launch:(0.280, 0.960, 0.000) separation=-0.004102677;Ground_Mountain_1_4:(0.285, 0.959, 0.000) separation=0.07099793;Ground_Mountain_1_4:(0.285, 0.959, 0.000) separation=0.04576442;Ground_Mountain_1_4:(0.285, 0.959, 0.000) separation=0.0710223;Ground_Mountain_1_4:(0.285, 0.959, 0.000) separation=0.04574103;Ground_Mountain_1_4:(0.285, 0.959, 0.000) separation=0.04574341;Ground_Mountain_1_4:(0.285, 0.959, 0.000) separation=0.04575536;"
2.716,979.720,154.850,184.001,31.328,-30.070,8.789,-0.004,0.333,0.000,0.000,4,18.191,1.146,0.961,"Ground_Summit authored launch:(0.280, 0.960, 0.000) separation=-0.006112562;Ground_Summit authored launch:(0.280, 0.960, 0.000) separation=0.01159862;Ground_Summit authored launch:(0.280, 0.960, 0.000) separation=-0.006196688;Ground_Summit authored launch:(0.280, 0.960, 0.000) separation=0.01168398;Ground_Summit authored launch:(0.280, 0.960, 0.000) separation=-0.004642636;Ground_Summit authored launch:(0.280, 0.960, 0.000) separation=-0.004297704;Ground_Mountain_1_4:(0.285, 0.959, 0.000) separation=0.06573894;Ground_Mountain_1_4:(0.285, 0.959, 0.000) separation=0.04689272;Ground_Mountain_1_4:(0.285, 0.959, 0.000) separation=0.0658232;Ground_Mountain_1_4:(0.285, 0.959, 0.000) separation=0.04680965;Ground_Mountain_1_4:(0.285, 0.959, 0.000) separation=0.04684883;Ground_Mountain_1_4:(0.285, 0.959, 0.000) separation=0.05826923;"
2.736,979.122,155.030,184.001,31.321,-30.016,8.949,-0.002,0.336,0.000,0.000,4,17.820,0.817,0.960,"Ground_Summit authored launch:(0.286, 0.958, 0.000) separation=-0.00997616;Ground_Summit authored launch:(0.286, 0.958, 0.000) separation=0.013323;Ground_Summit authored launch:(0.286, 0.958, 0.000) separation=-0.009792994;Ground_Summit authored launch:(0.286, 0.958, 0.000) separation=0.01314106;Ground_Summit authored launch:(0.286, 0.958, 0.000) separation=0.0001092553;Ground_Summit authored launch:(0.286, 0.958, 0.000) separation=0.0002911091;Ground_Summit authored launch:(0.305, 0.952, 0.000) separation=0.04550812;Ground_Summit authored launch:(0.305, 0.952, 0.000) separation=0.04550812;Ground_Mountain_1_4:(0.285, 0.959, 0.000) separation=0.06745283;Ground_Mountain_1_4:(0.285, 0.959, 0.000) separation=0.04461975;Ground_Mountain_1_4:(0.285, 0.959, 0.000) separation=0.06726957;Ground_Mountain_1_4:(0.285, 0.959, 0.000) separation=0.04480435;Ground_Mountain_1_4:(0.285, 0.959, 0.000) separation=0.04470918;Ground_Mountain_1_4:(0.285, 0.959, 0.000) separation=0.06430942;"
2.756,978.526,155.214,184.001,31.312,-29.955,9.119,-0.003,0.339,0.000,0.000,4,17.921,0.679,0.958,"Ground_Summit authored launch:(0.295, 0.955, 0.000) separation=-0.00864603;Ground_Summit authored launch:(0.295, 0.955, 0.000) separation=0.01409054;Ground_Summit authored launch:(0.295, 0.955, 0.000) separation=-0.00863561;Ground_Summit authored launch:(0.295, 0.955, 0.000) separation=0.01408204;Ground_Summit authored launch:(0.295, 0.955, 0.000) separation=-0.00723967;Ground_Summit authored launch:(0.295, 0.955, 0.000) separation=-0.007230878;Ground_Mountain_1_4:(0.297, 0.955, 0.000) separation=0.07131088;Ground_Mountain_1_4:(0.297, 0.955, 0.000) separation=0.04810648;Ground_Mountain_1_4:(0.297, 0.955, 0.000) separation=0.07130645;Ground_Mountain_1_4:(0.297, 0.955, 0.000) separation=0.04811323;Ground_Mountain_1_4:(0.297, 0.955, 0.000) separation=0.04810736;Ground_Mountain_1_4:(0.297, 0.955, 0.000) separation=0.04810864;"
2.776,977.929,155.400,184.001,31.305,-29.897,9.285,-0.002,0.344,0.000,0.000,4,18.138,0.684,0.957,"Ground_Summit authored launch:(0.295, 0.955, 0.000) separation=-0.007785418;Ground_Summit authored launch:(0.295, 0.955, 0.000) separation=0.01286313;Ground_Summit authored launch:(0.295, 0.955, 0.000) separation=-0.007833077;Ground_Summit authored launch:(0.295, 0.955, 0.000) separation=0.01291213;Ground_Summit authored launch:(0.295, 0.955, 0.000) separation=0.004599124;Ground_Summit authored launch:(0.295, 0.955, 0.000) separation=0.00464806;Ground_Summit authored launch:(0.314, 0.949, 0.000) separation=0.04568982;Ground_Summit authored launch:(0.314, 0.949, 0.000) separation=0.04568982;Ground_Mountain_1_4:(0.303, 0.953, 0.000) separation=0.06772946;Ground_Mountain_1_4:(0.303, 0.953, 0.000) separation=0.04597729;Ground_Mountain_1_4:(0.303, 0.953, 0.000) separation=0.0677788;Ground_Mountain_1_4:(0.303, 0.953, 0.000) separation=0.04592931;Ground_Mountain_1_4:(0.303, 0.953, 0.000) separation=0.04595348;Ground_Mountain_1_4:(0.303, 0.953, 0.000) separation=0.05418694;"
2.796,977.336,155.591,184.001,31.287,-29.813,9.491,-0.004,0.348,0.000,0.000,4,17.788,0.545,0.954,"Ground_Summit authored launch:(0.308, 0.951, 0.000) separation=-0.01012607;Ground_Summit authored launch:(0.308, 0.951, 0.000) separation=0.01494979;Ground_Summit authored launch:(0.308, 0.951, 0.000) separation=-0.01015471;Ground_Summit authored launch:(0.308, 0.951, 0.000) separation=0.01497975;Ground_Summit authored launch:(0.308, 0.951, 0.000) separation=-0.004002601;Ground_Summit authored launch:(0.308, 0.951, 0.000) separation=-0.003972292;Ground_Mountain_1_4:(0.303, 0.953, 0.000) separation=0.0677543;Ground_Mountain_1_4:(0.303, 0.953, 0.000) separation=0.0431038;Ground_Mountain_1_4:(0.303, 0.953, 0.000) separation=0.06778409;Ground_Mountain_1_4:(0.303, 0.953, 0.000) separation=0.04307537;Ground_Mountain_1_4:(0.303, 0.953, 0.000) separation=0.04308951;Ground_Mountain_1_4:(0.303, 0.953, 0.000) separation=0.0617117;"
2.816,976.742,155.784,184.001,31.279,-29.753,9.652,-0.002,0.357,0.000,0.000,4,17.938,1.062,0.953,"Ground_Summit authored launch:(0.308, 0.951, 0.000) separation=-0.005978432;Ground_Summit authored launch:(0.308, 0.951, 0.000) separation=0.01309923;Ground_Summit authored launch:(0.308, 0.951, 0.000) separation=-0.006060094;Ground_Summit authored launch:(0.308, 0.951, 0.000) separation=0.01318236;Ground_Summit authored launch:(0.308, 0.951, 0.000) separation=-0.004706144;Ground_Summit authored launch:(0.308, 0.951, 0.000) separation=-0.004340202;Ground_Mountain_1_4:(0.303, 0.953, 0.000) separation=0.06892508;Ground_Mountain_1_4:(0.303, 0.953, 0.000) separation=0.05022689;Ground_Mountain_1_4:(0.303, 0.953, 0.000) separation=0.06900995;Ground_Mountain_1_4:(0.303, 0.953, 0.000) separation=0.05014336;Ground_Mountain_1_4:(0.303, 0.953, 0.000) separation=0.05018282;Ground_Mountain_1_4:(0.303, 0.953, 0.000) separation=0.05020216;"
2.836,976.151,155.981,184.001,31.272,-29.695,9.806,-0.001,0.361,0.000,0.000,4,17.540,0.752,0.951,"Ground_Summit authored launch:(0.314, 0.949, 0.000) separation=-0.009608691;Ground_Summit authored launch:(0.314, 0.949, 0.000) separation=0.01490673;Ground_Summit authored launch:(0.314, 0.949, 0.000) separation=-0.009481399;Ground_Summit authored launch:(0.314, 0.949, 0.000) separation=0.01478091;Ground_Summit authored launch:(0.314, 0.949, 0.000) separation=0.0002917945;Ground_Summit authored launch:(0.314, 0.949, 0.000) separation=0.0004174113;Ground_Summit authored launch:(0.332, 0.943, 0.000) separation=0.04607257;Ground_Summit authored launch:(0.332, 0.943, 0.000) separation=0.04607257;Ground_Mountain_1_4:(0.321, 0.947, 0.000) separation=0.07045977;Ground_Mountain_1_4:(0.321, 0.947, 0.000) separation=0.04489862;Ground_Mountain_1_4:(0.321, 0.947, 0.000) separation=0.07033027;Ground_Mountain_1_4:(0.321, 0.947, 0.000) separation=0.0450296;Ground_Mountain_1_4:(0.321, 0.947, 0.000) separation=0.0449639;Ground_Mountain_1_4:(0.321, 0.947, 0.000) separation=0.04851934;"
2.856,975.561,156.182,184.001,31.263,-29.631,9.969,-0.002,0.364,0.000,0.000,4,17.609,0.627,0.949,"Ground_Summit authored launch:(0.323, 0.946, 0.000) separation=-0.008151491;Ground_Summit authored launch:(0.323, 0.946, 0.000) separation=0.0158377;Ground_Summit authored launch:(0.323, 0.946, 0.000) separation=-0.008152982;Ground_Summit authored launch:(0.323, 0.946, 0.000) separation=0.01584147;Ground_Summit authored launch:(0.323, 0.946, 0.000) separation=-0.007479459;Ground_Summit authored launch:(0.323, 0.946, 0.000) separation=-0.007475942;Ground_Mountain_1_4:(0.321, 0.947, 0.000) separation=0.0683274;Ground_Mountain_1_4:(0.321, 0.947, 0.000) separation=0.04357959;Ground_Mountain_1_4:(0.321, 0.947, 0.000) separation=0.06833223;Ground_Mountain_1_4:(0.321, 0.947, 0.000) separation=0.0435763;Ground_Mountain_1_4:(0.321, 0.947, 0.000) separation=0.04357547;Ground_Mountain_1_4:(0.321, 0.947, 0.000) separation=0.05931285;"
2.876,974.971,156.385,184.001,31.254,-29.569,10.127,0.000,0.369,0.000,0.000,4,17.791,0.633,0.948,"Ground_Summit authored launch:(0.323, 0.946, 0.000) separation=-0.007574218;Ground_Summit authored launch:(0.323, 0.946, 0.000) separation=0.01488066;Ground_Summit authored launch:(0.323, 0.946, 0.000) separation=-0.007622386;Ground_Summit authored launch:(0.323, 0.946, 0.000) separation=0.0149304;Ground_Summit authored launch:(0.323, 0.946, 0.000) separation=0.004812419;Ground_Summit authored launch:(0.323, 0.946, 0.000) separation=0.00486213;Ground_Summit authored launch:(0.341, 0.940, 0.000) separation=0.04620466;Ground_Summit authored launch:(0.341, 0.940, 0.000) separation=0.04620466;Ground_Mountain_1_4:(0.321, 0.947, 0.000) separation=0.06927367;Ground_Mountain_1_4:(0.321, 0.947, 0.000) separation=0.04714432;Ground_Mountain_1_4:(0.321, 0.947, 0.000) separation=0.0693237;Ground_Mountain_1_4:(0.321, 0.947, 0.000) separation=0.04709601;Ground_Mountain_1_4:(0.321, 0.947, 0.000) separation=0.04712015;Ground_Mountain_1_4:(0.321, 0.947, 0.000) separation=0.06688252;"
2.896,974.384,156.592,184.001,31.237,-29.482,10.322,-0.003,0.373,0.000,0.000,4,17.451,0.508,0.946,"Ground_Summit authored launch:(0.335, 0.942, 0.000) separation=-0.009521535;Ground_Summit authored launch:(0.335, 0.942, 0.000) separation=0.01711098;Ground_Summit authored launch:(0.335, 0.942, 0.000) separation=-0.009549528;Ground_Summit authored launch:(0.335, 0.942, 0.000) separation=0.01714058;Ground_Summit authored launch:(0.335, 0.942, 0.000) separation=-0.004232973;Ground_Summit authored launch:(0.335, 0.942, 0.000) separation=-0.004202873;Ground_Mountain_1_4:(0.339, 0.941, 0.000) separation=0.07340846;Ground_Mountain_1_4:(0.339, 0.941, 0.000) separation=0.04573109;Ground_Mountain_1_4:(0.339, 0.941, 0.000) separation=0.0734373;Ground_Mountain_1_4:(0.339, 0.941, 0.000) separation=0.04570395;Ground_Mountain_1_4:(0.339, 0.941, 0.000) separation=0.0457083;Ground_Mountain_1_4:(0.339, 0.941, 0.000) separation=0.04571769;"
2.916,973.797,156.802,184.001,31.228,-29.419,10.477,-0.001,0.382,0.000,0.000,4,17.592,1.005,0.944,"Ground_Summit authored launch:(0.335, 0.942, 0.000) separation=-0.005792166;Ground_Summit authored launch:(0.335, 0.942, 0.000) separation=0.01532138;Ground_Summit authored launch:(0.335, 0.942, 0.000) separation=-0.005870224;Ground_Summit authored launch:(0.335, 0.942, 0.000) separation=0.01540103;Ground_Summit authored launch:(0.335, 0.942, 0.000) separation=-0.0052917;Ground_Summit authored launch:(0.335, 0.942, 0.000) separation=-0.004886866;Ground_Mountain_1_4:(0.339, 0.941, 0.000) separation=0.06862114;Ground_Mountain_1_4:(0.339, 0.941, 0.000) separation=0.0465418;Ground_Mountain_1_4:(0.339, 0.941, 0.000) separation=0.06870028;Ground_Mountain_1_4:(0.339, 0.941, 0.000) separation=0.04646418;Ground_Mountain_1_4:(0.339, 0.941, 0.000) separation=0.0465031;Ground_Mountain_1_4:(0.339, 0.941, 0.000) separation=0.05755508;"
2.936,973.212,157.015,184.001,31.221,-29.358,10.624,0.000,0.386,0.000,0.000,4,17.210,0.712,0.943,"Ground_Summit authored launch:(0.341, 0.940, 0.000) separation=-0.008924941;Ground_Summit authored launch:(0.341, 0.940, 0.000) separation=0.01718297;Ground_Summit authored launch:(0.341, 0.940, 0.000) separation=-0.008825902;Ground_Summit authored launch:(0.341, 0.940, 0.000) separation=0.01708562;Ground_Summit authored launch:(0.341, 0.940, 0.000) separation=0.0001696348;Ground_Summit authored launch:(0.341, 0.940, 0.000) separation=0.0002666712;Ground_Mountain_1_4:(0.339, 0.941, 0.000) separation=0.07013239;Ground_Mountain_1_4:(0.339, 0.941, 0.000) separation=0.04426293;Ground_Mountain_1_4:(0.339, 0.941, 0.000) separation=0.07003825;Ground_Mountain_1_4:(0.339, 0.941, 0.000) separation=0.04435875;Ground_Mountain_1_4:(0.339, 0.941, 0.000) separation=0.04430813;Ground_Mountain_1_4:(0.339, 0.941, 0.000) separation=0.0647406;"
2.956,972.628,157.231,184.001,31.213,-29.296,10.773,0.001,0.390,0.000,0.000,4,17.260,0.594,0.941,"Ground_Summit authored launch:(0.344, 0.939, 0.000) separation=-0.007622735;Ground_Summit authored launch:(0.344, 0.939, 0.000) separation=0.01798096;Ground_Summit authored launch:(0.344, 0.939, 0.000) separation=-0.007628645;Ground_Summit authored launch:(0.344, 0.939, 0.000) separation=0.01798861;Ground_Summit authored launch:(0.344, 0.939, 0.000) separation=-0.003974736;Ground_Summit authored launch:(0.344, 0.939, 0.000) separation=-0.003486335;Ground_Mountain_1_4:(0.339, 0.941, 0.000) separation=0.07392086;Ground_Mountain_1_4:(0.339, 0.941, 0.000) separation=0.04851242;Ground_Mountain_1_4:(0.339, 0.941, 0.000) separation=0.07392647;Ground_Mountain_1_4:(0.339, 0.941, 0.000) separation=0.04850868;Ground_Mountain_1_4:(0.339, 0.941, 0.000) separation=0.04851303;Ground_Mountain_1_4:(0.339, 0.941, 0.000) separation=0.04851303;"
2.976,972.045,157.450,184.001,31.205,-29.234,10.917,0.002,0.394,0.000,0.000,4,16.996,0.485,0.939,"Ground_Summit authored launch:(0.350, 0.937, 0.000) separation=-0.010882;Ground_Summit authored launch:(0.350, 0.937, 0.000) separation=0.01867244;Ground_Summit authored launch:(0.350, 0.937, 0.000) separation=-0.01089658;Ground_Summit authored launch:(0.350, 0.937, 0.000) separation=0.01868882;Ground_Summit authored launch:(0.350, 0.937, 0.000) separation=0.002276927;Ground_Summit authored launch:(0.350, 0.937, 0.000) separation=0.002293587;Ground_Summit authored launch:(0.367, 0.930, 0.000) separation=0.04358101;Ground_Summit authored launch:(0.367, 0.930, 0.000) separation=0.04358101;Ground_Mountain_1_4:(0.357, 0.934, 0.000) separation=0.07273781;Ground_Mountain_1_4:(0.357, 0.934, 0.000) separation=0.04224947;Ground_Mountain_1_4:(0.357, 0.934, 0.000) separation=0.0727568;Ground_Mountain_1_4:(0.357, 0.934, 0.000) separation=0.04223234;Ground_Mountain_1_4:(0.357, 0.934, 0.000) separation=0.04224092;Ground_Mountain_1_4:(0.357, 0.934, 0.000) separation=0.04920611;"
2.996,971.466,157.673,184.001,31.186,-29.140,11.110,-0.002,0.397,0.000,0.000,4,17.196,0.439,0.937,"Ground_Summit authored launch:(0.361, 0.932, 0.000) separation=-0.009244069;Ground_Summit authored launch:(0.361, 0.932, 0.000) separation=0.01963761;Ground_Summit authored launch:(0.361, 0.932, 0.000) separation=-0.009291158;Ground_Summit authored launch:(0.361, 0.932, 0.000) separation=0.0196865;Ground_Summit authored launch:(0.361, 0.932, 0.000) separation=-0.00573203;Ground_Summit authored launch:(0.361, 0.932, 0.000) separation=-0.005682409;Ground_Mountain_1_4:(0.357, 0.934, 0.000) separation=0.07106382;Ground_Mountain_1_4:(0.357, 0.934, 0.000) separation=0.04232275;Ground_Mountain_1_4:(0.357, 0.934, 0.000) separation=0.07111315;Ground_Mountain_1_4:(0.357, 0.934, 0.000) separation=0.04227529;Ground_Mountain_1_4:(0.357, 0.934, 0.000) separation=0.04229912;Ground_Mountain_1_4:(0.357, 0.934, 0.000) separation=0.06097674;"
3.016,970.885,157.898,184.001,31.177,-29.074,11.260,0.000,0.407,0.000,0.000,4,17.358,1.046,0.936,"Ground_Summit authored launch:(0.358, 0.934, 0.000) separation=-0.005626281;Ground_Summit authored launch:(0.358, 0.934, 0.000) separation=0.01715619;Ground_Summit authored launch:(0.358, 0.934, 0.000) separation=-0.005710923;Ground_Summit authored launch:(0.358, 0.934, 0.000) separation=0.01724272;Ground_Summit authored launch:(0.358, 0.934, 0.000) separation=0.008017957;Ground_Summit authored launch:(0.358, 0.934, 0.000) separation=0.008104444;Ground_Mountain_1_4:(0.357, 0.934, 0.000) separation=0.07147355;Ground_Mountain_1_4:(0.357, 0.934, 0.000) separation=0.04878338;Ground_Mountain_1_4:(0.357, 0.934, 0.000) separation=0.07156333;Ground_Mountain_1_4:(0.357, 0.934, 0.000) separation=0.04869545;Ground_Mountain_1_4:(0.357, 0.934, 0.000) separation=0.04873952;Ground_Mountain_1_4:(0.357, 0.934, 0.000) separation=0.04877633;"
3.036,970.305,158.125,184.001,31.168,-29.032,11.345,0.001,0.411,0.000,0.000,4,14.624,4.697,0.935,"Ground_Summit authored launch:(0.355, 0.935, -0.001) separation=-0.001707524;Ground_Summit authored launch:(0.355, 0.935, -0.001) separation=0.01949964;Ground_Summit authored launch:(0.355, 0.935, -0.001) separation=-0.001185745;Ground_Summit authored launch:(0.355, 0.935, -0.001) separation=0.01897734;Ground_Summit authored launch:(0.355, 0.935, -0.001) separation=0.002055079;Ground_Summit authored launch:(0.355, 0.935, -0.001) separation=0.00300774;Ground_Mountain_1_4:(-0.038, 0.999, 0.000) separation=0.05031922;Ground_Mountain_1_4:(-0.038, 0.999, 0.000) separation=0.1793249;Ground_Mountain_1_4:(-0.038, 0.999, 0.000) separation=0.179523;Ground_Mountain_1_4:(-0.038, 0.999, 0.000) separation=0.1795524;Ground_Mountain_1_4:(-0.038, 0.999, 0.000) separation=0.05957554;Ground_Mountain_1_4:(0.360, 0.933, 0.000) separation=0.07438466;Ground_Mountain_1_4:(-0.038, 0.999, 0.000) separation=-0.6499865;Ground_Mountain_1_4:(0.360, 0.933, 0.000) separation=0.07386316;Ground_Mountain_1_4:(0.360, 0.933, 0.000) separation=0.054887;Ground_Mountain_1_4:(0.360, 0.933, 0.000) separation=0.05436343;Ground_Mountain_1_4:(0.360, 0.933, 0.000) separation=0.05461752;"
3.056,969.723,158.352,184.000,31.159,-29.033,11.317,0.001,0.416,0.000,0.000,2,7.798,0.304,0.936,"Ground_Summit authored launch:(0.355, 0.935, -0.001) separation=0.005262166;Ground_Summit authored launch:(0.355, 0.935, -0.001) separation=0.02294388;Ground_Summit authored launch:(0.355, 0.935, -0.001) separation=0.00630796;Ground_Summit authored launch:(0.355, 0.935, -0.001) separation=0.02189774;Ground_Summit authored launch:(0.355, 0.935, -0.001) separation=0.008907914;Ground_Summit authored launch:(0.355, 0.935, -0.001) separation=0.01037121;Ground_Mountain_1_4:(-0.038, 0.999, 0.000) separation=0.4293168;Ground_Mountain_1_4:(-0.038, 0.999, 0.000) separation=0.05697108;Ground_Mountain_1_4:(-0.038, 0.999, 0.000) separation=0.428847;Ground_Mountain_1_4:(-0.038, 0.999, 0.000) separation=0.2057209;Ground_Mountain_1_4:(-0.038, 0.999, 0.000) separation=0.06772071;Ground_Mountain_1_4:(0.360, 0.933, -0.001) separation=0.07493094;Ground_Mountain_1_4:(-0.038, 0.999, 0.000) separation=-0.4016641;Ground_Mountain_1_4:(0.360, 0.933, -0.001) separation=0.07388407;Ground_Mountain_1_4:(0.360, 0.933, -0.001) separation=0.06237859;Ground_Mountain_1_4:(0.360, 0.933, -0.001) separation=0.06132939;Ground_Mountain_1_4:(0.360, 0.933, -0.001) separation=0.06185;"
3.076,969.142,158.578,184.000,31.150,-29.040,11.280,0.001,0.421,0.000,0.000,2,7.265,0.961,0.937,"Ground_Summit authored launch:(0.357, 0.934, -0.002) separation=0.02356676;Ground_Summit authored launch:(0.357, 0.934, -0.002) separation=0.02506283;Ground_Summit authored launch:(0.357, 0.934, -0.002) separation=0.01637369;Ground_Summit authored launch:(0.357, 0.934, -0.002) separation=0.01834661;Ground_Summit authored launch:(0.357, 0.934, -0.002) separation=0.01370111;Ground_Summit authored launch:(0.357, 0.934, -0.002) separation=0.01220551;Ground_Mountain_1_4:(-0.038, 0.999, 0.000) separation=0.0637155;Ground_Mountain_1_4:(-0.038, 0.999, 0.000) separation=0.2130109;Ground_Mountain_1_4:(-0.038, 0.999, 0.000) separation=0.07578993;Ground_Mountain_1_4:(0.359, 0.933, -0.001) separation=0.07777648;Ground_Mountain_1_4:(0.359, 0.933, -0.001) separation=0.06837043;Ground_Mountain_1_4:(0.359, 0.933, -0.001) separation=0.07627846;Ground_Mountain_1_4:(0.359, 0.933, -0.001) separation=0.06987277;Ground_Mountain_1_4:(0.359, 0.933, -0.001) separation=0.06911123;Ground_Mountain_1_4:(0.359, 0.933, -0.001) separation=0.07245994;"
3.096,968.558,158.800,184.000,31.142,-29.101,11.099,0.001,0.425,0.000,0.000,2,1.214,6.076,0.940,"Ground_Summit authored launch:(0.348, 0.937, -0.003) separation=0.02457437;Ground_Summit authored launch:(0.348, 0.937, -0.003) separation=0.02645117;Ground_Summit authored launch:(0.348, 0.937, -0.003) separation=0.02314234;Ground_Summit authored launch:(0.348, 0.937, -0.003) separation=0.02501926;Ground_Mountain_1_4:(-0.038, 0.999, 0.000) separation=0.07422283;Ground_Mountain_1_4:(-0.038, 0.999, 0.000) separation=0.2237332;Ground_Mountain_1_4:(-0.038, 0.999, 0.000) separation=0.08806068;Ground_Mountain_1_4:(0.358, 0.934, -0.001) separation=0.08209386;Ground_Mountain_1_4:(0.358, 0.934, -0.001) separation=0.07943916;Ground_Mountain_1_4:(0.358, 0.934, -0.001) separation=0.08020377;Ground_Mountain_1_4:(0.358, 0.934, -0.001) separation=0.08132848;Ground_Mountain_1_4:(0.358, 0.934, -0.001) separation=0.08036687;Ground_Mountain_1_4:(0.358, 0.934, -0.001) separation=0.08102229;"
3.116,967.974,159.019,184.000,31.059,-29.089,10.898,0.001,0.429,0.000,0.000,0,0.000,0.443,0.942,"Ground_Mountain_1_4:(-0.038, 0.999, 0.000) separation=0.3052415;Ground_Mountain_1_4:(-0.038, 0.999, 0.000) separation=0.3062487;Ground_Mountain_1_4:(-0.038, 0.999, 0.000) separation=0.3072638;"
3.136,967.391,159.234,184.000,30.978,-29.078,10.698,0.001,0.470,0.000,0.000,0,0.000,0.427,0.945,"Ground_Mountain_1_4:(-0.038, 0.999, 0.000) separation=0.5523184;Ground_Mountain_1_4:(-0.038, 0.999, 0.000) separation=0.5534704;Ground_Mountain_1_4:(-0.038, 0.999, 0.000) separation=0.5546358;"
3.156,966.807,159.444,184.000,30.897,-29.066,10.497,0.001,0.511,0.000,0.000,0,0.000,0.410,0.947,""
3.176,966.224,159.651,184.000,30.818,-29.054,10.297,0.001,0.551,0.000,0.000,0,0.000,0.392,0.949,""
3.196,965.642,159.853,184.000,30.740,-29.043,10.097,0.001,0.591,0.000,0.000,0,0.000,0.375,0.952,""
3.216,965.059,160.052,184.000,30.663,-29.031,9.896,0.001,0.630,0.000,0.000,0,0.000,0.358,0.954,""
3.236,964.476,160.247,183.999,30.586,-29.019,9.696,0.001,0.669,0.000,0.000,0,0.000,0.341,0.956,""
3.256,963.894,160.437,183.999,30.511,-29.008,9.496,0.001,0.707,0.000,0.000,0,0.000,0.324,0.959,""
3.276,963.312,160.624,183.999,30.437,-28.996,9.296,0.001,0.744,0.000,0.000,0,0.000,0.307,0.961,""
3.296,962.730,160.806,183.999,30.364,-28.985,9.097,0.001,0.782,0.000,0.000,0,0.000,0.290,0.963,""
3.316,962.149,160.985,183.999,30.292,-28.973,8.897,0.001,0.818,0.000,0.000,0,0.000,0.273,0.965,""
3.336,961.567,161.159,183.999,30.221,-28.961,8.697,0.001,0.854,0.000,0.000,0,0.000,0.256,0.967,""
3.356,960.986,161.330,183.999,30.150,-28.950,8.498,0.001,0.890,0.000,0.000,0,0.000,0.239,0.969,""
3.376,960.405,161.496,183.999,30.081,-28.938,8.298,0.001,0.925,0.000,-0.001,0,0.000,0.222,0.971,""
3.396,959.824,161.659,183.999,30.014,-28.927,8.099,0.001,0.959,0.000,-0.001,0,0.000,0.205,0.973,""
3.416,959.244,161.817,183.999,29.947,-28.915,7.899,0.001,0.993,0.000,-0.001,0,0.000,0.188,0.975,""
3.436,958.663,161.972,183.999,29.881,-28.904,7.700,0.001,1.000,0.000,-0.001,0,0.000,0.172,0.977,""
3.456,958.083,162.122,183.999,29.816,-28.892,7.501,0.001,1.000,0.000,-0.001,0,0.000,0.156,0.979,""
3.476,957.503,162.269,183.998,29.753,-28.880,7.302,0.001,1.000,0.000,-0.002,0,0.000,0.139,0.980,""
3.496,956.923,162.411,183.998,29.690,-28.869,7.103,0.001,1.000,0.000,-0.002,0,0.000,0.123,0.982,""
3.516,956.344,162.550,183.998,29.629,-28.857,6.904,0.001,1.000,0.000,-0.002,0,0.000,0.108,0.984,""
3.536,955.765,162.684,183.998,29.569,-28.846,6.705,0.001,1.000,0.000,-0.002,0,0.000,0.092,0.985,""
3.556,955.186,162.815,183.998,29.510,-28.834,6.506,0.001,1.000,0.000,-0.002,0,0.000,0.077,0.986,""
3.576,954.607,162.941,183.998,29.452,-28.823,6.307,0.001,1.000,0.000,-0.003,0,0.000,0.063,0.988,""
3.596,954.028,163.064,183.998,29.396,-28.811,6.109,0.001,1.000,0.000,-0.003,0,0.000,0.049,0.989,""
3.616,953.450,163.182,183.998,29.341,-28.800,5.910,0.001,1.000,0.000,-0.003,0,0.000,0.038,0.990,""
3.636,952.872,163.297,183.998,29.287,-28.788,5.712,0.001,1.000,0.000,-0.004,0,0.000,0.030,0.991,""
3.656,952.294,163.408,183.998,29.234,-28.777,5.513,0.001,1.000,0.000,-0.004,0,0.000,0.028,0.992,""
3.676,951.716,163.514,183.998,29.183,-28.765,5.315,0.001,1.000,0.000,-0.004,0,0.000,0.034,0.993,""
3.696,951.139,163.617,183.998,29.133,-28.754,5.117,0.001,1.000,0.000,-0.004,0,0.000,0.044,0.994,""
3.716,950.562,163.715,183.998,29.084,-28.742,4.918,0.001,1.000,0.000,-0.005,0,0.000,0.055,0.995,""
3.736,949.985,163.810,183.998,29.037,-28.731,4.720,0.001,1.000,0.000,-0.005,0,0.000,0.068,0.996,""
3.756,949.408,163.901,183.998,28.991,-28.719,4.522,0.001,1.000,0.000,-0.005,0,0.000,0.080,0.997,""
3.776,948.832,163.987,183.998,28.947,-28.708,4.324,0.001,1.000,0.000,-0.006,0,0.000,0.093,0.997,""
3.796,948.256,164.070,183.998,28.904,-28.696,4.126,0.001,1.000,0.000,-0.006,0,0.000,0.106,0.998,""
3.816,947.680,164.149,183.998,28.862,-28.685,3.929,0.001,1.000,0.000,-0.006,0,0.000,0.118,0.998,""
3.836,947.104,164.223,183.998,28.822,-28.673,3.731,0.001,1.000,0.000,-0.007,0,0.000,0.130,0.999,""
3.856,946.529,164.294,183.998,28.784,-28.662,3.533,0.001,1.000,0.000,-0.007,0,0.000,0.143,0.999,""
3.876,945.954,164.361,183.998,28.747,-28.650,3.336,0.001,1.000,0.000,-0.007,0,0.000,0.154,0.999,""
3.896,945.379,164.424,183.998,28.712,-28.639,3.138,0.001,1.000,0.000,-0.008,0,0.000,0.166,1.000,""
3.916,944.804,164.483,183.998,28.678,-28.627,2.941,0.001,1.000,0.000,-0.008,0,0.000,0.177,1.000,""
3.936,944.230,164.537,183.998,28.646,-28.616,2.744,0.001,1.000,0.000,-0.008,0,0.000,0.188,1.000,""
3.956,943.656,164.588,183.998,28.616,-28.604,2.547,0.001,1.000,0.000,-0.009,0,0.000,0.199,1.000,""
3.976,943.082,164.635,183.998,28.587,-28.593,2.349,0.001,1.000,0.000,-0.009,0,0.000,0.209,1.000,""
3.996,942.508,164.678,183.998,28.560,-28.582,2.152,0.001,1.000,0.000,-0.009,0,0.000,0.219,1.000,""
4.016,941.935,164.718,183.998,28.534,-28.570,1.955,0.001,1.000,0.000,-0.010,0,0.000,0.229,1.000,""
4.036,941.362,164.753,183.998,28.510,-28.559,1.758,0.001,1.000,0.000,-0.010,0,0.000,0.238,1.000,""
4.056,940.789,164.784,183.998,28.488,-28.547,1.562,0.001,1.000,0.000,-0.010,0,0.000,0.247,0.999,""
4.076,940.217,164.811,183.998,28.468,-28.536,1.365,0.001,1.000,0.000,-0.010,0,0.000,0.256,0.999,""
4.096,939.644,164.834,183.998,28.449,-28.524,1.168,0.001,1.000,0.000,-0.011,0,0.000,0.264,0.999,""
4.116,939.072,164.854,183.998,28.432,-28.513,0.972,0.001,1.000,0.000,-0.011,0,0.000,0.273,0.999,""
4.136,938.501,164.869,183.998,28.416,-28.502,0.775,0.001,1.000,0.000,-0.011,0,0.000,0.280,0.998,""
4.156,937.929,164.881,183.998,28.402,-28.490,0.579,0.001,1.000,0.000,-0.012,0,0.000,0.288,0.998,""
4.176,937.358,164.888,183.998,28.390,-28.479,0.382,0.001,1.000,0.000,-0.012,0,0.000,0.295,0.998,""
4.196,936.787,164.892,183.999,28.379,-28.467,0.186,0.001,1.000,0.000,-0.012,0,0.000,0.302,0.997,""
4.216,936.216,164.891,183.999,28.370,-28.456,-0.010,0.001,1.000,0.000,-0.013,0,0.000,0.308,0.997,""
4.236,935.646,164.887,183.999,28.363,-28.445,-0.206,0.001,1.000,0.000,-0.013,0,0.000,0.314,0.996,""
4.256,935.076,164.879,183.999,28.357,-28.433,-0.402,0.001,1.000,0.000,-0.013,0,0.000,0.320,0.996,""
4.276,934.506,164.867,183.999,28.353,-28.422,-0.598,0.001,1.000,0.000,-0.013,0,0.000,0.325,0.996,""
4.296,933.936,164.851,183.999,28.351,-28.411,-0.794,0.001,1.000,0.000,-0.014,0,0.000,0.330,0.995,""
4.316,933.367,164.831,183.999,28.350,-28.399,-0.990,0.001,1.000,0.000,-0.014,0,0.000,0.335,0.995,""
4.336,932.798,164.807,183.999,28.350,-28.388,-1.186,0.001,1.000,0.000,-0.014,0,0.000,0.339,0.994,""
4.356,932.229,164.779,183.999,28.352,-28.376,-1.381,0.001,1.000,0.000,-0.015,0,0.000,0.343,0.994,""
4.376,931.661,164.748,183.999,28.356,-28.365,-1.577,0.001,1.000,0.000,-0.015,0,0.000,0.347,0.993,""
4.396,931.093,164.712,183.999,28.360,-28.354,-1.772,0.001,1.000,0.000,-0.015,0,0.000,0.351,0.993,""
4.416,930.525,164.673,183.999,28.367,-28.342,-1.968,0.001,1.000,0.000,-0.015,0,0.000,0.354,0.992,""
4.436,929.957,164.629,183.999,28.374,-28.331,-2.163,0.001,1.000,0.000,-0.016,0,0.000,0.356,0.992,""
4.456,929.390,164.582,183.999,28.383,-28.320,-2.358,0.001,1.000,0.000,-0.016,0,0.000,0.359,0.991,""
4.476,928.822,164.531,183.999,28.393,-28.308,-2.554,0.001,1.000,0.000,-0.016,0,0.000,0.361,0.991,""
4.496,928.256,164.476,184.000,28.404,-28.297,-2.749,0.001,1.000,0.000,-0.016,0,0.000,0.363,0.990,""
4.516,927.689,164.417,184.000,28.417,-28.286,-2.944,0.001,1.000,0.000,-0.016,0,0.000,0.364,0.990,""
4.536,927.123,164.354,184.000,28.430,-28.274,-3.139,0.001,1.000,0.000,-0.017,0,0.000,0.366,0.989,""
4.556,926.557,164.287,184.000,28.445,-28.263,-3.334,0.001,1.000,0.000,-0.017,0,0.000,0.367,0.989,""
4.576,925.991,164.216,184.000,28.461,-28.252,-3.528,0.001,1.000,0.000,-0.017,0,0.000,0.367,0.989,""
4.596,925.425,164.142,184.000,28.477,-28.241,-3.723,0.001,1.000,0.000,-0.017,0,0.000,0.368,0.988,""
4.616,924.860,164.063,184.000,28.495,-28.229,-3.918,0.001,1.000,0.000,-0.018,0,0.000,0.368,0.988,""
4.636,924.295,163.981,184.000,28.513,-28.218,-4.112,0.001,1.000,0.000,-0.018,0,0.000,0.368,0.987,""
4.656,923.730,163.895,184.000,28.532,-28.207,-4.307,0.001,1.000,0.000,-0.018,0,0.000,0.367,0.987,""
4.676,923.166,163.805,184.000,28.551,-28.195,-4.501,0.001,1.000,0.000,-0.018,0,0.000,0.366,0.987,""
4.696,922.602,163.711,184.000,28.572,-28.184,-4.695,0.001,1.000,0.000,-0.018,0,0.000,0.365,0.987,""
4.716,922.038,163.613,184.000,28.593,-28.173,-4.890,0.001,1.000,0.000,-0.019,0,0.000,0.364,0.986,""
4.736,921.474,163.511,184.001,28.614,-28.162,-5.084,0.001,1.000,0.000,-0.019,0,0.000,0.363,0.986,""
4.756,920.911,163.405,184.001,28.636,-28.150,-5.278,0.001,1.000,0.000,-0.019,0,0.000,0.361,0.986,""
4.776,920.348,163.296,184.001,28.658,-28.139,-5.472,0.001,1.000,0.000,-0.019,0,0.000,0.359,0.986,""
4.796,919.785,163.182,184.001,28.681,-28.128,-5.666,0.001,1.000,0.000,-0.019,0,0.000,0.357,0.985,""
4.816,919.222,163.065,184.001,28.703,-28.117,-5.860,0.001,1.000,0.000,-0.019,0,0.000,0.354,0.985,""
4.836,918.660,162.944,184.001,28.726,-28.105,-6.053,0.001,1.000,0.000,-0.020,0,0.000,0.352,0.985,""
4.856,918.098,162.819,184.001,28.749,-28.094,-6.247,0.001,1.000,0.000,-0.020,0,0.000,0.349,0.985,""
4.876,917.536,162.690,184.001,28.772,-28.083,-6.441,0.001,1.000,0.000,-0.020,0,0.000,0.346,0.985,""
4.896,916.974,162.558,184.001,28.795,-28.072,-6.634,0.001,1.000,0.000,-0.020,0,0.000,0.342,0.985,""
4.916,916.413,162.421,184.001,28.818,-28.060,-6.828,0.001,1.000,0.000,-0.020,0,0.000,0.339,0.985,""
4.936,915.852,162.281,184.001,28.840,-28.049,-7.021,0.001,1.000,0.000,-0.020,0,0.000,0.335,0.985,""
4.956,915.292,162.136,184.002,28.863,-28.038,-7.215,0.001,1.000,0.000,-0.021,0,0.000,0.331,0.985,""
4.976,914.731,161.988,184.002,28.885,-28.027,-7.408,0.001,1.000,0.000,-0.021,0,0.000,0.327,0.985,""
4.996,914.171,161.836,184.002,28.906,-28.015,-7.601,0.001,1.000,0.000,-0.021,0,0.000,0.323,0.985,""
5.016,913.611,161.680,184.002,28.927,-28.004,-7.794,0.001,1.000,0.000,-0.021,0,0.000,0.318,0.985,""
5.036,913.051,161.521,184.002,28.948,-27.993,-7.987,0.001,1.000,0.000,-0.021,0,0.000,0.314,0.985,""
5.056,912.492,161.357,184.002,28.967,-27.982,-8.180,0.001,1.000,0.000,-0.021,0,0.000,0.309,0.985,""
5.076,911.933,161.190,184.002,28.986,-27.971,-8.373,0.001,1.000,0.000,-0.022,0,0.000,0.304,0.985,""
5.096,911.374,161.018,184.002,29.005,-27.959,-8.566,0.001,1.000,0.000,-0.022,0,0.000,0.299,0.986,""
5.116,910.815,160.843,184.002,29.022,-27.948,-8.758,0.001,1.000,0.000,-0.022,0,0.000,0.294,0.986,""
5.136,910.257,160.664,184.002,29.039,-27.937,-8.951,0.001,1.000,0.000,-0.022,0,0.000,0.288,0.986,""
5.156,909.698,160.482,184.002,29.055,-27.926,-9.143,0.001,1.000,0.000,-0.022,0,0.000,0.283,0.986,""
5.176,909.140,160.295,184.002,29.069,-27.915,-9.336,0.001,1.000,0.000,-0.022,0,0.000,0.277,0.986,""
5.196,908.583,160.104,184.003,29.083,-27.904,-9.528,0.001,1.000,0.000,-0.023,0,0.000,0.272,0.987,""
5.216,908.025,159.910,184.003,29.095,-27.892,-9.721,0.001,1.000,0.000,-0.023,0,0.000,0.266,0.987,""
5.236,907.468,159.712,184.003,29.106,-27.881,-9.913,0.001,1.000,0.000,-0.023,0,0.000,0.260,0.987,""
5.256,906.911,159.510,184.003,29.116,-27.870,-10.105,0.001,1.000,0.000,-0.023,0,0.000,0.254,0.987,""
5.276,906.355,159.304,184.003,29.125,-27.859,-10.297,0.001,1.000,0.000,-0.023,0,0.000,0.248,0.988,""
5.296,905.798,159.094,184.003,29.132,-27.848,-10.489,0.001,1.000,0.000,-0.023,0,0.000,0.241,0.988,""
5.316,905.242,158.881,184.003,29.138,-27.837,-10.681,0.001,1.000,0.000,-0.023,0,0.000,0.235,0.988,""
5.336,904.686,158.663,184.003,29.142,-27.826,-10.873,0.001,1.000,0.000,-0.024,0,0.000,0.229,0.989,""
5.356,904.130,158.442,184.003,29.145,-27.814,-11.065,0.001,1.000,0.000,-0.024,0,0.000,0.222,0.989,""
5.376,903.575,158.217,184.003,29.147,-27.803,-11.256,0.001,1.000,0.000,-0.024,0,0.000,0.216,0.989,""
5.396,903.020,157.988,184.003,29.147,-27.792,-11.448,0.001,1.000,0.000,-0.024,0,0.000,0.209,0.990,""
5.416,902.465,157.756,184.003,29.145,-27.781,-11.639,0.001,1.000,0.000,-0.024,0,0.000,0.203,0.990,""
5.436,901.910,157.519,184.003,29.141,-27.770,-11.831,0.001,1.000,0.000,-0.024,0,0.000,0.196,0.990,""
5.456,901.356,157.279,184.003,29.136,-27.759,-12.022,0.001,1.000,0.000,-0.025,0,0.000,0.189,0.991,""
5.476,900.801,157.035,184.004,29.130,-27.748,-12.214,0.001,1.000,0.000,-0.025,0,0.000,0.183,0.991,""
5.496,900.247,156.787,184.004,29.121,-27.737,-12.405,0.001,1.000,0.000,-0.025,0,0.000,0.176,0.991,""
5.516,899.694,156.535,184.004,29.111,-27.726,-12.596,0.001,1.000,0.000,-0.025,0,0.000,0.169,0.992,""
5.536,899.140,156.279,184.004,29.099,-27.714,-12.787,0.001,1.000,0.000,-0.025,0,0.000,0.162,0.992,""
5.556,898.587,156.020,184.004,29.085,-27.703,-12.978,0.001,1.000,0.000,-0.026,0,0.000,0.155,0.992,""
5.576,898.034,155.756,184.004,29.070,-27.692,-13.169,0.001,1.000,0.000,-0.026,0,0.000,0.149,0.993,""
5.596,897.481,155.489,184.004,29.052,-27.681,-13.360,0.001,1.000,0.000,-0.026,0,0.000,0.142,0.993,""
5.616,896.928,155.218,184.004,29.033,-27.670,-13.551,0.001,1.000,0.000,-0.026,0,0.000,0.135,0.993,""
5.636,896.376,154.944,184.004,29.012,-27.659,-13.741,0.001,1.000,0.000,-0.026,0,0.000,0.128,0.994,""
5.656,895.824,154.665,184.004,28.990,-27.648,-13.932,0.001,1.000,0.000,-0.026,0,0.000,0.121,0.994,""
5.676,895.272,154.383,184.004,28.965,-27.637,-14.123,0.001,1.000,0.000,-0.027,0,0.000,0.114,0.994,"Ground_Mountain_0_4:(-0.015, 1.000, 0.000) separation=0.6428083;Ground_Mountain_0_4:(-0.015, 1.000, 0.000) separation=0.493459;Ground_Mountain_0_4:(-0.015, 1.000, 0.000) separation=0.4951161;Ground_Mountain_0_4:(-0.015, 1.000, 0.000) separation=0.6099507;Ground_Mountain_0_4:(-0.015, 1.000, 0.000) separation=0.4943236;Ground_Mountain_0_4:(-0.015, 1.000, 0.000) separation=0.5791065;"
5.696,894.731,154.132,184.005,28.443,-27.887,-12.616,0.067,1.000,0.000,-0.027,2,22.500,0.796,0.999,"Ground_Mountain_0_4:(-0.015, 1.000, 0.000) separation=0.4252611;Ground_Mountain_0_4:(-0.015, 1.000, 0.000) separation=0.2244345;Ground_Mountain_0_4:(-0.015, 1.000, 0.000) separation=0.4270197;Ground_Mountain_0_4:(-0.015, 1.000, 0.000) separation=0.222676;Ground_Mountain_0_4:(-0.015, 1.000, 0.000) separation=0.2235934;Ground_Mountain_0_4:(-0.015, 1.000, 0.000) separation=0.2241112;"
5.716,894.173,154.059,184.007,28.306,-28.235,-3.650,0.115,1.000,0.000,-0.025,4,45.000,16.973,1.000,"Ground_Mountain_0_4:(-0.015, 1.000, 0.000) separation=0.1157404;Ground_Mountain_0_4:(-0.015, 1.000, 0.000) separation=0.04569376;Ground_Mountain_0_4:(-0.015, 1.000, 0.000) separation=0.1166215;Ground_Mountain_0_4:(-0.015, 1.000, 0.000) separation=0.04481261;Ground_Mountain_0_4:(-0.015, 1.000, 0.000) separation=0.04527363;Ground_Mountain_0_4:(-0.015, 1.000, 0.000) separation=0.04586151;"
5.736,893.613,154.038,184.010,28.082,-28.068,-1.067,0.144,1.000,0.000,-0.022,4,39.921,7.457,1.000,"Ground_Mountain_0_4:(-0.015, 1.000, 0.000) separation=0.02315317;Ground_Mountain_0_4:(-0.015, 1.000, 0.000) separation=0.009173026;Ground_Mountain_0_4:(-0.015, 1.000, 0.000) separation=0.02333195;Ground_Mountain_0_4:(-0.015, 1.000, 0.000) separation=0.008994211;Ground_Mountain_0_4:(-0.015, 1.000, 0.000) separation=0.009088069;Ground_Mountain_0_4:(-0.015, 1.000, 0.000) separation=0.01280123;"
5.756,893.049,154.026,184.013,28.222,-28.216,-0.553,0.165,1.000,0.000,-0.023,4,24.185,1.492,1.000,"Ground_Mountain_0_4:(-0.015, 1.000, 0.000) separation=0.00456035;Ground_Mountain_0_4:(-0.015, 1.000, 0.000) separation=0.00193595;Ground_Mountain_0_4:(-0.015, 1.000, 0.000) separation=0.004680195;Ground_Mountain_0_4:(-0.015, 1.000, 0.000) separation=0.001816288;Ground_Mountain_0_4:(-0.015, 1.000, 0.000) separation=0.001878381;Ground_Mountain_0_4:(-0.015, 1.000, 0.000) separation=0.003245234;"
5.776,892.481,154.020,184.017,28.407,-28.405,-0.343,0.182,1.000,0.000,-0.023,4,20.443,0.291,1.000,"Ground_Mountain_0_4:(-0.015, 1.000, 0.000) separation=0.0008944214;Ground_Mountain_0_4:(-0.015, 1.000, 0.000) separation=0.0003713559;Ground_Mountain_0_4:(-0.015, 1.000, 0.000) separation=0.0009228069;Ground_Mountain_0_4:(-0.015, 1.000, 0.000) separation=0.000342929;Ground_Mountain_0_4:(-0.015, 1.000, 0.000) separation=0.0003550649;Ground_Mountain_0_4:(-0.015, 1.000, 0.000) separation=0.0003581047;"
5.796,891.910,154.016,184.020,28.591,-28.591,-0.166,0.192,1.000,0.000,-0.022,4,18.806,0.240,1.000,"Ground_Mountain_0_4:(-0.015, 1.000, 0.000) separation=0.00175792;Ground_Mountain_0_4:(-0.015, 1.000, 0.000) separation=0.002859925;Ground_Mountain_0_4:(-0.015, 1.000, 0.000) separation=0.001708491;Ground_Mountain_0_4:(-0.015, 1.000, 0.000) separation=0.002909221;Ground_Mountain_0_4:(-0.015, 1.000, 0.000) separation=0.00173384;Ground_Mountain_0_4:(-0.015, 1.000, 0.000) separation=0.002374649;"
5.816,891.334,154.016,184.024,28.774,-28.775,-0.022,0.193,1.000,0.000,-0.019,4,17.157,0.194,1.000,"Ground_Mountain_0_4:(-0.015, 1.000, 0.000) separation=0.006402016;Ground_Mountain_0_4:(-0.015, 1.000, 0.000) separation=0.008703167;Ground_Mountain_0_4:(-0.015, 1.000, 0.000) separation=0.006280179;Ground_Mountain_0_4:(-0.015, 1.000, 0.000) separation=0.008825121;Ground_Mountain_0_4:(-0.015, 1.000, 0.000) separation=0.006337434;Ground_Mountain_0_4:(-0.015, 1.000, 0.000) separation=0.007066429;"
5.836,890.755,154.018,184.028,28.955,-28.958,0.089,0.186,1.000,0.000,-0.016,4,15.546,0.155,1.000,"Ground_Mountain_0_4:(-0.015, 1.000, 0.000) separation=0.01415935;Ground_Mountain_0_4:(-0.015, 1.000, 0.000) separation=0.01732308;Ground_Mountain_0_4:(-0.015, 1.000, 0.000) separation=0.01397614;Ground_Mountain_0_4:(-0.015, 1.000, 0.000) separation=0.01750625;Ground_Mountain_0_4:(-0.015, 1.000, 0.000) separation=0.01406261;Ground_Mountain_0_4:(-0.015, 1.000, 0.000) separation=0.01420766;"
5.856,890.172,154.021,184.031,29.135,-29.139,0.171,0.171,1.000,0.000,-0.013,4,14.015,0.120,1.000,"Ground_Mountain_0_4:(-0.015, 1.000, 0.000) separation=0.02434032;Ground_Mountain_0_4:(-0.015, 1.000, 0.000) separation=0.02808669;Ground_Mountain_0_4:(-0.015, 1.000, 0.000) separation=0.02410689;Ground_Mountain_0_4:(-0.015, 1.000, 0.000) separation=0.02832017;Ground_Mountain_0_4:(-0.015, 1.000, 0.000) separation=0.02421513;Ground_Mountain_0_4:(-0.015, 1.000, 0.000) separation=0.02425635;"
5.876,889.586,154.026,184.034,29.314,-29.319,0.223,0.150,1.000,0.000,-0.010,4,12.595,0.091,1.000,"Ground_Mountain_0_4:(-0.015, 1.000, 0.000) separation=0.03633139;Ground_Mountain_0_4:(-0.015, 1.000, 0.000) separation=0.04040229;Ground_Mountain_0_4:(-0.015, 1.000, 0.000) separation=0.03605461;Ground_Mountain_0_4:(-0.015, 1.000, 0.000) separation=0.04067905;Ground_Mountain_0_4:(-0.015, 1.000, 0.000) separation=0.03618199;Ground_Mountain_0_4:(-0.015, 1.000, 0.000) separation=0.03800845;"
5.896,888.996,154.031,184.037,29.491,-29.497,0.250,0.125,1.000,0.000,-0.006,4,11.311,0.067,1.000,"Ground_Mountain_0_4:(-0.015, 1.000, 0.000) separation=0.04951235;Ground_Mountain_0_4:(-0.015, 1.000, 0.000) separation=0.05372581;Ground_Mountain_0_4:(-0.015, 1.000, 0.000) separation=0.04919868;Ground_Mountain_0_4:(-0.015, 1.000, 0.000) separation=0.05403949;Ground_Mountain_0_4:(-0.015, 1.000, 0.000) separation=0.04933825;Ground_Mountain_0_4:(-0.015, 1.000, 0.000) separation=0.05005077;"
5.916,888.403,154.036,184.039,29.668,-29.674,0.255,0.097,1.000,0.000,-0.004,4,10.178,0.048,1.000,"Ground_Mountain_0_4:(-0.015, 1.000, -0.001) separation=0.06337524;Ground_Mountain_0_4:(-0.015, 1.000, -0.001) separation=0.07009562;Ground_Mountain_0_4:(-0.015, 1.000, -0.001) separation=0.06303294;Ground_Mountain_0_4:(-0.015, 1.000, -0.001) separation=0.06793898;Ground_Mountain_0_4:(-0.015, 1.000, -0.001) separation=0.06311795;Ground_Mountain_0_4:(-0.015, 1.000, -0.001) separation=0.06318453;"
5.936,887.806,154.040,184.040,29.843,-29.849,0.239,0.067,1.000,0.000,-0.001,4,9.183,0.036,1.000,"Ground_Mountain_0_4:(-0.015, 1.000, -0.001) separation=0.07744884;Ground_Mountain_0_4:(-0.015, 1.000, -0.001) separation=0.08426831;Ground_Mountain_0_4:(-0.015, 1.000, -0.001) separation=0.07708532;Ground_Mountain_0_4:(-0.015, 1.000, -0.001) separation=0.08204515;Ground_Mountain_0_4:(-0.015, 1.000, -0.001) separation=0.07724455;Ground_Mountain_0_4:(-0.015, 1.000, -0.001) separation=0.07955885;"
5.956,887.205,154.045,184.041,30.018,-30.023,0.208,0.038,1.000,0.000,0.001,4,8.366,0.022,1.000,"Ground_Mountain_0_4:(-0.015, 1.000, -0.001) separation=0.09130757;Ground_Mountain_0_4:(-0.015, 1.000, -0.001) separation=0.09813054;Ground_Mountain_0_4:(-0.015, 1.000, -0.001) separation=0.09091614;Ground_Mountain_0_4:(-0.015, 1.000, -0.001) separation=0.09593893;Ground_Mountain_0_4:(-0.015, 1.000, -0.001) separation=0.0910874;Ground_Mountain_0_4:(-0.015, 1.000, -0.001) separation=0.09215125;"
5.976,886.601,154.048,184.041,30.189,-30.194,0.162,0.011,0.991,0.000,0.003,4,7.699,0.068,1.000,"Ground_Mountain_0_4:(-0.015, 1.000, 0.000) separation=0.1046206;Ground_Mountain_0_4:(-0.015, 1.000, 0.000) separation=0.1328807;Ground_Mountain_0_4:(-0.015, 1.000, 0.000) separation=0.104196;Ground_Mountain_0_4:(-0.015, 1.000, 0.000) separation=0.1091997;Ground_Mountain_0_4:(-0.015, 1.000, 0.000) separation=0.1042948;Ground_Mountain_0_4:(-0.015, 1.000, 0.000) separation=0.1043795;"
5.996,885.994,154.049,184.041,30.344,-30.348,0.085,-0.019,0.905,0.000,0.004,4,6.562,1.427,1.000,"Ground_Mountain_0_4:(-0.015, 1.000, -0.002) separation=0.1170998;Ground_Mountain_0_4:(-0.015, 1.000, -0.002) separation=0.1210902;Ground_Mountain_0_4:(-0.015, 1.000, -0.002) separation=0.1220343;Ground_Mountain_0_4:(-0.015, 1.000, -0.002) separation=0.1205056;Ground_Mountain_0_4:(-0.015, 1.000, -0.002) separation=0.1169361;Ground_Mountain_0_4:(-0.015, 1.000, -0.002) separation=0.1170258;Ground_Mountain_0_4:(-0.121, 0.985, -0.125) separation=0.1242378;Ground_Mountain_0_4:(-0.121, 0.985, -0.125) separation=0.1349333;Ground_Mountain_0_4:(-0.121, 0.985, -0.125) separation=0.2078719;Ground_Mountain_0_4:(-0.121, 0.985, -0.125) separation=0.1222209;Ground_Mountain_0_4:(-0.121, 0.985, -0.125) separation=0.1181561;Ground_Mountain_0_4:(-0.121, 0.985, -0.125) separation=0.1186628;"
6.016,885.384,154.049,184.039,30.484,-30.487,-0.034,-0.044,0.828,0.000,0.004,4,4.395,1.190,1.000,"Ground_Mountain_0_4:(-0.121, 0.985, -0.125) separation=0.1342694;Ground_Mountain_0_4:(-0.121, 0.985, -0.125) separation=0.2023743;Ground_Mountain_0_4:(-0.121, 0.985, -0.125) separation=0.2746077;Ground_Mountain_0_4:(-0.121, 0.985, -0.125) separation=0.1320772;Ground_Mountain_0_4:(-0.121, 0.985, -0.125) separation=0.1278387;Ground_Mountain_0_4:(-0.121, 0.985, -0.125) separation=0.1283831;Ground_Mountain_0_4:(-0.015, 1.000, -0.003) separation=0.1291422;Ground_Mountain_0_4:(-0.015, 1.000, -0.003) separation=0.1308735;Ground_Mountain_0_4:(-0.015, 1.000, -0.003) separation=0.1308302;Ground_Mountain_0_4:(-0.015, 1.000, -0.003) separation=0.1305545;Ground_Mountain_0_4:(-0.015, 1.000, -0.003) separation=0.1288106;Ground_Mountain_0_4:(-0.015, 1.000, -0.003) separation=0.1302242;"
6.036,884.777,154.060,184.043,30.608,-30.612,-0.178,-0.063,0.758,0.000,0.005,4,3.112,0.891,1.000,"Ground_Mountain_0_4:(-0.121, 0.985, -0.125) separation=0.143513;Ground_Mountain_0_4:(-0.121, 0.985, -0.125) separation=0.2666873;Ground_Mountain_0_4:(-0.121, 0.985, -0.125) separation=0.337977;Ground_Mountain_0_4:(-0.121, 0.985, -0.125) separation=0.1407714;Ground_Mountain_0_4:(-0.121, 0.985, -0.125) separation=0.136667;Ground_Mountain_0_4:(-0.121, 0.985, -0.125) separation=0.1372403;Ground_Mountain_0_4:(-0.015, 1.000, -0.003) separation=0.1401271;Ground_Mountain_0_4:(-0.240, 0.933, -0.269) separation=-0.31037;Ground_Mountain_0_4:(-0.015, 1.000, -0.003) separation=0.1411749;Ground_Mountain_0_4:(-0.015, 1.000, -0.003) separation=0.1395355;Ground_Mountain_0_4:(-0.015, 1.000, -0.003) separation=0.1391666;Ground_Mountain_0_4:(-0.015, 1.000, -0.003) separation=0.1394297;"
6.056,884.161,154.054,184.041,30.721,-30.723,-0.281,-0.086,0.696,0.000,0.016,2,5.503,2.674,1.000,"Ground_Mountain_0_4:(0.002, 1.000, 0.016) separation=0.1223426;Ground_Mountain_0_4:(-0.218, 0.944, -0.247) separation=-0.1336084;Ground_Mountain_0_4:(0.002, 1.000, 0.016) separation=0.1412402;Ground_Mountain_0_4:(-0.218, 0.944, -0.247) separation=-0.1336084;Ground_Mountain_0_4:(0.002, 1.000, 0.016) separation=0.1288403;Ground_Mountain_0_4:(0.002, 1.000, 0.016) separation=0.1289193;Ground_Mountain_0_4:(-0.109, 0.984, -0.140) separation=0.184666;Ground_Mountain_0_4:(-0.109, 0.984, -0.140) separation=0.362075;Ground_Mountain_0_4:(-0.109, 0.984, -0.140) separation=0.3887391;Ground_Mountain_0_4:(-0.109, 0.984, -0.140) separation=0.1421163;Ground_Mountain_0_4:(-0.226, 0.936, -0.270) separation=0.5136061;Ground_Mountain_0_4:(-0.226, 0.936, -0.270) separation=0.341436;Ground_Mountain_0_4:(-0.226, 0.936, -0.270) separation=0.4564901;Ground_Mountain_0_4:(-0.226, 0.936, -0.270) separation=0.4627884;Ground_Mountain_0_4:(-0.226, 0.936, -0.270) separation=0.4095122;"
6.076,883.542,154.045,184.038,30.825,-30.825,-0.437,-0.105,0.639,0.000,0.016,2,2.735,2.037,1.000,"Ground_Mountain_0_4:(-0.094, 0.990, -0.102) separation=0.1644323;Ground_Mountain_0_4:(-0.094, 0.990, -0.102) separation=0.3416891;Ground_Mountain_0_4:(-0.094, 0.990, -0.102) separation=0.2512134;Ground_Mountain_0_4:(-0.094, 0.990, -0.102) separation=0.3144094;Ground_Mountain_0_4:(-0.094, 0.990, -0.102) separation=0.2091209;Ground_Mountain_0_4:(-0.094, 0.990, -0.102) separation=0.3522233;Ground_Mountain_0_4:(-0.226, 0.936, -0.270) separation=0.6351714;Ground_Mountain_0_4:(-0.226, 0.936, -0.270) separation=0.3304105;Ground_Mountain_0_4:(-0.226, 0.936, -0.270) separation=0.4416737;Ground_Mountain_0_4:(-0.226, 0.936, -0.270) separation=0.5947362;Ground_Mountain_0_4:(-0.226, 0.936, -0.270) separation=0.3955165;Ground_Mountain_0_4:(-0.218, 0.944, -0.247) separation=0.001469076;Ground_Mountain_0_4:(-0.218, 0.944, -0.247) separation=0.001469076;Ground_Mountain_0_4:(-0.218, 0.944, -0.247) separation=0.001469076;Ground_Mountain_0_4:(-0.218, 0.944, -0.247) separation=0.001469076;"
6.096,882.924,154.033,184.035,30.816,-30.812,-0.624,-0.105,0.587,0.000,0.014,1,0.452,0.200,1.000,"Ground_Mountain_0_4:(-0.094, 0.990, -0.102) separation=0.2313178;Ground_Mountain_0_4:(-0.094, 0.990, -0.102) separation=0.3310434;Ground_Mountain_0_4:(-0.094, 0.990, -0.102) separation=0.3159217;Ground_Mountain_0_4:(-0.094, 0.990, -0.102) separation=0.3061153;Ground_Mountain_0_4:(-0.094, 0.990, -0.102) separation=0.2752362;Ground_Mountain_0_4:(-0.094, 0.990, -0.102) separation=0.3436957;Ground_Mountain_0_4:(-0.232, 0.935, -0.270) separation=0.3229118;Ground_Mountain_0_4:(-0.232, 0.935, -0.270) separation=0.4305093;Ground_Mountain_0_4:(-0.232, 0.935, -0.270) separation=0.3853952;Ground_Mountain_0_4:(-0.218, 0.944, -0.247) separation=0.1355914;Ground_Mountain_0_4:(-0.218, 0.944, -0.247) separation=0.1355914;Ground_Mountain_0_4:(-0.218, 0.944, -0.247) separation=0.1355914;"
6.116,882.307,154.016,184.032,30.809,-30.800,-0.820,-0.105,0.592,0.000,0.012,0,0.000,0.215,1.000,"Ground_Mountain_0_4:(-0.094, 0.990, -0.102) separation=0.2945392;Ground_Mountain_0_4:(-0.094, 0.990, -0.102) separation=0.3541193;Ground_Mountain_0_4:(-0.094, 0.990, -0.102) separation=0.33763;Ground_Mountain_0_4:(-0.094, 0.990, -0.102) separation=0.3019593;Ground_Mountain_0_4:(-0.094, 0.990, -0.102) separation=0.3244677;Ground_Mountain_0_4:(-0.094, 0.990, -0.102) separation=0.339102;Ground_Mountain_0_4:(-0.234, 0.934, -0.269) separation=0.3190862;Ground_Mountain_0_4:(-0.234, 0.934, -0.269) separation=0.4236269;Ground_Mountain_0_4:(-0.234, 0.934, -0.269) separation=0.3894341;Ground_Mountain_0_4:(-0.234, 0.934, -0.269) separation=0.3771551;Ground_Mountain_0_4:(-0.218, 0.944, -0.247) separation=0.2662176;Ground_Mountain_0_4:(-0.218, 0.944, -0.247) separation=0.2662176;"
6.136,881.689,153.996,184.029,30.802,-30.788,-1.016,-0.105,0.596,0.000,0.010,0,0.000,0.224,1.000,"Ground_Mountain_0_4:(-0.217, 0.942, -0.255) separation=0.345759;Ground_Mountain_0_4:(-0.217, 0.942, -0.255) separation=0.4676157;Ground_Mountain_0_4:(-0.217, 0.942, -0.255) separation=0.5171115;"
6.156,881.072,153.972,184.026,30.797,-30.776,-1.211,-0.105,0.599,0.000,0.009,0,0.000,0.234,1.000,"Ground_Mountain_0_4:(-0.217, 0.942, -0.255) separation=0.4685681;Ground_Mountain_0_4:(-0.217, 0.942, -0.255) separation=0.5965139;Ground_Mountain_0_4:(-0.217, 0.942, -0.255) separation=0.6374242;"
6.176,880.455,153.944,184.023,30.793,-30.763,-1.407,-0.105,0.602,0.000,0.007,0,0.000,0.243,0.999,"Ground_Mountain_0_4:(-0.218, 0.944, -0.247) separation=0.5874362;"
6.196,879.838,153.911,184.020,30.790,-30.751,-1.603,-0.105,0.604,0.000,0.005,0,0.000,0.251,0.999,""
6.216,879.222,153.875,184.017,30.788,-30.739,-1.798,-0.105,0.605,0.000,0.003,0,0.000,0.260,0.999,""
6.236,878.606,153.835,184.014,30.787,-30.726,-1.994,-0.105,0.606,0.000,0.001,0,0.000,0.268,0.999,""
6.256,877.990,153.792,184.011,30.787,-30.714,-2.189,-0.105,0.607,0.000,-0.001,0,0.000,0.276,0.999,""
6.276,877.375,153.744,184.008,30.789,-30.702,-2.384,-0.105,0.606,0.000,-0.003,0,0.000,0.283,0.998,""
6.296,876.760,153.692,184.006,30.792,-30.689,-2.579,-0.105,0.606,0.000,-0.005,0,0.000,0.290,0.998,""
6.316,876.145,153.637,184.003,30.795,-30.677,-2.774,-0.105,0.604,0.000,-0.007,0,0.000,0.297,0.997,""
6.336,875.530,153.577,184.000,30.800,-30.665,-2.969,-0.105,0.602,0.000,-0.009,0,0.000,0.303,0.997,""
6.356,874.916,153.514,183.997,30.806,-30.653,-3.164,-0.105,0.600,0.000,-0.011,0,0.000,0.309,0.997,""
6.376,874.302,153.446,183.994,30.813,-30.640,-3.359,-0.105,0.597,0.000,-0.013,0,0.000,0.315,0.996,""
6.396,873.688,153.375,183.992,30.821,-30.628,-3.554,-0.104,0.594,0.000,-0.015,0,0.000,0.320,0.996,""
6.416,873.074,153.300,183.989,30.829,-30.616,-3.749,-0.104,0.590,0.000,-0.017,0,0.000,0.326,0.995,""
6.436,872.461,153.221,183.986,30.839,-30.604,-3.943,-0.104,0.585,0.000,-0.020,0,0.000,0.330,0.995,""
6.456,871.848,153.138,183.983,30.850,-30.591,-4.138,-0.104,0.580,0.000,-0.022,0,0.000,0.335,0.994,""
6.476,871.235,153.051,183.981,30.861,-30.579,-4.332,-0.104,0.575,0.000,-0.024,0,0.000,0.339,0.994,""
6.496,870.623,152.961,183.978,30.874,-30.567,-4.527,-0.104,0.569,0.000,-0.026,0,0.000,0.343,0.993,""
6.516,870.011,152.866,183.975,30.887,-30.555,-4.721,-0.104,0.563,0.000,-0.028,0,0.000,0.346,0.993,""
6.536,869.399,152.768,183.973,30.901,-30.542,-4.915,-0.104,0.557,0.000,-0.030,0,0.000,0.349,0.992,""
6.556,868.788,152.665,183.970,30.916,-30.530,-5.109,-0.104,0.550,0.000,-0.033,0,0.000,0.352,0.992,""
6.576,868.176,152.559,183.968,30.931,-30.518,-5.303,-0.104,0.542,0.000,-0.035,0,0.000,0.355,0.992,""
6.596,867.565,152.449,183.965,30.947,-30.506,-5.497,-0.104,0.534,0.000,-0.037,0,0.000,0.357,0.991,""
6.616,866.955,152.335,183.963,30.964,-30.494,-5.691,-0.104,0.526,0.000,-0.039,0,0.000,0.359,0.991,""
6.636,866.344,152.217,183.960,30.981,-30.481,-5.885,-0.104,0.518,0.000,-0.041,0,0.000,0.361,0.990,"Ground_Mountain_0_4:(0.015, 1.000, -0.009) separation=0.6353433;Ground_Mountain_0_4:(0.015, 1.000, -0.009) separation=0.6314515;Ground_Mountain_0_4:(0.015, 1.000, -0.009) separation=0.6365492;Ground_Mountain_0_4:(0.015, 1.000, -0.009) separation=0.6449495;Ground_Mountain_0_4:(0.015, 1.000, -0.009) separation=0.6182988;Ground_Mountain_0_4:(0.015, 1.000, -0.009) separation=0.6367956;"
6.656,865.734,152.096,183.957,30.999,-30.469,-6.079,-0.104,0.509,0.000,-0.043,0,0.000,0.362,0.990,"Ground_Mountain_0_4:(0.015, 1.000, -0.009) separation=0.6225529;Ground_Mountain_0_4:(0.015, 1.000, -0.009) separation=0.4880611;Ground_Mountain_0_4:(0.015, 1.000, -0.009) separation=0.5958087;Ground_Mountain_0_4:(0.015, 1.000, -0.009) separation=0.5158468;Ground_Mountain_0_4:(0.015, 1.000, -0.009) separation=0.5018638;Ground_Mountain_0_4:(0.015, 1.000, -0.009) separation=0.5757419;"
6.676,865.124,151.970,183.955,31.017,-30.457,-6.273,-0.104,0.501,0.000,-0.045,0,0.000,0.363,0.989,"Ground_Mountain_0_4:(0.015, 1.000, -0.009) separation=0.6072962;Ground_Mountain_0_4:(0.015, 1.000, -0.009) separation=0.3830388;Ground_Mountain_0_4:(0.015, 1.000, -0.009) separation=0.3541636;Ground_Mountain_0_4:(0.015, 1.000, -0.009) separation=0.5821221;Ground_Mountain_0_4:(0.015, 1.000, -0.009) separation=0.3686038;Ground_Mountain_0_4:(0.015, 1.000, -0.009) separation=0.5364946;"
6.696,864.514,151.845,183.956,31.115,-30.556,-6.280,0.050,0.491,0.000,-0.047,2,9.300,3.834,0.990,"Ground_Mountain_0_4:(0.015, 1.000, -0.009) separation=0.5835551;Ground_Mountain_0_4:(0.015, 1.000, -0.009) separation=0.216554;Ground_Mountain_0_4:(0.015, 1.000, -0.009) separation=0.5536395;Ground_Mountain_0_4:(0.015, 1.000, -0.009) separation=0.2464678;Ground_Mountain_0_4:(0.015, 1.000, -0.009) separation=0.2291485;Ground_Mountain_0_4:(0.015, 1.000, -0.009) separation=0.2316124;"
6.716,863.912,151.738,183.966,31.018,-30.645,-5.397,0.153,0.442,0.000,-0.045,2,13.184,2.509,0.995,"Ground_Mountain_0_4:(0.015, 1.000, -0.009) separation=0.4470477;Ground_Mountain_0_4:(0.015, 1.000, -0.009) separation=0.08389316;Ground_Mountain_0_4:(0.015, 1.000, -0.009) separation=0.416448;Ground_Mountain_0_4:(0.015, 1.000, -0.009) separation=0.114489;Ground_Mountain_0_4:(0.015, 1.000, -0.009) separation=0.09934008;Ground_Mountain_0_4:(0.015, 1.000, -0.009) separation=0.1495857;"
6.736,863.318,151.657,183.976,30.693,-30.581,-4.107,0.268,0.491,0.000,-0.038,4,29.296,11.764,0.999,"Ground_Mountain_0_4:(0.015, 1.000, -0.009) separation=0.2791764;Ground_Mountain_0_4:(0.015, 1.000, -0.009) separation=0.01702481;Ground_Mountain_0_4:(0.015, 1.000, -0.009) separation=0.2650384;Ground_Mountain_0_4:(0.015, 1.000, -0.009) separation=0.03115781;Ground_Mountain_0_4:(0.015, 1.000, -0.009) separation=0.02422142;Ground_Mountain_0_4:(0.015, 1.000, -0.009) separation=0.12712;"
6.756,862.722,151.621,183.982,30.305,-30.315,-1.809,0.297,0.653,0.000,-0.040,4,33.586,19.335,1.000,"Ground_Mountain_0_4:(0.015, 1.000, -0.009) separation=0.1089617;Ground_Mountain_0_4:(0.015, 1.000, -0.009) separation=0.004197015;Ground_Mountain_0_4:(0.015, 1.000, -0.009) separation=0.1066044;Ground_Mountain_0_4:(0.015, 1.000, -0.009) separation=0.006550769;Ground_Mountain_0_4:(0.015, 1.000, -0.009) separation=0.004651129;Ground_Mountain_0_4:(0.015, 1.000, -0.009) separation=0.00537914;Ground_Mountain_0_4:(0.015, 1.000, -0.009) separation=0.05415463;"
6.776,862.121,151.621,183.989,30.167,-30.169,-0.008,0.331,0.848,0.000,-0.041,4,34.043,10.806,1.000,"Ground_Mountain_0_4:(0.015, 1.000, -0.009) separation=0.02164797;Ground_Mountain_0_4:(0.015, 1.000, -0.009) separation=0.001062077;Ground_Mountain_0_4:(0.015, 1.000, -0.009) separation=0.02132289;Ground_Mountain_0_4:(0.015, 1.000, -0.009) separation=0.001389803;Ground_Mountain_0_4:(0.015, 1.000, -0.009) separation=0.001224995;Ground_Mountain_0_4:(0.015, 1.000, -0.009) separation=0.002033949;"
6.796,861.515,151.628,183.997,30.297,-30.293,0.360,0.365,0.916,0.000,-0.041,4,22.561,2.136,1.000,"Ground_Mountain_0_4:(0.015, 1.000, -0.009) separation=0.004231628;Ground_Mountain_0_4:(0.015, 1.000, -0.009) separation=0.0002654982;Ground_Mountain_0_4:(0.015, 1.000, -0.009) separation=0.004249686;Ground_Mountain_0_4:(0.015, 1.000, -0.009) separation=0.0002548223;Ground_Mountain_0_4:(0.015, 1.000, -0.009) separation=0.0002603233;Ground_Mountain_0_4:(0.015, 1.000, -0.009) separation=0.001462042;"
6.816,860.907,151.640,184.004,30.437,-30.429,0.568,0.393,0.851,0.000,-0.042,4,20.096,0.418,1.000,"Ground_Mountain_0_4:(0.015, 1.000, -0.009) separation=0.0009076363;Ground_Mountain_0_4:(0.015, 1.000, -0.009) separation=2.868811E-05;Ground_Mountain_0_4:(0.015, 1.000, -0.009) separation=0.0008442933;Ground_Mountain_0_4:(0.015, 1.000, -0.009) separation=9.472987E-05;Ground_Mountain_0_4:(0.015, 1.000, -0.009) separation=5.865097E-05;Ground_Mountain_0_4:(0.015, 1.000, -0.009) separation=0.0005640686;Ground_Mountain_0_4:(0.015, 1.000, -0.009) separation=0.05003342;"
6.836,860.296,151.654,184.012,30.563,-30.552,0.744,0.407,0.782,0.000,-0.040,4,18.564,0.343,1.000,"Ground_Mountain_0_4:(0.015, 1.000, -0.009) separation=0.002010004;Ground_Mountain_0_4:(0.015, 1.000, -0.009) separation=0.003572105;Ground_Mountain_0_4:(0.015, 1.000, -0.009) separation=0.001903424;Ground_Mountain_0_4:(0.015, 1.000, -0.009) separation=0.003677178;Ground_Mountain_0_4:(0.015, 1.000, -0.009) separation=0.001918882;Ground_Mountain_0_4:(0.015, 1.000, -0.009) separation=0.001918882;"
6.856,859.683,151.672,184.021,30.676,-30.663,0.890,0.404,0.719,0.000,-0.035,4,16.987,0.277,1.000,"Ground_Mountain_0_4:(0.015, 1.000, -0.009) separation=0.006958379;Ground_Mountain_0_4:(0.015, 1.000, -0.009) separation=0.01031944;Ground_Mountain_0_4:(0.015, 1.000, -0.009) separation=0.006810771;Ground_Mountain_0_4:(0.015, 1.000, -0.009) separation=0.01046411;Ground_Mountain_0_4:(0.015, 1.000, -0.009) separation=0.006885618;Ground_Mountain_0_4:(0.015, 1.000, -0.009) separation=0.008528322;"
6.876,859.068,151.692,184.028,30.779,-30.764,1.003,0.386,0.662,0.000,-0.030,4,15.421,0.219,1.000,"Ground_Mountain_0_4:(0.015, 1.000, -0.009) separation=0.01502451;Ground_Mountain_0_4:(0.015, 1.000, -0.009) separation=0.01968252;Ground_Mountain_0_4:(0.015, 1.000, -0.009) separation=0.01484399;Ground_Mountain_0_4:(0.015, 1.000, -0.009) separation=0.01985794;Ground_Mountain_0_4:(0.015, 1.000, -0.009) separation=0.01493222;Ground_Mountain_0_4:(0.015, 1.000, -0.009) separation=0.01589996;"
6.896,858.451,151.714,184.035,30.872,-30.856,1.086,0.353,0.610,0.000,-0.024,4,13.914,0.170,1.000,"Ground_Mountain_0_4:(0.015, 1.000, -0.009) separation=0.02551237;Ground_Mountain_0_4:(0.015, 1.000, -0.009) separation=0.03104083;Ground_Mountain_0_4:(0.015, 1.000, -0.009) separation=0.02530226;Ground_Mountain_0_4:(0.015, 1.000, -0.009) separation=0.03125037;Ground_Mountain_0_4:(0.015, 1.000, -0.009) separation=0.02533934;Ground_Mountain_0_4:(0.015, 1.000, -0.009) separation=0.02540025;"
6.916,857.832,151.737,184.041,30.956,-30.940,1.140,0.308,0.564,0.000,-0.017,4,12.505,0.127,1.000,"Ground_Mountain_0_4:(0.015, 1.000, -0.009) separation=0.03782599;Ground_Mountain_0_4:(0.015, 1.000, -0.009) separation=0.04388684;Ground_Mountain_0_4:(0.015, 1.000, -0.009) separation=0.03759788;Ground_Mountain_0_4:(0.015, 1.000, -0.009) separation=0.0441221;Ground_Mountain_0_4:(0.015, 1.000, -0.009) separation=0.03770038;Ground_Mountain_0_4:(0.015, 1.000, -0.009) separation=0.04118958;"
6.936,857.212,151.760,184.047,31.032,-31.016,1.169,0.256,0.522,0.000,-0.011,4,11.219,0.092,1.000,"Ground_Mountain_0_4:(0.015, 1.000, -0.009) separation=0.05137403;Ground_Mountain_0_4:(0.015, 1.000, -0.009) separation=0.05766638;Ground_Mountain_0_4:(0.015, 1.000, -0.009) separation=0.05112651;Ground_Mountain_0_4:(0.015, 1.000, -0.009) separation=0.05791884;Ground_Mountain_0_4:(0.015, 1.000, -0.009) separation=0.0512343;Ground_Mountain_0_4:(0.015, 1.000, -0.009) separation=0.05306849;"
6.956,856.590,151.784,184.051,31.101,-31.086,1.175,0.199,0.484,0.000,-0.006,4,10.078,0.062,1.000,"Ground_Mountain_0_4:(0.015, 1.000, -0.009) separation=0.06557087;Ground_Mountain_0_4:(0.015, 1.000, -0.009) separation=0.07187062;Ground_Mountain_0_4:(0.015, 1.000, -0.009) separation=0.06530694;Ground_Mountain_0_4:(0.015, 1.000, -0.009) separation=0.07213879;Ground_Mountain_0_4:(0.015, 1.000, -0.009) separation=0.06541985;Ground_Mountain_0_4:(0.015, 1.000, -0.009) separation=0.06546602;"
6.976,855.967,151.807,184.053,31.164,-31.149,1.160,0.141,0.449,0.000,-0.001,4,9.094,0.038,1.000,"Ground_Mountain_0_4:(0.015, 1.000, -0.009) separation=0.07994098;Ground_Mountain_0_4:(0.015, 1.000, -0.009) separation=0.08610298;Ground_Mountain_0_4:(0.015, 1.000, -0.009) separation=0.07966352;Ground_Mountain_0_4:(0.015, 1.000, -0.009) separation=0.08637756;Ground_Mountain_0_4:(0.015, 1.000, -0.009) separation=0.07977945;Ground_Mountain_0_4:(0.015, 1.000, -0.009) separation=0.07990351;"
6.996,855.343,151.830,184.055,31.222,-31.207,1.130,0.086,0.418,0.000,0.003,4,8.270,0.020,1.000,"Ground_Mountain_0_4:(0.015, 1.000, -0.009) separation=0.09411177;Ground_Mountain_0_4:(0.015, 1.000, -0.009) separation=0.0999943;Ground_Mountain_0_4:(0.015, 1.000, -0.009) separation=0.09382387;Ground_Mountain_0_4:(0.015, 1.000, -0.009) separation=0.1002744;Ground_Mountain_0_4:(0.015, 1.000, -0.009) separation=0.09394085;Ground_Mountain_0_4:(0.015, 1.000, -0.009) separation=0.09605867;"
7.016,854.718,151.851,184.056,31.274,-31.261,1.086,0.035,0.389,0.000,0.005,4,7.608,0.010,1.000,"Ground_Mountain_0_4:(0.015, 1.000, -0.009) separation=0.1076907;Ground_Mountain_0_4:(0.015, 1.000, -0.009) separation=0.1132228;Ground_Mountain_0_4:(0.015, 1.000, -0.009) separation=0.1073983;Ground_Mountain_0_4:(0.015, 1.000, -0.009) separation=0.1135033;Ground_Mountain_0_4:(0.015, 1.000, -0.009) separation=0.1075145;Ground_Mountain_0_4:(0.015, 1.000, -0.009) separation=0.1079107;"
7.036,854.091,151.872,184.056,31.322,-31.309,1.032,-0.010,0.363,0.000,0.007,4,7.102,0.014,1.000,"Ground_Mountain_0_4:(0.015, 1.000, -0.009) separation=0.1204067;Ground_Mountain_0_4:(0.015, 1.000, -0.009) separation=0.1255112;Ground_Mountain_0_4:(0.015, 1.000, -0.009) separation=0.1201197;Ground_Mountain_0_4:(0.015, 1.000, -0.009) separation=0.1258034;Ground_Mountain_0_4:(0.015, 1.000, -0.009) separation=0.1202336;Ground_Mountain_0_4:(0.015, 1.000, -0.009) separation=0.1203063;"
7.056,853.464,151.891,184.055,31.365,-31.353,0.971,-0.047,0.339,0.000,0.008,4,6.744,0.021,1.000,"Ground_Mountain_0_4:(0.015, 1.000, -0.009) separation=0.1320591;Ground_Mountain_0_4:(0.015, 1.000, -0.009) separation=0.1366971;Ground_Mountain_0_4:(0.015, 1.000, -0.009) separation=0.131775;Ground_Mountain_0_4:(0.015, 1.000, -0.009) separation=0.1369843;Ground_Mountain_0_4:(0.015, 1.000, -0.009) separation=0.1318906;Ground_Mountain_0_4:(0.015, 1.000, -0.009) separation=0.1338512;"
7.076,852.836,151.909,184.053,31.405,-31.394,0.905,-0.076,0.317,0.000,0.008,4,6.521,0.027,1.000,"Ground_Mountain_0_4:(0.015, 1.000, -0.009) separation=0.1424793;Ground_Mountain_0_4:(0.015, 1.000, -0.009) separation=0.1466479;Ground_Mountain_0_4:(0.015, 1.000, -0.009) separation=0.1421968;Ground_Mountain_0_4:(0.015, 1.000, -0.009) separation=0.1469324;Ground_Mountain_0_4:(0.015, 1.000, -0.009) separation=0.1423086;Ground_Mountain_0_4:(0.015, 1.000, -0.009) separation=0.1428307;"
