time,x,y,z,speed,vx,vy,vz,throttle,brake,steer,wheels,suspension,alignment,up,contact
0.020,1064.367,145.989,190.000,31.701,-31.701,-0.063,0.000,0.000,0.000,0.000,4,7.803,1.754,1.000,"Ground_Summit authored launch:(0.080, 0.997, 0.000) separation=0.1604845;Ground_Summit authored launch:(0.080, 0.997, 0.000) separation=0.3478748;Ground_Summit authored launch:(0.080, 0.997, 0.000) separation=0.1604845;Ground_Summit authored launch:(0.080, 0.997, 0.000) separation=0.3478748;Ground_Summit authored launch:(0.080, 0.997, 0.000) separation=0.1755565;Ground_Summit authored launch:(0.080, 0.997, 0.000) separation=0.1755566;Ground_Mountain_2_4:(0.080, 0.997, 0.000) separation=0.4076934;Ground_Mountain_2_4:(0.080, 0.997, 0.000) separation=0.2203031;Ground_Mountain_2_4:(0.080, 0.997, 0.000) separation=0.4076934;Ground_Mountain_2_4:(0.080, 0.997, 0.000) separation=0.2203031;Ground_Mountain_2_4:(0.080, 0.997, 0.000) separation=0.2203031;Ground_Mountain_2_4:(0.080, 0.997, 0.000) separation=0.2203031;"
0.040,1063.733,145.989,190.000,31.709,-31.710,-0.013,0.000,0.150,0.000,0.000,4,12.223,1.075,1.000,"Ground_Summit authored launch:(0.080, 0.997, 0.000) separation=0.1111345;Ground_Summit authored launch:(0.080, 0.997, 0.000) separation=0.2935921;Ground_Summit authored launch:(0.080, 0.997, 0.000) separation=0.2935921;Ground_Summit authored launch:(0.080, 0.997, 0.000) separation=0.1111345;Ground_Summit authored launch:(0.080, 0.997, 0.000) separation=0.1336071;Ground_Summit authored launch:(0.080, 0.997, 0.000) separation=0.1383274;Ground_Mountain_2_4:(0.080, 0.997, 0.000) separation=0.3534124;Ground_Mountain_2_4:(0.080, 0.997, 0.000) separation=0.1709603;Ground_Mountain_2_4:(0.080, 0.997, 0.000) separation=0.3534124;Ground_Mountain_2_4:(0.080, 0.997, 0.000) separation=0.1709603;Ground_Mountain_2_4:(0.080, 0.997, 0.000) separation=0.1709604;Ground_Mountain_2_4:(0.080, 0.997, 0.000) separation=0.1785768;"
0.060,1063.100,145.991,190.000,31.716,-31.717,0.114,0.000,0.145,0.000,0.000,4,16.071,0.526,1.000,"Ground_Summit authored launch:(0.080, 0.997, 0.000) separation=0.06461345;Ground_Summit authored launch:(0.080, 0.997, 0.000) separation=0.2384736;Ground_Summit authored launch:(0.080, 0.997, 0.000) separation=0.06461343;Ground_Summit authored launch:(0.080, 0.997, 0.000) separation=0.2384736;Ground_Summit authored launch:(0.080, 0.997, 0.000) separation=0.09797311;Ground_Summit authored launch:(0.080, 0.997, 0.000) separation=0.09797314;Ground_Mountain_2_4:(0.080, 0.997, 0.000) separation=0.298268;Ground_Mountain_2_4:(0.080, 0.997, 0.000) separation=0.1244169;Ground_Mountain_2_4:(0.080, 0.997, 0.000) separation=0.298268;Ground_Mountain_2_4:(0.080, 0.997, 0.000) separation=0.1244169;Ground_Mountain_2_4:(0.080, 0.997, 0.000) separation=0.1244169;Ground_Mountain_2_4:(0.080, 0.997, 0.000) separation=0.1244169;"
0.080,1062.473,146.003,190.000,31.638,-31.633,0.618,0.000,0.142,0.000,0.000,4,19.419,0.090,1.000,"Ground_Summit authored launch:(0.080, 0.997, 0.000) separation=0.02189608;Ground_Summit authored launch:(0.080, 0.997, 0.000) separation=0.1845605;Ground_Summit authored launch:(0.080, 0.997, 0.000) separation=0.1845605;Ground_Summit authored launch:(0.080, 0.997, 0.000) separation=0.02189609;Ground_Summit authored launch:(0.080, 0.997, 0.000) separation=0.0273973;Ground_Summit authored launch:(0.080, 0.997, 0.000) separation=0.02739733;Ground_Mountain_2_4:(0.080, 0.997, 0.000) separation=0.2443667;Ground_Mountain_2_4:(0.080, 0.997, 0.000) separation=0.08170122;Ground_Mountain_2_4:(0.080, 0.997, 0.000) separation=0.2443667;Ground_Mountain_2_4:(0.080, 0.997, 0.000) separation=0.08170122;Ground_Mountain_2_4:(0.080, 0.997, 0.000) separation=0.08170116;Ground_Mountain_2_4:(0.080, 0.997, 0.000) separation=0.08170116;"
0.100,1061.847,146.024,190.000,31.595,-31.582,1.053,0.001,0.181,0.000,0.000,4,22.317,4.137,0.999,"Ground_Summit authored launch:(0.080, 0.997, 0.000) separation=0.004391454;Ground_Summit authored launch:(0.080, 0.997, 0.000) separation=0.1258064;Ground_Summit authored launch:(0.080, 0.997, 0.000) separation=0.125816;Ground_Summit authored launch:(0.080, 0.997, 0.000) separation=0.004381854;Ground_Summit authored launch:(0.080, 0.997, 0.000) separation=0.01370853;Ground_Summit authored launch:(0.080, 0.997, 0.000) separation=0.01685464;Ground_Mountain_2_4:(0.080, 0.997, 0.000) separation=0.185629;Ground_Mountain_2_4:(0.080, 0.997, 0.000) separation=0.06418043;Ground_Mountain_2_4:(0.080, 0.997, 0.000) separation=0.1856179;Ground_Mountain_2_4:(0.080, 0.997, 0.000) separation=0.06419148;Ground_Mountain_2_4:(0.080, 0.997, 0.000) separation=0.06418595;Ground_Mountain_2_4:(0.080, 0.997, 0.000) separation=0.06419137;"
0.120,1061.221,146.052,190.000,31.590,-31.568,1.403,0.001,0.202,0.000,0.000,4,26.314,5.960,0.998,"Ground_Summit authored launch:(0.080, 0.997, 0.000) separation=0.0008922359;Ground_Summit authored launch:(0.080, 0.997, 0.000) separation=0.07051444;Ground_Summit authored launch:(0.080, 0.997, 0.000) separation=0.07052103;Ground_Summit authored launch:(0.080, 0.997, 0.000) separation=0.000886593;Ground_Summit authored launch:(0.080, 0.997, 0.000) separation=0.01100391;Ground_Summit authored launch:(0.080, 0.997, 0.000) separation=0.0110105;Ground_Summit authored launch:(0.080, 0.997, 0.000) separation=0.05087638;Ground_Summit authored launch:(0.080, 0.997, 0.000) separation=0.05087638;Ground_Mountain_2_4:(0.080, 0.997, 0.000) separation=0.1303621;Ground_Mountain_2_4:(0.080, 0.997, 0.000) separation=0.06068398;Ground_Mountain_2_4:(0.080, 0.997, 0.000) separation=0.1303579;Ground_Mountain_2_4:(0.080, 0.997, 0.000) separation=0.0606882;Ground_Mountain_2_4:(0.080, 0.997, 0.000) separation=0.06068394;Ground_Mountain_2_4:(0.080, 0.997, 0.000) separation=0.06068397;"
0.140,1060.594,146.091,190.000,31.551,-31.492,1.984,0.000,0.205,0.000,0.000,4,29.630,5.287,0.997,"Ground_Summit authored launch:(0.080, 0.997, 0.000) separation=0.0001735231;Ground_Summit authored launch:(0.080, 0.997, 0.000) separation=0.02650305;Ground_Summit authored launch:(0.080, 0.997, 0.000) separation=0.026505;Ground_Summit authored launch:(0.080, 0.997, 0.000) separation=0.0001715776;Ground_Summit authored launch:(0.080, 0.997, 0.000) separation=0.005115688;Ground_Summit authored launch:(0.080, 0.997, 0.000) separation=0.005797267;Ground_Summit authored launch:(0.080, 0.997, 0.000) separation=0.05016854;Ground_Summit authored launch:(0.080, 0.997, 0.000) separation=0.05016854;Ground_Mountain_2_4:(0.080, 0.997, 0.000) separation=0.08630404;Ground_Mountain_2_4:(0.080, 0.997, 0.000) separation=0.05998559;Ground_Mountain_2_4:(0.080, 0.997, 0.000) separation=0.086299;Ground_Mountain_2_4:(0.080, 0.997, 0.000) separation=0.05999063;Ground_Mountain_2_4:(0.080, 0.997, 0.000) separation=0.05999091;Ground_Mountain_2_4:(0.080, 0.997, 0.000) separation=0.05999109;"
0.160,1059.966,146.140,190.000,31.534,-31.439,2.456,0.000,0.224,0.000,0.000,4,27.906,2.640,0.997,"Ground_Summit authored launch:(0.080, 0.997, 0.000) separation=4.732865E-05;Ground_Summit authored launch:(0.080, 0.997, 0.000) separation=0.005311462;Ground_Summit authored launch:(0.080, 0.997, 0.000) separation=0.005312881;Ground_Summit authored launch:(0.080, 0.997, 0.000) separation=4.590966E-05;Ground_Summit authored launch:(0.080, 0.997, 0.000) separation=0.0002004802;Ground_Summit authored launch:(0.080, 0.997, 0.000) separation=0.0003378391;Ground_Mountain_2_4:(0.080, 0.997, 0.000) separation=0.06508475;Ground_Mountain_2_4:(0.080, 0.997, 0.000) separation=0.05982563;Ground_Mountain_2_4:(0.080, 0.997, 0.000) separation=0.06508484;Ground_Mountain_2_4:(0.080, 0.997, 0.000) separation=0.05982552;Ground_Mountain_2_4:(0.080, 0.997, 0.000) separation=0.05982551;Ground_Mountain_2_4:(0.080, 0.997, 0.000) separation=0.05982551;"
0.180,1059.338,146.195,190.000,31.541,-31.421,2.756,-0.001,0.233,0.000,0.000,4,24.847,0.790,0.997,"Ground_Summit authored launch:(0.080, 0.997, 0.000) separation=0.00193295;Ground_Summit authored launch:(0.080, 0.997, 0.000) separation=0.001075034;Ground_Summit authored launch:(0.080, 0.997, 0.000) separation=0.001074963;Ground_Summit authored launch:(0.080, 0.997, 0.000) separation=0.001933021;Ground_Summit authored launch:(0.080, 0.997, 0.000) separation=0.001117021;Ground_Summit authored launch:(0.080, 0.997, 0.000) separation=0.00111708;Ground_Mountain_2_4:(0.080, 0.997, 0.000) separation=0.06086973;Ground_Mountain_2_4:(0.080, 0.997, 0.000) separation=0.06173696;Ground_Mountain_2_4:(0.080, 0.997, 0.000) separation=0.06086972;Ground_Mountain_2_4:(0.080, 0.997, 0.000) separation=0.06173697;Ground_Mountain_2_4:(0.080, 0.997, 0.000) separation=0.06086972;Ground_Mountain_2_4:(0.080, 0.997, 0.000) separation=0.06101075;"
0.200,1058.710,146.255,190.000,31.547,-31.405,3.013,-0.001,0.230,0.000,0.000,4,22.625,0.649,0.997,"Ground_Summit authored launch:(0.080, 0.997, 0.000) separation=0.009100792;Ground_Summit authored launch:(0.080, 0.997, 0.000) separation=0.003564493;Ground_Summit authored launch:(0.080, 0.997, 0.000) separation=0.003563407;Ground_Summit authored launch:(0.080, 0.997, 0.000) separation=0.009101877;Ground_Summit authored launch:(0.080, 0.997, 0.000) separation=0.003564179;Ground_Summit authored launch:(0.080, 0.997, 0.000) separation=0.003602833;Ground_Mountain_2_4:(0.080, 0.997, 0.000) separation=0.06337678;Ground_Mountain_2_4:(0.080, 0.997, 0.000) separation=0.06893316;Ground_Mountain_2_4:(0.080, 0.997, 0.000) separation=0.06338221;Ground_Mountain_2_4:(0.080, 0.997, 0.000) separation=0.06892774;Ground_Mountain_2_4:(0.080, 0.997, 0.000) separation=0.06337678;Ground_Mountain_2_4:(0.080, 0.997, 0.000) separation=0.06338039;"
0.220,1058.083,146.320,190.000,31.552,-31.392,3.222,-0.001,0.227,0.000,0.000,4,20.293,0.524,0.996,"Ground_Summit authored launch:(0.080, 0.997, 0.000) separation=0.02080653;Ground_Summit authored launch:(0.080, 0.997, 0.000) separation=0.01181518;Ground_Summit authored launch:(0.080, 0.997, 0.000) separation=0.01181339;Ground_Summit authored launch:(0.080, 0.997, 0.000) separation=0.02080834;Ground_Summit authored launch:(0.080, 0.997, 0.000) separation=0.01306739;Ground_Summit authored launch:(0.080, 0.997, 0.000) separation=0.01330119;Ground_Mountain_2_4:(0.080, 0.997, 0.000) separation=0.07162431;Ground_Mountain_2_4:(0.080, 0.997, 0.000) separation=0.08061879;Ground_Mountain_2_4:(0.080, 0.997, 0.000) separation=0.07162949;Ground_Mountain_2_4:(0.080, 0.997, 0.000) separation=0.0806136;Ground_Mountain_2_4:(0.080, 0.997, 0.000) separation=0.07162416;Ground_Mountain_2_4:(0.080, 0.997, 0.000) separation=0.07162419;"
0.240,1057.455,146.388,190.000,31.556,-31.382,3.385,-0.001,0.224,0.000,0.000,4,17.950,0.415,0.996,"Ground_Summit authored launch:(0.080, 0.997, 0.000) separation=0.03621644;Ground_Summit authored launch:(0.080, 0.997, 0.000) separation=0.02480788;Ground_Summit authored launch:(0.080, 0.997, 0.000) separation=0.02480551;Ground_Summit authored launch:(0.080, 0.997, 0.000) separation=0.0362188;Ground_Summit authored launch:(0.080, 0.997, 0.000) separation=0.02591571;Ground_Summit authored launch:(0.080, 0.997, 0.000) separation=0.02591842;Ground_Mountain_2_4:(0.080, 0.997, 0.000) separation=0.08458859;Ground_Mountain_2_4:(0.080, 0.997, 0.000) separation=0.09600763;Ground_Mountain_2_4:(0.080, 0.997, 0.000) separation=0.08458817;Ground_Mountain_2_4:(0.080, 0.997, 0.000) separation=0.09600806;Ground_Mountain_2_4:(0.080, 0.997, 0.000) separation=0.08458838;Ground_Mountain_2_4:(0.080, 0.997, 0.000) separation=0.08701476;"
0.260,1056.828,146.458,190.000,31.560,-31.376,3.503,-0.001,0.222,0.000,0.000,4,15.679,0.319,0.996,"Ground_Summit authored launch:(0.080, 0.997, 0.000) separation=0.05440326;Ground_Summit authored launch:(0.080, 0.997, 0.000) separation=0.04144529;Ground_Summit authored launch:(0.080, 0.997, 0.000) separation=0.04144248;Ground_Summit authored launch:(0.080, 0.997, 0.000) separation=0.05440608;Ground_Summit authored launch:(0.080, 0.997, 0.000) separation=0.04182288;Ground_Summit authored launch:(0.080, 0.997, 0.000) separation=0.04215997;Ground_Mountain_2_4:(0.080, 0.997, 0.000) separation=0.1012483;Ground_Mountain_2_4:(0.080, 0.997, 0.000) separation=0.1142061;Ground_Mountain_2_4:(0.080, 0.997, 0.000) separation=0.1012534;Ground_Mountain_2_4:(0.080, 0.997, 0.000) separation=0.114201;Ground_Mountain_2_4:(0.080, 0.997, 0.000) separation=0.1012534;Ground_Mountain_2_4:(0.080, 0.997, 0.000) separation=0.1012536;"
0.280,1056.200,146.529,190.000,31.564,-31.372,3.577,-0.001,0.220,0.000,0.000,4,13.543,0.237,0.996,"Ground_Summit authored launch:(0.080, 0.997, 0.000) separation=0.07462074;Ground_Summit authored launch:(0.080, 0.997, 0.000) separation=0.06081634;Ground_Summit authored launch:(0.080, 0.997, 0.000) separation=0.06081301;Ground_Summit authored launch:(0.080, 0.997, 0.000) separation=0.07462408;Ground_Summit authored launch:(0.080, 0.997, 0.000) separation=0.06340867;Ground_Summit authored launch:(0.080, 0.997, 0.000) separation=0.06376907;Ground_Mountain_2_4:(0.080, 0.997, 0.000) separation=0.1206118;Ground_Mountain_2_4:(0.080, 0.997, 0.000) separation=0.1344085;Ground_Mountain_2_4:(0.080, 0.997, 0.000) separation=0.1206113;Ground_Mountain_2_4:(0.080, 0.997, 0.000) separation=0.134409;Ground_Mountain_2_4:(0.080, 0.997, 0.000) separation=0.1206115;Ground_Mountain_2_4:(0.080, 0.997, 0.000) separation=0.1206115;"
0.300,1055.573,146.601,190.000,31.567,-31.372,3.613,-0.001,0.218,0.000,0.000,4,11.591,0.168,0.996,"Ground_Summit authored launch:(0.080, 0.997, 0.000) separation=0.09603715;Ground_Summit authored launch:(0.080, 0.997, 0.000) separation=0.08195793;Ground_Summit authored launch:(0.080, 0.997, 0.000) separation=0.0960331;Ground_Summit authored launch:(0.080, 0.997, 0.000) separation=0.08196155;Ground_Summit authored launch:(0.080, 0.997, 0.000) separation=0.08401179;Ground_Summit authored launch:(0.080, 0.997, 0.000) separation=0.08401585;Ground_Mountain_2_4:(0.080, 0.997, 0.000) separation=0.1417534;Ground_Mountain_2_4:(0.080, 0.997, 0.000) separation=0.1558513;Ground_Mountain_2_4:(0.080, 0.997, 0.000) separation=0.1417584;Ground_Mountain_2_4:(0.080, 0.997, 0.000) separation=0.1558463;Ground_Mountain_2_4:(0.080, 0.997, 0.000) separation=0.1417531;Ground_Mountain_2_4:(0.080, 0.997, 0.000) separation=0.1417533;"
0.320,1054.945,146.674,190.000,31.569,-31.375,3.615,-0.001,0.217,0.000,0.000,4,9.859,0.111,0.996,"Ground_Summit authored launch:(0.080, 0.997, 0.000) separation=0.1179809;Ground_Summit authored launch:(0.080, 0.997, 0.000) separation=0.1040565;Ground_Summit authored launch:(0.080, 0.997, 0.000) separation=0.1040526;Ground_Summit authored launch:(0.080, 0.997, 0.000) separation=0.1179847;Ground_Summit authored launch:(0.080, 0.997, 0.000) separation=0.1051316;Ground_Summit authored launch:(0.080, 0.997, 0.000) separation=0.1054951;Ground_Mountain_2_4:(0.080, 0.997, 0.000) separation=0.1638481;Ground_Mountain_2_4:(0.080, 0.997, 0.000) separation=0.1777682;Ground_Mountain_2_4:(0.080, 0.997, 0.000) separation=0.1638476;Ground_Mountain_2_4:(0.080, 0.997, 0.000) separation=0.1777688;Ground_Mountain_2_4:(0.080, 0.997, 0.000) separation=0.1638476;Ground_Mountain_2_4:(0.080, 0.997, 0.000) separation=0.1638479;"
0.340,1054.318,146.745,190.000,31.571,-31.380,3.586,-0.001,0.215,0.000,0.000,4,8.366,0.064,0.996,"Ground_Summit authored launch:(0.080, 0.997, 0.000) separation=0.1397581;Ground_Summit authored launch:(0.080, 0.997, 0.000) separation=0.1263175;Ground_Summit authored launch:(0.080, 0.997, 0.000) separation=0.1263136;Ground_Summit authored launch:(0.080, 0.997, 0.000) separation=0.139762;Ground_Summit authored launch:(0.080, 0.997, 0.000) separation=0.1267866;Ground_Summit authored launch:(0.080, 0.997, 0.000) separation=0.1267909;Ground_Mountain_2_4:(0.080, 0.997, 0.000) separation=0.186122;Ground_Mountain_2_4:(0.080, 0.997, 0.000) separation=0.199568;Ground_Mountain_2_4:(0.080, 0.997, 0.000) separation=0.186127;Ground_Mountain_2_4:(0.080, 0.997, 0.000) separation=0.199563;Ground_Mountain_2_4:(0.080, 0.997, 0.000) separation=0.1861217;Ground_Mountain_2_4:(0.080, 0.997, 0.000) separation=0.1861222;"
0.360,1053.690,146.816,190.000,31.573,-31.387,3.533,-0.001,0.214,0.000,0.000,4,7.123,0.026,0.996,"Ground_Summit authored launch:(0.080, 0.997, 0.000) separation=0.1608567;Ground_Summit authored launch:(0.080, 0.997, 0.000) separation=0.1481423;Ground_Summit authored launch:(0.080, 0.997, 0.000) separation=0.1481384;Ground_Summit authored launch:(0.080, 0.997, 0.000) separation=0.1608606;Ground_Summit authored launch:(0.080, 0.997, 0.000) separation=0.1505985;Ground_Summit authored launch:(0.080, 0.997, 0.000) separation=0.1506028;Ground_Mountain_2_4:(0.080, 0.997, 0.000) separation=0.2079674;Ground_Mountain_2_4:(0.080, 0.997, 0.000) separation=0.2206905;Ground_Mountain_2_4:(0.080, 0.997, 0.000) separation=0.2079724;Ground_Mountain_2_4:(0.080, 0.997, 0.000) separation=0.2206855;Ground_Mountain_2_4:(0.080, 0.997, 0.000) separation=0.2079671;Ground_Mountain_2_4:(0.080, 0.997, 0.000) separation=0.2079673;"
0.380,1053.062,146.885,190.000,31.576,-31.396,3.460,-0.001,0.213,0.000,0.000,4,6.130,0.003,0.996,"Ground_Summit authored launch:(0.080, 0.997, 0.000) separation=0.1807822;Ground_Summit authored launch:(0.080, 0.997, 0.000) separation=0.1689607;Ground_Summit authored launch:(0.080, 0.997, 0.000) separation=0.1689569;Ground_Summit authored launch:(0.080, 0.997, 0.000) separation=0.180786;Ground_Summit authored launch:(0.080, 0.997, 0.000) separation=0.1704392;Ground_Summit authored launch:(0.080, 0.997, 0.000) separation=0.1707483;Ground_Mountain_2_4:(0.080, 0.997, 0.000) separation=0.2287576;Ground_Mountain_2_4:(0.080, 0.997, 0.000) separation=0.2405824;Ground_Mountain_2_4:(0.080, 0.997, 0.000) separation=0.2287627;Ground_Mountain_2_4:(0.080, 0.997, 0.000) separation=0.2405773;Ground_Mountain_2_4:(0.080, 0.997, 0.000) separation=0.2287573;Ground_Mountain_2_4:(0.080, 0.997, 0.000) separation=0.2292378;"
0.400,1052.434,146.953,190.000,31.577,-31.405,3.372,-0.001,0.212,0.000,0.000,4,5.381,0.026,0.996,"Ground_Summit authored launch:(0.080, 0.997, 0.000) separation=0.199191;Ground_Summit authored launch:(0.080, 0.997, 0.000) separation=0.188367;Ground_Summit authored launch:(0.080, 0.997, 0.000) separation=0.1883633;Ground_Summit authored launch:(0.080, 0.997, 0.000) separation=0.1991947;Ground_Summit authored launch:(0.080, 0.997, 0.000) separation=0.1892618;Ground_Summit authored launch:(0.080, 0.997, 0.000) separation=0.1892658;Ground_Mountain_2_4:(0.080, 0.997, 0.000) separation=0.2481486;Ground_Mountain_2_4:(0.080, 0.997, 0.000) separation=0.258983;Ground_Mountain_2_4:(0.080, 0.997, 0.000) separation=0.2481539;Ground_Mountain_2_4:(0.080, 0.997, 0.000) separation=0.2589777;Ground_Mountain_2_4:(0.080, 0.997, 0.000) separation=0.2481486;Ground_Mountain_2_4:(0.080, 0.997, 0.000) separation=0.24815;"
0.420,1051.805,147.018,190.000,31.579,-31.416,3.274,-0.001,0.211,0.000,0.000,4,4.861,0.043,0.997,"Ground_Summit authored launch:(0.080, 0.997, 0.000) separation=0.2158139;Ground_Summit authored launch:(0.080, 0.997, 0.000) separation=0.2060413;Ground_Summit authored launch:(0.080, 0.997, 0.000) separation=0.2060378;Ground_Summit authored launch:(0.080, 0.997, 0.000) separation=0.2158174;Ground_Summit authored launch:(0.080, 0.997, 0.000) separation=0.206183;Ground_Summit authored launch:(0.080, 0.997, 0.000) separation=0.2064389;Ground_Mountain_2_4:(0.080, 0.997, 0.000) separation=0.2658527;Ground_Mountain_2_4:(0.080, 0.997, 0.000) separation=0.2756339;Ground_Mountain_2_4:(0.080, 0.997, 0.000) separation=0.2658578;Ground_Mountain_2_4:(0.080, 0.997, 0.000) separation=0.2756288;Ground_Mountain_2_4:(0.080, 0.997, 0.000) separation=0.2658548;Ground_Mountain_2_4:(0.080, 0.997, 0.000) separation=0.265858;"
0.440,1051.177,147.082,190.000,31.581,-31.427,3.170,-0.001,0.210,0.000,0.000,4,4.549,0.054,0.997,"Ground_Summit authored launch:(0.080, 0.997, 0.000) separation=0.2304639;Ground_Summit authored launch:(0.080, 0.997, 0.000) separation=0.2217564;Ground_Summit authored launch:(0.080, 0.997, 0.000) separation=0.2217533;Ground_Summit authored launch:(0.080, 0.997, 0.000) separation=0.230467;Ground_Summit authored launch:(0.080, 0.997, 0.000) separation=0.2232605;Ground_Summit authored launch:(0.080, 0.997, 0.000) separation=0.2234885;Ground_Mountain_2_4:(0.080, 0.997, 0.000) separation=0.2815668;Ground_Mountain_2_4:(0.080, 0.997, 0.000) separation=0.2902737;Ground_Mountain_2_4:(0.080, 0.997, 0.000) separation=0.2815666;Ground_Mountain_2_4:(0.080, 0.997, 0.000) separation=0.2902739;Ground_Mountain_2_4:(0.080, 0.997, 0.000) separation=0.2815666;Ground_Mountain_2_4:(0.080, 0.997, 0.000) separation=0.2823285;"
0.460,1050.548,147.143,190.000,31.583,-31.438,3.063,-0.001,0.209,0.000,0.000,4,4.425,0.062,0.997,"Ground_Summit authored launch:(0.080, 0.997, 0.000) separation=0.2429944;Ground_Summit authored launch:(0.080, 0.997, 0.000) separation=0.2353339;Ground_Summit authored launch:(0.080, 0.997, 0.000) separation=0.235331;Ground_Summit authored launch:(0.080, 0.997, 0.000) separation=0.2429973;Ground_Summit authored launch:(0.080, 0.997, 0.000) separation=0.2363315;Ground_Summit authored launch:(0.080, 0.997, 0.000) separation=0.2363345;Ground_Mountain_2_4:(0.080, 0.997, 0.000) separation=0.2951478;Ground_Mountain_2_4:(0.080, 0.997, 0.000) separation=0.3028226;Ground_Mountain_2_4:(0.080, 0.997, 0.000) separation=0.2951532;Ground_Mountain_2_4:(0.080, 0.997, 0.000) separation=0.3028173;Ground_Mountain_2_4:(0.080, 0.997, 0.000) separation=0.2951533;Ground_Mountain_2_4:(0.080, 0.997, 0.000) separation=0.2951533;"
0.480,1049.918,147.202,190.000,31.585,-31.449,2.957,-0.001,0.208,0.000,0.000,4,4.466,0.066,0.997,"Ground_Summit authored launch:(0.080, 0.997, 0.000) separation=0.2534316;Ground_Summit authored launch:(0.080, 0.997, 0.000) separation=0.2467675;Ground_Summit authored launch:(0.080, 0.997, 0.000) separation=0.2467649;Ground_Summit authored launch:(0.080, 0.997, 0.000) separation=0.2534342;Ground_Summit authored launch:(0.080, 0.997, 0.000) separation=0.2471798;Ground_Summit authored launch:(0.080, 0.997, 0.000) separation=0.2473543;Ground_Mountain_2_4:(0.080, 0.997, 0.000) separation=0.3065818;Ground_Mountain_2_4:(0.080, 0.997, 0.000) separation=0.3132477;Ground_Mountain_2_4:(0.080, 0.997, 0.000) separation=0.3065816;Ground_Mountain_2_4:(0.080, 0.997, 0.000) separation=0.3132479;Ground_Mountain_2_4:(0.080, 0.997, 0.000) separation=0.3065816;Ground_Mountain_2_4:(0.080, 0.997, 0.000) separation=0.3065817;"
0.500,1049.289,147.259,190.000,31.587,-31.459,2.855,-0.001,0.207,0.000,0.000,4,4.643,0.067,0.997,"Ground_Summit authored launch:(0.080, 0.997, 0.000) separation=0.2617596;Ground_Summit authored launch:(0.080, 0.997, 0.000) separation=0.2560386;Ground_Summit authored launch:(0.080, 0.997, 0.000) separation=0.2560362;Ground_Summit authored launch:(0.080, 0.997, 0.000) separation=0.261762;Ground_Summit authored launch:(0.080, 0.997, 0.000) separation=0.2561496;Ground_Summit authored launch:(0.080, 0.997, 0.000) separation=0.2561521;Ground_Mountain_2_4:(0.080, 0.997, 0.000) separation=0.3158373;Ground_Mountain_2_4:(0.080, 0.997, 0.000) separation=0.3215639;Ground_Mountain_2_4:(0.080, 0.997, 0.000) separation=0.3158427;Ground_Mountain_2_4:(0.080, 0.997, 0.000) separation=0.3215584;Ground_Mountain_2_4:(0.080, 0.997, 0.000) separation=0.3158372;Ground_Mountain_2_4:(0.080, 0.997, 0.000) separation=0.3166126;"
0.520,1048.660,147.314,190.000,31.589,-31.469,2.758,-0.001,0.206,0.000,0.000,4,4.932,0.067,0.997,"Ground_Summit authored launch:(0.080, 0.997, 0.000) separation=0.268068;Ground_Summit authored launch:(0.080, 0.997, 0.000) separation=0.2632265;Ground_Summit authored launch:(0.080, 0.997, 0.000) separation=0.2632245;Ground_Summit authored launch:(0.080, 0.997, 0.000) separation=0.2680701;Ground_Summit authored launch:(0.080, 0.997, 0.000) separation=0.2640836;Ground_Summit authored launch:(0.080, 0.997, 0.000) separation=0.2640858;Ground_Mountain_2_4:(0.080, 0.997, 0.000) separation=0.3230414;Ground_Mountain_2_4:(0.080, 0.997, 0.000) separation=0.3279016;Ground_Mountain_2_4:(0.080, 0.997, 0.000) separation=0.3230469;Ground_Mountain_2_4:(0.080, 0.997, 0.000) separation=0.3278961;Ground_Mountain_2_4:(0.080, 0.997, 0.000) separation=0.3230469;Ground_Mountain_2_4:(0.080, 0.997, 0.000) separation=0.3230469;"
0.540,1048.030,147.368,190.000,31.591,-31.478,2.669,-0.001,0.206,0.000,0.000,4,5.310,0.065,0.997,"Ground_Summit authored launch:(0.080, 0.997, 0.000) separation=0.2724642;Ground_Summit authored launch:(0.080, 0.997, 0.000) separation=0.2684289;Ground_Summit authored launch:(0.080, 0.997, 0.000) separation=0.2684271;Ground_Summit authored launch:(0.080, 0.997, 0.000) separation=0.272466;Ground_Summit authored launch:(0.080, 0.997, 0.000) separation=0.2688723;Ground_Summit authored launch:(0.080, 0.997, 0.000) separation=0.2689789;Ground_Mountain_2_4:(0.080, 0.997, 0.000) separation=0.3282097;Ground_Mountain_2_4:(0.080, 0.997, 0.000) separation=0.332258;Ground_Mountain_2_4:(0.080, 0.997, 0.000) separation=0.3282097;Ground_Mountain_2_4:(0.080, 0.997, 0.000) separation=0.332258;Ground_Mountain_2_4:(0.080, 0.997, 0.000) separation=0.3282097;Ground_Mountain_2_4:(0.080, 0.997, 0.000) separation=0.3282097;"
0.560,1047.400,147.420,190.000,31.592,-31.486,2.589,-0.001,0.205,0.000,0.000,4,5.751,0.061,0.997,"Ground_Summit authored launch:(0.080, 0.997, 0.000) separation=0.2751284;Ground_Summit authored launch:(0.080, 0.997, 0.000) separation=0.2718229;Ground_Summit authored launch:(0.080, 0.997, 0.000) separation=0.2751269;Ground_Summit authored launch:(0.080, 0.997, 0.000) separation=0.2718244;Ground_Summit authored launch:(0.080, 0.997, 0.000) separation=0.2720469;Ground_Summit authored launch:(0.080, 0.997, 0.000) separation=0.2720485;Ground_Mountain_2_4:(0.080, 0.997, 0.000) separation=0.3316172;Ground_Mountain_2_4:(0.080, 0.997, 0.000) separation=0.3349291;Ground_Mountain_2_4:(0.080, 0.997, 0.000) separation=0.3316227;Ground_Mountain_2_4:(0.080, 0.997, 0.000) separation=0.3349236;Ground_Mountain_2_4:(0.080, 0.997, 0.000) separation=0.3316227;Ground_Mountain_2_4:(0.080, 0.997, 0.000) separation=0.3322252;"
0.580,1046.770,147.470,190.000,31.594,-31.494,2.519,-0.001,0.204,0.000,0.000,4,6.235,0.057,0.997,"Ground_Summit authored launch:(0.080, 0.997, 0.000) separation=0.2762084;Ground_Summit authored launch:(0.080, 0.997, 0.000) separation=0.2735481;Ground_Summit authored launch:(0.080, 0.997, 0.000) separation=0.2762071;Ground_Summit authored launch:(0.080, 0.997, 0.000) separation=0.2735494;Ground_Summit authored launch:(0.080, 0.997, 0.000) separation=0.2735481;Ground_Summit authored launch:(0.080, 0.997, 0.000) separation=0.2736148;Ground_Mountain_2_4:(0.080, 0.997, 0.000) separation=0.3333456;Ground_Mountain_2_4:(0.080, 0.997, 0.000) separation=0.336024;Ground_Mountain_2_4:(0.080, 0.997, 0.000) separation=0.3333511;Ground_Mountain_2_4:(0.080, 0.997, 0.000) separation=0.3360184;Ground_Mountain_2_4:(0.080, 0.997, 0.000) separation=0.3333455;Ground_Mountain_2_4:(0.080, 0.997, 0.000) separation=0.3333495;"
0.600,1046.140,147.519,190.000,31.596,-31.500,2.458,-0.001,0.203,0.000,0.000,4,6.744,0.052,0.997,"Ground_Summit authored launch:(0.080, 0.997, 0.000) separation=0.2759088;Ground_Summit authored launch:(0.080, 0.997, 0.000) separation=0.273813;Ground_Summit authored launch:(0.080, 0.997, 0.000) separation=0.2759077;Ground_Summit authored launch:(0.080, 0.997, 0.000) separation=0.2738141;Ground_Summit authored launch:(0.080, 0.997, 0.000) separation=0.2741416;Ground_Summit authored launch:(0.080, 0.997, 0.000) separation=0.2741967;Ground_Mountain_2_4:(0.080, 0.997, 0.000) separation=0.3336194;Ground_Mountain_2_4:(0.080, 0.997, 0.000) separation=0.3357138;Ground_Mountain_2_4:(0.080, 0.997, 0.000) separation=0.3336194;Ground_Mountain_2_4:(0.080, 0.997, 0.000) separation=0.3357139;Ground_Mountain_2_4:(0.080, 0.997, 0.000) separation=0.3336194;Ground_Mountain_2_4:(0.080, 0.997, 0.000) separation=0.3336194;"
0.620,1045.510,147.567,190.000,31.597,-31.506,2.408,-0.001,0.202,0.000,0.000,4,7.256,0.047,0.997,"Ground_Summit authored launch:(0.080, 0.997, 0.000) separation=0.274421;Ground_Summit authored launch:(0.080, 0.997, 0.000) separation=0.2728145;Ground_Summit authored launch:(0.080, 0.997, 0.000) separation=0.2744201;Ground_Summit authored launch:(0.080, 0.997, 0.000) separation=0.2728155;Ground_Summit authored launch:(0.080, 0.997, 0.000) separation=0.2729979;Ground_Summit authored launch:(0.080, 0.997, 0.000) separation=0.2729989;Ground_Mountain_2_4:(0.080, 0.997, 0.000) separation=0.3326413;Ground_Mountain_2_4:(0.080, 0.997, 0.000) separation=0.3342415;Ground_Mountain_2_4:(0.080, 0.997, 0.000) separation=0.3326413;Ground_Mountain_2_4:(0.080, 0.997, 0.000) separation=0.3342415;Ground_Mountain_2_4:(0.080, 0.997, 0.000) separation=0.3326412;Ground_Mountain_2_4:(0.080, 0.997, 0.000) separation=0.3330102;"
0.640,1044.880,147.615,189.999,31.599,-31.510,2.368,0.000,0.201,0.000,0.000,4,7.760,0.042,0.997,"Ground_Summit authored launch:(0.080, 0.997, 0.000) separation=0.27198;Ground_Summit authored launch:(0.080, 0.997, 0.000) separation=0.2707915;Ground_Summit authored launch:(0.080, 0.997, 0.000) separation=0.2719793;Ground_Summit authored launch:(0.080, 0.997, 0.000) separation=0.2707922;Ground_Summit authored launch:(0.080, 0.997, 0.000) separation=0.270846;Ground_Summit authored launch:(0.080, 0.997, 0.000) separation=0.2708774;Ground_Mountain_2_4:(0.080, 0.997, 0.000) separation=0.3305956;Ground_Mountain_2_4:(0.080, 0.997, 0.000) separation=0.3317751;Ground_Mountain_2_4:(0.080, 0.997, 0.000) separation=0.3305956;Ground_Mountain_2_4:(0.080, 0.997, 0.000) separation=0.3317751;Ground_Mountain_2_4:(0.080, 0.997, 0.000) separation=0.3305956;Ground_Mountain_2_4:(0.080, 0.997, 0.000) separation=0.3305956;"
0.660,1044.250,147.661,189.999,31.600,-31.514,2.338,0.000,0.201,0.000,0.000,4,8.243,0.037,0.997,"Ground_Summit authored launch:(0.080, 0.997, 0.000) separation=0.268771;Ground_Summit authored launch:(0.080, 0.997, 0.000) separation=0.2679347;Ground_Summit authored launch:(0.080, 0.997, 0.000) separation=0.2687705;Ground_Summit authored launch:(0.080, 0.997, 0.000) separation=0.2679352;Ground_Summit authored launch:(0.080, 0.997, 0.000) separation=0.2679375;Ground_Summit authored launch:(0.080, 0.997, 0.000) separation=0.267938;Ground_Mountain_2_4:(0.080, 0.997, 0.000) separation=0.32777;Ground_Mountain_2_4:(0.080, 0.997, 0.000) separation=0.3285921;Ground_Mountain_2_4:(0.080, 0.997, 0.000) separation=0.32777;Ground_Mountain_2_4:(0.080, 0.997, 0.000) separation=0.3285922;Ground_Mountain_2_4:(0.080, 0.997, 0.000) separation=0.3277699;Ground_Mountain_2_4:(0.080, 0.997, 0.000) separation=0.32777;"
0.680,1043.619,147.708,189.999,31.601,-31.517,2.316,0.000,0.200,0.000,0.000,4,8.695,0.032,0.997,"Ground_Summit authored launch:(0.080, 0.997, 0.000) separation=0.2649584;Ground_Summit authored launch:(0.080, 0.997, 0.000) separation=0.2644152;Ground_Summit authored launch:(0.080, 0.997, 0.000) separation=0.2649581;Ground_Summit authored launch:(0.080, 0.997, 0.000) separation=0.2644155;Ground_Summit authored launch:(0.080, 0.997, 0.000) separation=0.2645027;Ground_Summit authored launch:(0.080, 0.997, 0.000) separation=0.264503;Ground_Mountain_2_4:(0.080, 0.997, 0.000) separation=0.3242219;Ground_Mountain_2_4:(0.080, 0.997, 0.000) separation=0.3247655;Ground_Mountain_2_4:(0.080, 0.997, 0.000) separation=0.3242219;Ground_Mountain_2_4:(0.080, 0.997, 0.000) separation=0.3247655;Ground_Mountain_2_4:(0.080, 0.997, 0.000) separation=0.3242219;Ground_Mountain_2_4:(0.080, 0.997, 0.000) separation=0.3242219;"
0.700,1042.989,147.754,189.999,31.603,-31.519,2.303,0.000,0.199,0.000,0.000,4,9.108,0.028,0.997,"Ground_Summit authored launch:(0.080, 0.997, 0.000) separation=0.2607467;Ground_Summit authored launch:(0.080, 0.997, 0.000) separation=0.2604421;Ground_Summit authored launch:(0.080, 0.997, 0.000) separation=0.2607465;Ground_Summit authored launch:(0.080, 0.997, 0.000) separation=0.2604423;Ground_Summit authored launch:(0.080, 0.997, 0.000) separation=0.2604703;Ground_Summit authored launch:(0.080, 0.997, 0.000) separation=0.2604783;Ground_Mountain_2_4:(0.080, 0.997, 0.000) separation=0.3202589;Ground_Mountain_2_4:(0.080, 0.997, 0.000) separation=0.3205627;Ground_Mountain_2_4:(0.080, 0.997, 0.000) separation=0.3202589;Ground_Mountain_2_4:(0.080, 0.997, 0.000) separation=0.3205627;Ground_Mountain_2_4:(0.080, 0.997, 0.000) separation=0.3202589;Ground_Mountain_2_4:(0.080, 0.997, 0.000) separation=0.3202612;"
0.720,1042.358,147.800,189.999,31.604,-31.521,2.297,0.000,0.199,0.000,0.000,4,9.476,0.023,0.997,"Ground_Summit authored launch:(0.080, 0.997, 0.000) separation=0.2563004;Ground_Summit authored launch:(0.080, 0.997, 0.000) separation=0.2561868;Ground_Summit authored launch:(0.080, 0.997, 0.000) separation=0.2563004;Ground_Summit authored launch:(0.080, 0.997, 0.000) separation=0.2561868;Ground_Summit authored launch:(0.080, 0.997, 0.000) separation=0.2561925;Ground_Summit authored launch:(0.080, 0.997, 0.000) separation=0.2561925;Ground_Mountain_2_4:(0.080, 0.997, 0.000) separation=0.315986;Ground_Mountain_2_4:(0.080, 0.997, 0.000) separation=0.3161103;Ground_Mountain_2_4:(0.080, 0.997, 0.000) separation=0.315986;Ground_Mountain_2_4:(0.080, 0.997, 0.000) separation=0.3161103;Ground_Mountain_2_4:(0.080, 0.997, 0.000) separation=0.3159861;Ground_Mountain_2_4:(0.080, 0.997, 0.000) separation=0.3159861;"
0.740,1041.728,147.846,189.999,31.605,-31.522,2.298,0.000,0.198,0.000,0.000,4,9.798,0.019,0.997,"Ground_Summit authored launch:(0.080, 0.997, 0.000) separation=0.2517533;Ground_Summit authored launch:(0.080, 0.997, 0.000) separation=0.2517891;Ground_Summit authored launch:(0.080, 0.997, 0.000) separation=0.2517534;Ground_Summit authored launch:(0.080, 0.997, 0.000) separation=0.2517891;Ground_Summit authored launch:(0.080, 0.997, 0.000) separation=0.2517582;Ground_Summit authored launch:(0.080, 0.997, 0.000) separation=0.2517592;Ground_Mountain_2_4:(0.080, 0.997, 0.000) separation=0.3116041;Ground_Mountain_2_4:(0.080, 0.997, 0.000) separation=0.3115749;Ground_Mountain_2_4:(0.080, 0.997, 0.000) separation=0.3116041;Ground_Mountain_2_4:(0.080, 0.997, 0.000) separation=0.3115749;Ground_Mountain_2_4:(0.080, 0.997, 0.000) separation=0.3115749;Ground_Mountain_2_4:(0.080, 0.997, 0.000) separation=0.3115759;"
0.760,1041.097,147.892,190.000,31.606,-31.523,2.304,0.000,0.198,0.000,0.000,4,10.072,0.016,0.997,"Ground_Summit authored launch:(0.080, 0.997, 0.000) separation=0.2472265;Ground_Summit authored launch:(0.080, 0.997, 0.000) separation=0.2473692;Ground_Summit authored launch:(0.080, 0.997, 0.000) separation=0.2472266;Ground_Summit authored launch:(0.080, 0.997, 0.000) separation=0.2473691;Ground_Summit authored launch:(0.080, 0.997, 0.000) separation=0.2472265;Ground_Summit authored launch:(0.080, 0.997, 0.000) separation=0.2472273;Ground_Mountain_2_4:(0.080, 0.997, 0.000) separation=0.3071691;Ground_Mountain_2_4:(0.080, 0.997, 0.000) separation=0.3070197;Ground_Mountain_2_4:(0.080, 0.997, 0.000) separation=0.3071691;Ground_Mountain_2_4:(0.080, 0.997, 0.000) separation=0.3070197;Ground_Mountain_2_4:(0.080, 0.997, 0.000) separation=0.3070197;Ground_Mountain_2_4:(0.080, 0.997, 0.000) separation=0.3070197;"
0.780,1040.467,147.938,190.000,31.607,-31.523,2.314,0.001,0.197,0.000,0.000,4,10.298,0.013,0.997,"Ground_Summit authored launch:(0.080, 0.997, 0.000) separation=0.2428477;Ground_Summit authored launch:(0.080, 0.997, 0.000) separation=0.2430666;Ground_Summit authored launch:(0.080, 0.997, 0.000) separation=0.2428479;Ground_Summit authored launch:(0.080, 0.997, 0.000) separation=0.2430664;Ground_Summit authored launch:(0.080, 0.997, 0.000) separation=0.2428592;Ground_Summit authored launch:(0.080, 0.997, 0.000) separation=0.2428594;Ground_Mountain_2_4:(0.080, 0.997, 0.000) separation=0.3028907;Ground_Mountain_2_4:(0.080, 0.997, 0.000) separation=0.3026736;Ground_Mountain_2_4:(0.080, 0.997, 0.000) separation=0.3028907;Ground_Mountain_2_4:(0.080, 0.997, 0.000) separation=0.3026737;Ground_Mountain_2_4:(0.080, 0.997, 0.000) separation=0.3026736;Ground_Mountain_2_4:(0.080, 0.997, 0.000) separation=0.3026736;"
0.800,1039.836,147.985,190.000,31.608,-31.522,2.328,0.001,0.197,0.000,0.000,4,10.477,0.010,0.997,"Ground_Summit authored launch:(0.080, 0.997, 0.000) separation=0.2386716;Ground_Summit authored launch:(0.080, 0.997, 0.000) separation=0.238949;Ground_Summit authored launch:(0.080, 0.997, 0.000) separation=0.2386718;Ground_Summit authored launch:(0.080, 0.997, 0.000) separation=0.2389487;Ground_Summit authored launch:(0.080, 0.997, 0.000) separation=0.2386985;Ground_Summit authored launch:(0.080, 0.997, 0.000) separation=0.2387063;Ground_Mountain_2_4:(0.080, 0.997, 0.000) separation=0.2987601;Ground_Mountain_2_4:(0.080, 0.997, 0.000) separation=0.2984741;Ground_Mountain_2_4:(0.080, 0.997, 0.000) separation=0.2987601;Ground_Mountain_2_4:(0.080, 0.997, 0.000) separation=0.2984741;Ground_Mountain_2_4:(0.080, 0.997, 0.000) separation=0.2984741;Ground_Mountain_2_4:(0.080, 0.997, 0.000) separation=0.2984773;"
0.820,1039.206,148.032,190.000,31.608,-31.522,2.345,0.001,0.196,0.000,0.000,4,10.611,0.008,0.997,"Ground_Summit authored launch:(0.080, 0.997, 0.000) separation=0.2347934;Ground_Summit authored launch:(0.080, 0.997, 0.000) separation=0.2351096;Ground_Summit authored launch:(0.080, 0.997, 0.000) separation=0.2347937;Ground_Summit authored launch:(0.080, 0.997, 0.000) separation=0.2351092;Ground_Summit authored launch:(0.080, 0.997, 0.000) separation=0.2348464;Ground_Summit authored launch:(0.080, 0.997, 0.000) separation=0.2348467;Ground_Mountain_2_4:(0.080, 0.997, 0.000) separation=0.2949289;Ground_Mountain_2_4:(0.080, 0.997, 0.000) separation=0.2946072;Ground_Mountain_2_4:(0.080, 0.997, 0.000) separation=0.2949289;Ground_Mountain_2_4:(0.080, 0.997, 0.000) separation=0.2946072;Ground_Mountain_2_4:(0.080, 0.997, 0.000) separation=0.2946072;Ground_Mountain_2_4:(0.080, 0.997, 0.000) separation=0.2946072;"
0.840,1038.576,148.079,190.000,31.609,-31.521,2.364,0.001,0.196,0.000,0.000,4,10.704,0.006,0.997,"Ground_Summit authored launch:(0.080, 0.997, 0.000) separation=0.2312586;Ground_Summit authored launch:(0.080, 0.997, 0.000) separation=0.2316058;Ground_Summit authored launch:(0.080, 0.997, 0.000) separation=0.231259;Ground_Summit authored launch:(0.080, 0.997, 0.000) separation=0.2316054;Ground_Summit authored launch:(0.080, 0.997, 0.000) separation=0.2312594;Ground_Summit authored launch:(0.080, 0.997, 0.000) separation=0.2312598;Ground_Mountain_2_4:(0.080, 0.997, 0.000) separation=0.2914244;Ground_Mountain_2_4:(0.080, 0.997, 0.000) separation=0.2910872;Ground_Mountain_2_4:(0.080, 0.997, 0.000) separation=0.2914244;Ground_Mountain_2_4:(0.080, 0.997, 0.000) separation=0.2910873;Ground_Mountain_2_4:(0.080, 0.997, 0.000) separation=0.2910872;Ground_Mountain_2_4:(0.080, 0.997, 0.000) separation=0.2910872;"
0.860,1037.945,148.127,190.000,31.610,-31.520,2.383,0.001,0.195,0.000,0.000,4,10.759,0.004,0.997,"Ground_Summit authored launch:(0.080, 0.997, 0.000) separation=0.2281057;Ground_Summit authored launch:(0.080, 0.997, 0.000) separation=0.2284658;Ground_Summit authored launch:(0.080, 0.997, 0.000) separation=0.2281062;Ground_Summit authored launch:(0.080, 0.997, 0.000) separation=0.2284653;Ground_Summit authored launch:(0.080, 0.997, 0.000) separation=0.2281219;Ground_Summit authored launch:(0.080, 0.997, 0.000) separation=0.2281317;Ground_Mountain_2_4:(0.080, 0.997, 0.000) separation=0.2882816;Ground_Mountain_2_4:(0.080, 0.997, 0.000) separation=0.2879241;Ground_Mountain_2_4:(0.080, 0.997, 0.000) separation=0.2882815;Ground_Mountain_2_4:(0.080, 0.997, 0.000) separation=0.2879241;Ground_Mountain_2_4:(0.080, 0.997, 0.000) separation=0.2879241;Ground_Mountain_2_4:(0.080, 0.997, 0.000) separation=0.2879241;"
0.880,1037.315,148.175,190.000,31.610,-31.519,2.403,0.002,0.195,0.000,0.000,4,10.781,0.003,0.997,"Ground_Summit authored launch:(0.080, 0.997, 0.000) separation=0.2253537;Ground_Summit authored launch:(0.080, 0.997, 0.000) separation=0.2257108;Ground_Summit authored launch:(0.080, 0.997, 0.000) separation=0.2253545;Ground_Summit authored launch:(0.080, 0.997, 0.000) separation=0.22571;Ground_Summit authored launch:(0.080, 0.997, 0.000) separation=0.2253941;Ground_Summit authored launch:(0.080, 0.997, 0.000) separation=0.225395;Ground_Mountain_2_4:(0.080, 0.997, 0.000) separation=0.2855456;Ground_Mountain_2_4:(0.080, 0.997, 0.000) separation=0.2851785;Ground_Mountain_2_4:(0.080, 0.997, 0.000) separation=0.2855456;Ground_Mountain_2_4:(0.080, 0.997, 0.000) separation=0.2851785;Ground_Mountain_2_4:(0.080, 0.997, 0.000) separation=0.2851785;Ground_Mountain_2_4:(0.080, 0.997, 0.000) separation=0.285266;"
0.900,1036.684,148.223,190.000,31.611,-31.518,2.423,0.002,0.195,0.000,0.000,4,10.775,0.002,0.997,"Ground_Summit authored launch:(0.080, 0.997, 0.000) separation=0.2230014;Ground_Summit authored launch:(0.080, 0.997, 0.000) separation=0.2233478;Ground_Summit authored launch:(0.080, 0.997, 0.000) separation=0.2230027;Ground_Summit authored launch:(0.080, 0.997, 0.000) separation=0.2233464;Ground_Summit authored launch:(0.080, 0.997, 0.000) separation=0.2230552;Ground_Summit authored launch:(0.080, 0.997, 0.000) separation=0.2230654;Ground_Mountain_2_4:(0.080, 0.997, 0.000) separation=0.2831454;Ground_Mountain_2_4:(0.080, 0.997, 0.000) separation=0.2828169;Ground_Mountain_2_4:(0.080, 0.997, 0.000) separation=0.2831454;Ground_Mountain_2_4:(0.080, 0.997, 0.000) separation=0.282817;Ground_Mountain_2_4:(0.080, 0.997, 0.000) separation=0.282817;Ground_Mountain_2_4:(0.080, 0.997, 0.000) separation=0.282817;"
0.920,1036.054,148.272,190.000,31.612,-31.517,2.443,0.002,0.194,0.000,0.000,4,10.745,0.001,0.997,"Ground_Summit authored launch:(0.080, 0.997, 0.000) separation=0.2210472;Ground_Summit authored launch:(0.080, 0.997, 0.000) separation=0.2213766;Ground_Summit authored launch:(0.080, 0.997, 0.000) separation=0.2210489;Ground_Summit authored launch:(0.080, 0.997, 0.000) separation=0.221375;Ground_Summit authored launch:(0.080, 0.997, 0.000) separation=0.2210473;Ground_Summit authored launch:(0.080, 0.997, 0.000) separation=0.2210568;Ground_Mountain_2_4:(0.080, 0.997, 0.000) separation=0.2812029;Ground_Mountain_2_4:(0.080, 0.997, 0.000) separation=0.2808536;Ground_Mountain_2_4:(0.080, 0.997, 0.000) separation=0.2812029;Ground_Mountain_2_4:(0.080, 0.997, 0.000) separation=0.2808536;Ground_Mountain_2_4:(0.080, 0.997, 0.000) separation=0.2808535;Ground_Mountain_2_4:(0.080, 0.997, 0.000) separation=0.2808536;"
0.940,1035.424,148.321,190.000,31.612,-31.516,2.461,0.002,0.194,0.000,0.000,4,10.694,0.000,0.997,"Ground_Summit authored launch:(0.080, 0.997, 0.000) separation=0.2194908;Ground_Summit authored launch:(0.080, 0.997, 0.000) separation=0.2197986;Ground_Summit authored launch:(0.080, 0.997, 0.000) separation=0.2194927;Ground_Summit authored launch:(0.080, 0.997, 0.000) separation=0.2197967;Ground_Summit authored launch:(0.080, 0.997, 0.000) separation=0.2195113;Ground_Summit authored launch:(0.080, 0.997, 0.000) separation=0.2195132;Ground_Mountain_2_4:(0.080, 0.997, 0.000) separation=0.2796142;Ground_Mountain_2_4:(0.080, 0.997, 0.000) separation=0.2792958;Ground_Mountain_2_4:(0.080, 0.997, 0.000) separation=0.2796086;Ground_Mountain_2_4:(0.080, 0.997, 0.000) separation=0.2793013;Ground_Mountain_2_4:(0.080, 0.997, 0.000) separation=0.2792958;Ground_Mountain_2_4:(0.080, 0.997, 0.000) separation=0.2793579;"
0.960,1034.793,148.371,190.000,31.613,-31.515,2.478,0.002,0.194,0.000,0.000,4,10.628,0.000,0.997,"Ground_Summit authored launch:(0.080, 0.997, 0.000) separation=0.2182995;Ground_Summit authored launch:(0.080, 0.997, 0.000) separation=0.2185836;Ground_Summit authored launch:(0.080, 0.997, 0.000) separation=0.2183018;Ground_Summit authored launch:(0.080, 0.997, 0.000) separation=0.2185813;Ground_Summit authored launch:(0.080, 0.997, 0.000) separation=0.2183304;Ground_Summit authored launch:(0.080, 0.997, 0.000) separation=0.2183399;Ground_Mountain_2_4:(0.080, 0.997, 0.000) separation=0.2783692;Ground_Mountain_2_4:(0.080, 0.997, 0.000) separation=0.2780778;Ground_Mountain_2_4:(0.080, 0.997, 0.000) separation=0.2783637;Ground_Mountain_2_4:(0.080, 0.997, 0.000) separation=0.2780833;Ground_Mountain_2_4:(0.080, 0.997, 0.000) separation=0.2780817;Ground_Mountain_2_4:(0.080, 0.997, 0.000) separation=0.2780833;"
0.980,1034.163,148.421,190.000,31.613,-31.514,2.493,0.003,0.194,0.000,0.000,4,10.551,0.001,0.997,"Ground_Summit authored launch:(0.080, 0.997, 0.000) separation=0.2174548;Ground_Summit authored launch:(0.080, 0.997, 0.000) separation=0.2177137;Ground_Summit authored launch:(0.080, 0.997, 0.000) separation=0.2174573;Ground_Summit authored launch:(0.080, 0.997, 0.000) separation=0.2177112;Ground_Summit authored launch:(0.080, 0.997, 0.000) separation=0.2175004;Ground_Summit authored launch:(0.080, 0.997, 0.000) separation=0.2175029;Ground_Mountain_2_4:(0.080, 0.997, 0.000) separation=0.2775154;Ground_Mountain_2_4:(0.080, 0.997, 0.000) separation=0.2772651;Ground_Mountain_2_4:(0.080, 0.997, 0.000) separation=0.2775153;Ground_Mountain_2_4:(0.080, 0.997, 0.000) separation=0.2772651;Ground_Mountain_2_4:(0.080, 0.997, 0.000) separation=0.2772651;Ground_Mountain_2_4:(0.080, 0.997, 0.000) separation=0.2772651;"
1.000,1033.533,148.471,190.000,31.613,-31.514,2.507,0.003,0.194,0.000,0.000,4,10.466,0.001,0.997,"Ground_Summit authored launch:(0.080, 0.997, 0.000) separation=0.2169151;Ground_Summit authored launch:(0.080, 0.997, 0.000) separation=0.2171473;Ground_Summit authored launch:(0.080, 0.997, 0.000) separation=0.2169176;Ground_Summit authored launch:(0.080, 0.997, 0.000) separation=0.2171448;Ground_Summit authored launch:(0.080, 0.997, 0.000) separation=0.2169191;Ground_Summit authored launch:(0.080, 0.997, 0.000) separation=0.2169216;Ground_Mountain_2_4:(0.080, 0.997, 0.000) separation=0.2769554;Ground_Mountain_2_4:(0.080, 0.997, 0.000) separation=0.2767256;Ground_Mountain_2_4:(0.080, 0.997, 0.000) separation=0.2769499;Ground_Mountain_2_4:(0.080, 0.997, 0.000) separation=0.2767311;Ground_Mountain_2_4:(0.080, 0.997, 0.000) separation=0.2767256;Ground_Mountain_2_4:(0.080, 0.997, 0.000) separation=0.2767611;"
1.020,1032.903,148.521,190.000,31.614,-31.513,2.519,0.003,0.193,0.000,0.000,4,10.377,0.001,0.997,"Ground_Summit authored launch:(0.080, 0.997, 0.000) separation=0.216657;Ground_Summit authored launch:(0.080, 0.997, 0.000) separation=0.2168548;Ground_Summit authored launch:(0.080, 0.997, 0.000) separation=0.2166596;Ground_Summit authored launch:(0.080, 0.997, 0.000) separation=0.2168522;Ground_Summit authored launch:(0.080, 0.997, 0.000) separation=0.2166677;Ground_Summit authored launch:(0.080, 0.997, 0.000) separation=0.2166746;Ground_Mountain_2_4:(0.080, 0.997, 0.000) separation=0.2766535;Ground_Mountain_2_4:(0.080, 0.997, 0.000) separation=0.2764647;Ground_Mountain_2_4:(0.080, 0.997, 0.000) separation=0.2766535;Ground_Mountain_2_4:(0.080, 0.997, 0.000) separation=0.2764647;Ground_Mountain_2_4:(0.080, 0.997, 0.000) separation=0.2764646;Ground_Mountain_2_4:(0.080, 0.997, 0.000) separation=0.2764646;"
1.040,1032.272,148.572,190.000,31.614,-31.513,2.529,0.003,0.193,0.000,0.000,4,10.286,0.002,0.997,"Ground_Summit authored launch:(0.080, 0.997, 0.000) separation=0.2166383;Ground_Summit authored launch:(0.080, 0.997, 0.000) separation=0.2168071;Ground_Summit authored launch:(0.080, 0.997, 0.000) separation=0.2166408;Ground_Summit authored launch:(0.080, 0.997, 0.000) separation=0.2168046;Ground_Summit authored launch:(0.080, 0.997, 0.000) separation=0.2166622;Ground_Summit authored launch:(0.080, 0.997, 0.000) separation=0.2166647;Ground_Mountain_2_4:(0.080, 0.997, 0.000) separation=0.2766106;Ground_Mountain_2_4:(0.080, 0.997, 0.000) separation=0.2764319;Ground_Mountain_2_4:(0.080, 0.997, 0.000) separation=0.2766106;Ground_Mountain_2_4:(0.080, 0.997, 0.000) separation=0.2764319;Ground_Mountain_2_4:(0.080, 0.997, 0.000) separation=0.2764319;Ground_Mountain_2_4:(0.080, 0.997, 0.000) separation=0.2764319;"
1.060,1031.642,148.622,190.000,31.614,-31.512,2.538,0.003,0.193,0.000,0.000,4,10.196,0.001,0.997,"Ground_Summit authored launch:(0.080, 0.997, 0.000) separation=0.2168108;Ground_Summit authored launch:(0.080, 0.997, 0.000) separation=0.2169571;Ground_Summit authored launch:(0.080, 0.997, 0.000) separation=0.2168132;Ground_Summit authored launch:(0.080, 0.997, 0.000) separation=0.2169547;Ground_Summit authored launch:(0.080, 0.997, 0.000) separation=0.2168384;Ground_Summit authored launch:(0.080, 0.997, 0.000) separation=0.216845;Ground_Mountain_2_4:(0.080, 0.997, 0.000) separation=0.27677;Ground_Mountain_2_4:(0.080, 0.997, 0.000) separation=0.2766199;Ground_Mountain_2_4:(0.080, 0.997, 0.000) separation=0.27677;Ground_Mountain_2_4:(0.080, 0.997, 0.000) separation=0.2766199;Ground_Mountain_2_4:(0.080, 0.997, 0.000) separation=0.2766198;Ground_Mountain_2_4:(0.080, 0.997, 0.000) separation=0.2766348;"
1.080,1031.012,148.673,190.000,31.615,-31.512,2.544,0.003,0.193,0.000,0.000,4,10.110,0.001,0.997,"Ground_Summit authored launch:(0.080, 0.997, 0.000) separation=0.2171492;Ground_Summit authored launch:(0.080, 0.997, 0.000) separation=0.2172784;Ground_Summit authored launch:(0.080, 0.997, 0.000) separation=0.2171516;Ground_Summit authored launch:(0.080, 0.997, 0.000) separation=0.2172761;Ground_Summit authored launch:(0.080, 0.997, 0.000) separation=0.2171515;Ground_Summit authored launch:(0.080, 0.997, 0.000) separation=0.2171574;Ground_Mountain_2_4:(0.080, 0.997, 0.000) separation=0.2770672;Ground_Mountain_2_4:(0.080, 0.997, 0.000) separation=0.2769483;Ground_Mountain_2_4:(0.080, 0.997, 0.000) separation=0.2770672;Ground_Mountain_2_4:(0.080, 0.997, 0.000) separation=0.2769483;Ground_Mountain_2_4:(0.080, 0.997, 0.000) separation=0.2769482;Ground_Mountain_2_4:(0.080, 0.997, 0.000) separation=0.2769482;"
1.100,1030.382,148.724,190.000,31.615,-31.512,2.549,0.003,0.193,0.000,0.000,4,10.029,0.001,0.997,"Ground_Summit authored launch:(0.080, 0.997, 0.000) separation=0.2176238;Ground_Summit authored launch:(0.080, 0.997, 0.000) separation=0.2177437;Ground_Summit authored launch:(0.080, 0.997, 0.000) separation=0.2176261;Ground_Summit authored launch:(0.080, 0.997, 0.000) separation=0.2177415;Ground_Summit authored launch:(0.080, 0.997, 0.000) separation=0.217634;Ground_Summit authored launch:(0.080, 0.997, 0.000) separation=0.2176362;Ground_Mountain_2_4:(0.080, 0.997, 0.000) separation=0.2775607;Ground_Mountain_2_4:(0.080, 0.997, 0.000) separation=0.2774382;Ground_Mountain_2_4:(0.080, 0.997, 0.000) separation=0.2775607;Ground_Mountain_2_4:(0.080, 0.997, 0.000) separation=0.2774382;Ground_Mountain_2_4:(0.080, 0.997, 0.000) separation=0.2774382;Ground_Mountain_2_4:(0.080, 0.997, 0.000) separation=0.2774382;"
1.120,1029.751,148.775,190.000,31.615,-31.512,2.553,0.003,0.193,0.000,0.000,4,9.954,0.001,0.997,"Ground_Summit authored launch:(0.080, 0.997, 0.000) separation=0.2181901;Ground_Summit authored launch:(0.080, 0.997, 0.000) separation=0.218295;Ground_Summit authored launch:(0.080, 0.997, 0.000) separation=0.2181921;Ground_Summit authored launch:(0.080, 0.997, 0.000) separation=0.2182929;Ground_Summit authored launch:(0.080, 0.997, 0.000) separation=0.2182032;Ground_Summit authored launch:(0.080, 0.997, 0.000) separation=0.2182079;Ground_Mountain_2_4:(0.080, 0.997, 0.000) separation=0.2781117;Ground_Mountain_2_4:(0.080, 0.997, 0.000) separation=0.2779989;Ground_Mountain_2_4:(0.080, 0.997, 0.000) separation=0.2781062;Ground_Mountain_2_4:(0.080, 0.997, 0.000) separation=0.2780044;Ground_Mountain_2_4:(0.080, 0.997, 0.000) separation=0.2780044;Ground_Mountain_2_4:(0.080, 0.997, 0.000) separation=0.2780094;"
1.140,1029.121,148.826,190.000,31.615,-31.512,2.555,0.003,0.192,0.000,0.000,4,9.887,0.001,0.997,"Ground_Summit authored launch:(0.080, 0.997, 0.000) separation=0.2188307;Ground_Summit authored launch:(0.080, 0.997, 0.000) separation=0.2189202;Ground_Summit authored launch:(0.080, 0.997, 0.000) separation=0.2188327;Ground_Summit authored launch:(0.080, 0.997, 0.000) separation=0.2189183;Ground_Summit authored launch:(0.080, 0.997, 0.000) separation=0.218848;Ground_Summit authored launch:(0.080, 0.997, 0.000) separation=0.2188499;Ground_Mountain_2_4:(0.080, 0.997, 0.000) separation=0.2787408;Ground_Mountain_2_4:(0.080, 0.997, 0.000) separation=0.2786526;Ground_Mountain_2_4:(0.080, 0.997, 0.000) separation=0.2787353;Ground_Mountain_2_4:(0.080, 0.997, 0.000) separation=0.2786582;Ground_Mountain_2_4:(0.080, 0.997, 0.000) separation=0.278654;Ground_Mountain_2_4:(0.080, 0.997, 0.000) separation=0.2786581;"
1.160,1028.491,148.878,190.000,31.615,-31.512,2.556,0.004,0.192,0.000,0.000,4,9.827,0.001,0.997,"Ground_Summit authored launch:(0.080, 0.997, 0.000) separation=0.2195249;Ground_Summit authored launch:(0.080, 0.997, 0.000) separation=0.2196005;Ground_Summit authored launch:(0.080, 0.997, 0.000) separation=0.2195268;Ground_Summit authored launch:(0.080, 0.997, 0.000) separation=0.2195986;Ground_Summit authored launch:(0.080, 0.997, 0.000) separation=0.2195278;Ground_Summit authored launch:(0.080, 0.997, 0.000) separation=0.2195297;Ground_Mountain_2_4:(0.080, 0.997, 0.000) separation=0.2794235;Ground_Mountain_2_4:(0.080, 0.997, 0.000) separation=0.279352;Ground_Mountain_2_4:(0.080, 0.997, 0.000) separation=0.2794235;Ground_Mountain_2_4:(0.080, 0.997, 0.000) separation=0.279352;Ground_Mountain_2_4:(0.080, 0.997, 0.000) separation=0.279352;Ground_Mountain_2_4:(0.080, 0.997, 0.000) separation=0.279352;"
1.180,1027.861,148.929,190.001,31.616,-31.512,2.556,0.004,0.192,0.000,0.000,4,9.776,0.001,0.997,"Ground_Summit authored launch:(0.080, 0.997, 0.000) separation=0.2202248;Ground_Summit authored launch:(0.080, 0.997, 0.000) separation=0.2202882;Ground_Summit authored launch:(0.080, 0.997, 0.000) separation=0.2202266;Ground_Summit authored launch:(0.080, 0.997, 0.000) separation=0.2202865;Ground_Summit authored launch:(0.080, 0.997, 0.000) separation=0.2202298;Ground_Summit authored launch:(0.080, 0.997, 0.000) separation=0.2202331;Ground_Mountain_2_4:(0.080, 0.997, 0.000) separation=0.2800756;Ground_Mountain_2_4:(0.080, 0.997, 0.000) separation=0.2800097;Ground_Mountain_2_4:(0.080, 0.997, 0.000) separation=0.2800756;Ground_Mountain_2_4:(0.080, 0.997, 0.000) separation=0.2800097;Ground_Mountain_2_4:(0.080, 0.997, 0.000) separation=0.2800096;Ground_Mountain_2_4:(0.080, 0.997, 0.000) separation=0.2800262;"
1.200,1027.230,148.980,190.001,31.616,-31.512,2.555,0.004,0.192,0.000,0.000,4,9.732,0.001,0.997,"Ground_Summit authored launch:(0.080, 0.997, 0.000) separation=0.2209237;Ground_Summit authored launch:(0.080, 0.997, 0.000) separation=0.2209767;Ground_Summit authored launch:(0.080, 0.997, 0.000) separation=0.2209253;Ground_Summit authored launch:(0.080, 0.997, 0.000) separation=0.2209751;Ground_Summit authored launch:(0.080, 0.997, 0.000) separation=0.2209314;Ground_Summit authored launch:(0.080, 0.997, 0.000) separation=0.2209331;Ground_Mountain_2_4:(0.080, 0.997, 0.000) separation=0.2807888;Ground_Mountain_2_4:(0.080, 0.997, 0.000) separation=0.280738;Ground_Mountain_2_4:(0.080, 0.997, 0.000) separation=0.2807888;Ground_Mountain_2_4:(0.080, 0.997, 0.000) separation=0.280738;Ground_Mountain_2_4:(0.080, 0.997, 0.000) separation=0.280738;Ground_Mountain_2_4:(0.080, 0.997, 0.000) separation=0.280738;"
1.220,1026.600,149.031,190.001,31.616,-31.513,2.553,0.004,0.192,0.000,0.000,4,9.697,0.001,0.997,"Ground_Summit authored launch:(0.080, 0.997, 0.000) separation=0.2216064;Ground_Summit authored launch:(0.080, 0.997, 0.000) separation=0.2216505;Ground_Summit authored launch:(0.080, 0.997, 0.000) separation=0.2216081;Ground_Summit authored launch:(0.080, 0.997, 0.000) separation=0.2216489;Ground_Summit authored launch:(0.080, 0.997, 0.000) separation=0.2216146;Ground_Summit authored launch:(0.080, 0.997, 0.000) separation=0.2216173;Ground_Mountain_2_4:(0.080, 0.997, 0.000) separation=0.2814508;Ground_Mountain_2_4:(0.080, 0.997, 0.000) separation=0.281415;Ground_Mountain_2_4:(0.080, 0.997, 0.000) separation=0.2814508;Ground_Mountain_2_4:(0.080, 0.997, 0.000) separation=0.281415;Ground_Mountain_2_4:(0.080, 0.997, 0.000) separation=0.281415;Ground_Mountain_2_4:(0.080, 0.997, 0.000) separation=0.281415;"
1.240,1025.970,149.082,190.001,31.616,-31.513,2.551,0.004,0.192,0.000,0.000,4,9.669,0.001,0.997,"Ground_Summit authored launch:(0.080, 0.997, 0.000) separation=0.2222587;Ground_Summit authored launch:(0.080, 0.997, 0.000) separation=0.2222948;Ground_Summit authored launch:(0.080, 0.997, 0.000) separation=0.2222604;Ground_Summit authored launch:(0.080, 0.997, 0.000) separation=0.2222932;Ground_Summit authored launch:(0.080, 0.997, 0.000) separation=0.2222598;Ground_Summit authored launch:(0.080, 0.997, 0.000) separation=0.2222624;Ground_Mountain_2_4:(0.080, 0.997, 0.000) separation=0.2821181;Ground_Mountain_2_4:(0.080, 0.997, 0.000) separation=0.2820815;Ground_Mountain_2_4:(0.080, 0.997, 0.000) separation=0.2821125;Ground_Mountain_2_4:(0.080, 0.997, 0.000) separation=0.282087;Ground_Mountain_2_4:(0.080, 0.997, 0.000) separation=0.2820815;Ground_Mountain_2_4:(0.080, 0.997, 0.000) separation=0.2820862;"
1.260,1025.340,149.133,190.001,31.616,-31.513,2.548,0.003,0.192,0.000,0.000,4,9.648,0.001,0.997,"Ground_Summit authored launch:(0.080, 0.997, 0.000) separation=0.2228687;Ground_Summit authored launch:(0.080, 0.997, 0.000) separation=0.2228945;Ground_Summit authored launch:(0.080, 0.997, 0.000) separation=0.2228703;Ground_Summit authored launch:(0.080, 0.997, 0.000) separation=0.2228929;Ground_Summit authored launch:(0.080, 0.997, 0.000) separation=0.2228678;Ground_Summit authored launch:(0.080, 0.997, 0.000) separation=0.2228694;Ground_Mountain_2_4:(0.080, 0.997, 0.000) separation=0.2827286;Ground_Mountain_2_4:(0.080, 0.997, 0.000) separation=0.2827063;Ground_Mountain_2_4:(0.080, 0.997, 0.000) separation=0.282723;Ground_Mountain_2_4:(0.080, 0.997, 0.000) separation=0.2827118;Ground_Mountain_2_4:(0.080, 0.997, 0.000) separation=0.2827063;Ground_Mountain_2_4:(0.080, 0.997, 0.000) separation=0.2827118;"
1.280,1024.709,149.184,190.001,31.616,-31.514,2.546,0.003,0.192,0.000,0.000,4,9.634,0.001,0.997,"Ground_Summit authored launch:(0.080, 0.997, 0.000) separation=0.2234225;Ground_Summit authored launch:(0.080, 0.997, 0.000) separation=0.2234329;Ground_Summit authored launch:(0.080, 0.997, 0.000) separation=0.2234239;Ground_Summit authored launch:(0.080, 0.997, 0.000) separation=0.2234315;Ground_Summit authored launch:(0.080, 0.997, 0.000) separation=0.2234175;Ground_Summit authored launch:(0.080, 0.997, 0.000) separation=0.2234189;Ground_Mountain_2_4:(0.080, 0.997, 0.000) separation=0.2832494;Ground_Mountain_2_4:(0.080, 0.997, 0.000) separation=0.2832459;Ground_Mountain_2_4:(0.080, 0.997, 0.000) separation=0.2832494;Ground_Mountain_2_4:(0.080, 0.997, 0.000) separation=0.2832459;Ground_Mountain_2_4:(0.080, 0.997, 0.000) separation=0.2832459;Ground_Mountain_2_4:(0.080, 0.997, 0.000) separation=0.2832459;"
1.300,1024.079,149.235,190.001,31.616,-31.514,2.543,0.003,0.192,0.000,0.000,4,9.627,0.000,0.997,"Ground_Summit authored launch:(0.080, 0.997, 0.000) separation=0.2239069;Ground_Summit authored launch:(0.080, 0.997, 0.000) separation=0.2239108;Ground_Summit authored launch:(0.080, 0.997, 0.000) separation=0.2239079;Ground_Summit authored launch:(0.080, 0.997, 0.000) separation=0.2239097;Ground_Summit authored launch:(0.080, 0.997, 0.000) separation=0.223903;Ground_Summit authored launch:(0.080, 0.997, 0.000) separation=0.2239041;Ground_Mountain_2_4:(0.080, 0.997, 0.000) separation=0.2837176;Ground_Mountain_2_4:(0.080, 0.997, 0.000) separation=0.2837036;Ground_Mountain_2_4:(0.080, 0.997, 0.000) separation=0.2837176;Ground_Mountain_2_4:(0.080, 0.997, 0.000) separation=0.2837036;Ground_Mountain_2_4:(0.080, 0.997, 0.000) separation=0.2837036;Ground_Mountain_2_4:(0.080, 0.997, 0.000) separation=0.2837036;"
1.320,1023.449,149.285,190.001,31.616,-31.514,2.539,0.003,0.192,0.000,0.000,4,9.623,0.000,0.997,"Ground_Summit authored launch:(0.080, 0.997, 0.000) separation=0.224344;Ground_Summit authored launch:(0.080, 0.997, 0.000) separation=0.2243444;Ground_Summit authored launch:(0.080, 0.997, 0.000) separation=0.2243449;Ground_Summit authored launch:(0.080, 0.997, 0.000) separation=0.2243434;Ground_Summit authored launch:(0.080, 0.997, 0.000) separation=0.2243422;Ground_Summit authored launch:(0.080, 0.997, 0.000) separation=0.2243431;Ground_Mountain_2_4:(0.080, 0.997, 0.000) separation=0.2841461;Ground_Mountain_2_4:(0.080, 0.997, 0.000) separation=0.2841375;Ground_Mountain_2_4:(0.080, 0.997, 0.000) separation=0.2841461;Ground_Mountain_2_4:(0.080, 0.997, 0.000) separation=0.2841375;Ground_Mountain_2_4:(0.080, 0.997, 0.000) separation=0.2841374;Ground_Mountain_2_4:(0.080, 0.997, 0.000) separation=0.2841406;"
1.340,1022.819,149.336,190.001,31.617,-31.515,2.536,0.003,0.192,0.000,0.000,4,9.625,0.000,0.997,"Ground_Summit authored launch:(0.080, 0.997, 0.000) separation=0.2246952;Ground_Summit authored launch:(0.080, 0.997, 0.000) separation=0.224699;Ground_Summit authored launch:(0.080, 0.997, 0.000) separation=0.224696;Ground_Summit authored launch:(0.080, 0.997, 0.000) separation=0.2246982;Ground_Summit authored launch:(0.080, 0.997, 0.000) separation=0.2246963;Ground_Summit authored launch:(0.080, 0.997, 0.000) separation=0.2246975;Ground_Mountain_2_4:(0.080, 0.997, 0.000) separation=0.2844971;Ground_Mountain_2_4:(0.080, 0.997, 0.000) separation=0.2844971;Ground_Mountain_2_4:(0.080, 0.997, 0.000) separation=0.2844971;Ground_Mountain_2_4:(0.080, 0.997, 0.000) separation=0.2844971;Ground_Mountain_2_4:(0.080, 0.997, 0.000) separation=0.2844971;Ground_Mountain_2_4:(0.080, 0.997, 0.000) separation=0.2844971;"
1.360,1022.188,149.387,190.001,31.617,-31.515,2.533,0.003,0.192,0.000,0.000,4,9.630,0.000,0.997,"Ground_Summit authored launch:(0.080, 0.997, 0.000) separation=0.2249886;Ground_Summit authored launch:(0.080, 0.997, 0.000) separation=0.2249992;Ground_Summit authored launch:(0.080, 0.997, 0.000) separation=0.2249894;Ground_Summit authored launch:(0.080, 0.997, 0.000) separation=0.2249984;Ground_Summit authored launch:(0.080, 0.997, 0.000) separation=0.2249902;Ground_Summit authored launch:(0.080, 0.997, 0.000) separation=0.2249911;Ground_Mountain_2_4:(0.080, 0.997, 0.000) separation=0.2848175;Ground_Mountain_2_4:(0.080, 0.997, 0.000) separation=0.2848175;Ground_Mountain_2_4:(0.080, 0.997, 0.000) separation=0.2848175;Ground_Mountain_2_4:(0.080, 0.997, 0.000) separation=0.2848175;Ground_Mountain_2_4:(0.080, 0.997, 0.000) separation=0.2848175;Ground_Mountain_2_4:(0.080, 0.997, 0.000) separation=0.2848175;"
1.380,1021.558,149.437,190.001,31.617,-31.515,2.531,0.003,0.192,0.000,0.000,4,9.638,0.000,0.997,"Ground_Summit authored launch:(0.080, 0.997, 0.000) separation=0.2252377;Ground_Summit authored launch:(0.080, 0.997, 0.000) separation=0.225247;Ground_Summit authored launch:(0.080, 0.997, 0.000) separation=0.2252386;Ground_Summit authored launch:(0.080, 0.997, 0.000) separation=0.2252461;Ground_Summit authored launch:(0.080, 0.997, 0.000) separation=0.2252378;Ground_Summit authored launch:(0.080, 0.997, 0.000) separation=0.2252387;Ground_Mountain_2_4:(0.080, 0.997, 0.000) separation=0.2850564;Ground_Mountain_2_4:(0.080, 0.997, 0.000) separation=0.2850542;Ground_Mountain_2_4:(0.080, 0.997, 0.000) separation=0.2850564;Ground_Mountain_2_4:(0.080, 0.997, 0.000) separation=0.2850542;Ground_Mountain_2_4:(0.080, 0.997, 0.000) separation=0.2850464;Ground_Mountain_2_4:(0.080, 0.997, 0.000) separation=0.2850464;"
1.400,1020.928,149.488,190.001,31.617,-31.516,2.528,0.002,0.192,0.000,0.000,4,9.649,0.000,0.997,"Ground_Summit authored launch:(0.080, 0.997, 0.000) separation=0.2254254;Ground_Summit authored launch:(0.080, 0.997, 0.000) separation=0.2254336;Ground_Summit authored launch:(0.080, 0.997, 0.000) separation=0.2254265;Ground_Summit authored launch:(0.080, 0.997, 0.000) separation=0.2254325;Ground_Summit authored launch:(0.080, 0.997, 0.000) separation=0.2254258;Ground_Summit authored launch:(0.080, 0.997, 0.000) separation=0.225427;Ground_Mountain_2_4:(0.080, 0.997, 0.000) separation=0.2852347;Ground_Mountain_2_4:(0.080, 0.997, 0.000) separation=0.2852295;Ground_Mountain_2_4:(0.080, 0.997, 0.000) separation=0.2852347;Ground_Mountain_2_4:(0.080, 0.997, 0.000) separation=0.2852295;Ground_Mountain_2_4:(0.080, 0.997, 0.000) separation=0.2852295;Ground_Mountain_2_4:(0.080, 0.997, 0.000) separation=0.2852295;"
1.420,1020.297,149.539,190.001,31.617,-31.516,2.526,0.002,0.192,0.000,0.000,4,9.662,0.000,0.997,"Ground_Summit authored launch:(0.080, 0.997, 0.000) separation=0.225551;Ground_Summit authored launch:(0.080, 0.997, 0.000) separation=0.2255583;Ground_Summit authored launch:(0.080, 0.997, 0.000) separation=0.2255524;Ground_Summit authored launch:(0.080, 0.997, 0.000) separation=0.225557;Ground_Summit authored launch:(0.080, 0.997, 0.000) separation=0.2255518;Ground_Summit authored launch:(0.080, 0.997, 0.000) separation=0.2255531;Ground_Mountain_2_4:(0.080, 0.997, 0.000) separation=0.2853728;Ground_Mountain_2_4:(0.080, 0.997, 0.000) separation=0.2853668;Ground_Mountain_2_4:(0.080, 0.997, 0.000) separation=0.2853673;Ground_Mountain_2_4:(0.080, 0.997, 0.000) separation=0.2853724;Ground_Mountain_2_4:(0.080, 0.997, 0.000) separation=0.2853668;Ground_Mountain_2_4:(0.080, 0.997, 0.000) separation=0.2853668;"
1.440,1019.667,149.589,190.001,31.617,-31.516,2.524,0.002,0.192,0.000,0.000,4,9.675,0.000,0.997,"Ground_Summit authored launch:(0.080, 0.997, 0.000) separation=0.2256322;Ground_Summit authored launch:(0.080, 0.997, 0.000) separation=0.2256389;Ground_Summit authored launch:(0.080, 0.997, 0.000) separation=0.2256339;Ground_Summit authored launch:(0.080, 0.997, 0.000) separation=0.2256372;Ground_Summit authored launch:(0.080, 0.997, 0.000) separation=0.225633;Ground_Summit authored launch:(0.080, 0.997, 0.000) separation=0.2256342;Ground_Mountain_2_4:(0.080, 0.997, 0.000) separation=0.2854126;Ground_Mountain_2_4:(0.080, 0.997, 0.000) separation=0.2854126;Ground_Mountain_2_4:(0.080, 0.997, 0.000) separation=0.2854126;Ground_Mountain_2_4:(0.080, 0.997, 0.000) separation=0.2854126;Ground_Mountain_2_4:(0.080, 0.997, 0.000) separation=0.2854126;Ground_Mountain_2_4:(0.080, 0.997, 0.000) separation=0.2854126;"
1.460,1019.037,149.639,190.001,31.617,-31.516,2.522,0.002,0.192,0.000,0.000,4,9.689,0.000,0.997,"Ground_Summit authored launch:(0.080, 0.997, 0.000) separation=0.2256841;Ground_Summit authored launch:(0.080, 0.997, 0.000) separation=0.2256872;Ground_Summit authored launch:(0.080, 0.997, 0.000) separation=0.2256891;Ground_Summit authored launch:(0.080, 0.997, 0.000) separation=0.2256822;Ground_Summit authored launch:(0.080, 0.997, 0.000) separation=0.2256823;Ground_Summit authored launch:(0.080, 0.997, 0.000) separation=0.2256835;Ground_Mountain_2_4:(0.080, 0.997, 0.000) separation=0.2855042;Ground_Mountain_2_4:(0.080, 0.997, 0.000) separation=0.2855042;Ground_Mountain_2_4:(0.080, 0.997, 0.000) separation=0.2855042;Ground_Mountain_2_4:(0.080, 0.997, 0.000) separation=0.2855042;Ground_Mountain_2_4:(0.080, 0.997, 0.000) separation=0.2855042;Ground_Mountain_2_4:(0.080, 0.997, 0.000) separation=0.2855042;"
1.480,1018.406,149.690,190.001,31.617,-31.516,2.520,0.001,0.192,0.000,0.000,4,9.703,0.000,0.997,"Ground_Summit authored launch:(0.080, 0.997, 0.000) separation=0.2256874;Ground_Summit authored launch:(0.080, 0.997, 0.000) separation=0.2256905;Ground_Summit authored launch:(0.080, 0.997, 0.000) separation=0.2256925;Ground_Summit authored launch:(0.080, 0.997, 0.000) separation=0.2256854;Ground_Summit authored launch:(0.080, 0.997, 0.000) separation=0.2256858;Ground_Summit authored launch:(0.080, 0.997, 0.000) separation=0.2256867;Ground_Mountain_2_4:(0.080, 0.997, 0.000) separation=0.2855042;Ground_Mountain_2_4:(0.080, 0.997, 0.000) separation=0.2855028;Ground_Mountain_2_4:(0.080, 0.997, 0.000) separation=0.2855042;Ground_Mountain_2_4:(0.080, 0.997, 0.000) separation=0.2855028;Ground_Mountain_2_4:(0.080, 0.997, 0.000) separation=0.2855028;Ground_Mountain_2_4:(0.080, 0.997, 0.000) separation=0.2855028;"
1.500,1017.776,149.740,190.001,31.617,-31.517,2.519,0.001,0.191,0.000,0.000,4,9.717,0.000,0.997,"Ground_Summit authored launch:(0.080, 0.997, 0.000) separation=0.2256619;Ground_Summit authored launch:(0.080, 0.997, 0.000) separation=0.225665;Ground_Summit authored launch:(0.080, 0.997, 0.000) separation=0.2256671;Ground_Summit authored launch:(0.080, 0.997, 0.000) separation=0.2256598;Ground_Summit authored launch:(0.080, 0.997, 0.000) separation=0.2256605;Ground_Summit authored launch:(0.080, 0.997, 0.000) separation=0.2256618;Ground_Mountain_2_4:(0.080, 0.997, 0.000) separation=0.2854701;Ground_Mountain_2_4:(0.080, 0.997, 0.000) separation=0.2854522;Ground_Mountain_2_4:(0.080, 0.997, 0.000) separation=0.2854701;Ground_Mountain_2_4:(0.080, 0.997, 0.000) separation=0.2854522;Ground_Mountain_2_4:(0.080, 0.997, 0.000) separation=0.2854522;Ground_Mountain_2_4:(0.080, 0.997, 0.000) separation=0.2854528;"
1.520,1017.146,149.791,190.001,31.617,-31.517,2.518,0.001,0.191,0.000,0.000,4,9.729,0.000,0.997,"Ground_Summit authored launch:(0.080, 0.997, 0.000) separation=0.2256194;Ground_Summit authored launch:(0.080, 0.997, 0.000) separation=0.2256233;Ground_Summit authored launch:(0.080, 0.997, 0.000) separation=0.2256255;Ground_Summit authored launch:(0.080, 0.997, 0.000) separation=0.2256172;Ground_Summit authored launch:(0.080, 0.997, 0.000) separation=0.2256182;Ground_Summit authored launch:(0.080, 0.997, 0.000) separation=0.2256196;Ground_Mountain_2_4:(0.080, 0.997, 0.000) separation=0.2854584;Ground_Mountain_2_4:(0.080, 0.997, 0.000) separation=0.2854309;Ground_Mountain_2_4:(0.080, 0.997, 0.000) separation=0.2854529;Ground_Mountain_2_4:(0.080, 0.997, 0.000) separation=0.2854364;Ground_Mountain_2_4:(0.080, 0.997, 0.000) separation=0.2854321;Ground_Mountain_2_4:(0.080, 0.997, 0.000) separation=0.2854334;"
1.540,1016.516,149.841,190.001,31.617,-31.517,2.517,0.000,0.191,0.000,0.000,4,9.742,0.000,0.997,"Ground_Summit authored launch:(0.080, 0.997, 0.000) separation=0.2255483;Ground_Summit authored launch:(0.080, 0.997, 0.000) separation=0.2255513;Ground_Summit authored launch:(0.080, 0.997, 0.000) separation=0.2255533;Ground_Summit authored launch:(0.080, 0.997, 0.000) separation=0.2255463;Ground_Summit authored launch:(0.080, 0.997, 0.000) separation=0.2255454;Ground_Summit authored launch:(0.080, 0.997, 0.000) separation=0.2255467;Ground_Mountain_2_4:(0.080, 0.997, 0.000) separation=0.2853592;Ground_Mountain_2_4:(0.080, 0.997, 0.000) separation=0.2853374;Ground_Mountain_2_4:(0.080, 0.997, 0.000) separation=0.2853537;Ground_Mountain_2_4:(0.080, 0.997, 0.000) separation=0.2853429;Ground_Mountain_2_4:(0.080, 0.997, 0.000) separation=0.2853363;Ground_Mountain_2_4:(0.080, 0.997, 0.000) separation=0.2853363;"
1.560,1015.885,149.891,190.001,31.617,-31.517,2.517,0.000,0.191,0.000,0.000,4,9.752,0.000,0.997,"Ground_Summit authored launch:(0.080, 0.997, 0.000) separation=0.2254863;Ground_Summit authored launch:(0.080, 0.997, 0.000) separation=0.2254798;Ground_Summit authored launch:(0.080, 0.997, 0.000) separation=0.2254816;Ground_Summit authored launch:(0.080, 0.997, 0.000) separation=0.2254845;Ground_Summit authored launch:(0.080, 0.997, 0.000) separation=0.2254759;Ground_Summit authored launch:(0.080, 0.997, 0.000) separation=0.225477;Ground_Mountain_2_4:(0.080, 0.997, 0.000) separation=0.2852933;Ground_Mountain_2_4:(0.080, 0.997, 0.000) separation=0.2852806;Ground_Mountain_2_4:(0.080, 0.997, 0.000) separation=0.2852878;Ground_Mountain_2_4:(0.080, 0.997, 0.000) separation=0.2852862;Ground_Mountain_2_4:(0.080, 0.997, 0.000) separation=0.2852753;Ground_Mountain_2_4:(0.080, 0.997, 0.000) separation=0.2852753;"
1.580,1015.255,149.942,190.001,31.617,-31.517,2.516,-0.001,0.191,0.000,0.000,4,9.762,0.000,0.997,"Ground_Summit authored launch:(0.080, 0.997, 0.000) separation=0.2254044;Ground_Summit authored launch:(0.080, 0.997, 0.000) separation=0.2253936;Ground_Summit authored launch:(0.080, 0.997, 0.000) separation=0.2253951;Ground_Summit authored launch:(0.080, 0.997, 0.000) separation=0.225403;Ground_Summit authored launch:(0.080, 0.997, 0.000) separation=0.2253907;Ground_Summit authored launch:(0.080, 0.997, 0.000) separation=0.2253921;Ground_Mountain_2_4:(0.080, 0.997, 0.000) separation=0.285222;Ground_Mountain_2_4:(0.080, 0.997, 0.000) separation=0.285229;Ground_Mountain_2_4:(0.080, 0.997, 0.000) separation=0.2852165;Ground_Mountain_2_4:(0.080, 0.997, 0.000) separation=0.2852345;Ground_Mountain_2_4:(0.080, 0.997, 0.000) separation=0.2852087;Ground_Mountain_2_4:(0.080, 0.997, 0.000) separation=0.2852142;"
1.600,1014.625,149.992,190.001,31.617,-31.517,2.516,-0.001,0.191,0.000,0.000,4,9.771,0.000,0.997,"Ground_Summit authored launch:(0.080, 0.997, 0.000) separation=0.2253032;Ground_Summit authored launch:(0.080, 0.997, 0.000) separation=0.2252931;Ground_Summit authored launch:(0.080, 0.997, 0.000) separation=0.2252942;Ground_Summit authored launch:(0.080, 0.997, 0.000) separation=0.2253021;Ground_Summit authored launch:(0.080, 0.997, 0.000) separation=0.2252919;Ground_Summit authored launch:(0.080, 0.997, 0.000) separation=0.225293;Ground_Mountain_2_4:(0.080, 0.997, 0.000) separation=0.2850798;Ground_Mountain_2_4:(0.080, 0.997, 0.000) separation=0.2851068;Ground_Mountain_2_4:(0.080, 0.997, 0.000) separation=0.2850798;Ground_Mountain_2_4:(0.080, 0.997, 0.000) separation=0.2851068;Ground_Mountain_2_4:(0.080, 0.997, 0.000) separation=0.2850769;Ground_Mountain_2_4:(0.080, 0.997, 0.000) separation=0.2850769;"
1.620,1013.994,150.042,190.001,31.617,-31.517,2.516,-0.001,0.191,0.000,0.000,4,9.778,0.000,0.997,"Ground_Summit authored launch:(0.080, 0.997, 0.000) separation=0.2252005;Ground_Summit authored launch:(0.080, 0.997, 0.000) separation=0.2251956;Ground_Summit authored launch:(0.080, 0.997, 0.000) separation=0.2251963;Ground_Summit authored launch:(0.080, 0.997, 0.000) separation=0.2251998;Ground_Summit authored launch:(0.080, 0.997, 0.000) separation=0.225199;Ground_Summit authored launch:(0.080, 0.997, 0.000) separation=0.225199;Ground_Mountain_2_4:(0.080, 0.997, 0.000) separation=0.2850159;Ground_Mountain_2_4:(0.080, 0.997, 0.000) separation=0.2850114;Ground_Mountain_2_4:(0.080, 0.997, 0.000) separation=0.2850159;Ground_Mountain_2_4:(0.080, 0.997, 0.000) separation=0.2850114;Ground_Mountain_2_4:(0.080, 0.997, 0.000) separation=0.2850114;Ground_Mountain_2_4:(0.080, 0.997, 0.000) separation=0.2850114;"
1.640,1013.364,150.093,190.001,31.617,-31.517,2.516,-0.002,0.191,0.000,0.000,4,9.785,0.000,0.997,"Ground_Summit authored launch:(0.080, 0.997, 0.000) separation=0.2250974;Ground_Summit authored launch:(0.080, 0.997, 0.000) separation=0.225103;Ground_Summit authored launch:(0.080, 0.997, 0.000) separation=0.2251033;Ground_Summit authored launch:(0.080, 0.997, 0.000) separation=0.2250971;Ground_Summit authored launch:(0.080, 0.997, 0.000) separation=0.2250978;Ground_Summit authored launch:(0.080, 0.997, 0.000) separation=0.2250981;Ground_Mountain_2_4:(0.080, 0.997, 0.000) separation=0.2849072;Ground_Mountain_2_4:(0.080, 0.997, 0.000) separation=0.284915;Ground_Mountain_2_4:(0.080, 0.997, 0.000) separation=0.2849072;Ground_Mountain_2_4:(0.080, 0.997, 0.000) separation=0.284915;Ground_Mountain_2_4:(0.080, 0.997, 0.000) separation=0.2849072;Ground_Mountain_2_4:(0.080, 0.997, 0.000) separation=0.2849133;"
1.660,1012.734,150.143,190.001,31.617,-31.517,2.517,-0.002,0.191,0.000,0.000,4,9.791,0.000,0.997,"Ground_Summit authored launch:(0.080, 0.997, 0.000) separation=0.2249902;Ground_Summit authored launch:(0.080, 0.997, 0.000) separation=0.2249981;Ground_Summit authored launch:(0.080, 0.997, 0.000) separation=0.224998;Ground_Summit authored launch:(0.080, 0.997, 0.000) separation=0.2249903;Ground_Summit authored launch:(0.080, 0.997, 0.000) separation=0.2249913;Ground_Summit authored launch:(0.080, 0.997, 0.000) separation=0.2249914;Ground_Mountain_2_4:(0.080, 0.997, 0.000) separation=0.2848175;Ground_Mountain_2_4:(0.080, 0.997, 0.000) separation=0.2848175;Ground_Mountain_2_4:(0.080, 0.997, 0.000) separation=0.2848175;Ground_Mountain_2_4:(0.080, 0.997, 0.000) separation=0.2848175;Ground_Mountain_2_4:(0.080, 0.997, 0.000) separation=0.2848175;Ground_Mountain_2_4:(0.080, 0.997, 0.000) separation=0.2848175;"
1.680,1012.103,150.193,190.001,31.617,-31.517,2.517,-0.003,0.191,0.000,0.000,4,9.795,0.000,0.997,"Ground_Summit authored launch:(0.080, 0.997, 0.000) separation=0.2248978;Ground_Summit authored launch:(0.080, 0.997, 0.000) separation=0.2249067;Ground_Summit authored launch:(0.080, 0.997, 0.000) separation=0.2249062;Ground_Summit authored launch:(0.080, 0.997, 0.000) separation=0.2248982;Ground_Summit authored launch:(0.080, 0.997, 0.000) separation=0.2248978;Ground_Summit authored launch:(0.080, 0.997, 0.000) separation=0.2248978;Ground_Mountain_2_4:(0.080, 0.997, 0.000) separation=0.2847107;Ground_Mountain_2_4:(0.080, 0.997, 0.000) separation=0.284707;Ground_Mountain_2_4:(0.080, 0.997, 0.000) separation=0.2847107;Ground_Mountain_2_4:(0.080, 0.997, 0.000) separation=0.284707;Ground_Mountain_2_4:(0.080, 0.997, 0.000) separation=0.284707;Ground_Mountain_2_4:(0.080, 0.997, 0.000) separation=0.284707;"
1.700,1011.473,150.244,190.001,31.617,-31.517,2.517,-0.003,0.191,0.000,0.000,4,9.798,0.000,0.997,"Ground_Summit authored launch:(0.080, 0.997, 0.000) separation=0.2248055;Ground_Summit authored launch:(0.080, 0.997, 0.000) separation=0.2248152;Ground_Summit authored launch:(0.080, 0.997, 0.000) separation=0.2248144;Ground_Summit authored launch:(0.080, 0.997, 0.000) separation=0.2248064;Ground_Summit authored launch:(0.080, 0.997, 0.000) separation=0.224806;Ground_Summit authored launch:(0.080, 0.997, 0.000) separation=0.2248068;Ground_Mountain_2_4:(0.080, 0.997, 0.000) separation=0.2846285;Ground_Mountain_2_4:(0.080, 0.997, 0.000) separation=0.2846192;Ground_Mountain_2_4:(0.080, 0.997, 0.000) separation=0.2846285;Ground_Mountain_2_4:(0.080, 0.997, 0.000) separation=0.2846192;Ground_Mountain_2_4:(0.080, 0.997, 0.000) separation=0.2846191;Ground_Mountain_2_4:(0.080, 0.997, 0.000) separation=0.2846192;"
1.720,1010.843,150.294,190.001,31.617,-31.517,2.518,-0.004,0.191,0.000,0.000,4,9.800,0.000,0.997,"Ground_Summit authored launch:(0.080, 0.997, 0.000) separation=0.2247334;Ground_Summit authored launch:(0.080, 0.997, 0.000) separation=0.2247429;Ground_Summit authored launch:(0.080, 0.997, 0.000) separation=0.2247419;Ground_Summit authored launch:(0.080, 0.997, 0.000) separation=0.2247345;Ground_Summit authored launch:(0.080, 0.997, 0.000) separation=0.2247345;Ground_Summit authored launch:(0.080, 0.997, 0.000) separation=0.2247353;Ground_Mountain_2_4:(0.080, 0.997, 0.000) separation=0.2845474;Ground_Mountain_2_4:(0.080, 0.997, 0.000) separation=0.2845429;Ground_Mountain_2_4:(0.080, 0.997, 0.000) separation=0.2845474;Ground_Mountain_2_4:(0.080, 0.997, 0.000) separation=0.2845429;Ground_Mountain_2_4:(0.080, 0.997, 0.000) separation=0.2845429;Ground_Mountain_2_4:(0.080, 0.997, 0.000) separation=0.2845429;"
1.740,1010.212,150.344,190.001,31.617,-31.517,2.518,-0.004,0.191,0.000,0.000,4,9.801,0.000,0.997,"Ground_Summit authored launch:(0.080, 0.997, 0.000) separation=0.2246615;Ground_Summit authored launch:(0.080, 0.997, 0.000) separation=0.224671;Ground_Summit authored launch:(0.080, 0.997, 0.000) separation=0.2246697;Ground_Summit authored launch:(0.080, 0.997, 0.000) separation=0.2246627;Ground_Summit authored launch:(0.080, 0.997, 0.000) separation=0.2246627;Ground_Summit authored launch:(0.080, 0.997, 0.000) separation=0.2246639;Ground_Mountain_2_4:(0.080, 0.997, 0.000) separation=0.2844818;Ground_Mountain_2_4:(0.080, 0.997, 0.000) separation=0.284479;Ground_Mountain_2_4:(0.080, 0.997, 0.000) separation=0.2844818;Ground_Mountain_2_4:(0.080, 0.997, 0.000) separation=0.284479;Ground_Mountain_2_4:(0.080, 0.997, 0.000) separation=0.284479;Ground_Mountain_2_4:(0.080, 0.997, 0.000) separation=0.284479;"
1.760,1009.582,150.395,190.001,31.617,-31.517,2.519,-0.005,0.191,0.000,0.000,4,9.801,0.000,0.997,"Ground_Summit authored launch:(0.080, 0.997, 0.000) separation=0.2246047;Ground_Summit authored launch:(0.080, 0.997, 0.000) separation=0.2246139;Ground_Summit authored launch:(0.080, 0.997, 0.000) separation=0.2246125;Ground_Summit authored launch:(0.080, 0.997, 0.000) separation=0.2246061;Ground_Summit authored launch:(0.080, 0.997, 0.000) separation=0.2246065;Ground_Summit authored launch:(0.080, 0.997, 0.000) separation=0.2246076;Ground_Mountain_2_4:(0.080, 0.997, 0.000) separation=0.2844208;Ground_Mountain_2_4:(0.080, 0.997, 0.000) separation=0.2844131;Ground_Mountain_2_4:(0.080, 0.997, 0.000) separation=0.2844208;Ground_Mountain_2_4:(0.080, 0.997, 0.000) separation=0.2844131;Ground_Mountain_2_4:(0.080, 0.997, 0.000) separation=0.2844131;Ground_Mountain_2_4:(0.080, 0.997, 0.000) separation=0.2844152;"
1.780,1008.952,150.445,190.001,31.617,-31.517,2.519,-0.005,0.191,0.000,0.000,4,9.801,0.000,0.997,"Ground_Summit authored launch:(0.080, 0.997, 0.000) separation=0.2245497;Ground_Summit authored launch:(0.080, 0.997, 0.000) separation=0.2245589;Ground_Summit authored launch:(0.080, 0.997, 0.000) separation=0.2245575;Ground_Summit authored launch:(0.080, 0.997, 0.000) separation=0.224551;Ground_Summit authored launch:(0.080, 0.997, 0.000) separation=0.2245502;Ground_Summit authored launch:(0.080, 0.997, 0.000) separation=0.2245513;Ground_Mountain_2_4:(0.080, 0.997, 0.000) separation=0.2843849;Ground_Mountain_2_4:(0.080, 0.997, 0.000) separation=0.2843653;Ground_Mountain_2_4:(0.080, 0.997, 0.000) separation=0.2843849;Ground_Mountain_2_4:(0.080, 0.997, 0.000) separation=0.2843653;Ground_Mountain_2_4:(0.080, 0.997, 0.000) separation=0.2843654;Ground_Mountain_2_4:(0.080, 0.997, 0.000) separation=0.2843654;"
1.800,1008.321,150.495,190.001,31.618,-31.517,2.520,-0.005,0.191,0.000,0.000,4,9.800,0.000,0.997,"Ground_Summit authored launch:(0.080, 0.997, 0.000) separation=0.2245111;Ground_Summit authored launch:(0.080, 0.997, 0.000) separation=0.2245153;Ground_Summit authored launch:(0.080, 0.997, 0.000) separation=0.2245139;Ground_Summit authored launch:(0.080, 0.997, 0.000) separation=0.2245125;Ground_Summit authored launch:(0.080, 0.997, 0.000) separation=0.2245079;Ground_Summit authored launch:(0.080, 0.997, 0.000) separation=0.2245093;Ground_Mountain_2_4:(0.080, 0.997, 0.000) separation=0.2843298;Ground_Mountain_2_4:(0.080, 0.997, 0.000) separation=0.2843292;Ground_Mountain_2_4:(0.080, 0.997, 0.000) separation=0.2843298;Ground_Mountain_2_4:(0.080, 0.997, 0.000) separation=0.2843292;Ground_Mountain_2_4:(0.080, 0.997, 0.000) separation=0.2843292;Ground_Mountain_2_4:(0.080, 0.997, 0.000) separation=0.2843292;"
1.820,1007.691,150.546,190.001,31.618,-31.517,2.520,-0.006,0.191,0.000,0.000,4,9.799,0.000,0.997,"Ground_Summit authored launch:(0.080, 0.997, 0.000) separation=0.2244798;Ground_Summit authored launch:(0.080, 0.997, 0.000) separation=0.2244736;Ground_Summit authored launch:(0.080, 0.997, 0.000) separation=0.2244723;Ground_Summit authored launch:(0.080, 0.997, 0.000) separation=0.2244811;Ground_Summit authored launch:(0.080, 0.997, 0.000) separation=0.2244684;Ground_Summit authored launch:(0.080, 0.997, 0.000) separation=0.2244696;Ground_Mountain_2_4:(0.080, 0.997, 0.000) separation=0.2842793;Ground_Mountain_2_4:(0.080, 0.997, 0.000) separation=0.2842682;Ground_Mountain_2_4:(0.080, 0.997, 0.000) separation=0.2842793;Ground_Mountain_2_4:(0.080, 0.997, 0.000) separation=0.2842682;Ground_Mountain_2_4:(0.080, 0.997, 0.000) separation=0.2842682;Ground_Mountain_2_4:(0.080, 0.997, 0.000) separation=0.2842682;"
1.840,1007.061,150.596,190.000,31.618,-31.517,2.520,-0.006,0.191,0.000,0.000,4,9.798,0.000,0.997,"Ground_Summit authored launch:(0.080, 0.997, 0.000) separation=0.224456;Ground_Summit authored launch:(0.080, 0.997, 0.000) separation=0.2244483;Ground_Summit authored launch:(0.080, 0.997, 0.000) separation=0.2244472;Ground_Summit authored launch:(0.080, 0.997, 0.000) separation=0.2244571;Ground_Summit authored launch:(0.080, 0.997, 0.000) separation=0.2244448;Ground_Summit authored launch:(0.080, 0.997, 0.000) separation=0.2244459;Ground_Mountain_2_4:(0.080, 0.997, 0.000) separation=0.2842474;Ground_Mountain_2_4:(0.080, 0.997, 0.000) separation=0.2842646;Ground_Mountain_2_4:(0.080, 0.997, 0.000) separation=0.2842529;Ground_Mountain_2_4:(0.080, 0.997, 0.000) separation=0.2842591;Ground_Mountain_2_4:(0.080, 0.997, 0.000) separation=0.2842474;Ground_Mountain_2_4:(0.080, 0.997, 0.000) separation=0.2842529;"
1.860,1006.430,150.647,190.000,31.618,-31.517,2.521,-0.007,0.191,0.000,0.000,4,9.795,0.000,0.997,"Ground_Summit authored launch:(0.080, 0.997, 0.000) separation=0.2244446;Ground_Summit authored launch:(0.080, 0.997, 0.000) separation=0.2244368;Ground_Summit authored launch:(0.080, 0.997, 0.000) separation=0.224436;Ground_Summit authored launch:(0.080, 0.997, 0.000) separation=0.2244454;Ground_Summit authored launch:(0.080, 0.997, 0.000) separation=0.2244354;Ground_Summit authored launch:(0.080, 0.997, 0.000) separation=0.2244363;Ground_Mountain_2_4:(0.080, 0.997, 0.000) separation=0.2842377;Ground_Mountain_2_4:(0.080, 0.997, 0.000) separation=0.2842517;Ground_Mountain_2_4:(0.080, 0.997, 0.000) separation=0.2842377;Ground_Mountain_2_4:(0.080, 0.997, 0.000) separation=0.2842517;Ground_Mountain_2_4:(0.080, 0.997, 0.000) separation=0.2842377;Ground_Mountain_2_4:(0.080, 0.997, 0.000) separation=0.2842377;"
1.880,1005.800,150.697,190.000,31.618,-31.517,2.521,-0.007,0.191,0.000,0.000,4,9.793,0.000,0.997,"Ground_Summit authored launch:(0.080, 0.997, 0.000) separation=0.2244336;Ground_Summit authored launch:(0.080, 0.997, 0.000) separation=0.2244325;Ground_Summit authored launch:(0.080, 0.997, 0.000) separation=0.224432;Ground_Summit authored launch:(0.080, 0.997, 0.000) separation=0.2244341;Ground_Summit authored launch:(0.080, 0.997, 0.000) separation=0.2244324;Ground_Summit authored launch:(0.080, 0.997, 0.000) separation=0.2244336;Ground_Mountain_2_4:(0.080, 0.997, 0.000) separation=0.2842292;Ground_Mountain_2_4:(0.080, 0.997, 0.000) separation=0.284247;Ground_Mountain_2_4:(0.080, 0.997, 0.000) separation=0.2842292;Ground_Mountain_2_4:(0.080, 0.997, 0.000) separation=0.284247;Ground_Mountain_2_4:(0.080, 0.997, 0.000) separation=0.2842292;Ground_Mountain_2_4:(0.080, 0.997, 0.000) separation=0.2842292;"
1.900,1005.170,150.748,190.000,31.618,-31.517,2.521,-0.007,0.191,0.000,0.000,4,9.791,0.000,0.997,"Ground_Summit authored launch:(0.080, 0.997, 0.000) separation=0.2244244;Ground_Summit authored launch:(0.080, 0.997, 0.000) separation=0.2244324;Ground_Summit authored launch:(0.080, 0.997, 0.000) separation=0.2244322;Ground_Summit authored launch:(0.080, 0.997, 0.000) separation=0.2244246;Ground_Summit authored launch:(0.080, 0.997, 0.000) separation=0.2244257;Ground_Summit authored launch:(0.080, 0.997, 0.000) separation=0.2244259;Ground_Mountain_2_4:(0.080, 0.997, 0.000) separation=0.2842306;Ground_Mountain_2_4:(0.080, 0.997, 0.000) separation=0.2842269;Ground_Mountain_2_4:(0.080, 0.997, 0.000) separation=0.2842306;Ground_Mountain_2_4:(0.080, 0.997, 0.000) separation=0.2842269;Ground_Mountain_2_4:(0.080, 0.997, 0.000) separation=0.2842269;Ground_Mountain_2_4:(0.080, 0.997, 0.000) separation=0.2842269;"
1.920,1004.539,150.798,190.000,31.618,-31.517,2.521,-0.008,0.191,0.000,0.000,4,9.789,0.000,0.997,"Ground_Summit authored launch:(0.080, 0.997, 0.000) separation=0.2244278;Ground_Summit authored launch:(0.080, 0.997, 0.000) separation=0.2244361;Ground_Summit authored launch:(0.080, 0.997, 0.000) separation=0.2244364;Ground_Summit authored launch:(0.080, 0.997, 0.000) separation=0.2244275;Ground_Summit authored launch:(0.080, 0.997, 0.000) separation=0.2244276;Ground_Summit authored launch:(0.080, 0.997, 0.000) separation=0.2244279;Ground_Mountain_2_4:(0.080, 0.997, 0.000) separation=0.2842484;Ground_Mountain_2_4:(0.080, 0.997, 0.000) separation=0.2842224;Ground_Mountain_2_4:(0.080, 0.997, 0.000) separation=0.2842484;Ground_Mountain_2_4:(0.080, 0.997, 0.000) separation=0.2842224;Ground_Mountain_2_4:(0.080, 0.997, 0.000) separation=0.2842224;Ground_Mountain_2_4:(0.080, 0.997, 0.000) separation=0.2842224;"
1.940,1003.909,150.848,190.000,31.618,-31.517,2.522,-0.008,0.191,0.000,0.000,4,9.787,0.000,0.997,"Ground_Summit authored launch:(0.080, 0.997, 0.000) separation=0.2244325;Ground_Summit authored launch:(0.080, 0.997, 0.000) separation=0.2244402;Ground_Summit authored launch:(0.080, 0.997, 0.000) separation=0.2244409;Ground_Summit authored launch:(0.080, 0.997, 0.000) separation=0.2244318;Ground_Summit authored launch:(0.080, 0.997, 0.000) separation=0.2244323;Ground_Summit authored launch:(0.080, 0.997, 0.000) separation=0.2244332;Ground_Mountain_2_4:(0.080, 0.997, 0.000) separation=0.2842377;Ground_Mountain_2_4:(0.080, 0.997, 0.000) separation=0.2842274;Ground_Mountain_2_4:(0.080, 0.997, 0.000) separation=0.2842377;Ground_Mountain_2_4:(0.080, 0.997, 0.000) separation=0.2842274;Ground_Mountain_2_4:(0.080, 0.997, 0.000) separation=0.2842274;Ground_Mountain_2_4:(0.080, 0.997, 0.000) separation=0.2842274;"
1.960,1003.279,150.899,190.000,31.618,-31.517,2.522,-0.008,0.191,0.000,0.000,4,9.785,0.000,0.997,"Ground_Summit authored launch:(0.080, 0.997, 0.000) separation=0.224436;Ground_Summit authored launch:(0.080, 0.997, 0.000) separation=0.2244433;Ground_Summit authored launch:(0.080, 0.997, 0.000) separation=0.2244445;Ground_Summit authored launch:(0.080, 0.997, 0.000) separation=0.2244349;Ground_Summit authored launch:(0.080, 0.997, 0.000) separation=0.224436;Ground_Summit authored launch:(0.080, 0.997, 0.000) separation=0.2244371;Ground_Mountain_2_4:(0.080, 0.997, 0.000) separation=0.2842529;Ground_Mountain_2_4:(0.080, 0.997, 0.000) separation=0.284233;Ground_Mountain_2_4:(0.080, 0.997, 0.000) separation=0.2842529;Ground_Mountain_2_4:(0.080, 0.997, 0.000) separation=0.284233;Ground_Mountain_2_4:(0.080, 0.997, 0.000) separation=0.284233;Ground_Mountain_2_4:(0.080, 0.997, 0.000) separation=0.284233;"
1.980,1002.648,150.949,189.999,31.618,-31.517,2.522,-0.008,0.191,0.000,0.000,4,9.784,0.000,0.997,"Ground_Summit authored launch:(0.080, 0.997, 0.000) separation=0.224441;Ground_Summit authored launch:(0.080, 0.997, 0.000) separation=0.2244481;Ground_Summit authored launch:(0.080, 0.997, 0.000) separation=0.2244497;Ground_Summit authored launch:(0.080, 0.997, 0.000) separation=0.2244394;Ground_Summit authored launch:(0.080, 0.997, 0.000) separation=0.2244409;Ground_Summit authored launch:(0.080, 0.997, 0.000) separation=0.2244427;Ground_Mountain_2_4:(0.080, 0.997, 0.000) separation=0.2842529;Ground_Mountain_2_4:(0.080, 0.997, 0.000) separation=0.2842382;Ground_Mountain_2_4:(0.080, 0.997, 0.000) separation=0.2842529;Ground_Mountain_2_4:(0.080, 0.997, 0.000) separation=0.2842382;Ground_Mountain_2_4:(0.080, 0.997, 0.000) separation=0.2842382;Ground_Mountain_2_4:(0.080, 0.997, 0.000) separation=0.2842382;"
2.000,1002.018,151.000,189.999,31.618,-31.517,2.522,-0.008,0.191,0.000,0.000,4,9.783,0.000,0.997,"Ground_Summit authored launch:(0.080, 0.997, 0.000) separation=0.2244452;Ground_Summit authored launch:(0.080, 0.997, 0.000) separation=0.2244521;Ground_Summit authored launch:(0.080, 0.997, 0.000) separation=0.2244542;Ground_Summit authored launch:(0.080, 0.997, 0.000) separation=0.2244432;Ground_Summit authored launch:(0.080, 0.997, 0.000) separation=0.2244433;Ground_Summit authored launch:(0.080, 0.997, 0.000) separation=0.2244453;Ground_Mountain_2_4:(0.080, 0.997, 0.000) separation=0.2842682;Ground_Mountain_2_4:(0.080, 0.997, 0.000) separation=0.2842682;Ground_Mountain_2_4:(0.080, 0.997, 0.000) separation=0.2842682;Ground_Mountain_2_4:(0.080, 0.997, 0.000) separation=0.2842682;Ground_Mountain_2_4:(0.080, 0.997, 0.000) separation=0.2842682;Ground_Mountain_2_4:(0.080, 0.997, 0.000) separation=0.2842682;"
2.020,1001.388,151.050,189.999,31.618,-31.517,2.522,-0.008,0.191,0.000,0.000,4,9.781,0.000,0.997,"Ground_Summit authored launch:(0.080, 0.997, 0.000) separation=0.2244655;Ground_Summit authored launch:(0.080, 0.997, 0.000) separation=0.2244709;Ground_Summit authored launch:(0.080, 0.997, 0.000) separation=0.2244735;Ground_Summit authored launch:(0.080, 0.997, 0.000) separation=0.2244629;Ground_Summit authored launch:(0.080, 0.997, 0.000) separation=0.2244637;Ground_Summit authored launch:(0.080, 0.997, 0.000) separation=0.2244653;Ground_Mountain_2_4:(0.080, 0.997, 0.000) separation=0.2842704;Ground_Mountain_2_4:(0.080, 0.997, 0.000) separation=0.2842529;Ground_Mountain_2_4:(0.080, 0.997, 0.000) separation=0.2842704;Ground_Mountain_2_4:(0.080, 0.997, 0.000) separation=0.2842529;Ground_Mountain_2_4:(0.080, 0.997, 0.000) separation=0.2842529;Ground_Mountain_2_4:(0.080, 0.997, 0.000) separation=0.2842529;"
2.040,1000.758,151.101,189.999,31.618,-31.517,2.522,-0.009,0.191,0.000,0.000,4,9.779,0.000,0.997,"Ground_Summit authored launch:(0.080, 0.997, 0.000) separation=0.2244857;Ground_Summit authored launch:(0.080, 0.997, 0.000) separation=0.2244909;Ground_Summit authored launch:(0.080, 0.997, 0.000) separation=0.224494;Ground_Summit authored launch:(0.080, 0.997, 0.000) separation=0.2244826;Ground_Summit authored launch:(0.080, 0.997, 0.000) separation=0.2244836;Ground_Summit authored launch:(0.080, 0.997, 0.000) separation=0.2244853;Ground_Mountain_2_4:(0.080, 0.997, 0.000) separation=0.2842835;Ground_Mountain_2_4:(0.080, 0.997, 0.000) separation=0.2842835;Ground_Mountain_2_4:(0.080, 0.997, 0.000) separation=0.2842835;Ground_Mountain_2_4:(0.080, 0.997, 0.000) separation=0.2842835;Ground_Mountain_2_4:(0.080, 0.997, 0.000) separation=0.2842835;Ground_Mountain_2_4:(0.080, 0.997, 0.000) separation=0.2842835;"
2.060,1000.127,151.151,189.999,31.618,-31.517,2.516,-0.009,0.191,0.000,0.000,4,9.528,0.805,0.997,"Ground_Mountain_1_4:(0.013, 1.000, 0.000) separation=0.2849436;Ground_Mountain_1_4:(0.013, 1.000, 0.000) separation=0.3142207;Ground_Mountain_1_4:(0.013, 1.000, 0.000) separation=0.2849436;Ground_Mountain_1_4:(0.013, 1.000, 0.000) separation=0.3142472;Ground_Mountain_1_4:(0.013, 1.000, 0.000) separation=0.2836858;Ground_Mountain_1_4:(0.013, 1.000, 0.000) separation=0.314234;Ground_Summit authored launch:(0.055, 0.998, 0.000) separation=0.2571748;Ground_Summit authored launch:(0.055, 0.998, 0.000) separation=0.2245095;Ground_Summit authored launch:(0.055, 0.998, 0.000) separation=0.224513;Ground_Summit authored launch:(0.055, 0.998, 0.000) separation=0.2571429;Ground_Summit authored launch:(0.055, 0.998, 0.000) separation=0.2245028;Ground_Summit authored launch:(0.055, 0.998, 0.000) separation=0.2245043;Ground_Mountain_2_4:(0.080, 0.997, 0.000) separation=0.2842996;Ground_Mountain_2_4:(0.080, 0.997, 0.000) separation=0.284314;Ground_Mountain_2_4:(0.080, 0.997, 0.000) separation=0.2842996;Ground_Mountain_2_4:(0.080, 0.997, 0.000) separation=0.284314;Ground_Mountain_2_4:(0.080, 0.997, 0.000) separation=0.2842996;Ground_Mountain_2_4:(0.080, 0.997, 0.000) separation=0.2842996;"
2.080,999.496,151.200,189.999,31.618,-31.520,2.479,-0.008,0.191,0.000,0.001,4,7.976,0.675,0.997,"Ground_Summit authored launch:(0.060, 0.998, 0.000) separation=0.3018911;Ground_Summit authored launch:(0.060, 0.998, 0.000) separation=0.2248819;Ground_Summit authored launch:(0.060, 0.998, 0.000) separation=0.2248857;Ground_Summit authored launch:(0.060, 0.998, 0.000) separation=0.3018647;Ground_Summit authored launch:(0.060, 0.998, 0.000) separation=0.2243688;Ground_Summit authored launch:(0.060, 0.998, 0.000) separation=0.2243727;Ground_Mountain_2_4:(0.080, 0.997, 0.000) separation=0.2846835;Ground_Mountain_2_4:(0.080, 0.997, 0.000) separation=0.2841614;Ground_Mountain_2_4:(0.080, 0.997, 0.000) separation=0.2846781;Ground_Mountain_2_4:(0.080, 0.997, 0.000) separation=0.284167;Ground_Mountain_2_4:(0.080, 0.997, 0.000) separation=0.2841614;Ground_Mountain_2_4:(0.080, 0.997, 0.000) separation=0.2844606;Ground_Mountain_1_4:(0.013, 1.000, 0.000) separation=0.2847888;Ground_Mountain_1_4:(0.013, 1.000, 0.000) separation=0.3556473;Ground_Mountain_1_4:(0.013, 1.000, 0.000) separation=0.2847833;Ground_Mountain_1_4:(0.013, 1.000, 0.000) separation=0.3556777;Ground_Mountain_1_4:(0.013, 1.000, 0.000) separation=0.2835409;Ground_Mountain_1_4:(0.013, 1.000, 0.000) separation=0.3326798;"
2.100,998.865,151.249,189.998,31.618,-31.526,2.416,-0.008,0.191,0.000,0.001,4,6.682,0.264,0.997,"Ground_Summit authored launch:(0.060, 0.998, 0.000) separation=0.3374448;Ground_Summit authored launch:(0.060, 0.998, 0.000) separation=0.2254317;Ground_Summit authored launch:(0.060, 0.998, 0.000) separation=0.2254369;Ground_Summit authored launch:(0.060, 0.998, 0.000) separation=0.3374199;Ground_Summit authored launch:(0.060, 0.998, 0.000) separation=0.2244211;Ground_Summit authored launch:(0.060, 0.998, 0.000) separation=0.2244268;Ground_Mountain_2_4:(0.079, 0.997, 0.000) separation=0.2852367;Ground_Mountain_2_4:(0.079, 0.997, 0.000) separation=0.2842321;Ground_Mountain_2_4:(0.079, 0.997, 0.000) separation=0.2852313;Ground_Mountain_2_4:(0.079, 0.997, 0.000) separation=0.2842381;Ground_Mountain_2_4:(0.079, 0.997, 0.000) separation=0.2842373;Ground_Mountain_2_4:(0.079, 0.997, 0.000) separation=0.2852325;Ground_Mountain_1_4:(0.024, 1.000, 0.000) separation=0.2848373;Ground_Mountain_1_4:(0.024, 1.000, 0.000) separation=0.3954311;Ground_Mountain_1_4:(0.024, 1.000, 0.000) separation=0.2842321;Ground_Mountain_1_4:(0.024, 1.000, 0.000) separation=0.3954581;Ground_Mountain_1_4:(0.024, 1.000, 0.000) separation=0.2836393;Ground_Mountain_1_4:(0.024, 1.000, 0.000) separation=0.3318562;"
2.120,998.234,151.295,189.998,31.619,-31.534,2.314,-0.008,0.191,0.000,0.000,4,4.711,0.586,0.997,"Ground_Summit authored launch:(0.016, 1.000, 0.000) separation=0.3661339;Ground_Summit authored launch:(0.016, 1.000, 0.000) separation=0.2264119;Ground_Summit authored launch:(0.016, 1.000, 0.000) separation=0.22642;Ground_Summit authored launch:(0.016, 1.000, 0.000) separation=0.3661149;Ground_Summit authored launch:(0.016, 1.000, 0.000) separation=0.259083;Ground_Summit authored launch:(0.016, 1.000, 0.000) separation=0.2632749;Ground_Mountain_1_4:(0.022, 1.000, 0.000) separation=0.286256;Ground_Mountain_1_4:(0.022, 1.000, 0.000) separation=0.4237852;Ground_Mountain_1_4:(0.022, 1.000, 0.000) separation=0.2862504;Ground_Mountain_1_4:(0.022, 1.000, 0.000) separation=0.4237995;Ground_Mountain_1_4:(0.022, 1.000, 0.000) separation=0.2851253;Ground_Mountain_1_4:(0.022, 1.000, 0.000) separation=0.3316995;"
2.140,997.602,151.339,189.998,31.621,-31.546,2.168,-0.007,0.191,0.000,0.000,4,2.530,0.193,0.998,"Ground_Summit authored launch:(0.020, 1.000, 0.000) separation=0.3875876;Ground_Summit authored launch:(0.020, 1.000, 0.000) separation=0.2712579;Ground_Summit authored launch:(0.020, 1.000, 0.000) separation=0.2712801;Ground_Summit authored launch:(0.020, 1.000, 0.000) separation=0.3875704;Ground_Summit authored launch:(0.020, 1.000, 0.000) separation=0.296457;Ground_Summit authored launch:(0.020, 1.000, 0.000) separation=0.2964666;Ground_Mountain_1_4:(0.022, 1.000, 0.000) separation=0.3271649;Ground_Mountain_1_4:(0.022, 1.000, 0.000) separation=0.4410535;Ground_Mountain_1_4:(0.022, 1.000, 0.000) separation=0.3271421;Ground_Mountain_1_4:(0.022, 1.000, 0.000) separation=0.4410711;Ground_Mountain_1_4:(0.022, 1.000, 0.000) separation=0.3271528;Ground_Mountain_1_4:(0.022, 1.000, 0.000) separation=0.3271632;"
2.160,996.969,151.378,189.998,31.623,-31.560,1.990,-0.006,0.190,0.000,0.000,2,0.925,0.057,0.998,"Ground_Summit authored launch:(0.029, 1.000, 0.000) separation=0.3973768;Ground_Summit authored launch:(0.029, 1.000, 0.000) separation=0.3115213;Ground_Summit authored launch:(0.029, 1.000, 0.000) separation=0.3115383;Ground_Summit authored launch:(0.029, 1.000, 0.000) separation=0.3973634;Ground_Summit authored launch:(0.029, 1.000, 0.000) separation=0.3222671;Ground_Summit authored launch:(0.029, 1.000, 0.000) separation=0.3252233;Ground_Mountain_1_4:(0.022, 1.000, 0.000) separation=0.3665037;Ground_Mountain_1_4:(0.022, 1.000, 0.000) separation=0.4546637;Ground_Mountain_1_4:(0.022, 1.000, 0.000) separation=0.3664865;Ground_Mountain_1_4:(0.022, 1.000, 0.000) separation=0.454678;Ground_Mountain_1_4:(0.022, 1.000, 0.000) separation=0.3664957;Ground_Mountain_1_4:(0.022, 1.000, 0.000) separation=0.3677778;"
2.180,996.337,151.415,189.998,31.626,-31.575,1.798,-0.005,0.189,0.000,0.000,2,0.200,0.519,0.998,"Ground_Summit authored launch:(0.038, 0.999, 0.000) separation=0.3996956;Ground_Summit authored launch:(0.038, 0.999, 0.000) separation=0.3434278;Ground_Summit authored launch:(0.038, 0.999, 0.000) separation=0.3434424;Ground_Summit authored launch:(0.038, 0.999, 0.000) separation=0.3996842;Ground_Summit authored launch:(0.038, 0.999, 0.000) separation=0.348527;Ground_Summit authored launch:(0.038, 0.999, 0.000) separation=0.348538;Ground_Mountain_1_4:(0.031, 1.000, 0.000) separation=0.4026523;Ground_Mountain_1_4:(0.031, 1.000, 0.000) separation=0.457925;Ground_Mountain_1_4:(0.031, 1.000, 0.000) separation=0.4026367;Ground_Mountain_1_4:(0.031, 1.000, 0.000) separation=0.4579359;Ground_Mountain_1_4:(0.031, 1.000, 0.000) separation=0.4026433;Ground_Mountain_1_4:(0.031, 1.000, 0.000) separation=0.4026445;"
2.200,995.704,151.447,189.998,31.630,-31.590,1.602,-0.004,0.187,0.000,0.000,2,0.000,0.557,0.998,"Ground_Summit authored launch:(0.042, 0.999, 0.000) separation=0.3931817;Ground_Summit authored launch:(0.042, 0.999, 0.000) separation=0.3644534;Ground_Summit authored launch:(0.042, 0.999, 0.000) separation=0.3931929;Ground_Summit authored launch:(0.042, 0.999, 0.000) separation=0.3644413;Ground_Summit authored launch:(0.042, 0.999, 0.000) separation=0.3644434;Ground_Summit authored launch:(0.042, 0.999, 0.000) separation=0.3647444;Ground_Mountain_1_4:(0.049, 0.999, 0.000) separation=0.4209403;Ground_Mountain_1_4:(0.049, 0.999, 0.000) separation=0.44722;Ground_Mountain_1_4:(0.049, 0.999, 0.000) separation=0.4209287;Ground_Mountain_1_4:(0.049, 0.999, 0.000) separation=0.447231;Ground_Mountain_1_4:(0.049, 0.999, 0.000) separation=0.4209348;Ground_Mountain_1_4:(0.049, 0.999, 0.000) separation=0.4209388;"
2.220,995.071,151.475,189.998,31.608,-31.578,1.405,-0.004,0.185,0.000,0.000,0,0.000,0.030,0.999,"Ground_Summit authored launch:(0.064, 0.998, 0.000) separation=0.3762276;Ground_Summit authored launch:(0.064, 0.998, 0.000) separation=0.3776658;Ground_Summit authored launch:(0.064, 0.998, 0.000) separation=0.3762391;Ground_Summit authored launch:(0.064, 0.998, 0.000) separation=0.3776546;Ground_Summit authored launch:(0.064, 0.998, 0.000) separation=0.376231;Ground_Summit authored launch:(0.064, 0.998, 0.000) separation=0.3769126;Ground_Mountain_1_4:(0.053, 0.999, 0.000) separation=0.4319972;Ground_Mountain_1_4:(0.053, 0.999, 0.000) separation=0.4328547;Ground_Mountain_1_4:(0.053, 0.999, 0.000) separation=0.4319865;Ground_Mountain_1_4:(0.053, 0.999, 0.000) separation=0.4328659;Ground_Mountain_1_4:(0.053, 0.999, 0.000) separation=0.4319921;Ground_Mountain_1_4:(0.053, 0.999, 0.000) separation=0.4328565;"
2.240,994.439,151.500,189.998,31.614,-31.592,1.256,-0.003,0.196,0.000,0.000,2,2.249,1.524,0.999,"Ground_Summit authored launch:(0.069, 0.998, 0.000) separation=0.3518639;Ground_Summit authored launch:(0.069, 0.998, 0.000) separation=0.3806033;Ground_Summit authored launch:(0.069, 0.998, 0.000) separation=0.3518771;Ground_Summit authored launch:(0.069, 0.998, 0.000) separation=0.3805926;Ground_Summit authored launch:(0.069, 0.998, 0.000) separation=0.3565655;Ground_Summit authored launch:(0.069, 0.998, 0.000) separation=0.3565767;Ground_Mountain_1_4:(0.075, 0.997, 0.000) separation=0.4391276;Ground_Mountain_1_4:(0.075, 0.997, 0.000) separation=0.4106064;Ground_Mountain_1_4:(0.075, 0.997, 0.000) separation=0.4391171;Ground_Mountain_1_4:(0.075, 0.997, 0.000) separation=0.4106192;Ground_Mountain_1_4:(0.075, 0.997, 0.000) separation=0.4106129;Ground_Mountain_1_4:(0.075, 0.997, 0.000) separation=0.4106142;"
2.260,993.806,151.523,189.998,31.621,-31.603,1.151,-0.002,0.193,0.000,0.000,4,4.527,1.165,0.999,"Ground_Summit authored launch:(0.078, 0.997, 0.000) separation=0.3196318;Ground_Summit authored launch:(0.078, 0.997, 0.000) separation=0.3733048;Ground_Summit authored launch:(0.078, 0.997, 0.000) separation=0.3196463;Ground_Summit authored launch:(0.078, 0.997, 0.000) separation=0.3732931;Ground_Summit authored launch:(0.078, 0.997, 0.000) separation=0.3282667;Ground_Summit authored launch:(0.078, 0.997, 0.000) separation=0.3303972;Ground_Mountain_1_4:(0.084, 0.996, 0.000) separation=0.4303451;Ground_Mountain_1_4:(0.084, 0.996, 0.000) separation=0.3741946;Ground_Mountain_1_4:(0.084, 0.996, 0.000) separation=0.4303328;Ground_Mountain_1_4:(0.084, 0.996, 0.000) separation=0.3742094;Ground_Mountain_1_4:(0.084, 0.996, 0.000) separation=0.374202;Ground_Mountain_1_4:(0.084, 0.996, 0.000) separation=0.3767563;"
2.280,993.174,151.545,189.998,31.626,-31.611,1.092,-0.001,0.190,0.000,0.000,4,6.774,1.143,0.999,"Ground_Summit authored launch:(0.086, 0.996, 0.000) separation=0.2812333;Ground_Summit authored launch:(0.086, 0.996, 0.000) separation=0.3590435;Ground_Summit authored launch:(0.086, 0.996, 0.000) separation=0.2812509;Ground_Summit authored launch:(0.086, 0.996, 0.000) separation=0.3590299;Ground_Summit authored launch:(0.086, 0.996, 0.000) separation=0.3013583;Ground_Summit authored launch:(0.086, 0.996, 0.000) separation=0.3013686;Ground_Mountain_1_4:(0.084, 0.996, 0.000) separation=0.4126492;Ground_Mountain_1_4:(0.084, 0.996, 0.000) separation=0.3370314;Ground_Mountain_1_4:(0.084, 0.996, 0.000) separation=0.4126356;Ground_Mountain_1_4:(0.084, 0.996, 0.000) separation=0.3370491;Ground_Mountain_1_4:(0.084, 0.996, 0.000) separation=0.3370332;Ground_Mountain_1_4:(0.084, 0.996, 0.000) separation=0.3370408;"
2.300,992.542,151.567,189.998,31.631,-31.617,1.086,0.000,0.187,0.000,0.000,4,9.392,0.945,0.999,"Ground_Summit authored launch:(0.095, 0.995, 0.000) separation=0.2395308;Ground_Summit authored launch:(0.095, 0.995, 0.000) separation=0.3346198;Ground_Summit authored launch:(0.095, 0.995, 0.000) separation=0.2395523;Ground_Summit authored launch:(0.095, 0.995, 0.000) separation=0.3346059;Ground_Summit authored launch:(0.095, 0.995, 0.000) separation=0.2418849;Ground_Summit authored launch:(0.095, 0.995, 0.000) separation=0.2418943;Ground_Mountain_1_4:(0.102, 0.995, 0.000) separation=0.3924105;Ground_Mountain_1_4:(0.102, 0.995, 0.000) separation=0.2988034;Ground_Mountain_1_4:(0.102, 0.995, 0.000) separation=0.3923966;Ground_Mountain_1_4:(0.102, 0.995, 0.000) separation=0.2988266;Ground_Mountain_1_4:(0.102, 0.995, 0.000) separation=0.298815;Ground_Mountain_1_4:(0.102, 0.995, 0.000) separation=0.2988158;"
2.320,991.910,151.589,189.998,31.634,-31.619,1.137,0.001,0.185,0.000,0.000,4,12.272,0.733,0.999,"Ground_Summit authored launch:(0.104, 0.995, 0.000) separation=0.1911886;Ground_Summit authored launch:(0.104, 0.995, 0.000) separation=0.3044614;Ground_Summit authored launch:(0.104, 0.995, 0.000) separation=0.1912116;Ground_Summit authored launch:(0.104, 0.995, 0.000) separation=0.3044447;Ground_Summit authored launch:(0.104, 0.995, 0.000) separation=0.1996518;Ground_Summit authored launch:(0.104, 0.995, 0.000) separation=0.2034004;Ground_Mountain_1_4:(0.110, 0.994, 0.000) separation=0.3620261;Ground_Mountain_1_4:(0.110, 0.994, 0.000) separation=0.2463374;Ground_Mountain_1_4:(0.110, 0.994, 0.000) separation=0.3620104;Ground_Mountain_1_4:(0.110, 0.994, 0.000) separation=0.2463595;Ground_Mountain_1_4:(0.110, 0.994, 0.000) separation=0.246352;Ground_Mountain_1_4:(0.110, 0.994, 0.000) separation=0.246359;"
2.340,991.279,151.614,189.998,31.637,-31.617,1.246,0.002,0.183,0.000,0.000,4,15.147,0.527,0.998,"Ground_Summit authored launch:(0.108, 0.994, 0.000) separation=0.1411372;Ground_Summit authored launch:(0.108, 0.994, 0.000) separation=0.270045;Ground_Summit authored launch:(0.108, 0.994, 0.000) separation=0.1411649;Ground_Summit authored launch:(0.108, 0.994, 0.000) separation=0.2700283;Ground_Summit authored launch:(0.108, 0.994, 0.000) separation=0.1626269;Ground_Summit authored launch:(0.108, 0.994, 0.000) separation=0.1626343;Ground_Mountain_1_4:(0.110, 0.994, 0.000) separation=0.3234398;Ground_Mountain_1_4:(0.110, 0.994, 0.000) separation=0.1960363;Ground_Mountain_1_4:(0.110, 0.994, 0.000) separation=0.3234228;Ground_Mountain_1_4:(0.110, 0.994, 0.000) separation=0.1960608;Ground_Mountain_1_4:(0.110, 0.994, 0.000) separation=0.196037;Ground_Mountain_1_4:(0.110, 0.994, 0.000) separation=0.1960521;"
2.360,990.648,151.642,189.998,31.638,-31.611,1.412,0.003,0.182,0.000,-0.001,4,18.043,0.329,0.998,"Ground_Summit authored launch:(0.117, 0.993, 0.000) separation=0.08995625;Ground_Summit authored launch:(0.117, 0.993, 0.000) separation=0.2289593;Ground_Summit authored launch:(0.117, 0.993, 0.000) separation=0.08998519;Ground_Summit authored launch:(0.117, 0.993, 0.000) separation=0.2289388;Ground_Summit authored launch:(0.117, 0.993, 0.000) separation=0.1173649;Ground_Summit authored launch:(0.117, 0.993, 0.000) separation=0.1216083;Ground_Mountain_1_4:(0.110, 0.994, 0.000) separation=0.2859281;Ground_Mountain_1_4:(0.110, 0.994, 0.000) separation=0.1489857;Ground_Mountain_1_4:(0.110, 0.994, 0.000) separation=0.2859104;Ground_Mountain_1_4:(0.110, 0.994, 0.000) separation=0.1490121;Ground_Mountain_1_4:(0.110, 0.994, 0.000) separation=0.1489995;Ground_Mountain_1_4:(0.110, 0.994, 0.000) separation=0.1490009;"
2.380,990.021,151.679,189.998,31.572,-31.521,1.867,0.005,0.181,0.000,-0.001,4,20.826,0.276,0.997,"Ground_Summit authored launch:(0.130, 0.992, 0.000) separation=0.03585266;Ground_Summit authored launch:(0.130, 0.992, 0.000) separation=0.1867368;Ground_Summit authored launch:(0.130, 0.992, 0.000) separation=0.03588619;Ground_Summit authored launch:(0.130, 0.992, 0.000) separation=0.1867119;Ground_Summit authored launch:(0.130, 0.992, 0.000) separation=0.03716469;Ground_Summit authored launch:(0.130, 0.992, 0.000) separation=0.04198113;Ground_Mountain_1_4:(0.136, 0.991, 0.000) separation=0.2448618;Ground_Mountain_1_4:(0.136, 0.991, 0.000) separation=0.09159231;Ground_Mountain_1_4:(0.136, 0.991, 0.000) separation=0.2448366;Ground_Mountain_1_4:(0.136, 0.991, 0.000) separation=0.09162611;Ground_Mountain_1_4:(0.136, 0.991, 0.000) separation=0.09161294;Ground_Mountain_1_4:(0.136, 0.991, 0.000) separation=0.09162307;"
2.400,989.402,151.730,189.998,31.459,-31.362,2.555,0.004,0.214,0.000,0.000,4,23.479,2.868,0.995,"Ground_Summit authored launch:(0.134, 0.991, 0.000) separation=-0.0006169658;Ground_Summit authored launch:(0.134, 0.991, 0.000) separation=0.1365754;Ground_Summit authored launch:(0.134, 0.991, 0.000) separation=-0.0006147809;Ground_Summit authored launch:(0.134, 0.991, 0.000) separation=0.1365859;Ground_Summit authored launch:(0.134, 0.991, 0.000) separation=0.01284727;Ground_Summit authored launch:(0.134, 0.991, 0.000) separation=0.01287025;Ground_Mountain_1_4:(0.136, 0.991, 0.000) separation=0.1905668;Ground_Mountain_1_4:(0.136, 0.991, 0.000) separation=0.05328608;Ground_Mountain_1_4:(0.136, 0.991, 0.000) separation=0.1905749;Ground_Mountain_1_4:(0.136, 0.991, 0.000) separation=0.05328609;Ground_Mountain_1_4:(0.136, 0.991, 0.000) separation=0.05328608;Ground_Mountain_1_4:(0.136, 0.991, 0.000) separation=0.0862129;"
2.420,988.786,151.793,189.998,31.402,-31.268,3.094,0.005,0.271,0.000,-0.001,4,27.458,7.789,0.991,"Ground_Summit authored launch:(0.143, 0.990, 0.000) separation=-0.01108425;Ground_Summit authored launch:(0.143, 0.990, 0.000) separation=0.0767303;Ground_Summit authored launch:(0.143, 0.990, 0.000) separation=-0.01109248;Ground_Summit authored launch:(0.143, 0.990, 0.000) separation=0.07674798;Ground_Summit authored launch:(0.143, 0.990, 0.000) separation=0.001962274;Ground_Summit authored launch:(0.143, 0.990, 0.000) separation=0.004931688;Ground_Summit authored launch:(0.164, 0.986, 0.000) separation=0.04151899;Ground_Mountain_1_4:(0.136, 0.991, 0.000) separation=0.1327519;Ground_Mountain_1_4:(0.136, 0.991, 0.000) separation=0.04688958;Ground_Mountain_1_4:(0.136, 0.991, 0.000) separation=0.1327682;Ground_Mountain_1_4:(0.136, 0.991, 0.000) separation=0.0468825;Ground_Mountain_1_4:(0.136, 0.991, 0.000) separation=0.04688603;Ground_Mountain_1_4:(0.136, 0.991, 0.000) separation=0.04688701;"
2.440,988.172,151.882,189.998,31.231,-30.932,4.318,0.000,0.299,0.000,0.000,4,32.353,8.385,0.989,"Ground_Summit authored launch:(0.152, 0.988, 0.000) separation=-0.01309444;Ground_Summit authored launch:(0.152, 0.988, 0.000) separation=0.02511319;Ground_Summit authored launch:(0.152, 0.988, 0.000) separation=-0.01311845;Ground_Summit authored launch:(0.152, 0.988, 0.000) separation=0.02514574;Ground_Summit authored launch:(0.152, 0.988, 0.000) separation=0.000307858;Ground_Summit authored launch:(0.152, 0.988, 0.000) separation=0.0003423691;Ground_Summit authored launch:(0.177, 0.984, 0.000) separation=0.0445461;Ground_Summit authored launch:(0.177, 0.984, 0.000) separation=0.0445461;Ground_Mountain_1_4:(0.162, 0.987, 0.000) separation=0.083896;Ground_Mountain_1_4:(0.162, 0.987, 0.000) separation=0.04329875;Ground_Mountain_1_4:(0.162, 0.987, 0.000) separation=0.08392498;Ground_Mountain_1_4:(0.162, 0.987, 0.000) separation=0.0432784;Ground_Mountain_1_4:(0.162, 0.987, 0.000) separation=0.0432851;Ground_Mountain_1_4:(0.162, 0.987, 0.000) separation=0.04329449;"
2.460,987.559,151.983,189.998,31.197,-30.815,4.868,-0.007,0.385,0.000,-0.001,4,25.878,2.983,0.988,"Ground_Summit authored launch:(0.164, 0.986, 0.000) separation=-0.01111919;Ground_Summit authored launch:(0.164, 0.986, 0.000) separation=0.01315143;Ground_Summit authored launch:(0.164, 0.986, 0.000) separation=-0.01111174;Ground_Summit authored launch:(0.164, 0.986, 0.000) separation=0.01315974;Ground_Summit authored launch:(0.164, 0.986, 0.000) separation=-0.01018813;Ground_Summit authored launch:(0.164, 0.986, 0.000) separation=-0.01018268;Ground_Mountain_1_4:(0.162, 0.987, 0.000) separation=0.06780528;Ground_Mountain_1_4:(0.162, 0.987, 0.000) separation=0.04158425;Ground_Mountain_1_4:(0.162, 0.987, 0.000) separation=0.06781657;Ground_Mountain_1_4:(0.162, 0.987, 0.000) separation=0.04158333;Ground_Mountain_1_4:(0.162, 0.987, 0.000) separation=0.04157826;Ground_Mountain_1_4:(0.162, 0.987, 0.000) separation=0.04971609;"
2.480,986.947,152.087,189.998,31.217,-30.791,5.140,-0.003,0.401,0.000,-0.001,4,23.289,1.087,0.987,"Ground_Summit authored launch:(0.169, 0.986, 0.000) separation=-0.01086003;Ground_Summit authored launch:(0.169, 0.986, 0.000) separation=0.01471824;Ground_Summit authored launch:(0.169, 0.986, 0.000) separation=-0.01097267;Ground_Summit authored launch:(0.169, 0.986, 0.000) separation=0.0148423;Ground_Summit authored launch:(0.169, 0.986, 0.000) separation=-0.00812158;Ground_Summit authored launch:(0.169, 0.986, 0.000) separation=-0.006766468;Ground_Mountain_1_4:(0.162, 0.987, 0.000) separation=0.06962608;Ground_Mountain_1_4:(0.162, 0.987, 0.000) separation=0.04593012;Ground_Mountain_1_4:(0.162, 0.987, 0.000) separation=0.06975145;Ground_Mountain_1_4:(0.162, 0.987, 0.000) separation=0.04581625;Ground_Mountain_1_4:(0.162, 0.987, 0.000) separation=0.04587862;Ground_Mountain_1_4:(0.162, 0.987, 0.000) separation=0.0459033;"
2.500,986.334,152.197,189.998,31.234,-30.762,5.407,0.000,0.392,0.000,-0.001,4,23.028,0.893,0.986,"Ground_Summit authored launch:(0.177, 0.984, 0.000) separation=-0.01090527;Ground_Summit authored launch:(0.177, 0.984, 0.000) separation=0.0160127;Ground_Summit authored launch:(0.177, 0.984, 0.000) separation=-0.01092133;Ground_Summit authored launch:(0.177, 0.984, 0.000) separation=0.01604619;Ground_Summit authored launch:(0.177, 0.984, 0.000) separation=-0.003340155;Ground_Summit authored launch:(0.177, 0.984, 0.000) separation=-0.003311008;Ground_Mountain_1_4:(0.179, 0.984, 0.000) separation=0.07496819;Ground_Mountain_1_4:(0.179, 0.984, 0.000) separation=0.04622122;Ground_Mountain_1_4:(0.179, 0.984, 0.000) separation=0.0750085;Ground_Mountain_1_4:(0.179, 0.984, 0.000) separation=0.04620382;Ground_Mountain_1_4:(0.179, 0.984, 0.000) separation=0.04621279;Ground_Mountain_1_4:(0.179, 0.984, 0.000) separation=0.04621804;"
2.520,985.722,152.312,189.998,31.247,-30.730,5.667,0.002,0.383,0.000,-0.001,4,22.769,0.744,0.985,"Ground_Summit authored launch:(0.181, 0.983, 0.000) separation=-0.01026448;Ground_Summit authored launch:(0.181, 0.983, 0.000) separation=0.01568181;Ground_Summit authored launch:(0.181, 0.983, 0.000) separation=-0.01026704;Ground_Summit authored launch:(0.181, 0.983, 0.000) separation=0.01569622;Ground_Summit authored launch:(0.181, 0.983, 0.000) separation=-0.002838194;Ground_Summit authored launch:(0.181, 0.983, 0.000) separation=-0.001524299;Ground_Summit authored launch:(0.202, 0.979, 0.000) separation=0.04142129;Ground_Mountain_1_4:(0.188, 0.982, 0.000) separation=0.07115038;Ground_Mountain_1_4:(0.188, 0.982, 0.000) separation=0.04289527;Ground_Mountain_1_4:(0.188, 0.982, 0.000) separation=0.07116038;Ground_Mountain_1_4:(0.188, 0.982, 0.000) separation=0.04289723;Ground_Mountain_1_4:(0.188, 0.982, 0.000) separation=0.04290205;Ground_Mountain_1_4:(0.188, 0.982, 0.000) separation=0.04731658;"
2.540,985.112,152.433,189.998,31.260,-30.695,5.917,0.003,0.376,0.000,-0.001,4,22.092,0.455,0.983,"Ground_Summit authored launch:(0.194, 0.981, 0.000) separation=-0.01372456;Ground_Summit authored launch:(0.194, 0.981, 0.000) separation=0.01905797;Ground_Summit authored launch:(0.194, 0.981, 0.000) separation=-0.01371869;Ground_Summit authored launch:(0.194, 0.981, 0.000) separation=0.01906406;Ground_Summit authored launch:(0.194, 0.981, 0.000) separation=-0.01371971;Ground_Summit authored launch:(0.194, 0.981, 0.000) separation=-0.01341739;Ground_Mountain_1_4:(0.188, 0.982, 0.000) separation=0.07274956;Ground_Mountain_1_4:(0.188, 0.982, 0.000) separation=0.04170997;Ground_Mountain_1_4:(0.188, 0.982, 0.000) separation=0.07275118;Ground_Mountain_1_4:(0.188, 0.982, 0.000) separation=0.04172034;Ground_Mountain_1_4:(0.188, 0.982, 0.000) separation=0.04171163;Ground_Mountain_1_4:(0.188, 0.982, 0.000) separation=0.04171541;"
2.560,984.502,152.558,189.999,31.266,-30.650,6.180,0.002,0.370,0.000,-0.001,4,22.195,0.472,0.982,"Ground_Summit authored launch:(0.202, 0.979, 0.000) separation=-0.009309696;Ground_Summit authored launch:(0.202, 0.979, 0.000) separation=0.01946195;Ground_Summit authored launch:(0.202, 0.979, 0.000) separation=-0.009301418;Ground_Summit authored launch:(0.202, 0.979, 0.000) separation=0.01947211;Ground_Summit authored launch:(0.202, 0.979, 0.000) separation=-0.006261289;Ground_Summit authored launch:(0.202, 0.979, 0.000) separation=-0.006254047;Ground_Mountain_1_4:(0.204, 0.979, 0.000) separation=0.07716671;Ground_Mountain_1_4:(0.204, 0.979, 0.000) separation=0.04858825;Ground_Mountain_1_4:(0.204, 0.979, 0.000) separation=0.07718382;Ground_Mountain_1_4:(0.204, 0.979, 0.000) separation=0.04859607;Ground_Mountain_1_4:(0.204, 0.979, 0.000) separation=0.04859743;Ground_Mountain_1_4:(0.204, 0.979, 0.000) separation=0.04859769;"
2.580,983.892,152.688,189.999,31.274,-30.609,6.420,0.004,0.367,0.000,-0.001,4,21.777,0.577,0.981,"Ground_Summit authored launch:(0.207, 0.978, 0.000) separation=-0.009872609;Ground_Summit authored launch:(0.207, 0.978, 0.000) separation=0.02110044;Ground_Summit authored launch:(0.207, 0.978, 0.000) separation=-0.009870551;Ground_Summit authored launch:(0.207, 0.978, 0.000) separation=0.02111091;Ground_Summit authored launch:(0.207, 0.978, 0.000) separation=-0.005399078;Ground_Summit authored launch:(0.207, 0.978, 0.000) separation=-0.003840268;Ground_Mountain_1_4:(0.213, 0.977, 0.000) separation=0.07730507;Ground_Mountain_1_4:(0.213, 0.977, 0.000) separation=0.04407527;Ground_Mountain_1_4:(0.213, 0.977, 0.000) separation=0.07731301;Ground_Mountain_1_4:(0.213, 0.977, 0.000) separation=0.04408033;Ground_Mountain_1_4:(0.213, 0.977, 0.000) separation=0.04407191;Ground_Mountain_1_4:(0.213, 0.977, 0.000) separation=0.04408023;"
2.600,983.284,152.823,189.999,31.270,-30.547,6.694,0.001,0.363,0.000,-0.001,4,21.229,0.472,0.979,"Ground_Summit authored launch:(0.219, 0.976, 0.000) separation=-0.01135779;Ground_Summit authored launch:(0.219, 0.976, 0.000) separation=0.02556356;Ground_Summit authored launch:(0.219, 0.976, 0.000) separation=-0.0113508;Ground_Summit authored launch:(0.219, 0.976, 0.000) separation=0.02556934;Ground_Summit authored launch:(0.219, 0.976, 0.000) separation=-0.001068592;Ground_Summit authored launch:(0.219, 0.976, 0.000) separation=-0.001059562;Ground_Mountain_1_4:(0.213, 0.977, 0.000) separation=0.07793161;Ground_Mountain_1_4:(0.213, 0.977, 0.000) separation=0.04266099;Ground_Mountain_1_4:(0.213, 0.977, 0.000) separation=0.07794257;Ground_Mountain_1_4:(0.213, 0.977, 0.000) separation=0.04266247;Ground_Mountain_1_4:(0.213, 0.977, 0.000) separation=0.04265621;Ground_Mountain_1_4:(0.213, 0.977, 0.000) separation=0.04266062;"
2.620,982.675,152.962,189.999,31.274,-30.502,6.918,0.003,0.365,0.000,-0.001,4,20.986,0.911,0.978,"Ground_Summit authored launch:(0.219, 0.976, 0.000) separation=-0.007574385;Ground_Summit authored launch:(0.219, 0.976, 0.000) separation=0.02522945;Ground_Summit authored launch:(0.219, 0.976, 0.000) separation=-0.007573053;Ground_Summit authored launch:(0.219, 0.976, 0.000) separation=0.02524111;Ground_Summit authored launch:(0.219, 0.976, 0.000) separation=0.001898378;Ground_Summit authored launch:(0.219, 0.976, 0.000) separation=0.003352493;Ground_Summit authored launch:(0.239, 0.971, 0.000) separation=0.04340893;Ground_Summit authored launch:(0.239, 0.971, 0.000) separation=0.04340893;Ground_Mountain_1_4:(0.213, 0.977, 0.000) separation=0.08155851;Ground_Mountain_1_4:(0.213, 0.977, 0.000) separation=0.05035483;Ground_Mountain_1_4:(0.213, 0.977, 0.000) separation=0.08157374;Ground_Mountain_1_4:(0.213, 0.977, 0.000) separation=0.05035258;Ground_Mountain_1_4:(0.213, 0.977, 0.000) separation=0.05035865;Ground_Mountain_1_4:(0.213, 0.977, 0.000) separation=0.05035904;"
2.640,982.070,153.107,189.999,31.280,-30.460,7.125,0.005,0.363,0.000,-0.001,4,20.148,0.558,0.976,"Ground_Summit authored launch:(0.231, 0.973, 0.000) separation=-0.01366445;Ground_Summit authored launch:(0.231, 0.973, 0.000) separation=0.02996357;Ground_Summit authored launch:(0.231, 0.973, 0.000) separation=-0.01365816;Ground_Summit authored launch:(0.231, 0.973, 0.000) separation=0.0299699;Ground_Summit authored launch:(0.231, 0.973, 0.000) separation=-0.01366428;Ground_Summit authored launch:(0.231, 0.973, 0.000) separation=-0.01171649;Ground_Mountain_1_4:(0.237, 0.971, 0.000) separation=0.08691104;Ground_Mountain_1_4:(0.237, 0.971, 0.000) separation=0.04106169;Ground_Mountain_1_4:(0.237, 0.971, 0.000) separation=0.08691519;Ground_Mountain_1_4:(0.237, 0.971, 0.000) separation=0.04107035;Ground_Mountain_1_4:(0.237, 0.971, 0.000) separation=0.04107079;Ground_Mountain_1_4:(0.237, 0.971, 0.000) separation=0.04107198;"
2.660,981.464,153.255,189.999,31.281,-30.409,7.343,0.005,0.360,0.000,-0.001,4,20.504,0.527,0.975,"Ground_Summit authored launch:(0.239, 0.971, 0.000) separation=-0.009761529;Ground_Summit authored launch:(0.239, 0.971, 0.000) separation=0.03089712;Ground_Summit authored launch:(0.239, 0.971, 0.000) separation=-0.009753895;Ground_Summit authored launch:(0.239, 0.971, 0.000) separation=0.0309088;Ground_Summit authored launch:(0.239, 0.971, 0.000) separation=-0.004713655;Ground_Summit authored launch:(0.239, 0.971, 0.000) separation=-0.004702747;Ground_Mountain_1_4:(0.237, 0.971, 0.000) separation=0.083825;Ground_Mountain_1_4:(0.237, 0.971, 0.000) separation=0.04273503;Ground_Mountain_1_4:(0.237, 0.971, 0.000) separation=0.08383365;Ground_Mountain_1_4:(0.237, 0.971, 0.000) separation=0.04273922;Ground_Mountain_1_4:(0.237, 0.971, 0.000) separation=0.04273191;Ground_Mountain_1_4:(0.237, 0.971, 0.000) separation=0.0558466;"
2.680,980.860,153.407,189.999,31.282,-30.358,7.557,0.007,0.359,0.000,-0.001,4,20.510,0.524,0.973,"Ground_Summit authored launch:(0.244, 0.970, 0.000) separation=-0.009840633;Ground_Summit authored launch:(0.244, 0.970, 0.000) separation=0.03131184;Ground_Summit authored launch:(0.244, 0.970, 0.000) separation=-0.009839722;Ground_Summit authored launch:(0.244, 0.970, 0.000) separation=0.03132403;Ground_Summit authored launch:(0.244, 0.970, 0.000) separation=-0.003555954;Ground_Summit authored launch:(0.244, 0.970, 0.000) separation=-0.001762182;Ground_Mountain_1_4:(0.237, 0.971, 0.000) separation=0.08630606;Ground_Mountain_1_4:(0.237, 0.971, 0.000) separation=0.04664859;Ground_Mountain_1_4:(0.237, 0.971, 0.000) separation=0.08632953;Ground_Mountain_1_4:(0.237, 0.971, 0.000) separation=0.04663851;Ground_Mountain_1_4:(0.237, 0.971, 0.000) separation=0.04664356;Ground_Mountain_1_4:(0.237, 0.971, 0.000) separation=0.04664525;"
2.700,980.257,153.565,189.999,31.282,-30.305,7.766,0.008,0.359,0.000,-0.001,4,20.284,0.319,0.972,"Ground_Summit authored launch:(0.252, 0.968, 0.000) separation=-0.01167883;Ground_Summit authored launch:(0.252, 0.968, 0.000) separation=0.03409698;Ground_Summit authored launch:(0.252, 0.968, 0.000) separation=-0.0116727;Ground_Summit authored launch:(0.252, 0.968, 0.000) separation=0.03410405;Ground_Summit authored launch:(0.252, 0.968, 0.000) separation=0.0008635819;Ground_Summit authored launch:(0.252, 0.968, 0.000) separation=0.0008760095;Ground_Mountain_1_4:(0.262, 0.965, 0.000) separation=0.09178594;Ground_Mountain_1_4:(0.262, 0.965, 0.000) separation=0.04386466;Ground_Mountain_1_4:(0.262, 0.965, 0.000) separation=0.09178825;Ground_Mountain_1_4:(0.262, 0.965, 0.000) separation=0.04387555;Ground_Mountain_1_4:(0.262, 0.965, 0.000) separation=0.04387563;Ground_Mountain_1_4:(0.262, 0.965, 0.000) separation=0.04387566;"
2.720,979.654,153.725,190.000,31.279,-30.248,7.978,0.009,0.359,0.000,-0.001,4,20.442,0.314,0.970,"Ground_Summit authored launch:(0.256, 0.967, 0.000) separation=-0.01012228;Ground_Summit authored launch:(0.256, 0.967, 0.000) separation=0.03338419;Ground_Summit authored launch:(0.256, 0.967, 0.000) separation=-0.01012127;Ground_Summit authored launch:(0.256, 0.967, 0.000) separation=0.03339664;Ground_Summit authored launch:(0.256, 0.967, 0.000) separation=0.00179714;Ground_Summit authored launch:(0.256, 0.967, 0.000) separation=0.003508717;Ground_Summit authored launch:(0.276, 0.961, 0.000) separation=0.04049721;Ground_Summit authored launch:(0.276, 0.961, 0.000) separation=0.04049721;Ground_Mountain_1_4:(0.262, 0.965, 0.000) separation=0.08717074;Ground_Mountain_1_4:(0.262, 0.965, 0.000) separation=0.04156211;Ground_Mountain_1_4:(0.262, 0.965, 0.000) separation=0.0871771;Ground_Mountain_1_4:(0.262, 0.965, 0.000) separation=0.04156897;Ground_Mountain_1_4:(0.262, 0.965, 0.000) separation=0.04157105;Ground_Mountain_1_4:(0.262, 0.965, 0.000) separation=0.04984832;"
2.740,979.055,153.892,190.000,31.274,-30.182,8.200,0.006,0.360,0.000,-0.001,4,20.228,0.285,0.968,"Ground_Summit authored launch:(0.268, 0.964, 0.000) separation=-0.0142745;Ground_Summit authored launch:(0.268, 0.964, 0.000) separation=0.03465532;Ground_Summit authored launch:(0.268, 0.964, 0.000) separation=-0.0142682;Ground_Summit authored launch:(0.268, 0.964, 0.000) separation=0.03466245;Ground_Summit authored launch:(0.268, 0.964, 0.000) separation=-0.01361328;Ground_Summit authored launch:(0.268, 0.964, 0.000) separation=-0.01148072;Ground_Mountain_1_4:(0.262, 0.965, 0.000) separation=0.08815816;Ground_Mountain_1_4:(0.262, 0.965, 0.000) separation=0.04061696;Ground_Mountain_1_4:(0.262, 0.965, 0.000) separation=0.08816756;Ground_Mountain_1_4:(0.262, 0.965, 0.000) separation=0.04062136;Ground_Mountain_1_4:(0.262, 0.965, 0.000) separation=0.04061392;Ground_Mountain_1_4:(0.262, 0.965, 0.000) separation=0.04061574;"
2.760,978.456,154.062,190.000,31.265,-30.107,8.438,0.003,0.363,0.000,-0.001,4,20.760,0.545,0.966,"Ground_Summit authored launch:(0.275, 0.961, 0.000) separation=-0.009949546;Ground_Summit authored launch:(0.275, 0.961, 0.000) separation=0.03335523;Ground_Summit authored launch:(0.275, 0.961, 0.000) separation=-0.009941692;Ground_Summit authored launch:(0.275, 0.961, 0.000) separation=0.03336819;Ground_Summit authored launch:(0.275, 0.961, 0.000) separation=-0.004263759;Ground_Summit authored launch:(0.275, 0.961, 0.000) separation=-0.004251093;Ground_Mountain_1_4:(0.277, 0.961, 0.000) separation=0.09071666;Ground_Mountain_1_4:(0.277, 0.961, 0.000) separation=0.04640833;Ground_Mountain_1_4:(0.277, 0.961, 0.000) separation=0.09073161;Ground_Mountain_1_4:(0.277, 0.961, 0.000) separation=0.04642184;Ground_Mountain_1_4:(0.277, 0.961, 0.000) separation=0.04640955;Ground_Mountain_1_4:(0.277, 0.961, 0.000) separation=0.04641235;"
2.780,977.858,154.236,190.000,31.260,-30.040,8.655,0.005,0.367,0.000,-0.001,4,20.795,0.756,0.964,"Ground_Summit authored launch:(0.279, 0.960, 0.000) separation=-0.009717306;Ground_Summit authored launch:(0.279, 0.960, 0.000) separation=0.03158544;Ground_Summit authored launch:(0.279, 0.960, 0.000) separation=-0.009716518;Ground_Summit authored launch:(0.279, 0.960, 0.000) separation=0.03159876;Ground_Summit authored launch:(0.279, 0.960, 0.000) separation=-0.003225923;Ground_Summit authored launch:(0.279, 0.960, 0.000) separation=-0.001439303;Ground_Mountain_1_4:(0.285, 0.958, 0.000) separation=0.08620889;Ground_Mountain_1_4:(0.285, 0.958, 0.000) separation=0.04285619;Ground_Mountain_1_4:(0.285, 0.958, 0.000) separation=0.08621436;Ground_Mountain_1_4:(0.285, 0.958, 0.000) separation=0.04286432;Ground_Mountain_1_4:(0.285, 0.958, 0.000) separation=0.04285508;Ground_Mountain_1_4:(0.285, 0.958, 0.000) separation=0.04421878;"
2.800,977.261,154.415,190.000,31.254,-29.971,8.869,0.007,0.370,0.000,-0.001,4,20.650,0.513,0.962,"Ground_Summit authored launch:(0.287, 0.958, 0.000) separation=-0.01147845;Ground_Summit authored launch:(0.287, 0.958, 0.000) separation=0.03290085;Ground_Summit authored launch:(0.287, 0.958, 0.000) separation=-0.01147158;Ground_Summit authored launch:(0.287, 0.958, 0.000) separation=0.03290816;Ground_Summit authored launch:(0.287, 0.958, 0.000) separation=0.0008518696;Ground_Summit authored launch:(0.287, 0.958, 0.000) separation=0.000864774;Ground_Mountain_1_4:(0.285, 0.958, 0.000) separation=0.08486414;Ground_Mountain_1_4:(0.285, 0.958, 0.000) separation=0.0417346;Ground_Mountain_1_4:(0.285, 0.958, 0.000) separation=0.0848732;Ground_Mountain_1_4:(0.285, 0.958, 0.000) separation=0.04173968;Ground_Mountain_1_4:(0.285, 0.958, 0.000) separation=0.0417316;Ground_Mountain_1_4:(0.285, 0.958, 0.000) separation=0.04173422;"
2.820,976.666,154.598,190.000,31.247,-29.899,9.086,0.008,0.373,0.000,-0.001,4,20.789,0.468,0.960,"Ground_Summit authored launch:(0.291, 0.957, 0.000) separation=-0.009922171;Ground_Summit authored launch:(0.291, 0.957, 0.000) separation=0.03155889;Ground_Summit authored launch:(0.291, 0.957, 0.000) separation=-0.009921359;Ground_Summit authored launch:(0.291, 0.957, 0.000) separation=0.03157249;Ground_Summit authored launch:(0.291, 0.957, 0.000) separation=0.001451164;Ground_Summit authored launch:(0.291, 0.957, 0.000) separation=0.003107607;Ground_Summit authored launch:(0.311, 0.951, 0.000) separation=0.04078451;Ground_Summit authored launch:(0.311, 0.951, 0.000) separation=0.04078451;Ground_Mountain_1_4:(0.285, 0.958, 0.000) separation=0.08742494;Ground_Mountain_1_4:(0.285, 0.958, 0.000) separation=0.04708567;Ground_Mountain_1_4:(0.285, 0.958, 0.000) separation=0.08743854;Ground_Mountain_1_4:(0.285, 0.958, 0.000) separation=0.04708675;Ground_Mountain_1_4:(0.285, 0.958, 0.000) separation=0.04709116;Ground_Mountain_1_4:(0.285, 0.958, 0.000) separation=0.04709148;"
2.840,976.073,154.786,190.001,31.239,-29.824,9.302,0.008,0.377,0.000,-0.001,4,20.490,0.402,0.958,"Ground_Summit authored launch:(0.303, 0.953, 0.000) separation=-0.01389142;Ground_Summit authored launch:(0.303, 0.953, 0.000) separation=0.032462;Ground_Summit authored launch:(0.303, 0.953, 0.000) separation=-0.0138841;Ground_Summit authored launch:(0.303, 0.953, 0.000) separation=0.03246916;Ground_Summit authored launch:(0.303, 0.953, 0.000) separation=-0.01371285;Ground_Summit authored launch:(0.303, 0.953, 0.000) separation=-0.01164192;Ground_Mountain_1_4:(0.309, 0.951, 0.000) separation=0.08798994;Ground_Mountain_1_4:(0.309, 0.951, 0.000) separation=0.03966786;Ground_Mountain_1_4:(0.309, 0.951, 0.000) separation=0.0879923;Ground_Mountain_1_4:(0.309, 0.951, 0.000) separation=0.03967994;Ground_Mountain_1_4:(0.309, 0.951, 0.000) separation=0.03967986;Ground_Mountain_1_4:(0.309, 0.951, 0.000) separation=0.03967991;"
2.860,975.482,154.978,190.001,31.227,-29.737,9.535,0.006,0.381,0.000,-0.001,4,20.950,0.504,0.955,"Ground_Summit authored launch:(0.310, 0.951, 0.000) separation=-0.009457684;Ground_Summit authored launch:(0.310, 0.951, 0.000) separation=0.03149012;Ground_Summit authored launch:(0.310, 0.951, 0.000) separation=-0.009448823;Ground_Summit authored launch:(0.310, 0.951, 0.000) separation=0.03150338;Ground_Summit authored launch:(0.310, 0.951, 0.000) separation=-0.004683405;Ground_Summit authored launch:(0.310, 0.951, 0.000) separation=-0.004670739;Ground_Mountain_1_4:(0.309, 0.951, 0.000) separation=0.08319855;Ground_Mountain_1_4:(0.309, 0.951, 0.000) separation=0.04197335;Ground_Mountain_1_4:(0.309, 0.951, 0.000) separation=0.08320644;Ground_Mountain_1_4:(0.309, 0.951, 0.000) separation=0.04198045;Ground_Mountain_1_4:(0.309, 0.951, 0.000) separation=0.04198241;Ground_Mountain_1_4:(0.309, 0.951, 0.000) separation=0.05491903;"
2.880,974.891,155.174,190.001,31.217,-29.657,9.751,0.007,0.387,0.000,-0.001,4,20.829,0.646,0.954,"Ground_Summit authored launch:(0.314, 0.949, 0.000) separation=-0.009455877;Ground_Summit authored launch:(0.314, 0.949, 0.000) separation=0.03035582;Ground_Summit authored launch:(0.314, 0.949, 0.000) separation=-0.009454981;Ground_Summit authored launch:(0.314, 0.949, 0.000) separation=0.03036987;Ground_Summit authored launch:(0.314, 0.949, 0.000) separation=-0.003889918;Ground_Summit authored launch:(0.314, 0.949, 0.000) separation=-0.002129763;Ground_Mountain_1_4:(0.309, 0.951, 0.000) separation=0.08444712;Ground_Mountain_1_4:(0.309, 0.951, 0.000) separation=0.04566739;Ground_Mountain_1_4:(0.309, 0.951, 0.000) separation=0.08445963;Ground_Mountain_1_4:(0.309, 0.951, 0.000) separation=0.04566985;Ground_Mountain_1_4:(0.309, 0.951, 0.000) separation=0.0456717;Ground_Mountain_1_4:(0.309, 0.951, 0.000) separation=0.04567418;"
2.900,974.302,155.374,190.001,31.208,-29.578,9.961,0.009,0.391,0.000,-0.001,4,20.511,0.551,0.951,"Ground_Summit authored launch:(0.322, 0.947, 0.000) separation=-0.01081873;Ground_Summit authored launch:(0.322, 0.947, 0.000) separation=0.03246769;Ground_Summit authored launch:(0.322, 0.947, 0.000) separation=-0.01081169;Ground_Summit authored launch:(0.322, 0.947, 0.000) separation=0.03247565;Ground_Summit authored launch:(0.322, 0.947, 0.000) separation=0.0001826286;Ground_Summit authored launch:(0.322, 0.947, 0.000) separation=0.0001966953;Ground_Mountain_1_4:(0.331, 0.944, 0.000) separation=0.08886055;Ground_Mountain_1_4:(0.331, 0.944, 0.000) separation=0.0436494;Ground_Mountain_1_4:(0.331, 0.944, 0.000) separation=0.08886185;Ground_Mountain_1_4:(0.331, 0.944, 0.000) separation=0.04366285;Ground_Mountain_1_4:(0.331, 0.944, 0.000) separation=0.0436506;Ground_Mountain_1_4:(0.331, 0.944, 0.000) separation=0.04365614;"
2.920,973.715,155.578,190.001,31.197,-29.496,10.169,0.010,0.396,0.000,-0.001,4,20.439,0.367,0.950,"Ground_Summit authored launch:(0.326, 0.945, 0.000) separation=-0.009613596;Ground_Summit authored launch:(0.326, 0.945, 0.000) separation=0.03208458;Ground_Summit authored launch:(0.326, 0.945, 0.000) separation=-0.009612782;Ground_Summit authored launch:(0.326, 0.945, 0.000) separation=0.03209878;Ground_Summit authored launch:(0.326, 0.945, 0.000) separation=0.0007403791;Ground_Summit authored launch:(0.326, 0.945, 0.000) separation=0.002427757;Ground_Summit authored launch:(0.344, 0.939, 0.000) separation=0.04162788;Ground_Mountain_1_4:(0.331, 0.944, 0.000) separation=0.08475294;Ground_Mountain_1_4:(0.331, 0.944, 0.000) separation=0.04123141;Ground_Mountain_1_4:(0.331, 0.944, 0.000) separation=0.08475842;Ground_Mountain_1_4:(0.331, 0.944, 0.000) separation=0.04124121;Ground_Mountain_1_4:(0.331, 0.944, 0.000) separation=0.0412311;Ground_Mountain_1_4:(0.331, 0.944, 0.000) separation=0.04771805;"
2.940,973.130,155.788,190.002,31.188,-29.416,10.369,0.011,0.401,0.000,-0.001,4,20.005,0.317,0.947,"Ground_Summit authored launch:(0.337, 0.942, 0.000) separation=-0.01296765;Ground_Summit authored launch:(0.337, 0.942, 0.000) separation=0.03404762;Ground_Summit authored launch:(0.337, 0.942, 0.000) separation=-0.01296015;Ground_Summit authored launch:(0.337, 0.942, 0.000) separation=0.03405537;Ground_Summit authored launch:(0.337, 0.942, 0.000) separation=-0.0129618;Ground_Summit authored launch:(0.337, 0.942, 0.000) separation=-0.01249951;Ground_Mountain_1_4:(0.331, 0.944, 0.000) separation=0.08638906;Ground_Mountain_1_4:(0.331, 0.944, 0.000) separation=0.04029189;Ground_Mountain_1_4:(0.331, 0.944, 0.000) separation=0.08639791;Ground_Mountain_1_4:(0.331, 0.944, 0.000) separation=0.04029829;Ground_Mountain_1_4:(0.331, 0.944, 0.000) separation=0.04029465;Ground_Mountain_1_4:(0.331, 0.944, 0.000) separation=0.04030091;"
2.960,972.546,156.001,190.002,31.174,-29.325,10.584,0.009,0.406,0.000,-0.001,4,20.343,0.352,0.945,"Ground_Summit authored launch:(0.344, 0.939, 0.000) separation=-0.008375785;Ground_Summit authored launch:(0.344, 0.939, 0.000) separation=0.0339768;Ground_Summit authored launch:(0.344, 0.939, 0.000) separation=-0.008367685;Ground_Summit authored launch:(0.344, 0.939, 0.000) separation=0.03399195;Ground_Summit authored launch:(0.344, 0.939, 0.000) separation=-0.005744278;Ground_Summit authored launch:(0.344, 0.939, 0.000) separation=-0.005728602;Ground_Mountain_1_4:(0.346, 0.938, 0.000) separation=0.08996069;Ground_Mountain_1_4:(0.346, 0.938, 0.000) separation=0.04710888;Ground_Mountain_1_4:(0.346, 0.938, 0.000) separation=0.08997506;Ground_Mountain_1_4:(0.346, 0.938, 0.000) separation=0.04712483;Ground_Mountain_1_4:(0.346, 0.938, 0.000) separation=0.04711083;Ground_Mountain_1_4:(0.346, 0.938, 0.000) separation=0.04711252;"
2.980,971.964,156.217,190.002,31.163,-29.240,10.785,0.010,0.413,0.000,-0.001,4,20.110,0.472,0.943,"Ground_Summit authored launch:(0.348, 0.938, 0.000) separation=-0.009034722;Ground_Summit authored launch:(0.348, 0.938, 0.000) separation=0.03407883;Ground_Summit authored launch:(0.348, 0.938, 0.000) separation=-0.009034189;Ground_Summit authored launch:(0.348, 0.938, 0.000) separation=0.03409394;Ground_Summit authored launch:(0.348, 0.938, 0.000) separation=-0.005215824;Ground_Summit authored launch:(0.348, 0.938, 0.000) separation=-0.003325641;Ground_Mountain_1_4:(0.353, 0.935, 0.000) separation=0.08772071;Ground_Mountain_1_4:(0.353, 0.935, 0.000) separation=0.04284094;Ground_Mountain_1_4:(0.353, 0.935, 0.000) separation=0.08773489;Ground_Mountain_1_4:(0.353, 0.935, 0.000) separation=0.04284228;Ground_Mountain_1_4:(0.353, 0.935, 0.000) separation=0.04284161;Ground_Mountain_1_4:(0.353, 0.935, 0.000) separation=0.04284224;"
3.000,971.384,156.438,190.002,31.144,-29.134,11.014,0.007,0.418,0.000,-0.001,4,19.779,0.415,0.940,"Ground_Summit authored launch:(0.359, 0.933, 0.000) separation=-0.009578356;Ground_Summit authored launch:(0.359, 0.933, 0.000) separation=0.0370171;Ground_Summit authored launch:(0.359, 0.933, 0.000) separation=-0.009571146;Ground_Summit authored launch:(0.359, 0.933, 0.000) separation=0.03702559;Ground_Summit authored launch:(0.359, 0.933, 0.000) separation=-0.0007709563;Ground_Summit authored launch:(0.359, 0.933, 0.000) separation=-0.0007543564;Ground_Mountain_1_4:(0.353, 0.935, 0.000) separation=0.08740249;Ground_Mountain_1_4:(0.353, 0.935, 0.000) separation=0.04161429;Ground_Mountain_1_4:(0.353, 0.935, 0.000) separation=0.08740931;Ground_Mountain_1_4:(0.353, 0.935, 0.000) separation=0.04162353;Ground_Mountain_1_4:(0.353, 0.935, 0.000) separation=0.04161301;Ground_Mountain_1_4:(0.353, 0.935, 0.000) separation=0.05818954;"
3.020,970.805,156.662,190.002,31.131,-29.049,11.206,0.009,0.428,0.000,-0.001,4,19.623,0.819,0.939,"Ground_Summit authored launch:(0.359, 0.933, 0.000) separation=-0.006747268;Ground_Summit authored launch:(0.359, 0.933, 0.000) separation=0.03595825;Ground_Summit authored launch:(0.359, 0.933, 0.000) separation=-0.006746985;Ground_Summit authored launch:(0.359, 0.933, 0.000) separation=0.03597393;Ground_Summit authored launch:(0.359, 0.933, 0.000) separation=0.001584172;Ground_Summit authored launch:(0.359, 0.933, 0.000) separation=0.003352165;Ground_Mountain_1_4:(0.353, 0.935, 0.000) separation=0.08998609;Ground_Mountain_1_4:(0.353, 0.935, 0.000) separation=0.0480197;Ground_Mountain_1_4:(0.353, 0.935, 0.000) separation=0.09000936;Ground_Mountain_1_4:(0.353, 0.935, 0.000) separation=0.04801247;Ground_Mountain_1_4:(0.353, 0.935, 0.000) separation=0.04801634;Ground_Mountain_1_4:(0.353, 0.935, 0.000) separation=0.04801711;"
3.040,970.225,156.888,190.003,31.118,-28.997,11.308,0.010,0.434,0.000,-0.001,4,15.647,5.641,0.939,"Ground_Summit authored launch:(0.348, 0.938, 0.000) separation=0.003754437;Ground_Summit authored launch:(0.348, 0.938, 0.000) separation=0.03956215;Ground_Summit authored launch:(0.348, 0.938, 0.000) separation=0.03955464;Ground_Summit authored launch:(0.348, 0.938, 0.000) separation=0.003769636;Ground_Summit authored launch:(0.348, 0.938, 0.000) separation=0.01573551;Ground_Summit authored launch:(0.348, 0.938, 0.000) separation=0.01725876;Ground_Mountain_1_4:(-0.082, 0.997, 0.000) separation=0.06622815;Ground_Mountain_1_4:(-0.082, 0.997, 0.000) separation=0.2399401;Ground_Mountain_1_4:(-0.082, 0.997, 0.000) separation=0.06624028;Ground_Mountain_1_4:(-0.082, 0.997, 0.000) separation=0.2396606;Ground_Mountain_1_4:(-0.082, 0.997, 0.000) separation=0.05454129;Ground_Mountain_1_4:(-0.082, 0.997, 0.000) separation=0.2397241;Ground_Mountain_1_4:(0.361, 0.933, 0.000) separation=0.09427535;Ground_Mountain_1_4:(0.361, 0.933, 0.000) separation=0.06012198;Ground_Mountain_1_4:(0.361, 0.933, 0.000) separation=0.0942749;Ground_Mountain_1_4:(0.361, 0.933, 0.000) separation=0.06011096;Ground_Mountain_1_4:(0.361, 0.933, 0.000) separation=0.06009163;Ground_Mountain_1_4:(0.361, 0.933, 0.000) separation=0.07399657;"
3.060,969.644,157.114,190.003,31.103,-28.990,11.289,0.010,0.441,0.000,-0.001,2,8.357,0.488,0.940,"Ground_Summit authored launch:(0.348, 0.938, 0.000) separation=0.0168089;Ground_Summit authored launch:(0.348, 0.938, 0.000) separation=0.04476483;Ground_Summit authored launch:(0.348, 0.938, 0.000) separation=0.04494247;Ground_Summit authored launch:(0.348, 0.938, 0.000) separation=0.01663673;Ground_Summit authored launch:(0.348, 0.938, 0.000) separation=0.02854428;Ground_Summit authored launch:(0.348, 0.938, 0.000) separation=0.03024742;Ground_Mountain_1_4:(-0.082, 0.997, 0.000) separation=0.5130203;Ground_Mountain_1_4:(-0.082, 0.997, 0.000) separation=0.06625186;Ground_Mountain_1_4:(-0.082, 0.997, 0.000) separation=0.5130525;Ground_Mountain_1_4:(-0.082, 0.997, 0.000) separation=0.4187418;Ground_Mountain_1_4:(-0.082, 0.997, 0.000) separation=0.08054376;Ground_Mountain_1_4:(0.355, 0.935, 0.000) separation=0.0959707;Ground_Mountain_1_4:(-0.082, 0.997, 0.000) separation=-0.4290323;Ground_Mountain_1_4:(0.355, 0.935, 0.000) separation=0.09579615;Ground_Mountain_1_4:(0.355, 0.935, 0.000) separation=0.07309952;Ground_Mountain_1_4:(0.355, 0.935, 0.000) separation=0.07292208;Ground_Mountain_1_4:(0.355, 0.935, 0.000) separation=0.07299868;"
3.080,969.063,157.340,190.003,31.088,-28.989,11.258,0.009,0.449,0.000,0.000,2,7.697,1.306,0.941,"Ground_Summit authored launch:(0.350, 0.937, 0.000) separation=0.04812298;Ground_Summit authored launch:(0.350, 0.937, 0.000) separation=0.04845899;Ground_Summit authored launch:(0.350, 0.937, 0.000) separation=0.04344147;Ground_Summit authored launch:(0.350, 0.937, 0.000) separation=0.04545909;Ground_Summit authored launch:(0.350, 0.937, 0.000) separation=0.03062761;Ground_Summit authored launch:(0.350, 0.937, 0.000) separation=0.03029966;Ground_Mountain_1_4:(-0.082, 0.997, 0.000) separation=0.07888567;Ground_Mountain_1_4:(-0.082, 0.997, 0.000) separation=0.431787;Ground_Mountain_1_4:(-0.082, 0.997, 0.000) separation=0.09576803;Ground_Mountain_1_4:(0.351, 0.936, 0.000) separation=0.1004494;Ground_Mountain_1_4:(-0.082, 0.997, 0.000) separation=-0.1536356;Ground_Mountain_1_4:(0.351, 0.936, 0.000) separation=0.1000908;Ground_Mountain_1_4:(0.351, 0.936, 0.000) separation=0.08701915;Ground_Mountain_1_4:(0.351, 0.936, 0.000) separation=0.08666939;Ground_Mountain_1_4:(0.351, 0.936, 0.000) separation=0.08681691;"
3.100,968.480,157.562,190.003,31.074,-29.053,11.055,0.008,0.456,0.000,0.000,2,0.249,7.774,0.944,"Ground_Summit authored launch:(0.338, 0.941, 0.000) separation=0.05058679;Ground_Summit authored launch:(0.338, 0.941, 0.000) separation=0.05104679;Ground_Summit authored launch:(0.338, 0.941, 0.000) separation=0.04869285;Ground_Summit authored launch:(0.338, 0.941, 0.000) separation=0.0491479;Ground_Mountain_1_4:(-0.082, 0.997, 0.000) separation=0.09590796;Ground_Mountain_1_4:(-0.082, 0.997, 0.000) separation=0.448127;Ground_Mountain_1_4:(-0.082, 0.997, 0.000) separation=0.1159974;Ground_Mountain_1_4:(0.349, 0.937, 0.000) separation=0.106637;Ground_Mountain_1_4:(-0.082, 0.997, 0.000) separation=0.1232986;Ground_Mountain_1_4:(0.349, 0.937, 0.000) separation=0.1061467;Ground_Mountain_1_4:(0.349, 0.937, 0.000) separation=0.1056243;Ground_Mountain_1_4:(0.349, 0.937, 0.000) separation=0.1051385;Ground_Mountain_1_4:(0.349, 0.937, 0.000) separation=0.1053267;"
3.120,967.897,157.780,190.003,30.991,-29.042,10.855,0.008,0.463,0.000,0.000,0,0.000,0.898,0.946,"Ground_Mountain_1_4:(-0.082, 0.997, 0.000) separation=0.3543571;Ground_Mountain_1_4:(-0.082, 0.997, 0.000) separation=0.3545099;Ground_Mountain_1_4:(-0.082, 0.997, 0.000) separation=0.4689774;Ground_Mountain_1_4:(-0.082, 0.997, 0.000) separation=0.3545927;Ground_Mountain_1_4:(-0.082, 0.997, 0.000) separation=0.3541045;"
3.140,967.315,157.994,190.003,30.908,-29.030,10.654,0.008,0.505,0.000,0.000,0,0.000,0.850,0.949,"Ground_Mountain_1_4:(-0.082, 0.997, 0.000) separation=0.6274069;Ground_Mountain_1_4:(-0.082, 0.997, 0.000) separation=0.6271026;Ground_Mountain_1_4:(-0.082, 0.997, 0.000) separation=0.626791;"
3.160,966.732,158.203,190.003,30.826,-29.018,10.454,0.008,0.546,0.000,0.000,0,0.000,0.803,0.952,""
3.180,966.149,158.409,190.004,30.745,-29.007,10.254,0.008,0.587,0.000,0.000,0,0.000,0.755,0.954,""
3.200,965.567,158.611,190.004,30.664,-28.995,10.053,0.008,0.627,0.000,0.001,0,0.000,0.708,0.957,""
3.220,964.985,158.809,190.004,30.585,-28.983,9.853,0.008,0.668,0.000,0.001,0,0.000,0.660,0.960,""
3.240,964.403,159.003,190.004,30.505,-28.972,9.653,0.008,0.708,0.000,0.000,0,0.000,0.613,0.962,""
3.260,963.821,159.192,190.004,30.426,-28.960,9.453,0.008,0.747,0.000,0.001,0,0.000,0.565,0.965,""
3.280,963.239,159.378,190.004,30.348,-28.949,9.253,0.008,0.787,0.000,0.001,0,0.000,0.518,0.967,""
3.300,962.658,159.560,190.005,30.271,-28.937,9.054,0.008,0.826,0.000,0.001,0,0.000,0.472,0.970,""
3.320,962.077,159.738,190.005,30.194,-28.926,8.854,0.008,0.865,0.000,0.001,0,0.000,0.426,0.972,""
3.340,961.496,159.911,190.005,30.117,-28.914,8.654,0.008,0.903,0.000,0.002,0,0.000,0.380,0.975,""
3.360,960.915,160.081,190.005,30.041,-28.902,8.455,0.008,0.941,0.000,0.002,0,0.000,0.334,0.977,""
3.380,960.334,160.247,190.005,29.966,-28.891,8.255,0.008,0.979,0.000,0.002,0,0.000,0.289,0.979,""
3.400,959.754,160.409,190.005,29.892,-28.879,8.056,0.008,1.000,0.000,0.002,0,0.000,0.245,0.981,""
3.420,959.173,160.566,190.005,29.818,-28.868,7.856,0.008,1.000,0.000,0.002,0,0.000,0.202,0.983,""
3.440,958.593,160.720,190.006,29.745,-28.856,7.657,0.008,1.000,0.000,0.002,0,0.000,0.159,0.985,""
3.460,958.014,160.870,190.006,29.673,-28.845,7.458,0.008,1.000,0.000,0.002,0,0.000,0.117,0.987,""
3.480,957.434,161.015,190.006,29.601,-28.833,7.259,0.008,1.000,0.000,0.003,0,0.000,0.076,0.988,""
3.500,956.855,161.157,190.006,29.531,-28.822,7.060,0.008,1.000,0.000,0.003,0,0.000,0.036,0.990,""
3.520,956.276,161.294,190.006,29.461,-28.810,6.861,0.008,1.000,0.000,0.003,0,0.000,0.008,0.991,""
3.540,955.697,161.428,190.006,29.393,-28.799,6.662,0.008,1.000,0.000,0.003,0,0.000,0.043,0.993,""
3.560,955.118,161.558,190.007,29.326,-28.787,6.463,0.008,1.000,0.000,0.003,0,0.000,0.081,0.994,""
3.580,954.540,161.683,190.007,29.260,-28.775,6.264,0.008,1.000,0.000,0.003,0,0.000,0.117,0.995,""
3.600,953.962,161.805,190.007,29.195,-28.764,6.066,0.008,1.000,0.000,0.003,0,0.000,0.152,0.996,""
3.620,953.384,161.922,190.007,29.132,-28.752,5.867,0.008,1.000,0.000,0.003,0,0.000,0.187,0.997,""
3.640,952.806,162.036,190.007,29.070,-28.741,5.669,0.008,1.000,0.000,0.003,0,0.000,0.220,0.997,""
3.660,952.229,162.146,190.007,29.010,-28.729,5.470,0.008,1.000,0.000,0.004,0,0.000,0.252,0.998,""
3.680,951.652,162.251,190.008,28.952,-28.718,5.272,0.008,1.000,0.000,0.004,0,0.000,0.283,0.999,""
3.700,951.075,162.353,190.008,28.895,-28.707,5.074,0.008,1.000,0.000,0.004,0,0.000,0.312,0.999,""
3.720,950.499,162.450,190.008,28.840,-28.695,4.876,0.008,1.000,0.000,0.004,0,0.000,0.341,0.999,""
3.740,949.923,162.544,190.008,28.787,-28.684,4.678,0.008,1.000,0.000,0.004,0,0.000,0.368,1.000,""
3.760,949.347,162.634,190.008,28.736,-28.672,4.480,0.008,1.000,0.000,0.004,0,0.000,0.394,1.000,""
3.780,948.771,162.719,190.008,28.687,-28.661,4.282,0.008,1.000,0.000,0.004,0,0.000,0.419,1.000,""
3.800,948.196,162.801,190.009,28.641,-28.649,4.084,0.008,1.000,0.000,0.004,0,0.000,0.442,1.000,""
3.820,947.621,162.879,190.009,28.596,-28.638,3.886,0.008,1.000,0.000,0.004,0,0.000,0.464,1.000,""
3.840,947.046,162.952,190.009,28.554,-28.626,3.688,0.008,1.000,0.000,0.004,0,0.000,0.485,1.000,""
3.860,946.471,163.022,190.009,28.514,-28.615,3.491,0.008,1.000,0.000,0.005,0,0.000,0.504,1.000,""
3.880,945.897,163.088,190.009,28.477,-28.603,3.293,0.008,1.000,0.000,0.005,0,0.000,0.522,0.999,""
3.900,945.323,163.150,190.009,28.442,-28.592,3.096,0.008,1.000,0.000,0.005,0,0.000,0.539,0.999,""
3.920,944.750,163.208,190.010,28.409,-28.580,2.899,0.008,1.000,0.000,0.005,0,0.000,0.555,0.999,""
3.940,944.177,163.262,190.010,28.379,-28.569,2.701,0.008,1.000,0.000,0.005,0,0.000,0.569,0.999,""
3.960,943.604,163.312,190.010,28.351,-28.558,2.504,0.008,1.000,0.000,0.005,0,0.000,0.582,0.998,""
3.980,943.031,163.358,190.010,28.326,-28.546,2.307,0.008,1.000,0.000,0.005,0,0.000,0.594,0.998,""
4.000,942.459,163.400,190.010,28.303,-28.535,2.110,0.008,1.000,0.000,0.005,0,0.000,0.604,0.997,""
4.020,941.886,163.438,190.010,28.283,-28.523,1.913,0.008,1.000,0.000,0.005,0,0.000,0.614,0.997,""
4.040,941.315,163.472,190.010,28.265,-28.512,1.716,0.008,1.000,0.000,0.006,0,0.000,0.622,0.996,""
4.060,940.743,163.502,190.011,28.250,-28.501,1.519,0.008,1.000,0.000,0.006,0,0.000,0.629,0.996,""
4.080,940.172,163.529,190.011,28.237,-28.489,1.322,0.008,1.000,0.000,0.006,0,0.000,0.634,0.996,""
4.100,939.601,163.551,190.011,28.226,-28.478,1.126,0.008,1.000,0.000,0.006,0,0.000,0.639,0.995,""
4.120,939.031,163.569,190.011,28.217,-28.466,0.929,0.008,1.000,0.000,0.006,0,0.000,0.642,0.995,""
4.140,938.460,163.584,190.011,28.211,-28.455,0.733,0.008,1.000,0.000,0.006,0,0.000,0.645,0.994,""
4.160,937.891,163.595,190.011,28.207,-28.444,0.536,0.008,1.000,0.000,0.006,0,0.000,0.646,0.994,""
4.180,937.321,163.601,190.012,28.205,-28.432,0.340,0.008,1.000,0.000,0.006,0,0.000,0.646,0.993,""
4.200,936.752,163.604,190.012,28.205,-28.421,0.144,0.008,1.000,0.000,0.006,0,0.000,0.645,0.993,""
4.220,936.183,163.603,190.012,28.207,-28.409,-0.052,0.008,1.000,0.000,0.007,0,0.000,0.643,0.993,""
4.240,935.614,163.598,190.012,28.211,-28.398,-0.249,0.008,1.000,0.000,0.007,0,0.000,0.641,0.992,""
4.260,935.045,163.589,190.012,28.216,-28.387,-0.445,0.008,1.000,0.000,0.007,0,0.000,0.637,0.992,""
4.280,934.477,163.576,190.012,28.223,-28.375,-0.640,0.008,1.000,0.000,0.007,0,0.000,0.632,0.992,""
4.300,933.910,163.559,190.013,28.231,-28.364,-0.836,0.008,1.000,0.000,0.007,0,0.000,0.627,0.991,""
4.320,933.342,163.538,190.013,28.241,-28.353,-1.032,0.008,1.000,0.000,0.007,0,0.000,0.620,0.991,""
4.340,932.775,163.514,190.013,28.252,-28.341,-1.228,0.008,1.000,0.000,0.007,0,0.000,0.613,0.991,""
4.360,932.208,163.485,190.013,28.264,-28.330,-1.423,0.008,1.000,0.000,0.007,0,0.000,0.605,0.991,""
4.380,931.641,163.453,190.013,28.277,-28.319,-1.619,0.008,1.000,0.000,0.007,0,0.000,0.597,0.991,""
4.400,931.075,163.417,190.013,28.291,-28.307,-1.815,0.008,1.000,0.000,0.008,0,0.000,0.587,0.991,""
4.420,930.509,163.376,190.014,28.305,-28.296,-2.010,0.008,1.000,0.000,0.008,0,0.000,0.577,0.991,""
4.440,929.943,163.332,190.014,28.320,-28.285,-2.205,0.008,1.000,0.000,0.008,0,0.000,0.567,0.991,""
4.460,929.378,163.284,190.014,28.336,-28.273,-2.400,0.008,1.000,0.000,0.008,0,0.000,0.555,0.991,""
4.480,928.812,163.232,190.014,28.351,-28.262,-2.596,0.008,1.000,0.000,0.008,0,0.000,0.543,0.991,""
4.500,928.247,163.177,190.014,28.367,-28.251,-2.791,0.008,1.000,0.000,0.008,0,0.000,0.531,0.991,""
4.520,927.683,163.117,190.014,28.383,-28.239,-2.986,0.008,1.000,0.000,0.008,0,0.000,0.518,0.991,""
4.540,927.118,163.053,190.014,28.399,-28.228,-3.181,0.008,1.000,0.000,0.008,0,0.000,0.504,0.991,""
4.560,926.554,162.986,190.015,28.415,-28.217,-3.375,0.008,1.000,0.000,0.008,0,0.000,0.491,0.991,""
4.580,925.991,162.915,190.015,28.430,-28.206,-3.570,0.008,1.000,0.000,0.008,0,0.000,0.476,0.991,""
4.600,925.427,162.839,190.015,28.444,-28.194,-3.765,0.008,1.000,0.000,0.009,0,0.000,0.462,0.991,""
4.620,924.864,162.760,190.015,28.458,-28.183,-3.960,0.008,1.000,0.000,0.009,0,0.000,0.447,0.992,""
4.640,924.301,162.677,190.015,28.472,-28.172,-4.154,0.008,1.000,0.000,0.009,0,0.000,0.431,0.992,""
4.660,923.738,162.590,190.015,28.484,-28.160,-4.349,0.008,1.000,0.000,0.009,0,0.000,0.416,0.992,""
4.680,923.176,162.499,190.016,28.495,-28.149,-4.543,0.008,1.000,0.000,0.009,0,0.000,0.400,0.992,""
4.700,922.614,162.405,190.016,28.506,-28.138,-4.737,0.008,1.000,0.000,0.009,0,0.000,0.384,0.993,""
4.720,922.052,162.306,190.016,28.515,-28.127,-4.931,0.008,1.000,0.000,0.009,0,0.000,0.367,0.993,""
4.740,921.490,162.204,190.016,28.523,-28.115,-5.126,0.008,1.000,0.000,0.009,0,0.000,0.351,0.993,""
4.760,920.929,162.097,190.016,28.529,-28.104,-5.320,0.008,1.000,0.000,0.009,0,0.000,0.334,0.993,""
4.780,920.368,161.987,190.016,28.534,-28.093,-5.514,0.008,1.000,0.000,0.009,0,0.000,0.318,0.994,""
4.800,919.807,161.873,190.017,28.538,-28.082,-5.708,0.008,1.000,0.000,0.010,0,0.000,0.301,0.994,""
4.820,919.246,161.755,190.017,28.540,-28.070,-5.901,0.008,1.000,0.000,0.010,0,0.000,0.284,0.994,""
4.840,918.686,161.633,190.017,28.540,-28.059,-6.095,0.008,1.000,0.000,0.010,0,0.000,0.267,0.995,""
4.860,918.126,161.508,190.017,28.538,-28.048,-6.289,0.008,1.000,0.000,0.010,0,0.000,0.250,0.995,""
4.880,917.566,161.378,190.017,28.535,-28.037,-6.482,0.008,1.000,0.000,0.010,0,0.000,0.234,0.995,""
4.900,917.006,161.245,190.017,28.530,-28.026,-6.676,0.008,1.000,0.000,0.010,0,0.000,0.217,0.996,""
4.920,916.447,161.107,190.018,28.523,-28.014,-6.869,0.008,1.000,0.000,0.010,0,0.000,0.200,0.996,""
4.940,915.888,160.966,190.018,28.515,-28.003,-7.063,0.008,1.000,0.000,0.010,0,0.000,0.184,0.996,""
4.960,915.329,160.821,190.018,28.504,-27.992,-7.256,0.008,1.000,0.000,0.010,0,0.000,0.167,0.996,""
4.980,914.770,160.672,190.018,28.492,-27.981,-7.449,0.008,1.000,0.000,0.010,0,0.000,0.151,0.997,""
5.000,914.212,160.520,190.018,28.477,-27.970,-7.642,0.008,1.000,0.000,0.010,0,0.000,0.135,0.997,""
5.020,913.654,160.363,190.018,28.461,-27.958,-7.836,0.008,1.000,0.000,0.011,0,0.000,0.119,0.997,""
5.040,913.096,160.202,190.018,28.443,-27.947,-8.029,0.008,1.000,0.000,0.011,0,0.000,0.103,0.998,""
5.060,912.538,160.038,190.019,28.423,-27.936,-8.221,0.008,1.000,0.000,0.011,0,0.000,0.088,0.998,""
5.080,911.980,159.870,190.019,28.401,-27.925,-8.414,0.008,1.000,0.000,0.011,0,0.000,0.073,0.998,""
5.100,911.423,159.698,190.019,28.378,-27.914,-8.607,0.008,1.000,0.000,0.011,0,0.000,0.058,0.998,""
5.120,910.866,159.522,190.019,28.352,-27.903,-8.800,0.008,1.000,0.000,0.011,0,0.000,0.043,0.998,""
5.140,910.309,159.342,190.019,28.325,-27.891,-8.992,0.008,1.000,0.000,0.011,0,0.000,0.029,0.999,""
5.160,909.753,159.158,190.019,28.297,-27.880,-9.185,0.008,1.000,0.000,0.011,0,0.000,0.015,0.999,""
5.180,909.196,158.971,190.020,28.266,-27.869,-9.377,0.008,1.000,0.000,0.011,0,0.000,0.002,0.999,""
5.200,908.640,158.780,190.020,28.234,-27.858,-9.570,0.008,1.000,0.000,0.011,0,0.000,0.013,0.999,""
5.220,908.084,158.584,190.020,28.201,-27.847,-9.762,0.008,1.000,0.000,0.011,0,0.000,0.025,0.999,""
5.240,907.529,158.385,190.020,28.166,-27.836,-9.954,0.008,1.000,0.000,0.011,0,0.000,0.038,0.999,""
5.260,906.973,158.182,190.020,28.130,-27.825,-10.146,0.008,1.000,0.000,0.011,0,0.000,0.050,1.000,""
5.280,906.418,157.976,190.020,28.092,-27.813,-10.338,0.008,1.000,0.000,0.012,0,0.000,0.062,1.000,""
5.300,905.863,157.765,190.021,28.053,-27.802,-10.530,0.008,1.000,0.000,0.012,0,0.000,0.073,1.000,""
5.320,905.308,157.551,190.021,28.013,-27.791,-10.722,0.008,1.000,0.000,0.012,0,0.000,0.085,1.000,""
5.340,904.753,157.332,190.021,27.972,-27.780,-10.914,0.008,1.000,0.000,0.012,0,0.000,0.095,1.000,""
5.360,904.199,157.110,190.021,27.930,-27.769,-11.106,0.008,1.000,0.000,0.012,0,0.000,0.105,1.000,""
5.380,903.644,156.884,190.021,27.888,-27.758,-11.298,0.008,1.000,0.000,0.012,0,0.000,0.115,1.000,""
5.400,903.090,156.655,190.021,27.844,-27.747,-11.489,0.008,1.000,0.000,0.012,0,0.000,0.124,1.000,""
5.420,902.536,156.421,190.021,27.800,-27.736,-11.681,0.008,1.000,0.000,0.012,0,0.000,0.133,1.000,""
5.440,901.983,156.184,190.022,27.755,-27.724,-11.872,0.008,1.000,0.000,0.012,0,0.000,0.142,1.000,""
5.460,901.429,155.942,190.022,27.709,-27.713,-12.064,0.008,1.000,0.000,0.012,0,0.000,0.150,1.000,""
5.480,900.876,155.697,190.022,27.663,-27.702,-12.255,0.008,1.000,0.000,0.012,0,0.000,0.157,1.000,""
5.500,900.323,155.448,190.022,27.617,-27.691,-12.446,0.008,1.000,0.000,0.012,0,0.000,0.165,1.000,""
5.520,899.770,155.195,190.022,27.571,-27.680,-12.637,0.008,1.000,0.000,0.012,0,0.000,0.171,1.000,""
5.540,899.217,154.939,190.022,27.524,-27.669,-12.828,0.008,1.000,0.000,0.012,0,0.000,0.178,1.000,""
5.560,898.665,154.679,190.023,27.478,-27.658,-13.019,0.008,1.000,0.000,0.013,0,0.000,0.183,1.000,""
5.580,898.113,154.414,190.023,27.431,-27.647,-13.210,0.008,1.000,0.000,0.013,0,0.000,0.189,1.000,""
5.600,897.561,154.146,190.023,27.385,-27.636,-13.401,0.008,1.000,0.000,0.013,0,0.000,0.194,1.000,""
5.620,897.009,153.874,190.023,27.339,-27.625,-13.592,0.008,1.000,0.000,0.013,0,0.000,0.198,1.000,""
5.640,896.457,153.599,190.023,27.293,-27.614,-13.782,0.008,1.000,0.000,0.013,0,0.000,0.202,1.000,""
5.660,895.906,153.319,190.023,27.247,-27.603,-13.973,0.008,1.000,0.000,0.013,0,0.000,0.206,1.000,""
5.680,895.354,153.036,190.023,27.202,-27.592,-14.164,0.008,1.000,0.000,0.013,0,0.000,0.209,1.000,""
5.700,894.803,152.749,190.024,27.158,-27.581,-14.354,0.008,1.000,0.000,0.013,0,0.000,0.212,1.000,""
5.720,894.252,152.458,190.024,27.114,-27.570,-14.544,0.008,1.000,0.000,0.013,0,0.000,0.215,1.000,""
5.740,893.702,152.163,190.024,27.071,-27.559,-14.735,0.008,1.000,0.000,0.013,0,0.000,0.217,0.999,""
5.760,893.151,151.865,190.024,27.028,-27.548,-14.925,0.008,1.000,0.000,0.013,0,0.000,0.218,0.999,""
5.780,892.601,151.562,190.024,26.987,-27.537,-15.115,0.008,1.000,0.000,0.013,0,0.000,0.220,0.999,""
5.800,892.051,151.256,190.024,26.946,-27.526,-15.305,0.008,1.000,0.000,0.013,0,0.000,0.220,0.999,""
5.820,891.501,150.946,190.025,26.907,-27.515,-15.495,0.008,1.000,0.000,0.013,0,0.000,0.221,0.999,""
5.840,890.951,150.633,190.025,26.868,-27.504,-15.685,0.008,1.000,0.000,0.014,0,0.000,0.221,0.999,""
5.860,890.402,150.315,190.025,26.831,-27.493,-15.875,0.008,1.000,0.000,0.014,0,0.000,0.221,0.999,""
5.880,889.852,149.994,190.025,26.794,-27.482,-16.065,0.008,1.000,0.000,0.014,0,0.000,0.220,0.999,""
5.900,889.303,149.669,190.025,26.759,-27.471,-16.254,0.008,1.000,0.000,0.014,0,0.000,0.219,0.999,""
5.920,888.754,149.340,190.025,26.725,-27.460,-16.444,0.008,1.000,0.000,0.014,0,0.000,0.218,0.999,""
5.940,888.202,149.012,190.025,26.880,-27.452,-16.378,0.008,1.000,0.000,0.014,0,0.000,0.217,0.999,"Ground_Mountain_0_4:(-0.015, 1.000, 0.000) separation=0.3857021;Ground_Mountain_0_4:(-0.015, 1.000, 0.000) separation=0.5221394;Ground_Mountain_0_4:(-0.015, 1.000, 0.000) separation=0.3857031;Ground_Mountain_0_4:(-0.015, 1.000, 0.000) separation=0.5221385;Ground_Mountain_0_4:(-0.015, 1.000, 0.000) separation=0.3856998;Ground_Mountain_0_4:(-0.015, 1.000, 0.000) separation=0.3857001;"
5.960,887.637,148.897,190.025,27.760,-27.730,-5.802,-0.034,1.000,0.000,0.014,4,45.000,1.669,1.000,"Ground_Mountain_0_4:(-0.015, 1.000, 0.000) separation=0.07713204;Ground_Mountain_0_4:(-0.015, 1.000, 0.000) separation=0.1921132;Ground_Mountain_0_4:(-0.015, 1.000, 0.000) separation=0.07713789;Ground_Mountain_0_4:(-0.015, 1.000, 0.000) separation=0.1921073;Ground_Mountain_0_4:(-0.015, 1.000, 0.000) separation=0.07713208;Ground_Mountain_0_4:(-0.015, 1.000, 0.000) separation=0.07713231;"
5.980,887.090,148.867,190.024,27.245,-27.228,-1.484,-0.055,1.000,0.000,0.013,4,45.000,11.542,1.000,"Ground_Mountain_0_4:(-0.015, 1.000, 0.000) separation=0.01543958;Ground_Mountain_0_4:(-0.015, 1.000, 0.000) separation=0.0383715;Ground_Mountain_0_4:(-0.015, 1.000, 0.000) separation=0.0154311;Ground_Mountain_0_4:(-0.015, 1.000, 0.000) separation=0.03838005;Ground_Mountain_0_4:(-0.015, 1.000, 0.000) separation=0.01543516;Ground_Mountain_0_4:(-0.015, 1.000, 0.000) separation=0.01663893;"
6.000,886.543,148.854,190.022,27.334,-27.328,-0.627,-0.081,1.000,0.000,0.014,4,33.058,2.297,1.000,"Ground_Mountain_0_4:(-0.015, 1.000, 0.000) separation=0.003064323;Ground_Mountain_0_4:(-0.015, 1.000, 0.000) separation=0.007801647;Ground_Mountain_0_4:(-0.015, 1.000, 0.000) separation=0.003157024;Ground_Mountain_0_4:(-0.015, 1.000, 0.000) separation=0.007709016;Ground_Mountain_0_4:(-0.015, 1.000, 0.000) separation=0.003112674;Ground_Mountain_0_4:(-0.015, 1.000, 0.000) separation=0.003129959;"
6.020,885.993,148.848,190.020,27.500,-27.498,-0.303,-0.102,1.000,0.000,0.014,4,26.130,0.466,1.000,"Ground_Mountain_0_4:(-0.015, 1.000, 0.000) separation=0.000629491;Ground_Mountain_0_4:(-0.015, 1.000, 0.000) separation=0.001572089;Ground_Mountain_0_4:(-0.015, 1.000, 0.000) separation=0.0006480692;Ground_Mountain_0_4:(-0.015, 1.000, 0.000) separation=0.00155365;Ground_Mountain_0_4:(-0.015, 1.000, 0.000) separation=0.0006355643;Ground_Mountain_0_4:(-0.015, 1.000, 0.000) separation=0.0006391704;"
6.040,885.439,148.847,190.018,27.664,-27.667,-0.040,-0.116,1.000,0.000,0.013,4,23.108,0.386,1.000,"Ground_Mountain_0_4:(-0.015, 1.000, 0.000) separation=0.004246709;Ground_Mountain_0_4:(-0.015, 1.000, 0.000) separation=0.002267355;Ground_Mountain_0_4:(-0.015, 1.000, 0.000) separation=0.004203896;Ground_Mountain_0_4:(-0.015, 1.000, 0.000) separation=0.002310193;Ground_Mountain_0_4:(-0.015, 1.000, 0.000) separation=0.0022856;Ground_Mountain_0_4:(-0.015, 1.000, 0.000) separation=0.002670646;"
6.060,884.882,148.851,190.015,27.828,-27.835,0.167,-0.124,1.000,0.000,0.012,4,20.290,0.314,1.000,"Ground_Mountain_0_4:(-0.015, 1.000, 0.000) separation=0.01286207;Ground_Mountain_0_4:(-0.015, 1.000, 0.000) separation=0.008672014;Ground_Mountain_0_4:(-0.015, 1.000, 0.000) separation=0.01276506;Ground_Mountain_0_4:(-0.015, 1.000, 0.000) separation=0.008769092;Ground_Mountain_0_4:(-0.015, 1.000, 0.000) separation=0.008701712;Ground_Mountain_0_4:(-0.015, 1.000, 0.000) separation=0.008719802;"
6.080,884.322,148.857,190.013,27.991,-28.001,0.322,-0.126,1.000,0.000,0.010,4,17.706,0.251,1.000,"Ground_Mountain_0_4:(-0.015, 1.000, 0.000) separation=0.02532893;Ground_Mountain_0_4:(-0.015, 1.000, 0.000) separation=0.01956043;Ground_Mountain_0_4:(-0.015, 1.000, 0.000) separation=0.02519585;Ground_Mountain_0_4:(-0.015, 1.000, 0.000) separation=0.01969359;Ground_Mountain_0_4:(-0.015, 1.000, 0.000) separation=0.01962885;Ground_Mountain_0_4:(-0.015, 1.000, 0.000) separation=0.01965427;"
6.100,883.759,148.866,190.010,28.153,-28.165,0.431,-0.122,1.000,0.000,0.008,4,15.378,0.196,1.000,"Ground_Mountain_0_4:(-0.015, 1.000, 0.000) separation=0.04073266;Ground_Mountain_0_4:(-0.015, 1.000, 0.000) separation=0.03387681;Ground_Mountain_0_4:(-0.015, 1.000, 0.000) separation=0.04057121;Ground_Mountain_0_4:(-0.015, 1.000, 0.000) separation=0.03403822;Ground_Mountain_0_4:(-0.015, 1.000, 0.000) separation=0.03395653;Ground_Mountain_0_4:(-0.015, 1.000, 0.000) separation=0.03436989;"
6.120,883.192,148.876,190.008,28.314,-28.328,0.498,-0.114,1.000,0.000,0.006,4,13.318,0.148,1.000,"Ground_Mountain_0_4:(-0.015, 1.000, 0.000) separation=0.05811391;Ground_Mountain_0_4:(-0.015, 1.000, 0.000) separation=0.0506036;Ground_Mountain_0_4:(-0.015, 1.000, 0.000) separation=0.05792227;Ground_Mountain_0_4:(-0.015, 1.000, 0.000) separation=0.05079513;Ground_Mountain_0_4:(-0.015, 1.000, 0.000) separation=0.05061987;Ground_Mountain_0_4:(-0.015, 1.000, 0.000) separation=0.05069566;"
6.140,882.622,148.886,190.006,28.474,-28.489,0.529,-0.102,1.000,0.000,0.005,4,11.528,0.108,1.000,"Ground_Mountain_0_4:(-0.015, 1.000, 0.000) separation=0.07671178;Ground_Mountain_0_4:(-0.015, 1.000, 0.000) separation=0.06889184;Ground_Mountain_0_4:(-0.015, 1.000, 0.000) separation=0.07650592;Ground_Mountain_0_4:(-0.015, 1.000, 0.000) separation=0.06909768;Ground_Mountain_0_4:(-0.015, 1.000, 0.000) separation=0.0689933;Ground_Mountain_0_4:(-0.015, 1.000, 0.000) separation=0.0689967;"
6.160,882.050,148.897,190.004,28.634,-28.648,0.531,-0.088,1.000,0.000,0.003,4,10.006,0.074,1.000,"Ground_Mountain_0_4:(-0.015, 1.000, 0.000) separation=0.09585865;Ground_Mountain_0_4:(-0.015, 1.000, 0.000) separation=0.08801995;Ground_Mountain_0_4:(-0.015, 1.000, 0.000) separation=0.09564364;Ground_Mountain_0_4:(-0.015, 1.000, 0.000) separation=0.08823495;Ground_Mountain_0_4:(-0.015, 1.000, 0.000) separation=0.08812684;Ground_Mountain_0_4:(-0.015, 1.000, 0.000) separation=0.0882079;"
6.180,881.473,148.907,190.003,28.792,-28.806,0.507,-0.073,1.000,0.000,0.001,4,8.743,0.046,1.000,"Ground_Mountain_0_4:(-0.015, 1.000, 0.000) separation=0.1149822;Ground_Mountain_0_4:(-0.015, 1.000, 0.000) separation=0.107324;Ground_Mountain_0_4:(-0.015, 1.000, 0.000) separation=0.114764;Ground_Mountain_0_4:(-0.015, 1.000, 0.000) separation=0.1075422;Ground_Mountain_0_4:(-0.015, 1.000, 0.000) separation=0.1074326;Ground_Mountain_0_4:(-0.015, 1.000, 0.000) separation=0.1087786;"
6.200,880.894,148.916,190.002,28.949,-28.962,0.462,-0.058,1.000,0.000,0.000,4,7.726,0.023,1.000,"Ground_Mountain_0_4:(-0.015, 1.000, 0.000) separation=0.1335881;Ground_Mountain_0_4:(-0.015, 1.000, 0.000) separation=0.1262683;Ground_Mountain_0_4:(-0.015, 1.000, 0.000) separation=0.1333674;Ground_Mountain_0_4:(-0.015, 1.000, 0.000) separation=0.126489;Ground_Mountain_0_4:(-0.015, 1.000, 0.000) separation=0.1263317;Ground_Mountain_0_4:(-0.015, 1.000, 0.000) separation=0.1263782;"
6.220,880.312,148.924,190.001,29.105,-29.117,0.402,-0.043,1.000,0.000,-0.001,4,6.937,0.005,1.000,"Ground_Mountain_0_4:(-0.015, 1.000, 0.000) separation=0.1512746;Ground_Mountain_0_4:(-0.015, 1.000, 0.000) separation=0.1444277;Ground_Mountain_0_4:(-0.015, 1.000, 0.000) separation=0.1510632;Ground_Mountain_0_4:(-0.015, 1.000, 0.000) separation=0.1446391;Ground_Mountain_0_4:(-0.015, 1.000, 0.000) separation=0.1445331;Ground_Mountain_0_4:(-0.015, 1.000, 0.000) separation=0.144573;"
6.240,879.727,148.931,190.000,29.261,-29.271,0.330,-0.030,1.000,0.000,-0.002,4,6.357,0.009,1.000,"Ground_Mountain_0_4:(-0.015, 1.000, 0.000) separation=0.1678092;Ground_Mountain_0_4:(-0.015, 1.000, 0.000) separation=0.1614764;Ground_Mountain_0_4:(-0.015, 1.000, 0.000) separation=0.1676023;Ground_Mountain_0_4:(-0.015, 1.000, 0.000) separation=0.1616833;Ground_Mountain_0_4:(-0.015, 1.000, 0.000) separation=0.1615768;Ground_Mountain_0_4:(-0.015, 1.000, 0.000) separation=0.1620204;"
6.260,879.138,148.936,190.000,29.415,-29.423,0.251,-0.018,1.000,0.000,-0.002,4,5.964,0.020,1.000,"Ground_Mountain_0_4:(-0.015, 1.000, 0.000) separation=0.1829069;Ground_Mountain_0_4:(-0.015, 1.000, 0.000) separation=0.177137;Ground_Mountain_0_4:(-0.015, 1.000, 0.000) separation=0.1827162;Ground_Mountain_0_4:(-0.015, 1.000, 0.000) separation=0.1773278;Ground_Mountain_0_4:(-0.015, 1.000, 0.000) separation=0.1771587;Ground_Mountain_0_4:(-0.015, 1.000, 0.000) separation=0.1772323;"
6.280,878.547,148.939,190.000,29.568,-29.575,0.167,-0.008,1.000,0.000,-0.002,4,5.737,0.027,1.000,"Ground_Mountain_0_4:(-0.015, 1.000, 0.000) separation=0.1964509;Ground_Mountain_0_4:(-0.015, 1.000, 0.000) separation=0.1912828;Ground_Mountain_0_4:(-0.015, 1.000, 0.000) separation=0.1962712;Ground_Mountain_0_4:(-0.015, 1.000, 0.000) separation=0.1914625;Ground_Mountain_0_4:(-0.015, 1.000, 0.000) separation=0.1913458;Ground_Mountain_0_4:(-0.015, 1.000, 0.000) separation=0.1913726;"
6.300,877.953,148.941,190.000,29.720,-29.725,0.081,0.000,1.000,0.000,-0.002,4,5.652,0.032,1.000,"Ground_Mountain_0_4:(-0.015, 1.000, 0.000) separation=0.2083596;Ground_Mountain_0_4:(-0.015, 1.000, 0.000) separation=0.2037814;Ground_Mountain_0_4:(-0.015, 1.000, 0.000) separation=0.2081912;Ground_Mountain_0_4:(-0.015, 1.000, 0.000) separation=0.2039498;Ground_Mountain_0_4:(-0.015, 1.000, 0.000) separation=0.2038654;Ground_Mountain_0_4:(-0.015, 1.000, 0.000) separation=0.2039374;"
6.320,877.355,148.941,190.000,29.871,-29.875,-0.003,0.005,1.000,0.000,-0.002,4,5.687,0.035,1.000,"Ground_Mountain_0_4:(-0.015, 1.000, 0.000) separation=0.2186264;Ground_Mountain_0_4:(-0.015, 1.000, 0.000) separation=0.2146012;Ground_Mountain_0_4:(-0.015, 1.000, 0.000) separation=0.218464;Ground_Mountain_0_4:(-0.015, 1.000, 0.000) separation=0.2147637;Ground_Mountain_0_4:(-0.015, 1.000, 0.000) separation=0.2146796;Ground_Mountain_0_4:(-0.015, 1.000, 0.000) separation=0.2155654;"
6.340,876.755,148.939,190.000,30.021,-30.023,-0.086,0.009,1.000,0.000,-0.002,4,5.822,0.037,1.000,"Ground_Mountain_0_4:(-0.015, 1.000, 0.000) separation=0.2272387;Ground_Mountain_0_4:(-0.015, 1.000, 0.000) separation=0.2237686;Ground_Mountain_0_4:(-0.015, 1.000, 0.000) separation=0.2270988;Ground_Mountain_0_4:(-0.015, 1.000, 0.000) separation=0.2239085;Ground_Mountain_0_4:(-0.015, 1.000, 0.000) separation=0.2238183;Ground_Mountain_0_4:(-0.015, 1.000, 0.000) separation=0.2238357;"
6.360,876.151,148.936,190.000,30.168,-30.169,-0.163,0.012,0.990,0.000,-0.002,4,6.036,0.037,1.000,"Ground_Mountain_0_4:(-0.015, 1.000, 0.000) separation=0.234272;Ground_Mountain_0_4:(-0.015, 1.000, 0.000) separation=0.2313144;Ground_Mountain_0_4:(-0.015, 1.000, 0.000) separation=0.2341436;Ground_Mountain_0_4:(-0.015, 1.000, 0.000) separation=0.2314428;Ground_Mountain_0_4:(-0.015, 1.000, 0.000) separation=0.2313758;Ground_Mountain_0_4:(-0.015, 1.000, 0.000) separation=0.2314138;"
6.380,875.545,148.931,190.000,30.303,-30.303,-0.235,0.013,0.916,0.000,-0.001,4,6.310,0.036,1.000,"Ground_Mountain_0_4:(-0.015, 1.000, 0.000) separation=0.2398459;Ground_Mountain_0_4:(-0.015, 1.000, 0.000) separation=0.2373448;Ground_Mountain_0_4:(-0.015, 1.000, 0.000) separation=0.239729;Ground_Mountain_0_4:(-0.015, 1.000, 0.000) separation=0.2374617;Ground_Mountain_0_4:(-0.015, 1.000, 0.000) separation=0.2374004;Ground_Mountain_0_4:(-0.015, 1.000, 0.000) separation=0.2377555;"
6.400,874.937,148.925,190.001,30.426,-30.425,-0.301,0.013,0.849,0.000,-0.001,4,6.627,0.034,1.000,"Ground_Mountain_0_4:(-0.015, 1.000, 0.000) separation=0.2439997;Ground_Mountain_0_4:(-0.015, 1.000, 0.000) separation=0.2419333;Ground_Mountain_0_4:(-0.015, 1.000, 0.000) separation=0.2438997;Ground_Mountain_0_4:(-0.015, 1.000, 0.000) separation=0.2420333;Ground_Mountain_0_4:(-0.015, 1.000, 0.000) separation=0.2419572;Ground_Mountain_0_4:(-0.015, 1.000, 0.000) separation=0.2419833;"
6.420,874.326,148.918,190.001,30.539,-30.537,-0.359,0.012,0.787,0.000,0.000,4,6.972,0.032,1.000,"Ground_Mountain_0_4:(-0.015, 1.000, 0.000) separation=0.2469174;Ground_Mountain_0_4:(-0.015, 1.000, 0.000) separation=0.2452323;Ground_Mountain_0_4:(-0.015, 1.000, 0.000) separation=0.2468287;Ground_Mountain_0_4:(-0.015, 1.000, 0.000) separation=0.2453211;Ground_Mountain_0_4:(-0.015, 1.000, 0.000) separation=0.2452767;Ground_Mountain_0_4:(-0.015, 1.000, 0.000) separation=0.2452907;"
6.440,873.713,148.910,190.001,30.643,-30.640,-0.411,0.010,0.730,0.000,0.000,4,7.331,0.030,1.000,"Ground_Mountain_0_4:(-0.015, 1.000, 0.000) separation=0.2487017;Ground_Mountain_0_4:(-0.015, 1.000, 0.000) separation=0.2473449;Ground_Mountain_0_4:(-0.015, 1.000, 0.000) separation=0.2486242;Ground_Mountain_0_4:(-0.015, 1.000, 0.000) separation=0.2474225;Ground_Mountain_0_4:(-0.015, 1.000, 0.000) separation=0.2473837;Ground_Mountain_0_4:(-0.015, 1.000, 0.000) separation=0.2474855;"
6.460,873.099,148.901,190.001,30.738,-30.735,-0.454,0.008,0.679,0.000,0.000,4,7.693,0.027,1.000,"Ground_Mountain_0_4:(-0.015, 1.000, 0.000) separation=0.2495671;Ground_Mountain_0_4:(-0.015, 1.000, 0.000) separation=0.2485036;Ground_Mountain_0_4:(-0.015, 1.000, 0.000) separation=0.2495007;Ground_Mountain_0_4:(-0.015, 1.000, 0.000) separation=0.24857;Ground_Mountain_0_4:(-0.015, 1.000, 0.000) separation=0.2485117;Ground_Mountain_0_4:(-0.015, 1.000, 0.000) separation=0.2485367;"
6.480,872.482,148.891,190.001,30.825,-30.822,-0.491,0.006,0.631,0.000,0.000,4,8.048,0.024,1.000,"Ground_Mountain_0_4:(-0.015, 1.000, 0.000) separation=0.2495787;Ground_Mountain_0_4:(-0.015, 1.000, 0.000) separation=0.2487884;Ground_Mountain_0_4:(-0.015, 1.000, 0.000) separation=0.2495234;Ground_Mountain_0_4:(-0.015, 1.000, 0.000) separation=0.2488437;Ground_Mountain_0_4:(-0.015, 1.000, 0.000) separation=0.2488097;Ground_Mountain_0_4:(-0.015, 1.000, 0.000) separation=0.248816;"
6.500,871.864,148.881,190.001,30.906,-30.902,-0.520,0.005,0.587,0.000,0.000,4,8.387,0.021,1.000,"Ground_Mountain_0_4:(-0.015, 1.000, 0.000) separation=0.2489049;Ground_Mountain_0_4:(-0.015, 1.000, 0.000) separation=0.2483228;Ground_Mountain_0_4:(-0.015, 1.000, 0.000) separation=0.2488606;Ground_Mountain_0_4:(-0.015, 1.000, 0.000) separation=0.2483671;Ground_Mountain_0_4:(-0.015, 1.000, 0.000) separation=0.2483449;Ground_Mountain_0_4:(-0.015, 1.000, 0.000) separation=0.2483658;"
6.520,871.245,148.870,190.002,30.980,-30.975,-0.544,0.003,0.547,0.000,0.000,4,8.706,0.019,1.000,"Ground_Mountain_0_4:(-0.015, 1.000, 0.000) separation=0.2476869;Ground_Mountain_0_4:(-0.015, 1.000, 0.000) separation=0.2472792;Ground_Mountain_0_4:(-0.015, 1.000, 0.000) separation=0.2476537;Ground_Mountain_0_4:(-0.015, 1.000, 0.000) separation=0.2473124;Ground_Mountain_0_4:(-0.015, 1.000, 0.000) separation=0.2472798;Ground_Mountain_0_4:(-0.015, 1.000, 0.000) separation=0.2472832;"
6.540,870.624,148.858,190.002,31.048,-31.043,-0.561,0.001,0.510,0.000,0.000,4,9.000,0.016,1.000,"Ground_Mountain_0_4:(-0.015, 1.000, 0.000) separation=0.2460221;Ground_Mountain_0_4:(-0.015, 1.000, 0.000) separation=0.2457761;Ground_Mountain_0_4:(-0.015, 1.000, 0.000) separation=0.2459945;Ground_Mountain_0_4:(-0.015, 1.000, 0.000) separation=0.2458037;Ground_Mountain_0_4:(-0.015, 1.000, 0.000) separation=0.2457908;Ground_Mountain_0_4:(-0.015, 1.000, 0.000) separation=0.2457926;"
6.560,870.002,148.847,190.002,31.110,-31.105,-0.573,0.000,0.476,0.000,0.000,4,9.265,0.014,1.000,"Ground_Mountain_0_4:(-0.015, 1.000, 0.000) separation=0.2440635;Ground_Mountain_0_4:(-0.015, 1.000, 0.000) separation=0.2439338;Ground_Mountain_0_4:(-0.015, 1.000, 0.000) separation=0.2440414;Ground_Mountain_0_4:(-0.015, 1.000, 0.000) separation=0.243956;Ground_Mountain_0_4:(-0.015, 1.000, 0.000) separation=0.2439448;Ground_Mountain_0_4:(-0.015, 1.000, 0.000) separation=0.2439531;"
6.580,869.379,148.835,190.002,31.168,-31.163,-0.580,-0.002,0.445,0.000,0.000,4,9.498,0.012,1.000,"Ground_Mountain_0_4:(-0.015, 1.000, 0.000) separation=0.2418994;Ground_Mountain_0_4:(-0.015, 1.000, 0.000) separation=0.2418649;Ground_Mountain_0_4:(-0.015, 1.000, 0.000) separation=0.2418828;Ground_Mountain_0_4:(-0.015, 1.000, 0.000) separation=0.2418815;Ground_Mountain_0_4:(-0.015, 1.000, 0.000) separation=0.2418703;Ground_Mountain_0_4:(-0.015, 1.000, 0.000) separation=0.2418737;"
6.600,868.754,148.824,190.001,31.221,-31.216,-0.582,-0.003,0.416,0.000,0.000,4,9.701,0.010,1.000,"Ground_Mountain_0_4:(-0.015, 1.000, 0.000) separation=0.2396137;Ground_Mountain_0_4:(-0.015, 1.000, 0.000) separation=0.2396564;Ground_Mountain_0_4:(-0.015, 1.000, 0.000) separation=0.2396026;Ground_Mountain_0_4:(-0.015, 1.000, 0.000) separation=0.2396675;Ground_Mountain_0_4:(-0.015, 1.000, 0.000) separation=0.2396038;Ground_Mountain_0_4:(-0.015, 1.000, 0.000) separation=0.2396081;"
6.620,868.129,148.812,190.001,31.270,-31.265,-0.582,-0.004,0.389,0.000,0.000,4,9.872,0.008,1.000,"Ground_Mountain_0_4:(-0.015, 1.000, 0.000) separation=0.2372953;Ground_Mountain_0_4:(-0.015, 1.000, 0.000) separation=0.2374121;Ground_Mountain_0_4:(-0.015, 1.000, 0.000) separation=0.2372898;Ground_Mountain_0_4:(-0.015, 1.000, 0.000) separation=0.2374177;Ground_Mountain_0_4:(-0.015, 1.000, 0.000) separation=0.2372898;Ground_Mountain_0_4:(-0.015, 1.000, 0.000) separation=0.2372902;"
6.640,867.503,148.801,190.001,31.315,-31.310,-0.578,-0.005,0.365,0.000,0.001,4,10.013,0.006,1.000,"Ground_Mountain_0_4:(-0.015, 1.000, 0.000) separation=0.2350243;Ground_Mountain_0_4:(-0.015, 1.000, 0.000) separation=0.2351622;Ground_Mountain_0_4:(-0.015, 1.000, 0.000) separation=0.2350188;Ground_Mountain_0_4:(-0.015, 1.000, 0.000) separation=0.2351678;Ground_Mountain_0_4:(-0.015, 1.000, 0.000) separation=0.2350243;Ground_Mountain_0_4:(-0.015, 1.000, 0.000) separation=0.2350243;"
6.660,866.876,148.789,190.001,31.357,-31.352,-0.573,-0.006,0.342,0.000,0.001,4,10.124,0.005,1.000,"Ground_Mountain_0_4:(-0.015, 1.000, 0.000) separation=0.2328296;Ground_Mountain_0_4:(-0.015, 1.000, 0.000) separation=0.2330036;Ground_Mountain_0_4:(-0.015, 1.000, 0.000) separation=0.2328295;Ground_Mountain_0_4:(-0.015, 1.000, 0.000) separation=0.2330036;Ground_Mountain_0_4:(-0.015, 1.000, 0.000) separation=0.2328295;Ground_Mountain_0_4:(-0.015, 1.000, 0.000) separation=0.2328296;"
6.680,866.248,148.778,190.001,31.396,-31.391,-0.565,-0.006,0.321,0.000,0.000,4,10.208,0.004,1.000,"Ground_Mountain_0_4:(-0.015, 1.000, 0.000) separation=0.2307822;Ground_Mountain_0_4:(-0.015, 1.000, 0.000) separation=0.2309762;Ground_Mountain_0_4:(-0.015, 1.000, 0.000) separation=0.2307821;Ground_Mountain_0_4:(-0.015, 1.000, 0.000) separation=0.2309763;Ground_Mountain_0_4:(-0.015, 1.000, 0.000) separation=0.2307821;Ground_Mountain_0_4:(-0.015, 1.000, 0.000) separation=0.2307822;"
6.700,865.619,148.767,190.001,31.431,-31.426,-0.557,-0.007,0.302,0.000,0.000,4,10.267,0.003,1.000,"Ground_Mountain_0_4:(-0.015, 1.000, 0.000) separation=0.2288906;Ground_Mountain_0_4:(-0.015, 1.000, 0.000) separation=0.2290933;Ground_Mountain_0_4:(-0.015, 1.000, 0.000) separation=0.2288961;Ground_Mountain_0_4:(-0.015, 1.000, 0.000) separation=0.2290878;Ground_Mountain_0_4:(-0.015, 1.000, 0.000) separation=0.2288918;Ground_Mountain_0_4:(-0.015, 1.000, 0.000) separation=0.2288961;"
6.720,864.990,148.756,190.001,31.464,-31.459,-0.547,-0.007,0.284,0.000,0.000,4,10.305,0.002,1.000,"Ground_Mountain_0_4:(-0.015, 1.000, 0.000) separation=0.2271788;Ground_Mountain_0_4:(-0.015, 1.000, 0.000) separation=0.2273579;Ground_Mountain_0_4:(-0.015, 1.000, 0.000) separation=0.2271843;Ground_Mountain_0_4:(-0.015, 1.000, 0.000) separation=0.2273524;Ground_Mountain_0_4:(-0.015, 1.000, 0.000) separation=0.2271788;Ground_Mountain_0_4:(-0.015, 1.000, 0.000) separation=0.2271909;"
6.740,864.360,148.745,190.001,31.494,-31.490,-0.537,-0.007,0.268,0.000,0.000,4,10.322,0.001,1.000,"Ground_Mountain_0_4:(-0.109, 0.994, 0.000) separation=0.2268476;Ground_Mountain_0_4:(-0.109, 0.994, 0.000) separation=0.2415053;Ground_Mountain_0_4:(-0.109, 0.994, 0.000) separation=0.2268531;Ground_Mountain_0_4:(-0.109, 0.994, 0.000) separation=0.2415331;Ground_Mountain_0_4:(-0.109, 0.994, 0.000) separation=0.2248416;Ground_Mountain_0_4:(-0.109, 0.994, 0.000) separation=0.2248416;Ground_Mountain_0_4:(-0.015, 1.000, 0.000) separation=0.2256766;Ground_Mountain_0_4:(-0.015, 1.000, 0.000) separation=0.2258478;Ground_Mountain_0_4:(-0.015, 1.000, 0.000) separation=0.2256821;Ground_Mountain_0_4:(-0.015, 1.000, 0.000) separation=0.2258423;Ground_Mountain_0_4:(-0.015, 1.000, 0.000) separation=0.2256765;Ground_Mountain_0_4:(-0.015, 1.000, 0.000) separation=0.2256778;"
6.760,863.730,148.734,190.001,31.522,-31.517,-0.557,-0.007,0.253,0.000,0.000,4,8.921,1.035,1.000,"Ground_Mountain_0_4:(-0.109, 0.994, 0.000) separation=0.2254985;Ground_Mountain_0_4:(-0.109, 0.994, 0.000) separation=0.2993981;Ground_Mountain_0_4:(-0.109, 0.994, 0.000) separation=0.2255041;Ground_Mountain_0_4:(-0.109, 0.994, 0.000) separation=0.2994258;Ground_Mountain_0_4:(-0.109, 0.994, 0.000) separation=0.2235049;Ground_Mountain_0_4:(-0.109, 0.994, 0.000) separation=0.2944127;Ground_Mountain_0_4:(-0.015, 1.000, 0.000) separation=0.2243818;Ground_Mountain_0_4:(-0.015, 1.000, 0.000) separation=0.2245051;Ground_Mountain_0_4:(-0.015, 1.000, 0.000) separation=0.2243873;Ground_Mountain_0_4:(-0.015, 1.000, 0.000) separation=0.2244995;Ground_Mountain_0_4:(-0.015, 1.000, 0.000) separation=0.2243818;Ground_Mountain_0_4:(-0.015, 1.000, 0.000) separation=0.2243818;"
6.780,863.098,148.722,190.000,31.548,-31.542,-0.615,-0.007,0.239,0.000,0.000,4,7.032,0.754,1.000,"Ground_Mountain_0_4:(-0.116, 0.993, -0.007) separation=0.2239879;Ground_Mountain_0_4:(-0.116, 0.993, -0.007) separation=0.3609163;Ground_Mountain_0_4:(-0.116, 0.993, -0.007) separation=0.2239935;Ground_Mountain_0_4:(-0.116, 0.993, -0.007) separation=0.3559629;Ground_Mountain_0_4:(-0.116, 0.993, -0.007) separation=0.2220497;Ground_Mountain_0_4:(-0.116, 0.993, -0.007) separation=0.2220497;Ground_Mountain_0_4:(-0.015, 1.000, 0.000) separation=0.2237447;Ground_Mountain_0_4:(-0.015, 1.000, 0.000) separation=0.2230195;Ground_Mountain_0_4:(-0.015, 1.000, 0.000) separation=0.2237505;Ground_Mountain_0_4:(-0.015, 1.000, 0.000) separation=0.223014;Ground_Mountain_0_4:(-0.015, 1.000, 0.000) separation=0.2230195;Ground_Mountain_0_4:(-0.015, 1.000, 0.000) separation=0.2235997;"
6.800,862.466,148.707,190.000,31.573,-31.565,-0.723,-0.007,0.226,0.000,0.000,2,4.587,1.354,1.000,"Ground_Mountain_0_4:(-0.116, 0.993, -0.008) separation=0.2235293;Ground_Mountain_0_4:(-0.116, 0.993, -0.008) separation=0.4423563;Ground_Mountain_0_4:(-0.116, 0.993, -0.008) separation=0.2235404;Ground_Mountain_0_4:(-0.116, 0.993, -0.008) separation=0.4073824;Ground_Mountain_0_4:(-0.116, 0.993, -0.008) separation=0.2216838;Ground_Mountain_0_4:(-0.116, 0.993, -0.008) separation=0.2902085;Ground_Mountain_0_4:(-0.016, 1.000, 0.000) separation=0.2234374;Ground_Mountain_0_4:(-0.016, 1.000, 0.000) separation=0.4183488;Ground_Mountain_0_4:(-0.016, 1.000, 0.000) separation=0.2234495;Ground_Mountain_0_4:(-0.016, 1.000, 0.000) separation=0.4056921;Ground_Mountain_0_4:(-0.016, 1.000, 0.000) separation=0.2226028;Ground_Mountain_0_4:(-0.016, 1.000, 0.000) separation=0.2226065;"
6.820,861.833,148.689,190.000,31.597,-31.585,-0.877,-0.007,0.213,0.000,0.000,2,2.266,0.650,1.000,"Ground_Mountain_0_4:(-0.143, 0.990, -0.007) separation=0.2553232;Ground_Mountain_0_4:(-0.143, 0.990, -0.007) separation=0.5562462;Ground_Mountain_0_4:(-0.143, 0.990, -0.007) separation=0.255298;Ground_Mountain_0_4:(-0.143, 0.990, -0.007) separation=0.5245491;Ground_Mountain_0_4:(-0.143, 0.990, -0.007) separation=0.2553133;Ground_Mountain_0_4:(-0.143, 0.990, -0.007) separation=0.2553178;Ground_Mountain_0_4:(-0.022, 1.000, 0.000) separation=0.4005859;Ground_Mountain_0_4:(-0.022, 1.000, 0.000) separation=0.5151082;Ground_Mountain_0_4:(-0.022, 1.000, 0.000) separation=0.4005804;Ground_Mountain_0_4:(-0.022, 1.000, 0.000) separation=0.5341721;"
6.840,861.199,148.668,190.000,31.620,-31.602,-1.071,-0.008,0.202,0.000,0.000,2,0.253,0.240,0.999,"Ground_Mountain_0_4:(-0.143, 0.990, 0.000) separation=0.3127297;Ground_Mountain_0_4:(-0.143, 0.990, 0.000) separation=0.6344424;Ground_Mountain_0_4:(-0.143, 0.990, 0.000) separation=0.312709;Ground_Mountain_0_4:(-0.143, 0.990, 0.000) separation=0.6344694;Ground_Mountain_0_4:(-0.143, 0.990, 0.000) separation=0.3127207;Ground_Mountain_0_4:(-0.143, 0.990, 0.000) separation=0.3394168;Ground_Mountain_0_4:(-0.027, 1.000, 0.000) separation=0.3978165;Ground_Mountain_0_4:(-0.027, 1.000, 0.000) separation=0.3978109;Ground_Mountain_0_4:(-0.027, 1.000, 0.000) separation=0.5341164;"
6.860,860.566,148.643,190.000,31.615,-31.589,-1.266,-0.008,0.190,0.000,0.001,0,0.000,0.418,0.999,"Ground_Mountain_0_4:(-0.141, 0.990, -0.015) separation=0.3665366;Ground_Mountain_0_4:(-0.141, 0.990, -0.015) separation=0.4336392;Ground_Mountain_0_4:(-0.141, 0.990, -0.015) separation=0.3793826;Ground_Mountain_0_4:(-0.141, 0.990, -0.015) separation=0.5389577;Ground_Mountain_0_4:(-0.141, 0.990, -0.015) separation=0.3665224;Ground_Mountain_0_4:(-0.141, 0.990, -0.015) separation=0.3665286;Ground_Mountain_0_4:(-0.033, 0.999, 0.000) separation=0.3978851;Ground_Mountain_0_4:(-0.033, 0.999, 0.000) separation=0.3978796;Ground_Mountain_0_4:(-0.033, 0.999, 0.000) separation=0.5302982;"
6.880,859.933,148.613,190.000,31.610,-31.577,-1.462,-0.008,0.193,0.000,0.001,0,0.000,0.428,0.999,"Ground_Mountain_0_4:(-0.211, 0.978, 0.000) separation=0.4351143;Ground_Mountain_0_4:(-0.211, 0.978, 0.000) separation=0.4351212;Ground_Mountain_0_4:(-0.211, 0.978, 0.000) separation=0.5372884;Ground_Mountain_0_4:(-0.211, 0.978, 0.000) separation=0.4351461;Ground_Mountain_0_4:(-0.038, 0.999, 0.000) separation=0.4593906;Ground_Mountain_0_4:(-0.038, 0.999, 0.000) separation=0.4418149;"
6.900,859.300,148.580,189.999,31.607,-31.564,-1.657,-0.008,0.195,0.000,0.000,0,0.000,0.438,0.999,"Ground_Mountain_0_4:(-0.211, 0.977, -0.015) separation=0.5453458;Ground_Mountain_0_4:(-0.211, 0.977, -0.015) separation=0.545315;Ground_Mountain_0_4:(-0.211, 0.977, -0.015) separation=0.5770273;Ground_Mountain_0_4:(-0.298, 0.945, -0.138) separation=0.3689666;"
6.920,858.668,148.543,189.999,31.605,-31.552,-1.853,-0.008,0.196,0.000,0.001,0,0.000,0.446,0.999,"Ground_Mountain_0_4:(-0.211, 0.978, 0.000) separation=0.6514689;Ground_Mountain_0_4:(-0.211, 0.978, 0.000) separation=0.6514391;"
6.940,858.036,148.502,189.999,31.604,-31.539,-2.048,-0.008,0.197,0.000,0.000,0,0.000,0.454,0.998,""
6.960,857.404,148.457,189.999,31.604,-31.526,-2.244,-0.008,0.198,0.000,0.001,0,0.000,0.460,0.998,""
6.980,856.773,148.408,189.999,31.605,-31.514,-2.439,-0.008,0.198,0.000,0.001,0,0.000,0.466,0.998,""
7.000,856.142,148.355,189.999,31.608,-31.501,-2.634,-0.008,0.197,0.000,0.001,0,0.000,0.471,0.998,""
7.020,855.511,148.299,189.999,31.610,-31.489,-2.829,-0.008,0.196,0.000,0.000,0,0.000,0.474,0.997,""
7.040,854.881,148.238,189.998,31.614,-31.476,-3.024,-0.008,0.195,0.000,0.001,0,0.000,0.477,0.997,""
7.060,854.251,148.174,189.998,31.619,-31.463,-3.219,-0.008,0.193,0.000,0.001,0,0.000,0.480,0.997,""
7.080,853.621,148.105,189.998,31.624,-31.451,-3.414,-0.008,0.191,0.000,0.001,0,0.000,0.481,0.997,""
7.100,852.991,148.033,189.998,31.630,-31.438,-3.609,-0.008,0.188,0.000,0.001,0,0.000,0.482,0.996,""
7.120,852.362,147.957,189.998,31.637,-31.426,-3.803,-0.008,0.185,0.000,0.001,0,0.000,0.482,0.996,""
7.140,851.733,147.877,189.998,31.644,-31.413,-3.998,-0.008,0.182,0.000,0.001,0,0.000,0.481,0.996,"Ground_Mountain_0_4:(-0.014, 1.000, 0.000) separation=0.649536;Ground_Mountain_0_4:(-0.014, 1.000, 0.000) separation=0.5812538;Ground_Mountain_0_4:(-0.014, 1.000, 0.000) separation=0.6446568;Ground_Mountain_0_4:(-0.014, 1.000, 0.000) separation=0.5812366;Ground_Mountain_0_4:(0.000, 0.960, -0.280) separation=0.4035233;Ground_Mountain_0_4:(-0.014, 1.000, 0.000) separation=0.5866865;Ground_Mountain_0_4:(0.000, 0.960, -0.280) separation=0.6188697;"
7.160,851.104,147.793,189.997,31.652,-31.400,-4.192,-0.008,0.178,0.000,0.001,0,0.000,0.479,0.996,"Ground_Mountain_0_4:(-0.015, 1.000, 0.000) separation=0.624791;Ground_Mountain_0_4:(-0.015, 1.000, 0.000) separation=0.4985297;Ground_Mountain_0_4:(-0.015, 1.000, 0.000) separation=0.6198414;Ground_Mountain_0_4:(-0.015, 1.000, 0.000) separation=0.4985148;Ground_Mountain_0_4:(0.000, 0.960, -0.280) separation=0.3241662;Ground_Mountain_0_4:(-0.015, 1.000, 0.000) separation=0.5602353;Ground_Mountain_0_4:(0.000, 0.960, -0.280) separation=0.5950488;"
7.180,850.476,147.705,189.997,31.660,-31.388,-4.387,-0.008,0.174,0.000,0.001,0,0.000,0.477,0.996,"Ground_Mountain_0_4:(0.000, 0.960, -0.280) separation=0.5702288;Ground_Mountain_0_4:(0.000, 0.960, -0.280) separation=0.6524744;Ground_Mountain_0_4:(0.000, 0.960, -0.280) separation=0.3959596;Ground_Mountain_0_4:(0.000, 0.960, -0.280) separation=0.6030885;Ground_Mountain_0_4:(0.000, 0.960, -0.280) separation=0.6509732;Ground_Mountain_0_4:(0.000, 0.960, -0.280) separation=0.5702289;Ground_Mountain_0_4:(0.000, 1.000, 0.000) separation=0.6263557;Ground_Mountain_0_4:(0.000, 1.000, 0.000) separation=0.4121783;Ground_Mountain_0_4:(0.000, 1.000, 0.000) separation=0.6263711;Ground_Mountain_0_4:(0.000, 1.000, 0.000) separation=0.412163;Ground_Mountain_0_4:(0.000, 1.000, 0.000) separation=0.4121775;Ground_Mountain_0_4:(0.000, 1.000, 0.000) separation=0.4124576;Ground_Mountain_0_4:(0.000, 0.960, -0.280) separation=0.2412952;Ground_Mountain_0_4:(0.000, 0.960, -0.280) separation=0.2412952;Ground_Mountain_0_4:(0.000, 0.960, -0.280) separation=0.2412952;"
7.200,849.848,147.615,189.997,31.667,-31.382,-4.514,-0.008,0.170,0.000,0.001,1,3.357,0.474,0.996,"Ground_Mountain_0_4:(0.000, 1.000, 0.000) separation=0.5408853;Ground_Mountain_0_4:(0.000, 1.000, 0.000) separation=0.322159;Ground_Mountain_0_4:(0.000, 1.000, 0.000) separation=0.540895;Ground_Mountain_0_4:(0.000, 1.000, 0.000) separation=0.3221412;Ground_Mountain_0_4:(0.000, 1.000, 0.000) separation=0.3221425;Ground_Mountain_0_4:(0.000, 1.000, 0.000) separation=0.3812996;Ground_Mountain_0_4:(0.000, 0.960, -0.280) separation=0.1549225;Ground_Mountain_0_4:(0.000, 0.960, -0.280) separation=0.1549225;Ground_Mountain_0_4:(0.000, 0.960, -0.280) separation=0.1549225;Ground_Mountain_0_4:(0.000, 0.960, -0.280) separation=0.1549225;Ground_Mountain_0_4:(0.000, 0.960, -0.280) separation=0.3660476;Ground_Mountain_0_4:(0.000, 0.960, -0.280) separation=0.57305;Ground_Mountain_0_4:(0.000, 0.960, -0.280) separation=0.6226701;Ground_Mountain_0_4:(0.000, 0.960, -0.280) separation=0.5634446;"
7.220,849.222,147.534,190.001,31.618,-31.378,-4.070,-0.166,0.167,0.000,0.000,1,4.890,0.409,0.996,"Ground_Mountain_0_4:(-0.094, 0.996, -0.001) separation=0.3515518;Ground_Mountain_0_4:(-0.094, 0.996, -0.001) separation=0.2306568;Ground_Mountain_0_4:(0.000, 0.960, -0.280) separation=0.06812447;Ground_Mountain_0_4:(-0.094, 0.996, -0.001) separation=0.2844487;Ground_Mountain_0_4:(-0.094, 0.996, -0.001) separation=0.2321385;Ground_Mountain_0_4:(0.000, 0.960, -0.280) separation=0.06812447;Ground_Mountain_0_4:(0.000, 1.000, 0.000) separation=0.4519254;Ground_Mountain_0_4:(0.000, 1.000, 0.000) separation=0.2857271;Ground_Mountain_0_4:(0.000, 1.000, 0.000) separation=0.4513651;Ground_Mountain_0_4:(0.000, 1.000, 0.000) separation=0.3500044;Ground_Mountain_0_4:(0.000, 1.000, 0.000) separation=0.3500044;Ground_Mountain_0_4:(0.000, 1.000, 0.000) separation=0.3536901;Ground_Mountain_0_4:(0.000, 0.960, -0.280) separation=0.3360831;Ground_Mountain_0_4:(0.000, 0.960, -0.280) separation=0.5422117;Ground_Mountain_0_4:(0.000, 0.960, -0.280) separation=0.5929236;Ground_Mountain_0_4:(0.000, 0.960, -0.280) separation=0.6364807;Ground_Mountain_0_4:(0.000, 0.960, -0.280) separation=0.4700659;"
7.240,848.612,147.545,189.994,30.576,-30.677,-0.233,-0.710,0.191,0.000,0.005,2,12.289,8.797,0.994,"Ground_Mountain_0_4:(0.000, 1.000, 0.000) separation=0.3474849;Ground_Mountain_0_4:(0.000, 1.000, 0.000) separation=0.1528929;Ground_Mountain_0_4:(0.000, 1.000, 0.000) separation=0.366522;Ground_Mountain_0_4:(0.000, 1.000, 0.000) separation=0.1339866;Ground_Mountain_0_4:(0.000, 1.000, 0.000) separation=0.2438779;Ground_Mountain_0_4:(0.000, 1.000, 0.000) separation=0.309448;Ground_Mountain_0_4:(0.000, 0.960, -0.280) separation=-0.02449906;Ground_Mountain_0_4:(0.000, 0.960, -0.280) separation=-0.02449906;Ground_Mountain_0_4:(0.000, 0.960, -0.280) separation=-0.02449906;Ground_Mountain_0_4:(0.000, 0.960, -0.280) separation=-0.02449906;Ground_Mountain_0_4:(0.000, 0.960, -0.280) separation=-0.02449906;Ground_Mountain_0_4:(0.000, 0.960, -0.280) separation=0.384756;Ground_Mountain_0_4:(0.000, 0.960, -0.280) separation=0.37068;Ground_Mountain_0_4:(0.000, 0.960, -0.280) separation=0.5380198;Ground_Mountain_0_4:(0.000, 0.960, -0.280) separation=0.186009;Ground_Mountain_0_4:(0.000, 0.960, -0.280) separation=0.3101114;Ground_Mountain_0_4:(0.000, 0.960, -0.280) separation=0.3101114;"
7.260,848.005,147.556,189.988,30.702,-30.754,-0.303,-0.605,0.712,0.000,0.017,2,0.551,12.042,0.993,"Ground_Mountain_0_4:(0.000, 1.000, 0.000) separation=0.3300857;Ground_Mountain_0_4:(0.000, 1.000, 0.000) separation=0.1630866;Ground_Mountain_0_4:(0.000, 1.000, 0.000) separation=0.3773978;Ground_Mountain_0_4:(0.000, 1.000, 0.000) separation=0.116748;Ground_Mountain_0_4:(0.000, 1.000, 0.000) separation=0.127307;Ground_Mountain_0_4:(0.000, 1.000, 0.000) separation=0.1654125;Ground_Mountain_0_4:(0.000, 0.960, -0.280) separation=0.1969733;Ground_Mountain_0_4:(0.000, 0.960, -0.280) separation=0.4624605;Ground_Mountain_0_4:(0.000, 0.960, -0.280) separation=0.5143001;Ground_Mountain_0_4:(0.000, 0.960, -0.280) separation=0.6174217;Ground_Mountain_0_4:(0.000, 0.960, -0.280) separation=0.4009609;Ground_Mountain_0_4:(0.000, 0.960, -0.280) separation=-0.03473198;Ground_Mountain_0_4:(0.000, 0.960, -0.280) separation=-0.03473198;Ground_Mountain_0_4:(0.000, 0.960, -0.280) separation=-0.03473198;Ground_Mountain_0_4:(0.000, 0.960, -0.280) separation=-0.03473198;"
7.280,847.393,147.565,189.981,30.740,-30.793,-0.213,-0.560,0.649,0.000,0.027,2,1.150,11.035,0.990,"Ground_Mountain_0_4:(0.000, 1.000, 0.000) separation=0.2962494;Ground_Mountain_0_4:(0.000, 1.000, 0.000) separation=0.1938703;Ground_Mountain_0_4:(0.000, 1.000, 0.000) separation=0.3636327;Ground_Mountain_0_4:(0.000, 1.000, 0.000) separation=0.1287881;Ground_Mountain_0_4:(0.000, 1.000, 0.000) separation=0.162645;Ground_Mountain_0_4:(0.000, 1.000, 0.000) separation=0.2109169;Ground_Mountain_0_4:(0.000, 0.960, -0.280) separation=-0.01790154;Ground_Mountain_0_4:(0.000, 0.960, -0.280) separation=-0.01790154;Ground_Mountain_0_4:(0.000, 0.960, -0.280) separation=-0.01790154;Ground_Mountain_0_4:(0.000, 0.960, -0.280) separation=-0.01790154;Ground_Mountain_0_4:(0.000, 0.960, -0.280) separation=0.2546646;Ground_Mountain_0_4:(0.000, 0.960, -0.280) separation=0.5495824;Ground_Mountain_0_4:(0.000, 0.960, -0.280) separation=0.5883812;Ground_Mountain_0_4:(0.000, 0.960, -0.280) separation=0.6284206;Ground_Mountain_0_4:(0.000, 0.960, -0.280) separation=0.3898129;"
7.300,846.779,147.575,189.975,30.779,-30.834,-0.160,-0.520,0.630,0.000,0.027,2,0.878,10.060,0.988,"Ground_Mountain_0_4:(0.000, 1.000, 0.000) separation=0.2844844;Ground_Mountain_0_4:(0.000, 1.000, 0.000) separation=0.2051648;Ground_Mountain_0_4:(0.000, 1.000, 0.000) separation=0.3672315;Ground_Mountain_0_4:(0.000, 1.000, 0.000) separation=0.1251664;Ground_Mountain_0_4:(0.000, 1.000, 0.000) separation=0.1995349;Ground_Mountain_0_4:(0.000, 1.000, 0.000) separation=0.2448683;Ground_Mountain_0_4:(0.000, 0.960, -0.280) separation=0.3966275;Ground_Mountain_0_4:(0.000, 0.960, -0.280) separation=0.5076953;Ground_Mountain_0_4:(0.000, 0.960, -0.280) separation=0.654322;Ground_Mountain_0_4:(0.000, 0.960, -0.280) separation=0.3286982;Ground_Mountain_0_4:(0.000, 0.960, -0.280) separation=0.2968335;Ground_Mountain_0_4:(0.000, 0.960, -0.280) separation=0.5320627;Ground_Mountain_0_4:(0.000, 0.960, -0.280) separation=-0.01783383;Ground_Mountain_0_4:(0.000, 0.960, -0.280) separation=-0.01783383;Ground_Mountain_0_4:(0.000, 0.960, -0.280) separation=-0.01783383;Ground_Mountain_0_4:(0.000, 0.960, -0.280) separation=-0.01783383;Ground_Mountain_0_4:(0.000, 0.960, -0.280) separation=-0.01783383;"
7.320,846.166,147.576,189.968,30.872,-30.902,-0.269,-0.481,0.611,0.000,0.026,2,0.704,9.116,0.986,"Ground_Mountain_0_4:(0.000, 1.000, 0.000) separation=0.2808016;Ground_Mountain_0_4:(0.000, 1.000, 0.000) separation=0.2139188;Ground_Mountain_0_4:(0.000, 1.000, 0.000) separation=0.3746891;Ground_Mountain_0_4:(0.000, 1.000, 0.000) separation=0.1230734;Ground_Mountain_0_4:(0.000, 1.000, 0.000) separation=0.1482454;Ground_Mountain_0_4:(0.000, 1.000, 0.000) separation=0.1610806;Ground_Mountain_0_4:(0.000, 0.960, -0.280) separation=-0.01655281;Ground_Mountain_0_4:(0.000, 0.960, -0.280) separation=-0.01655281;Ground_Mountain_0_4:(0.000, 0.960, -0.280) separation=-0.01655281;Ground_Mountain_0_4:(0.000, 0.960, -0.280) separation=-0.01655281;Ground_Mountain_0_4:(0.000, 0.960, -0.280) separation=0.2152306;Ground_Mountain_0_4:(0.000, 0.960, -0.280) separation=0.5960265;Ground_Mountain_0_4:(0.000, 0.960, -0.280) separation=0.4070622;Ground_Mountain_0_4:(0.000, 0.960, -0.280) separation=0.2152307;Ground_Mountain_0_4:(0.000, 0.960, -0.280) separation=0.5578104;Ground_Mountain_0_4:(0.000, 0.960, -0.280) separation=0.5960265;"
7.340,845.550,147.579,189.960,30.902,-30.927,-0.187,-0.496,0.564,0.000,0.029,2,1.579,8.224,0.985,"Ground_Mountain_0_4:(0.000, 1.000, 0.000) separation=0.2567167;Ground_Mountain_0_4:(0.000, 1.000, 0.000) separation=0.2257743;Ground_Mountain_0_4:(0.000, 1.000, 0.000) separation=0.3594442;Ground_Mountain_0_4:(0.000, 1.000, 0.000) separation=0.1267246;Ground_Mountain_0_4:(0.000, 1.000, 0.000) separation=0.1466313;Ground_Mountain_0_4:(0.000, 1.000, 0.000) separation=0.1817413;Ground_Mountain_0_4:(0.000, 0.960, -0.280) separation=-0.009613693;Ground_Mountain_0_4:(0.000, 0.960, -0.280) separation=-0.009613693;Ground_Mountain_0_4:(0.000, 0.960, -0.280) separation=-0.009613693;Ground_Mountain_0_4:(0.000, 0.960, -0.280) separation=0.251564;Ground_Mountain_0_4:(0.000, 0.960, -0.280) separation=0.6123966;Ground_Mountain_0_4:(0.000, 0.960, -0.280) separation=0.6429515;Ground_Mountain_0_4:(0.000, 0.960, -0.280) separation=0.3924111;"
7.360,844.932,147.578,189.952,30.931,-30.957,-0.141,-0.501,0.549,0.000,0.030,2,1.690,7.333,0.983,"Ground_Mountain_0_4:(0.000, 1.000, 0.000) separation=0.244269;Ground_Mountain_0_4:(0.000, 1.000, 0.000) separation=0.2337728;Ground_Mountain_0_4:(0.000, 1.000, 0.000) separation=0.352738;Ground_Mountain_0_4:(0.000, 1.000, 0.000) separation=0.1293042;Ground_Mountain_0_4:(0.000, 1.000, 0.000) separation=0.1774752;Ground_Mountain_0_4:(0.000, 1.000, 0.000) separation=0.2082032;Ground_Mountain_0_4:(0.000, 0.960, -0.280) separation=-0.003791571;Ground_Mountain_0_4:(0.000, 0.960, -0.280) separation=-0.003791571;Ground_Mountain_0_4:(0.000, 0.960, -0.280) separation=-0.003791571;Ground_Mountain_0_4:(0.000, 0.960, -0.280) separation=0.279115;Ground_Mountain_0_4:(0.000, 0.960, -0.280) separation=0.6548697;Ground_Mountain_0_4:(0.000, 0.960, -0.280) separation=0.3865094;Ground_Mountain_0_4:(0.000, 0.960, -0.280) separation=0.5837877;Ground_Mountain_0_4:(0.000, 0.960, -0.280) separation=0.4536861;Ground_Mountain_0_4:(0.000, 0.960, -0.280) separation=0.594902;"
7.380,844.329,147.598,189.937,30.761,-30.761,0.632,-0.721,0.534,0.000,0.027,2,1.361,6.485,0.984,"Ground_Mountain_0_4:(0.035, 0.999, 0.000) separation=0.2376716;Ground_Mountain_0_4:(0.035, 0.999, 0.000) separation=0.2153666;Ground_Mountain_0_4:(0.035, 0.999, 0.000) separation=0.3493438;Ground_Mountain_0_4:(0.035, 0.999, 0.000) separation=0.1076023;Ground_Mountain_0_4:(0.035, 0.999, 0.000) separation=0.1351379;Ground_Mountain_0_4:(0.035, 0.999, 0.000) separation=0.1359467;Ground_Mountain_0_4:(0.068, 0.958, -0.279) separation=-0.02190453;Ground_Mountain_0_4:(0.068, 0.958, -0.279) separation=-0.02190453;Ground_Mountain_0_4:(0.068, 0.958, -0.279) separation=-0.02190453;Ground_Mountain_0_4:(0.000, 0.960, -0.280) separation=0.3838044;Ground_Mountain_0_4:(0.000, 0.960, -0.280) separation=0.6024959;Ground_Mountain_0_4:(0.000, 0.960, -0.280) separation=0.6304864;Ground_Mountain_0_4:(0.000, 0.960, -0.280) separation=0.2143416;Ground_Mountain_0_4:(0.000, 0.960, -0.280) separation=0.3022572;Ground_Mountain_0_4:(0.000, 0.960, -0.280) separation=0.4452072;"
7.400,843.724,147.624,189.918,30.648,-30.615,1.302,-0.935,0.620,0.000,0.055,2,2.877,9.053,0.984,"Ground_Mountain_0_4:(0.047, 0.999, 0.000) separation=0.2104987;Ground_Mountain_0_4:(0.047, 0.999, 0.000) separation=0.22988;Ground_Mountain_0_4:(0.047, 0.999, 0.000) separation=0.3235202;Ground_Mountain_0_4:(0.047, 0.999, 0.000) separation=0.1245155;Ground_Mountain_0_4:(0.047, 0.999, 0.000) separation=0.1474244;Ground_Mountain_0_4:(0.047, 0.999, 0.000) separation=0.1474245;Ground_Mountain_0_4:(0.068, 0.958, -0.279) separation=0.002522051;Ground_Mountain_0_4:(0.068, 0.958, -0.279) separation=0.002522051;Ground_Mountain_0_4:(0.068, 0.958, -0.279) separation=0.002522051;Ground_Mountain_0_4:(0.000, 0.960, -0.280) separation=0.2661532;Ground_Mountain_0_4:(0.000, 0.960, -0.280) separation=0.6680021;Ground_Mountain_0_4:(0.000, 0.960, -0.280) separation=0.6710694;Ground_Mountain_0_4:(0.000, 0.960, -0.280) separation=0.6753842;Ground_Mountain_0_4:(0.000, 0.960, -0.280) separation=0.355821;"
7.420,843.117,147.648,189.899,30.736,-30.700,1.193,-0.915,0.676,0.000,0.078,2,3.197,9.434,0.983,"Ground_Mountain_0_4:(0.047, 0.999, 0.000) separation=0.2016223;Ground_Mountain_0_4:(0.047, 0.999, 0.000) separation=0.2420363;Ground_Mountain_0_4:(0.047, 0.999, 0.000) separation=0.3129014;Ground_Mountain_0_4:(0.047, 0.999, 0.000) separation=0.1414102;Ground_Mountain_0_4:(0.047, 0.999, 0.000) separation=0.1887587;Ground_Mountain_0_4:(0.047, 0.999, 0.000) separation=0.1887587;Ground_Mountain_0_4:(0.068, 0.958, -0.279) separation=0.02682942;Ground_Mountain_0_4:(0.068, 0.958, -0.279) separation=0.02682942;Ground_Mountain_0_4:(0.068, 0.958, -0.279) separation=0.02682942;Ground_Mountain_0_4:(0.000, 0.960, -0.280) separation=0.0663923;Ground_Mountain_0_4:(0.000, 0.960, -0.280) separation=0.286495;Ground_Mountain_0_4:(0.000, 0.960, -0.280) separation=0.6765973;Ground_Mountain_0_4:(0.113, 0.965, -0.237) separation=0.6222283;Ground_Mountain_0_4:(0.113, 0.965, -0.237) separation=0.5176587;Ground_Mountain_0_4:(0.113, 0.965, -0.237) separation=0.6416914;"
7.440,842.507,147.670,189.880,30.800,-30.779,1.115,-0.912,0.632,0.000,0.092,2,5.676,7.603,0.983,"Ground_Mountain_0_4:(0.086, 0.996, 0.000) separation=0.1981821;Ground_Mountain_0_4:(0.086, 0.996, 0.000) separation=0.2397296;Ground_Mountain_0_4:(0.086, 0.996, 0.000) separation=0.305528;Ground_Mountain_0_4:(0.086, 0.996, 0.000) separation=0.1437028;Ground_Mountain_0_4:(0.086, 0.996, 0.000) separation=0.1551879;Ground_Mountain_0_4:(0.086, 0.996, 0.000) separation=0.1559706;Ground_Mountain_0_4:(0.086, 0.961, -0.263) separation=0.2205854;Ground_Mountain_0_4:(0.086, 0.961, -0.263) separation=0.615741;Ground_Mountain_0_4:(0.086, 0.961, -0.263) separation=0.6608085;Ground_Mountain_0_4:(0.086, 0.961, -0.263) separation=0.6586287;Ground_Mountain_0_4:(0.086, 0.961, -0.263) separation=0.278218;Ground_Mountain_0_4:(0.000, 0.960, -0.280) separation=0.6658123;Ground_Mountain_0_4:(0.000, 0.960, -0.280) separation=0.2780648;Ground_Mountain_0_4:(0.000, 0.960, -0.280) separation=0.4866803;Ground_Mountain_0_4:(0.000, 0.960, -0.280) separation=0.06666964;Ground_Mountain_0_4:(0.143, 0.961, -0.236) separation=0.06060636;Ground_Mountain_0_4:(0.143, 0.961, -0.236) separation=0.06060636;Ground_Mountain_0_4:(0.143, 0.961, -0.236) separation=0.06060636;Ground_Mountain_0_4:(0.143, 0.961, -0.236) separation=0.06060636;Ground_Mountain_0_4:(0.000, 0.960, -0.280) separation=0.06666964;"
7.460,841.907,147.716,189.849,30.508,-30.399,2.283,-1.378,0.600,0.000,0.098,2,9.299,5.847,0.983,"Ground_Mountain_0_4:(0.109, 0.994, 0.000) separation=0.1728856;Ground_Mountain_0_4:(0.109, 0.994, 0.000) separation=0.1929942;Ground_Mountain_0_4:(0.109, 0.994, 0.000) separation=0.2758443;Ground_Mountain_0_4:(0.109, 0.994, 0.000) separation=0.1028233;Ground_Mountain_0_4:(0.109, 0.994, 0.000) separation=0.1207836;Ground_Mountain_0_4:(0.109, 0.994, 0.000) separation=0.1633287;Ground_Mountain_0_4:(0.143, 0.961, -0.236) separation=0.02567708;Ground_Mountain_0_4:(0.143, 0.961, -0.236) separation=0.02567708;Ground_Mountain_0_4:(0.143, 0.961, -0.236) separation=0.02567708;Ground_Mountain_0_4:(0.083, 0.961, -0.265) separation=0.2267447;Ground_Mountain_0_4:(0.083, 0.961, -0.265) separation=0.6168315;Ground_Mountain_0_4:(0.083, 0.961, -0.265) separation=0.6469872;Ground_Mountain_0_4:(0.083, 0.961, -0.265) separation=0.642452;Ground_Mountain_0_4:(0.083, 0.961, -0.265) separation=0.3027815;Ground_Mountain_0_4:(0.083, 0.961, -0.265) separation=0.64596;"
7.480,841.307,147.770,189.813,30.459,-30.314,2.702,-1.543,0.746,0.000,0.122,2,7.973,9.283,0.983,"Ground_Mountain_0_4:(0.109, 0.994, 0.000) separation=0.1479056;Ground_Mountain_0_4:(0.109, 0.994, 0.000) separation=0.1825895;Ground_Mountain_0_4:(0.109, 0.994, 0.000) separation=0.2397872;Ground_Mountain_0_4:(0.109, 0.994, 0.000) separation=0.1050185;Ground_Mountain_0_4:(0.109, 0.994, 0.000) separation=0.1480568;Ground_Mountain_0_4:(0.109, 0.994, 0.000) separation=0.1739497;Ground_Mountain_0_4:(0.113, 0.965, -0.237) separation=0.2357729;Ground_Mountain_0_4:(0.113, 0.965, -0.237) separation=0.6102684;Ground_Mountain_0_4:(0.113, 0.965, -0.237) separation=0.6167161;Ground_Mountain_0_4:(0.068, 0.958, -0.279) separation=0.02839965;Ground_Mountain_0_4:(0.143, 0.961, -0.236) separation=0.03663164;Ground_Mountain_0_4:(0.068, 0.958, -0.279) separation=0.02839965;Ground_Mountain_0_4:(0.143, 0.961, -0.236) separation=0.03663164;Ground_Mountain_0_4:(0.143, 0.961, -0.236) separation=0.03663164;Ground_Mountain_0_4:(0.068, 0.958, -0.279) separation=0.02839965;Ground_Mountain_0_4:(0.239, 0.961, -0.140) separation=0.5379082;Ground_Mountain_0_4:(0.239, 0.961, -0.140) separation=0.4571745;Ground_Mountain_0_4:(0.239, 0.961, -0.140) separation=0.5729699;"
7.500,840.705,147.825,189.779,30.522,-30.392,2.762,-1.513,0.770,0.000,0.139,2,8.650,7.155,0.983,"Ground_Mountain_0_4:(0.122, 0.993, 0.000) separation=0.1453429;Ground_Mountain_0_4:(0.122, 0.993, 0.000) separation=0.1716289;Ground_Mountain_0_4:(0.122, 0.993, 0.000) separation=0.2236711;Ground_Mountain_0_4:(0.122, 0.993, 0.000) separation=0.1073784;Ground_Mountain_0_4:(0.122, 0.993, 0.000) separation=0.1492988;Ground_Mountain_0_4:(0.122, 0.993, 0.000) separation=0.1639003;Ground_Mountain_0_4:(0.239, 0.961, -0.140) separation=0.464405;Ground_Mountain_0_4:(0.239, 0.961, -0.140) separation=0.1984987;Ground_Mountain_0_4:(0.239, 0.961, -0.140) separation=0.5653144;Ground_Mountain_0_4:(0.113, 0.965, -0.237) separation=0.5722554;Ground_Mountain_0_4:(0.113, 0.965, -0.237) separation=0.2208052;Ground_Mountain_0_4:(0.113, 0.965, -0.237) separation=0.5781947;Ground_Mountain_0_4:(0.113, 0.965, -0.237) separation=0.4318048;Ground_Mountain_0_4:(0.068, 0.958, -0.279) separation=0.03280938;Ground_Mountain_0_4:(0.143, 0.961, -0.236) separation=0.04762673;Ground_Mountain_0_4:(0.143, 0.961, -0.236) separation=0.04762673;Ground_Mountain_0_4:(0.143, 0.961, -0.236) separation=0.04762673;Ground_Mountain_0_4:(0.143, 0.961, -0.236) separation=0.04762673;Ground_Mountain_0_4:(0.068, 0.958, -0.279) separation=0.03280938;"
7.520,840.100,147.881,189.744,30.573,-30.464,2.805,-1.471,0.739,0.000,0.145,2,11.389,5.618,0.983,"Ground_Mountain_0_4:(0.141, 0.990, 0.000) separation=0.1309074;Ground_Mountain_0_4:(0.141, 0.990, 0.000) separation=0.1637377;Ground_Mountain_0_4:(0.141, 0.990, 0.000) separation=0.1983468;Ground_Mountain_0_4:(0.141, 0.990, 0.000) separation=0.1109106;Ground_Mountain_0_4:(0.141, 0.990, 0.000) separation=0.1110273;Ground_Mountain_0_4:(0.141, 0.990, 0.000) separation=0.1113664;Ground_Mountain_0_4:(0.239, 0.961, -0.140) separation=0.1590436;Ground_Mountain_0_4:(0.239, 0.961, -0.140) separation=0.4410272;Ground_Mountain_0_4:(0.239, 0.961, -0.140) separation=0.5321506;Ground_Mountain_0_4:(0.136, 0.980, -0.143) separation=0.08597654;Ground_Mountain_0_4:(0.136, 0.980, -0.143) separation=0.08597654;Ground_Mountain_0_4:(0.136, 0.980, -0.143) separation=0.08597654;Ground_Mountain_0_4:(0.136, 0.980, -0.143) separation=0.08597654;Ground_Mountain_0_4:(0.143, 0.961, -0.236) separation=0.5267721;Ground_Mountain_0_4:(0.143, 0.961, -0.236) separation=0.1549617;Ground_Mountain_0_4:(0.143, 0.961, -0.236) separation=0.5272635;Ground_Mountain_0_4:(0.143, 0.961, -0.236) separation=0.2108341;"
7.540,839.493,147.939,189.711,30.617,-30.522,2.890,-1.419,0.713,0.000,0.141,2,13.534,5.564,0.983,"Ground_Mountain_0_4:(0.142, 0.990, 0.000) separation=0.09266446;Ground_Mountain_0_4:(0.142, 0.990, 0.000) separation=0.1559863;Ground_Mountain_0_4:(0.142, 0.990, 0.000) separation=0.1469234;Ground_Mountain_0_4:(0.142, 0.990, 0.000) separation=0.1134923;Ground_Mountain_0_4:(0.142, 0.990, 0.000) separation=0.09716323;Ground_Mountain_0_4:(0.142, 0.990, 0.000) separation=0.1030127;Ground_Mountain_0_4:(0.239, 0.961, -0.140) separation=0.1394571;Ground_Mountain_0_4:(0.239, 0.961, -0.140) separation=0.4008936;Ground_Mountain_0_4:(0.239, 0.961, -0.140) separation=0.4800202;Ground_Mountain_0_4:(0.136, 0.980, -0.143) separation=0.1400225;Ground_Mountain_0_4:(0.136, 0.980, -0.143) separation=0.3995152;Ground_Mountain_0_4:(0.136, 0.980, -0.143) separation=0.391965;Ground_Mountain_0_4:(0.136, 0.980, -0.143) separation=0.419946;Ground_Mountain_0_4:(0.136, 0.980, -0.143) separation=0.1601802;Ground_Mountain_0_4:(0.232, 0.972, -0.044) separation=0.4072126;Ground_Mountain_0_4:(0.232, 0.972, -0.044) separation=0.375783;Ground_Mountain_0_4:(0.232, 0.972, -0.044) separation=0.4223713;Ground_Mountain_0_4:(0.143, 0.961, -0.236) separation=0.4719714;Ground_Mountain_0_4:(0.143, 0.961, -0.236) separation=0.1359241;Ground_Mountain_0_4:(0.143, 0.961, -0.236) separation=0.4768307;Ground_Mountain_0_4:(0.143, 0.961, -0.236) separation=0.1554404;"
7.560,838.884,148.014,189.680,30.605,-30.368,3.721,-1.328,0.691,0.000,0.130,4,27.296,4.327,0.985,"Ground_Mountain_0_4:(0.142, 0.990, 0.000) separation=0.0604378;Ground_Mountain_0_4:(0.142, 0.990, 0.000) separation=0.1485263;Ground_Mountain_0_4:(0.142, 0.990, 0.000) separation=0.1016547;Ground_Mountain_0_4:(0.142, 0.990, 0.000) separation=0.1157315;Ground_Mountain_0_4:(0.142, 0.990, 0.000) separation=0.06944153;Ground_Mountain_0_4:(0.142, 0.990, 0.000) separation=0.08032513;Ground_Mountain_0_4:(0.239, 0.961, -0.140) separation=0.3874779;Ground_Mountain_0_4:(0.239, 0.961, -0.140) separation=0.1051308;Ground_Mountain_0_4:(0.239, 0.961, -0.140) separation=0.3450854;Ground_Mountain_0_4:(0.239, 0.961, -0.140) separation=0.2952361;Ground_Mountain_0_4:(0.136, 0.980, -0.143) separation=0.1054087;Ground_Mountain_0_4:(0.136, 0.980, -0.143) separation=0.344303;Ground_Mountain_0_4:(0.136, 0.980, -0.143) separation=0.2142121;Ground_Mountain_0_4:(0.136, 0.980, -0.143) separation=0.3758554;Ground_Mountain_0_4:(0.136, 0.980, -0.143) separation=0.1520599;Ground_Mountain_0_4:(0.232, 0.972, -0.044) separation=0.3219067;Ground_Mountain_0_4:(0.232, 0.972, -0.044) separation=0.2062835;Ground_Mountain_0_4:(0.232, 0.972, -0.044) separation=0.3772118;Ground_Mountain_0_4:(0.143, 0.961, -0.236) separation=-0.0009126663;Ground_Mountain_0_4:(0.143, 0.961, -0.236) separation=-0.0009126663;Ground_Mountain_0_4:(0.143, 0.961, -0.236) separation=-0.0009126663;"
7.580,838.274,148.094,189.653,30.671,-30.404,3.943,-1.194,0.697,0.000,0.109,4,20.293,2.593,0.987,"Ground_Mountain_0_4:(0.140, 0.990, 0.013) separation=0.06508646;Ground_Mountain_0_4:(0.140, 0.990, 0.013) separation=0.1251537;Ground_Mountain_0_4:(0.140, 0.990, 0.013) separation=0.3166411;Ground_Mountain_0_4:(0.140, 0.990, 0.013) separation=0.09754798;Ground_Mountain_0_4:(0.140, 0.990, 0.013) separation=0.07117993;Ground_Mountain_0_4:(0.140, 0.990, 0.013) separation=0.09607649;Ground_Mountain_0_4:(0.051, 0.998, -0.023) separation=0.09805188;Ground_Mountain_0_4:(0.051, 0.998, -0.023) separation=0.2944678;Ground_Mountain_0_4:(0.051, 0.998, -0.023) separation=0.2627505;Ground_Mountain_0_4:(0.051, 0.998, -0.023) separation=0.1347144;Ground_Mountain_0_4:(0.051, 0.998, -0.023) separation=0.1239545;Ground_Mountain_0_4:(0.051, 0.998, -0.023) separation=0.1245357;Ground_Mountain_0_4:(0.232, 0.972, -0.044) separation=0.124175;Ground_Mountain_0_4:(0.232, 0.972, -0.044) separation=0.2621489;Ground_Mountain_0_4:(0.232, 0.972, -0.044) separation=0.3468313;"
7.600,837.664,148.175,189.629,30.728,-30.450,4.068,-1.038,0.665,0.000,0.085,4,15.549,1.323,0.989,"Ground_Mountain_0_4:(0.141, 0.989, 0.034) separation=0.1126963;Ground_Mountain_0_4:(0.141, 0.989, 0.034) separation=0.3172318;Ground_Mountain_0_4:(0.141, 0.989, 0.034) separation=0.3352607;Ground_Mountain_0_4:(0.141, 0.989, 0.034) separation=0.1017001;Ground_Mountain_0_4:(0.141, 0.989, 0.034) separation=0.07622655;Ground_Mountain_0_4:(0.141, 0.989, 0.034) separation=0.08926627;Ground_Mountain_0_4:(0.059, 0.998, -0.015) separation=0.08967355;Ground_Mountain_0_4:(0.059, 0.998, -0.015) separation=0.3253383;Ground_Mountain_0_4:(0.059, 0.998, -0.015) separation=0.2373143;Ground_Mountain_0_4:(0.059, 0.998, -0.015) separation=0.1818963;Ground_Mountain_0_4:(0.059, 0.998, -0.015) separation=0.1117344;Ground_Mountain_0_4:(0.059, 0.998, -0.015) separation=0.1121971;Ground_Mountain_0_4:(0.232, 0.972, -0.044) separation=0.1118103;Ground_Mountain_0_4:(0.232, 0.972, -0.044) separation=0.2370906;Ground_Mountain_0_4:(0.232, 0.972, -0.044) separation=0.331079;"
7.620,837.052,148.259,189.609,30.779,-30.500,4.136,-0.859,0.636,0.000,0.061,4,12.691,2.599,0.990,"Ground_Mountain_0_4:(0.138, 0.990, 0.022) separation=0.1101323;Ground_Mountain_0_4:(0.138, 0.990, 0.022) separation=0.2593935;Ground_Mountain_0_4:(0.138, 0.990, 0.022) separation=0.107963;Ground_Mountain_0_4:(0.138, 0.990, 0.022) separation=0.08875623;Ground_Mountain_0_4:(0.138, 0.990, 0.022) separation=0.09149295;Ground_Mountain_0_4:(0.059, 0.998, -0.015) separation=0.09186327;Ground_Mountain_0_4:(0.059, 0.998, -0.015) separation=0.3322759;Ground_Mountain_0_4:(0.059, 0.998, -0.015) separation=0.2225485;Ground_Mountain_0_4:(0.059, 0.998, -0.015) separation=0.2328827;Ground_Mountain_0_4:(0.059, 0.998, -0.015) separation=0.1093015;Ground_Mountain_0_4:(0.059, 0.998, -0.015) separation=0.1096932;Ground_Mountain_0_4:(0.232, 0.972, -0.044) separation=0.2926274;Ground_Mountain_0_4:(0.232, 0.972, -0.044) separation=0.1092709;Ground_Mountain_0_4:(0.232, 0.972, -0.044) separation=0.2225988;Ground_Mountain_0_4:(0.232, 0.972, -0.044) separation=0.2572139;"
